symbol,date,open,high,low,close,volume
20MICRONS,2026-09-29,212.16,216.45,209.02,212.8,54062
20MICRONS,2026-09-30,211.29,221.8,211.29,214.59,76779
20MICRONS,2026-10-01,213.0,214.7,203.35,207.26,92549
20MICRONS,2026-10-05,206.0,212.24,202.01,204.61,80913
20MICRONS,2026-10-06,204.61,208.8,204.13,207.87,42040
21STCENMGM,2026-09-29,39.64,39.64,38.85,39.37,2715
21STCENMGM,2026-09-30,40.0,40.0,38.59,38.67,901
21STCENMGM,2026-10-01,37.9,39.25,37.9,38.0,4636
21STCENMGM,2026-10-05,38.49,38.5,37.24,37.61,5247
21STCENMGM,2026-10-06,37.98,38.36,37.24,38.36,4200
360ONE,2026-09-30,1029.2,1047.0,1029.0,1030.0,1348986
360ONE,2026-10-01,1027.9,1043.0,1008.0,1040.0,1213803
360ONE,2026-10-02,1040.0,1040.0,1040.0,1040.0,0
360ONE,2026-10-05,1033.6,1059.6,1033.3,1050.0,564932
360ONE,2026-10-06,1057.8,1074.5,1050.0,1069.5,734690
3BBLACKBIO,2026-09-29,1575.1,1635.0,1532.9,1622.7,31539
3BBLACKBIO,2026-09-30,1615.1,1740.0,1610.5,1710.4,67737
3BBLACKBIO,2026-10-01,1690.2,1734.0,1617.9,1646.8,27802
3BBLACKBIO,2026-10-05,1646.9,1734.0,1609.6,1624.7,14040
3BBLACKBIO,2026-10-06,1644.9,1656.4,1563.5,1575.1,13614
3IINFOLTD,2026-09-29,23.56,23.83,22.8,23.36,166913
3IINFOLTD,2026-09-30,23.35,23.6,22.4,22.52,173804
3IINFOLTD,2026-10-01,22.52,22.91,22.12,22.45,285733
3IINFOLTD,2026-10-05,22.4,22.9,22.16,22.62,297520
3IINFOLTD,2026-10-06,22.95,23.1,22.51,22.81,64288
3MINDIA,2026-09-29,33200.0,33400.0,31600.0,31890.0,29335
3MINDIA,2026-09-30,31890.0,32695.0,31890.0,32160.0,3548
3MINDIA,2026-10-01,31920.0,31920.0,30550.0,30795.0,6078
3MINDIA,2026-10-05,30825.0,31170.0,30220.0,30400.0,2411
3MINDIA,2026-10-06,30800.0,30950.0,30435.0,30840.0,1680
3PLAND,2026-09-29,32.48,32.48,30.05,31.87,294
3PLAND,2026-09-30,32.0,32.0,30.9,31.01,1104
3PLAND,2026-10-01,32.7,32.7,29.75,31.12,8529
3PLAND,2026-10-05,30.51,31.72,30.11,30.48,2359
3PLAND,2026-10-06,30.78,31.0,30.11,30.75,365
5PAISA,2026-09-30,304.05,309.7,302.35,305.2,19885
5PAISA,2026-10-01,305.2,321.85,299.0,316.35,104625
5PAISA,2026-10-02,316.35,316.35,316.35,316.35,0
5PAISA,2026-10-05,321.85,379.6,320.9,360.9,2189848
5PAISA,2026-10-06,358.1,358.1,346.65,349.7,136024
63MOONS,2026-09-29,818.8,827.4,803.95,810.8,195169
63MOONS,2026-09-30,809.95,839.0,807.65,811.05,138349
63MOONS,2026-10-01,811.25,825.0,787.0,802.25,207253
63MOONS,2026-10-05,805.35,821.0,785.0,789.75,141052
63MOONS,2026-10-06,787.0,796.0,786.05,792.95,86173
A2ZINFRA,2026-09-30,14.5,15.15,14.36,14.93,277855
A2ZINFRA,2026-10-01,14.53,15.15,14.19,14.38,378693
A2ZINFRA,2026-10-02,14.38,14.38,14.38,14.38,0
A2ZINFRA,2026-10-05,14.4,14.88,13.67,13.76,295238
A2ZINFRA,2026-10-06,13.87,14.19,13.45,14.0,315696
AAATECH,2026-09-29,99.4,100.7,97.06,99.94,304150
AAATECH,2026-09-30,99.95,103.57,91.56,94.73,72253
AAATECH,2026-10-01,94.83,96.48,91.45,92.74,20399
AAATECH,2026-10-05,96.0,103.8,93.2,95.44,196936
AAATECH,2026-10-06,95.0,107.9,94.96,103.53,424175
AADHARHFC,2026-09-29,435.1,443.95,427.3,432.5,376339
AADHARHFC,2026-09-30,432.5,438.0,427.55,436.0,338639
AADHARHFC,2026-10-01,438.0,452.7,432.05,448.4,620361
AADHARHFC,2026-10-05,450.95,455.7,449.05,453.7,255416
AADHARHFC,2026-10-06,454.85,459.0,451.6,453.8,259476
AAKASH,2026-09-29,8.62,8.99,8.51,8.59,56400
AAKASH,2026-09-30,8.79,8.79,8.3,8.44,71888
AAKASH,2026-10-01,8.74,8.74,8.3,8.34,120731
AAKASH,2026-10-05,8.4,8.8,8.25,8.44,73690
AAKASH,2026-10-06,8.4,8.6,6.86,8.21,248778
AAREYDRUGS,2026-09-29,99.53,101.69,97.24,99.92,131399
AAREYDRUGS,2026-09-30,100.18,103.69,99.22,102.72,392668
AAREYDRUGS,2026-10-01,104.3,107.85,102.49,103.85,449714
AAREYDRUGS,2026-10-05,104.02,106.51,100.5,104.07,234591
AAREYDRUGS,2026-10-06,104.0,108.98,101.01,107.85,183305
AARNAV,2026-09-29,34.25,35.94,34.0,35.16,18763
AARNAV,2026-09-30,34.0,36.49,34.0,36.0,22618
AARNAV,2026-10-01,35.99,36.0,34.66,35.5,13310
AARNAV,2026-10-05,35.5,37.0,34.5,36.49,36944
AARNAV,2026-10-06,36.23,38.0,35.01,37.31,47378
AARON,2026-09-29,122.0,124.0,119.15,122.01,6277
AARON,2026-09-30,122.01,126.0,122.01,124.68,13823
AARON,2026-10-01,125.0,125.0,120.42,123.11,7589
AARON,2026-10-05,122.5,125.0,120.85,122.25,4568
AARON,2026-10-06,123.63,125.49,122.0,122.31,5775
AARTECH,2026-09-29,51.0,51.0,50.01,50.01,27571
AARTECH,2026-09-30,50.01,51.79,50.01,50.14,12880
AARTECH,2026-10-01,50.48,50.48,47.64,47.92,57601
AARTECH,2026-10-05,48.13,48.13,47.1,47.3,30889
AARTECH,2026-10-06,47.49,47.85,46.0,47.33,36404
AARTIDRUGS,2026-09-29,427.5,444.0,422.05,428.6,570194
AARTIDRUGS,2026-09-30,429.8,439.0,429.6,430.9,145119
AARTIDRUGS,2026-10-01,431.05,431.05,414.3,421.0,171972
AARTIDRUGS,2026-10-05,424.9,425.35,413.6,415.0,123549
AARTIDRUGS,2026-10-06,421.15,430.25,414.1,428.8,132800
AARTIIND,2026-09-29,475.0,482.9,468.0,469.9,392844
AARTIIND,2026-09-30,472.0,489.95,471.4,475.7,723013
AARTIIND,2026-10-01,475.7,480.0,459.75,465.1,486186
AARTIIND,2026-10-05,469.0,475.8,459.55,470.85,561260
AARTIIND,2026-10-06,475.0,490.0,471.0,481.15,755375
AARTIPHARM,2026-09-30,983.5,1002.4,943.0,953.75,951362
AARTIPHARM,2026-10-01,953.0,984.85,921.75,968.5,658749
AARTIPHARM,2026-10-02,968.5,968.5,968.5,968.5,0
AARTIPHARM,2026-10-05,981.0,991.8,940.55,946.6,629798
AARTIPHARM,2026-10-06,954.0,987.0,954.0,975.0,537273
AARTISURF,2026-09-29,492.0,498.9,475.2,489.2,12901
AARTISURF,2026-09-30,487.75,504.05,485.0,493.2,10560
AARTISURF,2026-10-01,499.95,506.85,485.0,498.5,8753
AARTISURF,2026-10-05,499.95,505.0,492.0,493.0,4398
AARTISURF,2026-10-06,493.0,509.9,488.0,505.45,7452
AARVI,2026-09-29,135.0,138.0,135.0,136.21,8359
AARVI,2026-09-30,135.1,138.0,135.1,136.83,2281
AARVI,2026-10-01,136.83,137.68,130.0,137.12,18690
AARVI,2026-10-05,136.51,138.0,133.52,135.18,8409
AARVI,2026-10-06,135.18,139.58,135.1,138.82,1895
AASTHA,2026-09-30,36.61,36.9,33.96,34.15,1212077
AASTHA,2026-10-01,33.85,33.85,32.45,32.45,583887
AASTHA,2026-10-02,32.45,32.45,32.45,32.45,0
AASTHA,2026-10-05,31.7,32.53,30.83,30.83,563310
AASTHA,2026-10-06,29.81,30.74,29.29,29.54,960630
AATMAJ,2026-09-29,20.45,20.45,20.45,20.45,4000
AATMAJ,2026-09-30,20.45,22.75,20.0,20.0,28000
AATMAJ,2026-10-01,20.0,20.0,20.0,20.0,0
AATMAJ,2026-10-02,20.0,20.0,20.0,20.0,0
AATMAJ,2026-10-05,20.25,23.05,20.25,21.95,34000
AAVAS,2026-09-29,1277.1,1282.4,1233.6,1248.4,63420
AAVAS,2026-09-30,1240.0,1250.8,1206.0,1211.9,80671
AAVAS,2026-10-01,1207.0,1211.0,1167.2,1190.9,280168
AAVAS,2026-10-05,1195.5,1234.7,1192.6,1219.5,229879
AAVAS,2026-10-06,1209.0,1232.0,1174.0,1215.1,34464
ABAN,2026-09-30,14.63,14.63,14.63,14.63,47186
ABAN,2026-10-01,15.36,15.36,15.36,15.36,16344
ABAN,2026-10-02,15.36,15.36,15.36,15.36,0
ABAN,2026-10-05,16.12,16.12,16.12,16.12,18844
ABAN,2026-10-06,16.92,16.92,16.92,16.92,17386
ABANSENT,2026-09-29,27.3,27.3,26.13,26.87,4321
ABANSENT,2026-09-30,26.33,26.96,26.3,26.46,4977
ABANSENT,2026-10-01,26.96,27.78,26.2,27.6,8148
ABANSENT,2026-10-05,27.78,28.28,26.6,27.11,3718
ABANSENT,2026-10-06,27.87,28.3,26.65,27.51,10262
ABB,2026-09-29,6950.0,6953.0,6660.5,6660.5,213768
ABB,2026-09-30,6801.0,6927.5,6771.0,6776.0,229223
ABB,2026-10-01,6780.0,6947.5,6735.0,6900.0,240835
ABB,2026-10-05,6950.0,6981.0,6846.5,6895.0,157334
ABB,2026-10-06,6899.0,7140.5,6873.0,7122.5,241470
ABBOTINDIA,2026-09-30,27270.0,27495.0,27015.0,27125.0,5645
ABBOTINDIA,2026-10-01,27145.0,27330.0,26435.0,26840.0,6879
ABBOTINDIA,2026-10-02,26840.0,26840.0,26840.0,26840.0,0
ABBOTINDIA,2026-10-05,26705.0,26840.0,26030.0,26240.0,5773
ABBOTINDIA,2026-10-06,26240.0,26550.0,25955.0,26115.0,12532
ABCAPITAL,2026-09-30,380.15,385.55,379.95,380.6,3567531
ABCAPITAL,2026-10-01,378.6,380.1,370.2,375.05,5001023
ABCAPITAL,2026-10-02,375.05,375.05,375.05,375.05,0
ABCAPITAL,2026-10-05,375.95,381.3,373.85,377.4,1609846
ABCAPITAL,2026-10-06,377.8,378.9,372.3,378.9,4871554
ABCOTS,2026-09-29,203.9,203.9,190.4,198.84,13070
ABCOTS,2026-09-30,204.5,204.5,192.7,196.49,2630
ABCOTS,2026-10-01,200.9,200.9,181.73,189.91,8222
ABCOTS,2026-10-05,198.0,198.0,192.14,195.98,2569
ABCOTS,2026-10-06,197.5,197.5,192.25,193.34,2483
ABDL,2026-09-29,719.85,726.9,706.4,716.5,510230
ABDL,2026-09-30,716.5,729.0,711.65,718.9,319559
ABDL,2026-10-01,718.0,718.0,673.95,679.45,1056525
ABDL,2026-10-05,682.0,701.0,680.25,696.75,337569
ABDL,2026-10-06,700.25,727.85,691.55,714.65,701673
ABFRL,2026-09-30,46.6,47.29,45.97,46.32,3805401
ABFRL,2026-10-01,46.2,46.5,44.04,44.53,5512411
ABFRL,2026-10-02,44.53,44.53,44.53,44.53,0
ABFRL,2026-10-05,44.6,45.37,44.25,44.34,3728699
ABFRL,2026-10-06,44.47,47.39,44.47,45.68,10460539
ABINFRA,2026-09-29,12.03,12.6,12.01,12.5,396091
ABINFRA,2026-09-30,12.56,12.79,12.25,12.71,316291
ABINFRA,2026-10-01,12.79,12.99,12.35,12.56,235024
ABINFRA,2026-10-05,12.56,12.75,12.25,12.35,68896
ABINFRA,2026-10-06,12.6,12.8,12.1,12.25,134357
ABLBL,2026-09-30,77.39,77.8,76.11,76.52,2517738
ABLBL,2026-10-01,75.6,76.14,73.41,74.44,1647089
ABLBL,2026-10-02,74.44,74.44,74.44,74.44,0
ABLBL,2026-10-05,75.5,75.5,72.2,73.37,1522029
ABLBL,2026-10-06,73.25,75.9,72.66,73.16,3207567
ABMINTLLTD,2026-09-29,45.2,45.2,45.2,45.2,25
ABMINTLLTD,2026-09-30,45.2,45.2,45.2,45.2,61
ABMINTLLTD,2026-10-01,45.2,45.2,45.2,45.2,175
ABMINTLLTD,2026-10-05,44.07,45.0,44.07,45.0,278
ABMINTLLTD,2026-10-06,42.8,43.32,42.8,43.31,348
ABMKNO,2026-09-29,170.0,174.95,165.13,168.59,361
ABMKNO,2026-09-30,169.5,187.8,161.55,170.98,12784
ABMKNO,2026-10-01,172.9,178.9,167.0,168.07,991
ABMKNO,2026-10-05,176.0,176.0,165.2,165.85,461
ABMKNO,2026-10-06,165.85,169.0,161.2,165.87,1818
ABREL,2026-09-29,1192.1,1194.7,1155.6,1160.6,170053
ABREL,2026-09-30,1169.9,1183.0,1122.1,1130.7,276535
ABREL,2026-10-01,1136.4,1136.4,1072.4,1100.5,435320
ABREL,2026-10-05,1110.4,1131.1,1079.0,1082.6,310042
ABREL,2026-10-06,1089.8,1104.0,1074.7,1078.0,178345
ABSLAMC,2026-09-30,955.9,1033.9,947.9,995.3,214646
ABSLAMC,2026-10-01,981.15,999.0,942.5,991.7,282008
ABSLAMC,2026-10-02,991.7,991.7,991.7,991.7,0
ABSLAMC,2026-10-05,985.0,1043.6,971.1,1028.55,300672
ABSLAMC,2026-10-06,1026.0,1034.0,1005.7,1009.65,213332
ABSMARINE,2026-09-28,318.0,329.0,311.05,323.0,87500
ABSMARINE,2026-09-29,321.0,325.9,313.0,318.35,40500
ABSMARINE,2026-09-30,318.35,360.0,318.35,345.95,233500
ABSMARINE,2026-10-01,346.0,354.75,307.0,330.7,130000
ABSMARINE,2026-10-05,330.0,342.0,320.0,327.05,48000
ACC,2026-09-29,1215.5,1224.5,1188.1,1202.6,731645
ACC,2026-09-30,1205.0,1224.0,1200.8,1204.1,63787
ACC,2026-10-01,1201.1,1203.9,1166.1,1182.8,146983
ACC,2026-10-05,1189.0,1199.4,1174.6,1184.4,85873
ACC,2026-10-06,1186.1,1191.8,1174.0,1177.0,62708
ACCELYA,2026-09-29,1099.0,1108.7,1085.0,1095.4,9213
ACCELYA,2026-09-30,1090.0,1111.9,1085.2,1090.3,8286
ACCELYA,2026-10-01,1101.0,1141.9,1089.5,1094.2,41701
ACCELYA,2026-10-05,1110.0,1130.0,1096.4,1105.3,45159
ACCELYA,2026-10-06,1115.0,1125.0,1090.0,1097.5,64126
ACCENTMIC,2026-09-28,681.95,682.95,665.65,676.85,39500
ACCENTMIC,2026-09-29,683.95,683.95,671.3,674.0,16000
ACCENTMIC,2026-09-30,671.25,680.0,671.25,674.65,13500
ACCENTMIC,2026-10-01,670.05,675.0,627.0,669.9,118000
ACCENTMIC,2026-10-05,660.0,675.0,657.5,662.9,20500
ACCURACY,2026-09-29,4.3,4.32,4.12,4.25,36760
ACCURACY,2026-09-30,4.25,4.3,4.2,4.26,29571
ACCURACY,2026-10-01,4.3,4.3,4.1,4.13,26378
ACCURACY,2026-10-05,4.19,4.23,4.06,4.15,106900
ACCURACY,2026-10-06,4.19,4.2,4.05,4.1,24807
ACE,2026-09-29,1205.0,1229.7,1199.0,1205.8,232653
ACE,2026-09-30,1205.9,1245.6,1205.0,1232.0,343169
ACE,2026-10-01,1232.0,1258.9,1180.1,1212.3,465866
ACE,2026-10-05,1210.0,1243.4,1203.0,1227.5,287382
ACE,2026-10-06,1235.0,1260.0,1230.0,1252.2,197475
ACEINTEG,2026-09-29,16.7,16.95,16.1,16.4,3269
ACEINTEG,2026-09-30,16.71,17.0,16.4,16.77,1622
ACEINTEG,2026-10-01,16.7,17.3,16.13,17.14,1162
ACEINTEG,2026-10-05,17.14,17.14,16.2,16.53,1669
ACEINTEG,2026-10-06,17.4,17.4,16.5,17.03,405
ACEVECTOR,2026-10-05,28.32,28.75,23.37,26.08,114297844
ACEVECTOR,2026-10-06,26.75,27.74,25.5,25.93,16609801
ACGL,2026-09-29,1684.0,1696.9,1619.9,1633.5,2291
ACGL,2026-09-30,1630.0,1674.9,1630.0,1638.0,339
ACGL,2026-10-01,1636.0,1649.8,1605.0,1622.7,696
ACGL,2026-10-05,1674.4,1689.6,1636.6,1683.0,1051
ACGL,2026-10-06,1683.0,1770.0,1678.0,1723.7,1034
ACI,2026-09-30,487.0,496.45,481.5,485.85,231287
ACI,2026-10-01,488.0,488.4,465.0,475.05,156132
ACI,2026-10-02,475.05,475.05,475.05,475.05,0
ACI,2026-10-05,479.0,481.2,460.5,463.2,659603
ACI,2026-10-06,465.45,476.8,462.7,474.5,87867
ACL,2026-09-29,40.78,40.78,38.4,39.56,25165
ACL,2026-09-30,39.96,40.39,38.71,39.33,9813
ACL,2026-10-01,38.65,40.98,38.65,39.33,10720
ACL,2026-10-05,39.85,39.99,39.01,39.8,11611
ACL,2026-10-06,40.2,40.2,39.45,39.67,6310
ACMESOLAR,2026-09-30,441.3,444.6,436.0,439.0,1108840
ACMESOLAR,2026-10-01,442.0,447.2,427.95,432.55,1085604
ACMESOLAR,2026-10-02,432.55,432.55,432.55,432.55,0
ACMESOLAR,2026-10-05,434.75,440.0,423.5,427.65,809545
ACMESOLAR,2026-10-06,429.9,453.65,428.6,448.2,887326
ACSTECH,2026-09-29,81.05,81.05,81.05,81.05,30733
ACSTECH,2026-09-30,79.43,79.43,79.43,79.43,10015
ACSTECH,2026-10-01,77.85,77.85,77.85,77.85,12998
ACSTECH,2026-10-05,76.3,77.6,76.3,76.3,266469
ACSTECH,2026-10-06,75.11,75.11,74.78,74.78,104743
ACUTAAS,2026-09-30,3334.1001,3344.0,3255.0,3279.3999,349433
ACUTAAS,2026-10-01,3249.0,3282.7,3152.3,3196.5,381484
ACUTAAS,2026-10-02,3196.5,3196.5,3196.5,3196.5,0
ACUTAAS,2026-10-05,3204.1001,3228.1001,3100.2,3122.2,274682
ACUTAAS,2026-10-06,3140.0,3216.0,3120.0,3156.7,321558
ADANIENSOL,2026-09-30,1319.0,1340.8,1308.9,1314.6,1154073
ADANIENSOL,2026-10-01,1318.1,1389.6,1309.1,1326.4,7267118
ADANIENSOL,2026-10-02,1326.4,1326.4,1326.4,1326.4,0
ADANIENSOL,2026-10-05,1336.1,1377.8,1336.1,1353.4,2095376
ADANIENSOL,2026-10-06,1354.0,1369.1,1340.8,1350.1,1566232
ADANIENT,2026-09-30,2910.0,2957.6001,2880.0,2903.3999,1663023
ADANIENT,2026-10-01,2900.0,2903.7,2772.0,2816.8,2100334
ADANIENT,2026-10-02,2816.8,2816.8,2816.8,2816.8,0
ADANIENT,2026-10-05,2843.8999,2890.8999,2823.0,2864.0,1782260
ADANIENT,2026-10-06,2869.0,2888.0,2834.6001,2849.8999,1239469
ADANIGREEN,2026-09-30,1250.4,1284.8,1250.4,1278.0,1452231
ADANIGREEN,2026-10-01,1274.1,1298.0,1260.3,1276.1,6355094
ADANIGREEN,2026-10-02,1276.1,1276.1,1276.1,1276.1,0
ADANIGREEN,2026-10-05,1287.4,1303.5,1266.6,1284.0,1014292
ADANIGREEN,2026-10-06,1286.1,1329.4,1280.5,1313.0,2569586
ADANIPORTS,2026-09-30,1793.5,1803.2,1775.4,1798.3,3199507
ADANIPORTS,2026-10-01,1786.0,1786.0,1716.0,1737.8,2157928
ADANIPORTS,2026-10-02,1737.8,1737.8,1737.8,1737.8,0
ADANIPORTS,2026-10-05,1769.9,1779.0,1737.8,1774.0,2792824
ADANIPORTS,2026-10-06,1773.1,1789.1,1761.1,1783.4,1684149
ADANIPOWER,2026-09-30,198.69,204.49,198.65,204.0,21070859
ADANIPOWER,2026-10-01,202.9,203.36,193.1,196.21,33548439
ADANIPOWER,2026-10-02,196.21,196.21,196.21,196.21,0
ADANIPOWER,2026-10-05,197.17,201.68,197.1,201.0,19752263
ADANIPOWER,2026-10-06,201.8,205.43,201.32,202.4,23465104
ADDIND,2026-09-29,80.0,82.0,76.99,78.4,2807
ADDIND,2026-09-30,78.4,82.2,78.4,78.74,378
ADDIND,2026-10-01,76.9,82.0,75.0,76.4,132
ADDIND,2026-10-05,76.4,81.95,70.0,79.49,901
ADDIND,2026-10-06,79.49,82.0,78.9,78.9,422
ADFFOODS,2026-09-29,265.0,270.25,261.5,268.3,67714
ADFFOODS,2026-09-30,268.3,274.95,263.1,273.1,59409
ADFFOODS,2026-10-01,269.25,285.2,265.6,281.4,266181
ADFFOODS,2026-10-05,281.35,285.0,276.7,282.15,145718
ADFFOODS,2026-10-06,284.7,299.75,281.6,293.1,487300
ADL,2026-09-29,77.0,77.0,68.4,70.0,52
ADL,2026-09-30,78.0,80.0,67.33,77.6,6985
ADL,2026-10-01,78.1,80.0,72.35,72.52,1361
ADL,2026-10-05,77.0,80.0,72.5,75.9,2780
ADL,2026-10-06,75.5,76.4,72.0,76.2,18
ADOR,2026-09-29,1620.3,1631.0,1592.2,1612.0,30103
ADOR,2026-09-30,1625.1,1625.1,1585.2,1591.8,15859
ADOR,2026-10-01,1591.8,1634.0,1540.0,1570.4,29732
ADOR,2026-10-05,1570.4,1588.3,1500.0,1512.0,59027
ADOR,2026-10-06,1511.0,1552.7,1508.1,1535.0,14756
ADROITIND,2026-09-30,235.0,248.39,235.0,248.39,3804148
ADROITIND,2026-10-01,248.39,258.8,235.98,235.98,2262604
ADROITIND,2026-10-05,224.19,224.19,224.19,224.19,55903
ADROITIND,2026-10-06,212.99,212.99,212.99,212.99,135467
ADROITINFO,2026-09-29,13.98,14.97,13.25,14.23,767644
ADROITINFO,2026-09-30,14.69,15.84,14.26,14.67,1779133
ADROITINFO,2026-10-01,14.9,14.9,13.94,13.94,54612
ADROITINFO,2026-10-05,13.25,13.25,13.25,13.25,95710
ADROITINFO,2026-10-06,12.59,12.68,12.59,12.59,110353
ADSL,2026-09-29,114.0,114.3,108.27,109.99,594717
ADSL,2026-09-30,110.8,113.37,108.0,108.53,187491
ADSL,2026-10-01,107.0,107.77,103.0,106.38,188974
ADSL,2026-10-05,108.89,109.48,103.11,105.51,165539
ADSL,2026-10-06,105.51,107.09,102.92,103.82,217023
ADVAIT,2026-09-29,1862.0,1911.0,1838.0,1903.6,40598
ADVAIT,2026-09-30,1915.2,1935.2,1863.4,1901.8,33345
ADVAIT,2026-10-01,1900.0,1900.0,1830.4,1863.0,28363
ADVAIT,2026-10-05,1869.1,1903.9,1821.6,1832.1,31536
ADVAIT,2026-10-06,1845.0,1960.0,1836.1,1946.9,63178
ADVANCE,2026-09-29,123.77,123.78,119.51,120.19,115011
ADVANCE,2026-09-30,120.19,125.45,120.0,121.19,261919
ADVANCE,2026-10-01,121.19,121.58,115.56,116.75,704242
ADVANCE,2026-10-05,118.5,118.5,114.39,115.85,69861
ADVANCE,2026-10-06,115.85,118.59,115.75,117.76,64873
ADVANIHOTR,2026-09-29,48.79,48.79,47.01,47.4,24199
ADVANIHOTR,2026-09-30,47.78,48.98,47.2,48.01,10655
ADVANIHOTR,2026-10-01,48.01,48.44,46.88,46.98,33487
ADVANIHOTR,2026-10-05,47.0,47.73,47.0,47.26,14687
ADVANIHOTR,2026-10-06,47.9,48.5,47.01,47.51,31122
ADVENTHTL,2026-09-29,124.5,127.39,121.0,124.7,135289
ADVENTHTL,2026-09-30,125.74,130.5,123.9,126.32,194445
ADVENTHTL,2026-10-01,126.0,127.32,121.0,123.77,203366
ADVENTHTL,2026-10-05,125.2,126.72,121.25,123.12,118617
ADVENTHTL,2026-10-06,123.6,124.82,121.15,122.21,106585
ADVENZYMES,2026-09-30,282.1,287.5,280.25,281.6,122182
ADVENZYMES,2026-10-01,278.3,281.0,270.0,274.25,228704
ADVENZYMES,2026-10-02,274.25,274.25,274.25,274.25,0
ADVENZYMES,2026-10-05,274.45,276.25,270.45,272.4,145809
ADVENZYMES,2026-10-06,273.4,278.35,270.8,273.1,171556
ADVIKCA,2026-09-29,0.96,0.99,0.96,0.97,226781
ADVIKCA,2026-09-30,0.96,1.07,0.86,1.0,1451821
ADVIKCA,2026-10-01,1.0,1.04,0.96,1.0,192362
ADVIKCA,2026-10-05,1.0,1.04,0.98,0.99,157535
ADVIKCA,2026-10-06,1.0,1.02,0.98,0.99,362238
AEGISLOG,2026-09-30,1312.5,1400.0,1312.5,1380.1,1090547
AEGISLOG,2026-10-01,1371.1,1415.7,1332.9,1401.1,1061975
AEGISLOG,2026-10-02,1401.1,1401.1,1401.1,1401.1,0
AEGISLOG,2026-10-05,1400.2,1410.0,1355.0,1359.5,873548
AEGISLOG,2026-10-06,1365.3,1400.0,1348.3,1395.9,861543
AEGISVOPAK,2026-09-30,296.0,299.5,294.05,296.8,532792
AEGISVOPAK,2026-10-01,294.0,304.3,285.1,290.75,1739742
AEGISVOPAK,2026-10-02,290.75,290.75,290.75,290.75,0
AEGISVOPAK,2026-10-05,298.0,299.35,286.45,297.55,781630
AEGISVOPAK,2026-10-06,298.1,299.1,291.5,293.35,538384
AEPL,2026-09-29,15.3,15.49,14.4,14.72,13148
AEPL,2026-09-30,14.26,15.58,14.26,15.18,17337
AEPL,2026-10-01,15.57,15.57,14.32,15.34,33854
AEPL,2026-10-05,15.95,15.95,14.87,15.01,9208
AEPL,2026-10-06,15.02,15.9,15.02,15.2,27213
AEQUS,2026-09-29,260.0,273.0,249.03,271.63,11417115
AEQUS,2026-09-30,274.64,285.95,273.21,279.48,11216835
AEQUS,2026-10-01,281.0,284.75,269.95,275.05,5756074
AEQUS,2026-10-05,279.25,287.7,274.1,284.5,3706824
AEQUS,2026-10-06,288.0,294.7,283.85,286.1,4433743
AEROENTER,2026-09-29,121.7,126.0,118.81,124.7,382082
AEROENTER,2026-09-30,125.5,126.99,122.71,124.0,231674
AEROENTER,2026-10-01,122.95,124.0,118.48,121.93,310374
AEROENTER,2026-10-05,122.54,130.0,122.54,126.69,761790
AEROENTER,2026-10-06,128.59,134.7,125.51,132.56,796655
AEROFLEX,2026-09-30,539.6,553.5,527.55,536.6,981031
AEROFLEX,2026-10-01,540.0,540.0,511.25,521.35,1183839
AEROFLEX,2026-10-02,521.35,521.35,521.35,521.35,0
AEROFLEX,2026-10-05,524.0,551.4,524.0,544.35,2372211
AEROFLEX,2026-10-06,549.7,563.5,536.4,560.75,1322498
AERONEU,2026-09-29,75.0,75.0,72.21,72.98,31159
AERONEU,2026-09-30,74.46,74.46,69.75,70.84,47313
AERONEU,2026-10-01,70.85,74.32,67.27,70.56,67368
AERONEU,2026-10-05,70.03,70.99,69.11,69.7,29604
AERONEU,2026-10-06,69.5,71.0,69.5,69.97,63434
AEROPLANE,2026-09-29,200.05,204.78,195.32,202.08,702329
AEROPLANE,2026-09-30,205.0,210.0,200.0,206.57,776058
AEROPLANE,2026-10-01,207.0,212.0,204.01,208.14,590536
AEROPLANE,2026-10-05,207.9,216.9,207.46,211.24,2097713
AEROPLANE,2026-10-06,211.24,212.49,206.7,209.24,813077
AETHER,2026-09-29,1746.9,1773.7,1707.0,1749.9,521059
AETHER,2026-09-30,1758.2,1758.2,1685.6,1699.3,292457
AETHER,2026-10-01,1680.0,1700.7,1633.1,1670.0,373389
AETHER,2026-10-05,1670.0,1685.0,1639.1,1661.0,196127
AETHER,2026-10-06,1649.0,1814.1,1640.9,1799.8,1455645
AFCONS,2026-09-30,246.5,250.05,246.5,247.8,370681
AFCONS,2026-10-01,247.98,248.01,240.25,242.39,428586
AFCONS,2026-10-02,242.39,242.39,242.39,242.39,0
AFCONS,2026-10-05,244.04,246.79,239.0,241.5,481694
AFCONS,2026-10-06,241.9,243.95,240.75,242.15,167607
AFFLE,2026-09-30,1511.0,1547.0,1502.1,1511.0,216326
AFFLE,2026-10-01,1511.9,1511.9,1440.1,1449.6,179131
AFFLE,2026-10-02,1449.6,1449.6,1449.6,1449.6,0
AFFLE,2026-10-05,1460.4,1475.4,1439.4,1443.8,155743
AFFLE,2026-10-06,1450.0,1456.0,1433.3,1450.2,96525
AFFORDABLE,2026-09-29,165.12,175.4,165.12,173.52,15470
AFFORDABLE,2026-09-30,176.2,176.85,168.0,171.1,23394
AFFORDABLE,2026-10-01,172.0,175.4,165.0,168.11,15039
AFFORDABLE,2026-10-05,163.5,172.4,160.0,163.65,18790
AFFORDABLE,2026-10-06,163.65,166.18,161.42,163.67,18157
AFIL,2026-09-29,7.91,8.1,7.49,7.85,1137489
AFIL,2026-09-30,7.98,8.05,7.86,7.93,529863
AFIL,2026-10-01,7.72,8.07,7.71,7.86,199018
AFIL,2026-10-05,7.8,7.95,7.75,7.77,669504
AFIL,2026-10-06,7.77,7.95,7.5,7.9,395042
AFSL,2026-09-29,201.0,202.5,201.0,201.04,4509
AFSL,2026-09-30,201.04,201.78,201.0,201.0,9448
AFSL,2026-10-01,201.1,202.4,201.0,201.0,32860
AFSL,2026-10-05,201.0,201.95,201.0,201.0,6118
AFSL,2026-10-06,201.0,201.9,201.0,201.0,2674
AGARIND,2026-09-29,398.35,400.0,389.1,391.2,24191
AGARIND,2026-09-30,394.0,398.9,390.0,391.95,12498
AGARIND,2026-10-01,395.0,398.9,377.6,386.0,28169
AGARIND,2026-10-05,384.35,391.6,379.0,382.95,24340
AGARIND,2026-10-06,388.0,398.9,381.65,396.5,14766
AGARWALEYE,2026-09-29,501.95,501.95,488.25,495.25,606157
AGARWALEYE,2026-09-30,499.7,499.75,472.5,479.3,215481
AGARWALEYE,2026-10-01,472.7,492.05,471.15,486.45,413281
AGARWALEYE,2026-10-05,490.2,492.0,475.3,484.25,292496
AGARWALEYE,2026-10-06,485.0,488.8,474.2,486.85,202172
AGARWALFT,2026-09-28,27.0,27.1,27.0,27.05,4500
AGARWALFT,2026-09-29,27.05,27.05,27.05,27.05,0
AGARWALFT,2026-09-30,26.1,28.3,26.0,28.3,6000
AGARWALFT,2026-10-01,27.0,27.0,26.9,26.9,9000
AGARWALFT,2026-10-05,25.6,25.6,25.6,25.6,3000
AGASTYAEN,2026-09-29,69.57,69.57,69.57,69.57,30063
AGASTYAEN,2026-09-30,70.96,70.96,70.96,70.96,139171
AGASTYAEN,2026-10-01,69.55,72.37,69.55,69.55,115250
AGASTYAEN,2026-10-05,68.16,69.49,68.16,68.16,68044
AGASTYAEN,2026-10-06,67.7,67.7,66.8,66.8,32886
AGI,2026-09-29,804.8,808.4,781.1,792.9,100537
AGI,2026-09-30,791.9,816.0,790.05,804.4,112338
AGI,2026-10-01,795.5,802.35,776.45,790.8,124574
AGI,2026-10-05,800.9,803.65,776.55,781.7,62423
AGI,2026-10-06,781.7,796.5,779.9,786.4,52157
AGIIL,2026-09-29,277.55,279.9,263.35,264.85,706302
AGIIL,2026-09-30,265.0,268.95,262.55,264.7,319369
AGIIL,2026-10-01,263.3,265.3,257.1,260.0,169356
AGIIL,2026-10-05,263.8,263.8,258.0,261.25,212796
AGIIL,2026-10-06,261.0,263.4,257.85,259.1,150360
AGL,2026-09-30,13.03,13.4,13.01,13.13,885567
AGL,2026-10-01,13.1,13.11,12.25,12.59,1857173
AGL,2026-10-02,12.59,12.59,12.59,12.59,0
AGL,2026-10-05,12.59,12.85,12.41,12.5,1299528
AGL,2026-10-06,12.4,12.88,12.37,12.77,1261114
AGNI,2026-09-28,15.25,15.25,15.2,15.2,17500
AGNI,2026-09-29,15.0,15.75,15.0,15.65,10000
AGNI,2026-09-30,15.45,15.5,15.0,15.05,22500
AGNI,2026-10-01,14.3,14.55,14.3,14.55,82500
AGNI,2026-10-05,15.25,15.25,14.4,14.55,27500
AGRITECH,2026-09-29,95.0,95.4,92.5,93.19,2513
AGRITECH,2026-09-30,97.2,97.2,90.5,91.17,6729
AGRITECH,2026-10-01,92.0,94.6,89.0,89.96,4536
AGRITECH,2026-10-05,93.9,93.9,86.1,88.47,3243
AGRITECH,2026-10-06,88.48,90.85,85.55,87.68,6452
AGROPHOS,2026-09-29,23.51,24.04,23.47,23.96,4890
AGROPHOS,2026-09-30,23.81,24.11,23.1,23.48,22366
AGROPHOS,2026-10-01,23.12,24.08,22.5,23.0,12887
AGROPHOS,2026-10-05,23.99,23.99,22.0,22.31,26169
AGROPHOS,2026-10-06,22.75,23.2,21.3,21.92,36082
AGSTRA,2026-09-29,2.64,2.64,2.64,2.64,134862
AGSTRA,2026-09-30,2.69,2.69,2.59,2.59,448982
AGSTRA,2026-10-01,2.54,2.54,2.54,2.54,27003
AGSTRA,2026-10-05,2.49,2.49,2.49,2.49,26784
AGSTRA,2026-10-06,2.45,2.45,2.45,2.45,22134
AGUL,2026-09-29,45.75,45.75,45.75,45.75,0
AGUL,2026-09-30,45.75,45.75,45.75,45.75,0
AGUL,2026-10-01,45.75,45.75,45.75,45.75,0
AGUL,2026-10-02,45.75,45.75,45.75,45.75,0
AGUL,2026-10-05,43.5,43.5,43.5,43.5,2000
AHCL,2026-09-29,36.39,36.39,35.5,36.39,9537815
AHCL,2026-09-30,37.17,37.24,34.58,34.58,18707312
AHCL,2026-10-01,32.86,32.86,32.86,32.86,1444357
AHCL,2026-10-05,31.22,31.22,31.22,31.22,996049
AHCL,2026-10-06,29.66,31.22,29.66,29.66,11971373
AHLADA,2026-09-29,38.57,38.57,37.06,37.15,7808
AHLADA,2026-09-30,37.9,38.74,37.05,37.09,2221
AHLADA,2026-10-01,35.63,37.62,35.63,37.06,2131
AHLADA,2026-10-05,37.06,39.0,37.05,37.91,12512
AHLADA,2026-10-06,37.06,40.0,37.06,38.33,9703
AHLEAST,2026-09-29,134.4,137.39,134.25,134.54,251
AHLEAST,2026-09-30,135.0,135.53,134.25,134.44,200
AHLEAST,2026-10-01,134.0,136.0,134.0,136.0,133
AHLEAST,2026-10-05,134.05,136.9,134.0,135.31,1013
AHLEAST,2026-10-06,139.9,139.9,134.31,135.74,777
AHLUCONT,2026-09-29,568.05,572.1,544.1,551.55,238960
AHLUCONT,2026-09-30,552.05,563.7,542.8,550.05,77719
AHLUCONT,2026-10-01,550.0,559.0,540.55,555.9,78249
AHLUCONT,2026-10-05,560.0,579.0,550.7,569.8,135950
AHLUCONT,2026-10-06,563.65,578.0,563.25,576.05,23249
AHLWEST,2026-09-29,510.0,544.8,510.0,529.0,918
AHLWEST,2026-09-30,533.1,553.9,533.1,535.05,438
AHLWEST,2026-10-01,530.0,545.0,530.0,535.05,201
AHLWEST,2026-10-05,510.05,545.0,510.05,545.0,730
AHLWEST,2026-10-06,555.0,555.0,545.0,545.0,3
AIAENG,2026-09-29,3850.0,3859.5,3805.0,3835.7,36731
AIAENG,2026-09-30,3850.0,3910.8999,3804.2,3869.0,51956
AIAENG,2026-10-01,3865.5,3865.5,3756.8999,3824.3999,30989
AIAENG,2026-10-05,3827.0,3894.8999,3802.5,3863.2,27893
AIAENG,2026-10-06,3863.1001,3960.0,3781.0,3914.7,43786
AIIL,2026-09-30,542.85,559.0,541.0,546.6,158568
AIIL,2026-10-01,540.0,554.3,527.2,539.3,224276
AIIL,2026-10-02,539.3,539.3,539.3,539.3,0
AIIL,2026-10-05,540.6,553.9,539.0,551.6,146383
AIIL,2026-10-06,548.4,552.6,548.2,550.15,55682
AILIMITED,2026-09-28,14.85,14.85,14.85,14.85,3000
AILIMITED,2026-09-29,14.85,14.85,14.85,14.85,0
AILIMITED,2026-09-30,14.85,14.85,14.85,14.85,0
AILIMITED,2026-10-01,14.85,14.85,14.85,14.85,3000
AILIMITED,2026-10-05,14.85,14.85,14.85,14.85,0
AIMTRON,2026-09-28,1890.25,1890.25,1795.5,1801.6,90200
AIMTRON,2026-09-29,1802.0,1888.0,1775.0,1873.4,48600
AIMTRON,2026-09-30,1900.0,2010.0,1900.0,1950.25,89000
AIMTRON,2026-10-01,1960.0,1960.0,1825.0,1898.85,78600
AIMTRON,2026-10-05,1920.0,1950.0,1850.0,1873.55,30600
AIRAN,2026-09-29,16.88,16.88,16.0,16.4,52427
AIRAN,2026-09-30,16.4,16.85,16.06,16.18,22565
AIRAN,2026-10-01,16.05,16.34,15.45,15.6,69908
AIRAN,2026-10-05,15.3,15.88,15.28,15.43,44277
AIRAN,2026-10-06,15.43,16.0,15.07,15.4,82532
AIROLAM,2026-09-29,90.25,91.0,88.79,89.06,165
AIROLAM,2026-09-30,89.0,96.0,89.0,92.85,5335
AIROLAM,2026-10-01,93.0,93.9,87.35,89.58,27357
AIROLAM,2026-10-05,93.9,93.9,87.21,89.54,2158
AIROLAM,2026-10-06,93.85,93.85,87.69,88.29,132
AISL,2026-09-28,57.85,57.85,57.55,57.85,22200
AISL,2026-09-29,60.4,60.7,60.0,60.7,4800
AISL,2026-09-30,63.7,63.7,63.7,63.7,25200
AISL,2026-10-01,66.8,66.85,66.5,66.85,22200
AISL,2026-10-05,70.0,70.15,66.1,70.15,16200
AJANTPHARM,2026-09-29,3524.8999,3589.0,3500.0,3557.5,85009
AJANTPHARM,2026-09-30,3570.0,3758.8999,3567.1001,3620.8,344068
AJANTPHARM,2026-10-01,3588.0,3602.3999,3489.6001,3581.0,75759
AJANTPHARM,2026-10-05,3581.3999,3588.6001,3459.0,3486.0,104722
AJANTPHARM,2026-10-06,3492.1001,3585.0,3486.0,3573.3999,109380
AJAXENGG,2026-09-29,600.0,602.5,578.95,591.65,88197
AJAXENGG,2026-09-30,591.65,597.0,586.0,587.0,41369
AJAXENGG,2026-10-01,587.0,600.45,576.7,586.4,76581
AJAXENGG,2026-10-05,582.05,600.5,582.05,594.25,104544
AJAXENGG,2026-10-06,604.9,604.9,584.1,585.85,51992
AJMERA,2026-09-29,118.74,121.0,114.61,120.16,237553
AJMERA,2026-09-30,120.15,121.09,117.45,118.74,165082
AJMERA,2026-10-01,116.61,120.25,115.35,119.6,255968
AJMERA,2026-10-05,119.6,120.69,113.63,116.7,559485
AJMERA,2026-10-06,116.12,117.99,114.3,116.24,371493
AJOONI,2026-09-29,3.16,3.16,3.11,3.14,112283
AJOONI,2026-09-30,3.16,3.16,3.1,3.13,140753
AJOONI,2026-10-01,3.16,3.27,3.07,3.1,421187
AJOONI,2026-10-05,3.1,3.12,3.0,3.02,277384
AJOONI,2026-10-06,3.03,3.16,3.02,3.08,233526
AKASH,2026-09-29,24.55,25.5,24.5,25.32,5273
AKASH,2026-09-30,25.83,25.83,24.6,24.94,4302
AKASH,2026-10-01,25.18,25.29,24.28,24.95,1157
AKASH,2026-10-05,25.69,25.69,24.5,24.64,1766
AKASH,2026-10-06,25.19,25.19,24.55,24.81,6070
AKCAPIT,2026-09-29,1746.5,1772.0,1706.0,1728.1,728
AKCAPIT,2026-09-30,1745.3,1751.9,1704.1,1706.3,305
AKCAPIT,2026-10-01,1757.9,1757.9,1675.6,1714.1,660
AKCAPIT,2026-10-05,1700.0,1748.6,1700.0,1746.7,598
AKCAPIT,2026-10-06,1735.2,1735.2,1675.0,1709.1,1082
AKG,2026-09-29,9.8,9.84,9.65,9.8,3597
AKG,2026-09-30,9.89,9.89,9.6,9.74,13934
AKG,2026-10-01,9.74,9.9,9.65,9.71,8772
AKG,2026-10-05,9.71,9.71,9.32,9.35,66518
AKG,2026-10-06,9.6,9.6,9.31,9.38,3242
AKI,2026-09-29,6.29,6.29,6.01,6.15,78460
AKI,2026-09-30,6.21,6.4,6.0,6.14,45609
AKI,2026-10-01,6.29,6.3,6.0,6.16,188708
AKI,2026-10-05,6.37,6.37,5.91,6.01,69890
AKI,2026-10-06,5.9,6.04,5.81,6.01,48066
AKIKO,2026-09-28,423.0,428.0,423.0,428.0,1600
AKIKO,2026-09-29,428.0,433.95,414.0,433.95,14400
AKIKO,2026-09-30,423.05,428.75,420.05,427.45,13600
AKIKO,2026-10-01,420.0,424.0,415.05,415.5,8000
AKIKO,2026-10-05,416.05,441.0,416.05,431.4,13600
AKSHAR,2026-09-29,0.42,0.42,0.39,0.41,2658117
AKSHAR,2026-09-30,0.41,0.43,0.41,0.42,1069940
AKSHAR,2026-10-01,0.43,0.43,0.41,0.41,701186
AKSHAR,2026-10-05,0.42,0.43,0.41,0.42,1171427
AKSHAR,2026-10-06,0.43,0.43,0.41,0.41,496716
AKSHARCHEM,2026-09-29,387.9,387.9,375.0,376.55,1990
AKSHARCHEM,2026-09-30,376.55,394.85,372.15,388.1,7060
AKSHARCHEM,2026-10-01,390.95,390.95,371.1,379.1,5119
AKSHARCHEM,2026-10-05,379.0,380.0,360.5,365.3,6461
AKSHARCHEM,2026-10-06,382.5,382.5,365.3,374.2,19035
AKSHOPTFBR,2026-09-29,6.9,7.3,6.9,7.11,207512
AKSHOPTFBR,2026-09-30,7.11,7.23,6.9,6.97,201391
AKSHOPTFBR,2026-10-01,7.19,7.2,6.85,7.07,324128
AKSHOPTFBR,2026-10-05,7.07,7.14,6.99,7.02,191950
AKSHOPTFBR,2026-10-06,7.15,7.37,6.84,7.37,231482
AKUMS,2026-09-30,828.2,828.2,811.1,818.5,196569
AKUMS,2026-10-01,815.0,828.2,802.2,813.1,191282
AKUMS,2026-10-02,813.1,813.1,813.1,813.1,0
AKUMS,2026-10-05,819.0,825.0,796.35,801.35,117017
AKUMS,2026-10-06,802.0,818.0,796.3,814.65,128267
ALANKIT,2026-09-29,7.72,7.79,7.5,7.56,101890
ALANKIT,2026-09-30,7.68,7.94,7.56,7.83,128910
ALANKIT,2026-10-01,7.74,7.85,7.5,7.65,111640
ALANKIT,2026-10-05,7.67,7.85,7.5,7.61,96028
ALANKIT,2026-10-06,7.66,7.84,7.42,7.58,117495
ALBERTDAVD,2026-09-29,864.3,898.0,842.05,876.35,13163
ALBERTDAVD,2026-09-30,894.4,894.4,870.05,872.25,6427
ALBERTDAVD,2026-10-01,871.2,885.0,851.0,856.7,11319
ALBERTDAVD,2026-10-05,856.0,868.4,831.6,836.45,2685
ALBERTDAVD,2026-10-06,835.65,847.95,823.3,839.1,2820
ALEMBICLTD,2026-09-29,106.95,112.0,105.34,108.44,1919395
ALEMBICLTD,2026-09-30,109.1,110.59,106.11,107.23,819580
ALEMBICLTD,2026-10-01,107.23,108.0,101.85,104.11,868233
ALEMBICLTD,2026-10-05,105.9,106.0,103.38,104.44,540160
ALEMBICLTD,2026-10-06,105.25,106.9,104.01,104.99,345507
ALFREDHE,2026-09-30,2823.0,2823.0,2823.0,2823.0,0
ALFREDHE,2026-10-01,2823.0,2823.0,2823.0,2823.0,0
ALFREDHE,2026-10-02,2823.0,2823.0,2823.0,2823.0,0
ALFREDHE,2026-10-05,2820.0,2820.0,2748.0,2748.0,22
ALFREDHE,2026-10-06,2761.7,2819.8999,2749.8999,2750.0,34
ALGOQUANT,2026-09-29,69.4,69.4,64.79,65.64,2269037
ALGOQUANT,2026-09-30,65.15,69.1,65.15,66.03,1174607
ALGOQUANT,2026-10-01,65.6,68.36,65.35,67.51,1379737
ALGOQUANT,2026-10-05,67.07,69.77,67.05,68.25,1133101
ALGOQUANT,2026-10-06,68.25,71.71,68.01,70.56,1396399
ALICON,2026-09-29,714.0,740.0,702.05,724.85,64416
ALICON,2026-09-30,730.15,869.8,726.05,869.8,953310
ALICON,2026-10-01,869.75,891.4,846.9,871.95,864818
ALICON,2026-10-05,889.8,889.9,832.05,848.95,99365
ALICON,2026-10-06,850.0,876.5,837.05,866.9,59587
ALIVUS,2026-09-30,1350.0,1390.0,1350.0,1379.3,186612
ALIVUS,2026-10-01,1375.0,1380.5,1317.2,1374.2,112499
ALIVUS,2026-10-02,1374.2,1374.2,1374.2,1374.2,0
ALIVUS,2026-10-05,1376.0,1398.0,1349.2,1373.7,97234
ALIVUS,2026-10-06,1365.4,1394.7,1354.2,1384.0,166790
ALKALI,2026-09-29,95.02,96.0,89.85,92.79,8117
ALKALI,2026-09-30,92.75,95.0,90.16,91.43,8088
ALKALI,2026-10-01,90.0,90.4,86.86,87.1,8664
ALKALI,2026-10-05,85.0,89.0,85.0,87.29,7911
ALKALI,2026-10-06,87.0,87.9,84.01,85.88,4932
ALKEM,2026-09-29,5166.5,5306.5,5152.0,5250.0,244410
ALKEM,2026-09-30,5249.5,5276.5,5135.0,5163.5,146577
ALKEM,2026-10-01,5150.0,5220.0,5110.0,5220.0,291015
ALKEM,2026-10-05,5210.0,5235.0,5136.0,5192.5,102619
ALKEM,2026-10-06,5223.5,5292.0,5165.0,5292.0,63620
ALKYLAMINE,2026-09-30,1781.3,1818.8,1751.3,1761.7,31646
ALKYLAMINE,2026-10-01,1764.9,1767.7,1706.6,1741.4,37732
ALKYLAMINE,2026-10-02,1741.4,1741.4,1741.4,1741.4,0
ALKYLAMINE,2026-10-05,1741.4,1770.0,1715.0,1730.4,35207
ALKYLAMINE,2026-10-06,1730.4,2057.3,1730.4,1962.2,3134696
ALLCARGO,2026-09-29,10.77,10.77,10.5,10.53,5539499
ALLCARGO,2026-09-30,10.78,10.78,10.05,10.13,7854276
ALLCARGO,2026-10-01,10.05,10.21,9.88,10.12,4561834
ALLCARGO,2026-10-05,10.12,10.32,10.0,10.03,3374008
ALLCARGO,2026-10-06,10.32,10.57,10.04,10.5,4520922
ALLDIGI,2026-09-29,778.95,785.55,771.0,775.8,5852
ALLDIGI,2026-09-30,779.65,786.0,762.5,767.25,8379
ALLDIGI,2026-10-01,767.25,771.0,747.0,756.35,6690
ALLDIGI,2026-10-05,756.35,766.45,741.3,750.9,2786
ALLDIGI,2026-10-06,754.7,774.0,742.45,768.1,7202
ALLETEC,2026-09-28,127.3,128.9,120.45,121.05,58400
ALLETEC,2026-09-29,121.1,124.95,120.2,120.85,22000
ALLETEC,2026-09-30,124.5,124.5,120.25,122.25,25200
ALLETEC,2026-10-01,121.0,124.6,121.0,122.7,14000
ALLETEC,2026-10-05,122.7,126.0,121.0,124.65,12400
ALLTIME,2026-09-29,199.5,199.5,192.45,193.18,95447
ALLTIME,2026-09-30,193.9,197.85,192.15,194.0,31339
ALLTIME,2026-10-01,195.01,195.01,182.0,188.04,133472
ALLTIME,2026-10-05,189.99,191.5,182.0,183.8,73063
ALLTIME,2026-10-06,185.8,189.8,180.01,184.36,162308
ALMONDZ,2026-09-29,20.6,20.61,20.04,20.06,253726
ALMONDZ,2026-09-30,20.5,20.5,19.5,20.0,279934
ALMONDZ,2026-10-01,20.49,20.49,19.01,19.11,105478
ALMONDZ,2026-10-05,19.2,19.49,18.35,19.01,93445
ALMONDZ,2026-10-06,19.01,19.96,18.6,19.85,98029
ALOKINDS,2026-09-29,7.24,7.25,7.02,7.06,22686291
ALOKINDS,2026-09-30,7.1,7.24,7.07,7.09,12343099
ALOKINDS,2026-10-01,7.15,7.17,6.92,7.06,15212425
ALOKINDS,2026-10-05,7.06,7.24,7.04,7.12,9915737
ALOKINDS,2026-10-06,7.22,7.83,7.09,7.83,36664561
ALPA,2026-09-29,59.49,59.85,58.3,59.76,5289
ALPA,2026-09-30,59.76,61.5,59.25,59.51,8263
ALPA,2026-10-01,60.49,60.49,58.5,59.26,4521
ALPA,2026-10-05,59.25,60.25,58.25,59.0,5432
ALPA,2026-10-06,60.2,60.2,58.52,58.73,5812
ALPEXSOLAR,2026-09-28,863.1,880.0,850.0,872.0,35400
ALPEXSOLAR,2026-09-29,868.0,874.9,855.05,865.3,17400
ALPEXSOLAR,2026-09-30,876.0,876.15,838.15,847.1,27800
ALPEXSOLAR,2026-10-01,847.1,847.1,811.0,823.2,53000
ALPEXSOLAR,2026-10-05,828.6,852.0,805.3,810.8,28800
ALPHAGEO,2026-09-29,270.0,270.0,256.2,259.15,12276
ALPHAGEO,2026-09-30,259.0,265.9,252.2,256.5,6932
ALPHAGEO,2026-10-01,257.0,265.9,244.0,258.2,6327
ALPHAGEO,2026-10-05,260.0,260.0,247.15,254.75,4073
ALPHAGEO,2026-10-06,257.75,257.75,246.0,251.15,4803
ALPINETEX,2026-09-29,48.36,50.95,47.22,48.95,170617
ALPINETEX,2026-09-30,49.7,49.7,47.53,47.8,111760
ALPINETEX,2026-10-01,48.37,48.37,45.5,46.63,144287
ALPINETEX,2026-10-05,46.61,48.0,45.52,45.82,92407
ALPINETEX,2026-10-06,47.8,47.8,46.04,46.44,113397
ALUFLUOR,2026-09-29,609.95,649.0,580.0,632.55,57672
ALUFLUOR,2026-09-30,640.0,645.0,622.3,632.7,19252
ALUFLUOR,2026-10-01,644.0,644.0,626.05,633.8,28012
ALUFLUOR,2026-10-05,643.95,643.95,612.9,616.8,14660
ALUFLUOR,2026-10-06,611.5,627.6,611.5,619.45,11486
ALUWIND,2026-09-28,51.5,51.5,49.05,51.45,18000
ALUWIND,2026-09-29,49.0,49.95,47.55,49.8,10500
ALUWIND,2026-09-30,49.8,49.8,49.75,49.75,4500
ALUWIND,2026-10-01,49.75,49.75,47.6,48.0,6000
ALUWIND,2026-10-05,48.0,49.4,48.0,48.5,9000
AMAGI,2026-09-29,561.0,573.95,553.05,563.85,538606
AMAGI,2026-09-30,560.0,568.45,541.3,549.45,281619
AMAGI,2026-10-01,545.0,565.25,531.2,554.05,919619
AMAGI,2026-10-05,551.35,577.0,551.35,569.7,449516
AMAGI,2026-10-06,575.25,575.25,559.8,564.15,214734
AMAL,2026-09-29,659.8,690.0,654.05,682.1,5117
AMAL,2026-09-30,671.3,700.0,671.3,684.5,6607
AMAL,2026-10-01,690.85,705.0,690.2,702.4,9548
AMAL,2026-10-05,710.0,715.0,692.1,699.5,4382
AMAL,2026-10-06,703.2,768.8,699.8,753.7,23469
AMANTA,2026-09-29,186.66,186.66,179.34,186.66,34512
AMANTA,2026-09-30,190.39,190.39,190.39,190.39,16960
AMANTA,2026-10-01,190.4,194.0,187.55,190.4,44349
AMANTA,2026-10-05,196.0,199.92,195.0,199.92,74113
AMANTA,2026-10-06,206.3,206.3,191.0,197.68,77852
AMARJOTHI,2026-09-29,150.7,152.45,147.05,152.0,456
AMARJOTHI,2026-09-30,152.0,152.0,147.05,149.0,342
AMARJOTHI,2026-10-01,149.0,150.85,145.0,150.0,1626
AMARJOTHI,2026-10-05,151.0,151.5,146.5,146.5,510
AMARJOTHI,2026-10-06,147.5,150.5,145.5,149.05,1085
AMBALALSA,2026-09-29,39.28,39.8,38.11,39.04,31254
AMBALALSA,2026-09-30,39.5,40.94,39.0,39.54,57944
AMBALALSA,2026-10-01,39.0,39.46,37.58,37.89,58255
AMBALALSA,2026-10-05,38.49,38.88,36.7,37.97,60118
AMBALALSA,2026-10-06,38.1,39.5,37.55,38.55,41880
AMBER,2026-09-29,6915.5,7001.0,6606.5,6606.5,286219
AMBER,2026-09-30,6639.0,6786.0,6617.0,6672.5,224400
AMBER,2026-10-01,6658.0,6737.5,6431.0,6500.0,133557
AMBER,2026-10-05,6535.0,6652.5,6492.0,6585.0,114789
AMBER,2026-10-06,6551.5,6881.0,6511.0,6869.0,155545
AMBICAAGAR,2026-09-29,24.88,24.88,24.11,24.37,3594
AMBICAAGAR,2026-09-30,24.5,25.12,24.14,24.4,13549
AMBICAAGAR,2026-10-01,24.93,24.93,23.67,23.89,2450
AMBICAAGAR,2026-10-05,23.55,24.98,23.55,23.83,5501
AMBICAAGAR,2026-10-06,23.76,24.8,23.76,24.42,1832
AMBIKCO,2026-09-29,1568.0,1582.0,1525.0,1527.1,9578
AMBIKCO,2026-09-30,1531.0,1545.9,1516.2,1520.6,5265
AMBIKCO,2026-10-01,1525.0,1525.0,1491.0,1505.8,7854
AMBIKCO,2026-10-05,1537.0,1545.0,1523.2,1534.0,5905
AMBIKCO,2026-10-06,1522.6,1555.0,1522.6,1532.7,2521
AMBUJACEM,2026-09-30,369.0,376.65,368.65,374.0,3219926
AMBUJACEM,2026-10-01,371.5,371.6,356.3,362.25,3893265
AMBUJACEM,2026-10-02,362.25,362.25,362.25,362.25,0
AMBUJACEM,2026-10-05,363.2,368.9,361.05,366.5,1848613
AMBUJACEM,2026-10-06,367.5,370.1,359.8,361.55,2354203
AMDIND,2026-09-29,56.65,56.65,53.82,54.0,58547
AMDIND,2026-09-30,53.1,54.48,53.1,53.45,19423
AMDIND,2026-10-01,53.4,53.5,51.11,52.09,14062
AMDIND,2026-10-05,52.5,53.4,51.11,51.31,11704
AMDIND,2026-10-06,51.31,53.0,50.5,52.73,12479
AMEYA,2026-09-29,137.0,146.2,137.0,146.2,10000
AMEYA,2026-09-30,153.5,153.5,153.5,153.5,12000
AMEYA,2026-10-01,151.0,151.0,145.9,150.5,6000
AMEYA,2026-10-02,150.5,150.5,150.5,150.5,0
AMEYA,2026-10-05,147.0,147.0,143.0,143.0,4000
AMJLAND,2026-09-29,37.5,38.87,37.5,38.04,16749
AMJLAND,2026-09-30,38.04,38.58,37.4,37.62,3327
AMJLAND,2026-10-01,38.27,38.75,36.1,37.02,30216
AMJLAND,2026-10-05,37.75,38.5,36.75,37.14,9244
AMJLAND,2026-10-06,38.02,38.02,37.0,37.66,2127
AMNPLST,2026-09-29,169.0,171.8,162.0,170.18,107852
AMNPLST,2026-09-30,174.9,174.9,168.56,171.57,2629
AMNPLST,2026-10-01,178.0,178.0,164.0,165.43,4515
AMNPLST,2026-10-05,169.75,169.75,157.85,160.29,4095
AMNPLST,2026-10-06,161.0,192.34,161.0,186.92,430797
AMRUTANJAN,2026-09-29,505.05,508.0,499.15,505.25,17570
AMRUTANJAN,2026-09-30,505.25,522.2,505.25,514.75,62878
AMRUTANJAN,2026-10-01,516.45,517.05,498.55,513.2,97538
AMRUTANJAN,2026-10-05,513.2,524.0,511.0,518.1,36616
AMRUTANJAN,2026-10-06,527.0,527.0,516.0,523.7,27720
ANANDRATHI,2026-09-29,2150.0,2168.8999,2077.3,2100.6001,1341769
ANANDRATHI,2026-09-30,2111.1001,2127.6001,2072.0,2120.0,552945
ANANDRATHI,2026-10-01,2100.0,2130.7,2086.0,2117.5,284498
ANANDRATHI,2026-10-05,2117.5,2135.0,2101.2,2132.0,404648
ANANDRATHI,2026-10-06,2134.1001,2169.8999,2129.8999,2142.0,275329
ANANTRAJ,2026-09-29,605.0,613.6,599.0,602.3,1194043
ANANTRAJ,2026-09-30,605.0,611.0,597.0,598.9,1122020
ANANTRAJ,2026-10-01,595.0,598.5,569.05,577.85,1533673
ANANTRAJ,2026-10-05,580.0,592.85,575.0,587.4,1053429
ANANTRAJ,2026-10-06,590.0,611.45,587.8,608.9,1142188
ANDHRAPAP,2026-09-30,72.0,73.93,72.0,72.68,240993
ANDHRAPAP,2026-10-01,72.92,72.92,70.0,71.36,222862
ANDHRAPAP,2026-10-02,71.36,71.36,71.36,71.36,0
ANDHRAPAP,2026-10-05,71.36,73.55,69.55,69.94,849036
ANDHRAPAP,2026-10-06,70.66,71.06,68.54,70.48,234556
ANDHRSUGAR,2026-09-29,95.13,96.83,92.7,94.4,214302
ANDHRSUGAR,2026-09-30,94.4,95.95,92.7,93.15,186327
ANDHRSUGAR,2026-10-01,92.6,93.06,90.0,91.06,308635
ANDHRSUGAR,2026-10-05,92.58,94.16,91.0,91.95,300289
ANDHRSUGAR,2026-10-06,93.0,94.8,92.7,94.42,357737
ANDREWYU,2026-09-29,25.82,26.49,25.05,25.84,87815
ANDREWYU,2026-09-30,25.85,27.9,25.85,26.02,44656
ANDREWYU,2026-10-01,25.53,26.28,24.1,24.98,143819
ANDREWYU,2026-10-05,25.0,25.9,24.11,25.34,97343
ANDREWYU,2026-10-06,25.02,25.74,24.12,24.95,104068
ANGELONE,2026-09-30,274.25,278.2,273.25,274.0,2439788
ANGELONE,2026-10-01,274.0,279.85,267.8,276.8,6751156
ANGELONE,2026-10-02,276.8,276.8,276.8,276.8,0
ANGELONE,2026-10-05,276.8,286.3,273.5,285.2,4255848
ANGELONE,2026-10-06,288.9,295.9,288.6,295.0,8197973
ANIKINDS,2026-09-29,44.55,44.55,42.16,43.98,4840
ANIKINDS,2026-09-30,44.89,44.89,43.8,44.45,2550
ANIKINDS,2026-10-01,44.44,44.44,42.6,44.0,2343
ANIKINDS,2026-10-05,44.0,45.99,42.55,44.56,6250
ANIKINDS,2026-10-06,43.02,48.25,43.02,45.4,66529
ANKITMETAL,2026-09-29,1.94,1.94,1.94,1.94,60716
ANKITMETAL,2026-09-30,1.97,1.97,1.97,1.97,19735
ANKITMETAL,2026-10-01,2.06,2.06,2.06,2.06,144069
ANKITMETAL,2026-10-05,2.16,2.16,2.16,2.16,21388
ANKITMETAL,2026-10-06,2.26,2.26,2.26,2.26,19958
ANLON,2026-09-28,770.0,787.0,753.0,769.95,11200
ANLON,2026-09-29,750.95,750.95,723.0,744.95,12400
ANLON,2026-09-30,750.0,818.0,739.95,816.35,10000
ANLON,2026-10-01,816.35,816.35,751.0,758.55,17600
ANLON,2026-10-05,755.0,769.0,745.0,758.2,7200
ANMOL,2026-09-29,13.93,14.3,13.13,13.77,80865
ANMOL,2026-09-30,14.05,14.26,13.45,13.71,19776
ANMOL,2026-10-01,13.8,14.23,13.31,13.5,50602
ANMOL,2026-10-05,13.85,13.85,12.86,13.07,25815
ANMOL,2026-10-06,13.07,13.44,12.87,13.13,30011
ANNAPURNA,2026-09-29,127.66,129.59,126.31,127.22,15493
ANNAPURNA,2026-09-30,126.05,141.94,126.05,131.0,115324
ANNAPURNA,2026-10-01,130.04,134.94,125.0,128.6,40390
ANNAPURNA,2026-10-05,128.6,135.0,127.0,130.44,46616
ANNAPURNA,2026-10-06,132.8,132.8,129.0,130.35,34618
ANNU,2026-09-29,47.86,49.0,46.73,47.84,394589
ANNU,2026-09-30,47.85,50.2,47.85,48.22,585399
ANNU,2026-10-01,48.45,48.9,46.62,47.09,610098
ANNU,2026-10-05,48.0,48.0,45.0,45.12,361049
ANNU,2026-10-06,45.21,45.5,43.22,44.33,661138
ANSALAPI,2026-09-29,4.08,4.08,4.08,4.08,74081
ANSALAPI,2026-09-30,4.16,4.16,4.0,4.16,71384
ANSALAPI,2026-10-01,4.21,4.24,4.08,4.08,6717
ANSALAPI,2026-10-05,4.0,4.15,4.0,4.0,37961
ANSALAPI,2026-10-06,4.0,4.08,3.92,3.92,15567
ANSALBU,2026-09-29,88.57,92.0,78.65,85.96,4740
ANSALBU,2026-09-30,87.43,95.4,86.0,87.75,9005
ANSALBU,2026-10-01,88.35,88.35,84.01,85.13,531
ANSALBU,2026-10-05,84.28,101.0,83.0,85.6,2620
ANSALBU,2026-10-06,85.57,88.0,83.0,85.57,779
ANTELOPUS,2026-09-30,1174.15,1178.15,1119.0,1125.9,316480
ANTELOPUS,2026-10-01,1124.7,1154.5,1070.0,1106.5,496027
ANTELOPUS,2026-10-02,1106.5,1106.5,1106.5,1106.5,0
ANTELOPUS,2026-10-05,1113.9,1143.8,1092.0,1103.4,299917
ANTELOPUS,2026-10-06,1125.0,1125.0,1090.0,1100.6,173427
ANTGRAPHIC,2026-09-29,0.72,0.72,0.69,0.7,151675
ANTGRAPHIC,2026-09-30,0.71,0.72,0.7,0.71,89758
ANTGRAPHIC,2026-10-01,0.71,0.72,0.69,0.69,127074
ANTGRAPHIC,2026-10-05,0.7,0.71,0.68,0.69,216722
ANTGRAPHIC,2026-10-06,0.71,0.71,0.68,0.69,98256
ANTHEM,2026-09-30,871.0,878.2,855.05,858.6,189868
ANTHEM,2026-10-01,851.5,859.75,830.6,855.75,648832
ANTHEM,2026-10-02,855.75,855.75,855.75,855.75,0
ANTHEM,2026-10-05,855.95,858.85,840.6,851.9,292397
ANTHEM,2026-10-06,853.0,898.65,843.0,890.35,681824
ANUHPHR,2026-09-30,90.31,91.05,87.0,87.4,70318
ANUHPHR,2026-10-01,87.0,88.94,84.42,85.85,130021
ANUHPHR,2026-10-02,85.85,85.85,85.85,85.85,0
ANUHPHR,2026-10-05,85.99,88.49,83.7,84.15,86676
ANUHPHR,2026-10-06,85.07,88.5,84.41,87.57,105757
ANUP,2026-09-29,1635.0,1644.8,1580.0,1591.2,74671
ANUP,2026-09-30,1605.3,1635.0,1590.1,1596.3,11751
ANUP,2026-10-01,1580.1,1593.4,1535.0,1566.7,26234
ANUP,2026-10-05,1566.7,1574.9,1523.0,1539.0,21490
ANUP,2026-10-06,1538.8,1585.0,1536.1,1575.9,18047
ANURAS,2026-09-30,1181.0,1188.5,1169.0,1181.0,133965
ANURAS,2026-10-01,1181.0,1187.3,1151.5,1163.7,224878
ANURAS,2026-10-02,1163.7,1163.7,1163.7,1163.7,0
ANURAS,2026-10-05,1165.0,1175.9,1158.2,1164.4,216772
ANURAS,2026-10-06,1170.0,1178.0,1158.1,1170.2,440678
AONESTEELS,2026-10-01,455.0,470.0,393.7,416.55,14841745
AONESTEELS,2026-10-02,416.55,416.55,416.55,416.55,0
AONESTEELS,2026-10-05,413.5,413.6,386.1,389.4,831655
AONESTEELS,2026-10-06,385.65,389.4,366.45,384.8,659225
APARINDS,2026-09-30,17804.0,17882.0,17291.0,17384.0,116165
APARINDS,2026-10-01,17384.0,17868.0,16955.0,17648.0,138360
APARINDS,2026-10-02,17648.0,17648.0,17648.0,17648.0,0
APARINDS,2026-10-05,17844.0,18379.0,17750.0,18102.0,102559
APARINDS,2026-10-06,18297.0,18440.0,17875.0,18016.0,94208
APCL,2026-09-29,95.1,97.0,93.0,94.92,4184
APCL,2026-09-30,95.86,98.89,92.0,94.22,7847
APCL,2026-10-01,94.22,97.0,94.0,94.76,2221
APCL,2026-10-05,96.99,96.99,91.5,94.0,3410
APCL,2026-10-06,96.67,96.67,93.0,93.58,2525
APCOTEXIND,2026-09-29,589.95,603.6,580.0,595.45,58105
APCOTEXIND,2026-09-30,600.0,607.4,592.0,595.6,40627
APCOTEXIND,2026-10-01,596.4,600.2,575.35,593.25,84363
APCOTEXIND,2026-10-05,599.0,599.0,577.0,587.25,48855
APCOTEXIND,2026-10-06,587.25,613.9,585.0,610.7,79604
APEX,2026-09-30,343.1,348.3,335.0,336.5,66125
APEX,2026-10-01,338.2,341.95,320.3,326.3,123991
APEX,2026-10-02,326.3,326.3,326.3,326.3,0
APEX,2026-10-05,334.65,334.65,323.5,328.4,78909
APEX,2026-10-06,325.5,342.6,320.0,339.8,107148
APLAPOLLO,2026-09-29,2191.8999,2217.8,2172.1001,2188.6001,639577
APLAPOLLO,2026-09-30,2201.8999,2224.5,2181.6001,2190.1001,587352
APLAPOLLO,2026-10-01,2187.2,2196.8,2059.5,2115.7,1615913
APLAPOLLO,2026-10-05,2124.6001,2147.3999,2061.3999,2099.8,678442
APLAPOLLO,2026-10-06,2102.0,2152.0,2099.6001,2152.0,320323
APLLTD,2026-09-29,853.9,868.0,837.5,861.5,457488
APLLTD,2026-09-30,866.0,876.4,821.7,825.45,266145
APLLTD,2026-10-01,816.0,827.85,803.5,815.25,327528
APLLTD,2026-10-05,815.25,836.8,812.2,831.25,282527
APLLTD,2026-10-06,831.25,840.3,825.0,834.2,143011
APOLLO,2026-09-30,402.9,410.7,401.7,403.45,4344769
APOLLO,2026-10-01,401.85,403.4,389.1,394.0,4102186
APOLLO,2026-10-02,394.0,394.0,394.0,394.0,0
APOLLO,2026-10-05,395.5,405.5,395.0,401.7,4584428
APOLLO,2026-10-06,402.7,408.75,402.4,408.05,3343909
APOLLOHOSP,2026-09-30,8582.0,8659.0,8053.0,8165.5,2108531
APOLLOHOSP,2026-10-01,8090.0,8135.0,7910.0,8133.5,939105
APOLLOHOSP,2026-10-02,8133.5,8133.5,8133.5,8133.5,0
APOLLOHOSP,2026-10-05,7880.5,8076.0,7880.5,7985.0,895216
APOLLOHOSP,2026-10-06,7970.0,8017.0,7806.0,7914.5,1072853
APOLLOPIPE,2026-09-29,521.2,530.0,511.1,513.7,305274
APOLLOPIPE,2026-09-30,516.9,525.0,505.0,507.85,166142
APOLLOPIPE,2026-10-01,507.85,524.0,500.2,512.6,140005
APOLLOPIPE,2026-10-05,517.85,535.0,510.0,530.75,142798
APOLLOPIPE,2026-10-06,531.0,549.8,528.0,529.8,132829
APOLLOTYRE,2026-09-30,412.9,412.95,402.0,404.7,684149
APOLLOTYRE,2026-10-01,402.0,406.75,392.85,404.75,708176
APOLLOTYRE,2026-10-02,404.75,404.75,404.75,404.75,0
APOLLOTYRE,2026-10-05,404.95,406.25,399.5,401.6,213763
APOLLOTYRE,2026-10-06,402.75,405.25,399.35,401.55,333238
APOLSINHOT,2026-09-29,1185.0,1199.9,1160.4,1166.2,595
APOLSINHOT,2026-09-30,1156.1,1189.9,1156.1,1162.6,1022
APOLSINHOT,2026-10-01,1170.0,1194.9,1146.0,1155.9,762
APOLSINHOT,2026-10-05,1208.0,1208.0,1155.0,1174.9,1328
APOLSINHOT,2026-10-06,1180.0,1183.9,1165.0,1174.7,857
APOORVA,2026-09-29,31.82,33.14,31.82,33.0,299
APOORVA,2026-09-30,33.0,33.0,31.35,33.0,103
APOORVA,2026-10-01,34.6,34.6,33.0,33.0,263
APOORVA,2026-10-05,33.65,34.0,33.65,33.65,115
APOORVA,2026-10-06,33.49,33.49,33.0,33.0,31
APS,2026-09-28,240.0,240.0,230.0,231.0,14750
APS,2026-09-29,231.05,234.1,225.0,229.6,19750
APS,2026-09-30,234.5,237.35,225.0,227.3,23750
APS,2026-10-01,228.9,234.0,224.0,226.7,21750
APS,2026-10-05,226.7,227.5,223.0,223.45,6750
APTECHT,2026-09-29,91.5,91.5,86.99,88.61,90136
APTECHT,2026-09-30,89.49,90.0,87.73,88.26,53672
APTECHT,2026-10-01,88.26,88.97,85.72,87.03,46982
APTECHT,2026-10-05,88.0,88.45,86.0,86.88,44839
APTECHT,2026-10-06,86.1,89.89,86.1,88.19,76755
APTUS,2026-09-30,235.0,236.87,230.0,232.53,1838844
APTUS,2026-10-01,231.0,231.0,223.28,226.4,1566543
APTUS,2026-10-02,226.4,226.4,226.4,226.4,0
APTUS,2026-10-05,227.95,228.51,222.34,223.65,934997
APTUS,2026-10-06,223.65,226.21,222.32,223.9,512817
AQYLON,2026-09-29,18.34,18.34,17.1,17.11,715504
AQYLON,2026-09-30,17.11,17.39,16.26,16.26,476188
AQYLON,2026-10-01,15.97,16.0,15.45,15.46,669216
AQYLON,2026-10-05,15.46,16.23,14.69,15.58,1157106
AQYLON,2026-10-06,16.19,16.3,15.26,15.46,335127
ARABIAN,2026-09-28,90.45,90.45,88.0,89.95,8000
ARABIAN,2026-09-29,86.05,88.0,86.0,88.0,34000
ARABIAN,2026-09-30,88.0,88.0,88.0,88.0,2000
ARABIAN,2026-10-01,85.0,88.0,80.35,88.0,30000
ARABIAN,2026-10-05,90.0,97.0,90.0,96.75,72000
ARCHIDPLY,2026-09-29,107.69,107.69,101.07,101.98,10384
ARCHIDPLY,2026-09-30,101.11,104.99,99.52,103.5,33170
ARCHIDPLY,2026-10-01,104.49,106.85,100.01,101.79,27789
ARCHIDPLY,2026-10-05,101.79,103.71,100.37,101.8,30544
ARCHIDPLY,2026-10-06,101.18,104.0,100.75,101.67,12612
ARCHIES,2026-09-29,12.85,12.85,12.34,12.43,10512
ARCHIES,2026-09-30,12.73,12.73,12.33,12.39,7581
ARCHIES,2026-10-01,12.36,12.75,12.05,12.37,18310
ARCHIES,2026-10-05,12.4,12.7,12.35,12.35,9399
ARCHIES,2026-10-06,12.74,12.74,12.1,12.24,14768
ARCIL,2026-09-30,143.51,149.27,143.32,144.59,1943689
ARCIL,2026-10-01,145.4,147.35,137.5,139.92,1662073
ARCIL,2026-10-02,139.92,139.92,139.92,139.92,0
ARCIL,2026-10-05,141.09,145.24,140.56,142.24,1314700
ARCIL,2026-10-06,143.0,147.8,143.0,145.74,1270884
ARCL,2026-09-29,240.25,241.89,231.5,233.0,4370
ARCL,2026-09-30,233.0,242.0,232.95,241.9,351
ARCL,2026-10-01,236.0,245.0,229.81,229.81,7120
ARCL,2026-10-05,233.0,238.9,227.27,235.0,276
ARCL,2026-10-06,224.52,235.06,223.25,226.99,2963
ARDEE,2026-09-30,51.55,52.95,50.4,50.77,3252521
ARDEE,2026-10-01,50.96,50.96,48.42,48.81,2106823
ARDEE,2026-10-02,48.81,48.81,48.81,48.81,0
ARDEE,2026-10-05,49.03,49.44,48.11,48.51,1868950
ARDEE,2026-10-06,48.5,50.5,48.5,50.22,1857535
ARE&M,2026-09-30,768.95,781.65,750.0,754.55,706708
ARE&M,2026-10-01,754.55,758.25,734.65,747.4,509131
ARE&M,2026-10-02,747.4,747.4,747.4,747.4,0
ARE&M,2026-10-05,751.0,757.0,739.25,741.6,338967
ARE&M,2026-10-06,742.05,745.6,740.35,742.9,309353
ARENTERP,2026-09-29,32.84,33.49,31.12,32.95,608
ARENTERP,2026-09-30,34.4,34.4,31.12,33.9,137
ARENTERP,2026-10-01,33.8,33.8,32.0,33.79,56
ARENTERP,2026-10-05,33.79,33.79,33.79,33.79,330
ARENTERP,2026-10-06,33.79,34.89,32.7,33.89,177
ARFIN,2026-09-29,88.29,90.48,87.35,88.16,1365354
ARFIN,2026-09-30,88.05,91.0,88.05,89.19,916404
ARFIN,2026-10-01,89.0,89.89,86.05,87.25,1211274
ARFIN,2026-10-05,87.95,89.18,86.42,87.51,713062
ARFIN,2026-10-06,87.51,98.24,87.14,96.36,9170776
ARIES,2026-09-29,467.0,484.9,467.0,474.8,8953
ARIES,2026-09-30,471.05,484.8,471.05,480.55,9875
ARIES,2026-10-01,472.1,489.0,456.6,477.4,27860
ARIES,2026-10-05,463.1,501.25,463.1,501.25,38244
ARIES,2026-10-06,505.6,514.0,492.1,499.0,24527
ARIHANT,2026-09-29,913.95,914.05,870.0,888.9,1106
ARIHANT,2026-09-30,884.9,920.4,855.55,900.7,2591
ARIHANT,2026-10-01,889.4,939.4,874.8,894.1,570
ARIHANT,2026-10-05,940.0,948.0,873.25,891.35,2824
ARIHANT,2026-10-06,891.0,940.0,891.0,914.9,873
ARIHANTACA,2026-09-29,245.5,245.5,245.5,245.5,800
ARIHANTACA,2026-09-30,240.0,265.0,240.0,257.5,7200
ARIHANTACA,2026-10-01,257.5,257.5,257.5,257.5,0
ARIHANTACA,2026-10-02,257.5,257.5,257.5,257.5,0
ARIHANTACA,2026-10-05,257.5,257.5,257.5,257.5,0
ARIHANTCAP,2026-09-29,89.81,91.62,87.2,90.58,296536
ARIHANTCAP,2026-09-30,90.58,92.55,88.98,89.74,513589
ARIHANTCAP,2026-10-01,89.74,89.74,87.1,88.59,183141
ARIHANTCAP,2026-10-05,90.0,95.05,90.0,91.01,523540
ARIHANTCAP,2026-10-06,91.55,97.8,91.25,94.13,1231839
ARIHANTSUP,2026-09-29,236.0,236.0,228.25,230.25,1353
ARIHANTSUP,2026-09-30,230.0,231.6,221.35,222.85,1653
ARIHANTSUP,2026-10-01,225.2,230.95,210.82,216.63,6122
ARIHANTSUP,2026-10-05,222.0,222.0,218.0,218.78,3008
ARIHANTSUP,2026-10-06,219.8,224.9,216.0,220.26,1578
ARIS,2026-09-29,132.02,138.0,129.33,135.0,1264189
ARIS,2026-09-30,140.0,146.4,136.79,143.88,4654571
ARIS,2026-10-01,143.69,143.69,134.98,138.66,1086645
ARIS,2026-10-05,139.49,143.0,137.51,140.24,1432618
ARIS,2026-10-06,140.24,145.5,138.37,143.66,2533584
ARISTO,2026-09-28,100.6,100.6,100.6,100.6,800
ARISTO,2026-09-29,100.6,100.6,100.6,100.6,0
ARISTO,2026-09-30,95.0,95.0,95.0,95.0,1600
ARISTO,2026-10-01,92.0,92.0,92.0,92.0,800
ARISTO,2026-10-05,87.4,87.4,87.4,87.4,1600
ARKADE,2026-09-29,124.07,124.51,120.12,121.92,134893
ARKADE,2026-09-30,122.5,123.48,119.0,119.39,136891
ARKADE,2026-10-01,119.89,120.5,116.2,118.69,123249
ARKADE,2026-10-05,120.64,125.0,118.23,120.03,158603
ARKADE,2026-10-06,120.04,122.0,120.0,121.24,97831
ARMANFIN,2026-09-29,1708.5,1752.0,1685.0,1711.4,60370
ARMANFIN,2026-09-30,1711.4,1756.7,1707.1,1744.2,31160
ARMANFIN,2026-10-01,1739.9,1785.0,1703.0,1764.4,38263
ARMANFIN,2026-10-05,1770.0,1817.0,1714.0,1754.9,53075
ARMANFIN,2026-10-06,1763.9,1763.9,1730.0,1743.7,17659
ARMEE,2026-09-30,375.0,375.0,300.0,300.0,10736790
ARMEE,2026-10-01,280.0,288.25,258.5,273.35,7738466
ARMEE,2026-10-02,273.35,273.35,273.35,273.35,0
ARMEE,2026-10-05,270.7,272.75,251.05,254.25,1290880
ARMEE,2026-10-06,253.95,278.8,253.9,271.05,2199757
AROGRANITE,2026-09-29,23.12,24.07,22.8,22.81,1134
AROGRANITE,2026-09-30,23.0,23.89,22.2,23.28,1925
AROGRANITE,2026-10-01,23.55,23.6,22.06,22.35,3964
AROGRANITE,2026-10-05,22.56,23.89,22.1,22.19,6732
AROGRANITE,2026-10-06,22.5,23.1,22.11,22.97,4041
ARROWGREEN,2026-09-29,897.8,899.05,848.9,872.5,46136
ARROWGREEN,2026-09-30,876.5,886.95,840.15,856.05,48123
ARROWGREEN,2026-10-01,861.0,876.15,829.0,865.2,40400
ARROWGREEN,2026-10-05,873.8,891.75,835.9,858.55,26652
ARROWGREEN,2026-10-06,878.5,915.95,858.7,891.75,60698
ARSHIYA,2026-09-29,0.75,0.79,0.75,0.79,72244
ARSHIYA,2026-09-30,0.79,0.82,0.79,0.81,154611
ARSHIYA,2026-10-01,0.84,0.84,0.79,0.81,59625
ARSHIYA,2026-10-05,0.84,0.84,0.82,0.83,23658
ARSHIYA,2026-10-06,0.85,0.85,0.81,0.82,170195
ARSSBL,2026-09-29,497.0,506.35,495.0,500.45,122318
ARSSBL,2026-09-30,503.1,525.8,502.9,515.1,370040
ARSSBL,2026-10-01,513.65,525.0,510.0,521.05,301379
ARSSBL,2026-10-05,525.45,539.0,515.1,535.0,361312
ARSSBL,2026-10-06,539.0,557.4,535.0,551.55,468218
ARTEMISMED,2026-09-29,364.15,369.6,360.4,366.6,522715
ARTEMISMED,2026-09-30,368.95,370.1,342.1,345.55,1002073
ARTEMISMED,2026-10-01,342.8,346.45,327.95,336.4,804191
ARTEMISMED,2026-10-05,339.2,341.85,322.35,324.1,374630
ARTEMISMED,2026-10-06,324.25,324.95,314.25,318.35,428681
ARTNIRMAN,2026-09-29,39.0,39.0,36.41,36.52,258
ARTNIRMAN,2026-09-30,37.85,41.8,37.75,40.24,6656
ARTNIRMAN,2026-10-01,40.35,40.36,40.0,40.0,39
ARTNIRMAN,2026-10-05,38.16,39.88,38.16,38.49,754
ARTNIRMAN,2026-10-06,36.01,41.29,36.01,40.13,62
ARVEE,2026-09-29,244.0,249.0,230.0,232.85,27843
ARVEE,2026-09-30,233.99,235.79,222.2,225.16,5986
ARVEE,2026-10-01,232.99,232.99,207.0,215.32,7676
ARVEE,2026-10-05,217.0,229.79,206.35,209.39,9280
ARVEE,2026-10-06,209.39,224.9,205.84,216.89,8861
ARVIND,2026-09-29,545.05,552.1,540.15,545.45,291616
ARVIND,2026-09-30,545.0,549.95,535.75,539.9,644224
ARVIND,2026-10-01,537.6,544.6,522.0,534.05,565179
ARVIND,2026-10-05,538.4,539.65,525.15,530.4,565857
ARVIND,2026-10-06,536.0,538.4,529.7,534.65,350957
ARVINDFASN,2026-09-29,411.0,413.5,390.55,410.15,413765
ARVINDFASN,2026-09-30,407.1,411.35,386.0,387.45,332564
ARVINDFASN,2026-10-01,385.0,386.95,373.35,379.7,227031
ARVINDFASN,2026-10-05,383.45,389.0,376.1,384.25,225104
ARVINDFASN,2026-10-06,384.25,409.95,384.25,406.4,293373
ARVSMART,2026-09-29,612.95,621.9,606.2,609.7,78068
ARVSMART,2026-09-30,615.8,615.8,596.65,601.75,40388
ARVSMART,2026-10-01,601.75,603.9,585.15,592.5,55885
ARVSMART,2026-10-05,592.5,598.15,573.0,580.25,88014
ARVSMART,2026-10-06,579.9,606.0,576.65,603.8,61916
ARYAMAN,2026-09-29,625.0,631.6,610.0,620.0,529
ARYAMAN,2026-09-30,630.0,630.0,630.0,630.0,5
ARYAMAN,2026-10-01,620.0,624.0,620.0,624.0,14
ARYAMAN,2026-10-05,624.0,624.0,624.0,624.0,0
ARYAMAN,2026-10-06,620.9,620.9,620.9,620.9,10
ASAHIINDIA,2026-09-29,934.0,980.0,923.0,957.95,286875
ASAHIINDIA,2026-09-30,956.1,974.7,956.1,958.85,85211
ASAHIINDIA,2026-10-01,962.0,962.0,934.65,944.25,148204
ASAHIINDIA,2026-10-05,950.0,952.9,938.0,945.75,45021
ASAHIINDIA,2026-10-06,950.0,960.0,941.05,956.95,36638
ASAHISONG,2026-09-29,390.0,391.0,380.0,384.2,5852
ASAHISONG,2026-09-30,385.1,394.95,379.0,389.15,10809
ASAHISONG,2026-10-01,387.0,387.0,369.7,371.25,9671
ASAHISONG,2026-10-05,376.95,380.3,363.1,366.2,7116
ASAHISONG,2026-10-06,367.0,370.5,366.0,369.95,4716
ASAL,2026-09-29,429.0,434.45,424.05,428.0,8484
ASAL,2026-09-30,430.0,439.85,430.0,433.5,7089
ASAL,2026-10-01,430.5,433.4,420.3,426.9,9400
ASAL,2026-10-05,421.05,439.8,420.05,423.1,5966
ASAL,2026-10-06,424.1,434.9,423.05,426.2,5651
ASALCBR,2026-09-30,634.6,636.45,615.1,615.45,44141
ASALCBR,2026-10-01,615.45,620.0,596.05,611.1,48945
ASALCBR,2026-10-02,611.1,611.1,611.1,611.1,0
ASALCBR,2026-10-05,611.1,622.1,590.0,595.65,51910
ASALCBR,2026-10-06,591.0,604.85,589.85,598.7,54683
ASHAPURMIN,2026-09-29,500.1,524.25,497.5,518.8,439076
ASHAPURMIN,2026-09-30,526.6,526.6,502.5,504.15,261585
ASHAPURMIN,2026-10-01,502.3,502.7,485.35,489.95,247497
ASHAPURMIN,2026-10-05,493.95,501.95,487.0,490.85,223978
ASHAPURMIN,2026-10-06,492.2,504.85,491.05,502.9,228286
ASHIANA,2026-09-29,383.7,403.95,382.6,390.55,42912
ASHIANA,2026-09-30,389.3,397.95,382.95,386.0,34947
ASHIANA,2026-10-01,387.15,387.15,374.65,383.95,37988
ASHIANA,2026-10-05,381.8,390.0,381.4,383.6,22654
ASHIANA,2026-10-06,381.6,385.85,376.95,382.95,29815
ASHIKAG,2026-09-29,405.0,407.0,395.95,398.35,6575
ASHIKAG,2026-09-30,398.35,404.8,396.1,397.85,21935
ASHIKAG,2026-10-01,395.05,395.05,381.0,392.05,26221
ASHIKAG,2026-10-05,392.05,393.0,385.25,389.8,6038
ASHIKAG,2026-10-06,389.8,394.0,382.35,389.4,6896
ASHIMASYN,2026-09-29,15.85,16.2,15.81,16.08,42495
ASHIMASYN,2026-09-30,16.15,16.2,15.91,15.98,37084
ASHIMASYN,2026-10-01,15.9,16.0,15.1,15.31,158547
ASHIMASYN,2026-10-05,15.3,15.69,14.77,15.0,108237
ASHIMASYN,2026-10-06,14.8,15.39,14.55,14.88,108612
ASHOKA,2026-09-29,109.2,109.83,107.25,108.53,595433
ASHOKA,2026-09-30,108.74,111.83,107.31,107.75,413067
ASHOKA,2026-10-01,107.75,108.08,103.5,105.31,960898
ASHOKA,2026-10-05,105.35,106.65,104.36,105.9,538732
ASHOKA,2026-10-06,106.0,107.2,105.7,106.42,395400
ASHOKAMET,2026-09-29,15.98,16.1,15.0,15.15,31273
ASHOKAMET,2026-09-30,15.0,15.68,15.0,15.18,15455
ASHOKAMET,2026-10-01,15.01,15.58,14.4,14.53,45837
ASHOKAMET,2026-10-05,14.42,15.15,14.42,14.71,19468
ASHOKAMET,2026-10-06,14.71,14.99,14.4,14.71,21653
ASHOKLEY,2026-09-30,154.41,156.19,153.35,154.19,17703276
ASHOKLEY,2026-10-01,154.45,154.86,148.5,150.48,20574319
ASHOKLEY,2026-10-02,150.48,150.48,150.48,150.48,0
ASHOKLEY,2026-10-05,151.4,153.65,151.23,152.6,9914723
ASHOKLEY,2026-10-06,153.0,153.87,152.13,153.7,9992601
ASIANENE,2026-09-30,479.1,482.45,463.0,471.85,211572
ASIANENE,2026-10-01,472.85,473.0,451.25,466.75,229027
ASIANENE,2026-10-02,466.75,466.75,466.75,466.75,0
ASIANENE,2026-10-05,470.7,479.9,453.0,458.65,189656
ASIANENE,2026-10-06,457.65,470.0,457.45,463.75,129110
ASIANHOTNR,2026-09-29,373.5,373.5,356.0,361.35,8278
ASIANHOTNR,2026-09-30,365.0,369.0,339.3,354.8,28570
ASIANHOTNR,2026-10-01,357.0,357.0,340.0,348.1,32017
ASIANHOTNR,2026-10-05,356.05,356.05,329.25,334.1,7191
ASIANHOTNR,2026-10-06,336.55,340.25,325.05,328.65,6380
ASIANPAINT,2026-09-30,2410.0,2430.5,2390.0,2402.6001,553695
ASIANPAINT,2026-10-01,2391.0,2420.0,2377.0,2407.0,1005836
ASIANPAINT,2026-10-02,2407.0,2407.0,2407.0,2407.0,0
ASIANPAINT,2026-10-05,2400.0,2409.0,2336.7,2366.0,916254
ASIANPAINT,2026-10-06,2369.1001,2424.2,2349.0,2424.2,439243
ASIANTILES,2026-09-29,50.0,50.6,49.22,50.1,2959007
ASIANTILES,2026-09-30,51.0,51.0,49.26,49.68,1065834
ASIANTILES,2026-10-01,49.44,49.55,47.5,47.95,1282482
ASIANTILES,2026-10-05,48.16,48.28,46.1,46.65,1062886
ASIANTILES,2026-10-06,46.88,48.36,46.88,48.1,1143402
ASIANTNE,2026-09-29,9.13,9.39,8.76,9.02,9774
ASIANTNE,2026-09-30,9.02,9.43,8.75,9.22,22821
ASIANTNE,2026-10-01,9.22,9.22,8.5,8.95,3483
ASIANTNE,2026-10-05,8.77,9.13,8.6,9.0,15593
ASIANTNE,2026-10-06,9.08,9.08,8.8,9.06,3657
ASKAUTOLTD,2026-09-29,643.0,646.2,611.0,619.85,710889
ASKAUTOLTD,2026-09-30,621.95,652.2,614.75,640.1,479507
ASKAUTOLTD,2026-10-01,637.1,637.1,608.55,618.15,325106
ASKAUTOLTD,2026-10-05,621.0,624.9,603.6,608.2,221181
ASKAUTOLTD,2026-10-06,614.5,614.5,603.1,609.75,128830
ASMS,2026-09-29,6.49,6.49,5.1,6.08,524327
ASMS,2026-09-30,6.2,6.49,5.81,6.06,557356
ASMS,2026-10-01,6.02,6.12,5.84,5.92,174867
ASMS,2026-10-05,5.84,6.04,5.76,5.84,149950
ASMS,2026-10-06,5.96,6.0,5.77,5.98,165301
ASPINWALL,2026-09-29,248.85,251.7,242.25,242.5,554
ASPINWALL,2026-09-30,242.5,250.15,240.0,241.85,2012
ASPINWALL,2026-10-01,237.25,247.5,234.6,240.1,23169
ASPINWALL,2026-10-05,242.1,248.4,237.01,238.35,1086
ASPINWALL,2026-10-06,228.1,243.5,228.1,238.35,2844
ASPIRE,2026-09-28,13.5,14.45,13.5,14.25,14000
ASPIRE,2026-09-29,14.1,14.95,14.1,14.95,10000
ASPIRE,2026-09-30,15.4,15.65,14.25,14.25,38000
ASPIRE,2026-10-01,14.9,14.95,14.8,14.95,58000
ASPIRE,2026-10-05,14.95,14.95,14.95,14.95,0
ASSAMENT,2026-09-28,780.0,780.0,780.0,780.0,0
ASSAMENT,2026-09-29,780.0,780.0,780.0,780.0,0
ASSAMENT,2026-09-30,741.0,818.0,741.0,818.0,15
ASSAMENT,2026-10-01,780.0,810.0,780.0,799.0,3
ASSAMENT,2026-10-05,799.0,799.0,799.0,799.0,0
ASTAR,2026-09-29,708.0,708.0,661.4,685.35,171
ASTAR,2026-09-30,700.0,705.0,665.0,679.7,123
ASTAR,2026-10-01,660.0,689.85,660.0,664.5,325
ASTAR,2026-10-05,714.0,714.0,630.0,644.05,254
ASTAR,2026-10-06,643.05,657.75,615.0,639.8,774
ASTEC,2026-09-29,705.0,715.3,686.8,696.25,30244
ASTEC,2026-09-30,699.0,787.8,699.0,722.75,1100746
ASTEC,2026-10-01,712.05,725.4,684.8,708.6,71196
ASTEC,2026-10-05,708.6,721.75,700.0,712.7,30766
ASTEC,2026-10-06,715.0,726.0,685.0,704.7,73593
ASTERDM,2026-09-29,745.0,751.95,718.5,733.95,4132919
ASTERDM,2026-09-30,735.05,739.55,691.75,697.15,2346216
ASTERDM,2026-10-01,694.05,712.2,684.25,708.9,1534481
ASTERDM,2026-10-05,708.0,708.0,687.0,691.5,1401950
ASTERDM,2026-10-06,691.6,691.8,674.1,684.7,1226229
ASTRAL,2026-09-29,1370.5,1384.2,1346.5,1375.0,933913
ASTRAL,2026-09-30,1376.0,1384.1,1366.0,1370.4,258131
ASTRAL,2026-10-01,1368.1,1368.5,1316.1,1344.0,299231
ASTRAL,2026-10-05,1349.0,1367.2,1339.4,1362.1,325806
ASTRAL,2026-10-06,1355.1,1405.0,1348.6,1402.3,359762
ASTRAMICRO,2026-09-30,1651.4,1663.6,1621.0,1636.7,270444
ASTRAMICRO,2026-10-01,1629.6,1634.8,1605.0,1624.5,308113
ASTRAMICRO,2026-10-02,1624.5,1624.5,1624.5,1624.5,0
ASTRAMICRO,2026-10-05,1634.2,1673.9,1628.1,1651.7,327119
ASTRAMICRO,2026-10-06,1651.7,1726.0,1650.3,1705.9,571459
ASTRAZEN,2026-09-30,6210.0,6289.0,6120.5,6186.0,56730
ASTRAZEN,2026-10-01,6153.5,6172.0,5986.0,6031.0,11473
ASTRAZEN,2026-10-02,6031.0,6031.0,6031.0,6031.0,0
ASTRAZEN,2026-10-05,6049.0,6087.5,5882.0,5909.0,6412
ASTRAZEN,2026-10-06,5944.0,5996.5,5883.5,5980.5,5720
ASTRON,2026-09-29,2.98,2.98,2.83,2.93,8003
ASTRON,2026-09-30,2.99,2.99,2.8,2.8,28543
ASTRON,2026-10-01,2.85,2.88,2.73,2.81,33088
ASTRON,2026-10-05,2.81,2.86,2.81,2.81,10573
ASTRON,2026-10-06,2.75,2.88,2.73,2.8,22027
ATALREAL,2026-09-29,13.4,13.4,11.92,12.03,5203592
ATALREAL,2026-09-30,11.88,12.63,11.7,12.58,2281142
ATALREAL,2026-10-01,12.78,13.06,11.96,12.78,2168896
ATALREAL,2026-10-05,12.76,12.92,12.51,12.81,902386
ATALREAL,2026-10-06,12.7,12.93,12.17,12.36,1940886
ATAM,2026-09-30,56.01,58.6,55.01,56.34,12689
ATAM,2026-10-01,57.0,57.0,54.0,55.35,5829
ATAM,2026-10-02,55.35,55.35,55.35,55.35,0
ATAM,2026-10-05,54.81,56.4,53.53,54.04,5713
ATAM,2026-10-06,54.05,55.39,54.0,54.2,4007
ATGL,2026-09-29,598.1,599.4,586.0,588.4,603219
ATGL,2026-09-30,589.9,602.95,589.05,593.9,616167
ATGL,2026-10-01,590.1,594.15,572.05,583.05,812043
ATGL,2026-10-05,587.0,593.0,578.65,583.25,509708
ATGL,2026-10-06,586.05,592.9,583.6,588.45,365713
ATHERENERG,2026-09-30,1416.5,1441.0,1405.0,1425.0,3085289
ATHERENERG,2026-10-01,1422.0,1429.1,1373.6,1406.1,4210984
ATHERENERG,2026-10-02,1406.1,1406.1,1406.1,1406.1,0
ATHERENERG,2026-10-05,1411.1,1423.8,1388.5,1409.9,3319066
ATHERENERG,2026-10-06,1408.7,1550.8,1385.7,1446.0,4190550
ATL,2026-09-29,24.86,24.94,24.12,24.47,143546
ATL,2026-09-30,24.3,25.0,24.12,24.44,119329
ATL,2026-10-01,24.18,24.79,23.1,23.59,146141
ATL,2026-10-05,24.45,24.79,23.72,24.49,160953
ATL,2026-10-06,24.47,24.85,24.06,24.71,70373
ATLANTAA,2026-09-29,35.7,39.0,35.15,36.69,336131
ATLANTAA,2026-09-30,36.7,38.0,36.0,37.25,154317
ATLANTAA,2026-10-01,37.0,37.98,35.2,35.71,448047
ATLANTAA,2026-10-05,35.79,37.44,34.2,34.97,69328
ATLANTAA,2026-10-06,34.97,36.39,34.12,35.34,18256
ATLANTAELE,2026-09-29,1605.0,1657.4,1584.2,1634.2,157786
ATLANTAELE,2026-09-30,1615.0,1652.5,1600.0,1608.1,85264
ATLANTAELE,2026-10-01,1608.0,1738.8,1596.0,1716.5,345205
ATLANTAELE,2026-10-05,1745.5,1888.1,1725.0,1882.9,379316
ATLANTAELE,2026-10-06,1900.5,1968.3,1856.6,1869.3,338885
ATLASCYCLE,2026-09-29,93.0,100.0,91.66,94.86,40780
ATLASCYCLE,2026-09-30,95.0,97.0,93.05,93.53,4894
ATLASCYCLE,2026-10-01,93.54,95.68,90.7,91.74,10125
ATLASCYCLE,2026-10-05,91.74,93.0,90.5,91.3,2877
ATLASCYCLE,2026-10-06,89.55,95.0,89.55,92.93,7194
ATMASTCO,2026-09-28,115.2,115.5,112.3,112.55,30400
ATMASTCO,2026-09-29,111.55,115.35,111.0,115.05,10800
ATMASTCO,2026-09-30,115.05,115.8,114.0,114.0,8000
ATMASTCO,2026-10-01,115.55,117.0,114.25,115.5,8800
ATMASTCO,2026-10-05,112.2,119.4,112.0,114.65,15600
ATUL,2026-09-30,5980.0,6064.5,5881.0,5915.5,61199
ATUL,2026-10-01,5910.0,5944.5,5798.0,5861.0,22403
ATUL,2026-10-02,5861.0,5861.0,5861.0,5861.0,0
ATUL,2026-10-05,5899.0,5930.0,5827.5,5856.0,41593
ATUL,2026-10-06,5918.0,6015.0,5835.0,6000.0,37620
ATULAUTO,2026-09-29,438.6,440.7,432.6,438.75,45338
ATULAUTO,2026-09-30,440.0,454.0,440.0,448.15,83527
ATULAUTO,2026-10-01,449.65,467.95,420.25,424.8,671718
ATULAUTO,2026-10-05,422.7,431.7,422.65,424.5,65738
ATULAUTO,2026-10-06,424.5,429.35,424.5,427.5,42113
AUBANK,2026-09-30,1001.9,1015.1,995.2,1010.3,1358165
AUBANK,2026-10-01,1009.0,1009.0,974.2,987.0,2487890
AUBANK,2026-10-02,987.0,987.0,987.0,987.0,0
AUBANK,2026-10-05,1000.0,1035.7,999.1,1029.2,3358977
AUBANK,2026-10-06,1034.7,1037.7,1015.9,1028.0,1179229
AUGMONT,2026-09-30,1074.0,1138.5,1014.3,1086.55,2989279
AUGMONT,2026-10-01,1105.0,1195.2,1105.0,1195.2,2504499
AUGMONT,2026-10-02,1195.2,1195.2,1195.2,1195.2,0
AUGMONT,2026-10-05,1224.0,1254.9,1177.0,1223.3,1400524
AUGMONT,2026-10-06,1204.0,1234.8,1162.2,1162.2,568048
AURIONPRO,2026-09-29,644.25,654.0,632.05,634.2,119838
AURIONPRO,2026-09-30,639.5,645.0,620.0,622.1,128401
AURIONPRO,2026-10-01,622.1,629.0,593.35,607.8,181004
AURIONPRO,2026-10-05,607.8,640.0,595.0,598.5,353216
AURIONPRO,2026-10-06,610.0,625.0,602.0,616.05,172773
AUROIMPEX,2026-09-29,44.95,44.95,43.0,43.0,17600
AUROIMPEX,2026-09-30,43.0,43.0,40.85,40.85,14400
AUROIMPEX,2026-10-01,40.85,40.85,40.85,40.85,0
AUROIMPEX,2026-10-02,40.85,40.85,40.85,40.85,0
AUROIMPEX,2026-10-05,36.95,38.2,36.95,38.2,30400
AUROPHARMA,2026-09-30,1696.0,1707.2,1649.3,1672.0,1138610
AUROPHARMA,2026-10-01,1677.9,1700.7,1654.2,1676.8,1074057
AUROPHARMA,2026-10-02,1676.8,1676.8,1676.8,1676.8,0
AUROPHARMA,2026-10-05,1693.7,1696.0,1663.1,1674.9,958714
AUROPHARMA,2026-10-06,1676.0,1694.7,1670.9,1692.8,1009591
AURUM,2026-09-29,217.4,222.16,217.08,220.31,64994
AURUM,2026-09-30,221.8,238.54,220.06,232.37,461824
AURUM,2026-10-01,231.0,231.5,220.33,223.41,104235
AURUM,2026-10-05,223.5,227.0,220.38,223.61,48055
AURUM,2026-10-06,226.12,234.0,223.08,231.14,135512
AURUS,2026-09-29,4.62,4.73,4.21,4.57,35099
AURUS,2026-09-30,4.77,4.77,4.36,4.43,43033
AURUS,2026-10-01,4.43,4.62,4.32,4.4,16761
AURUS,2026-10-05,4.54,4.54,4.06,4.23,92879
AURUS,2026-10-06,4.29,4.41,4.11,4.29,12082
AUSOMENT,2026-09-29,142.31,146.75,140.0,143.75,3948
AUSOMENT,2026-09-30,142.31,145.9,139.01,140.68,4187
AUSOMENT,2026-10-01,140.0,140.68,138.01,139.0,1677
AUSOMENT,2026-10-05,139.0,144.88,134.05,137.81,1244
AUSOMENT,2026-10-06,140.89,140.89,135.41,137.48,1865
AUSTENG,2026-09-29,160.0,160.0,152.01,158.0,6599
AUSTENG,2026-09-30,159.72,176.45,155.5,171.52,54150
AUSTENG,2026-10-01,175.0,176.5,165.12,167.72,33542
AUSTENG,2026-10-05,177.9,177.9,153.7,161.95,5623
AUSTENG,2026-10-06,161.4,168.79,158.0,166.43,8508
AUTOAXLES,2026-09-29,1675.0,1709.0,1665.1,1699.6,8595
AUTOAXLES,2026-09-30,1682.0,1717.0,1680.0,1706.5,2884
AUTOAXLES,2026-10-01,1710.0,1715.0,1668.1,1683.0,9485
AUTOAXLES,2026-10-05,1683.0,1693.8,1617.0,1624.9,10044
AUTOAXLES,2026-10-06,1625.0,1648.2,1624.9,1638.1,2484
AUTOIND,2026-09-29,83.4,83.4,80.6,81.99,82896
AUTOIND,2026-09-30,81.11,84.25,81.11,82.66,106738
AUTOIND,2026-10-01,82.0,83.19,78.51,81.4,141949
AUTOIND,2026-10-05,84.0,84.98,82.0,83.17,84050
AUTOIND,2026-10-06,83.9,86.11,82.21,85.82,114247
AVADHSUGAR,2026-09-30,793.45,817.1,786.6,800.2,100923
AVADHSUGAR,2026-10-01,807.85,807.85,744.0,764.6,124667
AVADHSUGAR,2026-10-02,764.6,764.6,764.6,764.6,0
AVADHSUGAR,2026-10-05,776.05,841.05,776.05,840.35,292584
AVADHSUGAR,2026-10-06,870.45,898.8,856.0,873.3,523415
AVALON,2026-09-29,2300.0,2343.0,2240.0,2302.0,210915
AVALON,2026-09-30,2205.0,2319.5,2180.0,2296.7,2010767
AVALON,2026-10-01,2288.0,2357.0,2214.3,2280.2,321345
AVALON,2026-10-05,2280.2,2339.0,2242.0,2256.3,310553
AVALON,2026-10-06,2295.0,2416.6001,2286.8999,2400.3999,565915
AVANCE,2026-09-29,0.85,0.87,0.83,0.85,6148649
AVANCE,2026-09-30,0.85,0.86,0.82,0.82,8121839
AVANCE,2026-10-01,0.82,0.84,0.8,0.8,4173288
AVANCE,2026-10-05,0.8,0.83,0.78,0.79,4823476
AVANCE,2026-10-06,0.81,0.81,0.77,0.77,7202907
AVANTEL,2026-09-30,149.02,156.5,149.0,154.06,1744909
AVANTEL,2026-10-01,152.79,153.01,147.6,150.28,1236855
AVANTEL,2026-10-02,150.28,150.28,150.28,150.28,0
AVANTEL,2026-10-05,152.0,152.59,147.0,147.59,892887
AVANTEL,2026-10-06,148.11,152.0,148.1,151.08,691196
AVANTIFEED,2026-09-30,751.0,759.1,715.0,717.8,468691
AVANTIFEED,2026-10-01,713.25,724.85,700.0,711.55,325188
AVANTIFEED,2026-10-02,711.55,711.55,711.55,711.55,0
AVANTIFEED,2026-10-05,713.1,717.95,705.15,711.1,187707
AVANTIFEED,2026-10-06,714.65,720.75,709.0,714.1,139630
AVG,2026-09-29,160.5,167.6,160.5,164.53,8022
AVG,2026-09-30,164.53,170.0,163.35,167.23,9678
AVG,2026-10-01,172.0,172.0,162.0,166.0,5213
AVG,2026-10-05,169.97,184.8,165.0,168.15,10536
AVG,2026-10-06,168.15,174.0,165.0,172.06,75033
AVL,2026-09-29,597.5,597.5,584.0,585.8,91169
AVL,2026-09-30,591.0,599.8,576.3,594.35,107338
AVL,2026-10-01,597.7,597.7,560.9,572.3,241841
AVL,2026-10-05,572.3,606.0,566.35,601.05,400252
AVL,2026-10-06,604.25,606.9,589.25,595.1,85771
AVONMORE,2026-09-29,12.66,13.24,12.36,12.99,257037
AVONMORE,2026-09-30,13.42,13.42,12.75,12.94,106930
AVONMORE,2026-10-01,13.1,13.49,12.55,12.79,92766
AVONMORE,2026-10-05,12.85,12.99,12.37,12.49,56219
AVONMORE,2026-10-06,13.06,13.06,12.44,12.55,66078
AVPINFRA,2026-09-28,55.8,57.05,54.15,54.55,38400
AVPINFRA,2026-09-29,54.5,55.8,53.05,55.0,72000
AVPINFRA,2026-09-30,58.0,60.3,57.5,59.55,76800
AVPINFRA,2026-10-01,58.95,58.95,55.5,56.75,24000
AVPINFRA,2026-10-05,57.0,57.0,54.5,55.9,28800
AVROIND,2026-09-29,7.0,7.0,6.83,6.98,72252
AVROIND,2026-09-30,7.13,7.18,6.8,6.83,93679
AVROIND,2026-10-01,6.99,6.99,6.58,6.68,47444
AVROIND,2026-10-05,6.68,7.34,6.28,6.97,577078
AVROIND,2026-10-06,6.65,7.29,6.65,6.85,145851
AVTNPL,2026-09-29,86.71,93.5,85.0,92.2,555777
AVTNPL,2026-09-30,93.0,93.49,90.41,91.29,232448
AVTNPL,2026-10-01,91.2,91.2,86.0,87.85,198387
AVTNPL,2026-10-05,87.85,93.17,86.55,88.84,631535
AVTNPL,2026-10-06,89.82,91.9,89.28,90.18,127373
AWFIS,2026-09-29,250.4,251.7,244.05,247.1,471717
AWFIS,2026-09-30,249.35,250.7,242.6,244.1,196593
AWFIS,2026-10-01,244.1,246.6,233.51,235.26,458720
AWFIS,2026-10-05,235.0,244.0,234.5,235.59,348755
AWFIS,2026-10-06,235.59,249.0,235.0,243.54,547536
AWHCL,2026-09-29,369.0,377.8,361.0,364.35,64886
AWHCL,2026-09-30,364.35,371.7,361.05,364.55,68038
AWHCL,2026-10-01,364.55,365.05,347.0,355.4,92442
AWHCL,2026-10-05,355.8,359.0,346.6,350.4,62596
AWHCL,2026-10-06,355.5,364.05,351.4,355.2,69419
AWL,2026-09-30,178.95,181.3,177.11,177.68,910512
AWL,2026-10-01,176.61,178.9,173.65,175.43,1991498
AWL,2026-10-02,175.43,175.43,175.43,175.43,0
AWL,2026-10-05,176.47,178.9,174.06,176.15,831209
AWL,2026-10-06,179.45,187.88,178.65,185.93,4711188
AXISBANK,2026-09-30,1201.1,1237.1,1201.1,1226.0,6178741
AXISBANK,2026-10-01,1219.1,1241.6,1215.3,1217.1,7005197
AXISBANK,2026-10-02,1217.1,1217.1,1217.1,1217.1,0
AXISBANK,2026-10-05,1229.0,1237.4,1216.4,1222.2,7472163
AXISBANK,2026-10-06,1234.0,1251.9,1232.0,1248.0,7517871
AXISCADES,2026-09-29,2034.0,2067.3999,1970.8,2067.3999,793589
AXISCADES,2026-09-30,2070.0,2274.1001,2070.0,2231.2,1248290
AXISCADES,2026-10-01,2226.1001,2349.6001,2160.3,2307.3,681040
AXISCADES,2026-10-05,2324.0,2360.0,2252.0,2282.3,255708
AXISCADES,2026-10-06,2280.0,2300.0,2252.3,2288.5,141114
AXITA,2026-09-29,7.96,7.98,7.79,7.81,1346408
AXITA,2026-09-30,7.84,7.86,7.7,7.71,504922
AXITA,2026-10-01,7.69,7.69,7.56,7.58,1182454
AXITA,2026-10-05,7.69,7.69,7.56,7.59,901703
AXITA,2026-10-06,7.59,7.63,7.17,7.51,223090
AXTEL,2026-09-29,439.75,450.0,427.5,443.65,4989
AXTEL,2026-09-30,447.5,447.5,438.2,440.8,5897
AXTEL,2026-10-01,436.25,444.0,434.15,435.45,2288
AXTEL,2026-10-05,439.75,445.4,425.05,430.4,1797
AXTEL,2026-10-06,430.0,450.95,430.0,447.95,4749
AYE,2026-09-29,163.3,163.3,156.72,159.7,931769
AYE,2026-09-30,160.7,161.29,155.0,155.89,864881
AYE,2026-10-01,154.34,164.48,152.5,163.29,1485970
AYE,2026-10-05,164.41,167.5,159.0,162.75,898907
AYE,2026-10-06,162.57,166.78,162.57,165.56,319868
AYMSYNTEX,2026-09-29,292.0,299.0,276.15,285.95,214490
AYMSYNTEX,2026-09-30,292.35,300.25,290.05,292.15,44125
AYMSYNTEX,2026-10-01,293.15,295.9,271.65,279.95,157272
AYMSYNTEX,2026-10-05,280.2,288.7,279.8,283.15,33782
AYMSYNTEX,2026-10-06,286.0,292.8,281.3,289.25,32944
AZAD,2026-09-30,2941.0,3127.8999,2875.6001,2963.2,5708538
AZAD,2026-10-01,2982.0,2982.0,2825.1001,2860.8999,1334621
AZAD,2026-10-02,2860.8999,2860.8999,2860.8999,2860.8999,0
AZAD,2026-10-05,2875.0,2937.2,2843.5,2927.2,800736
AZAD,2026-10-06,2940.0,3091.7,2905.5,3062.6001,1328548
AZADIND,2026-09-30,80.84,88.1,80.01,84.6,77601
AZADIND,2026-10-01,85.01,88.89,84.98,85.95,233540
AZADIND,2026-10-02,85.95,85.95,85.95,85.95,0
AZADIND,2026-10-05,86.5,88.87,80.0,83.05,143982
AZADIND,2026-10-06,83.8,83.8,80.02,80.94,41546
BABAFP,2026-09-28,22.4,22.4,22.4,22.4,1600
BABAFP,2026-09-29,22.4,22.4,22.4,22.4,0
BABAFP,2026-09-30,22.4,22.4,22.2,22.2,3200
BABAFP,2026-10-01,22.5,22.5,21.3,21.3,3200
BABAFP,2026-10-05,21.3,21.3,21.3,21.3,0
BAFNAPH,2026-09-29,364.15,364.15,364.15,364.15,4801
BAFNAPH,2026-09-30,371.35,371.4,371.35,371.35,546
BAFNAPH,2026-10-01,378.75,378.75,378.75,378.75,500
BAFNAPH,2026-10-05,386.3,386.3,386.3,386.3,1169
BAFNAPH,2026-10-06,394.0,394.0,393.0,394.0,480
BAGFILMS,2026-09-29,4.25,4.32,4.0,4.1,100884
BAGFILMS,2026-09-30,4.02,4.23,3.9,4.1,61189
BAGFILMS,2026-10-01,4.18,4.18,4.01,4.07,27797
BAGFILMS,2026-10-05,4.07,4.18,4.02,4.1,29972
BAGFILMS,2026-10-06,4.14,4.17,4.05,4.11,63985
BAHETI,2026-09-28,769.0,776.0,755.05,766.25,11625
BAHETI,2026-09-29,777.0,777.0,755.0,765.0,25500
BAHETI,2026-09-30,771.0,775.0,746.0,748.5,15375
BAHETI,2026-10-01,747.0,748.0,721.05,733.1,15750
BAHETI,2026-10-05,733.0,747.0,725.0,735.0,19875
BAIDFIN,2026-09-29,10.61,11.2,10.39,10.45,77641
BAIDFIN,2026-09-30,10.26,10.7,10.26,10.38,74200
BAIDFIN,2026-10-01,10.38,10.5,10.15,10.31,42200
BAIDFIN,2026-10-05,10.22,10.57,10.22,10.33,25931
BAIDFIN,2026-10-06,10.6,10.79,9.83,10.32,39796
BAJAJCON,2026-09-30,499.0,503.9,493.45,495.55,260252
BAJAJCON,2026-10-01,495.0,502.6,487.0,497.05,519447
BAJAJCON,2026-10-02,497.05,497.05,497.05,497.05,0
BAJAJCON,2026-10-05,497.0,499.4,477.95,480.35,365485
BAJAJCON,2026-10-06,484.0,496.5,483.05,493.5,284884
BAJAJELEC,2026-09-29,313.15,313.35,304.0,309.85,348608
BAJAJELEC,2026-09-30,309.0,315.0,302.15,303.4,155806
BAJAJELEC,2026-10-01,303.05,306.15,296.0,299.8,107359
BAJAJELEC,2026-10-05,302.0,305.2,297.4,299.25,92225
BAJAJELEC,2026-10-06,299.45,305.25,298.75,300.25,104900
BAJAJFINSV,2026-09-30,1742.4,1748.0,1702.1,1731.0,1086211
BAJAJFINSV,2026-10-01,1723.0,1734.9,1703.4,1732.6,2292234
BAJAJFINSV,2026-10-02,1732.6,1732.6,1732.6,1732.6,0
BAJAJFINSV,2026-10-05,1744.8,1760.9,1732.6,1751.4,1075845
BAJAJFINSV,2026-10-06,1751.0,1754.0,1737.8,1752.4,552131
BAJAJHCARE,2026-09-29,336.0,341.1,332.1,335.0,128214
BAJAJHCARE,2026-09-30,337.8,338.0,325.15,327.2,84330
BAJAJHCARE,2026-10-01,325.0,325.5,316.35,322.95,128069
BAJAJHCARE,2026-10-05,320.1,329.0,317.1,319.1,121713
BAJAJHCARE,2026-10-06,323.0,324.0,317.5,323.1,79462
BAJAJHFL,2026-09-29,82.5,82.5,81.06,81.26,2829444
BAJAJHFL,2026-09-30,81.33,83.4,81.33,82.0,4275068
BAJAJHFL,2026-10-01,82.0,83.19,81.06,82.91,5602067
BAJAJHFL,2026-10-05,83.99,84.05,81.61,82.79,3691800
BAJAJHFL,2026-10-06,82.79,83.09,82.12,82.36,1962696
BAJAJHIND,2026-09-30,20.09,20.51,19.41,19.54,12481018
BAJAJHIND,2026-10-01,19.5,19.54,18.8,19.19,10262513
BAJAJHIND,2026-10-02,19.19,19.19,19.19,19.19,0
BAJAJHIND,2026-10-05,19.5,20.23,19.5,19.96,15512797
BAJAJHIND,2026-10-06,20.5,21.49,20.42,21.33,31046427
BAJAJHLDNG,2026-09-29,10730.0,10873.0,10600.0,10600.0,65092
BAJAJHLDNG,2026-09-30,10686.0,10805.0,10655.0,10788.0,40117
BAJAJHLDNG,2026-10-01,10775.0,10775.0,10415.0,10666.0,39942
BAJAJHLDNG,2026-10-05,10580.0,10892.0,10554.0,10732.0,50104
BAJAJHLDNG,2026-10-06,10732.0,10798.0,10555.0,10600.0,39811
BAJAJINDEF,2026-09-29,212.06,215.99,209.05,213.11,11971
BAJAJINDEF,2026-09-30,219.44,226.0,210.2,211.02,8436
BAJAJINDEF,2026-10-01,211.02,213.58,201.5,208.52,13085
BAJAJINDEF,2026-10-05,209.03,211.71,201.0,202.19,20558
BAJAJINDEF,2026-10-06,204.08,209.69,202.03,207.21,9841
BAJAJST,2026-09-29,341.0,352.5,339.0,345.1,3869
BAJAJST,2026-09-30,345.1,347.75,340.0,345.45,7198
BAJAJST,2026-10-01,349.0,350.0,326.1,335.7,10573
BAJAJST,2026-10-05,335.0,339.0,322.0,328.75,16237
BAJAJST,2026-10-06,322.3,327.95,322.0,324.4,9801
BAJEL,2026-09-29,169.01,171.6,166.62,170.2,153241
BAJEL,2026-09-30,168.93,172.56,163.5,164.9,199105
BAJEL,2026-10-01,164.9,165.39,159.0,163.63,151355
BAJEL,2026-10-05,163.8,165.99,162.12,164.05,79333
BAJEL,2026-10-06,165.0,165.96,163.1,164.08,130023
BAJFINANCE,2026-09-30,981.5,981.5,955.8,959.4,6625616
BAJFINANCE,2026-10-01,953.9,955.95,937.3,948.3,5698769
BAJFINANCE,2026-10-02,948.3,948.3,948.3,948.3,0
BAJFINANCE,2026-10-05,962.55,995.8,962.55,970.0,12682669
BAJFINANCE,2026-10-06,970.0,973.25,957.0,963.1,4379215
BALAJEE,2026-09-29,25.0,25.94,24.51,25.43,24908
BALAJEE,2026-09-30,24.67,26.44,24.67,25.2,36875
BALAJEE,2026-10-01,25.72,25.72,24.6,25.2,15952
BALAJEE,2026-10-05,24.4,25.4,24.4,24.8,46462
BALAJEE,2026-10-06,25.42,25.42,23.2,24.24,62884
BALAJITELE,2026-09-30,91.74,93.78,90.71,91.26,130429
BALAJITELE,2026-10-01,91.25,92.46,88.0,90.04,383292
BALAJITELE,2026-10-02,90.04,90.04,90.04,90.04,0
BALAJITELE,2026-10-05,90.1,91.88,88.5,90.61,54523
BALAJITELE,2026-10-06,91.45,91.69,89.11,90.56,80165
BALAMINES,2026-09-30,2143.0,2179.0,2095.0,2118.5,117148
BALAMINES,2026-10-01,2120.0,2129.3999,2011.5,2052.2,213491
BALAMINES,2026-10-02,2052.2,2052.2,2052.2,2052.2,0
BALAMINES,2026-10-05,2052.0,2075.0,1936.0,1957.8,289399
BALAMINES,2026-10-06,1961.0,2349.3,1961.0,2287.7,2585661
BALAXI,2026-09-29,22.39,23.45,22.05,23.02,18116
BALAXI,2026-09-30,23.4,23.4,22.55,22.78,11994
BALAXI,2026-10-01,23.19,23.19,22.2,22.34,20508
BALAXI,2026-10-05,22.06,23.05,22.06,22.77,22927
BALAXI,2026-10-06,23.0,23.0,22.32,22.67,8384
BALKRISHNA,2026-09-29,16.11,16.58,15.8,15.87,13114
BALKRISHNA,2026-09-30,15.88,16.49,15.76,16.29,4016
BALKRISHNA,2026-10-01,15.76,16.5,15.36,15.94,7587
BALKRISHNA,2026-10-05,15.95,16.1,15.95,16.0,2251
BALKRISHNA,2026-10-06,16.95,16.95,15.76,16.21,2770
BALKRISIND,2026-09-29,2151.3,2162.8,2115.8,2126.2,142506
BALKRISIND,2026-09-30,2121.6001,2155.0,2105.7,2117.0,119706
BALKRISIND,2026-10-01,2101.0,2108.0,2048.8999,2083.5,326468
BALKRISIND,2026-10-05,2083.5,2097.8999,2059.0,2066.5,95715
BALKRISIND,2026-10-06,2069.8999,2103.8999,2050.6001,2082.7,122684
BALMLAWRIE,2026-09-29,162.3,162.47,160.11,161.59,73371
BALMLAWRIE,2026-09-30,161.0,165.65,161.0,161.16,90994
BALMLAWRIE,2026-10-01,161.16,161.26,158.1,159.3,116563
BALMLAWRIE,2026-10-05,161.75,162.0,157.5,158.59,112768
BALMLAWRIE,2026-10-06,159.5,160.16,149.85,158.78,210126
BALPHARMA,2026-09-29,105.39,114.63,105.06,112.11,237163
BALPHARMA,2026-09-30,112.44,113.38,109.0,109.53,41420
BALPHARMA,2026-10-01,109.1,110.0,104.51,105.74,54348
BALPHARMA,2026-10-05,106.95,109.79,105.11,106.79,25522
BALPHARMA,2026-10-06,103.01,105.0,101.46,101.46,21864
BALRAMCHIN,2026-09-30,678.0,688.4,654.0,662.85,1285691
BALRAMCHIN,2026-10-01,660.0,666.55,638.0,649.05,838261
BALRAMCHIN,2026-10-02,649.05,649.05,649.05,649.05,0
BALRAMCHIN,2026-10-05,652.55,679.5,652.55,671.5,1055611
BALRAMCHIN,2026-10-06,685.0,714.5,682.35,691.3,2257220
BALUFORGE,2026-09-30,505.0,511.95,493.5,496.35,310853
BALUFORGE,2026-10-01,494.0,496.25,479.0,488.95,375442
BALUFORGE,2026-10-02,488.95,488.95,488.95,488.95,0
BALUFORGE,2026-10-05,494.15,512.5,491.7,502.8,468122
BALUFORGE,2026-10-06,507.8,529.0,503.05,526.95,777793
BANARBEADS,2026-09-29,119.6,119.8,113.1,115.25,3610
BANARBEADS,2026-09-30,115.25,124.7,115.0,120.75,3639
BANARBEADS,2026-10-01,120.85,122.0,116.0,116.0,1632
BANARBEADS,2026-10-05,116.25,119.98,115.01,115.04,776
BANARBEADS,2026-10-06,118.98,119.65,116.11,116.11,1275
BANARISUG,2026-09-30,3245.1001,3329.2,3245.1001,3300.2,308
BANARISUG,2026-10-01,3300.2,3327.0,3261.0,3300.5,1105
BANARISUG,2026-10-02,3300.5,3300.5,3300.5,3300.5,0
BANARISUG,2026-10-05,3327.5,3342.0,3272.2,3296.8,558
BANARISUG,2026-10-06,3300.0,3439.8999,3300.0,3349.3,1405
BANCOINDIA,2026-09-30,598.3,617.45,598.3,606.3,110117
BANCOINDIA,2026-10-01,604.0,604.0,584.35,589.85,78841
BANCOINDIA,2026-10-02,589.85,589.85,589.85,589.85,0
BANCOINDIA,2026-10-05,590.35,597.8,579.7,589.8,79775
BANCOINDIA,2026-10-06,590.0,604.6,590.0,602.65,54275
BANDHANBNK,2026-09-30,184.01,184.37,177.26,178.23,13031625
BANDHANBNK,2026-10-01,178.25,180.93,172.86,176.0,11142144
BANDHANBNK,2026-10-02,176.0,176.0,176.0,176.0,0
BANDHANBNK,2026-10-05,176.0,176.73,168.05,168.27,18154959
BANDHANBNK,2026-10-06,169.11,170.85,162.46,164.15,12128275
BANG,2026-09-29,32.4,32.68,31.42,31.68,11450
BANG,2026-09-30,31.53,32.8,30.92,32.27,21308
BANG,2026-10-01,32.98,32.98,31.3,31.44,30072
BANG,2026-10-05,32.0,33.9,31.45,33.28,48172
BANG,2026-10-06,33.28,34.4,32.5,33.49,57018
BANKA,2026-09-29,72.0,72.4,70.5,70.52,3034
BANKA,2026-09-30,70.52,72.0,70.0,70.0,918
BANKA,2026-10-01,70.0,70.5,67.75,68.51,19107
BANKA,2026-10-05,69.99,70.8,68.0,69.84,2444
BANKA,2026-10-06,69.84,70.4,66.95,69.5,962
BANKBARODA,2026-09-30,230.4,235.7,230.29,230.55,10920670
BANKBARODA,2026-10-01,230.0,233.99,229.52,230.82,9034271
BANKBARODA,2026-10-02,230.82,230.82,230.82,230.82,0
BANKBARODA,2026-10-05,233.11,237.32,231.93,232.8,10802904
BANKBARODA,2026-10-06,233.02,234.8,231.8,232.73,5312516
BANKINDIA,2026-09-30,130.89,132.73,130.24,130.24,5018149
BANKINDIA,2026-10-01,130.0,131.11,126.73,129.48,4296454
BANKINDIA,2026-10-02,129.48,129.48,129.48,129.48,0
BANKINDIA,2026-10-05,132.09,136.27,132.0,133.5,15657633
BANKINDIA,2026-10-06,133.4,133.72,131.62,132.16,3277008
BANSALWIRE,2026-09-29,319.75,330.0,319.75,327.65,125973
BANSALWIRE,2026-09-30,330.35,333.95,322.0,323.45,109681
BANSALWIRE,2026-10-01,325.8,325.8,317.0,323.05,76604
BANSALWIRE,2026-10-05,323.0,327.7,321.0,323.05,40679
BANSALWIRE,2026-10-06,323.05,335.2,323.05,325.7,100324
BANSWRAS,2026-09-29,109.9,109.9,106.21,107.31,9777
BANSWRAS,2026-09-30,110.43,110.43,107.27,108.61,7017
BANSWRAS,2026-10-01,109.05,109.5,104.41,105.1,22416
BANSWRAS,2026-10-05,105.08,106.79,102.1,102.93,19481
BANSWRAS,2026-10-06,105.93,105.93,104.41,105.09,14812
BASF,2026-09-29,3495.8,3520.8999,3411.0,3435.6001,16267
BASF,2026-09-30,3445.0,3515.8,3438.6001,3447.8,10894
BASF,2026-10-01,3450.2,3452.0,3363.3,3417.1001,11006
BASF,2026-10-05,3440.0,3480.0,3390.0,3406.0,9380
BASF,2026-10-06,3448.3999,3507.8,3406.1001,3472.1001,20716
BASILIC,2026-09-28,164.0,167.3,161.05,167.3,9600
BASILIC,2026-09-29,165.0,180.0,165.0,175.05,61500
BASILIC,2026-09-30,178.0,178.0,165.1,171.65,13800
BASILIC,2026-10-01,165.7,180.0,165.5,178.45,58200
BASILIC,2026-10-05,179.5,185.0,176.55,182.95,20400
BASML,2026-09-30,23.48,23.74,22.99,23.0,38632
BASML,2026-10-01,22.97,22.97,22.02,22.66,69255
BASML,2026-10-02,22.66,22.66,22.66,22.66,0
BASML,2026-10-05,23.19,24.5,22.45,22.54,84637
BASML,2026-10-06,22.51,23.3,22.51,22.88,34084
BATAINDIA,2026-09-29,624.7,628.9,613.0,620.35,137084
BATAINDIA,2026-09-30,620.4,627.0,617.05,618.75,59998
BATAINDIA,2026-10-01,618.8,622.85,606.15,613.0,126719
BATAINDIA,2026-10-05,613.0,617.9,608.0,611.05,76879
BATAINDIA,2026-10-06,612.55,623.95,611.2,619.85,71929
BATLIBOI,2026-09-29,84.6,85.9,82.55,85.24,24049
BATLIBOI,2026-09-30,85.85,86.9,82.58,82.95,26225
BATLIBOI,2026-10-01,83.9,84.0,79.24,82.35,25936
BATLIBOI,2026-10-05,84.0,90.61,81.5,89.78,106409
BATLIBOI,2026-10-06,89.8,99.32,89.75,96.16,258904
BAWEJA,2026-09-28,25.45,26.0,25.25,26.0,2400
BAWEJA,2026-09-29,26.0,26.0,26.0,26.0,0
BAWEJA,2026-09-30,25.65,25.65,25.65,25.65,1600
BAWEJA,2026-10-01,28.0,28.2,26.5,26.5,24800
BAWEJA,2026-10-05,26.95,27.0,26.1,26.1,4000
BAYERCROP,2026-09-29,3648.0,3669.6001,3575.0,3602.7,148960
BAYERCROP,2026-09-30,3615.0,3665.8,3615.0,3627.6001,21117
BAYERCROP,2026-10-01,3620.0,3620.0,3513.0,3554.2,22516
BAYERCROP,2026-10-05,3573.0,3585.0,3502.0,3508.8999,17648
BAYERCROP,2026-10-06,3508.8999,3554.2,3508.0,3533.3999,17925
BBL,2026-09-29,2120.5,2169.7,2053.1001,2123.7,21374
BBL,2026-09-30,2129.3999,2163.7,2091.6001,2095.2,13884
BBL,2026-10-01,2098.0,2126.3999,2050.1001,2069.6001,30611
BBL,2026-10-05,2105.8999,2108.8999,2051.0,2058.8,15489
BBL,2026-10-06,2062.0,2084.3999,2041.7,2068.8,26540
BBOX,2026-09-29,786.0,828.4,783.0,812.8,1236329
BBOX,2026-09-30,820.0,854.6,800.25,804.8,1137619
BBOX,2026-10-01,804.85,825.55,782.65,795.85,735809
BBOX,2026-10-05,800.0,823.65,794.2,812.5,542405
BBOX,2026-10-06,816.0,844.55,805.65,839.95,1120205
BBTC,2026-09-29,1415.0,1415.0,1350.0,1355.0,240571
BBTC,2026-09-30,1362.4,1378.8,1350.0,1357.4,24685
BBTC,2026-10-01,1346.4,1351.4,1307.0,1334.2,78135
BBTC,2026-10-05,1335.2,1350.0,1301.3,1304.5,78011
BBTC,2026-10-06,1300.0,1305.0,1284.0,1298.2,93569
BBTCL,2026-09-29,234.9,234.9,226.57,228.15,4181
BBTCL,2026-09-30,233.3,233.3,225.62,228.67,627
BBTCL,2026-10-01,233.5,233.5,227.46,229.49,2533
BBTCL,2026-10-05,228.0,237.73,225.3,234.94,5929
BBTCL,2026-10-06,234.94,241.94,230.02,233.12,5089
BCG,2026-09-29,9.37,9.44,9.2,9.28,3577362
BCG,2026-09-30,9.2,9.42,9.2,9.22,3466176
BCG,2026-10-01,9.18,9.8,9.0,9.52,7417823
BCG,2026-10-05,9.72,9.74,9.05,9.17,9004653
BCG,2026-10-06,9.22,9.22,8.89,9.07,4615866
BCLIND,2026-09-29,32.51,32.8,31.75,32.42,318329
BCLIND,2026-09-30,32.42,32.74,31.51,31.79,223784
BCLIND,2026-10-01,31.7,31.77,30.41,31.24,529504
BCLIND,2026-10-05,31.31,32.14,31.05,31.29,523094
BCLIND,2026-10-06,31.42,32.19,31.36,32.03,364947
BCONCEPTS,2026-09-29,146.0,146.0,138.0,139.25,24778
BCONCEPTS,2026-09-30,144.9,145.77,136.5,140.66,6718
BCONCEPTS,2026-10-01,139.95,145.32,137.42,140.41,7732
BCONCEPTS,2026-10-05,143.06,143.89,137.36,139.23,6700
BCONCEPTS,2026-10-06,142.43,150.12,140.1,146.88,16446
BCPL,2026-09-29,69.65,69.65,67.25,68.12,2531
BCPL,2026-09-30,67.8,71.9,65.4,68.86,28331
BCPL,2026-10-01,68.0,69.0,66.0,67.25,12237
BCPL,2026-10-05,68.8,68.8,66.1,67.0,7536
BCPL,2026-10-06,68.0,69.8,66.0,67.24,17636
BDL,2026-09-29,1112.7,1117.0,1085.1,1085.1,1081355
BDL,2026-09-30,1091.0,1127.6,1091.0,1110.1,1193043
BDL,2026-10-01,1103.0,1115.7,1071.2,1087.9,928850
BDL,2026-10-05,1087.9,1102.8,1082.1,1096.2,660761
BDL,2026-10-06,1096.2,1111.0,1092.2,1101.8,728524
BEACON,2026-09-28,87.95,90.0,84.5,87.0,12000
BEACON,2026-09-29,87.85,88.0,84.5,85.0,9000
BEACON,2026-09-30,85.5,85.5,85.5,85.5,1000
BEACON,2026-10-01,85.0,88.95,84.5,85.0,10000
BEACON,2026-10-05,85.0,85.15,85.0,85.15,6000
BEARDSELL,2026-09-29,24.58,24.99,23.07,23.32,138284
BEARDSELL,2026-09-30,24.44,24.44,22.02,22.43,82174
BEARDSELL,2026-10-01,23.48,23.48,21.21,22.13,43859
BEARDSELL,2026-10-05,22.3,23.15,22.17,22.76,23832
BEARDSELL,2026-10-06,23.5,23.5,22.11,22.5,24500
BECTORFOOD,2026-09-29,211.47,212.94,207.39,208.7,454443
BECTORFOOD,2026-09-30,209.9,211.6,205.3,206.74,816875
BECTORFOOD,2026-10-01,205.5,216.14,205.03,213.03,1664376
BECTORFOOD,2026-10-05,213.03,213.99,208.61,210.83,428214
BECTORFOOD,2026-10-06,211.25,214.99,211.11,212.16,335112
BEDMUTHA,2026-09-29,110.32,112.2,106.62,107.46,2521
BEDMUTHA,2026-09-30,109.2,111.97,105.1,109.96,7028
BEDMUTHA,2026-10-01,109.96,112.11,107.5,110.33,4916
BEDMUTHA,2026-10-05,108.0,108.99,105.1,107.25,2006
BEDMUTHA,2026-10-06,106.18,108.56,104.99,106.23,15926
BEEKAY,2026-09-30,433.35,480.0,433.35,452.95,12184
BEEKAY,2026-10-01,462.7,475.0,431.3,435.4,3732
BEEKAY,2026-10-02,435.4,435.4,435.4,435.4,0
BEEKAY,2026-10-05,435.05,443.55,424.0,426.9,1073
BEEKAY,2026-10-06,425.05,442.0,425.05,434.1,1114
BEL,2026-09-30,386.4,391.0,385.0,388.3,9671143
BEL,2026-10-01,385.2,386.15,378.65,383.1,10250149
BEL,2026-10-02,383.1,383.1,383.1,383.1,0
BEL,2026-10-05,383.1,384.85,377.0,384.85,10909395
BEL,2026-10-06,383.2,387.65,382.55,387.4,10026797
BELLACASA,2026-09-29,279.5,279.5,252.81,255.51,18265
BELLACASA,2026-09-30,260.62,268.0,243.51,246.61,10056
BELLACASA,2026-10-01,258.0,258.0,238.25,241.22,9891
BELLACASA,2026-10-05,241.22,252.68,237.0,238.26,5875
BELLACASA,2026-10-06,241.8,248.4,238.0,242.13,6123
BELRISE,2026-09-29,249.45,249.45,239.2,240.52,1783755
BELRISE,2026-09-30,240.5,244.14,240.0,240.36,1036662
BELRISE,2026-10-01,240.0,244.66,232.65,237.5,3756358
BELRISE,2026-10-05,238.81,239.99,230.5,231.12,2025207
BELRISE,2026-10-06,231.29,237.75,225.01,236.81,2650141
BEML,2026-09-29,1985.0,1990.4,1944.0,1966.6,235405
BEML,2026-09-30,1956.6,2002.8,1956.6,1992.4,204724
BEML,2026-10-01,1960.0,1995.5,1930.0,1962.3,198724
BEML,2026-10-05,1966.7,1993.9,1942.0,1970.4,144626
BEML,2026-10-06,1980.0,2060.2,1970.5,2042.2,196180
BENARAS,2026-09-29,10399.0,10500.0,10067.0,10215.0,166
BENARAS,2026-09-30,10205.0,10288.0,10200.0,10215.0,24
BENARAS,2026-10-01,10202.0,10249.0,10195.0,10249.0,82
BENARAS,2026-10-05,10201.0,10250.0,10063.0,10166.0,109
BENARAS,2026-10-06,10200.0,10250.0,10145.0,10238.0,221
BENGALASM,2026-09-29,6005.0,6220.5,5950.0,6161.5,689
BENGALASM,2026-09-30,6109.5,6138.0,6051.0,6103.0,246
BENGALASM,2026-10-01,6136.5,6136.5,6003.0,6088.0,385
BENGALASM,2026-10-05,6085.0,6150.0,5421.0,5772.0,2863
BENGALASM,2026-10-06,5888.0,6125.0,5800.0,6110.5,657
BEPL,2026-09-30,124.0,127.19,123.75,124.4,743884
BEPL,2026-10-01,124.96,127.74,120.91,123.76,1534274
BEPL,2026-10-02,123.76,123.76,123.76,123.76,0
BEPL,2026-10-05,124.0,126.4,122.62,124.77,695197
BEPL,2026-10-06,125.19,129.6,125.0,128.63,1633927
BERGEPAINT,2026-09-29,451.95,456.4,441.1,448.2,610722
BERGEPAINT,2026-09-30,451.15,458.75,449.25,455.45,302319
BERGEPAINT,2026-10-01,455.05,457.9,445.3,452.4,386752
BERGEPAINT,2026-10-05,455.3,460.8,452.45,458.4,514017
BERGEPAINT,2026-10-06,461.5,474.65,457.45,472.55,383616
BESTAGRO,2026-09-30,17.74,18.25,17.33,17.53,672928
BESTAGRO,2026-10-01,17.86,17.86,17.13,17.47,555610
BESTAGRO,2026-10-02,17.47,17.47,17.47,17.47,0
BESTAGRO,2026-10-05,18.17,18.17,17.41,17.73,490937
BESTAGRO,2026-10-06,17.94,18.18,17.62,17.89,523828
BETA,2026-09-29,2040.0,2084.8,2010.5,2064.8999,12014
BETA,2026-09-30,2079.8999,2095.0,2026.6,2053.0,7218
BETA,2026-10-01,2030.0,2088.5,2020.0,2073.3,8698
BETA,2026-10-05,2064.5,2173.8,1986.7,2004.0,19642
BETA,2026-10-06,1990.1,2027.5,1989.9,2001.4,10362
BEWLTD,2026-09-28,69.05,72.5,61.2,63.0,97500
BEWLTD,2026-09-29,63.0,64.0,59.25,60.95,54000
BEWLTD,2026-09-30,60.95,61.9,60.2,60.5,19000
BEWLTD,2026-10-01,60.0,62.4,57.25,58.5,23000
BEWLTD,2026-10-05,61.0,61.2,57.5,59.6,34000
BFINVEST,2026-09-29,436.5,439.3,432.05,436.15,19909
BFINVEST,2026-09-30,436.15,443.45,433.0,434.05,13108
BFINVEST,2026-10-01,430.5,434.4,424.95,428.7,16511
BFINVEST,2026-10-05,434.2,443.9,434.05,436.85,13712
BFINVEST,2026-10-06,441.8,443.35,435.1,441.35,11544
BFUTILITIE,2026-09-30,512.0,525.0,504.0,507.75,73546
BFUTILITIE,2026-10-01,496.05,508.7,490.95,504.75,77989
BFUTILITIE,2026-10-02,504.75,504.75,504.75,504.75,0
BFUTILITIE,2026-10-05,504.75,512.95,495.0,495.9,35313
BFUTILITIE,2026-10-06,502.8,504.15,495.6,498.9,20831
BGLOBAL,2026-09-29,3.27,3.27,3.27,3.27,0
BGLOBAL,2026-09-30,3.27,3.27,3.27,3.27,0
BGLOBAL,2026-10-01,3.27,3.27,3.27,3.27,0
BGLOBAL,2026-10-02,3.27,3.27,3.27,3.27,0
BGLOBAL,2026-10-05,3.43,3.43,3.4,3.42,47281
BGRENERGY,2026-09-29,261.58,261.58,254.87,254.87,35946
BGRENERGY,2026-09-30,242.13,242.13,242.13,242.13,35590
BGRENERGY,2026-10-01,232.5,250.0,230.4,239.71,71185
BGRENERGY,2026-10-05,238.98,246.0,230.0,232.95,51792
BGRENERGY,2026-10-06,244.59,244.59,240.12,244.11,99629
BHAGCHEM,2026-09-29,241.45,243.1,237.9,240.25,63799
BHAGCHEM,2026-09-30,240.0,242.75,235.05,238.55,78136
BHAGCHEM,2026-10-01,237.5,238.5,228.0,236.15,139794
BHAGCHEM,2026-10-05,233.56,239.04,228.0,229.14,98290
BHAGCHEM,2026-10-06,228.0,240.5,228.0,239.91,97813
BHAGERIA,2026-09-29,380.65,387.4,371.0,377.85,112369
BHAGERIA,2026-09-30,382.0,413.5,378.0,406.45,364825
BHAGERIA,2026-10-01,415.8,415.8,375.0,382.05,319885
BHAGERIA,2026-10-05,391.0,395.85,358.0,364.65,197915
BHAGERIA,2026-10-06,364.7,401.1,364.7,393.55,361125
BHAGYANGR,2026-09-29,404.05,412.5,397.15,408.1,89524
BHAGYANGR,2026-09-30,405.0,422.0,400.05,411.15,87639
BHAGYANGR,2026-10-01,412.7,415.0,391.1,402.65,140359
BHAGYANGR,2026-10-05,401.0,418.0,396.0,412.35,173594
BHAGYANGR,2026-10-06,417.9,432.95,413.5,432.95,149876
BHANDARI,2026-09-29,2.88,2.94,2.87,2.9,148872
BHANDARI,2026-09-30,2.9,2.93,2.88,2.89,96957
BHANDARI,2026-10-01,2.9,2.91,2.8,2.82,90509
BHANDARI,2026-10-05,2.88,2.89,2.73,2.76,152409
BHANDARI,2026-10-06,2.74,2.87,2.72,2.83,149942
BHARATCOAL,2026-09-30,33.49,33.55,32.45,32.8,4485549
BHARATCOAL,2026-10-01,32.75,32.76,31.18,31.75,4959413
BHARATCOAL,2026-10-02,31.75,31.75,31.75,31.75,0
BHARATCOAL,2026-10-05,31.8,32.3,31.37,31.88,5387913
BHARATCOAL,2026-10-06,32.22,32.33,31.84,32.05,4259122
BHARATFORG,2026-09-29,1950.0,1958.0,1917.0,1942.0,1101271
BHARATFORG,2026-09-30,1931.0,1944.9,1891.6,1926.0,1059256
BHARATFORG,2026-10-01,1910.0,1915.9,1845.2,1875.0,1151437
BHARATFORG,2026-10-05,1868.0,1873.7,1816.7,1833.0,1029681
BHARATFORG,2026-10-06,1830.1,1881.0,1825.0,1880.0,1089569
BHARATGEAR,2026-09-29,99.33,100.78,99.0,100.29,11861
BHARATGEAR,2026-09-30,100.29,102.3,99.5,101.43,8952
BHARATGEAR,2026-10-01,101.99,101.99,98.6,99.64,9756
BHARATGEAR,2026-10-05,100.01,101.0,99.1,99.67,7422
BHARATGEAR,2026-10-06,99.94,100.99,99.2,99.88,6980
BHARATRAS,2026-09-29,1049.7,1055.0,1000.0,1005.7,66905
BHARATRAS,2026-09-30,1008.1,1030.0,998.5,1003.9,28003
BHARATRAS,2026-10-01,1003.9,1010.1,977.4,998.6,17142
BHARATRAS,2026-10-05,1011.9,1011.9,970.0,983.2,11663
BHARATRAS,2026-10-06,994.2,1008.3,978.0,998.3,16359
BHARATSE,2026-09-30,216.13,217.12,210.5,212.38,50392
BHARATSE,2026-10-01,212.55,212.55,199.12,204.65,201132
BHARATSE,2026-10-02,204.65,204.65,204.65,204.65,0
BHARATSE,2026-10-05,205.0,211.0,201.49,202.86,123062
BHARATSE,2026-10-06,203.5,207.9,203.5,206.14,66668
BHARATWIRE,2026-09-29,166.71,169.68,162.5,167.18,155514
BHARATWIRE,2026-09-30,166.95,169.66,164.0,164.36,98885
BHARATWIRE,2026-10-01,164.0,164.0,154.44,160.12,222059
BHARATWIRE,2026-10-05,160.1,164.6,160.1,162.25,118991
BHARATWIRE,2026-10-06,161.6,167.99,161.6,165.28,120929
BHARTIARTL,2026-09-30,1775.2,1779.5,1753.7,1757.0,8080358
BHARTIARTL,2026-10-01,1745.0,1765.8,1726.3,1741.1,5609657
BHARTIARTL,2026-10-02,1741.1,1741.1,1741.1,1741.1,0
BHARTIARTL,2026-10-05,1742.3,1779.9,1742.3,1779.9,7310041
BHARTIARTL,2026-10-06,1777.0,1810.5,1771.4,1810.5,5154876
BHARTIHEXA,2026-09-29,1429.7,1432.4,1398.0,1409.4,171619
BHARTIHEXA,2026-09-30,1409.4,1438.0,1401.0,1424.5,102458
BHARTIHEXA,2026-10-01,1404.0,1407.6,1365.6,1379.2,116666
BHARTIHEXA,2026-10-05,1389.9,1396.1,1371.4,1383.1,528019
BHARTIHEXA,2026-10-06,1383.1,1403.3,1359.2,1386.8,308424
BHEL,2026-09-30,415.1,421.8,411.7,415.5,8153812
BHEL,2026-10-01,413.75,428.15,411.35,421.0,12669050
BHEL,2026-10-02,421.0,421.0,421.0,421.0,0
BHEL,2026-10-05,424.95,433.45,423.1,429.0,8225965
BHEL,2026-10-06,429.0,453.9,427.7,452.0,22843732
BI,2026-09-30,98.67,98.67,98.67,98.67,5190
BI,2026-10-01,96.7,96.7,96.7,96.7,818
BI,2026-10-02,96.7,96.7,96.7,96.7,0
BI,2026-10-05,96.9,98.6,94.77,94.77,8260
BI,2026-10-06,93.99,94.0,92.9,92.9,7322
BIGBLOC,2026-09-29,38.68,40.4,38.2,38.64,26802
BIGBLOC,2026-09-30,39.77,40.0,38.8,39.79,23838
BIGBLOC,2026-10-01,39.05,39.93,36.8,38.78,63041
BIGBLOC,2026-10-05,39.2,39.2,37.11,37.57,42913
BIGBLOC,2026-10-06,38.0,38.21,36.5,37.22,43275
BIKAJI,2026-09-29,552.0,554.9,523.6,531.15,904191
BIKAJI,2026-09-30,530.0,543.0,516.0,521.8,174430
BIKAJI,2026-10-01,519.35,521.75,497.65,504.05,604474
BIKAJI,2026-10-05,507.0,514.0,484.5,487.0,387790
BIKAJI,2026-10-06,486.8,498.25,477.55,481.1,975537
BIL,2026-09-29,998.2,1008.7,990.0,1000.7,7606
BIL,2026-09-30,1030.0,1030.0,952.95,995.1,7093
BIL,2026-10-01,995.05,1004.0,980.4,987.55,11722
BIL,2026-10-05,1018.55,1098.0,995.0,1071.15,61770
BIL,2026-10-06,1088.5,1112.85,1042.7,1092.85,27873
BILVYAPAR,2026-09-29,4.6,4.6,4.27,4.29,10350
BILVYAPAR,2026-09-30,4.27,4.27,4.16,4.25,1571
BILVYAPAR,2026-10-01,4.11,4.4,4.11,4.21,5504
BILVYAPAR,2026-10-05,4.35,4.35,4.06,4.19,1657
BILVYAPAR,2026-10-06,4.1,4.3,4.1,4.15,3257
BIMETAL,2026-09-29,640.1,652.0,629.8,635.65,482
BIMETAL,2026-09-30,638.0,649.95,637.0,648.95,250
BIMETAL,2026-10-01,610.05,656.4,610.05,640.0,495
BIMETAL,2026-10-05,640.0,641.0,640.0,640.0,69
BIMETAL,2026-10-06,654.95,661.0,637.0,660.4,833
BIOCON,2026-09-30,378.0,381.2,370.3,370.3,1849491
BIOCON,2026-10-01,370.55,374.25,363.6,370.7,2525268
BIOCON,2026-10-02,370.7,370.7,370.7,370.7,0
BIOCON,2026-10-05,371.35,373.05,365.1,369.8,2121058
BIOCON,2026-10-06,369.7,371.0,366.6,369.1,4645858
BIOFILCHEM,2026-09-29,31.36,31.99,31.3,31.52,8360
BIOFILCHEM,2026-09-30,30.51,31.81,29.6,30.38,18556
BIOFILCHEM,2026-10-01,30.4,30.73,29.01,29.31,15611
BIOFILCHEM,2026-10-05,29.31,30.94,29.17,29.64,14099
BIOFILCHEM,2026-10-06,29.31,30.7,29.31,30.11,9125
BIRDYS,2026-09-28,85.45,85.45,85.45,85.45,0
BIRDYS,2026-09-29,85.45,85.45,85.45,85.45,0
BIRDYS,2026-09-30,85.45,85.45,85.45,85.45,0
BIRDYS,2026-10-01,83.0,84.0,83.0,83.1,3600
BIRDYS,2026-10-05,80.0,81.0,80.0,80.5,2400
BIRLACABLE,2026-09-30,372.0,387.35,371.45,381.15,654414
BIRLACABLE,2026-10-01,377.9,389.0,362.1,383.0,403264
BIRLACABLE,2026-10-02,383.0,383.0,383.0,383.0,0
BIRLACABLE,2026-10-05,389.7,391.0,372.1,376.65,249466
BIRLACABLE,2026-10-06,376.9,395.45,376.85,395.45,458159
BIRLACORPN,2026-09-29,836.0,853.7,828.35,849.9,57453
BIRLACORPN,2026-09-30,850.0,857.8,839.0,840.05,20629
BIRLACORPN,2026-10-01,840.0,841.5,815.0,828.95,82178
BIRLACORPN,2026-10-05,828.1,835.45,812.0,812.8,36748
BIRLACORPN,2026-10-06,817.55,823.65,799.25,803.45,186684
BIRLAMONEY,2026-09-29,114.71,115.78,112.01,114.29,31654
BIRLAMONEY,2026-09-30,114.29,116.5,114.29,114.78,18729
BIRLAMONEY,2026-10-01,114.78,115.9,110.1,112.82,31523
BIRLAMONEY,2026-10-05,112.23,115.86,110.71,112.15,19921
BIRLAMONEY,2026-10-06,112.2,118.0,110.88,116.45,41984
BIRLANU,2026-09-29,1441.0,1442.8,1390.0,1406.0,7707
BIRLANU,2026-09-30,1406.0,1426.5,1394.1,1400.1,6563
BIRLANU,2026-10-01,1399.9,1415.8,1350.0,1391.2,7041
BIRLANU,2026-10-05,1425.0,1425.0,1361.1,1379.5,3263
BIRLANU,2026-10-06,1381.0,1430.0,1379.4,1406.5,11841
BIRLAPREC,2026-09-29,52.27,54.98,52.27,54.8,59792
BIRLAPREC,2026-09-30,54.8,55.95,54.0,54.91,76920
BIRLAPREC,2026-10-01,54.65,57.65,53.6,55.96,210297
BIRLAPREC,2026-10-05,56.44,58.75,54.0,57.78,112592
BIRLAPREC,2026-10-06,57.19,59.4,55.65,57.79,90736
BLACKBUCK,2026-09-29,603.75,625.0,598.4,622.4,703713
BLACKBUCK,2026-09-30,628.0,634.0,606.0,607.9,471558
BLACKBUCK,2026-10-01,605.0,615.45,595.0,606.15,431008
BLACKBUCK,2026-10-05,612.15,619.0,597.1,599.4,362727
BLACKBUCK,2026-10-06,600.9,603.1,591.95,596.0,487681
BLACKROSE,2026-09-29,118.98,118.98,109.99,113.25,41795
BLACKROSE,2026-09-30,115.25,118.28,112.0,115.79,54925
BLACKROSE,2026-10-01,114.9,117.19,109.0,110.45,57092
BLACKROSE,2026-10-05,115.0,115.0,109.0,110.31,13885
BLACKROSE,2026-10-06,111.0,111.95,105.0,107.65,44417
BLAL,2026-09-29,160.06,164.99,158.61,163.65,18397
BLAL,2026-09-30,162.38,163.09,159.01,160.26,23426
BLAL,2026-10-01,161.0,161.38,156.06,157.83,13528
BLAL,2026-10-05,160.9,160.9,153.5,156.84,8394
BLAL,2026-10-06,159.25,160.0,156.03,157.53,6912
BLBLIMITED,2026-09-29,17.34,17.38,16.72,16.84,103341
BLBLIMITED,2026-09-30,16.6,17.19,16.6,16.73,47532
BLBLIMITED,2026-10-01,16.9,16.93,16.35,16.64,70212
BLBLIMITED,2026-10-05,16.64,16.93,15.8,15.98,155815
BLBLIMITED,2026-10-06,16.5,16.5,15.8,16.09,95266
BLEL,2026-09-30,451.9,529.95,449.6,485.6,15601996
BLEL,2026-10-01,482.0,495.95,461.0,467.95,1849262
BLEL,2026-10-02,467.95,467.95,467.95,467.95,0
BLEL,2026-10-05,471.5,499.7,471.0,490.05,1679279
BLEL,2026-10-06,492.9,516.95,481.55,510.05,2310079
BLIL,2026-09-29,65.0,65.49,64.72,64.91,98538
BLIL,2026-09-30,65.17,65.78,64.91,65.23,45185
BLIL,2026-10-01,65.89,65.89,64.22,65.01,75567
BLIL,2026-10-05,65.49,65.49,64.29,64.5,80170
BLIL,2026-10-06,64.91,65.42,64.46,65.21,36925
BLISSGVS,2026-09-29,727.0,730.0,700.8,710.9,528926
BLISSGVS,2026-09-30,709.95,722.0,690.0,694.45,209856
BLISSGVS,2026-10-01,681.0,700.0,670.0,683.6,138482
BLISSGVS,2026-10-05,671.5,697.9,660.0,664.8,198924
BLISSGVS,2026-10-06,669.85,697.0,660.0,676.45,166449
BLKASHYAP,2026-09-29,52.06,52.06,49.87,50.9,441623
BLKASHYAP,2026-09-30,50.61,53.44,50.0,50.36,421044
BLKASHYAP,2026-10-01,50.89,51.44,48.66,50.23,497255
BLKASHYAP,2026-10-05,50.23,54.0,49.93,53.22,1836473
BLKASHYAP,2026-10-06,52.84,55.5,52.83,54.79,747328
BLS,2026-09-29,221.6,224.6,218.0,219.55,784993
BLS,2026-09-30,219.55,223.93,217.23,218.26,602312
BLS,2026-10-01,217.0,219.8,212.0,216.51,803646
BLS,2026-10-05,217.05,219.91,214.79,215.75,570077
BLS,2026-10-06,216.9,224.66,216.9,223.97,859840
BLSE,2026-09-30,161.5,166.0,160.55,164.3,890570
BLSE,2026-10-01,165.5,167.4,159.15,161.025,1045952
BLSE,2026-10-02,161.025,161.025,161.025,161.025,0
BLSE,2026-10-05,162.475,163.9,158.0,159.575,877650
BLSE,2026-10-06,163.7,164.0,160.05,160.9,285374
BLUECHIP,2026-09-29,1.98,1.98,1.98,1.98,0
BLUECHIP,2026-09-30,1.98,1.98,1.98,1.98,0
BLUECHIP,2026-10-01,1.98,1.98,1.98,1.98,0
BLUECHIP,2026-10-02,1.98,1.98,1.98,1.98,0
BLUECHIP,2026-10-05,1.95,1.95,1.95,1.95,1020
BLUECLOUDS,2026-09-29,21.74,21.74,19.89,20.23,7984831
BLUECLOUDS,2026-09-30,20.35,20.82,19.56,19.9,4389309
BLUECLOUDS,2026-10-01,20.22,20.28,19.4,19.88,2430865
BLUECLOUDS,2026-10-05,20.25,20.75,19.4,19.61,2034648
BLUECLOUDS,2026-10-06,19.66,20.1,19.6,20.01,1202175
BLUECOAST,2026-09-29,22.99,22.99,21.61,22.7,1393
BLUECOAST,2026-09-30,22.7,23.8,22.01,22.07,3112
BLUECOAST,2026-10-01,21.63,23.16,21.63,22.0,843
BLUECOAST,2026-10-05,22.0,22.0,20.9,21.06,1903
BLUECOAST,2026-10-06,22.05,22.05,21.0,22.04,337
BLUEDART,2026-09-29,4747.2002,4751.8999,4523.0,4576.0,88233
BLUEDART,2026-09-30,4574.8999,4654.2002,4539.2998,4629.0,14406
BLUEDART,2026-10-01,4713.8999,4793.7998,4460.0,4496.7998,51320
BLUEDART,2026-10-05,4546.2998,4549.7998,4458.1001,4514.3999,6452
BLUEDART,2026-10-06,4505.0,4575.0,4483.6001,4562.7998,6430
BLUEJET,2026-09-29,558.95,566.6,544.8,549.6,763828
BLUEJET,2026-09-30,555.0,562.35,535.0,538.05,399671
BLUEJET,2026-10-01,538.05,545.0,521.15,541.8,522842
BLUEJET,2026-10-05,546.8,546.8,528.8,531.5,300308
BLUEJET,2026-10-06,535.05,549.0,528.5,538.15,292965
BLUEPEBBLE,2026-09-28,70.25,70.25,67.7,68.85,2000
BLUEPEBBLE,2026-09-29,67.8,67.8,65.45,67.0,2000
BLUEPEBBLE,2026-09-30,65.0,65.0,65.0,65.0,1200
BLUEPEBBLE,2026-10-01,67.5,67.5,62.35,66.0,2800
BLUEPEBBLE,2026-10-05,66.0,66.0,66.0,66.0,0
BLUESTARCO,2026-09-30,1525.0,1541.1,1502.1,1518.0,615606
BLUESTARCO,2026-10-01,1513.0,1517.0,1444.0,1459.6,962569
BLUESTARCO,2026-10-02,1459.6,1459.6,1459.6,1459.6,0
BLUESTARCO,2026-10-05,1476.0,1517.0,1460.4,1510.0,367830
BLUESTARCO,2026-10-06,1508.4,1578.6,1501.3,1571.5,867307
BLUESTONE,2026-09-29,789.0,815.95,740.35,806.05,2316818
BLUESTONE,2026-09-30,806.2,812.0,782.0,794.85,805919
BLUESTONE,2026-10-01,792.0,798.0,767.55,787.95,928246
BLUESTONE,2026-10-05,780.5,797.65,778.2,790.65,509584
BLUESTONE,2026-10-06,794.0,818.0,788.55,813.85,651439
BLUSPRING,2026-09-29,149.0,152.5,142.0,143.11,351924
BLUSPRING,2026-09-30,145.8,147.8,140.1,141.74,149662
BLUSPRING,2026-10-01,141.74,149.0,139.01,147.82,346713
BLUSPRING,2026-10-05,150.0,151.54,142.95,143.92,223038
BLUSPRING,2026-10-06,147.99,147.99,142.84,144.53,139531
BMETRICS,2026-09-28,41.4,46.3,41.4,44.2,38400
BMETRICS,2026-09-29,44.2,44.2,44.2,44.2,0
BMETRICS,2026-09-30,37.05,41.0,37.05,38.6,16800
BMETRICS,2026-10-01,38.0,38.0,36.5,36.6,4000
BMETRICS,2026-10-05,39.9,39.9,39.65,39.65,3200
BMWVENTLTD,2026-09-29,51.6,52.49,51.4,51.49,83375
BMWVENTLTD,2026-09-30,51.13,51.89,51.12,51.5,27684
BMWVENTLTD,2026-10-01,51.5,51.75,50.51,50.83,49440
BMWVENTLTD,2026-10-05,50.8,51.89,49.55,50.02,80304
BMWVENTLTD,2026-10-06,50.05,50.95,49.67,50.37,53077
BNAGROCHEM,2026-09-30,215.0,217.6,210.1,217.6,102349
BNAGROCHEM,2026-10-01,219.0,228.48,219.0,227.83,434945
BNAGROCHEM,2026-10-02,227.83,227.83,227.83,227.83,0
BNAGROCHEM,2026-10-05,232.5,239.22,219.0,238.45,159454
BNAGROCHEM,2026-10-06,238.45,243.99,226.53,226.53,16611
BNALTD,2026-09-30,351.8,351.8,351.8,351.8,0
BNALTD,2026-10-01,351.8,351.8,351.8,351.8,0
BNALTD,2026-10-02,351.8,351.8,351.8,351.8,0
BNALTD,2026-10-05,351.8,351.8,351.8,351.8,0
BNALTD,2026-10-06,350.0,351.1,348.0,351.1,202
BODALCHEM,2026-09-29,201.95,202.8,191.84,191.99,710483
BODALCHEM,2026-09-30,191.99,200.5,182.4,198.35,789248
BODALCHEM,2026-10-01,197.0,199.0,188.44,189.75,619032
BODALCHEM,2026-10-05,189.98,195.0,180.27,180.3,513672
BODALCHEM,2026-10-06,177.0,188.5,173.0,186.57,564761
BOHRAIND,2026-09-29,15.79,15.79,15.01,15.01,7861
BOHRAIND,2026-09-30,15.03,15.76,14.8,15.51,26872
BOHRAIND,2026-10-01,16.1,16.1,14.74,14.74,22674
BOHRAIND,2026-10-05,15.13,15.13,14.01,14.01,4635
BOHRAIND,2026-10-06,13.31,14.5,13.31,14.38,12632
BOMDYEING,2026-09-30,106.75,107.84,105.0,105.62,316532
BOMDYEING,2026-10-01,104.96,105.5,101.71,102.63,517445
BOMDYEING,2026-10-02,102.63,102.63,102.63,102.63,0
BOMDYEING,2026-10-05,103.4,104.3,101.02,101.54,384695
BOMDYEING,2026-10-06,101.9,104.2,101.23,102.91,430476
BONLON,2026-09-29,40.16,42.0,39.56,40.16,4226
BONLON,2026-09-30,41.0,41.9,38.01,40.21,38309
BONLON,2026-10-01,41.0,41.0,39.11,39.97,6490
BONLON,2026-10-05,41.0,41.0,39.59,39.76,6716
BONLON,2026-10-06,39.8,40.94,39.38,39.39,1362
BORANA,2026-09-29,294.15,300.6,286.1,296.4,28915
BORANA,2026-09-30,297.8,297.8,275.0,278.2,66407
BORANA,2026-10-01,278.15,283.7,268.1,272.95,52832
BORANA,2026-10-05,272.0,277.8,268.6,270.4,11307
BORANA,2026-10-06,272.1,275.45,268.45,269.6,27663
BOROLTD,2026-09-29,281.0,282.26,272.01,276.21,461628
BOROLTD,2026-09-30,282.0,300.0,279.41,293.38,1096443
BOROLTD,2026-10-01,291.0,291.0,271.6,280.2,560059
BOROLTD,2026-10-05,287.0,294.4,277.05,278.35,257448
BOROLTD,2026-10-06,280.0,289.0,277.05,286.85,212491
BORORENEW,2026-09-29,452.25,459.95,449.1,452.5,392825
BORORENEW,2026-09-30,452.95,470.8,452.95,458.15,523400
BORORENEW,2026-10-01,456.4,460.6,437.45,449.6,531272
BORORENEW,2026-10-05,455.9,458.9,440.5,442.7,241002
BORORENEW,2026-10-06,445.0,453.0,443.7,449.85,201596
BOROSCI,2026-09-30,114.84,116.77,113.16,113.91,54494
BOROSCI,2026-10-01,114.0,114.51,110.0,112.72,72726
BOROSCI,2026-10-02,112.72,112.72,112.72,112.72,0
BOROSCI,2026-10-05,112.8,115.0,111.75,112.15,146287
BOROSCI,2026-10-06,113.38,115.5,112.28,113.27,61966
BOSCHLTD,2026-09-30,45960.0,47545.0,45960.0,47100.0,30394
BOSCHLTD,2026-10-01,46810.0,46995.0,44410.0,45480.0,48572
BOSCHLTD,2026-10-02,45480.0,45480.0,45480.0,45480.0,0
BOSCHLTD,2026-10-05,45550.0,46000.0,44610.0,44960.0,41822
BOSCHLTD,2026-10-06,44960.0,45360.0,44845.0,45000.0,21642
BPCL,2026-09-30,301.95,308.25,301.1,303.2,5525502
BPCL,2026-10-01,302.0,305.05,297.1,300.6,5618518
BPCL,2026-10-02,300.6,300.6,300.6,300.6,0
BPCL,2026-10-05,301.5,306.55,294.3,296.95,7903107
BPCL,2026-10-06,297.4,300.5,294.6,300.5,6314581
BPL,2026-09-29,46.99,47.99,45.1,46.5,87265
BPL,2026-09-30,46.78,46.85,45.32,45.59,37403
BPL,2026-10-01,45.4,45.9,44.45,45.29,21555
BPL,2026-10-05,45.0,45.8,44.0,44.39,20796
BPL,2026-10-06,44.94,45.28,44.26,44.45,14625
BPLPHARMA,2026-09-29,2159.8999,2222.0,1820.0,1926.0,64591
BPLPHARMA,2026-09-30,1945.0,1948.0,1756.4,1792.8,15982
BPLPHARMA,2026-10-01,1815.7,1822.4,1667.0,1720.4,11114
BPLPHARMA,2026-10-05,1769.2,1790.0,1670.0,1726.9,12145
BPLPHARMA,2026-10-06,1758.2,1899.0,1741.3,1836.4,11347
BRAHMINFRA,2026-09-29,145.6,156.0,142.01,149.26,33835
BRAHMINFRA,2026-09-30,158.2,159.0,146.15,148.08,41533
BRAHMINFRA,2026-10-01,151.3,151.3,143.0,148.85,18240
BRAHMINFRA,2026-10-05,157.65,157.65,140.44,143.02,13100
BRAHMINFRA,2026-10-06,148.8,149.39,141.52,145.58,14504
BRIGADE,2026-09-29,579.05,584.85,557.55,563.05,326005
BRIGADE,2026-09-30,559.1,586.85,559.1,575.25,566667
BRIGADE,2026-10-01,573.75,575.75,552.1,569.55,310825
BRIGADE,2026-10-05,571.0,583.4,561.1,571.6,324478
BRIGADE,2026-10-06,573.9,579.95,565.0,569.1,151550
BRIGHOTEL,2026-09-29,55.4,56.98,55.21,56.14,127096
BRIGHOTEL,2026-09-30,55.85,57.8,55.85,56.96,282041
BRIGHOTEL,2026-10-01,56.96,57.5,55.8,56.94,186794
BRIGHOTEL,2026-10-05,57.01,57.4,56.2,57.06,95219
BRIGHOTEL,2026-10-06,57.4,57.4,56.52,56.93,28827
BRIGHTBR,2026-09-29,249.1,252.0,241.0,248.85,683
BRIGHTBR,2026-09-30,254.0,254.0,246.0,252.9,1978
BRIGHTBR,2026-10-01,243.0,250.9,241.25,241.85,275
BRIGHTBR,2026-10-05,234.05,243.0,227.0,230.65,5668
BRIGHTBR,2026-10-06,230.65,239.95,230.65,235.0,335
BRITANNIA,2026-09-30,4830.0,4830.5,4758.0,4830.0,485651
BRITANNIA,2026-10-01,4798.0,4812.2998,4737.0,4778.0,362699
BRITANNIA,2026-10-02,4778.0,4778.0,4778.0,4778.0,0
BRITANNIA,2026-10-05,4778.0,4817.2002,4734.1001,4770.0,204743
BRITANNIA,2026-10-06,4779.8999,4892.5,4760.1001,4883.7998,220947
BRNL,2026-09-29,16.28,16.87,15.99,16.45,30174
BRNL,2026-09-30,16.15,16.9,15.67,15.84,34022
BRNL,2026-10-01,15.99,16.79,15.75,16.03,21263
BRNL,2026-10-05,15.62,16.87,15.61,16.13,21855
BRNL,2026-10-06,16.59,16.59,15.73,16.03,17457
BROOKS,2026-09-29,57.11,57.94,55.65,56.51,26984
BROOKS,2026-09-30,56.8,57.61,55.02,55.8,46499
BROOKS,2026-10-01,55.52,57.0,52.97,54.8,34254
BROOKS,2026-10-05,55.4,55.88,53.65,54.24,12783
BROOKS,2026-10-06,56.34,59.66,54.3,59.66,58724
BSE,2026-09-30,3138.8999,3149.0,3075.0,3092.0,6411793
BSE,2026-10-01,3089.8999,3139.0,3000.0,3046.0,6273089
BSE,2026-10-02,3046.0,3046.0,3046.0,3046.0,0
BSE,2026-10-05,3052.0,3181.0,3036.0,3179.6001,6735475
BSE,2026-10-06,3209.0,3305.0,3206.5,3305.0,6868108
BSHSL,2026-09-29,84.99,88.13,81.53,85.9,13135
BSHSL,2026-09-30,85.8,86.75,83.5,86.1,3551
BSHSL,2026-10-01,86.1,86.1,83.0,83.95,2741
BSHSL,2026-10-05,84.78,84.8,81.0,83.07,4676
BSHSL,2026-10-06,83.1,83.4,79.9,80.1,12728
BSL,2026-09-29,120.79,121.9,117.01,118.16,2047
BSL,2026-09-30,118.16,121.49,117.5,118.28,909
BSL,2026-10-01,121.5,121.5,115.05,118.2,3194
BSL,2026-10-05,121.49,121.49,118.53,120.15,2251
BSL,2026-10-06,121.4,121.4,119.0,119.76,926
BSOFT,2026-09-29,270.65,273.4,267.4,269.05,916800
BSOFT,2026-09-30,270.0,280.3,269.9,271.7,1727416
BSOFT,2026-10-01,271.95,278.95,267.05,269.75,1536439
BSOFT,2026-10-05,277.15,280.8,274.25,276.0,1555308
BSOFT,2026-10-06,276.15,281.3,273.75,279.45,1297636
BTML,2026-09-29,7.15,7.25,6.96,7.03,105273
BTML,2026-09-30,6.91,7.44,6.91,6.97,91799
BTML,2026-10-01,7.1,7.25,6.31,7.09,1395797
BTML,2026-10-05,7.39,7.39,6.97,7.15,65521
BTML,2026-10-06,7.07,7.23,6.66,6.86,281532
BTTL,2026-09-29,39.5,40.4,36.8,39.96,4534
BTTL,2026-09-30,40.76,41.5,38.25,40.98,1488
BTTL,2026-10-01,39.5,39.5,38.94,39.5,4247
BTTL,2026-10-05,39.49,41.33,38.2,38.72,2137
BTTL,2026-10-06,39.2,39.3,39.2,39.3,644
BUILDPRO,2026-09-29,1261.3,1279.1,1229.5,1244.2,50034
BUILDPRO,2026-09-30,1249.1,1257.9,1221.1,1231.0,84714
BUILDPRO,2026-10-01,1231.0,1256.4,1219.0,1249.2,51957
BUILDPRO,2026-10-05,1269.6,1284.0,1236.2,1265.9,80785
BUILDPRO,2026-10-06,1285.0,1321.0,1277.0,1301.5,125766
BURNPUR,2026-09-29,14.01,14.27,13.84,13.84,50743
BURNPUR,2026-09-30,13.69,14.0,13.15,13.16,47764
BURNPUR,2026-10-01,13.09,13.09,12.51,12.56,24658
BURNPUR,2026-10-05,12.69,13.18,12.56,13.18,13021
BURNPUR,2026-10-06,13.83,13.83,13.83,13.83,7158
BUTTERFLY,2026-09-29,563.0,567.4,559.5,561.25,7600
BUTTERFLY,2026-09-30,564.3,565.35,551.55,552.75,12112
BUTTERFLY,2026-10-01,558.0,569.95,522.25,550.5,36497
BUTTERFLY,2026-10-05,564.9,567.0,545.35,547.55,15707
BUTTERFLY,2026-10-06,553.6,553.6,539.0,543.25,20545
BVCL,2026-09-29,40.06,41.3,40.06,40.87,5203
BVCL,2026-09-30,41.5,44.38,41.47,43.02,72324
BVCL,2026-10-01,43.02,43.92,41.33,41.39,18667
BVCL,2026-10-05,42.6,43.49,40.55,41.21,13402
BVCL,2026-10-06,41.16,41.94,40.56,41.44,27256
BYKE,2026-09-29,29.9,29.9,28.08,28.93,57741
BYKE,2026-09-30,29.5,29.87,29.0,29.12,40573
BYKE,2026-10-01,29.4,29.4,28.18,28.81,23792
BYKE,2026-10-05,28.5,30.25,28.5,29.66,25230
BYKE,2026-10-06,29.78,29.96,29.0,29.46,22384
CADSYS,2026-09-29,41.55,41.55,41.55,41.55,3000
CADSYS,2026-09-30,40.5,40.5,39.9,39.9,1000
CADSYS,2026-10-01,39.9,39.9,39.9,39.9,0
CADSYS,2026-10-02,39.9,39.9,39.9,39.9,0
CADSYS,2026-10-05,38.0,38.0,37.95,37.95,2500
CALSOFT,2026-09-29,33.61,34.7,32.9,33.44,263015
CALSOFT,2026-09-30,33.37,35.11,32.07,35.11,151774
CALSOFT,2026-10-01,35.4,36.86,35.13,36.41,197802
CALSOFT,2026-10-05,36.79,36.79,34.59,34.93,155554
CALSOFT,2026-10-06,34.59,34.82,33.2,33.44,105771
CAMLINFINE,2026-09-29,95.97,96.42,92.75,93.17,518550
CAMLINFINE,2026-09-30,93.8,95.79,92.91,93.15,369269
CAMLINFINE,2026-10-01,93.47,94.18,89.12,91.01,605614
CAMLINFINE,2026-10-05,91.99,93.2,89.69,91.16,373342
CAMLINFINE,2026-10-06,92.19,95.69,90.9,95.0,485701
CAMPUS,2026-09-29,211.0,212.27,208.71,209.76,244297
CAMPUS,2026-09-30,210.0,211.36,207.52,208.83,196106
CAMPUS,2026-10-01,209.4,210.0,199.54,205.83,647062
CAMPUS,2026-10-05,206.35,208.99,203.01,204.12,186812
CAMPUS,2026-10-06,204.11,209.9,202.8,208.68,470763
CAMS,2026-09-29,685.0,689.95,665.05,666.0,2128456
CAMS,2026-09-30,666.6,679.95,666.0,671.0,1798467
CAMS,2026-10-01,671.0,682.0,665.45,677.25,1577224
CAMS,2026-10-05,679.0,692.5,677.9,683.85,1632385
CAMS,2026-10-06,688.0,693.9,678.55,693.9,1050530
CANARYS,2026-09-28,30.0,30.0,28.25,28.65,136000
CANARYS,2026-09-29,28.35,29.35,27.8,28.05,148000
CANARYS,2026-09-30,28.3,28.8,27.65,27.75,68000
CANARYS,2026-10-01,27.45,27.95,27.0,27.45,68000
CANARYS,2026-10-05,28.5,28.5,26.9,28.4,60000
CANBK,2026-09-30,119.7,121.48,119.44,119.44,12579795
CANBK,2026-10-01,119.45,120.13,116.51,118.36,13953325
CANBK,2026-10-02,118.36,118.36,118.36,118.36,0
CANBK,2026-10-05,119.39,120.96,118.21,118.5,22263750
CANBK,2026-10-06,118.9,119.29,117.62,117.82,10299359
CANFINHOME,2026-09-29,737.6,743.75,730.0,731.7,182975
CANFINHOME,2026-09-30,733.0,739.8,715.0,719.2,235321
CANFINHOME,2026-10-01,719.2,723.05,700.0,711.0,417879
CANFINHOME,2026-10-05,714.35,735.1,711.15,724.7,355842
CANFINHOME,2026-10-06,726.0,737.1,726.0,734.75,197132
CANHLIFE,2026-09-29,146.55,152.49,144.55,149.62,1474938
CANHLIFE,2026-09-30,149.87,149.87,147.15,148.51,225185
CANHLIFE,2026-10-01,147.9,148.0,141.91,143.85,451047
CANHLIFE,2026-10-05,142.4,147.5,141.13,142.36,384965
CANHLIFE,2026-10-06,141.0,143.9,138.96,143.13,619292
CANTABIL,2026-09-29,231.0,234.43,228.21,232.5,92666
CANTABIL,2026-09-30,232.2,233.99,229.3,231.22,69587
CANTABIL,2026-10-01,231.22,232.7,224.0,224.66,90583
CANTABIL,2026-10-05,226.3,228.98,220.0,225.18,172213
CANTABIL,2026-10-06,225.9,230.14,224.85,229.84,111517
CAPACITE,2026-09-29,185.1,186.68,180.5,182.61,350639
CAPACITE,2026-09-30,182.7,186.63,182.4,182.89,95782
CAPACITE,2026-10-01,182.8,182.83,176.16,180.33,276832
CAPACITE,2026-10-05,182.0,182.91,175.99,178.62,222639
CAPACITE,2026-10-06,180.2,186.97,178.21,184.51,977032
CAPILLARY,2026-09-29,576.35,576.35,551.4,568.05,142990
CAPILLARY,2026-09-30,569.0,574.0,553.15,560.45,69748
CAPILLARY,2026-10-01,560.0,571.7,522.55,554.7,351706
CAPILLARY,2026-10-05,560.0,564.7,538.0,546.1,108170
CAPILLARY,2026-10-06,542.1,597.35,542.1,587.2,290134
CAPITALSFB,2026-09-29,280.0,281.95,274.55,279.65,33988
CAPITALSFB,2026-09-30,278.0,298.0,278.0,288.6,137229
CAPITALSFB,2026-10-01,286.0,290.75,274.05,277.5,76015
CAPITALSFB,2026-10-05,278.0,286.9,273.65,279.55,32415
CAPITALSFB,2026-10-06,279.55,285.35,262.25,263.8,165640
CAPLIPOINT,2026-09-29,2852.0,2869.0,2735.0,2744.0,93586
CAPLIPOINT,2026-09-30,2760.1001,2797.8,2663.3,2716.3999,156298
CAPLIPOINT,2026-10-01,2710.0,2719.8999,2540.0,2631.8999,154382
CAPLIPOINT,2026-10-05,2609.7,2625.8,2541.1001,2604.0,142329
CAPLIPOINT,2026-10-06,2611.0,2691.2,2583.0,2679.7,110955
CAPTRUST,2026-09-29,18.15,18.73,17.48,17.55,25855
CAPTRUST,2026-09-30,17.65,18.42,16.9,18.28,27829
CAPTRUST,2026-10-01,19.0,19.19,18.0,19.07,35404
CAPTRUST,2026-10-05,19.07,20.02,18.5,19.99,60158
CAPTRUST,2026-10-06,20.5,20.98,20.5,20.98,59977
CARBORUNIV,2026-09-29,1241.7,1255.0,1194.0,1200.5,279910
CARBORUNIV,2026-09-30,1206.5,1269.9,1204.4,1252.5,475133
CARBORUNIV,2026-10-01,1250.3,1263.7,1215.1,1239.7,384105
CARBORUNIV,2026-10-05,1241.0,1280.1,1230.7,1267.6,269403
CARBORUNIV,2026-10-06,1285.7,1295.9,1260.1,1269.6,377905
CARERATING,2026-09-29,1627.9,1647.6,1603.4,1637.8,70064
CARERATING,2026-09-30,1637.0,1652.8,1611.0,1616.7,51390
CARERATING,2026-10-01,1616.7,1622.0,1581.1,1602.7,42470
CARERATING,2026-10-05,1602.7,1635.2,1590.2,1607.7,53662
CARERATING,2026-10-06,1607.7,1633.7,1582.2,1588.2,38734
CARRARO,2026-09-29,522.2,525.0,516.8,520.8,39095
CARRARO,2026-09-30,520.0,530.45,515.0,527.5,352593
CARRARO,2026-10-01,527.5,527.5,508.45,518.1,130189
CARRARO,2026-10-05,518.5,526.45,508.5,518.9,114896
CARRARO,2026-10-06,520.0,530.0,517.6,525.65,43978
CARTRADE,2026-09-30,2922.0,2949.5,2888.0,2899.8,191607
CARTRADE,2026-10-01,2892.0,2903.6001,2739.8,2806.6001,312645
CARTRADE,2026-10-02,2806.6001,2806.6001,2806.6001,2806.6001,0
CARTRADE,2026-10-05,2806.0,2950.0,2804.2,2935.3999,267054
CARTRADE,2026-10-06,2943.0,2982.0,2900.6001,2911.7,121721
CARYSIL,2026-09-29,1038.0,1072.0,1016.1,1056.5,92819
CARYSIL,2026-09-30,1046.1,1060.4,1020.0,1036.1,149256
CARYSIL,2026-10-01,1036.1,1054.8,995.7,1044.8,320062
CARYSIL,2026-10-05,1058.7,1058.7,1021.0,1031.0,92489
CARYSIL,2026-10-06,1031.0,1044.9,1022.0,1033.1,48632
CASTROLIND,2026-09-30,199.83,202.75,199.83,200.52,2564891
CASTROLIND,2026-10-01,200.31,201.09,196.5,199.04,2825230
CASTROLIND,2026-10-02,199.04,199.04,199.04,199.04,0
CASTROLIND,2026-10-05,199.05,201.5,197.75,199.51,2300283
CASTROLIND,2026-10-06,199.99,201.25,198.74,200.2,1862567
CBAZAAR,2026-09-28,5.35,5.35,5.35,5.35,8000
CBAZAAR,2026-09-29,5.5,5.6,5.45,5.45,24000
CBAZAAR,2026-09-30,5.7,5.7,5.7,5.7,32000
CBAZAAR,2026-10-01,5.45,5.45,5.45,5.45,8000
CBAZAAR,2026-10-05,5.2,5.3,5.2,5.3,16000
CCAVENUE,2026-09-30,15.31,15.52,15.08,15.12,7376759
CCAVENUE,2026-10-01,15.0,15.37,14.94,15.28,13286633
CCAVENUE,2026-10-02,15.28,15.28,15.28,15.28,0
CCAVENUE,2026-10-05,15.25,15.45,14.95,14.99,11659060
CCAVENUE,2026-10-06,15.03,15.49,15.03,15.35,17222009
CCCL,2026-09-29,13.38,13.95,13.0,13.47,222828
CCCL,2026-09-30,13.98,14.38,13.05,13.95,353951
CCCL,2026-10-01,14.2,14.2,13.0,13.45,390544
CCCL,2026-10-05,13.44,13.49,12.9,13.19,120507
CCCL,2026-10-06,13.39,13.5,12.91,13.1,139257
CCHHL,2026-09-29,12.89,13.17,12.71,12.9,4917
CCHHL,2026-09-30,12.9,13.2,12.9,13.0,12278
CCHHL,2026-10-01,12.76,13.3,12.76,12.99,34934
CCHHL,2026-10-05,12.81,13.16,12.7,12.71,20247
CCHHL,2026-10-06,12.89,13.0,12.7,12.81,4574
CCL,2026-09-30,1002.0,1031.0,991.4,1019.5,146634
CCL,2026-10-01,1013.1,1070.0,996.6,1056.6,405128
CCL,2026-10-02,1056.6,1056.6,1056.6,1056.6,0
CCL,2026-10-05,1056.6,1057.6,1033.1,1051.9,179191
CCL,2026-10-06,1048.6,1071.0,1026.6,1054.9,155647
CDSL,2026-09-30,1270.0,1286.5,1262.5,1264.0,871860
CDSL,2026-10-01,1264.0,1274.6,1223.9,1242.5,1324382
CDSL,2026-10-02,1242.5,1242.5,1242.5,1242.5,0
CDSL,2026-10-05,1248.0,1260.3,1237.4,1250.0,915900
CDSL,2026-10-06,1255.0,1267.9,1251.5,1263.4,895973
CEATLTD,2026-09-29,3275.1001,3282.6001,3215.8999,3240.0,45813
CEATLTD,2026-09-30,3242.3,3320.8999,3242.3,3264.3999,46666
CEATLTD,2026-10-01,3266.2,3300.0,3197.0,3286.6001,49734
CEATLTD,2026-10-05,3286.6001,3313.3999,3244.1001,3283.0,26355
CEATLTD,2026-10-06,3283.3999,3342.3,3278.3,3328.7,28923
CEIGALL,2026-09-29,378.75,384.8,373.0,377.55,417159
CEIGALL,2026-09-30,383.8,385.9,375.1,382.75,305558
CEIGALL,2026-10-01,380.85,387.7,374.0,380.1,170053
CEIGALL,2026-10-05,380.1,386.5,373.2,383.95,214295
CEIGALL,2026-10-06,385.55,385.55,375.0,376.2,179645
CEINSYS,2026-09-30,676.15,690.0,666.0,666.85,44612
CEINSYS,2026-10-01,665.0,672.1,634.95,654.25,62531
CEINSYS,2026-10-02,654.25,654.25,654.25,654.25,0
CEINSYS,2026-10-05,669.8,669.8,635.05,649.6,58702
CEINSYS,2026-10-06,644.1,747.7,644.1,718.45,501354
CELEBRITY,2026-09-29,6.7,6.7,6.34,6.46,22678
CELEBRITY,2026-09-30,6.74,6.74,6.36,6.66,13125
CELEBRITY,2026-10-01,6.69,6.7,6.12,6.26,25232
CELEBRITY,2026-10-05,6.26,6.69,6.06,6.41,13811
CELEBRITY,2026-10-06,6.73,6.73,6.3,6.35,33165
CELLECOR,2026-09-28,29.5,30.15,29.45,29.45,150000
CELLECOR,2026-09-29,29.55,29.85,29.5,29.55,102000
CELLECOR,2026-09-30,29.25,29.55,28.0,28.35,309000
CELLECOR,2026-10-01,28.8,29.35,27.65,28.9,870000
CELLECOR,2026-10-05,29.5,29.75,28.25,29.4,159000
CELLO,2026-09-29,332.6,336.5,325.6,333.35,213489
CELLO,2026-09-30,330.0,337.55,324.1,325.55,174282
CELLO,2026-10-01,325.0,327.5,314.0,323.1,260574
CELLO,2026-10-05,323.1,341.9,323.1,340.05,945722
CELLO,2026-10-06,340.0,388.4,340.0,369.15,20297398
CELLPOINT,2026-09-28,13.4,13.95,13.4,13.95,4800
CELLPOINT,2026-09-29,13.95,13.95,13.95,13.95,0
CELLPOINT,2026-09-30,14.0,14.0,13.9,13.95,7200
CELLPOINT,2026-10-01,14.5,16.65,14.5,16.05,15600
CELLPOINT,2026-10-05,16.75,16.75,15.35,15.85,13200
CEMPRO,2026-09-29,1229.0,1245.5,1214.0,1223.3,121284
CEMPRO,2026-09-30,1226.3,1249.0,1182.6,1192.2,242505
CEMPRO,2026-10-01,1189.0,1205.0,1160.3,1178.9,221740
CEMPRO,2026-10-05,1198.0,1209.5,1150.1,1156.6,237035
CEMPRO,2026-10-06,1168.8,1169.0,1145.5,1159.8,130790
CENTENKA,2026-09-29,558.6,560.2,541.0,549.5,20056
CENTENKA,2026-09-30,552.0,569.3,551.55,554.6,24863
CENTENKA,2026-10-01,547.3,550.4,530.55,537.8,29192
CENTENKA,2026-10-05,538.9,551.8,538.9,546.2,26663
CENTENKA,2026-10-06,543.5,580.1,543.4,566.6,51537
CENTEXT,2026-09-29,18.29,18.3,18.0,18.16,68265
CENTEXT,2026-09-30,18.2,19.07,18.2,18.62,121183
CENTEXT,2026-10-01,18.62,18.79,18.07,18.18,73904
CENTEXT,2026-10-05,18.4,18.99,17.91,17.99,68850
CENTEXT,2026-10-06,18.2,18.39,17.8,17.88,121435
CENTRALBK,2026-09-30,30.07,30.84,30.07,30.46,4973027
CENTRALBK,2026-10-01,30.46,30.46,29.76,30.0,4707687
CENTRALBK,2026-10-02,30.0,30.0,30.0,30.0,0
CENTRALBK,2026-10-05,30.2,30.56,30.02,30.31,4478354
CENTRALBK,2026-10-06,30.48,30.66,30.1,30.19,3221434
CENTRUM,2026-09-29,21.33,22.2,19.95,20.56,473508
CENTRUM,2026-09-30,20.95,21.35,19.0,19.61,765145
CENTRUM,2026-10-01,19.63,20.43,18.71,19.9,596475
CENTRUM,2026-10-05,19.99,20.4,19.3,19.7,371639
CENTRUM,2026-10-06,20.2,20.2,19.47,19.8,253359
CENTUM,2026-09-29,4530.0,4995.0,4460.2002,4920.7002,480139
CENTUM,2026-09-30,4915.7998,4925.0,4738.3999,4797.8999,90214
CENTUM,2026-10-01,4790.1001,4851.0,4603.2002,4701.7002,79168
CENTUM,2026-10-05,4748.7998,4750.0,4550.0,4584.1001,44652
CENTUM,2026-10-06,4619.8999,4654.8999,4425.8999,4451.0,81638
CENTURYPLY,2026-09-29,679.05,683.9,655.05,665.0,515533
CENTURYPLY,2026-09-30,663.05,686.0,663.05,681.85,64964
CENTURYPLY,2026-10-01,683.0,683.0,661.55,666.45,56697
CENTURYPLY,2026-10-05,662.25,682.0,662.25,680.05,65262
CENTURYPLY,2026-10-06,680.1,699.0,674.05,679.85,100565
CERA,2026-09-30,5125.0,5199.5,5037.0,5088.0,25540
CERA,2026-10-01,5113.5,5199.0,5008.5,5096.5,5282
CERA,2026-10-02,5096.5,5096.5,5096.5,5096.5,0
CERA,2026-10-05,5096.5,5129.5,5014.5,5056.5,7444
CERA,2026-10-06,5006.0,5136.0,5006.0,5122.5,2627
CEREBRAINT,2026-09-29,2.71,2.71,2.71,2.71,0
CEREBRAINT,2026-09-30,2.71,2.71,2.71,2.71,0
CEREBRAINT,2026-10-01,2.71,2.71,2.71,2.71,0
CEREBRAINT,2026-10-02,2.71,2.71,2.71,2.71,0
CEREBRAINT,2026-10-05,2.66,2.66,2.66,2.66,3864
CESC,2026-09-30,133.95,136.39,133.61,133.85,1540893
CESC,2026-10-01,133.65,133.85,129.75,131.62,1826999
CESC,2026-10-02,131.62,131.62,131.62,131.62,0
CESC,2026-10-05,132.33,136.9,131.7,133.73,1606522
CESC,2026-10-06,133.75,136.12,133.55,134.43,1794545
CEWATER,2026-09-29,259.0,261.95,250.25,259.6,57475
CEWATER,2026-09-30,259.25,267.4,257.05,259.6,28177
CEWATER,2026-10-01,260.4,260.4,250.0,253.45,66070
CEWATER,2026-10-05,253.45,267.0,250.6,259.1,98075
CEWATER,2026-10-06,257.1,261.9,256.75,260.65,18552
CFEL,2026-09-29,45.0,47.16,43.03,47.12,23048
CFEL,2026-09-30,47.1,47.1,45.05,45.58,4882
CFEL,2026-10-01,45.0,47.0,44.12,45.27,13345
CFEL,2026-10-05,45.5,45.56,43.01,43.55,7473
CFEL,2026-10-06,43.5,45.69,43.5,45.0,3178
CGCL,2026-09-29,248.6,249.95,244.55,246.9,1745741
CGCL,2026-09-30,249.3,252.75,246.5,247.45,1406907
CGCL,2026-10-01,245.0,253.0,244.06,249.23,2812833
CGCL,2026-10-05,250.6,251.98,245.15,247.06,1571868
CGCL,2026-10-06,247.06,248.76,241.72,246.88,5242811
CGPOWER,2026-09-30,866.45,876.8,854.2,854.2,2404620
CGPOWER,2026-10-01,861.0,889.9,859.6,879.0,4633143
CGPOWER,2026-10-02,879.0,879.0,879.0,879.0,0
CGPOWER,2026-10-05,885.05,894.2,877.75,882.3,1290292
CGPOWER,2026-10-06,888.0,913.3,885.35,912.0,2538504
CGRAPHICS,2026-09-28,137.45,160.0,134.0,147.6,183200
CGRAPHICS,2026-09-29,152.0,159.95,149.0,158.4,200800
CGRAPHICS,2026-09-30,158.4,159.9,153.05,159.1,24800
CGRAPHICS,2026-10-01,159.5,159.9,148.8,148.8,24000
CGRAPHICS,2026-10-05,152.05,153.0,150.5,150.85,22400
CGVAK,2026-09-29,151.65,151.69,143.0,148.97,769
CGVAK,2026-09-30,151.5,151.5,145.31,145.69,1492
CGVAK,2026-10-01,150.8,151.0,144.42,147.24,1725
CGVAK,2026-10-05,158.99,158.99,145.11,147.99,1065
CGVAK,2026-10-06,147.0,153.85,143.3,146.16,4859
CHALET,2026-09-29,861.5,893.95,830.2,840.75,1019411
CHALET,2026-09-30,849.9,861.95,831.0,845.2,132305
CHALET,2026-10-01,845.0,845.6,818.0,830.25,142586
CHALET,2026-10-05,836.8,844.4,825.25,841.45,136588
CHALET,2026-10-06,841.5,844.0,816.1,818.2,83301
CHAMBLFERT,2026-09-29,417.0,417.8,411.7,413.55,665522
CHAMBLFERT,2026-09-30,414.35,417.45,408.4,409.25,384509
CHAMBLFERT,2026-10-01,409.95,411.25,396.5,399.3,447087
CHAMBLFERT,2026-10-05,400.3,406.3,395.0,397.6,432450
CHAMBLFERT,2026-10-06,398.35,406.0,397.95,404.8,225605
CHAVDA,2026-09-28,71.9,71.9,68.0,68.05,144000
CHAVDA,2026-09-29,65.85,66.5,65.0,65.35,38000
CHAVDA,2026-09-30,65.25,65.25,62.1,63.0,238000
CHAVDA,2026-10-01,60.05,60.05,59.85,59.85,14000
CHAVDA,2026-10-05,59.85,60.0,59.5,59.5,6000
CHEMBOND,2026-09-29,194.0,194.0,182.0,182.87,11920
CHEMBOND,2026-09-30,182.5,189.44,181.62,182.73,12149
CHEMBOND,2026-10-01,182.76,183.01,176.0,177.64,8226
CHEMBOND,2026-10-05,178.22,183.02,176.5,177.94,4435
CHEMBOND,2026-10-06,180.88,194.0,178.1,191.83,10041
CHEMBONDCH,2026-09-29,246.8,246.8,230.3,230.3,10790
CHEMBONDCH,2026-09-30,230.0,237.45,218.8,225.5,25729
CHEMBONDCH,2026-10-01,220.05,224.98,214.23,215.81,9841
CHEMBONDCH,2026-10-05,221.95,225.95,212.0,214.85,5522
CHEMBONDCH,2026-10-06,214.0,225.59,210.2,222.94,10935
CHEMCON,2026-09-29,221.55,222.92,211.0,213.81,42417
CHEMCON,2026-09-30,212.1,221.37,212.1,217.28,27761
CHEMCON,2026-10-01,217.92,223.47,210.87,215.93,75163
CHEMCON,2026-10-05,218.0,223.0,211.21,213.86,41413
CHEMCON,2026-10-06,214.05,219.89,214.05,217.4,31102
CHEMCRUX,2026-09-29,78.8,80.0,76.3,78.01,5752
CHEMCRUX,2026-09-30,79.8,80.2,77.51,78.62,6413
CHEMCRUX,2026-10-01,79.55,79.55,76.6,78.23,3558
CHEMCRUX,2026-10-05,79.47,82.2,76.5,79.22,3767
CHEMCRUX,2026-10-06,80.2,80.9,77.0,80.21,5011
CHEMFAB,2026-09-29,340.55,349.8,334.45,343.5,3068
CHEMFAB,2026-09-30,359.8,359.8,335.0,335.9,4381
CHEMFAB,2026-10-01,344.45,344.45,325.0,328.35,1966
CHEMFAB,2026-10-05,321.55,335.35,320.15,326.35,3357
CHEMFAB,2026-10-06,318.0,340.0,317.85,338.5,3982
CHEMPLASTS,2026-09-29,195.15,199.25,191.09,192.35,198535
CHEMPLASTS,2026-09-30,192.26,196.79,184.5,185.92,278500
CHEMPLASTS,2026-10-01,185.92,192.77,182.01,191.56,291771
CHEMPLASTS,2026-10-05,191.55,204.0,191.55,196.93,805392
CHEMPLASTS,2026-10-06,196.15,212.0,195.61,210.24,1031837
CHENNPETRO,2026-09-30,1447.9,1502.3,1428.0,1436.3,1709133
CHENNPETRO,2026-10-01,1432.0,1434.9,1330.7,1346.4,1838710
CHENNPETRO,2026-10-02,1346.4,1346.4,1346.4,1346.4,0
CHENNPETRO,2026-10-05,1345.9,1406.0,1325.1,1401.0,1762387
CHENNPETRO,2026-10-06,1409.4,1431.0,1385.0,1405.7,949069
CHEVIOT,2026-09-29,1175.5,1193.9,1171.0,1176.0,620
CHEVIOT,2026-09-30,1194.9,1199.9,1175.4,1183.2,642
CHEVIOT,2026-10-01,1180.6,1197.5,1166.1,1167.0,1374
CHEVIOT,2026-10-05,1172.0,1174.5,1160.1,1165.7,386
CHEVIOT,2026-10-06,1166.0,1169.5,1133.0,1152.9,1698
CHOICEIN,2026-09-29,755.5,756.95,738.5,741.15,331488
CHOICEIN,2026-09-30,741.05,749.4,721.2,726.25,401169
CHOICEIN,2026-10-01,724.5,729.4,706.75,719.4,433514
CHOICEIN,2026-10-05,719.4,736.0,719.4,726.0,737146
CHOICEIN,2026-10-06,726.7,738.0,725.0,727.15,857408
CHOLAFIN,2026-09-29,1620.0,1644.0,1600.2,1627.3,1489025
CHOLAFIN,2026-09-30,1637.2,1642.1,1600.1,1620.0,1860436
CHOLAFIN,2026-10-01,1619.7,1619.7,1563.2,1580.0,1699959
CHOLAFIN,2026-10-05,1590.0,1610.8,1580.0,1605.4,1378981
CHOLAFIN,2026-10-06,1606.9,1616.0,1594.3,1611.0,949645
CHOLAHLDNG,2026-09-29,1389.7,1402.0,1341.0,1371.8,479726
CHOLAHLDNG,2026-09-30,1361.0,1400.0,1361.0,1386.2,272263
CHOLAHLDNG,2026-10-01,1385.9,1385.9,1330.1,1369.6,233959
CHOLAHLDNG,2026-10-05,1379.9,1409.7,1366.1,1404.4,69925
CHOLAHLDNG,2026-10-06,1402.4,1433.3,1402.4,1424.6,59351
CIEINDIA,2026-09-30,379.0,390.0,378.05,386.3,288927
CIEINDIA,2026-10-01,383.15,383.15,370.85,376.35,259700
CIEINDIA,2026-10-02,376.35,376.35,376.35,376.35,0
CIEINDIA,2026-10-05,377.0,380.85,374.4,378.0,91542
CIEINDIA,2026-10-06,376.55,380.0,375.25,379.0,95515
CIFL,2026-09-29,22.49,22.49,20.4,21.36,304436
CIFL,2026-09-30,20.63,21.85,20.63,21.34,72960
CIFL,2026-10-01,21.06,22.0,20.61,20.76,92756
CIFL,2026-10-05,20.7,21.15,20.4,20.49,240278
CIFL,2026-10-06,20.99,21.67,20.25,20.68,248480
CINELINE,2026-09-29,88.52,89.9,87.62,88.13,29030
CINELINE,2026-09-30,89.44,89.5,85.35,86.96,22839
CINELINE,2026-10-01,88.94,89.0,85.25,85.96,10501
CINELINE,2026-10-05,87.4,90.0,86.01,86.22,5158
CINELINE,2026-10-06,87.94,88.4,86.5,87.72,8115
CINEVISTA,2026-09-29,14.25,14.25,13.4,13.64,9908
CINEVISTA,2026-09-30,13.75,13.99,13.65,13.83,5653
CINEVISTA,2026-10-01,14.11,14.11,13.52,13.63,6443
CINEVISTA,2026-10-05,14.09,14.09,13.46,13.79,18109
CINEVISTA,2026-10-06,14.4,14.4,13.54,13.83,7701
CIPLA,2026-09-30,1383.0,1384.0,1346.0,1346.0,1063964
CIPLA,2026-10-01,1349.1,1359.4,1333.4,1344.0,921789
CIPLA,2026-10-02,1344.0,1344.0,1344.0,1344.0,0
CIPLA,2026-10-05,1334.3,1337.7,1321.0,1335.5,1084209
CIPLA,2026-10-06,1335.0,1344.9,1323.2,1340.2,575574
CLCIND,2026-09-29,43.22,43.22,43.22,43.22,0
CLCIND,2026-09-30,43.22,43.22,43.22,43.22,0
CLCIND,2026-10-01,43.22,43.22,43.22,43.22,0
CLCIND,2026-10-02,43.22,43.22,43.22,43.22,0
CLCIND,2026-10-05,43.22,43.22,43.22,43.22,152
CLEAN,2026-09-29,786.0,788.8,766.0,775.75,385864
CLEAN,2026-09-30,776.9,801.2,774.8,794.35,245660
CLEAN,2026-10-01,788.2,809.95,774.65,803.05,317480
CLEAN,2026-10-05,805.0,817.3,792.15,799.8,185312
CLEAN,2026-10-06,807.55,830.8,803.55,823.15,296157
CLEANMAX,2026-09-29,1372.0,1422.0,1345.6,1382.4,1799568
CLEANMAX,2026-09-30,1390.7,1405.0,1315.8,1327.2,851431
CLEANMAX,2026-10-01,1334.4,1337.0,1290.1,1299.8,431038
CLEANMAX,2026-10-05,1309.9,1331.8,1301.0,1303.3,156077
CLEANMAX,2026-10-06,1300.0,1398.3,1300.0,1392.5,465388
CLEDUCATE,2026-09-29,55.01,55.98,53.05,55.43,11735
CLEDUCATE,2026-09-30,55.96,58.2,55.0,57.01,31888
CLEDUCATE,2026-10-01,57.01,59.45,57.01,57.91,11448
CLEDUCATE,2026-10-05,58.49,58.98,55.02,55.02,11798
CLEDUCATE,2026-10-06,55.0,55.48,53.01,53.98,27803
CLSEL,2026-09-29,285.5,286.45,280.8,282.25,20941
CLSEL,2026-09-30,282.2,295.5,282.2,284.15,68524
CLSEL,2026-10-01,282.15,290.0,275.0,281.95,66745
CLSEL,2026-10-05,280.95,286.2,277.25,283.1,31677
CLSEL,2026-10-06,283.9,294.9,281.5,291.95,65438
CLSL,2026-09-29,62.95,62.95,62.95,62.95,2000
CLSL,2026-09-30,59.85,62.9,59.85,62.9,4000
CLSL,2026-10-01,62.9,62.9,62.9,62.9,0
CLSL,2026-10-02,62.9,62.9,62.9,62.9,0
CLSL,2026-10-05,62.85,62.85,62.85,62.85,2000
CMICABLES,2026-09-29,2.62,2.62,2.62,2.62,0
CMICABLES,2026-09-30,2.62,2.62,2.62,2.62,0
CMICABLES,2026-10-01,2.62,2.62,2.62,2.62,0
CMICABLES,2026-10-02,2.62,2.62,2.62,2.62,0
CMICABLES,2026-10-05,2.62,2.62,2.49,2.49,2350
CMLL,2026-09-29,526.0,552.05,513.65,542.9,1050819
CMLL,2026-09-30,547.05,553.55,529.0,532.05,314749
CMLL,2026-10-01,534.5,540.1,508.0,523.05,267921
CMLL,2026-10-05,520.0,526.0,503.3,507.2,192091
CMLL,2026-10-06,510.5,519.5,503.7,517.2,251785
CMNL,2026-09-28,115.0,116.95,112.0,115.75,20250
CMNL,2026-09-29,112.5,115.0,111.0,111.0,13500
CMNL,2026-09-30,111.0,123.0,109.5,116.85,15750
CMNL,2026-10-01,118.0,118.0,118.0,118.0,4500
CMNL,2026-10-05,118.0,118.0,115.0,115.0,5250
CMPDI,2026-09-30,213.1,214.89,207.5,209.21,726889
CMPDI,2026-10-01,208.8,208.8,196.47,204.38,2709836
CMPDI,2026-10-02,204.38,204.38,204.38,204.38,0
CMPDI,2026-10-05,205.7,208.99,203.68,207.13,1019550
CMPDI,2026-10-06,207.0,212.49,205.0,210.06,798452
CMRGREEN,2026-09-29,221.8,232.0,218.6,227.91,1088405
CMRGREEN,2026-09-30,228.98,233.99,223.5,224.83,395630
CMRGREEN,2026-10-01,224.83,225.0,221.0,223.38,459122
CMRGREEN,2026-10-05,224.57,225.6,220.1,221.48,272408
CMRGREEN,2026-10-06,221.01,228.0,220.49,226.63,243384
CMRSL,2026-09-29,74.35,74.35,74.35,74.35,0
CMRSL,2026-09-30,70.65,70.65,70.65,70.65,800
CMRSL,2026-10-01,70.65,70.65,70.65,70.65,0
CMRSL,2026-10-02,70.65,70.65,70.65,70.65,0
CMRSL,2026-10-05,70.65,74.15,70.65,74.15,1600
CMSINFO,2026-09-30,229.95,231.99,220.99,221.45,632685
CMSINFO,2026-10-01,222.51,222.79,215.12,220.69,1010975
CMSINFO,2026-10-02,220.69,220.69,220.69,220.69,0
CMSINFO,2026-10-05,221.68,222.0,217.16,218.98,696321
CMSINFO,2026-10-06,219.5,221.59,218.28,220.35,335302
CNL,2026-09-29,1067.2,1125.9,1049.0,1097.7,14640
CNL,2026-09-30,1105.8,1156.9,1078.0,1082.2,6433
CNL,2026-10-01,1067.3,1105.2,1065.9,1079.2,21831
CNL,2026-10-05,1070.9,1086.7,1052.0,1071.9,10873
CNL,2026-10-06,1063.7,1083.0,1055.1,1070.0,16254
COALINDIA,2026-09-30,425.1,432.9,423.95,425.0,7436925
COALINDIA,2026-10-01,421.2,426.35,416.3,420.4,7514836
COALINDIA,2026-10-02,420.4,420.4,420.4,420.4,0
COALINDIA,2026-10-05,425.0,430.9,421.6,425.1,7764099
COALINDIA,2026-10-06,426.05,426.95,410.6,411.65,5543504
COASTCORP,2026-09-29,36.95,36.95,35.3,35.55,47459
COASTCORP,2026-09-30,36.53,37.8,36.0,36.97,86221
COASTCORP,2026-10-01,36.89,36.89,35.2,35.82,59600
COASTCORP,2026-10-05,35.55,36.19,35.45,35.68,36258
COASTCORP,2026-10-06,36.2,36.48,35.53,36.18,24372
COCHINSHIP,2026-09-30,1332.0,1348.6,1305.7,1315.0,985418
COCHINSHIP,2026-10-01,1315.0,1315.9,1265.6,1287.0,727942
COCHINSHIP,2026-10-02,1287.0,1287.0,1287.0,1287.0,0
COCHINSHIP,2026-10-05,1295.9,1308.0,1279.3,1283.8,678043
COCHINSHIP,2026-10-06,1285.2,1293.1,1273.5,1282.0,859893
COCKERILL,2026-09-30,7905.5,8029.0,7840.5,7966.5,3420
COCKERILL,2026-10-01,7975.0,8080.0,7748.5,7989.0,3473
COCKERILL,2026-10-02,7989.0,7989.0,7989.0,7989.0,0
COCKERILL,2026-10-05,7920.0,8026.5,7826.0,7868.5,1721
COCKERILL,2026-10-06,7834.0,8004.0,7834.0,7978.5,2566
COFFEEDAY,2026-09-29,30.0,30.73,29.8,30.51,488933
COFFEEDAY,2026-09-30,30.51,30.85,30.06,30.14,310652
COFFEEDAY,2026-10-01,30.1,32.0,28.86,29.69,5488862
COFFEEDAY,2026-10-05,30.2,31.74,29.72,30.06,642940
COFFEEDAY,2026-10-06,29.6,30.52,29.1,30.03,789744
COFORGE,2026-09-30,1757.6,1824.4,1749.1,1749.1,3113656
COFORGE,2026-10-01,1764.8,1831.0,1763.6,1826.0,3419070
COFORGE,2026-10-02,1826.0,1826.0,1826.0,1826.0,0
COFORGE,2026-10-05,1842.3,1888.0,1793.8,1852.0,3693526
COFORGE,2026-10-06,1859.0,1868.0,1816.6,1849.7,1921477
COHANCE,2026-09-29,452.8,469.75,449.6,457.9,1477420
COHANCE,2026-09-30,456.0,460.95,440.8,444.0,1480412
COHANCE,2026-10-01,444.0,454.85,435.0,451.3,683663
COHANCE,2026-10-05,451.5,455.05,442.2,446.8,413013
COHANCE,2026-10-06,448.3,459.2,445.5,457.0,492679
COLPAL,2026-09-30,1790.1,1808.6,1763.3,1763.3,276534
COLPAL,2026-10-01,1763.3,1775.4,1716.1,1735.0,412868
COLPAL,2026-10-02,1735.0,1735.0,1735.0,1735.0,0
COLPAL,2026-10-05,1741.0,1775.0,1737.0,1775.0,173685
COLPAL,2026-10-06,1773.0,1809.4,1763.3,1809.4,557652
COMFINTE,2026-09-29,7.04,7.15,6.38,6.73,827066
COMFINTE,2026-09-30,6.94,7.24,6.02,6.36,1331887
COMFINTE,2026-10-01,6.35,6.41,6.09,6.23,135064
COMFINTE,2026-10-05,6.09,6.98,6.09,6.18,450195
COMFINTE,2026-10-06,6.18,6.5,6.18,6.23,123107
COMMITTED,2026-09-29,319.95,319.95,319.95,319.95,4800
COMMITTED,2026-09-30,323.8,323.8,323.8,323.8,800
COMMITTED,2026-10-01,323.8,323.8,323.8,323.8,0
COMMITTED,2026-10-02,323.8,323.8,323.8,323.8,0
COMMITTED,2026-10-05,323.8,323.8,323.8,323.8,0
COMPEAU,2026-09-29,383.9,383.9,349.05,369.7,1518
COMPEAU,2026-09-30,358.1,368.45,354.4,368.45,224
COMPEAU,2026-10-01,362.45,362.45,362.45,362.45,1
COMPEAU,2026-10-05,380.0,380.0,344.2,349.3,240
COMPEAU,2026-10-06,359.95,364.55,352.2,358.1,170
COMPINFO,2026-09-29,1.03,1.08,1.03,1.03,7373
COMPINFO,2026-09-30,1.05,1.08,1.0,1.06,54241
COMPINFO,2026-10-01,1.05,1.11,1.05,1.09,10351
COMPINFO,2026-10-05,1.09,1.11,1.04,1.09,22041
COMPINFO,2026-10-06,1.05,1.09,1.05,1.08,4462
COMPUSOFT,2026-09-29,13.06,13.8,13.06,13.36,22196
COMPUSOFT,2026-09-30,13.66,14.0,13.41,13.48,24794
COMPUSOFT,2026-10-01,13.54,13.54,13.01,13.05,14232
COMPUSOFT,2026-10-05,13.05,13.4,12.61,13.0,19681
COMPUSOFT,2026-10-06,13.0,13.35,12.65,12.9,13838
COMSYN,2026-09-29,281.9,282.85,258.25,261.95,1255588
COMSYN,2026-09-30,267.65,279.15,265.0,269.7,610951
COMSYN,2026-10-01,270.0,270.05,259.0,262.4,318865
COMSYN,2026-10-05,263.05,270.0,256.8,259.55,527134
COMSYN,2026-10-06,262.4,265.5,257.75,263.0,267556
CONCOR,2026-09-29,450.0,452.05,443.3,443.5,1737443
CONCOR,2026-09-30,449.0,454.6,445.3,447.5,1094966
CONCOR,2026-10-01,448.0,450.85,436.35,442.0,877730
CONCOR,2026-10-05,445.0,446.6,434.5,441.45,949906
CONCOR,2026-10-06,441.5,446.5,440.2,445.85,929524
CONCORDBIO,2026-09-30,1423.4,1434.7,1366.6,1373.6,100957
CONCORDBIO,2026-10-01,1373.6,1400.0,1320.0,1374.1,147229
CONCORDBIO,2026-10-02,1374.1,1374.1,1374.1,1374.1,0
CONCORDBIO,2026-10-05,1394.7,1398.7,1352.5,1355.9,55394
CONCORDBIO,2026-10-06,1352.0,1375.0,1348.2,1368.8,41841
CONFIPET,2026-09-30,87.0,89.55,86.52,88.13,1829935
CONFIPET,2026-10-01,87.9,88.13,83.32,86.05,2851230
CONFIPET,2026-10-02,86.05,86.05,86.05,86.05,0
CONFIPET,2026-10-05,87.4,88.49,85.12,86.18,1591393
CONFIPET,2026-10-06,86.0,87.8,85.16,86.67,1387457
CONSOFINVT,2026-09-29,276.1,289.9,276.05,289.3,5396
CONSOFINVT,2026-09-30,292.1,299.85,280.0,293.9,1868
CONSOFINVT,2026-10-01,294.0,294.0,279.3,279.6,22639
CONSOFINVT,2026-10-05,279.45,285.0,278.0,284.25,2475
CONSOFINVT,2026-10-06,284.95,290.0,282.0,283.2,3292
CONTI,2026-09-28,10.2,10.2,10.2,10.2,0
CONTI,2026-09-29,10.2,10.2,10.2,10.2,0
CONTI,2026-09-30,9.7,9.7,9.7,9.7,9999
CONTI,2026-10-01,10.15,10.15,10.1,10.1,13332
CONTI,2026-10-05,9.8,9.8,9.8,9.8,6666
CONTROLPR,2026-09-29,593.0,610.0,593.0,608.5,49346
CONTROLPR,2026-09-30,608.0,610.0,600.0,607.35,13322
CONTROLPR,2026-10-01,608.0,638.75,599.55,618.0,55775
CONTROLPR,2026-10-05,624.0,625.25,599.05,616.3,19662
CONTROLPR,2026-10-06,621.0,625.0,614.1,622.65,13088
COOLCAPS,2026-09-28,23.8,23.8,22.95,23.5,81250
COOLCAPS,2026-09-29,23.5,23.95,21.15,21.5,251250
COOLCAPS,2026-09-30,22.0,23.6,21.15,21.9,187500
COOLCAPS,2026-10-01,21.55,21.7,20.8,21.15,70000
COOLCAPS,2026-10-05,21.25,21.55,21.0,21.1,25000
CORALFINAC,2026-09-29,31.98,32.85,31.06,32.17,28066
CORALFINAC,2026-09-30,32.77,32.77,31.43,31.55,10305
CORALFINAC,2026-10-01,31.7,31.99,30.85,31.25,13756
CORALFINAC,2026-10-05,31.05,31.62,29.98,30.21,23876
CORALFINAC,2026-10-06,30.78,33.48,30.65,31.18,279646
CORDELIA,2026-09-29,103.75,104.65,101.0,102.56,1147541
CORDELIA,2026-09-30,103.46,105.16,102.3,102.59,630212
CORDELIA,2026-10-01,102.0,102.34,98.55,100.91,1443890
CORDELIA,2026-10-05,101.5,105.95,100.17,100.83,668903
CORDELIA,2026-10-06,103.0,105.1,101.33,104.32,872052
CORDSCABLE,2026-09-29,315.5,335.0,314.85,316.7,75912
CORDSCABLE,2026-09-30,314.0,332.5,314.0,332.5,29609
CORDSCABLE,2026-10-01,329.95,332.0,315.9,318.9,33266
CORDSCABLE,2026-10-05,317.9,324.0,303.0,308.3,55092
CORDSCABLE,2026-10-06,308.65,322.95,300.0,314.35,39443
COROMANDEL,2026-09-29,1900.0,1900.1,1772.1,1792.9,374773
COROMANDEL,2026-09-30,1810.8,1832.0,1742.9,1758.2,612561
COROMANDEL,2026-10-01,1750.2,1775.9,1701.0,1763.6,239111
COROMANDEL,2026-10-05,1769.9,1809.8,1751.8,1801.4,189198
COROMANDEL,2026-10-06,1802.9,1812.8,1772.3,1788.3,149089
CORONA,2026-09-29,2053.0,2108.2,2001.1,2078.3999,70858
CORONA,2026-09-30,2085.0,2111.8,2062.1001,2093.3999,23940
CORONA,2026-10-01,2093.3,2093.3999,1986.1,2029.4,25676
CORONA,2026-10-05,2051.0,2070.0,2005.6,2034.2,14222
CORONA,2026-10-06,2034.9,2051.6001,2007.6,2038.3,26077
COSMOFIRST,2026-09-29,844.0,862.0,825.2,834.8,39721
COSMOFIRST,2026-09-30,856.0,875.75,837.5,845.6,43706
COSMOFIRST,2026-10-01,843.85,843.85,815.05,826.85,30642
COSMOFIRST,2026-10-05,840.0,840.0,811.8,822.7,27709
COSMOFIRST,2026-10-06,822.0,833.4,815.0,829.15,23753
COUNCODOS,2026-09-29,6.35,6.69,6.29,6.4,14690
COUNCODOS,2026-09-30,6.3,6.58,6.2,6.4,6350
COUNCODOS,2026-10-01,6.3,6.62,6.13,6.33,36902
COUNCODOS,2026-10-05,6.42,6.45,6.14,6.44,139145
COUNCODOS,2026-10-06,6.42,6.62,6.4,6.51,71617
CPCAP,2026-09-29,153.8,153.8,147.41,150.35,16103
CPCAP,2026-09-30,153.9,154.0,137.35,141.59,19440
CPCAP,2026-10-01,139.4,144.29,137.42,140.85,14506
CPCAP,2026-10-05,133.01,142.0,131.35,134.45,17693
CPCAP,2026-10-06,135.0,161.34,135.0,154.53,462217
CPEDU,2026-09-29,173.92,184.8,172.05,179.6,5458
CPEDU,2026-09-30,178.0,181.0,177.2,177.45,4608
CPEDU,2026-10-01,175.1,178.4,172.1,176.36,2580
CPEDU,2026-10-05,170.1,180.0,170.1,179.47,6455
CPEDU,2026-10-06,179.47,183.9,179.47,181.29,1895
CPL,2026-09-29,62.52,62.86,61.72,62.16,15463
CPL,2026-09-30,61.69,64.07,61.69,63.27,27672
CPL,2026-10-01,61.69,64.17,59.98,62.46,51674
CPL,2026-10-05,61.56,63.9,61.01,62.73,34985
CPL,2026-10-06,62.04,63.0,61.62,62.12,14208
CPPLUS,2026-09-30,3840.1001,3950.0,3766.0,3846.5,237687
CPPLUS,2026-10-01,3837.8999,3860.0,3756.0,3799.6001,119217
CPPLUS,2026-10-02,3799.6001,3799.6001,3799.6001,3799.6001,0
CPPLUS,2026-10-05,3858.2,3989.5,3833.5,3989.5,255914
CPPLUS,2026-10-06,4082.1001,4188.8999,3942.5,3976.0,432768
CPS,2026-09-28,1150.0,1150.0,1150.0,1150.0,0
CPS,2026-09-29,1110.0,1135.0,1101.1,1135.0,1200
CPS,2026-09-30,1135.0,1135.0,1135.0,1135.0,0
CPS,2026-10-01,1134.0,1135.0,1134.0,1135.0,2850
CPS,2026-10-05,1135.0,1135.0,1135.0,1135.0,0
CRAFTSMAN,2026-09-29,10566.0,10646.0,10405.0,10505.0,27697
CRAFTSMAN,2026-09-30,10581.0,10581.0,10316.0,10417.0,46075
CRAFTSMAN,2026-10-01,10300.0,10453.0,10100.0,10266.0,35248
CRAFTSMAN,2026-10-05,10280.0,10660.0,10183.0,10251.0,60422
CRAFTSMAN,2026-10-06,10299.0,10412.0,10200.0,10348.0,24294
CRAMC,2026-09-29,227.5,228.0,222.15,223.55,244217
CRAMC,2026-09-30,224.45,227.0,224.0,224.7,247677
CRAMC,2026-10-01,224.0,225.95,216.0,216.52,540916
CRAMC,2026-10-05,219.0,224.0,218.69,220.23,278457
CRAMC,2026-10-06,224.6,225.56,221.65,224.88,243014
CRAVATEX,2026-09-29,340.05,355.95,332.25,343.95,281
CRAVATEX,2026-09-30,359.8,365.8,345.0,359.85,56
CRAVATEX,2026-10-01,379.0,379.0,345.0,349.0,142
CRAVATEX,2026-10-05,365.0,365.0,336.1,339.2,42
CRAVATEX,2026-10-06,336.0,394.4,336.0,374.6,817
CRAYONS,2026-09-28,25.5,25.7,25.5,25.7,4000
CRAYONS,2026-09-29,26.85,26.85,24.45,24.45,3000
CRAYONS,2026-09-30,23.35,24.45,23.35,24.45,2000
CRAYONS,2026-10-01,25.65,25.65,25.0,25.0,5000
CRAYONS,2026-10-05,24.0,24.0,23.95,23.95,2000
CREATIVEYE,2026-09-29,6.18,6.18,5.63,6.03,15364
CREATIVEYE,2026-09-30,6.15,6.75,5.85,6.12,4878
CREATIVEYE,2026-10-01,6.28,6.28,5.75,6.17,16224
CREATIVEYE,2026-10-05,6.15,6.15,5.76,5.9,2267
CREATIVEYE,2026-10-06,5.9,6.47,5.75,5.9,21039
CREDITACC,2026-09-29,1255.0,1255.6,1209.1,1216.3,368535
CREDITACC,2026-09-30,1220.2,1278.8,1220.2,1272.0,364278
CREDITACC,2026-10-01,1268.0,1268.0,1224.6,1239.0,343285
CREDITACC,2026-10-05,1250.0,1280.0,1244.8,1251.5,164807
CREDITACC,2026-10-06,1260.0,1286.1,1254.0,1265.8,122326
CREST,2026-09-29,361.9,361.9,355.0,356.9,768
CREST,2026-09-30,364.95,375.0,355.0,366.85,4058
CREST,2026-10-01,368.65,370.45,358.0,362.35,3321
CREST,2026-10-05,355.0,367.0,355.0,363.05,4641
CREST,2026-10-06,363.2,363.8,357.75,359.9,824
CRESTO,2026-09-29,22.85,23.97,22.2,23.59,42943
CRESTO,2026-09-30,23.99,23.99,22.93,23.21,53671
CRESTO,2026-10-01,23.67,24.0,22.05,22.05,18383
CRESTO,2026-10-05,20.95,22.85,20.95,20.99,28152
CRESTO,2026-10-06,21.49,21.99,19.95,20.02,26637
CRISIL,2026-09-29,4640.2002,4640.2002,4437.1001,4464.1001,36620
CRISIL,2026-09-30,4464.7998,4519.0,4416.0,4450.7998,36918
CRISIL,2026-10-01,4425.0,4465.5,4345.0,4428.6001,32314
CRISIL,2026-10-05,4428.6001,4531.5,4401.0,4505.7998,26707
CRISIL,2026-10-06,4505.7998,4549.8999,4480.5,4523.2998,10499
CRIZAC,2026-09-29,177.0,177.0,168.0,169.08,428888
CRIZAC,2026-09-30,170.6,173.39,168.9,170.12,100955
CRIZAC,2026-10-01,171.68,171.68,164.59,166.89,188899
CRIZAC,2026-10-05,168.65,170.76,166.74,168.24,186832
CRIZAC,2026-10-06,169.95,172.72,167.0,168.85,98793
CROMPTON,2026-09-30,212.0,214.56,208.67,208.67,1957515
CROMPTON,2026-10-01,208.71,209.96,201.1,202.7,4535645
CROMPTON,2026-10-02,202.7,202.7,202.7,202.7,0
CROMPTON,2026-10-05,203.3,211.98,203.3,211.5,3915311
CROMPTON,2026-10-06,211.0,213.06,209.92,211.98,1179467
CROWN,2026-09-29,115.99,118.0,113.81,115.73,18332
CROWN,2026-09-30,116.8,116.99,114.59,115.27,17028
CROWN,2026-10-01,116.0,116.0,108.6,111.53,14808
CROWN,2026-10-05,114.92,114.92,109.0,111.06,6244
CROWN,2026-10-06,111.12,112.8,111.1,112.38,3230
CRSL,2026-09-29,2.34,2.34,2.24,2.26,221776
CRSL,2026-09-30,2.3,2.3,2.19,2.22,200889
CRSL,2026-10-01,2.2,2.22,2.11,2.14,436289
CRSL,2026-10-05,2.1,2.19,2.04,2.04,881962
CRSL,2026-10-06,2.08,2.13,2.03,2.05,239117
CSBBANK,2026-09-29,323.75,323.75,315.1,316.2,474185
CSBBANK,2026-09-30,316.0,319.15,309.5,311.0,283282
CSBBANK,2026-10-01,311.25,312.3,297.05,304.75,613159
CSBBANK,2026-10-05,306.85,310.0,300.1,306.85,455102
CSBBANK,2026-10-06,309.85,313.4,304.35,305.85,416604
CSLFINANCE,2026-09-29,211.79,214.74,208.81,211.4,26104
CSLFINANCE,2026-09-30,213.98,215.25,210.0,210.85,14378
CSLFINANCE,2026-10-01,213.5,213.5,205.0,208.34,23138
CSLFINANCE,2026-10-05,205.2,211.99,205.2,209.79,17931
CSLFINANCE,2026-10-06,210.84,210.84,205.91,207.48,21357
CSM,2026-09-29,98.69,99.97,95.21,98.16,100639
CSM,2026-09-30,100.0,104.0,97.0,98.17,132729
CSM,2026-10-01,102.0,102.0,93.0,94.25,165688
CSM,2026-10-05,93.78,95.0,92.33,93.68,293230
CSM,2026-10-06,93.22,94.29,92.0,92.86,44966
CTE,2026-09-29,40.1,42.0,39.25,41.34,9067
CTE,2026-09-30,40.0,41.4,39.3,40.39,11833
CTE,2026-10-01,38.75,39.58,38.5,38.91,6939
CTE,2026-10-05,38.62,39.0,36.98,37.22,26836
CTE,2026-10-06,36.99,37.88,35.81,37.45,6495
CUB,2026-09-30,216.75,229.0,214.91,226.05,8157697
CUB,2026-10-01,223.5,232.0,221.67,230.04,4776469
CUB,2026-10-02,230.04,230.04,230.04,230.04,0
CUB,2026-10-05,232.0,232.65,225.5,227.65,1115230
CUB,2026-10-06,229.5,229.74,223.05,223.75,1326296
CUBEXTUB,2026-09-29,170.0,175.83,159.09,175.74,511101
CUBEXTUB,2026-09-30,175.74,184.0,166.96,174.84,388081
CUBEXTUB,2026-10-01,168.8,172.5,166.1,166.1,120573
CUBEXTUB,2026-10-05,159.25,165.0,157.8,157.8,126734
CUBEXTUB,2026-10-06,150.0,153.98,149.91,149.91,94259
CUMMINSIND,2026-09-30,4821.5,4839.0,4741.0,4760.0,573791
CUMMINSIND,2026-10-01,4789.8999,4860.0,4760.0,4860.0,393680
CUMMINSIND,2026-10-02,4860.0,4860.0,4860.0,4860.0,0
CUMMINSIND,2026-10-05,4864.2002,4900.0,4789.2002,4832.2998,707402
CUMMINSIND,2026-10-06,4832.2998,4932.0,4808.0,4919.0,883360
CUPID,2026-09-30,288.0,312.0,287.4,311.65,66496228
CUPID,2026-10-01,313.5,314.3,308.5,312.5,25539188
CUPID,2026-10-02,312.5,312.5,312.5,312.5,0
CUPID,2026-10-05,314.3,316.0,302.1,310.1,15766847
CUPID,2026-10-06,310.95,324.95,310.1,324.2,23852316
CURAA,2026-09-29,72.5,72.5,72.5,72.5,1
CURAA,2026-09-30,72.5,72.5,71.05,72.5,138
CURAA,2026-10-01,72.4,74.8,68.88,72.25,130
CURAA,2026-10-05,72.25,72.25,69.0,72.12,267
CURAA,2026-10-06,72.3,72.3,72.3,72.3,14
CYBERMEDIA,2026-09-30,19.02,19.02,18.25,18.56,10630
CYBERMEDIA,2026-10-01,18.0,18.47,17.64,17.96,11608
CYBERMEDIA,2026-10-02,17.96,17.96,17.96,17.96,0
CYBERMEDIA,2026-10-05,17.96,18.4,17.64,17.69,9138
CYBERMEDIA,2026-10-06,18.33,18.33,17.02,17.85,12540
CYBERTECH,2026-09-29,135.0,137.75,133.01,137.56,16429
CYBERTECH,2026-09-30,136.8,139.5,135.35,138.83,7837
CYBERTECH,2026-10-01,136.11,140.0,134.0,135.95,13536
CYBERTECH,2026-10-05,139.9,153.0,137.2,139.1,186480
CYBERTECH,2026-10-06,140.0,144.8,137.0,143.1,38204
CYIENT,2026-09-29,1075.0,1093.5,1044.0,1055.3,481634
CYIENT,2026-09-30,1055.3,1138.0,1050.1,1100.7,2323228
CYIENT,2026-10-01,1100.0,1112.2,1068.0,1104.6,594962
CYIENT,2026-10-05,1115.0,1173.5,1110.0,1140.2,1623849
CYIENT,2026-10-06,1140.2,1141.3,1097.2,1119.4,550341
CYIENTDLM,2026-09-30,921.0,928.25,905.35,914.1,203064
CYIENTDLM,2026-10-01,907.0,922.65,880.3,893.9,391174
CYIENTDLM,2026-10-02,893.9,893.9,893.9,893.9,0
CYIENTDLM,2026-10-05,895.0,952.0,895.0,946.8,591661
CYIENTDLM,2026-10-06,946.7,964.0,934.2,939.0,234925
DABUR,2026-09-30,379.95,384.65,379.15,380.1,1957070
DABUR,2026-10-01,379.7,383.85,373.2,374.25,2455226
DABUR,2026-10-02,374.25,374.25,374.25,374.25,0
DABUR,2026-10-05,376.1,379.0,373.3,378.65,685009
DABUR,2026-10-06,377.85,393.15,375.3,388.9,2619403
DAICHI,2026-09-29,326.85,326.85,301.2,313.35,2024
DAICHI,2026-09-30,313.05,322.95,306.5,312.85,341
DAICHI,2026-10-01,305.0,321.75,298.1,317.1,2380
DAICHI,2026-10-05,316.0,316.0,306.0,315.0,853
DAICHI,2026-10-06,315.0,321.75,315.0,316.5,357
DALBHARAT,2026-09-29,1651.6,1664.3,1630.1,1637.4,51490
DALBHARAT,2026-09-30,1637.6,1696.8,1637.4,1683.7,111663
DALBHARAT,2026-10-01,1672.0,1692.3,1640.2,1682.1,77064
DALBHARAT,2026-10-05,1682.1,1689.1,1655.0,1673.7,20725
DALBHARAT,2026-10-06,1688.0,1691.7,1668.1,1682.6,25720
DALMIASUG,2026-09-29,414.9,419.3,406.25,412.2,170040
DALMIASUG,2026-09-30,416.0,424.9,405.65,408.8,130282
DALMIASUG,2026-10-01,408.8,409.65,391.4,396.7,146859
DALMIASUG,2026-10-05,405.65,435.95,400.3,430.15,1092162
DALMIASUG,2026-10-06,437.8,466.95,436.0,453.0,805917
DAMCAPITAL,2026-09-29,157.95,159.23,152.23,155.76,3480805
DAMCAPITAL,2026-09-30,154.95,159.29,150.1,151.08,623800
DAMCAPITAL,2026-10-01,151.0,152.26,143.66,146.56,444502
DAMCAPITAL,2026-10-05,146.56,150.19,146.01,146.75,220836
DAMCAPITAL,2026-10-06,147.38,153.8,146.25,152.51,402835
DAMODARIND,2026-09-29,26.8,26.98,25.77,26.4,5220
DAMODARIND,2026-09-30,26.85,27.0,25.81,26.96,4457
DAMODARIND,2026-10-01,27.0,27.0,25.65,26.59,12093
DAMODARIND,2026-10-05,26.89,26.89,26.1,26.5,4071
DAMODARIND,2026-10-06,26.06,27.0,26.06,26.95,371
DANGEE,2026-09-29,2.94,2.96,2.74,2.79,229714
DANGEE,2026-09-30,2.85,3.0,2.8,2.92,102268
DANGEE,2026-10-01,2.95,3.18,2.81,2.9,157889
DANGEE,2026-10-05,2.89,2.98,2.89,2.92,56532
DANGEE,2026-10-06,2.98,3.12,2.9,3.08,78767
DATAMATICS,2026-09-29,783.0,829.9,770.0,821.4,242433
DATAMATICS,2026-09-30,825.0,837.0,802.15,805.55,146286
DATAMATICS,2026-10-01,805.55,806.0,777.7,790.3,67919
DATAMATICS,2026-10-05,790.95,799.0,766.05,769.75,61398
DATAMATICS,2026-10-06,776.65,776.65,765.0,771.2,46833
DATAPATTNS,2026-09-29,4287.0,4298.0,4190.0,4221.6001,369866
DATAPATTNS,2026-09-30,4241.2002,4358.7998,4226.0,4286.8999,336383
DATAPATTNS,2026-10-01,4284.0,4305.2002,4155.2998,4251.2998,305681
DATAPATTNS,2026-10-05,4275.6001,4316.7998,4200.0,4226.5,212079
DATAPATTNS,2026-10-06,4249.2002,4320.5,4221.0,4299.2002,362536
DAVANGERE,2026-09-29,2.49,2.49,2.3,2.34,9874250
DAVANGERE,2026-09-30,2.37,2.4,2.26,2.31,6763373
DAVANGERE,2026-10-01,2.26,2.38,2.22,2.26,8709105
DAVANGERE,2026-10-05,2.25,2.32,2.25,2.29,6379071
DAVANGERE,2026-10-06,2.32,2.35,2.23,2.27,6788227
DBCORP,2026-09-30,177.02,181.6,174.01,175.38,195863
DBCORP,2026-10-01,175.38,178.7,169.81,172.52,101816
DBCORP,2026-10-02,172.52,172.52,172.52,172.52,0
DBCORP,2026-10-05,175.0,177.19,170.01,171.08,113125
DBCORP,2026-10-06,172.95,175.08,170.56,173.57,80153
DBEIL,2026-09-29,6.67,6.75,6.37,6.54,159976
DBEIL,2026-09-30,6.45,6.74,6.45,6.68,157480
DBEIL,2026-10-01,6.62,6.85,6.36,6.5,140729
DBEIL,2026-10-05,6.7,6.7,6.32,6.4,116394
DBEIL,2026-10-06,6.4,6.55,6.33,6.52,1128176
DBL,2026-09-29,406.3,412.8,400.1,410.9,103780
DBL,2026-09-30,410.45,416.0,403.1,406.2,63814
DBL,2026-10-01,406.2,407.6,396.55,399.1,134401
DBL,2026-10-05,398.05,405.15,393.1,396.3,94930
DBL,2026-10-06,396.5,402.6,394.6,400.8,58056
DBOL,2026-09-29,124.0,126.25,119.76,124.49,275265
DBOL,2026-09-30,124.49,129.89,124.29,126.1,321088
DBOL,2026-10-01,126.1,126.1,117.7,120.91,216394
DBOL,2026-10-05,121.0,126.93,121.0,125.03,210180
DBOL,2026-10-06,126.5,138.98,126.0,137.9,1199591
DBREALTY,2026-09-29,96.07,98.99,95.2,97.82,865694
DBREALTY,2026-09-30,98.25,98.99,95.5,96.52,1028560
DBREALTY,2026-10-01,97.4,97.4,91.7,91.7,1272913
DBREALTY,2026-10-05,91.74,92.79,89.25,91.72,903606
DBREALTY,2026-10-06,92.48,92.99,89.47,90.08,660832
DBSTOCKBRO,2026-09-29,31.6,31.66,30.11,30.75,10726
DBSTOCKBRO,2026-09-30,30.55,31.98,30.01,31.74,4810
DBSTOCKBRO,2026-10-01,31.4,31.5,30.31,31.5,1026
DBSTOCKBRO,2026-10-05,31.5,32.98,31.5,31.58,4716
DBSTOCKBRO,2026-10-06,31.6,33.15,31.6,32.49,14368
DCAL,2026-09-29,164.3,166.49,160.99,161.39,260096
DCAL,2026-09-30,162.57,163.83,156.35,157.47,228801
DCAL,2026-10-01,156.96,157.55,149.02,150.35,448793
DCAL,2026-10-05,153.99,154.67,149.1,151.5,113660
DCAL,2026-10-06,151.7,155.89,151.7,153.57,170419
DCBBANK,2026-09-29,206.05,206.06,201.1,202.37,977372
DCBBANK,2026-09-30,202.06,205.56,202.05,203.54,781971
DCBBANK,2026-10-01,203.42,203.42,196.81,199.71,842489
DCBBANK,2026-10-05,199.0,205.65,196.63,197.36,1142913
DCBBANK,2026-10-06,197.36,202.4,191.94,200.78,1579358
DCG,2026-09-28,74.45,74.5,71.1,74.5,7200
DCG,2026-09-29,72.35,77.55,72.35,77.25,20400
DCG,2026-09-30,77.0,80.45,74.0,80.4,14400
DCG,2026-10-01,79.0,79.0,76.4,76.4,19200
DCG,2026-10-05,75.0,75.0,72.6,72.6,12000
DCI,2026-09-29,334.0,336.3,316.2,325.7,114901
DCI,2026-09-30,326.9,340.0,322.9,335.0,162842
DCI,2026-10-01,333.0,346.25,327.5,342.95,212341
DCI,2026-10-05,339.55,344.7,324.0,343.15,128476
DCI,2026-10-06,345.0,350.0,331.2,343.05,139887
DCM,2026-09-29,75.1,75.8,75.0,75.0,1394
DCM,2026-09-30,75.01,77.6,73.41,74.0,18795
DCM,2026-10-01,74.0,74.0,72.02,72.83,1935
DCM,2026-10-05,72.02,76.6,71.1,72.71,40530
DCM,2026-10-06,72.55,73.6,71.41,71.96,3606
DCMFINSERV,2026-09-30,4.93,5.15,4.85,5.07,23478
DCMFINSERV,2026-10-01,5.19,5.19,4.74,5.07,4145
DCMFINSERV,2026-10-02,5.07,5.07,5.07,5.07,0
DCMFINSERV,2026-10-05,5.07,5.33,4.75,5.02,20787
DCMFINSERV,2026-10-06,5.02,5.3,4.9,5.21,39463
DCMNVL,2026-09-29,177.05,177.59,172.01,175.13,17098
DCMNVL,2026-09-30,175.09,176.75,171.06,172.6,4894
DCMNVL,2026-10-01,176.99,177.0,164.0,166.47,9412
DCMNVL,2026-10-05,169.99,173.0,167.01,171.37,7872
DCMNVL,2026-10-06,175.0,175.0,170.0,172.0,2049
DCMSHRIRAM,2026-09-29,944.0,944.0,903.0,907.8,424951
DCMSHRIRAM,2026-09-30,905.1,923.9,905.1,915.6,58580
DCMSHRIRAM,2026-10-01,919.65,920.0,886.3,906.85,138672
DCMSHRIRAM,2026-10-05,910.6,1088.2,910.6,1044.55,971948
DCMSHRIRAM,2026-10-06,1011.1,1017.6,982.5,988.85,406963
DCMSIL,2026-09-30,78.05,85.31,77.3,82.25,216984
DCMSIL,2026-10-01,82.64,83.0,76.5,80.25,110038
DCMSIL,2026-10-02,80.25,80.25,80.25,80.25,0
DCMSIL,2026-10-05,80.1,81.24,76.4,77.42,74037
DCMSIL,2026-10-06,78.0,80.65,75.9,78.87,121166
DCMSRIND,2026-09-29,39.05,39.76,38.21,39.34,181267
DCMSRIND,2026-09-30,39.61,40.35,38.83,39.57,203293
DCMSRIND,2026-10-01,39.57,39.85,37.1,37.69,185807
DCMSRIND,2026-10-05,37.69,45.22,37.31,39.06,6126018
DCMSRIND,2026-10-06,39.79,40.98,39.0,39.78,716225
DCW,2026-09-29,47.0,47.01,45.72,45.98,1027636
DCW,2026-09-30,46.05,47.17,45.31,45.62,928628
DCW,2026-10-01,45.61,45.61,43.68,44.62,1389318
DCW,2026-10-05,45.39,45.99,44.29,44.69,810989
DCW,2026-10-06,45.34,46.51,44.61,46.37,1400347
DCXINDIA,2026-09-29,159.0,161.78,157.01,158.81,296344
DCXINDIA,2026-09-30,159.6,164.87,159.6,161.18,345928
DCXINDIA,2026-10-01,160.28,161.8,155.01,158.99,314149
DCXINDIA,2026-10-05,159.96,162.9,156.0,156.82,214338
DCXINDIA,2026-10-06,158.15,161.38,157.36,160.23,156589
DDEVPLSTIK,2026-09-29,252.0,253.65,241.0,248.75,96122
DDEVPLSTIK,2026-09-30,249.6,253.9,246.2,249.5,55337
DDEVPLSTIK,2026-10-01,249.2,249.58,244.16,247.61,66902
DDEVPLSTIK,2026-10-05,248.2,252.0,242.25,243.13,104792
DDEVPLSTIK,2026-10-06,244.15,252.76,244.15,249.79,93384
DECCANCE,2026-09-29,542.55,551.9,535.0,540.1,9821
DECCANCE,2026-09-30,550.0,587.45,537.85,566.5,102837
DECCANCE,2026-10-01,566.0,566.0,537.25,548.95,15070
DECCANCE,2026-10-05,552.0,560.0,543.4,552.05,5252
DECCANCE,2026-10-06,555.3,562.0,551.55,556.85,7577
DECNGOLD,2026-09-30,201.61,208.0,198.06,200.76,933680
DECNGOLD,2026-10-01,199.05,200.5,188.4,195.69,1727638
DECNGOLD,2026-10-02,195.69,195.69,195.69,195.69,0
DECNGOLD,2026-10-05,196.79,197.85,187.78,188.57,1071051
DECNGOLD,2026-10-06,189.29,199.9,187.11,199.16,975493
DEEDEV,2026-09-29,653.9,663.9,645.8,653.5,127706
DEEDEV,2026-09-30,659.75,683.0,659.75,676.9,93263
DEEDEV,2026-10-01,683.0,683.0,646.95,663.2,137963
DEEDEV,2026-10-05,678.85,679.9,632.55,636.95,203639
DEEDEV,2026-10-06,648.0,654.4,635.1,651.7,113545
DEEM,2026-09-29,47.0,47.0,47.0,47.0,1000
DEEM,2026-09-30,47.0,47.0,47.0,47.0,0
DEEM,2026-10-01,47.0,47.0,47.0,47.0,0
DEEM,2026-10-02,47.0,47.0,47.0,47.0,0
DEEM,2026-10-05,47.0,47.0,47.0,47.0,0
DEEP,2026-09-29,44.0,44.95,42.55,44.26,6637
DEEP,2026-09-30,45.0,46.0,43.05,44.82,2754
DEEP,2026-10-01,43.05,45.0,42.58,42.69,7858
DEEP,2026-10-05,44.0,44.22,42.69,42.76,3252
DEEP,2026-10-06,42.97,43.5,40.63,41.03,4033
DEEPA,2026-09-30,191.8,199.9,189.74,195.48,2948558
DEEPA,2026-10-01,192.89,199.9,187.78,192.17,1918965
DEEPA,2026-10-02,192.17,192.17,192.17,192.17,0
DEEPA,2026-10-05,192.17,197.3,190.36,194.93,1705934
DEEPA,2026-10-06,195.45,216.4,194.0,214.04,7733480
DEEPAKFERT,2026-09-29,1349.0,1349.2,1296.0,1308.9,171551
DEEPAKFERT,2026-09-30,1305.1,1387.4,1305.1,1351.0,520150
DEEPAKFERT,2026-10-01,1350.0,1350.0,1286.0,1300.9,226222
DEEPAKFERT,2026-10-05,1300.9,1322.5,1292.0,1297.7,112778
DEEPAKFERT,2026-10-06,1305.0,1391.9,1296.4,1385.6,875100
DEEPAKNTR,2026-09-30,1535.0,1555.0,1520.6,1529.8,141444
DEEPAKNTR,2026-10-01,1529.8,1529.9,1473.1,1492.8,157119
DEEPAKNTR,2026-10-02,1492.8,1492.8,1492.8,1492.8,0
DEEPAKNTR,2026-10-05,1497.9,1522.0,1488.2,1497.0,108056
DEEPAKNTR,2026-10-06,1499.9,1566.0,1498.3,1560.6,279774
DEEPINDS,2026-09-30,782.45,789.0,746.95,755.95,186911
DEEPINDS,2026-10-01,751.0,762.85,720.7,749.0,435585
DEEPINDS,2026-10-02,749.0,749.0,749.0,749.0,0
DEEPINDS,2026-10-05,750.9,762.9,731.4,747.05,111244
DEEPINDS,2026-10-06,742.6,765.0,734.2,748.95,205606
DELAPLEX,2026-09-28,91.0,91.9,89.05,91.05,9000
DELAPLEX,2026-09-29,85.3,99.95,85.05,96.55,21600
DELAPLEX,2026-09-30,94.6,95.8,93.1,93.1,9600
DELAPLEX,2026-10-01,93.0,94.5,91.55,94.5,4800
DELAPLEX,2026-10-05,96.95,97.0,95.0,96.7,10200
DELHIVERY,2026-09-30,418.35,418.35,400.35,409.7,5573038
DELHIVERY,2026-10-01,408.0,408.65,397.0,400.0,1371538
DELHIVERY,2026-10-02,400.0,400.0,400.0,400.0,0
DELHIVERY,2026-10-05,403.25,404.85,398.0,400.3,2579997
DELHIVERY,2026-10-06,400.3,410.8,400.3,407.5,2098849
DELPHIFX,2026-09-29,6.64,6.64,6.64,6.64,88284
DELPHIFX,2026-09-30,6.77,6.77,6.77,6.77,111667
DELPHIFX,2026-10-01,6.9,6.9,6.9,6.9,312826
DELPHIFX,2026-10-05,7.03,7.03,7.03,7.03,64543
DELPHIFX,2026-10-06,7.17,7.17,7.17,7.17,35900
DELTACORP,2026-09-30,78.55,87.9,78.55,80.51,84962418
DELTACORP,2026-10-01,81.55,82.99,72.0,73.48,31237756
DELTACORP,2026-10-02,73.48,73.48,73.48,73.48,0
DELTACORP,2026-10-05,74.6,87.67,71.23,85.43,105531303
DELTACORP,2026-10-06,84.25,88.6,81.0,84.34,61105248
DELTAMAGNT,2026-09-29,57.98,58.6,55.35,57.07,2389
DELTAMAGNT,2026-09-30,57.2,58.5,57.01,57.19,2227
DELTAMAGNT,2026-10-01,59.0,59.3,53.03,54.08,7561
DELTAMAGNT,2026-10-05,54.1,56.8,53.35,54.87,3862
DELTAMAGNT,2026-10-06,56.3,58.4,54.55,56.24,7038
DEN,2026-09-29,25.75,26.4,25.52,25.91,205763
DEN,2026-09-30,25.99,26.36,25.77,25.93,269929
DEN,2026-10-01,25.99,25.99,25.12,25.41,282134
DEN,2026-10-05,25.69,26.05,25.41,25.71,310933
DEN,2026-10-06,25.87,26.03,24.4,25.78,411483
DENEERS,2026-09-28,181.95,182.9,181.95,182.5,3000
DENEERS,2026-09-29,176.5,182.0,176.0,179.4,8400
DENEERS,2026-09-30,183.95,183.95,178.0,178.0,1800
DENEERS,2026-10-01,176.95,181.5,173.55,173.55,4200
DENEERS,2026-10-05,172.15,177.95,167.5,172.1,9000
DENORA,2026-09-30,735.0,756.0,718.6,736.5,10095
DENORA,2026-10-01,729.0,745.1,711.0,723.9,11453
DENORA,2026-10-02,723.9,723.9,723.9,723.9,0
DENORA,2026-10-05,725.0,789.1,716.0,731.65,5451
DENORA,2026-10-06,732.0,747.0,723.05,729.1,5581
DENTA,2026-09-29,268.7,273.95,264.0,266.6,60442
DENTA,2026-09-30,267.4,271.75,264.5,265.75,48166
DENTA,2026-10-01,268.65,268.65,254.3,260.65,79945
DENTA,2026-10-05,263.0,264.9,255.3,260.35,50083
DENTA,2026-10-06,264.0,265.0,260.0,263.2,42500
DENTALKART,2026-09-28,414.0,430.0,401.05,424.4,18250
DENTALKART,2026-09-29,421.0,434.85,420.0,434.85,9500
DENTALKART,2026-09-30,427.7,470.0,427.7,460.0,25000
DENTALKART,2026-10-01,469.2,485.0,441.1,459.0,12750
DENTALKART,2026-10-05,458.0,465.0,437.2,465.0,5750
DEVIT,2026-09-30,21.6,22.5,21.06,21.86,72158
DEVIT,2026-10-01,21.8,22.45,20.49,20.75,85533
DEVIT,2026-10-02,20.75,20.75,20.75,20.75,0
DEVIT,2026-10-05,21.1,21.9,20.5,20.52,19078
DEVIT,2026-10-06,20.9,22.49,20.4,21.36,42421
DEVX,2026-09-29,36.31,36.31,35.59,36.12,23115
DEVX,2026-09-30,36.12,36.56,35.71,36.07,41456
DEVX,2026-10-01,35.77,36.95,35.14,36.28,79144
DEVX,2026-10-05,36.41,38.5,36.05,37.85,207604
DEVX,2026-10-06,38.49,40.55,38.11,39.62,278350
DEVYANI,2026-09-29,131.0,133.3,126.56,130.72,2134376
DEVYANI,2026-09-30,130.68,132.7,129.0,130.29,1090016
DEVYANI,2026-10-01,129.85,129.85,125.35,127.07,1020731
DEVYANI,2026-10-05,127.07,131.0,125.55,130.03,1377561
DEVYANI,2026-10-06,130.9,130.9,129.03,129.53,414660
DGCONTENT,2026-09-29,24.4,25.95,23.23,25.24,126064
DGCONTENT,2026-09-30,25.5,26.75,24.75,25.43,84649
DGCONTENT,2026-10-01,25.75,26.75,24.5,25.43,92788
DGCONTENT,2026-10-05,25.0,25.59,24.7,24.91,6243
DGCONTENT,2026-10-06,24.91,25.98,24.5,24.73,13336
DHABRIYA,2026-09-29,472.0,481.5,468.05,471.8,11235
DHABRIYA,2026-09-30,462.15,480.5,462.0,472.8,10075
DHABRIYA,2026-10-01,476.0,490.0,449.2,463.8,13159
DHABRIYA,2026-10-05,461.0,465.0,449.9,452.55,8343
DHABRIYA,2026-10-06,451.7,461.0,445.0,454.35,4773
DHAMPURSUG,2026-09-29,172.88,173.49,168.51,171.8,382799
DHAMPURSUG,2026-09-30,174.0,179.69,170.1,171.42,654374
DHAMPURSUG,2026-10-01,171.54,173.5,164.9,171.06,633753
DHAMPURSUG,2026-10-05,171.19,179.98,171.19,176.85,818549
DHAMPURSUG,2026-10-06,182.0,192.0,181.33,188.81,3998580
DHANBANK,2026-09-29,28.0,28.9,27.79,28.37,268647
DHANBANK,2026-09-30,28.11,28.93,27.1,27.52,833002
DHANBANK,2026-10-01,27.5,27.5,26.0,26.97,1111767
DHANBANK,2026-10-05,27.65,28.4,26.25,26.49,589132
DHANBANK,2026-10-06,26.3,30.48,26.3,28.83,8680307
DHANLAXMI,2026-09-28,25.0,26.9,25.0,25.25,18000
DHANLAXMI,2026-09-29,25.25,26.0,25.0,26.0,6000
DHANLAXMI,2026-09-30,26.0,27.0,26.0,26.4,44000
DHANLAXMI,2026-10-01,26.0,27.0,26.0,26.5,36000
DHANLAXMI,2026-10-05,26.5,26.5,22.0,23.1,56000
DHANUKA,2026-09-30,931.0,940.75,925.1,928.35,21838
DHANUKA,2026-10-01,928.35,940.0,908.4,935.05,35421
DHANUKA,2026-10-02,935.05,935.05,935.05,935.05,0
DHANUKA,2026-10-05,930.9,938.2,899.5,907.4,19452
DHANUKA,2026-10-06,915.0,921.05,895.75,909.55,40985
DHARAN,2026-09-29,0.15,0.15,0.14,0.14,7530926
DHARAN,2026-09-30,0.15,0.15,0.14,0.14,5532871
DHARAN,2026-10-01,0.14,0.15,0.13,0.13,7039417
DHARAN,2026-10-05,0.14,0.14,0.13,0.13,6787428
DHARAN,2026-10-06,0.14,0.14,0.13,0.14,5813343
DHARMAJ,2026-09-29,289.85,290.7,274.0,278.75,78435
DHARMAJ,2026-09-30,276.2,282.9,262.0,264.35,100650
DHARMAJ,2026-10-01,263.6,270.35,255.85,267.65,75720
DHARMAJ,2026-10-05,265.65,272.3,261.6,265.0,110832
DHARMAJ,2026-10-06,270.3,270.4,264.25,266.55,53591
DHATRE,2026-09-29,3.91,4.09,3.9,3.97,59326
DHATRE,2026-09-30,3.91,4.1,3.91,3.98,17934
DHATRE,2026-10-01,3.92,4.08,3.92,4.02,10656
DHATRE,2026-10-05,4.04,4.08,3.91,3.93,21458
DHATRE,2026-10-06,3.91,4.07,3.91,3.93,16483
DHOOTTRANS,2026-09-29,1508.9,1524.9,1477.7,1504.6,617575
DHOOTTRANS,2026-09-30,1505.0,1518.9,1480.0,1488.8,580685
DHOOTTRANS,2026-10-01,1494.0,1499.9,1405.2,1443.4,1004650
DHOOTTRANS,2026-10-05,1464.0,1531.9,1452.0,1521.8,2028908
DHOOTTRANS,2026-10-06,1540.0,1542.3,1460.1,1474.1,1176293
DHRUV,2026-09-29,20.9,20.9,20.33,20.89,12631
DHRUV,2026-09-30,20.87,21.89,19.96,20.08,8040
DHRUV,2026-10-01,20.9,20.9,19.46,19.74,5994
DHRUV,2026-10-05,19.74,19.97,18.76,19.51,16382
DHRUV,2026-10-06,18.76,20.23,18.76,19.5,5649
DHTL,2026-09-28,25.0,26.2,25.0,25.75,22400
DHTL,2026-09-29,25.75,26.25,25.75,26.25,30400
DHTL,2026-09-30,25.75,26.0,24.95,24.95,81600
DHTL,2026-10-01,24.9,24.95,23.75,23.75,48800
DHTL,2026-10-05,23.7,24.75,23.7,24.75,38400
DHUNINV,2026-09-29,970.0,991.0,951.0,972.35,256
DHUNINV,2026-09-30,989.7,991.0,950.0,955.65,621
DHUNINV,2026-10-01,979.8,979.8,950.0,967.3,244
DHUNINV,2026-10-05,962.5,996.0,960.0,972.1,562
DHUNINV,2026-10-06,980.0,990.45,961.05,966.9,265
DIACABS,2026-09-29,336.9,356.2,333.65,352.05,1038953
DIACABS,2026-09-30,349.5,360.0,348.0,354.2,338526
DIACABS,2026-10-01,355.0,356.7,337.0,345.0,912342
DIACABS,2026-10-05,350.0,360.0,345.0,350.8,855233
DIACABS,2026-10-06,350.0,368.3,348.15,368.3,1146380
DIAMINESQ,2026-09-29,236.59,244.0,236.15,239.88,1394
DIAMINESQ,2026-09-30,243.38,243.38,236.6,238.5,1955
DIAMINESQ,2026-10-01,237.16,241.99,235.0,236.31,1772
DIAMINESQ,2026-10-05,236.31,241.45,235.0,237.97,914
DIAMINESQ,2026-10-06,235.2,258.0,235.2,244.54,32866
DIAMONDYD,2026-09-29,1069.3,1069.3,1037.7,1051.1,28880
DIAMONDYD,2026-09-30,1061.0,1124.9,1056.2,1108.5,164680
DIAMONDYD,2026-10-01,1100.0,1107.0,1041.5,1073.0,24504
DIAMONDYD,2026-10-05,1068.7,1105.1,1041.5,1058.8,23745
DIAMONDYD,2026-10-06,1061.4,1096.0,1056.1,1088.2,15772
DICIND,2026-09-29,626.65,647.65,612.05,619.95,1907
DICIND,2026-09-30,629.5,645.65,623.05,635.3,5230
DICIND,2026-10-01,638.0,649.0,602.05,613.65,4422
DICIND,2026-10-05,605.0,627.05,591.4,595.95,4076
DICIND,2026-10-06,600.0,624.0,597.0,619.2,1605
DIFFNKG,2026-09-29,447.15,450.6,428.5,448.15,128120
DIFFNKG,2026-09-30,451.45,452.0,435.1,438.75,78332
DIFFNKG,2026-10-01,438.75,472.45,428.1,464.4,498520
DIFFNKG,2026-10-05,469.9,477.9,447.6,451.25,237686
DIFFNKG,2026-10-06,456.9,456.9,434.75,454.1,279010
DIGIDRIVE,2026-09-29,17.99,18.2,17.6,17.81,28906
DIGIDRIVE,2026-09-30,17.73,17.99,17.55,17.89,18503
DIGIDRIVE,2026-10-01,17.99,18.8,17.6,17.61,16496
DIGIDRIVE,2026-10-05,17.67,18.5,17.22,17.8,18543
DIGIDRIVE,2026-10-06,17.8,18.25,17.33,17.95,4048
DIGIKORE,2026-09-28,35.55,35.9,34.85,35.8,21200
DIGIKORE,2026-09-29,35.45,36.95,35.45,36.35,24800
DIGIKORE,2026-09-30,36.0,37.45,36.0,37.05,18800
DIGIKORE,2026-10-01,36.0,37.4,35.1,37.25,36800
DIGIKORE,2026-10-05,37.4,38.5,36.3,37.95,51600
DIGISPICE,2026-09-29,15.79,15.79,14.95,15.35,169468
DIGISPICE,2026-09-30,15.0,15.53,14.86,14.96,99635
DIGISPICE,2026-10-01,14.96,15.26,14.4,14.79,52113
DIGISPICE,2026-10-05,14.79,15.49,14.46,15.2,69082
DIGISPICE,2026-10-06,15.4,15.54,14.9,15.12,30805
DIGITIDE,2026-09-29,76.55,77.06,74.8,75.12,268468
DIGITIDE,2026-09-30,75.67,77.5,72.2,72.85,366324
DIGITIDE,2026-10-01,72.55,73.94,69.96,72.34,321390
DIGITIDE,2026-10-05,71.72,75.7,71.72,74.08,413727
DIGITIDE,2026-10-06,75.0,75.0,73.0,74.01,141060
DIGJAMLMTD,2026-09-29,49.5,52.0,49.1,49.5,20251
DIGJAMLMTD,2026-09-30,49.5,51.94,49.1,50.46,1729
DIGJAMLMTD,2026-10-01,50.46,51.0,47.94,47.96,6217
DIGJAMLMTD,2026-10-05,47.5,47.96,45.6,47.61,8995
DIGJAMLMTD,2026-10-06,47.61,48.2,47.5,47.52,5177
DISAQ,2026-09-29,11802.0,12150.0,11720.0,11804.0,281
DISAQ,2026-09-30,12050.0,12050.0,11750.0,11796.0,158
DISAQ,2026-10-01,11800.0,11800.0,11000.0,11249.0,297
DISAQ,2026-10-05,11395.0,11740.0,11250.0,11487.0,95
DISAQ,2026-10-06,11365.0,11732.0,11208.0,11540.0,83
DISHTV,2026-09-29,2.24,2.24,2.15,2.15,2598068
DISHTV,2026-09-30,2.05,2.19,2.05,2.06,4887725
DISHTV,2026-10-01,2.06,2.16,2.05,2.15,2717434
DISHTV,2026-10-05,2.19,2.2,2.07,2.1,2049102
DISHTV,2026-10-06,2.14,2.14,2.1,2.12,892250
DIVGIITTS,2026-09-29,1220.0,1249.0,1200.0,1212.9,143797
DIVGIITTS,2026-09-30,1220.0,1283.1,1166.3,1181.8,161440
DIVGIITTS,2026-10-01,1171.3,1184.9,1112.5,1136.4,129545
DIVGIITTS,2026-10-05,1148.9,1149.8,1106.4,1120.2,79216
DIVGIITTS,2026-10-06,1120.0,1143.0,1100.0,1119.2,71939
DIVISLAB,2026-09-30,9499.5,9505.0,9275.0,9291.5,541269
DIVISLAB,2026-10-01,9277.0,9318.0,9078.0,9249.0,567310
DIVISLAB,2026-10-02,9249.0,9249.0,9249.0,9249.0,0
DIVISLAB,2026-10-05,9251.0,9285.5,9113.5,9196.0,480338
DIVISLAB,2026-10-06,9210.0,9557.5,9165.0,9550.0,465088
DIXON,2026-09-29,13640.0,13686.0,13250.0,13250.0,305508
DIXON,2026-09-30,13300.0,13425.0,13100.0,13100.0,273569
DIXON,2026-10-01,13151.0,13290.0,12651.0,12700.0,258830
DIXON,2026-10-05,12729.0,12899.0,12692.0,12748.0,211036
DIXON,2026-10-06,12751.0,13039.0,12660.0,13015.0,175672
DJML,2026-09-29,70.63,72.79,70.2,71.62,40710
DJML,2026-09-30,70.91,72.9,70.91,71.82,96040
DJML,2026-10-01,72.15,73.1,71.13,72.61,76710
DJML,2026-10-05,73.15,74.19,70.41,73.11,52415
DJML,2026-10-06,73.05,74.2,72.61,73.87,64590
DKEGL,2026-09-29,69.95,69.95,69.95,69.95,0
DKEGL,2026-09-30,69.5,69.5,69.5,69.5,1500
DKEGL,2026-10-01,69.5,69.5,69.5,69.5,0
DKEGL,2026-10-02,69.5,69.5,69.5,69.5,0
DKEGL,2026-10-05,69.5,69.5,69.5,69.5,0
DLF,2026-09-30,665.05,674.0,653.0,674.0,5830044
DLF,2026-10-01,664.5,671.1,650.55,658.4,6264045
DLF,2026-10-02,658.4,658.4,658.4,658.4,0
DLF,2026-10-05,664.9,676.5,664.0,673.0,3470586
DLF,2026-10-06,673.0,675.5,664.95,666.1,3798937
DLINKINDIA,2026-09-29,416.95,418.0,403.0,414.2,82273
DLINKINDIA,2026-09-30,417.05,421.45,410.0,411.85,40130
DLINKINDIA,2026-10-01,411.0,413.2,400.85,406.6,61080
DLINKINDIA,2026-10-05,407.9,413.7,406.0,411.75,46246
DLINKINDIA,2026-10-06,411.75,420.95,410.5,419.95,37365
DMART,2026-09-30,3769.5,3865.0,3769.5,3801.3999,620771
DMART,2026-10-01,3809.8,3880.0,3781.3999,3813.0,652283
DMART,2026-10-02,3813.0,3813.0,3813.0,3813.0,0
DMART,2026-10-05,3808.6001,3808.6001,3545.3,3567.0,2550875
DMART,2026-10-06,3545.3,3595.0,3521.0,3581.8999,827016
DMCC,2026-09-29,305.45,319.9,300.0,314.45,263536
DMCC,2026-09-30,317.0,324.0,308.35,311.7,250289
DMCC,2026-10-01,313.3,319.0,300.55,308.7,197626
DMCC,2026-10-05,307.3,329.4,306.0,319.1,217114
DMCC,2026-10-06,323.3,374.15,323.0,355.8,2942265
DNAMEDIA,2026-09-29,2.53,2.53,2.32,2.41,36350
DNAMEDIA,2026-09-30,2.43,2.48,2.42,2.44,24871
DNAMEDIA,2026-10-01,2.45,2.45,2.38,2.42,22103
DNAMEDIA,2026-10-05,2.4,2.45,2.3,2.34,43193
DNAMEDIA,2026-10-06,2.35,2.45,2.35,2.42,47547
DODLA,2026-09-29,1000.3,1020.3,993.4,1011.1,21646
DODLA,2026-09-30,1001.3,1032.9,1001.3,1019.4,22246
DODLA,2026-10-01,1019.4,1023.6,996.6,1006.3,69274
DODLA,2026-10-05,1006.3,1021.5,1003.2,1015.6,9309
DODLA,2026-10-06,1015.6,1023.6,1007.2,1019.9,7697
DOLATALGO,2026-09-29,66.9,66.9,64.71,65.51,69225
DOLATALGO,2026-09-30,66.0,66.48,64.52,64.94,79533
DOLATALGO,2026-10-01,64.05,65.6,62.15,62.86,122351
DOLATALGO,2026-10-05,64.0,65.5,62.0,62.4,75022
DOLATALGO,2026-10-06,63.93,63.93,61.9,62.46,111228
DOLLAR,2026-09-29,265.5,282.95,265.5,280.25,218402
DOLLAR,2026-09-30,278.2,285.9,276.0,277.25,210742
DOLLAR,2026-10-01,276.45,276.55,267.0,272.1,150981
DOLLAR,2026-10-05,270.9,277.0,268.85,274.4,70384
DOLLAR,2026-10-06,275.0,282.0,273.6,278.55,68500
DOLLEX,2026-09-29,37.6,39.55,35.9,38.9,80171
DOLLEX,2026-09-30,40.0,40.0,37.6,38.0,17634
DOLLEX,2026-10-01,39.3,39.3,36.75,38.24,24277
DOLLEX,2026-10-05,39.98,39.98,36.5,37.16,16730
DOLLEX,2026-10-06,39.87,39.87,36.0,36.92,21502
DOLPHIN,2026-09-29,659.9,669.45,641.3,650.75,41024
DOLPHIN,2026-09-30,652.5,715.8,631.2,637.4,70720
DOLPHIN,2026-10-01,631.0,650.0,600.25,628.1,49914
DOLPHIN,2026-10-05,630.1,646.75,600.0,621.0,23823
DOLPHIN,2026-10-06,619.7,656.05,615.0,643.35,103424
DOMS,2026-09-29,2040.2,2083.0,2020.0,2052.3999,56107
DOMS,2026-09-30,2056.3999,2122.0,2044.1,2107.0,46672
DOMS,2026-10-01,2094.6001,2110.0,2075.0,2097.5,19783
DOMS,2026-10-05,2109.8999,2109.8999,2053.0,2079.8,18688
DOMS,2026-10-06,2079.8,2085.0,2065.0,2073.2,11709
DONEAR,2026-09-30,81.13,82.64,80.71,81.4,4484
DONEAR,2026-10-01,80.72,81.88,79.6,80.29,11952
DONEAR,2026-10-02,80.29,80.29,80.29,80.29,0
DONEAR,2026-10-05,82.3,82.3,80.01,80.22,8934
DONEAR,2026-10-06,81.48,81.48,80.25,80.39,4046
DPABHUSHAN,2026-09-29,1384.0,1665.8,1376.4,1665.8,975157
DPABHUSHAN,2026-09-30,1750.0,1815.7,1685.0,1788.8,869922
DPABHUSHAN,2026-10-01,1774.9,1924.4,1752.1,1874.0,784999
DPABHUSHAN,2026-10-05,1945.0,2200.0,1872.1,2130.5,960721
DPABHUSHAN,2026-10-06,2098.6001,2190.0,1917.5,2174.0,530722
DPEL,2026-09-28,635.0,635.0,618.3,620.7,28000
DPEL,2026-09-29,625.05,627.0,607.3,619.3,29000
DPEL,2026-09-30,625.0,625.0,615.0,617.55,28500
DPEL,2026-10-01,623.0,624.95,612.95,618.75,32500
DPEL,2026-10-05,625.05,625.05,606.0,608.5,21500
DPSCLTD,2026-09-29,7.0,7.0,6.81,6.9,53953
DPSCLTD,2026-09-30,6.81,7.0,6.71,6.8,94002
DPSCLTD,2026-10-01,6.71,6.94,6.71,6.8,74833
DPSCLTD,2026-10-05,6.94,6.94,6.46,6.72,131088
DPSCLTD,2026-10-06,6.62,6.89,6.49,6.56,162647
DPWIRES,2026-09-29,161.58,162.99,158.11,160.56,3612
DPWIRES,2026-09-30,161.0,167.0,161.0,163.89,6309
DPWIRES,2026-10-01,161.11,165.0,161.0,163.99,4897
DPWIRES,2026-10-05,165.99,196.78,165.99,196.78,818001
DPWIRES,2026-10-06,212.23,234.7,199.0,221.54,1732045
DRAGARWQ,2026-09-29,5219.0,5219.0,5075.0,5129.5,2216
DRAGARWQ,2026-09-30,5190.0,5201.0,5061.0,5130.0,2230
DRAGARWQ,2026-10-01,5165.5,5189.0,5060.5,5159.0,2248
DRAGARWQ,2026-10-05,5250.0,5294.0,5162.5,5215.0,2781
DRAGARWQ,2026-10-06,5215.0,5323.5,5161.0,5195.0,1620
DRCSYSTEMS,2026-09-29,12.52,12.75,12.25,12.31,27456
DRCSYSTEMS,2026-09-30,12.19,14.0,12.16,13.15,111616
DRCSYSTEMS,2026-10-01,13.3,13.75,12.65,13.02,153366
DRCSYSTEMS,2026-10-05,13.02,13.5,12.8,13.04,42304
DRCSYSTEMS,2026-10-06,12.87,13.33,12.8,12.92,47066
DREAMFOLKS,2026-09-30,62.19,62.89,61.5,61.66,28888
DREAMFOLKS,2026-10-01,61.66,64.42,60.81,61.5,71170
DREAMFOLKS,2026-10-02,61.5,61.5,61.5,61.5,0
DREAMFOLKS,2026-10-05,61.5,61.9,60.06,60.5,26105
DREAMFOLKS,2026-10-06,61.0,62.37,60.0,60.66,64950
DREDGECORP,2026-09-29,941.0,952.0,925.1,932.9,86237
DREDGECORP,2026-09-30,939.4,954.6,912.0,920.2,61117
DREDGECORP,2026-10-01,917.5,929.4,881.0,895.2,91115
DREDGECORP,2026-10-05,895.2,936.0,895.2,903.9,107924
DREDGECORP,2026-10-06,904.3,922.85,899.2,909.0,69030
DRONE,2026-09-28,33.5,33.6,33.1,33.45,10500
DRONE,2026-09-29,33.45,33.45,32.75,33.3,14000
DRONE,2026-09-30,33.9,33.9,33.5,33.85,14500
DRONE,2026-10-01,33.85,33.85,32.6,33.1,45500
DRONE,2026-10-05,32.1,32.85,32.0,32.55,20500
DRREDDY,2026-09-29,1243.2,1252.8,1229.0,1251.9,5347128
DRREDDY,2026-09-30,1242.2,1244.6,1214.2,1233.0,4026022
DRREDDY,2026-10-01,1233.0,1233.9,1194.9,1206.2,2607818
DRREDDY,2026-10-05,1198.0,1206.6,1189.0,1203.0,3075974
DRREDDY,2026-10-06,1207.0,1212.7,1195.0,1208.0,1638063
DSFCL,2026-09-29,30.51,30.98,28.98,29.1,97473
DSFCL,2026-09-30,29.17,29.8,28.19,28.94,45090
DSFCL,2026-10-01,28.75,29.59,27.6,27.9,87628
DSFCL,2026-10-05,28.4,28.94,27.11,27.89,24679
DSFCL,2026-10-06,28.0,28.9,27.55,27.94,44546
DSKULKARNI,2026-09-29,25.06,25.06,25.06,25.06,37
DSKULKARNI,2026-09-30,25.56,25.56,25.56,25.56,37
DSKULKARNI,2026-10-01,26.07,26.07,26.07,26.07,53
DSKULKARNI,2026-10-05,26.59,26.59,26.59,26.59,1
DSKULKARNI,2026-10-06,27.12,27.12,27.12,27.12,1129
DSSL,2026-09-29,1023.9,1024.1,986.0,993.0,27471
DSSL,2026-09-30,1023.5,1023.5,981.1,983.2,22519
DSSL,2026-10-01,983.0,983.95,941.05,948.75,28151
DSSL,2026-10-05,950.75,980.0,950.0,964.85,16450
DSSL,2026-10-06,960.0,1013.05,960.0,1013.05,34564
DTIL,2026-09-29,139.0,146.94,138.0,144.98,4777
DTIL,2026-09-30,147.7,152.22,146.0,152.21,19102
DTIL,2026-10-01,148.0,159.82,146.2,158.57,13405
DTIL,2026-10-05,158.57,161.6,153.0,157.86,5601
DTIL,2026-10-06,157.86,157.86,152.6,154.0,1881
DTL,2026-09-29,120.05,120.05,120.05,120.05,0
DTL,2026-09-30,120.05,120.05,120.05,120.05,0
DTL,2026-10-01,120.05,120.05,120.05,120.05,0
DTL,2026-10-02,120.05,120.05,120.05,120.05,0
DTL,2026-10-05,120.05,120.05,120.05,120.05,0
DUCOL,2026-09-28,115.05,115.05,115.0,115.0,2400
DUCOL,2026-09-29,121.9,125.0,120.0,120.0,3200
DUCOL,2026-09-30,120.0,120.0,120.0,120.0,0
DUCOL,2026-10-01,120.8,121.0,120.8,120.9,1600
DUCOL,2026-10-05,123.4,124.1,122.25,122.25,10400
DUCON,2026-09-29,1.42,1.46,1.42,1.42,3114371
DUCON,2026-09-30,1.37,1.43,1.35,1.36,3809077
DUCON,2026-10-01,1.37,1.39,1.3,1.3,3705446
DUCON,2026-10-05,1.35,1.36,1.32,1.36,469110
DUCON,2026-10-06,1.42,1.42,1.42,1.42,304907
DUGLOBAL,2026-09-28,21.0,21.0,20.25,20.25,12500
DUGLOBAL,2026-09-29,21.25,21.25,19.6,20.15,555000
DUGLOBAL,2026-09-30,20.95,21.3,19.75,20.1,110000
DUGLOBAL,2026-10-01,20.0,22.1,20.0,21.75,207500
DUGLOBAL,2026-10-05,22.2,22.2,21.8,21.8,5000
DURLAX,2026-09-28,65.75,67.0,63.7,65.85,106000
DURLAX,2026-09-29,65.85,69.15,64.5,68.25,242000
DURLAX,2026-09-30,67.5,69.4,64.5,65.15,1752000
DURLAX,2026-10-01,63.55,67.3,63.0,65.25,124000
DURLAX,2026-10-05,64.4,64.4,63.0,63.4,40000
DVL,2026-09-29,282.1,289.0,276.45,287.65,15774
DVL,2026-09-30,288.0,291.45,282.1,282.95,8519
DVL,2026-10-01,278.75,282.15,274.45,278.7,12290
DVL,2026-10-05,278.4,280.4,270.5,271.65,5322
DVL,2026-10-06,273.3,279.0,273.3,278.6,2212
DWARKESH,2026-09-30,43.8,44.55,42.45,42.66,1342472
DWARKESH,2026-10-01,42.45,42.48,41.0,41.96,1083964
DWARKESH,2026-10-02,41.96,41.96,41.96,41.96,0
DWARKESH,2026-10-05,42.3,44.73,42.3,44.08,2644127
DWARKESH,2026-10-06,45.15,47.59,45.13,46.86,6279295
DYCL,2026-09-29,434.4,438.5,420.8,433.9,478495
DYCL,2026-09-30,435.5,446.45,435.0,437.15,216097
DYCL,2026-10-01,436.5,437.75,417.5,428.0,313267
DYCL,2026-10-05,431.9,452.0,430.0,434.85,288948
DYCL,2026-10-06,437.9,450.0,433.35,446.05,208325
DYNAMATECH,2026-09-30,13065.0,13650.0,13060.0,13611.0,49032
DYNAMATECH,2026-10-01,13611.0,13996.0,13300.0,13756.0,42592
DYNAMATECH,2026-10-02,13756.0,13756.0,13756.0,13756.0,0
DYNAMATECH,2026-10-05,13798.0,14375.0,13798.0,14251.0,43998
DYNAMATECH,2026-10-06,14300.0,14409.0,14111.0,14279.0,25719
DYNAMIC,2026-09-28,139.95,139.95,139.95,139.95,0
DYNAMIC,2026-09-29,139.3,139.3,139.3,139.3,500
DYNAMIC,2026-09-30,130.0,134.7,130.0,133.95,3000
DYNAMIC,2026-10-01,133.3,133.3,129.95,129.95,1500
DYNAMIC,2026-10-05,123.2,130.65,123.2,127.95,5000
DYNPRO,2026-09-29,224.01,228.87,221.71,222.6,17051
DYNPRO,2026-09-30,226.0,227.02,221.0,223.58,5756
DYNPRO,2026-10-01,225.27,226.5,220.57,224.58,3562
DYNPRO,2026-10-05,224.67,229.49,218.25,220.44,7281
DYNPRO,2026-10-06,225.58,225.59,220.0,221.55,4792
E2E,2026-09-29,619.55,657.15,602.15,651.8,851171
E2E,2026-09-30,655.05,679.0,636.2,650.5,479810
E2E,2026-10-01,647.0,655.0,620.1,648.0,470548
E2E,2026-10-05,659.9,675.0,649.95,656.1,513783
E2E,2026-10-06,665.0,688.9,662.0,688.9,857233
EASEMYTRIP,2026-09-29,5.96,5.96,5.85,5.88,7428490
EASEMYTRIP,2026-09-30,5.88,6.03,5.81,5.86,9015155
EASEMYTRIP,2026-10-01,5.86,5.89,5.72,5.76,12319113
EASEMYTRIP,2026-10-05,5.8,5.83,5.76,5.77,6177377
EASEMYTRIP,2026-10-06,5.77,5.84,5.76,5.8,5917845
EASTSILK,2026-09-29,72.55,72.55,70.3,70.3,642
EASTSILK,2026-09-30,69.0,73.81,66.79,73.81,961
EASTSILK,2026-10-01,77.5,77.5,70.12,70.12,4250
EASTSILK,2026-10-05,70.82,70.82,66.66,66.66,604
EASTSILK,2026-10-06,69.34,69.99,67.2,67.2,1891
EASTWEST,2026-09-29,2.25,2.32,2.25,2.27,34964
EASTWEST,2026-09-30,2.27,2.36,2.25,2.33,34577
EASTWEST,2026-10-01,2.36,2.36,2.24,2.29,20920
EASTWEST,2026-10-05,2.36,2.4,2.24,2.32,51178
EASTWEST,2026-10-06,2.35,2.36,2.2,2.22,113939
EBGNG,2026-09-30,700.05,711.45,684.9,686.75,906069
EBGNG,2026-10-01,686.0,713.0,670.0,704.7,892168
EBGNG,2026-10-02,704.7,704.7,704.7,704.7,0
EBGNG,2026-10-05,710.0,718.7,690.0,695.45,531082
EBGNG,2026-10-06,700.0,712.0,648.7,685.15,783028
EBIX,2026-09-29,17.1,17.79,16.9,17.01,37741
EBIX,2026-09-30,17.68,17.86,16.82,16.97,41803
EBIX,2026-10-01,16.99,17.19,16.7,16.89,26253
EBIX,2026-10-05,17.0,17.7,16.88,16.91,10108
EBIX,2026-10-06,17.5,17.5,16.88,17.01,13725
ECLERX,2026-09-30,1772.0,1848.7,1772.0,1819.9,177436
ECLERX,2026-10-01,1811.9,1829.8,1782.8,1802.9,106573
ECLERX,2026-10-02,1802.9,1802.9,1802.9,1802.9,0
ECLERX,2026-10-05,1819.2,1898.0,1812.1,1884.3,142484
ECLERX,2026-10-06,1884.0,1936.4,1878.0,1917.2,184463
ECORECO,2026-09-29,403.6,405.0,386.0,403.3,25903
ECORECO,2026-09-30,407.95,410.0,391.45,395.5,9028
ECORECO,2026-10-01,394.9,401.95,385.0,388.6,15029
ECORECO,2026-10-05,390.0,427.45,388.8,427.3,14130
ECORECO,2026-10-06,429.9,442.0,418.0,438.7,11679
ECOSMOBLTY,2026-09-29,107.3,107.3,104.1,105.07,47947
ECOSMOBLTY,2026-09-30,106.58,107.01,104.1,104.73,35333
ECOSMOBLTY,2026-10-01,106.5,106.5,102.0,105.01,40431
ECOSMOBLTY,2026-10-05,105.53,108.0,103.81,105.44,72518
ECOSMOBLTY,2026-10-06,106.6,114.89,105.0,110.42,175337
EDELWEISS,2026-09-30,137.7,144.05,137.7,142.73,10840581
EDELWEISS,2026-10-01,142.0,142.0,136.0,137.9,6165446
EDELWEISS,2026-10-02,137.9,137.9,137.9,137.9,0
EDELWEISS,2026-10-05,138.49,139.22,135.11,135.47,2456666
EDELWEISS,2026-10-06,136.12,138.19,133.8,135.53,2545452
EDUCOMP,2026-09-29,0.9,0.9,0.9,0.9,0
EDUCOMP,2026-09-30,0.9,0.9,0.9,0.9,0
EDUCOMP,2026-10-01,0.9,0.9,0.9,0.9,0
EDUCOMP,2026-10-02,0.9,0.9,0.9,0.9,0
EDUCOMP,2026-10-05,0.9,0.94,0.88,0.93,95825
EFACTOR,2026-09-28,171.15,177.85,168.0,177.85,25600
EFACTOR,2026-09-29,170.5,194.4,170.5,190.35,24000
EFACTOR,2026-09-30,193.0,199.0,185.0,185.0,22400
EFACTOR,2026-10-01,190.0,191.95,176.15,185.75,6000
EFACTOR,2026-10-05,194.75,199.25,172.05,175.6,7200
EFCIL,2026-09-29,174.05,176.41,173.65,174.28,128858
EFCIL,2026-09-30,174.28,177.94,171.5,172.21,206429
EFCIL,2026-10-01,172.78,172.78,167.05,171.2,242978
EFCIL,2026-10-05,172.99,174.64,168.01,168.74,153943
EFCIL,2026-10-06,170.0,173.8,165.94,170.1,480175
EFFWA,2026-09-28,356.0,356.0,330.0,348.85,18800
EFFWA,2026-09-29,345.0,363.0,345.0,358.85,9200
EFFWA,2026-09-30,352.55,361.0,350.0,356.95,16400
EFFWA,2026-10-01,356.95,360.95,338.0,342.9,15200
EFFWA,2026-10-05,345.05,353.9,338.0,350.9,15200
EFORCE,2026-09-28,18.15,18.5,18.15,18.5,2400
EFORCE,2026-09-29,17.6,19.1,17.6,18.5,8400
EFORCE,2026-09-30,18.15,18.5,18.15,18.5,3600
EFORCE,2026-10-01,18.0,18.4,17.9,18.4,4800
EFORCE,2026-10-05,18.5,18.5,18.5,18.5,1200
EICHERMOT,2026-09-29,7213.5,7268.0,7164.5,7179.0,596560
EICHERMOT,2026-09-30,7182.0,7245.0,7120.0,7150.0,418141
EICHERMOT,2026-10-01,7120.0,7146.0,6840.0,6920.0,817452
EICHERMOT,2026-10-05,6975.0,7066.0,6901.5,7021.5,381658
EICHERMOT,2026-10-06,7065.0,7074.5,6976.0,7051.0,233348
EIDPARRY,2026-09-29,708.5,708.5,690.05,696.25,275246
EIDPARRY,2026-09-30,696.0,708.0,681.0,685.9,467662
EIDPARRY,2026-10-01,682.0,685.35,672.3,674.55,341622
EIDPARRY,2026-10-05,675.0,698.0,675.0,691.95,191222
EIDPARRY,2026-10-06,698.0,710.7,695.0,699.2,314270
EIEL,2026-09-30,193.05,195.66,188.0,189.62,435975
EIEL,2026-10-01,188.8,192.0,182.95,184.0,775964
EIEL,2026-10-02,184.0,184.0,184.0,184.0,0
EIEL,2026-10-05,185.84,187.99,178.5,180.61,729200
EIEL,2026-10-06,182.38,186.4,182.38,185.54,1234338
EIFFL,2026-09-30,273.2,273.2,271.6,273.2,1439
EIFFL,2026-10-01,267.75,273.0,267.75,267.75,646
EIFFL,2026-10-02,267.75,267.75,267.75,267.75,0
EIFFL,2026-10-05,265.0,262.4,262.4,262.4,573
EIFFL,2026-10-06,257.4,267.55,257.4,259.5,1400
EIHAHOTELS,2026-09-29,289.0,294.35,286.0,292.35,11583
EIHAHOTELS,2026-09-30,293.9,302.35,289.2,297.15,18403
EIHAHOTELS,2026-10-01,289.0,300.6,289.0,296.1,13263
EIHAHOTELS,2026-10-05,296.1,300.0,288.0,294.4,4180
EIHAHOTELS,2026-10-06,294.4,299.7,293.0,297.8,10394
EIHOTEL,2026-09-30,301.85,306.15,297.55,301.1,1001715
EIHOTEL,2026-10-01,300.65,301.0,295.15,297.85,167855
EIHOTEL,2026-10-02,297.85,297.85,297.85,297.85,0
EIHOTEL,2026-10-05,297.8,299.85,294.1,298.3,145139
EIHOTEL,2026-10-06,300.8,301.75,297.8,300.7,96710
EIMCOELECO,2026-09-29,2265.6001,2304.2,2239.3999,2278.3,15830
EIMCOELECO,2026-09-30,2297.6001,2320.3999,2259.8,2269.2,14680
EIMCOELECO,2026-10-01,2267.2,2285.0,2221.5,2268.8,18996
EIMCOELECO,2026-10-05,2288.8,2325.0,2236.2,2241.8999,24870
EIMCOELECO,2026-10-06,2251.3999,2415.8999,2251.3999,2371.8,81578
EKC,2026-09-29,107.35,108.96,104.81,107.74,219635
EKC,2026-09-30,108.2,110.5,106.65,108.9,199123
EKC,2026-10-01,108.9,108.9,103.7,106.01,154275
EKC,2026-10-05,106.0,107.99,104.0,105.13,124137
EKC,2026-10-06,104.5,108.5,104.5,106.54,113560
EKI,2026-09-29,92.7,100.26,83.3,98.57,318373
EKI,2026-09-30,99.98,103.88,94.11,94.99,82152
EKI,2026-10-01,94.0,99.7,91.0,97.95,40385
EKI,2026-10-05,97.95,98.99,93.06,93.06,15088
EKI,2026-10-06,93.06,93.06,88.41,88.41,18606
ELANTAS,2026-09-29,13720.0,13839.0,13403.0,13649.0,1687
ELANTAS,2026-09-30,13850.0,13978.0,13643.0,13839.0,1294
ELANTAS,2026-10-01,13836.0,13839.0,13067.0,13474.0,2435
ELANTAS,2026-10-05,13599.0,13600.0,13118.0,13214.0,1139
ELANTAS,2026-10-06,13261.0,14097.0,13261.0,13937.0,6917
ELCIDIN,2026-09-29,103500.0,103500.0,101500.0,102665.0,6
ELCIDIN,2026-09-30,103000.0,103000.0,102665.0,102665.0,2
ELCIDIN,2026-10-01,102665.0,102665.0,101110.0,102155.0,7
ELCIDIN,2026-10-05,102155.0,102155.0,100500.0,102000.0,5
ELCIDIN,2026-10-06,102000.0,102975.0,98005.0,102975.0,10
ELDEHSG,2026-09-29,768.1,768.1,747.0,751.75,277
ELDEHSG,2026-09-30,751.75,760.0,751.0,751.05,691
ELDEHSG,2026-10-01,761.1,786.9,751.05,782.25,1460
ELDEHSG,2026-10-05,782.25,788.0,766.3,773.55,629
ELDEHSG,2026-10-06,785.0,789.75,766.15,785.2,41
ELECON,2026-09-29,477.85,487.5,468.0,480.4,1322812
ELECON,2026-09-30,478.05,487.2,460.0,461.8,812540
ELECON,2026-10-01,463.0,465.0,436.1,440.0,985198
ELECON,2026-10-05,442.95,449.9,437.75,446.35,323898
ELECON,2026-10-06,446.4,449.7,440.4,446.3,307847
ELECTCAST,2026-09-30,76.12,78.19,73.89,74.37,3312574
ELECTCAST,2026-10-01,74.3,78.45,72.49,74.54,5379383
ELECTCAST,2026-10-02,74.54,74.54,74.54,74.54,0
ELECTCAST,2026-10-05,75.55,78.0,74.2,75.26,3013318
ELECTCAST,2026-10-06,75.44,80.98,74.77,78.97,7868022
ELECTHERM,2026-09-29,806.6,806.65,775.0,778.35,11981
ELECTHERM,2026-09-30,785.05,790.85,768.7,774.25,8860
ELECTHERM,2026-10-01,774.25,774.25,717.05,743.6,17615
ELECTHERM,2026-10-05,731.1,774.8,695.0,702.4,29147
ELECTHERM,2026-10-06,725.4,755.8,711.1,735.25,57868
ELEVATE,2026-09-30,355.1,372.75,290.1,322.95,38490932
ELEVATE,2026-10-01,315.0,353.0,312.25,344.8,15447430
ELEVATE,2026-10-02,344.8,344.8,344.8,344.8,0
ELEVATE,2026-10-05,354.1,354.25,327.15,333.15,2576912
ELEVATE,2026-10-06,339.0,341.9,327.05,337.75,2160546
ELGIEQUIP,2026-09-30,594.95,614.8,594.95,608.85,316761
ELGIEQUIP,2026-10-01,604.0,605.75,574.8,584.65,435205
ELGIEQUIP,2026-10-02,584.65,584.65,584.65,584.65,0
ELGIEQUIP,2026-10-05,585.4,594.7,582.5,591.2,301097
ELGIEQUIP,2026-10-06,590.8,601.95,587.5,599.25,316786
ELGIRUBCO,2026-09-29,53.02,53.51,51.5,52.9,30247
ELGIRUBCO,2026-09-30,52.95,54.0,52.95,53.42,21168
ELGIRUBCO,2026-10-01,52.95,53.69,50.5,51.38,33486
ELGIRUBCO,2026-10-05,52.9,53.17,51.01,51.56,38742
ELGIRUBCO,2026-10-06,52.5,59.8,51.61,55.97,256162
ELIN,2026-09-30,88.38,88.38,86.02,86.3,57220
ELIN,2026-10-01,86.9,86.9,78.31,79.73,424406
ELIN,2026-10-02,79.73,79.73,79.73,79.73,0
ELIN,2026-10-05,80.09,81.22,78.0,78.97,183116
ELIN,2026-10-06,78.97,80.7,78.1,78.84,120244
ELITECON,2026-09-30,8.2,8.61,7.86,7.98,13834853
ELITECON,2026-10-01,8.09,8.22,7.7,7.79,5953979
ELITECON,2026-10-02,7.79,7.79,7.79,7.79,0
ELITECON,2026-10-05,7.98,7.98,7.45,7.49,5648103
ELITECON,2026-10-06,7.4,7.49,7.2,7.24,8016754
ELLEN,2026-09-30,378.0,381.0,354.15,356.9,2144133
ELLEN,2026-10-01,360.0,360.0,333.9,341.7,1714617
ELLEN,2026-10-02,341.7,341.7,341.7,341.7,0
ELLEN,2026-10-05,343.8,347.1,331.0,332.55,723867
ELLEN,2026-10-06,330.1,353.8,330.1,348.2,694949
ELPROINTL,2026-09-29,172.54,172.88,169.81,170.47,23149
ELPROINTL,2026-09-30,170.4,174.1,170.4,174.0,2626
ELPROINTL,2026-10-01,173.13,174.75,171.25,174.31,8080
ELPROINTL,2026-10-05,172.01,174.75,171.82,174.59,12341
ELPROINTL,2026-10-06,173.72,174.75,172.08,174.39,1613
EMAMILTD,2026-09-29,388.6,388.6,376.75,381.05,2619527
EMAMILTD,2026-09-30,382.5,384.5,375.6,379.05,1943040
EMAMILTD,2026-10-01,376.1,377.35,370.2,372.65,2237638
EMAMILTD,2026-10-05,373.1,378.5,371.0,377.75,1358087
EMAMILTD,2026-10-06,377.9,387.5,374.0,384.0,2900736
EMAMIPAP,2026-09-29,116.0,119.95,112.6,118.62,40900
EMAMIPAP,2026-09-30,118.96,121.0,115.16,119.56,38369
EMAMIPAP,2026-10-01,118.7,119.9,113.59,116.84,34125
EMAMIPAP,2026-10-05,114.5,116.8,113.6,115.01,16261
EMAMIPAP,2026-10-06,116.38,116.38,113.6,115.2,12243
EMAMIREAL,2026-09-29,68.2,68.2,66.2,66.94,2736
EMAMIREAL,2026-09-30,67.7,68.49,66.95,67.43,5618
EMAMIREAL,2026-10-01,67.1,69.43,67.0,67.14,5743
EMAMIREAL,2026-10-05,67.14,69.65,67.14,68.06,7528
EMAMIREAL,2026-10-06,69.0,69.9,66.5,68.43,5789
EMBDL,2026-09-30,56.9,59.49,55.51,58.51,2043111
EMBDL,2026-10-01,57.85,58.32,55.17,56.13,2114200
EMBDL,2026-10-02,56.13,56.13,56.13,56.13,0
EMBDL,2026-10-05,57.48,58.3,55.35,56.05,1777659
EMBDL,2026-10-06,56.3,58.64,56.3,57.33,1258248
EMCURE,2026-09-29,1922.1,1987.1,1912.0,1959.1,330808
EMCURE,2026-09-30,1960.0,1965.9,1907.2,1943.0,71094
EMCURE,2026-10-01,1927.5,1974.0,1916.1,1944.6,69846
EMCURE,2026-10-05,1935.0,1966.6,1917.3,1937.1,67551
EMCURE,2026-10-06,1937.1,1954.9,1890.0,1922.4,379762
EMIL,2026-09-30,192.0,208.98,192.0,205.36,14305072
EMIL,2026-10-01,204.0,207.15,197.73,204.05,4017614
EMIL,2026-10-02,204.05,204.05,204.05,204.05,0
EMIL,2026-10-05,207.0,211.66,202.65,205.1,9139822
EMIL,2026-10-06,206.0,209.9,199.42,201.42,6254371
EMKAY,2026-09-29,290.0,295.05,281.0,282.6,139872
EMKAY,2026-09-30,284.7,289.05,277.05,278.2,41969
EMKAY,2026-10-01,277.0,294.9,275.1,286.8,56856
EMKAY,2026-10-05,286.8,292.5,276.2,280.2,61240
EMKAY,2026-10-06,283.8,289.0,281.0,285.6,16864
EMKAYTOOLS,2026-09-28,93.5,98.6,93.5,94.5,3000
EMKAYTOOLS,2026-09-29,94.5,94.5,92.35,92.8,1350
EMKAYTOOLS,2026-09-30,97.5,99.0,95.0,97.9,1350
EMKAYTOOLS,2026-10-01,98.95,98.95,93.2,98.6,600
EMKAYTOOLS,2026-10-05,94.2,98.0,94.0,98.0,600
EMMBI,2026-09-29,89.7,90.0,86.0,89.34,4467
EMMBI,2026-09-30,90.0,90.0,88.1,89.74,5465
EMMBI,2026-10-01,89.74,89.74,85.26,86.04,16076
EMMBI,2026-10-05,87.98,89.76,84.0,86.08,11635
EMMBI,2026-10-06,85.0,88.3,85.0,88.15,7258
EMMIL,2026-09-28,125.2,140.0,119.0,128.35,38000
EMMIL,2026-09-29,128.0,137.7,126.3,133.35,5750
EMMIL,2026-09-30,133.0,133.0,130.0,132.0,6500
EMMIL,2026-10-01,136.0,139.0,130.0,132.75,21000
EMMIL,2026-10-05,133.0,133.0,128.1,129.0,9500
EMMVEE,2026-09-30,313.95,318.5,313.2,315.9,1295809
EMMVEE,2026-10-01,315.0,316.4,300.85,305.9,1383663
EMMVEE,2026-10-02,305.9,305.9,305.9,305.9,0
EMMVEE,2026-10-05,309.0,309.0,290.45,296.25,3553362
EMMVEE,2026-10-06,297.0,299.3,293.1,296.5,1072094
EMPIND,2026-09-29,1032.1,1053.8,1032.1,1046.2,631
EMPIND,2026-09-30,1052.0,1066.0,1052.0,1057.1,2549
EMPIND,2026-10-01,1057.3,1077.3,1046.1,1059.2,1377
EMPIND,2026-10-05,1059.2,1059.2,1030.6,1034.0,10650
EMPIND,2026-10-06,1051.9,1054.0,1035.0,1040.0,9488
EMPOWER,2026-09-29,1.7,1.7,1.7,1.7,3592503
EMPOWER,2026-09-30,1.62,1.62,1.62,1.62,3851509
EMPOWER,2026-10-01,1.54,1.54,1.54,1.54,3581175
EMPOWER,2026-10-05,1.47,1.61,1.47,1.61,43387876
EMPOWER,2026-10-06,1.69,1.69,1.65,1.68,27780898
EMSLIMITED,2026-09-30,340.5,345.5,335.2,337.2,113345
EMSLIMITED,2026-10-01,338.0,338.0,324.65,331.55,157212
EMSLIMITED,2026-10-02,331.55,331.55,331.55,331.55,0
EMSLIMITED,2026-10-05,335.0,337.35,324.3,327.8,121022
EMSLIMITED,2026-10-06,329.0,340.45,329.0,334.25,112594
EMUDHRA,2026-09-30,628.5,637.6,592.1,596.5,713583
EMUDHRA,2026-10-01,595.4,603.35,566.0,580.0,702179
EMUDHRA,2026-10-02,580.0,580.0,580.0,580.0,0
EMUDHRA,2026-10-05,604.0,615.8,583.55,599.0,637155
EMUDHRA,2026-10-06,599.0,610.0,593.0,607.9,267269
ENDURANCE,2026-09-29,2699.0,2714.2,2637.0,2654.8,68032
ENDURANCE,2026-09-30,2665.0,2747.8999,2621.1001,2656.5,137641
ENDURANCE,2026-10-01,2635.1001,2653.0,2581.3,2601.3999,123076
ENDURANCE,2026-10-05,2609.8999,2617.0,2502.7,2526.5,112901
ENDURANCE,2026-10-06,2530.0,2553.2,2512.0,2516.0,75256
ENERGYDEV,2026-09-29,14.6,14.9,14.59,14.6,17191
ENERGYDEV,2026-09-30,14.48,14.98,14.1,14.39,30784
ENERGYDEV,2026-10-01,14.99,14.99,14.1,14.52,10986
ENERGYDEV,2026-10-05,14.97,14.97,14.2,14.4,9299
ENERGYDEV,2026-10-06,14.54,14.8,14.21,14.36,7848
ENFUSE,2026-09-28,138.0,149.0,138.0,149.0,1200
ENFUSE,2026-09-29,148.6,148.6,148.6,148.6,600
ENFUSE,2026-09-30,145.0,154.0,141.0,154.0,2400
ENFUSE,2026-10-01,153.15,153.15,150.0,150.0,1200
ENFUSE,2026-10-05,150.0,150.0,150.0,150.0,0
ENGINERSIN,2026-09-30,310.75,315.5,307.5,309.6,3125317
ENGINERSIN,2026-10-01,308.0,318.3,303.05,312.75,7911815
ENGINERSIN,2026-10-02,312.75,312.75,312.75,312.75,0
ENGINERSIN,2026-10-05,316.4,319.2,306.9,307.85,5190169
ENGINERSIN,2026-10-06,309.0,320.8,306.4,313.3,5178520
ENIL,2026-09-30,96.99,96.99,95.05,95.59,12291
ENIL,2026-10-01,96.0,97.89,92.55,93.36,21152
ENIL,2026-10-02,93.36,93.36,93.36,93.36,0
ENIL,2026-10-05,94.0,94.0,91.1,91.69,20891
ENIL,2026-10-06,94.3,94.3,91.6,92.24,4896
ENKEIWHEL,2026-09-29,385.05,400.95,385.0,397.8,1147
ENKEIWHEL,2026-09-30,399.0,399.0,390.0,396.55,253
ENKEIWHEL,2026-10-01,396.55,401.0,386.05,392.6,2283
ENKEIWHEL,2026-10-05,404.0,404.0,382.5,392.4,1756
ENKEIWHEL,2026-10-06,392.0,392.0,382.25,386.6,3389
ENRIN,2026-09-30,3211.3999,3322.8,3200.0,3200.0,666697
ENRIN,2026-10-01,3213.0,3358.0,3187.0,3334.0,1649842
ENRIN,2026-10-02,3334.0,3334.0,3334.0,3334.0,0
ENRIN,2026-10-05,3357.1001,3408.8999,3316.3999,3316.3999,616768
ENRIN,2026-10-06,3333.0,3354.8999,3288.2,3307.5,287984
ENSER,2026-09-28,15.1,15.25,15.1,15.25,15000
ENSER,2026-09-29,15.0,15.05,14.45,15.0,25000
ENSER,2026-09-30,15.1,15.25,15.0,15.25,85000
ENSER,2026-10-01,15.4,15.75,15.2,15.25,35000
ENSER,2026-10-05,15.4,15.4,14.4,14.7,45000
ENTERO,2026-09-29,1780.0,1797.8,1745.8,1764.9,120363
ENTERO,2026-09-30,1764.9,1775.3,1701.0,1708.9,78337
ENTERO,2026-10-01,1690.1,1712.9,1622.2,1680.8,205073
ENTERO,2026-10-05,1699.0,1725.0,1649.0,1697.1,80217
ENTERO,2026-10-06,1702.0,1744.0,1682.7,1721.6,63940
EPACK,2026-09-29,179.65,179.65,174.01,177.93,253210
EPACK,2026-09-30,178.65,180.15,175.0,175.35,178498
EPACK,2026-10-01,175.95,176.75,168.61,171.59,284743
EPACK,2026-10-05,173.75,173.99,167.36,168.13,242301
EPACK,2026-10-06,168.13,175.0,168.13,173.75,300375
EPACKPEB,2026-09-29,241.74,249.43,238.41,243.32,456672
EPACKPEB,2026-09-30,243.0,247.28,241.8,243.2,149107
EPACKPEB,2026-10-01,243.0,250.7,236.48,242.07,598656
EPACKPEB,2026-10-05,244.9,255.88,244.2,249.74,1070964
EPACKPEB,2026-10-06,249.75,252.79,245.98,247.82,361403
EPIGRAL,2026-09-29,1045.0,1052.4,1013.1,1018.1,35053
EPIGRAL,2026-09-30,1024.0,1030.0,1011.0,1012.5,37182
EPIGRAL,2026-10-01,1016.2,1017.9,975.9,982.2,80328
EPIGRAL,2026-10-05,990.0,1024.1,977.4,1017.3,60534
EPIGRAL,2026-10-06,1007.4,1062.0,1005.8,1036.2,67122
EPL,2026-09-29,236.35,236.35,231.1,233.05,655107
EPL,2026-09-30,235.8,241.35,233.5,237.0,3029109
EPL,2026-10-01,236.0,236.45,226.69,232.39,2613252
EPL,2026-10-05,230.62,237.89,230.2,236.5,1435292
EPL,2026-10-06,237.4,239.0,232.29,237.23,1423405
EQUIPPP,2026-09-29,21.85,22.94,21.85,22.93,4426
EQUIPPP,2026-09-30,23.8,23.8,22.4,22.65,1424
EQUIPPP,2026-10-01,22.65,23.1,22.2,22.83,2241
EQUIPPP,2026-10-05,22.94,22.94,21.69,21.85,5578
EQUIPPP,2026-10-06,21.85,22.5,21.85,22.5,1849
EQUITASBNK,2026-09-29,66.08,67.79,65.5,67.07,2421082
EQUITASBNK,2026-09-30,67.1,69.2,67.06,68.93,1798270
EQUITASBNK,2026-10-01,68.76,68.76,67.4,68.41,1588015
EQUITASBNK,2026-10-05,68.8,70.2,67.82,68.28,1626602
EQUITASBNK,2026-10-06,68.28,69.42,67.84,67.96,626139
ERIS,2026-09-29,1231.0,1293.0,1180.1,1219.3,859869
ERIS,2026-09-30,1225.3,1226.3,1180.8,1191.9,97144
ERIS,2026-10-01,1181.3,1200.0,1162.9,1189.8,88725
ERIS,2026-10-05,1189.8,1210.5,1177.0,1188.6,49205
ERIS,2026-10-06,1188.6,1201.3,1175.0,1184.7,47479
ESABINDIA,2026-09-29,5530.0,5546.0,5447.0,5510.0,2344
ESABINDIA,2026-09-30,5565.5,5565.5,5521.0,5530.0,1062
ESABINDIA,2026-10-01,5544.5,5599.0,5461.0,5500.5,3747
ESABINDIA,2026-10-05,5520.0,5549.0,5450.5,5514.0,1802
ESABINDIA,2026-10-06,5516.0,5619.0,5513.0,5608.0,2318
ESAFSFB,2026-09-29,42.5,44.8,41.21,44.54,1486139
ESAFSFB,2026-09-30,44.55,46.0,44.03,44.52,733692
ESAFSFB,2026-10-01,43.66,44.5,42.3,43.4,438635
ESAFSFB,2026-10-05,43.3,43.99,42.0,43.18,475820
ESAFSFB,2026-10-06,43.18,43.45,41.79,42.15,353896
ESCONET,2026-09-28,215.9,219.5,207.25,213.25,27600
ESCONET,2026-09-29,213.25,223.9,209.0,223.9,46000
ESCONET,2026-09-30,235.05,235.05,235.05,235.05,16000
ESCONET,2026-10-01,246.0,246.8,238.1,246.8,76800
ESCONET,2026-10-05,255.0,255.0,237.0,242.65,30400
ESCORTS,2026-09-30,2705.0,2743.3999,2700.1001,2715.2,45053
ESCORTS,2026-10-01,2700.0,2701.0,2550.1001,2667.3,338525
ESCORTS,2026-10-02,2667.3,2667.3,2667.3,2667.3,0
ESCORTS,2026-10-05,2667.3,2888.3999,2664.3,2820.8999,222028
ESCORTS,2026-10-06,2820.8999,2867.0,2785.3,2811.7,106388
ESDS,2026-09-30,1509.5,1509.5,1509.5,1509.5,35560
ESDS,2026-10-01,1434.1,1434.1,1434.1,1434.1,23844
ESDS,2026-10-02,1434.1,1434.1,1434.1,1434.1,0
ESDS,2026-10-05,1362.4,1362.4,1362.4,1362.4,59205
ESDS,2026-10-06,1294.3,1294.3,1294.3,1294.3,151271
ESFL,2026-09-28,123.75,123.75,119.0,119.0,3600
ESFL,2026-09-29,116.05,116.05,109.8,113.75,17640
ESFL,2026-09-30,114.0,117.95,112.45,113.1,16920
ESFL,2026-10-01,114.8,114.8,112.05,113.55,12600
ESFL,2026-10-05,113.55,113.55,111.0,112.1,9720
ESSARSHPNG,2026-09-29,16.21,18.0,15.7,16.95,710896
ESSARSHPNG,2026-09-30,17.54,20.34,17.54,18.89,6789502
ESSARSHPNG,2026-10-01,19.5,19.88,16.9,17.18,1584604
ESSARSHPNG,2026-10-05,17.5,17.94,16.47,17.04,418001
ESSARSHPNG,2026-10-06,17.06,17.55,16.36,16.72,385150
ESSENTIA,2026-09-29,1.01,1.02,1.0,1.0,1958147
ESSENTIA,2026-09-30,1.0,1.02,1.0,1.0,770450
ESSENTIA,2026-10-01,1.0,1.02,1.0,1.0,1171955
ESSENTIA,2026-10-05,1.01,1.04,1.0,1.01,2071789
ESSENTIA,2026-10-06,1.01,1.03,1.01,1.01,646672
ESTER,2026-09-30,90.0,101.46,87.19,101.22,3656608
ESTER,2026-10-01,102.0,104.8,94.22,95.52,807322
ESTER,2026-10-02,95.52,95.52,95.52,95.52,0
ESTER,2026-10-05,96.0,97.99,92.95,93.4,115591
ESTER,2026-10-06,93.6,96.96,93.5,93.87,125566
ETERNAL,2026-09-30,328.15,329.0,317.1,320.0,28850208
ETERNAL,2026-10-01,316.6,320.4,309.8,313.9,29716584
ETERNAL,2026-10-02,313.9,313.9,313.9,313.9,0
ETERNAL,2026-10-05,308.95,322.85,308.1,320.8,31037275
ETERNAL,2026-10-06,322.5,330.2,319.1,329.0,27074162
ETHOSLTD,2026-09-30,2489.8999,2555.0,2484.3999,2537.2,22966
ETHOSLTD,2026-10-01,2549.8999,2549.8999,2473.8,2531.8999,46240
ETHOSLTD,2026-10-02,2531.8999,2531.8999,2531.8999,2531.8999,0
ETHOSLTD,2026-10-05,2565.0,2610.0,2517.0,2602.3,29281
ETHOSLTD,2026-10-06,2608.0,2646.3,2590.0,2621.2,112872
EUREKAFORB,2026-09-30,361.95,371.0,357.5,361.0,311340
EUREKAFORB,2026-10-01,362.9,367.55,348.0,352.5,266094
EUREKAFORB,2026-10-02,352.5,352.5,352.5,352.5,0
EUREKAFORB,2026-10-05,351.0,356.0,340.6,342.15,354048
EUREKAFORB,2026-10-06,343.9,354.6,342.15,353.8,129394
EUROBOND,2026-09-29,149.0,149.0,145.05,147.12,1612
EUROBOND,2026-09-30,150.0,151.89,145.65,146.25,1174
EUROBOND,2026-10-01,145.31,149.2,144.0,148.29,2259
EUROBOND,2026-10-05,152.75,152.75,143.25,144.32,2318
EUROBOND,2026-10-06,148.89,148.89,141.2,143.4,6632
EUROPRATIK,2026-09-29,206.4,206.45,198.55,202.05,257897
EUROPRATIK,2026-09-30,202.4,216.8,190.1,192.3,693046
EUROPRATIK,2026-10-01,191.05,193.49,184.71,190.42,195340
EUROPRATIK,2026-10-05,192.99,192.99,181.0,183.41,145782
EUROPRATIK,2026-10-06,184.7,185.18,176.88,180.02,241595
EUROTEXIND,2026-09-29,13.1,14.1,12.5,13.0,2224
EUROTEXIND,2026-09-30,12.85,14.3,11.75,14.3,4554
EUROTEXIND,2026-10-01,15.5,15.73,15.5,15.73,30574
EUROTEXIND,2026-10-05,16.25,16.51,15.73,16.51,10916
EUROTEXIND,2026-10-06,17.33,17.33,15.7,16.33,35320
EVEREADY,2026-09-29,319.95,324.3,315.85,318.9,45033
EVEREADY,2026-09-30,318.9,325.0,318.9,323.2,38598
EVEREADY,2026-10-01,322.35,322.8,310.0,315.85,60239
EVEREADY,2026-10-05,317.1,329.1,315.0,318.1,37300
EVEREADY,2026-10-06,321.0,321.9,315.3,320.1,58656
EVERESTIND,2026-09-29,425.0,443.15,406.7,436.25,66206
EVERESTIND,2026-09-30,427.1,458.05,427.1,455.6,19320
EVERESTIND,2026-10-01,464.5,477.4,445.1,475.3,28053
EVERESTIND,2026-10-05,484.0,486.0,452.65,478.15,28153
EVERESTIND,2026-10-06,470.0,524.0,465.0,515.95,52170
EXCELINDUS,2026-09-30,925.3,957.7,925.3,945.2,33101
EXCELINDUS,2026-10-01,946.0,950.9,906.1,921.8,15400
EXCELINDUS,2026-10-02,921.8,921.8,921.8,921.8,0
EXCELINDUS,2026-10-05,930.8,936.35,900.0,912.95,12996
EXCELINDUS,2026-10-06,920.1,928.4,910.55,924.1,6332
EXCELSOFT,2026-09-30,83.99,85.7,80.23,81.17,532184
EXCELSOFT,2026-10-01,81.0,81.0,76.71,78.33,514243
EXCELSOFT,2026-10-02,78.33,78.33,78.33,78.33,0
EXCELSOFT,2026-10-05,79.5,80.71,77.56,80.0,877532
EXCELSOFT,2026-10-06,80.09,83.34,79.82,82.1,419150
EXICOM,2026-09-29,156.4,157.0,150.22,152.97,645786
EXICOM,2026-09-30,152.97,158.6,151.0,152.11,522829
EXICOM,2026-10-01,152.11,156.4,147.2,151.1,840406
EXICOM,2026-10-05,152.3,154.99,149.33,150.77,471460
EXICOM,2026-10-06,150.7,157.75,150.7,156.17,535041
EXIDEIND,2026-09-30,407.75,417.5,407.75,412.6,2723921
EXIDEIND,2026-10-01,411.6,417.5,403.8,409.45,2369486
EXIDEIND,2026-10-02,409.45,409.45,409.45,409.45,0
EXIDEIND,2026-10-05,409.5,415.85,402.15,405.25,1713639
EXIDEIND,2026-10-06,405.2,410.4,403.75,405.75,1097246
EXPLEOSOL,2026-09-29,868.1,869.85,855.5,858.3,8798
EXPLEOSOL,2026-09-30,858.0,873.9,855.0,857.85,5181
EXPLEOSOL,2026-10-01,852.85,863.45,830.1,848.75,16041
EXPLEOSOL,2026-10-05,853.05,881.55,850.05,863.45,20948
EXPLEOSOL,2026-10-06,868.7,888.0,867.0,878.85,18786
EXXARO,2026-09-29,6.16,6.17,6.01,6.09,172278
EXXARO,2026-09-30,6.22,6.24,6.05,6.07,93351
EXXARO,2026-10-01,6.2,6.2,6.0,6.04,200554
EXXARO,2026-10-05,6.1,6.25,5.99,6.05,3347942
EXXARO,2026-10-06,6.24,6.69,6.07,6.14,765535
FABTECH,2026-09-29,144.0,148.4,142.61,147.47,61853
FABTECH,2026-09-30,147.47,148.99,143.95,145.04,43962
FABTECH,2026-10-01,145.16,145.16,139.42,142.01,89956
FABTECH,2026-10-05,142.02,144.79,140.01,141.87,35030
FABTECH,2026-10-06,143.4,143.4,140.0,141.04,40571
FACT,2026-09-29,760.65,781.9,740.1,757.2,710398
FACT,2026-09-30,757.2,770.35,752.0,757.95,99917
FACT,2026-10-01,757.9,757.9,727.95,734.95,95867
FACT,2026-10-05,740.0,745.6,729.05,731.75,66812
FACT,2026-10-06,739.9,765.0,732.05,759.0,131434
FAIRCHEMOR,2026-09-29,684.9,689.0,672.0,674.7,2690
FAIRCHEMOR,2026-09-30,678.0,693.0,661.0,680.75,5353
FAIRCHEMOR,2026-10-01,668.0,684.7,646.75,661.5,3845
FAIRCHEMOR,2026-10-05,699.95,729.9,678.0,682.25,72267
FAIRCHEMOR,2026-10-06,682.0,703.8,667.5,679.3,131897
FALCONTECH,2026-09-28,12.35,12.35,11.5,12.25,14400
FALCONTECH,2026-09-29,12.25,12.85,11.7,12.85,7200
FALCONTECH,2026-09-30,12.25,12.95,12.25,12.95,3600
FALCONTECH,2026-10-01,13.45,13.45,12.2,12.9,13200
FALCONTECH,2026-10-05,12.9,12.9,12.9,12.9,0
FAZE3Q,2026-09-29,427.25,429.75,418.0,422.2,9297
FAZE3Q,2026-09-30,428.0,462.2,420.0,442.15,402154
FAZE3Q,2026-10-01,440.0,444.1,425.05,433.05,23619
FAZE3Q,2026-10-05,434.0,436.9,421.0,425.0,13673
FAZE3Q,2026-10-06,420.0,450.0,420.0,445.75,35186
FCL,2026-09-30,57.94,59.21,57.0,57.45,16165821
FCL,2026-10-01,57.42,58.47,54.76,55.72,33188098
FCL,2026-10-02,55.72,55.72,55.72,55.72,0
FCL,2026-10-05,55.68,55.85,53.21,54.03,18407766
FCL,2026-10-06,54.08,59.43,54.08,59.2,41353903
FCSSOFT,2026-09-30,1.39,1.45,1.38,1.4,2540760
FCSSOFT,2026-10-01,1.41,1.42,1.37,1.38,1584700
FCSSOFT,2026-10-02,1.38,1.38,1.38,1.38,0
FCSSOFT,2026-10-05,1.39,1.41,1.38,1.38,1254766
FCSSOFT,2026-10-06,1.38,1.42,1.38,1.41,2084875
FDC,2026-09-30,350.1,353.4,337.85,339.4,103104
FDC,2026-10-01,339.0,342.85,332.2,335.9,107854
FDC,2026-10-02,335.9,335.9,335.9,335.9,0
FDC,2026-10-05,337.1,339.9,328.6,331.3,90007
FDC,2026-10-06,333.8,338.0,332.05,333.65,112880
FEDDERSHOL,2026-09-29,62.97,64.08,59.11,60.69,3808343
FEDDERSHOL,2026-09-30,61.0,62.6,61.0,61.51,2131447
FEDDERSHOL,2026-10-01,62.27,67.62,61.2,63.63,61090409
FEDDERSHOL,2026-10-05,65.4,67.1,62.8,64.23,18059133
FEDDERSHOL,2026-10-06,64.23,75.99,63.05,64.25,46618771
FEDERALBNK,2026-09-30,321.05,324.25,317.4,317.4,5485971
FEDERALBNK,2026-10-01,316.1,321.35,313.75,318.2,11278668
FEDERALBNK,2026-10-02,318.2,318.2,318.2,318.2,0
FEDERALBNK,2026-10-05,318.95,328.2,318.5,327.35,7542230
FEDERALBNK,2026-10-06,328.1,329.55,319.25,320.0,4338030
FEDFINA,2026-09-30,149.0,152.07,149.0,150.96,578967
FEDFINA,2026-10-01,152.0,152.0,146.21,149.77,1579564
FEDFINA,2026-10-02,149.77,149.77,149.77,149.77,0
FEDFINA,2026-10-05,150.99,153.4,148.51,149.64,804305
FEDFINA,2026-10-06,149.65,151.94,149.5,150.72,530026
FEL,2026-09-29,0.38,0.38,0.37,0.38,113129
FEL,2026-09-30,0.39,0.39,0.38,0.38,82983
FEL,2026-10-01,0.39,0.39,0.38,0.39,80094
FEL,2026-10-05,0.4,0.4,0.38,0.38,168383
FEL,2026-10-06,0.39,0.39,0.37,0.37,477406
FELDVR,2026-09-29,2.08,2.08,1.92,2.07,1324
FELDVR,2026-09-30,2.07,2.15,1.97,2.02,5324
FELDVR,2026-10-01,2.02,2.1,1.92,2.03,15925
FELDVR,2026-10-05,2.07,2.09,1.93,2.04,5236
FELDVR,2026-10-06,2.06,2.06,1.94,1.96,2976
FELIX,2026-09-29,193.5,202.0,193.5,200.35,10000
FELIX,2026-09-30,202.0,202.0,197.0,202.0,15000
FELIX,2026-10-01,200.0,200.0,186.4,193.0,44500
FELIX,2026-10-02,193.0,193.0,193.0,193.0,0
FELIX,2026-10-05,193.0,194.35,185.0,187.9,28000
FERMENTA,2026-09-30,538.0,564.9,528.7,549.7,521926
FERMENTA,2026-10-01,546.0,570.8,538.7,553.25,433950
FERMENTA,2026-10-02,553.25,553.25,553.25,553.25,0
FERMENTA,2026-10-05,558.85,573.0,546.1,557.45,341567
FERMENTA,2026-10-06,558.0,582.65,552.0,569.45,671367
FIBERWEB,2026-09-29,26.4,27.46,26.03,26.79,12963
FIBERWEB,2026-09-30,27.99,27.99,26.58,27.41,23194
FIBERWEB,2026-10-01,28.37,28.37,26.4,26.55,12052
FIBERWEB,2026-10-05,27.2,27.2,26.1,26.19,10430
FIBERWEB,2026-10-06,26.2,27.17,25.38,26.47,11945
FIDEL,2026-09-28,168.0,168.0,168.0,168.0,7000
FIDEL,2026-09-29,167.0,172.75,165.0,168.05,7000
FIDEL,2026-09-30,171.0,179.0,170.95,176.15,47000
FIDEL,2026-10-01,176.0,179.8,175.0,178.9,36000
FIDEL,2026-10-05,176.75,177.0,176.0,176.0,16000
FIEMIND,2026-09-29,1926.0,1939.7,1901.3,1921.1,36157
FIEMIND,2026-09-30,1921.1,1955.2,1870.0,1877.6,91793
FIEMIND,2026-10-01,1877.2,1888.0,1785.1,1794.8,115474
FIEMIND,2026-10-05,1786.1,1816.9,1752.0,1763.1,72879
FIEMIND,2026-10-06,1774.2,1799.9,1760.0,1779.5,45371
FILATEX,2026-09-29,111.48,113.94,109.21,112.0,4756161
FILATEX,2026-09-30,111.85,112.94,107.1,107.76,2227616
FILATEX,2026-10-01,108.03,109.12,101.21,106.1,3522416
FILATEX,2026-10-05,106.1,107.8,103.1,103.89,1569948
FILATEX,2026-10-06,103.89,112.8,103.89,111.36,4466310
FILATFASH,2026-09-29,0.19,0.19,0.18,0.18,16791914
FILATFASH,2026-09-30,0.19,0.19,0.18,0.18,10328490
FILATFASH,2026-10-01,0.18,0.19,0.18,0.18,16018624
FILATFASH,2026-10-05,0.19,0.19,0.18,0.18,22802731
FILATFASH,2026-10-06,0.18,0.19,0.18,0.18,14862657
FINCABLES,2026-09-29,1408.1,1459.8,1396.4,1435.5,769597
FINCABLES,2026-09-30,1432.0,1472.4,1432.0,1450.3,452990
FINCABLES,2026-10-01,1448.2,1477.5,1428.9,1458.8,598654
FINCABLES,2026-10-05,1458.8,1496.1,1454.0,1467.3,499455
FINCABLES,2026-10-06,1467.3,1495.5,1444.0,1474.0,537490
FINEORG,2026-09-29,5090.0,5162.0,5070.0,5140.0,11866
FINEORG,2026-09-30,5140.5,5165.0,5092.5,5124.5,24136
FINEORG,2026-10-01,5124.0,5185.0,5060.0,5131.0,18279
FINEORG,2026-10-05,5131.0,5300.0,5121.5,5210.0,27037
FINEORG,2026-10-06,5208.0,5590.0,5208.0,5537.0,79778
FINKURVE,2026-09-30,69.9,71.2,67.45,67.92,42160
FINKURVE,2026-10-01,67.92,72.9,67.01,70.53,86037
FINKURVE,2026-10-02,70.53,70.53,70.53,70.53,0
FINKURVE,2026-10-05,70.5,71.99,68.05,68.51,12875
FINKURVE,2026-10-06,68.55,69.87,68.55,69.31,7535
FINOPB,2026-09-29,127.65,130.05,125.05,129.23,175313
FINOPB,2026-09-30,129.85,131.06,126.3,127.21,135642
FINOPB,2026-10-01,127.21,129.9,125.01,128.22,146312
FINOPB,2026-10-05,130.75,130.9,127.2,128.5,140754
FINOPB,2026-10-06,130.0,130.8,127.88,128.29,70786
FINPIPE,2026-09-30,152.0,153.44,150.36,151.48,238428
FINPIPE,2026-10-01,150.7,151.0,149.0,150.49,397198
FINPIPE,2026-10-02,150.49,150.49,150.49,150.49,0
FINPIPE,2026-10-05,150.98,151.56,148.1,149.31,284792
FINPIPE,2026-10-06,149.31,155.0,149.31,154.72,488677
FIRSTCRY,2026-09-29,184.72,190.0,178.78,184.37,8233520
FIRSTCRY,2026-09-30,184.37,187.0,178.35,179.94,2624709
FIRSTCRY,2026-10-01,179.7,181.1,172.7,174.75,2150458
FIRSTCRY,2026-10-05,175.64,177.39,171.32,172.0,1030621
FIRSTCRY,2026-10-06,174.0,178.85,172.62,177.57,2104596
FISCHER,2026-09-30,33.68,34.7,33.35,33.55,284295
FISCHER,2026-10-01,34.39,34.39,32.61,33.46,220491
FISCHER,2026-10-02,33.46,33.46,33.46,33.46,0
FISCHER,2026-10-05,33.5,33.83,32.66,32.8,335833
FISCHER,2026-10-06,33.0,33.39,32.41,33.14,169925
FIVESTAR,2026-09-30,495.05,519.9,494.85,516.85,602120
FIVESTAR,2026-10-01,513.5,513.5,498.25,506.25,547397
FIVESTAR,2026-10-02,506.25,506.25,506.25,506.25,0
FIVESTAR,2026-10-05,506.9,521.05,505.8,519.1,510918
FIVESTAR,2026-10-06,519.1,529.0,510.35,514.35,567657
FLAIR,2026-09-29,234.46,237.95,230.0,230.38,105035
FLAIR,2026-09-30,232.0,232.87,228.51,229.32,67611
FLAIR,2026-10-01,230.98,231.0,216.82,226.57,126030
FLAIR,2026-10-05,229.8,230.16,225.06,226.43,42988
FLAIR,2026-10-06,229.0,229.0,225.2,227.84,34806
FLEXITUFF,2026-09-29,2.92,2.92,2.91,2.92,6737
FLEXITUFF,2026-09-30,2.97,2.97,2.96,2.97,1301
FLEXITUFF,2026-10-01,3.02,3.02,3.02,3.02,11680
FLEXITUFF,2026-10-05,3.07,3.08,3.03,3.07,6245
FLEXITUFF,2026-10-06,3.13,3.13,3.13,3.13,5199
FLFL,2026-09-29,1.15,1.16,1.1,1.1,14356
FLFL,2026-09-30,1.1,1.1,1.05,1.09,88833
FLFL,2026-10-01,1.12,1.12,1.05,1.11,25576
FLFL,2026-10-05,1.11,1.12,1.06,1.06,94223
FLFL,2026-10-06,1.01,1.06,1.01,1.02,93999
FLUOROCHEM,2026-09-30,4420.1001,4454.8999,4358.1001,4405.2998,68354
FLUOROCHEM,2026-10-01,4406.0,4415.0,4225.3999,4341.5,156006
FLUOROCHEM,2026-10-02,4341.5,4341.5,4341.5,4341.5,0
FLUOROCHEM,2026-10-05,4399.0,4493.5,4343.0,4429.7998,137290
FLUOROCHEM,2026-10-06,4458.2002,4646.8999,4430.2002,4577.2002,181004
FMGOETZE,2026-09-29,458.65,462.2,452.55,460.1,99572
FMGOETZE,2026-09-30,460.1,469.0,442.1,445.65,268118
FMGOETZE,2026-10-01,442.0,451.45,433.3,444.25,212350
FMGOETZE,2026-10-05,444.4,455.0,437.55,440.9,177056
FMGOETZE,2026-10-06,440.9,451.5,440.9,448.5,84814
FMNL,2026-09-29,8.05,8.17,7.61,7.97,68724
FMNL,2026-09-30,7.97,8.36,7.97,8.35,43409
FMNL,2026-10-01,8.73,8.76,8.02,8.08,51611
FMNL,2026-10-05,8.08,8.29,7.76,7.98,27663
FMNL,2026-10-06,8.14,8.21,7.8,7.96,45775
FOCUS,2026-09-29,59.3,59.75,57.0,57.07,36445
FOCUS,2026-09-30,58.3,58.3,56.26,56.52,17513
FOCUS,2026-10-01,57.4,57.97,53.7,54.3,84536
FOCUS,2026-10-05,55.0,56.89,54.7,54.8,52696
FOCUS,2026-10-06,56.5,57.0,55.02,55.95,16468
FONEBOX,2026-09-28,176.0,176.0,159.3,160.0,50000
FONEBOX,2026-09-29,153.0,153.0,152.0,152.0,4000
FONEBOX,2026-09-30,144.4,144.4,144.4,144.4,9000
FONEBOX,2026-10-01,137.2,137.2,137.2,137.2,4000
FONEBOX,2026-10-05,130.35,130.35,130.35,130.35,5000
FOODSIN,2026-09-29,52.83,53.24,50.5,51.46,105082
FOODSIN,2026-09-30,50.9,52.32,50.4,50.92,48116
FOODSIN,2026-10-01,51.95,51.95,48.6,49.39,98285
FOODSIN,2026-10-05,49.98,50.87,49.39,49.68,35389
FOODSIN,2026-10-06,50.0,51.64,49.5,50.78,110532
FORCEMOT,2026-09-29,17100.0,17146.0,16761.0,16905.0,82027
FORCEMOT,2026-09-30,17000.0,17435.0,17000.0,17054.0,56785
FORCEMOT,2026-10-01,17300.0,17389.0,16531.0,16800.0,117482
FORCEMOT,2026-10-05,16945.0,16980.0,16520.0,16650.0,62662
FORCEMOT,2026-10-06,16650.0,17110.0,16608.0,17110.0,65470
FORTIS,2026-09-30,817.0,821.0,757.45,770.0,5818918
FORTIS,2026-10-01,763.0,786.4,745.35,785.0,6942851
FORTIS,2026-10-02,785.0,785.0,785.0,785.0,0
FORTIS,2026-10-05,784.95,785.75,763.8,763.8,2115546
FORTIS,2026-10-06,770.0,770.2,756.3,764.0,1246740
FOSECOIND,2026-09-30,6359.5,6640.0,6339.5,6462.5,22698
FOSECOIND,2026-10-01,6431.0,6627.0,6301.5,6382.5,14715
FOSECOIND,2026-10-02,6382.5,6382.5,6382.5,6382.5,0
FOSECOIND,2026-10-05,6430.0,6433.0,6250.5,6300.5,8268
FOSECOIND,2026-10-06,6366.5,6463.5,6271.0,6440.0,10288
FRACTAL,2026-09-29,742.45,759.7,740.25,753.15,1079289
FRACTAL,2026-09-30,753.15,762.45,738.0,740.2,134937
FRACTAL,2026-10-01,744.95,744.95,708.3,727.35,277503
FRACTAL,2026-10-05,728.7,746.05,718.7,725.05,235158
FRACTAL,2026-10-06,725.05,745.5,722.0,742.15,447800
FREDUN,2026-09-29,1393.8,1424.9,1295.0,1392.4,91403
FREDUN,2026-09-30,1403.0,1447.4,1398.9,1404.5,35676
FREDUN,2026-10-01,1404.5,1407.3,1334.1,1355.2,38880
FREDUN,2026-10-05,1358.0,1398.0,1322.1,1363.2,72372
FREDUN,2026-10-06,1356.0,1424.9,1356.0,1406.7,82965
FROG,2026-09-28,270.0,273.5,261.0,267.9,30400
FROG,2026-09-29,267.9,268.0,262.05,262.4,13600
FROG,2026-09-30,263.0,273.0,260.0,263.45,21200
FROG,2026-10-01,263.45,263.45,242.5,253.35,30000
FROG,2026-10-05,263.8,269.95,254.4,258.6,29200
FRONTSP,2026-09-30,1414.4,1500.0,1402.0,1460.2,55952
FRONTSP,2026-10-01,1464.8,1464.8,1392.0,1415.6,31935
FRONTSP,2026-10-02,1415.6,1415.6,1415.6,1415.6,0
FRONTSP,2026-10-05,1425.0,1460.0,1361.0,1387.4,15592
FRONTSP,2026-10-06,1387.4,1418.0,1385.0,1392.5,12486
FSL,2026-09-29,256.0,257.0,248.0,248.9,406764
FSL,2026-09-30,248.9,270.7,248.9,255.8,6657490
FSL,2026-10-01,254.5,255.0,247.0,250.4,646270
FSL,2026-10-05,254.55,259.35,252.1,257.4,885378
FSL,2026-10-06,258.65,262.0,256.55,260.25,666501
FUSION,2026-09-29,170.71,176.58,168.35,173.3,1397767
FUSION,2026-09-30,175.05,178.2,172.87,175.08,555656
FUSION,2026-10-01,175.1,175.67,168.5,171.36,510574
FUSION,2026-10-05,174.1,177.24,166.15,167.63,704680
FUSION,2026-10-06,168.54,172.91,167.99,169.0,263328
GABRIEL,2026-09-29,1355.0,1355.1,1294.0,1303.9,218766
GABRIEL,2026-09-30,1315.4,1355.0,1313.0,1341.8,243468
GABRIEL,2026-10-01,1338.3,1365.0,1290.0,1315.0,361027
GABRIEL,2026-10-05,1315.0,1332.6,1297.7,1303.6,173231
GABRIEL,2026-10-06,1321.6,1359.9,1314.5,1352.9,205430
GAEL,2026-09-29,158.93,163.14,157.15,161.75,452046
GAEL,2026-09-30,162.7,164.01,159.25,160.21,271005
GAEL,2026-10-01,160.04,162.6,153.23,157.69,503840
GAEL,2026-10-05,158.04,161.2,155.49,158.28,578700
GAEL,2026-10-06,158.47,163.5,157.51,162.81,557617
GAIL,2026-09-30,170.62,172.99,170.21,170.55,12187561
GAIL,2026-10-01,170.6,171.89,168.55,171.22,6882008
GAIL,2026-10-02,171.22,171.22,171.22,171.22,0
GAIL,2026-10-05,171.62,173.6,166.44,167.5,9655433
GAIL,2026-10-06,168.4,172.08,167.04,172.08,6938200
GAJA,2026-09-30,140.0,143.05,139.21,140.05,309382
GAJA,2026-10-01,140.76,140.76,133.0,135.27,527018
GAJA,2026-10-02,135.27,135.27,135.27,135.27,0
GAJA,2026-10-05,136.58,140.0,134.01,135.87,221532
GAJA,2026-10-06,135.12,142.95,135.12,141.71,723867
GALAPREC,2026-09-29,1140.0,1190.9,1119.6,1157.7,60527
GALAPREC,2026-09-30,1165.9,1212.5,1147.1,1197.2,103371
GALAPREC,2026-10-01,1197.0,1204.9,1120.0,1157.8,62711
GALAPREC,2026-10-05,1185.0,1200.0,1150.0,1160.1,29427
GALAPREC,2026-10-06,1160.0,1170.9,1152.1,1161.0,11857
GALAXYSURF,2026-09-29,2191.0,2325.0,2188.8999,2301.2,34404
GALAXYSURF,2026-09-30,2303.0,2378.8999,2303.0,2332.8,110086
GALAXYSURF,2026-10-01,2370.0,2487.2,2338.3,2376.8999,216645
GALAXYSURF,2026-10-05,2375.0,2449.0,2324.0,2335.0,47936
GALAXYSURF,2026-10-06,2346.5,2448.0,2346.5,2442.3999,99858
GALLANTT,2026-09-29,540.9,547.0,527.55,539.1,53198
GALLANTT,2026-09-30,551.0,551.0,535.2,537.5,51095
GALLANTT,2026-10-01,536.9,538.45,522.15,530.15,48279
GALLANTT,2026-10-05,530.15,533.45,521.0,522.9,31526
GALLANTT,2026-10-06,532.4,541.9,522.5,530.05,65236
GANDHAR,2026-09-29,261.9,274.55,258.0,273.55,691116
GANDHAR,2026-09-30,274.0,283.45,274.0,278.85,742278
GANDHAR,2026-10-01,279.7,283.9,272.0,282.6,872149
GANDHAR,2026-10-05,283.3,287.5,275.9,278.55,674552
GANDHAR,2026-10-06,280.35,284.7,278.05,282.5,417284
GANDHITUBE,2026-09-29,948.0,988.65,937.1,966.55,23674
GANDHITUBE,2026-09-30,970.0,974.5,945.0,951.55,5516
GANDHITUBE,2026-10-01,952.9,989.0,951.0,975.55,31132
GANDHITUBE,2026-10-05,988.05,1005.0,967.6,993.7,16367
GANDHITUBE,2026-10-06,997.95,998.15,972.0,981.5,6439
GANECOS,2026-09-29,1011.0,1030.0,1000.0,1010.6,45421
GANECOS,2026-09-30,1010.0,1029.4,993.3,1000.6,39514
GANECOS,2026-10-01,1000.3,1004.1,955.9,976.2,51318
GANECOS,2026-10-05,976.3,994.8,959.5,966.6,44995
GANECOS,2026-10-06,966.6,995.0,963.6,990.1,31822
GANESHBE,2026-09-29,143.0,143.0,131.8,137.83,354560
GANESHBE,2026-09-30,140.0,140.0,130.94,130.94,634963
GANESHBE,2026-10-01,124.4,124.4,124.4,124.4,66281
GANESHBE,2026-10-05,118.18,118.18,118.18,118.18,29610
GANESHBE,2026-10-06,112.28,112.28,112.28,112.28,614880
GANESHCP,2026-09-29,158.01,158.99,152.0,153.08,110782
GANESHCP,2026-09-30,156.1,157.99,150.72,151.41,97953
GANESHCP,2026-10-01,151.41,153.25,146.75,148.85,149872
GANESHCP,2026-10-05,151.98,153.48,146.86,147.51,66650
GANESHCP,2026-10-06,149.13,150.49,144.75,145.47,220535
GANESHHOU,2026-09-29,720.65,724.95,702.35,706.65,28836
GANESHHOU,2026-09-30,712.55,722.3,711.75,719.0,25145
GANESHHOU,2026-10-01,720.6,720.6,695.0,699.1,137892
GANESHHOU,2026-10-05,700.0,719.4,693.0,701.85,18915
GANESHHOU,2026-10-06,700.0,720.75,700.0,713.65,24071
GANGAFORGE,2026-09-30,1.54,1.54,1.51,1.54,1174893
GANGAFORGE,2026-10-01,1.54,1.58,1.47,1.48,2856361
GANGAFORGE,2026-10-02,1.48,1.48,1.48,1.48,0
GANGAFORGE,2026-10-05,1.48,1.51,1.42,1.46,1264085
GANGAFORGE,2026-10-06,1.51,1.53,1.46,1.52,2034924
GANGESSECU,2026-09-29,112.79,112.79,112.79,112.79,0
GANGESSECU,2026-09-30,113.0,113.01,112.26,112.4,26
GANGESSECU,2026-10-01,112.4,115.7,112.2,113.99,1092
GANGESSECU,2026-10-05,115.69,115.69,112.42,112.86,1102
GANGESSECU,2026-10-06,112.78,116.99,112.77,115.82,3461
GARFIBRES,2026-09-29,775.45,777.4,750.0,753.85,26654
GARFIBRES,2026-09-30,754.85,783.3,752.05,770.85,18057
GARFIBRES,2026-10-01,770.0,773.95,753.5,768.4,27452
GARFIBRES,2026-10-05,768.4,780.1,763.1,770.6,22696
GARFIBRES,2026-10-06,770.6,777.35,755.0,770.05,33904
GARUDA,2026-09-29,178.8,178.8,174.07,176.56,301597
GARUDA,2026-09-30,178.4,179.2,173.8,174.67,213498
GARUDA,2026-10-01,172.9,175.99,168.62,172.18,334071
GARUDA,2026-10-05,173.7,174.35,170.07,171.1,243120
GARUDA,2026-10-06,171.5,174.5,171.3,173.36,197462
GATECH,2026-09-29,0.73,0.73,0.7,0.7,12312026
GATECH,2026-09-30,0.7,0.73,0.67,0.68,21658907
GATECH,2026-10-01,0.68,0.69,0.65,0.65,18389106
GATECH,2026-10-05,0.65,0.68,0.62,0.68,15264745
GATECH,2026-10-06,0.69,0.7,0.65,0.65,13960533
GATECHDVR,2026-09-29,0.47,0.48,0.46,0.47,162052
GATECHDVR,2026-09-30,0.49,0.49,0.46,0.47,143757
GATECHDVR,2026-10-01,0.49,0.49,0.46,0.46,272466
GATECHDVR,2026-10-05,0.48,0.48,0.47,0.47,173266
GATECHDVR,2026-10-06,0.48,0.48,0.46,0.47,186706
GATEWAY,2026-09-29,51.71,52.35,51.42,51.57,709691
GATEWAY,2026-09-30,51.65,52.45,51.61,52.04,515500
GATEWAY,2026-10-01,52.35,52.56,51.3,51.88,749453
GATEWAY,2026-10-05,51.99,52.77,51.1,51.49,567102
GATEWAY,2026-10-06,51.49,52.2,50.8,50.91,1660795
GAUDIUMIVF,2026-09-29,111.5,115.5,111.5,113.9,223577
GAUDIUMIVF,2026-09-30,114.88,116.39,110.01,111.15,201656
GAUDIUMIVF,2026-10-01,109.0,112.61,105.2,109.48,248603
GAUDIUMIVF,2026-10-05,109.44,111.81,101.36,103.25,681749
GAUDIUMIVF,2026-10-06,105.89,110.39,103.51,109.28,320982
GAYAHWS,2026-09-29,1.84,1.85,1.75,1.84,120182
GAYAHWS,2026-09-30,1.84,1.84,1.72,1.76,312692
GAYAHWS,2026-10-01,1.8,1.8,1.71,1.72,163710
GAYAHWS,2026-10-05,1.75,1.8,1.72,1.72,80523
GAYAHWS,2026-10-06,1.72,1.79,1.69,1.78,130336
GAYAPROJ,2026-09-29,22.23,22.89,21.51,22.44,541787
GAYAPROJ,2026-09-30,22.5,23.44,22.14,22.68,652974
GAYAPROJ,2026-10-01,22.8,23.37,21.75,22.44,442009
GAYAPROJ,2026-10-05,22.44,22.87,21.32,21.45,637704
GAYAPROJ,2026-10-06,21.78,21.85,20.59,21.46,696167
GCSL,2026-09-29,667.5,671.0,657.7,666.25,378027
GCSL,2026-09-30,667.5,682.5,666.75,675.85,247015
GCSL,2026-10-01,675.8,684.0,669.3,679.9,321775
GCSL,2026-10-05,680.25,688.5,674.6,681.75,266383
GCSL,2026-10-06,685.0,696.25,685.0,693.05,225480
GEECEE,2026-09-29,368.95,379.5,361.0,375.65,4653
GEECEE,2026-09-30,376.05,384.95,365.0,374.2,3606
GEECEE,2026-10-01,373.5,379.9,365.0,373.3,1983
GEECEE,2026-10-05,373.3,385.0,365.2,365.9,1069
GEECEE,2026-10-06,366.0,379.5,366.0,369.6,1547
GEEKAYWIRE,2026-09-29,31.51,32.11,30.31,30.5,190025
GEEKAYWIRE,2026-09-30,30.01,31.64,30.01,31.19,82538
GEEKAYWIRE,2026-10-01,31.8,31.82,28.15,29.21,204669
GEEKAYWIRE,2026-10-05,29.5,31.9,29.5,31.42,90038
GEEKAYWIRE,2026-10-06,31.7,33.98,31.57,32.72,260544
GEMAROMA,2026-09-29,156.0,158.88,153.08,157.76,46771
GEMAROMA,2026-09-30,157.76,168.0,157.76,161.0,123363
GEMAROMA,2026-10-01,161.0,161.0,153.0,155.28,49391
GEMAROMA,2026-10-05,156.85,156.85,152.0,152.61,29191
GEMAROMA,2026-10-06,154.99,154.99,149.49,152.23,69256
GENCON,2026-09-29,38.0,38.21,36.5,37.12,364800
GENCON,2026-09-30,36.51,40.99,36.51,39.54,834565
GENCON,2026-10-01,39.54,40.99,38.6,40.75,791007
GENCON,2026-10-05,40.15,41.19,38.6,38.73,439739
GENCON,2026-10-06,38.73,39.2,37.55,37.78,862741
GENESYS,2026-09-30,278.0,286.7,271.41,273.43,392461
GENESYS,2026-10-01,275.0,287.0,270.0,281.35,606039
GENESYS,2026-10-02,281.35,281.35,281.35,281.35,0
GENESYS,2026-10-05,282.0,299.2,282.0,287.4,862980
GENESYS,2026-10-06,288.4,304.1,285.1,301.05,941152
GENSOL,2026-09-29,15.99,15.99,15.14,15.14,159255
GENSOL,2026-09-30,15.25,15.74,14.39,14.39,178511
GENSOL,2026-10-01,14.39,14.59,13.68,13.68,202537
GENSOL,2026-10-05,14.3,14.3,13.0,13.0,225541
GENSOL,2026-10-06,13.13,13.18,12.35,12.35,313864
GENUSPAPER,2026-09-29,10.11,11.4,9.25,10.25,353410
GENUSPAPER,2026-09-30,10.43,10.96,10.36,10.64,156399
GENUSPAPER,2026-10-01,10.7,10.77,10.3,10.53,43515
GENUSPAPER,2026-10-05,10.6,10.6,10.29,10.36,47875
GENUSPAPER,2026-10-06,10.5,10.95,10.25,10.57,63755
GENUSPOWER,2026-09-30,294.05,298.65,286.1,288.65,2196401
GENUSPOWER,2026-10-01,288.0,291.65,272.6,280.0,2287333
GENUSPOWER,2026-10-02,280.0,280.0,280.0,280.0,0
GENUSPOWER,2026-10-05,282.0,286.0,277.05,280.25,824365
GENUSPOWER,2026-10-06,281.05,309.7,280.25,307.2,3892178
GEOJITFSL,2026-09-29,77.22,79.28,76.16,76.76,378266
GEOJITFSL,2026-09-30,76.76,78.29,76.1,76.59,205675
GEOJITFSL,2026-10-01,76.71,77.9,75.06,75.7,221521
GEOJITFSL,2026-10-05,75.75,77.2,75.16,76.59,199514
GEOJITFSL,2026-10-06,77.39,79.0,76.51,78.68,287810
GERMAN,2026-10-05,142.0,142.81,125.5,128.33,26790268
GERMAN,2026-10-06,129.62,131.0,117.4,118.12,4195973
GESHIP,2026-09-30,1538.0,1583.0,1538.0,1560.0,938291
GESHIP,2026-10-01,1548.0,1554.2,1518.0,1530.6,574389
GESHIP,2026-10-02,1530.6,1530.6,1530.6,1530.6,0
GESHIP,2026-10-05,1529.9,1570.5,1523.3,1559.3,823469
GESHIP,2026-10-06,1565.0,1565.1,1523.4,1532.6,739893
GFLLIMITED,2026-09-29,56.99,57.0,54.0,55.7,55498
GFLLIMITED,2026-09-30,56.85,56.85,54.51,54.94,29988
GFLLIMITED,2026-10-01,54.2,56.89,53.21,55.23,77608
GFLLIMITED,2026-10-05,55.23,56.25,54.51,54.89,50355
GFLLIMITED,2026-10-06,55.0,56.25,54.71,55.86,41479
GFSTEELS,2026-09-29,35.77,35.77,35.77,35.77,3344
GFSTEELS,2026-09-30,37.55,37.55,37.55,37.55,3972
GFSTEELS,2026-10-01,38.29,38.3,36.8,38.29,381853
GFSTEELS,2026-10-05,39.05,39.05,39.05,39.05,175349
GFSTEELS,2026-10-06,39.83,39.83,39.83,39.83,47277
GGBL,2026-09-28,210.0,213.05,206.75,212.35,14700
GGBL,2026-09-29,214.45,222.0,207.8,220.2,19200
GGBL,2026-09-30,220.2,226.55,220.2,222.7,20100
GGBL,2026-10-01,227.0,227.0,215.5,217.45,24000
GGBL,2026-10-05,220.05,224.9,216.95,218.0,13800
GHCL,2026-09-30,404.55,411.2,404.3,405.5,106362
GHCL,2026-10-01,406.5,406.8,396.0,401.75,126656
GHCL,2026-10-02,401.75,401.75,401.75,401.75,0
GHCL,2026-10-05,409.75,409.75,399.1,402.0,68956
GHCL,2026-10-06,402.0,415.0,400.0,408.85,104349
GHCLTEXTIL,2026-09-29,135.6,135.65,128.16,132.27,524448
GHCLTEXTIL,2026-09-30,132.04,136.44,128.15,128.9,528612
GHCLTEXTIL,2026-10-01,128.9,132.81,124.98,129.22,462761
GHCLTEXTIL,2026-10-05,131.85,133.0,126.93,129.53,218382
GHCLTEXTIL,2026-10-06,129.53,132.0,128.25,131.58,280004
GICHSGFIN,2026-09-29,136.0,136.6,132.63,133.71,116666
GICHSGFIN,2026-09-30,134.3,135.86,133.11,133.87,80679
GICHSGFIN,2026-10-01,134.0,134.42,131.7,132.88,77191
GICHSGFIN,2026-10-05,132.32,134.77,131.54,132.32,44376
GICHSGFIN,2026-10-06,134.28,136.8,132.43,134.48,149752
GICL,2026-09-30,22.3,23.0,22.21,22.83,200478
GICL,2026-10-01,22.37,22.75,21.69,22.27,86500
GICL,2026-10-02,22.27,22.27,22.27,22.27,0
GICL,2026-10-05,22.42,22.42,21.16,21.26,94651
GICL,2026-10-06,21.17,21.9,20.3,21.05,81380
GICRE,2026-09-30,320.0,333.5,320.0,331.15,772056
GICRE,2026-10-01,329.1,329.1,316.8,323.9,720831
GICRE,2026-10-02,323.9,323.9,323.9,323.9,0
GICRE,2026-10-05,324.0,324.9,314.7,319.1,870442
GICRE,2026-10-06,318.6,321.55,313.5,314.25,745857
GILLANDERS,2026-09-29,114.0,114.0,106.17,110.75,17774
GILLANDERS,2026-09-30,111.55,119.5,111.55,114.8,117182
GILLANDERS,2026-10-01,114.8,114.85,107.02,112.72,29602
GILLANDERS,2026-10-05,110.0,118.59,110.0,115.73,23286
GILLANDERS,2026-10-06,119.8,119.8,111.3,111.77,16537
GILLETTE,2026-09-29,6930.0,7020.0,6870.0,6963.5,30311
GILLETTE,2026-09-30,6965.0,7055.0,6956.0,7000.0,36059
GILLETTE,2026-10-01,6965.0,6976.5,6860.0,6899.0,21964
GILLETTE,2026-10-05,6902.0,7025.0,6862.0,6979.0,20086
GILLETTE,2026-10-06,6995.5,7114.5,6909.5,7057.0,17258
GINNIFILA,2026-09-29,40.59,40.59,39.55,40.01,39204
GINNIFILA,2026-09-30,40.44,40.89,39.7,40.5,20188
GINNIFILA,2026-10-01,40.78,40.8,40.0,40.08,19199
GINNIFILA,2026-10-05,40.08,40.74,39.8,39.8,8929
GINNIFILA,2026-10-06,39.15,41.0,39.15,40.96,26290
GIPCL,2026-09-29,183.0,184.94,179.17,181.56,251494
GIPCL,2026-09-30,182.0,184.05,178.5,179.68,195771
GIPCL,2026-10-01,179.0,181.4,171.0,174.83,825175
GIPCL,2026-10-05,177.0,179.99,175.22,176.62,178897
GIPCL,2026-10-06,176.69,179.39,173.05,174.06,419400
GIRIRAJ,2026-09-28,63.9,70.6,63.9,65.15,5000
GIRIRAJ,2026-09-29,67.45,68.4,61.9,63.0,10250
GIRIRAJ,2026-09-30,61.55,61.55,59.85,59.85,5500
GIRIRAJ,2026-10-01,62.8,62.8,57.0,62.8,5750
GIRIRAJ,2026-10-05,65.9,65.9,59.7,60.5,16500
GKB,2026-09-29,65.37,67.0,65.0,65.93,4600
GKB,2026-09-30,65.93,69.75,64.0,64.33,4797
GKB,2026-10-01,64.36,66.5,64.33,64.36,1567
GKB,2026-10-05,64.36,67.0,61.0,62.96,13417
GKB,2026-10-06,63.0,63.0,58.25,61.76,8922
GKENERGY,2026-09-30,119.03,128.89,119.03,119.88,1278697
GKENERGY,2026-10-01,120.89,121.49,113.11,114.76,1100877
GKENERGY,2026-10-02,114.76,114.76,114.76,114.76,0
GKENERGY,2026-10-05,115.87,117.99,111.81,112.29,361684
GKENERGY,2026-10-06,110.37,115.51,110.37,114.45,291160
GKSL,2026-09-29,175.4,178.0,172.11,175.89,627188
GKSL,2026-09-30,177.52,184.4,176.38,179.05,537362
GKSL,2026-10-01,180.1,209.8,180.0,194.27,34935174
GKSL,2026-10-05,198.0,199.0,183.02,190.34,5218727
GKSL,2026-10-06,190.34,196.5,185.0,193.62,2244392
GKWLIMITED,2026-09-29,1525.1,1550.0,1501.8,1542.0,404
GKWLIMITED,2026-09-30,1542.1,1570.0,1530.2,1550.0,46
GKWLIMITED,2026-10-01,1560.0,1560.0,1526.0,1530.0,5515
GKWLIMITED,2026-10-05,1559.0,1559.0,1520.0,1549.5,7919
GKWLIMITED,2026-10-06,1540.0,1568.9,1540.0,1545.4,6435
GLAND,2026-09-29,2896.6001,3024.0,2896.6001,2989.7,876878
GLAND,2026-09-30,2990.0,3007.7,2872.0,2899.3999,528548
GLAND,2026-10-01,2876.0,2929.8,2841.1001,2874.3999,327673
GLAND,2026-10-05,2890.0,2920.0,2863.1001,2911.5,248980
GLAND,2026-10-06,2921.1001,3019.8,2898.1001,3006.1001,373540
GLASSWALL,2026-09-30,283.4,293.28,276.01,282.0,10083480
GLASSWALL,2026-10-01,280.9,283.9,262.6,270.4,6135652
GLASSWALL,2026-10-02,270.4,270.4,270.4,270.4,0
GLASSWALL,2026-10-05,270.7,273.35,251.35,254.7,5836047
GLASSWALL,2026-10-06,254.7,280.0,253.8,275.75,9290447
GLAXO,2026-09-29,2888.0,2899.8999,2770.6001,2783.8,49829
GLAXO,2026-09-30,2783.8,2813.6001,2752.1001,2769.3,45801
GLAXO,2026-10-01,2773.7,2799.0,2724.8,2771.1001,73407
GLAXO,2026-10-05,2771.1001,2785.3,2710.1001,2732.8,24366
GLAXO,2026-10-06,2738.8,2762.8999,2707.0,2755.0,39214
GLENMARK,2026-09-30,2391.0,2410.0,2334.7,2334.7,1261905
GLENMARK,2026-10-01,2339.0,2360.0,2279.3,2331.0,972522
GLENMARK,2026-10-02,2331.0,2331.0,2331.0,2331.0,0
GLENMARK,2026-10-05,2325.0,2340.5,2273.5,2295.0,490378
GLENMARK,2026-10-06,2312.2,2320.0,2277.3,2311.0,493791
GLFL,2026-09-29,5.25,5.27,5.25,5.27,30420
GLFL,2026-09-30,5.52,5.53,5.1,5.39,11947
GLFL,2026-10-01,5.63,5.63,5.21,5.49,3962
GLFL,2026-10-05,5.49,5.49,5.22,5.22,17862
GLFL,2026-10-06,5.17,5.43,5.0,5.39,1038
GLOBAL,2026-09-29,134.4,135.03,132.1,133.01,79535
GLOBAL,2026-09-30,133.0,138.98,132.0,132.8,145033
GLOBAL,2026-10-01,132.0,138.2,131.81,136.51,605881
GLOBAL,2026-10-05,138.0,141.0,136.52,139.1,233073
GLOBAL,2026-10-06,141.0,145.25,140.0,142.62,209799
GLOBALE,2026-09-29,10.27,11.32,10.27,10.64,5574
GLOBALE,2026-09-30,10.64,11.15,10.11,10.31,16320
GLOBALE,2026-10-01,10.31,10.67,9.85,10.57,1715
GLOBALE,2026-10-05,10.72,10.72,10.08,10.3,1175
GLOBALE,2026-10-06,10.3,10.67,10.0,10.65,2796
GLOBALPET,2026-09-28,160.0,168.0,160.0,168.0,8250
GLOBALPET,2026-09-29,168.0,168.0,168.0,168.0,0
GLOBALPET,2026-09-30,169.95,175.0,169.95,174.2,10500
GLOBALPET,2026-10-01,174.2,179.0,165.5,178.45,16500
GLOBALPET,2026-10-05,170.25,177.85,169.55,176.2,15750
GLOBALVECT,2026-09-29,136.25,136.25,129.0,131.98,4033
GLOBALVECT,2026-09-30,135.98,135.98,127.0,127.58,7330
GLOBALVECT,2026-10-01,130.0,132.35,125.01,131.04,4078
GLOBALVECT,2026-10-05,131.1,134.8,128.32,132.08,2330
GLOBALVECT,2026-10-06,132.08,133.28,129.02,130.77,6016
GLOBE,2026-09-29,2.2,2.2,2.12,2.14,601492
GLOBE,2026-09-30,2.14,2.18,2.11,2.14,406477
GLOBE,2026-10-01,2.14,2.15,2.01,2.11,460701
GLOBE,2026-10-05,2.14,2.18,2.07,2.07,229683
GLOBE,2026-10-06,2.07,2.14,2.01,2.08,449279
GLOBECIVIL,2026-09-29,43.5,43.75,41.66,42.06,26879
GLOBECIVIL,2026-09-30,41.23,43.45,41.23,41.53,30345
GLOBECIVIL,2026-10-01,41.53,42.5,41.0,41.49,9555
GLOBECIVIL,2026-10-05,41.49,42.99,40.51,41.23,17671
GLOBECIVIL,2026-10-06,42.0,43.25,41.25,42.29,22554
GLOBUSSPR,2026-09-29,820.0,820.05,801.1,804.8,69920
GLOBUSSPR,2026-09-30,804.8,826.35,782.6,786.45,136954
GLOBUSSPR,2026-10-01,788.6,794.4,775.0,786.9,55391
GLOBUSSPR,2026-10-05,788.1,798.1,785.0,789.85,44600
GLOBUSSPR,2026-10-06,794.9,819.0,789.85,812.7,73168
GLOSTERLTD,2026-09-29,559.9,559.9,536.2,539.25,1121
GLOSTERLTD,2026-09-30,553.9,553.9,545.4,546.1,238
GLOSTERLTD,2026-10-01,546.1,555.0,537.2,539.0,581
GLOSTERLTD,2026-10-05,539.0,546.0,539.0,542.5,270
GLOSTERLTD,2026-10-06,550.0,556.9,543.75,551.6,619
GLOTTIS,2026-09-30,61.04,63.79,60.11,62.88,97164
GLOTTIS,2026-10-01,62.87,62.87,57.22,58.41,80507
GLOTTIS,2026-10-02,58.41,58.41,58.41,58.41,0
GLOTTIS,2026-10-05,59.0,59.62,56.0,56.72,72527
GLOTTIS,2026-10-06,57.99,58.9,57.04,58.34,37743
GMBREW,2026-09-29,966.45,981.0,953.15,962.95,36309
GMBREW,2026-09-30,962.95,981.0,960.0,966.95,39378
GMBREW,2026-10-01,961.0,974.45,939.0,952.0,55565
GMBREW,2026-10-05,964.0,972.0,946.0,947.9,74566
GMBREW,2026-10-06,947.9,985.0,945.0,981.35,66738
GMDCLTD,2026-09-30,515.0,524.4,506.0,507.7,688502
GMDCLTD,2026-10-01,505.4,505.75,479.8,487.65,1342310
GMDCLTD,2026-10-02,487.65,487.65,487.65,487.65,0
GMDCLTD,2026-10-05,489.9,499.9,483.05,487.35,756347
GMDCLTD,2026-10-06,490.0,498.9,488.0,491.55,816243
GMMPFAUDLR,2026-09-29,1475.4,1505.7,1455.0,1477.1,478619
GMMPFAUDLR,2026-09-30,1489.9,1509.0,1444.0,1466.7,164451
GMMPFAUDLR,2026-10-01,1465.0,1476.9,1390.0,1443.4,328964
GMMPFAUDLR,2026-10-05,1440.0,1465.3,1381.0,1386.6,199853
GMMPFAUDLR,2026-10-06,1381.0,1451.0,1380.9,1425.7,228112
GMRAIRPORT,2026-09-29,94.1,94.74,93.5,93.75,10060323
GMRAIRPORT,2026-09-30,94.8,95.34,93.29,95.15,16281025
GMRAIRPORT,2026-10-01,94.49,94.81,91.63,93.16,15683898
GMRAIRPORT,2026-10-05,93.16,93.54,91.23,92.79,18285663
GMRAIRPORT,2026-10-06,93.0,93.97,92.47,93.06,13285419
GMRP&UI,2026-09-30,100.72,106.84,100.72,105.38,3679473
GMRP&UI,2026-10-01,104.69,105.49,101.0,101.87,1700842
GMRP&UI,2026-10-02,101.87,101.87,101.87,101.87,0
GMRP&UI,2026-10-05,102.55,103.49,100.6,100.85,1003861
GMRP&UI,2026-10-06,102.05,105.16,101.06,102.23,2196901
GNA,2026-09-29,597.0,600.0,575.4,593.75,499013
GNA,2026-09-30,599.0,612.0,585.65,598.35,510171
GNA,2026-10-01,597.05,598.3,569.0,580.7,351960
GNA,2026-10-05,588.5,591.8,575.65,585.05,234451
GNA,2026-10-06,589.8,619.85,578.55,615.8,894714
GNFC,2026-09-30,611.0,621.7,603.0,604.4,973991
GNFC,2026-10-01,601.0,601.0,576.0,589.15,629192
GNFC,2026-10-02,589.15,589.15,589.15,589.15,0
GNFC,2026-10-05,589.95,600.95,581.9,586.3,297893
GNFC,2026-10-06,589.0,633.6,587.1,629.5,2291442
GNRL,2026-09-29,99.12,99.12,96.9,98.16,76012
GNRL,2026-09-30,98.9,99.9,97.0,98.26,854365
GNRL,2026-10-01,98.5,98.99,95.96,97.18,663394
GNRL,2026-10-05,97.4,98.3,95.51,96.77,98661
GNRL,2026-10-06,96.91,99.2,95.89,98.79,162237
GOACARBON,2026-09-29,407.85,409.85,396.55,408.85,14749
GOACARBON,2026-09-30,408.85,414.45,401.3,404.95,17841
GOACARBON,2026-10-01,403.05,410.25,392.05,402.9,18528
GOACARBON,2026-10-05,410.0,410.25,397.0,403.25,28611
GOACARBON,2026-10-06,405.0,422.0,399.2,414.65,28854
GOCLCORP,2026-09-29,381.05,381.05,359.75,363.65,220064
GOCLCORP,2026-09-30,364.7,370.6,360.65,362.45,64481
GOCLCORP,2026-10-01,364.25,364.25,343.8,351.65,126291
GOCLCORP,2026-10-05,357.0,357.0,343.5,347.7,57133
GOCLCORP,2026-10-06,347.0,375.0,347.0,372.45,141666
GOCOLORS,2026-09-29,305.7,312.7,301.0,304.3,74604
GOCOLORS,2026-09-30,306.9,311.0,298.5,300.75,74451
GOCOLORS,2026-10-01,299.0,303.9,289.45,294.95,121488
GOCOLORS,2026-10-05,296.0,300.0,290.1,292.8,52090
GOCOLORS,2026-10-06,292.0,311.9,292.0,306.45,123456
GODAVARIB,2026-09-29,227.78,237.79,226.01,236.48,60955
GODAVARIB,2026-09-30,236.79,237.0,230.0,232.01,112434
GODAVARIB,2026-10-01,230.8,232.0,223.81,227.18,76451
GODAVARIB,2026-10-05,229.3,234.29,224.1,224.91,66276
GODAVARIB,2026-10-06,225.01,231.5,224.73,228.57,54417
GODFRYPHLP,2026-09-29,1941.9,1944.2,1862.0,1862.0,297806
GODFRYPHLP,2026-09-30,1882.5,1932.0,1882.1,1891.8,240882
GODFRYPHLP,2026-10-01,1891.8,1913.1,1830.0,1849.7,256983
GODFRYPHLP,2026-10-05,1850.0,1894.0,1845.1,1876.0,174573
GODFRYPHLP,2026-10-06,1900.0,1900.0,1872.6,1900.0,146191
GODIGIT,2026-09-29,263.1,263.1,251.8,253.2,3238407
GODIGIT,2026-09-30,251.05,261.9,251.05,260.05,1467678
GODIGIT,2026-10-01,258.5,260.45,252.15,256.3,305077
GODIGIT,2026-10-05,256.3,257.95,252.6,256.05,228010
GODIGIT,2026-10-06,258.6,259.95,256.85,258.6,123612
GODREJAGRO,2026-09-30,629.0,641.45,620.95,623.55,114004
GODREJAGRO,2026-10-01,623.0,635.0,620.0,631.9,137009
GODREJAGRO,2026-10-02,631.9,631.9,631.9,631.9,0
GODREJAGRO,2026-10-05,633.5,651.45,626.65,640.9,220599
GODREJAGRO,2026-10-06,645.0,651.0,636.0,648.1,172003
GODREJCP,2026-09-30,855.0,857.95,848.0,850.0,1632650
GODREJCP,2026-10-01,852.0,852.0,838.0,840.0,838419
GODREJCP,2026-10-02,840.0,840.0,840.0,840.0,0
GODREJCP,2026-10-05,840.0,847.55,832.6,837.0,788467
GODREJCP,2026-10-06,846.4,872.5,838.2,872.5,1398787
GODREJIND,2026-09-29,1070.9,1074.8,1051.0,1055.7,40543
GODREJIND,2026-09-30,1048.0,1069.0,1036.0,1039.4,37170
GODREJIND,2026-10-01,1041.0,1041.0,985.2,1019.6,105287
GODREJIND,2026-10-05,1020.0,1046.0,1009.5,1040.2,55338
GODREJIND,2026-10-06,1037.9,1054.0,1022.5,1045.0,42485
GODREJPROP,2026-09-29,1666.0,1671.3,1634.4,1634.4,410924
GODREJPROP,2026-09-30,1640.6,1659.6,1623.4,1628.5,832521
GODREJPROP,2026-10-01,1623.3,1632.9,1566.6,1595.8,496337
GODREJPROP,2026-10-05,1581.0,1616.7,1578.0,1599.9,509332
GODREJPROP,2026-10-06,1597.1,1620.0,1583.7,1610.0,371354
GOKEX,2026-09-29,666.0,687.55,666.0,678.55,506154
GOKEX,2026-09-30,678.55,709.0,678.55,687.8,231795
GOKEX,2026-10-01,684.1,699.0,675.8,688.75,207663
GOKEX,2026-10-05,688.75,693.8,663.05,672.3,269843
GOKEX,2026-10-06,672.75,691.7,672.75,682.75,364794
GOKUL,2026-09-29,39.28,40.45,38.87,39.41,162016
GOKUL,2026-09-30,39.1,39.8,39.06,39.42,142762
GOKUL,2026-10-01,39.89,39.89,38.04,38.66,210753
GOKUL,2026-10-05,39.4,39.7,37.5,37.81,221939
GOKUL,2026-10-06,37.9,38.9,37.9,38.78,172434
GOKULAGRO,2026-09-29,216.16,217.98,212.32,215.23,284570
GOKULAGRO,2026-09-30,217.16,217.39,212.0,212.98,116742
GOKULAGRO,2026-10-01,210.23,215.16,207.0,210.1,232856
GOKULAGRO,2026-10-05,210.1,211.89,204.1,205.27,251467
GOKULAGRO,2026-10-06,211.89,213.0,206.22,210.95,274499
GOLDENTOBC,2026-09-29,24.5,24.5,23.31,24.26,3049
GOLDENTOBC,2026-09-30,24.5,25.24,23.42,23.46,312
GOLDENTOBC,2026-10-01,22.7,24.01,22.29,23.69,476
GOLDENTOBC,2026-10-05,23.69,23.69,22.51,23.57,3452
GOLDENTOBC,2026-10-06,23.57,24.49,22.41,22.74,1251
GOLDIAM,2026-09-29,312.6,330.9,310.0,322.85,931591
GOLDIAM,2026-09-30,323.0,327.45,311.15,313.45,331778
GOLDIAM,2026-10-01,312.5,316.55,302.4,310.8,423092
GOLDIAM,2026-10-05,313.45,316.8,306.0,310.0,368723
GOLDIAM,2026-10-06,310.2,321.3,310.2,317.5,319397
GOLDKART,2026-09-29,107.1,107.1,107.1,107.1,0
GOLDKART,2026-09-30,107.0,107.0,107.0,107.0,625
GOLDKART,2026-10-01,107.0,107.0,107.0,107.0,0
GOLDKART,2026-10-02,107.0,107.0,107.0,107.0,0
GOLDKART,2026-10-05,104.0,104.0,104.0,104.0,625
GOLDSTAR,2026-09-28,11.15,11.15,11.15,11.15,236250
GOLDSTAR,2026-09-29,11.7,11.7,11.7,11.7,315000
GOLDSTAR,2026-09-30,12.25,12.25,12.25,12.25,56250
GOLDSTAR,2026-10-01,12.85,12.85,12.85,12.85,101250
GOLDSTAR,2026-10-05,13.45,13.45,12.25,12.25,652500
GOLDTECH,2026-09-29,45.59,45.8,45.59,45.59,7301
GOLDTECH,2026-09-30,44.68,44.68,44.68,44.68,954
GOLDTECH,2026-10-01,43.79,44.0,43.79,43.79,1646
GOLDTECH,2026-10-05,42.92,42.92,42.92,42.92,6661
GOLDTECH,2026-10-06,42.07,42.99,42.07,42.07,17349
GOODLUCK,2026-09-30,526.0,531.5,503.3,508.05,291149
GOODLUCK,2026-10-01,504.0,504.9,475.6,499.35,720407
GOODLUCK,2026-10-02,499.35,499.35,499.35,499.35,0
GOODLUCK,2026-10-05,501.0,501.0,478.8,482.0,467075
GOODLUCK,2026-10-06,482.75,495.2,482.75,491.3,222669
GOODYEAR,2026-09-29,700.0,714.7,697.55,702.55,3148
GOODYEAR,2026-09-30,713.9,713.9,700.1,703.15,2595
GOODYEAR,2026-10-01,701.0,707.0,690.0,694.3,5259
GOODYEAR,2026-10-05,704.5,704.5,682.0,685.65,6070
GOODYEAR,2026-10-06,685.65,691.95,682.1,685.95,5035
GOPAL,2026-09-29,255.45,255.45,247.6,253.0,79078
GOPAL,2026-09-30,252.9,255.05,250.2,250.95,66870
GOPAL,2026-10-01,253.0,276.0,249.95,254.75,592656
GOPAL,2026-10-05,254.5,254.65,249.8,253.85,88594
GOPAL,2026-10-06,253.85,258.2,252.55,255.85,81925
GOYALALUM,2026-09-29,6.04,6.04,5.8,5.88,59801
GOYALALUM,2026-09-30,6.05,6.06,5.68,5.86,68542
GOYALALUM,2026-10-01,5.98,5.98,5.83,5.91,30687
GOYALALUM,2026-10-05,5.93,5.97,5.82,5.95,41197
GOYALALUM,2026-10-06,5.95,5.98,5.75,5.91,34097
GOYALSALT,2026-09-29,102.0,106.0,101.5,106.0,1800
GOYALSALT,2026-09-30,106.0,106.0,106.0,106.0,0
GOYALSALT,2026-10-01,106.0,106.0,106.0,106.0,0
GOYALSALT,2026-10-02,106.0,106.0,106.0,106.0,0
GOYALSALT,2026-10-05,102.0,102.0,102.0,102.0,600
GPECO,2026-09-28,402.5,409.0,394.0,396.25,23600
GPECO,2026-09-29,395.0,399.65,391.6,396.35,8200
GPECO,2026-09-30,404.4,404.4,392.0,393.6,4000
GPECO,2026-10-01,402.9,419.0,402.85,412.0,47800
GPECO,2026-10-05,413.0,438.55,413.0,432.25,30600
GPIL,2026-09-30,223.05,226.0,221.0,222.34,919919
GPIL,2026-10-01,221.05,222.08,210.42,215.67,2042248
GPIL,2026-10-02,215.67,215.67,215.67,215.67,0
GPIL,2026-10-05,215.66,218.8,210.42,211.32,1339172
GPIL,2026-10-06,212.9,220.85,211.77,218.98,2728352
GPPL,2026-09-30,160.54,167.34,159.6,166.75,1900735
GPPL,2026-10-01,166.75,169.9,162.7,165.88,1997403
GPPL,2026-10-02,165.88,165.88,165.88,165.88,0
GPPL,2026-10-05,166.7,169.0,165.54,167.6,1069321
GPPL,2026-10-06,168.43,171.0,166.69,168.21,1125188
GPTHEALTH,2026-09-29,156.1,157.2,153.11,153.8,47460
GPTHEALTH,2026-09-30,153.15,156.18,150.0,150.74,71224
GPTHEALTH,2026-10-01,149.0,153.83,147.01,151.47,125173
GPTHEALTH,2026-10-05,151.0,154.35,148.8,149.56,65077
GPTHEALTH,2026-10-06,148.42,151.18,147.1,148.01,50023
GPTINFRA,2026-09-29,116.27,117.69,113.94,115.72,228789
GPTINFRA,2026-09-30,116.57,119.4,114.1,118.34,162220
GPTINFRA,2026-10-01,118.33,121.9,116.12,118.66,1103389
GPTINFRA,2026-10-05,122.6,122.6,117.8,120.38,470025
GPTINFRA,2026-10-06,120.38,122.29,120.0,121.62,148536
GRADIENTE,2026-09-29,2.1,2.16,2.0,2.15,848308
GRADIENTE,2026-09-30,2.23,2.25,2.23,2.25,1396620
GRADIENTE,2026-10-01,2.36,2.36,2.36,2.36,1028057
GRADIENTE,2026-10-05,2.47,2.47,2.42,2.47,982297
GRADIENTE,2026-10-06,2.47,2.59,2.36,2.57,795138
GRANDOAK,2026-09-29,34.1,35.8,34.0,35.72,4390
GRANDOAK,2026-09-30,35.01,35.01,33.94,34.19,1400
GRANDOAK,2026-10-01,34.74,35.89,34.35,34.8,6337
GRANDOAK,2026-10-05,35.99,36.5,34.07,35.93,1908
GRANDOAK,2026-10-06,36.5,36.98,34.66,36.17,1915
GRANULES,2026-09-29,850.0,876.95,847.0,866.75,1132457
GRANULES,2026-09-30,867.0,884.0,844.0,846.55,819196
GRANULES,2026-10-01,841.7,849.1,814.05,821.75,783432
GRANULES,2026-10-05,820.95,824.65,800.0,817.25,575094
GRANULES,2026-10-06,818.0,839.0,814.75,836.4,518092
GRAPHISAD,2026-09-28,24.85,25.2,24.85,25.2,14400
GRAPHISAD,2026-09-29,25.4,25.4,25.4,25.4,1200
GRAPHISAD,2026-09-30,25.0,25.2,24.15,25.2,38400
GRAPHISAD,2026-10-01,24.0,25.2,24.0,24.6,7200
GRAPHISAD,2026-10-05,23.5,24.0,23.5,23.8,9600
GRAPHITE,2026-09-30,780.0,801.0,757.25,764.8,2394392
GRAPHITE,2026-10-01,763.95,791.45,756.9,786.15,1585680
GRAPHITE,2026-10-02,786.15,786.15,786.15,786.15,0
GRAPHITE,2026-10-05,793.05,822.75,791.05,816.4,1578431
GRAPHITE,2026-10-06,821.0,861.5,817.05,851.2,2456471
GRASIM,2026-09-29,3149.2,3151.5,3089.0,3100.0,1153762
GRASIM,2026-09-30,3100.0,3112.3,3046.3999,3061.8999,448156
GRASIM,2026-10-01,3038.0,3045.0,2944.3999,2962.0,1385746
GRASIM,2026-10-05,2968.0,3024.0,2961.5,2972.0,263562
GRASIM,2026-10-06,2988.0,2988.7,2935.6001,2969.0,359550
GRAUWEIL,2026-09-30,83.98,85.28,82.5,82.77,394032
GRAUWEIL,2026-10-01,81.8,83.56,79.37,81.8,531298
GRAUWEIL,2026-10-02,81.8,81.8,81.8,81.8,0
GRAUWEIL,2026-10-05,83.5,84.9,80.31,83.53,466288
GRAUWEIL,2026-10-06,82.7,83.53,82.01,82.32,239459
GRAVISSHO,2026-09-29,33.0,33.0,32.01,32.1,534
GRAVISSHO,2026-09-30,32.1,32.1,30.81,31.6,1544
GRAVISSHO,2026-10-01,31.5,32.0,31.5,32.0,209
GRAVISSHO,2026-10-05,32.32,32.32,30.76,31.67,1401
GRAVISSHO,2026-10-06,31.75,32.0,30.75,30.76,3093
GRAVITA,2026-09-30,1459.7,1472.9,1439.7,1447.4,221058
GRAVITA,2026-10-01,1442.3,1445.5,1388.0,1412.6,291677
GRAVITA,2026-10-02,1412.6,1412.6,1412.6,1412.6,0
GRAVITA,2026-10-05,1412.6,1440.8,1403.6,1423.5,275082
GRAVITA,2026-10-06,1432.9,1528.0,1428.5,1500.9,796170
GRCL,2026-09-28,585.0,585.0,568.05,568.1,1250
GRCL,2026-09-29,568.1,568.1,568.1,568.1,0
GRCL,2026-09-30,568.05,575.0,568.05,573.5,1500
GRCL,2026-10-01,574.0,574.0,574.0,574.0,750
GRCL,2026-10-05,574.0,574.0,571.15,571.15,500
GREAVESCOT,2026-09-29,230.7,238.3,228.87,234.99,2928868
GREAVESCOT,2026-09-30,235.75,240.4,227.3,230.28,2034376
GREAVESCOT,2026-10-01,228.95,229.99,220.2,225.98,1763832
GREAVESCOT,2026-10-05,225.07,228.6,218.79,220.94,1324571
GREAVESCOT,2026-10-06,220.5,226.5,220.11,222.78,1016964
GREENCHEF,2026-09-28,71.0,72.7,68.05,68.85,9600
GREENCHEF,2026-09-29,70.8,72.0,70.8,72.0,4000
GREENCHEF,2026-09-30,73.0,74.4,71.2,71.2,5600
GREENCHEF,2026-10-01,69.7,70.05,67.15,69.95,8800
GREENCHEF,2026-10-05,69.95,69.95,69.95,69.95,800
GREENLAM,2026-09-30,215.4,218.59,211.0,212.85,64940
GREENLAM,2026-10-01,212.85,216.0,207.4,213.62,114653
GREENLAM,2026-10-02,213.62,213.62,213.62,213.62,0
GREENLAM,2026-10-05,214.7,215.5,210.18,211.71,64031
GREENLAM,2026-10-06,212.0,214.4,209.2,212.02,51867
GREENPANEL,2026-09-29,159.0,160.86,155.5,159.05,154127
GREENPANEL,2026-09-30,159.96,164.67,158.0,160.32,811571
GREENPANEL,2026-10-01,160.95,160.95,155.0,158.59,121066
GREENPANEL,2026-10-05,158.4,161.2,156.23,159.06,272774
GREENPANEL,2026-10-06,159.01,160.7,157.42,159.92,281298
GREENPLY,2026-09-29,279.9,284.8,272.45,280.25,238151
GREENPLY,2026-09-30,281.0,303.9,280.7,299.95,859868
GREENPLY,2026-10-01,300.55,304.75,295.85,303.7,393933
GREENPLY,2026-10-05,303.7,314.0,303.3,308.45,209748
GREENPLY,2026-10-06,309.8,316.9,305.1,315.3,196749
GREENPOWER,2026-09-29,8.68,8.9,8.58,8.85,2035250
GREENPOWER,2026-09-30,8.85,9.0,8.8,8.83,1424370
GREENPOWER,2026-10-01,8.8,8.9,8.61,8.77,1489357
GREENPOWER,2026-10-05,8.78,8.85,8.62,8.66,1454330
GREENPOWER,2026-10-06,8.65,8.8,8.65,8.74,1135674
GRETEX,2026-09-29,214.0,214.0,214.0,214.0,0
GRETEX,2026-09-30,214.0,214.0,214.0,214.0,0
GRETEX,2026-10-01,214.0,214.0,214.0,214.0,0
GRETEX,2026-10-02,214.0,214.0,214.0,214.0,0
GRETEX,2026-10-05,214.0,214.0,214.0,214.0,0
GRINDWELL,2026-09-29,1908.6,1930.9,1901.2,1916.7,21270
GRINDWELL,2026-09-30,1916.0,2016.0,1916.0,1994.1,63047
GRINDWELL,2026-10-01,1994.1,2005.0,1955.2,1975.8,27469
GRINDWELL,2026-10-05,1990.0,2023.1,1973.5,2004.2,78949
GRINDWELL,2026-10-06,2023.1,2066.5,1992.0,2033.1,40139
GRINFRA,2026-09-29,799.3,820.0,789.15,816.25,16367
GRINFRA,2026-09-30,809.2,819.85,796.1,800.6,12867
GRINFRA,2026-10-01,796.5,802.45,775.0,790.2,20058
GRINFRA,2026-10-05,790.2,804.95,780.3,789.45,17050
GRINFRA,2026-10-06,793.45,824.5,788.7,815.0,19600
GRMOVER,2026-09-29,80.0,80.0,78.11,78.76,812391
GRMOVER,2026-09-30,79.46,80.3,78.06,78.92,943352
GRMOVER,2026-10-01,78.5,78.53,77.0,77.87,1052630
GRMOVER,2026-10-05,77.99,79.45,77.38,78.5,1011559
GRMOVER,2026-10-06,79.0,79.79,78.49,79.04,1056604
GROBTEA,2026-09-29,919.0,919.0,882.4,899.0,54
GROBTEA,2026-09-30,887.5,909.35,887.5,909.1,123
GROBTEA,2026-10-01,909.0,909.0,878.0,878.5,61
GROBTEA,2026-10-05,879.0,879.0,872.0,872.8,10
GROBTEA,2026-10-06,872.8,900.0,872.8,873.95,106
GROWW,2026-09-30,184.1,187.65,183.08,183.91,24545475
GROWW,2026-10-01,183.5,185.36,178.01,180.11,18076780
GROWW,2026-10-02,180.11,180.11,180.11,180.11,0
GROWW,2026-10-05,181.34,187.94,180.16,187.05,38074910
GROWW,2026-10-06,188.0,194.5,187.57,193.19,41397506
GRPLTD,2026-09-29,1949.2,1952.0,1890.0,1899.4,2313
GRPLTD,2026-09-30,1899.0,1935.9,1890.0,1898.6,628
GRPLTD,2026-10-01,1938.0,1938.0,1808.8,1895.0,1678
GRPLTD,2026-10-05,1895.5,1911.9,1850.0,1868.9,911
GRPLTD,2026-10-06,1877.2,1909.1,1850.0,1853.0,754
GRSE,2026-09-30,2215.0,2235.1001,2175.0,2181.8999,377318
GRSE,2026-10-01,2170.0,2173.0,2077.0,2111.1001,571755
GRSE,2026-10-02,2111.1001,2111.1001,2111.1001,2111.1001,0
GRSE,2026-10-05,2122.0,2158.8,2103.5,2110.3999,365792
GRSE,2026-10-06,2120.0,2143.6001,2109.1001,2137.3,287589
GRWRHITECH,2026-09-29,6665.5,7048.0,6555.0,7016.5,70353
GRWRHITECH,2026-09-30,7072.0,7159.0,6937.0,7015.5,84631
GRWRHITECH,2026-10-01,7015.5,7037.5,6787.5,6925.5,29548
GRWRHITECH,2026-10-05,6925.0,6960.0,6670.0,6725.5,48501
GRWRHITECH,2026-10-06,6800.0,7129.5,6771.0,7102.5,91390
GSFC,2026-09-30,152.41,154.0,150.25,150.79,768508
GSFC,2026-10-01,150.25,150.25,145.2,146.9,1070806
GSFC,2026-10-02,146.9,146.9,146.9,146.9,0
GSFC,2026-10-05,147.59,150.2,147.0,147.26,492857
GSFC,2026-10-06,148.0,153.95,148.0,153.47,962749
GSLSU,2026-09-29,30.05,31.56,29.12,30.74,37143
GSLSU,2026-09-30,31.87,31.87,30.26,31.0,34789
GSLSU,2026-10-01,30.6,31.25,29.45,29.96,35027
GSLSU,2026-10-05,29.53,30.0,29.1,29.2,51924
GSLSU,2026-10-06,29.83,29.99,28.01,28.89,37399
GSMFOILS,2026-09-29,82.4,83.45,77.5,78.1,164500
GSMFOILS,2026-09-30,81.65,81.65,77.0,77.65,108500
GSMFOILS,2026-10-01,77.25,78.4,73.8,74.7,179500
GSMFOILS,2026-10-02,74.7,74.7,74.7,74.7,0
GSMFOILS,2026-10-05,75.1,75.95,71.6,72.15,101500
GSPCROP,2026-09-29,480.05,498.45,467.0,469.45,307995
GSPCROP,2026-09-30,478.7,480.55,462.55,467.15,261143
GSPCROP,2026-10-01,467.15,467.15,452.0,454.35,279531
GSPCROP,2026-10-05,452.1,472.2,452.1,457.4,265067
GSPCROP,2026-10-06,455.05,484.0,452.85,476.65,250131
GSPLTRANS,2026-09-30,152.0,159.6,144.4,144.4,256372
GSPLTRANS,2026-10-01,137.18,137.18,137.18,137.18,38647
GSPLTRANS,2026-10-02,137.18,137.18,137.18,137.18,0
GSPLTRANS,2026-10-05,130.33,134.99,130.33,130.33,2832332
GSPLTRANS,2026-10-06,123.82,123.82,123.82,123.82,592716
GSS,2026-09-29,10.79,10.79,10.08,10.25,24185
GSS,2026-09-30,10.97,10.97,10.18,10.37,20250
GSS,2026-10-01,10.16,10.6,10.16,10.33,28600
GSS,2026-10-05,10.33,10.94,10.28,10.3,33786
GSS,2026-10-06,10.3,10.49,10.11,10.13,14564
GSTL,2026-09-29,11.4,11.4,11.4,11.4,0
GSTL,2026-09-30,11.4,11.4,10.85,10.85,2000
GSTL,2026-10-01,10.85,10.85,10.85,10.85,0
GSTL,2026-10-02,10.85,10.85,10.85,10.85,0
GSTL,2026-10-05,10.4,10.45,10.4,10.45,2000
GTECJAINX,2026-09-29,29.66,29.66,29.66,29.66,14074
GTECJAINX,2026-09-30,32.62,32.62,32.62,32.62,3654
GTECJAINX,2026-10-01,35.88,35.88,35.88,35.88,8844
GTECJAINX,2026-10-05,37.67,37.67,37.67,37.67,16385
GTECJAINX,2026-10-06,39.55,39.55,35.79,36.19,60594
GTL,2026-09-29,6.98,7.0,6.65,6.75,238653
GTL,2026-09-30,6.73,6.96,6.73,6.88,129838
GTL,2026-10-01,6.95,6.95,6.78,6.82,118621
GTL,2026-10-05,6.82,7.03,6.71,6.75,315509
GTL,2026-10-06,6.76,6.9,6.75,6.86,222012
GTLINFRA,2026-09-30,1.09,1.11,1.08,1.08,28683315
GTLINFRA,2026-10-01,1.08,1.09,1.04,1.07,46020282
GTLINFRA,2026-10-02,1.07,1.07,1.07,1.07,0
GTLINFRA,2026-10-05,1.08,1.09,1.04,1.06,31582248
GTLINFRA,2026-10-06,1.06,1.1,1.05,1.09,24820874
GTPL,2026-09-29,54.89,55.88,53.75,54.11,13819
GTPL,2026-09-30,54.12,55.48,54.0,54.86,23329
GTPL,2026-10-01,55.28,57.56,54.15,55.39,45190
GTPL,2026-10-05,54.31,56.18,54.12,54.47,12648
GTPL,2026-10-06,54.47,55.48,54.47,54.68,16120
GUFICBIO,2026-09-29,421.0,445.0,416.35,436.5,146625
GUFICBIO,2026-09-30,438.8,452.0,429.0,432.0,150453
GUFICBIO,2026-10-01,425.0,428.8,400.0,418.4,218739
GUFICBIO,2026-10-05,416.4,425.2,410.55,419.7,73779
GUFICBIO,2026-10-06,419.7,432.4,414.8,427.8,68070
GUJALKALI,2026-09-30,621.0,626.9,612.2,618.85,58668
GUJALKALI,2026-10-01,611.1,615.0,590.0,603.6,66105
GUJALKALI,2026-10-02,603.6,603.6,603.6,603.6,0
GUJALKALI,2026-10-05,609.7,614.85,600.0,606.45,29834
GUJALKALI,2026-10-06,609.5,620.6,602.55,613.1,44884
GUJAPOLLO,2026-09-29,342.4,343.7,329.0,330.65,11411
GUJAPOLLO,2026-09-30,330.9,333.75,324.25,330.0,12761
GUJAPOLLO,2026-10-01,330.0,333.95,320.0,324.85,12118
GUJAPOLLO,2026-10-05,314.1,346.05,314.1,340.45,10139
GUJAPOLLO,2026-10-06,341.0,349.5,336.55,346.7,12346
GUJENERGY,2026-09-29,234.99,241.02,229.4,236.61,2304043
GUJENERGY,2026-09-30,236.61,240.65,236.14,237.58,951899
GUJENERGY,2026-10-01,236.5,236.5,225.5,230.07,2083752
GUJENERGY,2026-10-05,231.22,235.0,230.02,232.15,803370
GUJENERGY,2026-10-06,231.91,234.66,229.0,229.97,4814064
GUJRAFFIA,2026-09-29,39.0,40.4,39.0,40.21,565
GUJRAFFIA,2026-09-30,40.21,40.7,39.75,40.69,2496
GUJRAFFIA,2026-10-01,41.44,41.44,39.01,40.27,1350
GUJRAFFIA,2026-10-05,40.27,42.74,39.5,39.5,2720
GUJRAFFIA,2026-10-06,39.6,42.38,39.6,41.86,5526
GUJTHEM,2026-09-30,404.1,408.6,386.5,387.6,187350
GUJTHEM,2026-10-01,385.0,395.0,368.6,381.8,397655
GUJTHEM,2026-10-02,381.8,381.8,381.8,381.8,0
GUJTHEM,2026-10-05,379.1,390.4,371.2,373.6,169705
GUJTHEM,2026-10-06,372.05,393.15,372.05,390.0,224486
GULFOILLUB,2026-09-29,1110.5,1118.3,1088.2,1105.8,29989
GULFOILLUB,2026-09-30,1107.9,1128.7,1103.4,1125.4,61978
GULFOILLUB,2026-10-01,1129.1,1129.1,1089.0,1093.0,34205
GULFOILLUB,2026-10-05,1095.0,1106.5,1060.2,1068.7,90269
GULFOILLUB,2026-10-06,1070.0,1095.0,1070.0,1087.9,22701
GULFPETRO,2026-09-29,60.8,62.29,58.99,60.51,43242
GULFPETRO,2026-09-30,60.0,62.5,60.0,60.72,39828
GULFPETRO,2026-10-01,61.4,63.1,60.25,62.45,139540
GULFPETRO,2026-10-05,61.2,63.5,61.2,62.1,95198
GULFPETRO,2026-10-06,61.75,63.45,60.0,62.52,80476
GULPOLY,2026-09-30,164.03,168.99,164.03,165.86,44432
GULPOLY,2026-10-01,165.86,167.65,158.86,161.75,91855
GULPOLY,2026-10-02,161.75,161.75,161.75,161.75,0
GULPOLY,2026-10-05,160.52,164.0,159.15,160.84,93047
GULPOLY,2026-10-06,160.7,168.9,160.69,167.92,117694
GVKPIL,2026-09-29,2.68,2.69,2.61,2.61,786998
GVKPIL,2026-09-30,2.56,2.56,2.56,2.56,352294
GVKPIL,2026-10-01,2.51,2.51,2.51,2.51,272824
GVKPIL,2026-10-05,2.46,2.46,2.46,2.46,305590
GVKPIL,2026-10-06,2.42,2.42,2.42,2.42,234688
GVPIL,2026-09-29,656.95,683.95,645.05,683.95,143048
GVPIL,2026-09-30,687.0,718.0,673.8,678.4,263834
GVPIL,2026-10-01,685.0,693.0,652.6,679.5,212804
GVPIL,2026-10-05,699.8,713.0,690.0,704.35,239782
GVPIL,2026-10-06,718.0,739.0,700.0,734.85,421975
GVPTECH,2026-09-29,7.8,7.89,7.25,7.73,31649
GVPTECH,2026-09-30,7.75,8.11,7.35,7.95,101330
GVPTECH,2026-10-01,7.99,8.0,7.61,7.75,20703
GVPTECH,2026-10-05,7.75,7.8,7.37,7.52,18054
GVPTECH,2026-10-06,7.52,7.73,7.15,7.31,27384
GVT&D,2026-09-29,4198.7998,4229.0,4110.8999,4130.2998,903170
GVT&D,2026-09-30,4190.0,4258.3999,4126.8999,4201.0,624058
GVT&D,2026-10-01,4239.8999,4334.0,4213.2998,4253.2002,784543
GVT&D,2026-10-05,4325.0,4337.8999,4185.0,4247.5,454653
GVT&D,2026-10-06,4242.0,4285.7002,4228.3999,4245.1001,614646
GYFTR,2026-09-29,159.68,164.59,153.41,156.36,257670
GYFTR,2026-09-30,154.18,166.0,154.18,159.16,146651
GYFTR,2026-10-01,163.21,163.51,155.05,156.79,160086
GYFTR,2026-10-05,163.51,164.9,152.61,156.11,691560
GYFTR,2026-10-06,157.86,175.1,157.86,169.3,1293968
HAL,2026-09-30,4640.0,4701.0,4614.7002,4668.0,1233758
HAL,2026-10-01,4666.0,4699.7002,4559.2998,4601.0,739864
HAL,2026-10-02,4601.0,4601.0,4601.0,4601.0,0
HAL,2026-10-05,4601.0,4688.0,4601.0,4680.0,465865
HAL,2026-10-06,4680.0,4837.1001,4680.0,4816.0,935635
HALDER,2026-09-29,248.4,248.4,237.05,241.0,26808
HALDER,2026-09-30,241.35,258.8,239.65,245.75,318
HALDER,2026-10-01,252.0,258.8,227.6,232.73,1811
HALDER,2026-10-05,232.74,266.0,232.73,258.03,19066
HALDER,2026-10-06,258.12,266.0,255.23,263.84,2684
HALDYNGL,2026-09-29,151.87,155.95,150.0,154.15,85821
HALDYNGL,2026-09-30,156.0,163.78,154.0,154.46,182272
HALDYNGL,2026-10-01,154.9,155.8,144.0,146.05,83368
HALDYNGL,2026-10-05,146.6,152.68,142.0,142.85,48070
HALDYNGL,2026-10-06,144.95,144.95,140.3,142.27,43552
HALEOSLABS,2026-09-29,1495.5,1499.9,1485.8,1487.9,234
HALEOSLABS,2026-09-30,1524.0,1529.0,1500.4,1501.4,776
HALEOSLABS,2026-10-01,1499.8,1500.0,1450.0,1490.0,885
HALEOSLABS,2026-10-05,1504.5,1549.5,1490.6,1549.2,2311
HALEOSLABS,2026-10-06,1560.0,1596.9,1560.0,1587.8,782
HAMPTON,2026-09-29,8.17,8.17,7.8,8.0,11667
HAMPTON,2026-09-30,8.38,8.38,7.91,8.08,13378
HAMPTON,2026-10-01,7.9,8.44,7.67,8.09,3750
HAMPTON,2026-10-05,8.04,8.04,7.76,8.0,4594
HAMPTON,2026-10-06,8.4,8.4,7.87,8.09,3587
HAPPSTMNDS,2026-09-30,308.7,315.25,308.65,310.6,477766
HAPPSTMNDS,2026-10-01,310.0,313.35,300.0,304.7,560349
HAPPSTMNDS,2026-10-02,304.7,304.7,304.7,304.7,0
HAPPSTMNDS,2026-10-05,305.7,309.65,303.0,304.2,476063
HAPPSTMNDS,2026-10-06,305.05,306.7,302.05,303.35,276080
HAPPYFORGE,2026-09-30,2079.0,2107.0,2050.0,2067.2,57822
HAPPYFORGE,2026-10-01,2079.8,2099.3,1991.0,2003.7,100454
HAPPYFORGE,2026-10-02,2003.7,2003.7,2003.7,2003.7,0
HAPPYFORGE,2026-10-05,2003.0,2065.6001,1991.0,2013.2,143370
HAPPYFORGE,2026-10-06,2040.0,2040.0,1950.0,1989.4,185386
HARDWYN,2026-09-29,9.26,9.43,9.18,9.26,220896
HARDWYN,2026-09-30,9.33,9.39,9.11,9.21,302662
HARDWYN,2026-10-01,9.19,9.29,8.85,9.19,573580
HARDWYN,2026-10-05,9.15,10.5,8.99,9.34,3665570
HARDWYN,2026-10-06,9.41,9.99,9.11,9.22,825016
HARIOMPIPE,2026-09-29,342.1,351.65,335.4,345.1,89236
HARIOMPIPE,2026-09-30,345.1,349.8,340.1,340.95,38845
HARIOMPIPE,2026-10-01,342.15,342.25,325.75,332.35,102151
HARIOMPIPE,2026-10-05,333.95,340.05,322.3,324.6,81939
HARIOMPIPE,2026-10-06,328.0,339.95,325.0,336.5,78828
HARRMALAYA,2026-09-29,171.7,178.44,165.55,175.61,22733
HARRMALAYA,2026-09-30,179.88,184.0,172.52,179.13,16158
HARRMALAYA,2026-10-01,180.95,182.3,172.0,179.67,8615
HARRMALAYA,2026-10-05,179.67,183.0,170.85,173.0,14823
HARRMALAYA,2026-10-06,178.5,178.5,172.7,175.08,8051
HARSHA,2026-09-29,468.0,469.7,455.0,465.05,89042
HARSHA,2026-09-30,465.05,474.0,460.8,470.3,95299
HARSHA,2026-10-01,472.05,484.8,454.7,474.5,401993
HARSHA,2026-10-05,475.0,476.6,460.15,462.3,141186
HARSHA,2026-10-06,465.8,468.9,460.25,464.65,78340
HATHWAY,2026-09-29,9.35,10.88,9.21,9.49,2799216
HATHWAY,2026-09-30,9.5,9.64,9.41,9.45,1655209
HATHWAY,2026-10-01,9.38,9.41,9.1,9.32,1551707
HATHWAY,2026-10-05,9.36,9.47,9.32,9.4,1463537
HATHWAY,2026-10-06,9.37,10.0,9.37,9.8,2497477
HATSUN,2026-09-30,1106.5,1139.5,1093.5,1099.0,15584
HATSUN,2026-10-01,1099.0,1122.1,1078.3,1118.1,22578
HATSUN,2026-10-02,1118.1,1118.1,1118.1,1118.1,0
HATSUN,2026-10-05,1110.1,1157.4,1110.0,1143.5,41254
HATSUN,2026-10-06,1143.5,1175.0,1137.3,1150.0,24469
HAVELLS,2026-09-30,1045.0,1054.4,1015.1,1016.0,1394518
HAVELLS,2026-10-01,1020.0,1041.8,1019.7,1040.0,2030089
HAVELLS,2026-10-02,1040.0,1040.0,1040.0,1040.0,0
HAVELLS,2026-10-05,1050.0,1060.5,1041.6,1046.7,845006
HAVELLS,2026-10-06,1050.0,1057.0,1039.6,1057.0,946431
HAVISHA,2026-09-29,1.44,1.44,1.29,1.32,134689
HAVISHA,2026-09-30,1.36,1.39,1.32,1.34,33131
HAVISHA,2026-10-01,1.32,1.48,1.32,1.35,88827
HAVISHA,2026-10-05,1.31,1.4,1.31,1.4,13315
HAVISHA,2026-10-06,1.36,1.52,1.26,1.36,74614
HAWKINCOOK,2026-09-29,8085.0,8085.0,7851.0,7904.0,3390
HAWKINCOOK,2026-09-30,7904.0,8050.5,7828.5,8007.5,1137
HAWKINCOOK,2026-10-01,7946.5,8061.0,7890.0,8026.0,955
HAWKINCOOK,2026-10-05,8080.0,8120.0,7905.5,7977.0,1141
HAWKINCOOK,2026-10-06,8053.0,8099.0,7961.5,8009.5,831
HAZOOR,2026-09-30,18.98,19.29,18.51,18.65,146563
HAZOOR,2026-10-01,18.2,18.58,17.81,17.94,207228
HAZOOR,2026-10-02,17.94,17.94,17.94,17.94,0
HAZOOR,2026-10-05,17.87,18.59,17.6,17.75,617372
HAZOOR,2026-10-06,18.11,18.3,17.57,18.0,2456480
HBESD,2026-09-29,75.0,75.9,69.02,73.98,3398
HBESD,2026-09-30,74.53,74.53,69.11,71.63,200
HBESD,2026-10-01,65.26,69.56,60.26,65.11,1078
HBESD,2026-10-05,66.73,78.13,66.0,78.13,20755
HBESD,2026-10-06,86.0,90.97,73.99,75.03,180033
HBLENGINE,2026-09-30,812.3,815.5,786.2,794.5,1235100
HBLENGINE,2026-10-01,789.95,789.95,760.1,779.35,1396672
HBLENGINE,2026-10-02,779.35,779.35,779.35,779.35,0
HBLENGINE,2026-10-05,784.0,789.35,760.25,763.6,771121
HBLENGINE,2026-10-06,767.0,771.2,762.0,764.3,620017
HBPOR,2026-09-29,60.0,60.65,59.99,60.39,634
HBPOR,2026-09-30,60.0,63.7,58.02,59.3,295
HBPOR,2026-10-01,60.45,60.5,58.6,59.83,395
HBPOR,2026-10-05,56.6,63.98,56.6,61.3,292
HBPOR,2026-10-06,59.45,62.89,59.08,59.27,196
HBSL,2026-09-29,55.0,56.55,55.0,55.28,5510
HBSL,2026-09-30,55.28,57.95,55.28,55.89,993
HBSL,2026-10-01,57.6,58.5,55.5,57.03,4313
HBSL,2026-10-05,53.2,57.03,53.2,55.82,2224
HBSL,2026-10-06,56.0,58.4,55.82,57.91,4061
HCC,2026-09-29,20.5,20.97,20.17,20.71,12456726
HCC,2026-09-30,20.61,21.14,20.35,20.41,9937639
HCC,2026-10-01,20.4,20.56,19.88,20.23,16600215
HCC,2026-10-05,20.3,20.59,19.95,20.0,11202334
HCC,2026-10-06,20.06,20.56,20.06,20.26,11473001
HCG,2026-09-29,695.45,708.0,684.0,703.6,113331
HCG,2026-09-30,703.6,710.0,660.5,666.05,204434
HCG,2026-10-01,666.05,675.0,656.05,668.75,108392
HCG,2026-10-05,664.1,670.9,658.65,669.05,40500
HCG,2026-10-06,678.5,683.8,652.8,680.55,115337
HCLTECH,2026-09-30,1229.0,1256.4,1224.8,1230.0,4242658
HCLTECH,2026-10-01,1230.0,1256.0,1228.9,1243.1,3430282
HCLTECH,2026-10-02,1243.1,1243.1,1243.1,1243.1,0
HCLTECH,2026-10-05,1243.7,1247.2,1196.5,1201.9,3843425
HCLTECH,2026-10-06,1202.0,1208.9,1188.2,1204.4,2001789
HDBFS,2026-09-29,636.0,640.9,626.45,630.9,234737
HDBFS,2026-09-30,630.9,637.5,620.0,621.3,420599
HDBFS,2026-10-01,620.05,622.25,602.6,618.2,440447
HDBFS,2026-10-05,622.1,625.6,615.15,622.55,308905
HDBFS,2026-10-06,626.0,629.0,613.05,616.75,943442
HDFCAMC,2026-09-30,2255.0,2314.0,2252.6001,2280.7,908968
HDFCAMC,2026-10-01,2282.0,2321.1001,2269.7,2308.1001,1134071
HDFCAMC,2026-10-02,2308.1001,2308.1001,2308.1001,2308.1001,0
HDFCAMC,2026-10-05,2308.1001,2369.5,2308.1001,2346.0,1244530
HDFCAMC,2026-10-06,2359.0,2366.8999,2336.1001,2352.3999,885365
HDFCBANK,2026-09-30,711.5,720.3,708.7,708.7,39365496
HDFCBANK,2026-10-01,708.4,721.3,707.1,721.2,37389857
HDFCBANK,2026-10-02,721.2,721.2,721.2,721.2,0
HDFCBANK,2026-10-05,731.95,734.2,701.25,704.8,66056690
HDFCBANK,2026-10-06,705.6,714.7,701.0,711.45,26550844
HDFCLIFE,2026-09-29,526.2,528.35,518.6,523.55,7693601
HDFCLIFE,2026-09-30,516.6,521.2,513.4,521.2,5062593
HDFCLIFE,2026-10-01,518.0,538.9,517.4,534.2,4008935
HDFCLIFE,2026-10-05,536.85,539.05,524.55,531.0,3381490
HDFCLIFE,2026-10-06,533.45,551.4,528.05,543.95,8333920
HDIL,2026-09-29,1.41,1.49,1.4,1.46,104327
HDIL,2026-09-30,1.43,1.49,1.41,1.47,82075
HDIL,2026-10-01,1.47,1.48,1.42,1.45,58703
HDIL,2026-10-05,1.48,1.5,1.42,1.47,142280
HDIL,2026-10-06,1.49,1.5,1.41,1.44,95603
HEADSUP,2026-09-30,6.78,6.84,6.33,6.75,2539
HEADSUP,2026-10-01,6.85,6.85,6.27,6.4,5132
HEADSUP,2026-10-02,6.4,6.4,6.4,6.4,0
HEADSUP,2026-10-05,6.36,6.74,6.02,6.14,1991
HEADSUP,2026-10-06,6.55,6.55,6.2,6.52,3719
HEALTHX,2026-09-29,287.0,291.0,275.0,285.05,19728
HEALTHX,2026-09-30,290.9,290.9,283.6,285.05,741
HEALTHX,2026-10-01,290.0,290.0,270.2,273.0,5260
HEALTHX,2026-10-05,279.8,293.4,268.0,277.0,7384
HEALTHX,2026-10-06,277.0,285.85,276.0,284.95,7721
HECPROJECT,2026-09-29,112.55,116.0,110.5,114.82,7066
HECPROJECT,2026-09-30,115.8,115.8,112.0,113.0,385
HECPROJECT,2026-10-01,111.0,115.0,111.0,111.86,4772
HECPROJECT,2026-10-05,114.0,116.88,110.2,110.87,2220
HECPROJECT,2026-10-06,110.9,115.49,110.9,112.79,3866
HEGAM,2026-09-30,241.0,250.3,232.0,237.65,1339286
HEGAM,2026-10-01,240.0,241.79,232.65,239.28,771383
HEGAM,2026-10-02,239.28,239.28,239.28,239.28,0
HEGAM,2026-10-05,242.0,248.0,232.0,233.77,1455475
HEGAM,2026-10-06,235.59,256.47,235.59,252.21,4802227
HEIDELBERG,2026-09-30,130.5,133.59,130.5,132.6,115695
HEIDELBERG,2026-10-01,132.8,132.8,128.45,130.57,133605
HEIDELBERG,2026-10-02,130.57,130.57,130.57,130.57,0
HEIDELBERG,2026-10-05,131.98,131.98,128.79,130.11,86609
HEIDELBERG,2026-10-06,130.49,130.95,127.41,127.78,275926
HEMIPROP,2026-09-29,115.9,115.95,113.11,114.94,747785
HEMIPROP,2026-09-30,115.95,117.09,113.63,114.07,198593
HEMIPROP,2026-10-01,114.05,114.07,109.81,111.5,750373
HEMIPROP,2026-10-05,112.0,113.25,110.21,111.53,255376
HEMIPROP,2026-10-06,111.53,113.88,111.5,113.53,195740
HERANBA,2026-09-29,180.05,182.82,176.1,178.57,89075
HERANBA,2026-09-30,178.57,183.44,176.0,176.53,40668
HERANBA,2026-10-01,175.5,177.39,169.0,172.12,66295
HERANBA,2026-10-05,171.0,174.41,166.1,167.58,55404
HERANBA,2026-10-06,167.15,173.9,166.2,169.0,27666
HERITGFOOD,2026-09-30,400.0,407.3,398.15,402.0,179464
HERITGFOOD,2026-10-01,400.0,415.6,394.15,402.9,324704
HERITGFOOD,2026-10-02,402.9,402.9,402.9,402.9,0
HERITGFOOD,2026-10-05,402.9,407.0,389.75,394.75,217577
HERITGFOOD,2026-10-06,394.6,408.4,392.0,406.1,271534
HEROMOTOCO,2026-09-29,5375.0,5384.0,5208.0,5208.0,681672
HEROMOTOCO,2026-09-30,5236.5,5341.0,5236.5,5241.0,567810
HEROMOTOCO,2026-10-01,5235.0,5290.0,5051.0,5168.0,862662
HEROMOTOCO,2026-10-05,5199.0,5205.5,4994.5,5089.5,1072997
HEROMOTOCO,2026-10-06,5095.0,5113.5,5041.0,5075.0,388289
HEROMOTORS,2026-09-30,140.28,152.58,140.0,152.55,107202546
HEROMOTORS,2026-10-01,159.99,167.8,159.03,167.8,87174697
HEROMOTORS,2026-10-02,167.8,167.8,167.8,167.8,0
HEROMOTORS,2026-10-05,176.34,178.84,158.65,169.63,146252658
HEROMOTORS,2026-10-06,168.4,169.63,163.33,167.52,52767402
HESTERBIO,2026-09-29,2156.6001,2192.8999,2125.2,2165.0,3358
HESTERBIO,2026-09-30,2163.6001,2240.1001,2160.2,2175.8,2531
HESTERBIO,2026-10-01,2162.7,2167.8999,2075.5,2126.8,2718
HESTERBIO,2026-10-05,2164.7,2186.8999,2090.2,2105.5,2719
HESTERBIO,2026-10-06,2130.0,2184.8999,2090.2,2174.1001,4424
HEXAGON,2026-09-29,64.67,65.58,64.0,65.34,75687
HEXAGON,2026-09-30,65.0,68.6,64.55,68.6,981540
HEXAGON,2026-10-01,67.7,71.7,67.25,68.8,577085
HEXAGON,2026-10-05,70.0,70.49,68.61,69.77,185999
HEXAGON,2026-10-06,70.29,73.25,68.8,71.13,1499472
HEXATRADEX,2026-09-29,155.16,158.68,155.1,155.3,5566
HEXATRADEX,2026-09-30,158.88,158.88,155.03,156.85,843
HEXATRADEX,2026-10-01,159.4,159.4,153.5,154.96,5701
HEXATRADEX,2026-10-05,157.0,160.5,149.0,153.58,4186
HEXATRADEX,2026-10-06,157.0,157.0,152.28,155.85,2219
HEXT,2026-09-30,480.65,504.75,479.05,494.1,140752
HEXT,2026-10-01,494.1,502.6,481.6,490.45,258061
HEXT,2026-10-02,490.45,490.45,490.45,490.45,0
HEXT,2026-10-05,493.95,505.9,489.8,495.15,206834
HEXT,2026-10-06,499.5,504.0,490.3,500.3,99471
HFCL,2026-09-30,227.02,227.02,227.02,227.02,3383926
HFCL,2026-10-01,238.37,238.37,227.1,238.36,23039457
HFCL,2026-10-02,238.36,238.36,238.36,238.36,0
HFCL,2026-10-05,237.99,250.27,234.0,250.27,9592712
HFCL,2026-10-06,262.78,262.78,256.0,262.78,6655749
HGINFRA,2026-09-30,439.55,442.55,431.0,432.75,125949
HGINFRA,2026-10-01,433.0,433.8,409.0,419.9,248381
HGINFRA,2026-10-02,419.9,419.9,419.9,419.9,0
HGINFRA,2026-10-05,422.0,426.4,402.1,403.75,231876
HGINFRA,2026-10-06,403.8,425.75,398.55,417.2,470233
HGM,2026-09-29,42.14,43.5,40.31,42.85,1914
HGM,2026-09-30,43.4,43.4,42.05,42.56,347
HGM,2026-10-01,42.0,42.0,39.8,40.36,6341
HGM,2026-10-05,42.89,42.89,38.14,38.97,14095
HGM,2026-10-06,39.0,41.95,38.98,39.28,4397
HGS,2026-09-29,368.1,373.4,363.65,366.05,8101
HGS,2026-09-30,365.0,375.9,364.95,370.05,14795
HGS,2026-10-01,374.95,375.25,363.0,367.05,9114
HGS,2026-10-05,367.0,372.95,361.4,364.95,7248
HGS,2026-10-06,364.0,366.4,360.1,361.4,13171
HIGREEN,2026-09-28,132.75,132.75,113.4,113.95,128000
HIGREEN,2026-09-29,114.05,124.95,113.05,122.85,28000
HIGREEN,2026-09-30,122.55,125.5,122.55,124.9,4800
HIGREEN,2026-10-01,122.85,123.9,120.25,120.3,8800
HIGREEN,2026-10-05,118.3,118.3,115.1,115.8,5600
HIKAL,2026-09-29,208.9,219.5,207.21,218.05,740019
HIKAL,2026-09-30,217.0,223.0,216.65,217.89,411937
HIKAL,2026-10-01,218.19,224.99,213.77,218.14,942244
HIKAL,2026-10-05,218.0,221.35,213.28,214.45,244700
HIKAL,2026-10-06,215.3,227.16,213.21,226.43,608604
HILINFRA,2026-09-29,42.75,43.55,41.55,43.26,80120
HILINFRA,2026-09-30,42.3,43.34,41.71,42.75,81532
HILINFRA,2026-10-01,45.42,46.8,44.01,45.06,1172963
HILINFRA,2026-10-05,45.45,46.4,43.12,43.71,130532
HILINFRA,2026-10-06,44.7,45.71,43.66,45.36,145388
HILTON,2026-09-29,16.56,17.28,16.26,16.45,183520
HILTON,2026-09-30,16.3,16.9,16.06,16.34,93970
HILTON,2026-10-01,16.65,17.15,16.15,16.86,144115
HILTON,2026-10-05,16.61,17.18,16.61,16.77,76089
HILTON,2026-10-06,16.99,17.18,16.62,16.75,53950
HIMATSEIDE,2026-09-29,65.9,66.05,64.51,64.9,312472
HIMATSEIDE,2026-09-30,65.54,69.03,65.3,66.4,718202
HIMATSEIDE,2026-10-01,66.0,66.01,63.0,64.15,513252
HIMATSEIDE,2026-10-05,65.0,65.82,62.6,64.64,603662
HIMATSEIDE,2026-10-06,64.0,65.95,63.86,65.36,355915
HINDADH,2026-09-29,394.95,394.95,377.55,385.25,578
HINDADH,2026-09-30,388.0,390.95,382.0,385.4,3288
HINDADH,2026-10-01,377.55,385.0,374.0,384.0,2461
HINDADH,2026-10-05,392.0,392.0,382.05,384.5,1008
HINDADH,2026-10-06,388.0,390.6,380.15,384.35,1531
HINDALCO,2026-09-30,950.2,956.8,941.1,941.8,4420021
HINDALCO,2026-10-01,935.0,946.65,923.5,941.85,5877840
HINDALCO,2026-10-02,941.85,941.85,941.85,941.85,0
HINDALCO,2026-10-05,953.5,954.05,931.1,938.4,4401291
HINDALCO,2026-10-06,945.35,950.4,935.1,940.5,2991449
HINDALUMI,2026-09-29,93.0,93.0,88.0,90.15,2229
HINDALUMI,2026-09-30,91.99,93.0,90.31,92.69,1416
HINDALUMI,2026-10-01,92.0,92.69,89.0,90.76,2057
HINDALUMI,2026-10-05,90.9,93.99,90.9,91.83,1333
HINDALUMI,2026-10-06,91.83,92.84,89.99,90.32,2250
HINDCOMPOS,2026-09-29,380.1,387.6,370.2,377.5,2145
HINDCOMPOS,2026-09-30,377.5,390.95,377.4,381.3,3953
HINDCOMPOS,2026-10-01,384.45,384.45,372.5,380.8,1341
HINDCOMPOS,2026-10-05,414.95,425.05,395.5,400.65,46581
HINDCOMPOS,2026-10-06,406.0,406.0,397.0,401.45,13778
HINDCON,2026-09-29,33.39,33.39,32.4,33.39,210313
HINDCON,2026-09-30,34.95,35.05,33.81,35.05,296482
HINDCON,2026-10-01,34.88,34.88,33.3,33.3,73537
HINDCON,2026-10-05,31.64,31.64,31.64,31.64,10765
HINDCON,2026-10-06,30.06,30.06,30.06,30.06,23518
HINDCOPPER,2026-09-30,477.0,481.7,471.5,472.65,5881618
HINDCOPPER,2026-10-01,469.85,471.2,450.0,462.15,6827265
HINDCOPPER,2026-10-02,462.15,462.15,462.15,462.15,0
HINDCOPPER,2026-10-05,466.05,481.0,465.15,478.65,5563749
HINDCOPPER,2026-10-06,483.9,487.6,480.25,485.5,3645387
HINDOILEXP,2026-09-29,173.35,177.0,171.55,173.91,394733
HINDOILEXP,2026-09-30,172.4,175.37,171.25,171.55,262942
HINDOILEXP,2026-10-01,171.27,171.52,164.5,167.31,472707
HINDOILEXP,2026-10-05,168.19,170.45,164.15,164.87,283729
HINDOILEXP,2026-10-06,164.01,167.79,164.01,166.35,254603
HINDPETRO,2026-09-30,351.2,357.4,350.35,350.35,2520543
HINDPETRO,2026-10-01,351.15,352.8,344.0,345.0,5754484
HINDPETRO,2026-10-02,345.0,345.0,345.0,345.0,0
HINDPETRO,2026-10-05,345.05,351.25,340.4,342.35,2875288
HINDPETRO,2026-10-06,344.05,351.75,343.45,351.0,3973313
HINDUNILVR,2026-09-30,1871.4,1889.6,1865.2,1879.1,1430335
HINDUNILVR,2026-10-01,1870.1,1873.6,1826.9,1836.0,1331680
HINDUNILVR,2026-10-02,1836.0,1836.0,1836.0,1836.0,0
HINDUNILVR,2026-10-05,1845.1,1848.4,1828.0,1838.4,975071
HINDUNILVR,2026-10-06,1847.9,1895.2,1834.2,1895.2,1575549
HINDWAREAP,2026-09-29,170.34,171.5,165.0,170.2,88868
HINDWAREAP,2026-09-30,170.2,178.0,169.13,169.97,83588
HINDWAREAP,2026-10-01,169.97,172.1,167.07,170.53,129981
HINDWAREAP,2026-10-05,173.72,174.18,170.0,171.63,56164
HINDWAREAP,2026-10-06,173.13,173.13,170.0,170.75,59957
HINDZINC,2026-09-30,567.2,575.05,562.6,566.0,2880602
HINDZINC,2026-10-01,564.4,566.35,547.2,555.05,3165448
HINDZINC,2026-10-02,555.05,555.05,555.05,555.05,0
HINDZINC,2026-10-05,562.0,568.55,557.9,560.95,2343222
HINDZINC,2026-10-06,564.15,567.4,557.05,557.65,2197052
HIRECT,2026-09-29,1182.0,1189.5,1150.7,1171.4,26079
HIRECT,2026-09-30,1171.4,1189.0,1136.9,1147.2,33683
HIRECT,2026-10-01,1142.0,1165.9,1102.5,1123.8,50921
HIRECT,2026-10-05,1123.8,1166.1,1097.6,1109.4,51104
HIRECT,2026-10-06,1102.0,1157.0,1088.4,1146.8,46746
HISARMETAL,2026-09-29,151.97,154.0,149.2,151.39,774
HISARMETAL,2026-09-30,151.39,151.4,147.25,148.97,716
HISARMETAL,2026-10-01,148.98,148.98,144.1,146.92,4852
HISARMETAL,2026-10-05,149.0,149.0,143.57,145.22,1221
HISARMETAL,2026-10-06,146.0,147.0,145.3,145.3,242
HITECH,2026-09-29,73.25,73.95,70.74,73.19,540643
HITECH,2026-09-30,73.0,74.35,72.3,72.61,332376
HITECH,2026-10-01,72.5,72.53,69.86,71.42,517898
HITECH,2026-10-05,71.62,72.38,69.85,70.05,397840
HITECH,2026-10-06,72.85,76.24,72.2,74.68,6307023
HITECHCORP,2026-09-29,343.5,343.5,332.65,342.45,7424
HITECHCORP,2026-09-30,338.25,346.0,338.25,345.25,28964
HITECHCORP,2026-10-01,342.5,345.25,340.0,340.25,20052
HITECHCORP,2026-10-05,341.5,344.9,340.2,342.0,50579
HITECHCORP,2026-10-06,340.0,344.4,340.0,342.4,30000
HITECHGEAR,2026-09-29,680.9,680.9,616.45,625.5,5172
HITECHGEAR,2026-09-30,639.0,645.0,615.0,621.8,4081
HITECHGEAR,2026-10-01,625.0,627.5,595.0,601.75,2558
HITECHGEAR,2026-10-05,602.0,613.45,580.3,584.6,2734
HITECHGEAR,2026-10-06,590.4,613.8,555.4,568.9,10320
HLEGLAS,2026-09-29,419.05,436.95,406.2,434.65,256043
HLEGLAS,2026-09-30,440.0,456.35,436.15,439.4,124676
HLEGLAS,2026-10-01,448.45,455.45,430.05,442.05,219734
HLEGLAS,2026-10-05,444.65,452.0,424.45,425.85,108277
HLEGLAS,2026-10-06,424.05,447.1,424.05,447.1,134273
HLVLTD,2026-09-29,6.33,6.5,6.31,6.39,64436
HLVLTD,2026-09-30,6.3,6.55,6.25,6.41,124451
HLVLTD,2026-10-01,6.31,6.45,6.12,6.31,154005
HLVLTD,2026-10-05,6.31,6.5,6.05,6.21,195354
HLVLTD,2026-10-06,6.12,6.33,6.05,6.13,199838
HMAAGRO,2026-09-29,24.02,24.02,23.43,23.8,614209
HMAAGRO,2026-09-30,23.79,24.69,23.61,23.92,978980
HMAAGRO,2026-10-01,24.04,24.11,23.04,23.47,2581703
HMAAGRO,2026-10-05,23.49,24.25,23.07,23.4,3179782
HMAAGRO,2026-10-06,23.4,24.74,23.31,24.56,2144377
HMT,2026-09-29,59.6,60.0,58.02,59.98,10311
HMT,2026-09-30,59.98,62.0,59.01,60.1,7423
HMT,2026-10-01,61.49,61.49,58.0,58.24,10063
HMT,2026-10-05,59.4,59.4,58.5,58.99,4335
HMT,2026-10-06,58.99,59.98,57.0,58.53,8940
HMVL,2026-09-29,68.99,72.4,68.11,72.4,27513
HMVL,2026-09-30,72.4,76.02,72.4,75.96,18380
HMVL,2026-10-01,76.79,79.64,72.55,77.44,40284
HMVL,2026-10-05,75.26,78.85,74.5,76.0,21768
HMVL,2026-10-06,78.25,79.8,72.2,74.91,110904
HNDFDS,2026-09-29,602.15,604.8,577.0,596.85,168762
HNDFDS,2026-09-30,596.85,604.75,567.6,574.75,134253
HNDFDS,2026-10-01,567.3,583.1,567.3,574.6,70210
HNDFDS,2026-10-05,580.0,580.0,556.55,570.05,57425
HNDFDS,2026-10-06,570.0,591.0,570.0,584.75,68825
HOACFOODS,2026-09-28,875.75,875.75,875.75,875.75,1875
HOACFOODS,2026-09-29,893.25,893.25,893.25,893.25,375
HOACFOODS,2026-09-30,911.1,911.1,911.1,911.1,1125
HOACFOODS,2026-10-01,915.0,929.2,913.0,915.0,3750
HOACFOODS,2026-10-05,923.05,923.05,913.9,923.05,1875
HOLMARC,2026-09-28,120.0,125.0,120.0,125.0,7500
HOLMARC,2026-09-29,125.1,125.1,118.75,118.75,11250
HOLMARC,2026-09-30,120.0,120.0,115.5,115.5,1500
HOLMARC,2026-10-01,115.5,120.0,109.75,120.0,12000
HOLMARC,2026-10-05,120.0,123.75,119.95,123.75,9750
HOMEFIRST,2026-09-30,1094.4,1136.9,1094.4,1104.8,255917
HOMEFIRST,2026-10-01,1102.8,1129.0,1084.2,1125.7,187768
HOMEFIRST,2026-10-02,1125.7,1125.7,1125.7,1125.7,0
HOMEFIRST,2026-10-05,1122.6,1122.6,1075.1,1096.2,379744
HOMEFIRST,2026-10-06,1091.3,1118.0,1091.3,1111.5,212389
HOMESFY,2026-09-29,116.0,116.0,116.0,116.0,0
HOMESFY,2026-09-30,116.0,116.0,116.0,116.0,0
HOMESFY,2026-10-01,116.0,116.0,116.0,116.0,0
HOMESFY,2026-10-02,116.0,116.0,116.0,116.0,0
HOMESFY,2026-10-05,116.0,116.0,116.0,116.0,0
HONASA,2026-09-29,454.0,457.05,439.3,441.65,20795107
HONASA,2026-09-30,441.65,447.05,426.05,431.35,1589113
HONASA,2026-10-01,427.35,431.0,413.85,427.9,1936982
HONASA,2026-10-05,431.95,444.0,427.0,442.1,817839
HONASA,2026-10-06,449.0,493.0,446.7,478.3,24467678
HONAUT,2026-09-29,33660.0,35470.0,33505.0,33980.0,27480
HONAUT,2026-09-30,33980.0,34240.0,33360.0,33460.0,1786
HONAUT,2026-10-01,33105.0,33760.0,33025.0,33470.0,8388
HONAUT,2026-10-05,33845.0,34140.0,33595.0,33785.0,1798
HONAUT,2026-10-06,34000.0,34080.0,33600.0,33780.0,2116
HONDAPOWER,2026-09-29,1884.7,1910.0,1828.1,1886.0,3476
HONDAPOWER,2026-09-30,1870.1,1916.9,1868.1,1874.5,1685
HONDAPOWER,2026-10-01,1896.8,1915.0,1835.0,1886.3,2893
HONDAPOWER,2026-10-05,1919.9,1919.9,1848.0,1865.2,2605
HONDAPOWER,2026-10-06,1865.2,1914.9,1850.0,1885.9,2399
HORIZONIND,2026-09-29,51.69,52.15,50.61,51.02,2934473
HORIZONIND,2026-09-30,50.6,51.0,50.07,50.28,1962971
HORIZONIND,2026-10-01,50.1,50.31,48.11,48.65,4049133
HORIZONIND,2026-10-05,48.65,48.92,47.56,47.75,2149178
HORIZONIND,2026-10-06,47.6,51.08,47.06,49.2,6213558
HPAL,2026-09-29,34.5,35.99,34.1,34.44,35257
HPAL,2026-09-30,34.2,35.58,33.36,33.83,36913
HPAL,2026-10-01,33.83,34.25,33.17,33.81,51014
HPAL,2026-10-05,34.47,35.49,33.3,33.9,39685
HPAL,2026-10-06,34.4,34.69,33.3,34.37,43421
HPIL,2026-09-29,117.0,117.0,114.2,115.37,363
HPIL,2026-09-30,115.37,115.37,115.37,115.37,0
HPIL,2026-10-01,114.5,114.89,112.0,114.44,163
HPIL,2026-10-05,113.5,114.8,105.65,110.64,347
HPIL,2026-10-06,115.0,117.98,113.75,116.49,486
HPL,2026-09-30,270.1,274.65,268.1,269.05,57651
HPL,2026-10-01,270.4,270.4,260.3,267.2,93293
HPL,2026-10-02,267.2,267.2,267.2,267.2,0
HPL,2026-10-05,265.4,272.0,263.5,264.75,53225
HPL,2026-10-06,263.0,277.0,263.0,272.7,119821
HRHNEXT,2026-09-28,23.1,23.1,23.1,23.1,10500
HRHNEXT,2026-09-29,22.05,24.2,22.05,24.15,15000
HRHNEXT,2026-09-30,24.9,24.9,24.9,24.9,1500
HRHNEXT,2026-10-01,24.0,24.0,24.0,24.0,1500
HRHNEXT,2026-10-05,24.0,24.0,24.0,24.0,0
HRYNSHP,2026-09-29,96.1,99.0,96.01,96.01,460
HRYNSHP,2026-09-30,96.5,97.0,95.0,96.0,331
HRYNSHP,2026-10-01,96.05,99.9,95.5,97.98,580
HRYNSHP,2026-10-05,108.0,108.0,92.2,96.65,1040
HRYNSHP,2026-10-06,96.65,96.65,95.87,95.9,296
HSCL,2026-09-30,667.1,687.3,667.1,677.8,2047533
HSCL,2026-10-01,675.25,677.75,658.7,665.15,1431438
HSCL,2026-10-02,665.15,665.15,665.15,665.15,0
HSCL,2026-10-05,665.95,672.5,656.5,659.85,876519
HSCL,2026-10-06,664.0,670.0,661.3,668.55,1016232
HTEL,2026-09-29,65.41,70.39,65.01,69.52,2012461
HTEL,2026-09-30,71.7,77.15,70.0,72.29,4644616
HTEL,2026-10-01,73.4,75.1,70.5,72.92,1986272
HTEL,2026-10-05,72.87,73.84,70.15,70.43,977060
HTEL,2026-10-06,70.53,75.81,70.53,73.81,1595760
HTMEDIA,2026-09-29,23.1,23.6,22.52,23.46,61616
HTMEDIA,2026-09-30,23.51,24.13,22.92,23.02,62468
HTMEDIA,2026-10-01,23.55,23.55,22.2,22.38,115588
HTMEDIA,2026-10-05,22.01,22.74,22.01,22.14,32181
HTMEDIA,2026-10-06,22.14,23.15,22.0,22.99,46073
HUBTOWN,2026-09-29,168.0,169.6,165.55,166.41,253127
HUBTOWN,2026-09-30,167.45,186.0,167.21,182.28,1619724
HUBTOWN,2026-10-01,183.0,184.37,174.32,177.42,420252
HUBTOWN,2026-10-05,177.35,178.5,166.99,168.09,425823
HUBTOWN,2026-10-06,169.11,174.65,168.01,170.0,598209
HUDCO,2026-09-30,166.47,169.25,164.28,166.58,2274257
HUDCO,2026-10-01,167.94,167.94,159.51,161.54,3136559
HUDCO,2026-10-02,161.54,161.54,161.54,161.54,0
HUDCO,2026-10-05,163.5,164.99,161.34,162.09,1688872
HUDCO,2026-10-06,162.95,165.8,155.8,161.04,9804275
HUHTAMAKI,2026-09-30,236.7,243.0,234.7,237.35,87980
HUHTAMAKI,2026-10-01,235.3,235.3,227.81,232.72,94577
HUHTAMAKI,2026-10-02,232.72,232.72,232.72,232.72,0
HUHTAMAKI,2026-10-05,232.95,234.8,226.1,227.52,103891
HUHTAMAKI,2026-10-06,230.0,235.0,228.0,233.45,48180
HYBRIDFIN,2026-09-29,18.0,18.0,16.7,17.82,12018
HYBRIDFIN,2026-09-30,17.74,18.35,17.5,17.94,3054
HYBRIDFIN,2026-10-01,17.9,18.25,16.8,17.36,95433
HYBRIDFIN,2026-10-05,17.2,17.99,16.8,17.43,6826
HYBRIDFIN,2026-10-06,17.43,17.89,16.81,17.56,4344
HYUNDAI,2026-09-30,2060.0,2084.6001,2026.7,2031.0,644391
HYUNDAI,2026-10-01,2031.0,2078.6001,2002.0,2024.0,1795808
HYUNDAI,2026-10-02,2024.0,2024.0,2024.0,2024.0,0
HYUNDAI,2026-10-05,2023.9,2031.5,1981.9,2000.0,328159
HYUNDAI,2026-10-06,2008.1,2014.0,1975.0,1989.0,432883
IBLFL,2026-09-28,61.0,61.0,61.0,61.0,2000
IBLFL,2026-09-29,61.0,61.0,61.0,61.0,4000
IBLFL,2026-09-30,61.0,61.0,61.0,61.0,2000
IBLFL,2026-10-01,61.0,61.0,61.0,61.0,2000
IBLFL,2026-10-05,61.0,61.0,61.0,61.0,0
IBULLSLTD,2026-09-30,30.45,30.65,29.52,29.61,7753680
IBULLSLTD,2026-10-01,29.55,30.14,28.58,29.43,14659328
IBULLSLTD,2026-10-02,29.43,29.43,29.43,29.43,0
IBULLSLTD,2026-10-05,30.1,30.8,29.17,29.48,23357499
IBULLSLTD,2026-10-06,29.8,30.95,29.7,30.95,18672048
ICDSLTD,2026-09-29,54.42,54.42,51.45,51.45,1104
ICDSLTD,2026-09-30,51.45,51.45,48.88,48.88,2591
ICDSLTD,2026-10-01,46.6,46.6,46.44,46.5,2007
ICDSLTD,2026-10-05,46.5,48.82,44.26,44.61,1626
ICDSLTD,2026-10-06,44.61,45.01,44.2,44.27,953
ICEMAKE,2026-09-29,648.0,648.0,632.65,634.0,42018
ICEMAKE,2026-09-30,634.0,641.45,623.0,629.55,21934
ICEMAKE,2026-10-01,629.55,629.9,602.0,623.65,31483
ICEMAKE,2026-10-05,623.5,634.4,619.1,628.55,14078
ICEMAKE,2026-10-06,623.75,638.8,620.95,631.2,11370
ICICIAMC,2026-09-29,3220.0,3265.0,3167.0,3233.0,769671
ICICIAMC,2026-09-30,3249.0,3249.0,3107.3999,3136.7,372808
ICICIAMC,2026-10-01,3121.0,3121.1001,3055.0,3084.3999,524043
ICICIAMC,2026-10-05,3085.8999,3095.6001,3045.0,3061.2,163817
ICICIAMC,2026-10-06,3062.2,3085.0,3040.0,3071.5,275805
ICICIBANK,2026-09-30,1295.3,1337.0,1295.3,1321.7,14095232
ICICIBANK,2026-10-01,1316.0,1329.9,1308.4,1310.6,13163495
ICICIBANK,2026-10-02,1310.6,1310.6,1310.6,1310.6,0
ICICIBANK,2026-10-05,1311.0,1334.7,1303.7,1332.0,13223493
ICICIBANK,2026-10-06,1330.1,1343.5,1327.9,1342.8,12198360
ICICIGI,2026-09-29,1532.0,1550.0,1498.2,1515.0,756660
ICICIGI,2026-09-30,1516.1,1590.0,1511.6,1590.0,1952166
ICICIGI,2026-10-01,1579.0,1594.7,1562.6,1563.0,1189772
ICICIGI,2026-10-05,1563.0,1608.0,1561.1,1600.0,1196366
ICICIGI,2026-10-06,1595.0,1606.0,1576.0,1598.3,333740
ICICIPRULI,2026-09-29,452.05,455.45,442.95,444.55,2919254
ICICIPRULI,2026-09-30,448.0,450.0,442.4,443.8,839768
ICICIPRULI,2026-10-01,443.8,450.55,441.8,448.05,1267559
ICICIPRULI,2026-10-05,448.0,457.0,446.05,454.9,1224982
ICICIPRULI,2026-10-06,458.0,462.9,453.55,459.5,595211
ICIL,2026-09-29,439.9,448.55,433.0,434.95,420236
ICIL,2026-09-30,437.0,464.0,437.0,460.4,1020870
ICIL,2026-10-01,461.0,466.7,435.45,443.65,435107
ICIL,2026-10-05,445.9,456.6,443.55,446.2,171574
ICIL,2026-10-06,449.0,475.0,448.9,473.15,981084
ICRA,2026-09-29,4311.0,4373.8999,4274.0,4297.8999,14911
ICRA,2026-09-30,4297.8999,4320.0,4198.2002,4232.0,71638
ICRA,2026-10-01,4232.0,4346.5,4205.1001,4318.2998,24641
ICRA,2026-10-05,4334.6001,4340.0,4249.0,4297.5,24260
ICRA,2026-10-06,4297.5,4396.7998,4271.7002,4356.7002,20311
IDBI,2026-09-30,83.51,84.29,81.96,82.2,4433814
IDBI,2026-10-01,81.87,87.39,81.32,86.57,26713864
IDBI,2026-10-02,86.57,86.57,86.57,86.57,0
IDBI,2026-10-05,87.0,88.01,85.35,86.31,11796166
IDBI,2026-10-06,86.1,87.25,84.82,87.01,7936009
IDEA,2026-09-30,13.6,13.61,12.84,12.95,640485531
IDEA,2026-10-01,12.95,13.14,12.5,12.64,612490273
IDEA,2026-10-02,12.64,12.64,12.64,12.64,0
IDEA,2026-10-05,12.75,12.9,12.56,12.74,460591162
IDEA,2026-10-06,12.77,13.22,12.76,13.21,337033222
IDEAFORGE,2026-09-29,716.9,724.0,707.0,719.7,117154
IDEAFORGE,2026-09-30,725.0,744.8,717.5,730.95,237947
IDEAFORGE,2026-10-01,735.0,767.45,724.4,735.0,409863
IDEAFORGE,2026-10-05,731.2,733.5,698.25,701.65,334860
IDEAFORGE,2026-10-06,700.0,728.0,695.85,723.4,229121
IDFCFIRSTB,2026-09-30,79.46,82.08,79.46,81.44,23332019
IDFCFIRSTB,2026-10-01,80.95,81.38,79.53,80.39,24434109
IDFCFIRSTB,2026-10-02,80.39,80.39,80.39,80.39,0
IDFCFIRSTB,2026-10-05,80.76,82.3,80.65,82.22,18439126
IDFCFIRSTB,2026-10-06,81.98,82.29,78.89,81.56,29046674
IEML,2026-09-28,53.6,53.6,52.5,53.6,208500
IEML,2026-09-29,55.5,55.5,50.95,50.95,48000
IEML,2026-09-30,53.45,53.45,48.45,53.45,189500
IEML,2026-10-01,56.1,56.1,51.0,52.4,366000
IEML,2026-10-05,52.3,54.6,49.8,49.8,121500
IEX,2026-09-30,106.75,108.8,106.53,107.0,3890920
IEX,2026-10-01,107.01,107.38,104.18,105.98,3180623
IEX,2026-10-02,105.98,105.98,105.98,105.98,0
IEX,2026-10-05,106.0,106.49,103.94,104.3,3096998
IEX,2026-10-06,105.3,105.48,104.41,104.86,2588624
IFBAGRO,2026-09-29,844.0,948.0,844.0,905.45,12900
IFBAGRO,2026-09-30,905.45,932.4,881.0,891.65,3890
IFBAGRO,2026-10-01,919.95,919.95,853.85,866.95,2552
IFBAGRO,2026-10-05,855.0,878.95,855.0,872.0,2243
IFBAGRO,2026-10-06,872.0,883.0,863.1,874.15,1401
IFBIND,2026-09-29,1214.8,1234.5,1199.0,1201.0,40295
IFBIND,2026-09-30,1211.6,1223.8,1199.0,1201.0,20374
IFBIND,2026-10-01,1201.0,1213.7,1152.1,1166.2,41264
IFBIND,2026-10-05,1175.0,1201.8,1140.0,1178.8,34216
IFBIND,2026-10-06,1188.0,1218.8,1177.8,1212.3,18184
IFCI,2026-09-30,70.95,71.43,68.45,68.77,25751767
IFCI,2026-10-01,68.55,68.55,64.25,65.14,41910107
IFCI,2026-10-02,65.14,65.14,65.14,65.14,0
IFCI,2026-10-05,65.5,66.93,63.93,64.28,33656348
IFCI,2026-10-06,64.85,66.08,63.9,65.51,29546262
IFGLEXPOR,2026-09-30,190.0,198.39,190.0,191.45,23250
IFGLEXPOR,2026-10-01,196.8,196.8,184.13,189.57,34168
IFGLEXPOR,2026-10-02,189.57,189.57,189.57,189.57,0
IFGLEXPOR,2026-10-05,192.2,195.3,182.15,183.99,29347
IFGLEXPOR,2026-10-06,183.86,186.89,179.1,180.65,34381
IGARASHI,2026-09-30,414.5,418.5,401.0,403.4,45397
IGARASHI,2026-10-01,402.0,405.35,387.05,398.95,68004
IGARASHI,2026-10-02,398.95,398.95,398.95,398.95,0
IGARASHI,2026-10-05,395.65,403.55,388.45,389.65,31532
IGARASHI,2026-10-06,390.6,417.4,389.65,401.4,183349
IGCL,2026-09-29,59.1,59.88,56.5,57.15,70886
IGCL,2026-09-30,58.75,59.1,56.15,56.8,95296
IGCL,2026-10-01,57.25,57.25,51.72,54.62,234071
IGCL,2026-10-05,54.62,55.93,53.0,53.4,64015
IGCL,2026-10-06,52.6,58.0,52.6,57.36,412022
IGIL,2026-09-29,321.55,326.8,317.7,324.3,607317
IGIL,2026-09-30,323.2,327.05,314.05,315.9,584224
IGIL,2026-10-01,317.4,317.95,308.4,311.95,247930
IGIL,2026-10-05,317.9,320.7,311.0,316.25,422079
IGIL,2026-10-06,316.4,321.35,313.05,319.6,435901
IGL,2026-09-30,141.99,146.9,141.99,145.61,3093267
IGL,2026-10-01,143.2,143.9,139.33,142.79,2346741
IGL,2026-10-02,142.79,142.79,142.79,142.79,0
IGL,2026-10-05,142.79,143.57,141.5,142.1,948892
IGL,2026-10-06,142.1,142.43,140.32,141.38,1218685
IGPL,2026-09-29,580.0,591.9,575.0,584.3,44273
IGPL,2026-09-30,586.6,594.9,577.0,579.75,37036
IGPL,2026-10-01,588.85,590.45,562.65,569.55,61516
IGPL,2026-10-05,575.8,581.7,548.1,554.0,49844
IGPL,2026-10-06,550.5,599.9,550.5,589.5,175559
IIFL,2026-09-29,595.05,614.05,588.75,607.5,2559619
IIFL,2026-09-30,606.0,608.65,598.0,600.75,1194083
IIFL,2026-10-01,600.0,606.6,577.0,583.8,1821159
IIFL,2026-10-05,590.0,609.0,587.35,601.15,1622026
IIFL,2026-10-06,601.65,603.7,590.45,601.7,1096863
IIFLCAPS,2026-09-29,343.55,347.45,343.55,344.95,460188
IIFLCAPS,2026-09-30,343.7,349.8,343.7,346.0,1333723
IIFLCAPS,2026-10-01,343.1,346.5,342.5,345.6,654711
IIFLCAPS,2026-10-05,346.9,346.9,341.55,345.2,319157
IIFLCAPS,2026-10-06,346.0,346.0,343.6,345.15,154566
IITL,2026-09-29,132.85,132.85,123.85,125.64,111438
IITL,2026-09-30,127.69,139.25,127.52,133.26,113106
IITL,2026-10-01,133.0,139.85,128.25,132.56,91702
IITL,2026-10-05,132.56,135.0,127.1,129.4,100228
IITL,2026-10-06,133.5,137.0,128.0,132.25,100782
IKIO,2026-09-30,198.75,204.38,195.22,196.85,144490
IKIO,2026-10-01,196.85,199.85,186.77,190.96,133638
IKIO,2026-10-02,190.96,190.96,190.96,190.96,0
IKIO,2026-10-05,195.0,200.0,190.21,192.22,91418
IKIO,2026-10-06,192.0,198.2,192.0,195.87,80513
IKS,2026-09-29,1768.0,1822.3,1750.7,1779.4,203931
IKS,2026-09-30,1782.9,1800.5,1740.3,1747.5,152839
IKS,2026-10-01,1747.0,1783.8,1726.1,1776.4,149999
IKS,2026-10-05,1791.0,1798.3,1742.5,1766.8,119886
IKS,2026-10-06,1758.1,1777.1,1745.5,1761.0,66091
IL&FSENGG,2026-09-29,39.35,39.35,36.63,36.76,115599
IL&FSENGG,2026-09-30,35.0,38.59,35.0,38.57,14299
IL&FSENGG,2026-10-01,39.0,39.55,38.0,38.59,13193
IL&FSENGG,2026-10-05,38.5,40.05,38.5,39.78,11636
IL&FSENGG,2026-10-06,39.78,40.05,39.0,39.54,142150
IL&FSTRANS,2026-09-29,2.02,2.02,1.88,1.9,84185
IL&FSTRANS,2026-09-30,1.95,1.96,1.86,1.92,23269
IL&FSTRANS,2026-10-01,1.97,1.97,1.83,1.87,29961
IL&FSTRANS,2026-10-05,1.92,1.96,1.86,1.94,67958
IL&FSTRANS,2026-10-06,1.98,1.98,1.91,1.94,23767
IMAGICAA,2026-09-29,51.31,54.3,50.1,51.3,1504303
IMAGICAA,2026-09-30,51.3,52.19,50.6,51.08,281012
IMAGICAA,2026-10-01,50.56,52.26,49.52,50.7,512963
IMAGICAA,2026-10-05,50.85,51.99,48.61,48.76,488855
IMAGICAA,2026-10-06,48.76,50.29,48.76,49.92,435420
IMFA,2026-09-29,1202.0,1226.4,1184.1,1206.5,88124
IMFA,2026-09-30,1206.5,1228.0,1185.2,1190.9,61334
IMFA,2026-10-01,1190.9,1210.0,1148.0,1176.8,141199
IMFA,2026-10-05,1187.5,1204.8,1148.2,1158.9,93925
IMFA,2026-10-06,1159.1,1195.0,1158.9,1190.6,78676
IMPAL,2026-09-29,1054.0,1054.0,1035.3,1042.6,1933
IMPAL,2026-09-30,1049.4,1067.9,1029.4,1037.5,1754
IMPAL,2026-10-01,1037.5,1050.0,998.3,1009.1,2586
IMPAL,2026-10-05,1021.0,1040.0,1002.0,1026.2,2317
IMPAL,2026-10-06,1034.3,1050.0,1027.1,1036.5,725
IMPEXFERRO,2026-09-29,6.38,6.38,6.38,6.38,59091
IMPEXFERRO,2026-09-30,6.5,6.5,6.5,6.5,59395
IMPEXFERRO,2026-10-01,6.5,6.5,6.5,6.5,0
IMPEXFERRO,2026-10-02,6.5,6.5,6.5,6.5,0
IMPEXFERRO,2026-10-05,6.37,6.37,6.37,6.37,308128
INA,2026-09-30,89.26,91.8,86.81,87.5,609109
INA,2026-10-01,89.01,89.01,84.71,87.02,699639
INA,2026-10-02,87.02,87.02,87.02,87.02,0
INA,2026-10-05,87.95,89.22,83.05,83.44,619352
INA,2026-10-06,84.59,85.34,83.4,83.81,478784
INCREDIBLE,2026-09-29,32.6,33.2,31.55,31.6,3488
INCREDIBLE,2026-09-30,31.52,33.98,31.52,32.61,6216
INCREDIBLE,2026-10-01,32.98,34.0,30.51,31.37,5442
INCREDIBLE,2026-10-05,32.46,32.46,30.6,31.48,26959
INCREDIBLE,2026-10-06,32.25,32.25,31.12,31.42,754
INDBANK,2026-09-29,25.6,26.0,24.21,25.06,25410
INDBANK,2026-09-30,25.6,25.99,25.06,25.36,17590
INDBANK,2026-10-01,25.4,25.5,25.05,25.2,11592
INDBANK,2026-10-05,25.7,25.7,25.0,25.17,22541
INDBANK,2026-10-06,25.2,25.5,24.88,25.23,35543
INDGN,2026-09-29,613.0,627.0,598.35,605.15,1828353
INDGN,2026-09-30,606.0,614.5,585.0,590.75,390007
INDGN,2026-10-01,587.0,601.55,580.0,593.5,485930
INDGN,2026-10-05,598.25,605.5,588.0,598.45,510522
INDGN,2026-10-06,595.0,598.4,591.0,596.3,133215
INDHOTEL,2026-09-29,709.0,725.9,704.6,714.35,26142773
INDHOTEL,2026-09-30,714.35,736.9,713.0,728.65,3733640
INDHOTEL,2026-10-01,728.0,732.95,712.3,718.0,4023940
INDHOTEL,2026-10-05,713.0,726.6,713.0,725.0,3696656
INDHOTEL,2026-10-06,720.3,736.0,720.3,736.0,2461719
INDIACEM,2026-09-29,314.5,314.55,302.05,303.7,130348
INDIACEM,2026-09-30,301.1,309.9,300.15,301.85,337561
INDIACEM,2026-10-01,300.5,303.0,290.25,295.15,231935
INDIACEM,2026-10-05,295.0,302.0,290.0,299.05,143087
INDIACEM,2026-10-06,299.75,303.15,294.15,295.25,139342
INDIAGLYCO,2026-09-29,301.5,307.7,292.6,304.5,501115
INDIAGLYCO,2026-09-30,307.0,314.3,304.1,307.4,321153
INDIAGLYCO,2026-10-01,306.8,306.8,290.0,298.8,273493
INDIAGLYCO,2026-10-05,300.0,307.8,296.05,303.35,285941
INDIAGLYCO,2026-10-06,305.0,324.75,303.05,318.95,613258
INDIAMART,2026-09-29,1638.3,1638.4,1600.0,1612.9,69706
INDIAMART,2026-09-30,1615.0,1644.0,1613.1,1629.0,101414
INDIAMART,2026-10-01,1620.0,1641.0,1590.1,1620.3,60779
INDIAMART,2026-10-05,1620.3,1648.0,1565.1,1591.5,61789
INDIAMART,2026-10-06,1584.0,1616.0,1584.0,1592.9,41628
INDIANB,2026-09-30,800.0,814.65,799.2,805.9,1068705
INDIANB,2026-10-01,805.9,810.5,786.85,793.15,671392
INDIANB,2026-10-02,793.15,793.15,793.15,793.15,0
INDIANB,2026-10-05,801.75,817.9,801.75,810.0,1043196
INDIANB,2026-10-06,812.0,819.0,807.7,813.0,888114
INDIANCARD,2026-09-29,193.75,193.75,183.0,183.72,5044
INDIANCARD,2026-09-30,180.9,190.0,180.0,186.13,4029
INDIANCARD,2026-10-01,192.95,192.95,183.04,188.37,2084
INDIANCARD,2026-10-05,188.37,191.99,181.24,184.82,1899
INDIANCARD,2026-10-06,190.0,190.0,184.83,187.86,216
INDIANHUME,2026-09-29,350.35,358.0,345.35,355.8,66941
INDIANHUME,2026-09-30,352.15,362.8,350.3,352.8,25759
INDIANHUME,2026-10-01,354.5,354.5,337.85,346.1,33765
INDIANHUME,2026-10-05,346.1,347.85,334.05,335.7,23630
INDIANHUME,2026-10-06,337.7,342.5,333.6,341.2,40380
INDIASHLTR,2026-09-29,640.7,646.95,620.15,639.75,284396
INDIASHLTR,2026-09-30,639.75,645.8,630.75,635.6,44998
INDIASHLTR,2026-10-01,630.5,650.0,630.5,645.6,88297
INDIASHLTR,2026-10-05,645.0,653.6,636.7,646.6,225850
INDIASHLTR,2026-10-06,641.0,648.3,635.0,636.35,37402
INDIFRA,2026-09-29,12.25,12.25,12.25,12.25,2000
INDIFRA,2026-09-30,12.25,12.25,12.25,12.25,0
INDIFRA,2026-10-01,12.25,12.25,12.25,12.25,0
INDIFRA,2026-10-02,12.25,12.25,12.25,12.25,0
INDIFRA,2026-10-05,11.7,11.7,11.65,11.65,6000
INDIGO,2026-09-30,4915.5,5021.5,4893.5,4984.0,624800
INDIGO,2026-10-01,4936.0,5016.2002,4878.0,4929.8999,592514
INDIGO,2026-10-02,4929.8999,4929.8999,4929.8999,4929.8999,0
INDIGO,2026-10-05,4945.0,4999.0,4907.7002,4935.0,404828
INDIGO,2026-10-06,4954.8999,5057.6001,4925.1001,5050.5,613713
INDIGOPNTS,2026-09-30,1078.9,1104.2,1072.0,1091.0,37864
INDIGOPNTS,2026-10-01,1078.9,1086.1,1050.0,1053.5,75763
INDIGOPNTS,2026-10-02,1053.5,1053.5,1053.5,1053.5,0
INDIGOPNTS,2026-10-05,1049.3,1064.2,1033.1,1040.0,56278
INDIGOPNTS,2026-10-06,1045.0,1069.2,1032.5,1062.4,40882
INDIGRID,2026-09-28,172.95,172.98,172.06,172.53,524197
INDIGRID,2026-09-29,172.99,172.99,171.52,172.1,478812
INDIGRID,2026-09-30,172.1,172.51,170.7,170.98,1264894
INDIGRID,2026-10-01,171.0,171.48,169.51,169.85,1105943
INDIGRID,2026-10-05,169.85,173.51,169.51,169.75,682473
INDIQUBE,2026-09-29,199.8,199.8,193.23,196.14,57862
INDIQUBE,2026-09-30,197.54,199.48,192.66,196.38,19857
INDIQUBE,2026-10-01,195.0,200.0,191.15,197.49,25992
INDIQUBE,2026-10-05,200.0,200.0,193.81,197.4,101074
INDIQUBE,2026-10-06,196.03,199.58,195.51,197.32,13399
INDNIPPON,2026-09-29,1295.1,1311.6,1226.0,1244.8,71735
INDNIPPON,2026-09-30,1246.0,1267.6,1216.1,1244.4,48325
INDNIPPON,2026-10-01,1255.0,1270.0,1187.7,1224.4,84237
INDNIPPON,2026-10-05,1237.9,1253.6,1205.0,1220.3,40393
INDNIPPON,2026-10-06,1233.7,1248.5,1215.1,1241.7,24214
INDOAMIN,2026-09-29,140.0,149.6,137.65,145.45,626536
INDOAMIN,2026-09-30,145.61,148.0,138.35,142.07,208080
INDOAMIN,2026-10-01,145.0,146.0,133.45,136.52,293231
INDOAMIN,2026-10-05,136.55,150.0,136.55,143.31,590272
INDOAMIN,2026-10-06,146.9,168.0,145.69,161.16,8040921
INDOBORAX,2026-09-29,487.8,497.5,465.55,489.5,1031179
INDOBORAX,2026-09-30,489.0,495.0,470.0,481.45,168168
INDOBORAX,2026-10-01,481.45,481.5,458.8,469.5,90013
INDOBORAX,2026-10-05,476.55,478.8,457.4,460.65,82751
INDOBORAX,2026-10-06,465.7,497.6,459.0,491.75,194570
INDOCO,2026-09-30,270.52,274.87,255.35,261.67,1088133
INDOCO,2026-10-01,256.0,257.7,245.3,251.75,291376
INDOCO,2026-10-02,251.75,251.75,251.75,251.75,0
INDOCO,2026-10-05,252.0,255.65,244.1,246.8,311539
INDOCO,2026-10-06,248.15,249.95,244.5,247.15,168290
INDOFARM,2026-09-29,134.66,136.0,132.02,133.17,56934
INDOFARM,2026-09-30,134.0,137.0,133.26,134.45,63176
INDOFARM,2026-10-01,134.37,134.81,128.25,131.77,100442
INDOFARM,2026-10-05,133.99,133.99,128.5,129.43,74848
INDOFARM,2026-10-06,131.7,137.0,130.11,134.32,165005
INDOKEM,2026-09-29,607.0,626.35,595.0,617.0,5978
INDOKEM,2026-09-30,625.0,625.0,595.2,600.45,4030
INDOKEM,2026-10-01,602.7,609.9,590.0,603.7,5070
INDOKEM,2026-10-05,602.35,602.35,585.0,598.25,1304
INDOKEM,2026-10-06,614.95,614.95,592.1,596.85,3482
INDOMIM,2026-09-30,1263.9,1263.9,1223.0,1242.45,707284
INDOMIM,2026-10-01,1227.0,1285.0,1215.0,1271.8,901958
INDOMIM,2026-10-02,1271.8,1271.8,1271.8,1271.8,0
INDOMIM,2026-10-05,1292.0,1333.9,1284.9,1320.4,939096
INDOMIM,2026-10-06,1329.9,1360.0,1305.0,1350.2,852688
INDORAMA,2026-09-30,105.85,107.5,99.0,100.36,1164796
INDORAMA,2026-10-01,98.0,101.64,91.55,95.81,1609228
INDORAMA,2026-10-02,95.81,95.81,95.81,95.81,0
INDORAMA,2026-10-05,97.95,99.79,93.15,93.69,760868
INDORAMA,2026-10-06,93.68,96.34,92.42,95.1,602928
INDOSTAR,2026-09-29,208.0,217.19,208.0,209.04,139436
INDOSTAR,2026-09-30,210.0,215.7,209.05,213.54,106921
INDOSTAR,2026-10-01,214.55,214.68,199.84,206.35,113755
INDOSTAR,2026-10-05,205.76,210.05,202.56,204.33,45587
INDOSTAR,2026-10-06,206.56,207.9,197.58,199.55,161011
INDOTECH,2026-09-29,3225.0,3270.0,3079.8999,3186.2,17139
INDOTECH,2026-09-30,3267.0,3275.0,3161.2,3188.2,8311
INDOTECH,2026-10-01,3204.3,3347.6001,3141.0,3347.6001,50433
INDOTECH,2026-10-05,3414.6001,3473.3,3251.1001,3275.3999,24448
INDOTECH,2026-10-06,3275.3999,3400.0,3275.3999,3352.8,22557
INDOTHAI,2026-09-29,30.03,31.93,29.0,31.93,1236632
INDOTHAI,2026-09-30,32.4,33.52,32.39,33.52,452135
INDOTHAI,2026-10-01,34.4,35.19,34.0,35.19,1541578
INDOTHAI,2026-10-05,36.7,36.94,35.42,36.94,957718
INDOTHAI,2026-10-06,37.59,38.78,37.09,38.78,552471
INDOUS,2026-09-29,77.47,79.0,77.0,77.42,3010
INDOUS,2026-09-30,79.5,81.98,75.51,78.22,35025
INDOUS,2026-10-01,79.0,79.0,76.3,76.75,533
INDOUS,2026-10-05,81.0,81.0,74.15,75.5,13152
INDOUS,2026-10-06,78.92,78.92,73.99,75.53,6111
INDOWIND,2026-09-29,8.79,8.92,8.48,8.86,87824
INDOWIND,2026-09-30,8.7,9.0,8.6,8.69,115529
INDOWIND,2026-10-01,8.84,8.84,8.21,8.44,118799
INDOWIND,2026-10-05,8.44,8.74,8.3,8.41,122499
INDOWIND,2026-10-06,8.55,8.8,8.5,8.56,84730
INDPRUD,2026-09-29,6100.0,6450.0,6100.0,6358.0,83
INDPRUD,2026-09-30,6350.0,6450.0,6290.0,6336.5,76
INDPRUD,2026-10-01,6494.0,6494.0,6251.0,6255.5,97
INDPRUD,2026-10-05,6305.0,6350.0,6290.0,6350.0,27
INDPRUD,2026-10-06,6400.0,6400.0,6050.0,6299.5,227
INDRAMEDCO,2026-09-29,360.0,363.15,352.0,354.8,406266
INDRAMEDCO,2026-09-30,355.0,358.95,340.2,348.95,390892
INDRAMEDCO,2026-10-01,345.0,346.25,335.5,338.6,320580
INDRAMEDCO,2026-10-05,341.85,342.25,331.55,333.95,119110
INDRAMEDCO,2026-10-06,334.0,336.55,327.35,335.15,209881
INDSWFTLAB,2026-09-30,417.25,424.75,382.0,388.75,805121
INDSWFTLAB,2026-10-01,388.6,409.9,379.5,395.15,749983
INDSWFTLAB,2026-10-02,395.15,395.15,395.15,395.15,0
INDSWFTLAB,2026-10-05,399.0,410.0,383.75,385.75,346248
INDSWFTLAB,2026-10-06,388.7,401.5,386.9,400.45,367930
INDTERRAIN,2026-09-29,29.6,29.6,29.02,29.3,14638
INDTERRAIN,2026-09-30,29.35,29.96,29.26,29.42,13832
INDTERRAIN,2026-10-01,29.35,29.93,29.15,29.22,6847
INDTERRAIN,2026-10-05,29.22,29.5,29.15,29.36,8392
INDTERRAIN,2026-10-06,29.04,29.73,29.04,29.22,16062
INDUSINDBK,2026-09-30,885.0,902.1,885.0,901.4,2428835
INDUSINDBK,2026-10-01,896.1,900.75,880.3,886.85,1761249
INDUSINDBK,2026-10-02,886.85,886.85,886.85,886.85,0
INDUSINDBK,2026-10-05,891.6,900.25,880.7,886.6,2459043
INDUSINDBK,2026-10-06,886.0,907.0,883.55,906.1,2405485
INDUSTOWER,2026-09-30,370.35,376.05,368.6,373.2,6712752
INDUSTOWER,2026-10-01,371.1,384.7,370.0,376.25,9498411
INDUSTOWER,2026-10-02,376.25,376.25,376.25,376.25,0
INDUSTOWER,2026-10-05,381.4,381.45,375.25,380.2,5862757
INDUSTOWER,2026-10-06,382.8,392.3,382.7,389.1,5484321
INFINIUM,2026-09-28,273.5,273.5,260.0,268.5,5000
INFINIUM,2026-09-29,260.0,266.5,258.0,266.5,5000
INFINIUM,2026-09-30,269.5,293.15,260.0,291.45,41500
INFINIUM,2026-10-01,290.55,317.4,289.0,314.25,40000
INFINIUM,2026-10-05,317.4,320.85,306.0,311.8,11500
INFOBEAN,2026-09-29,144.0,146.38,142.25,143.78,135403
INFOBEAN,2026-09-30,143.25,145.38,143.01,143.5,118611
INFOBEAN,2026-10-01,141.79,149.94,141.79,143.58,237666
INFOBEAN,2026-10-05,144.22,151.69,144.22,148.08,244306
INFOBEAN,2026-10-06,150.0,150.65,147.01,149.46,116776
INFOLLION,2026-09-28,155.55,155.55,147.0,152.0,7200
INFOLLION,2026-09-29,146.15,154.95,145.0,152.55,10400
INFOLLION,2026-09-30,151.0,152.55,151.0,152.0,2800
INFOLLION,2026-10-01,152.0,154.0,152.0,154.0,1200
INFOLLION,2026-10-05,168.4,168.4,153.2,160.4,19200
INFOMEDIA,2026-09-29,5.19,5.48,5.06,5.19,8965
INFOMEDIA,2026-09-30,5.29,5.54,5.05,5.38,21723
INFOMEDIA,2026-10-01,5.55,5.55,5.05,5.32,17374
INFOMEDIA,2026-10-05,5.54,5.54,5.16,5.21,9684
INFOMEDIA,2026-10-06,5.47,5.47,5.15,5.21,10232
INFY,2026-09-30,1004.0,1024.0,992.2,994.1,13508984
INFY,2026-10-01,1010.0,1035.0,999.15,1035.0,15166446
INFY,2026-10-02,1035.0,1035.0,1035.0,1035.0,0
INFY,2026-10-05,1050.0,1052.3,1010.0,1020.5,12126808
INFY,2026-10-06,1018.0,1020.5,1003.15,1013.85,8245427
INGERRAND,2026-09-30,4195.0,4237.2998,4077.0,4144.0,28231
INGERRAND,2026-10-01,4136.0,4175.0,4075.7,4158.7998,12216
INGERRAND,2026-10-02,4158.7998,4158.7998,4158.7998,4158.7998,0
INGERRAND,2026-10-05,4158.7998,4224.1001,4135.0,4154.2002,7413
INGERRAND,2026-10-06,4154.0,4187.8999,4117.0,4130.7998,5472
INM,2026-09-28,136.0,136.0,136.0,136.0,1200
INM,2026-09-29,149.0,150.05,149.0,150.0,15000
INM,2026-09-30,150.0,150.0,150.0,150.0,0
INM,2026-10-01,145.0,146.0,140.05,140.05,2400
INM,2026-10-05,141.0,141.0,140.0,141.0,4200
INNOVACAP,2026-09-29,1265.0,1314.8,1259.1,1271.2,147937
INNOVACAP,2026-09-30,1269.8,1270.0,1146.5,1159.8,621573
INNOVACAP,2026-10-01,1171.3,1215.0,1139.2,1168.0,268967
INNOVACAP,2026-10-05,1168.5,1193.0,1119.8,1145.4,102598
INNOVACAP,2026-10-06,1145.4,1159.2,1115.0,1141.8,71824
INNOVANA,2026-09-29,295.8,299.75,285.0,291.5,31625
INNOVANA,2026-09-30,296.1,296.1,286.05,292.55,25036
INNOVANA,2026-10-01,298.0,298.0,279.2,290.2,25514
INNOVANA,2026-10-05,292.85,304.85,287.55,302.3,27710
INNOVANA,2026-10-06,298.25,303.45,292.9,294.85,22993
INNOVISION,2026-09-29,251.7,255.0,251.5,253.7,4268
INNOVISION,2026-09-30,253.25,255.65,251.2,252.0,6614
INNOVISION,2026-10-01,250.45,256.2,250.35,253.0,21262
INNOVISION,2026-10-05,258.0,258.0,248.0,254.25,15235
INNOVISION,2026-10-06,254.0,258.1,252.2,256.5,7240
INOXGREEN,2026-09-30,164.79,166.82,160.0,161.07,413754
INOXGREEN,2026-10-01,161.49,163.73,155.36,159.0,980980
INOXGREEN,2026-10-02,159.0,159.0,159.0,159.0,0
INOXGREEN,2026-10-05,159.0,160.0,147.65,149.95,3846331
INOXGREEN,2026-10-06,149.95,152.2,144.1,146.59,2572274
INOXINDIA,2026-09-30,2087.2,2099.0,2040.1,2052.5,179897
INOXINDIA,2026-10-01,2052.5,2183.0,2013.2,2168.3,629630
INOXINDIA,2026-10-02,2168.3,2168.3,2168.3,2168.3,0
INOXINDIA,2026-10-05,2170.0,2202.2,2074.8999,2089.1001,300602
INOXINDIA,2026-10-06,2125.0,2146.0,2068.0,2077.3,331902
INOXWIND,2026-09-30,72.0,72.93,69.51,69.51,9235114
INOXWIND,2026-10-01,69.4,70.1,67.1,68.75,9972133
INOXWIND,2026-10-02,68.75,68.75,68.75,68.75,0
INOXWIND,2026-10-05,69.0,69.88,67.6,67.8,5978012
INOXWIND,2026-10-06,68.01,70.24,67.51,68.7,10423072
INSECTICID,2026-09-29,600.1,600.1,580.5,588.9,13561
INSECTICID,2026-09-30,585.1,599.2,581.05,584.3,7085
INSECTICID,2026-10-01,581.4,587.85,561.05,568.7,17552
INSECTICID,2026-10-05,578.85,593.45,566.15,578.8,15020
INSECTICID,2026-10-06,583.95,585.0,579.25,584.15,7785
INSPIRE,2026-09-28,9.0,9.0,9.0,9.0,0
INSPIRE,2026-09-29,9.0,9.0,9.0,9.0,0
INSPIRE,2026-09-30,9.0,9.0,9.0,9.0,0
INSPIRE,2026-10-01,9.45,9.45,9.45,9.45,6000
INSPIRE,2026-10-05,9.45,9.45,9.45,9.45,0
INSPIRISYS,2026-09-29,85.49,87.99,84.51,85.92,5984
INSPIRISYS,2026-09-30,84.22,90.0,84.22,87.16,5963
INSPIRISYS,2026-10-01,87.0,87.98,83.0,83.83,5889
INSPIRISYS,2026-10-05,84.0,85.79,83.0,83.02,5653
INSPIRISYS,2026-10-06,84.0,85.79,82.6,83.76,1388
INTELLECT,2026-09-30,614.0,634.2,609.0,613.65,457036
INTELLECT,2026-10-01,612.7,618.9,593.2,610.95,271796
INTELLECT,2026-10-02,610.95,610.95,610.95,610.95,0
INTELLECT,2026-10-05,619.0,619.0,593.65,600.2,306571
INTELLECT,2026-10-06,600.0,608.0,595.0,601.4,288452
INTENTECH,2026-09-29,81.25,82.98,81.25,82.63,4813
INTENTECH,2026-09-30,81.6,86.5,81.6,84.46,18698
INTENTECH,2026-10-01,84.21,84.46,81.25,81.98,19209
INTENTECH,2026-10-05,81.56,81.56,80.0,80.58,19297
INTENTECH,2026-10-06,80.18,84.5,80.18,84.1,94403
INTERARCH,2026-09-29,1718.6,1718.6,1678.7,1690.2,24515
INTERARCH,2026-09-30,1705.9,1713.5,1670.0,1673.4,34454
INTERARCH,2026-10-01,1712.9,1712.9,1641.2,1666.9,61235
INTERARCH,2026-10-05,1664.6,1685.1,1641.6,1661.7,35888
INTERARCH,2026-10-06,1678.3,1709.9,1661.7,1685.6,57391
INTLCONV,2026-09-29,79.9,80.86,79.9,80.0,35739
INTLCONV,2026-09-30,78.6,81.09,78.4,80.01,28672
INTLCONV,2026-10-01,80.5,80.82,79.9,80.03,43975
INTLCONV,2026-10-05,82.3,82.3,80.0,80.06,34181
INTLCONV,2026-10-06,80.86,81.8,80.0,80.02,19239
INVENTURE,2026-09-29,0.87,0.87,0.85,0.86,1105528
INVENTURE,2026-09-30,0.86,0.88,0.86,0.86,476101
INVENTURE,2026-10-01,0.86,0.87,0.85,0.85,399389
INVENTURE,2026-10-05,0.86,0.86,0.85,0.85,449348
INVENTURE,2026-10-06,0.85,0.86,0.85,0.85,472880
INVPRECQ,2026-09-29,1543.6,1543.6,1450.0,1521.2,7980
INVPRECQ,2026-09-30,1550.0,1560.0,1480.1,1536.7,3316
INVPRECQ,2026-10-01,1573.0,1602.0,1510.0,1595.2,8077
INVPRECQ,2026-10-05,1639.0,1651.0,1580.1,1612.1,4896
INVPRECQ,2026-10-06,1655.0,1675.0,1560.0,1571.3,6162
IOB,2026-09-29,31.74,31.98,30.51,30.95,15845308
IOB,2026-09-30,31.0,31.54,30.8,30.96,2518317
IOB,2026-10-01,30.66,30.83,30.07,30.38,2774243
IOB,2026-10-05,30.5,31.9,30.5,31.35,4689838
IOB,2026-10-06,31.4,31.62,30.94,31.46,2268288
IOC,2026-09-30,133.3,135.99,133.14,134.93,9545086
IOC,2026-10-01,134.0,134.1,131.2,131.34,12239747
IOC,2026-10-02,131.34,131.34,131.34,131.34,0
IOC,2026-10-05,132.48,134.35,129.8,130.5,9644919
IOC,2026-10-06,131.0,131.6,129.55,131.6,6508226
IOLCP,2026-09-30,202.6,211.6,202.51,207.08,3390524
IOLCP,2026-10-01,206.0,213.69,202.57,209.39,4041973
IOLCP,2026-10-02,209.39,209.39,209.39,209.39,0
IOLCP,2026-10-05,211.48,214.4,204.35,205.71,2946260
IOLCP,2026-10-06,206.5,216.55,204.73,214.9,3883120
IONEXCHANG,2026-09-30,411.9,414.5,403.6,411.15,230496
IONEXCHANG,2026-10-01,413.5,413.5,393.95,406.4,219266
IONEXCHANG,2026-10-02,406.4,406.4,406.4,406.4,0
IONEXCHANG,2026-10-05,405.05,410.0,397.1,401.75,203327
IONEXCHANG,2026-10-06,402.85,411.0,399.65,409.2,113442
IPCALAB,2026-09-29,1919.7,1980.0,1919.7,1938.1,246042
IPCALAB,2026-09-30,1950.3,1984.9,1916.4,1927.0,312460
IPCALAB,2026-10-01,1929.9,1966.8,1880.8,1943.2,323967
IPCALAB,2026-10-05,1973.7,1984.9,1930.3,1951.3,210605
IPCALAB,2026-10-06,1951.2,1965.0,1932.0,1945.5,271583
IPL,2026-09-29,131.8,133.85,128.05,133.12,241268
IPL,2026-09-30,133.0,135.0,131.1,132.72,140290
IPL,2026-10-01,131.5,132.48,128.25,130.68,173318
IPL,2026-10-05,132.0,132.0,128.1,128.75,167598
IPL,2026-10-06,129.0,133.3,127.5,132.6,220828
IPRINGLTD,2026-09-29,135.99,144.14,135.1,136.13,2024
IPRINGLTD,2026-09-30,144.0,147.99,142.0,145.03,3198
IPRINGLTD,2026-10-01,142.13,142.13,140.2,141.95,66
IPRINGLTD,2026-10-05,135.05,144.0,135.0,137.15,1997
IPRINGLTD,2026-10-06,137.15,144.0,137.0,143.67,834
IPSL,2026-09-29,215.0,215.0,215.0,215.0,0
IPSL,2026-09-30,180.0,229.0,175.35,185.9,7500
IPSL,2026-10-01,185.9,185.9,185.9,185.9,0
IPSL,2026-10-02,185.9,185.9,185.9,185.9,0
IPSL,2026-10-05,190.0,219.0,190.0,210.0,13500
IRB,2026-09-30,16.98,17.57,16.92,17.49,15971102
IRB,2026-10-01,17.2,17.2,16.82,17.0,10838420
IRB,2026-10-02,17.0,17.0,17.0,17.0,0
IRB,2026-10-05,17.05,17.3,16.8,16.87,10276300
IRB,2026-10-06,16.92,18.23,16.84,17.84,14799296
IRBINVIT,2026-09-28,64.83,64.83,64.27,64.33,333091
IRBINVIT,2026-09-29,64.35,64.6,64.0,64.17,520170
IRBINVIT,2026-09-30,64.4,64.4,64.1,64.22,680583
IRBINVIT,2026-10-01,64.25,64.25,63.6,63.8,666073
IRBINVIT,2026-10-05,64.09,64.24,63.7,63.93,593791
IRCON,2026-09-29,103.0,104.4,101.6,102.47,1966663
IRCON,2026-09-30,102.8,122.96,102.8,117.09,76654100
IRCON,2026-10-01,114.0,114.4,108.5,110.25,20851568
IRCON,2026-10-05,110.25,111.11,106.25,106.88,4101437
IRCON,2026-10-06,106.98,109.58,106.46,107.86,2575403
IRCTC,2026-09-30,452.55,467.35,452.55,455.4,829734
IRCTC,2026-10-01,454.8,466.25,446.8,454.1,1528758
IRCTC,2026-10-02,454.1,454.1,454.1,454.1,0
IRCTC,2026-10-05,454.15,464.6,448.05,452.8,1583641
IRCTC,2026-10-06,452.8,460.05,451.5,454.8,718254
IREDA,2026-09-30,111.7,113.84,111.37,111.68,3872732
IREDA,2026-10-01,111.5,111.86,108.53,111.0,5290233
IREDA,2026-10-02,111.0,111.0,111.0,111.0,0
IREDA,2026-10-05,111.68,111.86,108.5,109.0,4155590
IREDA,2026-10-06,110.0,110.23,108.8,109.0,3012105
IRFC,2026-09-30,78.6,81.5,78.41,79.28,38110222
IRFC,2026-10-01,78.7,78.92,76.51,77.06,12764829
IRFC,2026-10-02,77.06,77.06,77.06,77.06,0
IRFC,2026-10-05,78.0,78.1,76.06,76.5,8816833
IRFC,2026-10-06,76.98,78.07,76.33,77.1,6643317
IRIS,2026-09-29,228.94,234.85,223.0,230.23,26828
IRIS,2026-09-30,234.92,234.99,222.0,223.38,9220
IRIS,2026-10-01,228.6,229.9,222.0,225.1,11672
IRIS,2026-10-05,225.1,227.13,219.11,220.46,5596
IRIS,2026-10-06,220.22,226.99,217.8,221.57,18132
IRISDOREME,2026-09-29,63.0,66.17,62.11,62.8,537555
IRISDOREME,2026-09-30,62.8,63.48,61.0,61.55,155703
IRISDOREME,2026-10-01,61.55,63.0,59.23,60.46,180441
IRISDOREME,2026-10-05,62.0,62.0,57.72,59.69,439369
IRISDOREME,2026-10-06,60.35,60.58,58.2,58.45,130667
IRMENERGY,2026-09-30,263.25,272.1,263.25,264.45,32502
IRMENERGY,2026-10-01,263.5,263.7,253.05,257.7,60300
IRMENERGY,2026-10-02,257.7,257.7,257.7,257.7,0
IRMENERGY,2026-10-05,260.9,264.8,256.8,259.5,47444
IRMENERGY,2026-10-06,256.2,264.45,256.2,262.1,37771
ISFT,2026-09-29,95.1,101.1,91.48,100.11,19117
ISFT,2026-09-30,101.61,101.84,95.11,95.86,9354
ISFT,2026-10-01,93.5,99.1,93.5,97.91,19725
ISFT,2026-10-05,97.91,101.0,93.5,99.82,10417
ISFT,2026-10-06,99.5,100.49,97.11,98.32,8338
ISGEC,2026-09-30,880.25,893.5,871.2,883.1,77493
ISGEC,2026-10-01,879.6,929.9,865.55,919.7,203704
ISGEC,2026-10-02,919.7,919.7,919.7,919.7,0
ISGEC,2026-10-05,924.45,926.1,892.4,899.3,88849
ISGEC,2026-10-06,899.6,913.45,898.0,905.0,52545
ISHAN,2026-09-28,0.5,0.5,0.5,0.5,48000
ISHAN,2026-09-29,0.5,0.5,0.5,0.5,0
ISHAN,2026-09-30,0.45,0.5,0.45,0.5,144000
ISHAN,2026-10-01,0.45,0.45,0.45,0.45,48000
ISHAN,2026-10-05,0.5,0.5,0.45,0.5,144000
ISHANCH,2026-09-29,48.05,50.81,46.5,47.35,19242
ISHANCH,2026-09-30,47.35,49.69,46.26,47.82,48457
ISHANCH,2026-10-01,48.02,48.98,46.2,47.3,16306
ISHANCH,2026-10-05,48.89,48.89,45.72,47.39,4869
ISHANCH,2026-10-06,47.39,48.96,46.05,47.92,10450
ISTLTD,2026-09-29,635.05,655.0,635.0,640.0,171
ISTLTD,2026-09-30,655.0,665.0,620.0,642.9,458
ISTLTD,2026-10-01,642.9,646.0,625.1,635.0,857
ISTLTD,2026-10-05,635.0,640.0,585.0,610.5,1474
ISTLTD,2026-10-06,622.3,651.45,620.55,637.2,871
ITALIANE,2026-09-28,29.9,30.3,29.9,30.3,4000
ITALIANE,2026-09-29,30.5,30.5,30.5,30.5,2000
ITALIANE,2026-09-30,30.5,30.5,30.5,30.5,0
ITALIANE,2026-10-01,29.15,29.2,29.15,29.2,8000
ITALIANE,2026-10-05,29.6,29.6,28.2,28.2,4000
ITC,2026-09-30,265.0,266.9,261.4,262.75,14079098
ITC,2026-10-01,262.7,262.7,254.65,255.9,16447266
ITC,2026-10-02,255.9,255.9,255.9,255.9,0
ITC,2026-10-05,260.95,269.8,259.0,268.9,49020716
ITC,2026-10-06,269.0,269.4,263.95,266.7,22129119
ITCHOTELS,2026-09-30,161.7,164.9,160.25,164.13,1550628
ITCHOTELS,2026-10-01,163.2,163.3,157.05,158.51,2346443
ITCHOTELS,2026-10-02,158.51,158.51,158.51,158.51,0
ITCHOTELS,2026-10-05,159.8,160.8,158.11,158.96,922569
ITCHOTELS,2026-10-06,159.5,160.8,158.3,160.21,1237020
ITDC,2026-09-29,662.5,670.85,645.55,657.15,96658
ITDC,2026-09-30,660.0,728.0,656.1,687.65,4549325
ITDC,2026-10-01,676.5,678.7,660.65,665.6,162183
ITDC,2026-10-05,667.8,682.0,660.0,664.8,143155
ITDC,2026-10-06,664.8,678.0,662.4,675.25,73932
ITI,2026-09-30,242.6,261.9,242.25,246.4,1068588
ITI,2026-10-01,244.8,245.8,238.13,241.54,157624
ITI,2026-10-02,241.54,241.54,241.54,241.54,0
ITI,2026-10-05,241.7,245.49,238.55,240.75,171192
ITI,2026-10-06,241.0,253.98,241.0,247.84,566633
ITL,2026-09-29,361.6,361.6,343.05,353.0,2146
ITL,2026-09-30,356.5,356.5,347.05,351.2,665
ITL,2026-10-01,358.8,358.8,340.0,348.0,4106
ITL,2026-10-05,356.6,356.6,343.05,355.4,827
ITL,2026-10-06,356.0,370.0,352.05,366.75,1583
IVALUE,2026-09-29,218.47,228.4,215.82,224.61,118885
IVALUE,2026-09-30,225.9,228.1,220.25,222.76,66924
IVALUE,2026-10-01,222.0,230.0,216.5,219.28,195136
IVALUE,2026-10-05,221.69,232.0,221.47,228.29,215545
IVALUE,2026-10-06,226.02,232.56,226.01,229.45,93426
IVC,2026-09-29,7.88,7.9,7.62,7.68,134792
IVC,2026-09-30,7.71,8.18,7.71,7.8,469057
IVC,2026-10-01,8.08,8.08,7.66,7.81,348348
IVC,2026-10-05,8.05,8.18,7.8,7.85,238985
IVC,2026-10-06,7.98,8.1,7.85,8.0,161487
IVP,2026-09-29,228.15,228.15,222.93,226.08,6529
IVP,2026-09-30,228.55,228.9,222.1,225.91,9312
IVP,2026-10-01,220.2,228.0,215.5,224.81,10427
IVP,2026-10-05,225.05,231.99,216.32,219.17,22928
IVP,2026-10-06,220.26,230.12,220.26,228.92,20377
IWP,2026-09-30,38.34,38.65,36.41,37.52,82945
IWP,2026-10-01,38.4,38.4,34.82,36.46,33434
IWP,2026-10-02,36.46,36.46,36.46,36.46,0
IWP,2026-10-05,36.46,40.83,35.01,38.73,94608
IWP,2026-10-06,39.0,39.0,35.85,37.38,16737
IXIGO,2026-09-29,155.16,160.5,152.51,160.24,643712
IXIGO,2026-09-30,160.24,164.21,159.51,162.89,842850
IXIGO,2026-10-01,163.0,163.03,159.36,161.9,665583
IXIGO,2026-10-05,162.0,165.51,159.71,161.0,744966
IXIGO,2026-10-06,161.03,161.83,158.24,160.13,1706871
IZMO,2026-09-29,879.0,902.9,873.6,888.2,57013
IZMO,2026-09-30,895.0,909.8,870.1,874.8,82671
IZMO,2026-10-01,889.95,889.95,832.6,855.95,79046
IZMO,2026-10-05,859.95,894.45,850.1,870.7,89447
IZMO,2026-10-06,870.0,875.95,860.6,864.3,43439
J&KBANK,2026-09-29,142.63,143.64,138.0,138.52,2354937
J&KBANK,2026-09-30,139.0,142.26,138.0,138.65,1592541
J&KBANK,2026-10-01,138.4,143.06,136.8,139.98,3955477
J&KBANK,2026-10-05,141.38,143.46,139.83,141.53,3523704
J&KBANK,2026-10-06,141.5,142.25,139.0,139.5,1505478
JAGRAN,2026-09-29,62.23,62.4,61.3,62.01,151788
JAGRAN,2026-09-30,62.05,62.99,62.0,62.3,103134
JAGRAN,2026-10-01,61.46,61.84,61.2,61.55,207076
JAGRAN,2026-10-05,61.55,62.0,61.11,61.33,134875
JAGRAN,2026-10-06,61.33,62.14,61.33,61.72,99565
JAGSNPHARM,2026-09-29,239.02,240.87,232.3,234.71,93102
JAGSNPHARM,2026-09-30,237.99,246.0,232.0,237.74,282625
JAGSNPHARM,2026-10-01,237.74,238.01,225.46,231.73,144354
JAGSNPHARM,2026-10-05,232.49,235.39,227.0,229.47,146699
JAGSNPHARM,2026-10-06,228.9,235.99,227.01,233.63,58557
JAIBALAJI,2026-09-29,63.55,64.36,62.05,63.35,338779
JAIBALAJI,2026-09-30,64.18,65.0,62.0,62.24,275374
JAIBALAJI,2026-10-01,62.51,62.58,60.33,61.72,504237
JAIBALAJI,2026-10-05,63.37,63.37,59.51,61.12,375785
JAIBALAJI,2026-10-06,62.49,64.17,61.53,64.17,469737
JAICORPLTD,2026-09-30,91.8,93.63,91.3,91.69,201178
JAICORPLTD,2026-10-01,91.4,91.4,87.6,89.54,304700
JAICORPLTD,2026-10-02,89.54,89.54,89.54,89.54,0
JAICORPLTD,2026-10-05,88.2,90.39,87.51,88.49,333789
JAICORPLTD,2026-10-06,89.46,90.4,88.36,90.17,301894
JAINAM,2026-09-29,201.5,201.5,201.5,201.5,1000
JAINAM,2026-09-30,201.5,201.5,201.5,201.5,0
JAINAM,2026-10-01,201.5,201.5,201.5,201.5,0
JAINAM,2026-10-02,201.5,201.5,201.5,201.5,0
JAINAM,2026-10-05,201.5,201.5,201.5,201.5,0
JAINREC,2026-09-29,282.0,294.45,277.1,287.65,1712900
JAINREC,2026-09-30,286.9,293.85,283.05,292.35,924581
JAINREC,2026-10-01,289.85,290.85,278.65,282.5,784762
JAINREC,2026-10-05,285.6,292.75,282.5,290.45,699536
JAINREC,2026-10-06,291.85,292.9,288.6,290.15,438887
JAIPURKURT,2026-09-29,25.0,26.0,24.61,25.86,4946
JAIPURKURT,2026-09-30,27.0,27.0,25.02,26.69,48210
JAIPURKURT,2026-10-01,27.0,27.0,25.5,26.49,10275
JAIPURKURT,2026-10-05,27.0,27.0,25.59,26.01,9493
JAIPURKURT,2026-10-06,25.51,28.0,25.51,27.37,99083
JALAN,2026-09-28,1.75,1.75,1.7,1.75,6000
JALAN,2026-09-29,1.7,1.7,1.7,1.7,3000
JALAN,2026-09-30,1.65,1.65,1.65,1.65,6000
JALAN,2026-10-01,1.65,1.65,1.65,1.65,6000
JALAN,2026-10-05,1.6,1.6,1.6,1.6,24000
JAMNAAUTO,2026-09-29,139.4,139.4,134.91,136.27,1537760
JAMNAAUTO,2026-09-30,136.35,141.75,135.7,136.35,2575110
JAMNAAUTO,2026-10-01,136.35,136.4,128.41,131.66,1577845
JAMNAAUTO,2026-10-05,132.51,134.88,131.71,134.45,1040621
JAMNAAUTO,2026-10-06,136.0,145.44,134.45,144.21,6121789
JARO,2026-09-29,423.0,428.3,418.5,421.55,88930
JARO,2026-09-30,421.55,427.65,419.0,420.1,91420
JARO,2026-10-01,420.0,420.85,403.4,408.4,99816
JARO,2026-10-05,414.3,414.3,401.15,405.15,103783
JARO,2026-10-06,405.7,416.9,405.7,413.85,112074
JASH,2026-09-30,600.0,619.4,585.15,591.65,838814
JASH,2026-10-01,591.45,591.45,560.1,576.3,408620
JASH,2026-10-02,576.3,576.3,576.3,576.3,0
JASH,2026-10-05,582.0,605.0,581.0,598.1,495530
JASH,2026-10-06,600.0,600.0,586.0,594.95,176581
JAYAGROGN,2026-09-29,231.2,233.48,223.0,225.44,23666
JAYAGROGN,2026-09-30,224.77,226.14,222.7,223.18,7967
JAYAGROGN,2026-10-01,222.4,222.78,209.88,211.22,68473
JAYAGROGN,2026-10-05,213.6,218.38,210.25,211.82,11264
JAYAGROGN,2026-10-06,213.8,221.49,213.8,219.16,7595
JAYBARMARU,2026-09-29,123.5,127.9,120.61,124.6,649558
JAYBARMARU,2026-09-30,125.95,129.4,123.67,128.39,660716
JAYBARMARU,2026-10-01,128.5,132.0,124.77,130.8,746037
JAYBARMARU,2026-10-05,133.0,133.0,127.1,127.98,323573
JAYBARMARU,2026-10-06,129.8,134.37,126.7,134.37,807936
JAYKAY,2026-09-29,208.0,209.99,197.0,205.01,572922
JAYKAY,2026-09-30,206.05,214.9,204.1,204.93,641565
JAYKAY,2026-10-01,204.78,209.95,198.3,201.46,437158
JAYKAY,2026-10-05,203.45,230.0,203.45,221.97,5652546
JAYKAY,2026-10-06,230.33,243.89,228.01,240.02,6302272
JAYNECOIND,2026-09-29,87.2,94.4,86.77,92.66,5809490
JAYNECOIND,2026-09-30,93.7,96.38,92.0,92.79,5628555
JAYNECOIND,2026-10-01,92.51,92.95,89.01,91.28,3192474
JAYNECOIND,2026-10-05,91.1,93.39,90.0,91.0,2941585
JAYNECOIND,2026-10-06,91.0,95.31,90.75,94.45,3108487
JAYSREETEA,2026-09-30,86.25,89.55,85.01,85.74,32813
JAYSREETEA,2026-10-01,85.5,86.89,82.7,83.65,30269
JAYSREETEA,2026-10-02,83.65,83.65,83.65,83.65,0
JAYSREETEA,2026-10-05,84.95,85.0,81.61,82.7,35363
JAYSREETEA,2026-10-06,83.9,87.26,82.62,85.74,23946
JBMA,2026-09-29,571.05,576.35,561.0,563.15,211192
JBMA,2026-09-30,568.95,572.7,552.0,556.5,234314
JBMA,2026-10-01,551.75,555.3,533.95,544.65,403885
JBMA,2026-10-05,550.0,557.0,540.6,544.55,186164
JBMA,2026-10-06,544.55,559.45,544.35,555.65,252165
JENBURPH,2026-09-30,930.0,944.0,911.2,914.6,2329
JENBURPH,2026-10-01,925.1,944.8,910.0,915.25,3262
JENBURPH,2026-10-02,915.25,915.25,915.25,915.25,0
JENBURPH,2026-10-05,919.9,934.0,897.25,900.4,1262
JENBURPH,2026-10-06,900.4,920.85,893.05,905.55,1456
JETFREIGHT,2026-09-29,21.45,21.78,20.51,20.63,289665
JETFREIGHT,2026-09-30,20.32,21.25,20.32,20.74,93418
JETFREIGHT,2026-10-01,20.94,20.97,19.1,19.59,232005
JETFREIGHT,2026-10-05,19.94,20.25,19.07,19.85,184688
JETFREIGHT,2026-10-06,19.85,20.24,19.46,19.8,104313
JFLLIFE,2026-09-28,10.35,10.35,10.35,10.35,6000
JFLLIFE,2026-09-29,10.05,10.05,9.85,10.0,102000
JFLLIFE,2026-09-30,10.0,10.0,9.85,10.0,48000
JFLLIFE,2026-10-01,10.0,10.0,10.0,10.0,6000
JFLLIFE,2026-10-05,10.25,10.25,10.25,10.25,12000
JGCHEM,2026-09-30,671.55,688.0,617.5,645.1,1421545
JGCHEM,2026-10-01,634.8,637.7,590.1,610.3,792128
JGCHEM,2026-10-02,610.3,610.3,610.3,610.3,0
JGCHEM,2026-10-05,610.9,628.75,605.0,609.65,297878
JGCHEM,2026-10-06,611.0,668.5,611.0,665.45,750591
JHS,2026-09-29,8.99,10.57,8.58,10.38,2324625
JHS,2026-09-30,11.4,12.45,11.0,12.45,2836786
JHS,2026-10-01,13.47,13.69,11.22,11.7,4065094
JHS,2026-10-05,11.89,12.15,10.53,10.53,1114692
JHS,2026-10-06,10.39,10.75,10.01,10.36,214870
JINDALPHOT,2026-09-29,1047.1,1054.9,1040.4,1043.4,1109
JINDALPHOT,2026-09-30,1040.4,1067.0,1031.0,1040.5,939
JINDALPHOT,2026-10-01,1040.5,1052.8,1025.1,1031.8,779
JINDALPHOT,2026-10-05,1020.4,1059.7,1020.4,1024.7,875
JINDALPHOT,2026-10-06,1024.5,1049.8,1012.0,1024.8,1695
JINDALPOLY,2026-09-29,679.95,685.35,667.05,675.3,10340
JINDALPOLY,2026-09-30,681.5,688.55,670.0,672.55,5648
JINDALPOLY,2026-10-01,664.2,673.1,637.0,653.7,15020
JINDALPOLY,2026-10-05,653.7,664.9,636.0,641.6,14364
JINDALPOLY,2026-10-06,655.45,670.0,647.15,658.35,13687
JINDALSAW,2026-09-29,277.6,279.9,272.3,277.7,904937
JINDALSAW,2026-09-30,277.3,282.05,274.35,277.7,1224272
JINDALSAW,2026-10-01,274.7,274.8,260.6,270.3,2164459
JINDALSAW,2026-10-05,270.05,277.4,270.05,275.0,1309022
JINDALSAW,2026-10-06,276.5,283.7,274.75,282.4,1056075
JINDALSTEL,2026-09-30,1130.0,1144.3,1124.6,1134.9,1535849
JINDALSTEL,2026-10-01,1130.5,1132.7,1079.0,1100.5,862948
JINDALSTEL,2026-10-02,1100.5,1100.5,1100.5,1100.5,0
JINDALSTEL,2026-10-05,1101.1,1115.8,1086.7,1097.3,444005
JINDALSTEL,2026-10-06,1090.0,1090.0,1034.8,1085.9,4442443
JINDRILL,2026-09-29,620.9,620.9,596.4,599.95,389254
JINDRILL,2026-09-30,599.9,612.4,595.35,600.6,191699
JINDRILL,2026-10-01,595.9,595.9,575.65,587.65,168192
JINDRILL,2026-10-05,587.65,593.9,583.15,585.95,99604
JINDRILL,2026-10-06,588.0,593.0,584.6,590.7,94108
JINDWORLD,2026-09-30,47.6,47.97,46.26,46.54,2793369
JINDWORLD,2026-10-01,46.33,46.64,44.32,45.82,2785205
JINDWORLD,2026-10-02,45.82,45.82,45.82,45.82,0
JINDWORLD,2026-10-05,46.45,47.2,45.1,45.37,2517504
JINDWORLD,2026-10-06,45.37,45.97,45.1,45.39,1298991
JIOFIN,2026-09-30,218.0,220.39,215.64,216.88,14305215
JIOFIN,2026-10-01,216.0,216.2,208.5,212.5,28082023
JIOFIN,2026-10-02,212.5,212.5,212.5,212.5,0
JIOFIN,2026-10-05,213.85,213.99,210.52,212.0,16101981
JIOFIN,2026-10-06,212.9,219.38,211.7,217.9,16688203
JISLDVREQS,2026-09-29,19.37,19.93,19.01,19.46,15311
JISLDVREQS,2026-09-30,19.5,19.98,19.01,19.14,9109
JISLDVREQS,2026-10-01,19.0,19.67,18.4,18.71,20071
JISLDVREQS,2026-10-05,18.7,19.5,18.53,18.89,6745
JISLDVREQS,2026-10-06,18.99,19.39,18.6,18.96,7394
JISLJALEQS,2026-09-30,28.93,29.3,27.75,27.93,1648888
JISLJALEQS,2026-10-01,27.89,27.89,27.01,27.3,1630361
JISLJALEQS,2026-10-02,27.3,27.3,27.3,27.3,0
JISLJALEQS,2026-10-05,27.45,27.83,26.7,26.81,1197115
JISLJALEQS,2026-10-06,26.86,27.1,26.5,26.65,1607572
JITFINFRA,2026-09-29,284.9,285.95,275.0,277.15,11547
JITFINFRA,2026-09-30,288.4,288.4,275.6,278.8,21653
JITFINFRA,2026-10-01,280.45,288.0,263.55,275.45,33140
JITFINFRA,2026-10-05,270.6,277.9,260.6,266.5,23423
JITFINFRA,2026-10-06,270.9,278.0,268.0,275.1,9604
JIWANRAM,2026-09-29,4.4,4.4,4.4,4.4,0
JIWANRAM,2026-09-30,4.4,4.4,4.4,4.4,0
JIWANRAM,2026-10-01,4.4,4.4,4.4,4.4,0
JIWANRAM,2026-10-02,4.4,4.4,4.4,4.4,0
JIWANRAM,2026-10-05,3.95,4.25,3.95,4.05,18000
JKCEMENT,2026-09-29,4993.5,4993.5,4810.5,4824.5,29444
JKCEMENT,2026-09-30,4848.0,5117.0,4848.0,5076.0,106778
JKCEMENT,2026-10-01,4986.0,5037.5,4891.0,4952.0,335492
JKCEMENT,2026-10-05,4983.0,5014.5,4903.5,4981.5,9705
JKCEMENT,2026-10-06,4952.5,5000.0,4945.5,4960.0,9885
JKIL,2026-09-29,461.9,462.25,450.0,451.4,54972
JKIL,2026-09-30,452.5,471.0,452.0,463.3,98451
JKIL,2026-10-01,457.9,465.75,442.0,461.85,85893
JKIL,2026-10-05,465.9,465.9,450.3,453.7,44272
JKIL,2026-10-06,453.7,455.3,445.15,448.3,52805
JKIPL,2026-09-29,95.46,98.07,95.05,97.69,2440
JKIPL,2026-09-30,96.05,100.5,96.0,97.7,3154
JKIPL,2026-10-01,96.0,98.8,94.25,96.51,10633
JKIPL,2026-10-05,96.0,98.5,94.01,95.13,3783
JKIPL,2026-10-06,94.83,97.98,94.5,95.52,4014
JKLAKSHMI,2026-09-30,490.05,498.75,488.1,492.3,104189
JKLAKSHMI,2026-10-01,490.0,491.15,471.6,476.6,290321
JKLAKSHMI,2026-10-02,476.6,476.6,476.6,476.6,0
JKLAKSHMI,2026-10-05,477.0,481.3,465.0,466.8,237436
JKLAKSHMI,2026-10-06,467.05,486.0,467.05,478.45,114155
JKPAPER,2026-09-29,398.2,403.9,388.35,391.35,252465
JKPAPER,2026-09-30,394.6,399.45,391.0,393.7,294026
JKPAPER,2026-10-01,392.0,393.2,376.0,382.6,365209
JKPAPER,2026-10-05,382.6,390.55,380.05,385.65,164425
JKPAPER,2026-10-06,387.5,400.75,385.65,393.45,307769
JKTYRE,2026-09-29,338.8,340.25,333.1,334.8,481192
JKTYRE,2026-09-30,337.0,349.0,337.0,347.0,1039519
JKTYRE,2026-10-01,346.05,346.05,334.2,340.35,487795
JKTYRE,2026-10-05,341.1,345.75,336.55,338.85,571827
JKTYRE,2026-10-06,340.3,342.25,338.05,339.35,354228
JLHL,2026-09-29,263.7,264.8,254.2,262.05,1466095
JLHL,2026-09-30,262.05,263.05,251.5,253.6,384611
JLHL,2026-10-01,253.6,261.9,248.6,259.85,143186
JLHL,2026-10-05,258.55,263.85,248.85,253.9,495948
JLHL,2026-10-06,258.85,258.85,252.0,253.85,46236
JMA,2026-09-29,88.97,90.5,85.34,89.34,7272
JMA,2026-09-30,89.1,91.34,87.06,89.6,7776
JMA,2026-10-01,89.6,89.6,87.2,87.64,7446
JMA,2026-10-05,86.26,89.6,86.26,87.07,3845
JMA,2026-10-06,87.07,88.8,86.0,86.92,8384
JMFINANCIL,2026-09-30,125.25,129.65,125.25,129.02,2299895
JMFINANCIL,2026-10-01,128.8,128.8,122.44,123.4,1953202
JMFINANCIL,2026-10-02,123.4,123.4,123.4,123.4,0
JMFINANCIL,2026-10-05,125.0,126.37,122.7,123.1,1028560
JMFINANCIL,2026-10-06,123.25,125.25,123.0,124.0,1300482
JNKINDIA,2026-09-30,459.95,462.9,434.8,438.2,239632
JNKINDIA,2026-10-01,440.0,441.6,416.5,432.7,180043
JNKINDIA,2026-10-02,432.7,432.7,432.7,432.7,0
JNKINDIA,2026-10-05,432.7,446.65,430.45,432.2,70571
JNKINDIA,2026-10-06,436.95,443.65,429.05,440.95,59917
JNPR,2026-09-29,265.0,275.0,263.25,272.3,899121
JNPR,2026-09-30,270.5,282.75,269.85,273.3,1056639
JNPR,2026-10-01,273.3,276.15,263.0,268.25,469197
JNPR,2026-10-05,270.9,280.9,269.0,271.3,1216951
JNPR,2026-10-06,271.3,284.5,271.2,280.6,766346
JOCIL,2026-09-30,162.0,162.0,146.0,146.86,5784
JOCIL,2026-10-01,151.9,151.9,144.38,145.22,952
JOCIL,2026-10-02,145.22,145.22,145.22,145.22,0
JOCIL,2026-10-05,149.99,149.99,145.65,147.84,2559
JOCIL,2026-10-06,147.84,149.69,147.0,148.47,872
JPOLYINVST,2026-09-30,950.0,959.5,930.05,933.4,1705
JPOLYINVST,2026-10-01,938.3,941.95,902.55,911.0,5263
JPOLYINVST,2026-10-02,911.0,911.0,911.0,911.0,0
JPOLYINVST,2026-10-05,900.0,925.0,885.0,891.2,5572
JPOLYINVST,2026-10-06,892.9,929.0,892.9,923.9,2637
JPPOWER,2026-09-30,15.25,15.58,15.0,15.13,29140693
JPPOWER,2026-10-01,15.05,15.15,14.61,14.8,41402005
JPPOWER,2026-10-02,14.8,14.8,14.8,14.8,0
JPPOWER,2026-10-05,15.0,15.1,14.86,14.91,31282813
JPPOWER,2026-10-06,15.0,15.23,14.96,15.0,30810703
JSFB,2026-09-30,506.0,509.0,486.0,489.3,428503
JSFB,2026-10-01,488.0,493.15,465.7,482.4,795611
JSFB,2026-10-02,482.4,482.4,482.4,482.4,0
JSFB,2026-10-05,487.45,501.85,483.25,498.6,673840
JSFB,2026-10-06,498.6,503.1,496.5,499.85,340187
JSIPL,2026-09-30,159.99,160.79,157.73,160.79,902237
JSIPL,2026-10-01,166.9,168.82,164.01,168.82,282671
JSIPL,2026-10-02,168.82,168.82,168.82,168.82,0
JSIPL,2026-10-05,177.26,177.26,177.26,177.26,40204
JSIPL,2026-10-06,186.12,186.12,186.12,186.12,24283
JSL,2026-09-29,746.9,750.0,726.0,738.3,614585
JSL,2026-09-30,735.7,749.85,733.0,747.4,860756
JSL,2026-10-01,736.1,745.4,728.35,732.7,764831
JSL,2026-10-05,735.0,747.0,728.9,742.0,393852
JSL,2026-10-06,742.5,759.6,742.05,750.95,476705
JSLL,2026-09-30,509.45,512.9,494.6,500.8,559788
JSLL,2026-10-01,500.0,502.0,474.0,480.8,905116
JSLL,2026-10-02,480.8,480.8,480.8,480.8,0
JSLL,2026-10-05,483.9,486.25,445.65,449.9,1610523
JSLL,2026-10-06,450.95,456.7,440.0,441.25,742786
JSWCEMENT,2026-09-30,113.6,114.03,112.3,113.38,1945111
JSWCEMENT,2026-10-01,113.92,113.94,109.62,111.6,1956465
JSWCEMENT,2026-10-02,111.6,111.6,111.6,111.6,0
JSWCEMENT,2026-10-05,112.0,113.31,109.86,111.09,1631122
JSWCEMENT,2026-10-06,111.35,113.6,110.48,113.2,1256947
JSWDULUX,2026-09-29,3169.8,3169.8,3005.2,3034.3999,187186
JSWDULUX,2026-09-30,3069.0,3091.3,3035.7,3079.0,14235
JSWDULUX,2026-10-01,3071.0,3071.0,2960.1001,3020.6001,22765
JSWDULUX,2026-10-05,3048.3999,3058.5,2928.8999,2964.8,48643
JSWDULUX,2026-10-06,2970.0,3019.8,2955.1001,3004.8,17773
JSWENERGY,2026-09-30,498.0,500.45,489.5,494.7,1797485
JSWENERGY,2026-10-01,493.0,493.0,475.1,485.0,1851516
JSWENERGY,2026-10-02,485.0,485.0,485.0,485.0,0
JSWENERGY,2026-10-05,485.85,491.8,483.25,491.8,1014257
JSWENERGY,2026-10-06,492.0,505.2,490.65,494.9,3951404
JSWHL,2026-09-29,10920.0,11169.0,10881.0,11000.0,1807
JSWHL,2026-09-30,11000.0,11409.0,11000.0,11346.0,51678
JSWHL,2026-10-01,11293.0,11361.0,11130.0,11258.0,3211
JSWHL,2026-10-05,11205.0,11417.0,11108.0,11350.0,1708
JSWHL,2026-10-06,11380.0,11445.0,11265.0,11313.0,2550
JSWINFRA,2026-09-30,352.0,358.5,348.7,356.6,2191121
JSWINFRA,2026-10-01,355.9,361.5,340.95,357.45,3430947
JSWINFRA,2026-10-02,357.45,357.45,357.45,357.45,0
JSWINFRA,2026-10-05,357.5,364.0,356.05,359.4,2349162
JSWINFRA,2026-10-06,361.5,366.95,359.4,363.05,2318314
JSWSTEEL,2026-09-30,1272.4,1275.9,1253.4,1253.4,1329600
JSWSTEEL,2026-10-01,1253.0,1256.4,1214.8,1233.0,3158301
JSWSTEEL,2026-10-02,1233.0,1233.0,1233.0,1233.0,0
JSWSTEEL,2026-10-05,1233.0,1252.4,1228.7,1235.3,1047395
JSWSTEEL,2026-10-06,1241.9,1261.5,1233.5,1259.6,1325998
JTEKTINDIA,2026-09-30,115.84,117.3,115.84,116.58,54853
JTEKTINDIA,2026-10-01,116.8,117.8,114.7,115.84,131859
JTEKTINDIA,2026-10-02,115.84,115.84,115.84,115.84,0
JTEKTINDIA,2026-10-05,116.3,117.86,113.07,113.68,114675
JTEKTINDIA,2026-10-06,114.05,115.95,113.55,115.38,65534
JTLIND,2026-09-30,88.99,91.11,87.8,88.28,1732287
JTLIND,2026-10-01,88.4,88.4,83.27,86.23,2529585
JTLIND,2026-10-02,86.23,86.23,86.23,86.23,0
JTLIND,2026-10-05,87.0,88.43,84.56,84.98,1489386
JTLIND,2026-10-06,84.9,86.54,83.57,84.53,3604954
JUBLCPL,2026-09-29,2124.6001,2154.7,2094.2,2107.3999,6652
JUBLCPL,2026-09-30,2122.6001,2141.5,2050.0,2061.2,4910
JUBLCPL,2026-10-01,2061.1001,2090.0,1980.0,2037.3,4880
JUBLCPL,2026-10-05,2010.0,2072.3999,1991.0,2021.8,8012
JUBLCPL,2026-10-06,2023.6,2063.8999,1994.7,2003.5,4932
JUBLFOOD,2026-09-29,478.5,478.55,460.2,463.0,2376051
JUBLFOOD,2026-09-30,463.4,466.25,451.1,456.7,797358
JUBLFOOD,2026-10-01,453.0,453.65,437.95,443.4,1560787
JUBLFOOD,2026-10-05,442.8,447.75,438.8,445.7,949778
JUBLFOOD,2026-10-06,445.55,462.1,444.45,449.75,1584500
JUBLINGREA,2026-09-29,657.1,657.2,635.2,639.1,250387
JUBLINGREA,2026-09-30,639.5,677.4,639.5,653.2,605507
JUBLINGREA,2026-10-01,653.0,653.0,626.3,638.0,244199
JUBLINGREA,2026-10-05,638.0,645.85,625.0,632.2,218343
JUBLINGREA,2026-10-06,633.2,647.9,629.15,644.25,188089
JUBLPHARMA,2026-09-29,1058.0,1089.65,1036.2,1048.2,1060299
JUBLPHARMA,2026-09-30,1052.1,1063.1,1021.6,1028.8,460073
JUBLPHARMA,2026-10-01,1026.0,1028.6,980.3,999.3,336042
JUBLPHARMA,2026-10-05,999.8,1012.0,972.1,981.6,203076
JUBLPHARMA,2026-10-06,982.0,996.6,970.1,989.2,174767
JUNIPER,2026-09-29,216.62,216.62,212.35,213.95,93329
JUNIPER,2026-09-30,214.0,218.0,212.15,213.42,90330
JUNIPER,2026-10-01,213.95,218.4,210.91,214.99,188659
JUNIPER,2026-10-05,217.9,218.6,214.21,216.0,53063
JUNIPER,2026-10-06,218.9,220.59,214.81,218.36,110499
JUSTDIAL,2026-09-29,662.6,665.0,642.4,656.5,97629
JUSTDIAL,2026-09-30,659.8,672.0,651.65,666.15,130940
JUSTDIAL,2026-10-01,666.15,666.15,646.3,653.15,123750
JUSTDIAL,2026-10-05,653.15,666.1,648.0,651.35,70392
JUSTDIAL,2026-10-06,651.0,661.95,650.0,658.95,52373
JWL,2026-09-30,221.5,244.8,220.59,233.12,24061117
JWL,2026-10-01,229.51,229.95,220.36,223.93,2250251
JWL,2026-10-02,223.93,223.93,223.93,223.93,0
JWL,2026-10-05,224.2,226.99,218.61,223.44,1604474
JWL,2026-10-06,223.5,226.9,221.78,224.64,775283
JYOTHYLAB,2026-09-30,184.6,187.48,183.29,186.7,398247
JYOTHYLAB,2026-10-01,186.66,186.66,180.01,182.91,392204
JYOTHYLAB,2026-10-02,182.91,182.91,182.91,182.91,0
JYOTHYLAB,2026-10-05,182.91,183.17,180.0,180.93,276917
JYOTHYLAB,2026-10-06,181.5,183.93,180.94,183.32,128353
JYOTICNC,2026-09-30,1062.0,1068.35,1028.0,1039.85,430258
JYOTICNC,2026-10-01,1026.0,1044.0,997.7,1032.1,652149
JYOTICNC,2026-10-02,1032.1,1032.1,1032.1,1032.1,0
JYOTICNC,2026-10-05,1052.7,1060.0,1020.5,1029.6,397257
JYOTICNC,2026-10-06,1042.7,1077.0,1029.1,1073.1,556993
JYOTIRES,2026-09-29,854.9,855.0,831.25,840.95,7605
JYOTIRES,2026-09-30,850.0,850.0,832.0,835.45,6331
JYOTIRES,2026-10-01,843.5,847.0,830.3,840.65,5241
JYOTIRES,2026-10-05,844.9,845.0,831.05,832.9,5477
JYOTIRES,2026-10-06,840.0,850.0,832.0,849.6,4245
JYOTISTRUC,2026-09-29,8.76,9.26,8.62,9.07,9980402
JYOTISTRUC,2026-09-30,8.98,9.25,8.83,8.9,4112757
JYOTISTRUC,2026-10-01,8.8,8.97,8.63,8.9,3855748
JYOTISTRUC,2026-10-05,8.9,9.06,8.65,8.67,3922651
JYOTISTRUC,2026-10-06,8.61,8.99,8.61,8.94,3302967
K2INFRA,2026-09-28,41.05,43.9,38.6,42.85,111600
K2INFRA,2026-09-29,43.0,45.0,43.0,44.9,15000
K2INFRA,2026-09-30,43.55,44.5,42.05,42.1,9600
K2INFRA,2026-10-01,41.5,43.2,41.5,42.9,10200
K2INFRA,2026-10-05,41.0,42.1,39.0,39.65,49800
KABRAEXTRU,2026-09-29,831.1,841.9,820.0,829.8,317848
KABRAEXTRU,2026-09-30,835.0,838.9,788.35,805.55,221415
KABRAEXTRU,2026-10-01,810.0,823.25,765.3,765.3,120365
KABRAEXTRU,2026-10-05,754.5,803.55,747.0,799.4,142249
KABRAEXTRU,2026-10-06,795.4,824.9,771.05,815.7,50963
KAJARIACER,2026-09-29,1179.6,1223.7,1167.0,1190.5,2954458
KAJARIACER,2026-09-30,1227.8,1265.9,1212.8,1235.1,2882388
KAJARIACER,2026-10-01,1233.6,1262.9,1220.5,1225.1,633743
KAJARIACER,2026-10-05,1230.0,1230.0,1202.6,1214.4,629499
KAJARIACER,2026-10-06,1218.0,1229.8,1197.1,1213.8,388374
KAKATCEM,2026-09-29,105.61,107.9,105.61,107.83,418
KAKATCEM,2026-09-30,107.88,107.9,104.4,105.18,1761
KAKATCEM,2026-10-01,104.02,106.8,102.8,103.09,1238
KAKATCEM,2026-10-05,103.01,105.9,103.01,104.79,458
KAKATCEM,2026-10-06,105.9,108.6,104.0,105.44,3216
KALAMANDIR,2026-09-29,78.99,79.5,75.37,76.19,739776
KALAMANDIR,2026-09-30,76.0,77.63,75.9,76.27,385217
KALAMANDIR,2026-10-01,76.25,76.25,73.1,74.37,488731
KALAMANDIR,2026-10-05,74.28,78.25,74.06,74.98,666784
KALAMANDIR,2026-10-06,75.69,77.9,75.12,77.36,487987
KALPATARU,2026-09-29,275.8,292.0,268.25,278.8,108375
KALPATARU,2026-09-30,278.8,285.0,276.0,278.7,55095
KALPATARU,2026-10-01,280.0,282.7,269.05,273.5,42743
KALPATARU,2026-10-05,271.0,279.75,270.0,272.3,17262
KALPATARU,2026-10-06,274.6,275.45,268.6,269.8,77594
KALYANIFRG,2026-09-29,999.0,1025.0,981.1,1010.35,2412
KALYANIFRG,2026-09-30,1005.0,1014.5,970.3,991.05,1604
KALYANIFRG,2026-10-01,991.05,991.05,941.5,944.75,1512
KALYANIFRG,2026-10-05,972.0,972.0,912.2,920.05,1378
KALYANIFRG,2026-10-06,915.0,933.9,891.0,905.0,3045
KALYANKJIL,2026-09-30,572.0,572.05,552.5,553.15,5559899
KALYANKJIL,2026-10-01,553.15,555.55,522.5,528.5,7831270
KALYANKJIL,2026-10-02,528.5,528.5,528.5,528.5,0
KALYANKJIL,2026-10-05,534.9,564.95,529.1,556.85,13447714
KALYANKJIL,2026-10-06,557.0,581.9,546.55,548.15,14870176
KAMAHOLD,2026-09-29,2217.8999,2284.8,2217.8,2241.1001,5222
KAMAHOLD,2026-09-30,2256.0,2304.8999,2251.8999,2286.8,3772
KAMAHOLD,2026-10-01,2252.0,2300.0,2230.0,2263.0,2071
KAMAHOLD,2026-10-05,2263.0,2273.8999,2225.0,2229.3,1180
KAMAHOLD,2026-10-06,2260.0,2319.0,2230.2,2253.3,1608
KAMANWALA,2026-09-29,16.5,17.1,16.5,17.1,3229
KAMANWALA,2026-09-30,16.5,17.1,16.4,16.9,2326
KAMANWALA,2026-10-01,16.0,17.4,16.0,17.14,1805
KAMANWALA,2026-10-05,16.31,17.35,16.31,16.6,1172
KAMANWALA,2026-10-06,17.8,17.8,16.6,17.4,299
KAMATHOTEL,2026-09-29,236.26,238.4,229.25,236.71,58707
KAMATHOTEL,2026-09-30,237.0,240.29,235.0,237.2,26647
KAMATHOTEL,2026-10-01,233.95,238.9,232.51,237.45,52906
KAMATHOTEL,2026-10-05,238.4,248.86,236.5,245.99,121580
KAMATHOTEL,2026-10-06,249.65,264.89,249.64,258.82,574615
KAMDHENU,2026-09-29,38.26,38.85,37.41,38.41,838480
KAMDHENU,2026-09-30,38.15,40.25,37.81,38.08,554860
KAMDHENU,2026-10-01,38.28,38.28,36.34,37.59,1112530
KAMDHENU,2026-10-05,37.5,38.2,36.4,36.73,663573
KAMDHENU,2026-10-06,37.15,37.94,36.41,37.31,715664
KAMOPAINTS,2026-09-29,4.18,4.18,4.06,4.1,158679
KAMOPAINTS,2026-09-30,4.11,4.24,4.05,4.14,250787
KAMOPAINTS,2026-10-01,4.2,4.2,4.06,4.1,98248
KAMOPAINTS,2026-10-05,4.1,4.22,4.0,4.11,123407
KAMOPAINTS,2026-10-06,4.11,4.19,4.1,4.11,120710
KANANIIND,2026-09-29,1.37,1.38,1.33,1.36,60761
KANANIIND,2026-09-30,1.37,1.38,1.34,1.36,74296
KANANIIND,2026-10-01,1.37,1.37,1.33,1.34,83111
KANANIIND,2026-10-05,1.36,1.36,1.26,1.3,167592
KANANIIND,2026-10-06,1.31,1.37,1.26,1.35,100373
KANCHI,2026-09-29,380.0,394.7,370.0,391.0,3227
KANCHI,2026-09-30,383.05,394.85,380.0,388.05,929
KANCHI,2026-10-01,380.0,380.0,370.55,379.8,5206
KANCHI,2026-10-05,379.85,385.1,367.7,378.7,772
KANCHI,2026-10-06,375.0,381.45,365.1,371.65,1771
KANCOTEA,2026-09-29,54.9,54.9,53.9,54.55,142
KANCOTEA,2026-09-30,54.89,54.89,50.53,53.9,52
KANCOTEA,2026-10-01,53.5,53.5,51.95,53.0,183
KANCOTEA,2026-10-05,51.4,52.95,48.6,51.69,111
KANCOTEA,2026-10-06,54.0,54.0,48.33,50.47,482
KANDARP,2026-09-28,73.0,73.0,69.5,69.5,6000
KANDARP,2026-09-29,66.35,66.35,66.05,66.05,12000
KANDARP,2026-09-30,68.95,68.95,62.75,62.75,6000
KANDARP,2026-10-01,59.65,59.65,59.65,59.65,7000
KANDARP,2026-10-05,57.0,62.0,56.7,57.0,24000
KANOHAR,2026-09-30,869.0,884.0,841.1,856.75,2079818
KANOHAR,2026-10-01,852.0,919.95,831.85,906.35,5002996
KANOHAR,2026-10-02,906.35,906.35,906.35,906.35,0
KANOHAR,2026-10-05,916.0,1047.8,916.0,1020.25,17161082
KANOHAR,2026-10-06,1037.0,1047.6,915.0,942.5,11936316
KANORICHEM,2026-09-29,204.9,204.9,195.0,199.94,34921
KANORICHEM,2026-09-30,201.0,202.44,190.2,198.77,40917
KANORICHEM,2026-10-01,199.98,201.7,188.84,189.02,35879
KANORICHEM,2026-10-05,189.0,192.5,179.57,182.71,28862
KANORICHEM,2026-10-06,186.7,187.35,175.01,182.1,28727
KANPRPLA,2026-09-30,249.0,253.4,246.45,249.0,5949
KANPRPLA,2026-10-01,252.97,253.41,241.0,245.55,12538
KANPRPLA,2026-10-02,245.55,245.55,245.55,245.55,0
KANPRPLA,2026-10-05,246.0,260.0,246.0,252.24,26865
KANPRPLA,2026-10-06,256.7,257.0,245.0,250.9,9847
KANSAINER,2026-09-29,178.06,182.59,173.6,181.33,670486
KANSAINER,2026-09-30,182.9,183.54,177.1,177.99,178729
KANSAINER,2026-10-01,178.0,178.0,173.13,175.27,242728
KANSAINER,2026-10-05,175.4,177.59,175.17,176.97,241586
KANSAINER,2026-10-06,178.95,184.85,176.09,184.0,330306
KAPSTON,2026-09-29,549.6,568.95,539.1,555.7,642974
KAPSTON,2026-09-30,569.0,569.0,545.25,550.35,494511
KAPSTON,2026-10-01,550.35,557.6,533.0,542.35,107028
KAPSTON,2026-10-05,552.3,555.9,545.3,548.6,68742
KAPSTON,2026-10-06,555.0,555.0,541.35,547.25,49283
KARAMTARA,2026-09-29,357.45,363.0,346.35,359.45,1239083
KARAMTARA,2026-09-30,364.0,395.35,361.35,395.35,5878325
KARAMTARA,2026-10-01,390.0,429.35,387.0,410.95,11786236
KARAMTARA,2026-10-05,410.95,434.0,405.25,416.3,2128191
KARAMTARA,2026-10-06,421.0,444.0,414.1,438.8,3069806
KARMAENG,2026-09-29,38.95,39.14,35.11,37.9,7088
KARMAENG,2026-09-30,39.0,39.0,37.1,37.43,1021
KARMAENG,2026-10-01,39.0,39.0,35.6,36.33,10243
KARMAENG,2026-10-05,35.8,36.6,34.0,35.9,9516
KARMAENG,2026-10-06,35.0,36.9,35.0,36.28,1261
KARNIKA,2026-09-28,124.0,124.85,123.1,124.1,20000
KARNIKA,2026-09-29,124.0,126.0,123.9,125.0,20000
KARNIKA,2026-09-30,115.35,125.5,115.35,123.0,73000
KARNIKA,2026-10-01,123.1,123.7,121.0,123.7,32000
KARNIKA,2026-10-05,120.95,123.75,116.55,120.3,42000
KARURVYSYA,2026-09-30,318.1,327.0,311.4,324.8,3398416
KARURVYSYA,2026-10-01,323.7,328.7,320.9,325.3,3073268
KARURVYSYA,2026-10-02,325.3,325.3,325.3,325.3,0
KARURVYSYA,2026-10-05,326.1,330.9,320.55,324.7,1950191
KARURVYSYA,2026-10-06,324.55,329.35,323.0,325.2,1631522
KAUSHALYA,2026-09-29,841.0,841.0,836.5,836.5,14
KAUSHALYA,2026-09-30,840.65,843.9,821.0,837.0,66
KAUSHALYA,2026-10-01,836.95,836.95,834.0,834.0,3
KAUSHALYA,2026-10-05,825.0,834.0,805.0,813.35,33
KAUSHALYA,2026-10-06,834.0,843.9,804.05,822.7,188
KAVDEFENCE,2026-09-29,79.0,80.8,75.7,76.89,112418
KAVDEFENCE,2026-09-30,77.94,80.5,76.0,79.48,100996
KAVDEFENCE,2026-10-01,79.0,79.89,75.66,77.6,118018
KAVDEFENCE,2026-10-05,77.67,81.48,77.6,81.48,143167
KAVDEFENCE,2026-10-06,83.9,85.55,83.9,85.55,167194
KAYA,2026-09-29,309.65,309.65,305.0,307.2,1348
KAYA,2026-09-30,303.05,315.0,301.0,307.2,3614
KAYA,2026-10-01,310.0,313.45,292.6,298.15,6532
KAYA,2026-10-05,292.05,310.0,292.05,306.7,2943
KAYA,2026-10-06,300.3,308.9,295.0,305.55,8502
KAYNES,2026-09-30,3520.3999,3611.0,3501.0,3501.0,720015
KAYNES,2026-10-01,3510.0,3549.6001,3337.2,3399.0,964281
KAYNES,2026-10-02,3399.0,3399.0,3399.0,3399.0,0
KAYNES,2026-10-05,3433.0,3474.0,3371.0,3394.8,706676
KAYNES,2026-10-06,3430.8,3430.8,3333.0,3405.0,908101
KCEIL,2026-09-28,78.75,82.0,76.75,76.9,15500
KCEIL,2026-09-29,78.0,81.0,78.0,80.5,9000
KCEIL,2026-09-30,78.9,85.1,78.9,82.5,26000
KCEIL,2026-10-01,82.5,82.5,78.05,79.4,11500
KCEIL,2026-10-05,78.1,78.8,76.0,77.7,13000
KCK,2026-09-28,13.95,14.5,13.9,14.2,47500
KCK,2026-09-29,14.4,14.4,14.15,14.3,50000
KCK,2026-09-30,14.5,14.75,14.0,14.25,225000
KCK,2026-10-01,14.65,14.8,14.0,14.1,117500
KCK,2026-10-05,14.5,14.8,14.3,14.65,227500
KCP,2026-09-29,156.51,157.84,153.21,156.19,62111
KCP,2026-09-30,155.6,158.59,153.91,154.15,80241
KCP,2026-10-01,154.0,155.0,150.1,154.17,92889
KCP,2026-10-05,154.99,158.69,153.01,155.61,159779
KCP,2026-10-06,155.6,158.99,151.35,154.41,200701
KCPSUGIND,2026-09-29,29.48,29.7,28.2,29.23,75837
KCPSUGIND,2026-09-30,29.43,29.43,27.77,28.04,118676
KCPSUGIND,2026-10-01,28.0,28.0,26.64,26.71,133953
KCPSUGIND,2026-10-05,26.6,27.0,25.38,25.42,187313
KCPSUGIND,2026-10-06,25.6,26.69,24.15,24.43,463138
KDDL,2026-09-29,4014.1001,4069.8999,3874.0,3931.6001,23844
KDDL,2026-09-30,3980.0,4010.8,3857.2,3886.8999,16959
KDDL,2026-10-01,3886.5,4019.8,3847.7,3911.2,36409
KDDL,2026-10-05,3980.7,4032.6001,3877.0,3943.3999,28095
KDDL,2026-10-06,3963.2,4073.8999,3958.8999,3999.8999,18967
KDGREEN,2026-09-29,48.8,48.88,46.16,48.53,29728
KDGREEN,2026-09-30,49.0,49.0,46.82,47.72,19545
KDGREEN,2026-10-01,48.24,49.5,46.0,46.76,42907
KDGREEN,2026-10-05,49.7,49.7,46.81,48.29,19026
KDGREEN,2026-10-06,46.83,51.43,46.83,49.19,47300
KDL,2026-09-28,55.0,55.0,55.0,55.0,3150
KDL,2026-09-29,52.25,52.25,52.25,52.25,2700
KDL,2026-09-30,49.65,49.65,49.65,49.65,5100
KDL,2026-10-01,47.2,47.2,47.2,47.2,3900
KDL,2026-10-05,44.85,44.85,44.85,44.85,3450
KEC,2026-09-30,380.0,384.35,375.1,377.25,715246
KEC,2026-10-01,378.0,381.45,367.5,372.35,624895
KEC,2026-10-02,372.35,372.35,372.35,372.35,0
KEC,2026-10-05,374.9,380.7,369.0,370.55,489498
KEC,2026-10-06,373.7,376.95,369.05,374.9,941849
KECL,2026-09-29,119.15,122.9,118.0,121.4,121001
KECL,2026-09-30,122.44,124.9,119.15,120.64,118696
KECL,2026-10-01,120.64,123.89,117.5,120.43,134808
KECL,2026-10-05,119.0,129.89,119.0,125.42,432446
KECL,2026-10-06,127.6,129.3,124.13,128.11,151467
KEEPLEARN,2026-09-30,1.84,1.89,1.82,1.85,39242
KEEPLEARN,2026-10-01,1.89,1.89,1.77,1.84,17203
KEEPLEARN,2026-10-02,1.84,1.84,1.84,1.84,0
KEEPLEARN,2026-10-05,1.87,1.87,1.72,1.79,22959
KEEPLEARN,2026-10-06,1.79,1.95,1.7,1.79,80648
KEI,2026-09-30,4504.5,4536.5,4450.0,4455.0,182773
KEI,2026-10-01,4455.0,4558.0,4424.2002,4502.0,320912
KEI,2026-10-02,4502.0,4502.0,4502.0,4502.0,0
KEI,2026-10-05,4539.0,4652.7998,4510.0,4638.2002,275897
KEI,2026-10-06,4626.2002,4639.0,4557.3999,4557.3999,413019
KELLTONTEC,2026-09-29,13.14,13.26,12.65,13.05,1990721
KELLTONTEC,2026-09-30,13.0,13.24,12.82,12.85,1210486
KELLTONTEC,2026-10-01,12.8,12.9,12.2,12.42,2047721
KELLTONTEC,2026-10-05,12.5,12.87,12.12,12.18,1591415
KELLTONTEC,2026-10-06,12.12,12.5,12.1,12.41,1263362
KENNAMET,2026-09-29,4167.8999,4172.8999,4012.5,4039.6001,30755
KENNAMET,2026-09-30,4079.0,4170.0,3958.1001,4131.0,116894
KENNAMET,2026-10-01,4132.0,4322.8999,4132.0,4277.5,40122
KENNAMET,2026-10-05,4346.7002,4355.5,4162.2998,4193.7002,15124
KENNAMET,2026-10-06,4193.6001,4301.8999,4193.6001,4268.6001,18118
KERNEX,2026-09-29,1713.8,1763.0,1682.8,1744.1,139115
KERNEX,2026-09-30,1750.0,1762.5,1671.0,1686.0,228842
KERNEX,2026-10-01,1684.0,1691.8,1600.5,1643.5,158148
KERNEX,2026-10-05,1661.0,1677.9,1620.0,1661.8,104377
KERNEX,2026-10-06,1660.0,1770.0,1658.9,1749.7,208295
KESORAMIND,2026-09-29,10.87,11.24,10.52,10.84,995639
KESORAMIND,2026-09-30,11.08,11.1,10.56,10.92,547872
KESORAMIND,2026-10-01,10.7,10.92,10.42,10.73,601028
KESORAMIND,2026-10-05,10.69,10.99,10.2,10.25,1053058
KESORAMIND,2026-10-06,10.27,10.76,10.27,10.76,594011
KEYFINSERV,2026-09-29,230.0,237.6,225.0,233.0,1236
KEYFINSERV,2026-09-30,247.8,247.8,234.7,242.95,1823
KEYFINSERV,2026-10-01,246.4,246.4,230.75,244.05,984
KEYFINSERV,2026-10-05,244.05,244.05,237.01,237.01,205
KEYFINSERV,2026-10-06,247.9,247.9,235.33,241.53,631
KFINTECH,2026-09-30,840.0,853.8,837.4,840.0,489013
KFINTECH,2026-10-01,841.75,849.5,815.7,832.0,857914
KFINTECH,2026-10-02,832.0,832.0,832.0,832.0,0
KFINTECH,2026-10-05,836.15,872.3,835.0,867.5,977572
KFINTECH,2026-10-06,870.0,887.0,858.65,863.8,518238
KHADIM,2026-09-29,115.64,116.5,115.64,115.64,33392
KHADIM,2026-09-30,114.17,116.1,114.15,114.17,10847
KHADIM,2026-10-01,113.4,113.6,113.0,113.4,11912
KHADIM,2026-10-05,115.4,115.4,112.0,115.4,26480
KHADIM,2026-10-06,114.9,115.0,114.7,114.7,4001
KHAICHEM,2026-09-29,49.3,50.35,49.0,49.22,86844
KHAICHEM,2026-09-30,50.4,50.4,48.7,48.76,107547
KHAICHEM,2026-10-01,49.13,49.89,48.0,49.22,125316
KHAICHEM,2026-10-05,50.0,50.5,47.5,48.03,137074
KHAICHEM,2026-10-06,48.85,48.99,48.01,48.73,130507
KHAITANLTD,2026-09-29,144.0,153.8,135.4,150.01,4152
KHAITANLTD,2026-09-30,154.79,154.79,146.25,146.25,1789
KHAITANLTD,2026-10-01,147.71,149.4,144.0,147.19,900
KHAITANLTD,2026-10-05,146.46,148.97,142.4,144.31,970
KHAITANLTD,2026-10-06,143.0,146.9,139.4,145.6,1721
KHANDSE,2026-09-29,17.4,18.4,16.86,17.06,11517
KHANDSE,2026-09-30,17.49,17.49,16.9,17.2,1628
KHANDSE,2026-10-01,16.81,17.91,16.67,16.76,5474
KHANDSE,2026-10-05,16.71,17.69,16.35,16.92,3208
KHANDSE,2026-10-06,17.58,17.58,16.52,16.97,153
KHFM,2026-09-28,40.5,40.5,40.0,40.15,17050
KHFM,2026-09-29,40.95,40.95,40.95,40.95,1550
KHFM,2026-09-30,42.05,42.25,40.45,40.45,4650
KHFM,2026-10-01,41.95,41.95,41.95,41.95,1550
KHFM,2026-10-05,41.95,41.95,41.95,41.95,0
KICL,2026-09-29,4940.0,4940.0,4750.5,4773.0,1097
KICL,2026-09-30,4837.0,4893.5,4761.5,4799.0,1070
KICL,2026-10-01,4715.7002,4853.2998,4531.0,4693.2002,6414
KICL,2026-10-05,4635.0,4774.0,4635.0,4709.7998,1022
KICL,2026-10-06,4664.0,4837.5,4664.0,4808.2998,686
KILITCH,2026-09-29,224.0,224.0,216.0,216.76,14819
KILITCH,2026-09-30,217.9,221.5,208.33,213.32,33773
KILITCH,2026-10-01,211.4,221.0,207.0,218.51,22964
KILITCH,2026-10-05,229.0,248.3,220.0,233.74,246614
KILITCH,2026-10-06,244.0,267.8,236.3,260.7,660944
KIMS,2026-09-29,766.0,781.75,759.35,769.9,403013
KIMS,2026-09-30,769.95,777.95,722.6,746.4,2363878
KIMS,2026-10-01,742.0,742.0,722.4,736.25,900776
KIMS,2026-10-05,739.0,747.85,700.05,705.45,850822
KIMS,2026-10-06,710.15,711.95,691.0,693.4,913748
KINGFA,2026-09-29,6384.0,6594.5,6376.5,6524.5,22165
KINGFA,2026-09-30,6550.0,6601.0,6380.5,6482.5,19393
KINGFA,2026-10-01,6482.5,6628.0,6357.5,6586.5,16414
KINGFA,2026-10-05,6586.0,6700.0,6528.5,6669.0,8689
KINGFA,2026-10-06,6700.0,6996.0,6676.5,6932.0,24528
KIOCL,2026-09-29,332.1,338.0,328.0,336.1,57228
KIOCL,2026-09-30,337.25,344.0,330.0,332.3,54237
KIOCL,2026-10-01,332.3,332.3,321.0,323.85,71413
KIOCL,2026-10-05,324.0,330.6,321.55,322.65,35861
KIOCL,2026-10-06,326.2,347.95,324.3,344.6,139429
KIRANVYPAR,2026-09-29,185.0,195.0,169.82,189.66,29509
KIRANVYPAR,2026-09-30,187.15,187.15,187.15,187.15,10
KIRANVYPAR,2026-10-01,189.02,189.02,177.0,179.21,1302
KIRANVYPAR,2026-10-05,180.65,185.0,173.1,179.99,2295
KIRANVYPAR,2026-10-06,178.19,182.9,176.0,177.05,853
KIRIINDUS,2026-09-30,544.1,553.3,540.0,541.3,396704
KIRIINDUS,2026-10-01,541.5,553.8,532.5,544.6,555859
KIRIINDUS,2026-10-02,544.6,544.6,544.6,544.6,0
KIRIINDUS,2026-10-05,546.9,557.95,542.0,542.4,364409
KIRIINDUS,2026-10-06,544.0,567.7,544.0,564.1,712386
KIRLFER,2026-09-29,469.4,476.8,461.0,474.4,99857
KIRLFER,2026-09-30,474.4,481.7,468.3,470.0,42951
KIRLFER,2026-10-01,472.0,472.0,460.25,465.85,105289
KIRLFER,2026-10-05,465.05,467.25,463.5,465.0,67483
KIRLFER,2026-10-06,461.1,475.05,461.1,472.75,57417
KIRLOSBROS,2026-09-29,1732.3,1936.1,1714.1,1848.3,457358
KIRLOSBROS,2026-09-30,1828.0,1847.5,1745.0,1774.9,321866
KIRLOSBROS,2026-10-01,1770.0,1777.0,1738.7,1767.6,131484
KIRLOSBROS,2026-10-05,1769.8,1790.6,1736.2,1742.4,29626
KIRLOSBROS,2026-10-06,1746.5,1765.0,1735.1,1745.3,26434
KIRLOSENG,2026-09-29,2141.2,2444.0,2124.3,2402.0,5298949
KIRLOSENG,2026-09-30,2358.0,2360.0,2241.3,2304.2,1822978
KIRLOSENG,2026-10-01,2310.7,2319.0,2211.6001,2242.7,719348
KIRLOSENG,2026-10-05,2265.0,2339.7,2231.6001,2243.7,511911
KIRLOSENG,2026-10-06,2258.8,2275.5,2221.0,2266.1001,392915
KIRLOSIND,2026-09-29,3543.0,3640.0,3465.1001,3578.6001,7323
KIRLOSIND,2026-09-30,3600.0,3659.7,3545.2,3570.7,4008
KIRLOSIND,2026-10-01,3581.1001,3581.1001,3460.0,3471.3999,5877
KIRLOSIND,2026-10-05,3470.0,3575.0,3434.0,3467.0,6729
KIRLOSIND,2026-10-06,3529.0,3600.5,3471.0,3542.5,8922
KIRLPNU,2026-09-29,675.3,690.0,669.6,684.4,133945
KIRLPNU,2026-09-30,682.6,702.0,674.65,676.7,75891
KIRLPNU,2026-10-01,676.7,691.4,667.85,681.95,97672
KIRLPNU,2026-10-05,685.0,694.0,668.0,677.6,63113
KIRLPNU,2026-10-06,675.0,714.45,672.5,710.85,250304
KISSHT,2026-09-29,345.05,362.55,340.05,358.65,2096454
KISSHT,2026-09-30,356.0,372.0,352.2,369.55,2404648
KISSHT,2026-10-01,367.7,386.25,354.9,371.15,3578605
KISSHT,2026-10-05,377.15,388.15,370.05,379.2,1755374
KISSHT,2026-10-06,381.0,384.75,375.3,383.1,692553
KITEX,2026-09-29,115.98,116.63,114.36,115.56,260341
KITEX,2026-09-30,115.51,121.18,115.2,119.55,552200
KITEX,2026-10-01,118.77,119.89,114.68,116.68,245777
KITEX,2026-10-05,118.65,123.63,117.2,118.02,568407
KITEX,2026-10-06,117.71,121.48,116.84,118.96,266229
KJMCFIN,2026-09-29,58.12,60.0,57.8,59.0,3969
KJMCFIN,2026-09-30,60.0,60.0,58.0,60.0,380
KJMCFIN,2026-10-01,58.5,62.6,58.05,58.38,809
KJMCFIN,2026-10-05,58.09,61.0,57.51,58.25,32
KJMCFIN,2026-10-06,59.32,59.32,57.2,59.03,737
KKCL,2026-09-29,462.05,471.35,455.0,467.1,34175
KKCL,2026-09-30,467.1,472.25,458.0,460.35,7446
KKCL,2026-10-01,461.7,479.8,441.55,475.65,30350
KKCL,2026-10-05,487.0,487.0,455.6,470.4,76937
KKCL,2026-10-06,475.0,475.95,461.55,474.55,14216
KKVAPOW,2026-09-28,310.85,310.85,310.85,310.85,0
KKVAPOW,2026-09-29,310.85,310.85,310.85,310.85,0
KKVAPOW,2026-09-30,310.85,310.85,310.85,310.85,0
KKVAPOW,2026-10-01,296.1,305.0,296.1,305.0,342
KKVAPOW,2026-10-05,305.0,305.0,305.0,305.0,0
KLL,2026-09-28,44.45,44.45,42.25,42.25,19200
KLL,2026-09-29,40.2,43.65,40.15,41.95,40800
KLL,2026-09-30,41.8,41.8,39.9,39.9,16800
KLL,2026-10-01,41.75,41.75,37.95,38.0,26400
KLL,2026-10-05,39.25,39.9,38.25,39.25,38400
KMCSHIL,2026-09-29,165.32,165.32,160.0,161.98,300278
KMCSHIL,2026-09-30,163.98,175.4,156.26,171.14,2691889
KMCSHIL,2026-10-01,172.7,178.6,166.95,171.94,796289
KMCSHIL,2026-10-05,172.58,175.55,166.15,169.38,266436
KMCSHIL,2026-10-06,171.39,171.39,165.5,170.36,346101
KMEW,2026-09-30,3106.3,3170.0,2986.0,3041.5,217728
KMEW,2026-10-01,3020.0,3063.8999,2899.8,2950.1001,138291
KMEW,2026-10-02,2950.1001,2950.1001,2950.1001,2950.1001,0
KMEW,2026-10-05,2950.0,3033.0,2921.7,2992.5,95247
KMEW,2026-10-06,3028.0,3242.0,2996.1001,3202.3,268775
KMSUGAR,2026-09-29,32.67,33.0,31.01,31.86,282268
KMSUGAR,2026-09-30,31.99,34.03,31.99,33.68,822756
KMSUGAR,2026-10-01,27.1,28.45,26.9,27.74,237020
KMSUGAR,2026-10-05,26.6,28.15,26.36,26.96,169637
KMSUGAR,2026-10-06,27.16,27.49,26.3,26.53,117055
KNACK,2026-09-30,175.75,182.0,175.75,180.0,582310
KNACK,2026-10-01,181.58,183.5,178.01,180.67,634416
KNACK,2026-10-02,180.67,180.67,180.67,180.67,0
KNACK,2026-10-05,181.05,189.99,175.0,188.91,3812054
KNACK,2026-10-06,190.45,201.32,188.15,197.34,2605171
KNAGRI,2026-09-29,205.98,205.98,195.3,199.92,4172
KNAGRI,2026-09-30,204.9,204.9,192.0,198.13,3274
KNAGRI,2026-10-01,201.0,201.0,195.07,200.5,3523
KNAGRI,2026-10-05,204.98,210.0,198.0,198.83,3725
KNAGRI,2026-10-06,201.7,209.1,201.7,205.0,4087
KNRCON,2026-09-30,118.38,120.6,118.08,118.58,458300
KNRCON,2026-10-01,116.0,117.78,112.5,113.29,1901783
KNRCON,2026-10-02,113.29,113.29,113.29,113.29,0
KNRCON,2026-10-05,116.0,116.16,111.16,111.89,801628
KNRCON,2026-10-06,111.96,116.41,111.96,115.65,1451959
KODYTECH,2026-09-28,1539.0,1543.0,1453.0,1490.0,4000
KODYTECH,2026-09-29,1460.0,1493.0,1455.0,1479.0,1600
KODYTECH,2026-09-30,1499.0,1552.9,1476.0,1536.85,10500
KODYTECH,2026-10-01,1545.0,1550.0,1475.0,1518.9,6000
KODYTECH,2026-10-05,1540.0,1594.0,1540.0,1576.8,27600
KOHINOOR,2026-09-30,30.35,32.3,30.35,30.58,105851
KOHINOOR,2026-10-01,30.52,30.98,29.6,30.03,168205
KOHINOOR,2026-10-02,30.03,30.03,30.03,30.03,0
KOHINOOR,2026-10-05,30.03,30.52,28.4,28.95,109794
KOHINOOR,2026-10-06,29.02,29.69,28.71,28.89,105472
KOKUYOCMLN,2026-09-29,74.6,75.8,74.0,74.72,16933
KOKUYOCMLN,2026-09-30,75.0,76.6,74.0,75.87,53215
KOKUYOCMLN,2026-10-01,75.98,76.05,74.2,74.77,17633
KOKUYOCMLN,2026-10-05,76.55,76.55,74.0,75.82,25087
KOKUYOCMLN,2026-10-06,75.82,76.0,74.0,74.57,23294
KOLTEPATIL,2026-09-30,430.2,431.9,423.75,424.85,34307
KOLTEPATIL,2026-10-01,424.85,426.1,413.35,418.8,65771
KOLTEPATIL,2026-10-02,418.8,418.8,418.8,418.8,0
KOLTEPATIL,2026-10-05,421.0,432.0,413.45,430.45,49735
KOLTEPATIL,2026-10-06,427.5,437.2,427.15,433.55,55224
KONSTELEC,2026-09-28,57.0,60.0,57.0,59.1,4000
KONSTELEC,2026-09-29,60.0,60.0,59.0,59.25,3000
KONSTELEC,2026-09-30,57.55,57.55,56.3,56.45,20000
KONSTELEC,2026-10-01,56.0,56.0,53.65,53.65,15000
KONSTELEC,2026-10-05,52.5,52.5,51.0,51.0,9000
KONTOR,2026-09-28,51.55,51.55,51.25,51.4,1200
KONTOR,2026-09-29,51.4,51.4,51.4,51.4,0
KONTOR,2026-09-30,51.4,51.4,51.4,51.4,0
KONTOR,2026-10-01,51.4,51.4,50.0,50.0,1200
KONTOR,2026-10-05,50.0,50.0,50.0,50.0,0
KOPRAN,2026-09-29,277.86,292.3,275.77,290.9,1181235
KOPRAN,2026-09-30,293.8,295.83,277.01,278.32,487875
KOPRAN,2026-10-01,279.15,284.4,264.2,282.05,714330
KOPRAN,2026-10-05,285.3,288.0,267.35,268.7,401731
KOPRAN,2026-10-06,268.7,274.7,265.0,269.6,358825
KORE,2026-09-28,189.15,189.15,189.15,189.15,11500
KORE,2026-09-29,198.15,198.6,180.1,188.2,34750
KORE,2026-09-30,197.5,197.6,179.5,183.45,37000
KORE,2026-10-01,179.5,190.85,179.5,183.8,4000
KORE,2026-10-05,188.0,191.0,184.5,191.0,6750
KOTAKBANK,2026-09-29,401.25,409.25,394.7,406.0,32613940
KOTAKBANK,2026-09-30,406.1,419.15,405.95,417.0,32537029
KOTAKBANK,2026-10-01,426.0,435.6,416.05,418.35,76637247
KOTAKBANK,2026-10-05,418.0,424.45,413.75,416.0,21967652
KOTAKBANK,2026-10-06,422.0,435.3,421.3,431.9,40020826
KOTARISUG,2026-09-29,27.37,27.37,25.5,26.12,29867
KOTARISUG,2026-09-30,25.96,26.88,25.8,26.08,23944
KOTARISUG,2026-10-01,26.0,26.98,25.12,25.68,31052
KOTARISUG,2026-10-05,25.25,26.2,25.25,25.83,15963
KOTARISUG,2026-10-06,25.5,26.99,25.5,26.15,46264
KOTHARIPET,2026-09-29,131.22,133.84,127.35,128.97,55694
KOTHARIPET,2026-09-30,130.51,132.39,129.0,129.43,43927
KOTHARIPET,2026-10-01,129.1,130.39,125.06,126.58,44925
KOTHARIPET,2026-10-05,126.07,129.9,125.0,125.53,39985
KOTHARIPET,2026-10-06,127.59,129.59,125.6,127.53,42053
KOTHARIPRO,2026-09-29,64.6,66.64,64.6,65.09,3197
KOTHARIPRO,2026-09-30,66.5,66.5,65.0,65.35,4794
KOTHARIPRO,2026-10-01,65.35,65.44,63.25,63.77,6914
KOTHARIPRO,2026-10-05,66.87,66.87,63.01,63.44,12826
KOTHARIPRO,2026-10-06,65.76,65.76,63.5,64.64,1756
KOTIC,2026-09-29,149.07,154.65,147.42,150.12,10324
KOTIC,2026-09-30,150.29,154.0,135.36,152.7,126637
KOTIC,2026-10-01,148.66,152.94,145.66,147.1,11789
KOTIC,2026-10-05,147.09,151.5,144.0,148.68,11425
KOTIC,2026-10-06,150.24,152.47,146.0,147.33,4475
KOTYARK,2026-09-30,29.08,30.9,29.07,29.83,288722
KOTYARK,2026-10-01,29.83,29.83,27.31,28.23,197856
KOTYARK,2026-10-02,28.23,28.23,28.23,28.23,0
KOTYARK,2026-10-05,28.75,29.5,27.81,28.26,145196
KOTYARK,2026-10-06,28.86,30.25,26.51,29.98,516636
KOVAI,2026-09-29,6079.5,6079.5,5974.0,6013.5,3341
KOVAI,2026-09-30,6013.5,6075.5,5981.0,6007.0,3797
KOVAI,2026-10-01,6027.0,6050.0,5848.0,5993.5,10377
KOVAI,2026-10-05,6010.0,6034.5,5940.0,5963.0,4350
KOVAI,2026-10-06,5925.5,5994.0,5924.0,5936.0,4135
KPEL,2026-09-29,220.0,225.0,215.64,224.03,215474
KPEL,2026-09-30,225.5,229.2,219.13,220.41,231806
KPEL,2026-10-01,221.89,230.0,215.6,218.0,348580
KPEL,2026-10-05,217.2,222.37,211.12,213.74,293880
KPEL,2026-10-06,215.0,217.89,212.1,215.47,207525
KPIGREEN,2026-09-30,386.4,386.9,355.5,358.95,4386433
KPIGREEN,2026-10-01,361.35,362.95,339.15,345.6,1572284
KPIGREEN,2026-10-02,345.6,345.6,345.6,345.6,0
KPIGREEN,2026-10-05,345.6,348.9,320.0,321.85,1547466
KPIGREEN,2026-10-06,326.3,335.45,319.1,326.8,1238531
KPIL,2026-09-29,1378.0,1390.0,1345.1,1365.1,186265
KPIL,2026-09-30,1366.9,1385.2,1366.9,1380.6,71593
KPIL,2026-10-01,1381.8,1386.4,1345.1,1356.4,115268
KPIL,2026-10-05,1357.0,1396.6,1356.4,1378.8,130981
KPIL,2026-10-06,1378.8,1490.0,1378.8,1451.5,652256
KPITTECH,2026-09-30,510.95,518.0,499.1,499.1,1625467
KPITTECH,2026-10-01,502.9,509.4,484.5,492.0,1989750
KPITTECH,2026-10-02,492.0,492.0,492.0,492.0,0
KPITTECH,2026-10-05,499.85,508.95,489.0,489.5,1394781
KPITTECH,2026-10-06,490.3,497.9,488.3,492.7,965234
KPL,2026-09-29,3565.3999,3691.3999,3558.8999,3625.1001,18009
KPL,2026-09-30,3699.0,3699.0,3611.1001,3641.3999,14030
KPL,2026-10-01,3641.3999,3643.1001,3470.0,3564.3999,41775
KPL,2026-10-05,3564.0,3664.0,3529.0,3644.2,23020
KPL,2026-10-06,3644.2,3777.0,3580.5,3745.0,29280
KPRMILL,2026-09-29,1099.8,1102.9,1066.3,1081.5,160547
KPRMILL,2026-09-30,1081.5,1113.3,1076.4,1103.3,165794
KPRMILL,2026-10-01,1091.8,1099.1,1057.5,1071.0,104769
KPRMILL,2026-10-05,1072.0,1080.4,1052.0,1072.6,109665
KPRMILL,2026-10-06,1080.5,1103.0,1074.1,1100.4,75276
KRBL,2026-09-30,386.3,393.7,379.5,381.6,243341
KRBL,2026-10-01,381.6,381.7,366.0,375.9,470715
KRBL,2026-10-02,375.9,375.9,375.9,375.9,0
KRBL,2026-10-05,375.9,384.2,375.0,382.15,178218
KRBL,2026-10-06,382.5,402.45,381.55,389.15,688266
KREBSBIO,2026-09-30,55.4,63.69,55.33,60.2,50966
KREBSBIO,2026-10-01,60.5,71.75,59.0,68.05,610828
KREBSBIO,2026-10-02,68.05,68.05,68.05,68.05,0
KREBSBIO,2026-10-05,66.12,67.0,62.2,63.96,100565
KREBSBIO,2026-10-06,63.65,63.65,57.2,58.86,81033
KRIDHANINF,2026-09-29,1.9,1.9,1.83,1.88,17885
KRIDHANINF,2026-09-30,1.89,1.97,1.85,1.88,56032
KRIDHANINF,2026-10-01,1.89,1.96,1.84,1.85,104582
KRIDHANINF,2026-10-05,1.85,1.93,1.83,1.89,34177
KRIDHANINF,2026-10-06,1.93,1.93,1.88,1.88,9034
KRISHANA,2026-09-29,186.99,186.99,183.5,185.19,331174
KRISHANA,2026-09-30,186.0,193.0,185.19,188.23,1098163
KRISHANA,2026-10-01,186.9,188.1,179.0,184.59,1805453
KRISHANA,2026-10-05,186.2,186.53,178.41,185.83,1043482
KRISHANA,2026-10-06,190.0,196.5,186.52,193.66,1697636
KRISHCA,2026-09-28,205.5,232.15,202.55,226.55,68500
KRISHCA,2026-09-29,228.8,230.5,221.0,224.2,20500
KRISHCA,2026-09-30,224.7,224.7,210.0,220.15,20000
KRISHCA,2026-10-01,220.15,220.15,202.0,215.75,33500
KRISHCA,2026-10-05,209.5,212.65,202.0,203.65,21000
KRISHIVAL,2026-09-29,414.0,415.0,400.25,403.95,18076
KRISHIVAL,2026-09-30,414.0,415.25,400.25,401.85,15013
KRISHIVAL,2026-10-01,405.0,407.0,392.0,394.5,10666
KRISHIVAL,2026-10-05,399.0,414.2,399.0,406.5,21443
KRISHIVAL,2026-10-06,406.05,408.0,403.5,404.45,2752
KRISHNADEF,2026-09-29,995.8,1030.0,986.6,1013.0,49354
KRISHNADEF,2026-09-30,1009.0,1047.0,1008.0,1032.8,60180
KRISHNADEF,2026-10-01,1026.0,1052.0,991.4,1000.9,66116
KRISHNADEF,2026-10-05,1020.0,1201.0,1006.8,1201.0,1437610
KRISHNADEF,2026-10-06,1294.0,1329.0,1226.1,1312.3,1729775
KRITI,2026-09-30,63.8,63.8,60.46,61.0,10030
KRITI,2026-10-01,62.0,62.0,58.3,60.77,7823
KRITI,2026-10-02,60.77,60.77,60.77,60.77,0
KRITI,2026-10-05,62.0,62.0,58.12,60.92,3625
KRITI,2026-10-06,61.99,61.99,58.15,60.03,7079
KRITIKA,2026-09-29,5.12,5.12,4.62,5.01,160481
KRITIKA,2026-09-30,5.1,5.1,4.81,4.91,120247
KRITIKA,2026-10-01,4.91,5.04,4.9,4.91,85581
KRITIKA,2026-10-05,4.91,5.04,4.69,4.78,171751
KRITIKA,2026-10-06,4.99,4.99,4.7,4.95,55178
KRITINUT,2026-09-29,75.99,75.99,71.91,72.52,40415
KRITINUT,2026-09-30,72.65,73.89,68.9,69.81,60590
KRITINUT,2026-10-01,71.01,71.01,66.32,66.53,44496
KRITINUT,2026-10-05,68.74,69.85,66.55,69.26,18547
KRITINUT,2026-10-06,70.11,72.72,70.11,72.61,9501
KRN,2026-09-30,1456.0,1481.0,1424.0,1436.5,184949
KRN,2026-10-01,1430.1,1436.0,1390.0,1414.7,168444
KRN,2026-10-02,1414.7,1414.7,1414.7,1414.7,0
KRN,2026-10-05,1426.0,1441.1,1373.0,1392.7,222245
KRN,2026-10-06,1402.2,1462.3,1400.0,1462.3,105782
KRONOX,2026-09-29,227.74,227.74,210.2,217.04,496174
KRONOX,2026-09-30,217.2,221.0,208.0,216.38,123311
KRONOX,2026-10-01,215.3,215.3,205.57,205.77,72814
KRONOX,2026-10-05,213.0,213.0,195.49,196.81,87005
KRONOX,2026-10-06,196.81,206.65,191.3,206.65,39655
KROSS,2026-09-29,260.0,267.93,251.94,261.83,849539
KROSS,2026-09-30,262.0,268.0,258.12,263.05,623813
KROSS,2026-10-01,263.95,267.9,252.05,258.4,670329
KROSS,2026-10-05,260.0,264.15,252.1,253.6,413785
KROSS,2026-10-06,253.6,256.2,244.75,253.2,458241
KRSNAA,2026-09-29,540.0,559.0,529.0,553.6,158426
KRSNAA,2026-09-30,549.65,564.45,543.0,559.95,68107
KRSNAA,2026-10-01,559.95,559.95,539.05,554.85,77525
KRSNAA,2026-10-05,555.0,564.1,551.3,559.35,50372
KRSNAA,2026-10-06,558.95,564.0,550.0,552.7,33480
KRYSTAL,2026-09-30,624.0,635.0,616.25,626.2,8802
KRYSTAL,2026-10-01,626.2,626.2,602.25,610.2,5346
KRYSTAL,2026-10-02,610.2,610.2,610.2,610.2,0
KRYSTAL,2026-10-05,607.0,683.95,607.0,654.65,41594
KRYSTAL,2026-10-06,654.65,674.0,640.0,656.65,15827
KSB,2026-09-29,801.25,855.0,796.55,824.8,755002
KSB,2026-09-30,860.0,900.0,841.0,856.1,5216083
KSB,2026-10-01,850.0,855.0,803.0,806.45,403813
KSB,2026-10-05,806.45,822.0,800.0,803.95,168361
KSB,2026-10-06,805.0,814.3,793.05,809.1,139737
KSCL,2026-09-30,746.5,752.8,720.0,725.65,229047
KSCL,2026-10-01,725.65,739.4,703.35,715.1,156961
KSCL,2026-10-02,715.1,715.1,715.1,715.1,0
KSCL,2026-10-05,722.55,726.0,698.0,701.55,106240
KSCL,2026-10-06,702.85,723.55,702.05,717.45,170806
KSE,2026-09-29,179.9,180.9,176.0,177.99,5760
KSE,2026-09-30,178.99,180.38,177.0,177.81,4570
KSE,2026-10-01,179.98,179.98,174.0,174.84,6272
KSE,2026-10-05,177.01,177.01,173.0,174.6,12774
KSE,2026-10-06,173.0,178.8,173.0,176.86,6800
KSHINTL,2026-09-29,988.0,1035.0,985.25,1028.4,216731
KSHINTL,2026-09-30,1036.7,1040.2,1000.0,1001.1,165317
KSHINTL,2026-10-01,1005.0,1034.0,989.0,1028.2,214036
KSHINTL,2026-10-05,1031.6,1079.5,1027.3,1036.7,320170
KSHINTL,2026-10-06,1036.0,1054.8,1025.0,1034.1,281808
KSHITIJPOL,2026-09-29,4.35,4.35,4.35,4.35,110597
KSHITIJPOL,2026-09-30,4.14,4.14,4.14,4.14,164889
KSHITIJPOL,2026-10-01,3.94,3.94,3.94,3.94,150511
KSHITIJPOL,2026-10-05,3.75,3.75,3.75,3.75,681473
KSHITIJPOL,2026-10-06,3.57,3.93,3.57,3.64,20575662
KSL,2026-09-29,953.0,976.8,934.0,964.35,77343
KSL,2026-09-30,964.35,989.6,957.25,965.4,76255
KSL,2026-10-01,965.6,965.6,890.1,913.0,248373
KSL,2026-10-05,913.0,932.85,910.05,921.3,52793
KSL,2026-10-06,923.0,949.0,923.0,942.8,65979
KSOLVES,2026-09-29,245.6,249.6,243.05,247.4,25013
KSOLVES,2026-09-30,247.4,251.5,245.0,248.8,19655
KSOLVES,2026-10-01,247.0,250.38,237.5,241.14,60635
KSOLVES,2026-10-05,244.14,251.0,243.0,248.86,42315
KSOLVES,2026-10-06,246.97,251.0,245.0,248.96,21403
KSR,2026-09-29,37.1,38.15,35.25,37.56,18811
KSR,2026-09-30,37.69,39.43,37.69,39.32,39624
KSR,2026-10-01,39.43,40.85,37.36,37.38,15719
KSR,2026-10-05,37.38,38.9,37.38,38.35,9977
KSR,2026-10-06,38.35,39.99,38.0,38.3,18875
KTKBANK,2026-09-30,324.4,332.15,322.55,329.0,1004306
KTKBANK,2026-10-01,329.1,330.2,316.65,321.6,3306218
KTKBANK,2026-10-02,321.6,321.6,321.6,321.6,0
KTKBANK,2026-10-05,325.0,329.9,322.3,326.75,1078432
KTKBANK,2026-10-06,329.0,329.9,323.0,324.25,1512372
KUANTUM,2026-09-30,77.06,78.08,76.0,76.35,68177
KUANTUM,2026-10-01,76.58,78.5,73.5,76.71,115445
KUANTUM,2026-10-02,76.71,76.71,76.71,76.71,0
KUANTUM,2026-10-05,77.05,78.8,75.01,76.43,126357
KUANTUM,2026-10-06,77.43,77.57,74.6,75.31,66070
KUSUMGAR,2026-09-29,619.9,628.85,600.05,606.25,228768
KUSUMGAR,2026-09-30,608.6,616.95,597.0,600.95,82582
KUSUMGAR,2026-10-01,601.0,602.9,577.0,592.55,165663
KUSUMGAR,2026-10-05,600.6,608.9,593.0,602.0,509173
KUSUMGAR,2026-10-06,603.0,631.95,601.2,611.0,329899
KWIL,2026-09-30,41.22,41.22,39.0,39.22,9990414
KWIL,2026-10-01,39.22,39.59,37.61,38.36,8923982
KWIL,2026-10-02,38.36,38.36,38.36,38.36,0
KWIL,2026-10-05,38.73,39.22,37.71,37.88,7027970
KWIL,2026-10-06,38.1,38.87,37.99,38.29,5803766
LADDERUP,2026-09-29,50.35,52.4,50.1,50.25,518
LADDERUP,2026-09-30,50.75,51.98,49.0,51.98,1817
LADDERUP,2026-10-01,50.01,51.7,49.56,50.27,703
LADDERUP,2026-10-05,51.28,52.69,51.28,52.16,387
LADDERUP,2026-10-06,50.25,52.2,50.25,52.2,33
LAGNAM,2026-09-29,73.99,73.99,71.12,72.02,12935
LAGNAM,2026-09-30,72.15,74.9,72.02,72.24,1580
LAGNAM,2026-10-01,75.78,75.78,71.5,71.9,1327
LAGNAM,2026-10-05,71.9,72.5,69.81,71.1,2247
LAGNAM,2026-10-06,76.7,76.7,68.83,73.59,1365
LAHOTIOV,2026-09-29,41.0,41.0,39.19,39.26,4167
LAHOTIOV,2026-09-30,40.0,42.0,40.0,41.25,7759
LAHOTIOV,2026-10-01,41.0,41.0,39.2,39.26,1923
LAHOTIOV,2026-10-05,38.95,40.0,38.9,39.98,479
LAHOTIOV,2026-10-06,39.03,40.0,39.0,39.12,5017
LAKPRE,2026-09-29,5.34,5.34,4.84,5.24,520
LAKPRE,2026-09-30,5.34,5.34,4.98,5.25,107
LAKPRE,2026-10-01,5.25,5.25,5.25,5.25,1
LAKPRE,2026-10-05,5.25,5.25,5.25,5.25,299
LAKPRE,2026-10-06,5.0,5.25,5.0,5.25,331
LAKSHMIMIL,2026-09-29,7600.0,7799.5,7500.5,7620.0,65
LAKSHMIMIL,2026-09-30,7650.0,7874.0,7620.0,7632.5,38
LAKSHMIMIL,2026-10-01,7620.0,7839.0,7526.0,7819.5,11
LAKSHMIMIL,2026-10-05,7917.5,7996.5,7505.0,7855.0,17
LAKSHMIMIL,2026-10-06,7800.0,7991.5,7600.0,7733.5,114
LAL,2026-09-29,8.76,8.76,8.53,8.55,4755
LAL,2026-09-30,8.55,8.9,8.4,8.42,7950
LAL,2026-10-01,8.45,8.78,8.4,8.45,48289
LAL,2026-10-05,8.31,8.59,8.31,8.45,20120
LAL,2026-10-06,8.45,8.79,8.36,8.5,13135
LALITHAA,2026-09-30,384.0,393.75,375.5,381.9,6734536
LALITHAA,2026-10-01,386.05,395.0,367.3,387.85,7022551
LALITHAA,2026-10-02,387.85,387.85,387.85,387.85,0
LALITHAA,2026-10-05,390.8,406.0,385.65,392.6,3852094
LALITHAA,2026-10-06,395.8,408.25,389.95,405.45,2948147
LALPATHLAB,2026-09-29,1943.6,1971.4,1930.6,1950.4,401450
LALPATHLAB,2026-09-30,1946.0,1994.0,1865.0,1987.0,525994
LALPATHLAB,2026-10-01,1975.7,2027.6,1936.2,2005.1,542969
LALPATHLAB,2026-10-05,2005.9,2026.0,1960.0,1971.3,350211
LALPATHLAB,2026-10-06,1993.2,2018.7,1945.9,1964.2,245703
LAMBODHARA,2026-09-29,137.79,137.99,131.5,135.41,14809
LAMBODHARA,2026-09-30,135.4,136.45,128.1,129.28,9370
LAMBODHARA,2026-10-01,130.28,135.89,125.66,128.64,16329
LAMBODHARA,2026-10-05,130.0,135.0,125.5,126.51,20982
LAMBODHARA,2026-10-06,126.6,142.0,126.6,135.95,67130
LANCER,2026-09-29,11.41,11.95,10.68,11.41,178590
LANCER,2026-09-30,11.64,11.79,11.31,11.45,136799
LANCER,2026-10-01,11.69,11.69,11.0,11.05,244904
LANCER,2026-10-05,11.34,11.34,11.05,11.15,101261
LANCER,2026-10-06,11.49,11.49,11.16,11.28,184522
LANCORHOL,2026-09-29,32.1,33.76,31.7,33.58,119497
LANCORHOL,2026-09-30,33.45,33.5,32.06,32.83,61310
LANCORHOL,2026-10-01,32.64,33.6,31.36,31.59,83240
LANCORHOL,2026-10-05,31.44,33.0,31.0,31.22,51866
LANCORHOL,2026-10-06,31.84,32.5,31.06,32.21,25327
LANDMARK,2026-09-29,484.0,537.85,475.0,487.0,16779945
LANDMARK,2026-09-30,479.9,495.5,471.0,475.7,949666
LANDMARK,2026-10-01,471.75,473.0,456.05,463.25,205673
LANDMARK,2026-10-05,465.0,475.0,456.0,470.7,196654
LANDMARK,2026-10-06,475.0,484.0,469.85,480.6,71976
LANDSMILL,2026-09-29,0.85,0.88,0.76,0.88,18968243
LANDSMILL,2026-09-30,0.96,0.96,0.96,0.96,5502985
LANDSMILL,2026-10-01,0.96,1.05,0.87,1.05,35042099
LANDSMILL,2026-10-05,1.08,1.14,0.98,1.03,20241917
LANDSMILL,2026-10-06,1.02,1.05,0.93,0.93,11262310
LAOPALA,2026-09-30,156.8,158.69,155.31,156.18,57031
LAOPALA,2026-10-01,156.18,158.4,153.45,156.11,104311
LAOPALA,2026-10-02,156.11,156.11,156.11,156.11,0
LAOPALA,2026-10-05,156.5,159.53,154.0,154.47,96190
LAOPALA,2026-10-06,154.0,159.9,154.0,159.07,125426
LASA,2026-09-29,5.6,5.6,5.6,5.6,0
LASA,2026-09-30,5.6,5.6,5.6,5.6,0
LASA,2026-10-01,5.6,5.6,5.6,5.6,0
LASA,2026-10-02,5.6,5.6,5.6,5.6,0
LASA,2026-10-05,5.32,5.32,5.32,5.32,59554
LASERPOWER,2026-09-29,263.9,273.7,257.15,270.45,755964
LASERPOWER,2026-09-30,269.75,277.0,262.25,263.85,490611
LASERPOWER,2026-10-01,263.8,265.1,254.15,262.75,1298164
LASERPOWER,2026-10-05,267.55,270.0,258.0,267.75,523993
LASERPOWER,2026-10-06,271.0,279.95,265.85,278.8,680382
LATENTVIEW,2026-09-30,235.5,243.8,234.75,236.0,300979
LATENTVIEW,2026-10-01,236.2,239.2,230.0,234.48,421557
LATENTVIEW,2026-10-02,234.48,234.48,234.48,234.48,0
LATENTVIEW,2026-10-05,238.0,245.0,233.49,235.68,521787
LATENTVIEW,2026-10-06,237.0,238.77,232.5,233.28,267880
LATTEYS,2026-09-29,20.75,20.95,20.33,20.59,29919
LATTEYS,2026-09-30,20.89,21.49,20.6,20.91,64502
LATTEYS,2026-10-01,21.11,21.43,20.51,20.91,60087
LATTEYS,2026-10-05,20.91,21.43,20.36,20.4,23814
LATTEYS,2026-10-06,20.41,23.98,20.41,21.89,135856
LAURUSLABS,2026-09-30,1993.0,2001.6,1955.1,1980.0,1397926
LAURUSLABS,2026-10-01,1973.6,2006.9,1952.1,1984.0,1459687
LAURUSLABS,2026-10-02,1984.0,1984.0,1984.0,1984.0,0
LAURUSLABS,2026-10-05,1994.0,2002.0,1955.1,1971.4,1374138
LAURUSLABS,2026-10-06,1968.9,2054.8999,1958.0,2050.0,2196922
LAXMICOT,2026-09-29,13.1,13.4,12.69,12.85,9658
LAXMICOT,2026-09-30,12.84,13.5,12.84,13.01,18035
LAXMICOT,2026-10-01,13.0,13.6,13.0,13.3,4850
LAXMICOT,2026-10-05,13.3,13.3,12.71,12.91,13776
LAXMICOT,2026-10-06,12.91,13.29,12.43,12.63,8119
LAXMIDENTL,2026-09-29,193.26,194.9,191.22,192.49,34056
LAXMIDENTL,2026-09-30,194.38,196.97,190.35,191.42,66468
LAXMIDENTL,2026-10-01,191.5,195.7,189.45,193.87,61062
LAXMIDENTL,2026-10-05,195.76,200.0,189.0,190.54,40315
LAXMIDENTL,2026-10-06,190.54,192.38,188.21,190.53,34842
LAXMIINDIA,2026-09-29,118.84,121.0,114.51,118.84,141482
LAXMIINDIA,2026-09-30,118.84,121.5,118.71,121.1,68302
LAXMIINDIA,2026-10-01,121.0,121.0,116.63,119.02,51642
LAXMIINDIA,2026-10-05,118.11,121.19,112.1,112.94,134952
LAXMIINDIA,2026-10-06,114.4,114.96,111.0,111.59,110943
LCCINFOTEC,2026-09-29,4.06,4.16,3.82,3.9,165072
LCCINFOTEC,2026-09-30,3.9,4.05,3.76,4.02,79585
LCCINFOTEC,2026-10-01,4.1,4.21,3.85,3.9,17024
LCCINFOTEC,2026-10-05,3.99,4.08,3.71,3.71,34658
LCCINFOTEC,2026-10-06,3.78,3.78,3.53,3.59,69594
LCCPROJECT,2026-09-29,149.5,152.5,148.12,150.82,1143036
LCCPROJECT,2026-09-30,151.0,156.5,150.71,154.36,1848088
LCCPROJECT,2026-10-01,156.69,156.69,148.4,151.47,1009923
LCCPROJECT,2026-10-05,152.0,152.53,145.56,148.44,698915
LCCPROJECT,2026-10-06,142.03,146.9,138.8,144.08,1374161
LCL,2026-09-29,571.35,589.1,564.25,581.65,282585
LCL,2026-09-30,580.0,587.65,553.45,557.15,296716
LCL,2026-10-01,558.0,559.45,537.25,553.6,187699
LCL,2026-10-05,555.0,585.0,555.0,578.95,422841
LCL,2026-10-06,582.7,634.45,581.55,627.55,2300627
LEAPIND,2026-09-30,137.44,142.4,136.51,137.78,814776
LEAPIND,2026-10-01,138.02,138.03,133.7,137.03,1240296
LEAPIND,2026-10-02,137.03,137.03,137.03,137.03,0
LEAPIND,2026-10-05,137.5,144.9,137.5,141.35,2945969
LEAPIND,2026-10-06,142.88,145.48,141.94,142.48,1034811
LEENEE,2026-09-30,7.84,7.84,7.28,7.58,5848
LEENEE,2026-10-01,7.22,7.8,7.22,7.59,1967
LEENEE,2026-10-02,7.59,7.59,7.59,7.59,0
LEENEE,2026-10-05,7.58,7.7,7.22,7.49,5617
LEENEE,2026-10-06,7.49,7.79,7.12,7.39,13445
LEMERITE,2026-09-29,19.15,20.3,19.01,19.95,618998
LEMERITE,2026-09-30,19.9,20.38,19.0,19.93,598289
LEMERITE,2026-10-01,20.2,20.2,18.94,19.28,622057
LEMERITE,2026-10-05,19.9,20.18,18.73,20.04,177611
LEMERITE,2026-10-06,20.6,20.6,19.4,19.8,142615
LEMONTREE,2026-09-30,104.2,105.4,103.7,104.25,2167934
LEMONTREE,2026-10-01,104.25,111.6,104.25,107.67,32197118
LEMONTREE,2026-10-02,107.67,107.67,107.67,107.67,0
LEMONTREE,2026-10-05,108.18,108.64,106.8,107.86,3295164
LEMONTREE,2026-10-06,107.86,110.5,107.5,110.12,4208238
LENSKART,2026-09-30,684.35,698.1,672.4,685.05,6800271
LENSKART,2026-10-01,677.0,694.5,674.5,691.15,5044066
LENSKART,2026-10-02,691.15,691.15,691.15,691.15,0
LENSKART,2026-10-05,691.5,697.95,676.3,692.75,2961163
LENSKART,2026-10-06,692.15,695.0,682.5,684.85,2891154
LEXUS,2026-09-29,12.44,12.44,11.32,11.82,25447
LEXUS,2026-09-30,11.82,12.38,11.51,11.76,15553
LEXUS,2026-10-01,11.97,11.97,9.58,10.56,173028
LEXUS,2026-10-05,11.0,11.15,10.15,10.81,22196
LEXUS,2026-10-06,10.91,10.93,10.5,10.81,11175
LFIC,2026-09-29,130.0,132.9,129.06,129.51,1151
LFIC,2026-09-30,130.55,132.02,129.0,131.22,1406
LFIC,2026-10-01,129.03,137.9,127.5,133.82,384
LFIC,2026-10-05,129.01,132.0,127.6,128.62,1828
LFIC,2026-10-06,128.0,133.0,127.2,130.42,434
LGBBROSLTD,2026-09-29,1730.4,1742.5,1699.8,1730.1,26837
LGBBROSLTD,2026-09-30,1736.6,1761.0,1729.1,1730.1,9738
LGBBROSLTD,2026-10-01,1736.6,1738.7,1681.0,1711.1,50389
LGBBROSLTD,2026-10-05,1700.0,1716.8,1650.0,1663.5,27779
LGBBROSLTD,2026-10-06,1674.9,1674.9,1640.0,1657.8,27430
LGEINDIA,2026-09-30,1740.0,1740.0,1704.0,1723.5,421274
LGEINDIA,2026-10-01,1718.1,1743.1,1692.7,1721.8,560330
LGEINDIA,2026-10-02,1721.8,1721.8,1721.8,1721.8,0
LGEINDIA,2026-10-05,1715.0,1825.0,1715.0,1770.9,3145126
LGEINDIA,2026-10-06,1775.0,1789.6,1750.0,1758.6,687044
LGHL,2026-09-29,184.92,185.0,178.0,178.72,7220
LGHL,2026-09-30,184.99,208.95,180.0,200.04,71282
LGHL,2026-10-01,204.04,224.82,200.15,219.47,148758
LGHL,2026-10-05,220.0,230.0,211.0,213.99,49302
LGHL,2026-10-06,224.0,224.0,210.0,213.69,18433
LIBAS,2026-09-29,11.52,12.29,11.21,11.98,62782
LIBAS,2026-09-30,11.63,12.05,11.42,11.87,30725
LIBAS,2026-10-01,11.84,11.84,11.15,11.29,18202
LIBAS,2026-10-05,11.06,11.58,11.06,11.21,16049
LIBAS,2026-10-06,11.42,12.0,11.0,11.51,128333
LIBERTSHOE,2026-09-30,229.0,229.0,220.46,221.01,30337
LIBERTSHOE,2026-10-01,221.01,221.01,214.02,216.78,16325
LIBERTSHOE,2026-10-02,216.78,216.78,216.78,216.78,0
LIBERTSHOE,2026-10-05,217.87,219.94,211.01,212.42,20788
LIBERTSHOE,2026-10-06,212.44,219.5,211.71,218.57,14477
LICHSGFIN,2026-09-29,564.55,566.75,548.5,548.5,2870480
LICHSGFIN,2026-09-30,555.1,565.0,530.2,530.2,5474497
LICHSGFIN,2026-10-01,530.4,531.7,499.25,509.0,5986497
LICHSGFIN,2026-10-05,513.5,514.9,501.9,505.0,1495045
LICHSGFIN,2026-10-06,505.3,507.55,498.85,502.0,1198492
LICI,2026-09-30,395.0,398.95,391.9,395.2,6311852
LICI,2026-10-01,394.0,396.75,386.0,391.85,5862855
LICI,2026-10-02,391.85,391.85,391.85,391.85,0
LICI,2026-10-05,392.5,394.8,385.5,388.7,6242567
LICI,2026-10-06,390.0,392.2,386.5,390.0,3372848
LIKHITHA,2026-09-29,228.63,228.63,221.0,222.85,23060
LIKHITHA,2026-09-30,221.13,243.82,220.24,234.29,271910
LIKHITHA,2026-10-01,233.0,234.48,215.0,225.62,84998
LIKHITHA,2026-10-05,223.67,232.8,223.0,227.43,34535
LIKHITHA,2026-10-06,225.47,228.68,223.51,226.66,24710
LINC,2026-09-29,89.86,91.73,88.0,88.84,132429
LINC,2026-09-30,88.84,90.78,88.12,88.63,16141
LINC,2026-10-01,89.7,89.7,85.47,86.54,25684
LINC,2026-10-05,87.0,88.65,85.55,87.53,17881
LINC,2026-10-06,87.53,88.6,87.0,88.25,4395
LINCOLN,2026-09-30,590.0,593.4,584.0,585.65,19291
LINCOLN,2026-10-01,584.0,585.65,572.25,582.05,61905
LINCOLN,2026-10-02,582.05,582.05,582.05,582.05,0
LINCOLN,2026-10-05,582.35,589.45,565.0,567.2,28961
LINCOLN,2026-10-06,573.4,586.65,569.2,577.8,15981
LINDEINDIA,2026-09-29,6190.0,6335.0,6175.0,6199.5,32043
LINDEINDIA,2026-09-30,6241.0,6366.0,6180.5,6323.0,28491
LINDEINDIA,2026-10-01,6380.5,6466.0,6187.0,6247.5,42491
LINDEINDIA,2026-10-05,6247.0,6322.5,5991.0,6041.0,43746
LINDEINDIA,2026-10-06,6030.0,6171.0,6029.5,6152.5,17331
LKPSEC,2026-09-29,13.9,14.44,13.7,14.27,4705
LKPSEC,2026-09-30,14.7,14.7,13.65,14.14,7198
LKPSEC,2026-10-01,14.3,14.83,13.93,14.56,13996
LKPSEC,2026-10-05,14.6,14.7,14.0,14.26,7059
LKPSEC,2026-10-06,14.58,14.58,13.8,14.3,9329
LLOYDS,2026-09-28,60.0,60.0,60.0,60.0,1000
LLOYDS,2026-09-29,57.1,60.0,57.0,60.0,8000
LLOYDS,2026-09-30,62.0,62.0,62.0,62.0,1000
LLOYDS,2026-10-01,62.0,62.0,58.9,59.45,11000
LLOYDS,2026-10-05,56.6,62.0,56.5,62.0,11000
LLOYDSENGG,2026-09-30,102.72,104.2,97.51,98.64,20659896
LLOYDSENGG,2026-10-01,98.14,99.25,94.65,98.31,15406969
LLOYDSENGG,2026-10-02,98.31,98.31,98.31,98.31,0
LLOYDSENGG,2026-10-05,99.35,103.4,98.75,102.2,20393622
LLOYDSENGG,2026-10-06,102.86,103.79,99.63,101.15,10843947
LLOYDSENT,2026-09-30,79.7,82.1,78.68,79.23,4337499
LLOYDSENT,2026-10-01,79.0,79.07,75.7,77.95,3290009
LLOYDSENT,2026-10-02,77.95,77.95,77.95,77.95,0
LLOYDSENT,2026-10-05,77.17,80.8,77.17,79.63,3820423
LLOYDSENT,2026-10-06,80.04,81.84,78.17,78.83,3339730
LLOYDSME,2026-09-29,1840.3,1908.1,1822.7,1902.2,459165
LLOYDSME,2026-09-30,1902.5,1918.8,1870.0,1884.0,333292
LLOYDSME,2026-10-01,1878.5,1883.8,1767.0,1776.8,982427
LLOYDSME,2026-10-05,1780.1,1818.0,1780.1,1802.5,781537
LLOYDSME,2026-10-06,1834.0,1869.0,1827.1,1858.2,568211
LMW,2026-09-29,16967.0,17111.0,16761.0,16957.0,2629
LMW,2026-09-30,16961.0,17054.0,16800.0,16862.0,1450
LMW,2026-10-01,16862.0,16862.0,16257.0,16548.0,3047
LMW,2026-10-05,16465.0,16625.0,16301.0,16530.0,2863
LMW,2026-10-06,16620.0,17101.0,16534.0,16910.0,3635
LODHA,2026-09-29,1121.0,1128.0,1096.3,1106.6,7960815
LODHA,2026-09-30,1103.0,1135.0,1091.8,1135.0,1779057
LODHA,2026-10-01,1116.0,1129.0,1083.3,1105.6,2249380
LODHA,2026-10-05,1102.6,1140.2,1101.8,1132.5,1495653
LODHA,2026-10-06,1125.0,1141.9,1119.3,1135.6,1572465
LOKESHMACH,2026-09-29,335.0,347.65,319.0,341.55,34155
LOKESHMACH,2026-09-30,345.0,369.5,341.75,365.9,76813
LOKESHMACH,2026-10-01,366.2,411.45,360.15,400.8,991506
LOKESHMACH,2026-10-05,407.0,451.0,393.6,446.25,1537872
LOKESHMACH,2026-10-06,438.7,471.2,431.25,455.7,687253
LORDSCHLO,2026-09-29,151.0,151.0,139.01,140.34,26426
LORDSCHLO,2026-09-30,143.0,144.7,137.15,138.54,11305
LORDSCHLO,2026-10-01,143.0,143.0,134.25,138.81,7956
LORDSCHLO,2026-10-05,138.9,141.9,136.0,137.66,11752
LORDSCHLO,2026-10-06,138.2,145.25,137.35,139.21,36834
LOTUSCHO,2026-09-29,556.1,567.0,544.0,554.55,5152
LOTUSCHO,2026-09-30,554.55,564.95,546.1,550.35,1679
LOTUSCHO,2026-10-01,542.1,563.95,536.0,540.35,2353
LOTUSCHO,2026-10-05,565.85,565.85,526.1,536.8,1183
LOTUSCHO,2026-10-06,562.0,585.0,549.0,579.65,6149
LOTUSDEV,2026-09-30,218.0,224.85,215.0,224.53,1330015
LOTUSDEV,2026-10-01,219.98,235.75,213.31,230.07,1685413
LOTUSDEV,2026-10-02,230.07,230.07,230.07,230.07,0
LOTUSDEV,2026-10-05,234.0,240.4,227.9,237.89,3260516
LOTUSDEV,2026-10-06,237.89,248.1,230.83,244.73,1512350
LOTUSEYE,2026-09-29,115.0,117.0,112.62,113.2,11294
LOTUSEYE,2026-09-30,114.9,115.9,113.51,115.89,4479
LOTUSEYE,2026-10-01,116.6,116.6,114.65,115.68,5854
LOTUSEYE,2026-10-05,116.0,117.9,114.6,115.61,3544
LOTUSEYE,2026-10-06,114.85,115.8,114.85,115.37,12509
LOVABLE,2026-09-29,70.99,71.78,69.75,71.0,8575
LOVABLE,2026-09-30,71.0,72.45,69.8,71.05,3749
LOVABLE,2026-10-01,69.25,70.9,67.3,68.29,10164
LOVABLE,2026-10-05,70.0,70.4,68.41,68.8,6735
LOVABLE,2026-10-06,69.0,70.5,68.25,69.0,2810
LOYALTEX,2026-09-30,206.3,213.95,206.3,209.67,787
LOYALTEX,2026-10-01,209.95,215.0,207.0,207.5,156
LOYALTEX,2026-10-02,207.5,207.5,207.5,207.5,0
LOYALTEX,2026-10-05,207.5,207.5,206.5,206.5,116
LOYALTEX,2026-10-06,205.2,207.0,205.2,207.0,11
LPDC,2026-09-29,6.14,6.53,6.14,6.22,66105
LPDC,2026-09-30,6.2,6.44,6.11,6.18,50182
LPDC,2026-10-01,6.35,6.48,6.12,6.21,12938
LPDC,2026-10-05,6.41,6.41,6.2,6.3,13911
LPDC,2026-10-06,6.29,6.3,6.15,6.23,20099
LRRPL,2026-09-28,96.0,98.15,95.0,98.15,40500
LRRPL,2026-09-29,103.0,103.05,103.0,103.05,28500
LRRPL,2026-09-30,108.0,108.2,108.0,108.2,12000
LRRPL,2026-10-01,110.0,113.6,107.0,109.95,27000
LRRPL,2026-10-05,106.0,106.0,106.0,106.0,1500
LT,2026-09-30,3756.2,3786.5,3730.0,3760.0,2396040
LT,2026-10-01,3726.0,3737.3,3655.8999,3693.3999,2220932
LT,2026-10-02,3693.3999,3693.3999,3693.3999,3693.3999,0
LT,2026-10-05,3717.0,3750.0,3707.8,3750.0,2323437
LT,2026-10-06,3742.5,3774.1001,3730.0,3770.0,1994087
LTF,2026-09-30,272.0,273.25,264.9,265.0,6415013
LTF,2026-10-01,264.05,271.8,261.75,264.35,7097076
LTF,2026-10-02,264.35,264.35,264.35,264.35,0
LTF,2026-10-05,267.55,267.7,263.0,263.75,4100927
LTF,2026-10-06,264.0,265.3,261.4,264.4,3147066
LTFOODS,2026-09-29,407.0,413.8,401.2,402.8,351308
LTFOODS,2026-09-30,405.65,409.4,399.0,400.4,356756
LTFOODS,2026-10-01,399.0,402.75,389.1,399.15,813144
LTFOODS,2026-10-05,399.0,408.5,397.1,405.8,370391
LTFOODS,2026-10-06,405.8,416.6,405.45,408.15,285762
LTM,2026-09-29,4091.3999,4183.6001,3936.0,3936.0,1014142
LTM,2026-09-30,3979.8999,4138.0,3979.8999,4045.0,463734
LTM,2026-10-01,4001.7,4079.3999,3945.5,4007.0,479221
LTM,2026-10-05,4031.0,4073.0,3946.2,4010.0,216279
LTM,2026-10-06,4011.8999,4036.2,3952.1001,3971.1001,176661
LTTS,2026-09-30,3100.0,3254.8999,3100.0,3228.6001,146167
LTTS,2026-10-01,3199.1001,3280.0,3165.0,3267.8,80220
LTTS,2026-10-02,3267.8,3267.8,3267.8,3267.8,0
LTTS,2026-10-05,3305.1001,3305.8,3201.0,3219.5,62578
LTTS,2026-10-06,3219.5,3258.3,3185.0,3246.0,40231
LUMAXIND,2026-09-29,5651.0,5861.5,5607.0,5691.5,25442
LUMAXIND,2026-09-30,5650.0,5750.0,5523.0,5568.5,12677
LUMAXIND,2026-10-01,5510.0,5600.0,5357.0,5550.0,16937
LUMAXIND,2026-10-05,5504.5,5595.5,5430.0,5439.0,7726
LUMAXIND,2026-10-06,5439.5,5510.5,5396.0,5435.5,7812
LUMAXTECH,2026-09-29,2032.0,2035.9,1972.3,2011.7,79524
LUMAXTECH,2026-09-30,2034.8,2099.0,2007.4,2076.7,137712
LUMAXTECH,2026-10-01,2063.8999,2063.8999,1948.1,1978.9,238440
LUMAXTECH,2026-10-05,1955.0,2001.1,1948.0,1967.6,60434
LUMAXTECH,2026-10-06,1990.0,1990.0,1842.5,1856.9,311799
LUMINO,2026-09-29,104.61,106.45,103.53,104.4,3576565
LUMINO,2026-09-30,104.4,106.19,101.7,102.46,3888707
LUMINO,2026-10-01,102.46,103.6,94.5,96.48,11824903
LUMINO,2026-10-05,98.4,100.68,97.54,98.88,5684052
LUMINO,2026-10-06,99.48,103.1,97.5,101.67,5939874
LUPIN,2026-09-29,2076.0,2097.1001,2052.1001,2052.1001,942745
LUPIN,2026-09-30,2065.0,2071.7,2027.0,2030.2,1085192
LUPIN,2026-10-01,2030.3,2044.1,2004.2,2031.2,825892
LUPIN,2026-10-05,2015.4,2029.0,1996.3,2011.0,571495
LUPIN,2026-10-06,2011.0,2031.4,2003.0,2029.3,1066303
LUXIND,2026-09-30,1103.6,1134.5,1101.0,1107.0,11916
LUXIND,2026-10-01,1100.0,1103.9,1070.2,1092.0,16586
LUXIND,2026-10-02,1092.0,1092.0,1092.0,1092.0,0
LUXIND,2026-10-05,1092.0,1220.0,1092.0,1183.9,58898
LUXIND,2026-10-06,1169.7,1195.0,1165.0,1177.0,25557
LXCHEM,2026-09-30,176.0,182.2,176.0,177.36,710755
LXCHEM,2026-10-01,177.37,184.48,171.07,181.39,1470337
LXCHEM,2026-10-02,181.39,181.39,181.39,181.39,0
LXCHEM,2026-10-05,182.0,183.94,176.8,177.08,843634
LXCHEM,2026-10-06,177.15,190.9,177.15,188.86,4352589
LYKALABS,2026-09-29,82.46,82.46,82.46,82.46,1191
LYKALABS,2026-09-30,83.21,84.1,83.21,83.21,27299
LYKALABS,2026-10-01,81.55,81.7,81.55,81.55,2701
LYKALABS,2026-10-05,81.6,82.98,77.48,77.48,36896
LYKALABS,2026-10-06,77.48,78.39,75.0,75.26,42595
M&M,2026-09-30,2925.0,2986.0,2925.0,2950.0,2332540
M&M,2026-10-01,2926.0,2927.3999,2812.0,2860.0,5453321
M&M,2026-10-02,2860.0,2860.0,2860.0,2860.0,0
M&M,2026-10-05,2857.5,2874.0,2825.1001,2857.6001,3307236
M&M,2026-10-06,2849.0,2866.0,2837.3,2855.0,2610948
M&MFIN,2026-09-30,328.75,333.25,322.65,324.85,920944
M&MFIN,2026-10-01,323.95,325.4,315.45,319.75,3088333
M&MFIN,2026-10-02,319.75,319.75,319.75,319.75,0
M&MFIN,2026-10-05,324.7,340.3,321.0,326.2,3956735
M&MFIN,2026-10-06,327.0,329.85,322.3,327.75,1798688
MAANALU,2026-09-29,102.9,102.9,99.76,100.62,25135
MAANALU,2026-09-30,102.63,102.63,99.81,100.17,29710
MAANALU,2026-10-01,100.0,102.4,96.0,99.34,65004
MAANALU,2026-10-05,103.4,106.5,101.1,104.98,139433
MAANALU,2026-10-06,106.0,106.57,103.1,105.03,43861
MACPOWER,2026-09-29,2190.0,2190.0,2085.3,2128.1001,55501
MACPOWER,2026-09-30,2165.5,2183.6001,2080.0,2096.0,40395
MACPOWER,2026-10-01,2135.0,2234.7,2060.1001,2144.8,97223
MACPOWER,2026-10-05,2180.0,2251.0,2121.0,2160.5,64476
MACPOWER,2026-10-06,2198.5,2198.5,2044.1,2090.1001,44502
MADHAV,2026-09-29,35.1,35.5,34.2,34.81,107
MADHAV,2026-09-30,34.81,35.89,34.1,34.16,4441
MADHAV,2026-10-01,35.5,36.45,33.61,34.49,2418
MADHAV,2026-10-05,34.49,35.19,33.7,34.08,5497
MADHAV,2026-10-06,33.6,35.44,33.6,33.93,10225
MADHAVBAUG,2026-09-28,160.0,169.25,160.0,165.0,19600
MADHAVBAUG,2026-09-29,172.9,173.25,165.0,167.8,18800
MADHAVBAUG,2026-09-30,170.0,175.0,166.0,172.5,48000
MADHAVBAUG,2026-10-01,172.0,179.1,170.0,177.55,11600
MADHAVBAUG,2026-10-05,179.7,179.7,173.4,173.4,1600
MADHAVIPL,2026-09-30,7.38,7.58,7.21,7.31,97889
MADHAVIPL,2026-10-01,7.31,7.49,6.93,7.31,58715
MADHAVIPL,2026-10-02,7.31,7.31,7.31,7.31,0
MADHAVIPL,2026-10-05,7.32,7.39,7.13,7.26,54097
MADHAVIPL,2026-10-06,7.26,7.45,7.21,7.35,76389
MADHUCON,2026-09-29,4.14,4.14,3.88,4.05,18329
MADHUCON,2026-09-30,4.1,4.25,3.91,4.19,39757
MADHUCON,2026-10-01,4.29,4.29,3.99,3.99,53394
MADHUCON,2026-10-05,3.99,4.1,3.84,3.88,32001
MADHUCON,2026-10-06,3.88,4.05,3.79,3.96,24076
MADHUSUDAN,2026-09-28,246.45,246.5,241.5,241.75,22000
MADHUSUDAN,2026-09-29,233.25,245.9,233.25,240.0,18000
MADHUSUDAN,2026-09-30,240.0,245.25,235.0,236.25,16000
MADHUSUDAN,2026-10-01,230.25,236.0,230.25,234.65,7000
MADHUSUDAN,2026-10-05,235.0,235.0,234.0,235.0,7000
MADRASFERT,2026-09-29,60.4,60.4,58.11,58.55,29421
MADRASFERT,2026-09-30,58.5,59.69,58.5,58.77,34224
MADRASFERT,2026-10-01,58.55,58.55,57.06,57.46,18994
MADRASFERT,2026-10-05,57.26,58.49,57.26,57.61,26788
MADRASFERT,2026-10-06,58.4,59.5,57.61,58.98,30663
MAFATIND,2026-09-30,117.98,118.99,115.75,117.54,19676
MAFATIND,2026-10-01,117.8,118.49,114.0,114.38,19878
MAFATIND,2026-10-02,114.38,114.38,114.38,114.38,0
MAFATIND,2026-10-05,115.0,116.73,106.41,109.26,85412
MAFATIND,2026-10-06,111.0,116.8,109.81,115.64,37850
MAGADSUGAR,2026-09-29,544.85,545.1,528.1,536.7,12714
MAGADSUGAR,2026-09-30,540.65,548.4,527.3,531.25,16452
MAGADSUGAR,2026-10-01,533.1,533.1,504.05,511.75,32778
MAGADSUGAR,2026-10-05,513.0,558.95,513.0,539.4,93292
MAGADSUGAR,2026-10-06,547.5,566.6,542.85,552.45,57257
MAGNUM,2026-09-29,19.0,19.0,18.52,18.57,6746
MAGNUM,2026-09-30,18.51,19.15,18.4,18.48,13633
MAGNUM,2026-10-01,18.4,18.98,18.16,18.62,1812
MAGNUM,2026-10-05,18.36,18.99,17.92,18.26,36427
MAGNUM,2026-10-06,18.17,18.6,18.05,18.19,5858
MAGSON,2026-09-28,175.0,181.55,175.0,179.6,258000
MAGSON,2026-09-29,179.6,180.15,175.0,180.1,250000
MAGSON,2026-09-30,180.0,180.0,179.0,180.0,209000
MAGSON,2026-10-01,179.5,180.5,178.0,179.35,24000
MAGSON,2026-10-05,180.2,185.5,180.2,185.5,6000
MAHABANK,2026-09-30,80.0,81.5,79.37,79.37,19568168
MAHABANK,2026-10-01,79.37,81.13,78.87,80.5,9608211
MAHABANK,2026-10-02,80.5,80.5,80.5,80.5,0
MAHABANK,2026-10-05,81.01,82.4,79.85,80.9,13114830
MAHABANK,2026-10-06,81.0,81.3,80.02,80.8,8452470
MAHAPEXLTD,2026-09-29,50.65,52.5,50.21,50.82,5068
MAHAPEXLTD,2026-09-30,50.37,52.0,50.37,51.0,6541
MAHAPEXLTD,2026-10-01,50.52,51.5,49.1,50.18,11656
MAHAPEXLTD,2026-10-05,53.3,53.3,50.12,50.46,2377
MAHAPEXLTD,2026-10-06,51.0,51.99,49.23,50.84,1786
MAHASTEEL,2026-09-29,1193.9,1211.0,1180.2,1201.6,347
MAHASTEEL,2026-09-30,1195.6,1209.0,1167.0,1189.0,987
MAHASTEEL,2026-10-01,1142.2,1199.9,1131.1,1182.5,3755
MAHASTEEL,2026-10-05,1179.9,1195.0,1139.0,1167.1,877
MAHASTEEL,2026-10-06,1162.0,1162.0,1131.4,1139.3,892
MAHEPC,2026-09-30,97.01,98.48,96.3,96.74,10903
MAHEPC,2026-10-01,97.07,97.9,95.0,96.3,13455
MAHEPC,2026-10-02,96.3,96.3,96.3,96.3,0
MAHEPC,2026-10-05,96.3,98.0,96.3,96.75,5017
MAHEPC,2026-10-06,96.75,99.8,95.18,98.97,10718
MAHESHWARI,2026-09-29,72.0,74.5,70.8,73.53,15307
MAHESHWARI,2026-09-30,74.0,74.0,73.05,73.43,13129
MAHESHWARI,2026-10-01,75.68,75.68,69.5,69.95,11065
MAHESHWARI,2026-10-05,70.0,73.0,70.0,72.48,11965
MAHESHWARI,2026-10-06,72.48,72.48,70.53,71.44,999
MAHICKRA,2026-09-28,301.0,301.0,301.0,301.0,750
MAHICKRA,2026-09-29,299.95,300.0,285.1,295.0,2250
MAHICKRA,2026-09-30,285.0,285.0,280.0,280.0,2250
MAHICKRA,2026-10-01,273.0,294.95,273.0,289.0,18000
MAHICKRA,2026-10-05,280.0,280.0,280.0,280.0,2250
MAHLIFE,2026-09-29,361.0,364.1,354.4,361.0,88650
MAHLIFE,2026-09-30,357.2,362.7,353.05,360.3,92476
MAHLIFE,2026-10-01,357.1,364.85,345.85,351.15,103902
MAHLIFE,2026-10-05,351.5,358.5,346.75,351.1,150642
MAHLIFE,2026-10-06,351.0,353.7,346.05,352.2,101799
MAHLOG,2026-09-29,420.1,436.4,415.8,425.7,458867
MAHLOG,2026-09-30,427.0,439.75,423.25,435.85,367227
MAHLOG,2026-10-01,429.8,433.0,410.2,416.4,243388
MAHLOG,2026-10-05,416.75,419.4,405.25,406.75,140897
MAHLOG,2026-10-06,403.5,417.25,403.5,415.05,89588
MAHSCOOTER,2026-09-29,12804.0,12804.0,12110.0,12341.0,33036
MAHSCOOTER,2026-09-30,12300.0,12645.0,12300.0,12576.0,5414
MAHSCOOTER,2026-10-01,12686.0,12686.0,12180.0,12380.0,7480
MAHSCOOTER,2026-10-05,12441.0,12622.0,12353.0,12507.0,5117
MAHSCOOTER,2026-10-06,12465.0,12567.0,12281.0,12315.0,5136
MAHSEAMLES,2026-09-30,725.0,768.0,721.95,737.65,1572414
MAHSEAMLES,2026-10-01,732.0,734.4,682.0,698.75,458963
MAHSEAMLES,2026-10-02,698.75,698.75,698.75,698.75,0
MAHSEAMLES,2026-10-05,700.0,705.95,680.55,685.05,197651
MAHSEAMLES,2026-10-06,686.1,696.0,683.0,685.7,219607
MAITHANALL,2026-09-29,940.0,941.45,921.55,928.2,39509
MAITHANALL,2026-09-30,930.0,955.05,918.1,925.25,52211
MAITHANALL,2026-10-01,911.0,934.85,901.0,927.0,75762
MAITHANALL,2026-10-05,927.0,930.0,904.5,905.6,35121
MAITHANALL,2026-10-06,914.9,923.7,908.05,911.0,26492
MAITREYA,2026-09-28,115.0,120.5,110.6,112.15,5600
MAITREYA,2026-09-29,108.0,109.5,107.3,109.05,2000
MAITREYA,2026-09-30,114.0,114.0,114.0,114.0,400
MAITREYA,2026-10-01,114.0,121.0,112.0,117.4,2800
MAITREYA,2026-10-05,117.4,117.4,117.4,117.4,0
MAJESAUT,2026-09-29,366.35,366.35,355.6,364.65,704
MAJESAUT,2026-09-30,364.0,369.95,355.0,367.8,2477
MAJESAUT,2026-10-01,369.5,369.95,357.65,366.2,1143
MAJESAUT,2026-10-05,375.0,375.0,360.05,365.8,867
MAJESAUT,2026-10-06,360.5,370.5,360.5,369.15,1540
MAKERSL,2026-09-29,180.05,188.3,179.99,181.38,1347
MAKERSL,2026-09-30,181.4,189.49,178.0,181.75,1070
MAKERSL,2026-10-01,185.0,187.4,175.0,183.5,4971
MAKERSL,2026-10-05,180.5,187.49,175.0,177.4,822
MAKERSL,2026-10-06,177.01,186.99,177.0,183.0,296
MAKS,2026-09-29,15.0,15.0,15.0,15.0,0
MAKS,2026-09-30,15.0,15.0,15.0,15.0,0
MAKS,2026-10-01,15.0,15.0,15.0,15.0,0
MAKS,2026-10-02,15.0,15.0,15.0,15.0,0
MAKS,2026-10-05,14.95,14.95,14.95,14.95,1500
MAL,2026-09-28,41.75,41.75,41.75,41.75,0
MAL,2026-09-29,40.05,40.05,40.05,40.05,1600
MAL,2026-09-30,38.2,41.9,38.2,41.0,9600
MAL,2026-10-01,41.0,41.5,41.0,41.0,4800
MAL,2026-10-05,39.05,39.5,38.95,39.05,19200
MALLCOM,2026-09-29,937.7,949.55,935.0,939.65,535
MALLCOM,2026-09-30,939.6,965.5,936.2,938.95,1522
MALLCOM,2026-10-01,938.45,945.0,920.0,935.2,3251
MALLCOM,2026-10-05,920.1,939.85,910.1,911.65,6306
MALLCOM,2026-10-06,912.35,924.75,892.2,903.3,5552
MALUPAPER,2026-09-29,31.7,32.29,31.25,31.68,6545
MALUPAPER,2026-09-30,32.3,32.59,31.45,31.47,12910
MALUPAPER,2026-10-01,31.45,31.5,30.47,31.04,7568
MALUPAPER,2026-10-05,31.01,32.85,30.7,31.19,16905
MALUPAPER,2026-10-06,31.19,32.94,30.95,32.4,13289
MAMATA,2026-09-29,400.0,407.95,392.0,399.5,54563
MAMATA,2026-09-30,406.0,412.15,396.0,398.8,29583
MAMATA,2026-10-01,399.6,404.9,389.3,399.9,63090
MAMATA,2026-10-05,403.0,405.9,392.8,402.95,57051
MAMATA,2026-10-06,404.9,404.9,394.0,395.65,73224
MANAKALUCO,2026-09-29,35.4,35.4,34.1,34.71,34937
MANAKALUCO,2026-09-30,34.5,35.22,34.1,34.32,20753
MANAKALUCO,2026-10-01,34.55,34.55,33.0,33.76,43425
MANAKALUCO,2026-10-05,34.95,34.95,33.5,33.66,33520
MANAKALUCO,2026-10-06,33.4,34.44,33.1,33.24,35284
MANAKCOAT,2026-09-29,125.54,128.59,125.13,127.29,216998
MANAKCOAT,2026-09-30,126.28,129.19,126.0,126.98,218743
MANAKCOAT,2026-10-01,126.1,127.5,124.5,126.59,539492
MANAKCOAT,2026-10-05,129.7,129.98,125.1,126.17,157959
MANAKCOAT,2026-10-06,126.1,131.49,125.95,129.32,366967
MANAKSIA,2026-09-29,60.02,62.4,58.53,61.66,78476
MANAKSIA,2026-09-30,61.0,62.7,59.11,59.99,43003
MANAKSIA,2026-10-01,59.63,60.75,58.22,59.56,30068
MANAKSIA,2026-10-05,60.0,60.68,57.4,57.99,44933
MANAKSIA,2026-10-06,58.8,59.79,57.57,59.05,50235
MANAKSTEEL,2026-09-29,109.9,115.63,107.2,112.57,45890
MANAKSTEEL,2026-09-30,110.3,116.0,108.05,110.33,18922
MANAKSTEEL,2026-10-01,110.33,113.11,104.82,108.89,23191
MANAKSTEEL,2026-10-05,108.89,108.89,103.45,103.7,19076
MANAKSTEEL,2026-10-06,103.45,108.88,100.35,108.88,51919
MANALIPETC,2026-09-30,80.65,82.75,80.18,80.98,828103
MANALIPETC,2026-10-01,81.05,81.06,75.56,78.15,1364744
MANALIPETC,2026-10-02,78.15,78.15,78.15,78.15,0
MANALIPETC,2026-10-05,80.53,91.9,80.1,87.19,30033782
MANALIPETC,2026-10-06,88.0,92.8,87.45,92.36,10471021
MANAPPURAM,2026-09-30,316.45,322.65,312.95,315.85,3430831
MANAPPURAM,2026-10-01,315.85,317.45,303.35,308.9,7653852
MANAPPURAM,2026-10-02,308.9,308.9,308.9,308.9,0
MANAPPURAM,2026-10-05,311.0,314.45,308.55,310.7,3951162
MANAPPURAM,2026-10-06,311.4,312.95,305.95,310.2,3954884
MANAV,2026-09-29,40.75,40.75,40.75,40.75,0
MANAV,2026-09-30,40.75,40.75,40.75,40.75,0
MANAV,2026-10-01,40.75,40.75,40.75,40.75,0
MANAV,2026-10-02,40.75,40.75,40.75,40.75,0
MANAV,2026-10-05,38.75,38.75,38.75,38.75,4000
MANBA,2026-09-29,137.11,140.89,136.5,136.52,206749
MANBA,2026-09-30,137.6,138.95,136.0,136.84,93564
MANBA,2026-10-01,137.3,139.7,136.0,139.01,229896
MANBA,2026-10-05,142.49,143.5,138.24,138.6,86785
MANBA,2026-10-06,140.08,142.0,138.5,141.35,43633
MANCREDIT,2026-09-29,216.0,220.0,213.82,217.36,150144
MANCREDIT,2026-09-30,215.19,224.9,215.19,220.73,132906
MANCREDIT,2026-10-01,218.9,224.4,216.2,218.97,98616
MANCREDIT,2026-10-05,217.25,223.5,215.85,221.1,128353
MANCREDIT,2026-10-06,225.9,238.0,221.41,231.9,212132
MANDEEP,2026-09-28,18.05,18.05,18.05,18.05,0
MANDEEP,2026-09-29,17.8,17.8,17.8,17.8,2000
MANDEEP,2026-09-30,18.25,18.25,18.15,18.15,14000
MANDEEP,2026-10-01,17.5,18.4,17.25,18.4,18000
MANDEEP,2026-10-05,18.4,18.4,18.4,18.4,0
MANGALAM,2026-09-29,30.5,32.19,30.11,31.39,30962
MANGALAM,2026-09-30,31.39,31.93,29.51,30.74,42421
MANGALAM,2026-10-01,30.6,30.89,28.85,29.15,34164
MANGALAM,2026-10-05,29.8,30.12,28.0,29.19,52253
MANGALAM,2026-10-06,29.01,32.0,28.98,31.86,50506
MANGLMCEM,2026-09-29,1000.0,1023.0,981.7,985.8,47664
MANGLMCEM,2026-09-30,982.6,1021.8,982.6,993.2,85822
MANGLMCEM,2026-10-01,989.9,998.8,968.0,984.65,188691
MANGLMCEM,2026-10-05,984.0,1007.4,974.2,990.8,85465
MANGLMCEM,2026-10-06,990.0,994.65,982.25,988.1,24374
MANIKA,2026-09-29,41.0,42.2,40.0,41.83,315655
MANIKA,2026-09-30,42.0,43.52,40.99,42.34,934281
MANIKA,2026-10-01,42.0,43.1,41.0,41.98,397420
MANIKA,2026-10-05,41.98,43.5,41.0,43.11,672015
MANIKA,2026-10-06,43.5,51.73,42.55,51.52,8545250
MANINDS,2026-09-29,950.1,970.2,900.15,959.6,1000872
MANINDS,2026-09-30,962.0,992.95,898.25,907.35,1072563
MANINDS,2026-10-01,907.05,930.5,868.4,921.55,998005
MANINDS,2026-10-05,931.0,940.0,883.1,888.25,452708
MANINDS,2026-10-06,885.1,928.0,882.05,922.05,456233
MANINFRA,2026-09-29,126.95,130.0,125.11,127.9,2651032
MANINFRA,2026-09-30,128.0,129.4,125.28,126.86,1599762
MANINFRA,2026-10-01,125.6,126.49,123.01,124.3,1251549
MANINFRA,2026-10-05,124.9,126.36,122.07,123.78,1016360
MANINFRA,2026-10-06,123.3,124.99,122.35,123.24,1146238
MANIPALHOS,2026-09-30,749.8,752.3,703.15,708.3,2679610
MANIPALHOS,2026-10-01,701.6,710.1,683.0,696.0,977241
MANIPALHOS,2026-10-02,696.0,696.0,696.0,696.0,0
MANIPALHOS,2026-10-05,696.0,701.3,662.35,667.0,780056
MANIPALHOS,2026-10-06,675.6,695.0,668.05,690.5,822837
MANKIND,2026-09-30,2545.0,2552.0,2455.0,2503.8,1311278
MANKIND,2026-10-01,2500.0,2535.0,2476.1001,2535.0,427905
MANKIND,2026-10-02,2535.0,2535.0,2535.0,2535.0,0
MANKIND,2026-10-05,2533.1001,2539.3,2464.7,2479.0,527032
MANKIND,2026-10-06,2481.0,2508.8999,2464.5,2500.0,297520
MANOMAY,2026-09-29,230.9,238.0,229.18,236.46,363665
MANOMAY,2026-09-30,238.5,244.9,234.17,240.66,491051
MANOMAY,2026-10-01,245.0,245.43,235.3,240.08,323589
MANOMAY,2026-10-05,240.0,245.0,233.0,237.09,248015
MANOMAY,2026-10-06,240.7,242.65,235.65,240.14,174673
MANORAMA,2026-09-30,1865.0,1879.4,1844.8,1852.8,123908
MANORAMA,2026-10-01,1830.1,1924.9,1824.0,1880.3,485712
MANORAMA,2026-10-02,1880.3,1880.3,1880.3,1880.3,0
MANORAMA,2026-10-05,1880.3,1959.0,1879.9,1944.9,299321
MANORAMA,2026-10-06,1960.0,1999.8,1960.0,1985.6,207579
MANORG,2026-09-29,452.15,459.7,445.0,447.7,4540
MANORG,2026-09-30,447.05,456.4,445.35,452.25,6490
MANORG,2026-10-01,456.9,456.9,429.65,436.8,5487
MANORG,2026-10-05,449.7,449.95,424.0,432.3,2059
MANORG,2026-10-06,431.0,444.85,426.1,436.1,7004
MANUGRAPH,2026-09-29,17.89,17.89,17.89,17.89,15910
MANUGRAPH,2026-09-30,17.0,17.88,17.0,17.32,133871
MANUGRAPH,2026-10-01,17.17,17.17,16.46,16.46,45086
MANUGRAPH,2026-10-05,16.69,16.69,15.64,16.3,61654
MANUGRAPH,2026-10-06,16.29,16.58,15.6,16.45,40356
MANYAVAR,2026-09-29,540.0,540.0,529.05,531.7,127295
MANYAVAR,2026-09-30,534.25,541.0,527.9,535.1,127982
MANYAVAR,2026-10-01,530.0,535.0,514.75,519.2,106163
MANYAVAR,2026-10-05,522.6,527.9,507.65,521.3,917319
MANYAVAR,2026-10-06,516.0,529.0,500.15,505.4,187727
MAPMYINDIA,2026-09-30,854.0,873.4,849.1,858.1,121081
MAPMYINDIA,2026-10-01,860.0,870.0,833.15,845.75,92181
MAPMYINDIA,2026-10-02,845.75,845.75,845.75,845.75,0
MAPMYINDIA,2026-10-05,854.45,880.0,853.05,873.4,124043
MAPMYINDIA,2026-10-06,882.9,900.9,867.2,896.6,81862
MARALOVER,2026-09-29,61.29,64.75,60.0,61.09,23652
MARALOVER,2026-09-30,61.5,61.74,57.0,60.31,23420
MARALOVER,2026-10-01,58.75,59.7,56.25,57.7,20740
MARALOVER,2026-10-05,58.01,61.0,57.1,57.59,5615
MARALOVER,2026-10-06,58.5,59.0,57.0,57.99,3906
MARATHON,2026-09-29,389.65,400.0,382.2,384.9,56359
MARATHON,2026-09-30,385.15,394.4,384.15,389.15,29572
MARATHON,2026-10-01,388.75,393.95,373.2,388.1,84020
MARATHON,2026-10-05,396.5,396.5,377.1,380.3,43023
MARATHON,2026-10-06,381.4,386.6,373.2,374.6,163989
MARC,2026-09-28,148.0,148.0,148.0,148.0,2400
MARC,2026-09-29,147.9,148.0,147.9,147.95,2400
MARC,2026-09-30,147.95,147.95,147.95,147.95,0
MARC,2026-10-01,141.0,144.95,141.0,144.95,6000
MARC,2026-10-05,138.25,144.0,137.75,141.4,14400
MARCO,2026-09-29,30.85,30.85,28.65,29.25,25500
MARCO,2026-09-30,29.95,29.95,29.95,29.95,1500
MARCO,2026-10-01,29.95,29.95,29.95,29.95,0
MARCO,2026-10-02,29.95,29.95,29.95,29.95,0
MARCO,2026-10-05,30.95,30.95,29.0,29.0,7500
MARICO,2026-09-29,805.1,809.1,787.15,787.15,1626109
MARICO,2026-09-30,789.85,799.25,786.0,786.0,2455494
MARICO,2026-10-01,786.0,791.0,766.25,781.35,1777571
MARICO,2026-10-05,783.7,814.0,780.0,790.0,3353838
MARICO,2026-10-06,796.95,796.95,784.5,794.15,1467096
MARINE,2026-09-30,440.4,446.05,416.65,429.55,1225757
MARINE,2026-10-01,425.0,439.5,419.3,436.55,1481138
MARINE,2026-10-02,436.55,436.55,436.55,436.55,0
MARINE,2026-10-05,441.0,474.9,441.0,469.15,5426250
MARINE,2026-10-06,473.85,490.0,461.4,478.85,2217854
MARINETRAN,2026-09-29,14.5,14.5,14.5,14.5,4000
MARINETRAN,2026-09-30,14.5,14.5,14.5,14.5,0
MARINETRAN,2026-10-01,14.5,14.5,14.5,14.5,0
MARINETRAN,2026-10-02,14.5,14.5,14.5,14.5,0
MARINETRAN,2026-10-05,14.5,14.5,14.5,14.5,0
MARKOLINES,2026-09-29,168.61,168.78,165.1,167.82,83177
MARKOLINES,2026-09-30,169.59,170.2,166.4,167.72,473817
MARKOLINES,2026-10-01,168.08,169.49,161.21,167.26,208712
MARKOLINES,2026-10-05,169.76,173.0,167.45,169.29,308259
MARKOLINES,2026-10-06,169.81,170.69,168.73,170.41,52816
MARKSANS,2026-09-30,344.0,345.9,321.0,322.3,3253271
MARKSANS,2026-10-01,322.05,332.5,318.15,325.6,2445782
MARKSANS,2026-10-02,325.6,325.6,325.6,325.6,0
MARKSANS,2026-10-05,327.2,333.0,324.6,331.65,1566583
MARKSANS,2026-10-06,332.75,341.95,322.2,324.4,3112438
MARSONS,2026-09-30,117.85,119.25,114.11,115.44,1066194
MARSONS,2026-10-01,114.77,116.99,113.66,114.26,1908792
MARSONS,2026-10-02,114.26,114.26,114.26,114.26,0
MARSONS,2026-10-05,114.8,117.8,113.4,114.3,1836935
MARSONS,2026-10-06,114.63,122.73,114.31,119.24,3015196
MARUTI,2026-09-29,12046.0,12046.0,11831.0,11877.0,519770
MARUTI,2026-09-30,11901.0,12065.0,11879.0,11967.0,430286
MARUTI,2026-10-01,11900.0,11907.0,11305.0,11386.0,885820
MARUTI,2026-10-05,11386.0,11544.0,11305.0,11532.0,757171
MARUTI,2026-10-06,11485.0,11625.0,11451.0,11625.0,263909
MASFIN,2026-09-30,278.45,284.95,274.65,282.7,197774
MASFIN,2026-10-01,282.7,282.7,268.95,272.85,188700
MASFIN,2026-10-02,272.85,272.85,272.85,272.85,0
MASFIN,2026-10-05,272.4,276.95,266.55,267.75,115766
MASFIN,2026-10-06,265.0,269.9,265.0,266.9,94219
MASKINVEST,2026-09-29,148.0,148.79,141.71,147.18,57
MASKINVEST,2026-09-30,154.0,154.0,142.0,150.95,468
MASKINVEST,2026-10-01,144.2,145.63,143.41,143.41,84
MASKINVEST,2026-10-05,149.9,149.9,142.37,142.37,83
MASKINVEST,2026-10-06,142.0,147.49,140.0,147.49,93
MASON,2026-09-28,111.0,111.0,107.0,108.0,8000
MASON,2026-09-29,106.7,108.5,104.0,107.25,9000
MASON,2026-09-30,106.75,109.65,103.05,107.85,22000
MASON,2026-10-01,108.0,108.0,105.0,105.0,4000
MASON,2026-10-05,100.0,105.9,100.0,103.55,9000
MASTEK,2026-09-30,1515.0,1583.8,1514.6,1562.8,139740
MASTEK,2026-10-01,1554.2,1586.6,1536.0,1555.6,72494
MASTEK,2026-10-02,1555.6,1555.6,1555.6,1555.6,0
MASTEK,2026-10-05,1591.4,1633.9,1590.0,1608.2,118393
MASTEK,2026-10-06,1604.5,1624.7,1591.1,1616.3,66876
MASTER,2026-09-28,382.4,392.0,381.0,392.0,2000
MASTER,2026-09-29,395.0,399.0,375.0,390.0,3500
MASTER,2026-09-30,390.0,390.0,390.0,390.0,0
MASTER,2026-10-01,380.0,404.0,380.0,404.0,1500
MASTER,2026-10-05,409.0,416.0,401.0,408.5,2500
MASTERTR,2026-09-29,82.5,83.66,81.95,83.11,120809
MASTERTR,2026-09-30,83.72,84.14,81.55,82.14,223611
MASTERTR,2026-10-01,82.01,82.9,80.3,81.66,184334
MASTERTR,2026-10-05,81.66,83.22,80.68,81.13,200223
MASTERTR,2026-10-06,81.8,83.23,81.68,82.62,124197
MATRIMONY,2026-09-29,524.9,530.95,511.0,519.25,11775
MATRIMONY,2026-09-30,519.5,529.8,519.05,523.8,4149
MATRIMONY,2026-10-01,515.4,516.9,489.1,497.0,19572
MATRIMONY,2026-10-05,506.95,518.0,485.6,514.05,11558
MATRIMONY,2026-10-06,508.6,521.4,503.15,509.6,7753
MAWANASUG,2026-09-30,143.55,150.79,143.55,145.01,253411
MAWANASUG,2026-10-01,143.0,144.99,135.0,138.84,169840
MAWANASUG,2026-10-02,138.84,138.84,138.84,138.84,0
MAWANASUG,2026-10-05,139.48,151.0,139.48,145.96,597094
MAWANASUG,2026-10-06,148.96,152.99,145.92,147.89,436261
MAXESTATES,2026-09-29,574.9,576.95,559.4,569.25,80560
MAXESTATES,2026-09-30,569.25,594.5,565.5,587.1,107816
MAXESTATES,2026-10-01,582.0,585.8,551.6,566.25,96922
MAXESTATES,2026-10-05,573.8,576.15,557.85,563.4,70328
MAXESTATES,2026-10-06,564.0,578.45,559.4,564.95,111180
MAXHEALTH,2026-09-30,963.0,976.3,907.7,929.8,13817675
MAXHEALTH,2026-10-01,919.85,950.0,902.05,940.95,5464461
MAXHEALTH,2026-10-02,940.95,940.95,940.95,940.95,0
MAXHEALTH,2026-10-05,937.4,939.8,912.0,917.0,3127962
MAXHEALTH,2026-10-06,921.55,921.6,892.25,902.5,2406067
MAXIND,2026-09-29,153.27,162.0,152.75,160.24,144805
MAXIND,2026-09-30,162.45,164.2,158.22,160.83,111095
MAXIND,2026-10-01,159.51,164.35,154.65,162.78,73481
MAXIND,2026-10-05,161.97,161.97,149.01,150.13,68553
MAXIND,2026-10-06,150.0,168.0,150.0,165.84,422768
MAXPOSURE,2026-09-28,39.1,39.1,37.55,37.55,8000
MAXPOSURE,2026-09-29,37.25,38.2,37.0,37.95,8000
MAXPOSURE,2026-09-30,37.25,37.25,36.15,36.15,8000
MAXPOSURE,2026-10-01,36.0,36.0,36.0,36.0,1000
MAXPOSURE,2026-10-05,36.0,36.05,36.0,36.0,4000
MAYURUNIQ,2026-09-29,717.05,739.5,708.95,727.25,74060
MAYURUNIQ,2026-09-30,730.0,752.45,725.05,734.35,148388
MAYURUNIQ,2026-10-01,723.15,731.45,701.8,711.55,79848
MAYURUNIQ,2026-10-05,715.4,718.45,694.3,706.55,98146
MAYURUNIQ,2026-10-06,713.0,766.0,710.05,761.15,181393
MAZDA,2026-09-29,285.55,294.8,272.5,288.9,46614
MAZDA,2026-09-30,290.0,303.3,290.0,303.3,42578
MAZDA,2026-10-01,307.95,310.0,288.15,288.15,32502
MAZDA,2026-10-05,284.0,294.45,281.0,282.9,18727
MAZDA,2026-10-06,284.0,289.9,275.55,283.4,18785
MAZDOCK,2026-09-30,2083.3999,2140.0,2081.1001,2113.0,510455
MAZDOCK,2026-10-01,2110.0,2115.6001,2031.2,2064.0,648362
MAZDOCK,2026-10-02,2064.0,2064.0,2064.0,2064.0,0
MAZDOCK,2026-10-05,2075.0,2093.8999,2055.3999,2074.0,364228
MAZDOCK,2026-10-06,2080.0,2111.0,2078.8,2101.0,403535
MBAPL,2026-09-29,166.0,170.5,164.02,166.84,1701743
MBAPL,2026-09-30,167.0,173.5,167.0,170.63,1417308
MBAPL,2026-10-01,170.63,172.0,163.27,165.83,867077
MBAPL,2026-10-05,168.31,168.31,160.5,163.66,719951
MBAPL,2026-10-06,164.0,167.5,164.0,166.95,444655
MBECL,2026-09-29,474.83,474.83,472.32,474.83,3657
MBECL,2026-09-30,484.32,484.32,484.32,484.32,3776
MBECL,2026-10-01,494.0,494.0,494.0,494.0,4423
MBECL,2026-10-05,503.85,503.85,503.85,503.85,2932
MBECL,2026-10-06,513.9,513.9,493.8,493.8,18808
MBEL,2026-09-29,250.35,254.95,245.8,251.5,90202
MBEL,2026-09-30,254.15,256.0,248.0,249.0,53598
MBEL,2026-10-01,248.18,254.4,246.0,251.75,116191
MBEL,2026-10-05,256.08,257.15,246.0,247.63,91048
MBEL,2026-10-06,246.2,258.25,246.2,255.41,116296
MBLINFRA,2026-09-29,20.8,21.84,20.71,21.77,141641
MBLINFRA,2026-09-30,22.5,22.85,21.96,22.85,53197
MBLINFRA,2026-10-01,22.85,23.95,22.22,23.11,94794
MBLINFRA,2026-10-05,23.5,24.2,22.5,23.9,28371
MBLINFRA,2026-10-06,23.16,25.09,23.16,25.05,209858
MCL,2026-09-30,58.0,59.63,56.58,56.74,56806
MCL,2026-10-01,58.15,58.15,53.45,54.64,92121
MCL,2026-10-02,54.64,54.64,54.64,54.64,0
MCL,2026-10-05,55.73,55.98,51.15,52.08,105418
MCL,2026-10-06,53.49,54.97,52.8,54.82,58157
MCLEODRUSS,2026-09-29,42.92,44.18,42.92,43.56,185587
MCLEODRUSS,2026-09-30,45.55,45.73,44.5,44.74,624727
MCLEODRUSS,2026-10-01,44.05,44.95,42.51,42.51,306748
MCLEODRUSS,2026-10-05,42.0,42.99,41.2,41.58,120678
MCLEODRUSS,2026-10-06,41.57,43.65,41.52,42.6,206559
MCLOUD,2026-09-29,23.96,26.2,23.52,25.12,10129306
MCLOUD,2026-09-30,25.43,25.79,24.9,25.06,2323995
MCLOUD,2026-10-01,25.0,25.0,24.0,24.25,969374
MCLOUD,2026-10-05,24.74,24.77,24.08,24.54,1090964
MCLOUD,2026-10-06,24.88,25.05,24.45,24.85,1349922
MCON,2026-09-28,40.15,40.15,39.5,39.5,4000
MCON,2026-09-29,38.75,40.95,38.75,40.95,8000
MCON,2026-09-30,40.95,40.95,40.95,40.95,1000
MCON,2026-10-01,40.15,40.35,40.0,40.25,6000
MCON,2026-10-05,40.25,40.25,40.25,40.25,0
MCX,2026-09-30,3280.1001,3345.0,3255.0,3300.3999,2066935
MCX,2026-10-01,3300.0,3331.3,3193.6001,3204.0,2002629
MCX,2026-10-02,3204.0,3204.0,3204.0,3204.0,0
MCX,2026-10-05,3220.0,3258.7,3150.0,3181.7,1386833
MCX,2026-10-06,3195.0,3323.0,3185.0,3310.0,1520216
MDL,2026-09-29,64.9,64.9,64.9,64.9,0
MDL,2026-09-30,57.05,64.9,57.05,64.9,2000
MDL,2026-10-01,64.9,64.9,64.9,64.9,0
MDL,2026-10-02,64.9,64.9,64.9,64.9,0
MDL,2026-10-05,64.9,64.9,64.9,64.9,0
MEDANTA,2026-09-30,1426.7,1429.1,1352.4,1365.0,457701
MEDANTA,2026-10-01,1356.9,1386.1,1336.2,1357.3,363086
MEDANTA,2026-10-02,1357.3,1357.3,1357.3,1357.3,0
MEDANTA,2026-10-05,1362.0,1369.1,1321.4,1332.6,224984
MEDANTA,2026-10-06,1336.1,1344.7,1282.0,1300.8,378246
MEDIASSIST,2026-09-30,307.0,314.85,301.1,302.25,211883
MEDIASSIST,2026-10-01,302.5,304.95,291.25,298.5,541713
MEDIASSIST,2026-10-02,298.5,298.5,298.5,298.5,0
MEDIASSIST,2026-10-05,301.0,301.9,293.4,297.2,183948
MEDIASSIST,2026-10-06,299.9,308.35,297.0,306.25,183180
MEDICAMEQ,2026-09-29,330.0,330.0,317.5,322.0,24859
MEDICAMEQ,2026-09-30,320.9,329.85,310.1,321.75,20688
MEDICAMEQ,2026-10-01,316.0,323.0,306.7,318.6,30246
MEDICAMEQ,2026-10-05,318.7,319.9,307.5,308.0,17453
MEDICAMEQ,2026-10-06,308.0,317.85,304.0,311.95,14756
MEDICAPQ,2026-09-29,25.97,26.48,25.97,26.48,6188
MEDICAPQ,2026-09-30,25.95,27.0,25.25,25.6,903
MEDICAPQ,2026-10-01,26.8,26.8,24.32,26.05,1811
MEDICAPQ,2026-10-05,25.98,25.98,24.75,24.75,2646
MEDICAPQ,2026-10-06,24.26,24.99,24.26,24.99,705
MEDICO,2026-09-29,22.51,23.69,20.47,21.84,1914068
MEDICO,2026-09-30,22.4,23.64,21.17,21.53,1169517
MEDICO,2026-10-01,21.84,22.49,21.02,21.86,361586
MEDICO,2026-10-05,22.4,22.59,21.5,21.68,196397
MEDICO,2026-10-06,21.94,22.4,21.21,22.17,125095
MEDIORG,2026-09-29,23.95,24.05,23.95,24.05,24000
MEDIORG,2026-09-30,24.05,24.05,24.05,24.05,0
MEDIORG,2026-10-01,24.05,24.05,24.05,24.05,0
MEDIORG,2026-10-02,24.05,24.05,24.05,24.05,0
MEDIORG,2026-10-05,24.05,24.05,24.05,24.05,0
MEDPLUS,2026-09-29,656.0,657.55,652.0,654.0,90377
MEDPLUS,2026-09-30,659.0,661.75,654.5,654.9,70747
MEDPLUS,2026-10-01,652.15,658.45,642.6,654.3,134611
MEDPLUS,2026-10-05,651.3,655.55,640.1,644.4,163503
MEDPLUS,2026-10-06,649.9,655.55,642.1,651.45,121422
MEESHO,2026-09-30,223.0,230.68,219.19,227.75,15536460
MEESHO,2026-10-01,224.75,226.65,217.3,218.69,6218981
MEESHO,2026-10-02,218.69,218.69,218.69,218.69,0
MEESHO,2026-10-05,220.66,227.89,219.6,226.5,9583072
MEESHO,2026-10-06,229.0,244.0,228.51,238.22,39912554
MEGAFLEX,2026-09-28,103.95,103.95,103.95,103.95,1000
MEGAFLEX,2026-09-29,103.95,103.95,103.95,103.95,0
MEGAFLEX,2026-09-30,103.95,103.95,103.95,103.95,0
MEGAFLEX,2026-10-01,109.1,109.1,109.1,109.1,1000
MEGAFLEX,2026-10-05,114.55,114.55,114.55,114.55,1000
MEGASTAR,2026-09-30,252.2,260.55,248.0,249.05,3858
MEGASTAR,2026-10-01,245.0,268.0,240.03,267.18,6106
MEGASTAR,2026-10-02,267.18,267.18,267.18,267.18,0
MEGASTAR,2026-10-05,263.0,280.0,250.8,267.87,8718
MEGASTAR,2026-10-06,267.87,297.65,263.11,289.97,6688
MEGATHERM,2026-09-28,238.1,258.95,238.1,251.2,9200
MEGATHERM,2026-09-29,251.2,252.95,246.0,248.0,8800
MEGATHERM,2026-09-30,250.0,251.0,248.0,249.0,6000
MEGATHERM,2026-10-01,249.0,250.75,242.0,243.6,12800
MEGATHERM,2026-10-05,250.0,254.4,239.0,248.5,22400
MEIL,2026-09-29,269.35,269.35,261.2,266.4,37214
MEIL,2026-09-30,268.65,269.0,263.35,264.85,18704
MEIL,2026-10-01,264.85,266.8,258.6,262.1,40132
MEIL,2026-10-05,264.0,264.85,255.0,256.65,27694
MEIL,2026-10-06,256.65,268.5,256.65,263.45,52827
MENNPIS,2026-09-29,71.0,72.8,70.25,72.04,11658
MENNPIS,2026-09-30,73.39,73.39,70.17,72.28,17849
MENNPIS,2026-10-01,72.89,72.89,70.3,71.21,14736
MENNPIS,2026-10-05,71.2,71.2,70.03,70.55,6676
MENNPIS,2026-10-06,70.98,70.98,70.0,70.19,14117
MENONBE,2026-09-29,289.5,304.45,275.0,291.1,161630
MENONBE,2026-09-30,296.55,303.0,292.0,296.2,70127
MENONBE,2026-10-01,295.65,295.95,281.0,288.4,66161
MENONBE,2026-10-05,287.1,292.6,268.15,286.0,224623
MENONBE,2026-10-06,285.0,309.65,285.0,304.95,189773
MEP,2026-09-29,0.68,0.68,0.68,0.68,2709
MEP,2026-09-30,0.69,0.69,0.67,0.67,135026
MEP,2026-10-01,0.68,0.68,0.66,0.67,57369
MEP,2026-10-05,0.68,0.68,0.66,0.66,82693
MEP,2026-10-06,0.66,0.67,0.66,0.67,39561
MERCANTILE,2026-09-29,22.02,22.7,22.0,22.14,434
MERCANTILE,2026-09-30,22.03,23.46,22.0,22.99,3619
MERCANTILE,2026-10-01,22.0,23.4,22.0,22.98,1264
MERCANTILE,2026-10-05,22.99,23.98,22.01,22.45,9195
MERCANTILE,2026-10-06,22.45,23.79,22.0,22.85,4008
MERCURYEV,2026-09-29,38.37,38.92,36.27,38.69,192944
MERCURYEV,2026-09-30,38.18,39.25,38.13,38.17,65295
MERCURYEV,2026-10-01,37.91,38.8,36.3,37.06,385240
MERCURYEV,2026-10-05,37.22,37.96,36.15,36.81,149126
MERCURYEV,2026-10-06,37.0,37.89,36.75,36.97,95003
METROBRAND,2026-09-29,879.0,881.9,856.05,872.15,17677
METROBRAND,2026-09-30,872.05,875.0,832.0,841.75,53574
METROBRAND,2026-10-01,838.0,846.9,815.0,833.5,39313
METROBRAND,2026-10-05,847.0,847.0,807.15,812.5,30069
METROBRAND,2026-10-06,822.95,822.95,807.3,818.85,32863
METROGLOBL,2026-09-29,131.99,132.0,127.1,131.9,461
METROGLOBL,2026-09-30,131.99,134.8,131.0,133.9,513
METROGLOBL,2026-10-01,133.89,133.89,130.0,131.52,208
METROGLOBL,2026-10-05,134.8,134.8,130.01,132.97,821
METROGLOBL,2026-10-06,134.0,134.0,127.1,130.0,455
METROPOLIS,2026-09-30,560.0,561.25,536.65,541.7,572003
METROPOLIS,2026-10-01,537.95,549.0,526.3,537.9,446423
METROPOLIS,2026-10-02,537.9,537.9,537.9,537.9,0
METROPOLIS,2026-10-05,534.85,559.5,532.0,553.6,264357
METROPOLIS,2026-10-06,565.35,565.35,537.6,552.65,367729
MFML,2026-09-29,18.11,19.51,18.11,18.46,1442
MFML,2026-09-30,18.46,19.84,18.37,18.63,14210
MFML,2026-10-01,19.79,19.79,17.87,18.72,1926
MFML,2026-10-05,18.8,19.24,18.0,18.16,1351
MFML,2026-10-06,18.5,19.54,18.16,19.19,478
MFSL,2026-09-29,1459.9,1459.9,1381.0,1392.4,955322
MFSL,2026-09-30,1386.5,1395.1,1344.3,1373.4,931017
MFSL,2026-10-01,1367.9,1403.1,1364.4,1392.0,1151973
MFSL,2026-10-05,1385.3,1385.3,1341.0,1348.0,2005008
MFSL,2026-10-06,1350.0,1362.7,1330.2,1361.0,2855790
MGEL,2026-09-29,16.08,16.2,15.55,16.11,591494
MGEL,2026-09-30,16.14,16.19,15.61,15.89,235063
MGEL,2026-10-01,15.95,16.5,15.18,15.34,442161
MGEL,2026-10-05,15.68,15.99,15.43,15.79,178288
MGEL,2026-10-06,15.68,16.08,15.41,15.78,578303
MGL,2026-09-29,1048.8,1063.5,1035.0,1050.5,113670
MGL,2026-09-30,1048.0,1067.1,1039.0,1058.0,217105
MGL,2026-10-01,1050.0,1056.3,1024.2,1045.4,226314
MGL,2026-10-05,1043.2,1053.8,1036.0,1043.7,66059
MGL,2026-10-06,1041.5,1048.4,1033.0,1039.8,57013
MHHL,2026-09-29,32.5,32.5,32.5,32.5,1500
MHHL,2026-09-30,31.6,31.6,31.2,31.35,12000
MHHL,2026-10-01,31.35,31.35,31.35,31.35,0
MHHL,2026-10-02,31.35,31.35,31.35,31.35,0
MHHL,2026-10-05,31.35,31.35,31.35,31.35,0
MHLXMIRU,2026-09-29,174.41,179.0,172.08,176.39,10221
MHLXMIRU,2026-09-30,176.39,182.24,176.3,179.21,4203
MHLXMIRU,2026-10-01,182.79,182.79,170.25,175.0,7842
MHLXMIRU,2026-10-05,176.0,176.0,166.3,171.0,9298
MHLXMIRU,2026-10-06,166.4,177.95,166.4,171.12,2836
MHRIL,2026-09-29,195.92,196.82,192.85,194.49,55373
MHRIL,2026-09-30,195.9,197.07,192.85,194.25,48568
MHRIL,2026-10-01,194.5,199.49,192.0,194.85,153366
MHRIL,2026-10-05,196.3,198.0,192.56,194.81,46600
MHRIL,2026-10-06,194.81,197.25,194.31,196.71,41105
MICEL,2026-09-29,36.0,36.0,34.68,36.0,167265
MICEL,2026-09-30,36.72,36.72,36.22,36.72,194181
MICEL,2026-10-01,36.0,36.8,36.0,36.0,111299
MICEL,2026-10-05,35.28,35.81,35.28,35.28,58661
MICEL,2026-10-06,35.0,35.0,34.6,34.6,81646
MICROPRO,2026-09-28,18.0,18.0,18.0,18.0,1600
MICROPRO,2026-09-29,18.0,18.0,18.0,18.0,1600
MICROPRO,2026-09-30,17.45,17.5,17.45,17.5,4800
MICROPRO,2026-10-01,16.7,18.2,16.7,16.75,4800
MICROPRO,2026-10-05,16.75,16.75,16.75,16.75,1600
MIDHANI,2026-09-30,421.8,442.35,419.75,437.65,1995574
MIDHANI,2026-10-01,438.0,439.45,415.3,433.6,835967
MIDHANI,2026-10-02,433.6,433.6,433.6,433.6,0
MIDHANI,2026-10-05,433.6,444.9,425.2,440.1,947160
MIDHANI,2026-10-06,441.0,465.85,439.7,462.35,2140223
MIDWESTLTD,2026-09-29,895.1,901.1,869.0,877.0,60800
MIDWESTLTD,2026-09-30,884.9,919.0,878.0,895.0,74483
MIDWESTLTD,2026-10-01,903.2,930.0,860.0,904.15,35185
MIDWESTLTD,2026-10-05,938.85,942.65,908.7,914.75,102439
MIDWESTLTD,2026-10-06,925.0,1006.2,919.3,1006.2,61913
MIIL,2026-09-29,697.0,702.0,676.65,692.05,59879
MIIL,2026-09-30,697.0,699.4,672.1,682.05,86940
MIIL,2026-10-01,683.0,693.45,661.0,677.05,61981
MIIL,2026-10-05,690.0,705.0,665.1,670.4,67578
MIIL,2026-10-06,685.0,692.45,671.6,675.5,68421
MILKYMIST,2026-09-30,323.0,323.0,310.0,316.46,676275
MILKYMIST,2026-10-01,316.0,319.7,302.1,308.45,900488
MILKYMIST,2026-10-02,308.45,308.45,308.45,308.45,0
MILKYMIST,2026-10-05,308.45,315.0,295.0,304.0,732239
MILKYMIST,2026-10-06,303.95,319.2,301.0,319.2,1661486
MILTON,2026-09-29,35.1,35.1,35.1,35.1,0
MILTON,2026-09-30,36.0,36.0,35.5,35.5,4400
MILTON,2026-10-01,35.5,35.5,35.5,35.5,0
MILTON,2026-10-02,35.5,35.5,35.5,35.5,0
MILTON,2026-10-05,35.5,35.5,35.5,35.5,2200
MINALIND,2026-09-29,4.5,4.5,4.5,4.5,1928
MINALIND,2026-09-30,4.41,4.41,4.41,4.41,686
MINALIND,2026-10-01,4.33,4.33,4.33,4.33,960
MINALIND,2026-10-05,4.25,4.25,4.25,4.25,1822
MINALIND,2026-10-06,4.17,4.17,4.17,4.17,2521
MINDACORP,2026-09-29,670.0,678.25,661.0,672.75,509602
MINDACORP,2026-09-30,672.75,698.15,672.75,692.85,255045
MINDACORP,2026-10-01,692.0,694.45,649.35,667.35,497785
MINDACORP,2026-10-05,666.0,669.85,637.05,647.85,380699
MINDACORP,2026-10-06,648.0,661.5,648.0,659.6,148817
MINDTECK,2026-09-30,153.9,156.39,151.1,153.15,15052
MINDTECK,2026-10-01,154.54,154.74,147.56,150.93,18244
MINDTECK,2026-10-02,150.93,150.93,150.93,150.93,0
MINDTECK,2026-10-05,154.8,158.5,150.01,151.31,22115
MINDTECK,2026-10-06,151.31,154.02,138.53,143.72,110863
MIRZAINT,2026-09-29,29.0,29.0,28.0,28.09,100699
MIRZAINT,2026-09-30,28.3,28.48,27.9,27.94,82196
MIRZAINT,2026-10-01,27.7,28.36,27.5,27.65,57360
MIRZAINT,2026-10-05,28.0,28.42,27.63,27.83,48425
MIRZAINT,2026-10-06,27.65,28.34,27.36,27.72,74096
MITCON,2026-09-29,82.0,85.5,79.0,82.66,82800
MITCON,2026-09-30,84.89,85.0,81.1,82.95,7346
MITCON,2026-10-01,81.0,82.51,80.01,80.34,6241
MITCON,2026-10-05,80.0,83.7,79.5,81.14,4453
MITCON,2026-10-06,81.14,82.0,78.56,79.35,3935
MITTAL,2026-09-29,0.72,0.73,0.71,0.72,626550
MITTAL,2026-09-30,0.73,0.73,0.72,0.72,528176
MITTAL,2026-10-01,0.73,0.73,0.68,0.7,1038530
MITTAL,2026-10-05,0.7,0.71,0.7,0.7,705178
MITTAL,2026-10-06,0.7,0.72,0.69,0.71,1139464
MKEXIM,2026-09-29,69.99,69.99,65.65,66.72,9728
MKEXIM,2026-09-30,69.95,69.95,64.72,66.84,6295
MKEXIM,2026-10-01,65.22,68.0,63.99,66.51,13691
MKEXIM,2026-10-05,69.5,69.5,63.98,66.32,5982
MKEXIM,2026-10-06,67.0,67.0,64.47,64.59,3449
MKPL,2026-09-29,4.04,4.04,3.9,3.92,133265
MKPL,2026-09-30,4.0,4.05,3.92,3.99,69786
MKPL,2026-10-01,4.03,4.03,3.88,3.9,94971
MKPL,2026-10-05,4.02,4.02,3.88,3.9,130482
MKPL,2026-10-06,3.97,4.6,3.9,3.99,358646
MLKFOOD,2026-09-30,84.24,85.99,81.0,83.36,6097
MLKFOOD,2026-10-01,85.8,85.8,82.5,84.13,10413
MLKFOOD,2026-10-02,84.13,84.13,84.13,84.13,0
MLKFOOD,2026-10-05,82.56,85.7,82.56,84.59,3096
MLKFOOD,2026-10-06,84.59,85.65,81.05,84.66,13390
MMFL,2026-09-29,604.0,617.5,596.2,612.5,48405
MMFL,2026-09-30,614.9,627.5,592.0,598.6,61917
MMFL,2026-10-01,600.65,609.0,564.0,571.95,186619
MMFL,2026-10-05,573.0,579.0,548.0,552.5,106475
MMFL,2026-10-06,550.0,583.0,550.0,579.15,80544
MMP,2026-09-29,452.25,461.65,442.7,447.55,88251
MMP,2026-09-30,447.0,477.3,447.0,474.85,139843
MMP,2026-10-01,475.0,485.0,447.6,449.6,108870
MMP,2026-10-05,465.0,476.75,447.65,468.05,70165
MMP,2026-10-06,473.3,485.1,463.4,480.55,51023
MMTC,2026-09-30,57.82,58.48,56.7,56.91,1298784
MMTC,2026-10-01,57.3,57.37,55.11,56.29,926056
MMTC,2026-10-02,56.29,56.29,56.29,56.29,0
MMTC,2026-10-05,57.56,57.69,56.0,56.33,943031
MMTC,2026-10-06,57.16,57.52,56.65,57.01,653249
MMWL,2026-09-29,14.9,14.9,13.99,14.12,4355
MMWL,2026-09-30,14.82,14.82,14.02,14.82,28234
MMWL,2026-10-01,15.25,15.56,15.23,15.56,428810
MMWL,2026-10-05,16.33,16.33,16.32,16.33,120682
MMWL,2026-10-06,17.14,17.14,17.14,17.14,44579
MOBIKWIK,2026-09-30,194.95,202.39,194.95,196.32,603060
MOBIKWIK,2026-10-01,196.0,201.5,191.0,196.23,992146
MOBIKWIK,2026-10-02,196.23,196.23,196.23,196.23,0
MOBIKWIK,2026-10-05,196.02,205.27,196.02,201.79,1321942
MOBIKWIK,2026-10-06,203.04,242.14,202.06,242.14,58638223
MODINATUR,2026-09-29,339.7,347.9,333.25,339.65,2579
MODINATUR,2026-09-30,341.0,348.0,333.0,336.0,2947
MODINATUR,2026-10-01,339.95,340.05,315.1,324.45,6136
MODINATUR,2026-10-05,328.5,328.8,324.0,325.05,3235
MODINATUR,2026-10-06,330.0,334.95,315.0,317.5,8478
MODIRUBBER,2026-09-29,120.9,122.5,111.0,121.89,5863
MODIRUBBER,2026-09-30,122.5,122.5,117.0,120.21,987
MODIRUBBER,2026-10-01,118.3,121.99,117.0,119.72,1615
MODIRUBBER,2026-10-05,122.11,122.11,118.2,121.85,318
MODIRUBBER,2026-10-06,121.0,121.6,118.0,118.58,2252
MODIS,2026-09-29,360.1,373.0,356.1,367.15,59405
MODIS,2026-09-30,369.5,373.0,366.25,372.35,42478
MODIS,2026-10-01,370.85,373.0,362.0,367.85,31166
MODIS,2026-10-05,370.0,384.0,364.35,372.25,22397
MODIS,2026-10-06,380.0,387.0,370.0,380.85,38246
MODISONLTD,2026-09-29,427.75,449.95,423.75,447.75,53456
MODISONLTD,2026-09-30,458.2,468.5,446.2,462.95,59779
MODISONLTD,2026-10-01,462.95,486.05,462.9,486.05,96311
MODISONLTD,2026-10-05,486.5,497.0,461.75,467.95,91895
MODISONLTD,2026-10-06,467.95,491.3,452.0,491.3,57111
MODTHREAD,2026-09-29,47.8,47.98,47.19,47.19,2325
MODTHREAD,2026-09-30,48.9,48.9,47.5,48.64,54
MODTHREAD,2026-10-01,48.64,48.64,45.02,45.66,2556
MODTHREAD,2026-10-05,45.91,47.89,45.9,46.58,2245
MODTHREAD,2026-10-06,46.34,55.88,46.34,48.99,618
MOHITE,2026-09-29,2.46,2.54,2.37,2.53,25190
MOHITE,2026-09-30,2.53,2.6,2.25,2.52,151942
MOHITE,2026-10-01,2.53,2.59,2.4,2.49,63921
MOHITE,2026-10-05,2.42,2.54,2.42,2.43,10131
MOHITE,2026-10-06,2.5,2.54,2.4,2.49,86578
MOHITIND,2026-09-29,23.0,23.48,22.63,22.97,11464
MOHITIND,2026-09-30,23.4,24.0,22.25,22.67,14977
MOHITIND,2026-10-01,23.79,23.79,22.16,22.78,10445
MOHITIND,2026-10-05,22.9,23.5,22.63,22.64,2569
MOHITIND,2026-10-06,22.51,22.98,22.27,22.78,1859
MOIL,2026-09-29,242.75,244.5,237.1,243.96,474777
MOIL,2026-09-30,244.0,245.88,235.0,237.76,392618
MOIL,2026-10-01,238.0,239.39,230.01,232.66,545882
MOIL,2026-10-05,235.2,243.5,235.2,236.49,690784
MOIL,2026-10-06,237.0,240.4,236.94,239.2,228756
MOKSH,2026-09-29,10.0,10.0,9.51,9.6,71208
MOKSH,2026-09-30,9.55,9.83,9.45,9.51,34960
MOKSH,2026-10-01,9.51,9.78,9.03,9.19,122811
MOKSH,2026-10-05,9.16,9.64,9.16,9.31,30725
MOKSH,2026-10-06,9.07,9.7,9.07,9.31,91299
MOL,2026-09-30,57.23,58.73,56.02,56.31,370257
MOL,2026-10-01,55.97,56.43,54.13,55.13,739103
MOL,2026-10-02,55.13,55.13,55.13,55.13,0
MOL,2026-10-05,54.93,56.99,53.31,54.83,1229458
MOL,2026-10-06,55.0,61.85,54.88,60.25,1827031
MOLBIO,2026-09-29,1231.2,1275.0,1221.0,1255.6,435362
MOLBIO,2026-09-30,1314.9,1369.2,1274.4,1308.9,3130442
MOLBIO,2026-10-01,1313.0,1564.3,1312.1,1513.1,8751936
MOLBIO,2026-10-05,1501.8,1558.3,1472.6,1503.4,3050454
MOLBIO,2026-10-06,1509.4,1540.0,1475.0,1501.1,1127209
MOLDTECH,2026-09-29,202.0,207.15,197.65,201.49,34982
MOLDTECH,2026-09-30,205.0,208.0,201.0,206.16,34867
MOLDTECH,2026-10-01,210.0,211.0,202.16,204.78,30948
MOLDTECH,2026-10-05,207.9,214.95,207.0,213.5,77012
MOLDTECH,2026-10-06,217.77,220.0,215.01,216.72,52216
MOLDTKPAC,2026-09-29,650.0,653.05,637.0,642.95,52648
MOLDTKPAC,2026-09-30,643.0,668.25,643.0,660.6,39184
MOLDTKPAC,2026-10-01,660.6,665.2,648.8,658.85,94944
MOLDTKPAC,2026-10-05,669.0,684.0,665.45,680.7,81041
MOLDTKPAC,2026-10-06,682.0,694.0,670.25,678.0,90495
MOMSBELIEF,2026-09-29,234.0,267.61,232.0,255.96,2681284
MOMSBELIEF,2026-09-30,255.96,256.89,230.6,234.64,300642
MOMSBELIEF,2026-10-01,231.0,236.98,220.82,226.92,213669
MOMSBELIEF,2026-10-05,227.0,237.0,220.0,228.74,244611
MOMSBELIEF,2026-10-06,228.4,234.8,224.21,232.64,86379
MONARCH,2026-09-29,348.05,352.05,334.75,343.05,93763
MONARCH,2026-09-30,339.15,349.2,336.0,337.85,30720
MONARCH,2026-10-01,336.0,357.0,325.0,342.7,201449
MONARCH,2026-10-05,347.05,351.05,341.5,348.65,61652
MONARCH,2026-10-06,346.0,353.55,341.8,344.65,83365
MONEYBOXX,2026-09-29,49.84,51.08,46.22,51.08,101060
MONEYBOXX,2026-09-30,53.39,53.39,50.1,52.28,31574
MONEYBOXX,2026-10-01,53.99,54.89,52.8,54.0,44265
MONEYBOXX,2026-10-05,51.72,56.0,51.3,54.76,29652
MONEYBOXX,2026-10-06,52.03,53.9,52.03,53.48,24999
MONEYVIEW,2026-10-01,55.0,62.0,50.27,53.88,655464953
MONEYVIEW,2026-10-02,53.88,53.88,53.88,53.88,0
MONEYVIEW,2026-10-05,55.85,59.0,50.56,51.51,218474338
MONEYVIEW,2026-10-06,51.8,53.0,48.34,50.5,151540633
MONOPHARMA,2026-09-29,8.55,8.55,8.55,8.55,4000
MONOPHARMA,2026-09-30,8.55,8.55,8.55,8.55,2000
MONOPHARMA,2026-10-01,8.55,8.55,8.55,8.55,0
MONOPHARMA,2026-10-02,8.55,8.55,8.55,8.55,0
MONOPHARMA,2026-10-05,8.55,8.55,8.55,8.55,0
MONTECARLO,2026-09-30,517.95,535.0,517.95,527.45,39094
MONTECARLO,2026-10-01,525.0,525.0,514.0,522.85,26728
MONTECARLO,2026-10-02,522.85,522.85,522.85,522.85,0
MONTECARLO,2026-10-05,518.0,525.15,515.05,516.9,19032
MONTECARLO,2026-10-06,520.0,527.35,518.0,524.3,17793
MORARJEE,2026-09-29,7.92,7.92,7.92,7.92,0
MORARJEE,2026-09-30,7.92,7.92,7.92,7.92,0
MORARJEE,2026-10-01,7.92,7.92,7.92,7.92,0
MORARJEE,2026-10-02,7.92,7.92,7.92,7.92,0
MORARJEE,2026-10-05,7.53,7.53,7.53,7.53,80
MOREPENLAB,2026-09-29,120.8,122.69,117.37,118.8,12759041
MOREPENLAB,2026-09-30,119.34,128.1,117.8,125.99,26169666
MOREPENLAB,2026-10-01,125.9,135.29,125.16,133.72,37973409
MOREPENLAB,2026-10-05,134.5,137.64,130.46,135.29,18241253
MOREPENLAB,2026-10-06,135.7,145.25,135.61,143.96,22419072
MOS,2026-09-28,8.25,8.3,7.6,7.6,584000
MOS,2026-09-29,7.35,7.35,7.25,7.25,208000
MOS,2026-09-30,6.9,6.9,6.9,6.9,160000
MOS,2026-10-01,6.6,6.6,6.6,6.6,52000
MOS,2026-10-05,6.3,6.7,6.3,6.3,1588000
MOSCHIP,2026-09-30,199.04,205.49,199.04,201.25,1416715
MOSCHIP,2026-10-01,201.0,202.43,194.08,198.03,1364614
MOSCHIP,2026-10-02,198.03,198.03,198.03,198.03,0
MOSCHIP,2026-10-05,201.0,201.85,194.81,195.84,799333
MOSCHIP,2026-10-06,196.79,199.49,190.78,197.7,1093875
MOTHERSON,2026-09-30,160.35,164.1,160.35,163.26,15307995
MOTHERSON,2026-10-01,161.35,162.27,153.81,157.03,23039471
MOTHERSON,2026-10-02,157.03,157.03,157.03,157.03,0
MOTHERSON,2026-10-05,157.0,159.39,154.76,156.5,14480075
MOTHERSON,2026-10-06,156.28,160.69,155.68,160.0,7310829
MOTILALOFS,2026-09-30,999.9,1016.5,994.0,994.0,766759
MOTILALOFS,2026-10-01,994.0,996.7,965.05,989.9,1607962
MOTILALOFS,2026-10-02,989.9,989.9,989.9,989.9,0
MOTILALOFS,2026-10-05,991.0,1018.9,987.9,1011.1,445092
MOTILALOFS,2026-10-06,1019.5,1086.0,1017.1,1081.15,2177791
MOTISONS,2026-09-29,18.08,18.2,17.5,17.62,38419101
MOTISONS,2026-09-30,17.62,18.28,17.52,18.0,39407577
MOTISONS,2026-10-01,18.0,18.3,17.47,17.88,28260057
MOTISONS,2026-10-05,18.0,18.41,17.55,17.74,24288664
MOTISONS,2026-10-06,17.98,18.12,17.5,17.61,14287560
MOTOGENFIN,2026-09-29,26.65,26.65,25.5,25.57,14323
MOTOGENFIN,2026-09-30,25.5,25.77,25.2,25.5,7018
MOTOGENFIN,2026-10-01,25.95,25.98,24.26,25.08,93418
MOTOGENFIN,2026-10-05,25.48,25.48,24.36,24.53,2838
MOTOGENFIN,2026-10-06,24.9,26.0,24.45,25.77,39767
MOXSH,2026-09-28,95.0,95.0,95.0,95.0,0
MOXSH,2026-09-29,95.0,95.0,95.0,95.0,0
MOXSH,2026-09-30,94.0,94.0,90.3,90.3,3200
MOXSH,2026-10-01,87.2,93.3,86.0,93.3,6400
MOXSH,2026-10-05,93.3,93.3,93.3,93.3,0
MPDL,2026-09-28,26.65,26.7,26.65,26.65,1612
MPDL,2026-09-29,26.52,27.98,25.32,27.98,1986
MPDL,2026-09-30,26.75,29.37,26.59,29.35,3970
MPDL,2026-10-01,27.89,28.25,27.89,27.89,732
MPDL,2026-10-05,27.89,27.89,26.5,27.33,2161
MPHASIS,2026-09-29,2238.0,2238.8999,2154.3999,2154.3999,420858
MPHASIS,2026-09-30,2164.5,2252.6001,2144.8,2154.3999,701536
MPHASIS,2026-10-01,2160.1001,2265.0,2160.1001,2250.2,1178274
MPHASIS,2026-10-05,2277.8,2342.0,2239.2,2297.1001,1107616
MPHASIS,2026-10-06,2290.0,2306.0,2265.5,2298.0,286666
MPIMANIPAL,2026-09-30,425.05,438.8,400.15,409.15,3225179
MPIMANIPAL,2026-10-01,411.0,420.5,392.05,401.4,1620525
MPIMANIPAL,2026-10-02,401.4,401.4,401.4,401.4,0
MPIMANIPAL,2026-10-05,415.0,430.0,381.2,389.7,2163634
MPIMANIPAL,2026-10-06,394.9,394.9,363.7,366.05,1188562
MPSLTD,2026-09-29,2611.0,2684.8,2601.1001,2634.7,12743
MPSLTD,2026-09-30,2648.0,2796.0,2622.1001,2699.0,44086
MPSLTD,2026-10-01,2695.0,2714.3,2570.0,2628.3999,17856
MPSLTD,2026-10-05,2628.3999,2675.8999,2600.8,2637.3999,7943
MPSLTD,2026-10-06,2667.0,2729.8999,2628.1001,2681.2,9345
MRF,2026-09-29,123550.0,124290.0,122750.0,123080.0,2824
MRF,2026-09-30,123000.0,125800.0,123000.0,125280.0,4133
MRF,2026-10-01,125100.0,125100.0,122745.0,123715.0,3448
MRF,2026-10-05,123915.0,124490.0,122755.0,123330.0,3098
MRF,2026-10-06,123500.0,124560.0,123250.0,124080.0,2176
MRPL,2026-09-30,172.5,180.8,162.5,169.29,30852898
MRPL,2026-10-01,167.27,168.2,161.5,164.76,12948377
MRPL,2026-10-02,164.76,164.76,164.76,164.76,0
MRPL,2026-10-05,164.79,173.7,163.25,172.43,13082595
MRPL,2026-10-06,173.0,176.95,171.11,174.72,9705126
MSL,2026-09-29,136.0,136.0,136.0,136.0,0
MSL,2026-09-30,137.85,137.85,137.4,137.4,34
MSL,2026-10-01,128.95,145.0,127.4,144.99,498
MSL,2026-10-05,144.0,150.9,140.0,148.45,522
MSL,2026-10-06,148.45,148.45,139.0,140.0,632
MSPL,2026-09-30,33.83,34.95,32.83,33.0,2560393
MSPL,2026-10-01,32.99,33.31,31.66,32.52,1038333
MSPL,2026-10-02,32.52,32.52,32.52,32.52,0
MSPL,2026-10-05,32.04,32.8,31.52,31.65,893166
MSPL,2026-10-06,31.51,32.64,31.1,32.34,538757
MSTCLTD,2026-09-29,711.95,719.95,705.5,713.05,158293
MSTCLTD,2026-09-30,715.0,733.05,712.2,714.75,219386
MSTCLTD,2026-10-01,715.5,717.75,690.25,705.8,208381
MSTCLTD,2026-10-05,705.0,705.6,687.5,693.75,201122
MSTCLTD,2026-10-06,694.0,725.6,693.95,714.3,174073
MSUMI,2026-09-30,34.2,34.83,34.0,34.07,6241303
MSUMI,2026-10-01,33.9,33.98,33.07,33.53,16228437
MSUMI,2026-10-02,33.53,33.53,33.53,33.53,0
MSUMI,2026-10-05,33.53,33.7,32.7,32.89,8274064
MSUMI,2026-10-06,32.96,33.38,32.81,33.31,3809543
MTARTECH,2026-09-29,6851.0,7426.0,6840.0,7426.0,352250
MTARTECH,2026-09-30,7797.0,7797.0,7797.0,7797.0,190323
MTARTECH,2026-10-01,8186.5,8186.5,7525.5,7797.0,283715
MTARTECH,2026-10-05,7705.0,7800.0,7595.0,7654.0,122661
MTARTECH,2026-10-06,7512.0,7789.0,7426.0,7718.5,98745
MTEDUCARE,2026-09-29,1.75,1.75,1.68,1.7,6614
MTEDUCARE,2026-09-30,1.64,1.78,1.64,1.72,19570
MTEDUCARE,2026-10-01,1.65,1.75,1.64,1.67,45826
MTEDUCARE,2026-10-05,1.71,1.71,1.61,1.68,9166
MTEDUCARE,2026-10-06,1.71,1.71,1.6,1.63,31691
MTNL,2026-09-30,23.25,23.48,22.82,22.97,376141
MTNL,2026-10-01,23.1,26.94,22.71,24.66,44121423
MTNL,2026-10-02,24.66,24.66,24.66,24.66,0
MTNL,2026-10-05,24.6,24.6,23.0,23.19,3516200
MTNL,2026-10-06,23.24,23.58,23.2,23.28,891237
MUFIN,2026-09-30,131.97,133.65,130.01,131.51,589751
MUFIN,2026-10-01,130.8,131.72,127.53,130.59,699328
MUFIN,2026-10-02,130.59,130.59,130.59,130.59,0
MUFIN,2026-10-05,131.3,134.43,130.6,132.89,1067885
MUFIN,2026-10-06,133.3,136.45,132.25,135.17,2219269
MUFTI,2026-09-29,69.01,70.19,68.51,69.28,40683
MUFTI,2026-09-30,68.75,74.0,68.75,72.31,123298
MUFTI,2026-10-01,72.0,72.18,69.5,70.24,60635
MUFTI,2026-10-05,70.24,70.76,69.2,69.7,42543
MUFTI,2026-10-06,69.7,70.5,69.0,69.61,58814
MUKANDLTD,2026-09-30,176.0,184.8,174.25,180.13,1438322
MUKANDLTD,2026-10-01,178.11,183.96,170.05,172.66,858946
MUKANDLTD,2026-10-02,172.66,172.66,172.66,172.66,0
MUKANDLTD,2026-10-05,174.4,189.9,173.76,182.2,1971183
MUKANDLTD,2026-10-06,182.2,184.95,175.0,181.55,476024
MUKESHB,2026-09-28,127.0,127.0,127.0,127.0,100
MUKESHB,2026-09-29,127.0,127.0,127.0,127.0,0
MUKESHB,2026-09-30,126.0,126.0,126.0,126.0,56
MUKESHB,2026-10-01,125.0,128.8,125.0,128.8,713
MUKESHB,2026-10-05,128.0,128.0,128.0,128.0,9
MUKKA,2026-09-29,26.91,26.99,26.25,26.33,140377
MUKKA,2026-09-30,26.33,26.88,25.66,25.98,205991
MUKKA,2026-10-01,26.1,26.1,24.75,25.7,278076
MUKKA,2026-10-05,25.7,26.98,25.1,26.67,272385
MUKKA,2026-10-06,26.59,27.2,26.26,26.97,112572
MUKTAARTS,2026-09-29,56.89,56.89,55.11,56.57,513
MUKTAARTS,2026-09-30,56.5,57.5,55.4,57.09,4149
MUKTAARTS,2026-10-01,55.15,58.79,53.11,55.92,1911
MUKTAARTS,2026-10-05,55.92,56.5,54.0,54.89,2425
MUKTAARTS,2026-10-06,54.3,59.99,53.1,57.04,904
MUNJALAU,2026-09-30,106.3,115.7,106.0,112.86,9221059
MUNJALAU,2026-10-01,110.76,110.76,102.58,104.07,1200123
MUNJALAU,2026-10-02,104.07,104.07,104.07,104.07,0
MUNJALAU,2026-10-05,105.9,106.88,103.65,105.56,353413
MUNJALAU,2026-10-06,106.45,106.98,103.74,105.33,355586
MUNJALSHOW,2026-09-30,126.0,127.75,125.0,126.44,28696
MUNJALSHOW,2026-10-01,126.0,126.4,121.9,124.53,36914
MUNJALSHOW,2026-10-02,124.53,124.53,124.53,124.53,0
MUNJALSHOW,2026-10-05,125.0,126.7,123.23,124.03,15447
MUNJALSHOW,2026-10-06,125.7,127.0,124.18,124.82,16146
MURUDCERA,2026-09-30,28.0,29.0,28.0,28.51,17394
MURUDCERA,2026-10-01,28.87,28.87,27.51,28.06,8347
MURUDCERA,2026-10-02,28.06,28.06,28.06,28.06,0
MURUDCERA,2026-10-05,27.55,28.84,27.55,28.01,13934
MURUDCERA,2026-10-06,28.7,28.7,27.56,27.97,17500
MUTHOOTCAP,2026-09-29,221.17,226.75,216.44,217.07,19275
MUTHOOTCAP,2026-09-30,219.32,221.5,216.52,218.9,5699
MUTHOOTCAP,2026-10-01,219.0,225.67,211.59,218.08,8616
MUTHOOTCAP,2026-10-05,220.86,220.86,211.01,219.33,8382
MUTHOOTCAP,2026-10-06,229.05,229.05,210.74,216.42,6595
MUTHOOTFIN,2026-09-30,2747.8999,2783.8999,2737.1001,2737.1001,459482
MUTHOOTFIN,2026-10-01,2729.8999,2765.6001,2676.8999,2697.1001,553592
MUTHOOTFIN,2026-10-02,2697.1001,2697.1001,2697.1001,2697.1001,0
MUTHOOTFIN,2026-10-05,2711.0,2747.8,2700.0,2716.3999,499788
MUTHOOTFIN,2026-10-06,2722.8999,2724.1001,2679.0,2686.0,369256
MUTHOOTMF,2026-09-29,178.96,180.55,175.44,177.64,151414
MUTHOOTMF,2026-09-30,177.73,181.78,177.58,178.4,99224
MUTHOOTMF,2026-10-01,178.0,178.01,171.57,174.09,202480
MUTHOOTMF,2026-10-05,177.58,183.49,174.52,176.38,141785
MUTHOOTMF,2026-10-06,176.38,179.19,173.12,176.76,193467
MVELECTRO,2026-09-30,840.3,843.4,811.55,818.15,433635
MVELECTRO,2026-10-01,814.75,859.0,798.15,836.95,1336521
MVELECTRO,2026-10-02,836.95,836.95,836.95,836.95,0
MVELECTRO,2026-10-05,855.8,920.6,850.0,897.55,3364393
MVELECTRO,2026-10-06,913.9,970.0,913.5,933.1,4325488
MVGJL,2026-09-29,216.3,219.54,207.0,212.6,172011
MVGJL,2026-09-30,214.33,216.47,205.1,207.16,143718
MVGJL,2026-10-01,206.2,214.0,199.05,206.69,313628
MVGJL,2026-10-05,212.94,216.99,200.4,204.36,257200
MVGJL,2026-10-06,208.4,208.4,201.12,203.16,120816
MVKAGRO,2026-09-28,242.4,242.4,242.4,242.4,123600
MVKAGRO,2026-09-29,240.0,253.9,230.3,248.05,283800
MVKAGRO,2026-09-30,248.0,249.05,238.8,246.55,137400
MVKAGRO,2026-10-01,238.15,246.65,234.25,240.35,48300
MVKAGRO,2026-10-05,243.95,243.95,228.35,228.65,89700
MWL,2026-09-29,43.76,44.89,43.06,43.4,396017
MWL,2026-09-30,43.6,43.95,42.9,43.38,283085
MWL,2026-10-01,43.0,43.58,42.5,43.13,408526
MWL,2026-10-05,41.7,42.74,40.96,41.53,1175803
MWL,2026-10-06,41.33,41.93,41.02,41.66,358670
MYSORPETRO,2026-09-29,123.5,129.99,122.5,127.82,4048
MYSORPETRO,2026-09-30,124.0,124.88,122.0,122.25,6396
MYSORPETRO,2026-10-01,122.25,122.25,117.51,119.4,4287
MYSORPETRO,2026-10-05,119.4,119.4,115.0,115.88,2067
MYSORPETRO,2026-10-06,117.98,119.9,112.71,117.13,3104
NACLIND,2026-09-30,132.1,136.99,132.1,132.86,449680
NACLIND,2026-10-01,133.48,134.0,126.51,130.41,525450
NACLIND,2026-10-02,130.41,130.41,130.41,130.41,0
NACLIND,2026-10-05,130.41,132.41,128.4,130.29,220568
NACLIND,2026-10-06,131.83,137.4,130.96,136.63,375841
NAGAFERT,2026-09-29,1.69,1.69,1.69,1.69,0
NAGAFERT,2026-09-30,1.69,1.69,1.69,1.69,0
NAGAFERT,2026-10-01,1.69,1.69,1.69,1.69,0
NAGAFERT,2026-10-02,1.69,1.69,1.69,1.69,0
NAGAFERT,2026-10-05,1.64,1.69,1.61,1.61,632707
NAGREEKCAP,2026-09-29,25.5,27.5,25.5,26.05,3154
NAGREEKCAP,2026-09-30,26.05,28.0,25.2,26.03,3598
NAGREEKCAP,2026-10-01,26.03,27.2,24.56,25.34,9411
NAGREEKCAP,2026-10-05,24.57,25.87,24.57,25.49,7710
NAGREEKCAP,2026-10-06,24.56,27.88,24.56,27.25,17101
NAGREEKEXP,2026-09-29,21.42,22.75,20.99,22.09,35608
NAGREEKEXP,2026-09-30,21.72,22.69,21.5,21.7,10252
NAGREEKEXP,2026-10-01,21.65,22.84,20.83,21.29,6492
NAGREEKEXP,2026-10-05,21.29,21.97,20.1,20.87,18915
NAGREEKEXP,2026-10-06,20.7,22.48,20.7,21.97,4503
NAHARCAP,2026-09-29,249.5,249.5,230.0,237.6,8969
NAHARCAP,2026-09-30,232.0,248.6,231.0,244.9,3816
NAHARCAP,2026-10-01,245.49,245.5,236.85,237.31,5098
NAHARCAP,2026-10-05,233.6,238.03,230.0,233.82,2513
NAHARCAP,2026-10-06,231.6,239.7,230.0,234.66,1700
NAHARINDUS,2026-09-30,131.16,133.19,129.0,130.13,13521
NAHARINDUS,2026-10-01,131.44,131.95,126.01,127.74,16476
NAHARINDUS,2026-10-02,127.74,127.74,127.74,127.74,0
NAHARINDUS,2026-10-05,128.0,130.0,126.1,127.08,10196
NAHARINDUS,2026-10-06,128.15,129.67,126.25,127.66,12859
NAHARPOLY,2026-09-29,224.94,235.0,221.11,230.27,3674
NAHARPOLY,2026-09-30,232.97,232.97,224.05,225.27,3942
NAHARPOLY,2026-10-01,228.79,230.0,217.02,225.64,6510
NAHARPOLY,2026-10-05,222.81,230.01,220.21,222.21,2606
NAHARPOLY,2026-10-06,223.34,225.0,219.99,220.36,5593
NAHARSPING,2026-09-29,278.0,278.55,259.2,261.75,46373
NAHARSPING,2026-09-30,265.95,271.7,259.2,260.05,15466
NAHARSPING,2026-10-01,260.9,263.0,250.0,255.5,19419
NAHARSPING,2026-10-05,255.5,260.7,249.2,250.15,27426
NAHARSPING,2026-10-06,254.35,259.85,253.0,257.4,7352
NAMAN,2026-09-28,46.2,46.2,46.2,46.2,2400
NAMAN,2026-09-29,48.5,48.5,48.0,48.5,7200
NAMAN,2026-09-30,48.5,50.8,48.5,50.7,10400
NAMAN,2026-10-01,48.2,48.2,48.2,48.2,12000
NAMAN,2026-10-05,48.2,48.2,48.2,48.2,800
NARMADA,2026-09-30,12.75,13.19,12.6,12.71,465925
NARMADA,2026-10-01,12.71,12.81,12.05,12.31,289831
NARMADA,2026-10-02,12.31,12.31,12.31,12.31,0
NARMADA,2026-10-05,12.35,13.2,12.01,12.3,752647
NARMADA,2026-10-06,12.49,12.49,11.99,12.1,358705
NATCAPSUQ,2026-09-29,162.01,164.59,162.0,163.14,2460
NATCAPSUQ,2026-09-30,164.95,168.85,164.95,165.8,1477
NATCAPSUQ,2026-10-01,168.6,168.6,161.9,162.16,3126
NATCAPSUQ,2026-10-05,164.0,166.5,163.1,165.15,1789
NATCAPSUQ,2026-10-06,164.0,168.5,162.3,166.74,837
NATCOPHARM,2026-09-30,838.1183,842.0858,814.413,820.7609,620084
NATCOPHARM,2026-10-01,814.95,827.1,804.0,821.3,717435
NATCOPHARM,2026-10-02,821.3,821.3,821.3,821.3,0
NATCOPHARM,2026-10-05,825.0,827.45,801.4,821.5,571712
NATCOPHARM,2026-10-06,824.7,827.0,815.35,823.65,225103
NATHBIOGEN,2026-09-29,145.0,147.0,141.0,142.22,8389
NATHBIOGEN,2026-09-30,145.3,145.44,142.35,142.81,2506
NATHBIOGEN,2026-10-01,145.0,145.0,135.7,137.74,9469
NATHBIOGEN,2026-10-05,140.0,142.44,133.0,134.29,15278
NATHBIOGEN,2026-10-06,138.5,141.98,136.0,138.31,9276
NATIONALUM,2026-09-30,345.05,348.95,340.95,340.95,5109676
NATIONALUM,2026-10-01,335.0,338.85,329.5,334.9,4672624
NATIONALUM,2026-10-02,334.9,334.9,334.9,334.9,0
NATIONALUM,2026-10-05,335.9,344.1,334.3,340.0,5169746
NATIONALUM,2026-10-06,344.95,348.65,333.35,337.25,6698070
NATIONSTD,2026-09-29,115.62,116.75,113.02,114.54,4773
NATIONSTD,2026-09-30,117.8,117.8,113.5,113.87,6077
NATIONSTD,2026-10-01,116.15,116.16,111.0,114.91,7143
NATIONSTD,2026-10-05,116.05,116.05,112.0,112.51,5158
NATIONSTD,2026-10-06,112.0,113.98,108.46,110.79,8007
NAUKRI,2026-09-30,1235.0,1246.0,1204.5,1219.5,1589054
NAUKRI,2026-10-01,1215.1,1221.2,1180.3,1200.0,2219568
NAUKRI,2026-10-02,1200.0,1200.0,1200.0,1200.0,0
NAUKRI,2026-10-05,1220.3,1241.0,1198.4,1201.7,2021519
NAUKRI,2026-10-06,1208.7,1241.0,1197.4,1241.0,1622806
NAVA,2026-09-29,543.9,553.55,540.2,545.95,263953
NAVA,2026-09-30,547.0,565.5,547.0,559.35,374867
NAVA,2026-10-01,554.55,558.75,543.8,552.5,336721
NAVA,2026-10-05,555.0,564.85,552.0,556.7,302296
NAVA,2026-10-06,558.0,578.0,558.0,575.0,601601
NAVINFLUOR,2026-09-29,8434.5,8483.5,8211.0,8234.5,136712
NAVINFLUOR,2026-09-30,8334.0,8417.5,8200.5,8245.0,161189
NAVINFLUOR,2026-10-01,8197.5,8262.0,8035.0,8136.5,94936
NAVINFLUOR,2026-10-05,8217.5,8333.5,8115.0,8272.0,133656
NAVINFLUOR,2026-10-06,8272.0,8574.0,8272.0,8536.0,112305
NAVKARCORP,2026-09-29,86.86,87.99,85.5,86.6,317322
NAVKARCORP,2026-09-30,87.0,88.05,84.11,84.88,591236
NAVKARCORP,2026-10-01,85.3,87.74,83.1,85.07,539258
NAVKARCORP,2026-10-05,85.5,86.96,84.0,84.94,213039
NAVKARCORP,2026-10-06,85.99,86.28,84.28,85.96,149490
NAVKARURB,2026-09-30,0.88,0.9,0.84,0.86,1280895
NAVKARURB,2026-10-01,0.86,0.88,0.83,0.85,889780
NAVKARURB,2026-10-02,0.85,0.85,0.85,0.85,0
NAVKARURB,2026-10-05,0.87,0.87,0.82,0.83,491182
NAVKARURB,2026-10-06,0.85,0.86,0.83,0.85,119787
NAVNETEDUL,2026-09-29,121.5,122.9,120.35,121.42,84166
NAVNETEDUL,2026-09-30,121.2,123.63,121.2,122.52,77676
NAVNETEDUL,2026-10-01,124.24,124.24,120.5,123.87,272365
NAVNETEDUL,2026-10-05,126.2,126.2,122.5,122.97,82595
NAVNETEDUL,2026-10-06,123.9,125.11,123.36,124.27,56381
NAZARA,2026-09-29,379.0,391.1,372.0,388.4,2459398
NAZARA,2026-09-30,386.2,401.9,386.2,392.85,2088636
NAZARA,2026-10-01,391.0,397.45,374.0,384.7,1314362
NAZARA,2026-10-05,388.45,393.45,379.1,385.8,2285380
NAZARA,2026-10-06,385.75,387.6,378.8,379.55,714719
NBCC,2026-09-30,78.83,79.99,78.5,78.5,6032283
NBCC,2026-10-01,78.3,78.86,76.07,77.4,6195124
NBCC,2026-10-02,77.4,77.4,77.4,77.4,0
NBCC,2026-10-05,78.11,78.27,75.75,76.2,7593129
NBCC,2026-10-06,76.5,77.85,76.2,77.05,5141834
NBIFIN,2026-09-29,1965.2,1966.0,1860.0,1876.6,239
NBIFIN,2026-09-30,1900.3,1916.9,1863.1,1897.5,352
NBIFIN,2026-10-01,1882.3,1885.0,1854.9,1857.9,80
NBIFIN,2026-10-05,1855.2,1855.2,1815.0,1819.0,458
NBIFIN,2026-10-06,1850.9,1879.0,1820.0,1828.1,164
NCC,2026-09-30,128.5,130.42,128.0,128.88,2665171
NCC,2026-10-01,129.5,131.12,127.45,130.06,6751497
NCC,2026-10-02,130.06,130.06,130.06,130.06,0
NCC,2026-10-05,130.1,131.39,127.72,128.79,1624082
NCC,2026-10-06,128.9,129.7,128.2,128.47,1126323
NCLIND,2026-09-29,176.68,178.99,174.0,176.86,43191
NCLIND,2026-09-30,177.37,177.37,173.02,174.18,23631
NCLIND,2026-10-01,174.0,175.5,166.1,170.03,54129
NCLIND,2026-10-05,169.55,172.5,167.51,168.85,43662
NCLIND,2026-10-06,168.85,170.95,165.2,166.8,43239
NDGL,2026-09-29,2500.0,2540.0,2470.0,2478.1001,119
NDGL,2026-09-30,2478.1001,2500.0,2466.0,2484.0,281
NDGL,2026-10-01,2484.0,2500.0,2383.0,2411.0,182
NDGL,2026-10-05,2422.0,2430.0,2330.0,2354.3,492
NDGL,2026-10-06,2400.0,2437.0,2336.1001,2371.8,118
NDL,2026-09-29,2.73,2.75,2.57,2.62,1455788
NDL,2026-09-30,2.65,2.65,2.6,2.61,635500
NDL,2026-10-01,2.6,2.63,2.51,2.54,935999
NDL,2026-10-05,2.63,2.67,2.58,2.59,942759
NDL,2026-10-06,2.6,2.7,2.56,2.57,997287
NDLVENTURE,2026-09-29,121.43,123.15,119.08,121.49,5638
NDLVENTURE,2026-09-30,124.9,125.87,121.21,123.95,11631
NDLVENTURE,2026-10-01,120.12,126.93,120.12,125.24,8923
NDLVENTURE,2026-10-05,123.0,126.7,122.27,123.17,5077
NDLVENTURE,2026-10-06,124.3,124.49,120.74,122.91,5903
NDRAUTO,2026-09-30,748.9,749.3,710.0,717.7,7470
NDRAUTO,2026-10-01,719.8,722.85,693.0,715.85,16545
NDRAUTO,2026-10-02,715.85,715.85,715.85,715.85,0
NDRAUTO,2026-10-05,710.4,721.0,695.0,706.8,11897
NDRAUTO,2026-10-06,706.8,709.9,700.0,704.7,8359
NDTV,2026-09-29,69.11,70.25,68.6,69.06,61864
NDTV,2026-09-30,70.0,70.2,68.16,69.14,38185
NDTV,2026-10-01,69.0,69.03,67.85,68.08,63707
NDTV,2026-10-05,68.47,69.12,66.95,67.19,64220
NDTV,2026-10-06,67.44,68.55,66.83,67.08,74080
NEAGI,2026-09-29,3483.5,3483.5,3483.5,3483.5,2
NEAGI,2026-09-30,3483.5,3483.5,3483.5,3483.5,0
NEAGI,2026-10-01,3325.0,3325.0,3309.3999,3309.3999,8
NEAGI,2026-10-05,3292.8999,3292.8999,3292.8999,3292.8999,5
NEAGI,2026-10-06,3452.0,3452.0,3230.1001,3284.3999,51
NECCLTD,2026-09-29,18.55,18.55,18.0,18.08,37057
NECCLTD,2026-09-30,18.17,18.5,18.08,18.42,79006
NECCLTD,2026-10-01,18.88,18.94,18.0,18.41,47266
NECCLTD,2026-10-05,19.55,19.55,17.68,19.12,129283
NECCLTD,2026-10-06,19.3,20.3,18.51,19.38,129818
NECLIFE,2026-09-29,10.63,11.08,10.63,10.71,93379
NECLIFE,2026-09-30,10.7,10.95,10.3,10.5,126810
NECLIFE,2026-10-01,10.63,10.85,10.17,10.23,140521
NECLIFE,2026-10-05,10.43,10.58,10.18,10.48,302353
NECLIFE,2026-10-06,10.62,11.0,10.3,10.95,335891
NELCAST,2026-09-30,119.0,124.7,118.8,123.4,394628
NELCAST,2026-10-01,123.15,126.38,118.0,121.03,273249
NELCAST,2026-10-02,121.03,121.03,121.03,121.03,0
NELCAST,2026-10-05,119.83,123.3,118.18,121.43,153030
NELCAST,2026-10-06,123.0,126.0,119.69,124.48,232634
NELCO,2026-09-30,923.0,944.85,913.5,914.5,112087
NELCO,2026-10-01,914.5,927.35,884.5,889.2,268150
NELCO,2026-10-02,889.2,889.2,889.2,889.2,0
NELCO,2026-10-05,897.0,915.0,880.05,885.1,129029
NELCO,2026-10-06,889.4,930.25,889.4,924.15,187166
NEOGEN,2026-09-30,2445.3,2480.0,2403.0,2451.6001,147004
NEOGEN,2026-10-01,2451.6001,2474.5,2359.2,2407.1001,103868
NEOGEN,2026-10-02,2407.1001,2407.1001,2407.1001,2407.1001,0
NEOGEN,2026-10-05,2419.0,2447.8999,2300.0,2311.2,116983
NEOGEN,2026-10-06,2319.0,2438.5,2319.0,2429.2,91886
NEPHROCARE,2026-09-28,92.0,95.5,86.35,87.75,17600
NEPHROCARE,2026-09-29,86.1,91.7,86.1,90.55,7200
NEPHROCARE,2026-09-30,88.0,93.25,88.0,90.65,12000
NEPHROCARE,2026-10-01,90.65,91.95,87.0,89.65,11600
NEPHROCARE,2026-10-05,92.0,92.0,85.0,86.9,29200
NEPHROPLUS,2026-09-29,679.95,679.95,660.0,663.4,599435
NEPHROPLUS,2026-09-30,665.3,669.8,655.0,659.75,391732
NEPHROPLUS,2026-10-01,661.95,662.0,636.85,648.95,238798
NEPHROPLUS,2026-10-05,653.5,658.0,635.0,637.65,135567
NEPHROPLUS,2026-10-06,639.0,642.0,628.0,634.55,438057
NESCO,2026-09-29,1082.3,1082.3,1030.1,1040.5,172385
NESCO,2026-09-30,1035.0,1054.2,1035.0,1046.9,24923
NESCO,2026-10-01,1032.3,1042.0,1017.6,1028.2,38262
NESCO,2026-10-05,1045.0,1051.5,1027.1,1036.6,31885
NESCO,2026-10-06,1030.2,1045.0,1030.2,1037.1,37988
NESTLEIND,2026-09-29,1341.0,1349.1,1333.6,1345.7,1748621
NESTLEIND,2026-09-30,1341.5,1345.5,1310.0,1310.0,1278279
NESTLEIND,2026-10-01,1301.9,1320.9,1295.0,1307.7,1626876
NESTLEIND,2026-10-05,1305.4,1311.3,1292.9,1297.1,1676136
NESTLEIND,2026-10-06,1303.6,1341.4,1293.4,1341.4,1650577
NETWEB,2026-09-30,4625.0,4684.5,4530.0,4548.0,586472
NETWEB,2026-10-01,4545.0,4620.0,4463.7998,4520.2998,752580
NETWEB,2026-10-02,4520.2998,4520.2998,4520.2998,4520.2998,0
NETWEB,2026-10-05,4543.0,4790.0,4535.0,4765.1001,1646842
NETWEB,2026-10-06,4785.0,4847.8999,4721.0,4746.2002,768317
NETWORK18,2026-09-30,26.01,26.52,25.75,25.87,2299453
NETWORK18,2026-10-01,25.56,25.98,25.02,25.43,3188680
NETWORK18,2026-10-02,25.43,25.43,25.43,25.43,0
NETWORK18,2026-10-05,25.52,26.02,25.3,25.44,2117185
NETWORK18,2026-10-06,25.58,26.41,25.5,26.22,2445037
NEUEON,2026-09-29,15.85,15.85,14.35,14.35,37784
NEUEON,2026-09-30,13.85,15.06,13.64,15.06,77987
NEUEON,2026-10-01,15.12,15.81,14.7,15.26,38428
NEUEON,2026-10-05,15.26,15.26,14.5,14.5,62778
NEUEON,2026-10-06,14.0,14.5,13.78,13.79,30899
NEULANDLAB,2026-09-29,21690.0,21920.0,21170.0,21375.0,83910
NEULANDLAB,2026-09-30,21375.0,21600.0,21200.0,21350.0,51295
NEULANDLAB,2026-10-01,21285.0,21670.0,20715.0,21505.0,70377
NEULANDLAB,2026-10-05,21500.0,21960.0,21090.0,21875.0,62813
NEULANDLAB,2026-10-06,21940.0,21975.0,21410.0,21905.0,61813
NEWGEN,2026-09-30,474.9,481.2,465.55,467.85,443488
NEWGEN,2026-10-01,465.2,477.95,452.95,456.35,629816
NEWGEN,2026-10-02,456.35,456.35,456.35,456.35,0
NEWGEN,2026-10-05,464.8,472.55,456.35,458.75,657395
NEWGEN,2026-10-06,460.9,463.2,454.15,456.6,432210
NEWJAISA,2026-09-28,18.05,18.5,17.0,18.4,60000
NEWJAISA,2026-09-29,17.7,19.25,17.5,18.0,124500
NEWJAISA,2026-09-30,18.9,18.9,17.85,17.95,61500
NEWJAISA,2026-10-01,17.95,17.95,17.1,17.1,27000
NEWJAISA,2026-10-05,16.3,17.1,16.3,17.0,33000
NEXTMEDIA,2026-09-29,3.54,3.76,3.54,3.7,12395
NEXTMEDIA,2026-09-30,3.78,3.78,3.64,3.73,7958
NEXTMEDIA,2026-10-01,3.79,3.79,3.55,3.58,27941
NEXTMEDIA,2026-10-05,3.58,3.58,3.45,3.57,13843
NEXTMEDIA,2026-10-06,3.57,3.69,3.54,3.56,4292
NFL,2026-09-30,65.25,65.94,64.72,65.2,682231
NFL,2026-10-01,65.15,65.15,62.81,63.85,633608
NFL,2026-10-02,63.85,63.85,63.85,63.85,0
NFL,2026-10-05,63.99,64.45,63.12,63.28,487718
NFL,2026-10-06,63.28,65.25,63.11,64.91,583752
NGIL,2026-09-30,41.0,41.98,39.07,39.11,36513
NGIL,2026-10-01,39.11,41.42,36.26,38.43,83230
NGIL,2026-10-02,38.43,38.43,38.43,38.43,0
NGIL,2026-10-05,38.5,41.35,35.99,36.83,37292
NGIL,2026-10-06,36.82,38.4,35.96,36.15,13331
NGLFINE,2026-09-30,2893.8999,2944.7,2823.1001,2909.5,4054
NGLFINE,2026-10-01,2885.7,2972.0,2851.0,2924.0,15235
NGLFINE,2026-10-02,2924.0,2924.0,2924.0,2924.0,0
NGLFINE,2026-10-05,2930.0,3045.0,2841.0,2988.3,7251
NGLFINE,2026-10-06,3032.8999,3184.0,2995.0,3122.1001,18051
NH,2026-09-29,1820.1,1863.0,1761.0,1789.9,966399
NH,2026-09-30,1776.0,1813.7,1730.1,1791.4,341005
NH,2026-10-01,1774.9,1774.9,1714.1,1741.4,258740
NH,2026-10-05,1744.9,1749.6,1709.6,1722.4,92682
NH,2026-10-06,1730.2,1739.6,1716.2,1723.8,177884
NHPC,2026-09-30,73.56,73.99,72.8,72.81,7849564
NHPC,2026-10-01,72.75,72.9,70.25,71.75,10903143
NHPC,2026-10-02,71.75,71.75,71.75,71.75,0
NHPC,2026-10-05,71.75,72.83,71.1,72.0,4447161
NHPC,2026-10-06,71.79,73.32,71.35,73.11,5478491
NIACL,2026-09-30,167.91,169.29,165.7,167.02,1160229
NIACL,2026-10-01,166.92,166.96,158.29,160.21,1814930
NIACL,2026-10-02,160.21,160.21,160.21,160.21,0
NIACL,2026-10-05,160.21,163.0,157.7,158.36,1226665
NIACL,2026-10-06,158.0,163.5,158.0,160.72,1937034
NIBE,2026-09-29,1237.4,1265.4,1226.8,1238.5,37110
NIBE,2026-09-30,1251.0,1262.1,1230.5,1236.4,44693
NIBE,2026-10-01,1235.9,1240.0,1198.0,1234.5,51473
NIBE,2026-10-05,1236.0,1253.3,1214.0,1221.3,28920
NIBE,2026-10-06,1221.3,1244.4,1211.3,1240.9,26333
NIBL,2026-09-29,31.31,32.5,30.91,31.52,15737
NIBL,2026-09-30,32.18,32.88,31.0,31.85,5959
NIBL,2026-10-01,32.49,32.8,30.65,31.32,10565
NIBL,2026-10-05,32.98,32.98,31.32,31.33,6562
NIBL,2026-10-06,30.66,32.6,30.66,31.22,4316
NICCOPAR,2026-09-29,80.5,83.0,80.5,81.0,1332
NICCOPAR,2026-09-30,83.9,83.9,81.05,81.36,354
NICCOPAR,2026-10-01,78.6,82.95,77.28,79.5,543
NICCOPAR,2026-10-05,82.65,82.65,80.0,80.1,277
NICCOPAR,2026-10-06,82.45,82.45,79.0,79.0,263
NIDAN,2026-09-28,12.65,12.95,12.5,12.55,15000
NIDAN,2026-09-29,12.9,12.9,12.9,12.9,2000
NIDAN,2026-09-30,12.95,12.95,12.55,12.55,6000
NIDAN,2026-10-01,12.6,12.95,12.5,12.9,11000
NIDAN,2026-10-05,12.9,12.9,12.6,12.6,4000
NIITLTD,2026-09-30,86.45,87.84,85.62,86.17,132517
NIITLTD,2026-10-01,86.15,86.33,83.01,84.94,165934
NIITLTD,2026-10-02,84.94,84.94,84.94,84.94,0
NIITLTD,2026-10-05,84.99,87.1,82.57,83.89,122628
NIITLTD,2026-10-06,84.25,87.3,83.94,86.78,158254
NIITMTS,2026-09-29,206.07,209.98,202.72,204.96,58070
NIITMTS,2026-09-30,206.67,208.8,203.02,204.51,94153
NIITMTS,2026-10-01,204.51,207.69,185.0,191.08,870142
NIITMTS,2026-10-05,190.02,203.26,190.02,199.62,170084
NIITMTS,2026-10-06,202.59,206.52,198.65,204.99,97157
NILAINFRA,2026-09-29,6.76,7.04,6.66,6.71,92036
NILAINFRA,2026-09-30,6.77,6.99,6.66,6.71,117718
NILAINFRA,2026-10-01,6.83,6.9,6.5,6.57,159229
NILAINFRA,2026-10-05,6.73,6.95,6.65,6.71,192035
NILAINFRA,2026-10-06,6.73,6.85,6.67,6.7,78521
NILASPACES,2026-09-30,11.27,11.64,11.11,11.19,471707
NILASPACES,2026-10-01,11.34,11.34,10.85,11.22,559126
NILASPACES,2026-10-02,11.22,11.22,11.22,11.22,0
NILASPACES,2026-10-05,11.48,11.48,10.81,11.0,433053
NILASPACES,2026-10-06,11.08,11.46,10.86,11.17,669539
NILE,2026-09-30,1265.0,1293.3,1203.5,1219.5,10843
NILE,2026-10-01,1219.0,1295.3,1211.1,1243.2,6776
NILE,2026-10-02,1243.2,1243.2,1243.2,1243.2,0
NILE,2026-10-05,1297.0,1297.0,1212.6,1226.0,4135
NILE,2026-10-06,1230.3,1268.4,1228.0,1238.0,5834
NILKAMAL,2026-09-30,1901.0,1935.0,1896.5,1901.7,8647
NILKAMAL,2026-10-01,1901.7,1904.0,1840.0,1871.8,24018
NILKAMAL,2026-10-02,1871.8,1871.8,1871.8,1871.8,0
NILKAMAL,2026-10-05,1860.0,1899.3,1820.1,1829.5,17730
NILKAMAL,2026-10-06,1829.9,1832.9,1801.0,1811.5,20449
NIMBSPROJ,2026-09-29,194.95,198.8,188.82,194.12,22967
NIMBSPROJ,2026-09-30,192.08,198.3,184.42,192.19,34060
NIMBSPROJ,2026-10-01,195.11,195.8,182.59,189.45,41570
NIMBSPROJ,2026-10-05,190.8,195.0,180.1,187.32,37323
NIMBSPROJ,2026-10-06,186.94,194.3,182.0,191.57,31024
NINSYS,2026-09-30,737.05,774.0,723.0,766.35,15354
NINSYS,2026-10-01,787.0,804.65,778.3,804.65,18078
NINSYS,2026-10-02,804.65,804.65,804.65,804.65,0
NINSYS,2026-10-05,830.0,844.85,808.0,842.0,16316
NINSYS,2026-10-06,842.0,867.25,815.3,822.55,7334
NIPPOBATRY,2026-09-29,322.7,325.0,317.3,322.7,640
NIPPOBATRY,2026-09-30,331.8,331.8,320.0,327.4,1726
NIPPOBATRY,2026-10-01,325.5,325.5,311.3,314.45,1179
NIPPOBATRY,2026-10-05,322.0,323.95,317.0,318.75,2579
NIPPOBATRY,2026-10-06,320.3,321.9,318.0,319.45,388
NIRAJ,2026-09-29,28.46,28.9,27.8,28.36,81568
NIRAJ,2026-09-30,27.7,28.95,27.25,27.66,66899
NIRAJ,2026-10-01,28.4,28.4,27.11,27.74,2960
NIRAJ,2026-10-05,28.29,28.5,27.32,27.92,26158
NIRAJ,2026-10-06,27.0,28.4,27.0,27.48,22565
NIRAJISPAT,2026-09-29,301.0,301.0,301.0,301.0,0
NIRAJISPAT,2026-09-30,301.0,301.0,299.95,301.0,65
NIRAJISPAT,2026-10-01,300.0,300.0,300.0,300.0,2
NIRAJISPAT,2026-10-05,300.0,300.0,300.0,300.0,0
NIRAJISPAT,2026-10-06,299.0,299.0,299.0,299.0,1
NIRLON,2026-09-29,605.1,609.0,591.05,605.85,6431
NIRLON,2026-09-30,610.0,610.0,601.0,605.0,1909
NIRLON,2026-10-01,617.95,625.4,604.8,606.8,6734
NIRLON,2026-10-05,615.45,619.55,612.1,615.4,3982
NIRLON,2026-10-06,613.0,620.4,606.15,619.0,3635
NIRMAN,2026-09-28,26.5,27.05,26.2,26.5,10200
NIRMAN,2026-09-29,26.9,26.9,26.0,26.5,4200
NIRMAN,2026-09-30,26.4,27.0,25.25,26.5,20100
NIRMAN,2026-10-01,25.0,26.95,25.0,25.45,30600
NIRMAN,2026-10-05,25.45,30.5,25.45,27.0,42600
NITCO,2026-09-29,84.05,87.5,82.6,86.75,1505725
NITCO,2026-09-30,86.01,89.29,85.74,88.12,905412
NITCO,2026-10-01,86.63,86.97,83.5,84.18,766183
NITCO,2026-10-05,84.99,85.33,82.13,82.69,555619
NITCO,2026-10-06,82.95,84.9,82.8,83.77,209954
NITINSPIN,2026-09-29,593.1,617.0,592.0,606.15,75325
NITINSPIN,2026-09-30,610.6,615.95,595.7,598.3,46740
NITINSPIN,2026-10-01,595.0,598.0,579.0,594.6,128807
NITINSPIN,2026-10-05,597.6,612.5,595.3,604.75,83708
NITINSPIN,2026-10-06,604.75,621.0,602.95,616.35,63382
NITIRAJ,2026-09-29,219.65,219.65,203.0,215.74,2040
NITIRAJ,2026-09-30,215.0,215.0,201.47,209.26,1020
NITIRAJ,2026-10-01,205.2,212.97,200.0,200.9,995
NITIRAJ,2026-10-05,205.0,205.0,200.31,202.14,353
NITIRAJ,2026-10-06,203.15,204.95,203.15,203.29,281
NITTAGELA,2026-09-29,1718.2,1718.2,1674.2,1702.8,2116
NITTAGELA,2026-09-30,1710.6,1735.0,1651.5,1678.6,2312
NITTAGELA,2026-10-01,1660.0,1729.0,1645.0,1664.3,3600
NITTAGELA,2026-10-05,1716.3,1719.0,1665.0,1668.9,1183
NITTAGELA,2026-10-06,1719.8,1719.8,1665.0,1668.1,1882
NIVABUPA,2026-09-29,75.25,75.69,71.98,73.28,8812877
NIVABUPA,2026-09-30,73.05,75.8,72.82,74.81,3744324
NIVABUPA,2026-10-01,74.55,74.79,72.15,72.98,908237
NIVABUPA,2026-10-05,72.98,77.3,72.6,75.85,2936428
NIVABUPA,2026-10-06,76.23,76.84,75.51,76.56,618502
NKIND,2026-09-29,60.9,62.0,57.0,61.99,527
NKIND,2026-09-30,63.7,63.7,56.11,58.2,317
NKIND,2026-10-01,58.2,62.94,53.6,59.96,2305
NKIND,2026-10-05,59.96,59.96,59.96,59.96,0
NKIND,2026-10-06,57.0,58.9,51.3,57.06,1666
NLCINDIA,2026-09-30,258.55,263.5,255.4,261.7,1940444
NLCINDIA,2026-10-01,261.2,261.25,251.85,253.2,1597038
NLCINDIA,2026-10-02,253.2,253.2,253.2,253.2,0
NLCINDIA,2026-10-05,255.45,257.65,251.15,252.45,620352
NLCINDIA,2026-10-06,253.8,260.0,253.8,254.9,1241729
NMDC,2026-09-30,77.0,77.79,76.54,76.54,15817494
NMDC,2026-10-01,76.45,76.97,73.71,74.64,17077400
NMDC,2026-10-02,74.64,74.64,74.64,74.64,0
NMDC,2026-10-05,75.0,75.51,73.06,73.74,11989948
NMDC,2026-10-06,74.41,74.49,73.74,74.38,10788903
NOCIL,2026-09-29,175.0,175.0,166.64,169.31,2487591
NOCIL,2026-09-30,170.24,175.9,170.1,171.11,1017979
NOCIL,2026-10-01,171.0,173.49,163.8,168.85,1286680
NOCIL,2026-10-05,167.6,171.14,164.65,165.83,540544
NOCIL,2026-10-06,166.43,173.2,166.43,171.83,713270
NOIDATOLL,2026-09-29,3.64,3.88,3.59,3.65,469676
NOIDATOLL,2026-09-30,3.6,3.87,3.6,3.85,96546
NOIDATOLL,2026-10-01,3.87,3.87,3.47,3.56,317389
NOIDATOLL,2026-10-05,3.77,3.77,3.55,3.56,182994
NOIDATOLL,2026-10-06,3.5,3.74,3.5,3.67,134344
NORBTEAEXP,2026-09-29,68.0,68.0,64.03,64.9,3670
NORBTEAEXP,2026-09-30,64.8,68.12,61.72,66.25,4585
NORBTEAEXP,2026-10-01,64.1,69.5,62.95,69.04,9225
NORBTEAEXP,2026-10-05,69.04,70.76,65.59,65.59,2311
NORBTEAEXP,2026-10-06,64.59,66.14,62.99,64.21,1241
NORTHARC,2026-09-29,291.15,295.15,287.05,290.75,1241312
NORTHARC,2026-09-30,290.0,297.05,285.55,287.35,672623
NORTHARC,2026-10-01,288.0,291.55,281.05,288.7,765513
NORTHARC,2026-10-05,292.7,295.0,288.4,289.45,326239
NORTHARC,2026-10-06,289.5,300.0,288.7,298.2,960451
NOVAAGRI,2026-09-29,22.48,22.98,22.2,22.28,34484
NOVAAGRI,2026-09-30,22.5,22.85,22.1,22.43,45494
NOVAAGRI,2026-10-01,22.15,22.66,22.0,22.22,64818
NOVAAGRI,2026-10-05,22.22,22.98,22.0,22.39,50586
NOVAAGRI,2026-10-06,22.39,22.97,21.85,22.64,33094
NOVARTIND,2026-09-30,1924.1,2030.7,1910.0,1919.0,24059
NOVARTIND,2026-10-01,1954.9,1986.3,1900.0,1965.0,40666
NOVARTIND,2026-10-02,1965.0,1965.0,1965.0,1965.0,0
NOVARTIND,2026-10-05,2027.7,2161.5,1955.0,1967.8,192487
NOVARTIND,2026-10-06,1971.0,2076.2,1936.8,2051.2,50934
NPST,2026-09-29,1634.4,1662.6,1524.0,1653.0,122885
NPST,2026-09-30,1663.5,1800.0,1641.0,1764.8,117252
NPST,2026-10-01,1760.0,1789.0,1694.2,1766.5,65044
NPST,2026-10-05,1766.5,1850.0,1761.6,1833.5,70247
NPST,2026-10-06,1848.0,1865.9,1800.0,1835.5,67123
NRAIL,2026-09-29,668.45,685.0,640.0,660.5,15189
NRAIL,2026-09-30,670.4,679.45,651.05,669.45,9700
NRAIL,2026-10-01,674.7,680.0,637.2,659.5,22172
NRAIL,2026-10-05,680.0,680.0,650.05,661.35,31444
NRAIL,2026-10-06,679.0,679.0,655.0,658.25,11915
NRBBEARING,2026-09-29,541.5,549.3,531.8,541.05,366094
NRBBEARING,2026-09-30,542.0,555.0,527.55,534.05,557714
NRBBEARING,2026-10-01,530.0,552.0,512.45,542.6,677742
NRBBEARING,2026-10-05,549.0,556.85,533.55,535.7,406034
NRBBEARING,2026-10-06,536.0,543.3,533.55,536.95,201488
NRL,2026-09-29,160.0,160.0,155.31,160.0,168734
NRL,2026-09-30,159.8,163.1,159.8,159.8,40280
NRL,2026-10-01,156.61,156.61,156.61,156.61,56197
NRL,2026-10-05,157.0,157.0,153.48,157.0,88836
NRL,2026-10-06,158.0,158.0,156.25,157.0,66546
NSIL,2026-09-29,5350.5,5400.0,5340.0,5350.0,1228
NSIL,2026-09-30,5374.0,5439.5,5312.0,5324.0,940
NSIL,2026-10-01,5325.0,5375.0,5105.0,5163.5,2211
NSIL,2026-10-05,5269.5,5269.5,5150.0,5199.5,1514
NSIL,2026-10-06,5153.0,5324.0,5153.0,5297.5,1675
NSLNISP,2026-09-30,42.0,42.35,41.15,41.32,4305677
NSLNISP,2026-10-01,41.1,41.71,40.15,40.95,7092056
NSLNISP,2026-10-02,40.95,40.95,40.95,40.95,0
NSLNISP,2026-10-05,41.0,41.3,40.31,40.5,3000968
NSLNISP,2026-10-06,40.6,41.11,40.4,40.9,4385231
NTCIND,2026-09-29,132.52,138.8,130.0,136.46,519
NTCIND,2026-09-30,135.7,138.0,132.5,134.54,769
NTCIND,2026-10-01,130.0,137.8,126.62,129.51,738
NTCIND,2026-10-05,126.0,137.7,126.0,135.97,1573
NTCIND,2026-10-06,140.0,143.0,133.0,134.76,762
NTPC,2026-09-29,320.5,325.0,317.55,323.5,11956206
NTPC,2026-09-30,323.5,323.95,318.9,322.75,6908628
NTPC,2026-10-01,320.8,320.95,313.05,315.1,10094465
NTPC,2026-10-05,316.05,323.55,316.05,321.8,9458589
NTPC,2026-10-06,323.5,324.3,320.05,321.45,7316781
NTPCGREEN,2026-09-30,89.99,93.92,89.91,93.37,3214816
NTPCGREEN,2026-10-01,93.4,93.4,89.05,91.09,2099127
NTPCGREEN,2026-10-02,91.09,91.09,91.09,91.09,0
NTPCGREEN,2026-10-05,91.1,91.57,89.55,90.09,1231775
NTPCGREEN,2026-10-06,90.11,90.72,90.0,90.13,796422
NUCLEUS,2026-09-29,661.6,661.6,647.7,652.55,22285
NUCLEUS,2026-09-30,647.7,662.9,647.0,650.25,15978
NUCLEUS,2026-10-01,650.8,655.55,638.05,646.95,12071
NUCLEUS,2026-10-05,648.1,652.45,636.05,637.75,10735
NUCLEUS,2026-10-06,634.0,642.9,632.0,638.05,14083
NURECA,2026-09-29,371.0,371.0,351.65,361.5,10127
NURECA,2026-09-30,355.0,376.0,355.0,366.6,22080
NURECA,2026-10-01,367.85,375.0,348.3,349.85,5659
NURECA,2026-10-05,348.0,348.0,333.2,339.05,7907
NURECA,2026-10-06,332.65,343.0,332.65,338.55,4187
NUVAMA,2026-09-29,1635.0,1677.2,1615.7,1652.1,295343
NUVAMA,2026-09-30,1655.4,1688.6,1645.5,1652.5,206395
NUVAMA,2026-10-01,1665.0,1738.6,1652.9,1701.4,856086
NUVAMA,2026-10-05,1709.4,1865.0,1706.0,1820.8,4036851
NUVAMA,2026-10-06,1826.4,1886.5,1795.5,1838.8,641223
NUVOCO,2026-09-29,327.0,337.0,321.5,330.2,442330
NUVOCO,2026-09-30,333.15,344.05,331.0,337.8,197279
NUVOCO,2026-10-01,332.0,336.7,316.5,322.1,1125207
NUVOCO,2026-10-05,324.0,329.45,322.0,326.1,179658
NUVOCO,2026-10-06,325.0,330.0,323.35,326.5,148942
NYKAA,2026-09-30,327.0,330.55,320.0,320.0,3980003
NYKAA,2026-10-01,317.0,324.95,316.0,324.95,7907193
NYKAA,2026-10-02,324.95,324.95,324.95,324.95,0
NYKAA,2026-10-05,335.0,344.55,335.0,339.55,19341790
NYKAA,2026-10-06,339.5,345.0,337.25,338.2,3554093
OAL,2026-09-29,555.0,555.0,530.2,541.85,18459
OAL,2026-09-30,542.0,553.0,527.2,533.25,15746
OAL,2026-10-01,531.45,549.0,510.8,532.2,64420
OAL,2026-10-05,540.0,540.0,495.4,515.1,56880
OAL,2026-10-06,526.95,526.95,505.8,511.35,13510
OBCL,2026-09-29,58.4,58.69,54.51,54.68,7991
OBCL,2026-09-30,56.0,59.5,54.7,55.34,14378
OBCL,2026-10-01,55.34,55.97,54.0,54.39,4435
OBCL,2026-10-05,55.79,57.8,55.4,55.85,2034
OBCL,2026-10-06,55.91,57.6,55.9,57.44,3579
OBEROIRLTY,2026-09-29,1825.0,1826.6,1761.5,1762.9,395959
OBEROIRLTY,2026-09-30,1760.0,1796.3,1751.5,1765.7,573434
OBEROIRLTY,2026-10-01,1765.8,1780.5,1726.6,1754.6,282807
OBEROIRLTY,2026-10-05,1754.6,1793.7,1749.2,1751.2,419733
OBEROIRLTY,2026-10-06,1748.0,1764.4,1737.9,1751.8,226196
OCCLLTD,2026-09-30,184.0,187.44,182.17,187.44,146245
OCCLLTD,2026-10-01,191.79,195.5,181.3,193.49,182487
OCCLLTD,2026-10-02,193.49,193.49,193.49,193.49,0
OCCLLTD,2026-10-05,202.9,202.9,185.0,197.79,98621
OCCLLTD,2026-10-06,197.99,207.67,192.1,207.59,193602
ODIGMA,2026-09-29,20.8,21.9,20.5,21.41,29726
ODIGMA,2026-09-30,21.11,22.04,21.11,21.35,8003
ODIGMA,2026-10-01,21.6,21.6,20.53,21.11,11756
ODIGMA,2026-10-05,21.11,21.5,20.51,20.66,7462
ODIGMA,2026-10-06,21.17,21.17,20.51,20.91,8824
ODYCORP,2026-09-29,6.85,7.09,6.8,7.08,4156
ODYCORP,2026-09-30,7.07,7.08,6.67,6.97,6337
ODYCORP,2026-10-01,7.11,7.11,6.67,6.91,3157
ODYCORP,2026-10-05,6.97,7.13,6.8,6.85,18370
ODYCORP,2026-10-06,6.85,6.99,6.52,6.85,17446
OFSS,2026-09-30,10525.0,10869.0,10500.0,10630.0,272759
OFSS,2026-10-01,10575.0,10661.0,10263.0,10420.0,194062
OFSS,2026-10-02,10420.0,10420.0,10420.0,10420.0,0
OFSS,2026-10-05,10525.0,10655.0,10364.0,10470.0,158183
OFSS,2026-10-06,10485.0,10550.0,10382.0,10482.0,165187
OIL,2026-09-29,466.5,467.8,459.4,459.45,2140454
OIL,2026-09-30,458.0,462.25,446.25,448.65,3069066
OIL,2026-10-01,446.0,447.75,434.65,444.0,2266203
OIL,2026-10-05,444.0,450.65,441.05,446.5,2225503
OIL,2026-10-06,445.85,449.95,442.15,447.85,2084230
OILCOUNTUB,2026-09-29,75.11,75.11,75.11,75.11,56606
OILCOUNTUB,2026-09-30,76.61,76.61,76.61,76.61,21905
OILCOUNTUB,2026-10-01,78.14,78.14,78.14,78.14,58523
OILCOUNTUB,2026-10-05,79.7,79.7,79.7,79.7,38723
OILCOUNTUB,2026-10-06,81.29,81.29,81.29,81.29,61794
OLAELEC,2026-09-30,37.51,38.25,36.71,36.92,57479402
OLAELEC,2026-10-01,36.92,37.3,36.33,37.08,54910840
OLAELEC,2026-10-02,37.08,37.08,37.08,37.08,0
OLAELEC,2026-10-05,37.08,37.27,36.52,36.68,35609938
OLAELEC,2026-10-06,36.7,37.0,35.73,35.96,57054935
OLECTRA,2026-09-30,1136.0,1167.0,1130.0,1134.2,391576
OLECTRA,2026-10-01,1128.0,1128.4,1076.2,1096.2,623533
OLECTRA,2026-10-02,1096.2,1096.2,1096.2,1096.2,0
OLECTRA,2026-10-05,1108.0,1115.5,1069.9,1078.4,409750
OLECTRA,2026-10-06,1090.0,1105.0,1076.4,1102.9,215695
OLIL,2026-09-28,422.0,438.0,418.6,433.8,109200
OLIL,2026-09-29,422.0,455.4,420.05,455.3,58400
OLIL,2026-09-30,428.0,455.5,428.0,448.55,12800
OLIL,2026-10-01,468.0,468.0,444.0,454.5,6000
OLIL,2026-10-05,438.05,447.0,438.05,443.65,11600
OMAXAUTO,2026-09-29,197.12,208.0,196.36,198.48,70700
OMAXAUTO,2026-09-30,200.0,207.5,198.02,200.32,53737
OMAXAUTO,2026-10-01,200.32,205.0,190.81,201.14,92836
OMAXAUTO,2026-10-05,200.14,210.78,197.52,201.44,59335
OMAXAUTO,2026-10-06,201.0,213.64,201.0,209.29,122271
OMAXE,2026-09-29,110.1,112.09,108.46,109.48,449814
OMAXE,2026-09-30,109.48,113.0,109.13,109.76,497588
OMAXE,2026-10-01,109.5,109.69,105.35,108.78,343801
OMAXE,2026-10-05,109.5,110.25,105.99,107.43,322612
OMAXE,2026-10-06,107.45,109.2,106.41,107.71,260401
OMFREIGHT,2026-09-29,89.01,93.46,86.51,93.46,21769
OMFREIGHT,2026-09-30,93.49,94.0,90.0,94.0,12358
OMFREIGHT,2026-10-01,94.0,98.3,90.46,97.5,26984
OMFREIGHT,2026-10-05,103.99,103.99,96.0,100.95,47465
OMFREIGHT,2026-10-06,101.8,108.0,97.0,105.0,74988
OMFURN,2026-09-29,51.0,51.0,51.0,51.0,1200
OMFURN,2026-09-30,51.0,51.0,51.0,51.0,0
OMFURN,2026-10-01,51.0,51.0,51.0,51.0,0
OMFURN,2026-10-02,51.0,51.0,51.0,51.0,0
OMFURN,2026-10-05,51.0,51.0,51.0,51.0,0
OMINFRAL,2026-09-29,78.91,78.91,77.5,77.67,35469
OMINFRAL,2026-09-30,77.5,79.88,76.35,77.11,46370
OMINFRAL,2026-10-01,77.0,77.8,73.9,76.08,79076
OMINFRAL,2026-10-05,76.08,77.55,74.0,74.84,46344
OMINFRAL,2026-10-06,74.05,76.03,72.71,73.33,103189
OMNI,2026-09-30,555.0,580.0,552.0,564.05,1008108
OMNI,2026-10-01,560.0,614.0,560.0,608.65,2667824
OMNI,2026-10-02,608.65,608.65,608.65,608.65,0
OMNI,2026-10-05,620.0,644.0,611.65,632.15,1584512
OMNI,2026-10-06,640.0,678.8,638.45,656.95,1269532
OMPOWER,2026-09-29,163.19,163.99,159.0,163.18,69412
OMPOWER,2026-09-30,164.0,166.73,153.5,156.95,202294
OMPOWER,2026-10-01,156.72,161.38,155.05,157.74,66367
OMPOWER,2026-10-05,160.0,160.0,150.2,152.06,76219
OMPOWER,2026-10-06,154.0,156.82,150.5,153.5,57336
ONDOOR,2026-09-28,265.0,265.0,259.0,259.0,1500
ONDOOR,2026-09-29,254.0,261.0,253.0,257.65,2700
ONDOOR,2026-09-30,248.4,266.7,210.0,262.05,12900
ONDOOR,2026-10-01,267.0,267.0,260.0,262.25,3600
ONDOOR,2026-10-05,262.25,262.25,262.25,262.25,0
ONEGLOBAL,2026-09-29,551.0,551.0,525.0,534.15,7975
ONEGLOBAL,2026-09-30,535.0,552.75,520.0,527.9,6160
ONEGLOBAL,2026-10-01,546.95,546.95,510.65,525.4,7766
ONEGLOBAL,2026-10-05,545.9,550.0,528.95,547.2,9461
ONEGLOBAL,2026-10-06,559.9,566.95,537.05,564.0,23278
ONELIFECAP,2026-09-29,38.3,39.2,37.4,38.97,75446
ONELIFECAP,2026-09-30,39.14,40.5,38.9,40.08,49109
ONELIFECAP,2026-10-01,41.0,42.0,39.5,41.57,179179
ONELIFECAP,2026-10-05,43.59,43.64,42.4,43.52,175810
ONELIFECAP,2026-10-06,43.03,45.25,42.55,45.0,61571
ONEPOINT,2026-09-30,71.55,74.4,70.62,73.39,6743812
ONEPOINT,2026-10-01,72.99,74.5,72.99,74.37,6251994
ONEPOINT,2026-10-02,74.37,74.37,74.37,74.37,0
ONEPOINT,2026-10-05,75.1,81.0,74.3,78.33,10495734
ONEPOINT,2026-10-06,78.9,79.63,77.3,78.65,1958380
ONESOURCE,2026-09-29,1570.0,1605.0,1562.7,1583.3,463289
ONESOURCE,2026-09-30,1587.0,1600.0,1506.1,1521.6,194917
ONESOURCE,2026-10-01,1516.0,1542.2,1433.6,1508.0,608709
ONESOURCE,2026-10-05,1510.0,1516.5,1470.5,1488.3,151299
ONESOURCE,2026-10-06,1507.5,1544.4,1475.1,1535.8,147836
ONGC,2026-09-30,230.21,231.57,223.6,225.8,11131417
ONGC,2026-10-01,224.75,224.99,220.6,222.37,13099985
ONGC,2026-10-02,222.37,222.37,222.37,222.37,0
ONGC,2026-10-05,222.5,226.69,222.42,224.9,19420879
ONGC,2026-10-06,225.0,225.37,221.3,224.2,19173587
ONIDA,2026-09-30,31.76,32.74,31.5,32.03,293561
ONIDA,2026-10-01,32.0,33.25,30.63,31.34,396392
ONIDA,2026-10-02,31.34,31.34,31.34,31.34,0
ONIDA,2026-10-05,31.35,32.13,30.5,31.06,347326
ONIDA,2026-10-06,31.3,31.78,30.61,31.11,234638
ONIXSOLAR,2026-09-29,344.0,352.95,339.8,344.5,162654
ONIXSOLAR,2026-09-30,337.0,350.9,335.0,343.05,149626
ONIXSOLAR,2026-10-01,349.95,349.95,336.1,339.7,175792
ONIXSOLAR,2026-10-05,340.0,344.85,322.75,334.6,247853
ONIXSOLAR,2026-10-06,342.0,347.05,335.0,338.2,254147
ONMOBILE,2026-09-29,50.22,51.05,49.0,50.1,44803
ONMOBILE,2026-09-30,49.84,52.3,49.84,50.62,23929
ONMOBILE,2026-10-01,49.7,50.75,48.1,48.78,42008
ONMOBILE,2026-10-05,48.54,49.3,48.0,48.23,19962
ONMOBILE,2026-10-06,48.65,50.0,47.5,49.12,35560
ONWARDTEC,2026-09-29,292.0,292.0,281.45,287.4,24567
ONWARDTEC,2026-09-30,287.5,294.8,285.75,288.35,10723
ONWARDTEC,2026-10-01,293.95,293.95,285.2,291.3,37991
ONWARDTEC,2026-10-05,291.0,293.0,285.4,290.75,24399
ONWARDTEC,2026-10-06,291.9,296.15,287.05,294.6,29818
OPTIEMUS,2026-09-30,800.0,827.0,759.05,767.75,716846
OPTIEMUS,2026-10-01,767.0,816.6,756.0,803.7,655634
OPTIEMUS,2026-10-02,803.7,803.7,803.7,803.7,0
OPTIEMUS,2026-10-05,817.0,833.9,781.5,786.2,500498
OPTIEMUS,2026-10-06,794.0,924.9,793.9,889.9,10818282
OPTIFIN,2026-09-29,14.53,15.88,13.61,14.82,73034
OPTIFIN,2026-09-30,14.8,15.8,14.5,15.45,71103
OPTIFIN,2026-10-01,15.79,15.79,13.81,14.47,82720
OPTIFIN,2026-10-05,14.61,15.44,14.47,14.66,85029
OPTIFIN,2026-10-06,14.24,14.96,14.2,14.42,46134
ORBTEXP,2026-09-29,233.6,267.0,225.11,262.01,93205
ORBTEXP,2026-09-30,272.85,282.85,254.0,258.51,115278
ORBTEXP,2026-10-01,256.5,261.0,240.4,243.65,15582
ORBTEXP,2026-10-05,245.0,249.5,236.05,240.4,7504
ORBTEXP,2026-10-06,247.4,257.05,244.15,246.85,8679
ORCHASP,2026-09-29,1.34,1.35,1.31,1.33,86228
ORCHASP,2026-09-30,1.33,1.37,1.31,1.32,80375
ORCHASP,2026-10-01,1.35,1.35,1.22,1.28,204474
ORCHASP,2026-10-05,1.34,1.34,1.22,1.24,202245
ORCHASP,2026-10-06,1.25,1.33,1.24,1.29,179861
ORCHPHARMA,2026-09-30,1014.9,1034.4,990.0,997.0,58886
ORCHPHARMA,2026-10-01,997.65,1012.15,964.65,990.0,92412
ORCHPHARMA,2026-10-02,990.0,990.0,990.0,990.0,0
ORCHPHARMA,2026-10-05,990.45,1003.2,960.0,965.9,68202
ORCHPHARMA,2026-10-06,967.35,1015.1,965.0,1006.55,65585
ORIANA,2026-09-28,334.0,338.8,299.6,309.85,542625
ORIANA,2026-09-29,306.3,324.5,292.95,317.2,505875
ORIANA,2026-09-30,315.55,327.0,311.0,314.75,255750
ORIANA,2026-10-01,312.0,320.9,296.2,303.45,323250
ORIANA,2026-10-05,305.0,309.0,290.0,298.9,262875
ORICONENT,2026-09-29,53.0,53.87,50.59,51.83,1200606
ORICONENT,2026-09-30,52.9,52.9,50.71,51.34,55211
ORICONENT,2026-10-01,51.34,52.78,48.4,49.98,47960
ORICONENT,2026-10-05,49.98,53.0,49.43,52.44,93292
ORICONENT,2026-10-06,53.1,53.1,51.5,52.27,96670
ORIENTALTL,2026-09-29,5.13,5.13,4.85,4.86,72604
ORIENTALTL,2026-09-30,4.82,5.0,4.81,4.83,75934
ORIENTALTL,2026-10-01,4.78,4.95,4.78,4.81,36188
ORIENTALTL,2026-10-05,5.03,5.03,4.77,4.83,42532
ORIENTALTL,2026-10-06,4.98,4.99,4.73,4.87,38279
ORIENTBELL,2026-09-30,404.9,408.25,396.05,398.55,23214
ORIENTBELL,2026-10-01,399.75,410.0,390.0,398.55,18312
ORIENTBELL,2026-10-02,398.55,398.55,398.55,398.55,0
ORIENTBELL,2026-10-05,408.6,428.8,402.5,417.1,86469
ORIENTBELL,2026-10-06,422.4,422.4,410.85,413.55,16464
ORIENTCABL,2026-10-05,450.0,464.85,405.0,405.0,13566765
ORIENTCABL,2026-10-06,380.0,404.0,364.5,396.4,22211301
ORIENTCEM,2026-09-29,119.4,122.0,116.7,118.42,704241
ORIENTCEM,2026-09-30,119.38,120.29,118.08,118.77,189008
ORIENTCEM,2026-10-01,119.53,119.53,114.3,115.91,316838
ORIENTCEM,2026-10-05,116.09,119.0,115.24,116.16,147810
ORIENTCEM,2026-10-06,116.1,117.9,115.3,115.76,187315
ORIENTCER,2026-09-29,45.54,46.4,45.01,45.6,46273
ORIENTCER,2026-09-30,46.39,46.6,44.5,44.9,43434
ORIENTCER,2026-10-01,45.0,46.09,43.95,44.12,109527
ORIENTCER,2026-10-05,44.5,45.7,42.3,43.61,123904
ORIENTCER,2026-10-06,44.35,44.69,42.5,44.14,49791
ORIENTELEC,2026-09-29,160.78,165.0,155.0,156.62,300753
ORIENTELEC,2026-09-30,156.9,159.46,156.6,158.11,128698
ORIENTELEC,2026-10-01,156.51,159.0,152.07,154.46,187771
ORIENTELEC,2026-10-05,155.8,160.99,151.65,157.71,258174
ORIENTELEC,2026-10-06,156.75,162.78,156.5,160.7,144227
ORIENTHOT,2026-09-29,138.03,141.5,136.5,139.34,1048759
ORIENTHOT,2026-09-30,138.99,143.8,138.0,142.36,511057
ORIENTHOT,2026-10-01,142.36,143.6,138.61,140.0,627946
ORIENTHOT,2026-10-05,139.6,141.8,137.61,140.87,149684
ORIENTHOT,2026-10-06,142.05,144.39,140.89,143.61,869855
ORIENTLTD,2026-09-29,77.0,79.9,77.0,79.9,5758
ORIENTLTD,2026-09-30,76.02,78.23,76.02,78.23,781
ORIENTLTD,2026-10-01,78.23,78.26,76.26,77.92,2086
ORIENTLTD,2026-10-05,75.1,77.92,75.1,75.52,547
ORIENTLTD,2026-10-06,78.26,78.26,76.0,76.0,375
ORIENTPPR,2026-09-29,16.65,16.74,16.25,16.43,124950
ORIENTPPR,2026-09-30,16.31,16.67,16.31,16.45,116994
ORIENTPPR,2026-10-01,16.53,16.53,16.1,16.23,149320
ORIENTPPR,2026-10-05,16.11,16.49,16.03,16.17,124998
ORIENTPPR,2026-10-06,16.23,16.38,16.17,16.26,71333
ORIENTTECH,2026-09-29,233.81,234.76,228.26,231.5,81882
ORIENTTECH,2026-09-30,231.5,239.0,230.76,231.53,89355
ORIENTTECH,2026-10-01,231.53,232.37,225.36,229.25,78325
ORIENTTECH,2026-10-05,232.0,237.8,221.2,222.47,148888
ORIENTTECH,2026-10-06,222.53,229.98,222.53,226.35,140237
ORIRAIL,2026-09-29,124.5,127.0,121.44,122.81,80038
ORIRAIL,2026-09-30,123.69,134.9,121.42,127.31,625276
ORIRAIL,2026-10-01,127.21,127.21,123.02,124.15,124938
ORIRAIL,2026-10-05,126.5,126.5,121.0,122.39,42451
ORIRAIL,2026-10-06,122.0,123.88,120.6,122.96,32173
ORISSAMINE,2026-09-29,3667.6001,3749.8999,3586.2,3673.3,8027
ORISSAMINE,2026-09-30,3700.0,3743.8,3626.0,3651.5,5117
ORISSAMINE,2026-10-01,3680.0,3681.0,3500.0,3538.6001,11663
ORISSAMINE,2026-10-05,3538.6001,3627.3999,3492.8999,3522.2,5324
ORISSAMINE,2026-10-06,3588.1001,3649.7,3552.1001,3609.0,7282
ORKLAINDIA,2026-09-29,550.1,550.75,530.15,540.05,191761
ORKLAINDIA,2026-09-30,540.15,547.0,540.1,543.0,47004
ORKLAINDIA,2026-10-01,540.15,542.75,530.05,537.2,93795
ORKLAINDIA,2026-10-05,548.35,548.35,535.1,539.2,43931
ORKLAINDIA,2026-10-06,537.0,551.0,535.5,545.0,54162
ORTEL,2026-09-29,1.7,1.7,1.7,1.7,0
ORTEL,2026-09-30,1.7,1.7,1.7,1.7,0
ORTEL,2026-10-01,1.7,1.7,1.7,1.7,0
ORTEL,2026-10-02,1.7,1.7,1.7,1.7,0
ORTEL,2026-10-05,1.7,1.7,1.7,1.7,0
ORTINGLOBE,2026-09-29,15.0,15.21,13.92,14.72,24048
ORTINGLOBE,2026-09-30,15.2,15.2,14.25,14.32,7318
ORTINGLOBE,2026-10-01,14.32,15.03,14.11,14.52,1329
ORTINGLOBE,2026-10-05,14.36,14.84,13.82,13.82,25484
ORTINGLOBE,2026-10-06,13.82,14.51,13.8,14.39,9315
OSIAHYPER,2026-09-29,2.4,2.4,2.22,2.33,457146
OSIAHYPER,2026-09-30,2.32,2.35,2.22,2.26,177632
OSIAHYPER,2026-10-01,2.26,2.3,2.15,2.2,257872
OSIAHYPER,2026-10-05,2.09,2.19,2.09,2.09,474149
OSIAHYPER,2026-10-06,2.0,2.09,1.99,2.0,387665
OSWALAGRO,2026-09-29,33.01,35.5,33.01,34.9,136463
OSWALAGRO,2026-09-30,34.75,34.97,33.7,33.95,89147
OSWALAGRO,2026-10-01,34.55,34.96,32.7,33.11,17403
OSWALAGRO,2026-10-05,33.15,33.7,32.7,32.98,38253
OSWALAGRO,2026-10-06,33.78,34.86,32.0,32.85,73055
OSWALGREEN,2026-09-29,19.35,19.84,19.1,19.41,88692
OSWALGREEN,2026-09-30,19.5,20.95,19.5,20.32,240885
OSWALGREEN,2026-10-01,20.3,20.99,19.17,19.28,103836
OSWALGREEN,2026-10-05,19.5,19.7,19.0,19.14,121806
OSWALGREEN,2026-10-06,19.14,19.75,19.14,19.27,64273
OSWALPUMPS,2026-09-30,265.3,274.8,264.5,266.75,331888
OSWALPUMPS,2026-10-01,265.75,268.25,259.2,264.25,337150
OSWALPUMPS,2026-10-02,264.25,264.25,264.25,264.25,0
OSWALPUMPS,2026-10-05,265.0,268.45,261.6,265.1,278244
OSWALPUMPS,2026-10-06,264.9,269.2,263.55,264.8,275385
OSWALSEEDS,2026-09-29,12.5,12.8,12.05,12.52,77507
OSWALSEEDS,2026-09-30,12.64,12.69,12.11,12.34,63193
OSWALSEEDS,2026-10-01,12.5,12.5,12.02,12.39,68859
OSWALSEEDS,2026-10-05,12.22,12.6,12.15,12.18,66839
OSWALSEEDS,2026-10-06,12.24,12.39,11.45,12.13,81699
OWAIS,2026-09-28,71.2,71.2,71.2,71.2,1400
OWAIS,2026-09-29,69.8,69.8,69.8,69.8,1400
OWAIS,2026-09-30,68.45,68.45,68.45,68.45,2600
OWAIS,2026-10-01,69.8,69.8,67.1,67.1,18300
OWAIS,2026-10-05,68.4,68.4,65.85,67.5,4800
PACEDIGITK,2026-09-30,161.82,164.58,159.2,159.98,350071
PACEDIGITK,2026-10-01,165.99,177.9,162.88,167.35,22773380
PACEDIGITK,2026-10-02,167.35,167.35,167.35,167.35,0
PACEDIGITK,2026-10-05,168.0,169.86,162.26,164.04,915203
PACEDIGITK,2026-10-06,165.0,171.0,164.26,166.28,901296
PACIFICI,2026-09-29,135.0,135.0,130.2,132.96,59
PACIFICI,2026-09-30,135.0,135.0,134.5,134.5,286
PACIFICI,2026-10-01,140.0,140.0,130.01,135.99,538
PACIFICI,2026-10-05,144.99,148.95,138.0,139.5,1376
PACIFICI,2026-10-06,139.0,139.0,138.99,138.99,48
PAGEIND,2026-09-30,36695.0,37150.0,36210.0,36385.0,83553
PAGEIND,2026-10-01,36485.0,37135.0,36055.0,36660.0,40495
PAGEIND,2026-10-02,36660.0,36660.0,36660.0,36660.0,0
PAGEIND,2026-10-05,37000.0,37830.0,36520.0,37465.0,24628
PAGEIND,2026-10-06,37600.0,38465.0,37395.0,37970.0,31599
PAISALO,2026-09-30,78.0,79.1,75.62,76.41,7129862
PAISALO,2026-10-01,77.0,80.9,77.0,79.9,15551279
PAISALO,2026-10-02,79.9,79.9,79.9,79.9,0
PAISALO,2026-10-05,80.5,81.59,78.95,81.13,13369295
PAISALO,2026-10-06,82.0,83.25,81.19,83.1,9861753
PAKKA,2026-09-30,75.19,75.2,72.0,72.89,64593
PAKKA,2026-10-01,73.0,74.0,71.55,72.26,38359
PAKKA,2026-10-02,72.26,72.26,72.26,72.26,0
PAKKA,2026-10-05,73.0,73.2,69.43,69.79,146654
PAKKA,2026-10-06,70.48,73.85,68.66,69.13,694732
PALASHSECU,2026-09-29,86.0,88.0,84.1,84.25,1544
PALASHSECU,2026-09-30,84.25,84.25,84.25,84.25,0
PALASHSECU,2026-10-01,84.6,85.38,84.5,84.5,1349
PALASHSECU,2026-10-05,84.1,90.0,83.1,87.94,2831
PALASHSECU,2026-10-06,89.9,89.9,86.0,86.8,607
PALREDTEC,2026-09-29,45.82,46.05,44.0,45.99,2263
PALREDTEC,2026-09-30,45.44,45.9,43.7,43.86,12703
PALREDTEC,2026-10-01,43.99,43.99,41.67,41.77,6761
PALREDTEC,2026-10-05,41.78,43.74,41.0,43.67,407
PALREDTEC,2026-10-06,41.51,43.0,41.49,41.62,2463
PANACEABIO,2026-09-29,366.45,380.0,362.05,375.25,64320
PANACEABIO,2026-09-30,375.2,379.6,364.0,366.0,50560
PANACEABIO,2026-10-01,362.0,364.95,350.05,359.05,65446
PANACEABIO,2026-10-05,360.1,362.1,347.7,350.25,51467
PANACEABIO,2026-10-06,351.1,364.75,349.2,363.2,66783
PANACHE,2026-09-29,506.05,515.0,506.05,506.05,3831
PANACHE,2026-09-30,516.15,516.15,516.15,516.15,28758
PANACHE,2026-10-01,516.15,516.15,505.95,516.15,3328
PANACHE,2026-10-05,541.95,541.95,531.5,541.95,16255
PANACHE,2026-10-06,569.0,569.0,555.0,569.0,7672
PANAMAPET,2026-09-29,472.45,489.8,463.35,480.5,160114
PANAMAPET,2026-09-30,484.8,499.8,482.2,484.25,222411
PANAMAPET,2026-10-01,484.3,488.95,475.2,487.1,164733
PANAMAPET,2026-10-05,491.0,497.0,480.0,482.2,109018
PANAMAPET,2026-10-06,487.9,509.9,480.6,504.1,626904
PANCHMAHQ,2026-09-29,290.0,290.0,290.0,290.0,16
PANCHMAHQ,2026-09-30,306.5,306.5,275.5,294.95,49
PANCHMAHQ,2026-10-01,277.0,303.0,277.0,287.5,182
PANCHMAHQ,2026-10-05,287.5,287.5,287.5,287.5,0
PANCHMAHQ,2026-10-06,287.5,309.8,287.5,296.4,25
PANORAMA,2026-09-30,59.0,62.15,55.0,58.29,1206378
PANORAMA,2026-10-01,57.02,62.2,57.01,60.91,809424
PANORAMA,2026-10-02,60.91,60.91,60.91,60.91,0
PANORAMA,2026-10-05,65.51,69.5,62.01,63.5,13683999
PANORAMA,2026-10-06,62.8,69.0,62.0,63.05,2526901
PANSARI,2026-09-29,273.15,283.0,271.0,274.55,528
PANSARI,2026-09-30,274.65,275.0,270.0,274.0,804
PANSARI,2026-10-01,274.0,274.0,260.0,260.0,110
PANSARI,2026-10-05,260.0,264.0,250.6,254.3,853
PANSARI,2026-10-06,274.0,277.55,260.0,265.7,1067
PAR,2026-09-29,132.6,132.6,124.21,125.32,12353
PAR,2026-09-30,125.32,128.95,124.0,126.64,8540
PAR,2026-10-01,126.64,126.64,122.0,123.95,7530
PAR,2026-10-05,123.95,126.95,118.01,125.79,11159
PAR,2026-10-06,122.0,125.48,122.0,122.74,9174
PARACABLES,2026-09-29,56.35,58.6,55.33,57.85,1550828
PARACABLES,2026-09-30,58.58,59.39,56.0,56.36,1234180
PARACABLES,2026-10-01,56.82,58.47,55.1,56.51,1716908
PARACABLES,2026-10-05,58.0,58.0,55.52,56.08,729507
PARACABLES,2026-10-06,56.11,58.5,56.11,58.22,966360
PARADEEP,2026-09-29,155.47,156.17,151.6,154.08,2094420
PARADEEP,2026-09-30,153.5,158.4,153.5,154.28,1932116
PARADEEP,2026-10-01,154.45,154.5,148.5,151.22,1745429
PARADEEP,2026-10-05,151.85,154.21,150.0,153.6,1604847
PARADEEP,2026-10-06,153.6,157.44,153.11,156.76,1619496
PARAGMILK,2026-09-30,269.4,274.5,268.0,271.65,893163
PARAGMILK,2026-10-01,271.45,271.45,258.0,264.0,916684
PARAGMILK,2026-10-02,264.0,264.0,264.0,264.0,0
PARAGMILK,2026-10-05,267.0,283.4,267.0,281.0,2320736
PARAGMILK,2026-10-06,283.0,311.0,279.1,308.7,7374344
PARAGON,2026-09-28,50.6,50.95,49.05,50.5,14400
PARAGON,2026-09-29,48.1,50.0,48.1,48.25,10800
PARAGON,2026-09-30,50.0,50.95,50.0,50.5,7200
PARAGON,2026-10-01,51.0,51.0,49.0,49.05,7200
PARAGON,2026-10-05,48.5,49.5,48.5,49.5,2400
PARAS,2026-09-29,1315.0,1336.9,1288.1,1325.0,699385
PARAS,2026-09-30,1325.0,1346.0,1303.0,1311.0,529254
PARAS,2026-10-01,1308.0,1315.0,1255.0,1276.0,562208
PARAS,2026-10-05,1276.1,1297.8,1252.5,1266.2,532009
PARAS,2026-10-06,1267.7,1332.0,1267.2,1323.3,661133
PARASPETRO,2026-09-29,2.03,2.09,2.03,2.07,106545
PARASPETRO,2026-09-30,2.09,2.12,2.04,2.07,45657
PARASPETRO,2026-10-01,2.05,2.08,2.0,2.02,42137
PARASPETRO,2026-10-05,2.02,2.09,2.0,2.06,91167
PARASPETRO,2026-10-06,2.06,2.13,1.96,2.02,195262
PARIN,2026-09-29,735.0,735.0,695.0,720.35,31415
PARIN,2026-09-30,724.95,724.95,702.6,710.9,26781
PARIN,2026-10-01,729.95,729.95,683.55,703.85,28292
PARIN,2026-10-05,710.6,719.0,694.55,701.5,5691
PARIN,2026-10-06,708.5,708.5,682.6,700.05,10825
PARKHOSPS,2026-09-29,277.75,277.75,271.7,275.45,868008
PARKHOSPS,2026-09-30,275.45,279.5,268.4,274.95,877385
PARKHOSPS,2026-10-01,272.3,274.2,268.5,270.8,436458
PARKHOSPS,2026-10-05,270.35,274.0,261.0,267.75,1099956
PARKHOSPS,2026-10-06,270.45,275.95,265.5,274.85,708232
PARKHOTELS,2026-09-29,103.78,104.25,100.62,102.02,314706
PARKHOTELS,2026-09-30,102.0,107.5,99.97,105.92,488392
PARKHOTELS,2026-10-01,105.0,105.52,101.33,103.55,174623
PARKHOTELS,2026-10-05,105.1,105.11,100.6,103.83,194819
PARKHOTELS,2026-10-06,104.99,105.79,101.41,103.19,233618
PARNAXLAB,2026-09-29,118.0,118.0,105.0,113.37,32458
PARNAXLAB,2026-09-30,112.0,117.74,109.99,111.73,2982
PARNAXLAB,2026-10-01,112.85,116.93,111.99,113.14,600
PARNAXLAB,2026-10-05,113.0,117.9,111.12,113.23,972
PARNAXLAB,2026-10-06,112.55,115.5,112.5,115.34,450
PARSVNATH,2026-09-29,2.05,2.05,2.05,2.05,142367
PARSVNATH,2026-09-30,2.09,2.09,2.09,2.09,57122
PARSVNATH,2026-10-01,2.13,2.13,2.13,2.13,15431
PARSVNATH,2026-10-05,2.17,2.17,2.17,2.17,20570
PARSVNATH,2026-10-06,2.21,2.21,2.21,2.21,12479
PARTYCRUS,2026-09-28,98.95,98.95,98.95,98.95,1000
PARTYCRUS,2026-09-29,98.95,98.95,98.95,98.95,0
PARTYCRUS,2026-09-30,98.5,98.5,98.5,98.5,1000
PARTYCRUS,2026-10-01,98.0,98.0,98.0,98.0,2000
PARTYCRUS,2026-10-05,98.0,98.0,97.05,97.05,2000
PASHUPATI,2026-09-29,77.27,92.72,75.6,92.72,219755
PASHUPATI,2026-09-30,111.26,111.26,74.18,75.4,2778737
PASHUPATI,2026-10-01,79.0,79.42,76.2,78.99,817313
PASHUPATI,2026-10-05,80.0,81.6,72.39,74.03,576055
PASHUPATI,2026-10-06,74.7,75.7,69.0,69.91,1469179
PASUPTAC,2026-09-30,76.1,76.89,71.87,72.73,180671
PASUPTAC,2026-10-01,71.51,73.85,68.17,69.64,243098
PASUPTAC,2026-10-02,69.64,69.64,69.64,69.64,0
PASUPTAC,2026-10-05,69.0,71.45,66.33,67.51,150318
PASUPTAC,2026-10-06,67.05,72.0,67.05,70.89,251121
PATANJALI,2026-09-30,369.7,372.25,363.0,363.0,1344954
PATANJALI,2026-10-01,363.5,366.05,348.55,355.15,4327803
PATANJALI,2026-10-02,355.15,355.15,355.15,355.15,0
PATANJALI,2026-10-05,356.0,358.8,348.85,355.7,7070094
PATANJALI,2026-10-06,355.7,364.5,350.5,363.0,6485459
PATELENG,2026-09-30,26.41,27.45,26.35,26.45,1520750
PATELENG,2026-10-01,26.4,26.5,25.56,25.92,1951626
PATELENG,2026-10-02,25.92,25.92,25.92,25.92,0
PATELENG,2026-10-05,26.04,26.41,25.56,25.73,1542421
PATELENG,2026-10-06,25.83,26.09,25.81,25.93,1205164
PATELRMART,2026-09-29,204.0,215.25,202.55,213.59,90056
PATELRMART,2026-09-30,215.0,219.6,210.5,211.52,55798
PATELRMART,2026-10-01,210.0,214.0,206.0,211.0,51861
PATELRMART,2026-10-05,213.65,224.0,210.89,222.9,133406
PATELRMART,2026-10-06,223.0,230.0,219.92,227.01,102483
PATINTLOG,2026-09-30,13.57,13.8,13.0,13.11,72397
PATINTLOG,2026-10-01,13.37,13.6,13.05,13.23,105462
PATINTLOG,2026-10-02,13.23,13.23,13.23,13.23,0
PATINTLOG,2026-10-05,13.23,13.4,12.75,13.02,53255
PATINTLOG,2026-10-06,13.15,13.49,13.01,13.15,30969
PAUSHAKLTD,2026-09-30,672.5,680.9,651.2,665.25,26250
PAUSHAKLTD,2026-10-01,657.15,662.05,634.0,650.3,23637
PAUSHAKLTD,2026-10-02,650.3,650.3,650.3,650.3,0
PAUSHAKLTD,2026-10-05,654.0,672.0,645.0,657.45,22958
PAUSHAKLTD,2026-10-06,658.0,728.8,658.0,704.3,78560
PAVNAIND,2026-09-29,15.31,16.0,15.05,15.77,28866
PAVNAIND,2026-09-30,15.34,16.1,15.34,15.46,40169
PAVNAIND,2026-10-01,15.82,15.82,15.11,15.36,29071
PAVNAIND,2026-10-05,15.94,15.94,15.3,15.45,12433
PAVNAIND,2026-10-06,15.7,15.7,15.25,15.65,22449
PAYTM,2026-09-30,1701.0,1708.0,1667.1,1678.0,2424277
PAYTM,2026-10-01,1671.9,1690.0,1629.0,1656.0,1936812
PAYTM,2026-10-02,1656.0,1656.0,1656.0,1656.0,0
PAYTM,2026-10-05,1656.0,1694.0,1654.9,1684.0,2267650
PAYTM,2026-10-06,1698.0,1705.5,1672.1,1694.0,2060970
PBMPOLY,2026-09-29,61.0,61.0,61.0,61.0,965
PBMPOLY,2026-09-30,59.47,69.8,57.16,60.32,2085
PBMPOLY,2026-10-01,56.2,64.98,56.2,58.85,672
PBMPOLY,2026-10-05,60.32,60.32,57.0,58.02,390
PBMPOLY,2026-10-06,57.5,60.4,55.97,58.75,583
PCBL,2026-09-30,330.45,339.8,330.15,331.1,1026589
PCBL,2026-10-01,330.0,331.65,315.75,321.5,878765
PCBL,2026-10-02,321.5,321.5,321.5,321.5,0
PCBL,2026-10-05,322.85,327.2,318.6,320.35,457281
PCBL,2026-10-06,321.8,328.5,320.8,327.7,540306
PCCL,2026-09-28,450.0,450.0,447.95,448.95,2000
PCCL,2026-09-29,440.0,440.0,440.0,440.0,400
PCCL,2026-09-30,430.1,438.0,430.1,434.9,4400
PCCL,2026-10-01,434.95,434.95,400.0,406.0,9200
PCCL,2026-10-05,404.9,415.9,404.9,415.9,3200
PCJEWELLER,2026-09-30,13.29,13.74,13.11,13.2,227698090
PCJEWELLER,2026-10-01,13.2,13.29,12.56,12.82,241052557
PCJEWELLER,2026-10-02,12.82,12.82,12.82,12.82,0
PCJEWELLER,2026-10-05,13.0,13.32,12.86,13.06,199713384
PCJEWELLER,2026-10-06,13.14,13.2,12.85,12.93,133822274
PDMJEPAPER,2026-09-29,94.16,96.0,90.86,94.67,172693
PDMJEPAPER,2026-09-30,94.5,99.8,94.0,97.22,344257
PDMJEPAPER,2026-10-01,95.9,98.68,94.5,95.56,205004
PDMJEPAPER,2026-10-05,96.29,97.68,94.25,95.85,124848
PDMJEPAPER,2026-10-06,96.9,98.3,95.35,96.16,182090
PDSL,2026-09-29,349.5,364.9,344.15,348.95,597046
PDSL,2026-09-30,350.0,357.0,349.85,352.3,61453
PDSL,2026-10-01,350.0,354.95,344.1,347.55,72513
PDSL,2026-10-05,351.1,354.9,339.15,342.3,94396
PDSL,2026-10-06,342.0,349.5,341.9,347.4,33706
PEARLPOLY,2026-09-29,17.5,17.5,16.8,16.92,8476
PEARLPOLY,2026-09-30,17.63,17.76,17.09,17.75,7471
PEARLPOLY,2026-10-01,18.0,18.49,17.01,17.09,5375
PEARLPOLY,2026-10-05,17.78,17.78,16.62,17.22,4266
PEARLPOLY,2026-10-06,17.2,17.23,17.08,17.2,1798
PENIND,2026-09-29,183.47,184.9,178.56,180.28,775949
PENIND,2026-09-30,183.0,187.25,182.1,184.0,783073
PENIND,2026-10-01,184.3,184.5,172.0,173.62,1220227
PENIND,2026-10-05,175.53,180.54,174.42,178.71,571235
PENIND,2026-10-06,178.2,180.19,176.61,177.85,273802
PENINLAND,2026-09-30,15.21,15.99,15.0,15.05,247368
PENINLAND,2026-10-01,15.15,15.25,14.5,14.62,183619
PENINLAND,2026-10-02,14.62,14.62,14.62,14.62,0
PENINLAND,2026-10-05,14.81,14.95,14.22,14.5,133469
PENINLAND,2026-10-06,14.31,14.99,14.31,14.66,120155
PENTAGON,2026-09-28,86.0,86.0,86.0,86.0,1000
PENTAGON,2026-09-29,86.0,86.0,86.0,86.0,0
PENTAGON,2026-09-30,85.0,85.0,85.0,85.0,1000
PENTAGON,2026-10-01,80.8,80.8,80.8,80.8,1000
PENTAGON,2026-10-05,77.1,84.8,77.0,84.8,3000
PERFECT,2026-09-29,8.1,8.1,8.1,8.1,0
PERFECT,2026-09-30,8.1,8.1,8.1,8.1,0
PERFECT,2026-10-01,8.1,8.1,8.1,8.1,0
PERFECT,2026-10-02,8.1,8.1,8.1,8.1,0
PERFECT,2026-10-05,8.1,8.1,8.1,8.1,0
PERMAGN,2026-09-29,822.0,842.1,818.05,837.1,1604
PERMAGN,2026-09-30,840.0,841.75,825.05,832.05,1822
PERMAGN,2026-10-01,832.05,879.0,821.2,861.3,3064
PERMAGN,2026-10-05,880.0,903.8,837.6,859.0,4426
PERMAGN,2026-10-06,860.0,862.45,839.8,846.75,2937
PERNIASPOP,2026-09-29,517.4,534.9,512.2,530.75,63013
PERNIASPOP,2026-09-30,527.0,556.0,526.95,547.9,97340
PERNIASPOP,2026-10-01,536.1,551.0,524.0,544.7,72414
PERNIASPOP,2026-10-05,525.0,535.0,518.0,523.75,111092
PERNIASPOP,2026-10-06,522.8,529.5,513.0,518.6,121346
PERSISTENT,2026-09-30,5200.0,5397.0,5200.0,5279.0,611251
PERSISTENT,2026-10-01,5276.0,5396.0,5250.5,5367.0,506268
PERSISTENT,2026-10-02,5367.0,5367.0,5367.0,5367.0,0
PERSISTENT,2026-10-05,5448.0,5620.0,5387.5,5530.0,768988
PERSISTENT,2026-10-06,5520.0,5553.5,5463.5,5521.0,266600
PETRONET,2026-09-29,284.7,288.5,281.75,282.95,2819999
PETRONET,2026-09-30,285.1,288.9,284.0,284.5,2419296
PETRONET,2026-10-01,284.5,287.5,283.45,285.5,1678508
PETRONET,2026-10-05,287.5,294.0,286.5,290.0,2861154
PETRONET,2026-10-06,291.7,297.85,291.0,297.5,5098704
PFC,2026-09-30,325.85,332.5,325.0,325.5,9986223
PFC,2026-10-01,325.85,326.5,313.35,318.0,9777829
PFC,2026-10-02,318.0,318.0,318.0,318.0,0
PFC,2026-10-05,320.1,323.35,317.7,322.0,11353503
PFC,2026-10-06,322.3,327.25,322.3,322.6,7467128
PFIZER,2026-09-29,3966.1001,3988.0,3888.6001,3912.8999,174412
PFIZER,2026-09-30,3916.0,3933.8,3833.5,3875.3,39848
PFIZER,2026-10-01,3894.5,3894.6001,3792.1001,3858.8999,34585
PFIZER,2026-10-05,3858.8999,3878.0,3809.6001,3842.2,49211
PFIZER,2026-10-06,3860.0,3868.2,3826.7,3852.2,21026
PFOCUS,2026-09-30,318.65,326.0,313.35,316.0,3709507
PFOCUS,2026-10-01,315.05,319.2,297.0,301.55,3922858
PFOCUS,2026-10-02,301.55,301.55,301.55,301.55,0
PFOCUS,2026-10-05,303.0,303.2,282.65,285.65,4184306
PFOCUS,2026-10-06,285.9,297.1,281.7,292.7,4125137
PFS,2026-09-29,27.04,28.99,26.41,28.0,4112305
PFS,2026-09-30,28.0,29.49,27.65,29.08,2963292
PFS,2026-10-01,29.5,30.21,28.15,28.81,1867391
PFS,2026-10-05,28.81,29.5,28.0,28.19,774445
PFS,2026-10-06,28.73,28.73,27.19,27.29,601736
PGEL,2026-09-30,499.9,506.0,493.45,493.45,825728
PGEL,2026-10-01,494.95,496.65,476.1,481.1,1012842
PGEL,2026-10-02,481.1,481.1,481.1,481.1,0
PGEL,2026-10-05,487.55,500.8,485.0,487.7,1475580
PGEL,2026-10-06,487.7,532.0,483.5,527.65,5927606
PGHH,2026-09-29,6900.0,6946.0,6804.0,6871.5,25253
PGHH,2026-09-30,6904.0,6956.5,6782.0,6798.5,44984
PGHH,2026-10-01,6798.5,6798.5,6579.0,6639.0,23880
PGHH,2026-10-05,6636.0,6785.0,6611.0,6768.0,11457
PGHH,2026-10-06,6780.5,6900.0,6745.0,6865.0,10760
PGHL,2026-09-29,5403.0,5880.0,5400.5,5696.0,91841
PGHL,2026-09-30,5644.5,5696.0,5503.5,5563.0,10902
PGHL,2026-10-01,5515.0,5534.0,5325.0,5360.0,8710
PGHL,2026-10-05,5360.0,5403.5,5280.0,5300.0,8910
PGHL,2026-10-06,5300.0,5352.0,5239.0,5306.0,18158
PGIL,2026-09-29,1294.0,1333.0,1276.8,1290.4,153191
PGIL,2026-09-30,1297.5,1324.6,1280.0,1282.1,87275
PGIL,2026-10-01,1282.1,1286.0,1233.7,1263.0,115643
PGIL,2026-10-05,1267.5,1289.3,1255.0,1266.5,114074
PGIL,2026-10-06,1264.5,1284.9,1242.0,1266.7,251429
PGINVIT,2026-09-29,102.32,102.38,101.51,102.03,1117239
PGINVIT,2026-09-30,102.2,102.5,101.97,102.41,978488
PGINVIT,2026-10-01,102.41,102.42,101.25,101.84,1827847
PGINVIT,2026-10-02,101.84,101.84,101.84,101.84,0
PGINVIT,2026-10-05,101.9,102.25,101.0,102.1,1522715
PHANTOMFX,2026-09-28,90.0,91.9,86.0,87.75,18600
PHANTOMFX,2026-09-29,87.0,89.0,83.0,88.0,15000
PHANTOMFX,2026-09-30,88.25,90.0,86.95,88.25,17400
PHANTOMFX,2026-10-01,88.0,89.3,84.0,86.2,18300
PHANTOMFX,2026-10-05,89.0,91.0,84.0,84.9,17400
PHOENIXLTD,2026-09-29,1946.3,1957.3,1916.7,1929.0,381228
PHOENIXLTD,2026-09-30,1940.4,1963.4,1916.2,1935.0,421345
PHOENIXLTD,2026-10-01,1935.0,1963.1,1911.8,1930.0,555494
PHOENIXLTD,2026-10-05,1911.1,1954.9,1909.2,1935.0,430722
PHOENIXLTD,2026-10-06,1946.8,1946.8,1857.8,1883.5,617638
PHOENXINTL,2026-09-29,29.3,29.3,27.8,28.05,2269
PHOENXINTL,2026-09-30,28.4,29.55,28.16,28.71,3924
PHOENXINTL,2026-10-01,28.71,28.71,28.0,28.15,2283
PHOENXINTL,2026-10-05,29.0,29.0,27.85,28.15,2758
PHOENXINTL,2026-10-06,28.15,29.0,27.83,28.01,2562
PICCADIL,2026-09-29,606.4,607.85,591.55,602.85,84778
PICCADIL,2026-09-30,606.9,613.25,588.55,592.35,87459
PICCADIL,2026-10-01,592.45,593.85,571.0,581.05,108548
PICCADIL,2026-10-05,581.0,595.0,579.1,588.45,144930
PICCADIL,2026-10-06,591.2,598.75,589.3,594.2,65957
PIDILITIND,2026-09-30,1481.0,1496.9,1465.1,1465.1,940925
PIDILITIND,2026-10-01,1468.1,1486.9,1456.8,1464.0,867267
PIDILITIND,2026-10-02,1464.0,1464.0,1464.0,1464.0,0
PIDILITIND,2026-10-05,1464.2,1487.7,1458.2,1487.7,843401
PIDILITIND,2026-10-06,1485.9,1524.6,1472.8,1520.5,608336
PIGL,2026-09-29,95.9,98.99,94.9,96.92,41941
PIGL,2026-09-30,96.7,98.71,95.5,96.34,34714
PIGL,2026-10-01,96.0,97.3,92.26,93.87,40347
PIGL,2026-10-05,93.87,96.98,93.0,94.55,27104
PIGL,2026-10-06,95.4,99.0,94.0,98.42,66437
PIIND,2026-09-29,2327.5,2339.0,2288.8,2288.8,186578
PIIND,2026-09-30,2290.0,2322.8,2270.0,2310.0,174009
PIIND,2026-10-01,2302.3999,2302.3999,2220.0,2236.0,125263
PIIND,2026-10-05,2243.8999,2287.8999,2199.6001,2220.0,210128
PIIND,2026-10-06,2220.0,2252.2,2200.0,2250.0,617433
PILANIINVS,2026-09-29,4024.0,4127.5,3965.0,4027.7,2381
PILANIINVS,2026-09-30,4050.0,4127.0,3901.8,3956.5,5707
PILANIINVS,2026-10-01,3970.1001,3974.0,3865.0,3892.3,2414
PILANIINVS,2026-10-05,3975.0,4033.0,3933.0,3984.7,3139
PILANIINVS,2026-10-06,4019.8999,4080.0,4010.0,4067.1001,1530
PILITA,2026-09-29,7.48,7.71,7.3,7.34,31206
PILITA,2026-09-30,7.7,7.7,7.17,7.52,45283
PILITA,2026-10-01,7.26,7.67,7.26,7.45,19070
PILITA,2026-10-05,7.4,7.5,7.31,7.39,19487
PILITA,2026-10-06,7.35,7.51,7.3,7.35,15116
PINELABS,2026-09-30,172.0,176.75,169.14,171.79,19780220
PINELABS,2026-10-01,171.7,174.7,165.25,167.59,13924916
PINELABS,2026-10-02,167.59,167.59,167.59,167.59,0
PINELABS,2026-10-05,169.5,171.48,166.27,167.16,9150895
PINELABS,2026-10-06,168.5,173.25,167.83,172.73,10919289
PIONEEREMB,2026-09-29,21.15,21.59,20.3,20.79,4907
PIONEEREMB,2026-09-30,21.0,21.25,20.45,20.59,7008
PIONEEREMB,2026-10-01,20.5,20.7,19.66,20.07,23487
PIONEEREMB,2026-10-05,19.86,20.98,19.86,20.13,2014
PIONEEREMB,2026-10-06,20.03,20.84,20.03,20.6,2547
PIONRINV,2026-09-29,77.77,77.77,77.0,77.5,343
PIONRINV,2026-09-30,75.95,80.8,75.95,75.95,711
PIONRINV,2026-10-01,75.95,79.74,73.0,73.0,5113
PIONRINV,2026-10-05,70.0,70.0,69.35,69.35,11338
PIONRINV,2026-10-06,66.0,66.0,65.89,65.89,1195
PIRAMALFIN,2026-09-29,2142.0,2174.3999,2057.2,2127.5,1703600
PIRAMALFIN,2026-09-30,2098.0,2127.5,2012.0,2043.9,230032
PIRAMALFIN,2026-10-01,2020.0,2045.4,1978.0,2023.3,303300
PIRAMALFIN,2026-10-05,2024.0,2046.0,1986.5,2002.6,185520
PIRAMALFIN,2026-10-06,1999.0,2046.9,1975.0,2018.5,171616
PITTIENG,2026-09-29,1136.0,1152.2,1115.7,1131.4,51812
PITTIENG,2026-09-30,1132.0,1154.8,1131.3,1139.5,35903
PITTIENG,2026-10-01,1136.6,1139.4,1092.2,1123.8,63727
PITTIENG,2026-10-05,1128.0,1143.1,1117.6,1127.3,44959
PITTIENG,2026-10-06,1117.0,1160.4,1117.0,1122.0,62299
PIXTRANS,2026-09-29,1714.1,1750.0,1714.1,1728.1,10656
PIXTRANS,2026-09-30,1732.3,1762.0,1725.0,1726.9,4070
PIXTRANS,2026-10-01,1726.9,1893.0,1725.0,1809.3,1455118
PIXTRANS,2026-10-05,1818.3,1860.0,1815.0,1834.2,82916
PIXTRANS,2026-10-06,1848.9,1848.9,1786.9,1796.7,20072
PKTEA,2026-09-29,965.0,1012.95,965.0,993.7,1251
PKTEA,2026-09-30,1000.0,1043.35,972.0,1043.35,18800
PKTEA,2026-10-01,1087.0,1087.0,992.0,1037.7,1076
PKTEA,2026-10-05,1004.1,1043.9,992.0,1033.0,178
PKTEA,2026-10-06,1032.0,1033.0,981.4,983.2,900
PLADAINFO,2026-09-29,13.0,13.0,13.0,13.0,3000
PLADAINFO,2026-09-30,13.0,13.0,13.0,13.0,0
PLADAINFO,2026-10-01,13.0,13.0,13.0,13.0,0
PLADAINFO,2026-10-02,13.0,13.0,13.0,13.0,0
PLADAINFO,2026-10-05,13.0,13.0,13.0,13.0,3000
PLASTIBLEN,2026-09-29,198.04,205.99,196.27,204.5,44950
PLASTIBLEN,2026-09-30,205.85,207.0,199.23,200.29,39036
PLASTIBLEN,2026-10-01,203.96,204.0,191.06,193.62,37312
PLASTIBLEN,2026-10-05,195.0,203.45,195.0,197.79,39678
PLASTIBLEN,2026-10-06,202.45,205.0,200.0,202.4,54146
PLATIND,2026-09-29,205.1,209.04,202.5,205.7,44189
PLATIND,2026-09-30,207.02,210.89,205.41,206.85,27227
PLATIND,2026-10-01,207.0,207.0,200.0,202.0,51510
PLATIND,2026-10-05,205.1,207.0,198.5,203.83,538128
PLATIND,2026-10-06,204.0,207.0,199.75,203.58,45409
PLAZACABLE,2026-09-29,56.05,59.9,56.05,59.9,77690
PLAZACABLE,2026-09-30,61.88,61.88,59.05,59.15,59674
PLAZACABLE,2026-10-01,59.9,59.9,56.2,57.12,58747
PLAZACABLE,2026-10-05,56.02,57.99,54.5,55.32,82221
PLAZACABLE,2026-10-06,55.32,58.08,54.31,58.07,74179
PML,2026-09-29,481.3,483.0,461.0,472.7,245
PML,2026-09-30,498.95,498.95,465.0,465.85,1277
PML,2026-10-01,467.0,504.0,460.7,472.65,599
PML,2026-10-05,479.6,493.95,473.0,486.95,92
PML,2026-10-06,480.0,484.45,478.0,481.2,216
PNB,2026-09-30,111.8,114.9,111.8,113.06,15255055
PNB,2026-10-01,113.06,113.38,109.37,109.57,11365686
PNB,2026-10-02,109.57,109.57,109.57,109.57,0
PNB,2026-10-05,110.65,113.58,110.5,112.35,12282429
PNB,2026-10-06,112.36,113.0,111.17,111.92,8419298
PNBGILTS,2026-09-29,73.2,73.2,70.9,71.89,377184
PNBGILTS,2026-09-30,72.0,78.9,72.0,73.99,2682738
PNBGILTS,2026-10-01,73.5,73.85,70.8,71.63,407422
PNBGILTS,2026-10-05,72.0,73.85,71.3,71.72,311935
PNBGILTS,2026-10-06,71.99,73.0,70.5,71.42,407118
PNBHOUSING,2026-09-30,1098.0,1132.5,1095.9,1120.0,1164222
PNBHOUSING,2026-10-01,1116.1,1121.5,1079.1,1092.0,1090171
PNBHOUSING,2026-10-02,1092.0,1092.0,1092.0,1092.0,0
PNBHOUSING,2026-10-05,1092.0,1116.0,1088.3,1105.8,638892
PNBHOUSING,2026-10-06,1103.0,1112.2,1087.8,1102.1,513672
PNC,2026-09-30,17.4,18.5,16.4,17.65,10929
PNC,2026-10-01,17.75,18.8,17.48,18.09,16348
PNC,2026-10-02,18.09,18.09,18.09,18.09,0
PNC,2026-10-05,18.27,18.27,16.6,17.22,8826
PNC,2026-10-06,17.22,18.05,17.02,17.41,2223
PNCINFRA,2026-09-29,131.25,132.54,128.32,129.8,1025015
PNCINFRA,2026-09-30,130.05,134.89,130.05,133.18,790721
PNCINFRA,2026-10-01,132.0,139.65,131.99,138.16,1668999
PNCINFRA,2026-10-05,140.23,140.23,136.45,137.03,400817
PNCINFRA,2026-10-06,137.03,140.2,136.0,138.74,583869
PNGJL,2026-09-29,585.35,592.2,572.7,585.05,379690
PNGJL,2026-09-30,585.0,599.0,581.55,590.15,257823
PNGJL,2026-10-01,588.05,589.45,574.1,581.95,419974
PNGJL,2026-10-05,586.95,587.1,571.75,573.3,514316
PNGJL,2026-10-06,573.65,590.45,572.35,588.6,320355
PNGSREVA,2026-09-30,517.6,524.95,508.7,511.65,78605
PNGSREVA,2026-10-01,512.0,526.7,490.05,504.4,82022
PNGSREVA,2026-10-02,504.4,504.4,504.4,504.4,0
PNGSREVA,2026-10-05,507.55,539.85,505.1,535.3,481628
PNGSREVA,2026-10-06,539.05,560.7,539.05,547.2,335113
POCL,2026-09-29,453.0,467.15,444.6,461.6,270171
POCL,2026-09-30,464.2,466.65,450.0,452.65,373694
POCL,2026-10-01,450.0,456.6,432.65,437.0,333775
POCL,2026-10-05,441.6,448.95,437.0,439.55,208064
POCL,2026-10-06,443.0,449.35,442.35,447.25,117171
PODDARMENT,2026-09-29,257.65,266.0,253.7,259.05,12257
PODDARMENT,2026-09-30,259.2,266.7,255.6,257.15,2926
PODDARMENT,2026-10-01,258.5,267.75,250.4,253.65,4370
PODDARMENT,2026-10-05,254.05,264.0,251.0,251.95,1070
PODDARMENT,2026-10-06,252.9,255.0,250.2,253.3,1717
POEL,2026-09-29,144.91,144.91,139.52,139.89,30180
POEL,2026-09-30,139.89,144.86,136.15,137.42,35690
POEL,2026-10-01,139.03,143.68,136.0,136.45,36731
POEL,2026-10-05,141.13,141.95,136.0,136.27,26509
POEL,2026-10-06,139.94,141.0,132.15,133.71,35229
POKARNA,2026-09-29,718.0,729.9,711.0,718.05,55054
POKARNA,2026-09-30,724.4,737.75,702.25,705.7,79843
POKARNA,2026-10-01,707.8,709.45,684.55,699.1,77946
POKARNA,2026-10-05,702.6,719.8,690.45,699.2,43352
POKARNA,2026-10-06,695.3,714.95,695.3,709.9,48093
POLICYBZR,2026-09-30,1087.0,1098.0,1031.4,1063.9,8915211
POLICYBZR,2026-10-01,1050.0,1058.4,963.9,980.0,14061779
POLICYBZR,2026-10-02,980.0,980.0,980.0,980.0,0
POLICYBZR,2026-10-05,984.9,1006.3,945.1,976.2,13249741
POLICYBZR,2026-10-06,984.0,1042.2,972.0,1034.9,8049522
POLYCAB,2026-09-30,8102.5,8177.0,8026.0,8026.0,494724
POLYCAB,2026-10-01,8030.0,8131.0,7883.0,7990.0,463691
POLYCAB,2026-10-02,7990.0,7990.0,7990.0,7990.0,0
POLYCAB,2026-10-05,7990.0,8186.0,7980.5,8080.0,424158
POLYCAB,2026-10-06,8120.0,8173.5,8062.0,8147.0,301623
POLYMED,2026-09-29,1636.7,1668.5,1626.8,1644.7,168312
POLYMED,2026-09-30,1639.9,1684.5,1625.8,1673.8,118032
POLYMED,2026-10-01,1662.1,1662.2,1620.1,1638.1,91694
POLYMED,2026-10-05,1630.0,1639.1,1595.1,1619.6,126764
POLYMED,2026-10-06,1613.0,1639.9,1611.2,1633.8,94082
POLYPLEX,2026-09-29,1061.0,1078.3,1050.0,1061.3,51486
POLYPLEX,2026-09-30,1066.6,1117.5,1050.0,1055.0,38586
POLYPLEX,2026-10-01,1055.0,1070.3,1010.0,1028.0,41338
POLYPLEX,2026-10-05,1028.0,1041.1,1015.0,1020.5,28871
POLYPLEX,2026-10-06,1020.5,1057.0,999.0,1034.3,109882
POLYSIL,2026-09-28,61.2,61.75,57.9,57.9,43000
POLYSIL,2026-09-29,55.55,59.6,55.05,58.6,49500
POLYSIL,2026-09-30,58.9,60.9,56.6,60.65,11000
POLYSIL,2026-10-01,61.25,61.25,57.9,58.6,5500
POLYSIL,2026-10-05,57.45,60.0,55.7,55.85,18500
POLYSPIN,2026-09-29,32.0,32.0,28.0,31.46,772
POLYSPIN,2026-09-30,30.0,31.39,29.3,31.22,918
POLYSPIN,2026-10-01,29.25,31.14,29.25,29.5,321
POLYSPIN,2026-10-05,28.0,32.36,28.0,28.87,766
POLYSPIN,2026-10-06,28.88,30.0,28.88,28.95,187
PONNIERODE,2026-09-29,391.05,392.0,382.0,384.15,14553
PONNIERODE,2026-09-30,382.3,394.2,370.05,372.2,21766
PONNIERODE,2026-10-01,379.0,380.0,358.9,372.35,39422
PONNIERODE,2026-10-05,375.15,386.7,366.3,368.4,53786
PONNIERODE,2026-10-06,377.5,391.25,370.1,374.55,102668
POONAWALLA,2026-09-29,446.0,450.05,437.4,443.0,1017550
POONAWALLA,2026-09-30,445.1,453.9,442.2,443.85,687449
POONAWALLA,2026-10-01,442.0,446.45,427.1,433.4,762919
POONAWALLA,2026-10-05,438.05,453.9,436.5,451.95,1365007
POONAWALLA,2026-10-06,451.95,461.85,447.95,460.45,732276
POWERGRID,2026-09-30,261.5,262.0,258.1,260.5,9769840
POWERGRID,2026-10-01,258.2,259.0,252.35,254.55,10976701
POWERGRID,2026-10-02,254.55,254.55,254.55,254.55,0
POWERGRID,2026-10-05,255.4,259.5,255.4,257.0,7327971
POWERGRID,2026-10-06,257.0,258.4,256.0,257.2,4807876
POWERICA,2026-09-29,564.9,605.0,557.05,599.75,755551
POWERICA,2026-09-30,607.0,620.85,598.0,600.6,308631
POWERICA,2026-10-01,600.05,609.45,574.05,589.15,241996
POWERICA,2026-10-05,589.05,600.35,584.0,587.15,100209
POWERICA,2026-10-06,588.0,605.0,585.0,601.7,128005
POWERINDIA,2026-09-29,30250.0,30930.0,29865.0,30735.0,387016
POWERINDIA,2026-09-30,30680.0,31050.0,30200.0,30630.0,88522
POWERINDIA,2026-10-01,30690.0,31615.0,30520.0,31290.0,145146
POWERINDIA,2026-10-05,31500.0,32015.0,31380.0,31500.0,72077
POWERINDIA,2026-10-06,31510.0,31970.0,31450.0,31640.0,73635
POWERMECH,2026-09-30,2488.8999,2535.0,2442.0,2490.5,293610
POWERMECH,2026-10-01,2475.6001,2490.0,2430.2,2476.2,52512
POWERMECH,2026-10-02,2476.2,2476.2,2476.2,2476.2,0
POWERMECH,2026-10-05,2476.1001,2492.3999,2410.1001,2431.5,37067
POWERMECH,2026-10-06,2431.8999,2457.6001,2398.6001,2426.0,22042
PPAP,2026-09-29,237.0,237.0,226.3,234.3,6025
PPAP,2026-09-30,232.0,242.0,231.95,234.45,5803
PPAP,2026-10-01,235.12,239.8,228.25,228.49,6650
PPAP,2026-10-05,225.11,232.45,225.0,228.56,4634
PPAP,2026-10-06,233.15,239.98,231.2,239.81,11232
PPL,2026-09-30,249.45,255.2,245.1,253.35,11802
PPL,2026-10-01,253.35,253.35,240.7,243.55,20982
PPL,2026-10-02,243.55,243.55,243.55,243.55,0
PPL,2026-10-05,243.95,269.9,243.65,253.1,117672
PPL,2026-10-06,256.8,256.8,247.1,252.65,32471
PPLPHARMA,2026-09-30,209.0,210.4,205.21,206.52,2240520
PPLPHARMA,2026-10-01,205.7,206.7,195.73,197.97,3574489
PPLPHARMA,2026-10-02,197.97,197.97,197.97,197.97,0
PPLPHARMA,2026-10-05,197.97,201.65,194.28,194.89,1898343
PPLPHARMA,2026-10-06,195.48,201.2,193.75,200.52,1718673
PRABHA,2026-09-29,223.0,227.68,215.6,224.41,87334
PRABHA,2026-09-30,226.0,229.8,220.15,222.03,44247
PRABHA,2026-10-01,218.98,229.8,215.05,218.31,153237
PRABHA,2026-10-05,216.43,222.0,213.82,214.9,72107
PRABHA,2026-10-06,221.0,226.01,215.67,221.33,82817
PRADPME,2026-09-29,489.5,489.5,470.05,473.75,2766
PRADPME,2026-09-30,473.0,483.7,460.0,460.35,13662
PRADPME,2026-10-01,460.45,465.0,441.3,449.25,13939
PRADPME,2026-10-05,465.0,479.0,450.05,470.65,8630
PRADPME,2026-10-06,475.0,556.95,475.0,544.25,104900
PRAENG,2026-09-30,22.88,22.88,21.0,21.18,46147
PRAENG,2026-10-01,21.2,21.47,19.8,20.09,78026
PRAENG,2026-10-02,20.09,20.09,20.09,20.09,0
PRAENG,2026-10-05,20.0,20.5,18.21,19.01,96275
PRAENG,2026-10-06,19.79,20.39,17.25,19.7,532330
PRAJIND,2026-09-29,310.65,313.75,306.4,307.75,341879
PRAJIND,2026-09-30,307.75,312.5,304.5,305.85,391097
PRAJIND,2026-10-01,304.9,305.15,297.05,303.25,401299
PRAJIND,2026-10-05,303.3,309.75,303.1,304.05,392337
PRAJIND,2026-10-06,305.75,316.0,305.75,315.05,751659
PRAKASH,2026-09-29,115.66,122.8,114.4,121.62,1059864
PRAKASH,2026-09-30,120.85,129.0,120.62,123.72,750601
PRAKASH,2026-10-01,123.5,123.55,116.78,118.69,543685
PRAKASH,2026-10-05,119.0,121.22,116.76,119.72,413992
PRAKASH,2026-10-06,120.0,120.9,118.35,119.7,200277
PRAKASHSTL,2026-09-29,3.64,3.64,3.46,3.59,76849
PRAKASHSTL,2026-09-30,3.64,3.64,3.55,3.59,86867
PRAKASHSTL,2026-10-01,3.62,3.62,3.51,3.56,120526
PRAKASHSTL,2026-10-05,3.51,3.62,3.51,3.51,45516
PRAKASHSTL,2026-10-06,3.52,3.59,3.5,3.53,48346
PRAMARA,2026-09-28,107.7,107.7,106.95,107.7,30500
PRAMARA,2026-09-29,111.3,113.05,110.95,113.05,54500
PRAMARA,2026-09-30,116.5,116.5,107.4,107.45,35000
PRAMARA,2026-10-01,103.5,103.5,102.1,102.1,5000
PRAMARA,2026-10-05,104.5,104.5,98.5,101.25,7000
PRANAV,2026-09-30,101.5,103.15,97.25,100.1,2087332
PRANAV,2026-10-01,99.3,100.24,96.21,97.21,1294606
PRANAV,2026-10-02,97.21,97.21,97.21,97.21,0
PRANAV,2026-10-05,100.0,100.5,91.8,93.21,2359841
PRANAV,2026-10-06,92.85,93.88,89.7,90.9,1334543
PRASOLCHEM,2026-09-30,868.25,914.9,812.3,839.1,2133289
PRASOLCHEM,2026-10-01,825.0,829.0,792.6,814.05,557879
PRASOLCHEM,2026-10-02,814.05,814.05,814.05,814.05,0
PRASOLCHEM,2026-10-05,822.7,827.25,782.15,789.05,288218
PRASOLCHEM,2026-10-06,791.95,846.9,788.65,821.45,387141
PRATHAM,2026-09-28,121.25,124.95,121.25,122.0,2400
PRATHAM,2026-09-29,120.05,120.25,120.0,120.0,6000
PRATHAM,2026-09-30,120.0,126.0,120.0,125.95,8400
PRATHAM,2026-10-01,127.0,135.0,125.05,127.5,10000
PRATHAM,2026-10-05,120.1,124.0,120.1,124.0,10800
PRAVEG,2026-09-30,244.35,248.0,240.5,241.8,18438
PRAVEG,2026-10-01,242.0,243.49,230.0,238.1,135198
PRAVEG,2026-10-02,238.1,238.1,238.1,238.1,0
PRAVEG,2026-10-05,239.1,243.8,230.25,232.42,178581
PRAVEG,2026-10-06,234.96,250.0,234.08,247.81,36471
PRAXIS,2026-09-29,5.0,5.0,4.73,4.83,95061
PRAXIS,2026-09-30,4.7,4.89,4.59,4.59,50073
PRAXIS,2026-10-01,4.72,4.72,4.37,4.39,105275
PRAXIS,2026-10-05,4.39,4.59,4.22,4.41,29052
PRAXIS,2026-10-06,4.57,4.57,4.33,4.45,33632
PRECAM,2026-09-29,115.9,118.69,114.01,117.16,77134
PRECAM,2026-09-30,117.65,120.19,116.3,116.78,78594
PRECAM,2026-10-01,116.25,117.85,108.35,109.9,438255
PRECAM,2026-10-05,109.9,112.65,107.7,108.91,135479
PRECAM,2026-10-06,110.2,113.9,109.5,113.27,111679
PRECISION,2026-09-29,6.8,6.8,6.8,6.8,0
PRECISION,2026-09-30,7.0,7.0,6.7,6.8,10000
PRECISION,2026-10-01,6.8,6.8,6.8,6.8,0
PRECISION,2026-10-02,6.8,6.8,6.8,6.8,0
PRECISION,2026-10-05,6.8,7.05,6.5,6.85,48000
PRECOT,2026-09-29,613.0,644.7,582.05,638.55,13331
PRECOT,2026-09-30,650.0,650.1,615.0,627.7,2044
PRECOT,2026-10-01,628.15,649.7,615.15,638.35,4756
PRECOT,2026-10-05,648.7,649.0,594.6,605.1,7150
PRECOT,2026-10-06,653.0,653.0,585.0,604.5,4943
PRECWIRE,2026-09-29,480.0,513.7,476.55,500.15,1563376
PRECWIRE,2026-09-30,497.5,509.0,490.25,492.45,310956
PRECWIRE,2026-10-01,491.85,508.2,484.1,501.4,696872
PRECWIRE,2026-10-05,506.0,524.0,504.85,507.4,934457
PRECWIRE,2026-10-06,509.5,519.0,506.25,515.15,371750
PREMCO,2026-09-29,396.8,403.8,396.8,398.3,279
PREMCO,2026-09-30,398.3,405.0,398.05,400.85,806
PREMCO,2026-10-01,401.0,401.0,393.0,399.95,185
PREMCO,2026-10-05,399.95,399.95,394.1,398.8,196
PREMCO,2026-10-06,399.0,406.8,391.2,405.9,425
PREMEXPLN,2026-09-29,675.0,679.4,673.55,675.3,178136
PREMEXPLN,2026-09-30,676.0,685.7,676.0,684.1,494973
PREMEXPLN,2026-10-01,685.95,685.95,676.1,682.05,165290
PREMEXPLN,2026-10-05,682.05,688.95,682.05,685.05,155880
PREMEXPLN,2026-10-06,685.95,687.35,683.4,685.1,270918
PREMIER,2026-09-29,2.75,2.75,2.66,2.66,1589
PREMIER,2026-09-30,2.75,2.77,2.73,2.73,2674
PREMIER,2026-10-01,2.84,2.84,2.6,2.6,22500
PREMIER,2026-10-05,2.73,2.73,2.47,2.52,38122
PREMIER,2026-10-06,2.54,2.64,2.48,2.63,5839
PREMIERENE,2026-09-30,868.3,883.0,865.2,870.1,1144007
PREMIERENE,2026-10-01,871.0,888.4,860.1,878.05,1259157
PREMIERENE,2026-10-02,878.05,878.05,878.05,878.05,0
PREMIERENE,2026-10-05,885.45,893.6,864.0,891.95,985692
PREMIERENE,2026-10-06,889.4,911.85,885.0,907.0,867760
PREMIERPOL,2026-09-30,97.89,97.89,92.0,92.76,208407
PREMIERPOL,2026-10-01,92.0,92.59,88.05,90.64,337345
PREMIERPOL,2026-10-02,90.64,90.64,90.64,90.64,0
PREMIERPOL,2026-10-05,91.02,106.05,89.81,101.54,5042542
PREMIERPOL,2026-10-06,102.01,103.52,94.83,97.23,802711
PRESSTONIC,2026-09-28,53.75,53.75,49.0,50.25,205600
PRESSTONIC,2026-09-29,47.75,48.0,47.75,47.8,50400
PRESSTONIC,2026-09-30,47.8,50.0,46.05,47.65,36000
PRESSTONIC,2026-10-01,47.05,47.55,45.3,46.3,28000
PRESSTONIC,2026-10-05,46.3,46.3,44.0,44.05,49600
PRESTIGE,2026-09-30,1425.0,1493.0,1420.5,1481.9,1284002
PRESTIGE,2026-10-01,1475.6,1500.9,1445.0,1486.1,1381292
PRESTIGE,2026-10-02,1486.1,1486.1,1486.1,1486.1,0
PRESTIGE,2026-10-05,1484.4,1499.6,1445.0,1445.0,745266
PRESTIGE,2026-10-06,1446.4,1467.7,1438.0,1467.7,610872
PRICOLLTD,2026-09-30,752.0,763.9,742.15,747.6,240483
PRICOLLTD,2026-10-01,745.0,746.6,692.7,734.5,940627
PRICOLLTD,2026-10-02,734.5,734.5,734.5,734.5,0
PRICOLLTD,2026-10-05,743.35,746.9,699.0,704.45,697878
PRICOLLTD,2026-10-06,707.4,714.5,667.0,677.65,1811835
PRIMESECU,2026-09-29,298.95,304.5,293.05,302.5,18619
PRIMESECU,2026-09-30,300.25,302.9,291.1,298.45,5435
PRIMESECU,2026-10-01,291.0,304.85,290.55,301.5,43023
PRIMESECU,2026-10-05,301.5,305.0,295.0,298.8,15156
PRIMESECU,2026-10-06,300.6,303.8,295.65,297.05,9984
PRIMO,2026-09-29,28.99,29.12,25.94,27.38,1302676
PRIMO,2026-09-30,27.9,28.0,26.4,26.64,448253
PRIMO,2026-10-01,26.96,26.96,24.67,25.41,449481
PRIMO,2026-10-05,26.85,26.9,25.55,26.08,414021
PRIMO,2026-10-06,26.6,27.3,26.17,26.97,433740
PRINCEPIPE,2026-09-29,258.0,259.9,251.8,255.85,75234
PRINCEPIPE,2026-09-30,257.75,261.7,255.0,255.75,55165
PRINCEPIPE,2026-10-01,255.25,255.25,243.2,246.9,178385
PRINCEPIPE,2026-10-05,246.9,251.0,243.2,247.45,125575
PRINCEPIPE,2026-10-06,248.4,259.9,248.4,258.2,117720
PRIORITY,2026-09-30,305.0,326.8,297.8,301.6,517501
PRIORITY,2026-10-01,297.0,298.9,280.25,290.45,271376
PRIORITY,2026-10-02,290.45,290.45,290.45,290.45,0
PRIORITY,2026-10-05,294.0,315.9,287.05,291.2,508895
PRIORITY,2026-10-06,291.5,314.0,291.3,311.85,703960
PRISMX,2026-09-29,0.54,0.55,0.52,0.53,142967
PRISMX,2026-09-30,0.54,0.55,0.52,0.52,270697
PRISMX,2026-10-01,0.53,0.53,0.51,0.52,136581
PRISMX,2026-10-05,0.52,0.52,0.49,0.5,477178
PRISMX,2026-10-06,0.49,0.51,0.49,0.49,336580
PRITI,2026-09-29,32.0,32.48,30.5,32.14,6072
PRITI,2026-09-30,32.98,32.98,32.0,32.71,5984
PRITI,2026-10-01,31.5,33.0,30.65,32.79,30728
PRITI,2026-10-05,30.91,32.95,30.91,32.04,2125
PRITI,2026-10-06,31.26,33.49,31.26,31.66,4142
PRITIKA,2026-09-29,62.5,65.95,57.65,62.7,12000
PRITIKA,2026-09-30,62.7,62.7,62.7,62.7,0
PRITIKA,2026-10-01,62.7,62.7,62.7,62.7,0
PRITIKA,2026-10-02,62.7,62.7,62.7,62.7,0
PRITIKA,2026-10-05,62.7,62.7,62.7,62.7,0
PRITIKAUTO,2026-09-29,19.85,19.85,17.56,18.4,1329969
PRITIKAUTO,2026-09-30,19.0,19.0,16.91,17.08,394236
PRITIKAUTO,2026-10-01,17.0,17.0,15.8,16.11,373086
PRITIKAUTO,2026-10-05,16.05,16.73,15.85,16.02,138076
PRITIKAUTO,2026-10-06,16.0,16.5,15.96,16.33,116130
PRIVISCL,2026-09-29,3607.2,3705.0,3568.7,3605.5,418867
PRIVISCL,2026-09-30,3605.0,3624.0,3557.3,3586.6001,102693
PRIVISCL,2026-10-01,3572.0,3585.8,3471.6001,3573.0,135556
PRIVISCL,2026-10-05,3570.0,3593.0,3424.1001,3442.2,186750
PRIVISCL,2026-10-06,3430.3,3568.0,3415.0,3504.8999,218699
PRIZOR,2026-09-28,1128.1,1139.0,1111.2,1128.1,10400
PRIZOR,2026-09-29,1150.65,1150.65,1132.0,1150.65,4000
PRIZOR,2026-09-30,1173.5,1173.5,1173.5,1173.5,5200
PRIZOR,2026-10-01,1194.0,1196.95,1194.0,1194.0,10400
PRIZOR,2026-10-05,1200.0,1253.7,1200.0,1253.7,18800
PRLIND,2026-09-28,45.2,45.95,45.2,45.95,11000
PRLIND,2026-09-29,45.0,45.2,45.0,45.2,3000
PRLIND,2026-09-30,45.25,45.25,45.25,45.25,1000
PRLIND,2026-10-01,45.25,45.25,44.0,44.0,9000
PRLIND,2026-10-05,44.2,46.45,44.0,44.55,34000
PROLIFE,2026-09-28,80.0,80.0,80.0,80.0,0
PROLIFE,2026-09-29,76.0,76.0,76.0,76.0,500
PROLIFE,2026-09-30,76.0,76.0,76.0,76.0,0
PROLIFE,2026-10-01,76.0,76.0,76.0,76.0,1500
PROLIFE,2026-10-05,76.0,76.0,76.0,76.0,0
PROPEQUITY,2026-09-28,192.85,192.85,192.85,192.85,0
PROPEQUITY,2026-09-29,192.85,192.85,192.85,192.85,0
PROPEQUITY,2026-09-30,192.85,192.85,192.85,192.85,600
PROPEQUITY,2026-10-01,186.1,186.1,184.0,184.0,4200
PROPEQUITY,2026-10-05,185.0,207.7,184.95,207.7,7200
PROSTARM,2026-09-30,134.71,138.5,134.05,134.66,156328
PROSTARM,2026-10-01,136.56,143.0,133.12,135.41,766410
PROSTARM,2026-10-02,135.41,135.41,135.41,135.41,0
PROSTARM,2026-10-05,136.8,140.2,131.15,132.0,374129
PROSTARM,2026-10-06,132.88,134.7,131.53,132.91,145980
PROTEAN,2026-09-29,690.0,699.4,661.35,666.65,859577
PROTEAN,2026-09-30,666.65,684.4,651.65,659.3,574562
PROTEAN,2026-10-01,657.6,677.95,630.85,639.75,610264
PROTEAN,2026-10-05,643.0,657.65,635.0,639.05,346309
PROTEAN,2026-10-06,642.1,699.0,631.6,689.25,1282547
PROV,2026-09-28,1920.5,1920.5,1920.5,1920.5,0
PROV,2026-09-29,1920.0,1959.0,1920.0,1949.5,560
PROV,2026-09-30,1949.5,1949.5,1949.5,1949.5,0
PROV,2026-10-01,1945.0,1950.0,1940.0,1940.0,240
PROV,2026-10-05,1940.0,1940.0,1940.0,1940.0,0
PROZONER,2026-09-29,56.05,56.81,55.41,56.2,817910
PROZONER,2026-09-30,56.1,57.7,55.85,56.52,1330700
PROZONER,2026-10-01,56.81,57.17,51.89,52.53,242456
PROZONER,2026-10-05,53.0,53.69,49.52,50.54,267154
PROZONER,2026-10-06,50.04,53.5,50.04,52.45,176214
PRSMJOHNSN,2026-09-29,115.09,115.15,108.2,109.27,1164484
PRSMJOHNSN,2026-09-30,109.89,111.29,108.25,108.74,221376
PRSMJOHNSN,2026-10-01,109.11,109.3,103.0,103.61,478189
PRSMJOHNSN,2026-10-05,104.47,104.59,101.7,102.06,215104
PRSMJOHNSN,2026-10-06,102.99,104.0,101.5,103.48,236606
PRUDENT,2026-09-29,3170.0,3170.0,3060.0,3098.7,98288
PRUDENT,2026-09-30,3105.7,3150.0,3084.2,3129.2,30361
PRUDENT,2026-10-01,3129.2,3130.0,3060.0,3119.1001,26057
PRUDENT,2026-10-05,3128.7,3153.5,3082.8999,3108.1001,12341
PRUDENT,2026-10-06,3108.1001,3228.2,3086.0,3204.3,13341
PRUDMOULI,2026-09-30,14.0,14.0,12.6,13.39,6380
PRUDMOULI,2026-10-01,13.5,13.85,13.22,13.49,725
PRUDMOULI,2026-10-02,13.49,13.49,13.49,13.49,0
PRUDMOULI,2026-10-05,13.63,14.0,13.45,13.87,15810
PRUDMOULI,2026-10-06,13.99,14.0,13.55,13.81,13911
PSB,2026-09-29,21.31,21.32,20.95,21.11,1263412
PSB,2026-09-30,21.1,21.47,21.09,21.33,1167887
PSB,2026-10-01,21.28,21.3,20.8,20.96,752976
PSB,2026-10-05,21.06,21.38,20.92,21.02,907370
PSB,2026-10-06,21.09,21.16,20.95,21.05,542761
PSPPROJECT,2026-09-29,778.0,793.5,772.1,782.65,68855
PSPPROJECT,2026-09-30,787.0,803.9,763.95,767.0,62418
PSPPROJECT,2026-10-01,767.0,770.4,731.05,747.1,75324
PSPPROJECT,2026-10-05,759.65,782.0,754.8,764.55,58824
PSPPROJECT,2026-10-06,764.5,770.8,754.65,761.75,27777
PTC,2026-09-30,156.0,156.39,154.7,155.56,1233686
PTC,2026-10-01,155.05,155.44,153.14,154.79,1221503
PTC,2026-10-02,154.79,154.79,154.79,154.79,0
PTC,2026-10-05,156.45,157.9,155.0,157.52,3047215
PTC,2026-10-06,157.9,158.7,156.1,157.14,3434557
PTCIL,2026-09-29,21685.0,22690.0,21555.0,22535.0,19622
PTCIL,2026-09-30,22535.0,23245.0,22035.0,22190.0,20719
PTCIL,2026-10-01,22195.0,22435.0,21720.0,22025.0,14332
PTCIL,2026-10-05,22025.0,22620.0,21665.0,22530.0,18625
PTCIL,2026-10-06,22530.0,23240.0,22330.0,23125.0,20786
PTL,2026-09-29,37.99,38.84,37.03,38.2,28735
PTL,2026-09-30,38.25,38.5,37.6,37.87,40263
PTL,2026-10-01,37.99,38.24,37.61,37.87,23708
PTL,2026-10-05,37.88,38.5,37.88,38.21,20109
PTL,2026-10-06,38.54,38.54,38.1,38.23,49444
PULZ,2026-09-29,21.0,21.65,21.0,21.65,8000
PULZ,2026-09-30,21.65,21.65,21.65,21.65,0
PULZ,2026-10-01,21.65,21.65,21.65,21.65,0
PULZ,2026-10-02,21.65,21.65,21.65,21.65,0
PULZ,2026-10-05,21.65,21.65,21.65,21.65,0
PUNJABCHEM,2026-09-29,1078.9,1078.9,1024.4,1035.8,3891
PUNJABCHEM,2026-09-30,1025.9,1059.8,1025.9,1054.5,2439
PUNJABCHEM,2026-10-01,1044.9,1053.9,1009.2,1040.9,6287
PUNJABCHEM,2026-10-05,1040.0,1080.0,1032.1,1036.9,1385
PUNJABCHEM,2026-10-06,1047.6,1047.9,1028.1,1039.0,2927
PURVA,2026-09-29,208.8,210.88,199.5,204.84,240427
PURVA,2026-09-30,205.0,211.2,204.54,206.34,81705
PURVA,2026-10-01,206.34,210.0,197.41,204.64,167683
PURVA,2026-10-05,205.0,209.8,201.41,206.93,126827
PURVA,2026-10-06,206.91,213.0,206.0,210.75,95890
PURVFLEXI,2026-09-29,43.6,43.6,40.0,41.15,6400
PURVFLEXI,2026-09-30,40.0,40.0,40.0,40.0,3200
PURVFLEXI,2026-10-01,40.0,40.0,40.0,40.0,0
PURVFLEXI,2026-10-02,40.0,40.0,40.0,40.0,0
PURVFLEXI,2026-10-05,42.0,42.0,42.0,42.0,1600
PVP,2026-09-29,57.3,57.94,55.91,55.91,2985074
PVP,2026-09-30,54.5,56.88,53.12,53.12,2852031
PVP,2026-10-01,51.4,51.7,50.47,50.47,953113
PVP,2026-10-05,47.95,47.95,47.95,47.95,150380
PVP,2026-10-06,45.56,50.34,45.56,50.34,2588416
PVRINOX,2026-09-30,1197.9,1262.6,1187.0,1242.7,711172
PVRINOX,2026-10-01,1236.6,1236.6,1189.0,1215.3,321029
PVRINOX,2026-10-02,1215.3,1215.3,1215.3,1215.3,0
PVRINOX,2026-10-05,1236.8,1249.9,1216.0,1231.4,279083
PVRINOX,2026-10-06,1241.5,1261.2,1226.1,1249.4,335983
PVSL,2026-09-29,97.2,102.5,95.23,97.01,24960
PVSL,2026-09-30,95.02,99.96,95.0,95.5,15961
PVSL,2026-10-01,98.5,100.0,88.61,89.86,89730
PVSL,2026-10-05,89.1,92.19,89.1,91.08,15818
PVSL,2026-10-06,93.96,94.91,91.0,94.57,15944
PWL,2026-09-30,126.05,126.7,122.0,123.48,5681880
PWL,2026-10-01,123.0,123.8,117.71,120.17,5922570
PWL,2026-10-02,120.17,120.17,120.17,120.17,0
PWL,2026-10-05,120.71,133.47,120.71,131.1,28246518
PWL,2026-10-06,131.0,135.4,126.61,131.86,21546307
PYRAMID,2026-09-29,159.5,162.24,155.05,156.54,38974
PYRAMID,2026-09-30,156.54,162.9,154.98,156.01,21871
PYRAMID,2026-10-01,160.92,160.92,151.13,154.34,49241
PYRAMID,2026-10-05,152.9,160.0,151.8,157.88,75463
PYRAMID,2026-10-06,159.88,161.0,155.11,159.71,68129
QFIL,2026-09-28,52.35,52.35,52.35,52.35,0
QFIL,2026-09-29,49.75,52.35,49.75,52.35,3000
QFIL,2026-09-30,52.35,52.35,52.35,52.35,0
QFIL,2026-10-01,49.75,49.75,49.75,49.75,1000
QFIL,2026-10-05,49.75,49.75,49.75,49.75,0
QMSMEDI,2026-09-29,216.79,216.79,205.0,216.79,191841
QMSMEDI,2026-09-30,215.4,215.4,205.96,205.96,169995
QMSMEDI,2026-10-01,203.9,203.9,195.67,195.67,70416
QMSMEDI,2026-10-05,194.7,194.7,185.89,185.89,18972
QMSMEDI,2026-10-06,176.6,195.18,176.6,192.71,266762
QPOWER,2026-09-29,1608.0,1638.0,1552.3,1614.3,378939
QPOWER,2026-09-30,1610.1,1675.0,1572.3,1584.8,267707
QPOWER,2026-10-01,1587.0,1609.9,1515.0,1564.6,317871
QPOWER,2026-10-05,1569.8,1640.0,1569.8,1620.2,336640
QPOWER,2026-10-06,1630.2,1681.0,1609.6,1648.8,332290
QUADFUTURE,2026-09-30,545.6,567.2,540.3,547.45,852162
QUADFUTURE,2026-10-01,546.0,549.3,520.2,531.4,403649
QUADFUTURE,2026-10-02,531.4,531.4,531.4,531.4,0
QUADFUTURE,2026-10-05,536.0,546.95,524.0,529.25,319071
QUADFUTURE,2026-10-06,530.8,551.05,528.0,547.4,515050
QUADPRO,2026-09-29,4.4,4.4,4.4,4.4,84000
QUADPRO,2026-09-30,4.2,4.2,4.2,4.2,36000
QUADPRO,2026-10-01,4.2,4.2,4.2,4.2,0
QUADPRO,2026-10-02,4.2,4.2,4.2,4.2,0
QUADPRO,2026-10-05,4.2,4.2,4.2,4.2,0
QUESS,2026-09-29,339.75,343.0,335.9,342.1,190530
QUESS,2026-09-30,342.1,346.0,332.05,334.95,513187
QUESS,2026-10-01,332.5,342.0,326.6,336.2,369564
QUESS,2026-10-05,337.6,345.95,335.1,341.85,262863
QUESS,2026-10-06,344.85,344.85,332.55,334.45,218677
QUESTLAB,2026-09-28,86.55,86.55,85.05,85.75,7200
QUESTLAB,2026-09-29,83.6,90.0,81.0,89.0,28800
QUESTLAB,2026-09-30,86.0,102.4,86.0,100.2,220800
QUESTLAB,2026-10-01,101.5,101.5,91.4,91.85,39600
QUESTLAB,2026-10-05,94.0,97.0,94.0,96.0,13200
QUICKHEAL,2026-09-30,146.0,149.79,143.35,144.49,78444
QUICKHEAL,2026-10-01,144.5,148.0,137.08,138.15,155260
QUICKHEAL,2026-10-02,138.15,138.15,138.15,138.15,0
QUICKHEAL,2026-10-05,140.0,141.18,137.21,137.91,67554
QUICKHEAL,2026-10-06,138.0,141.0,138.0,140.42,61739
QUICKTOUCH,2026-09-28,15.5,15.5,15.5,15.5,0
QUICKTOUCH,2026-09-29,15.5,15.5,14.75,14.75,2000
QUICKTOUCH,2026-09-30,14.8,14.8,14.75,14.75,1500
QUICKTOUCH,2026-10-01,15.45,15.45,15.25,15.25,1000
QUICKTOUCH,2026-10-05,14.55,14.55,14.5,14.5,12000
QUINT,2026-09-29,76.15,76.15,76.15,76.15,1264
QUINT,2026-09-30,72.35,72.35,72.35,72.35,1949
QUINT,2026-10-01,68.74,70.9,68.74,68.74,37062
QUINT,2026-10-05,66.0,66.0,65.31,65.31,3378
QUINT,2026-10-06,62.05,62.05,62.05,62.05,3360
QUINTEGRA,2026-09-29,1.22,1.22,1.22,1.22,1020
QUINTEGRA,2026-09-30,1.28,1.28,1.28,1.28,298
QUINTEGRA,2026-10-01,1.34,1.34,1.34,1.34,298
QUINTEGRA,2026-10-05,1.4,1.4,1.4,1.4,41644
QUINTEGRA,2026-10-06,1.47,1.47,1.47,1.47,11789
RACE,2026-09-29,121.7,123.13,117.9,119.85,49879
RACE,2026-09-30,124.0,124.0,118.0,118.02,26073
RACE,2026-10-01,120.0,120.5,110.34,113.18,97878
RACE,2026-10-05,117.0,117.0,108.12,108.95,26720
RACE,2026-10-06,113.6,113.6,108.55,108.75,17139
RACLGEAR,2026-09-29,1606.6,1626.0,1535.3,1588.6,42673
RACLGEAR,2026-09-30,1581.4,1616.8,1570.2,1594.8,32646
RACLGEAR,2026-10-01,1587.9,1594.8,1505.0,1538.2,34375
RACLGEAR,2026-10-05,1539.8,1575.0,1522.6,1550.4,17316
RACLGEAR,2026-10-06,1560.0,1608.2,1550.1,1593.4,20828
RADAAN,2026-09-29,3.02,3.09,2.9,2.96,22851
RADAAN,2026-09-30,2.96,3.07,2.91,3.0,28286
RADAAN,2026-10-01,3.07,3.07,2.92,2.98,15462
RADAAN,2026-10-05,2.98,3.01,2.86,2.99,27071
RADAAN,2026-10-06,2.99,3.15,2.86,2.98,22851
RADHIKAJWE,2026-09-29,68.35,69.23,67.55,68.69,113961
RADHIKAJWE,2026-09-30,69.29,70.9,68.11,70.23,173131
RADHIKAJWE,2026-10-01,70.84,70.84,68.1,68.98,148396
RADHIKAJWE,2026-10-05,69.0,69.0,67.21,67.82,102302
RADHIKAJWE,2026-10-06,67.1,68.79,65.55,67.39,109530
RADIANTCMS,2026-09-29,35.4,36.48,35.02,35.65,169177
RADIANTCMS,2026-09-30,35.2,36.01,35.2,35.41,62571
RADIANTCMS,2026-10-01,35.2,36.0,35.15,35.89,87383
RADIANTCMS,2026-10-05,35.75,35.98,34.7,34.92,108260
RADIANTCMS,2026-10-06,34.51,35.49,34.42,34.82,86519
RADICO,2026-09-30,4408.8999,4516.0,4365.1001,4366.0,387850
RADICO,2026-10-01,4366.5,4394.2002,4234.7998,4237.0,426809
RADICO,2026-10-02,4237.0,4237.0,4237.0,4237.0,0
RADICO,2026-10-05,4242.0,4307.0,4238.5,4289.1001,395032
RADICO,2026-10-06,4300.0,4509.0,4294.0,4460.1001,632015
RADIOCITY,2026-09-29,5.99,6.05,5.92,6.01,192865
RADIOCITY,2026-09-30,6.01,6.02,5.9,5.99,80434
RADIOCITY,2026-10-01,5.99,6.12,5.41,5.88,76812
RADIOCITY,2026-10-05,5.76,6.1,5.76,5.9,28659
RADIOCITY,2026-10-06,6.05,6.05,5.8,6.01,18611
RADIOWALLA,2026-09-29,29.15,29.15,29.15,29.15,14400
RADIOWALLA,2026-09-30,28.6,28.6,28.6,28.6,1600
RADIOWALLA,2026-10-01,28.6,28.6,28.6,28.6,0
RADIOWALLA,2026-10-02,28.6,28.6,28.6,28.6,0
RADIOWALLA,2026-10-05,28.05,28.05,28.05,28.05,1600
RAILTEL,2026-09-30,259.1,281.0,258.65,265.65,6564878
RAILTEL,2026-10-01,263.2,263.2,252.65,257.2,851720
RAILTEL,2026-10-02,257.2,257.2,257.2,257.2,0
RAILTEL,2026-10-05,258.0,260.4,251.15,252.3,495278
RAILTEL,2026-10-06,253.1,258.55,252.55,257.65,510680
RAIN,2026-09-30,213.5,219.99,212.3,213.94,2138947
RAIN,2026-10-01,214.0,216.83,204.76,208.52,4313649
RAIN,2026-10-02,208.52,208.52,208.52,208.52,0
RAIN,2026-10-05,209.03,213.57,206.32,208.02,1705460
RAIN,2026-10-06,207.8,216.0,207.1,212.63,3476059
RAINBOW,2026-09-29,1374.8,1385.7,1351.1,1367.8,229899
RAINBOW,2026-09-30,1360.8,1383.0,1305.1,1314.3,363556
RAINBOW,2026-10-01,1304.3,1306.4,1266.2,1279.8,219253
RAINBOW,2026-10-05,1285.8,1299.9,1263.6,1269.3,137076
RAINBOW,2026-10-06,1269.2,1273.9,1235.6,1239.7,122563
RAJESHEXPO,2026-09-29,65.8,66.0,62.0,63.38,173192
RAJESHEXPO,2026-09-30,63.01,65.88,60.25,64.7,332577
RAJESHEXPO,2026-10-01,64.5,65.34,61.47,64.03,571446
RAJESHEXPO,2026-10-05,64.0,64.03,61.25,62.35,155445
RAJESHEXPO,2026-10-06,61.52,63.47,61.51,61.8,160375
RAJMET,2026-09-29,3.1,3.12,3.04,3.06,201847
RAJMET,2026-09-30,3.11,3.16,3.06,3.12,208256
RAJMET,2026-10-01,3.12,3.12,3.04,3.08,179253
RAJMET,2026-10-05,3.06,3.1,3.06,3.06,178433
RAJMET,2026-10-06,3.06,3.19,3.02,3.08,196261
RAJOOENG,2026-09-30,53.32,54.5,52.61,53.43,208140
RAJOOENG,2026-10-01,52.62,54.5,52.25,53.21,194043
RAJOOENG,2026-10-02,53.21,53.21,53.21,53.21,0
RAJOOENG,2026-10-05,54.95,56.25,53.57,54.97,581746
RAJOOENG,2026-10-06,55.4,57.5,54.11,56.95,838313
RAJPALAYAM,2026-09-29,758.0,776.0,757.0,757.8,1623
RAJPALAYAM,2026-09-30,760.2,775.0,741.2,749.15,7143
RAJPALAYAM,2026-10-01,752.85,773.95,730.0,738.0,1650
RAJPALAYAM,2026-10-05,715.0,750.0,715.0,734.35,410
RAJPALAYAM,2026-10-06,755.0,773.0,735.0,743.95,295
RAJRATAN,2026-09-29,461.0,473.6,453.5,466.15,52250
RAJRATAN,2026-09-30,465.0,470.75,458.5,461.6,36265
RAJRATAN,2026-10-01,461.75,461.8,441.8,453.55,58422
RAJRATAN,2026-10-05,453.55,460.7,450.9,454.6,46941
RAJRATAN,2026-10-06,455.0,475.0,452.95,467.3,96175
RAJRILTD,2026-09-30,20.12,20.84,20.12,20.17,9852
RAJRILTD,2026-10-01,20.5,20.57,19.77,20.0,20055
RAJRILTD,2026-10-02,20.0,20.0,20.0,20.0,0
RAJRILTD,2026-10-05,20.35,20.4,19.6,19.62,26292
RAJRILTD,2026-10-06,19.98,20.01,19.71,20.01,6943
RAJSREESUG,2026-09-29,31.46,31.46,30.01,30.58,21238
RAJSREESUG,2026-09-30,30.66,31.78,28.5,28.87,201576
RAJSREESUG,2026-10-01,28.96,29.1,27.05,27.73,83235
RAJSREESUG,2026-10-05,27.73,29.3,27.51,28.39,62446
RAJSREESUG,2026-10-06,29.25,29.9,28.85,29.58,67148
RAJTV,2026-09-29,11.49,11.6,10.59,10.59,130949
RAJTV,2026-09-30,10.58,11.09,10.08,10.88,58444
RAJTV,2026-10-01,11.21,11.21,10.34,10.8,42590
RAJTV,2026-10-05,10.34,11.14,10.34,10.64,7371
RAJTV,2026-10-06,10.9,10.9,10.26,10.72,16428
RALLIS,2026-09-30,199.7,200.86,198.05,199.73,503038
RALLIS,2026-10-01,199.45,200.3,197.41,199.69,606641
RALLIS,2026-10-02,199.69,199.69,199.69,199.69,0
RALLIS,2026-10-05,200.0,200.88,197.0,197.16,299393
RALLIS,2026-10-06,198.0,200.93,197.0,200.3,352403
RAMANEWS,2026-09-29,30.19,31.58,30.17,30.31,10643
RAMANEWS,2026-09-30,30.65,31.48,30.01,30.27,6718
RAMANEWS,2026-10-01,30.27,30.5,29.12,29.38,15982
RAMANEWS,2026-10-05,29.07,30.29,29.07,29.36,7460
RAMANEWS,2026-10-06,29.7,29.75,28.4,28.88,20075
RAMAPHO,2026-09-29,122.4,122.4,119.31,120.33,9762
RAMAPHO,2026-09-30,120.72,122.41,119.5,120.09,14729
RAMAPHO,2026-10-01,121.29,128.0,118.02,120.05,41090
RAMAPHO,2026-10-05,123.43,123.43,118.75,119.07,9567
RAMAPHO,2026-10-06,118.57,123.34,117.52,117.99,73107
RAMASTEEL,2026-09-29,4.48,4.48,4.32,4.48,2009991
RAMASTEEL,2026-09-30,4.56,4.56,4.47,4.56,3775009
RAMASTEEL,2026-10-01,4.47,4.51,4.47,4.47,501360
RAMASTEEL,2026-10-05,4.39,4.39,4.39,4.39,224049
RAMASTEEL,2026-10-06,4.39,4.39,4.31,4.31,713156
RAMBHAJO,2026-09-30,296.0,300.0,282.5,285.98,654381
RAMBHAJO,2026-10-01,284.0,298.45,281.3,288.75,785400
RAMBHAJO,2026-10-02,288.75,288.75,288.75,288.75,0
RAMBHAJO,2026-10-05,297.2,317.5,294.0,305.1,1851970
RAMBHAJO,2026-10-06,309.95,332.0,307.85,330.35,880035
RAMCOCEM,2026-09-29,849.7,850.0,822.05,844.25,339013
RAMCOCEM,2026-09-30,849.9,869.0,842.05,845.55,205668
RAMCOCEM,2026-10-01,845.05,845.55,816.15,830.85,82325
RAMCOCEM,2026-10-05,832.0,845.65,823.45,837.1,93347
RAMCOCEM,2026-10-06,842.9,849.7,834.8,848.25,167222
RAMCOIND,2026-09-29,310.9,313.7,305.0,310.1,85458
RAMCOIND,2026-09-30,310.05,323.7,305.15,307.6,172756
RAMCOIND,2026-10-01,307.4,307.45,292.85,302.3,143152
RAMCOIND,2026-10-05,302.5,308.9,296.6,298.5,64263
RAMCOIND,2026-10-06,300.0,302.2,293.0,297.75,114306
RAMCOSYS,2026-09-29,563.5,563.95,550.0,553.7,40081
RAMCOSYS,2026-09-30,556.0,572.3,552.2,554.6,42408
RAMCOSYS,2026-10-01,554.5,558.0,526.9,546.25,79897
RAMCOSYS,2026-10-05,546.0,562.8,546.0,555.3,39282
RAMCOSYS,2026-10-06,555.5,565.75,553.0,563.5,33209
RAMKY,2026-09-29,309.05,309.05,290.15,294.05,113032
RAMKY,2026-09-30,291.05,301.0,274.5,279.1,161267
RAMKY,2026-10-01,278.5,280.8,264.5,274.6,171591
RAMKY,2026-10-05,278.7,284.8,274.8,280.95,30641
RAMKY,2026-10-06,282.0,288.45,281.6,286.65,28933
RAMRAT,2026-09-30,589.7,597.0,578.65,582.4,193834
RAMRAT,2026-10-01,582.4,620.0,574.8,616.55,1005993
RAMRAT,2026-10-02,616.55,616.55,616.55,616.55,0
RAMRAT,2026-10-05,626.0,662.85,626.0,635.2,1507421
RAMRAT,2026-10-06,640.95,648.7,634.45,641.2,264002
RANASUG,2026-09-29,13.62,14.0,13.6,13.67,98422
RANASUG,2026-09-30,13.67,13.87,13.19,13.24,334802
RANASUG,2026-10-01,13.1,13.4,13.05,13.08,200795
RANASUG,2026-10-05,13.1,13.69,13.1,13.62,325768
RANASUG,2026-10-06,13.9,14.1,13.75,13.81,435183
RANEHOLDIN,2026-09-29,1565.6,1575.1,1531.0,1541.3,11509
RANEHOLDIN,2026-09-30,1544.0,1555.0,1526.7,1529.8,9347
RANEHOLDIN,2026-10-01,1530.1,1532.5,1481.3,1518.7,7421
RANEHOLDIN,2026-10-05,1512.3,1554.9,1512.3,1550.8,6828
RANEHOLDIN,2026-10-06,1550.8,1568.9,1533.1,1547.4,3207
RATEGAIN,2026-09-29,827.0,833.0,817.0,830.0,203669
RATEGAIN,2026-09-30,835.0,870.0,823.4,851.55,381974
RATEGAIN,2026-10-01,854.0,881.0,828.05,840.65,373023
RATEGAIN,2026-10-05,840.65,858.5,835.2,849.45,304666
RATEGAIN,2026-10-06,850.0,858.0,842.05,854.45,136700
RATNAMANI,2026-09-29,2722.5,2918.3999,2722.5,2833.3,72241
RATNAMANI,2026-09-30,2822.5,2833.0,2715.1001,2725.5,42223
RATNAMANI,2026-10-01,2725.5,2725.5,2584.3999,2619.3999,45999
RATNAMANI,2026-10-05,2619.3999,2619.5,2550.0,2564.8999,36107
RATNAMANI,2026-10-06,2570.0,2634.3,2569.6001,2601.2,19889
RATNAVEER,2026-09-29,332.3,335.5,323.8,331.15,4872949
RATNAVEER,2026-09-30,332.65,344.4,328.2,330.75,6063423
RATNAVEER,2026-10-01,332.4,354.5,330.05,345.45,11559546
RATNAVEER,2026-10-05,347.6,357.7,337.2,339.35,3923098
RATNAVEER,2026-10-06,341.25,343.95,333.9,335.25,1399874
RAYMOND,2026-09-30,1185.75,1241.0,1185.4,1213.05,1545036
RAYMOND,2026-10-01,1205.0,1209.9,1167.0,1197.2,1191490
RAYMOND,2026-10-02,1197.2,1197.2,1197.2,1197.2,0
RAYMOND,2026-10-05,1198.0,1316.9,1198.0,1300.7,2241963
RAYMOND,2026-10-06,1312.8,1339.0,1271.7,1294.3,1955159
RAYMONDLSL,2026-09-30,664.45,669.25,638.2,642.05,195234
RAYMONDLSL,2026-10-01,639.7,640.8,615.0,627.7,198109
RAYMONDLSL,2026-10-02,627.7,627.7,627.7,627.7,0
RAYMONDLSL,2026-10-05,631.0,640.0,621.85,628.85,185665
RAYMONDLSL,2026-10-06,636.0,658.8,630.05,649.85,281443
RAYMONDREL,2026-09-30,676.0,684.9,666.6,669.95,620734
RAYMONDREL,2026-10-01,664.0,667.95,633.6,648.45,853435
RAYMONDREL,2026-10-02,648.45,648.45,648.45,648.45,0
RAYMONDREL,2026-10-05,655.35,696.7,655.35,691.85,2022158
RAYMONDREL,2026-10-06,698.0,737.9,681.05,707.8,2765807
RBA,2026-09-30,92.25,92.45,90.0,91.58,1853911
RBA,2026-10-01,91.49,93.75,89.5,92.22,3782272
RBA,2026-10-02,92.22,92.22,92.22,92.22,0
RBA,2026-10-05,92.0,95.98,91.45,93.99,4841004
RBA,2026-10-06,93.91,95.68,92.52,95.1,1607027
RBLBANK,2026-09-30,405.0,412.35,403.35,403.35,3855694
RBLBANK,2026-10-01,405.05,417.8,405.05,411.4,5387538
RBLBANK,2026-10-02,411.4,411.4,411.4,411.4,0
RBLBANK,2026-10-05,418.05,419.9,410.2,416.55,4238401
RBLBANK,2026-10-06,416.95,418.0,412.3,414.5,2559471
RBMINFRA,2026-09-28,262.85,282.0,252.0,258.6,36600
RBMINFRA,2026-09-29,256.05,264.0,230.0,241.4,26600
RBMINFRA,2026-09-30,236.5,246.8,235.0,240.9,28600
RBMINFRA,2026-10-01,247.8,247.8,235.0,242.0,14200
RBMINFRA,2026-10-05,245.0,252.0,241.2,243.05,5000
RBS,2026-09-28,82.0,82.0,77.0,82.0,6400
RBS,2026-09-29,82.0,84.9,82.0,84.9,4000
RBS,2026-09-30,83.0,83.9,80.0,82.5,21600
RBS,2026-10-01,81.0,81.0,81.0,81.0,800
RBS,2026-10-05,80.0,80.0,80.0,80.0,800
RBZJEWEL,2026-09-29,199.4,199.4,184.3,197.78,339612
RBZJEWEL,2026-09-30,197.0,207.66,197.0,207.23,238976
RBZJEWEL,2026-10-01,202.8,202.8,196.87,196.87,123782
RBZJEWEL,2026-10-05,187.03,200.3,187.03,187.03,96544
RBZJEWEL,2026-10-06,185.7,196.37,180.1,196.15,109729
RCDL,2026-09-28,17.9,17.9,17.9,17.9,33000
RCDL,2026-09-29,18.4,18.75,18.0,18.75,417000
RCDL,2026-09-30,18.55,18.55,17.85,17.85,69000
RCDL,2026-10-01,17.0,17.0,17.0,17.0,9000
RCDL,2026-10-05,17.0,17.0,17.0,17.0,0
RCF,2026-09-30,108.2,111.9,108.2,109.97,2028734
RCF,2026-10-01,109.5,109.5,106.25,106.8,978326
RCF,2026-10-02,106.8,106.8,106.8,106.8,0
RCF,2026-10-05,106.99,108.47,106.3,106.69,704178
RCF,2026-10-06,107.4,109.39,107.0,108.94,910756
RCOM,2026-09-29,0.87,0.9,0.85,0.86,3809581
RCOM,2026-09-30,0.85,0.86,0.83,0.84,3639203
RCOM,2026-10-01,0.84,0.88,0.83,0.86,2611580
RCOM,2026-10-05,0.86,0.87,0.85,0.85,2586280
RCOM,2026-10-06,0.86,0.87,0.85,0.86,3330089
RECLTD,2026-09-30,294.0,301.75,293.0,299.0,6842344
RECLTD,2026-10-01,298.05,298.2,286.2,287.75,9069239
RECLTD,2026-10-02,287.75,287.75,287.75,287.75,0
RECLTD,2026-10-05,288.0,296.8,287.3,295.65,8639552
RECLTD,2026-10-06,295.55,300.95,294.85,300.0,5488206
REDINGTON,2026-09-30,405.45,413.5,404.4,407.0,4204334
REDINGTON,2026-10-01,407.0,409.45,392.5,397.95,2795102
REDINGTON,2026-10-02,397.95,397.95,397.95,397.95,0
REDINGTON,2026-10-05,400.45,416.9,400.45,412.75,10144724
REDINGTON,2026-10-06,414.0,417.4,404.0,405.7,2037616
REDTAPE,2026-09-30,118.0,119.2,116.5,117.6,211189
REDTAPE,2026-10-01,117.6,117.6,114.1,115.29,257321
REDTAPE,2026-10-02,115.29,115.29,115.29,115.29,0
REDTAPE,2026-10-05,115.2,115.9,113.34,113.85,239207
REDTAPE,2026-10-06,114.05,115.49,114.05,114.8,148953
REFEX,2026-09-30,272.05,279.75,264.0,265.25,312704
REFEX,2026-10-01,262.55,273.0,262.55,271.3,342794
REFEX,2026-10-02,271.3,271.3,271.3,271.3,0
REFEX,2026-10-05,272.2,275.95,267.05,271.3,451891
REFEX,2026-10-06,270.85,271.85,263.1,265.15,301439
REFRACTORY,2026-09-28,39.75,39.75,37.0,38.9,24000
REFRACTORY,2026-09-29,38.5,40.8,37.0,40.8,39000
REFRACTORY,2026-09-30,40.25,42.45,38.85,40.65,7000
REFRACTORY,2026-10-01,40.05,40.05,38.65,38.65,12000
REFRACTORY,2026-10-05,38.65,38.65,38.65,38.65,0
REGAAL,2026-09-29,89.79,90.99,87.5,88.64,233388
REGAAL,2026-09-30,89.47,91.19,87.6,88.08,119212
REGAAL,2026-10-01,87.12,88.19,83.98,85.99,276524
REGAAL,2026-10-05,85.75,87.44,85.05,85.78,116458
REGAAL,2026-10-06,86.0,88.0,85.0,85.94,183324
REGENCERAM,2026-09-29,36.92,39.16,31.2,32.51,246224
REGENCERAM,2026-09-30,33.4,34.1,31.11,32.38,32772
REGENCERAM,2026-10-01,32.11,33.9,31.2,31.98,6327
REGENCERAM,2026-10-05,32.0,33.0,31.2,32.53,9583
REGENCERAM,2026-10-06,32.2,33.8,30.15,33.28,23966
RELAXO,2026-09-29,291.1,296.3,286.55,291.5,115867
RELAXO,2026-09-30,291.55,297.45,290.8,291.2,115881
RELAXO,2026-10-01,293.15,293.15,280.5,285.35,135396
RELAXO,2026-10-05,285.2,288.45,280.8,281.95,79688
RELAXO,2026-10-06,282.2,291.45,282.2,290.5,92182
RELCHEMQ,2026-09-29,114.55,118.99,112.0,113.09,3263
RELCHEMQ,2026-09-30,115.0,116.85,113.18,116.23,1280
RELCHEMQ,2026-10-01,117.5,117.5,113.0,114.36,1621
RELCHEMQ,2026-10-05,113.27,116.5,111.57,113.27,1711
RELCHEMQ,2026-10-06,113.27,116.0,113.27,113.4,2301
RELIABLE,2026-09-29,146.69,147.0,142.0,145.17,59849
RELIABLE,2026-09-30,148.07,148.07,141.77,144.28,60326
RELIABLE,2026-10-01,146.0,146.0,139.23,140.73,13042
RELIABLE,2026-10-05,141.96,144.89,140.75,142.39,13416
RELIABLE,2026-10-06,144.0,144.0,137.25,139.3,8421
RELIANCE,2026-09-30,1182.0,1196.5,1181.7,1187.0,16376789
RELIANCE,2026-10-01,1180.1,1183.9,1160.8,1167.7,16771221
RELIANCE,2026-10-02,1167.7,1167.7,1167.7,1167.7,0
RELIANCE,2026-10-05,1171.2,1193.0,1171.2,1186.4,14254907
RELIANCE,2026-10-06,1188.1,1219.1,1188.1,1218.0,17995025
RELIGARE,2026-09-29,234.0,236.24,228.94,232.05,1613223
RELIGARE,2026-09-30,232.6,235.0,228.0,228.91,1077320
RELIGARE,2026-10-01,229.05,230.39,223.1,224.59,840922
RELIGARE,2026-10-05,224.85,227.29,222.36,223.44,435896
RELIGARE,2026-10-06,224.9,228.97,223.51,227.75,659520
RELINFRA,2026-09-29,43.43,43.43,43.42,43.42,40398
RELINFRA,2026-09-30,42.56,44.28,42.56,44.27,736701
RELINFRA,2026-10-01,46.48,46.48,46.48,46.48,674431
RELINFRA,2026-10-05,48.8,48.8,48.8,48.8,114132
RELINFRA,2026-10-06,51.24,51.24,51.24,51.24,79103
RELTD,2026-09-29,147.51,151.0,145.02,149.12,114620
RELTD,2026-09-30,149.12,151.5,146.51,149.67,173979
RELTD,2026-10-01,149.01,149.99,141.0,146.98,127548
RELTD,2026-10-05,147.01,148.39,138.5,144.18,285987
RELTD,2026-10-06,143.51,148.5,143.23,147.25,66962
REMSONSIND,2026-09-29,119.95,119.95,110.1,111.56,807024
REMSONSIND,2026-09-30,113.43,124.8,112.97,113.93,869570
REMSONSIND,2026-10-01,116.99,119.58,110.1,112.55,356718
REMSONSIND,2026-10-05,114.8,116.55,108.37,109.71,254135
REMSONSIND,2026-10-06,110.0,110.9,102.72,108.67,519994
REMUS,2026-09-28,946.0,946.0,899.55,919.5,4200
REMUS,2026-09-29,900.0,939.0,882.0,925.05,4200
REMUS,2026-09-30,940.3,945.0,900.0,903.2,5400
REMUS,2026-10-01,913.85,914.0,858.0,861.85,6100
REMUS,2026-10-05,895.0,895.0,861.35,867.75,1500
RENTOMOJO,2026-09-30,505.1,532.4,505.1,510.35,2511330
RENTOMOJO,2026-10-01,505.0,531.25,500.0,524.6,2741569
RENTOMOJO,2026-10-02,524.6,524.6,524.6,524.6,0
RENTOMOJO,2026-10-05,529.7,538.6,508.1,510.95,1564388
RENTOMOJO,2026-10-06,521.4,564.0,517.1,545.2,9174124
RENUKA,2026-09-29,22.73,22.88,22.36,22.54,7648950
RENUKA,2026-09-30,22.6,23.02,21.73,21.89,8847058
RENUKA,2026-10-01,21.87,22.05,20.95,21.34,18593657
RENUKA,2026-10-05,21.61,22.36,21.61,21.76,9972873
RENUKA,2026-10-06,22.38,22.84,22.18,22.65,18626477
REPCOHOME,2026-09-29,344.0,345.0,339.05,343.65,53494
REPCOHOME,2026-09-30,345.0,346.25,340.0,341.7,51214
REPCOHOME,2026-10-01,341.05,342.0,332.4,337.75,69261
REPCOHOME,2026-10-05,337.05,342.45,327.05,329.25,77171
REPCOHOME,2026-10-06,331.0,337.45,325.65,326.45,65014
REPL,2026-09-29,61.0,61.19,60.0,61.14,715
REPL,2026-09-30,64.13,64.13,59.0,59.35,5329
REPL,2026-10-01,59.0,59.85,57.99,57.99,1515
REPL,2026-10-05,58.06,59.99,55.0,56.24,3152
REPL,2026-10-06,58.95,58.95,55.0,56.83,1257
REPRO,2026-09-29,333.0,333.0,310.1,317.05,46679
REPRO,2026-09-30,320.0,327.95,311.0,318.6,25861
REPRO,2026-10-01,315.0,322.7,296.2,303.9,24042
REPRO,2026-10-05,302.05,309.9,291.1,294.25,14475
REPRO,2026-10-06,290.45,310.95,290.45,296.35,18005
RESPONIND,2026-09-29,162.4,172.69,160.22,168.09,1341506
RESPONIND,2026-09-30,168.02,176.59,163.35,165.38,390374
RESPONIND,2026-10-01,164.5,166.39,157.55,162.59,272136
RESPONIND,2026-10-05,160.04,163.21,157.45,158.17,150939
RESPONIND,2026-10-06,158.2,163.0,154.65,156.31,1662148
RETAIL,2026-09-29,28.88,28.88,28.8,28.88,117010
RETAIL,2026-09-30,31.76,31.76,31.76,31.76,45112
RETAIL,2026-10-01,34.93,34.93,34.93,34.93,35473
RETAIL,2026-10-05,36.39,36.39,33.19,33.19,27744
RETAIL,2026-10-06,31.54,31.54,31.54,31.54,2922
RGL,2026-09-30,165.9,167.6,163.28,165.02,340639
RGL,2026-10-01,165.02,166.87,160.0,162.5,658380
RGL,2026-10-02,162.5,162.5,162.5,162.5,0
RGL,2026-10-05,161.7,165.21,160.0,161.52,294768
RGL,2026-10-06,161.1,167.49,158.01,163.62,465486
RHETAN,2026-09-30,17.52,17.52,17.51,17.51,9861676
RHETAN,2026-10-01,16.64,16.64,16.64,16.64,234814
RHETAN,2026-10-02,16.64,16.64,16.64,16.64,0
RHETAN,2026-10-05,15.81,15.81,15.81,15.81,135708
RHETAN,2026-10-06,15.02,16.6,15.02,16.59,31125880
RHFL,2026-09-29,1.6,1.64,1.53,1.59,674508
RHFL,2026-09-30,1.59,1.6,1.56,1.58,367909
RHFL,2026-10-01,1.6,1.63,1.56,1.59,417024
RHFL,2026-10-05,1.62,1.63,1.54,1.56,597958
RHFL,2026-10-06,1.55,1.58,1.53,1.56,316617
RHIM,2026-09-29,386.6,399.6,379.35,393.2,714917
RHIM,2026-09-30,393.9,398.9,383.75,384.85,469409
RHIM,2026-10-01,386.0,390.4,377.7,384.85,421822
RHIM,2026-10-05,384.85,387.45,371.65,372.75,289249
RHIM,2026-10-06,373.6,376.8,370.4,373.4,180952
RHL,2026-09-29,164.9,165.0,162.99,164.99,1539
RHL,2026-09-30,165.5,169.9,164.99,165.18,501
RHL,2026-10-01,165.0,165.99,160.3,162.92,2514
RHL,2026-10-05,165.0,169.0,161.0,164.8,1002
RHL,2026-10-06,169.5,169.5,161.51,165.25,1708
RICOAUTO,2026-09-29,127.0,127.01,123.51,126.22,583280
RICOAUTO,2026-09-30,126.5,129.18,125.65,126.92,579784
RICOAUTO,2026-10-01,126.5,126.5,119.34,121.63,864413
RICOAUTO,2026-10-05,121.63,124.0,119.41,120.52,847055
RICOAUTO,2026-10-06,120.35,122.5,120.0,121.83,677574
RIIL,2026-09-29,684.05,684.05,670.0,677.05,38584
RIIL,2026-09-30,676.0,687.45,673.0,677.35,39546
RIIL,2026-10-01,677.05,677.05,657.55,666.85,37803
RIIL,2026-10-05,671.5,681.75,657.0,664.1,36561
RIIL,2026-10-06,664.1,684.0,661.5,681.7,55333
RILINFRA,2026-09-28,32.8,36.9,32.5,34.1,11500
RILINFRA,2026-09-29,33.8,33.8,32.85,33.1,6300
RILINFRA,2026-09-30,33.45,33.65,31.7,32.45,8600
RILINFRA,2026-10-01,33.0,33.25,31.15,31.8,16100
RILINFRA,2026-10-05,32.6,33.65,32.3,33.15,12200
RIR,2026-09-30,190.0,197.9,183.11,184.1,2667403
RIR,2026-10-01,184.9,186.0,172.89,176.97,747746
RIR,2026-10-02,176.97,176.97,176.97,176.97,0
RIR,2026-10-05,178.87,179.56,172.93,174.61,406622
RIR,2026-10-06,176.19,184.9,175.77,183.49,632519
RISHABH,2026-09-30,723.9,729.7,695.0,703.0,122457
RISHABH,2026-10-01,700.0,719.0,668.55,698.8,192446
RISHABH,2026-10-02,698.8,698.8,698.8,698.8,0
RISHABH,2026-10-05,709.3,714.0,680.0,686.2,99703
RISHABH,2026-10-06,686.2,709.25,685.6,688.4,177929
RITCO,2026-09-29,278.15,287.5,271.75,280.85,73429
RITCO,2026-09-30,282.95,284.95,274.05,280.25,51847
RITCO,2026-10-01,277.0,280.15,267.1,276.7,77829
RITCO,2026-10-05,281.85,288.6,277.25,284.35,107523
RITCO,2026-10-06,286.95,291.1,284.25,285.55,107885
RITES,2026-09-30,192.6,218.9,192.6,209.05,50416237
RITES,2026-10-01,211.03,216.99,203.33,209.48,21390228
RITES,2026-10-02,209.48,209.48,209.48,209.48,0
RITES,2026-10-05,211.56,212.0,203.59,205.74,1278686
RITES,2026-10-06,204.52,206.86,202.41,203.51,613826
RITEZONE,2026-09-28,17.6,17.6,17.6,17.6,0
RITEZONE,2026-09-29,17.1,17.1,16.75,16.75,14400
RITEZONE,2026-09-30,17.55,17.55,17.55,17.55,6400
RITEZONE,2026-10-01,18.25,18.25,17.0,17.0,3200
RITEZONE,2026-10-05,17.0,17.0,17.0,17.0,0
RKDL,2026-09-29,18.03,18.5,17.8,18.36,7635
RKDL,2026-09-30,18.47,18.47,17.6,18.17,2815
RKDL,2026-10-01,17.9,18.47,17.0,17.24,35422
RKDL,2026-10-05,17.15,17.98,16.85,17.05,18146
RKDL,2026-10-06,17.79,17.79,17.15,17.27,9671
RKEC,2026-09-29,22.5,25.9,21.39,23.61,139704
RKEC,2026-09-30,23.97,26.94,21.62,23.09,229395
RKEC,2026-10-01,23.09,23.09,21.94,21.94,28175
RKEC,2026-10-05,21.93,21.94,20.85,20.85,31418
RKEC,2026-10-06,20.85,21.69,19.81,21.42,34187
RKFORGE,2026-09-29,703.0,723.45,700.0,714.65,843189
RKFORGE,2026-09-30,719.9,724.0,699.1,702.3,529472
RKFORGE,2026-10-01,699.75,709.3,677.1,695.45,862927
RKFORGE,2026-10-05,695.45,704.05,692.0,700.45,291847
RKFORGE,2026-10-06,700.1,736.45,696.1,732.65,992017
RKSWAMY,2026-09-29,89.93,93.41,87.01,89.48,25503
RKSWAMY,2026-09-30,92.87,92.87,87.51,90.09,20350
RKSWAMY,2026-10-01,90.09,90.09,86.02,86.46,28240
RKSWAMY,2026-10-05,89.5,89.5,85.23,86.07,15497
RKSWAMY,2026-10-06,89.48,89.48,86.45,87.87,7595
RMC,2026-09-29,209.59,214.15,206.02,210.37,16004
RMC,2026-09-30,213.77,223.19,207.96,209.58,40748
RMC,2026-10-01,212.8,212.8,198.0,202.57,50103
RMC,2026-10-05,203.9,209.98,190.0,194.15,83250
RMC,2026-10-06,194.91,202.85,193.0,196.05,146046
RMDRIP,2026-09-29,23.5,23.69,23.5,23.52,239321
RMDRIP,2026-09-30,23.5,23.79,23.5,23.51,283668
RMDRIP,2026-10-01,23.51,24.51,22.78,23.49,653279
RMDRIP,2026-10-05,23.69,23.69,22.57,23.36,295204
RMDRIP,2026-10-06,23.36,23.85,22.61,23.55,238838
RML,2026-09-29,1334.8,1407.1,1298.5,1380.9,66084
RML,2026-09-30,1397.4,1405.0,1348.5,1351.9,51913
RML,2026-10-01,1374.0,1396.1,1304.2,1343.2,58263
RML,2026-10-05,1356.0,1384.9,1348.9,1372.2,36714
RML,2026-10-06,1382.5,1437.3,1372.0,1394.4,99853
RNBDENIMS,2026-09-29,9.14,9.19,8.95,9.04,57626
RNBDENIMS,2026-09-30,9.04,9.2,9.0,9.11,82555
RNBDENIMS,2026-10-01,9.18,9.18,8.97,9.03,102533
RNBDENIMS,2026-10-05,9.03,9.29,8.72,8.97,144309
RNBDENIMS,2026-10-06,8.99,9.13,8.81,8.98,59430
ROCKINGDCE,2026-09-28,214.1,214.1,210.0,212.65,3000
ROCKINGDCE,2026-09-29,221.45,221.45,215.9,215.9,2000
ROCKINGDCE,2026-09-30,216.0,225.0,216.0,221.95,750
ROCKINGDCE,2026-10-01,211.95,219.95,211.95,219.2,750
ROCKINGDCE,2026-10-05,219.2,219.2,219.2,219.2,0
ROHLTD,2026-09-29,298.1,310.2,296.1,306.35,14020
ROHLTD,2026-09-30,306.35,306.35,297.0,299.85,7843
ROHLTD,2026-10-01,305.6,305.6,297.5,298.65,7190
ROHLTD,2026-10-05,305.0,305.0,294.0,295.1,19878
ROHLTD,2026-10-06,296.0,303.25,296.0,300.75,8836
ROLEXRINGS,2026-09-29,194.0,196.81,189.15,190.58,2165701
ROLEXRINGS,2026-09-30,192.11,193.99,188.25,190.09,1052365
ROLEXRINGS,2026-10-01,191.0,197.25,186.9,196.36,5245978
ROLEXRINGS,2026-10-05,199.0,199.0,189.1,189.77,2142313
ROLEXRINGS,2026-10-06,190.9,191.56,185.6,188.18,2424654
ROLLT,2026-09-29,5.24,5.24,5.24,5.24,172065
ROLLT,2026-09-30,4.98,4.98,4.98,4.98,407225
ROLLT,2026-10-01,4.74,4.74,4.74,4.74,286900
ROLLT,2026-10-05,4.66,4.97,4.65,4.97,716180
ROLLT,2026-10-06,5.21,5.21,5.1,5.21,409730
ROML,2026-09-29,42.82,43.75,41.5,41.91,1934
ROML,2026-09-30,41.56,43.53,41.56,43.38,1171
ROML,2026-10-01,42.6,43.48,41.41,43.34,1318
ROML,2026-10-05,44.4,44.4,42.14,43.0,5073
ROML,2026-10-06,43.0,43.3,42.65,42.99,1781
ROSSARI,2026-09-30,430.0,434.6,416.0,417.95,70439
ROSSARI,2026-10-01,419.35,434.9,413.1,427.55,65352
ROSSARI,2026-10-02,427.55,427.55,427.55,427.55,0
ROSSARI,2026-10-05,430.0,435.9,417.8,430.9,57876
ROSSARI,2026-10-06,427.15,435.0,424.8,427.45,184044
ROSSELLIND,2026-09-29,50.1,51.98,50.1,51.03,19856
ROSSELLIND,2026-09-30,51.44,51.89,50.31,50.87,17079
ROSSELLIND,2026-10-01,51.98,51.98,49.96,50.22,15225
ROSSELLIND,2026-10-05,49.97,51.4,48.98,50.1,30670
ROSSELLIND,2026-10-06,50.1,51.3,49.83,50.68,20826
ROSSTECH,2026-09-29,1409.9,1490.0,1375.8,1481.7,315207
ROSSTECH,2026-09-30,1480.0,1525.0,1455.2,1503.2,253108
ROSSTECH,2026-10-01,1487.1,1536.8,1467.2,1522.3,247467
ROSSTECH,2026-10-05,1525.0,1624.9,1508.7,1607.2,314638
ROSSTECH,2026-10-06,1624.9,1699.0,1586.4,1612.1,506904
ROTO,2026-09-30,63.73,65.55,63.57,64.58,473626
ROTO,2026-10-01,64.0,64.57,60.77,62.66,377971
ROTO,2026-10-02,62.66,62.66,62.66,62.66,0
ROTO,2026-10-05,62.89,63.94,61.81,62.26,252108
ROTO,2026-10-06,62.85,63.36,61.74,62.24,524832
ROUTE,2026-09-29,452.5,454.05,444.1,447.2,97047
ROUTE,2026-09-30,446.0,456.55,444.05,445.0,67891
ROUTE,2026-10-01,445.0,446.2,431.7,436.4,177583
ROUTE,2026-10-05,438.35,446.65,429.5,431.1,160190
ROUTE,2026-10-06,435.0,437.3,429.4,430.8,137980
ROXHITECH,2026-09-28,47.0,47.8,46.3,47.8,20800
ROXHITECH,2026-09-29,45.6,47.6,45.6,46.55,14400
ROXHITECH,2026-09-30,46.55,53.9,46.55,51.1,81600
ROXHITECH,2026-10-01,53.0,53.9,49.85,52.05,107200
ROXHITECH,2026-10-05,53.1,62.45,52.65,62.45,470400
RPEL,2026-09-29,1700.0,1722.1,1665.0,1718.1,42157
RPEL,2026-09-30,1737.8,1824.0,1731.0,1809.0,153483
RPEL,2026-10-01,1845.0,1888.0,1750.0,1818.9,180052
RPEL,2026-10-05,1848.5,1880.0,1773.1,1825.3,83683
RPEL,2026-10-06,1851.2,1860.0,1799.0,1835.6,51137
RPGLIFE,2026-09-29,2935.0,3125.0,2926.3,3089.2,96080
RPGLIFE,2026-09-30,3103.6001,3112.8,2986.0,3037.1001,46586
RPGLIFE,2026-10-01,3036.5,3037.1001,2874.8999,2930.7,36208
RPGLIFE,2026-10-05,2983.5,2983.5,2832.6001,2896.3999,23013
RPGLIFE,2026-10-06,2905.0,2987.8999,2899.6001,2933.2,14223
RPOWER,2026-09-30,19.77,20.39,19.63,19.69,19097261
RPOWER,2026-10-01,19.65,19.99,19.09,19.41,28326462
RPOWER,2026-10-02,19.41,19.41,19.41,19.41,0
RPOWER,2026-10-05,19.44,20.55,19.44,20.09,44727097
RPOWER,2026-10-06,20.07,21.05,20.0,20.49,48662545
RPPINFRA,2026-09-29,50.55,52.34,50.25,50.8,33805
RPPINFRA,2026-09-30,50.2,52.28,50.2,51.49,40361
RPPINFRA,2026-10-01,50.66,53.28,50.55,52.6,61267
RPPINFRA,2026-10-05,53.25,53.25,50.41,50.82,37515
RPPINFRA,2026-10-06,50.1,52.57,50.1,51.53,33658
RPPL,2026-09-29,18.85,19.74,18.85,19.49,58159
RPPL,2026-09-30,19.6,19.88,18.9,18.97,58148
RPPL,2026-10-01,19.2,19.91,18.03,19.6,132848
RPPL,2026-10-05,18.95,18.99,18.62,18.72,29437
RPPL,2026-10-06,18.98,19.6,18.5,19.03,33977
RPSGVENT,2026-09-29,848.0,848.0,828.0,833.85,25190
RPSGVENT,2026-09-30,837.05,873.9,835.0,850.5,40383
RPSGVENT,2026-10-01,846.25,846.25,816.05,829.85,19862
RPSGVENT,2026-10-05,848.0,849.0,820.95,833.9,23182
RPSGVENT,2026-10-06,839.95,842.0,828.0,833.1,13774
RPTECH,2026-09-29,883.95,935.0,871.55,925.35,557981
RPTECH,2026-09-30,930.15,1004.7,930.15,953.5,1657051
RPTECH,2026-10-01,956.0,976.65,926.15,953.15,377963
RPTECH,2026-10-05,963.5,978.0,935.1,943.45,268559
RPTECH,2026-10-06,945.0,961.2,941.1,958.25,188962
RRECL,2026-09-29,122.3,131.0,118.0,129.19,1323
RRECL,2026-09-30,139.99,139.99,134.95,134.95,431
RRECL,2026-10-01,135.0,135.0,122.11,131.46,341
RRECL,2026-10-05,130.0,135.0,130.0,134.62,252
RRECL,2026-10-06,134.62,135.0,124.21,125.17,279
RRIL,2026-09-29,15.36,15.66,15.3,15.48,27693
RRIL,2026-09-30,15.3,15.71,15.17,15.36,25713
RRIL,2026-10-01,15.42,15.86,15.09,15.11,11914
RRIL,2026-10-05,15.47,15.49,15.15,15.21,8335
RRIL,2026-10-06,15.35,16.44,15.25,16.18,21318
RRKABEL,2026-09-29,2459.8,2546.5,2440.3,2523.2,240700
RRKABEL,2026-09-30,2530.0,2537.0,2477.0,2518.6001,254650
RRKABEL,2026-10-01,2524.0,2571.5,2465.0,2518.2,377828
RRKABEL,2026-10-05,2541.5,2654.8999,2533.1001,2648.0,635507
RRKABEL,2026-10-06,2667.0,2806.8,2645.0,2789.7,917410
RSDFIN,2026-09-29,91.0,91.0,87.0,87.0,42
RSDFIN,2026-09-30,87.0,87.0,87.0,87.0,0
RSDFIN,2026-10-01,83.01,91.35,83.01,91.35,306
RSDFIN,2026-10-05,93.18,95.89,92.0,94.0,72
RSDFIN,2026-10-06,93.53,94.0,92.0,92.0,60
RSL,2026-09-29,168.54,168.9,164.0,165.45,635959
RSL,2026-09-30,166.88,171.0,166.31,168.36,279565
RSL,2026-10-01,170.0,178.0,167.0,174.43,591855
RSL,2026-10-05,175.51,183.87,174.75,175.57,256813
RSL,2026-10-06,175.57,184.9,173.68,176.06,2532342
RSSOFTWARE,2026-09-29,31.0,31.0,29.53,29.97,4580
RSSOFTWARE,2026-09-30,31.0,31.0,29.7,29.73,9352
RSSOFTWARE,2026-10-01,30.5,30.5,29.75,30.04,15166
RSSOFTWARE,2026-10-05,30.9,30.9,29.7,29.79,11665
RSSOFTWARE,2026-10-06,30.99,30.99,29.5,30.44,8348
RSWM,2026-09-29,209.29,215.29,206.58,212.37,57039
RSWM,2026-09-30,210.25,215.5,207.0,208.6,45977
RSWM,2026-10-01,206.5,211.68,199.04,202.21,47256
RSWM,2026-10-05,204.35,209.99,201.44,203.03,30003
RSWM,2026-10-06,203.3,209.0,202.81,207.03,24341
RSYSTEMS,2026-09-30,300.0,303.7,269.51,279.9,12512625
RSYSTEMS,2026-10-01,271.0,273.45,255.45,263.6,5804697
RSYSTEMS,2026-10-02,263.6,263.6,263.6,263.6,0
RSYSTEMS,2026-10-05,264.0,264.5,248.0,249.9,2005620
RSYSTEMS,2026-10-06,247.5,251.55,244.5,246.3,760588
RTNINDIA,2026-09-29,26.29,26.35,25.25,25.66,3231261
RTNINDIA,2026-09-30,26.0,27.58,25.45,26.06,5394562
RTNINDIA,2026-10-01,26.0,26.0,25.0,25.32,1283688
RTNINDIA,2026-10-05,25.55,25.8,25.1,25.46,840323
RTNINDIA,2026-10-06,25.63,26.24,25.5,26.13,976705
RTNPOWER,2026-09-30,6.8,6.98,6.8,6.89,10508623
RTNPOWER,2026-10-01,6.82,6.83,6.66,6.74,13429275
RTNPOWER,2026-10-02,6.74,6.74,6.74,6.74,0
RTNPOWER,2026-10-05,6.74,6.83,6.69,6.73,10445792
RTNPOWER,2026-10-06,6.71,6.83,6.71,6.75,6907669
RTSPOWR,2026-09-29,136.77,138.05,116.05,118.18,274598
RTSPOWR,2026-09-30,118.18,121.8,107.2,109.87,31060
RTSPOWR,2026-10-01,109.0,115.75,109.0,114.1,26525
RTSPOWR,2026-10-05,109.0,109.0,108.4,108.4,2430
RTSPOWR,2026-10-06,103.0,112.33,103.0,103.78,4236
RUBFILA,2026-09-29,62.37,64.5,61.61,63.85,41304
RUBFILA,2026-09-30,64.3,64.64,62.8,63.05,32520
RUBFILA,2026-10-01,63.95,64.0,62.5,63.25,44696
RUBFILA,2026-10-05,63.63,64.99,62.64,63.18,50488
RUBFILA,2026-10-06,62.62,64.4,62.62,63.59,28374
RUBICON,2026-09-29,1593.6,1646.4,1583.2,1609.0,701771
RUBICON,2026-09-30,1601.2,1635.0,1577.7,1619.4,228306
RUBICON,2026-10-01,1635.7,1670.0,1605.2,1630.9,153955
RUBICON,2026-10-05,1646.0,1646.0,1560.3,1608.5,159926
RUBICON,2026-10-06,1608.5,1612.0,1583.5,1596.8,71982
RUBYMILLS,2026-09-29,510.6,510.65,485.0,491.8,22908
RUBYMILLS,2026-09-30,495.9,509.7,495.9,499.75,15683
RUBYMILLS,2026-10-01,501.2,515.95,486.35,499.65,24508
RUBYMILLS,2026-10-05,507.9,507.9,486.75,494.2,8647
RUBYMILLS,2026-10-06,490.0,519.0,487.85,512.8,21944
RUCHINFRA,2026-09-29,5.19,5.19,5.03,5.05,47504
RUCHINFRA,2026-09-30,4.81,5.68,4.81,4.91,142608
RUCHINFRA,2026-10-01,4.71,4.94,4.71,4.84,115415
RUCHINFRA,2026-10-05,4.96,4.97,4.85,4.85,32153
RUCHINFRA,2026-10-06,5.04,5.04,4.85,4.98,20684
RUCHIRA,2026-09-29,107.8,107.8,104.0,104.29,20128
RUCHIRA,2026-09-30,104.27,106.9,102.01,103.25,15631
RUCHIRA,2026-10-01,102.22,103.53,100.0,101.31,19579
RUCHIRA,2026-10-05,101.77,105.0,101.41,103.39,11460
RUCHIRA,2026-10-06,103.39,104.47,102.01,102.78,9363
RUDRA,2026-09-29,18.55,18.6,18.01,18.03,30405
RUDRA,2026-09-30,18.39,19.15,18.0,18.77,20494
RUDRA,2026-10-01,19.0,19.0,18.0,18.23,38615
RUDRA,2026-10-05,18.53,18.92,18.0,18.0,12942
RUDRA,2026-10-06,18.18,18.39,17.67,17.81,7681
RULKA,2026-09-28,104.7,108.7,104.35,107.3,27600
RULKA,2026-09-29,105.0,110.5,105.0,107.4,6900
RULKA,2026-09-30,107.45,111.85,107.45,110.3,4200
RULKA,2026-10-01,112.25,112.25,107.3,107.3,2400
RULKA,2026-10-05,110.1,111.0,104.25,108.0,6600
RUNWALENTR,2026-10-05,305.0,307.75,281.2,301.45,13471588
RUNWALENTR,2026-10-06,296.0,299.75,286.55,290.6,1321151
RUPA,2026-09-29,132.98,133.57,130.0,132.39,100141
RUPA,2026-09-30,132.1,133.88,130.0,130.52,90771
RUPA,2026-10-01,130.52,134.99,129.0,130.58,187383
RUPA,2026-10-05,130.11,132.58,126.67,128.4,182693
RUPA,2026-10-06,128.0,130.59,128.0,128.99,118983
RUSHIL,2026-09-29,15.84,16.45,15.84,16.13,250310
RUSHIL,2026-09-30,16.0,16.29,16.0,16.14,107116
RUSHIL,2026-10-01,15.95,16.29,15.6,15.9,172107
RUSHIL,2026-10-05,15.68,16.1,15.37,15.46,122974
RUSHIL,2026-10-06,15.9,15.9,15.41,15.54,108221
RUSTOMJEE,2026-09-29,357.1,367.2,355.1,362.95,94347
RUSTOMJEE,2026-09-30,362.95,366.35,359.55,361.2,15536
RUSTOMJEE,2026-10-01,361.6,363.7,357.5,361.25,71241
RUSTOMJEE,2026-10-05,361.25,372.3,355.55,368.5,73016
RUSTOMJEE,2026-10-06,368.0,370.0,362.85,368.55,11367
RVHL,2026-09-29,38.2,39.48,37.7,38.28,12470
RVHL,2026-09-30,37.8,39.0,37.8,38.2,5964
RVHL,2026-10-01,39.0,39.0,37.14,37.23,9907
RVHL,2026-10-05,36.81,37.99,36.81,37.46,2957
RVHL,2026-10-06,37.14,38.5,37.0,37.26,6990
RVNL,2026-09-30,198.7,209.65,198.25,201.76,17689293
RVNL,2026-10-01,201.5,202.45,194.05,197.0,6247340
RVNL,2026-10-02,197.0,197.0,197.0,197.0,0
RVNL,2026-10-05,198.0,199.9,195.34,196.95,2937181
RVNL,2026-10-06,197.0,201.2,196.64,198.78,3144187
RVTH,2026-09-29,635.0,680.0,633.25,664.9,592
RVTH,2026-09-30,664.0,700.0,641.9,669.8,900
RVTH,2026-10-01,698.9,803.75,680.0,776.7,43662
RVTH,2026-10-05,797.9,803.0,721.1,726.45,4355
RVTH,2026-10-06,723.0,760.0,701.0,756.2,1590
S&SPOWER,2026-09-29,298.2,311.0,298.05,301.25,5052
S&SPOWER,2026-09-30,301.0,309.4,295.0,298.15,12222
S&SPOWER,2026-10-01,295.0,304.4,291.5,294.1,2068
S&SPOWER,2026-10-05,294.1,298.7,280.0,294.55,5695
S&SPOWER,2026-10-06,295.0,299.85,281.5,286.0,4306
SAAKSHI,2026-09-28,360.0,360.0,358.4,360.0,10200
SAAKSHI,2026-09-29,367.0,367.2,360.0,367.0,10200
SAAKSHI,2026-09-30,365.0,365.0,363.5,365.0,4200
SAAKSHI,2026-10-01,365.0,365.0,357.75,365.0,3600
SAAKSHI,2026-10-05,358.6,362.05,358.6,358.6,2400
SAATVIKGL,2026-09-29,420.0,422.0,404.35,414.5,186910
SAATVIKGL,2026-09-30,415.5,421.6,410.0,413.55,33023
SAATVIKGL,2026-10-01,411.0,413.25,396.8,405.55,46236
SAATVIKGL,2026-10-05,403.55,407.4,399.0,400.85,51181
SAATVIKGL,2026-10-06,406.7,406.7,398.2,402.5,57401
SAB,2026-09-30,170.0,170.0,170.0,170.0,0
SAB,2026-10-01,170.0,170.0,170.0,170.0,0
SAB,2026-10-02,170.0,170.0,170.0,170.0,0
SAB,2026-10-05,170.0,170.0,170.0,170.0,0
SAB,2026-10-06,170.0,170.0,170.0,170.0,10
SADBHAV,2026-09-29,7.19,7.19,6.9,6.93,369279
SADBHAV,2026-09-30,7.1,7.27,7.09,7.15,138349
SADBHAV,2026-10-01,6.99,7.1,6.8,6.8,443913
SADBHAV,2026-10-05,6.82,6.99,6.61,6.86,124754
SADBHAV,2026-10-06,6.75,6.94,6.75,6.85,118506
SADBHIN,2026-09-29,2.57,2.6,2.5,2.56,87828
SADBHIN,2026-09-30,2.55,2.62,2.51,2.6,90108
SADBHIN,2026-10-01,2.71,2.71,2.52,2.62,129836
SADBHIN,2026-10-05,2.6,2.63,2.56,2.61,151589
SADBHIN,2026-10-06,2.62,2.62,2.56,2.56,45546
SADHAV,2026-09-28,103.0,110.0,103.0,110.0,13200
SADHAV,2026-09-29,106.35,110.0,106.35,110.0,15600
SADHAV,2026-09-30,107.45,118.5,106.1,117.65,63000
SADHAV,2026-10-01,116.0,118.0,112.5,117.15,16800
SADHAV,2026-10-05,119.9,125.0,115.0,115.5,18000
SADHNANIQ,2026-09-29,2.63,2.69,2.55,2.59,1588892
SADHNANIQ,2026-09-30,2.6,2.68,2.49,2.53,1260041
SADHNANIQ,2026-10-01,2.58,2.58,2.42,2.47,1219515
SADHNANIQ,2026-10-05,2.52,2.59,2.47,2.59,1003078
SADHNANIQ,2026-10-06,2.61,2.71,2.6,2.68,1955229
SAFARI,2026-09-30,1439.9,1439.9,1418.1,1429.6,58651
SAFARI,2026-10-01,1429.6,1433.7,1368.0,1378.8,29387
SAFARI,2026-10-02,1378.8,1378.8,1378.8,1378.8,0
SAFARI,2026-10-05,1389.5,1389.5,1300.0,1308.6,51092
SAFARI,2026-10-06,1308.6,1344.6,1299.2,1318.0,40992
SAGARDEEP,2026-09-29,23.18,23.6,22.76,23.44,6760
SAGARDEEP,2026-09-30,23.98,23.98,22.83,23.13,8443
SAGARDEEP,2026-10-01,23.01,23.66,22.05,22.52,10991
SAGARDEEP,2026-10-05,22.52,23.19,22.0,22.1,8473
SAGARDEEP,2026-10-06,24.0,24.0,22.0,23.14,4214
SAGCEM,2026-09-29,149.0,150.92,146.6,147.45,29148
SAGCEM,2026-09-30,146.15,150.28,146.15,148.64,22428
SAGCEM,2026-10-01,148.3,155.02,146.02,150.01,66762
SAGCEM,2026-10-05,150.01,153.51,147.01,148.68,13697
SAGCEM,2026-10-06,148.68,149.7,145.81,146.6,38480
SAGILITY,2026-09-30,42.69,43.4,42.38,42.58,11436383
SAGILITY,2026-10-01,42.53,43.43,42.27,43.17,11692520
SAGILITY,2026-10-02,43.17,43.17,43.17,43.17,0
SAGILITY,2026-10-05,43.25,43.82,42.21,42.57,17899984
SAGILITY,2026-10-06,42.79,43.88,42.51,43.88,8158356
SAHAJSOLAR,2026-09-28,87.5,90.5,87.1,89.8,12000
SAHAJSOLAR,2026-09-29,88.4,91.9,87.0,87.9,16800
SAHAJSOLAR,2026-09-30,89.9,89.9,88.2,89.0,8000
SAHAJSOLAR,2026-10-01,89.5,89.5,86.2,86.55,10000
SAHAJSOLAR,2026-10-05,87.05,89.9,87.05,87.6,8800
SAHANA,2026-09-28,869.95,869.95,806.0,817.45,27600
SAHANA,2026-09-29,825.0,829.7,790.0,806.0,19650
SAHANA,2026-09-30,811.05,827.45,810.1,810.1,5700
SAHANA,2026-10-01,810.1,837.0,782.05,794.55,10650
SAHANA,2026-10-05,801.0,920.05,801.0,889.6,90300
SAHLIBHFI,2026-09-29,78.09,79.15,76.87,78.37,17549
SAHLIBHFI,2026-09-30,80.0,80.99,78.1,78.84,9062
SAHLIBHFI,2026-10-01,81.9,81.9,75.95,78.74,24376
SAHLIBHFI,2026-10-05,78.74,78.74,75.99,76.7,34289
SAHLIBHFI,2026-10-06,77.9,77.92,75.05,76.71,2882
SAHYADRI,2026-09-29,353.5,353.9,346.1,349.2,3181
SAHYADRI,2026-09-30,350.0,356.95,341.0,346.75,7745
SAHYADRI,2026-10-01,351.7,360.0,340.7,355.65,11323
SAHYADRI,2026-10-05,363.0,369.85,348.35,361.4,10662
SAHYADRI,2026-10-06,363.95,367.9,350.0,354.05,8186
SAICAPI,2026-09-29,154.45,155.85,153.99,155.09,138
SAICAPI,2026-09-30,156.09,156.09,145.1,146.5,180
SAICAPI,2026-10-01,146.5,155.0,142.0,155.0,133
SAICAPI,2026-10-05,155.0,155.0,147.1,155.0,232
SAICAPI,2026-10-06,155.0,155.0,145.0,150.16,462
SAIFL,2026-09-28,4.3,4.3,4.15,4.15,164000
SAIFL,2026-09-29,4.15,4.25,4.1,4.25,124000
SAIFL,2026-09-30,4.25,4.25,4.15,4.2,96000
SAIFL,2026-10-01,4.15,4.15,3.9,4.1,136000
SAIFL,2026-10-05,4.05,4.4,4.05,4.2,156000
SAIL,2026-09-30,181.85,186.0,180.26,181.49,15646382
SAIL,2026-10-01,180.5,181.67,170.67,174.5,26206885
SAIL,2026-10-02,174.5,174.5,174.5,174.5,0
SAIL,2026-10-05,174.21,180.44,173.28,176.95,11407529
SAIL,2026-10-06,177.3,180.45,174.8,178.1,19417380
SAILIFE,2026-09-30,1565.7,1577.9,1516.4,1524.5,537181
SAILIFE,2026-10-01,1516.0,1556.9,1493.1,1541.2,584535
SAILIFE,2026-10-02,1541.2,1541.2,1541.2,1541.2,0
SAILIFE,2026-10-05,1549.5,1557.9,1501.0,1511.3,325814
SAILIFE,2026-10-06,1520.0,1569.0,1495.0,1558.1,277784
SAIPARENT,2026-09-29,504.7,514.05,501.0,502.5,64324
SAIPARENT,2026-09-30,500.05,539.95,500.05,529.3,352158
SAIPARENT,2026-10-01,529.35,533.35,515.0,523.65,68291
SAIPARENT,2026-10-05,520.65,520.65,494.0,498.7,143394
SAIPARENT,2026-10-06,502.9,535.0,499.2,522.9,351503
SAKAR,2026-09-29,1087.0,1129.0,1081.65,1121.85,47204
SAKAR,2026-09-30,1116.4,1143.8,1082.0,1093.05,58262
SAKAR,2026-10-01,1080.2,1108.0,1042.5,1075.0,97461
SAKAR,2026-10-05,1075.0,1094.0,985.0,1006.8,204117
SAKAR,2026-10-06,1013.0,1068.0,1013.0,1048.5,68620
SAKHTISUG,2026-09-29,18.75,18.75,17.86,18.11,85154
SAKHTISUG,2026-09-30,18.45,18.48,18.0,18.01,79469
SAKHTISUG,2026-10-01,18.1,18.35,17.36,17.58,87103
SAKHTISUG,2026-10-05,17.51,18.35,17.5,17.8,106089
SAKHTISUG,2026-10-06,18.07,19.35,18.06,18.88,290592
SAKSOFT,2026-09-29,142.5,142.68,139.0,139.78,179876
SAKSOFT,2026-09-30,140.0,143.67,136.61,139.43,169137
SAKSOFT,2026-10-01,139.9,141.97,135.09,139.33,241189
SAKSOFT,2026-10-05,139.65,144.0,138.56,140.72,259830
SAKSOFT,2026-10-06,140.4,144.0,140.31,142.74,112701
SAKUMA,2026-09-29,1.61,1.61,1.53,1.55,1090164
SAKUMA,2026-09-30,1.57,1.58,1.52,1.56,797045
SAKUMA,2026-10-01,1.56,1.58,1.5,1.54,1283553
SAKUMA,2026-10-05,1.58,1.59,1.53,1.54,807962
SAKUMA,2026-10-06,1.57,1.57,1.49,1.51,1646190
SALASAR,2026-09-30,4.16,4.3,3.8,4.08,14749412
SALASAR,2026-10-01,4.08,4.15,4.0,4.13,3680794
SALASAR,2026-10-02,4.13,4.13,4.13,4.13,0
SALASAR,2026-10-05,4.22,4.22,4.01,4.04,3745201
SALASAR,2026-10-06,4.07,4.34,4.04,4.22,5484331
SALONA,2026-09-29,270.0,270.0,260.2,266.95,441
SALONA,2026-09-30,267.1,267.1,256.0,260.7,116
SALONA,2026-10-01,273.95,273.95,253.15,254.35,126
SALONA,2026-10-05,254.8,274.7,254.8,268.25,388
SALONA,2026-10-06,272.95,275.0,268.0,274.2,757
SALSTEEL,2026-09-29,95.3,97.68,92.0,97.08,1208259
SALSTEEL,2026-09-30,99.87,101.53,97.0,99.06,1173619
SALSTEEL,2026-10-01,98.89,102.4,94.11,98.92,1173063
SALSTEEL,2026-10-05,98.92,100.42,93.98,93.98,697076
SALSTEEL,2026-10-06,92.0,93.0,89.29,89.6,746781
SALZERELEC,2026-09-29,537.15,544.45,530.15,535.65,36625
SALZERELEC,2026-09-30,535.7,546.0,530.35,536.4,18504
SALZERELEC,2026-10-01,535.9,537.5,520.05,530.9,37128
SALZERELEC,2026-10-05,526.85,535.9,520.2,525.05,33922
SALZERELEC,2026-10-06,523.0,531.4,521.2,524.95,34906
SAMBANDAM,2026-09-28,110.0,110.0,106.24,106.24,696
SAMBANDAM,2026-09-29,106.24,110.15,105.0,109.98,212
SAMBANDAM,2026-09-30,109.98,114.7,105.1,111.4,576
SAMBANDAM,2026-10-01,111.0,111.0,107.1,107.1,19
SAMBANDAM,2026-10-05,107.1,107.1,102.15,102.15,93
SAMBHAAV,2026-09-29,5.6,6.09,5.56,5.92,95530
SAMBHAAV,2026-09-30,5.93,6.24,5.56,5.74,155497
SAMBHAAV,2026-10-01,5.74,5.74,5.36,5.42,72564
SAMBHAAV,2026-10-05,5.88,5.88,5.22,5.3,100521
SAMBHAAV,2026-10-06,5.41,5.41,5.06,5.25,26720
SAMBHV,2026-09-30,162.45,167.31,160.11,164.9,5951525
SAMBHV,2026-10-01,163.61,165.79,155.85,161.45,3619878
SAMBHV,2026-10-02,161.45,161.45,161.45,161.45,0
SAMBHV,2026-10-05,163.0,171.7,162.41,164.66,5203406
SAMBHV,2026-10-06,166.0,167.0,161.36,162.19,1572739
SAMHI,2026-09-30,149.35,155.0,149.35,153.68,803682
SAMHI,2026-10-01,153.3,155.49,149.35,154.37,1073954
SAMHI,2026-10-02,154.37,154.37,154.37,154.37,0
SAMHI,2026-10-05,154.35,155.99,150.0,150.41,397768
SAMHI,2026-10-06,148.6,151.0,147.9,149.73,810921
SAMMAANCAP,2026-09-30,136.94,141.19,136.0,136.54,4575005
SAMMAANCAP,2026-10-01,136.4,137.3,130.0,132.48,6813037
SAMMAANCAP,2026-10-02,132.48,132.48,132.48,132.48,0
SAMMAANCAP,2026-10-05,135.05,138.75,132.51,133.11,7143240
SAMMAANCAP,2026-10-06,134.2,134.87,133.0,134.4,2560359
SAMPANN,2026-09-29,25.25,25.25,23.75,23.82,18697
SAMPANN,2026-09-30,24.7,24.7,23.56,24.17,3944
SAMPANN,2026-10-01,24.7,24.7,23.56,24.01,11004
SAMPANN,2026-10-05,24.01,24.79,23.82,23.91,5459
SAMPANN,2026-10-06,24.0,24.66,23.9,23.99,10227
SANATHAN,2026-09-29,525.95,530.95,510.2,515.0,88348
SANATHAN,2026-09-30,524.0,527.75,505.0,508.15,99234
SANATHAN,2026-10-01,510.0,513.2,488.8,504.35,80531
SANATHAN,2026-10-05,511.0,532.3,506.5,528.35,103861
SANATHAN,2026-10-06,528.35,532.3,522.25,525.65,45492
SANDESH,2026-09-30,1023.1,1037.4,990.6,999.3,1002
SANDESH,2026-10-01,1000.4,1000.4,980.1,990.05,302
SANDESH,2026-10-02,990.05,990.05,990.05,990.05,0
SANDESH,2026-10-05,991.55,1022.0,990.0,1013.95,496
SANDESH,2026-10-06,985.15,1025.55,985.15,1017.4,962
SANDHAR,2026-09-30,583.0,599.95,583.0,585.9,133185
SANDHAR,2026-10-01,590.0,591.15,550.0,563.85,194894
SANDHAR,2026-10-02,563.85,563.85,563.85,563.85,0
SANDHAR,2026-10-05,568.0,572.75,552.0,555.3,100180
SANDHAR,2026-10-06,557.0,563.75,553.25,558.1,78144
SANDUMA,2026-09-29,181.9,184.0,178.53,182.69,448066
SANDUMA,2026-09-30,181.27,184.69,181.0,182.18,268845
SANDUMA,2026-10-01,181.0,182.85,175.0,177.67,662436
SANDUMA,2026-10-05,177.7,181.48,176.25,177.35,513160
SANDUMA,2026-10-06,177.35,185.0,177.35,183.38,525652
SANGAMIND,2026-09-29,633.55,658.9,625.05,645.55,157857
SANGAMIND,2026-09-30,642.35,650.55,619.85,626.9,27711
SANGAMIND,2026-10-01,625.0,638.5,612.05,634.55,50667
SANGAMIND,2026-10-05,670.0,670.0,627.0,631.75,37447
SANGAMIND,2026-10-06,638.0,645.3,630.05,642.4,30921
SANGANI,2026-09-28,53.65,53.65,53.65,53.65,0
SANGANI,2026-09-29,55.5,56.3,55.5,56.3,15000
SANGANI,2026-09-30,54.0,57.0,54.0,57.0,4500
SANGANI,2026-10-01,54.15,54.25,54.15,54.15,7500
SANGANI,2026-10-05,55.0,56.85,55.0,56.85,69000
SANGHVIMOV,2026-09-29,444.0,459.6,437.4,454.0,249409
SANGHVIMOV,2026-09-30,457.1,471.9,452.4,455.2,204771
SANGHVIMOV,2026-10-01,451.65,456.95,414.9,429.5,698178
SANGHVIMOV,2026-10-05,430.35,443.0,405.1,409.9,665789
SANGHVIMOV,2026-10-06,410.0,432.95,410.0,419.5,481933
SANOFI,2026-09-30,3080.0,3175.0,3051.6001,3057.0,15072
SANOFI,2026-10-01,3050.1001,3056.3,3001.1001,3037.3999,18669
SANOFI,2026-10-02,3037.3999,3037.3999,3037.3999,3037.3999,0
SANOFI,2026-10-05,3040.0,3069.0,3016.8,3024.2,7594
SANOFI,2026-10-06,3020.1001,3057.8,3004.0,3047.0,16503
SANOFICONR,2026-09-29,3971.1001,3971.1001,3813.0,3867.0,41560
SANOFICONR,2026-09-30,3853.7,3919.0,3796.0,3802.8,6012
SANOFICONR,2026-10-01,3818.0,3818.0,3691.0,3787.2,9812
SANOFICONR,2026-10-05,3787.2,3787.8999,3729.2,3752.7,4708
SANOFICONR,2026-10-06,3731.0,3764.3999,3704.0,3736.5,3430
SANSERA,2026-09-30,4450.0,4571.0,4317.2998,4537.5,247139
SANSERA,2026-10-01,4465.2002,4465.5,4196.6001,4276.6001,454154
SANSERA,2026-10-02,4276.6001,4276.6001,4276.6001,4276.6001,0
SANSERA,2026-10-05,4282.5,4348.0,4212.7002,4291.2998,300321
SANSERA,2026-10-06,4245.7998,4273.6001,4085.3999,4232.8999,261362
SANSTAR,2026-09-29,106.5,107.08,104.62,105.9,123874
SANSTAR,2026-09-30,105.2,108.14,104.15,104.94,61552
SANSTAR,2026-10-01,105.2,106.8,101.21,103.0,104636
SANSTAR,2026-10-05,105.0,107.19,102.85,104.73,124564
SANSTAR,2026-10-06,103.93,106.13,103.2,104.07,104195
SANWARIA,2026-09-29,0.2,0.2,0.19,0.19,456837
SANWARIA,2026-09-30,0.19,0.2,0.19,0.19,577796
SANWARIA,2026-10-01,0.2,0.2,0.18,0.19,330160
SANWARIA,2026-10-05,0.2,0.2,0.19,0.19,296075
SANWARIA,2026-10-06,0.2,0.2,0.18,0.18,1698397
SAPPHIRE,2026-09-29,216.0,224.13,206.1,211.05,4093215
SAPPHIRE,2026-09-30,211.48,216.92,209.45,212.08,448922
SAPPHIRE,2026-10-01,210.95,210.95,204.35,209.82,546541
SAPPHIRE,2026-10-05,210.0,213.51,208.29,212.64,417142
SAPPHIRE,2026-10-06,214.3,216.02,210.6,215.16,315838
SAPPL,2026-09-29,293.0,298.0,276.0,293.55,2179
SAPPL,2026-09-30,296.0,305.0,280.0,300.1,6609
SAPPL,2026-10-01,305.0,314.9,298.2,308.5,12198
SAPPL,2026-10-05,315.0,335.0,305.9,327.1,9600
SAPPL,2026-10-06,306.6,332.15,306.6,314.1,3162
SARDAEN,2026-09-30,500.35,507.75,495.1,497.3,213966
SARDAEN,2026-10-01,495.0,498.95,488.0,494.75,208385
SARDAEN,2026-10-02,494.75,494.75,494.75,494.75,0
SARDAEN,2026-10-05,495.0,503.5,490.0,501.0,207207
SARDAEN,2026-10-06,502.15,503.95,496.5,500.7,188815
SAREGAMA,2026-09-29,489.85,502.4,473.0,493.45,1317275
SAREGAMA,2026-09-30,498.9,518.65,495.35,506.55,643873
SAREGAMA,2026-10-01,506.5,506.5,488.0,494.75,237859
SAREGAMA,2026-10-05,497.95,500.05,488.85,497.1,171908
SAREGAMA,2026-10-06,497.1,506.8,493.0,503.7,166446
SARLAPOLY,2026-09-29,98.7,98.7,95.3,95.67,22199
SARLAPOLY,2026-09-30,96.86,99.23,93.5,93.96,28986
SARLAPOLY,2026-10-01,93.96,94.66,91.35,92.02,37841
SARLAPOLY,2026-10-05,93.3,96.03,92.4,95.1,62596
SARLAPOLY,2026-10-06,95.8,96.79,95.01,96.44,26212
SAROJA,2026-09-29,38.9,38.9,38.9,38.9,0
SAROJA,2026-09-30,40.8,40.8,40.8,40.8,1600
SAROJA,2026-10-01,40.8,40.8,40.8,40.8,0
SAROJA,2026-10-02,40.8,40.8,40.8,40.8,0
SAROJA,2026-10-05,40.8,40.8,40.8,40.8,0
SARTELE,2026-09-28,92.0,92.0,83.8,84.8,100000
SARTELE,2026-09-29,88.0,93.0,88.0,91.95,121000
SARTELE,2026-09-30,92.95,107.0,92.95,101.85,329000
SARTELE,2026-10-01,101.85,102.0,95.0,96.85,75000
SARTELE,2026-10-05,94.1,105.0,94.1,97.7,86500
SARVESHWAR,2026-09-30,3.45,3.56,3.45,3.49,1207657
SARVESHWAR,2026-10-01,3.52,3.69,3.41,3.44,1535950
SARVESHWAR,2026-10-02,3.44,3.44,3.44,3.44,0
SARVESHWAR,2026-10-05,3.41,3.5,3.41,3.46,1300127
SARVESHWAR,2026-10-06,3.47,3.6,3.47,3.58,1020139
SASKEN,2026-09-29,1681.0,1690.0,1611.7,1658.8,29675
SASKEN,2026-09-30,1680.0,1709.8,1650.0,1672.7,12713
SASKEN,2026-10-01,1707.8,1727.0,1636.4,1720.5,33306
SASKEN,2026-10-05,1750.0,1784.0,1675.4,1683.2,20074
SASKEN,2026-10-06,1700.0,1729.0,1666.1,1679.5,18068
SATIA,2026-09-29,68.1,69.0,66.96,68.48,127525
SATIA,2026-09-30,68.7,71.26,68.7,69.7,198881
SATIA,2026-10-01,69.7,69.89,67.5,68.34,125480
SATIA,2026-10-05,68.0,69.0,68.0,68.51,70953
SATIA,2026-10-06,69.0,69.4,68.02,69.26,81400
SATIN,2026-09-30,239.3,239.3,230.15,232.2,386106
SATIN,2026-10-01,230.01,231.62,224.1,227.47,233798
SATIN,2026-10-02,227.47,227.47,227.47,227.47,0
SATIN,2026-10-05,226.15,230.97,215.0,216.29,1194660
SATIN,2026-10-06,216.15,231.22,200.07,228.35,4924726
SATIPOLY,2026-09-28,33.0,34.25,32.9,33.0,8000
SATIPOLY,2026-09-29,33.0,33.8,33.0,33.8,1500
SATIPOLY,2026-09-30,33.8,33.8,33.8,33.8,0
SATIPOLY,2026-10-01,32.25,32.5,32.25,32.5,1000
SATIPOLY,2026-10-05,32.5,32.5,32.5,32.5,500
SAURASHCEM,2026-09-30,53.94,55.5,53.55,54.53,54035
SAURASHCEM,2026-10-01,54.53,55.0,52.45,53.37,70178
SAURASHCEM,2026-10-02,53.37,53.37,53.37,53.37,0
SAURASHCEM,2026-10-05,53.32,53.95,50.4,51.4,127808
SAURASHCEM,2026-10-06,51.05,51.9,50.95,51.47,67533
SAYAJIHOTL,2026-09-30,304.0,304.0,304.0,304.0,0
SAYAJIHOTL,2026-10-01,304.0,304.0,304.0,304.0,0
SAYAJIHOTL,2026-10-02,304.0,304.0,304.0,304.0,0
SAYAJIHOTL,2026-10-05,328.6,328.95,302.0,306.5,335
SAYAJIHOTL,2026-10-06,309.8,319.95,306.55,307.35,38
SAYAJIIND,2026-09-29,112.01,120.95,110.5,118.7,4247
SAYAJIIND,2026-09-30,121.0,121.0,116.5,119.9,2055
SAYAJIIND,2026-10-01,115.0,119.79,113.91,119.5,1785
SAYAJIIND,2026-10-05,118.95,120.0,118.95,120.0,806
SAYAJIIND,2026-10-06,115.0,118.0,114.01,118.0,2098
SBC,2026-09-30,54.99,59.5,54.81,58.29,35616365
SBC,2026-10-01,58.99,59.5,56.97,58.54,31458938
SBC,2026-10-02,58.54,58.54,58.54,58.54,0
SBC,2026-10-05,59.57,63.14,57.36,62.04,32139550
SBC,2026-10-06,62.9,64.43,60.4,61.7,26585518
SBCL,2026-09-29,1096.8,1129.3,1090.8,1111.3,154486
SBCL,2026-09-30,1140.0,1148.9,1060.0,1071.7,233735
SBCL,2026-10-01,1080.9,1103.9,1034.1,1066.4,295016
SBCL,2026-10-05,1087.3,1108.0,1070.0,1076.5,139325
SBCL,2026-10-06,1076.5,1103.5,1067.7,1099.6,130347
SBFC,2026-09-29,86.78,88.3,83.61,84.46,5969074
SBFC,2026-09-30,85.4,86.36,84.7,85.48,642934
SBFC,2026-10-01,84.68,85.4,83.05,84.19,1235866
SBFC,2026-10-05,84.19,87.18,82.4,82.83,3511188
SBFC,2026-10-06,82.51,84.19,82.25,83.28,1721490
SBGLP,2026-09-29,23.9,24.2,21.0,22.98,107126
SBGLP,2026-09-30,23.18,23.89,22.3,22.84,49077
SBGLP,2026-10-01,22.51,23.3,22.51,22.75,32857
SBGLP,2026-10-05,22.56,23.93,22.56,23.11,35623
SBGLP,2026-10-06,23.22,23.88,22.56,22.78,45230
SBICARD,2026-09-30,585.15,591.25,578.05,578.05,582328
SBICARD,2026-10-01,579.05,582.5,560.15,563.2,962872
SBICARD,2026-10-02,563.2,563.2,563.2,563.2,0
SBICARD,2026-10-05,565.25,577.15,561.25,566.0,778398
SBICARD,2026-10-06,566.0,571.5,562.2,569.4,622293
SBIFUNDS,2026-09-30,517.8,524.45,514.0,516.05,1541375
SBIFUNDS,2026-10-01,514.95,516.0,497.0,500.35,2817122
SBIFUNDS,2026-10-02,500.35,500.35,500.35,500.35,0
SBIFUNDS,2026-10-05,501.95,503.4,494.0,495.4,986442
SBIFUNDS,2026-10-06,497.2,504.0,494.1,502.85,920453
SBILIFE,2026-09-29,1731.6,1746.0,1711.0,1735.0,1598671
SBILIFE,2026-09-30,1724.0,1729.5,1681.0,1696.4,1813203
SBILIFE,2026-10-01,1676.3,1730.3,1674.8,1721.6,3329860
SBILIFE,2026-10-05,1721.6,1741.4,1709.5,1709.5,1322426
SBILIFE,2026-10-06,1720.2,1754.3,1708.9,1750.0,941881
SBIN,2026-09-30,964.7,972.8,959.5,959.5,8010571
SBIN,2026-10-01,953.1,965.4,945.8,954.1,7390452
SBIN,2026-10-02,954.1,954.1,954.1,954.1,0
SBIN,2026-10-05,959.0,969.45,956.0,958.0,8165087
SBIN,2026-10-06,962.1,963.65,949.85,958.75,8202144
SCANSTL,2026-09-29,52.07,52.07,48.15,49.64,17619
SCANSTL,2026-09-30,50.73,50.73,48.22,49.37,14776
SCANSTL,2026-10-01,49.0,49.0,47.3,48.19,10547
SCANSTL,2026-10-05,48.7,49.85,45.79,47.15,93029
SCANSTL,2026-10-06,46.55,48.49,45.31,48.06,34339
SCHAEFFLER,2026-09-29,3955.5,3955.5,3900.0,3920.0,91928
SCHAEFFLER,2026-09-30,3950.0,3960.0,3877.3,3897.1001,63788
SCHAEFFLER,2026-10-01,3900.1001,3909.0,3765.5,3885.6001,43557
SCHAEFFLER,2026-10-05,3888.6001,3908.6001,3825.3,3845.0,38172
SCHAEFFLER,2026-10-06,3874.2,3874.2,3806.8999,3818.1001,43159
SCHAND,2026-09-30,143.52,148.73,143.52,148.08,17383
SCHAND,2026-10-01,148.08,148.08,142.05,143.57,32819
SCHAND,2026-10-02,143.57,143.57,143.57,143.57,0
SCHAND,2026-10-05,147.5,147.5,139.1,140.5,23644
SCHAND,2026-10-06,140.2,146.0,137.01,145.16,25808
SCHNEIDER,2026-09-30,1197.3,1226.8,1190.0,1203.4,249878
SCHNEIDER,2026-10-01,1203.0,1294.3,1195.5,1275.4,1444982
SCHNEIDER,2026-10-02,1275.4,1275.4,1275.4,1275.4,0
SCHNEIDER,2026-10-05,1286.8,1318.8,1261.0,1268.1,444623
SCHNEIDER,2026-10-06,1261.8,1292.8,1250.1,1274.0,127880
SCI,2026-09-30,273.0,275.95,269.75,270.5,1048767
SCI,2026-10-01,269.0,271.85,261.15,267.05,1466021
SCI,2026-10-02,267.05,267.05,267.05,267.05,0
SCI,2026-10-05,272.0,292.6,271.45,290.6,24814404
SCI,2026-10-06,292.05,293.8,283.25,289.0,5284835
SCILAL,2026-09-30,36.69,37.34,36.6,36.86,117368
SCILAL,2026-10-01,36.89,37.06,36.3,36.65,196994
SCILAL,2026-10-02,36.65,36.65,36.65,36.65,0
SCILAL,2026-10-05,37.0,37.49,36.26,37.26,287269
SCILAL,2026-10-06,37.5,37.9,37.0,37.68,236495
SCML,2026-09-28,75.0,76.0,75.0,75.3,7000
SCML,2026-09-29,70.65,75.0,70.65,74.65,17000
SCML,2026-09-30,78.0,84.0,78.0,82.0,26000
SCML,2026-10-01,82.0,88.0,82.0,83.5,26000
SCML,2026-10-05,86.0,100.2,86.0,100.2,96000
SCODATUBES,2026-09-29,130.02,132.47,128.7,130.14,241476
SCODATUBES,2026-09-30,127.75,127.9,124.03,124.87,553569
SCODATUBES,2026-10-01,124.78,124.78,119.4,123.0,599705
SCODATUBES,2026-10-05,123.0,127.9,120.98,124.62,278884
SCODATUBES,2026-10-06,126.75,126.75,123.39,124.37,116589
SCPL,2026-09-29,633.0,658.0,620.35,641.05,5479
SCPL,2026-09-30,637.1,648.5,625.05,629.15,1092
SCPL,2026-10-01,638.0,646.0,615.0,620.45,6507
SCPL,2026-10-05,633.7,633.7,610.35,617.85,3408
SCPL,2026-10-06,627.45,627.45,605.0,609.25,4825
SDBL,2026-09-30,78.96,80.69,77.5,78.17,1674455
SDBL,2026-10-01,78.1,78.17,73.5,74.94,938787
SDBL,2026-10-02,74.94,74.94,74.94,74.94,0
SDBL,2026-10-05,75.4,76.0,72.82,73.21,717652
SDBL,2026-10-06,74.5,75.18,73.5,74.02,588982
SEAMECLTD,2026-09-29,1684.2,1686.8,1644.0,1653.2,46114
SEAMECLTD,2026-09-30,1685.0,1739.7,1609.7,1641.6,71134
SEAMECLTD,2026-10-01,1617.8,1652.5,1559.2,1594.7,102750
SEAMECLTD,2026-10-05,1594.7,1611.9,1552.4,1577.9,48124
SEAMECLTD,2026-10-06,1554.0,1604.2,1554.0,1584.9,54516
SECMARK,2026-09-29,141.28,143.7,133.41,142.75,28
SECMARK,2026-09-30,141.4,142.3,140.0,140.0,175
SECMARK,2026-10-01,145.8,145.8,133.2,137.48,1185
SECMARK,2026-10-05,142.0,142.0,134.1,137.41,1258
SECMARK,2026-10-06,136.72,141.4,136.72,137.0,175
SECURKLOUD,2026-09-29,17.44,17.44,16.62,17.06,23462
SECURKLOUD,2026-09-30,17.05,17.16,16.45,16.61,17158
SECURKLOUD,2026-10-01,17.0,17.0,16.2,16.77,5131
SECURKLOUD,2026-10-05,16.98,17.03,15.8,16.13,45723
SECURKLOUD,2026-10-06,16.25,16.5,15.61,15.71,30534
SEDEMAC,2026-09-30,3499.0,3587.0,3460.8,3494.5,178976
SEDEMAC,2026-10-01,3495.0,3524.8999,3328.0,3432.8,134911
SEDEMAC,2026-10-02,3432.8,3432.8,3432.8,3432.8,0
SEDEMAC,2026-10-05,3607.8,3650.0,3355.0,3372.3,233050
SEDEMAC,2026-10-06,3395.6001,3426.8,3320.1001,3399.6001,143979
SEIL,2026-09-29,188.0,195.0,185.41,188.92,121217
SEIL,2026-09-30,187.84,191.49,187.21,189.64,129978
SEIL,2026-10-01,188.7,188.99,178.26,186.68,184080
SEIL,2026-10-05,183.1,188.18,181.82,183.52,48887
SEIL,2026-10-06,185.53,187.93,182.61,186.16,592634
SEJALLTD,2026-09-29,664.6,664.6,645.0,648.75,5509
SEJALLTD,2026-09-30,656.9,680.0,656.8,674.0,6126
SEJALLTD,2026-10-01,673.95,673.95,640.3,656.5,8644
SEJALLTD,2026-10-05,657.2,661.5,638.1,651.2,6161
SEJALLTD,2026-10-06,650.0,683.75,649.35,676.55,6501
SEKURITIND,2026-09-29,107.62,112.0,107.62,109.55,19727
SEKURITIND,2026-09-30,111.44,114.0,110.03,110.93,18760
SEKURITIND,2026-10-01,111.99,115.19,108.0,109.19,26220
SEKURITIND,2026-10-05,108.3,113.2,108.01,108.72,20206
SEKURITIND,2026-10-06,109.98,110.44,107.5,110.08,31166
SEL,2026-09-28,341.0,341.0,332.1,332.1,400
SEL,2026-09-29,325.0,325.0,325.0,325.0,1600
SEL,2026-09-30,325.0,325.0,312.15,313.35,1000
SEL,2026-10-01,298.05,322.15,297.7,310.1,5400
SEL,2026-10-05,320.0,320.0,320.0,320.0,800
SELMC,2026-09-29,25.09,25.09,25.09,25.09,0
SELMC,2026-09-30,25.09,25.09,25.09,25.09,0
SELMC,2026-10-01,25.09,25.09,25.09,25.09,0
SELMC,2026-10-02,25.09,25.09,25.09,25.09,0
SELMC,2026-10-05,24.02,24.97,23.84,23.84,24005
SEMAC,2026-09-30,254.85,254.85,231.8,232.85,6426
SEMAC,2026-10-01,243.8,243.99,235.8,241.99,1668
SEMAC,2026-10-02,241.99,241.99,241.99,241.99,0
SEMAC,2026-10-05,242.4,242.4,237.0,239.04,321
SEMAC,2026-10-06,239.04,239.04,235.55,235.55,7
SENCO,2026-09-30,329.0,332.7,320.0,320.95,502576
SENCO,2026-10-01,320.95,321.95,311.55,317.4,538846
SENCO,2026-10-02,317.4,317.4,317.4,317.4,0
SENCO,2026-10-05,317.4,319.9,312.9,316.95,767941
SENCO,2026-10-06,318.7,323.55,317.05,318.75,559711
SENORES,2026-09-29,1352.5,1435.0,1352.5,1403.7,506799
SENORES,2026-09-30,1403.7,1413.0,1370.0,1385.8,268540
SENORES,2026-10-01,1387.0,1398.0,1319.4,1349.6,363714
SENORES,2026-10-05,1355.0,1375.0,1300.1,1321.2,272680
SENORES,2026-10-06,1331.3,1401.0,1318.6,1388.6,309834
SEPC,2026-09-29,5.0,5.15,4.92,5.1,10955991
SEPC,2026-09-30,5.15,5.19,5.01,5.02,5233528
SEPC,2026-10-01,5.17,5.17,4.95,5.08,12035116
SEPC,2026-10-05,5.2,5.23,5.07,5.11,5180319
SEPC,2026-10-06,5.15,5.15,5.03,5.05,4908083
SERVICE,2026-09-28,66.35,66.35,66.35,66.35,0
SERVICE,2026-09-29,66.35,66.35,66.35,66.35,0
SERVICE,2026-09-30,69.65,69.65,69.05,69.2,16000
SERVICE,2026-10-01,67.0,68.9,67.0,68.75,18000
SERVICE,2026-10-05,71.7,71.7,66.05,69.2,22000
SERVOTECH,2026-09-30,71.1,72.19,70.04,70.25,364902
SERVOTECH,2026-10-01,70.15,71.39,68.0,69.2,577923
SERVOTECH,2026-10-02,69.2,69.2,69.2,69.2,0
SERVOTECH,2026-10-05,70.0,72.7,69.77,71.93,744174
SERVOTECH,2026-10-06,72.0,72.39,71.25,72.06,303769
SESHAPAPER,2026-09-29,241.07,245.16,241.0,242.53,8410
SESHAPAPER,2026-09-30,244.26,246.19,234.81,240.47,62115
SESHAPAPER,2026-10-01,242.04,242.04,234.0,236.35,24836
SESHAPAPER,2026-10-05,238.55,240.0,233.0,234.76,80921
SESHAPAPER,2026-10-06,235.01,239.18,233.0,233.87,28978
SETCO,2026-09-29,18.43,19.2,18.1,18.67,61709
SETCO,2026-09-30,18.67,19.25,18.21,18.31,61697
SETCO,2026-10-01,18.31,18.75,18.0,18.13,67983
SETCO,2026-10-05,18.18,18.72,17.52,17.6,31576
SETCO,2026-10-06,17.6,18.48,17.21,18.22,37990
SETL,2026-09-30,428.95,436.95,415.0,422.8,407519
SETL,2026-10-01,418.0,421.65,401.7,416.95,714646
SETL,2026-10-02,416.95,416.95,416.95,416.95,0
SETL,2026-10-05,421.7,437.75,417.15,430.05,821094
SETL,2026-10-06,431.2,434.8,423.75,428.3,453663
SETUINFRA,2026-09-29,0.55,0.55,0.53,0.53,5024
SETUINFRA,2026-09-30,0.52,0.52,0.52,0.52,12422
SETUINFRA,2026-10-01,0.52,0.52,0.51,0.51,18233
SETUINFRA,2026-10-05,0.5,0.5,0.5,0.5,22010
SETUINFRA,2026-10-06,0.5,0.5,0.49,0.49,6413
SEYAIND,2026-09-29,13.87,13.87,13.33,13.33,639
SEYAIND,2026-09-30,13.59,13.59,13.07,13.45,7911
SEYAIND,2026-10-01,13.34,13.34,13.19,13.19,2912
SEYAIND,2026-10-05,13.45,13.45,12.93,13.12,1065
SEYAIND,2026-10-06,13.0,13.25,12.86,12.86,2528
SFL,2026-09-29,630.0,638.95,616.95,631.5,150092
SFL,2026-09-30,637.3,645.1,630.0,634.1,76853
SFL,2026-10-01,634.1,637.8,613.9,616.65,197639
SFL,2026-10-05,622.85,634.85,615.7,620.45,140174
SFL,2026-10-06,624.4,630.0,616.85,623.4,81224
SGFIN,2026-09-30,595.3,613.2,593.2,604.35,293138
SGFIN,2026-10-01,605.0,635.0,600.85,631.85,1112628
SGFIN,2026-10-02,631.85,631.85,631.85,631.85,0
SGFIN,2026-10-05,659.35,697.0,647.6,677.95,3245313
SGFIN,2026-10-06,687.0,687.0,655.25,662.15,371536
SGIL,2026-09-29,656.7,669.45,634.8,657.35,10083
SGIL,2026-09-30,633.3,669.0,633.3,666.2,4759
SGIL,2026-10-01,640.05,657.95,602.1,613.85,18436
SGIL,2026-10-05,605.0,632.3,596.0,603.0,4999
SGIL,2026-10-06,603.45,614.65,598.55,603.2,4622
SGL,2026-09-29,9.55,9.55,8.85,9.35,13277
SGL,2026-09-30,9.43,9.43,8.42,8.56,84208
SGL,2026-10-01,8.56,8.8,8.49,8.5,13676
SGL,2026-10-05,8.56,8.84,8.56,8.84,22642
SGL,2026-10-06,9.35,9.35,8.61,8.8,4518
SGLRES,2026-09-29,2.3,2.42,2.25,2.33,27251
SGLRES,2026-09-30,2.28,2.43,2.22,2.38,78563
SGLRES,2026-10-01,2.49,2.49,2.27,2.27,91325
SGLRES,2026-10-05,2.22,2.38,2.18,2.23,57778
SGLRES,2026-10-06,2.29,2.29,2.17,2.26,33778
SGMART,2026-09-29,729.8,770.5,725.9,755.95,491934
SGMART,2026-09-30,760.85,769.05,743.0,750.75,125096
SGMART,2026-10-01,748.45,771.0,728.15,742.2,314856
SGMART,2026-10-05,750.0,758.3,730.9,737.65,397450
SGMART,2026-10-06,740.0,757.2,734.0,742.85,255818
SGRL,2026-09-29,675.0,688.95,645.0,665.75,20692
SGRL,2026-09-30,665.85,704.0,665.85,687.15,13348
SGRL,2026-10-01,683.15,700.0,671.15,694.25,8511
SGRL,2026-10-05,700.0,709.3,669.05,680.4,12588
SGRL,2026-10-06,690.0,734.25,690.0,719.05,31464
SHADOWFAX,2026-09-30,282.0,289.8,278.15,280.25,7428809
SHADOWFAX,2026-10-01,278.0,278.9,267.2,273.15,2716747
SHADOWFAX,2026-10-02,273.15,273.15,273.15,273.15,0
SHADOWFAX,2026-10-05,274.05,290.5,274.05,289.05,5956547
SHADOWFAX,2026-10-06,291.0,291.9,284.2,288.0,7608539
SHAH,2026-09-29,3.2,3.2,3.11,3.15,858603
SHAH,2026-09-30,3.15,3.17,3.09,3.14,678623
SHAH,2026-10-01,3.09,3.1,2.96,3.03,1378111
SHAH,2026-10-05,3.03,3.1,2.99,3.07,511995
SHAH,2026-10-06,3.06,3.22,3.0,3.09,596500
SHAHALLOYS,2026-09-29,89.0,90.0,88.25,89.35,9153
SHAHALLOYS,2026-09-30,87.0,90.89,86.16,86.77,9770
SHAHALLOYS,2026-10-01,85.1,88.98,82.44,85.37,22591
SHAHALLOYS,2026-10-05,85.1,85.1,81.3,82.0,19540
SHAHALLOYS,2026-10-06,79.4,82.45,79.4,81.03,18422
SHAILY,2026-09-29,3046.5,3091.0,3011.8999,3040.8,109791
SHAILY,2026-09-30,3042.7,3125.0,3042.7,3063.0,80016
SHAILY,2026-10-01,3045.0,3074.3999,2972.8,3009.1001,95844
SHAILY,2026-10-05,3020.0,3079.0,2979.3,3012.8,105774
SHAILY,2026-10-06,3019.0,3124.8,3018.5,3100.3,88886
SHAKTIPUMP,2026-09-30,459.95,471.0,458.6,461.35,477179
SHAKTIPUMP,2026-10-01,461.0,463.05,447.4,454.1,358429
SHAKTIPUMP,2026-10-02,454.1,454.1,454.1,454.1,0
SHAKTIPUMP,2026-10-05,455.95,463.5,441.15,443.4,431828
SHAKTIPUMP,2026-10-06,443.4,451.6,443.25,449.35,936644
SHALBY,2026-09-29,143.73,144.4,141.0,142.01,57757
SHALBY,2026-09-30,142.0,145.88,135.0,138.65,263673
SHALBY,2026-10-01,137.53,138.0,129.41,133.55,213871
SHALBY,2026-10-05,133.0,135.49,132.51,134.01,36205
SHALBY,2026-10-06,134.0,137.1,133.61,136.51,50649
SHALPAINTS,2026-09-29,74.87,78.12,71.16,78.09,127726
SHALPAINTS,2026-09-30,77.99,81.99,77.99,80.62,101983
SHALPAINTS,2026-10-01,81.7,81.7,77.6,78.34,72361
SHALPAINTS,2026-10-05,78.34,79.02,74.76,75.17,150821
SHALPAINTS,2026-10-06,75.88,78.5,75.0,77.64,55434
SHANKARA,2026-09-29,128.61,131.6,124.77,127.47,23889
SHANKARA,2026-09-30,133.9,133.9,125.0,126.48,39804
SHANKARA,2026-10-01,126.0,131.9,122.83,124.4,76990
SHANKARA,2026-10-05,124.0,124.0,117.0,118.16,107711
SHANKARA,2026-10-06,119.9,127.19,118.0,125.58,113522
SHANKESH,2026-09-29,90.5,91.0,88.11,88.8,1519099
SHANKESH,2026-09-30,89.8,94.44,89.24,90.25,3014634
SHANKESH,2026-10-01,89.88,91.09,86.58,87.93,1673043
SHANKESH,2026-10-05,89.24,91.3,87.5,88.24,1386109
SHANKESH,2026-10-06,88.65,92.98,88.5,92.21,2366896
SHANTHALA,2026-09-28,15.45,15.45,14.0,14.05,16800
SHANTHALA,2026-09-29,14.05,14.05,14.05,14.05,0
SHANTHALA,2026-09-30,14.15,14.35,13.0,13.5,10800
SHANTHALA,2026-10-01,14.0,14.0,13.6,13.6,12000
SHANTHALA,2026-10-05,13.25,13.9,13.05,13.9,15600
SHANTI,2026-09-29,5.67,5.95,5.26,5.57,47911
SHANTI,2026-09-30,5.57,5.83,5.3,5.49,46100
SHANTI,2026-10-01,5.49,5.74,5.31,5.5,29909
SHANTI,2026-10-05,5.07,5.69,5.07,5.44,17641
SHANTI,2026-10-06,5.45,5.69,5.15,5.49,32761
SHANTIGEAR,2026-09-29,625.0,625.0,601.65,601.65,81490
SHANTIGEAR,2026-09-30,604.8,604.8,571.6,579.9,120371
SHANTIGEAR,2026-10-01,570.0,608.85,568.6,573.65,149908
SHANTIGEAR,2026-10-05,582.6,599.0,572.05,591.75,58856
SHANTIGEAR,2026-10-06,593.0,606.75,586.55,602.3,50138
SHANTIGOLD,2026-09-30,308.0,321.0,306.15,308.6,3315946
SHANTIGOLD,2026-10-01,309.0,311.95,292.1,303.55,2237991
SHANTIGOLD,2026-10-02,303.55,303.55,303.55,303.55,0
SHANTIGOLD,2026-10-05,310.0,323.5,308.5,316.6,3136803
SHANTIGOLD,2026-10-06,320.0,338.7,318.95,336.65,4557162
SHARDACROP,2026-09-29,721.0,737.15,716.0,721.45,120611
SHARDACROP,2026-09-30,719.15,734.85,719.15,723.5,58845
SHARDACROP,2026-10-01,720.0,720.3,697.6,709.2,128905
SHARDACROP,2026-10-05,712.5,729.7,711.25,720.1,91626
SHARDACROP,2026-10-06,721.8,744.55,720.0,741.75,89366
SHARDAMOTR,2026-09-29,948.0,976.5,931.0,971.25,50632
SHARDAMOTR,2026-09-30,964.75,986.85,953.05,956.95,37174
SHARDAMOTR,2026-10-01,962.8,977.0,916.65,928.8,56275
SHARDAMOTR,2026-10-05,929.9,938.6,910.3,918.6,27384
SHARDAMOTR,2026-10-06,924.5,933.05,921.85,928.55,26440
SHARDUL,2026-09-29,56.6,56.6,55.01,55.54,3166
SHARDUL,2026-09-30,56.18,57.8,55.0,56.98,25684
SHARDUL,2026-10-01,57.5,58.22,57.03,57.98,68518
SHARDUL,2026-10-05,58.4,58.6,57.0,58.11,38922
SHARDUL,2026-10-06,58.9,58.9,57.5,58.25,26778
SHAREINDIA,2026-09-29,206.1,213.12,202.22,205.68,1274403
SHAREINDIA,2026-09-30,206.58,208.9,202.5,205.01,703869
SHAREINDIA,2026-10-01,202.5,209.31,199.12,205.09,1139127
SHAREINDIA,2026-10-05,208.2,219.0,204.51,206.06,2810914
SHAREINDIA,2026-10-06,207.5,212.0,207.0,211.4,880461
SHBAJRG,2026-09-29,169.99,172.0,165.0,169.16,13884
SHBAJRG,2026-09-30,168.0,171.9,157.11,159.79,25638
SHBAJRG,2026-10-01,161.95,183.0,160.0,172.33,42622
SHBAJRG,2026-10-05,174.05,176.0,161.71,164.79,11077
SHBAJRG,2026-10-06,166.5,167.96,161.49,162.8,6772
SHEETAL,2026-09-28,340.75,357.0,340.75,357.0,4000
SHEETAL,2026-09-29,356.95,357.0,351.05,354.0,2000
SHEETAL,2026-09-30,360.0,360.0,354.4,357.15,6000
SHEETAL,2026-10-01,355.0,359.0,355.0,359.0,1000
SHEETAL,2026-10-05,358.5,358.7,358.5,358.65,2000
SHEKHAWATI,2026-09-29,30.18,30.18,30.18,30.18,29954
SHEKHAWATI,2026-09-30,31.68,31.68,31.68,31.68,19430
SHEKHAWATI,2026-10-01,33.26,33.26,30.1,30.1,138399
SHEKHAWATI,2026-10-05,28.6,28.6,28.6,28.6,4882
SHEKHAWATI,2026-10-06,27.17,27.17,27.17,27.17,25814
SHEMAROO,2026-09-29,121.7,123.0,116.56,117.95,3375
SHEMAROO,2026-09-30,118.15,122.0,116.55,117.12,14665
SHEMAROO,2026-10-01,118.5,118.95,115.21,115.21,5349
SHEMAROO,2026-10-05,116.36,117.89,109.99,110.56,17297
SHEMAROO,2026-10-06,111.6,114.35,111.6,111.76,6104
SHERA,2026-09-28,181.35,193.0,178.0,190.7,183000
SHERA,2026-09-29,190.0,197.0,185.25,195.3,157000
SHERA,2026-09-30,196.2,204.0,196.2,198.0,136000
SHERA,2026-10-01,195.0,199.9,189.95,190.0,44000
SHERA,2026-10-05,194.0,198.0,187.0,187.0,32000
SHERVANI,2026-09-30,325.0,335.0,325.0,335.0,3
SHERVANI,2026-10-01,335.0,335.0,335.0,335.0,0
SHERVANI,2026-10-02,335.0,335.0,335.0,335.0,0
SHERVANI,2026-10-05,315.0,315.05,299.25,315.0,64
SHERVANI,2026-10-06,304.0,304.0,304.0,304.0,20
SHIGAN,2026-09-29,63.8,63.8,58.3,58.3,3000
SHIGAN,2026-09-30,62.5,62.6,62.5,62.6,57000
SHIGAN,2026-10-01,62.6,62.6,62.6,62.6,0
SHIGAN,2026-10-02,62.6,62.6,62.6,62.6,0
SHIGAN,2026-10-05,62.6,63.6,62.35,62.8,13500
SHILCTECH,2026-09-30,4050.0,4105.6001,4036.3999,4084.0,9905
SHILCTECH,2026-10-01,4084.0,4100.0,3985.2,4033.0,12506
SHILCTECH,2026-10-02,4033.0,4033.0,4033.0,4033.0,0
SHILCTECH,2026-10-05,4035.0,4078.3,3969.0,4032.8999,13865
SHILCTECH,2026-10-06,4032.8999,4105.0,4015.8999,4094.2,10823
SHILGRAVQ,2026-09-29,143.36,148.8,138.0,139.82,4090
SHILGRAVQ,2026-09-30,142.0,149.8,139.82,146.05,3356
SHILGRAVQ,2026-10-01,145.9,145.9,137.0,139.35,4206
SHILGRAVQ,2026-10-05,137.65,148.1,137.0,142.87,773
SHILGRAVQ,2026-10-06,145.0,146.99,141.27,145.31,1576
SHILPAMED,2026-09-29,1033.1,1071.1,1018.7,1055.75,875494
SHILPAMED,2026-09-30,1060.0,1075.0,1033.5,1047.2,492219
SHILPAMED,2026-10-01,1044.0,1095.0,1034.6,1064.1,1687680
SHILPAMED,2026-10-05,1069.0,1081.9,1020.2,1031.2,870692
SHILPAMED,2026-10-06,1028.1,1079.9,1026.1,1073.7,586980
SHINDL,2026-09-29,159.49,160.99,158.05,160.1,126506
SHINDL,2026-09-30,160.32,160.39,158.16,159.6,66280
SHINDL,2026-10-01,158.12,160.0,154.0,159.12,82053
SHINDL,2026-10-05,159.04,159.59,155.25,158.41,77098
SHINDL,2026-10-06,159.99,159.99,156.0,158.69,135954
SHIPROCKET,2026-09-30,120.0,123.97,119.51,120.16,1916192
SHIPROCKET,2026-10-01,119.74,121.0,118.2,119.98,1945076
SHIPROCKET,2026-10-02,119.98,119.98,119.98,119.98,0
SHIPROCKET,2026-10-05,120.99,124.5,120.05,123.0,3116897
SHIPROCKET,2026-10-06,124.87,132.34,123.46,131.43,7621409
SHIVAAGRO,2026-09-29,39.0,39.9,38.0,39.13,4117
SHIVAAGRO,2026-09-30,41.0,41.15,37.61,39.47,5236
SHIVAAGRO,2026-10-01,39.6,39.6,36.61,39.22,8935
SHIVAAGRO,2026-10-05,39.0,39.0,38.4,38.7,949
SHIVAAGRO,2026-10-06,39.1,39.2,38.0,39.02,3408
SHIVACEM,2026-09-29,15.01,15.49,14.7,14.91,104609
SHIVACEM,2026-09-30,14.5,14.5,13.0,13.76,694858
SHIVACEM,2026-10-01,13.76,13.94,12.8,13.34,296434
SHIVACEM,2026-10-05,13.3,13.3,12.45,12.7,216275
SHIVACEM,2026-10-06,12.6,14.7,12.6,13.19,118475
SHIVALIK,2026-09-29,411.0,419.55,401.7,411.35,66902
SHIVALIK,2026-09-30,414.8,423.0,400.0,403.45,45380
SHIVALIK,2026-10-01,399.0,403.45,373.55,394.05,99182
SHIVALIK,2026-10-05,400.8,401.95,374.2,375.3,46656
SHIVALIK,2026-10-06,374.0,389.8,360.0,386.25,78279
SHIVAMAUTO,2026-09-29,17.3,17.99,16.51,16.7,59079
SHIVAMAUTO,2026-09-30,17.5,18.54,16.85,17.04,113889
SHIVAMAUTO,2026-10-01,17.04,17.31,16.71,17.07,35302
SHIVAMAUTO,2026-10-05,17.41,17.41,16.6,16.67,41370
SHIVAMAUTO,2026-10-06,16.95,17.89,16.45,16.6,93728
SHIVAMILLS,2026-09-29,58.06,60.0,57.53,60.0,3075
SHIVAMILLS,2026-09-30,61.5,61.5,58.0,58.14,580
SHIVAMILLS,2026-10-01,60.0,60.0,56.27,56.59,1434
SHIVAMILLS,2026-10-05,58.0,59.41,57.0,59.32,1618
SHIVAMILLS,2026-10-06,59.0,62.15,58.0,58.31,1160
SHIVATEX,2026-09-29,175.0,175.0,165.45,168.97,1956
SHIVATEX,2026-09-30,168.0,173.78,165.01,166.87,623
SHIVATEX,2026-10-01,166.87,172.6,166.03,172.6,780
SHIVATEX,2026-10-05,169.0,171.0,165.01,165.01,4797
SHIVATEX,2026-10-06,165.22,172.9,165.01,169.99,2607
SHIVAUM,2026-09-29,544.0,548.8,542.0,545.4,13192
SHIVAUM,2026-09-30,545.05,559.1,545.0,557.15,122580
SHIVAUM,2026-10-01,559.5,559.5,551.5,554.6,2431
SHIVAUM,2026-10-05,535.5,563.9,525.05,558.95,20380
SHIVAUM,2026-10-06,559.05,559.7,552.5,552.65,4729
SHK,2026-09-29,137.02,142.28,136.23,140.33,276049
SHK,2026-09-30,139.96,142.78,139.65,141.02,181372
SHK,2026-10-01,141.0,141.35,135.0,137.86,208064
SHK,2026-10-05,138.0,140.89,136.0,137.42,195849
SHK,2026-10-06,138.4,143.86,136.82,142.32,584843
SHOPERSTOP,2026-09-29,417.45,423.15,405.55,418.95,121522
SHOPERSTOP,2026-09-30,410.0,426.0,410.0,415.0,26629
SHOPERSTOP,2026-10-01,412.75,414.5,384.3,404.7,137363
SHOPERSTOP,2026-10-05,397.15,407.35,395.2,395.5,40206
SHOPERSTOP,2026-10-06,390.05,405.0,390.05,398.15,17401
SHRADDHA,2026-09-30,148.64,159.7,143.1,152.31,10595
SHRADDHA,2026-10-01,159.0,159.0,146.32,155.1,25371
SHRADDHA,2026-10-02,155.1,155.1,155.1,155.1,0
SHRADDHA,2026-10-05,160.1,179.0,157.1,164.79,91009
SHRADDHA,2026-10-06,166.5,172.5,162.3,166.72,9492
SHRADHA,2026-09-30,31.3,31.38,30.0,30.5,845
SHRADHA,2026-10-01,29.5,33.0,29.5,29.89,6515
SHRADHA,2026-10-02,29.89,29.89,29.89,29.89,0
SHRADHA,2026-10-05,29.89,31.02,28.5,29.36,8474
SHRADHA,2026-10-06,30.48,32.49,28.5,29.83,31075
SHREDIGCEM,2026-09-29,66.24,67.19,65.21,66.41,31536
SHREDIGCEM,2026-09-30,66.99,67.19,65.5,65.92,32697
SHREDIGCEM,2026-10-01,66.0,67.35,65.0,66.69,90765
SHREDIGCEM,2026-10-05,66.69,67.2,65.57,66.33,52935
SHREDIGCEM,2026-10-06,67.0,67.0,64.15,65.12,143730
SHREECEM,2026-09-29,22170.0,22360.0,21550.0,21900.0,450209
SHREECEM,2026-09-30,21900.0,22400.0,21900.0,22345.0,20963
SHREECEM,2026-10-01,22250.0,22275.0,21355.0,21900.0,59306
SHREECEM,2026-10-05,21750.0,22100.0,21720.0,21990.0,39075
SHREECEM,2026-10-06,21800.0,22210.0,21800.0,22210.0,22432
SHREEJISPG,2026-09-29,755.0,767.1,754.0,763.3,864463
SHREEJISPG,2026-09-30,764.0,774.0,764.0,770.4,359788
SHREEJISPG,2026-10-01,774.0,780.0,761.25,775.35,1026808
SHREEJISPG,2026-10-05,779.8,788.1,768.8,779.85,915863
SHREEJISPG,2026-10-06,783.0,799.5,781.5,796.5,1124841
SHREEKARNI,2026-09-28,362.0,378.0,362.0,377.4,1350
SHREEKARNI,2026-09-29,378.0,378.0,378.0,378.0,300
SHREEKARNI,2026-09-30,380.0,388.0,380.0,382.0,900
SHREEKARNI,2026-10-01,385.0,385.0,378.0,378.0,450
SHREEKARNI,2026-10-05,372.0,377.0,372.0,377.0,300
SHREEOSFM,2026-09-28,51.9,52.0,51.9,52.0,3000
SHREEOSFM,2026-09-29,51.95,52.0,51.0,51.0,3000
SHREEOSFM,2026-09-30,51.0,51.9,51.0,51.7,4000
SHREEOSFM,2026-10-01,53.4,56.0,53.4,55.1,30000
SHREEOSFM,2026-10-05,56.0,61.9,56.0,59.95,53000
SHREEPUSHK,2026-09-29,492.4,494.95,476.55,481.9,30375
SHREEPUSHK,2026-09-30,480.9,505.05,480.9,492.75,70018
SHREEPUSHK,2026-10-01,494.45,499.95,480.0,491.5,40500
SHREEPUSHK,2026-10-05,500.0,506.9,491.85,494.55,43640
SHREEPUSHK,2026-10-06,495.25,515.0,487.3,510.1,51437
SHREERAMA,2026-09-29,43.03,43.95,43.01,43.71,39201
SHREERAMA,2026-09-30,43.22,45.4,43.22,43.73,26435
SHREERAMA,2026-10-01,43.4,44.23,42.8,43.16,37590
SHREERAMA,2026-10-05,44.0,44.6,42.72,43.09,38309
SHREERAMA,2026-10-06,42.96,44.19,42.6,43.53,35270
SHREMINVIT,2026-09-28,102.01,102.01,102.0,102.0,100000
SHREMINVIT,2026-09-29,102.0,102.0,102.0,102.0,0
SHREMINVIT,2026-09-30,102.0,102.0,102.0,102.0,0
SHREMINVIT,2026-10-01,107.95,107.95,103.0,103.0,50000
SHREMINVIT,2026-10-05,103.0,103.0,103.0,103.0,0
SHRENIK,2026-09-29,0.3,0.3,0.28,0.29,311187
SHRENIK,2026-09-30,0.3,0.3,0.28,0.29,268021
SHRENIK,2026-10-01,0.3,0.3,0.28,0.28,249886
SHRENIK,2026-10-05,0.28,0.29,0.28,0.28,650128
SHRENIK,2026-10-06,0.29,0.29,0.27,0.27,973715
SHREYANIND,2026-09-30,129.95,133.99,129.0,130.45,4801
SHREYANIND,2026-10-01,129.99,133.5,122.0,126.29,10571
SHREYANIND,2026-10-02,126.29,126.29,126.29,126.29,0
SHREYANIND,2026-10-05,125.66,129.65,125.66,129.0,8211
SHREYANIND,2026-10-06,128.1,130.0,127.0,128.94,7606
SHRIKRISH,2026-09-28,34.15,38.8,34.15,35.2,4271
SHRIKRISH,2026-09-29,36.0,36.11,36.0,36.1,129
SHRIKRISH,2026-09-30,35.2,35.2,33.17,33.89,2386
SHRIKRISH,2026-10-01,37.24,37.27,34.02,35.96,1257
SHRIKRISH,2026-10-05,34.15,35.85,32.56,34.05,3897
SHRINGARMS,2026-09-29,219.78,221.4,214.5,215.91,319671
SHRINGARMS,2026-09-30,216.85,231.0,216.79,224.6,2130481
SHRINGARMS,2026-10-01,224.8,228.0,216.41,221.31,1103142
SHRINGARMS,2026-10-05,222.85,223.28,218.11,219.36,290081
SHRINGARMS,2026-10-06,221.02,225.5,219.49,223.32,1129088
SHRIPISTON,2026-09-30,4774.3999,4774.3999,4620.2998,4653.7002,75703
SHRIPISTON,2026-10-01,4600.0,4673.7998,4350.0,4490.5,186749
SHRIPISTON,2026-10-02,4490.5,4490.5,4490.5,4490.5,0
SHRIPISTON,2026-10-05,4550.0,4567.1001,4369.0,4398.7998,75521
SHRIPISTON,2026-10-06,4430.0,4447.8999,4332.0,4405.0,74800
SHRIRAMFIN,2026-09-30,972.2,987.0,965.1,982.7,5552495
SHRIRAMFIN,2026-10-01,973.5,975.0,936.0,945.0,5599670
SHRIRAMFIN,2026-10-02,945.0,945.0,945.0,945.0,0
SHRIRAMFIN,2026-10-05,964.0,973.5,954.0,971.4,5092892
SHRIRAMFIN,2026-10-06,971.4,975.0,959.1,965.05,4433639
SHRIRAMPPS,2026-09-29,70.01,70.1,68.51,69.86,219843
SHRIRAMPPS,2026-09-30,70.15,70.64,68.51,69.21,334575
SHRIRAMPPS,2026-10-01,69.0,69.53,65.59,67.36,414796
SHRIRAMPPS,2026-10-05,67.45,68.34,66.4,67.52,309049
SHRIRAMPPS,2026-10-06,67.97,68.47,67.41,68.13,143686
SHRITECH,2026-09-28,62.0,62.0,62.0,62.0,0
SHRITECH,2026-09-29,60.15,62.0,60.0,60.0,8000
SHRITECH,2026-09-30,61.4,61.5,61.4,61.5,4000
SHRITECH,2026-10-01,59.0,59.0,58.8,58.8,6000
SHRITECH,2026-10-05,58.8,58.8,58.8,58.8,0
SHRJAGP,2026-09-29,637.7,637.7,620.1,634.35,251
SHRJAGP,2026-09-30,635.0,693.0,635.0,665.6,758
SHRJAGP,2026-10-01,665.0,704.9,660.05,673.0,868
SHRJAGP,2026-10-05,684.0,708.9,680.0,685.0,716
SHRJAGP,2026-10-06,676.0,700.0,672.1,674.6,210
SHUBHLAXMI,2026-09-28,19.05,19.05,19.05,19.05,3000
SHUBHLAXMI,2026-09-29,18.2,18.2,18.15,18.15,4000
SHUBHLAXMI,2026-09-30,18.15,18.15,18.15,18.15,0
SHUBHLAXMI,2026-10-01,17.3,17.3,17.25,17.25,4000
SHUBHLAXMI,2026-10-05,16.45,16.45,16.45,16.45,1000
SHUKRAPHAR,2026-09-30,60.96,63.36,60.77,62.09,6037718
SHUKRAPHAR,2026-10-01,62.0,65.4,61.0,61.8,7563030
SHUKRAPHAR,2026-10-02,61.8,61.8,61.8,61.8,0
SHUKRAPHAR,2026-10-05,62.84,73.88,62.5,70.49,55171960
SHUKRAPHAR,2026-10-06,72.4,75.4,70.55,72.58,24259222
SHYAMCENT,2026-09-29,4.96,5.09,4.95,4.99,48331
SHYAMCENT,2026-09-30,4.85,5.09,4.85,4.97,11943
SHYAMCENT,2026-10-01,4.97,5.21,4.89,5.0,223042
SHYAMCENT,2026-10-05,5.45,5.45,4.9,5.07,93969
SHYAMCENT,2026-10-06,5.17,5.17,5.0,5.03,38542
SHYAMMETL,2026-09-30,1076.9,1078.5,1055.0,1065.0,235248
SHYAMMETL,2026-10-01,1072.5,1075.7,1027.1,1047.8,475311
SHYAMMETL,2026-10-02,1047.8,1047.8,1047.8,1047.8,0
SHYAMMETL,2026-10-05,1054.0,1057.6,1015.0,1020.2,527412
SHYAMMETL,2026-10-06,1024.0,1059.3,1019.4,1054.0,413178
SHYAMTEL,2026-09-29,11.14,11.46,10.3,10.86,15046
SHYAMTEL,2026-09-30,10.81,11.34,10.81,10.99,2507
SHYAMTEL,2026-10-01,10.7,11.23,10.24,10.32,3810
SHYAMTEL,2026-10-05,10.79,11.3,10.5,10.93,6059
SHYAMTEL,2026-10-06,11.22,11.25,10.62,10.73,4752
SICAGEN,2026-09-29,51.86,52.4,50.5,51.18,7947
SICAGEN,2026-09-30,51.2,52.88,51.2,51.74,5078
SICAGEN,2026-10-01,51.76,52.45,50.5,50.96,16580
SICAGEN,2026-10-05,51.4,53.3,50.1,52.37,8560
SICAGEN,2026-10-06,51.5,52.84,51.5,51.87,4100
SICALLOG,2026-09-29,90.98,91.5,87.01,89.12,24853
SICALLOG,2026-09-30,89.12,91.74,89.0,91.19,15134
SICALLOG,2026-10-01,92.0,92.0,87.0,87.08,35305
SICALLOG,2026-10-05,87.77,91.4,87.2,88.68,20373
SICALLOG,2026-10-06,90.0,90.0,86.2,89.33,11027
SIDDHIKA,2026-09-28,218.35,218.35,207.45,208.8,7500
SIDDHIKA,2026-09-29,208.8,208.8,208.8,208.8,0
SIDDHIKA,2026-09-30,218.0,219.0,214.0,214.0,4000
SIDDHIKA,2026-10-01,214.3,214.3,214.25,214.25,2500
SIDDHIKA,2026-10-05,211.0,211.0,210.5,211.0,3000
SIEL,2026-09-29,30.5,30.5,30.5,30.5,11
SIEL,2026-09-30,30.5,30.6,28.99,29.01,204
SIEL,2026-10-01,30.0,30.46,29.85,30.46,328
SIEL,2026-10-05,31.0,31.0,30.05,31.0,209
SIEL,2026-10-06,31.0,31.0,31.0,31.0,11
SIEMENS,2026-09-30,3721.1001,3789.1001,3720.0,3725.6001,183302
SIEMENS,2026-10-01,3725.7,3804.0,3709.5,3804.0,243713
SIEMENS,2026-10-02,3804.0,3804.0,3804.0,3804.0,0
SIEMENS,2026-10-05,3804.0,3842.0,3700.0,3701.1001,184140
SIEMENS,2026-10-06,3734.0,3859.6001,3694.3999,3854.0,219302
SIGACHI,2026-09-29,28.98,29.95,28.05,28.76,4607371
SIGACHI,2026-09-30,28.83,29.46,28.74,28.8,1852936
SIGACHI,2026-10-01,28.8,29.4,28.0,28.34,2213562
SIGACHI,2026-10-05,28.49,28.93,28.06,28.72,1604708
SIGACHI,2026-10-06,28.73,31.19,28.65,29.89,5407774
SIGIND,2026-09-29,70.99,70.99,67.1,68.37,6858
SIGIND,2026-09-30,70.0,70.0,65.5,68.73,12504
SIGIND,2026-10-01,71.7,71.7,65.3,67.42,18489
SIGIND,2026-10-05,69.99,69.99,64.05,64.06,31422
SIGIND,2026-10-06,66.0,66.4,61.9,62.86,16916
SIGMA,2026-09-29,44.06,44.74,43.07,43.9,65048
SIGMA,2026-09-30,44.5,45.83,43.55,44.25,48186
SIGMA,2026-10-01,45.8,46.5,44.51,44.91,119958
SIGMA,2026-10-05,46.0,46.15,43.31,43.83,100749
SIGMA,2026-10-06,44.9,45.6,43.55,45.24,88715
SIGMAADV,2026-09-29,915.0,976.9,904.85,976.9,564099
SIGMAADV,2026-09-30,990.25,1025.7,990.05,1025.7,370551
SIGMAADV,2026-10-01,1076.9,1076.9,1076.9,1076.9,542861
SIGMAADV,2026-10-05,1130.7,1130.7,1036.0,1130.6,835410
SIGMAADV,2026-10-06,1107.0,1165.0,1090.0,1119.4,384923
SIGNATURE,2026-09-29,775.95,775.95,751.0,754.45,298048
SIGNATURE,2026-09-30,750.0,761.85,721.05,727.15,331497
SIGNATURE,2026-10-01,726.0,745.0,713.0,737.45,227926
SIGNATURE,2026-10-05,736.8,744.8,732.0,738.2,337538
SIGNATURE,2026-10-06,732.6,740.2,717.55,719.35,280837
SIGNORIA,2026-09-29,145.0,145.0,145.0,145.0,0
SIGNORIA,2026-09-30,145.0,145.0,143.0,143.0,2000
SIGNORIA,2026-10-01,143.0,143.0,143.0,143.0,0
SIGNORIA,2026-10-02,143.0,143.0,143.0,143.0,0
SIGNORIA,2026-10-05,140.0,149.3,140.0,149.3,2000
SIGNPOST,2026-09-29,262.05,265.7,255.6,257.85,36505
SIGNPOST,2026-09-30,257.0,268.85,256.95,262.0,48744
SIGNPOST,2026-10-01,262.25,265.0,254.1,259.4,72245
SIGNPOST,2026-10-05,265.7,265.7,256.2,260.85,16214
SIGNPOST,2026-10-06,262.25,265.85,260.0,262.1,30403
SIKA,2026-09-29,1032.0,1032.0,999.2,1025.45,24835
SIKA,2026-09-30,1033.95,1039.0,1010.0,1014.35,12197
SIKA,2026-10-01,1014.3,1029.9,991.0,1018.2,34402
SIKA,2026-10-05,1028.2,1038.0,1015.0,1022.6,16720
SIKA,2026-10-06,1033.7,1040.0,1017.0,1029.3,9994
SIKKO,2026-09-29,6.53,6.61,6.28,6.51,488459
SIKKO,2026-09-30,6.58,6.58,6.27,6.33,283323
SIKKO,2026-10-01,6.3,6.45,6.02,6.22,459887
SIKKO,2026-10-05,6.22,6.32,5.91,6.21,382053
SIKKO,2026-10-06,6.09,6.21,6.0,6.16,303160
SIL,2026-09-29,16.5,16.89,15.9,16.42,36876
SIL,2026-09-30,16.6,16.79,15.5,15.69,158905
SIL,2026-10-01,15.7,16.25,15.62,15.83,44356
SIL,2026-10-05,15.51,16.48,15.51,15.98,16385
SIL,2026-10-06,16.2,16.2,15.86,16.0,8963
SILGO,2026-09-29,69.03,71.52,68.5,70.49,113792
SILGO,2026-09-30,70.49,71.09,69.69,70.21,50805
SILGO,2026-10-01,68.8,70.78,68.39,70.17,10640
SILGO,2026-10-05,70.89,71.7,68.75,69.49,5571
SILGO,2026-10-06,70.52,70.55,68.07,69.51,66055
SILINV,2026-09-29,440.0,453.0,432.2,436.6,1251
SILINV,2026-09-30,435.0,444.9,431.0,431.45,1394
SILINV,2026-10-01,430.0,439.7,411.0,424.55,1793
SILINV,2026-10-05,418.8,451.0,418.8,445.75,3970
SILINV,2026-10-06,454.0,463.0,450.0,459.4,1855
SILKFLEX,2026-09-28,287.0,292.8,279.1,287.45,12000
SILKFLEX,2026-09-29,287.45,287.45,287.45,287.45,0
SILKFLEX,2026-09-30,273.5,280.5,273.1,273.1,40000
SILKFLEX,2026-10-01,273.0,286.75,273.0,286.75,35000
SILKFLEX,2026-10-05,297.8,300.8,285.0,300.15,16000
SILVERTUC,2026-09-29,145.0,147.27,139.26,140.59,260831
SILVERTUC,2026-09-30,141.5,144.8,138.86,140.49,261015
SILVERTUC,2026-10-01,142.49,142.5,136.41,138.68,256017
SILVERTUC,2026-10-05,138.5,142.0,136.77,137.41,66478
SILVERTUC,2026-10-06,139.0,139.39,136.76,137.68,93538
SIMBHALS,2026-09-29,6.43,6.43,6.31,6.31,14392
SIMBHALS,2026-09-30,6.19,6.43,6.19,6.4,14489
SIMBHALS,2026-10-01,6.6,6.72,6.6,6.72,5019
SIMBHALS,2026-10-05,7.05,7.05,7.05,7.05,4750
SIMBHALS,2026-10-06,7.25,7.4,7.11,7.4,30697
SIMPLEXINF,2026-09-30,242.9,255.0,241.0,245.5,73280
SIMPLEXINF,2026-10-01,245.7,253.0,234.8,245.01,700626
SIMPLEXINF,2026-10-02,245.01,245.01,245.01,245.01,0
SIMPLEXINF,2026-10-05,254.9,263.0,248.11,249.61,280280
SIMPLEXINF,2026-10-06,251.85,261.5,247.82,259.13,205664
SIMPLXREA,2026-09-29,130.88,130.88,130.88,130.88,1
SIMPLXREA,2026-09-30,130.85,130.85,125.88,130.0,89
SIMPLXREA,2026-10-01,124.65,124.65,123.5,123.5,314
SIMPLXREA,2026-10-05,124.0,129.0,117.36,117.43,99
SIMPLXREA,2026-10-06,122.95,122.95,113.75,113.75,203
SINCLAIR,2026-09-29,78.5,79.15,77.0,77.43,15996
SINCLAIR,2026-09-30,77.04,79.65,76.51,78.63,7388
SINCLAIR,2026-10-01,80.0,80.5,76.55,76.71,16873
SINCLAIR,2026-10-05,76.75,78.95,75.12,75.87,24830
SINCLAIR,2026-10-06,75.38,77.97,74.79,75.93,25792
SINDHUTRAD,2026-09-29,22.99,23.19,22.65,22.86,152237
SINDHUTRAD,2026-09-30,22.92,23.27,22.7,22.89,154892
SINDHUTRAD,2026-10-01,22.9,22.94,21.93,22.23,247880
SINDHUTRAD,2026-10-05,22.13,22.82,21.82,22.13,361160
SINDHUTRAD,2026-10-06,22.24,22.93,21.56,22.0,4527295
SINGERIND,2026-09-29,76.2,77.68,75.21,76.79,60317
SINGERIND,2026-09-30,78.2,78.2,75.2,77.31,76015
SINGERIND,2026-10-01,75.76,78.0,73.9,74.66,79656
SINGERIND,2026-10-05,74.05,77.07,74.05,74.6,56846
SINGERIND,2026-10-06,74.05,76.4,73.51,74.93,73914
SINTERCOM,2026-09-29,77.5,77.5,74.7,76.96,2593
SINTERCOM,2026-09-30,80.3,80.3,77.01,79.91,1109
SINTERCOM,2026-10-01,79.91,79.91,74.0,75.87,1933
SINTERCOM,2026-10-05,75.9,75.9,75.9,75.9,1
SINTERCOM,2026-10-06,76.01,78.5,75.91,76.93,3846
SIRCA,2026-09-30,409.0,416.3,409.0,410.1,138309
SIRCA,2026-10-01,410.0,410.1,397.0,401.55,129849
SIRCA,2026-10-02,401.55,401.55,401.55,401.55,0
SIRCA,2026-10-05,401.6,404.8,400.15,401.7,122332
SIRCA,2026-10-06,403.8,411.0,403.7,406.6,78878
SIS,2026-09-29,394.2,424.4,394.15,418.65,413495
SIS,2026-09-30,416.4,424.0,415.8,419.1,321349
SIS,2026-10-01,419.1,419.85,407.2,412.85,85848
SIS,2026-10-05,413.45,419.9,411.6,414.7,57546
SIS,2026-10-06,416.45,420.3,414.55,416.7,99900
SITINET,2026-09-29,0.27,0.28,0.27,0.27,434860
SITINET,2026-09-30,0.28,0.28,0.27,0.27,378627
SITINET,2026-10-01,0.27,0.28,0.27,0.27,248430
SITINET,2026-10-05,0.27,0.28,0.26,0.26,1109785
SITINET,2026-10-06,0.26,0.27,0.25,0.25,1028300
SIYSIL,2026-09-29,534.9,543.95,525.15,541.4,28804
SIYSIL,2026-09-30,543.9,543.9,538.0,539.95,14052
SIYSIL,2026-10-01,538.0,538.0,525.0,531.55,28509
SIYSIL,2026-10-05,535.8,544.0,531.5,540.15,20499
SIYSIL,2026-10-06,549.0,559.05,541.6,553.45,25170
SJLOGISTIC,2026-09-28,322.0,322.0,314.2,317.0,23500
SJLOGISTIC,2026-09-29,319.0,324.7,314.1,322.55,30500
SJLOGISTIC,2026-09-30,325.0,325.0,307.55,310.1,43000
SJLOGISTIC,2026-10-01,317.9,318.95,307.6,311.5,25250
SJLOGISTIC,2026-10-05,311.85,318.5,311.5,314.85,12250
SJS,2026-09-30,2300.0,2319.6001,2252.2,2258.0,89175
SJS,2026-10-01,2250.0,2258.0,2090.8,2159.8,310025
SJS,2026-10-02,2159.8,2159.8,2159.8,2159.8,0
SJS,2026-10-05,2159.8,2175.0,2022.2,2039.6,380923
SJS,2026-10-06,2039.6,2039.6,1969.1,1981.4,278119
SJVN,2026-09-30,59.98,60.3,59.01,59.32,2571072
SJVN,2026-10-01,59.25,59.27,56.73,57.91,4376261
SJVN,2026-10-02,57.91,57.91,57.91,57.91,0
SJVN,2026-10-05,58.3,58.5,57.01,57.16,2071448
SJVN,2026-10-06,57.42,57.6,56.8,57.26,1735298
SKFINDIA,2026-09-30,1513.0,1524.6,1500.3,1509.9,30500
SKFINDIA,2026-10-01,1510.0,1510.0,1443.2,1450.2,62968
SKFINDIA,2026-10-02,1450.2,1450.2,1450.2,1450.2,0
SKFINDIA,2026-10-05,1420.0,1458.9,1420.0,1445.9,43200
SKFINDIA,2026-10-06,1453.0,1466.0,1435.0,1461.9,34336
SKFINDUS,2026-09-29,2881.0,2881.0,2721.3,2789.0,190210
SKFINDUS,2026-09-30,2780.0,2842.8999,2735.0,2767.8999,172115
SKFINDUS,2026-10-01,2760.0,2760.0,2662.0,2734.2,35509
SKFINDUS,2026-10-05,2759.8999,2759.8999,2670.1001,2729.5,21506
SKFINDUS,2026-10-06,2720.0,2785.0,2691.3,2774.6001,23101
SKIL,2026-09-29,0.97,0.97,0.97,0.97,0
SKIL,2026-09-30,0.97,0.97,0.97,0.97,0
SKIL,2026-10-01,0.97,0.97,0.97,0.97,0
SKIL,2026-10-02,0.97,0.97,0.97,0.97,0
SKIL,2026-10-05,1.01,1.01,1.01,1.01,41651
SKIPPER,2026-09-29,533.5,544.5,529.65,541.55,508233
SKIPPER,2026-09-30,541.9,548.65,528.25,531.15,260601
SKIPPER,2026-10-01,532.2,554.45,526.6,541.2,1034814
SKIPPER,2026-10-05,543.0,551.9,534.0,538.9,402506
SKIPPER,2026-10-06,539.05,553.5,537.0,551.5,377288
SKMEGGPROD,2026-09-29,211.5,220.7,208.3,219.1,184627
SKMEGGPROD,2026-09-30,220.95,223.9,210.1,211.15,187953
SKMEGGPROD,2026-10-01,210.95,210.95,201.1,205.29,216666
SKMEGGPROD,2026-10-05,204.0,206.38,199.3,201.4,170126
SKMEGGPROD,2026-10-06,202.01,214.65,202.01,210.05,179445
SKP,2026-09-28,159.0,163.55,159.0,162.55,65500
SKP,2026-09-29,163.0,167.0,163.0,166.95,34500
SKP,2026-09-30,166.95,166.95,165.0,165.8,1500
SKP,2026-10-01,152.0,163.4,152.0,163.0,55500
SKP,2026-10-05,165.0,165.5,162.0,165.0,18500
SKYGOLD,2026-09-30,824.95,838.45,806.0,810.7,695736
SKYGOLD,2026-10-01,810.7,817.9,776.5,810.65,1141277
SKYGOLD,2026-10-02,810.65,810.65,810.65,810.65,0
SKYGOLD,2026-10-05,818.0,839.0,814.0,825.9,1050336
SKYGOLD,2026-10-06,830.7,877.0,830.65,857.65,4153228
SKYWAYS,2026-09-29,119.5,119.7,114.85,115.31,2023181
SKYWAYS,2026-09-30,116.0,117.79,112.31,113.26,2306221
SKYWAYS,2026-10-01,114.4,114.4,108.51,110.29,1680019
SKYWAYS,2026-10-05,111.7,113.42,108.85,109.48,1317759
SKYWAYS,2026-10-06,110.0,116.5,109.52,113.51,1344035
SLONE,2026-09-28,170.0,170.0,163.25,168.25,6400
SLONE,2026-09-29,167.0,167.4,167.0,167.4,800
SLONE,2026-09-30,167.4,167.4,167.4,167.4,0
SLONE,2026-10-01,165.0,165.0,160.0,161.0,2400
SLONE,2026-10-05,161.0,164.0,160.0,162.9,2400
SMARTLINK,2026-09-29,209.0,216.94,203.0,203.47,2095
SMARTLINK,2026-09-30,203.0,213.47,203.0,211.91,6158
SMARTLINK,2026-10-01,209.0,218.99,209.0,212.1,6005
SMARTLINK,2026-10-05,220.0,222.7,216.71,222.7,4925
SMARTLINK,2026-10-06,226.95,233.83,218.0,221.9,15545
SMARTWORKS,2026-09-29,509.65,517.25,499.7,514.25,190804
SMARTWORKS,2026-09-30,528.95,538.65,515.15,519.85,108747
SMARTWORKS,2026-10-01,519.95,529.45,499.45,510.65,53593
SMARTWORKS,2026-10-05,515.0,515.0,496.1,497.8,70592
SMARTWORKS,2026-10-06,501.0,513.85,497.35,503.9,128071
SMCGLOBAL,2026-09-29,97.0,107.0,89.4,92.98,24531586
SMCGLOBAL,2026-09-30,93.0,96.24,91.17,94.48,6836896
SMCGLOBAL,2026-10-01,95.0,102.68,93.5,99.06,9500246
SMCGLOBAL,2026-10-05,100.0,118.8,96.22,114.5,85008573
SMCGLOBAL,2026-10-06,119.4,120.0,107.67,110.55,29976749
SMLMAH,2026-09-29,6575.0,6660.0,6485.5,6616.5,34312
SMLMAH,2026-09-30,6620.0,6709.5,6468.0,6578.0,48022
SMLMAH,2026-10-01,6550.0,6581.0,6249.5,6251.0,72958
SMLMAH,2026-10-05,6390.0,6459.0,6280.0,6354.0,41005
SMLMAH,2026-10-06,6404.0,6404.0,6090.0,6135.5,55114
SMLT,2026-09-30,63.4,63.4,59.0,61.82,11905
SMLT,2026-10-01,67.0,74.18,66.0,74.18,112524
SMLT,2026-10-02,74.18,74.18,74.18,74.18,0
SMLT,2026-10-05,82.4,88.79,77.0,78.72,519788
SMLT,2026-10-06,78.88,78.9,73.02,74.06,65122
SMSPHARMA,2026-09-29,462.0,482.8,453.65,479.4,613848
SMSPHARMA,2026-09-30,483.9,485.0,467.5,476.6,372222
SMSPHARMA,2026-10-01,473.0,481.9,456.35,471.3,393944
SMSPHARMA,2026-10-05,479.0,489.0,472.5,477.85,535364
SMSPHARMA,2026-10-06,479.95,482.8,467.55,472.2,242508
SMVD,2026-09-29,15.3,15.3,15.3,15.3,4040
SMVD,2026-09-30,15.3,15.3,15.3,15.3,0
SMVD,2026-10-01,15.3,15.3,15.3,15.3,0
SMVD,2026-10-02,15.3,15.3,15.3,15.3,0
SMVD,2026-10-05,15.3,15.3,15.3,15.3,0
SNOWMAN,2026-09-29,35.2,35.39,34.3,34.69,111336
SNOWMAN,2026-09-30,34.51,35.99,34.25,34.64,120284
SNOWMAN,2026-10-01,34.6,34.64,33.76,34.11,105331
SNOWMAN,2026-10-05,34.11,34.5,33.51,33.99,74733
SNOWMAN,2026-10-06,34.32,34.59,33.93,34.24,69665
SOBHA,2026-09-29,1221.4,1227.8,1192.0,1216.5,101240
SOBHA,2026-09-30,1201.0,1239.0,1198.0,1221.6,121889
SOBHA,2026-10-01,1214.0,1227.6,1176.6,1213.1,86762
SOBHA,2026-10-05,1214.0,1229.8,1187.8,1198.2,136038
SOBHA,2026-10-06,1202.0,1218.3,1180.8,1190.7,401261
SOFTTECH,2026-09-29,505.0,510.0,484.55,502.85,16051
SOFTTECH,2026-09-30,522.0,522.0,492.5,493.5,17609
SOFTTECH,2026-10-01,475.35,492.45,468.85,474.3,3354
SOFTTECH,2026-10-05,477.25,487.45,455.35,462.15,4795
SOFTTECH,2026-10-06,463.2,473.95,459.9,461.55,1508
SOLARA,2026-09-30,759.0,759.0,720.0,725.4,177501
SOLARA,2026-10-01,726.0,736.95,698.0,714.85,244820
SOLARA,2026-10-02,714.85,714.85,714.85,714.85,0
SOLARA,2026-10-05,720.0,724.8,673.1,676.9,290504
SOLARA,2026-10-06,682.0,689.7,668.1,682.65,196540
SOLARINDS,2026-09-29,19125.0,19400.0,18650.0,18650.0,226436
SOLARINDS,2026-09-30,19030.0,19820.0,19030.0,19700.0,302167
SOLARINDS,2026-10-01,19588.0,19673.0,18786.0,19400.0,204788
SOLARINDS,2026-10-05,19450.0,19616.0,19275.0,19540.0,114870
SOLARINDS,2026-10-06,19464.0,20274.0,19416.0,20071.0,177053
SOLARWORLD,2026-09-30,128.75,137.56,128.0,129.28,320705
SOLARWORLD,2026-10-01,129.71,132.9,123.35,125.55,444801
SOLARWORLD,2026-10-02,125.55,125.55,125.55,125.55,0
SOLARWORLD,2026-10-05,127.0,128.08,122.92,123.94,221817
SOLARWORLD,2026-10-06,124.98,132.0,123.0,130.39,170519
SOLEX,2026-09-29,695.45,698.6,678.8,688.55,38674
SOLEX,2026-09-30,694.7,704.7,675.05,678.85,27975
SOLEX,2026-10-01,677.5,680.0,655.0,670.95,24793
SOLEX,2026-10-05,683.75,692.65,676.0,682.2,47131
SOLEX,2026-10-06,687.0,704.95,670.0,690.85,114744
SOMANYCERA,2026-09-30,614.0,622.0,606.55,617.75,64566
SOMANYCERA,2026-10-01,617.7,619.0,597.2,614.2,95859
SOMANYCERA,2026-10-02,614.2,614.2,614.2,614.2,0
SOMANYCERA,2026-10-05,614.0,627.8,608.25,610.9,85158
SOMANYCERA,2026-10-06,606.0,631.7,605.35,625.0,129420
SOMATEX,2026-09-29,80.0,81.99,77.8,81.52,15615
SOMATEX,2026-09-30,79.35,81.7,79.05,79.16,1858
SOMATEX,2026-10-01,79.95,79.95,75.3,75.76,8587
SOMATEX,2026-10-05,77.78,77.78,74.5,75.65,5686
SOMATEX,2026-10-06,76.89,79.43,75.72,79.09,5567
SOMICONVEY,2026-09-29,91.68,91.68,88.26,88.62,5800
SOMICONVEY,2026-09-30,88.1,89.98,87.5,89.31,5523
SOMICONVEY,2026-10-01,90.99,90.99,82.0,83.73,13867
SOMICONVEY,2026-10-05,84.25,88.75,82.9,83.43,78797
SOMICONVEY,2026-10-06,83.5,86.49,82.51,84.05,12860
SONA,2026-09-29,96.1,99.99,96.1,98.41,378373
SONA,2026-09-30,97.98,99.7,95.2,96.03,197715
SONA,2026-10-01,95.5,97.0,91.5,92.47,238440
SONA,2026-10-05,91.0,93.45,88.1,92.6,144824
SONA,2026-10-06,92.0,96.5,90.02,94.08,64268
SONACOMS,2026-09-30,821.95,837.0,816.4,830.0,2734579
SONACOMS,2026-10-01,828.0,828.55,783.65,805.0,3497748
SONACOMS,2026-10-02,805.0,805.0,805.0,805.0,0
SONACOMS,2026-10-05,803.75,803.75,785.6,797.0,2049996
SONACOMS,2026-10-06,799.7,821.65,793.25,820.0,1679477
SONAL,2026-09-30,90.0,90.18,87.5,87.56,94
SONAL,2026-10-01,87.56,87.56,87.56,87.56,0
SONAL,2026-10-02,87.56,87.56,87.56,87.56,0
SONAL,2026-10-05,87.56,87.56,87.56,87.56,0
SONAL,2026-10-06,85.0,85.0,83.19,83.19,1616
SONAMAC,2026-09-28,31.0,31.0,31.0,31.0,2000
SONAMAC,2026-09-29,31.0,31.0,31.0,31.0,0
SONAMAC,2026-09-30,30.6,31.05,30.55,31.05,3000
SONAMAC,2026-10-01,30.0,31.95,29.5,29.85,22000
SONAMAC,2026-10-05,31.3,31.3,30.05,30.05,4000
SONAMLTD,2026-09-29,69.57,71.9,67.75,68.4,90979
SONAMLTD,2026-09-30,68.47,70.25,68.0,68.15,117828
SONAMLTD,2026-10-01,68.5,69.95,65.96,68.95,33183
SONAMLTD,2026-10-05,70.2,70.2,67.0,69.94,84663
SONAMLTD,2026-10-06,71.0,72.34,68.6,71.55,143193
SONATSOFTW,2026-09-30,260.85,267.4,257.0,258.25,817817
SONATSOFTW,2026-10-01,258.55,264.95,249.2,254.05,852770
SONATSOFTW,2026-10-02,254.05,254.05,254.05,254.05,0
SONATSOFTW,2026-10-05,258.85,263.2,252.3,254.0,963732
SONATSOFTW,2026-10-06,255.65,256.7,250.6,252.05,515552
SONUINFRA,2026-09-28,46.1,46.1,41.85,44.0,16500
SONUINFRA,2026-09-29,41.8,45.8,41.8,45.8,12000
SONUINFRA,2026-09-30,45.0,45.0,43.55,43.55,7500
SONUINFRA,2026-10-01,41.6,42.0,41.6,41.6,9000
SONUINFRA,2026-10-05,41.6,41.6,41.6,41.6,0
SOTAC,2026-09-28,90.05,90.05,90.05,90.05,0
SOTAC,2026-09-29,90.05,90.05,90.05,90.05,0
SOTAC,2026-09-30,90.05,90.05,90.05,90.05,0
SOTAC,2026-10-01,90.05,90.05,90.05,90.05,1200
SOTAC,2026-10-05,90.05,90.05,90.05,90.05,0
SOTL,2026-09-30,860.4,860.4,711.4,718.8,2590903
SOTL,2026-10-01,718.0,734.6,704.2,729.5,296616
SOTL,2026-10-02,729.5,729.5,729.5,729.5,0
SOTL,2026-10-05,735.0,736.0,716.8,727.2,200693
SOTL,2026-10-06,730.0,780.0,722.6,775.5,523039
SOUTHBANK,2026-09-30,48.9,49.67,48.0,48.24,15754423
SOUTHBANK,2026-10-01,47.89,48.25,46.8,47.44,12229088
SOUTHBANK,2026-10-02,47.44,47.44,47.44,47.44,0
SOUTHBANK,2026-10-05,48.45,48.7,47.8,48.54,10708341
SOUTHBANK,2026-10-06,48.2,48.59,47.05,47.23,11006650
SOUTHWEST,2026-09-30,183.5,186.28,180.35,182.49,62445
SOUTHWEST,2026-10-01,182.49,185.0,177.54,181.7,122218
SOUTHWEST,2026-10-02,181.7,181.7,181.7,181.7,0
SOUTHWEST,2026-10-05,186.0,201.0,179.45,195.58,377507
SOUTHWEST,2026-10-06,195.58,201.6,193.99,199.72,160976
SPAL,2026-09-29,950.0,953.8,930.6,935.8,19945
SPAL,2026-09-30,940.0,970.0,940.0,964.6,35667
SPAL,2026-10-01,964.6,966.15,905.8,935.6,57570
SPAL,2026-10-05,965.15,969.65,930.05,937.9,26626
SPAL,2026-10-06,955.4,958.9,935.1,949.65,18873
SPANDANA,2026-09-29,228.35,231.3,225.1,226.67,96391
SPANDANA,2026-09-30,226.68,231.0,219.01,220.76,304252
SPANDANA,2026-10-01,220.97,221.03,214.0,216.34,186398
SPANDANA,2026-10-05,217.0,218.57,211.02,213.52,162492
SPANDANA,2026-10-06,215.05,219.98,215.05,218.12,96068
SPARC,2026-09-29,204.5,211.0,203.3,208.85,1452486
SPARC,2026-09-30,208.85,210.65,196.0,197.19,1366000
SPARC,2026-10-01,197.19,197.89,189.01,194.13,1071707
SPARC,2026-10-05,194.56,201.59,190.2,191.26,837807
SPARC,2026-10-06,192.14,197.69,191.4,196.89,688218
SPCENET,2026-09-29,3.23,3.36,3.15,3.19,569986
SPCENET,2026-09-30,3.16,3.35,3.15,3.18,450589
SPCENET,2026-10-01,3.24,3.35,3.17,3.24,420090
SPCENET,2026-10-05,3.33,3.38,3.13,3.22,490373
SPCENET,2026-10-06,3.28,3.54,3.16,3.31,680098
SPCL,2026-09-28,65.15,68.0,64.0,67.1,18600
SPCL,2026-09-29,64.15,66.5,64.15,64.9,11400
SPCL,2026-09-30,64.55,64.55,61.35,62.35,24000
SPCL,2026-10-01,63.0,63.75,61.1,61.95,16800
SPCL,2026-10-05,64.25,64.25,61.35,61.8,8400
SPECIALITY,2026-09-29,151.0,156.0,148.0,153.99,15975
SPECIALITY,2026-09-30,153.0,154.85,151.0,154.1,15753
SPECIALITY,2026-10-01,157.5,158.0,149.0,153.5,25371
SPECIALITY,2026-10-05,157.0,157.0,151.0,154.91,17708
SPECIALITY,2026-10-06,157.0,158.0,151.2,156.32,14242
SPECTRUM,2026-09-29,3624.0,3757.0,3595.0,3720.8999,28315
SPECTRUM,2026-09-30,3830.0,3879.8,3650.1001,3846.1001,13516
SPECTRUM,2026-10-01,3980.0,3980.0,3656.0,3853.3999,8519
SPECTRUM,2026-10-05,3898.2,3958.5,3660.8,3839.1001,7191
SPECTRUM,2026-10-06,3799.8999,3939.6001,3661.0,3915.8999,19949
SPECTSTM,2026-09-28,57.0,57.0,54.25,55.5,39200
SPECTSTM,2026-09-29,57.95,61.9,57.95,60.0,6400
SPECTSTM,2026-09-30,54.05,61.5,53.95,61.5,80800
SPECTSTM,2026-10-01,57.05,59.9,57.0,59.9,2400
SPECTSTM,2026-10-05,59.9,60.0,58.0,58.95,4000
SPELS,2026-09-29,124.89,124.89,124.89,124.89,0
SPELS,2026-09-30,124.89,124.89,124.89,124.89,0
SPELS,2026-10-01,124.89,124.89,124.89,124.89,0
SPELS,2026-10-02,124.89,124.89,124.89,124.89,0
SPELS,2026-10-05,118.65,118.65,118.65,118.65,13971
SPENCERS,2026-09-29,27.41,27.99,27.06,27.4,21309
SPENCERS,2026-09-30,27.4,27.59,26.5,26.71,37693
SPENCERS,2026-10-01,27.0,27.0,25.99,26.24,37655
SPENCERS,2026-10-05,26.2,26.8,25.52,26.39,15074
SPENCERS,2026-10-06,26.88,28.48,25.99,28.3,80468
SPIC,2026-09-30,63.47,64.24,63.43,63.94,140574
SPIC,2026-10-01,63.7,63.7,61.5,62.23,234104
SPIC,2026-10-02,62.23,62.23,62.23,62.23,0
SPIC,2026-10-05,62.05,63.72,61.44,62.19,238526
SPIC,2026-10-06,62.42,63.46,62.11,63.05,242022
SPLIL,2026-09-29,29.76,30.5,29.6,29.89,1527
SPLIL,2026-09-30,30.5,30.5,28.72,29.24,5213
SPLIL,2026-10-01,29.6,29.6,28.11,28.5,3855
SPLIL,2026-10-05,29.6,29.6,28.01,28.94,8177
SPLIL,2026-10-06,29.08,29.6,28.55,29.49,1186
SPLPETRO,2026-09-30,834.9,855.0,801.65,808.2,247547
SPLPETRO,2026-10-01,808.2,810.0,764.9,780.45,227873
SPLPETRO,2026-10-02,780.45,780.45,780.45,780.45,0
SPLPETRO,2026-10-05,780.45,805.0,768.3,798.35,205144
SPLPETRO,2026-10-06,802.8,825.45,792.45,819.6,143789
SPMLINFRA,2026-09-29,160.0,165.0,158.98,162.07,105856
SPMLINFRA,2026-09-30,161.0,164.91,159.5,161.02,99740
SPMLINFRA,2026-10-01,161.86,167.3,155.41,159.31,255283
SPMLINFRA,2026-10-05,159.31,165.9,156.1,158.29,153588
SPMLINFRA,2026-10-06,159.99,165.0,159.99,162.63,118735
SPORTKING,2026-09-30,212.2,217.61,208.1,210.5,121292
SPORTKING,2026-10-01,210.88,211.77,202.16,208.54,166056
SPORTKING,2026-10-02,208.54,208.54,208.54,208.54,0
SPORTKING,2026-10-05,205.1,208.54,192.0,193.53,613909
SPORTKING,2026-10-06,192.51,206.9,192.51,202.8,381265
SPRL,2026-09-28,120.35,120.35,120.35,120.35,0
SPRL,2026-09-29,132.65,132.65,132.65,132.65,800
SPRL,2026-09-30,139.25,139.25,139.25,139.25,1600
SPRL,2026-10-01,146.2,146.2,146.2,146.2,1600
SPRL,2026-10-05,153.5,153.5,140.0,140.25,8000
SRD,2026-09-29,39.05,39.5,37.98,38.78,27031
SRD,2026-09-30,39.4,39.74,37.95,38.54,52650
SRD,2026-10-01,38.01,38.88,38.01,38.08,3040
SRD,2026-10-05,38.3,38.98,37.4,37.7,17406
SRD,2026-10-06,37.76,38.57,37.76,38.29,7028
SREEL,2026-09-29,299.22,301.0,286.12,288.86,9417
SREEL,2026-09-30,291.74,295.0,282.0,287.59,18887
SREEL,2026-10-01,294.2,301.95,284.0,292.6,20973
SREEL,2026-10-05,298.85,298.85,282.2,290.8,9154
SREEL,2026-10-06,299.8,299.8,286.1,286.85,6028
SRF,2026-09-29,2491.8,2498.7,2417.8999,2420.1001,290746
SRF,2026-09-30,2450.3,2502.1001,2450.3,2472.5,292029
SRF,2026-10-01,2472.5,2494.8999,2431.7,2486.2,352530
SRF,2026-10-05,2484.8999,2495.0,2442.0,2460.0,204482
SRF,2026-10-06,2450.0,2492.0,2445.2,2470.0,150620
SRGHFL,2026-09-30,135.1,144.6,135.1,136.4,16267
SRGHFL,2026-10-01,135.14,138.5,135.0,135.77,5172
SRGHFL,2026-10-02,135.77,135.77,135.77,135.77,0
SRGHFL,2026-10-05,137.0,138.65,128.99,128.99,6758
SRGHFL,2026-10-06,124.01,129.63,122.55,122.55,6638
SRHHYPOLTD,2026-09-30,581.35,583.45,563.0,563.9,17963
SRHHYPOLTD,2026-10-01,564.0,569.3,532.75,543.6,25322
SRHHYPOLTD,2026-10-02,543.6,543.6,543.6,543.6,0
SRHHYPOLTD,2026-10-05,548.0,554.95,532.9,537.3,19380
SRHHYPOLTD,2026-10-06,542.4,559.0,540.0,548.65,15527
SRIKPRIND,2026-09-29,27.78,27.78,26.4,27.48,923
SRIKPRIND,2026-09-30,26.11,28.0,26.11,26.25,1518
SRIKPRIND,2026-10-01,27.55,27.55,24.94,27.49,2861
SRIKPRIND,2026-10-05,27.49,27.75,26.12,26.12,3726
SRIKPRIND,2026-10-06,26.12,26.99,24.85,25.23,2682
SRIVASAVI,2026-09-28,84.2,84.25,81.7,81.7,19000
SRIVASAVI,2026-09-29,77.65,77.65,77.65,77.65,5000
SRIVASAVI,2026-09-30,77.65,77.65,77.65,77.65,1000
SRIVASAVI,2026-10-01,77.65,77.65,73.8,73.8,21000
SRIVASAVI,2026-10-05,70.2,77.45,70.15,77.45,12000
SRM,2026-09-29,408.55,415.2,400.4,408.25,37125
SRM,2026-09-30,413.0,416.9,400.75,404.4,42098
SRM,2026-10-01,401.3,408.55,391.65,398.75,48009
SRM,2026-10-05,405.25,405.6,394.1,398.65,35369
SRM,2026-10-06,398.85,422.0,393.25,418.45,80137
SRTL,2026-09-29,37.75,38.0,36.5,37.35,12493
SRTL,2026-09-30,37.75,37.75,36.63,37.26,7793
SRTL,2026-10-01,37.57,37.57,35.93,36.4,23749
SRTL,2026-10-05,36.01,37.28,36.0,36.1,12343
SRTL,2026-10-06,36.1,37.49,36.1,36.67,12161
SSDL,2026-09-29,86.52,86.78,82.19,83.92,411654
SSDL,2026-09-30,80.88,80.88,74.3,75.81,224216
SSDL,2026-10-01,74.11,74.51,68.12,69.39,175616
SSDL,2026-10-05,69.38,76.0,68.41,69.75,141885
SSDL,2026-10-06,69.8,71.28,67.16,68.57,77815
SSFL,2026-09-28,288.1,301.95,282.0,282.0,7500
SSFL,2026-09-29,282.0,282.0,277.05,282.0,4500
SSFL,2026-09-30,279.2,289.9,279.2,280.1,5500
SSFL,2026-10-01,282.0,284.95,280.6,284.95,3000
SSFL,2026-10-05,285.0,288.95,280.0,286.0,5500
SSRETAIL,2026-09-30,756.05,761.6,725.3,749.5,13357301
SSRETAIL,2026-10-01,738.05,745.0,692.3,714.35,8031732
SSRETAIL,2026-10-02,714.35,714.35,714.35,714.35,0
SSRETAIL,2026-10-05,712.05,712.05,666.4,677.15,6132724
SSRETAIL,2026-10-06,678.0,729.65,665.5,712.75,14705061
SSWL,2026-09-30,405.4,413.75,403.2,408.1,1299841
SSWL,2026-10-01,409.0,419.8,378.2,390.8,3280912
SSWL,2026-10-02,390.8,390.8,390.8,390.8,0
SSWL,2026-10-05,393.5,412.4,385.2,410.55,1790927
SSWL,2026-10-06,413.65,434.0,411.55,424.7,2408831
STALLION,2026-09-29,224.0,224.85,210.47,219.58,299520
STALLION,2026-09-30,221.1,230.55,221.1,230.55,312277
STALLION,2026-10-01,230.8,239.2,224.0,231.81,417129
STALLION,2026-10-05,231.0,235.0,220.22,224.61,232450
STALLION,2026-10-06,226.9,227.9,221.21,225.72,368930
STANLEY,2026-09-30,136.34,141.99,135.25,136.31,136853
STANLEY,2026-10-01,136.01,141.49,133.22,136.22,224510
STANLEY,2026-10-02,136.22,136.22,136.22,136.22,0
STANLEY,2026-10-05,136.22,139.05,133.72,135.11,63052
STANLEY,2026-10-06,135.13,137.55,135.01,136.54,41367
STAR,2026-09-29,1143.1,1182.5,1131.0,1172.6,229635
STAR,2026-09-30,1167.0,1174.5,1110.0,1120.0,447494
STAR,2026-10-01,1108.4,1122.0,1076.0,1084.8,340843
STAR,2026-10-05,1087.0,1109.9,1077.6,1086.7,108287
STAR,2026-10-06,1081.2,1096.2,1074.0,1088.7,138279
STARCEMENT,2026-09-29,182.33,182.33,175.2,178.1,649952
STARCEMENT,2026-09-30,179.67,183.15,179.08,181.96,123938
STARCEMENT,2026-10-01,179.43,181.33,175.5,178.39,171575
STARCEMENT,2026-10-05,178.0,179.28,175.26,176.03,78392
STARCEMENT,2026-10-06,177.0,177.23,175.3,176.41,50211
STARHEALTH,2026-09-30,538.1,542.8,531.35,534.65,240982
STARHEALTH,2026-10-01,536.45,543.0,523.05,537.7,1268853
STARHEALTH,2026-10-02,537.7,537.7,537.7,537.7,0
STARHEALTH,2026-10-05,535.25,541.6,531.1,535.25,407562
STARHEALTH,2026-10-06,542.0,553.3,539.0,550.55,2132926
STARPAPER,2026-09-29,152.0,153.8,150.0,153.03,7247
STARPAPER,2026-09-30,153.06,158.0,150.03,152.52,6486
STARPAPER,2026-10-01,152.52,156.4,150.01,151.81,5035
STARPAPER,2026-10-05,151.0,155.51,150.02,152.01,2960
STARPAPER,2026-10-06,152.01,154.91,151.36,154.14,2573
STARTECK,2026-09-29,340.0,350.0,315.6,335.4,57813
STARTECK,2026-09-30,334.8,334.8,301.9,306.95,7138
STARTECK,2026-10-01,313.9,313.9,288.05,290.95,1606
STARTECK,2026-10-05,298.0,302.95,265.7,275.45,769
STARTECK,2026-10-06,282.0,289.9,250.5,272.5,1872
STCINDIA,2026-09-29,107.7,107.95,105.0,106.98,12618
STCINDIA,2026-09-30,108.99,112.0,108.1,109.14,20049
STCINDIA,2026-10-01,110.0,110.0,105.1,105.96,11515
STCINDIA,2026-10-05,106.01,107.5,105.0,105.27,13522
STCINDIA,2026-10-06,106.1,107.0,105.53,105.86,9732
STEAMHOUSE,2026-09-29,107.52,114.0,106.0,110.86,4482102
STEAMHOUSE,2026-09-30,111.4,113.85,110.3,110.94,3547240
STEAMHOUSE,2026-10-01,111.25,111.94,103.11,106.51,4239910
STEAMHOUSE,2026-10-05,109.1,110.71,105.85,107.66,2981543
STEAMHOUSE,2026-10-06,115.0,118.42,112.07,118.42,11948160
STEELCAS,2026-09-29,368.0,380.6,363.1,371.8,208433
STEELCAS,2026-09-30,372.8,380.1,366.1,377.2,169841
STEELCAS,2026-10-01,374.9,377.0,343.95,356.45,349563
STEELCAS,2026-10-05,359.9,365.4,346.55,363.7,151454
STEELCAS,2026-10-06,363.55,376.7,357.6,369.6,88203
STEELCITY,2026-09-29,80.52,82.39,80.52,82.18,3684
STEELCITY,2026-09-30,82.11,82.78,80.73,81.35,3777
STEELCITY,2026-10-01,82.39,82.39,80.0,80.11,6534
STEELCITY,2026-10-05,81.99,83.8,81.5,82.52,5484
STEELCITY,2026-10-06,82.5,83.34,81.5,82.72,3817
STEELXIND,2026-09-30,11.2,11.74,11.2,11.42,7015322
STEELXIND,2026-10-01,11.4,11.45,11.07,11.22,4501675
STEELXIND,2026-10-02,11.22,11.22,11.22,11.22,0
STEELXIND,2026-10-05,11.23,11.56,11.1,11.12,5966946
STEELXIND,2026-10-06,11.15,11.6,11.15,11.46,4754464
STEL,2026-09-29,611.8,618.45,592.75,597.95,1691
STEL,2026-09-30,615.4,622.0,561.25,570.1,11379
STEL,2026-10-01,551.3,580.5,551.3,574.15,2660
STEL,2026-10-05,592.0,592.0,559.8,567.7,1993
STEL,2026-10-06,570.0,584.5,570.0,575.95,950
STERTOOLS,2026-09-30,221.98,229.8,215.0,218.31,18805
STERTOOLS,2026-10-01,221.0,234.9,215.0,224.28,121325
STERTOOLS,2026-10-02,224.28,224.28,224.28,224.28,0
STERTOOLS,2026-10-05,225.5,229.0,218.0,218.78,27222
STERTOOLS,2026-10-06,216.0,222.49,215.0,218.45,30769
STLNETWORK,2026-09-30,51.93,51.93,48.48,48.97,26400187
STLNETWORK,2026-10-01,48.82,50.35,46.53,47.18,13627273
STLNETWORK,2026-10-02,47.18,47.18,47.18,47.18,0
STLNETWORK,2026-10-05,47.0,47.0,44.83,44.84,13766834
STLNETWORK,2026-10-06,44.84,47.08,44.42,47.08,6586147
STLSTRINF,2026-09-29,23.0,24.5,22.5,23.0,4936
STLSTRINF,2026-09-30,23.01,24.44,22.12,22.25,7368
STLSTRINF,2026-10-01,22.25,23.81,21.26,21.52,7360
STLSTRINF,2026-10-05,22.99,22.99,21.25,22.1,904
STLSTRINF,2026-10-06,22.54,22.99,21.35,21.75,2590
STLTECH,2026-09-30,909.9,909.9,909.9,909.9,1691349
STLTECH,2026-10-01,955.35,955.35,889.0,955.35,5594054
STLTECH,2026-10-02,955.35,955.35,955.35,955.35,0
STLTECH,2026-10-05,952.4,1003.1,932.0,1001.25,3877431
STLTECH,2026-10-06,1034.4,1051.1,1006.3,1016.7,3446928
STOVEKRAFT,2026-09-30,809.6,823.8,791.1,794.95,70280
STOVEKRAFT,2026-10-01,796.0,816.7,787.05,809.15,170167
STOVEKRAFT,2026-10-02,809.15,809.15,809.15,809.15,0
STOVEKRAFT,2026-10-05,815.0,827.3,802.7,806.4,49778
STOVEKRAFT,2026-10-06,807.0,828.8,806.35,813.45,159970
STUDDS,2026-09-29,400.0,400.0,395.0,395.65,27815
STUDDS,2026-09-30,398.5,404.0,389.45,393.85,55228
STUDDS,2026-10-01,397.0,407.0,389.15,399.85,48629
STUDDS,2026-10-05,396.8,410.85,395.15,403.1,45793
STUDDS,2026-10-06,400.0,414.5,399.55,407.05,37485
STYL,2026-09-29,373.75,383.35,360.3,368.8,243419
STYL,2026-09-30,372.15,377.8,368.2,369.95,48584
STYL,2026-10-01,369.0,375.0,357.45,366.0,122778
STYL,2026-10-05,365.35,368.65,356.0,358.55,43034
STYL,2026-10-06,356.05,375.3,356.05,369.7,551497
STYLAMIND,2026-09-30,3317.2,3348.0,3287.7,3308.7,14001
STYLAMIND,2026-10-01,3308.2,3317.8,3158.1001,3219.8999,52489
STYLAMIND,2026-10-02,3219.8999,3219.8999,3219.8999,3219.8999,0
STYLAMIND,2026-10-05,3268.0,3341.0,3218.1001,3325.2,37896
STYLAMIND,2026-10-06,3320.1001,3345.3,3264.1001,3303.5,22326
STYLEBAAZA,2026-09-30,409.0,409.0,384.75,384.75,1886372
STYLEBAAZA,2026-10-01,391.0,391.1,365.55,368.35,1627432
STYLEBAAZA,2026-10-02,368.35,368.35,368.35,368.35,0
STYLEBAAZA,2026-10-05,365.1,374.9,354.05,359.9,640771
STYLEBAAZA,2026-10-06,359.8,377.85,357.1,375.45,1259713
STYRENIX,2026-09-29,2035.4,2035.4,1969.7,2000.8,85384
STYRENIX,2026-09-30,2001.0,2044.6,1993.4,2015.5,21522
STYRENIX,2026-10-01,2005.2,2072.0,1950.3,2055.0,55786
STYRENIX,2026-10-05,2064.8999,2066.1001,1996.1,2015.0,40911
STYRENIX,2026-10-06,2015.0,2066.3,2004.0,2042.9,17806
SUBEXLTD,2026-09-29,20.31,20.65,19.73,20.35,8281592
SUBEXLTD,2026-09-30,20.6,20.89,19.6,19.73,10266212
SUBEXLTD,2026-10-01,19.7,19.9,18.46,19.34,10635459
SUBEXLTD,2026-10-05,19.5,20.24,19.11,19.21,8970071
SUBEXLTD,2026-10-06,19.28,19.93,19.28,19.59,4654305
SUBROS,2026-09-29,702.65,712.7,689.0,702.2,45674
SUBROS,2026-09-30,702.2,710.45,693.0,699.35,18044
SUBROS,2026-10-01,699.0,699.0,677.05,684.9,33612
SUBROS,2026-10-05,680.1,697.5,672.9,675.85,34316
SUBROS,2026-10-06,680.0,686.4,672.0,682.95,31223
SUDARCOLOR,2026-09-29,394.9,394.9,380.55,383.7,1632
SUDARCOLOR,2026-09-30,380.9,390.0,375.0,376.95,2873
SUDARCOLOR,2026-10-01,377.0,383.0,362.5,368.1,4435
SUDARCOLOR,2026-10-05,365.1,379.85,365.1,365.65,2203
SUDARCOLOR,2026-10-06,379.95,379.95,365.1,368.3,3286
SUDARSCHEM,2026-09-29,1205.0,1209.8,1166.5,1197.3,146487
SUDARSCHEM,2026-09-30,1203.8,1241.6,1195.0,1203.9,406263
SUDARSCHEM,2026-10-01,1198.2,1249.7,1184.5,1241.5,425401
SUDARSCHEM,2026-10-05,1245.0,1260.0,1224.1,1229.2,131105
SUDARSCHEM,2026-10-06,1230.3,1247.2,1225.2,1238.6,87536
SUDEEPPHRM,2026-09-29,1138.8,1195.7,1138.8,1195.2,314140
SUDEEPPHRM,2026-09-30,1195.1,1249.8,1181.5,1205.8,176078
SUDEEPPHRM,2026-10-01,1222.2,1237.3,1171.1,1199.8,205622
SUDEEPPHRM,2026-10-05,1220.0,1247.9,1155.1,1173.4,159743
SUDEEPPHRM,2026-10-06,1199.0,1199.0,1152.6,1158.4,94339
SUKHJITS,2026-09-29,159.05,159.84,156.69,157.95,7250
SUKHJITS,2026-09-30,158.01,158.62,155.05,156.42,5663
SUKHJITS,2026-10-01,155.05,158.09,150.3,150.93,15465
SUKHJITS,2026-10-05,155.8,155.89,149.08,150.98,6500
SUKHJITS,2026-10-06,152.0,154.13,146.0,147.84,9695
SULA,2026-09-29,133.5,135.0,131.55,131.77,176993
SULA,2026-09-30,132.0,134.67,132.0,133.3,137957
SULA,2026-10-01,133.3,133.5,130.0,130.94,255283
SULA,2026-10-05,132.0,133.73,131.41,132.33,130210
SULA,2026-10-06,132.99,135.0,132.57,134.01,167979
SUMEDHA,2026-09-29,43.92,45.03,43.0,43.63,394
SUMEDHA,2026-09-30,44.5,46.9,44.0,45.48,1311
SUMEDHA,2026-10-01,45.95,45.95,43.0,43.42,4643
SUMEDHA,2026-10-05,43.0,43.75,40.15,42.0,2721
SUMEDHA,2026-10-06,43.43,44.0,41.13,43.45,5136
SUMEETINDS,2026-09-30,11.45,11.66,10.71,10.92,833546
SUMEETINDS,2026-10-01,10.71,10.91,10.38,10.38,781688
SUMEETINDS,2026-10-02,10.38,10.38,10.38,10.38,0
SUMEETINDS,2026-10-05,10.6,10.89,10.4,10.89,599994
SUMEETINDS,2026-10-06,11.43,11.43,11.43,11.43,192796
SUMICHEM,2026-09-30,430.0,445.9,430.0,433.25,261894
SUMICHEM,2026-10-01,426.25,432.15,408.2,417.6,886386
SUMICHEM,2026-10-02,417.6,417.6,417.6,417.6,0
SUMICHEM,2026-10-05,418.45,428.4,411.15,414.7,290766
SUMICHEM,2026-10-06,411.25,427.7,411.25,418.05,489991
SUMIT,2026-09-29,51.0,51.0,47.07,49.97,19588
SUMIT,2026-09-30,49.97,52.0,49.0,49.59,12830
SUMIT,2026-10-01,50.0,50.0,44.0,47.76,13580
SUMIT,2026-10-05,51.5,51.5,48.1,50.64,53301
SUMIT,2026-10-06,53.0,53.0,51.0,51.88,43586
SUMMITSEC,2026-09-29,1352.7,1352.7,1312.1,1322.6,1753
SUMMITSEC,2026-09-30,1330.4,1336.4,1305.0,1318.9,2412
SUMMITSEC,2026-10-01,1301.0,1329.9,1301.0,1315.5,1213
SUMMITSEC,2026-10-05,1315.0,1340.9,1305.0,1314.8,1590
SUMMITSEC,2026-10-06,1316.3,1330.4,1306.5,1321.0,1814
SUNCLAY,2026-09-29,1245.2,1272.0,1228.0,1231.5,6088
SUNCLAY,2026-09-30,1239.7,1249.2,1225.0,1228.9,4681
SUNCLAY,2026-10-01,1233.0,1237.1,1168.1,1183.0,12518
SUNCLAY,2026-10-05,1192.2,1209.0,1172.0,1174.8,5222
SUNCLAY,2026-10-06,1180.0,1184.9,1149.1,1152.8,6244
SUNDARAM,2026-09-29,1.13,1.15,1.1,1.1,586450
SUNDARAM,2026-09-30,1.1,1.12,1.05,1.09,613063
SUNDARAM,2026-10-01,1.09,1.1,1.04,1.08,874908
SUNDARAM,2026-10-05,1.11,1.11,1.07,1.09,354338
SUNDARAM,2026-10-06,1.09,1.1,1.08,1.09,137030
SUNDARMFIN,2026-09-30,4325.0,4407.7998,4315.0,4355.0,54266
SUNDARMFIN,2026-10-01,4354.0,4414.7002,4286.0,4395.8999,39347
SUNDARMFIN,2026-10-02,4395.8999,4395.8999,4395.8999,4395.8999,0
SUNDARMFIN,2026-10-05,4400.0,4428.8999,4222.2998,4268.3999,52587
SUNDARMFIN,2026-10-06,4289.7998,4369.5,4240.5,4347.7998,31040
SUNDRMBRAK,2026-09-29,681.0,694.5,669.0,671.75,1060
SUNDRMBRAK,2026-09-30,684.0,684.0,672.6,676.05,396
SUNDRMBRAK,2026-10-01,677.4,680.4,665.0,669.95,2427
SUNDRMBRAK,2026-10-05,693.4,728.0,678.0,681.3,1510
SUNDRMBRAK,2026-10-06,686.7,697.0,679.4,680.1,657
SUNDRMFAST,2026-09-30,1146.4,1159.0,1135.0,1139.3,74514
SUNDRMFAST,2026-10-01,1139.3,1142.9,1106.1,1123.6,145775
SUNDRMFAST,2026-10-02,1123.6,1123.6,1123.6,1123.6,0
SUNDRMFAST,2026-10-05,1128.9,1138.0,1110.1,1115.6,72126
SUNDRMFAST,2026-10-06,1115.0,1155.0,1101.5,1140.3,103748
SUNDROP,2026-09-29,734.0,753.0,715.95,750.75,23591
SUNDROP,2026-09-30,758.25,761.9,740.0,745.2,6739
SUNDROP,2026-10-01,747.4,759.0,728.7,753.15,30756
SUNDROP,2026-10-05,749.4,758.0,740.3,748.6,12847
SUNDROP,2026-10-06,752.8,762.0,745.0,746.8,28219
SUNFLAG,2026-09-30,465.0,471.0,447.6,456.05,624779
SUNFLAG,2026-10-01,443.4,454.8,433.25,433.5,420955
SUNFLAG,2026-10-02,433.5,433.5,433.5,433.5,0
SUNFLAG,2026-10-05,442.0,455.15,412.2,455.0,820271
SUNFLAG,2026-10-06,455.0,473.0,452.0,459.05,703560
SUNLOC,2026-09-29,68.0,68.0,68.0,68.0,2
SUNLOC,2026-09-30,74.8,74.8,68.7,68.8,336
SUNLOC,2026-10-01,74.0,74.0,70.1,70.1,1432
SUNLOC,2026-10-05,73.9,73.9,66.01,68.0,221
SUNLOC,2026-10-06,68.0,68.0,68.0,68.0,60
SUNPHARMA,2026-09-30,1861.3,1863.6,1814.2,1816.6,2401495
SUNPHARMA,2026-10-01,1815.0,1828.7,1792.6,1801.0,2314700
SUNPHARMA,2026-10-02,1801.0,1801.0,1801.0,1801.0,0
SUNPHARMA,2026-10-05,1785.0,1802.9,1776.7,1779.7,1290843
SUNPHARMA,2026-10-06,1775.0,1804.1,1768.0,1804.1,1478295
SUNRAKSHAK,2026-09-29,366.9,368.3,357.0,365.6,4961
SUNRAKSHAK,2026-09-30,365.9,367.4,355.05,358.9,12756
SUNRAKSHAK,2026-10-01,358.9,363.2,350.05,358.9,5267
SUNRAKSHAK,2026-10-05,361.35,370.0,350.0,356.05,15697
SUNRAKSHAK,2026-10-06,357.2,360.95,352.1,356.75,2192
SUNREST,2026-09-28,36.0,36.25,36.0,36.25,3200
SUNREST,2026-09-29,38.0,38.0,38.0,38.0,1600
SUNREST,2026-09-30,38.0,38.0,38.0,38.0,0
SUNREST,2026-10-01,35.55,35.6,35.5,35.5,6400
SUNREST,2026-10-05,35.5,35.5,35.5,35.5,0
SUNSHIEL,2026-09-29,1134.9,1139.0,1080.0,1087.5,3514
SUNSHIEL,2026-09-30,1094.8,1114.6,1034.8,1054.0,15883
SUNSHIEL,2026-10-01,1054.0,1074.0,1025.7,1059.0,3157
SUNSHIEL,2026-10-05,1088.0,1100.0,1070.1,1097.0,1725
SUNSHIEL,2026-10-06,1102.7,1111.9,1029.0,1047.4,1685
SUNSHINE,2026-09-30,447.95,467.0,443.3,453.65,290474
SUNSHINE,2026-10-01,452.95,459.7,447.5,453.0,528270
SUNSHINE,2026-10-02,453.0,453.0,453.0,453.0,0
SUNSHINE,2026-10-05,453.55,467.85,443.35,447.55,155851
SUNSHINE,2026-10-06,448.0,469.9,445.15,447.2,1271656
SUNTECK,2026-09-29,276.0,285.45,268.55,280.3,327510
SUNTECK,2026-09-30,278.6,284.0,276.0,277.4,67009
SUNTECK,2026-10-01,277.0,281.6,270.8,279.45,137778
SUNTECK,2026-10-05,280.9,282.25,276.6,278.15,85315
SUNTECK,2026-10-06,280.0,281.65,278.15,279.6,57716
SUNTV,2026-09-29,519.6,559.95,510.45,553.25,3444850
SUNTV,2026-09-30,555.0,663.9,554.05,605.0,34672457
SUNTV,2026-10-01,588.0,610.0,574.15,599.9,6014245
SUNTV,2026-10-05,597.0,635.8,595.2,626.85,4762809
SUNTV,2026-10-06,625.8,640.95,620.6,632.1,1439510
SUPERHOUSE,2026-09-29,160.77,164.87,159.0,159.9,1609
SUPERHOUSE,2026-09-30,161.7,164.49,159.22,160.05,3513
SUPERHOUSE,2026-10-01,162.94,162.94,151.06,154.66,6988
SUPERHOUSE,2026-10-05,154.66,158.0,154.0,155.88,2166
SUPERHOUSE,2026-10-06,158.0,158.0,153.35,155.27,4302
SUPERSPIN,2026-09-29,7.54,8.0,7.54,7.7,32653
SUPERSPIN,2026-09-30,7.7,8.08,7.5,7.71,30674
SUPERSPIN,2026-10-01,7.74,7.97,7.5,7.51,86739
SUPERSPIN,2026-10-05,7.51,7.79,7.25,7.26,13257
SUPERSPIN,2026-10-06,7.29,7.57,6.92,7.14,12170
SUPRAJIT,2026-09-29,481.2,495.0,475.55,492.1,94276
SUPRAJIT,2026-09-30,495.0,495.0,479.0,481.2,43215
SUPRAJIT,2026-10-01,480.0,484.75,470.3,481.05,89227
SUPRAJIT,2026-10-05,483.0,483.05,458.15,461.5,78523
SUPRAJIT,2026-10-06,460.2,473.85,457.8,471.2,65826
SUPREME,2026-09-29,30.2,31.75,29.06,29.77,58980
SUPREME,2026-09-30,29.84,30.89,29.48,30.42,12129
SUPREME,2026-10-01,30.53,31.87,30.25,31.08,8886
SUPREME,2026-10-05,32.0,32.5,30.5,30.91,6225
SUPREME,2026-10-06,30.8,30.8,30.0,30.27,7518
SUPREMEENG,2026-09-29,4.08,4.08,4.08,4.08,260877
SUPREMEENG,2026-09-30,4.16,4.16,4.16,4.16,233489
SUPREMEENG,2026-10-01,4.24,4.24,4.24,4.24,245495
SUPREMEENG,2026-10-05,4.32,4.32,4.32,4.32,331848
SUPREMEENG,2026-10-06,4.4,4.4,4.4,4.4,206286
SUPREMEIND,2026-09-30,3462.0,3545.0,3446.1001,3451.0,139486
SUPREMEIND,2026-10-01,3437.0,3440.0,3286.8999,3380.0,167968
SUPREMEIND,2026-10-02,3380.0,3380.0,3380.0,3380.0,0
SUPREMEIND,2026-10-05,3391.0,3430.8999,3370.0,3398.8999,53297
SUPREMEIND,2026-10-06,3410.0,3530.7,3376.0,3497.8999,221342
SUPREMEINF,2026-09-29,82.4,82.4,76.16,77.83,32183
SUPREMEINF,2026-09-30,84.75,84.75,73.15,73.9,95895
SUPREMEINF,2026-10-01,75.9,75.9,65.5,66.94,282079
SUPREMEINF,2026-10-05,66.0,67.65,60.61,61.59,87421
SUPREMEINF,2026-10-06,68.0,68.0,57.42,61.4,151116
SUPREMEPWR,2026-09-28,208.2,208.2,204.0,204.95,39500
SUPREMEPWR,2026-09-29,203.0,210.0,203.0,208.0,29500
SUPREMEPWR,2026-09-30,210.0,216.85,206.35,209.15,47500
SUPREMEPWR,2026-10-01,208.1,215.0,207.15,208.4,58000
SUPREMEPWR,2026-10-05,214.95,228.0,210.0,227.25,192500
SUPRIYA,2026-09-29,986.0,1019.8,971.0,985.05,548198
SUPRIYA,2026-09-30,995.25,995.95,945.2,950.25,229715
SUPRIYA,2026-10-01,942.45,948.25,913.3,931.0,209232
SUPRIYA,2026-10-05,938.65,944.95,882.2,899.55,349024
SUPRIYA,2026-10-06,900.0,917.4,885.0,915.35,177090
SUPTANERY,2026-09-29,9.0,9.59,8.69,8.86,430883
SUPTANERY,2026-09-30,8.7,8.79,8.42,8.48,210580
SUPTANERY,2026-10-01,8.1,8.87,8.06,8.06,158149
SUPTANERY,2026-10-05,7.9,8.19,7.66,7.69,301228
SUPTANERY,2026-10-06,7.69,8.07,7.36,8.07,94825
SURAJEST,2026-09-30,209.0,214.82,203.24,207.69,91950
SURAJEST,2026-10-01,207.74,208.2,196.67,200.15,106451
SURAJEST,2026-10-02,200.15,200.15,200.15,200.15,0
SURAJEST,2026-10-05,200.0,215.0,200.0,208.4,145545
SURAJEST,2026-10-06,210.68,211.0,204.0,205.53,92916
SURAJLTD,2026-09-29,198.0,198.01,193.02,193.14,1326
SURAJLTD,2026-09-30,196.0,196.0,195.0,195.0,7
SURAJLTD,2026-10-01,195.0,195.0,190.0,193.51,590
SURAJLTD,2026-10-05,193.5,195.02,191.25,191.5,1033
SURAJLTD,2026-10-06,195.0,195.0,180.0,187.4,3738
SURAKSHA,2026-09-30,356.0,357.6,350.1,355.4,121095
SURAKSHA,2026-10-01,355.4,355.4,336.3,350.15,93480
SURAKSHA,2026-10-02,350.15,350.15,350.15,350.15,0
SURAKSHA,2026-10-05,353.95,354.0,330.5,331.85,69134
SURAKSHA,2026-10-06,330.2,334.7,325.15,332.0,57477
SURANASOL,2026-09-29,24.83,25.01,24.3,24.51,46832
SURANASOL,2026-09-30,24.4,25.0,24.25,24.87,18686
SURANASOL,2026-10-01,24.56,24.87,23.61,24.15,31097
SURANASOL,2026-10-05,24.45,24.55,24.0,24.07,19944
SURANASOL,2026-10-06,23.65,24.07,23.56,23.67,42501
SURANAT&P,2026-09-30,16.2,16.2,15.81,15.84,15359
SURANAT&P,2026-10-01,16.3,16.3,15.75,15.98,29325
SURANAT&P,2026-10-02,15.98,15.98,15.98,15.98,0
SURANAT&P,2026-10-05,16.0,16.19,15.59,15.65,41243
SURANAT&P,2026-10-06,15.65,16.1,15.6,15.76,29445
SURANI,2026-09-28,89.0,105.0,89.0,98.45,6200
SURANI,2026-09-29,98.45,98.45,98.45,98.45,400
SURANI,2026-09-30,98.45,98.45,98.3,98.45,3200
SURANI,2026-10-01,100.0,104.0,100.0,100.05,4000
SURANI,2026-10-05,114.9,120.05,114.9,120.05,35800
SURYALA,2026-09-29,382.0,387.7,376.05,376.65,309
SURYALA,2026-09-30,380.0,385.0,376.35,377.0,350
SURYALA,2026-10-01,379.95,387.7,377.35,377.5,838
SURYALA,2026-10-05,377.5,379.85,376.2,377.15,220
SURYALA,2026-10-06,377.0,386.95,376.3,376.3,255
SURYALAXMI,2026-09-29,57.0,57.56,56.11,56.63,770
SURYALAXMI,2026-09-30,58.85,60.4,58.0,58.8,6614
SURYALAXMI,2026-10-01,58.8,58.8,55.75,56.07,3228
SURYALAXMI,2026-10-05,56.5,59.66,56.5,57.5,2555
SURYALAXMI,2026-10-06,57.45,57.97,57.0,57.0,1173
SURYAROSNI,2026-09-29,220.0,224.89,218.55,220.75,377814
SURYAROSNI,2026-09-30,220.75,225.5,220.74,221.37,298508
SURYAROSNI,2026-10-01,220.0,229.66,212.71,220.67,1421013
SURYAROSNI,2026-10-05,221.9,226.06,219.76,220.41,530488
SURYAROSNI,2026-10-06,220.1,222.9,218.65,221.35,165570
SURYODAY,2026-09-29,145.22,146.18,143.33,144.68,140702
SURYODAY,2026-09-30,144.68,147.56,144.15,145.16,143795
SURYODAY,2026-10-01,143.18,145.25,141.09,143.55,176795
SURYODAY,2026-10-05,145.0,150.19,144.04,146.86,549974
SURYODAY,2026-10-06,148.88,154.45,145.91,151.47,305287
SUTLEJTEX,2026-09-29,38.3,38.3,36.35,36.41,5544
SUTLEJTEX,2026-09-30,36.55,38.23,36.55,37.5,24675
SUTLEJTEX,2026-10-01,37.5,38.0,35.7,36.24,17823
SUTLEJTEX,2026-10-05,37.5,40.39,35.52,36.97,80117
SUTLEJTEX,2026-10-06,38.1,38.1,36.26,37.04,13973
SUVEN,2026-09-30,326.0,328.5,315.6,320.2,402663
SUVEN,2026-10-01,319.0,319.35,301.1,308.3,713418
SUVEN,2026-10-02,308.3,308.3,308.3,308.3,0
SUVEN,2026-10-05,309.0,316.0,305.2,306.3,303251
SUVEN,2026-10-06,308.0,312.5,302.3,309.15,920113
SUVIDHAA,2026-09-29,2.2,2.26,2.02,2.09,169861
SUVIDHAA,2026-09-30,2.1,2.21,2.04,2.09,104823
SUVIDHAA,2026-10-01,2.14,2.14,2.01,2.07,96333
SUVIDHAA,2026-10-05,2.12,2.14,2.09,2.1,61791
SUVIDHAA,2026-10-06,2.12,2.13,1.91,2.07,100019
SUYOG,2026-09-30,710.0,725.0,670.0,695.1,70242
SUYOG,2026-10-01,685.95,765.0,660.0,689.9,98151
SUYOG,2026-10-02,689.9,689.9,689.9,689.9,0
SUYOG,2026-10-05,690.05,694.95,653.9,664.25,9336
SUYOG,2026-10-06,665.25,677.9,653.0,667.25,10888
SUZLON,2026-09-30,39.51,39.99,39.2,39.49,47026942
SUZLON,2026-10-01,39.49,39.63,38.4,38.91,53247107
SUZLON,2026-10-02,38.91,38.91,38.91,38.91,0
SUZLON,2026-10-05,39.0,39.46,38.75,38.92,51123556
SUZLON,2026-10-06,39.01,39.45,38.85,39.16,42471269
SVGLOBAL,2026-09-29,157.0,157.0,142.0,143.2,1243
SVGLOBAL,2026-09-30,143.19,146.5,135.11,137.18,1595
SVGLOBAL,2026-10-01,138.05,146.99,128.2,132.93,270
SVGLOBAL,2026-10-05,145.9,145.9,134.06,135.7,3764
SVGLOBAL,2026-10-06,140.0,140.99,135.28,140.92,957
SVLL,2026-09-29,821.35,828.0,810.0,813.35,39361
SVLL,2026-09-30,813.5,835.05,805.0,805.8,2386
SVLL,2026-10-01,751.0,805.0,751.0,786.75,723
SVLL,2026-10-05,786.75,859.95,786.75,822.2,763
SVLL,2026-10-06,823.0,850.0,822.2,835.6,2740
SVPGLOB,2026-09-29,3.15,3.28,3.01,3.15,52099
SVPGLOB,2026-09-30,3.16,3.3,3.0,3.13,23663
SVPGLOB,2026-10-01,3.13,3.19,2.98,3.1,25217
SVPGLOB,2026-10-05,3.1,3.17,2.95,3.03,54165
SVPGLOB,2026-10-06,3.04,3.16,2.96,3.11,59824
SWANCORP,2026-09-29,288.75,289.5,282.5,284.05,542922
SWANCORP,2026-09-30,283.95,288.7,279.4,280.2,919733
SWANCORP,2026-10-01,277.5,279.45,267.95,272.8,731886
SWANCORP,2026-10-05,276.9,276.9,261.7,262.9,1059779
SWANCORP,2026-10-06,263.1,270.75,262.6,268.85,817624
SWANDEF,2026-09-29,2631.0,2750.0,2575.0,2704.3999,9537
SWANDEF,2026-09-30,2715.0,2791.2,2663.0,2756.6001,19651
SWANDEF,2026-10-01,2756.6001,2756.6001,2625.1001,2718.2,22327
SWANDEF,2026-10-05,2700.0,2744.8999,2600.0,2728.8,13839
SWANDEF,2026-10-06,2720.0,2769.8999,2660.0,2760.2,23194
SWARAJ,2026-09-29,358.0,373.2,350.1,373.2,99000
SWARAJ,2026-09-30,379.0,391.85,365.0,388.6,66614
SWARAJ,2026-10-01,395.0,395.0,374.0,377.55,38533
SWARAJ,2026-10-05,375.0,380.0,362.0,369.8,69431
SWARAJ,2026-10-06,365.0,368.0,351.55,354.7,31212
SWARAJENG,2026-09-29,3552.5,3561.8,3527.0,3548.2,5922
SWARAJENG,2026-09-30,3550.0,3583.6001,3501.0,3546.2,4835
SWARAJENG,2026-10-01,3536.5,3588.8,3507.3,3542.7,11335
SWARAJENG,2026-10-05,3559.8999,3573.3,3510.0,3532.2,8535
SWARAJENG,2026-10-06,3524.8,3549.8999,3511.0,3537.8,9212
SWARNSAR,2026-09-29,38.6,43.9,38.0,41.29,13331
SWARNSAR,2026-09-30,41.29,41.94,39.1,39.96,3258
SWARNSAR,2026-10-01,38.03,40.0,38.0,38.44,7288
SWARNSAR,2026-10-05,38.55,40.74,38.55,40.14,5190
SWARNSAR,2026-10-06,40.14,41.0,39.0,40.62,11939
SWASTIK,2026-09-28,19.5,19.5,19.5,19.5,3600
SWASTIK,2026-09-29,20.45,20.45,19.75,19.75,3600
SWASTIK,2026-09-30,20.0,20.0,19.5,19.5,2400
SWASTIK,2026-10-01,19.75,19.75,19.0,19.0,3600
SWASTIK,2026-10-05,19.0,19.0,19.0,19.0,0
SWASTIKAIN,2026-09-30,200.0,210.0,200.0,210.0,3274663
SWASTIKAIN,2026-10-01,202.5,220.5,199.5,215.53,2043335
SWASTIKAIN,2026-10-05,208.1,215.0,204.76,208.47,435758
SWASTIKAIN,2026-10-06,205.0,217.0,198.05,200.13,445083
SWELECTES,2026-09-30,586.95,616.65,580.0,597.9,44503
SWELECTES,2026-10-01,595.0,600.65,577.05,592.9,32383
SWELECTES,2026-10-02,592.9,592.9,592.9,592.9,0
SWELECTES,2026-10-05,587.8,611.0,587.8,600.1,22535
SWELECTES,2026-10-06,608.5,620.0,595.0,613.8,28332
SWIGGY,2026-09-30,255.95,257.0,250.0,250.1,9125415
SWIGGY,2026-10-01,248.45,249.1,235.5,238.0,13785398
SWIGGY,2026-10-02,238.0,238.0,238.0,238.0,0
SWIGGY,2026-10-05,239.2,246.3,237.4,238.8,11179271
SWIGGY,2026-10-06,240.0,244.75,238.0,244.2,9736872
SWISSMLTRY,2026-09-29,14.25,14.25,13.8,13.95,65877
SWISSMLTRY,2026-09-30,14.23,14.28,13.75,13.88,53388
SWISSMLTRY,2026-10-01,14.0,14.18,13.85,13.95,62623
SWISSMLTRY,2026-10-05,14.39,14.39,13.91,14.16,31419
SWISSMLTRY,2026-10-06,14.49,14.49,13.85,14.07,34146
SWSOLAR,2026-09-30,170.75,177.6,170.1,171.18,1116546
SWSOLAR,2026-10-01,169.88,170.61,163.02,164.82,1363945
SWSOLAR,2026-10-02,164.82,164.82,164.82,164.82,0
SWSOLAR,2026-10-05,165.0,167.44,163.0,163.72,914130
SWSOLAR,2026-10-06,164.9,173.69,164.2,172.54,1334017
SYMBIOTEC,2026-09-30,1158.0,1196.8,1138.2,1176.75,2016189
SYMBIOTEC,2026-10-01,1194.0,1246.0,1161.1,1198.0,3713662
SYMBIOTEC,2026-10-02,1198.0,1198.0,1198.0,1198.0,0
SYMBIOTEC,2026-10-05,1205.2,1230.0,1155.0,1169.7,730965
SYMBIOTEC,2026-10-06,1168.9,1209.5,1138.6,1149.5,640984
SYMPHONY,2026-09-29,586.0,589.85,574.6,580.4,41970
SYMPHONY,2026-09-30,580.15,590.0,576.1,582.45,18960
SYMPHONY,2026-10-01,581.35,583.0,565.2,571.7,41980
SYMPHONY,2026-10-05,571.7,579.85,557.0,559.45,58122
SYMPHONY,2026-10-06,564.15,568.0,555.0,556.95,55548
SYNCOMF,2026-09-29,22.46,26.64,22.03,26.18,237186557
SYNCOMF,2026-09-30,27.49,27.49,24.5,25.08,99577808
SYNCOMF,2026-10-01,25.1,25.1,22.68,23.96,44387615
SYNCOMF,2026-10-05,24.01,24.7,22.7,23.14,20341146
SYNCOMF,2026-10-06,23.14,23.83,22.77,23.22,15325487
SYNGENE,2026-09-30,367.2,373.3,363.1,365.3,345192
SYNGENE,2026-10-01,365.3,365.3,353.3,361.3,530462
SYNGENE,2026-10-02,361.3,361.3,361.3,361.3,0
SYNGENE,2026-10-05,361.0,364.45,355.55,357.4,327748
SYNGENE,2026-10-06,357.4,364.0,355.55,363.2,319107
SYNOPTICS,2026-09-28,48.45,48.45,48.45,48.45,600
SYNOPTICS,2026-09-29,48.45,48.45,48.45,48.45,0
SYNOPTICS,2026-09-30,48.45,48.45,48.45,48.45,0
SYNOPTICS,2026-10-01,50.85,50.85,50.85,50.85,1800
SYNOPTICS,2026-10-05,50.85,50.85,50.85,50.85,0
SYRMA,2026-09-29,1745.0,1746.4,1685.0,1692.6,1111808
SYRMA,2026-09-30,1686.0,1820.0,1686.0,1782.9,3788979
SYRMA,2026-10-01,1782.9,1822.6,1710.1,1717.9,1874242
SYRMA,2026-10-05,1739.7,1757.7,1692.3,1700.4,846292
SYRMA,2026-10-06,1738.1,1738.1,1670.3,1685.1,817344
SYSTANGO,2026-09-28,225.0,225.1,218.0,219.35,19200
SYSTANGO,2026-09-29,218.0,223.8,216.3,223.25,7600
SYSTANGO,2026-09-30,222.9,225.15,218.0,220.65,17200
SYSTANGO,2026-10-01,217.0,220.65,215.0,219.3,16000
SYSTANGO,2026-10-05,217.05,219.95,213.25,215.3,19600
SYSTMTXC,2026-09-29,75.46,75.5,75.46,75.46,24858
SYSTMTXC,2026-09-30,75.46,75.9,75.01,75.46,3567
SYSTMTXC,2026-10-01,73.96,75.0,73.96,73.96,5731
SYSTMTXC,2026-10-05,73.5,73.96,72.5,73.5,8692
SYSTMTXC,2026-10-06,73.1,73.1,73.0,73.05,2595
TAALTECH,2026-09-30,1053.6,1057.9,990.1,1001.0,28224
TAALTECH,2026-10-01,999.4,1000.0,925.1,944.0,40666
TAALTECH,2026-10-02,944.0,944.0,944.0,944.0,0
TAALTECH,2026-10-05,965.0,976.3,922.1,929.7,16399
TAALTECH,2026-10-06,939.9,1115.0,913.6,1093.4,621802
TAC,2026-09-28,446.85,452.9,424.55,427.6,78200
TAC,2026-09-29,416.6,439.0,406.25,419.7,132800
TAC,2026-09-30,417.5,424.5,398.75,403.6,123400
TAC,2026-10-01,405.7,411.7,383.45,386.4,131400
TAC,2026-10-05,376.05,395.0,371.05,389.75,70600
TAINWALCHM,2026-09-29,205.1,209.0,202.51,205.36,1735
TAINWALCHM,2026-09-30,209.99,209.99,204.0,205.19,1091
TAINWALCHM,2026-10-01,209.8,209.8,200.37,203.29,2767
TAINWALCHM,2026-10-05,202.3,205.45,195.5,197.18,2765
TAINWALCHM,2026-10-06,204.49,204.49,200.1,201.12,695
TAJGVK,2026-09-29,316.2,319.0,310.8,316.55,38238
TAJGVK,2026-09-30,316.55,327.7,314.8,320.2,36962
TAJGVK,2026-10-01,320.45,321.0,310.0,314.9,45698
TAJGVK,2026-10-05,314.8,325.0,312.35,315.3,33436
TAJGVK,2026-10-06,315.0,320.5,314.4,318.3,24032
TAKE,2026-09-29,14.01,14.01,14.01,14.01,53056
TAKE,2026-09-30,13.31,14.59,13.31,13.31,843488
TAKE,2026-10-01,12.65,12.65,12.65,12.65,139867
TAKE,2026-10-05,12.65,12.9,12.02,12.06,1017472
TAKE,2026-10-06,11.86,12.49,11.51,11.55,573922
TALBROAUTO,2026-09-29,437.85,447.4,431.1,433.2,261069
TALBROAUTO,2026-09-30,432.9,440.45,426.8,429.85,126449
TALBROAUTO,2026-10-01,429.95,437.6,410.55,419.7,208135
TALBROAUTO,2026-10-05,421.0,422.45,408.0,416.45,115228
TALBROAUTO,2026-10-06,416.45,434.0,416.3,429.45,138662
TAMBOLIIN,2026-09-29,297.95,297.95,286.0,292.15,2953
TAMBOLIIN,2026-09-30,299.9,305.0,291.35,294.7,1034
TAMBOLIIN,2026-10-01,297.6,297.6,282.35,290.0,1797
TAMBOLIIN,2026-10-05,291.0,303.0,287.05,296.05,7199
TAMBOLIIN,2026-10-06,295.0,310.85,295.0,300.35,22764
TANAA,2026-09-29,355.6,365.0,326.9,335.0,53123
TANAA,2026-09-30,334.0,355.0,332.5,338.55,40704
TANAA,2026-10-01,340.0,347.95,319.75,324.15,45363
TANAA,2026-10-05,329.0,339.9,311.3,314.35,45802
TANAA,2026-10-06,315.0,323.7,308.1,309.3,36995
TANLA,2026-09-30,491.85,503.0,490.35,492.15,265486
TANLA,2026-10-01,492.0,499.25,480.8,487.75,338612
TANLA,2026-10-02,487.75,487.75,487.75,487.75,0
TANLA,2026-10-05,492.05,496.0,486.1,488.0,178184
TANLA,2026-10-06,489.5,493.4,487.3,492.15,132711
TAPIFRUIT,2026-09-29,43.5,43.5,43.5,43.5,0
TAPIFRUIT,2026-09-30,43.5,43.5,43.5,43.5,0
TAPIFRUIT,2026-10-01,43.5,43.5,43.5,43.5,0
TAPIFRUIT,2026-10-02,43.5,43.5,43.5,43.5,0
TAPIFRUIT,2026-10-05,43.5,43.5,43.5,43.5,0
TARACHAND,2026-09-29,47.51,49.0,46.5,47.27,62680
TARACHAND,2026-09-30,48.0,48.0,46.53,47.72,42702
TARACHAND,2026-10-01,48.0,48.0,45.61,46.35,41077
TARACHAND,2026-10-05,47.5,47.9,46.25,46.47,69725
TARACHAND,2026-10-06,47.5,47.5,46.01,46.42,40223
TARAPUR,2026-09-29,11.87,12.4,10.8,12.03,23557
TARAPUR,2026-09-30,12.6,12.6,12.0,12.16,12032
TARAPUR,2026-10-01,11.76,12.25,11.76,12.2,10649
TARAPUR,2026-10-05,12.1,12.18,11.13,11.58,19202
TARAPUR,2026-10-06,11.95,11.95,11.2,11.61,24826
TARC,2026-09-29,127.24,128.92,125.33,127.02,308230
TARC,2026-09-30,128.0,128.29,125.26,125.96,140774
TARC,2026-10-01,126.38,127.21,123.65,125.58,360964
TARC,2026-10-05,125.21,126.99,122.4,122.84,267733
TARC,2026-10-06,123.95,124.56,122.36,124.1,180539
TARIL,2026-09-30,274.85,278.0,268.0,270.1,783795
TARIL,2026-10-01,271.1,298.6,271.1,280.8,57280414
TARIL,2026-10-02,280.8,280.8,280.8,280.8,0
TARIL,2026-10-05,287.6,297.9,283.25,285.45,13448683
TARIL,2026-10-06,286.25,288.2,277.75,283.65,2263028
TARMAT,2026-09-29,55.0,59.4,55.0,57.03,19634
TARMAT,2026-09-30,57.03,61.0,55.5,59.4,48224
TARMAT,2026-10-01,59.99,61.0,56.34,57.23,43187
TARMAT,2026-10-05,57.6,58.6,55.02,56.2,10805
TARMAT,2026-10-06,57.8,59.99,56.3,56.79,77711
TARSONS,2026-09-29,339.9,342.0,327.55,330.35,116179
TARSONS,2026-09-30,330.35,334.0,319.95,320.3,121512
TARSONS,2026-10-01,321.4,333.0,315.05,329.4,198052
TARSONS,2026-10-05,329.5,343.45,327.05,335.95,109967
TARSONS,2026-10-06,332.75,349.0,329.55,331.65,166212
TASTYBITE,2026-09-29,9665.0,9665.0,9491.0,9611.0,1178
TASTYBITE,2026-09-30,9703.0,9759.0,9415.0,9487.0,1318
TASTYBITE,2026-10-01,9505.0,9550.0,9292.5,9453.5,2596
TASTYBITE,2026-10-05,9415.0,9509.0,9300.0,9377.5,753
TASTYBITE,2026-10-06,9477.0,9486.5,9321.0,9413.0,932
TATACAP,2026-09-30,331.35,331.35,324.8,327.95,1709693
TATACAP,2026-10-01,327.1,327.25,313.55,319.3,2467983
TATACAP,2026-10-02,319.3,319.3,319.3,319.3,0
TATACAP,2026-10-05,319.3,322.85,317.0,317.6,1021767
TATACAP,2026-10-06,317.6,323.05,316.6,322.1,1014700
TATACHEM,2026-09-30,615.0,628.75,610.2,611.45,1113198
TATACHEM,2026-10-01,611.5,619.0,600.15,607.8,1216894
TATACHEM,2026-10-02,607.8,607.8,607.8,607.8,0
TATACHEM,2026-10-05,607.8,629.9,603.5,617.4,953155
TATACHEM,2026-10-06,620.0,624.75,615.4,616.55,691432
TATACOMM,2026-09-29,1642.2,1674.1,1630.0,1654.7,215427
TATACOMM,2026-09-30,1640.1,1668.1,1640.1,1656.2,137552
TATACOMM,2026-10-01,1640.0,1697.9,1617.5,1683.0,140782
TATACOMM,2026-10-05,1683.0,1697.6,1647.7,1677.2,88150
TATACOMM,2026-10-06,1678.0,1694.7,1664.2,1681.8,132327
TATACONSUM,2026-09-30,966.0,968.1,949.5,949.5,1708408
TATACONSUM,2026-10-01,952.0,964.8,945.0,957.0,1829307
TATACONSUM,2026-10-02,957.0,957.0,957.0,957.0,0
TATACONSUM,2026-10-05,953.85,962.0,945.0,953.75,1540341
TATACONSUM,2026-10-06,953.75,976.0,946.25,976.0,904347
TATAELXSI,2026-09-30,3150.0,3203.0,3085.0,3088.8999,356864
TATAELXSI,2026-10-01,3099.8999,3164.3999,3046.2,3092.8,333513
TATAELXSI,2026-10-02,3092.8,3092.8,3092.8,3092.8,0
TATAELXSI,2026-10-05,3130.5,3148.3999,3070.1001,3105.0,237392
TATAELXSI,2026-10-06,3110.1001,3119.8999,3078.1001,3093.0,196693
TATAINVEST,2026-09-29,635.0,637.0,621.1,625.45,508671
TATAINVEST,2026-09-30,630.0,636.0,616.15,620.05,313002
TATAINVEST,2026-10-01,615.1,617.45,604.0,615.05,283865
TATAINVEST,2026-10-05,618.05,628.4,614.0,621.75,257410
TATAINVEST,2026-10-06,628.05,637.8,621.65,624.15,335774
TATAPOWER,2026-09-30,357.95,362.05,356.55,359.0,5401745
TATAPOWER,2026-10-01,352.95,357.15,346.4,350.15,4222986
TATAPOWER,2026-10-02,350.15,350.15,350.15,350.15,0
TATAPOWER,2026-10-05,350.15,353.95,348.0,351.5,2763239
TATAPOWER,2026-10-06,352.1,356.75,349.85,351.65,5740849
TATASTEEL,2026-09-30,189.0,189.55,184.3,184.3,32381754
TATASTEEL,2026-10-01,184.37,186.55,175.75,178.0,47659952
TATASTEEL,2026-10-02,178.0,178.0,178.0,178.0,0
TATASTEEL,2026-10-05,179.28,181.28,177.02,178.14,20426029
TATASTEEL,2026-10-06,178.25,180.38,177.0,178.69,17241390
TATATECH,2026-09-30,686.75,719.75,686.75,707.5,891561
TATATECH,2026-10-01,705.0,714.5,690.05,698.8,648223
TATATECH,2026-10-02,698.8,698.8,698.8,698.8,0
TATATECH,2026-10-05,705.4,716.7,695.0,697.55,615981
TATATECH,2026-10-06,704.45,707.45,695.8,703.1,307172
TATVA,2026-09-30,1811.9,1825.0,1776.1,1784.2,55095
TATVA,2026-10-01,1790.0,1795.0,1682.9,1743.2,64302
TATVA,2026-10-02,1743.2,1743.2,1743.2,1743.2,0
TATVA,2026-10-05,1755.0,1814.0,1740.0,1799.0,54250
TATVA,2026-10-06,1820.1,1900.0,1794.3,1877.4,131923
TBI,2026-09-28,72.0,73.0,69.15,69.7,14400
TBI,2026-09-29,70.4,76.0,69.0,75.9,102600
TBI,2026-09-30,75.05,77.0,71.5,72.0,31800
TBI,2026-10-01,70.15,71.1,65.0,67.55,55800
TBI,2026-10-05,68.55,76.95,66.65,74.65,80400
TBOTEK,2026-09-30,1670.5,1729.9,1660.0,1685.2,446861
TBOTEK,2026-10-01,1686.1,1738.8,1660.0,1671.5,304392
TBOTEK,2026-10-02,1671.5,1671.5,1671.5,1671.5,0
TBOTEK,2026-10-05,1684.8,1700.0,1643.2,1657.0,52113
TBOTEK,2026-10-06,1659.9,1702.1,1624.2,1693.2,178083
TBZ,2026-09-29,608.0,645.0,599.25,625.8,502282
TBZ,2026-09-30,625.8,651.0,620.1,635.05,175552
TBZ,2026-10-01,635.05,640.0,610.0,623.45,121799
TBZ,2026-10-05,604.0,625.0,592.3,597.9,202040
TBZ,2026-10-06,588.0,617.85,568.05,608.85,394766
TCC,2026-09-29,49.2,50.82,48.18,50.09,319661
TCC,2026-09-30,50.1,54.55,48.15,49.93,2215816
TCC,2026-10-01,49.5,49.9,46.5,47.47,752515
TCC,2026-10-05,47.83,49.0,46.19,47.07,459771
TCC,2026-10-06,46.61,49.04,46.22,47.09,720355
TCI,2026-09-29,867.2,880.0,846.0,868.7,426394
TCI,2026-09-30,874.0,884.9,863.85,872.5,148301
TCI,2026-10-01,874.95,884.0,866.3,877.1,48610
TCI,2026-10-05,885.0,889.9,866.0,878.75,71248
TCI,2026-10-06,883.95,889.9,877.0,888.0,40550
TCIEXP,2026-09-29,499.2,583.2,495.25,531.85,5534726
TCIEXP,2026-09-30,533.1,552.0,508.6,521.65,794380
TCIEXP,2026-10-01,513.9,513.9,496.1,504.75,93406
TCIEXP,2026-10-05,502.3,506.4,484.0,494.2,55221
TCIEXP,2026-10-06,504.0,507.0,491.3,501.4,25195
TCIFINANCE,2026-09-29,14.75,15.3,14.02,14.48,13901
TCIFINANCE,2026-09-30,14.98,14.98,14.5,14.78,8014
TCIFINANCE,2026-10-01,14.92,15.0,14.38,14.69,30489
TCIFINANCE,2026-10-05,14.5,15.49,13.55,14.3,29696
TCIFINANCE,2026-10-06,14.23,14.89,14.0,14.16,7205
TCL,2026-09-28,128.8,130.0,125.25,128.15,88800
TCL,2026-09-29,125.0,132.0,124.0,131.1,49600
TCL,2026-09-30,120.0,140.0,120.0,139.7,75200
TCL,2026-10-01,141.0,143.0,134.05,140.15,187200
TCL,2026-10-05,140.15,144.0,136.0,139.3,40800
TCPLPACK,2026-09-29,3999.8999,4202.2002,3826.0,4117.3999,13649
TCPLPACK,2026-09-30,4117.3999,4179.2002,4050.0,4102.6001,5095
TCPLPACK,2026-10-01,4090.0,4090.0,3856.0,3927.1001,3730
TCPLPACK,2026-10-05,3988.0,4090.0,3890.1001,3933.6001,3139
TCPLPACK,2026-10-06,3975.0,4023.1001,3890.2,4007.8999,2681
TCS,2026-09-30,2069.0,2101.0,2050.6001,2050.6001,3656425
TCS,2026-10-01,2052.6001,2093.8999,2045.1,2075.0,3428501
TCS,2026-10-02,2075.0,2075.0,2075.0,2075.0,0
TCS,2026-10-05,2114.0,2140.8999,2063.6001,2114.3999,5270768
TCS,2026-10-06,2097.0,2115.0,2082.7,2100.0,2381078
TDPOWERSYS,2026-09-30,783.0,801.0,770.15,786.05,2612869
TDPOWERSYS,2026-10-01,779.9,812.85,772.9,792.15,5370306
TDPOWERSYS,2026-10-02,792.15,792.15,792.15,792.15,0
TDPOWERSYS,2026-10-05,801.0,856.1,796.0,812.9,12561061
TDPOWERSYS,2026-10-06,810.0,832.75,798.3,816.0,2737910
TEAMGTY,2026-09-29,242.95,242.95,235.0,235.0,640
TEAMGTY,2026-09-30,235.0,235.01,235.0,235.0,165
TEAMGTY,2026-10-01,241.9,241.9,235.1,235.1,205
TEAMGTY,2026-10-05,241.95,241.97,235.0,236.15,634
TEAMGTY,2026-10-06,239.8,239.8,235.0,235.02,326
TEAMLEASE,2026-09-29,1144.0,1163.9,1117.9,1148.6,27808
TEAMLEASE,2026-09-30,1148.6,1159.9,1131.5,1148.6,9039
TEAMLEASE,2026-10-01,1148.6,1185.0,1125.0,1179.4,15313
TEAMLEASE,2026-10-05,1180.7,1194.6,1117.6,1134.6,31212
TEAMLEASE,2026-10-06,1126.1,1147.1,1121.0,1130.3,16957
TECHLABS,2026-09-28,118.4,118.4,112.55,114.9,19500
TECHLABS,2026-09-29,113.1,116.9,110.0,112.8,12125
TECHLABS,2026-09-30,114.0,116.2,113.0,113.05,21375
TECHLABS,2026-10-01,110.0,116.0,109.0,110.45,23875
TECHLABS,2026-10-05,110.45,115.0,109.0,113.9,17250
TECHM,2026-09-30,1524.6,1559.5,1518.0,1524.0,2794174
TECHM,2026-10-01,1540.0,1554.8,1512.0,1533.0,2663224
TECHM,2026-10-02,1533.0,1533.0,1533.0,1533.0,0
TECHM,2026-10-05,1543.7,1561.0,1509.7,1535.9,3346008
TECHM,2026-10-06,1536.0,1540.8,1495.0,1504.5,2388418
TECHNOCRAF,2026-09-30,482.5,487.1,470.5,476.55,677585
TECHNOCRAF,2026-10-01,475.3,484.45,461.1,478.1,775166
TECHNOCRAF,2026-10-02,478.1,478.1,478.1,478.1,0
TECHNOCRAF,2026-10-05,481.0,484.0,465.0,471.1,429819
TECHNOCRAF,2026-10-06,471.25,479.8,455.1,467.25,646342
TECHNOE,2026-09-29,979.9,1027.6,966.2,1010.15,271404
TECHNOE,2026-09-30,1006.2,1027.35,1001.5,1008.75,133810
TECHNOE,2026-10-01,1009.7,1019.8,977.6,998.6,159231
TECHNOE,2026-10-05,999.0,1003.9,972.3,978.6,138238
TECHNOE,2026-10-06,980.9,1003.2,980.8,996.2,112790
TECHNVISN,2026-09-29,3966.0,3989.0,3799.5,3896.5,174
TECHNVISN,2026-09-30,3896.5,4090.0,3702.0,3961.5,417
TECHNVISN,2026-10-01,3961.5,3961.5,3763.5,3763.5,830
TECHNVISN,2026-10-05,3763.5,3879.7,3575.3999,3821.8999,697
TECHNVISN,2026-10-06,3801.1001,4012.8999,3801.1001,4012.8999,118
TECILCHEM,2026-09-29,9.8,9.8,8.92,9.21,7526
TECILCHEM,2026-09-30,9.2,9.46,8.75,9.02,6287
TECILCHEM,2026-10-01,9.02,9.3,9.0,9.25,6820
TECILCHEM,2026-10-05,9.29,10.15,8.9,9.56,21261
TECILCHEM,2026-10-06,9.55,9.55,9.14,9.24,2818
TEGA,2026-09-29,2013.4,2089.8999,1988.6,2060.6001,342283
TEGA,2026-09-30,2080.2,2198.0,2062.6001,2106.7,1493714
TEGA,2026-10-01,2106.7,2132.0,2034.0,2093.3999,408456
TEGA,2026-10-05,2119.5,2131.7,2020.0,2064.1001,261410
TEGA,2026-10-06,2091.6001,2129.0,2060.8,2092.5,249935
TEJASNET,2026-09-30,488.5,496.9,482.25,486.2,935883
TEJASNET,2026-10-01,483.25,491.7,461.1,464.8,1792351
TEJASNET,2026-10-02,464.8,464.8,464.8,464.8,0
TEJASNET,2026-10-05,469.0,481.95,461.45,463.2,1053307
TEJASNET,2026-10-06,466.8,484.8,465.65,475.85,1877733
TEMBO,2026-09-29,57.75,58.51,57.0,57.99,680807
TEMBO,2026-09-30,58.0,58.56,57.05,57.67,736216
TEMBO,2026-10-01,57.67,58.56,56.25,57.16,955699
TEMBO,2026-10-05,57.7,57.7,54.9,55.18,857236
TEMBO,2026-10-06,55.88,58.86,55.88,58.25,5602919
TEMPSENS,2026-09-30,529.65,537.95,523.0,526.75,700380
TEMPSENS,2026-10-01,525.45,527.95,500.0,505.25,1399930
TEMPSENS,2026-10-02,505.25,505.25,505.25,505.25,0
TEMPSENS,2026-10-05,513.0,519.2,486.0,493.95,1503141
TEMPSENS,2026-10-06,495.6,520.0,486.15,515.5,1536390
TENNIND,2026-09-30,514.5,516.75,506.25,508.25,502623
TENNIND,2026-10-01,506.3,506.3,487.45,495.4,707391
TENNIND,2026-10-02,495.4,495.4,495.4,495.4,0
TENNIND,2026-10-05,499.95,499.95,485.4,487.0,277605
TENNIND,2026-10-06,487.15,497.45,483.3,494.15,577492
TERAI,2026-09-30,115.75,117.0,114.0,116.75,118
TERAI,2026-10-01,116.75,116.75,116.75,116.75,0
TERAI,2026-10-02,116.75,116.75,116.75,116.75,0
TERAI,2026-10-05,116.0,116.0,116.0,116.0,1
TERAI,2026-10-06,110.0,120.0,110.0,120.0,4
TERASOFT,2026-09-29,215.0,225.0,206.0,209.25,31347
TERASOFT,2026-09-30,210.0,215.95,204.0,207.2,33412
TERASOFT,2026-10-01,207.95,217.89,194.11,207.91,74848
TERASOFT,2026-10-05,212.0,232.0,208.0,227.86,54214
TERASOFT,2026-10-06,235.85,263.16,230.0,237.77,92573
TEXINFRA,2026-09-29,116.0,116.8,114.71,115.54,40220
TEXINFRA,2026-09-30,115.13,125.0,115.13,119.41,649299
TEXINFRA,2026-10-01,119.41,122.71,116.11,119.39,344580
TEXINFRA,2026-10-05,120.0,123.35,118.51,120.53,207029
TEXINFRA,2026-10-06,120.8,126.4,119.0,125.42,587316
TEXMOPIPES,2026-09-30,52.75,58.59,52.75,55.08,182461
TEXMOPIPES,2026-10-01,55.55,56.0,53.0,53.7,93086
TEXMOPIPES,2026-10-02,53.7,53.7,53.7,53.7,0
TEXMOPIPES,2026-10-05,53.7,55.0,50.15,50.37,276688
TEXMOPIPES,2026-10-06,50.68,54.5,50.1,53.8,174605
TEXRAIL,2026-09-30,125.75,135.4,125.75,131.73,16021545
TEXRAIL,2026-10-01,131.0,132.45,124.07,126.86,4419603
TEXRAIL,2026-10-02,126.86,126.86,126.86,126.86,0
TEXRAIL,2026-10-05,128.0,128.99,116.51,117.18,5444925
TEXRAIL,2026-10-06,118.2,119.92,116.72,117.38,2058252
TFCILTD,2026-09-30,139.1,148.5,139.1,141.91,31904742
TFCILTD,2026-10-01,141.99,144.7,137.0,138.79,6063974
TFCILTD,2026-10-02,138.79,138.79,138.79,138.79,0
TFCILTD,2026-10-05,139.6,141.47,138.32,139.65,15041651
TFCILTD,2026-10-06,140.27,141.5,139.25,140.65,3375754
TFL,2026-09-29,11.65,11.89,11.47,11.64,2822
TFL,2026-09-30,11.89,12.19,11.62,11.63,2612
TFL,2026-10-01,11.64,12.39,10.8,11.82,6820
TFL,2026-10-05,11.38,12.25,11.38,11.72,2430
TFL,2026-10-06,11.76,12.25,11.75,11.99,6398
TGBHOTELS,2026-09-29,9.16,9.34,9.09,9.13,20980
TGBHOTELS,2026-09-30,9.48,10.24,9.1,9.6,33333
TGBHOTELS,2026-10-01,9.55,9.8,9.15,9.42,3582
TGBHOTELS,2026-10-05,9.78,9.9,9.18,9.51,13800
TGBHOTELS,2026-10-06,9.7,9.7,9.2,9.37,3948
TGL,2026-09-28,13.95,13.95,13.95,13.95,3600
TGL,2026-09-29,13.7,13.7,13.7,13.7,3600
TGL,2026-09-30,13.45,13.45,13.45,13.45,3600
TGL,2026-10-01,13.2,13.2,13.2,13.2,1000
TGL,2026-10-05,12.95,12.95,12.95,12.95,2200
TGVSL,2026-09-29,121.89,125.0,117.51,122.47,923146
TGVSL,2026-09-30,123.6,125.0,120.0,121.48,424592
TGVSL,2026-10-01,121.8,123.78,114.52,116.38,320394
TGVSL,2026-10-05,123.12,127.5,120.25,121.99,1302916
TGVSL,2026-10-06,122.29,126.0,121.55,125.48,359316
THACKER,2026-09-29,999.0,1085.0,975.0,996.8,18
THACKER,2026-09-30,997.0,997.0,910.0,954.3,218
THACKER,2026-10-01,970.0,970.0,900.1,935.0,215
THACKER,2026-10-05,935.0,935.0,935.0,935.0,0
THACKER,2026-10-06,940.0,940.0,939.65,939.65,11
THAKDEV,2026-09-28,134.99,145.0,134.99,141.37,1757
THAKDEV,2026-09-29,135.0,137.0,135.0,135.0,21
THAKDEV,2026-09-30,135.0,135.0,135.0,135.0,223
THAKDEV,2026-10-01,140.0,140.0,128.56,128.74,154
THAKDEV,2026-10-05,128.74,135.06,128.74,135.06,63
THANGAMAYL,2026-09-29,5010.0,5262.0,4916.5,5204.5,177094
THANGAMAYL,2026-09-30,5210.5,5240.0,5050.0,5062.0,38301
THANGAMAYL,2026-10-01,5087.5,5102.5,4811.5,4861.0,73885
THANGAMAYL,2026-10-05,4870.0,4934.0,4721.0,4747.0,77086
THANGAMAYL,2026-10-06,4794.0,4847.0,4726.0,4758.5,41236
THEINVEST,2026-09-30,92.34,94.74,91.25,93.45,3646
THEINVEST,2026-10-01,92.25,94.8,90.0,90.33,3064
THEINVEST,2026-10-02,90.33,90.33,90.33,90.33,0
THEINVEST,2026-10-05,92.15,93.96,89.51,90.1,8379
THEINVEST,2026-10-06,91.0,92.65,90.25,90.81,1290
THEJO,2026-09-29,2158.2,2169.8999,2086.2,2110.3,9710
THEJO,2026-09-30,2113.8999,2226.8,2100.2,2175.3999,11455
THEJO,2026-10-01,2175.0,2189.8,2065.0,2071.3999,21919
THEJO,2026-10-05,2071.3999,2122.0,2065.8999,2095.2,2088
THEJO,2026-10-06,2095.2,2113.0,2082.1001,2098.8999,4668
THELEELA,2026-09-29,549.45,572.15,522.15,533.6,1415534
THELEELA,2026-09-30,532.0,586.95,532.0,573.8,1251659
THELEELA,2026-10-01,577.0,581.1,557.7,568.95,222623
THELEELA,2026-10-05,566.7,581.2,562.5,577.6,365031
THELEELA,2026-10-06,582.0,589.7,566.5,582.7,514328
THEMISMED,2026-09-29,118.0,121.04,116.02,119.95,106694
THEMISMED,2026-09-30,120.9,122.19,115.25,116.46,468486
THEMISMED,2026-10-01,116.85,117.97,110.5,113.19,69276
THEMISMED,2026-10-05,115.0,115.0,111.02,112.89,58862
THEMISMED,2026-10-06,113.45,114.98,112.35,113.49,44074
THERMAX,2026-09-30,3280.0,3424.5,3276.0,3392.2,406098
THERMAX,2026-10-01,3375.0,3378.8,3312.0,3360.6001,290287
THERMAX,2026-10-02,3360.6001,3360.6001,3360.6001,3360.6001,0
THERMAX,2026-10-05,3364.8999,3400.7,3212.0,3228.2,187112
THERMAX,2026-10-06,3230.0,3250.0,3193.0,3225.1001,236487
THOMASCOOK,2026-09-29,102.0,105.45,101.01,103.92,749468
THOMASCOOK,2026-09-30,103.03,104.58,102.0,102.39,582675
THOMASCOOK,2026-10-01,102.39,102.48,98.6,100.7,539181
THOMASCOOK,2026-10-05,100.7,101.95,99.21,99.61,303908
THOMASCOOK,2026-10-06,99.63,101.63,99.51,101.09,248160
THOMASCOTT,2026-09-30,255.0,276.4,240.85,267.35,115936
THOMASCOTT,2026-10-01,267.35,316.95,264.65,300.2,725256
THOMASCOTT,2026-10-02,300.2,300.2,300.2,300.2,0
THOMASCOTT,2026-10-05,302.0,309.0,272.0,278.85,107168
THOMASCOTT,2026-10-06,278.8,292.8,275.1,280.8,111395
THYROCARE,2026-09-29,549.95,555.55,545.0,547.1,105491
THYROCARE,2026-09-30,547.0,550.6,532.7,534.15,237351
THYROCARE,2026-10-01,531.8,538.55,519.3,533.6,223853
THYROCARE,2026-10-05,539.9,544.8,532.15,542.05,207102
THYROCARE,2026-10-06,542.0,544.6,528.5,529.8,156541
TI,2026-09-29,560.0,562.0,550.0,550.85,606083
TI,2026-09-30,551.0,565.3,536.25,540.65,864319
TI,2026-10-01,537.0,551.4,535.0,542.55,568428
TI,2026-10-05,543.0,553.15,538.0,540.35,282972
TI,2026-10-06,549.0,579.8,540.0,547.8,2728502
TICL,2026-09-29,7.07,7.07,6.91,7.07,247850
TICL,2026-09-30,7.42,7.42,7.42,7.42,17843
TICL,2026-10-01,7.79,7.79,7.69,7.79,103321
TICL,2026-10-05,8.0,8.17,8.0,8.17,145462
TICL,2026-10-06,8.57,8.57,8.57,8.57,26627
TIGERLOGS,2026-09-29,27.16,27.16,25.8,26.17,80402
TIGERLOGS,2026-09-30,26.94,27.0,25.8,26.25,123268
TIGERLOGS,2026-10-01,25.85,26.0,24.8,25.69,90744
TIGERLOGS,2026-10-05,26.05,26.6,25.82,26.3,16487
TIGERLOGS,2026-10-06,26.89,27.49,24.82,25.86,306681
TIIL,2026-09-30,2950.0,2985.1001,2862.3,2900.8999,29702
TIIL,2026-10-01,2901.8,2925.0,2822.0,2893.8,31635
TIIL,2026-10-02,2893.8,2893.8,2893.8,2893.8,0
TIIL,2026-10-05,2882.1001,2920.0,2800.0,2815.3,14101
TIIL,2026-10-06,2815.3,2850.0,2777.8,2819.1001,20082
TIINDIA,2026-09-30,2419.3999,2449.6001,2373.2,2375.0,690294
TIINDIA,2026-10-01,2386.8,2405.2,2307.3,2340.0,471021
TIINDIA,2026-10-02,2340.0,2340.0,2340.0,2340.0,0
TIINDIA,2026-10-05,2346.0,2368.8999,2293.8,2320.0,687174
TIINDIA,2026-10-06,2329.2,2472.7,2312.0,2472.7,779967
TIJARIA,2026-09-29,6.66,6.85,6.44,6.54,6809
TIJARIA,2026-09-30,6.57,6.86,6.25,6.6,106200
TIJARIA,2026-10-01,6.59,6.7,6.27,6.45,18058
TIJARIA,2026-10-05,6.58,6.69,6.26,6.62,12637
TIJARIA,2026-10-06,6.57,6.6,6.36,6.42,14898
TIL,2026-09-29,250.9,255.0,242.65,249.03,78502
TIL,2026-09-30,249.25,259.0,247.5,252.69,72482
TIL,2026-10-01,252.85,254.0,240.15,250.05,100134
TIL,2026-10-05,248.0,252.5,240.0,242.15,42944
TIL,2026-10-06,240.7,250.0,239.0,242.25,114112
TIMESCAN,2026-09-28,41.4,41.4,41.4,41.4,0
TIMESCAN,2026-09-29,39.35,40.0,39.35,40.0,6000
TIMESCAN,2026-09-30,40.0,40.0,40.0,40.0,0
TIMESCAN,2026-10-01,40.0,40.0,40.0,40.0,2000
TIMESCAN,2026-10-05,40.0,40.0,40.0,40.0,4000
TIMETECHNO,2026-09-30,183.75,188.4,181.41,182.36,3950098
TIMETECHNO,2026-10-01,181.15,182.29,176.3,179.68,2060984
TIMETECHNO,2026-10-02,179.68,179.68,179.68,179.68,0
TIMETECHNO,2026-10-05,180.3,181.88,177.5,178.71,1107750
TIMETECHNO,2026-10-06,178.51,183.7,178.1,183.07,2978524
TIMEX,2026-09-30,729.1,746.4,713.2,719.55,317889
TIMEX,2026-10-01,714.65,737.0,700.0,729.5,428304
TIMEX,2026-10-02,729.5,729.5,729.5,729.5,0
TIMEX,2026-10-05,733.15,744.8,724.5,734.6,462142
TIMEX,2026-10-06,737.0,759.7,726.65,731.7,528492
TIMKEN,2026-09-29,3180.6001,3213.8,3065.0,3086.2,51275
TIMKEN,2026-09-30,3116.6001,3145.0,3075.0,3136.0,76082
TIMKEN,2026-10-01,3112.6001,3122.2,3083.1001,3098.8,44275
TIMKEN,2026-10-05,3110.0,3149.8999,3103.8,3132.3,21117
TIMKEN,2026-10-06,3158.6001,3169.8999,3111.0,3156.8999,18064
TINNARUBR,2026-09-29,954.9,968.85,919.45,955.2,37917
TINNARUBR,2026-09-30,954.0,977.55,941.5,952.1,24523
TINNARUBR,2026-10-01,959.0,959.0,911.05,938.85,34386
TINNARUBR,2026-10-05,938.85,951.2,922.75,930.15,30521
TINNARUBR,2026-10-06,948.05,960.0,931.25,950.25,24117
TIPSFILMS,2026-09-29,345.0,369.4,335.1,339.55,38117
TIPSFILMS,2026-09-30,348.95,348.95,306.35,318.25,24583
TIPSFILMS,2026-10-01,318.25,319.9,311.0,315.4,2857
TIPSFILMS,2026-10-05,313.05,316.65,306.35,312.25,2993
TIPSFILMS,2026-10-06,309.0,374.7,309.0,334.55,98015
TIPSMUSIC,2026-09-29,657.35,659.0,639.2,647.2,276147
TIPSMUSIC,2026-09-30,649.0,663.0,648.95,657.85,184367
TIPSMUSIC,2026-10-01,648.3,653.0,630.1,644.2,245089
TIPSMUSIC,2026-10-05,653.3,653.95,635.7,639.1,152414
TIPSMUSIC,2026-10-06,648.0,661.45,637.8,653.1,253226
TIRUMALCHM,2026-09-30,152.7,155.83,150.74,151.39,243364
TIRUMALCHM,2026-10-01,151.74,151.74,143.12,146.26,463985
TIRUMALCHM,2026-10-02,146.26,146.26,146.26,146.26,0
TIRUMALCHM,2026-10-05,146.2,150.09,141.4,143.35,279997
TIRUMALCHM,2026-10-06,144.1,150.99,144.1,148.53,320736
TIRUPATI,2026-09-29,277.9,277.9,277.9,277.9,125
TIRUPATI,2026-09-30,277.9,277.9,277.9,277.9,0
TIRUPATI,2026-10-01,277.9,277.9,277.9,277.9,0
TIRUPATI,2026-10-02,277.9,277.9,277.9,277.9,0
TIRUPATI,2026-10-05,277.9,277.9,277.9,277.9,0
TIRUPATIFL,2026-09-29,75.19,75.19,75.19,75.19,135045
TIRUPATIFL,2026-09-30,76.69,76.69,76.69,76.69,333265
TIRUPATIFL,2026-10-01,75.16,76.52,75.16,75.16,139143
TIRUPATIFL,2026-10-05,73.66,73.66,73.66,73.66,20721
TIRUPATIFL,2026-10-06,72.51,74.0,72.19,72.19,398736
TITAGARH,2026-09-30,819.3,850.9,814.1,818.15,933675
TITAGARH,2026-10-01,811.0,813.9,792.2,805.1,373180
TITAGARH,2026-10-02,805.1,805.1,805.1,805.1,0
TITAGARH,2026-10-05,809.0,812.95,795.65,809.65,364258
TITAGARH,2026-10-06,813.5,813.5,802.85,804.85,249957
TITAN,2026-09-30,4683.0,4698.0,4587.0,4587.0,927060
TITAN,2026-10-01,4574.8999,4621.7998,4491.0,4515.7002,694098
TITAN,2026-10-02,4515.7002,4515.7002,4515.7002,4515.7002,0
TITAN,2026-10-05,4515.8999,4610.0,4505.7998,4580.0,731987
TITAN,2026-10-06,4599.8999,4600.0,4530.2998,4550.0,800052
TMB,2026-09-30,861.25,878.2,861.25,871.3,119178
TMB,2026-10-01,870.0,885.0,853.45,872.05,205835
TMB,2026-10-02,872.05,872.05,872.05,872.05,0
TMB,2026-10-05,872.5,917.6,870.0,886.25,420110
TMB,2026-10-06,883.95,889.95,872.4,878.95,136056
TMCV,2026-09-30,430.15,438.15,418.7,421.65,10915749
TMCV,2026-10-01,416.25,420.0,404.1,415.5,7408903
TMCV,2026-10-02,415.5,415.5,415.5,415.5,0
TMCV,2026-10-05,415.5,428.85,412.7,426.8,8038049
TMCV,2026-10-06,427.3,437.55,423.7,433.8,7618661
TMPV,2026-09-30,281.0,287.05,280.1,283.5,11539983
TMPV,2026-10-01,280.0,281.3,273.35,279.4,15258191
TMPV,2026-10-02,279.4,279.4,279.4,279.4,0
TMPV,2026-10-05,280.1,289.8,278.95,288.65,13512719
TMPV,2026-10-06,288.4,290.4,285.1,285.8,7574306
TNPETRO,2026-09-29,125.61,128.28,123.0,125.67,826447
TNPETRO,2026-09-30,125.77,129.99,123.15,124.08,945747
TNPETRO,2026-10-01,124.08,125.71,118.5,123.18,929005
TNPETRO,2026-10-05,124.5,127.48,122.5,122.75,631775
TNPETRO,2026-10-06,123.0,127.13,123.0,126.03,801738
TNPL,2026-09-30,150.62,152.9,149.75,150.61,68064
TNPL,2026-10-01,151.0,151.0,146.21,147.63,135559
TNPL,2026-10-02,147.63,147.63,147.63,147.63,0
TNPL,2026-10-05,148.3,151.87,146.04,146.49,73341
TNPL,2026-10-06,147.4,148.92,145.61,145.94,62235
TNTELE,2026-09-29,13.5,14.26,13.11,14.26,510371
TNTELE,2026-09-30,13.11,13.2,12.84,12.84,217122
TNTELE,2026-10-01,11.56,11.56,11.56,11.56,37038
TNTELE,2026-10-05,11.0,11.0,10.99,10.99,6468
TNTELE,2026-10-06,10.45,10.45,10.45,10.45,32851
TOKYOPLAST,2026-09-29,74.3,74.9,72.0,73.5,1109
TOKYOPLAST,2026-09-30,73.5,74.9,71.01,73.2,1509
TOKYOPLAST,2026-10-01,72.1,75.88,70.1,71.01,1264
TOKYOPLAST,2026-10-05,71.1,73.87,69.1,71.06,1544
TOKYOPLAST,2026-10-06,71.11,73.2,71.1,71.1,833
TOLINS,2026-09-29,86.2,86.99,85.0,86.21,36061
TOLINS,2026-09-30,86.15,88.49,85.01,85.86,41099
TOLINS,2026-10-01,87.17,87.17,84.0,84.59,47501
TOLINS,2026-10-05,86.0,87.5,84.01,85.12,31946
TOLINS,2026-10-06,90.0,91.85,86.5,90.19,202706
TORNTPHARM,2026-09-29,4884.5,4948.0,4833.5,4894.0,725626
TORNTPHARM,2026-09-30,4935.0,4935.0,4786.0,4800.0,397999
TORNTPHARM,2026-10-01,4800.0,4810.5,4717.2998,4767.2998,357701
TORNTPHARM,2026-10-05,4767.2998,4795.0,4710.0,4772.0,332068
TORNTPHARM,2026-10-06,4763.5,4788.2998,4702.5,4772.0,302605
TORNTPOWER,2026-09-30,1230.0,1256.4,1230.0,1245.9,187402
TORNTPOWER,2026-10-01,1237.8,1249.0,1212.0,1242.9,156392
TORNTPOWER,2026-10-02,1242.9,1242.9,1242.9,1242.9,0
TORNTPOWER,2026-10-05,1245.4,1249.1,1226.0,1234.2,191786
TORNTPOWER,2026-10-06,1234.6,1240.1,1220.5,1234.9,205967
TOTAL,2026-09-29,69.95,71.5,68.8,71.38,5418
TOTAL,2026-09-30,71.9,72.0,68.12,69.54,3994
TOTAL,2026-10-01,70.4,70.62,68.12,70.24,1179
TOTAL,2026-10-05,67.2,72.0,67.2,69.23,5853
TOTAL,2026-10-06,69.23,71.7,69.0,71.54,3174
TOUCHWOOD,2026-09-29,59.7,60.0,58.12,59.99,1035
TOUCHWOOD,2026-09-30,59.01,60.0,57.0,59.22,2223
TOUCHWOOD,2026-10-01,60.0,60.0,57.0,57.14,1063
TOUCHWOOD,2026-10-05,66.4,66.4,57.9,58.53,6095
TOUCHWOOD,2026-10-06,58.55,58.95,58.26,58.95,640
TOYAMSL,2026-09-29,0.75,0.77,0.74,0.74,1663494
TOYAMSL,2026-09-30,0.72,0.75,0.71,0.72,2003449
TOYAMSL,2026-10-01,0.75,0.75,0.69,0.69,408079
TOYAMSL,2026-10-05,0.7,0.71,0.66,0.66,1201986
TOYAMSL,2026-10-06,0.65,0.69,0.64,0.68,765045
TPHQ,2026-09-29,0.5,0.52,0.5,0.51,703705
TPHQ,2026-09-30,0.52,0.52,0.49,0.5,1294657
TPHQ,2026-10-01,0.51,0.51,0.49,0.5,770436
TPHQ,2026-10-05,0.5,0.51,0.49,0.49,702101
TPHQ,2026-10-06,0.49,0.5,0.47,0.48,1369830
TPLPLASTEH,2026-09-29,64.1,67.5,63.15,65.26,97097
TPLPLASTEH,2026-09-30,68.67,78.0,68.0,71.14,2013255
TPLPLASTEH,2026-10-01,69.9,70.75,67.83,68.89,188764
TPLPLASTEH,2026-10-05,68.91,70.19,67.02,67.86,175395
TPLPLASTEH,2026-10-06,68.6,69.44,67.51,69.18,110390
TRACXN,2026-09-29,32.98,33.0,31.7,32.94,229392
TRACXN,2026-09-30,32.55,33.2,32.16,32.91,152016
TRACXN,2026-10-01,32.9,32.9,31.59,31.71,129732
TRACXN,2026-10-05,31.7,32.49,31.11,31.61,130560
TRACXN,2026-10-06,31.6,35.0,31.6,34.34,493336
TRANSCOR,2026-09-29,24.39,24.9,23.52,23.85,6605
TRANSCOR,2026-09-30,23.74,25.0,23.52,24.22,10425
TRANSCOR,2026-10-01,24.22,24.68,21.0,24.18,4834
TRANSCOR,2026-10-05,24.49,24.9,23.52,24.6,1443
TRANSCOR,2026-10-06,24.9,24.9,23.75,23.91,624
TRANSPEK,2026-09-29,1348.0,1355.0,1305.1,1352.5,1187
TRANSPEK,2026-09-30,1352.5,1352.5,1320.9,1340.2,635
TRANSPEK,2026-10-01,1312.2,1359.9,1312.2,1349.0,635
TRANSPEK,2026-10-05,1300.0,1360.0,1281.6,1313.9,883
TRANSPEK,2026-10-06,1313.8,1379.5,1300.0,1379.5,3069
TRANSRAILL,2026-09-30,448.8,498.0,448.8,476.4,6739028
TRANSRAILL,2026-10-01,479.0,488.4,462.85,474.9,1761167
TRANSRAILL,2026-10-02,474.9,474.9,474.9,474.9,0
TRANSRAILL,2026-10-05,476.7,476.85,460.0,462.75,454795
TRANSRAILL,2026-10-06,478.0,486.0,474.1,482.4,2088014
TRANSTEEL,2026-09-28,84.0,84.95,84.0,84.5,6000
TRANSTEEL,2026-09-29,84.0,85.55,79.7,80.15,61000
TRANSTEEL,2026-09-30,82.3,82.3,80.0,80.05,41000
TRANSTEEL,2026-10-01,82.8,82.8,77.6,79.4,31000
TRANSTEEL,2026-10-05,80.1,80.1,79.5,79.75,9000
TRANSWIND,2026-09-29,11.3,11.3,11.3,11.3,0
TRANSWIND,2026-09-30,11.3,11.3,11.3,11.3,0
TRANSWIND,2026-10-01,11.3,11.3,11.3,11.3,0
TRANSWIND,2026-10-02,11.3,11.3,11.3,11.3,0
TRANSWIND,2026-10-05,11.3,11.3,11.3,11.3,0
TRANSWORLD,2026-09-29,163.0,165.9,159.6,163.0,1512
TRANSWORLD,2026-09-30,162.0,162.99,160.3,162.0,6816
TRANSWORLD,2026-10-01,159.0,162.79,159.0,159.0,1405
TRANSWORLD,2026-10-05,157.0,159.91,152.0,154.29,5446
TRANSWORLD,2026-10-06,154.0,156.97,152.05,153.7,3872
TRAVELFOOD,2026-09-29,1213.5,1213.5,1171.0,1196.6,356445
TRAVELFOOD,2026-09-30,1196.6,1208.3,1184.0,1200.3,28635
TRAVELFOOD,2026-10-01,1200.0,1222.1,1176.1,1208.1,32897
TRAVELFOOD,2026-10-05,1208.1,1215.6,1185.0,1204.3,52265
TRAVELFOOD,2026-10-06,1200.0,1204.7,1191.0,1197.9,23618
TREEHOUSE,2026-09-29,5.88,5.93,5.46,5.81,19318
TREEHOUSE,2026-09-30,5.81,5.99,5.72,5.78,28154
TREEHOUSE,2026-10-01,5.94,5.94,5.65,5.68,9476
TREEHOUSE,2026-10-05,5.69,5.99,5.5,5.8,29426
TREEHOUSE,2026-10-06,5.98,5.98,5.73,5.82,17012
TREJHARA,2026-09-29,144.95,144.95,132.98,135.7,44520
TREJHARA,2026-09-30,141.5,141.5,136.69,138.84,10186
TREJHARA,2026-10-01,143.49,143.49,127.03,131.66,29254
TREJHARA,2026-10-05,131.66,139.35,129.05,131.36,16934
TREJHARA,2026-10-06,131.36,133.05,128.8,130.39,13317
TREL,2026-09-29,28.89,28.94,27.7,28.4,112132
TREL,2026-09-30,28.8,29.9,27.87,28.89,205678
TREL,2026-10-01,29.15,29.47,26.37,27.29,135689
TREL,2026-10-05,27.29,28.23,26.51,26.99,52412
TREL,2026-10-06,26.99,27.39,26.51,26.64,39088
TRENT,2026-09-30,2651.1001,2669.8999,2618.0,2621.6001,785465
TRENT,2026-10-01,2615.0,2624.0,2545.8,2580.0,896919
TRENT,2026-10-02,2580.0,2580.0,2580.0,2580.0,0
TRENT,2026-10-05,2580.0,2608.3,2572.8,2580.0,802316
TRENT,2026-10-06,2800.0,2914.0,2782.3,2906.0,6693250
TRF,2026-09-30,207.75,209.0,196.55,197.82,18651
TRF,2026-10-01,202.0,202.0,191.19,192.33,7150
TRF,2026-10-02,192.33,192.33,192.33,192.33,0
TRF,2026-10-05,197.9,198.2,193.01,194.02,14980
TRF,2026-10-06,196.86,197.47,193.97,196.3,6221
TRIDENT,2026-09-29,22.93,22.99,22.28,22.49,3025645
TRIDENT,2026-09-30,22.49,22.79,22.35,22.44,2060666
TRIDENT,2026-10-01,22.44,22.5,22.0,22.16,2837617
TRIDENT,2026-10-05,22.15,22.33,21.8,21.84,3963387
TRIDENT,2026-10-06,21.84,22.98,21.84,22.56,6085679
TRIDHYA,2026-09-29,6.8,6.8,6.8,6.8,3000
TRIDHYA,2026-09-30,6.8,6.8,6.8,6.8,0
TRIDHYA,2026-10-01,6.8,6.8,6.8,6.8,0
TRIDHYA,2026-10-02,6.8,6.8,6.8,6.8,0
TRIDHYA,2026-10-05,6.8,6.8,6.8,6.8,0
TRIGYN,2026-09-29,53.6,53.8,52.34,53.03,30084
TRIGYN,2026-09-30,53.8,54.44,52.5,53.1,15509
TRIGYN,2026-10-01,53.5,53.5,51.36,51.8,36496
TRIGYN,2026-10-05,51.54,52.8,51.02,51.45,18889
TRIGYN,2026-10-06,51.5,52.79,51.3,51.7,20828
TRITONV,2026-09-29,1080.4,1093.3,1060.1,1075.4,967
TRITONV,2026-09-30,1087.5,1099.9,1076.1,1083.8,476
TRITONV,2026-10-01,1080.1,1109.6,1061.3,1078.0,1489
TRITONV,2026-10-05,1099.0,1100.0,1048.3,1063.2,1226
TRITONV,2026-10-06,1076.8,1095.0,1076.3,1093.0,2665
TRITURBINE,2026-09-29,547.0,550.85,535.8,543.55,643808
TRITURBINE,2026-09-30,542.0,548.45,537.7,539.4,332296
TRITURBINE,2026-10-01,536.0,541.25,526.0,530.0,473633
TRITURBINE,2026-10-05,535.0,540.0,525.05,526.1,208383
TRITURBINE,2026-10-06,529.3,538.9,518.85,536.1,485455
TRIVENI,2026-09-29,242.0,243.75,236.95,239.15,773286
TRIVENI,2026-09-30,239.9,243.5,235.0,235.7,310906
TRIVENI,2026-10-01,234.95,241.98,228.61,230.92,557909
TRIVENI,2026-10-05,237.0,241.7,235.06,237.22,749310
TRIVENI,2026-10-06,244.8,249.0,239.85,241.97,920394
TRU,2026-09-29,4.06,4.18,4.05,4.06,50438
TRU,2026-09-30,4.02,4.16,4.02,4.1,25979
TRU,2026-10-01,4.12,4.4,4.06,4.22,61921
TRU,2026-10-05,4.05,4.33,4.05,4.15,41076
TRU,2026-10-06,4.25,4.36,4.08,4.12,54342
TRUALT,2026-09-29,459.9,464.0,452.7,458.4,258126
TRUALT,2026-09-30,458.4,472.5,447.05,468.65,396825
TRUALT,2026-10-01,469.9,469.9,439.8,444.3,290950
TRUALT,2026-10-05,444.65,457.15,436.95,442.3,100918
TRUALT,2026-10-06,442.05,452.1,441.2,444.35,130699
TRUST,2026-09-28,27.0,27.0,27.0,27.0,600
TRUST,2026-09-29,25.8,26.05,25.35,25.65,7800
TRUST,2026-09-30,25.55,26.95,25.55,26.95,4200
TRUST,2026-10-01,26.9,27.35,26.7,27.1,19200
TRUST,2026-10-05,25.9,26.1,25.8,25.95,9600
TSFINV,2026-09-29,434.7,435.95,412.6,421.45,522272
TSFINV,2026-09-30,422.0,434.8,415.9,417.15,59183
TSFINV,2026-10-01,416.0,417.0,402.25,409.15,111572
TSFINV,2026-10-05,410.0,415.0,403.6,409.0,69621
TSFINV,2026-10-06,409.0,420.2,405.0,417.95,63765
TTKHLTCARE,2026-09-29,1016.6,1042.6,1000.0,1033.7,10420
TTKHLTCARE,2026-09-30,1041.3,1050.6,1012.6,1023.0,7751
TTKHLTCARE,2026-10-01,1021.0,1022.9,990.0,1013.0,10794
TTKHLTCARE,2026-10-05,1022.9,1037.0,991.0,1007.4,17885
TTKHLTCARE,2026-10-06,1014.9,1053.7,1007.8,1033.7,22331
TTKPRESTIG,2026-09-29,515.35,551.5,515.35,533.75,484427
TTKPRESTIG,2026-09-30,529.5,536.15,513.2,515.85,51023
TTKPRESTIG,2026-10-01,512.6,519.75,497.0,506.4,63610
TTKPRESTIG,2026-10-05,508.5,519.45,508.5,512.95,25083
TTKPRESTIG,2026-10-06,518.9,524.95,513.2,522.85,21447
TTL,2026-09-29,7.33,8.25,7.12,7.71,878500
TTL,2026-09-30,7.7,8.44,7.35,8.07,1258014
TTL,2026-10-01,8.11,8.3,7.71,7.85,236186
TTL,2026-10-05,8.0,8.0,7.65,7.77,116374
TTL,2026-10-06,7.84,7.84,7.3,7.38,264595
TTML,2026-09-30,34.86,35.67,34.02,34.3,3429419
TTML,2026-10-01,35.44,35.55,34.15,34.82,8582189
TTML,2026-10-02,34.82,34.82,34.82,34.82,0
TTML,2026-10-05,34.6,34.8,33.91,34.33,2248833
TTML,2026-10-06,33.92,34.43,33.92,34.18,1250539
TUNWAL,2026-09-28,25.05,25.9,25.05,25.7,70000
TUNWAL,2026-09-29,25.6,26.05,25.35,25.85,70000
TUNWAL,2026-09-30,25.85,25.9,25.4,25.9,72000
TUNWAL,2026-10-01,25.5,26.0,25.3,25.9,78000
TUNWAL,2026-10-05,26.55,26.55,26.0,26.25,22000
TURTLEMINT,2026-09-29,84.0,84.05,78.8,79.52,2538324
TURTLEMINT,2026-09-30,79.0,82.0,75.6,76.44,2617903
TURTLEMINT,2026-10-01,76.02,76.4,69.25,69.79,2761679
TURTLEMINT,2026-10-05,71.0,71.49,65.85,68.04,3623714
TURTLEMINT,2026-10-06,69.0,71.0,67.52,68.91,2824187
TUTIALKA,2026-09-29,55.0,55.85,52.56,54.74,7605
TUTIALKA,2026-09-30,55.8,56.0,54.0,54.4,2819
TUTIALKA,2026-10-01,54.11,55.68,53.0,53.98,4106
TUTIALKA,2026-10-05,55.92,55.92,52.01,52.27,5930
TUTIALKA,2026-10-06,52.16,55.39,52.01,54.0,5399
TVSELECT,2026-09-29,378.85,379.65,367.1,374.3,25816
TVSELECT,2026-09-30,372.05,440.55,371.15,416.15,2795681
TVSELECT,2026-10-01,415.1,415.1,384.4,397.4,222377
TVSELECT,2026-10-05,397.15,401.75,387.2,391.7,41961
TVSELECT,2026-10-06,395.15,411.95,393.0,404.2,76143
TVSHLTD,2026-09-29,12436.0,12497.0,12050.0,12298.0,10491
TVSHLTD,2026-09-30,12300.0,12450.0,12045.0,12107.0,8540
TVSHLTD,2026-10-01,12116.0,12117.0,11661.0,11886.0,21777
TVSHLTD,2026-10-05,11950.0,12021.0,11708.0,11813.0,4718
TVSHLTD,2026-10-06,11810.0,11854.0,11705.0,11763.0,4509
TVSMOTOR,2026-09-30,4100.0,4174.7002,4084.1001,4106.0,605529
TVSMOTOR,2026-10-01,4090.0,4100.0,3930.1001,4021.0,1234692
TVSMOTOR,2026-10-02,4021.0,4021.0,4021.0,4021.0,0
TVSMOTOR,2026-10-05,4026.0,4040.5,3919.0,4031.0,706602
TVSMOTOR,2026-10-06,4030.0,4043.6001,3955.8999,3981.0,791062
TVSSCS,2026-09-30,131.0,134.4,130.05,130.57,488937
TVSSCS,2026-10-01,130.0,130.86,126.0,128.42,767101
TVSSCS,2026-10-02,128.42,128.42,128.42,128.42,0
TVSSCS,2026-10-05,128.32,130.99,126.95,127.27,402736
TVSSCS,2026-10-06,127.16,132.4,127.11,130.67,519370
TVSSRICHAK,2026-09-29,4445.0,4495.0,4370.0,4435.0,5321
TVSSRICHAK,2026-09-30,4466.5,4520.0,4402.5,4437.5,4983
TVSSRICHAK,2026-10-01,4426.0,4461.8999,4255.0,4349.2998,5576
TVSSRICHAK,2026-10-05,4323.2998,4430.7002,4256.0,4277.2998,3583
TVSSRICHAK,2026-10-06,4308.0,4428.7998,4308.0,4390.1001,3855
TVTODAY,2026-09-30,106.0,106.0,103.3,104.19,13484
TVTODAY,2026-10-01,106.0,106.0,99.35,101.65,76841
TVTODAY,2026-10-02,101.65,101.65,101.65,101.65,0
TVTODAY,2026-10-05,103.7,103.7,101.0,101.49,52602
TVTODAY,2026-10-06,100.32,102.5,100.3,101.48,17500
TVVISION,2026-09-29,3.03,3.05,2.82,2.82,76042
TVVISION,2026-09-30,2.82,2.85,2.68,2.68,41298
TVVISION,2026-10-01,2.68,2.81,2.55,2.55,112735
TVVISION,2026-10-05,2.67,2.67,2.43,2.64,40218
TVVISION,2026-10-06,2.68,2.73,2.51,2.59,26174
UBL,2026-09-29,1213.0,1228.2,1169.5,1210.2,116267
UBL,2026-09-30,1210.3,1213.8,1151.0,1158.1,322312
UBL,2026-10-01,1158.1,1194.8,1140.3,1188.8,143713
UBL,2026-10-05,1180.2,1192.6,1171.5,1183.3,56186
UBL,2026-10-06,1188.5,1197.6,1172.0,1178.3,93585
UCAL,2026-09-29,141.44,142.85,138.51,139.0,3213
UCAL,2026-09-30,139.0,142.45,139.0,140.15,5043
UCAL,2026-10-01,142.0,142.0,137.01,140.4,20204
UCAL,2026-10-05,139.0,143.3,137.0,137.43,6507
UCAL,2026-10-06,137.0,144.3,136.25,142.37,12204
UCL,2026-09-29,221.4,221.4,221.4,221.4,0
UCL,2026-09-30,210.35,210.35,210.35,210.35,4000
UCL,2026-10-01,210.35,210.35,210.35,210.35,0
UCL,2026-10-02,210.35,210.35,210.35,210.35,0
UCL,2026-10-05,210.35,218.0,199.9,210.45,10000
UCOBANK,2026-09-29,23.4,23.45,22.97,23.05,4035725
UCOBANK,2026-09-30,23.05,23.5,23.05,23.28,2802505
UCOBANK,2026-10-01,23.22,23.35,22.81,22.93,3788182
UCOBANK,2026-10-05,23.05,23.9,22.96,23.16,7010331
UCOBANK,2026-10-06,23.2,23.49,23.14,23.27,3050129
UDAYJEW,2026-09-29,173.03,173.03,166.0,168.37,19048
UDAYJEW,2026-09-30,177.9,177.9,165.19,166.94,13109
UDAYJEW,2026-10-01,167.06,169.19,155.2,159.06,25228
UDAYJEW,2026-10-05,166.0,166.0,155.9,160.27,11218
UDAYJEW,2026-10-06,167.35,167.36,159.6,160.33,17571
UDS,2026-09-29,207.84,208.98,202.56,207.79,53770
UDS,2026-09-30,209.0,211.92,205.27,208.57,59154
UDS,2026-10-01,208.57,209.79,204.31,208.55,160461
UDS,2026-10-05,209.6,211.98,208.43,210.82,78015
UDS,2026-10-06,213.7,216.75,208.01,215.4,141225
UEL,2026-09-29,193.6,193.6,183.05,184.75,11518
UEL,2026-09-30,186.5,189.4,182.01,184.92,12717
UEL,2026-10-01,186.5,186.5,175.68,183.67,19845
UEL,2026-10-05,183.67,183.68,175.4,176.87,7614
UEL,2026-10-06,173.4,180.99,173.01,179.62,11101
UFBL,2026-09-29,677.85,689.45,666.25,674.15,78748
UFBL,2026-09-30,666.7,700.0,642.2,678.8,31677
UFBL,2026-10-01,674.85,700.0,661.2,692.75,29335
UFBL,2026-10-05,696.7,704.9,658.5,662.1,33217
UFBL,2026-10-06,660.0,695.2,660.0,695.2,76397
UFLEX,2026-09-29,640.15,660.9,636.8,647.7,162208
UFLEX,2026-09-30,656.0,671.0,652.0,657.85,159191
UFLEX,2026-10-01,663.9,664.85,640.2,649.85,150979
UFLEX,2026-10-05,651.15,669.35,636.5,639.2,112152
UFLEX,2026-10-06,640.1,646.65,635.2,641.25,61295
UFO,2026-09-29,58.99,60.48,56.3,58.93,64364
UFO,2026-09-30,59.98,59.98,58.0,58.12,11186
UFO,2026-10-01,59.69,59.79,55.35,56.49,34623
UFO,2026-10-05,57.02,58.6,56.33,57.18,21649
UFO,2026-10-06,56.51,58.02,56.51,57.38,19334
UGARSUGAR,2026-09-29,62.0,62.41,57.2,57.81,1013983
UGARSUGAR,2026-09-30,56.5,60.0,55.9,57.26,301755
UGARSUGAR,2026-10-01,56.9,57.0,54.9,56.04,161635
UGARSUGAR,2026-10-05,56.0,58.84,56.0,58.84,182707
UGARSUGAR,2026-10-06,60.89,61.5,58.8,59.26,228479
UGROCAP,2026-09-29,80.53,82.19,79.2,81.07,434421
UGROCAP,2026-09-30,81.67,84.56,81.15,83.68,277232
UGROCAP,2026-10-01,82.86,83.44,80.8,82.35,149035
UGROCAP,2026-10-05,83.9,83.9,81.0,81.89,145752
UGROCAP,2026-10-06,82.7,84.0,81.61,82.97,101734
UJJIVANSFB,2026-09-30,65.98,68.3,65.7,67.5,28889413
UJJIVANSFB,2026-10-01,66.99,67.6,65.04,65.6,9369954
UJJIVANSFB,2026-10-02,65.6,65.6,65.6,65.6,0
UJJIVANSFB,2026-10-05,66.98,67.65,65.92,66.59,16279797
UJJIVANSFB,2026-10-06,67.0,67.98,65.14,65.19,13769306
ULTRACEMCO,2026-09-29,11010.0,11027.0,10826.0,10829.0,514924
ULTRACEMCO,2026-09-30,10829.0,10971.0,10800.0,10956.0,257558
ULTRACEMCO,2026-10-01,10810.0,10879.0,10612.0,10710.0,570684
ULTRACEMCO,2026-10-05,10736.0,10940.0,10731.0,10850.0,314538
ULTRACEMCO,2026-10-06,10850.0,10905.0,10697.0,10750.0,270194
ULTRAMAR,2026-09-30,420.0,428.95,408.1,409.4,1302805
ULTRAMAR,2026-10-01,409.0,418.45,398.2,406.15,298654
ULTRAMAR,2026-10-02,406.15,406.15,406.15,406.15,0
ULTRAMAR,2026-10-05,409.0,409.55,403.5,404.8,92729
ULTRAMAR,2026-10-06,408.85,417.15,402.5,408.8,177791
UMA,2026-09-29,17.85,17.95,16.25,17.75,28000
UMA,2026-09-30,17.75,17.75,17.75,17.75,0
UMA,2026-10-01,17.75,17.75,17.75,17.75,0
UMA,2026-10-02,17.75,17.75,17.75,17.75,0
UMA,2026-10-05,17.0,17.0,16.6,16.6,12000
UMAEXPORTS,2026-09-29,22.06,22.06,21.6,22.06,9758
UMAEXPORTS,2026-09-30,21.62,22.06,21.62,21.62,7137
UMAEXPORTS,2026-10-01,22.05,22.05,21.99,22.05,49382
UMAEXPORTS,2026-10-05,22.16,22.16,21.0,21.16,32939
UMAEXPORTS,2026-10-06,20.99,21.8,20.55,21.09,17187
UMESLTD,2026-09-29,4.71,4.71,4.35,4.41,14937
UMESLTD,2026-09-30,4.69,4.69,4.15,4.49,22388
UMESLTD,2026-10-01,4.53,4.58,4.3,4.57,6153
UMESLTD,2026-10-05,4.8,4.8,4.28,4.37,7898
UMESLTD,2026-10-06,4.59,4.59,4.26,4.45,3511
UNICHEMLAB,2026-09-29,537.0,608.0,530.0,568.4,4127586
UNICHEMLAB,2026-09-30,569.0,579.2,542.1,545.5,217861
UNICHEMLAB,2026-10-01,542.5,548.9,523.05,535.05,102131
UNICHEMLAB,2026-10-05,536.2,545.0,512.0,531.45,116755
UNICHEMLAB,2026-10-06,531.25,556.2,531.25,548.1,60120
UNIDT,2026-09-29,229.31,234.59,222.68,229.83,29891
UNIDT,2026-09-30,231.0,236.0,220.5,222.06,43999
UNIDT,2026-10-01,225.0,257.8,211.2,239.65,130454
UNIDT,2026-10-05,242.9,242.9,227.61,229.93,36657
UNIDT,2026-10-06,231.99,237.14,225.0,226.13,34102
UNIECOM,2026-09-29,82.81,83.16,81.01,82.45,161740
UNIECOM,2026-09-30,82.89,84.5,82.25,83.9,194948
UNIECOM,2026-10-01,84.15,84.15,80.2,82.58,204430
UNIECOM,2026-10-05,82.52,83.69,81.11,81.54,134369
UNIECOM,2026-10-06,82.35,82.71,81.16,81.84,181148
UNIENTER,2026-09-29,89.07,91.98,88.67,89.01,7461
UNIENTER,2026-09-30,91.1,91.1,88.67,88.75,5499
UNIENTER,2026-10-01,89.2,89.99,86.6,87.02,9036
UNIENTER,2026-10-05,90.0,90.0,86.0,86.17,3395
UNIENTER,2026-10-06,90.0,90.0,86.17,87.09,2595
UNIHEALTH,2026-09-28,645.0,660.0,638.85,641.95,9500
UNIHEALTH,2026-09-29,646.9,647.95,615.0,626.4,18000
UNIHEALTH,2026-09-30,626.0,626.0,593.0,600.45,51000
UNIHEALTH,2026-10-01,578.0,589.95,540.0,581.2,53000
UNIHEALTH,2026-10-05,580.0,588.0,555.0,562.15,20500
UNIINFO,2026-09-29,11.1,11.3,11.0,11.08,1610
UNIINFO,2026-09-30,11.03,11.35,10.61,10.94,1270
UNIINFO,2026-10-01,11.25,11.25,10.4,10.85,4175
UNIINFO,2026-10-05,11.2,11.2,10.46,10.62,2024
UNIINFO,2026-10-06,10.63,11.07,10.45,11.0,1893
UNIMECH,2026-09-30,1721.0,1753.9,1705.1,1724.0,274093
UNIMECH,2026-10-01,1723.9,1779.8,1693.2,1773.0,403902
UNIMECH,2026-10-02,1773.0,1773.0,1773.0,1773.0,0
UNIMECH,2026-10-05,1790.0,1850.2,1756.0,1845.1,344309
UNIMECH,2026-10-06,1850.0,1901.0,1819.7,1873.1,287993
UNIONBANK,2026-09-30,169.98,172.6,169.95,171.0,16921657
UNIONBANK,2026-10-01,169.69,172.19,164.81,167.59,7875995
UNIONBANK,2026-10-02,167.59,167.59,167.59,167.59,0
UNIONBANK,2026-10-05,169.0,171.09,165.68,167.97,7966548
UNIONBANK,2026-10-06,169.0,171.29,166.89,168.44,10375624
UNIPARTS,2026-09-29,837.1,847.5,829.55,843.55,47603
UNIPARTS,2026-09-30,849.0,859.0,829.55,836.0,63990
UNIPARTS,2026-10-01,830.9,834.9,801.7,819.3,141001
UNIPARTS,2026-10-05,818.0,847.1,812.25,826.05,84284
UNIPARTS,2026-10-06,836.0,844.0,815.0,824.7,101784
UNITDSPR,2026-09-29,1408.0,1414.2,1356.1,1363.0,8761343
UNITDSPR,2026-09-30,1371.0,1376.5,1337.6,1354.0,976345
UNITDSPR,2026-10-01,1340.1,1346.9,1316.5,1335.1,1003620
UNITDSPR,2026-10-05,1335.4,1377.9,1329.7,1369.0,1272603
UNITDSPR,2026-10-06,1365.0,1373.0,1349.0,1358.0,925851
UNITECH,2026-09-29,3.95,4.0,3.81,3.92,3452169
UNITECH,2026-09-30,3.95,3.99,3.9,3.96,3132347
UNITECH,2026-10-01,3.95,3.99,3.85,3.93,3179973
UNITECH,2026-10-05,3.95,3.99,3.88,3.9,1338911
UNITECH,2026-10-06,3.91,4.05,3.91,4.0,2289708
UNITEDPOLY,2026-09-29,46.23,47.1,45.0,46.87,136680
UNITEDPOLY,2026-09-30,46.93,47.56,46.26,47.47,555562
UNITEDPOLY,2026-10-01,48.0,48.0,46.5,47.05,98775
UNITEDPOLY,2026-10-05,47.13,50.23,43.5,48.43,3171395
UNITEDPOLY,2026-10-06,49.0,49.59,47.89,48.49,706323
UNITEDTEA,2026-09-29,425.1,429.65,421.05,421.6,2379
UNITEDTEA,2026-09-30,405.2,433.75,405.2,427.9,313
UNITEDTEA,2026-10-01,432.2,432.2,412.7,416.95,10435
UNITEDTEA,2026-10-05,414.9,428.95,414.9,415.0,1641
UNITEDTEA,2026-10-06,420.0,420.0,411.45,415.95,1718
UNIVAFOODS,2026-09-29,9.48,9.48,9.48,9.48,0
UNIVAFOODS,2026-09-30,9.48,9.48,9.48,9.48,0
UNIVAFOODS,2026-10-01,9.48,9.48,9.48,9.48,0
UNIVAFOODS,2026-10-02,9.48,9.48,9.48,9.48,0
UNIVAFOODS,2026-10-05,9.48,9.48,9.48,9.48,3084
UNIVASTU,2026-09-29,132.79,132.79,126.16,126.63,68022
UNIVASTU,2026-09-30,123.5,132.96,123.5,132.96,57992
UNIVASTU,2026-10-01,136.85,138.4,127.16,134.25,65638
UNIVASTU,2026-10-05,135.9,135.9,127.55,127.77,46796
UNIVASTU,2026-10-06,128.4,132.69,126.23,131.63,27075
UNIVCABLES,2026-09-30,1470.0,1484.0,1433.3,1443.0,41248
UNIVCABLES,2026-10-01,1447.8,1462.0,1400.0,1451.3,81588
UNIVCABLES,2026-10-02,1451.3,1451.3,1451.3,1451.3,0
UNIVCABLES,2026-10-05,1459.9,1536.8,1456.0,1520.2,214759
UNIVCABLES,2026-10-06,1523.1,1665.0,1501.8,1649.2,374697
UNIVPHOTO,2026-09-29,524.3,524.3,500.0,513.8,195
UNIVPHOTO,2026-09-30,500.0,536.0,489.0,512.75,465
UNIVPHOTO,2026-10-01,496.3,520.0,487.3,490.0,483
UNIVPHOTO,2026-10-05,514.5,514.5,471.15,488.2,231
UNIVPHOTO,2026-10-06,467.05,483.3,467.05,470.25,889
UNOMINDA,2026-09-29,1173.3,1179.0,1149.5,1162.0,546120
UNOMINDA,2026-09-30,1159.1,1184.1,1159.1,1170.0,527106
UNOMINDA,2026-10-01,1170.0,1170.0,1099.1,1111.0,788650
UNOMINDA,2026-10-05,1111.0,1126.0,1086.2,1101.0,952575
UNOMINDA,2026-10-06,1101.0,1128.5,1100.0,1120.0,1038825
UPHOT,2026-09-28,1503.0,1503.0,1503.0,1503.0,10
UPHOT,2026-09-29,1515.0,1530.0,1515.0,1530.0,35
UPHOT,2026-09-30,1530.0,1530.0,1530.0,1530.0,0
UPHOT,2026-10-01,1530.0,1530.0,1530.0,1530.0,26
UPHOT,2026-10-05,1530.0,1530.0,1530.0,1530.0,0
UPL,2026-09-30,539.25,544.9,535.25,539.75,3114983
UPL,2026-10-01,535.7,537.65,511.2,516.8,2466891
UPL,2026-10-02,516.8,516.8,516.8,516.8,0
UPL,2026-10-05,520.5,526.8,496.05,502.5,5330366
UPL,2026-10-06,503.9,511.55,503.9,509.55,1193813
URAVIDEF,2026-09-29,104.55,104.55,101.99,104.55,1254
URAVIDEF,2026-09-30,105.05,106.5,105.0,105.05,335
URAVIDEF,2026-10-01,103.0,105.05,102.95,103.0,423
URAVIDEF,2026-10-05,101.16,103.0,101.16,101.16,463
URAVIDEF,2026-10-06,101.5,102.0,100.0,102.0,1892
URBAN,2026-09-28,119.0,121.0,118.0,118.0,6400
URBAN,2026-09-29,118.0,122.9,117.4,122.8,10400
URBAN,2026-09-30,121.95,125.65,120.0,124.0,10400
URBAN,2026-10-01,119.0,119.8,117.2,118.15,8000
URBAN,2026-10-05,118.3,121.0,116.1,120.25,20000
URBANCO,2026-09-29,161.0,164.89,158.6,163.71,3747128
URBANCO,2026-09-30,163.4,164.29,155.85,157.48,3304372
URBANCO,2026-10-01,156.41,158.87,151.31,156.34,3669838
URBANCO,2026-10-05,157.0,160.56,157.0,159.59,2694786
URBANCO,2026-10-06,160.0,174.46,160.0,173.54,23944918
URJA,2026-09-29,8.75,9.0,8.55,8.9,675563
URJA,2026-09-30,8.88,8.93,8.67,8.77,428412
URJA,2026-10-01,8.75,8.89,8.51,8.61,520756
URJA,2026-10-05,8.56,9.0,8.51,8.69,478430
URJA,2026-10-06,8.6,8.74,8.52,8.6,582959
USASEEDS,2026-09-28,85.05,85.1,85.05,85.1,856
USASEEDS,2026-09-29,84.0,89.0,80.85,89.0,2568
USASEEDS,2026-09-30,90.0,93.45,89.0,89.0,1712
USASEEDS,2026-10-01,84.55,88.95,84.55,88.95,856
USASEEDS,2026-10-05,88.95,88.95,88.95,88.95,0
USHAMART,2026-09-30,498.95,505.35,493.5,498.65,808936
USHAMART,2026-10-01,494.4,495.8,481.0,491.7,431464
USHAMART,2026-10-02,491.7,491.7,491.7,491.7,0
USHAMART,2026-10-05,492.0,518.0,492.0,510.5,1068924
USHAMART,2026-10-06,510.0,519.9,500.4,516.7,819658
USK,2026-09-29,19.7,20.21,19.06,19.57,21138
USK,2026-09-30,20.3,20.3,18.3,19.14,35344
USK,2026-10-01,19.3,19.5,17.77,18.39,51053
USK,2026-10-05,18.97,19.1,18.12,18.53,20205
USK,2026-10-06,18.53,19.3,18.53,18.64,25994
UTIAMC,2026-09-30,873.25,894.55,873.25,882.4,50373
UTIAMC,2026-10-01,880.05,886.25,870.05,883.7,65757
UTIAMC,2026-10-02,883.7,883.7,883.7,883.7,0
UTIAMC,2026-10-05,883.7,898.0,879.85,890.3,58676
UTIAMC,2026-10-06,890.3,894.85,883.1,888.2,75156
UTKARSHBNK,2026-09-29,13.56,14.0,13.26,13.91,5856546
UTKARSHBNK,2026-09-30,13.97,14.0,13.68,13.76,4363721
UTKARSHBNK,2026-10-01,13.79,13.79,13.22,13.43,3995033
UTKARSHBNK,2026-10-05,13.43,13.68,13.12,13.22,2920874
UTKARSHBNK,2026-10-06,13.42,13.62,13.27,13.52,2362768
UTLSOLAR,2026-09-29,405.05,420.0,395.05,407.7,276123
UTLSOLAR,2026-09-30,403.0,410.15,396.9,398.45,205502
UTLSOLAR,2026-10-01,397.7,404.4,384.1,401.65,236989
UTLSOLAR,2026-10-05,401.65,420.95,392.6,412.15,326293
UTLSOLAR,2026-10-06,412.2,424.4,410.05,418.85,164137
UTTAMSUGAR,2026-09-29,293.65,293.9,284.0,290.8,181656
UTTAMSUGAR,2026-09-30,291.0,300.5,286.9,288.4,153061
UTTAMSUGAR,2026-10-01,287.95,288.0,272.25,276.1,186895
UTTAMSUGAR,2026-10-05,280.65,298.0,279.0,294.7,362425
UTTAMSUGAR,2026-10-06,300.5,309.95,296.6,302.8,427889
UWCSL,2026-09-29,122.45,122.45,122.45,122.45,0
UWCSL,2026-09-30,122.45,122.45,122.45,122.45,0
UWCSL,2026-10-01,122.45,122.45,122.45,122.45,0
UWCSL,2026-10-02,122.45,122.45,122.45,122.45,0
UWCSL,2026-10-05,121.0,121.0,121.0,121.0,1000
UYFINCORP,2026-09-29,19.79,20.77,19.51,20.77,383165
UYFINCORP,2026-09-30,21.8,21.8,21.8,21.8,415001
UYFINCORP,2026-10-01,22.89,22.89,21.85,22.86,414760
UYFINCORP,2026-10-05,23.29,24.0,23.0,23.98,495147
UYFINCORP,2026-10-06,24.2,24.2,22.79,22.95,407089
V2RETAIL,2026-09-30,210.09,210.94,207.11,208.74,821359
V2RETAIL,2026-10-01,208.0,208.94,197.71,201.39,1693991
V2RETAIL,2026-10-02,201.39,201.39,201.39,201.39,0
V2RETAIL,2026-10-05,183.99,183.99,162.33,169.28,18473874
V2RETAIL,2026-10-06,168.19,176.75,165.05,172.19,5350684
VADILALIND,2026-09-29,7440.0,7543.0,7224.0,7277.0,9371
VADILALIND,2026-09-30,7281.0,7494.5,7155.5,7253.0,11949
VADILALIND,2026-10-01,7289.5,7289.5,7100.0,7187.0,6060
VADILALIND,2026-10-05,7187.0,7299.5,7000.0,7111.0,6743
VADILALIND,2026-10-06,7111.0,7375.0,7111.0,7309.5,7145
VADILENT,2026-09-29,10200.0,10200.0,10200.0,10200.0,2
VADILENT,2026-09-30,10200.0,10200.0,10151.0,10151.0,5
VADILENT,2026-10-01,10050.0,10050.0,9910.0,9910.0,86
VADILENT,2026-10-05,9960.0,9960.0,9860.0,9860.0,9
VADILENT,2026-10-06,9860.0,9860.0,9860.0,9860.0,2
VAIBHAVGBL,2026-09-30,203.25,209.38,203.25,204.32,184844
VAIBHAVGBL,2026-10-01,203.25,205.78,196.88,203.53,254791
VAIBHAVGBL,2026-10-02,203.53,203.53,203.53,203.53,0
VAIBHAVGBL,2026-10-05,205.0,208.99,198.15,199.43,211892
VAIBHAVGBL,2026-10-06,199.44,204.2,199.42,202.43,108902
VAISHALI,2026-09-29,8.6,8.94,8.33,8.39,239530
VAISHALI,2026-09-30,8.75,8.99,8.31,8.35,199730
VAISHALI,2026-10-01,8.49,8.52,8.38,8.38,226659
VAISHALI,2026-10-05,8.95,8.95,8.22,8.28,217314
VAISHALI,2026-10-06,8.36,8.6,7.8,8.17,227994
VAKRANGEE,2026-09-29,5.27,5.27,5.08,5.18,869571
VAKRANGEE,2026-09-30,5.15,5.24,5.05,5.14,1066328
VAKRANGEE,2026-10-01,5.13,5.16,5.07,5.12,839936
VAKRANGEE,2026-10-05,5.12,5.7,5.12,5.21,741358
VAKRANGEE,2026-10-06,5.23,5.24,5.15,5.19,869007
VALIANTLAB,2026-09-29,121.85,122.8,115.0,122.19,52840
VALIANTLAB,2026-09-30,122.76,127.88,121.25,126.23,92323
VALIANTLAB,2026-10-01,128.7,130.0,120.1,125.08,163055
VALIANTLAB,2026-10-05,128.85,128.85,119.05,124.58,70647
VALIANTLAB,2026-10-06,124.0,127.99,124.0,124.37,72968
VALIANTORG,2026-09-30,409.95,467.0,407.0,455.1,606539
VALIANTORG,2026-10-01,469.0,480.6,440.0,477.15,551682
VALIANTORG,2026-10-02,477.15,477.15,477.15,477.15,0
VALIANTORG,2026-10-05,477.15,503.0,471.05,475.65,461753
VALIANTORG,2026-10-06,476.0,503.0,469.15,496.8,262856
VAML,2026-09-30,431.0,433.75,410.5,412.9,13904115
VAML,2026-10-01,412.0,413.85,398.75,402.75,6985636
VAML,2026-10-02,402.75,402.75,402.75,402.75,0
VAML,2026-10-05,403.5,410.95,391.45,396.6,10726817
VAML,2026-10-06,398.45,404.0,397.55,401.05,4355122
VARDHACRLC,2026-09-30,44.24,44.49,43.27,43.64,16798
VARDHACRLC,2026-10-01,44.39,45.8,43.0,44.34,61608
VARDHACRLC,2026-10-02,44.34,44.34,44.34,44.34,0
VARDHACRLC,2026-10-05,45.7,45.7,44.11,44.47,39997
VARDHACRLC,2026-10-06,45.0,45.0,43.0,43.63,58968
VARDMNPOLY,2026-09-30,5.81,5.95,5.72,5.8,175113
VARDMNPOLY,2026-10-01,5.81,5.89,5.65,5.7,135098
VARDMNPOLY,2026-10-02,5.7,5.7,5.7,5.7,0
VARDMNPOLY,2026-10-05,5.6,5.75,5.48,5.55,297132
VARDMNPOLY,2026-10-06,5.69,5.74,5.11,5.44,320774
VARMORA,2026-09-30,145.0,147.67,136.54,139.65,11245606
VARMORA,2026-10-01,139.0,142.99,132.21,134.3,3139608
VARMORA,2026-10-02,134.3,134.3,134.3,134.3,0
VARMORA,2026-10-05,135.0,138.2,132.11,134.88,1992329
VARMORA,2026-10-06,134.6,136.02,130.51,132.84,1402885
VARROC,2026-09-30,837.3,867.0,834.0,862.95,266860
VARROC,2026-10-01,856.0,860.15,815.6,830.6,261699
VARROC,2026-10-02,830.6,830.6,830.6,830.6,0
VARROC,2026-10-05,835.0,843.8,817.0,820.0,169871
VARROC,2026-10-06,824.1,829.45,793.0,814.45,402684
VASA,2026-09-29,3.55,3.55,3.55,3.55,0
VASA,2026-09-30,3.4,3.55,3.4,3.55,8000
VASA,2026-10-01,3.55,3.55,3.55,3.55,0
VASA,2026-10-02,3.55,3.55,3.55,3.55,0
VASA,2026-10-05,3.55,3.55,3.55,3.55,0
VASCONEQ,2026-09-29,35.05,35.23,33.01,33.97,707643
VASCONEQ,2026-09-30,34.2,34.94,33.5,33.67,337424
VASCONEQ,2026-10-01,33.9,34.0,32.05,32.58,712339
VASCONEQ,2026-10-05,33.0,33.7,32.05,32.27,452260
VASCONEQ,2026-10-06,32.1,33.0,31.99,32.31,325423
VASUPRADA,2026-09-29,95.0,95.0,95.0,95.0,0
VASUPRADA,2026-09-30,95.0,95.0,95.0,95.0,0
VASUPRADA,2026-10-01,94.1,99.75,94.1,95.52,4200
VASUPRADA,2026-10-05,96.0,96.25,96.0,96.25,93
VASUPRADA,2026-10-06,92.0,95.0,92.0,95.0,2
VASWANI,2026-09-29,45.0,47.0,44.4,44.51,39639
VASWANI,2026-09-30,45.58,45.58,44.47,44.57,8219
VASWANI,2026-10-01,43.85,45.49,43.85,44.36,2864
VASWANI,2026-10-05,44.2,45.28,44.01,44.13,8389
VASWANI,2026-10-06,44.04,44.5,43.11,43.41,14731
VBL,2026-09-30,428.0,436.4,427.5,432.0,8815664
VBL,2026-10-01,428.0,430.8,415.35,425.3,8516414
VBL,2026-10-02,425.3,425.3,425.3,425.3,0
VBL,2026-10-05,426.3,440.2,426.3,439.6,4643552
VBL,2026-10-06,440.5,442.75,435.85,439.3,4266708
VCL,2026-09-29,1.26,1.26,1.26,1.26,208383
VCL,2026-09-30,1.22,1.32,1.2,1.31,2183545
VCL,2026-10-01,1.29,1.37,1.29,1.37,598905
VCL,2026-10-05,1.43,1.43,1.43,1.43,264937
VCL,2026-10-06,1.49,1.5,1.43,1.5,171838
VEDAVAAG,2026-09-29,23.38,23.38,21.66,22.06,54384
VEDAVAAG,2026-09-30,22.06,22.96,21.81,22.24,43880
VEDAVAAG,2026-10-01,22.79,22.79,20.93,22.16,46023
VEDAVAAG,2026-10-05,22.16,22.59,21.46,22.33,27473
VEDAVAAG,2026-10-06,22.0,23.34,22.0,23.24,130226
VEDL,2026-09-30,260.0,260.5,255.15,259.0,8639213
VEDL,2026-10-01,256.35,257.2,247.25,252.05,10131800
VEDL,2026-10-02,252.05,252.05,252.05,252.05,0
VEDL,2026-10-05,253.3,256.6,252.05,255.05,7161255
VEDL,2026-10-06,257.2,267.7,256.6,265.6,14889061
VEDPOWER,2026-09-30,34.25,34.3,32.7,32.84,17056090
VEDPOWER,2026-10-01,32.91,33.0,31.95,32.77,18705111
VEDPOWER,2026-10-02,32.77,32.77,32.77,32.77,0
VEDPOWER,2026-10-05,32.8,33.15,31.49,31.87,15572832
VEDPOWER,2026-10-06,32.25,32.66,31.83,32.53,7497046
VEEDOL,2026-09-29,1364.1,1366.1,1352.0,1356.5,6638
VEEDOL,2026-09-30,1344.1,1380.7,1344.1,1373.3,8913
VEEDOL,2026-10-01,1372.9,1373.3,1338.0,1356.6,9354
VEEDOL,2026-10-05,1357.0,1365.9,1339.1,1350.4,6337
VEEDOL,2026-10-06,1355.2,1400.5,1349.3,1392.4,10368
VEEGALAND,2026-09-30,141.2,143.8,141.0,142.41,204231
VEEGALAND,2026-10-01,142.39,143.46,139.55,141.79,121565
VEEGALAND,2026-10-02,141.79,141.79,141.79,141.79,0
VEEGALAND,2026-10-05,144.09,149.75,142.42,144.74,1476381
VEEGALAND,2026-10-06,145.5,153.8,142.5,148.64,2940136
VEEKAYEM,2026-09-28,97.0,101.7,97.0,101.4,2000
VEEKAYEM,2026-09-29,96.35,105.95,96.35,102.45,4000
VEEKAYEM,2026-09-30,97.35,107.55,97.35,105.2,19500
VEEKAYEM,2026-10-01,100.25,109.0,100.0,104.0,11000
VEEKAYEM,2026-10-05,108.0,108.7,108.0,108.35,4000
VELJAN,2026-09-29,2000.0,2094.0,1942.0,2082.7,766
VELJAN,2026-09-30,2083.0,2186.8,2020.0,2186.8,2070
VELJAN,2026-10-01,2235.0,2296.1001,2235.0,2296.1001,2631
VELJAN,2026-10-05,2350.0,2410.8999,2296.1001,2410.8999,4186
VELJAN,2026-10-06,2531.3999,2531.3999,2531.3999,2531.3999,1420
VENKEYS,2026-09-29,1625.0,1640.7,1599.0,1633.0,27001
VENKEYS,2026-09-30,1639.9,1649.3,1571.1,1588.1,31231
VENKEYS,2026-10-01,1587.9,1652.1,1532.2,1613.0,57612
VENKEYS,2026-10-05,1618.1,1664.0,1593.0,1642.7,51707
VENKEYS,2026-10-06,1642.7,1707.9,1618.0,1694.8,49757
VENTIVE,2026-09-29,556.0,563.4,548.8,559.85,20278
VENTIVE,2026-09-30,559.0,574.55,557.0,558.4,9729
VENTIVE,2026-10-01,564.85,564.85,548.0,552.2,26555
VENTIVE,2026-10-05,546.0,557.9,544.5,548.0,8979
VENTIVE,2026-10-06,557.0,602.8,546.05,582.35,85216
VENUSPIPES,2026-09-29,2125.1001,2225.0,2101.0,2195.8,163257
VENUSPIPES,2026-09-30,2197.0,2244.3999,2135.5,2147.1001,125771
VENUSPIPES,2026-10-01,2153.1001,2237.8999,2133.0,2204.8999,161732
VENUSPIPES,2026-10-05,2204.8999,2279.1001,2193.8,2206.3999,141164
VENUSPIPES,2026-10-06,2236.0,2280.0,2215.8999,2240.3,80155
VENUSREM,2026-09-30,1738.9,1796.1,1730.0,1796.1,28419
VENUSREM,2026-10-01,1877.0,1880.0,1715.0,1796.7,116523
VENUSREM,2026-10-02,1796.7,1796.7,1796.7,1796.7,0
VENUSREM,2026-10-05,1758.0,1819.0,1710.0,1778.0,21176
VENUSREM,2026-10-06,1807.9,1807.9,1710.0,1746.7,20737
VERANDA,2026-09-29,239.86,239.91,220.0,223.31,2104745
VERANDA,2026-09-30,223.0,224.95,216.9,220.75,1426488
VERANDA,2026-10-01,222.8,228.08,212.2,213.8,522323
VERANDA,2026-10-05,214.0,218.99,207.6,212.76,368190
VERANDA,2026-10-06,28.4,29.72,26.9,29.72,418116
VERITAAS,2026-09-28,28.0,28.0,28.0,28.0,4800
VERITAAS,2026-09-29,28.0,28.0,28.0,28.0,0
VERITAAS,2026-09-30,30.85,30.85,30.85,30.85,1200
VERITAAS,2026-10-01,32.35,32.35,30.05,31.6,7200
VERITAAS,2026-10-05,30.05,30.5,30.05,30.05,6000
VERTOZ,2026-09-29,36.17,37.29,34.98,35.64,40122
VERTOZ,2026-09-30,35.64,36.1,35.25,35.59,25530
VERTOZ,2026-10-01,34.8,36.45,34.7,35.66,20836
VERTOZ,2026-10-05,36.99,36.99,34.43,34.73,40182
VERTOZ,2026-10-06,34.73,36.49,32.71,33.52,81639
VESUVIUS,2026-09-29,386.55,433.8,385.6,400.2,2664864
VESUVIUS,2026-09-30,404.95,453.8,403.75,424.2,8173574
VESUVIUS,2026-10-01,422.0,422.2,401.0,404.1,306434
VESUVIUS,2026-10-05,404.1,412.65,387.95,389.4,190997
VESUVIUS,2026-10-06,390.4,424.9,390.4,404.4,377665
VETO,2026-09-29,147.7,150.99,143.25,146.25,109301
VETO,2026-09-30,146.25,150.01,140.0,142.72,117752
VETO,2026-10-01,141.6,143.31,134.91,136.79,94273
VETO,2026-10-05,137.0,140.95,135.35,136.65,45573
VETO,2026-10-06,136.64,140.81,136.0,138.54,62786
VGCL,2026-09-29,46.85,47.66,46.58,47.5,1959
VGCL,2026-09-30,49.5,49.5,47.0,48.66,4089
VGCL,2026-10-01,49.4,49.4,46.23,47.89,1904
VGCL,2026-10-05,45.65,48.37,45.65,48.02,906
VGCL,2026-10-06,49.48,49.48,45.83,47.6,325
VGL,2026-09-29,64.8,66.29,63.0,64.73,35195
VGL,2026-09-30,63.5,66.28,63.5,64.05,39842
VGL,2026-10-01,64.98,67.9,62.12,63.11,65923
VGL,2026-10-05,63.4,65.22,63.4,63.6,33296
VGL,2026-10-06,63.62,65.7,63.62,63.76,65905
VGUARD,2026-09-29,305.4,310.65,302.8,307.05,269210
VGUARD,2026-09-30,307.05,307.75,295.25,296.45,995389
VGUARD,2026-10-01,297.05,299.8,290.15,294.55,359135
VGUARD,2026-10-05,297.3,302.7,295.3,296.55,204357
VGUARD,2026-10-06,301.05,307.9,294.35,306.3,409970
VHL,2026-09-29,3310.3,3366.7,3273.0,3305.3,284
VHL,2026-09-30,3302.0,3430.0,3302.0,3400.8,1023
VHL,2026-10-01,3400.8,3450.0,3300.0,3435.3,1027
VHL,2026-10-05,3481.0,3525.7,3375.0,3517.8,1519
VHL,2026-10-06,3460.0,3624.8,3460.0,3574.2,1294
VHLTD,2026-09-29,129.0,132.0,127.6,130.38,57692
VHLTD,2026-09-30,132.1,132.1,129.4,129.66,3118
VHLTD,2026-10-01,134.0,134.0,124.45,127.7,16427
VHLTD,2026-10-05,131.99,131.99,124.0,126.05,7505
VHLTD,2026-10-06,130.95,131.0,128.0,128.97,68525
VIAZ,2026-09-28,76.45,79.0,76.45,79.0,16000
VIAZ,2026-09-29,82.0,82.0,79.0,80.5,8000
VIAZ,2026-09-30,82.0,84.4,80.05,83.35,34000
VIAZ,2026-10-01,86.85,86.85,81.75,84.0,24000
VIAZ,2026-10-05,84.0,84.0,84.0,84.0,0
VIDHIING,2026-09-29,357.0,361.15,345.0,359.4,27204
VIDHIING,2026-09-30,359.9,364.8,346.05,357.6,22528
VIDHIING,2026-10-01,354.4,355.0,347.1,350.25,25543
VIDHIING,2026-10-05,356.5,357.0,350.0,354.0,14038
VIDHIING,2026-10-06,358.9,358.9,348.75,352.3,6712
VIDYAWIRES,2026-09-30,94.23,96.9,93.42,94.41,1597875
VIDYAWIRES,2026-10-01,93.92,93.92,89.69,90.97,1066713
VIDYAWIRES,2026-10-02,90.97,90.97,90.97,90.97,0
VIDYAWIRES,2026-10-05,90.95,95.35,90.95,91.27,1296809
VIDYAWIRES,2026-10-06,92.0,95.83,92.0,95.83,2090967
VIJAYA,2026-09-29,1497.7,1512.9,1460.2,1475.0,80593
VIJAYA,2026-09-30,1486.3,1490.0,1435.0,1437.7,71365
VIJAYA,2026-10-01,1435.0,1442.6,1399.2,1428.0,188777
VIJAYA,2026-10-05,1425.0,1444.9,1405.4,1422.2,157254
VIJAYA,2026-10-06,1422.2,1501.0,1408.7,1466.7,134908
VIJIFIN,2026-09-29,15.77,15.77,15.77,15.77,86783
VIJIFIN,2026-09-30,15.46,15.46,15.46,15.46,368359
VIJIFIN,2026-10-01,15.16,15.16,15.16,15.16,22956
VIJIFIN,2026-10-05,14.41,14.41,14.41,14.41,38311
VIJIFIN,2026-10-06,13.69,13.69,13.69,13.69,57100
VIJSOLX,2026-09-29,636.9,650.0,636.9,649.3,11
VIJSOLX,2026-09-30,628.65,647.0,622.45,625.1,232
VIJSOLX,2026-10-01,626.0,645.0,623.3,623.3,1064
VIJSOLX,2026-10-05,625.05,644.8,625.05,636.95,33
VIJSOLX,2026-10-06,630.0,630.0,620.0,620.0,23
VIKASECO,2026-09-29,1.03,1.04,1.01,1.02,2234550
VIKASECO,2026-09-30,1.02,1.05,1.02,1.03,1096252
VIKASECO,2026-10-01,1.03,1.03,1.01,1.01,1556275
VIKASECO,2026-10-05,1.03,1.03,1.02,1.02,1522387
VIKASECO,2026-10-06,1.02,1.03,1.01,1.02,1846510
VIKASLIFE,2026-09-29,1.22,1.24,1.21,1.21,1887874
VIKASLIFE,2026-09-30,1.22,1.23,1.21,1.21,2060239
VIKASLIFE,2026-10-01,1.21,1.22,1.18,1.2,2801015
VIKASLIFE,2026-10-05,1.21,1.23,1.21,1.21,2377351
VIKASLIFE,2026-10-06,1.21,1.22,1.19,1.2,2367145
VIKRAMSOLR,2026-09-30,161.0,162.28,160.0,160.01,1243665
VIKRAMSOLR,2026-10-01,160.2,160.46,151.6,154.35,2528456
VIKRAMSOLR,2026-10-02,154.35,154.35,154.35,154.35,0
VIKRAMSOLR,2026-10-05,155.0,157.39,151.79,152.52,969664
VIKRAMSOLR,2026-10-06,152.7,154.14,150.96,151.5,1330472
VIKRAN,2026-09-29,57.25,63.0,56.5,60.88,6766925
VIKRAN,2026-09-30,60.33,61.73,59.0,59.71,1472938
VIKRAN,2026-10-01,59.43,59.9,57.13,58.27,860999
VIKRAN,2026-10-05,59.0,59.56,56.9,57.19,1024492
VIKRAN,2026-10-06,57.2,58.25,57.2,58.13,518281
VILAS,2026-09-28,389.05,392.95,375.1,376.85,15500
VILAS,2026-09-29,373.1,381.0,363.0,365.55,40250
VILAS,2026-09-30,367.8,404.0,357.7,399.4,84750
VILAS,2026-10-01,405.0,407.95,386.0,398.75,47750
VILAS,2026-10-05,404.95,406.9,394.0,396.25,46500
VILINBIO,2026-09-29,53.85,53.85,53.85,53.85,4000
VILINBIO,2026-09-30,56.25,56.5,56.25,56.5,20000
VILINBIO,2026-10-01,56.5,56.5,56.5,56.5,0
VILINBIO,2026-10-02,56.5,56.5,56.5,56.5,0
VILINBIO,2026-10-05,53.75,53.75,53.75,53.75,4000
VIMTALABS,2026-09-29,585.0,599.0,583.05,591.4,171430
VIMTALABS,2026-09-30,596.0,620.0,596.0,600.3,220346
VIMTALABS,2026-10-01,598.85,598.85,575.1,584.35,118361
VIMTALABS,2026-10-05,585.0,604.0,570.5,571.75,96965
VIMTALABS,2026-10-06,573.0,584.9,569.8,577.4,140356
VINATIORGA,2026-09-30,1182.0,1192.8,1165.0,1168.3,45076
VINATIORGA,2026-10-01,1173.5,1221.0,1143.6,1208.1,60315
VINATIORGA,2026-10-02,1208.1,1208.1,1208.1,1208.1,0
VINATIORGA,2026-10-05,1207.0,1207.9,1171.6,1175.8,43727
VINATIORGA,2026-10-06,1176.0,1200.1,1166.7,1179.5,30277
VINCOFE,2026-09-29,179.0,184.0,174.68,182.56,1354650
VINCOFE,2026-09-30,182.5,187.3,179.0,179.96,817945
VINCOFE,2026-10-01,179.5,182.39,173.63,178.95,1031758
VINCOFE,2026-10-05,178.8,186.0,175.41,182.59,1009071
VINCOFE,2026-10-06,182.99,189.0,181.24,187.21,1459902
VINDHYATEL,2026-09-30,2666.3,2788.7,2620.2,2662.8999,65292
VINDHYATEL,2026-10-01,2665.0,2667.0,2565.5,2617.0,30792
VINDHYATEL,2026-10-02,2617.0,2617.0,2617.0,2617.0,0
VINDHYATEL,2026-10-05,2611.7,2670.5,2553.5,2577.3,37719
VINDHYATEL,2026-10-06,2588.0,2842.0,2584.0,2829.7,141727
VINEETLAB,2026-09-29,35.89,37.08,34.85,36.72,917482
VINEETLAB,2026-09-30,36.52,38.49,35.0,37.16,128547
VINEETLAB,2026-10-01,37.39,37.39,35.5,35.91,50068
VINEETLAB,2026-10-05,36.4,37.7,35.49,37.57,95641
VINEETLAB,2026-10-06,38.39,38.39,36.32,36.52,24929
VINNY,2026-09-29,0.91,0.92,0.89,0.9,301852
VINNY,2026-09-30,0.92,0.92,0.88,0.89,551566
VINNY,2026-10-01,0.91,0.92,0.89,0.9,135375
VINNY,2026-10-05,0.91,0.91,0.9,0.9,202872
VINNY,2026-10-06,0.9,0.91,0.9,0.9,439590
VINSYS,2026-09-28,580.0,580.0,576.0,576.0,1250
VINSYS,2026-09-29,580.0,581.0,577.0,577.0,750
VINSYS,2026-09-30,577.0,590.0,575.0,589.0,2000
VINSYS,2026-10-01,580.0,580.0,577.0,579.5,1750
VINSYS,2026-10-05,585.0,588.0,555.05,574.0,3000
VINYAS,2026-09-28,1475.0,1515.0,1463.2,1493.0,3900
VINYAS,2026-09-29,1460.0,1494.8,1460.0,1490.9,12800
VINYAS,2026-09-30,1475.0,1523.95,1433.5,1455.95,11100
VINYAS,2026-10-01,1450.0,1498.0,1310.0,1375.15,26500
VINYAS,2026-10-05,1361.4,1398.0,1311.0,1374.45,12800
VINYLINDIA,2026-09-29,215.5,221.8,212.0,214.68,11038
VINYLINDIA,2026-09-30,218.45,222.0,215.0,219.03,3507
VINYLINDIA,2026-10-01,218.0,220.8,213.0,214.23,3116
VINYLINDIA,2026-10-05,214.23,220.0,214.0,214.15,2875
VINYLINDIA,2026-10-06,211.0,217.78,211.0,212.77,10361
VIPCLOTHNG,2026-09-29,21.78,21.8,20.21,20.44,34950
VIPCLOTHNG,2026-09-30,20.44,21.4,20.41,20.51,12182
VIPCLOTHNG,2026-10-01,20.5,20.79,19.7,20.11,34037
VIPCLOTHNG,2026-10-05,20.11,21.94,20.11,20.19,14474
VIPCLOTHNG,2026-10-06,20.26,20.89,20.2,20.3,26372
VIPIND,2026-09-29,295.65,296.8,289.15,293.2,126136
VIPIND,2026-09-30,293.0,297.0,289.05,290.95,167259
VIPIND,2026-10-01,288.1,290.2,277.85,280.75,382593
VIPIND,2026-10-05,282.95,288.75,279.0,284.3,190807
VIPIND,2026-10-06,288.5,289.0,282.0,288.1,108680
VIPULLTD,2026-09-29,11.41,11.41,10.85,11.36,222174
VIPULLTD,2026-09-30,11.0,11.83,11.0,11.0,832267
VIPULLTD,2026-10-01,11.18,11.18,10.45,10.59,86714
VIPULLTD,2026-10-05,10.46,10.55,10.35,10.49,68050
VIPULLTD,2026-10-06,10.22,10.55,10.11,10.2,52717
VIRAT,2026-09-29,365.0,374.9,331.6,340.2,8054
VIRAT,2026-09-30,364.95,374.2,333.0,339.2,25393
VIRAT,2026-10-01,340.0,340.0,323.95,335.8,9885
VIRAT,2026-10-05,336.15,349.9,336.0,345.0,5210
VIRAT,2026-10-06,350.0,356.0,342.2,347.7,1764
VIRINCHI,2026-09-29,13.72,14.0,13.16,13.37,78601
VIRINCHI,2026-09-30,13.39,13.7,13.11,13.47,60617
VIRINCHI,2026-10-01,13.53,13.7,13.0,13.29,44029
VIRINCHI,2026-10-05,13.3,13.6,12.55,12.78,63452
VIRINCHI,2026-10-06,12.72,13.39,12.72,13.16,39744
VIRTUALG,2026-09-29,0.45,0.45,0.42,0.43,268134
VIRTUALG,2026-09-30,0.44,0.45,0.42,0.44,382994
VIRTUALG,2026-10-01,0.45,0.45,0.43,0.44,155914
VIRTUALG,2026-10-05,0.44,0.45,0.43,0.43,146059
VIRTUALG,2026-10-06,0.44,0.44,0.42,0.42,240623
VISACHROME,2026-09-29,33.36,35.02,31.81,35.02,1571547
VISACHROME,2026-09-30,35.98,36.77,35.5,36.77,1439494
VISACHROME,2026-10-01,38.59,38.6,35.61,35.91,87413
VISACHROME,2026-10-05,37.64,37.64,34.12,34.12,24650
VISACHROME,2026-10-06,35.35,35.68,34.31,35.22,26497
VISAKAIND,2026-09-29,87.91,88.01,83.0,87.07,123072
VISAKAIND,2026-09-30,86.68,87.88,83.0,83.58,104474
VISAKAIND,2026-10-01,83.72,84.0,81.02,83.58,112131
VISAKAIND,2026-10-05,83.47,83.75,81.11,81.57,71853
VISAKAIND,2026-10-06,80.7,83.08,80.11,81.63,74539
VISAMAN,2026-09-28,28.7,28.7,28.7,28.7,370000
VISAMAN,2026-09-29,27.3,30.1,27.3,30.1,202000
VISAMAN,2026-09-30,30.25,30.25,28.6,28.6,46000
VISAMAN,2026-10-01,27.2,27.2,27.2,27.2,4000
VISAMAN,2026-10-05,25.85,25.85,25.85,25.85,12000
VISHAL,2026-09-29,17.78,18.2,17.25,17.92,37725
VISHAL,2026-09-30,18.45,18.45,17.52,17.66,15318
VISHAL,2026-10-01,17.95,17.95,17.2,17.38,47525
VISHAL,2026-10-05,18.18,18.18,17.0,17.31,28517
VISHAL,2026-10-06,17.11,18.4,17.1,17.5,334322
VISHNU,2026-09-29,688.05,696.8,669.8,673.9,153858
VISHNU,2026-09-30,678.0,694.0,658.35,664.5,96048
VISHNU,2026-10-01,669.95,676.95,640.05,658.25,95244
VISHNU,2026-10-05,661.55,669.65,645.1,647.75,83979
VISHNU,2026-10-06,648.0,701.0,648.0,695.55,220719
VISHNUINFR,2026-09-28,143.3,144.0,135.05,143.5,80500
VISHNUINFR,2026-09-29,142.0,148.5,141.5,148.5,67500
VISHNUINFR,2026-09-30,148.0,150.1,145.0,147.6,144000
VISHNUINFR,2026-10-01,147.8,149.0,145.25,148.7,5000
VISHNUINFR,2026-10-05,143.15,145.4,143.0,143.0,4000
VISHWARAJ,2026-09-30,5.27,5.37,5.26,5.26,190214
VISHWARAJ,2026-10-01,5.25,5.29,5.1,5.18,156177
VISHWARAJ,2026-10-02,5.18,5.18,5.18,5.18,0
VISHWARAJ,2026-10-05,5.29,5.32,5.2,5.23,195509
VISHWARAJ,2026-10-06,5.34,6.0,5.27,5.72,1186072
VISHWAS,2026-09-28,40.4,40.4,40.4,40.4,0
VISHWAS,2026-09-29,42.4,42.4,42.4,42.4,3200
VISHWAS,2026-09-30,42.4,42.4,42.4,42.4,0
VISHWAS,2026-10-01,40.45,44.45,40.45,44.45,8000
VISHWAS,2026-10-05,44.45,44.45,44.45,44.45,0
VISL,2026-09-30,34.4,34.49,31.82,32.3,67267019
VISL,2026-10-01,32.0,32.34,30.69,31.17,23116178
VISL,2026-10-02,31.17,31.17,31.17,31.17,0
VISL,2026-10-05,30.99,31.32,30.16,30.74,14830747
VISL,2026-10-06,31.0,31.39,30.33,30.75,13725209
VITAL,2026-09-29,53.5,53.9,51.5,52.82,5574
VITAL,2026-09-30,51.8,53.9,51.8,53.9,9302
VITAL,2026-10-01,53.9,53.9,51.35,53.46,1975
VITAL,2026-10-05,50.8,53.89,50.8,51.05,3115
VITAL,2026-10-06,53.4,53.4,51.5,53.18,5003
VIVIANA,2026-09-30,704.7,714.0,700.05,704.35,13835
VIVIANA,2026-10-01,685.0,787.75,685.0,774.5,140440
VIVIANA,2026-10-02,774.5,774.5,774.5,774.5,0
VIVIANA,2026-10-05,819.9,825.0,765.0,815.65,82294
VIVIANA,2026-10-06,829.8,854.45,795.05,824.2,88832
VIVIDHA,2026-09-29,0.52,0.53,0.51,0.52,325093
VIVIDHA,2026-09-30,0.52,0.53,0.51,0.51,265809
VIVIDHA,2026-10-01,0.52,0.54,0.49,0.5,606973
VIVIDHA,2026-10-05,0.51,0.54,0.5,0.51,580904
VIVIDHA,2026-10-06,0.51,0.53,0.51,0.51,172652
VIVIMEDLAB,2026-09-29,5.77,5.77,5.55,5.55,13423
VIVIMEDLAB,2026-09-30,5.44,5.65,5.44,5.44,15749
VIVIMEDLAB,2026-10-01,5.71,5.71,5.71,5.71,23364
VIVIMEDLAB,2026-10-05,5.99,5.99,5.99,5.99,103501
VIVIMEDLAB,2026-10-06,6.28,6.28,6.28,6.28,27868
VIVO,2026-09-29,151.05,151.05,151.05,151.05,0
VIVO,2026-09-30,151.05,151.05,151.05,151.05,0
VIVO,2026-10-01,151.05,151.05,151.05,151.05,0
VIVO,2026-10-02,151.05,151.05,151.05,151.05,0
VIVO,2026-10-05,147.0,147.0,147.0,147.0,1600
VIVOBIOT,2026-09-29,17.44,17.44,16.11,17.05,39020
VIVOBIOT,2026-09-30,17.24,17.24,16.11,17.06,12331
VIVOBIOT,2026-10-01,16.9,17.99,16.5,17.13,18186
VIVOBIOT,2026-10-05,17.0,17.83,14.6,15.14,78951
VIVOBIOT,2026-10-06,14.97,15.69,13.11,13.87,129905
VIYASH,2026-09-30,238.8,242.5,235.05,235.8,1248944
VIYASH,2026-10-01,234.8,235.7,226.24,231.75,3532864
VIYASH,2026-10-02,231.75,231.75,231.75,231.75,0
VIYASH,2026-10-05,234.0,235.0,228.0,229.07,1200304
VIYASH,2026-10-06,229.0,234.5,228.57,233.23,1455694
VLEGOV,2026-09-29,10.33,10.44,10.15,10.2,41646
VLEGOV,2026-09-30,10.25,10.55,9.86,9.99,169457
VLEGOV,2026-10-01,10.3,10.3,9.5,9.6,101558
VLEGOV,2026-10-05,9.42,9.99,9.13,9.32,135280
VLEGOV,2026-10-06,9.57,9.78,8.86,9.37,164271
VLSFINANCE,2026-09-29,237.38,237.4,230.9,234.96,7305
VLSFINANCE,2026-09-30,230.8,237.0,230.8,234.09,9330
VLSFINANCE,2026-10-01,233.1,245.0,227.0,230.87,8899
VLSFINANCE,2026-10-05,229.0,234.84,229.0,231.16,10797
VLSFINANCE,2026-10-06,232.36,234.75,230.6,233.9,4462
VMARCIND,2026-09-28,325.0,327.0,303.5,310.8,253500
VMARCIND,2026-09-29,310.9,323.9,303.25,316.6,147000
VMARCIND,2026-09-30,316.6,337.95,316.6,334.8,282000
VMARCIND,2026-10-01,335.0,335.0,316.0,325.0,136500
VMARCIND,2026-10-05,325.7,325.7,316.1,321.65,102000
VMART,2026-09-29,766.4,769.8,748.65,760.05,65456
VMART,2026-09-30,760.05,784.8,740.2,753.7,170425
VMART,2026-10-01,759.95,761.15,736.6,746.1,47930
VMART,2026-10-05,751.0,775.0,744.4,770.95,81245
VMART,2026-10-06,753.05,799.9,753.05,793.0,99505
VMM,2026-09-30,102.18,102.6,99.92,101.0,16476797
VMM,2026-10-01,100.01,100.5,98.42,99.5,11791052
VMM,2026-10-02,99.5,99.5,99.5,99.5,0
VMM,2026-10-05,100.6,100.6,98.1,98.25,5980303
VMM,2026-10-06,98.25,101.71,98.08,100.95,15102873
VMSTMT,2026-09-30,49.15,49.9,49.0,49.12,74544
VMSTMT,2026-10-01,49.12,50.5,46.11,46.65,162379
VMSTMT,2026-10-02,46.65,46.65,46.65,46.65,0
VMSTMT,2026-10-05,46.95,48.0,42.5,44.34,117745
VMSTMT,2026-10-06,44.45,46.97,44.4,46.58,38944
VOEPL,2026-09-30,491.55,509.8,488.75,493.15,54039
VOEPL,2026-10-01,503.85,503.85,482.1,493.0,39897
VOEPL,2026-10-02,493.0,493.0,493.0,493.0,0
VOEPL,2026-10-05,520.0,553.85,493.0,506.1,2133658
VOEPL,2026-10-06,519.65,519.9,497.1,511.15,84435
VOGL,2026-09-30,34.1,34.38,33.0,33.11,19780131
VOGL,2026-10-01,33.1,33.1,31.39,31.98,26250953
VOGL,2026-10-02,31.98,31.98,31.98,31.98,0
VOGL,2026-10-05,31.95,32.14,30.63,30.87,23982297
VOGL,2026-10-06,31.05,31.57,30.95,31.41,11311460
VOITHPAPR,2026-09-29,1435.0,1460.5,1405.5,1408.2,242
VOITHPAPR,2026-09-30,1446.0,1465.0,1420.0,1449.9,225
VOITHPAPR,2026-10-01,1450.0,1458.8,1400.0,1407.3,226
VOITHPAPR,2026-10-05,1416.0,1448.0,1392.3,1437.2,245
VOITHPAPR,2026-10-06,1406.0,1453.9,1406.0,1425.0,94
VOLTAMP,2026-09-30,10601.0,10796.0,10462.0,10500.0,16517
VOLTAMP,2026-10-01,10509.0,10575.0,10285.0,10426.0,16047
VOLTAMP,2026-10-02,10426.0,10426.0,10426.0,10426.0,0
VOLTAMP,2026-10-05,10452.0,10638.0,10421.0,10561.0,14532
VOLTAMP,2026-10-06,10609.0,10656.0,10479.0,10539.0,9008
VOLTAS,2026-09-29,1135.2,1137.9,1090.0,1090.0,1279969
VOLTAS,2026-09-30,1094.0,1097.8,1066.0,1070.0,1028057
VOLTAS,2026-10-01,1070.0,1078.6,1040.6,1053.2,638996
VOLTAS,2026-10-05,1055.0,1072.1,1052.9,1061.3,436486
VOLTAS,2026-10-06,1064.7,1073.4,1048.6,1067.9,2705325
VPRPL,2026-09-29,31.0,32.8,28.89,28.99,2626247
VPRPL,2026-09-30,28.55,29.82,28.55,29.62,376950
VPRPL,2026-10-01,29.68,29.68,27.93,28.39,507617
VPRPL,2026-10-05,28.45,29.17,28.45,28.78,346485
VPRPL,2026-10-06,29.0,29.47,27.36,28.77,351908
VR,2026-09-29,95.5,95.5,95.5,95.5,400
VR,2026-09-30,95.95,95.95,95.8,95.95,1200
VR,2026-10-01,95.95,95.95,95.95,95.95,0
VR,2026-10-02,95.95,95.95,95.95,95.95,0
VR,2026-10-05,95.95,95.95,95.95,95.95,0
VRAJ,2026-09-29,125.53,127.69,123.2,125.16,11399
VRAJ,2026-09-30,123.1,126.14,123.1,123.85,8306
VRAJ,2026-10-01,123.45,124.5,118.96,121.76,23186
VRAJ,2026-10-05,123.35,124.08,121.25,122.18,11118
VRAJ,2026-10-06,121.8,124.5,119.44,121.6,10753
VRLLOG,2026-09-29,285.5,288.4,281.5,282.4,166349
VRLLOG,2026-09-30,283.95,290.15,283.95,287.15,133472
VRLLOG,2026-10-01,284.55,289.7,282.8,285.05,147978
VRLLOG,2026-10-05,285.6,286.6,283.1,285.0,97202
VRLLOG,2026-10-06,285.45,286.0,283.9,284.95,95546
VSCL,2026-09-28,19.5,19.5,19.5,19.5,3000
VSCL,2026-09-29,19.5,19.5,19.5,19.5,0
VSCL,2026-09-30,19.5,19.5,19.5,19.5,0
VSCL,2026-10-01,20.45,20.45,20.4,20.4,6000
VSCL,2026-10-05,20.4,20.4,20.4,20.4,0
VSSL,2026-09-29,410.5,410.5,397.8,405.85,64367
VSSL,2026-09-30,405.8,414.0,395.0,401.05,104397
VSSL,2026-10-01,402.4,402.4,375.35,383.3,164787
VSSL,2026-10-05,381.0,388.35,375.85,386.1,140448
VSSL,2026-10-06,388.0,393.4,385.0,389.75,43981
VSTIND,2026-09-29,204.68,204.8,202.05,202.96,92063
VSTIND,2026-09-30,203.0,204.4,202.4,203.16,81303
VSTIND,2026-10-01,203.3,204.17,200.1,201.14,142755
VSTIND,2026-10-05,204.5,204.5,200.1,200.92,101204
VSTIND,2026-10-06,202.0,203.35,201.0,202.64,100176
VSTL,2026-09-29,111.45,111.95,110.05,110.81,3440
VSTL,2026-09-30,110.9,114.0,110.51,112.09,5238
VSTL,2026-10-01,111.9,111.9,108.09,108.85,8447
VSTL,2026-10-05,109.98,110.45,108.05,109.04,5108
VSTL,2026-10-06,109.04,111.95,107.3,108.56,8486
VSTTILLERS,2026-09-30,4398.5,4421.1001,4311.2998,4390.0,7416
VSTTILLERS,2026-10-01,4350.0,4630.0,4260.0,4339.7998,47446
VSTTILLERS,2026-10-02,4339.7998,4339.7998,4339.7998,4339.7998,0
VSTTILLERS,2026-10-05,4365.0,4379.6001,4175.7002,4235.1001,10200
VSTTILLERS,2026-10-06,4205.0,4455.0,4205.0,4426.2998,12791
VTL,2026-09-29,540.5,545.2,526.7,529.55,501166
VTL,2026-09-30,531.65,542.7,524.65,534.6,615004
VTL,2026-10-01,534.6,534.6,516.55,529.25,260173
VTL,2026-10-05,532.0,538.9,527.65,529.9,102074
VTL,2026-10-06,531.15,557.0,531.15,549.4,317618
VTMLTD,2026-09-29,38.54,41.77,37.75,39.93,179086
VTMLTD,2026-09-30,41.49,42.0,38.5,38.88,74347
VTMLTD,2026-10-01,39.26,39.85,36.57,38.15,102484
VTMLTD,2026-10-05,40.4,41.4,37.3,38.27,46362
VTMLTD,2026-10-06,39.7,40.45,35.38,35.92,161184
WAAREEENER,2026-09-30,2390.0,2401.3999,2364.8999,2374.3999,402951
WAAREEENER,2026-10-01,2374.0,2380.8999,2301.1001,2340.0,841593
WAAREEENER,2026-10-02,2340.0,2340.0,2340.0,2340.0,0
WAAREEENER,2026-10-05,2352.0,2363.5,2323.7,2346.5,341571
WAAREEENER,2026-10-06,2346.5,2398.0,2341.3,2398.0,393705
WAAREEINDO,2026-09-30,214.4,215.0,205.55,209.95,89461
WAAREEINDO,2026-10-01,209.95,212.0,199.46,203.39,240812
WAAREEINDO,2026-10-02,203.39,203.39,203.39,203.39,0
WAAREEINDO,2026-10-05,203.01,213.3,203.01,204.89,141493
WAAREEINDO,2026-10-06,209.28,209.89,204.62,208.05,84953
WAAREERTL,2026-09-29,824.9,827.7,812.85,821.4,94415
WAAREERTL,2026-09-30,820.75,837.95,818.35,819.95,82105
WAAREERTL,2026-10-01,819.95,822.85,798.0,808.8,129374
WAAREERTL,2026-10-05,809.95,831.0,807.2,809.1,124142
WAAREERTL,2026-10-06,809.1,828.0,808.75,825.95,101816
WABAG,2026-09-30,2077.8999,2141.8999,2051.0,2061.3999,394972
WABAG,2026-10-01,2058.3,2058.3,1960.0,2004.9,398624
WABAG,2026-10-02,2004.9,2004.9,2004.9,2004.9,0
WABAG,2026-10-05,2015.0,2032.8,1967.0,1999.5,683349
WABAG,2026-10-06,2037.6,2055.0,1991.2,2006.9,423820
WAKEFIT,2026-09-29,139.01,145.1,136.7,144.06,435263
WAKEFIT,2026-09-30,144.06,144.93,140.8,143.82,215953
WAKEFIT,2026-10-01,146.0,146.08,138.3,139.88,172897
WAKEFIT,2026-10-05,140.12,144.5,137.3,138.12,586481
WAKEFIT,2026-10-06,138.2,141.26,135.7,135.98,308472
WALCHANNAG,2026-09-29,202.15,206.23,198.95,203.24,432314
WALCHANNAG,2026-09-30,204.4,210.84,199.1,200.24,460410
WALCHANNAG,2026-10-01,200.1,201.59,191.53,196.08,612063
WALCHANNAG,2026-10-05,198.0,201.4,193.05,195.05,591665
WALCHANNAG,2026-10-06,195.0,207.0,194.99,204.17,716351
WALPAR,2026-09-28,28.75,28.8,26.1,26.25,20000
WALPAR,2026-09-29,24.95,27.4,24.95,27.4,4000
WALPAR,2026-09-30,27.4,28.45,27.4,28.45,8000
WALPAR,2026-10-01,29.0,29.0,27.4,27.4,4000
WALPAR,2026-10-05,28.45,28.45,26.1,26.1,14000
WANBURY,2026-09-30,218.55,220.55,196.05,199.5,1016479
WANBURY,2026-10-01,199.6,203.0,191.0,197.99,563970
WANBURY,2026-10-02,197.99,197.99,197.99,197.99,0
WANBURY,2026-10-05,198.8,198.99,187.0,190.46,517094
WANBURY,2026-10-06,194.99,205.81,191.15,197.87,1143379
WARDINMOBI,2026-09-29,5.54,5.54,5.16,5.49,314645
WARDINMOBI,2026-09-30,5.64,5.64,5.41,5.45,275407
WARDINMOBI,2026-10-01,5.51,5.51,5.25,5.31,253655
WARDINMOBI,2026-10-05,5.31,5.55,5.07,5.17,91237
WARDINMOBI,2026-10-06,5.08,5.3,5.0,5.11,228775
WATERBASE,2026-09-29,44.16,50.3,44.16,46.86,47588
WATERBASE,2026-09-30,47.5,47.5,46.06,46.7,14225
WATERBASE,2026-10-01,45.77,47.39,44.76,45.4,21523
WATERBASE,2026-10-05,47.0,47.0,45.21,45.57,3851
WATERBASE,2026-10-06,46.79,46.79,43.51,44.8,16937
WCIL,2026-09-30,95.0,96.5,93.0,93.16,165294
WCIL,2026-10-01,92.2,93.73,91.51,93.01,72195
WCIL,2026-10-02,93.01,93.01,93.01,93.01,0
WCIL,2026-10-05,95.0,95.0,87.25,89.27,330348
WCIL,2026-10-06,89.5,89.9,86.99,87.76,137701
WEALTH,2026-09-30,899.95,920.0,865.0,907.85,2780
WEALTH,2026-10-01,895.0,931.0,882.5,889.95,4145
WEALTH,2026-10-02,889.95,889.95,889.95,889.95,0
WEALTH,2026-10-05,900.0,913.0,851.5,864.0,705
WEALTH,2026-10-06,860.0,883.0,832.8,855.15,1300
WEBELSOLAR,2026-09-30,70.4,73.07,70.32,70.56,914986
WEBELSOLAR,2026-10-01,70.4,70.99,67.04,68.7,2357402
WEBELSOLAR,2026-10-02,68.7,68.7,68.7,68.7,0
WEBELSOLAR,2026-10-05,69.2,69.6,67.21,68.06,1356882
WEBELSOLAR,2026-10-06,69.0,71.46,67.19,70.89,2916069
WEIZMANIND,2026-09-29,72.5,72.5,69.51,70.86,3367
WEIZMANIND,2026-09-30,71.25,71.25,70.86,70.88,1033
WEIZMANIND,2026-10-01,70.99,73.89,69.0,71.45,999
WEIZMANIND,2026-10-05,70.35,72.73,68.5,69.4,100
WEIZMANIND,2026-10-06,68.01,72.7,68.01,70.39,2521
WEL,2026-09-30,71.85,73.84,71.81,72.63,224981
WEL,2026-10-01,74.0,74.0,71.21,71.7,186921
WEL,2026-10-02,71.7,71.7,71.7,71.7,0
WEL,2026-10-05,72.88,74.39,72.01,73.3,187482
WEL,2026-10-06,73.3,75.45,73.29,74.62,181866
WELCORP,2026-09-30,2802.0,2835.8,2700.8999,2717.0,1718055
WELCORP,2026-10-01,2708.0,2731.3,2539.2,2605.8,2309126
WELCORP,2026-10-02,2605.8,2605.8,2605.8,2605.8,0
WELCORP,2026-10-05,2649.8999,2672.8999,2450.0,2497.5,2352647
WELCORP,2026-10-06,2528.2,2676.0,2518.6001,2660.8999,1853414
WELENT,2026-09-29,749.5,769.5,736.05,744.3,531075
WELENT,2026-09-30,741.0,764.4,740.0,742.7,169996
WELENT,2026-10-01,736.0,749.3,717.55,724.45,396051
WELENT,2026-10-05,724.45,734.3,716.7,723.1,154921
WELENT,2026-10-06,723.1,728.0,713.0,718.3,150964
WELINV,2026-09-29,2435.0,2451.0,2402.1001,2435.0,48
WELINV,2026-09-30,2482.0,2483.3,2428.0,2482.0,30
WELINV,2026-10-01,2478.0,2481.8999,2478.0,2478.0,54
WELINV,2026-10-05,2478.0,2500.0,2478.0,2478.0,4
WELINV,2026-10-06,2440.0,2452.2,2440.0,2440.0,12
WELSPLSOL,2026-09-29,53.11,54.46,52.35,52.69,344119
WELSPLSOL,2026-09-30,53.08,56.75,53.08,53.98,999336
WELSPLSOL,2026-10-01,54.17,54.18,51.5,52.58,821620
WELSPLSOL,2026-10-05,52.25,53.4,52.02,52.5,332103
WELSPLSOL,2026-10-06,52.29,53.87,51.69,51.99,570123
WELSPUNLIV,2026-09-30,225.45,232.49,225.01,227.33,3089710
WELSPUNLIV,2026-10-01,226.7,244.89,226.2,239.17,22516675
WELSPUNLIV,2026-10-02,239.17,239.17,239.17,239.17,0
WELSPUNLIV,2026-10-05,241.5,243.0,228.01,230.27,5875615
WELSPUNLIV,2026-10-06,231.05,240.73,230.99,237.86,4609217
WENDT,2026-09-29,8490.5,8651.0,8340.0,8395.0,8552
WENDT,2026-09-30,8371.0,8599.0,8270.0,8351.5,6714
WENDT,2026-10-01,8350.0,8350.0,7950.0,8116.0,14731
WENDT,2026-10-05,8130.0,8255.0,8001.0,8016.5,6049
WENDT,2026-10-06,8124.0,8151.5,8053.5,8097.5,3527
WESTLIFE,2026-09-29,579.85,602.0,570.2,596.6,286746
WESTLIFE,2026-09-30,600.0,600.0,586.65,589.85,58873
WESTLIFE,2026-10-01,585.3,607.5,578.55,588.05,119967
WESTLIFE,2026-10-05,591.0,606.5,586.0,590.95,106325
WESTLIFE,2026-10-06,594.0,605.35,589.0,594.6,62616
WEWIN,2026-09-29,48.59,48.59,47.5,48.1,2401
WEWIN,2026-09-30,48.5,51.5,48.5,50.81,18452
WEWIN,2026-10-01,50.81,53.0,49.75,51.65,8010
WEWIN,2026-10-05,52.1,52.1,50.55,51.0,3493
WEWIN,2026-10-06,51.0,53.0,50.5,51.92,5900
WEWORK,2026-09-29,645.65,679.8,641.3,667.15,204957
WEWORK,2026-09-30,674.7,674.7,658.3,660.45,116352
WEWORK,2026-10-01,661.25,668.6,643.55,659.6,303711
WEWORK,2026-10-05,656.4,664.2,645.05,651.0,62860
WEWORK,2026-10-06,651.0,670.0,646.65,664.9,82193
WHBRADY,2026-09-29,491.0,491.0,491.0,491.0,2
WHBRADY,2026-09-30,491.0,491.0,491.0,491.0,1
WHBRADY,2026-10-01,471.0,495.0,461.0,465.05,207
WHBRADY,2026-10-05,488.0,488.0,456.3,464.4,93
WHBRADY,2026-10-06,456.3,515.0,452.6,485.0,329
WHEELS,2026-09-29,2300.0,2300.0,2191.0,2204.0,138348
WHEELS,2026-09-30,2239.8,2255.8,2177.5,2221.0,134353
WHEELS,2026-10-01,2225.0,2274.0,2104.1001,2241.3,183997
WHEELS,2026-10-05,2260.0,2266.6001,2150.2,2206.6001,78184
WHEELS,2026-10-06,2254.8999,2341.0,2211.1001,2289.0,120834
WHIRLPOOL,2026-09-30,879.3,942.8,862.25,890.25,3226987
WHIRLPOOL,2026-10-01,880.0,897.1,852.5,861.65,1044003
WHIRLPOOL,2026-10-02,861.65,861.65,861.65,861.65,0
WHIRLPOOL,2026-10-05,867.6,888.7,850.1,871.75,825507
WHIRLPOOL,2026-10-06,873.75,878.0,861.1,867.8,391911
WILLAMAGOR,2026-09-29,23.45,23.45,21.21,22.31,4087
WILLAMAGOR,2026-09-30,24.0,24.0,22.01,22.99,8070
WILLAMAGOR,2026-10-01,23.4,23.4,20.53,21.19,10397
WILLAMAGOR,2026-10-05,21.99,22.82,21.01,21.67,4778
WILLAMAGOR,2026-10-06,22.4,22.4,21.31,21.88,784
WINDLAS,2026-09-30,1107.5,1139.9,1081.0,1091.3,56202
WINDLAS,2026-10-01,1091.3,1101.3,1052.6,1082.4,63775
WINDLAS,2026-10-02,1082.4,1082.4,1082.4,1082.4,0
WINDLAS,2026-10-05,1082.4,1094.1,1009.0,1017.9,109660
WINDLAS,2026-10-06,1008.0,1041.0,1000.0,1036.2,71871
WINDMACHIN,2026-09-29,298.1,304.9,290.95,300.0,158312
WINDMACHIN,2026-09-30,298.1,304.6,294.0,300.2,112850
WINDMACHIN,2026-10-01,301.2,303.05,284.6,293.15,99959
WINDMACHIN,2026-10-05,293.0,299.45,284.65,286.2,29987
WINDMACHIN,2026-10-06,286.15,297.45,281.5,294.85,92338
WINNY,2026-09-29,32.45,32.45,32.45,32.45,0
WINNY,2026-09-30,32.45,32.45,32.45,32.45,0
WINNY,2026-10-01,32.45,32.45,32.45,32.45,0
WINNY,2026-10-02,32.45,32.45,32.45,32.45,0
WINNY,2026-10-05,34.05,34.05,34.05,34.05,3000
WINSOL,2026-09-28,111.0,111.0,106.45,106.45,6400
WINSOL,2026-09-29,100.85,110.8,100.85,108.75,21200
WINSOL,2026-09-30,109.95,110.0,109.95,109.95,2800
WINSOL,2026-10-01,106.5,106.5,106.0,106.0,1600
WINSOL,2026-10-05,106.2,106.2,102.6,102.65,4800
WIPL,2026-09-29,166.7,169.9,163.22,163.72,418
WIPL,2026-09-30,165.01,169.0,164.05,164.8,151
WIPL,2026-10-01,168.39,168.5,161.0,161.0,936
WIPL,2026-10-05,163.0,167.4,160.5,160.81,2277
WIPL,2026-10-06,163.65,164.39,160.5,161.65,56
WIPRO,2026-09-30,157.01,161.73,157.01,158.5,15966068
WIPRO,2026-10-01,158.61,160.95,157.25,159.35,18521731
WIPRO,2026-10-02,159.35,159.35,159.35,159.35,0
WIPRO,2026-10-05,163.0,164.3,161.43,162.14,30838863
WIPRO,2026-10-06,161.96,162.88,160.54,161.84,16384179
WOCKPHARMA,2026-09-30,2201.1001,2213.6001,2106.2,2116.3,823461
WOCKPHARMA,2026-10-01,2110.0,2124.0,2035.6,2083.8999,784540
WOCKPHARMA,2026-10-02,2083.8999,2083.8999,2083.8999,2083.8999,0
WOCKPHARMA,2026-10-05,2083.8999,2093.8999,2003.0,2063.5,803153
WOCKPHARMA,2026-10-06,2067.2,2184.0,2062.0,2176.3999,898183
WOMANCART,2026-09-28,101.55,101.55,96.35,99.2,14000
WOMANCART,2026-09-29,100.25,100.25,95.7,98.4,9200
WOMANCART,2026-09-30,97.5,99.9,95.05,95.95,16400
WOMANCART,2026-10-01,97.7,97.9,94.1,96.35,6400
WOMANCART,2026-10-05,95.0,96.2,91.75,94.5,29200
WONDERLA,2026-09-30,498.0,506.4,498.0,500.3,25602
WONDERLA,2026-10-01,498.0,501.9,488.0,495.1,79594
WONDERLA,2026-10-02,495.1,495.1,495.1,495.1,0
WONDERLA,2026-10-05,495.1,503.0,495.1,499.7,22858
WONDERLA,2026-10-06,502.0,517.9,488.0,509.7,37533
WORTHPERI,2026-09-29,143.16,147.0,142.05,144.85,20329
WORTHPERI,2026-09-30,146.8,148.5,143.0,146.02,9508
WORTHPERI,2026-10-01,146.5,147.0,142.0,143.74,1747
WORTHPERI,2026-10-05,139.0,143.5,139.0,143.41,2658
WORTHPERI,2026-10-06,144.95,144.95,140.25,141.09,8240
WPIL,2026-09-29,422.35,438.9,416.0,431.5,53460
WPIL,2026-09-30,432.95,447.0,428.0,438.85,95293
WPIL,2026-10-01,437.7,440.0,421.1,430.65,28634
WPIL,2026-10-05,440.05,449.0,433.0,447.2,157162
WPIL,2026-10-06,447.0,452.0,441.05,444.15,42287
WSI,2026-09-29,55.97,56.31,55.11,55.62,8869
WSI,2026-09-30,55.62,56.55,53.98,54.04,43225
WSI,2026-10-01,54.5,55.59,52.8,53.2,39222
WSI,2026-10-05,52.2,54.19,50.1,50.66,54043
WSI,2026-10-06,51.0,52.8,51.0,51.79,41522
WSTCSTPAPR,2026-09-29,724.0,724.9,694.0,703.45,169050
WSTCSTPAPR,2026-09-30,700.3,749.0,700.3,736.6,270128
WSTCSTPAPR,2026-10-01,738.7,744.5,702.95,727.65,145287
WSTCSTPAPR,2026-10-05,733.0,739.9,710.2,717.75,205992
WSTCSTPAPR,2026-10-06,721.0,763.05,721.0,753.05,254433
WTICAB,2026-09-28,95.0,97.85,95.0,97.5,9000
WTICAB,2026-09-29,95.0,98.2,95.0,98.0,9500
WTICAB,2026-09-30,98.0,99.0,94.0,95.05,17500
WTICAB,2026-10-01,94.1,97.95,93.0,95.0,13500
WTICAB,2026-10-05,95.05,98.8,95.05,98.75,6500
XCHANGING,2026-09-30,61.2,61.89,60.05,61.24,41413
XCHANGING,2026-10-01,61.0,61.42,59.4,59.73,58010
XCHANGING,2026-10-02,59.73,59.73,59.73,59.73,0
XCHANGING,2026-10-05,60.45,61.0,57.28,58.13,111368
XCHANGING,2026-10-06,58.8,62.6,58.18,61.86,172281
XELPMOC,2026-09-29,89.2,91.9,83.56,85.53,34299
XELPMOC,2026-09-30,88.0,88.0,79.0,80.24,40713
XELPMOC,2026-10-01,79.55,95.0,79.55,93.67,244539
XELPMOC,2026-10-05,96.0,100.52,88.3,89.86,68709
XELPMOC,2026-10-06,90.0,91.46,85.0,85.62,22651
XPROINDIA,2026-09-29,1142.2,1170.0,1121.2,1160.4,43568
XPROINDIA,2026-09-30,1170.0,1181.9,1145.5,1161.9,28334
XPROINDIA,2026-10-01,1161.9,1168.6,1115.0,1136.2,42823
XPROINDIA,2026-10-05,1129.1,1158.9,1125.0,1139.0,13727
XPROINDIA,2026-10-06,1151.2,1160.0,1125.2,1136.1,46964
XTGLOBAL,2026-09-30,30.29,30.29,28.8,29.19,29401
XTGLOBAL,2026-10-01,29.6,29.6,28.11,28.69,19992
XTGLOBAL,2026-10-02,28.69,28.69,28.69,28.69,0
XTGLOBAL,2026-10-05,29.0,29.4,28.0,28.09,21393
XTGLOBAL,2026-10-06,28.98,28.98,26.91,27.61,48860
XTRANET,2026-09-29,285.97,285.97,271.48,271.48,730316
XTRANET,2026-09-30,271.9,285.05,262.2,285.05,712037
XTRANET,2026-10-01,291.0,294.65,270.8,272.4,796522
XTRANET,2026-10-05,272.6,286.0,266.0,286.0,670465
XTRANET,2026-10-06,288.0,300.3,283.5,300.3,614796
YASHO,2026-09-29,4100.0,4117.5,3965.0,4061.3,21869
YASHO,2026-09-30,4081.7,4098.0,3975.8,4005.3999,16391
YASHO,2026-10-01,3945.0,4133.2998,3942.0,4036.0,22593
YASHO,2026-10-05,4036.0,4190.0,4005.8999,4042.8999,23771
YASHO,2026-10-06,4040.0,4350.0,4039.8999,4282.7998,33512
YASHOPTICS,2026-09-28,136.0,136.9,130.0,131.25,16800
YASHOPTICS,2026-09-29,131.25,131.25,130.0,130.0,10400
YASHOPTICS,2026-09-30,131.5,133.0,130.0,131.25,17600
YASHOPTICS,2026-10-01,133.0,137.9,132.0,135.4,68800
YASHOPTICS,2026-10-05,135.4,142.0,133.0,133.0,24800
YATHARTH,2026-09-30,1100.0,1106.0,1020.0,1032.5,875912
YATHARTH,2026-10-01,1012.0,1059.0,1012.0,1033.7,508885
YATHARTH,2026-10-02,1033.7,1033.7,1033.7,1033.7,0
YATHARTH,2026-10-05,1028.6,1039.7,995.0,1003.0,435155
YATHARTH,2026-10-06,1003.0,1065.0,998.2,1058.8,382135
YATRA,2026-09-29,102.2,102.32,98.52,101.37,769697
YATRA,2026-09-30,102.39,104.29,99.1,99.89,669290
YATRA,2026-10-01,100.0,104.0,97.4,98.83,2022495
YATRA,2026-10-05,100.0,102.87,98.56,100.81,1078497
YATRA,2026-10-06,101.0,101.85,100.21,101.48,353087
YCCL,2026-09-29,8.0,8.0,8.0,8.0,0
YCCL,2026-09-30,8.5,8.5,8.5,8.5,3000
YCCL,2026-10-01,8.5,8.5,8.5,8.5,0
YCCL,2026-10-02,8.5,8.5,8.5,8.5,0
YCCL,2026-10-05,8.5,8.5,8.5,8.5,0
YESBANK,2026-09-30,20.98,21.4,20.85,20.95,94081938
YESBANK,2026-10-01,20.95,21.17,20.51,20.75,80611659
YESBANK,2026-10-02,20.75,20.75,20.75,20.75,0
YESBANK,2026-10-05,21.05,21.23,20.91,21.06,61113748
YESBANK,2026-10-06,21.05,21.05,20.81,20.86,48824934
YOGI,2026-09-29,162.0,162.0,156.0,156.67,850
YOGI,2026-09-30,161.7,161.7,156.5,160.56,638
YOGI,2026-10-01,160.5,164.0,155.0,159.35,2356
YOGI,2026-10-05,162.85,162.85,158.0,160.0,320
YOGI,2026-10-06,161.9,164.92,161.0,161.0,421
YUDIZ,2026-09-29,22.0,22.0,21.9,21.9,2400
YUDIZ,2026-09-30,22.95,22.95,22.95,22.95,1600
YUDIZ,2026-10-01,22.95,22.95,22.95,22.95,0
YUDIZ,2026-10-02,22.95,22.95,22.95,22.95,0
YUDIZ,2026-10-05,22.95,22.95,22.95,22.95,0
YUKEN,2026-09-29,1121.7,1141.0,1103.1,1130.7,15657
YUKEN,2026-09-30,1138.95,1139.0,1088.95,1131.1,10732
YUKEN,2026-10-01,1134.4,1152.0,1072.1,1141.4,15046
YUKEN,2026-10-05,1141.4,1145.5,1093.6,1129.0,18275
YUKEN,2026-10-06,1142.4,1333.9,1137.4,1238.6,282116
ZAGGLE,2026-09-29,175.0,176.26,172.25,173.84,563415
ZAGGLE,2026-09-30,173.8,178.75,172.52,173.18,641899
ZAGGLE,2026-10-01,172.5,176.39,168.87,171.73,843126
ZAGGLE,2026-10-05,172.0,175.5,169.29,170.32,621589
ZAGGLE,2026-10-06,172.25,174.4,169.77,171.88,1067459
ZEAL,2026-09-28,74.25,80.8,74.2,76.25,5400
ZEAL,2026-09-29,79.95,79.95,72.55,75.45,1800
ZEAL,2026-09-30,76.0,76.0,76.0,76.0,600
ZEAL,2026-10-01,76.0,76.0,68.55,68.55,1200
ZEAL,2026-10-05,70.0,74.95,70.0,70.7,2400
ZEEL,2026-09-30,74.09,76.39,73.95,74.47,13100562
ZEEL,2026-10-01,74.7,74.7,71.64,71.92,13789871
ZEEL,2026-10-02,71.92,71.92,71.92,71.92,0
ZEEL,2026-10-05,72.09,74.57,72.09,73.57,15449821
ZEEL,2026-10-06,73.6,74.77,72.2,72.42,15464935
ZEELEARN,2026-09-29,6.78,6.85,6.01,6.25,562426
ZEELEARN,2026-09-30,6.36,6.68,6.36,6.5,269367
ZEELEARN,2026-10-01,6.55,6.55,6.22,6.3,249693
ZEELEARN,2026-10-05,6.19,6.55,5.27,6.21,552687
ZEELEARN,2026-10-06,6.21,6.5,6.1,6.37,572757
ZEEMEDIA,2026-09-29,7.29,7.3,7.01,7.18,936126
ZEEMEDIA,2026-09-30,7.2,7.37,7.17,7.21,587340
ZEEMEDIA,2026-10-01,7.33,7.33,7.05,7.2,764827
ZEEMEDIA,2026-10-05,7.27,7.33,7.1,7.15,557866
ZEEMEDIA,2026-10-06,7.27,7.3,7.08,7.22,630543
ZENITHDRUG,2026-09-28,42.8,42.8,42.8,42.8,0
ZENITHDRUG,2026-09-29,42.8,45.35,42.8,44.5,7200
ZENITHDRUG,2026-09-30,44.5,44.5,44.5,44.5,800
ZENITHDRUG,2026-10-01,42.8,42.8,41.85,42.05,4000
ZENITHDRUG,2026-10-05,42.05,43.6,42.05,42.5,4000
ZENITHEXPO,2026-09-29,203.0,203.0,193.4,199.53,53
ZENITHEXPO,2026-09-30,199.0,199.0,199.0,199.0,7
ZENITHEXPO,2026-10-01,205.0,205.0,200.0,203.04,79
ZENITHEXPO,2026-10-05,195.01,195.01,192.89,194.9,823
ZENITHEXPO,2026-10-06,194.1,194.1,186.05,187.56,531
ZENITHSTL,2026-09-29,5.22,5.23,5.03,5.19,78952
ZENITHSTL,2026-09-30,5.34,5.43,5.18,5.3,56981
ZENITHSTL,2026-10-01,5.07,5.4,5.0,5.1,57191
ZENITHSTL,2026-10-05,5.28,5.28,5.04,5.15,57566
ZENITHSTL,2026-10-06,5.15,5.29,5.07,5.25,57835
ZENSARTECH,2026-09-30,429.4,438.95,420.15,422.1,994997
ZENSARTECH,2026-10-01,422.5,438.0,421.05,434.35,1843893
ZENSARTECH,2026-10-02,434.35,434.35,434.35,434.35,0
ZENSARTECH,2026-10-05,441.05,459.35,435.05,451.5,3269410
ZENSARTECH,2026-10-06,455.0,457.65,444.35,445.45,605100
ZENTEC,2026-09-29,1642.0,1649.2,1606.0,1619.8,305781
ZENTEC,2026-09-30,1625.0,1647.2,1601.0,1605.2,185419
ZENTEC,2026-10-01,1605.2,1610.0,1550.0,1576.1,251378
ZENTEC,2026-10-05,1585.0,1606.0,1571.6,1599.5,212581
ZENTEC,2026-10-06,1608.8,1622.0,1598.8,1614.3,177454
ZFCVINDIA,2026-09-30,2298.0,2352.8999,2291.0,2341.0,141190
ZFCVINDIA,2026-10-01,2335.0,2336.0,2230.0,2241.0,154904
ZFCVINDIA,2026-10-02,2241.0,2241.0,2241.0,2241.0,0
ZFCVINDIA,2026-10-05,2250.0,2269.8,2194.0,2201.3,121895
ZFCVINDIA,2026-10-06,2201.3,2213.2,2165.0,2187.3999,70322
ZFSTEERING,2026-09-29,750.0,750.0,708.65,710.85,3274
ZFSTEERING,2026-09-30,720.1,731.95,711.3,714.5,896
ZFSTEERING,2026-10-01,715.0,729.9,702.05,708.4,1845
ZFSTEERING,2026-10-05,711.0,724.0,700.1,703.65,1443
ZFSTEERING,2026-10-06,705.4,719.6,702.55,710.25,1592
ZIMLAB,2026-09-29,137.55,138.1,132.0,134.89,123508
ZIMLAB,2026-09-30,134.99,140.98,134.68,137.97,87891
ZIMLAB,2026-10-01,138.94,138.94,132.1,137.02,129941
ZIMLAB,2026-10-05,137.3,139.49,131.0,137.1,78444
ZIMLAB,2026-10-06,139.0,140.0,135.59,138.57,63618
ZODIAC,2026-09-29,227.99,227.99,201.35,208.6,44250
ZODIAC,2026-09-30,208.61,219.6,208.61,216.32,10246
ZODIAC,2026-10-01,217.49,219.79,210.7,216.91,8175
ZODIAC,2026-10-05,216.91,219.89,212.0,215.1,5592
ZODIAC,2026-10-06,216.25,223.99,210.7,212.65,10334
ZODIACLOTH,2026-09-29,68.05,69.99,68.01,68.23,1648
ZODIACLOTH,2026-09-30,68.23,70.55,68.23,69.03,9810
ZODIACLOTH,2026-10-01,68.71,68.71,66.32,66.71,1851
ZODIACLOTH,2026-10-05,69.69,69.69,66.2,67.67,5362
ZODIACLOTH,2026-10-06,68.97,68.97,66.25,66.67,1923
ZOTA,2026-09-30,1309.4,1331.7,1276.0,1294.7,44545
ZOTA,2026-10-01,1299.8,1334.5,1249.6,1267.8,225359
ZOTA,2026-10-02,1267.8,1267.8,1267.8,1267.8,0
ZOTA,2026-10-05,1280.0,1313.9,1247.4,1297.4,58725
ZOTA,2026-10-06,1297.0,1305.0,1275.0,1278.6,20066
ZSARACOM,2026-09-29,10058.0,10299.0,9834.0,10233.0,30
ZSARACOM,2026-09-30,10199.0,10287.0,10100.0,10140.0,30
ZSARACOM,2026-10-01,10320.0,10320.0,9900.0,10017.0,23
ZSARACOM,2026-10-05,10000.0,10000.0,9605.0,9787.0,29
ZSARACOM,2026-10-06,9711.0,9986.0,9710.0,9961.0,35
ZTECH,2026-09-28,430.0,439.6,421.0,428.05,14700
ZTECH,2026-09-29,429.0,437.5,425.0,431.25,8700
ZTECH,2026-09-30,431.25,434.95,427.0,430.75,5700
ZTECH,2026-10-01,426.0,437.15,426.0,437.05,8700
ZTECH,2026-10-05,442.0,472.0,439.0,470.3,21000
ZUARI,2026-09-30,220.76,224.1,218.6,220.33,86644
ZUARI,2026-10-01,220.5,220.5,210.96,212.88,68426
ZUARI,2026-10-02,212.88,212.88,212.88,212.88,0
ZUARI,2026-10-05,213.05,217.73,210.0,211.46,63262
ZUARI,2026-10-06,212.0,219.6,211.81,218.28,53061
ZUARIIND,2026-09-29,278.5,283.85,272.55,281.85,56493
ZUARIIND,2026-09-30,279.25,287.5,279.25,282.2,73300
ZUARIIND,2026-10-01,282.2,289.0,278.0,281.85,109193
ZUARIIND,2026-10-05,284.9,291.05,281.8,283.95,75632
ZUARIIND,2026-10-06,284.9,295.0,284.9,288.45,85320
ZYDUSLIFE,2026-09-29,1217.6,1232.1,1200.5,1200.5,2372609
ZYDUSLIFE,2026-09-30,1204.8,1210.5,1149.1,1162.0,1614233
ZYDUSLIFE,2026-10-01,1151.0,1158.0,1123.7,1145.7,2547369
ZYDUSLIFE,2026-10-05,1145.7,1151.0,1128.1,1139.0,1592973
ZYDUSLIFE,2026-10-06,1145.0,1164.8,1145.0,1159.5,1575401
ZYDUSWELL,2026-09-29,523.55,528.8,503.05,506.1,308220
ZYDUSWELL,2026-09-30,507.0,518.6,500.2,512.8,258147
ZYDUSWELL,2026-10-01,512.2,515.25,490.2,493.25,151840
ZYDUSWELL,2026-10-05,499.75,502.1,482.0,483.8,126114
ZYDUSWELL,2026-10-06,484.0,505.45,484.0,502.4,136711
