symbol,date,prev_close,close,ttl_traded_qty,deliv_qty,deliv_pct,turnover_lacs,no_of_trades
ZENITHEXPO,2026-09-28,203.0,203.0,34,34,100.0,0.07,3
TERAI,2026-09-28,117.86,116.0,203,203,100.0,0.24,4
LAKSHMIMIL,2026-09-28,7729.0,7689.5,18,18,100.0,1.39,7
KSHITIJPOL,2026-09-28,4.81,4.57,94196,94196,100.0,4.3,437
UNIINFO,2026-09-28,10.97,11.3,1586,1586,100.0,0.18,17
VASUPRADA,2026-09-28,99.9,95.0,953,953,100.0,0.94,4
EMPOWER,2026-09-28,1.87,1.78,3891622,3891521,100.0,69.27,1965
UPHOT,2026-09-28,1500.0,1503.0,10,10,100.0,0.15,1
MUKESHB,2026-09-28,131.5,127.0,100,100,100.0,0.13,1
HBESD,2026-09-28,68.04,71.5,660,660,100.0,0.46,23
PML,2026-09-28,475.15,488.1,97,97,100.0,0.47,62
SAICAPI,2026-09-28,156.99,155.85,6,6,100.0,0.01,6
HPIL,2026-09-28,115.4,115.4,6,6,100.0,0.01,3
VIJSOLX,2026-09-28,636.05,636.1,40,40,100.0,0.26,2
QUINTEGRA,2026-09-28,1.12,1.17,12583,12583,100.0,0.15,1
WHBRADY,2026-09-28,491.0,491.0,1,1,100.0,0.0,1
SAYAJIHOTL,2026-09-28,327.0,325.95,50,50,100.0,0.16,2
SONAL,2026-09-28,87.7,92.0,127,127,100.0,0.11,7
ASIANTNE,2026-09-28,9.26,9.17,5669,5669,100.0,0.52,35
SUNLOC,2026-09-28,70.9,70.9,1,1,100.0,0.0,1
SIEL,2026-09-28,29.05,30.5,20,20,100.0,0.01,4
ALFREDHE,2026-09-28,2750.5,2740.0,10,10,100.0,0.27,9
TAKE,2026-09-28,15.51,14.74,69774,69774,100.0,10.28,245
TARAPUR,2026-09-28,12.19,11.87,10829,10827,99.98,1.29,122
PEARLPOLY,2026-09-28,18.03,17.64,3650,3648,99.95,0.64,30
ESDS,2026-09-28,1760.5,1672.5,20558,20548,99.95,343.83,1750
GUJRAFFIA,2026-09-28,40.69,40.44,1476,1474,99.86,0.59,16
MOTOGENFIN,2026-09-28,25.92,25.7,5130,5114,99.69,1.35,21
ARYAMAN,2026-09-28,610.0,625.0,30485,30386,99.68,191.56,20
SINTERCOM,2026-09-28,77.93,76.78,46818,46589,99.51,36.24,57
SURYALA,2026-09-28,390.0,382.0,2025,2014,99.46,7.67,25
IPRINGLTD,2026-09-28,142.67,136.17,591,587,99.32,0.81,47
AKASH,2026-09-28,25.04,25.02,1163,1155,99.31,0.29,11
MBLINFRA,2026-09-28,21.12,20.8,46168,45845,99.3,9.77,170
BNAGROCHEM,2026-09-28,208.4,208.0,130,129,99.23,0.27,19
BENARAS,2026-09-28,10224.0,10150.0,122,121,99.18,12.44,27
SEMAC,2026-09-28,255.0,247.9,963,955,99.17,2.36,69
KAMANWALA,2026-09-28,16.99,17.49,12369,12247,99.01,2.13,32
SURAJLTD,2026-09-28,198.08,193.45,610,603,98.85,1.19,41
ITL,2026-09-28,359.0,357.7,828,818,98.79,2.96,28
DCM,2026-09-28,75.0,75.1,2575,2543,98.76,1.95,36
WEALTH,2026-09-28,834.95,832.8,43830,43234,98.64,365.02,204
TCIFINANCE,2026-09-28,14.86,14.75,3936,3881,98.6,0.58,76
NICCOPAR,2026-09-28,82.48,80.5,833,821,98.56,0.67,31
21STCENMGM,2026-09-28,39.87,39.64,5424,5345,98.54,2.14,40
APOORVA,2026-09-28,33.45,33.49,678,665,98.08,0.22,19
SHIVACEM,2026-09-28,15.47,15.21,62830,61535,97.94,9.53,153
KRISHIVAL,2026-09-28,413.4,413.65,211393,206545,97.71,874.26,661
THACKER,2026-09-28,975.0,975.0,43,42,97.67,0.42,8
XTGLOBAL,2026-09-28,29.44,28.91,114401,111714,97.65,34.32,357
KHANDSE,2026-09-28,17.82,17.5,3378,3298,97.63,0.59,63
WORTHPERI,2026-09-28,144.94,146.86,19885,19400,97.56,29.18,65
BVCL,2026-09-28,41.26,40.53,11671,11381,97.52,4.75,145
CLEDUCATE,2026-09-28,54.84,54.28,7412,7226,97.49,4.06,146
ADDIND,2026-09-28,77.2,77.5,537,523,97.39,0.41,14
ISTLTD,2026-09-28,660.0,639.6,959,934,97.39,6.14,76
SAMBANDAM,2026-09-28,111.83,106.24,696,677,97.27,0.75,107
AMARJOTHI,2026-09-28,149.82,150.7,736,715,97.15,1.08,16
MAMATA,2026-09-28,411.9,401.2,616273,598620,97.14,2473.52,1627
NEAGI,2026-09-28,3468.8,3400.0,104,101,97.12,3.54,16
PREMCO,2026-09-28,395.35,395.4,731,708,96.85,2.91,56
ABMKNO,2026-09-28,174.07,175.13,1650,1598,96.85,2.85,49
NAVKARURB,2026-09-28,0.89,0.88,319994,309679,96.78,2.87,359
TEAMGTY,2026-09-28,241.45,235.01,272,263,96.69,0.64,12
GLOBALE,2026-09-28,10.59,10.8,677,654,96.6,0.07,23
APCL,2026-09-28,95.52,94.64,4667,4502,96.46,4.43,77
CHEMCRUX,2026-09-28,79.87,78.78,12973,12482,96.22,10.17,157
ELDEHSG,2026-09-28,765.5,756.6,443,426,96.16,3.36,35
RAJTV,2026-09-28,10.76,11.14,120440,115764,96.12,13.58,189
VITAL,2026-09-28,53.0,54.06,4497,4319,96.04,2.48,37
ROML,2026-09-28,42.79,42.91,2889,2770,95.88,1.24,42
YOGI,2026-09-28,161.1,162.0,1262,1208,95.72,2.06,33
HYBRIDFIN,2026-09-28,16.7,17.36,3559,3405,95.67,0.62,64
AKCAPIT,2026-09-28,1754.0,1758.0,1355,1296,95.65,23.76,145
NEXTMEDIA,2026-09-28,3.75,3.68,11289,10763,95.34,0.41,62
GLOBE,2026-09-28,2.24,2.2,446562,425485,95.28,9.84,264
HINDCON,2026-09-28,27.6,30.36,167674,159737,95.27,50.89,604
PALREDTEC,2026-09-28,46.84,46.05,3126,2976,95.2,1.44,20
VIRINCHI,2026-09-28,13.81,13.72,33201,31594,95.16,4.57,173
ARCL,2026-09-28,245.53,241.99,593,561,94.6,1.42,58
DOLLEX,2026-09-28,36.05,36.1,8118,7654,94.28,2.94,338
FIBERWEB,2026-09-28,26.54,26.4,8868,8356,94.23,2.36,172
THAKDEV,2026-09-28,134.99,141.37,1757,1651,93.97,2.48,27
SHRADHA,2026-09-28,29.75,29.48,9712,9122,93.93,2.87,72
MALUPAPER,2026-09-28,32.59,31.9,1775,1665,93.8,0.57,31
TECILCHEM,2026-09-28,8.81,9.12,21546,20195,93.73,1.97,86
BRIGHTBR,2026-09-28,240.35,248.1,6273,5870,93.58,15.35,170
SAPPL,2026-09-28,276.9,279.95,8496,7930,93.34,23.82,105
NAHARCAP,2026-09-28,248.7,243.75,1224,1142,93.3,3.02,52
JYOTIRES,2026-09-28,843.25,841.9,43741,40809,93.3,367.29,677
AHLEAST,2026-09-28,137.42,136.14,104,97,93.27,0.14,14
EUROTEXIND,2026-09-28,11.75,12.92,2600,2425,93.27,0.33,18
HRYNSHP,2026-09-28,97.01,96.01,1353,1261,93.2,1.3,41
PNC,2026-09-28,16.89,16.68,3744,3486,93.11,0.62,115
SALONA,2026-09-28,274.75,272.95,260,242,93.08,0.71,18
PRAKASHSTL,2026-09-28,3.62,3.61,80219,74623,93.02,2.9,306
LAHOTIOV,2026-09-28,39.9,40.2,5179,4816,92.99,2.07,44
NDLVENTURE,2026-09-28,119.69,121.43,4949,4600,92.95,5.99,127
RVTH,2026-09-28,654.6,633.25,1741,1614,92.71,11.14,52
CPEDU,2026-09-28,177.14,173.92,6518,6042,92.7,11.29,76
ODYCORP,2026-09-28,7.03,6.86,9064,8396,92.63,0.63,62
PVSL,2026-09-28,98.67,97.66,24606,22787,92.61,24.13,354
MSL,2026-09-28,136.0,136.0,40,37,92.5,0.05,6
POLYSPIN,2026-09-28,28.98,31.78,373,345,92.49,0.11,19
TRANSCOR,2026-09-28,24.05,24.39,1343,1239,92.26,0.32,44
GANGESSECU,2026-09-28,114.61,112.79,338,311,92.01,0.39,29
MADHUCON,2026-09-28,4.19,3.99,65062,59845,91.98,2.63,188
MERCANTILE,2026-09-28,22.72,23.16,135,124,91.85,0.03,12
LINC,2026-09-28,93.23,89.65,54257,49825,91.83,49.0,741
TECHNVISN,2026-09-28,4071.0,3966.0,361,331,91.69,14.4,102
TOUCHWOOD,2026-09-28,60.14,60.13,456,418,91.67,0.27,23
VARDMNPOLY,2026-09-28,5.85,5.8,88410,81017,91.64,5.15,249
CREST,2026-09-28,362.9,359.9,606,555,91.58,2.18,37
MUKTAARTS,2026-09-28,56.21,57.12,7840,7178,91.56,4.43,77
UNITEDTEA,2026-09-28,425.1,425.05,3156,2887,91.48,13.43,77
GKWLIMITED,2026-09-28,1556.0,1531.7,2599,2376,91.42,40.21,85
DHUNINV,2026-09-28,982.8,968.5,291,266,91.41,2.84,50
DIGIDRIVE,2026-09-28,18.39,17.75,26756,24440,91.34,4.84,217
HAMPTON,2026-09-28,8.1,7.9,15674,14309,91.29,1.26,136
SHRADDHA,2026-09-28,146.97,150.9,19528,17803,91.17,29.15,157
SANDESH,2026-09-28,1034.4,1027.9,563,513,91.12,5.75,54
KANCHI,2026-09-28,390.5,379.9,2736,2492,91.08,10.44,120
DHRUV,2026-09-28,21.5,21.4,2161,1958,90.61,0.46,29
DISHTV,2026-09-28,2.37,2.26,4340622,3930153,90.54,98.64,2325
SUNDARAM,2026-09-28,1.14,1.13,160962,145694,90.51,1.82,262
JKIPL,2026-09-28,96.28,97.41,7742,7005,90.48,7.57,108
CHEVIOT,2026-09-28,1182.8,1187.9,1149,1039,90.43,13.6,123
GTECJAINX,2026-09-28,26.52,26.97,34609,31270,90.35,9.64,112
BAGFILMS,2026-09-28,4.28,4.2,23219,20974,90.33,0.98,179
BANARBEADS,2026-09-28,123.86,117.27,4664,4212,90.31,5.59,153
SIMPLXREA,2026-09-28,125.4,126.69,369,333,90.24,0.45,11
HGM,2026-09-28,42.18,41.25,8785,7920,90.15,3.64,107
INSPIRISYS,2026-09-28,88.48,84.99,12501,11270,90.15,10.69,228
VIVOBIOT,2026-09-28,16.79,16.26,10869,9794,90.11,1.79,308
HBPOR,2026-09-28,60.6,59.75,212,191,90.09,0.12,9
SURANAT&P,2026-09-28,15.92,15.72,66366,59769,90.06,10.48,333
WEWIN,2026-09-28,48.26,48.59,18241,16418,90.01,8.89,373
RHL,2026-09-28,171.41,163.9,29821,26788,89.83,49.24,210
BTML,2026-09-28,7.46,7.15,184029,165131,89.73,13.27,255
MANORG,2026-09-28,458.9,446.55,6970,6252,89.7,31.3,257
KJMCFIN,2026-09-28,60.05,58.12,183,164,89.62,0.11,11
NIPPOBATRY,2026-09-28,320.15,323.2,999,895,89.59,3.22,117
VOITHPAPR,2026-09-28,1450.0,1435.3,57,51,89.47,0.82,20
MITCON,2026-09-28,86.77,83.2,98698,88263,89.43,82.41,377
PILITA,2026-09-28,7.71,7.59,17396,15553,89.41,1.34,169
RKDL,2026-09-28,18.6,18.02,6443,5758,89.37,1.17,89
MAHESHWARI,2026-09-28,73.4,71.61,10397,9273,89.19,7.54,160
NTCIND,2026-09-28,139.8,132.52,429,382,89.04,0.58,32
GOYALALUM,2026-09-28,5.91,5.97,41242,36680,88.94,2.46,463
VADILENT,2026-09-28,10265.0,10201.0,18,16,88.89,1.84,15
STLSTRINF,2026-09-28,23.2,23.8,5237,4641,88.62,1.26,103
BELLACASA,2026-09-28,274.98,266.5,48135,42590,88.48,128.28,939
HISARMETAL,2026-09-28,152.88,151.96,449,397,88.42,0.68,37
VIVIDHA,2026-09-28,0.53,0.52,105712,93455,88.41,0.55,142
ZODIACLOTH,2026-09-28,70.27,69.0,1706,1508,88.39,1.18,77
TREEHOUSE,2026-09-28,6.05,5.88,5475,4825,88.13,0.32,84
SRTL,2026-09-28,38.15,37.2,13453,11849,88.08,5.04,287
MOHITE,2026-09-28,2.37,2.4,18783,16532,88.02,0.45,136
PRECOT,2026-09-28,640.7,617.8,6871,6044,87.96,42.97,328
ZEELEARN,2026-09-28,6.94,6.65,317212,278875,87.91,21.39,782
SUDARCOLOR,2026-09-28,394.55,387.9,4042,3552,87.88,15.78,214
UFO,2026-09-28,59.73,58.87,23097,20285,87.83,13.71,408
PREMEXPLN,2026-09-28,680.35,677.05,383780,335966,87.54,2597.25,3537
JISLDVREQS,2026-09-28,19.85,19.8,20539,17974,87.51,4.1,210
OBCL,2026-09-28,57.6,56.9,1582,1382,87.36,0.92,75
SHRJAGP,2026-09-28,660.25,637.25,474,414,87.34,3.06,83
ANNAPURNA,2026-09-28,131.97,127.66,41065,35788,87.15,53.16,550
GTL,2026-09-28,7.03,6.94,105382,91817,87.13,7.34,588
COMPEAU,2026-09-28,365.0,353.05,139,121,87.05,0.5,14
TTL,2026-09-28,7.13,7.33,286275,249165,87.04,20.71,352
LOTUSEYE,2026-09-28,115.07,114.78,5720,4978,87.03,6.57,144
SPLIL,2026-09-28,30.99,29.87,8849,7695,86.96,2.67,106
JOCIL,2026-09-28,147.6,147.0,3344,2900,86.72,4.87,61
3PLAND,2026-09-28,30.99,30.83,1881,1631,86.71,0.57,60
WAAREEINDO,2026-09-28,230.85,219.35,218215,189107,86.66,479.13,1430
RKSWAMY,2026-09-28,90.59,88.5,28611,24785,86.63,25.38,577
INDPRUD,2026-09-28,6200.0,6092.5,276,239,86.59,16.9,82
BRAHMINFRA,2026-09-28,147.8,148.23,26641,23035,86.46,39.51,436
ADVIKCA,2026-09-28,0.98,0.97,152190,131361,86.31,1.48,245
INTLCONV,2026-09-28,81.17,79.9,38032,32739,86.08,30.44,689
PARNAXLAB,2026-09-28,118.22,112.78,8002,6871,85.87,9.04,244
MADHAVIPL,2026-09-28,7.52,7.39,141968,121796,85.79,10.59,376
DGCONTENT,2026-09-28,23.9,23.37,39742,34040,85.65,9.45,182
RAMAPHO,2026-09-28,122.25,120.0,24851,21282,85.64,30.02,319
KOTHARIPRO,2026-09-28,67.97,66.01,5845,5002,85.58,3.87,222
SVPGLOB,2026-09-28,3.27,3.16,29750,25444,85.53,0.95,74
EMAMIREAL,2026-09-28,68.4,67.14,2401,2053,85.51,1.65,68
SHANTI,2026-09-28,5.68,5.67,13320,11390,85.51,0.76,69
EUROBOND,2026-09-28,150.56,149.93,943,806,85.47,1.41,36
HBSL,2026-09-28,56.08,55.8,2384,2036,85.4,1.35,66
ORCHASP,2026-09-28,1.38,1.34,490303,418320,85.32,6.65,248
AFSL,2026-09-28,201.0,201.0,5494,4683,85.24,11.05,78
SHILGRAVQ,2026-09-28,149.5,143.36,15555,13250,85.18,22.06,310
PBMPOLY,2026-09-28,59.91,59.66,4143,3527,85.13,2.53,107
ADVANIHOTR,2026-09-28,47.94,48.13,11732,9985,85.11,5.62,414
NSIL,2026-09-28,5468.0,5398.5,6793,5780,85.09,367.66,608
ORBTEXP,2026-09-28,226.9,227.15,15250,12973,85.07,34.89,248
GRPLTD,2026-09-28,1999.0,1950.4,944,803,85.06,18.53,137
LFIC,2026-09-28,133.06,131.49,1660,1408,84.82,2.17,61
SUMIT,2026-09-28,49.19,49.52,35655,30234,84.8,17.33,160
CCCL,2026-09-28,13.32,13.38,139389,118119,84.74,18.56,374
S&SPOWER,2026-09-28,307.9,311.1,4286,3631,84.72,13.24,123
MOHITIND,2026-09-28,23.0,22.89,4850,4106,84.66,1.11,50
EXXARO,2026-09-28,6.21,6.15,168741,142856,84.66,10.35,577
SHYAMMETL,2026-09-28,1085.6,1068.7,424830,359380,84.59,4567.54,8405
SWARNSAR,2026-09-28,41.68,40.18,13314,11260,84.57,5.36,131
KRITIKA,2026-09-28,5.04,5.0,91647,77482,84.54,4.6,415
ADL,2026-09-28,69.81,72.17,689,581,84.33,0.49,82
MKEXIM,2026-09-28,69.84,69.35,17191,14496,84.32,11.83,179
BEDMUTHA,2026-09-28,110.71,109.23,8144,6860,84.23,9.07,143
SURYALAXMI,2026-09-28,57.0,56.5,2180,1832,84.04,1.23,57
VISACHROME,2026-09-28,34.54,33.36,7943,6673,84.01,2.65,121
TUTIALKA,2026-09-28,55.51,55.22,5515,4633,84.01,3.05,160
HALEOSLABS,2026-09-28,1501.8,1513.5,566,475,83.92,8.48,99
SUVIDHAA,2026-09-28,2.21,2.21,80732,67619,83.76,1.79,152
RVHL,2026-09-28,39.32,38.66,3014,2521,83.64,1.16,128
BHANDARI,2026-09-28,2.93,2.9,154510,129201,83.62,4.51,259
MONEYBOXX,2026-09-28,51.21,48.65,17686,14786,83.6,8.63,85
CREATIVEYE,2026-09-28,6.19,5.72,20647,17240,83.5,1.19,149
MODIS,2026-09-28,363.1,362.85,37031,30919,83.49,134.19,383
DHATRE,2026-09-28,4.13,3.96,70411,58765,83.46,2.85,299
LCCINFOTEC,2026-09-28,4.23,4.02,172891,144026,83.3,7.09,187
NORBTEAEXP,2026-09-28,70.12,66.62,3033,2523,83.18,2.04,37
PARASPETRO,2026-09-28,2.08,2.03,139046,115584,83.13,2.85,270
VHL,2026-09-28,3358.1,3329.3,650,540,83.08,21.7,97
AJOONI,2026-09-28,3.19,3.14,133408,110683,82.97,4.23,398
TOKYOPLAST,2026-09-28,74.0,72.62,1495,1240,82.94,1.08,33
INTENTECH,2026-09-28,85.07,83.05,15669,12965,82.74,13.04,161
TRITONV,2026-09-28,1109.0,1093.3,695,575,82.73,7.68,171
VINNY,2026-09-28,0.93,0.91,181618,150215,82.71,1.68,194
HTMEDIA,2026-09-28,24.06,23.1,69991,57771,82.54,16.4,447
SOMICONVEY,2026-09-28,89.59,89.18,7058,5821,82.47,6.37,186
OSWALSEEDS,2026-09-28,13.08,12.45,71063,58592,82.45,8.95,561
GLOSTERLTD,2026-09-28,552.7,545.5,1243,1023,82.3,6.82,117
INDIANCARD,2026-09-28,200.59,189.69,14663,12050,82.18,27.99,577
VEDAVAAG,2026-09-28,23.45,22.93,89113,73199,82.14,20.47,349
KRIDHANINF,2026-09-28,1.86,1.89,87551,71897,82.12,1.63,120
AUGMONT,2026-09-28,877.9,965.65,979636,802253,81.89,9365.83,13208
KNAGRI,2026-09-28,204.76,205.05,2151,1758,81.73,4.38,60
SHIVAMILLS,2026-09-28,58.51,60.55,551,450,81.67,0.33,18
HILINFRA,2026-09-28,42.86,42.61,55580,45381,81.65,23.66,592
NOIDATOLL,2026-09-28,3.96,3.58,324907,265261,81.64,12.05,673
VAISHALI,2026-09-28,8.62,8.5,67874,55269,81.43,5.8,242
DYNPRO,2026-09-28,229.22,224.7,12296,9994,81.28,28.09,290
GLFL,2026-09-28,5.12,5.02,18096,14708,81.28,0.92,36
SICAGEN,2026-09-28,53.13,52.12,5699,4631,81.26,2.98,111
BIOFILCHEM,2026-09-28,32.44,31.51,7424,6028,81.2,2.37,140
PROZONER,2026-09-28,56.75,56.26,940009,762777,81.15,531.9,3519
MODTHREAD,2026-09-28,47.32,47.75,843,684,81.14,0.39,36
HARRMALAYA,2026-09-28,172.59,167.9,8098,6566,81.08,13.8,351
TOYAMSL,2026-09-28,0.81,0.77,1282866,1040023,81.07,10.05,446
VLEGOV,2026-09-28,10.59,10.34,36569,29638,81.05,3.81,323
CARERATING,2026-09-28,1627.6,1628.4,46655,37814,81.05,758.1,3540
MAGNUM,2026-09-28,19.02,18.88,8647,6997,80.92,1.64,102
SHIVATEX,2026-09-28,167.73,165.91,1718,1390,80.91,2.9,42
BLIL,2026-09-28,66.61,65.56,83265,67297,80.82,54.98,1525
BANSWRAS,2026-09-28,108.73,107.62,12765,10316,80.81,13.79,348
NITTAGELA,2026-09-28,1699.9,1718.2,3566,2877,80.68,61.17,655
SADBHAV,2026-09-28,7.46,7.19,251664,203009,80.67,18.35,472
HLVLTD,2026-09-28,6.53,6.37,139134,112217,80.65,8.84,563
GSS,2026-09-28,10.72,10.26,61622,49667,80.6,6.36,328
AKG,2026-09-28,9.59,9.76,7832,6301,80.45,0.77,62
SUNCLAY,2026-09-28,1236.7,1229.9,14053,11305,80.45,172.92,432
RAJPALAYAM,2026-09-28,761.75,758.05,732,587,80.19,5.58,53
ACGL,2026-09-28,1737.8,1695.9,686,550,80.17,11.73,147
APOLSINHOT,2026-09-28,1202.4,1172.9,889,710,79.87,10.51,130
SAGCEM,2026-09-28,152.64,149.64,38616,30803,79.77,57.99,738
GOODYEAR,2026-09-28,707.8,704.05,4060,3238,79.75,28.56,593
BEEKAY,2026-09-28,430.15,434.4,607,484,79.74,2.6,99
SUPERHOUSE,2026-09-28,164.71,160.77,3797,3027,79.72,6.12,159
ANTGRAPHIC,2026-09-28,0.71,0.69,419043,333960,79.7,2.94,242
SOMATEX,2026-09-28,80.04,80.35,4765,3797,79.69,3.82,89
PRAXIS,2026-09-28,4.67,4.84,133429,106249,79.63,6.46,244
CINEVISTA,2026-09-28,14.04,13.82,7165,5691,79.43,0.99,71
NILAINFRA,2026-09-28,6.87,6.83,97149,77145,79.41,6.7,491
LOYALTEX,2026-09-28,222.19,211.73,777,617,79.41,1.63,73
ASTAR,2026-09-28,698.7,708.8,484,384,79.34,3.42,72
LOTUSCHO,2026-09-28,556.6,564.2,2604,2065,79.3,14.64,197
MSPL,2026-09-28,33.73,32.99,986058,781732,79.28,325.87,2357
BMWVENTLTD,2026-09-28,52.17,51.4,108031,85631,79.27,55.73,967
COMPUSOFT,2026-09-28,13.19,13.1,16494,13069,79.23,2.15,183
PANSARI,2026-09-28,289.95,289.0,721,571,79.2,2.07,16
WATERBASE,2026-09-28,45.43,44.56,21954,17388,79.2,9.88,272
DEVX,2026-09-28,35.97,36.13,124018,98210,79.19,44.62,1000
ALLTIME,2026-09-28,201.01,197.91,443590,350883,79.1,875.51,4497
TNTELE,2026-09-28,9.91,11.89,172414,136283,79.04,19.86,636
AGROPHOS,2026-09-28,24.2,23.95,6408,5065,79.04,1.53,92
SESHAPAPER,2026-09-28,246.27,242.23,12802,10114,79.0,31.1,502
THEJO,2026-09-28,2185.0,2146.5,4516,3558,78.79,97.37,495
ARTNIRMAN,2026-09-28,39.97,38.3,1527,1203,78.78,0.58,26
SHBAJRG,2026-09-28,165.32,169.72,12576,9906,78.77,21.3,447
HINDADH,2026-09-28,386.3,384.45,1375,1083,78.76,5.3,77
MURUDCERA,2026-09-28,28.89,28.12,19366,15250,78.75,5.46,218
HAVISHA,2026-09-28,1.38,1.38,103466,81460,78.73,1.47,232
RUSHIL,2026-09-28,16.1,15.96,182263,143471,78.72,29.17,434
INDTERRAIN,2026-09-28,29.93,29.49,15907,12503,78.6,4.75,101
SPENCERS,2026-09-28,28.07,27.41,17383,13655,78.55,4.81,315
ZENITHSTL,2026-09-28,5.26,5.17,50666,39759,78.47,2.63,224
MKPL,2026-09-28,4.03,3.97,114270,89555,78.37,4.53,422
VLSFINANCE,2026-09-28,239.74,237.4,2385,1869,78.36,5.66,161
SHREERAMA,2026-09-28,45.04,43.39,46907,36726,78.3,20.56,626
GOKEX,2026-09-28,689.6,671.85,627253,490453,78.19,4257.38,14830
ASHIMASYN,2026-09-28,15.96,15.85,37541,29341,78.16,5.96,217
DUCON,2026-09-28,1.56,1.49,4333245,3385803,78.14,65.02,699
BSHSL,2026-09-28,86.9,84.99,3780,2952,78.1,3.21,96
VISHAL,2026-09-28,18.03,17.86,34187,26689,78.07,6.14,212
PRISMX,2026-09-28,0.52,0.53,168482,131518,78.06,0.9,137
SHIVAMAUTO,2026-09-28,17.37,17.22,34830,27174,78.02,6.01,254
GENUSPAPER,2026-09-28,10.83,10.11,504571,393636,78.01,52.8,952
GLOBALVECT,2026-09-28,134.06,135.44,1837,1433,78.01,2.49,135
NIRAJ,2026-09-28,28.11,27.9,7949,6201,78.01,2.24,68
NAGREEKEXP,2026-09-28,23.47,22.31,19605,15284,77.96,4.44,240
MASFIN,2026-09-28,282.75,279.1,218436,170114,77.88,613.17,6166
JENBURPH,2026-09-28,948.0,926.1,1732,1346,77.71,16.1,199
SADBHIN,2026-09-28,2.65,2.57,108546,84314,77.68,2.79,223
SUNDROP,2026-09-28,745.75,740.2,20187,15665,77.6,150.04,762
BCONCEPTS,2026-09-28,148.16,146.02,22888,17751,77.56,33.13,687
LEMERITE,2026-09-28,21.06,20.01,238132,184671,77.55,48.19,531
BBTCL,2026-09-28,229.02,228.12,2716,2106,77.54,6.21,111
JAIPURKURT,2026-09-28,25.13,25.48,15579,12077,77.52,3.93,166
DELTAMAGNT,2026-09-28,57.16,55.87,983,761,77.42,0.56,72
GAYAHWS,2026-09-28,1.85,1.84,191409,148125,77.39,3.54,328
BROOKS,2026-09-28,59.01,56.55,58423,45170,77.32,33.5,762
SPCENET,2026-09-28,3.35,3.29,330820,255580,77.26,10.87,399
AVONMORE,2026-09-28,13.34,12.66,251368,194160,77.24,32.55,549
VINEETLAB,2026-09-28,34.85,35.33,51893,40059,77.2,18.15,265
JINDALPHOT,2026-09-28,1058.4,1051.0,1678,1295,77.18,17.66,140
NAGREEKCAP,2026-09-28,28.06,26.32,5962,4597,77.1,1.6,134
AMNPLST,2026-09-28,163.15,166.82,5146,3966,77.07,8.62,180
ONEGLOBAL,2026-09-28,538.75,544.95,11427,8799,77.0,62.66,1018
TGBHOTELS,2026-09-28,9.58,9.16,71505,55030,76.96,6.69,130
ANIKINDS,2026-09-28,43.28,43.03,3018,2320,76.87,1.3,129
REGENCERAM,2026-09-28,33.39,32.64,899,691,76.86,0.3,66
SOFTTECH,2026-09-28,479.8,495.0,2982,2292,76.86,14.76,263
FOODSIN,2026-09-28,52.97,52.83,46599,35806,76.84,24.61,458
COFFEEDAY,2026-09-28,30.29,29.92,655665,503458,76.79,197.14,1601
ISHANCH,2026-09-28,50.22,50.07,4229,3242,76.66,2.1,148
KICL,2026-09-28,5009.5,4869.5,766,587,76.63,37.52,181
DECCANCE,2026-09-28,553.55,542.55,5876,4501,76.6,32.09,309
STCINDIA,2026-09-28,109.35,106.91,12115,9280,76.6,13.03,420
SGL,2026-09-28,9.03,9.12,10634,8145,76.59,0.98,171
LKPSEC,2026-09-28,15.02,13.76,48874,37417,76.56,6.88,269
ASMS,2026-09-28,6.38,6.33,188836,144373,76.45,11.95,708
ODIGMA,2026-09-28,21.0,20.87,14090,10765,76.4,2.94,298
SAGARDEEP,2026-09-28,23.19,23.29,8880,6781,76.36,2.06,87
BIMETAL,2026-09-28,648.0,640.15,664,507,76.36,4.27,105
DCMFINSERV,2026-09-28,5.02,5.06,3712,2833,76.32,0.19,145
ROHLTD,2026-09-28,308.6,299.05,24609,18775,76.29,73.39,911
PACIFICI,2026-09-28,141.94,135.14,215,164,76.28,0.3,10
ALPA,2026-09-28,59.1,59.21,9658,7359,76.2,5.72,131
PILANIINVS,2026-09-28,4015.0,3997.5,1441,1098,76.2,57.38,282
ENKEIWHEL,2026-09-28,388.2,392.85,2266,1726,76.17,8.87,82
SUNRAKSHAK,2026-09-28,366.2,359.65,8487,6457,76.08,30.68,638
SNOWMAN,2026-09-28,34.91,35.09,212441,161493,76.02,73.76,1170
PRAENG,2026-09-28,23.7,22.86,47958,36441,75.99,11.25,361
MADHAV,2026-09-28,35.77,35.82,3862,2934,75.97,1.35,90
LOVABLE,2026-09-28,69.68,70.21,14532,11037,75.95,10.29,370
SAHYADRI,2026-09-28,362.6,351.3,5276,4006,75.93,18.71,360
WSI,2026-09-28,55.94,55.7,14401,10934,75.93,7.93,370
INNOVISION,2026-09-28,253.65,251.7,8385,6366,75.92,21.16,328
MANAKALUCO,2026-09-28,35.63,34.39,47731,36196,75.83,16.6,775
IVC,2026-09-28,7.8,7.81,99891,75667,75.75,7.8,1075
MARATHON,2026-09-28,411.7,392.8,75974,57524,75.72,303.18,1891
ATLASCYCLE,2026-09-28,94.32,91.43,10881,8236,75.69,10.01,324
JMA,2026-09-28,88.19,87.81,8631,6527,75.62,7.56,288
EFCIL,2026-09-28,179.74,175.24,113635,85869,75.57,200.83,1952
RAJSREESUG,2026-09-28,31.81,30.84,81728,61739,75.54,25.8,701
TRU,2026-09-28,4.2,4.11,69501,52501,75.54,2.88,209
MAKERSL,2026-09-28,188.4,181.13,1042,787,75.53,1.92,155
KOKUYOCMLN,2026-09-28,76.03,74.64,25382,19152,75.46,19.04,577
AARON,2026-09-28,124.11,121.62,10414,7856,75.44,12.72,359
GHCL,2026-09-28,419.8,410.6,101368,76472,75.44,418.58,3520
NAHARSPING,2026-09-28,269.95,267.3,9962,7515,75.44,26.68,382
DRCSYSTEMS,2026-09-28,12.69,12.52,32354,24406,75.43,4.08,249
CIFL,2026-09-28,22.04,21.73,168663,127114,75.37,36.76,972
BOHRAIND,2026-09-28,15.97,15.79,22069,16631,75.36,3.44,71
ORIENTCER,2026-09-28,47.8,45.86,141474,106472,75.26,66.01,1375
CCHHL,2026-09-28,13.14,12.83,23613,17760,75.21,3.09,214
MAHAPEXLTD,2026-09-28,51.58,51.08,12763,9593,75.16,6.55,126
ARENTERP,2026-09-28,34.7,32.67,932,700,75.11,0.32,43
SVLL,2026-09-28,834.7,821.35,1758,1318,74.97,14.56,102
DRAGARWQ,2026-09-28,5209.0,5186.5,1182,886,74.96,61.37,432
HINDALUMI,2026-09-28,92.43,91.43,2523,1891,74.95,2.3,246
ELPROINTL,2026-09-28,171.8,172.52,9798,7339,74.9,16.9,190
MCLEODRUSS,2026-09-28,43.08,43.67,684216,512044,74.84,304.5,1232
DOMS,2026-09-28,2083.0,2046.5,31057,23193,74.68,639.61,3733
HINDCOMPOS,2026-09-28,387.35,379.2,2199,1642,74.67,8.44,188
SECURKLOUD,2026-09-28,17.1,17.14,26065,19460,74.66,4.46,148
OSWALGREEN,2026-09-28,19.99,19.57,40660,30334,74.6,7.99,564
ZFSTEERING,2026-09-28,750.85,729.7,2404,1792,74.54,17.65,236
INVENTURE,2026-09-28,0.87,0.87,466988,348060,74.53,4.09,394
BANKA,2026-09-28,73.42,73.09,1103,822,74.52,0.8,46
BALMLAWRIE,2026-09-28,164.16,162.48,52440,39063,74.49,85.37,1489
BIL,2026-09-28,1010.85,1001.2,3150,2345,74.44,31.58,345
GKB,2026-09-28,68.54,65.37,5197,3868,74.43,3.41,101
VIPCLOTHNG,2026-09-28,21.63,21.09,17110,12735,74.43,3.66,136
DVL,2026-09-28,289.75,281.9,9785,7281,74.41,27.69,353
FMNL,2026-09-28,8.0,7.94,24976,18576,74.38,1.98,101
ORIENTALTL,2026-09-28,4.99,4.94,49554,36782,74.23,2.46,264
WILLAMAGOR,2026-09-28,22.44,22.11,2385,1770,74.21,0.53,48
EASTWEST,2026-09-28,2.4,2.29,38866,28840,74.2,0.9,128
PODDARMENT,2026-09-28,271.4,257.8,8918,6613,74.15,23.55,207
CAPITALSFB,2026-09-28,282.75,280.2,23105,17131,74.14,64.6,623
STEELCITY,2026-09-28,80.82,81.88,5130,3803,74.13,4.18,147
MAHEPC,2026-09-28,99.02,97.06,23079,17103,74.11,22.49,607
ONIDA,2026-09-28,33.68,32.0,437351,323959,74.07,141.97,1818
AMBICAAGAR,2026-09-28,25.22,24.88,6057,4486,74.06,1.5,110
BALKRISHNA,2026-09-28,16.0,16.44,15267,11307,74.06,2.56,75
JAYSREETEA,2026-09-28,89.37,86.83,12776,9458,74.03,11.19,471
KSE,2026-09-28,180.76,179.32,7569,5602,74.01,13.57,428
NIRLON,2026-09-28,605.1,608.0,2031,1502,73.95,12.31,235
MOKSH,2026-09-28,9.92,9.8,70877,52388,73.91,6.92,280
ATLANTAA,2026-09-28,35.73,35.32,15329,11326,73.89,5.44,169
KRITI,2026-09-28,61.21,60.27,4194,3098,73.87,2.53,134
VSTL,2026-09-28,113.76,111.23,5590,4129,73.86,6.26,314
ACL,2026-09-28,42.63,39.94,67332,49641,73.73,27.14,810
AIRAN,2026-09-28,17.03,16.69,93046,68591,73.72,15.53,354
IIFLCAPS,2026-09-28,346.7,343.7,741465,545714,73.6,2556.79,13885
LAGNAM,2026-09-28,74.99,73.02,1174,864,73.59,0.86,60
ENERGYDEV,2026-09-28,15.25,14.83,11168,8219,73.59,1.66,251
CPCAP,2026-09-28,153.93,150.22,40031,29445,73.56,61.01,763
AARVI,2026-09-28,136.91,135.74,5827,4283,73.5,7.92,244
RADIOCITY,2026-09-28,6.05,5.99,16625,12220,73.5,0.99,149
THEINVEST,2026-09-28,93.86,92.37,5037,3702,73.5,4.65,147
AVROIND,2026-09-28,6.89,6.94,131463,96609,73.49,9.12,495
BLUECOAST,2026-09-28,21.06,21.99,4693,3448,73.47,1.01,43
NDL,2026-09-28,2.61,2.67,980887,719929,73.4,26.22,1538
BEARDSELL,2026-09-28,24.47,24.58,23415,17184,73.39,5.81,280
AROGRANITE,2026-09-28,24.14,23.12,1956,1434,73.31,0.46,56
RADAAN,2026-09-28,2.99,3.02,84822,62119,73.23,2.55,184
ASIANPAINT,2026-09-28,2444.0,2420.0,1097754,803527,73.2,26595.22,48372
MONARCH,2026-09-28,362.75,350.1,66457,48595,73.12,233.93,2025
TFL,2026-09-28,11.76,11.67,754,551,73.08,0.09,18
ECORECO,2026-09-28,418.8,404.8,16026,11703,73.03,65.62,1358
KREBSBIO,2026-09-28,56.94,57.58,3026,2207,72.93,1.75,67
DABUR,2026-09-28,385.6,385.75,2851715,2079717,72.93,10972.16,22408
MALLCOM,2026-09-28,946.85,937.9,2381,1735,72.87,22.49,234
BHAGCHEM,2026-09-28,245.6,241.1,63546,46284,72.84,153.53,1187
SHRIKRISH,2026-09-28,35.89,35.2,4271,3108,72.77,1.55,79
VMSTMT,2026-09-28,46.48,48.25,64007,46572,72.76,30.47,955
DBEIL,2026-09-28,6.63,6.54,285211,207372,72.71,18.84,637
SHAH,2026-09-28,3.22,3.18,630279,457963,72.66,20.13,621
RAINBOW,2026-09-28,1374.2,1372.6,145801,105916,72.64,1998.59,12464
KOTIC,2026-09-28,150.41,151.06,19828,14403,72.64,30.0,544
INFOMEDIA,2026-09-28,5.31,5.17,5470,3973,72.63,0.29,36
BUILDPRO,2026-09-28,1276.1,1256.7,69122,50197,72.62,877.77,5574
GATEWAY,2026-09-28,52.5,51.88,668223,484585,72.52,347.47,6448
AURUS,2026-09-28,4.65,4.58,5536,4009,72.42,0.25,208
AURUM,2026-09-28,222.45,218.95,63133,45701,72.39,138.29,1011
PHOENXINTL,2026-09-28,28.68,29.3,10285,7432,72.26,3.01,162
NITIRAJ,2026-09-28,217.84,218.87,793,573,72.26,1.73,46
SBGLP,2026-09-28,23.55,23.67,17722,12804,72.25,4.14,214
NCLIND,2026-09-28,179.26,175.81,27646,19963,72.21,48.93,568
LINCOLN,2026-09-28,591.0,581.85,20643,14894,72.15,120.52,1428
UGROCAP,2026-09-28,82.02,80.29,232002,167394,72.15,187.56,4942
MLKFOOD,2026-09-28,82.56,83.65,6562,4734,72.14,5.43,205
NARMADA,2026-09-28,13.37,13.05,402616,290415,72.13,52.79,1236
ADROITINFO,2026-09-28,13.18,13.51,230079,165852,72.08,31.43,1018
PERMAGN,2026-09-28,852.45,825.7,2240,1613,72.01,18.62,239
RUCHINFRA,2026-09-28,5.09,5.09,62490,44946,71.93,3.18,188
SIGNPOST,2026-09-28,271.2,264.4,38998,28031,71.88,103.57,1184
NGIL,2026-09-28,39.5,41.2,43153,31016,71.87,17.76,182
BALAXI,2026-09-28,22.82,22.39,48102,34556,71.84,10.74,357
RETAIL,2026-09-28,20.06,24.07,125527,90071,71.75,29.7,216
RSSOFTWARE,2026-09-28,30.56,30.85,7956,5707,71.73,2.45,172
HUBTOWN,2026-09-28,171.67,167.87,737104,528517,71.7,1240.63,5176
RUDRA,2026-09-28,19.45,18.55,39079,27984,71.61,7.37,238
VASWANI,2026-09-28,45.35,44.62,22598,16181,71.6,10.06,235
GFLLIMITED,2026-09-28,57.29,55.99,56194,40223,71.58,31.79,892
VGL,2026-09-28,67.28,64.26,82614,59118,71.56,54.01,1092
BIGBLOC,2026-09-28,40.01,39.37,27505,19679,71.55,10.83,727
TAINWALCHM,2026-09-28,209.2,206.26,2793,1998,71.54,5.81,95
SAMPANN,2026-09-28,24.56,24.29,12206,8730,71.52,2.98,134
JAYAGROGN,2026-09-28,234.84,230.42,8571,6128,71.5,19.76,319
CENTRUM,2026-09-28,21.24,20.85,179927,128585,71.47,37.63,655
ELCIDIN,2026-09-28,103800.0,103500.0,7,5,71.43,7.32,7
SHIVAUM,2026-09-28,510.15,544.2,27387,19562,71.43,144.43,364
AUSTENG,2026-09-28,161.78,159.23,6432,4587,71.32,10.42,248
SEKURITIND,2026-09-28,111.93,108.12,24682,17601,71.31,27.03,703
SMARTWORKS,2026-09-28,529.9,511.65,43089,30670,71.18,222.14,1587
ROSSELLIND,2026-09-28,51.63,51.18,13497,9589,71.05,6.95,401
SUNSHIEL,2026-09-28,1132.4,1113.5,3467,2462,71.01,38.96,381
RAMKY,2026-09-28,312.15,306.25,23372,16588,70.97,71.91,1234
RELCHEMQ,2026-09-28,118.22,115.51,2471,1753,70.94,2.91,121
KARMAENG,2026-09-28,38.97,39.14,1640,1163,70.91,0.64,33
HINDWAREAP,2026-09-28,173.68,170.34,108436,76851,70.87,184.87,3592
VENTIVE,2026-09-28,565.05,558.9,29803,21117,70.86,166.91,1300
ESSARSHPNG,2026-09-28,16.12,15.63,94107,66684,70.86,14.94,634
WONDERLA,2026-09-28,510.15,505.55,48343,34248,70.84,245.17,2291
PRAVEG,2026-09-28,259.25,249.5,30804,21807,70.79,77.52,1086
SGLRES,2026-09-28,2.39,2.35,56530,40011,70.78,1.31,108
TORNTPHARM,2026-09-28,4988.5,4869.0,402847,285004,70.75,19718.62,29411
MATRIMONY,2026-09-28,535.4,521.35,8006,5660,70.7,41.98,406
GILLANDERS,2026-09-28,108.69,107.38,16194,11443,70.66,17.77,181
UMESLTD,2026-09-28,4.55,4.59,17026,12004,70.5,0.79,85
SKFINDUS,2026-09-28,2918.0,2881.7,38212,26932,70.48,1104.94,4463
GEMAROMA,2026-09-28,158.93,156.62,47663,33585,70.46,75.04,1074
NATIONSTD,2026-09-28,116.15,114.48,11712,8248,70.42,13.52,501
THYROCARE,2026-09-28,566.85,548.3,475888,335021,70.4,2630.3,18009
LANCER,2026-09-28,11.62,11.62,198626,139629,70.3,22.98,731
GLAND,2026-09-28,2917.2,2896.0,223663,156998,70.19,6484.97,21883
HILTON,2026-09-28,16.85,16.78,79606,55864,70.18,13.36,414
CROWN,2026-09-28,119.36,113.72,24588,17254,70.17,28.28,552
JPOLYINVST,2026-09-28,957.05,911.5,11519,8083,70.17,106.58,1031
PRUDMOULI,2026-09-28,13.93,13.93,7408,5197,70.15,1.02,42
KRITINUT,2026-09-28,77.49,75.54,46060,32311,70.15,35.11,521
FINEORG,2026-09-28,5083.0,5124.0,36014,25238,70.08,1837.33,6961
NIBL,2026-09-28,32.65,31.65,7324,5132,70.07,2.33,184
VINYLINDIA,2026-09-28,219.85,218.59,8544,5986,70.06,18.72,351
MODINATUR,2026-09-28,338.7,338.6,1101,771,70.03,3.75,128
ALLDIGI,2026-09-28,776.95,775.9,5655,3953,69.9,43.95,556
HLEGLAS,2026-09-28,441.1,419.35,171932,120063,69.83,727.02,4857
NAHARINDUS,2026-09-28,132.9,127.47,13767,9612,69.82,17.83,388
AFIL,2026-09-28,8.04,7.89,419547,292906,69.81,33.25,830
JKLAKSHMI,2026-09-28,510.35,494.8,119319,83250,69.77,593.46,7653
STUDDS,2026-09-28,410.0,398.0,50079,34923,69.74,200.99,3766
METROGLOBL,2026-09-28,127.6,130.0,611,426,69.72,0.79,17
ALANKIT,2026-09-28,7.85,7.72,69117,48179,69.71,5.36,508
AGL,2026-09-28,13.73,13.21,1258673,876971,69.67,167.15,3414
HEXATRADEX,2026-09-28,157.35,155.0,1656,1153,69.63,2.6,35
CRESTO,2026-09-28,22.03,23.83,146873,102254,69.62,34.29,802
SHIVAAGRO,2026-09-28,39.5,38.99,3315,2308,69.62,1.26,70
OSWALAGRO,2026-09-28,34.0,33.67,8685,6043,69.58,2.92,133
RELIANCE,2026-09-28,1226.0,1197.6,13602349,9461665,69.56,164025.62,256154
CHOLAHLDNG,2026-09-28,1400.6,1390.4,182371,126837,69.55,2538.49,14029
MANAKCOAT,2026-09-28,129.91,125.54,752268,523186,69.55,947.21,3596
SALASAR,2026-09-28,4.7,4.51,6415030,4460798,69.54,293.63,6265
INDRAMEDCO,2026-09-28,365.7,360.0,211930,147370,69.54,763.72,4728
BONLON,2026-09-28,41.1,40.16,4124,2866,69.5,1.67,77
MINDTECK,2026-09-28,156.55,153.62,22930,15932,69.48,35.5,605
HPAL,2026-09-28,34.96,34.77,22321,15507,69.47,7.77,370
TOLINS,2026-09-28,88.11,86.91,28721,19953,69.47,25.09,982
BAJAJINDEF,2026-09-28,218.09,210.31,22311,15497,69.46,47.44,510
HEXT,2026-09-28,496.7,489.25,168826,117273,69.46,826.93,9557
ENIL,2026-09-28,99.07,96.01,42635,29609,69.45,41.38,585
MMWL,2026-09-28,15.09,14.56,73110,50735,69.4,10.91,365
BAJFINANCE,2026-09-28,996.9,985.0,7707443,5345118,69.35,75604.83,116645
RAJMET,2026-09-28,3.11,3.08,260389,180546,69.34,8.09,759
CONTROLPR,2026-09-28,591.8,599.2,27794,19256,69.28,164.9,1112
RAMANEWS,2026-09-28,31.1,31.11,20198,13987,69.25,6.2,204
CELEBRITY,2026-09-28,6.63,6.68,14854,10283,69.23,0.99,107
NDGL,2026-09-28,2575.6,2509.1,601,416,69.22,15.05,108
CUMMINSIND,2026-09-28,4945.0,4855.0,469449,324615,69.15,22785.44,51552
DHANUKA,2026-09-28,964.35,954.4,29923,20684,69.12,287.29,6499
GANGAFORGE,2026-09-28,1.46,1.4,2988270,2064993,69.1,41.91,1607
NATHBIOGEN,2026-09-28,149.35,144.12,32596,22491,69.0,46.97,888
ASPINWALL,2026-09-28,253.75,247.65,1889,1303,68.98,4.68,59
DEN,2026-09-28,26.38,26.0,297899,205459,68.97,77.59,1267
WELENT,2026-09-28,754.5,749.5,586516,404527,68.97,4354.54,9023
NAHARPOLY,2026-09-28,227.68,221.85,8751,6036,68.97,19.48,296
OPTIFIN,2026-09-28,14.99,14.53,46758,32234,68.94,6.73,222
DALBHARAT,2026-09-28,1700.2,1651.6,91040,62762,68.94,1514.98,14185
ABANSENT,2026-09-28,27.18,26.84,12019,8275,68.85,3.17,265
RALLIS,2026-09-28,200.38,199.42,469010,322733,68.81,937.06,76298
SMLT,2026-09-28,59.35,58.81,6485,4462,68.8,3.87,200
SGIL,2026-09-28,642.5,650.75,7433,5108,68.72,48.41,538
ORIENTHOT,2026-09-28,140.93,138.03,670774,460657,68.68,929.3,3187
FINKURVE,2026-09-28,69.31,69.32,50688,34796,68.65,35.24,748
GTPL,2026-09-28,56.57,54.86,27809,19085,68.63,15.34,464
SARVESHWAR,2026-09-28,3.53,3.49,1786986,1225742,68.59,62.91,2922
RUCHIRA,2026-09-28,104.96,106.92,37463,25683,68.56,39.49,768
VRAJ,2026-09-28,126.24,124.66,15278,10473,68.55,19.36,709
KESORAMIND,2026-09-28,11.57,11.02,516769,353982,68.5,57.28,1116
SURANASOL,2026-09-28,25.3,25.13,16832,11519,68.44,4.24,323
HEALTHX,2026-09-28,288.65,285.15,7226,4942,68.39,20.6,177
BASF,2026-09-28,3539.8,3495.8,16965,11600,68.38,594.64,2501
CANTABIL,2026-09-28,236.75,230.67,118654,81124,68.37,276.49,2517
KECL,2026-09-28,126.17,120.07,115959,79202,68.3,140.02,2460
MITTAL,2026-09-28,0.71,0.71,1274918,870612,68.29,9.17,455
DCMNVL,2026-09-28,179.15,173.11,15180,10362,68.26,26.09,520
PENINLAND,2026-09-28,16.7,15.76,158300,108053,68.26,25.81,834
STEL,2026-09-28,619.3,608.7,4923,3354,68.13,30.24,469
WARDINMOBI,2026-09-28,5.57,5.43,213653,145533,68.12,11.72,939
ACC,2026-09-28,1236.4,1213.5,151619,103283,68.12,1846.11,11093
PGHL,2026-09-28,5406.0,5399.5,9829,6696,68.12,528.76,3054
ICEMAKE,2026-09-28,663.8,648.75,24632,16778,68.11,160.5,1830
SARLAPOLY,2026-09-28,100.29,97.7,33426,22757,68.08,33.11,1080
SCILAL,2026-09-28,37.14,36.9,247980,168696,68.03,91.69,1276
ORTINGLOBE,2026-09-28,15.23,14.65,3622,2464,68.03,0.53,35
MUTHOOTCAP,2026-09-28,226.16,221.17,3472,2361,68.0,7.75,269
GODREJIND,2026-09-28,1105.3,1076.1,124906,84934,68.0,1359.05,7865
AEROPLANE,2026-09-28,209.47,201.09,462373,314358,67.99,941.59,6530
BLACKROSE,2026-09-28,115.82,116.32,101196,68792,67.98,118.9,1262
STARPAPER,2026-09-28,155.06,151.52,2005,1363,67.98,3.06,96
CENTEXT,2026-09-28,18.56,18.14,177362,120533,67.96,32.3,829
BAIDFIN,2026-09-28,10.69,10.61,107527,73080,67.96,11.49,317
AUSOMENT,2026-09-28,143.12,143.89,9510,6463,67.96,13.57,118
SHRIRAMFIN,2026-09-28,994.1,976.3,4953660,3364440,67.92,48371.36,137737
DMART,2026-09-28,3834.2,3803.5,361700,245646,67.91,13755.79,32030
AMJLAND,2026-09-28,37.7,38.05,31976,21708,67.89,12.51,203
ASAHIINDIA,2026-09-28,959.95,933.55,114530,77731,67.87,1076.58,7636
JHS,2026-09-28,8.43,8.81,160235,108758,67.87,13.89,602
SRGHFL,2026-09-28,146.8,140.95,11180,7579,67.79,15.83,209
GRINDWELL,2026-09-28,1972.7,1918.2,23175,15706,67.77,451.16,4030
KIRLFER,2026-09-28,483.2,468.95,44237,29968,67.74,209.43,3009
RANEHOLDIN,2026-09-28,1580.6,1584.4,18617,12608,67.72,293.84,1831
HECPROJECT,2026-09-28,115.48,112.86,6675,4519,67.7,7.58,170
POWERGRID,2026-09-28,269.5,261.85,10278456,6956394,67.68,27236.03,88127
BSL,2026-09-28,120.64,118.49,2824,1909,67.6,3.37,107
HAWKINCOOK,2026-09-28,8047.5,8082.5,31652,21384,67.56,2557.64,861
BYKE,2026-09-28,29.76,29.13,39172,26460,67.55,11.5,276
BLAL,2026-09-28,161.96,160.69,12083,8161,67.54,19.44,286
KOTAKBANK,2026-09-28,404.0,401.55,15062655,10168792,67.51,60209.32,133757
VERTOZ,2026-09-28,36.29,36.17,20615,13908,67.47,7.53,367
IRIS,2026-09-28,235.94,226.57,19084,12870,67.44,43.93,711
TREJHARA,2026-09-28,144.79,139.74,34089,22982,67.42,48.26,754
MEDPLUS,2026-09-28,654.9,653.0,113837,76747,67.42,741.58,6192
NUCLEUS,2026-09-28,679.55,661.5,14417,9719,67.41,95.8,1759
JAIBALAJI,2026-09-28,64.96,63.51,376888,253971,67.39,241.42,2530
HAPPYFORGE,2026-09-28,2063.5,1996.7,77145,51979,67.38,1554.82,13831
LAL,2026-09-28,8.83,8.69,32309,21728,67.25,2.8,163
ORIENTBELL,2026-09-28,407.55,395.7,20723,13929,67.22,82.58,1346
MANAKSIA,2026-09-28,64.11,60.19,52835,35510,67.21,32.18,1113
INDHOTEL,2026-09-28,726.8,711.0,2741065,1841575,67.18,19603.56,50088
SRD,2026-09-28,39.19,39.03,13752,9236,67.16,5.36,226
NESTLEIND,2026-09-28,1362.6,1346.0,702425,471037,67.06,9485.53,44912
AKSHAR,2026-09-28,0.41,0.41,865760,580423,67.04,3.61,222
NECLIFE,2026-09-28,10.84,10.72,76851,51417,66.9,8.25,352
STERTOOLS,2026-09-28,239.46,224.13,50109,33497,66.85,114.49,1845
KIRANVYPAR,2026-09-28,201.15,185.17,12146,8117,66.83,22.73,469
GSFC,2026-09-28,156.8,153.04,683059,456362,66.81,1049.9,7328
ECLERX,2026-09-28,1898.8,1816.2,298542,199366,66.78,5499.89,24066
DICIND,2026-09-28,656.5,637.15,2080,1389,66.78,13.45,156
VISHWARAJ,2026-09-28,5.48,5.4,309490,206452,66.71,16.99,678
BLBLIMITED,2026-09-28,17.1,17.18,62882,41921,66.67,10.84,470
RSWM,2026-09-28,218.34,211.35,45351,30227,66.65,96.43,1450
MFML,2026-09-28,18.75,18.46,5644,3762,66.65,1.03,117
BCPL,2026-09-28,67.7,67.98,9402,6266,66.65,6.45,262
5PAISA,2026-09-28,308.9,305.15,14996,9991,66.62,45.97,1438
LATTEYS,2026-09-28,20.67,20.75,60947,40582,66.59,12.64,287
GREENPLY,2026-09-28,287.25,279.75,252334,167877,66.53,708.9,6897
SHYAMTEL,2026-09-28,11.07,11.16,3289,2188,66.52,0.36,28
ECOSMOBLTY,2026-09-28,108.42,106.36,83709,55670,66.5,90.07,1749
MHRIL,2026-09-28,200.0,195.92,201611,134073,66.5,395.1,7153
SUMMITSEC,2026-09-28,1384.3,1337.4,9444,6277,66.47,127.74,976
ADVENZYMES,2026-09-28,291.15,283.15,177014,117562,66.41,506.36,5231
APOLLOHOSP,2026-09-28,8889.0,8860.0,429429,284944,66.35,38052.19,55787
PUNJABCHEM,2026-09-28,1077.6,1054.6,4987,3308,66.33,52.93,534
DOLLAR,2026-09-28,270.45,269.5,46477,30823,66.32,124.97,1706
BRITANNIA,2026-09-28,4937.5,4915.0,305787,202745,66.3,14966.21,23163
VALIANTORG,2026-09-28,410.45,397.75,33242,22040,66.3,132.97,877
IBULLSLTD,2026-09-28,29.83,28.9,15268932,10122078,66.29,4439.45,20412
GILLETTE,2026-09-28,7072.0,6925.5,10574,7008,66.28,736.09,3753
BRNL,2026-09-28,16.69,16.43,17173,11380,66.27,2.84,213
PATINTLOG,2026-09-28,13.59,13.15,298634,197915,66.27,40.48,1169
SUMICHEM,2026-09-28,446.35,433.75,221463,146742,66.26,964.38,12182
A2ZINFRA,2026-09-28,14.72,14.66,105726,70030,66.24,15.52,358
GROBTEA,2026-09-28,894.35,919.1,139,92,66.19,1.26,21
JUNIPER,2026-09-28,216.29,214.76,125660,83132,66.16,269.55,2223
SURAJEST,2026-09-28,221.75,217.27,49657,32853,66.16,108.31,1228
NOVAAGRI,2026-09-28,22.9,22.48,39405,26068,66.15,8.9,395
UNIENTER,2026-09-28,90.1,89.07,4648,3074,66.14,4.18,101
GPTHEALTH,2026-09-28,161.27,156.1,156359,103265,66.04,244.79,2443
SECMARK,2026-09-28,137.12,141.28,1009,666,66.01,1.42,37
SAKUMA,2026-09-28,1.67,1.61,863913,570010,65.98,14.0,979
LAXMICOT,2026-09-28,13.31,13.25,8426,5557,65.95,1.11,65
COSMOFIRST,2026-09-28,849.4,842.75,56362,37145,65.9,475.84,2950
PVP,2026-09-28,61.94,58.85,1150587,758047,65.88,678.02,1957
IFBAGRO,2026-09-28,858.6,844.0,1262,831,65.85,10.72,203
JKIL,2026-09-28,473.55,461.25,42047,27686,65.85,195.59,2639
AVANCE,2026-09-28,0.81,0.86,12166050,8008852,65.83,103.77,1934
ARIHANTSUP,2026-09-28,242.7,236.25,8552,5628,65.81,20.39,240
SAURASHCEM,2026-09-28,55.72,53.35,135998,89463,65.78,74.56,1772
METROBRAND,2026-09-28,882.0,875.15,24456,16079,65.75,213.23,4319
ERIS,2026-09-28,1258.9,1236.3,31386,20633,65.74,388.61,6468
NINSYS,2026-09-28,708.75,706.15,2130,1400,65.73,15.12,242
INDOMIM,2026-09-28,1275.95,1227.6,1251529,822287,65.7,15551.79,52529
M&M,2026-09-28,3035.0,2995.0,2078624,1365246,65.68,62210.21,99079
SPMLINFRA,2026-09-28,165.86,161.42,114032,74888,65.67,184.71,1843
SPIC,2026-09-28,64.73,62.75,333575,218931,65.63,211.56,3274
URJA,2026-09-28,8.95,8.75,647638,424933,65.61,56.49,2764
RRIL,2026-09-28,16.01,15.66,17719,11624,65.6,2.78,111
HAL,2026-09-28,4800.0,4738.0,810334,530977,65.53,38462.92,43491
TITAN,2026-09-28,4884.0,4819.5,632938,414613,65.51,30543.64,61106
SUKHJITS,2026-09-28,159.86,157.1,8219,5382,65.48,13.04,215
SEPC,2026-09-28,5.12,4.96,8906290,5830663,65.47,446.12,6013
ZODIAC,2026-09-28,223.04,219.2,7976,5216,65.4,17.63,651
CARRARO,2026-09-28,535.0,523.7,62260,40720,65.4,328.08,9015
HEADSUP,2026-09-28,6.65,6.61,16060,10500,65.38,1.05,209
CMRGREEN,2026-09-28,224.49,221.77,324806,212360,65.38,716.35,10466
ORICONENT,2026-09-28,51.4,52.36,72719,47470,65.28,37.73,893
NILE,2026-09-28,1369.7,1279.4,11133,7266,65.27,144.72,1704
ANSALBU,2026-09-28,94.69,90.38,3846,2510,65.26,3.52,73
PRAKASH,2026-09-28,118.81,115.68,596566,389099,65.22,693.07,4555
SEIL,2026-09-28,191.94,190.06,129601,84501,65.2,245.63,1312
USK,2026-09-28,19.86,19.31,40086,26099,65.11,7.72,415
FCSSOFT,2026-09-28,1.46,1.4,3422073,2228239,65.11,49.42,2146
ASHOKAMET,2026-09-28,15.67,15.37,23628,15376,65.08,3.68,195
ALBERTDAVD,2026-09-28,873.8,846.95,2950,1920,65.08,25.21,363
BHARTIARTL,2026-09-28,1785.4,1771.4,4683537,3045809,65.03,83091.25,147662
KRSNAA,2026-09-28,548.45,534.05,66624,43318,65.02,357.4,2709
GNRL,2026-09-28,100.18,98.46,1631909,1060697,65.0,1628.65,9594
SHREYANIND,2026-09-28,130.15,129.0,2208,1435,64.99,2.86,55
ARCHIDPLY,2026-09-28,106.26,102.76,25618,16622,64.88,26.57,526
ICRA,2026-09-28,4377.9,4310.4,20932,13580,64.88,905.72,5259
SHANKARA,2026-09-28,132.98,127.34,36443,23636,64.86,46.65,1404
AAREYDRUGS,2026-09-28,101.57,99.53,50771,32911,64.82,50.78,633
IXIGO,2026-09-28,156.8,155.08,770370,499347,64.82,1192.72,10762
NITCO,2026-09-28,87.96,84.61,247437,160290,64.78,211.15,1968
VGCL,2026-09-28,47.89,46.58,1321,854,64.65,0.63,34
BAJAJHLDNG,2026-09-28,10940.0,10800.0,31440,20309,64.6,3405.13,7789
CESC,2026-09-28,139.86,136.18,1339169,863558,64.48,1833.58,24176
AAATECH,2026-09-28,101.5,99.53,66484,42849,64.45,66.3,2126
TARC,2026-09-28,129.36,126.53,214141,137978,64.43,272.17,3374
BBL,2026-09-28,2162.9,2112.2,14765,9511,64.42,314.6,2459
INSECTICID,2026-09-28,602.5,598.35,6315,4067,64.4,37.77,684
PIGL,2026-09-28,100.47,96.0,102154,65785,64.4,99.44,1568
MEGASTAR,2026-09-28,253.6,248.3,2277,1466,64.38,5.58,193
PAKKA,2026-09-28,75.06,73.77,82400,53044,64.37,60.63,2285
RITCO,2026-09-28,285.7,277.2,62156,39995,64.35,173.64,1640
DIAMONDYD,2026-09-28,1071.0,1066.2,19609,12614,64.33,207.41,1240
DENORA,2026-09-28,766.5,738.0,8879,5710,64.31,66.88,1083
SUNPHARMA,2026-09-28,1852.2,1838.0,947719,609524,64.31,17518.27,56198
HUHTAMAKI,2026-09-28,243.25,234.2,93608,60149,64.26,221.29,3275
HGS,2026-09-28,376.6,372.35,8424,5413,64.26,31.4,692
HINDUNILVR,2026-09-28,1942.9,1896.0,1852879,1189853,64.22,35284.51,79320
DEEPAKNTR,2026-09-28,1587.1,1550.8,100481,64492,64.18,1566.17,8899
PIONEEREMB,2026-09-28,21.35,21.15,2199,1411,64.17,0.47,45
SEJALLTD,2026-09-28,682.7,664.6,5054,3242,64.15,33.88,491
CHEMFAB,2026-09-28,352.65,340.55,4883,3132,64.14,16.79,321
EICHERMOT,2026-09-28,7360.0,7213.5,423079,271217,64.11,30627.61,35218
MARALOVER,2026-09-28,58.61,59.37,18325,11734,64.03,10.98,241
MCL,2026-09-28,59.36,58.6,27578,17653,64.01,16.21,995
ONWARDTEC,2026-09-28,287.65,285.0,9257,5921,63.96,26.42,414
WEL,2026-09-28,74.62,73.72,182719,116854,63.95,134.9,1398
CHEMBOND,2026-09-28,191.99,189.43,9431,6029,63.93,18.06,371
REPCOHOME,2026-09-28,347.7,346.75,82568,52779,63.92,283.93,2607
NAVINFLUOR,2026-09-28,8584.5,8432.5,44157,28216,63.9,3730.54,12723
APCOTEXIND,2026-09-28,599.4,586.0,68000,43419,63.85,400.29,4007
DANGEE,2026-09-28,3.26,2.94,526284,335919,63.83,16.17,556
VIKRAMSOLR,2026-09-28,160.31,160.08,1535887,979432,63.77,2461.66,8676
TIGERLOGS,2026-09-28,26.33,26.4,80603,51371,63.73,21.47,792
LIBAS,2026-09-28,12.38,11.47,196682,125328,63.72,22.95,475
SBIFUNDS,2026-09-28,531.15,522.9,837580,533744,63.72,4391.4,42280
ATL,2026-09-28,25.6,24.85,101125,64372,63.66,25.41,977
BALAJEE,2026-09-28,25.57,25.25,13039,8296,63.62,3.28,167
VRLLOG,2026-09-28,289.7,287.0,128046,81461,63.62,367.3,3380
SINCLAIR,2026-09-28,78.96,78.47,10223,6498,63.56,8.04,242
JAGRAN,2026-09-28,62.65,62.05,125821,79945,63.54,78.22,1634
SURYAROSNI,2026-09-28,227.45,220.1,511823,325095,63.52,1136.72,6710
IPCALAB,2026-09-28,1970.8,1919.3,170123,108038,63.51,3279.88,28086
AHLADA,2026-09-28,39.16,38.57,2238,1421,63.49,0.86,103
SAYAJIIND,2026-09-28,120.0,116.09,1116,708,63.44,1.34,30
SKFINDIA,2026-09-28,1539.8,1511.8,38728,24558,63.41,587.67,7145
CRAFTSMAN,2026-09-28,10735.0,10534.0,49460,31357,63.4,5201.24,20448
UNOMINDA,2026-09-28,1218.0,1173.0,605484,383787,63.39,7191.79,27097
TRF,2026-09-28,215.65,207.55,34440,21828,63.38,72.64,735
PNCINFRA,2026-09-28,135.45,131.26,1951752,1236179,63.34,2580.49,30527
SILINV,2026-09-28,452.95,444.7,2338,1481,63.34,10.38,78
ZSARACOM,2026-09-28,10307.0,10008.0,30,19,63.33,3.0,23
BHARTIHEXA,2026-09-28,1481.8,1426.5,85873,54387,63.33,1238.41,11088
EUROPRATIK,2026-09-28,213.15,206.4,99249,62848,63.32,205.99,2972
KHAITANLTD,2026-09-28,146.01,146.69,605,383,63.31,0.88,23
VMM,2026-09-28,103.5,100.81,9107588,5761796,63.26,9257.39,37905
VBL,2026-09-28,434.8,430.0,4707240,2977091,63.24,20221.37,42844
APTUS,2026-09-28,244.6,237.47,710146,448935,63.22,1694.75,19430
DBCORP,2026-09-28,181.71,178.55,41285,26100,63.22,74.14,1532
DOLATALGO,2026-09-28,67.48,65.79,89435,56545,63.22,59.21,1339
AJMERA,2026-09-28,120.82,119.62,289904,183246,63.21,345.95,3136
CSLFINANCE,2026-09-28,215.19,212.07,19609,12394,63.21,41.62,806
SILGO,2026-09-28,69.79,68.31,24934,15753,63.18,17.19,356
UNITDSPR,2026-09-28,1423.8,1415.4,338629,213599,63.08,4791.54,21909
SINGERIND,2026-09-28,77.6,77.43,80119,50499,63.03,62.08,943
SIL,2026-09-28,16.74,16.63,24249,15279,63.01,4.0,271
AUTOIND,2026-09-28,81.73,81.86,141997,89451,62.99,116.8,1850
GOACARBON,2026-09-28,401.8,405.75,27124,17079,62.97,109.86,1699
AEPL,2026-09-28,15.9,15.14,21433,13487,62.93,3.31,211
CERA,2026-09-28,5396.5,5196.0,26598,16737,62.93,1386.14,7328
BIRLAMONEY,2026-09-28,118.87,115.31,24514,15418,62.89,28.51,985
PRITIKAUTO,2026-09-28,17.16,18.87,1141258,717557,62.87,210.15,3330
HDFCAMC,2026-09-28,2378.0,2302.3,877414,551340,62.84,20325.65,39833
AGARIND,2026-09-28,397.9,397.15,25149,15801,62.83,99.21,1325
SUPRAJIT,2026-09-28,488.0,483.6,40072,25173,62.82,193.37,2919
HONDAPOWER,2026-09-28,1915.2,1862.8,4157,2611,62.81,77.87,765
MAHSEAMLES,2026-09-28,715.65,714.35,214768,134857,62.79,1530.78,13975
CSM,2026-09-28,102.35,98.31,94703,59456,62.78,93.7,1492
MAFATIND,2026-09-28,116.92,115.41,36925,23163,62.73,43.14,978
COASTCORP,2026-09-28,36.13,36.18,80074,50208,62.7,28.87,1153
RUPA,2026-09-28,136.07,132.75,109412,68585,62.69,145.55,3885
JLHL,2026-09-28,265.65,263.85,179737,112623,62.66,473.29,9765
ARSSBL,2026-09-28,496.9,500.6,258877,162198,62.65,1298.44,7408
JITFINFRA,2026-09-28,279.15,284.15,13090,8199,62.64,36.42,621
BAJEL,2026-09-28,173.14,169.47,75012,46978,62.63,127.63,1925
MGEL,2026-09-28,15.99,15.97,385336,241259,62.61,61.28,680
COLPAL,2026-09-28,1855.8,1845.9,427586,267622,62.59,7867.32,17479
SWARAJENG,2026-09-28,3545.7,3552.5,12522,7837,62.59,442.61,2795
ALICON,2026-09-28,730.05,716.85,33306,20841,62.57,238.98,2182
TVSMOTOR,2026-09-28,4157.3,4095.0,574256,359060,62.53,23545.77,41994
GLOBAL,2026-09-28,135.4,133.61,156821,98012,62.5,209.45,3134
MIRZAINT,2026-09-28,28.92,28.68,86548,54092,62.5,24.86,832
AAKASH,2026-09-28,8.92,8.8,91766,57351,62.5,8.11,351
SAMBHAAV,2026-09-28,5.92,5.8,12526,7826,62.48,0.74,177
PAVNAIND,2026-09-28,15.46,15.53,61983,38729,62.48,9.72,490
LGBBROSLTD,2026-09-28,1735.3,1730.6,30315,18936,62.46,526.57,4793
UNITECH,2026-09-28,4.09,3.95,4125053,2576615,62.46,163.93,3258
PTC,2026-09-28,155.09,154.88,1099040,685941,62.41,1702.97,14848
MBEL,2026-09-28,257.7,251.85,65234,40699,62.39,164.66,2390
TORNTPOWER,2026-09-28,1254.6,1237.2,87994,54892,62.38,1089.65,10541
RELIABLE,2026-09-28,147.7,144.24,135820,84694,62.36,195.35,557
GAIL,2026-09-28,172.7,172.45,11202821,6982681,62.33,19308.05,37868
BEL,2026-09-28,393.55,385.5,11661372,7268410,62.33,45047.81,133575
PLAZACABLE,2026-09-28,59.94,57.05,73774,45932,62.26,42.62,1129
CARYSIL,2026-09-28,1064.4,1038.3,74140,46158,62.26,774.66,7686
HESTERBIO,2026-09-28,2182.9,2147.3,1514,942,62.22,32.64,305
ANTHEM,2026-09-28,873.6,851.1,503134,313008,62.21,4325.36,37765
GRASIM,2026-09-28,3191.0,3150.0,746885,464561,62.2,23511.2,25237
ZOTA,2026-09-28,1336.6,1322.2,45004,27949,62.1,593.56,3439
STYLEBAAZA,2026-09-28,375.8,394.5,4429305,2749035,62.06,17419.53,10799
BALKRISIND,2026-09-28,2185.3,2153.8,74316,46092,62.02,1601.39,12195
NMDC,2026-09-28,79.9,77.43,24084137,14931259,62.0,18956.22,76035
INDOWIND,2026-09-28,8.88,8.64,149929,92941,61.99,12.96,713
PANACEABIO,2026-09-28,372.6,366.45,47469,29420,61.98,174.67,1837
BFINVEST,2026-09-28,442.4,435.2,12952,8027,61.97,56.4,772
SBIN,2026-09-28,983.0,962.0,9846646,6098244,61.93,94909.29,204761
MEDIASSIST,2026-09-28,319.85,307.75,231266,143089,61.87,717.11,7009
TREL,2026-09-28,28.32,28.89,143807,88921,61.83,40.79,5352
EPL,2026-09-28,238.1,235.0,1174162,725416,61.78,2755.25,22453
DLINKINDIA,2026-09-28,420.9,418.45,29726,18359,61.76,124.52,1810
IKIO,2026-09-28,205.43,199.62,113100,69854,61.76,228.16,2450
ELGIRUBCO,2026-09-28,54.96,52.25,90720,55989,61.72,48.27,1211
PSB,2026-09-28,21.82,21.31,806110,497122,61.67,172.55,3556
VEEDOL,2026-09-28,1393.4,1364.1,10896,6718,61.66,149.82,1181
DELHIVERY,2026-09-28,422.7,407.5,4477983,2760466,61.65,18278.3,104139
SHANTIGEAR,2026-09-28,666.55,633.3,55362,34126,61.64,354.68,2348
STYRENIX,2026-09-28,2067.0,2036.4,22249,13709,61.62,455.85,2937
AUBANK,2026-09-28,1018.0,995.3,1347711,830137,61.6,13466.81,46350
STARTECK,2026-09-28,262.5,314.0,14621,9006,61.6,44.01,490
ULTRACEMCO,2026-09-28,11155.0,11025.0,331811,204344,61.58,36542.57,39251
SHILCTECH,2026-09-28,4103.6,4061.3,9111,5609,61.56,369.16,1947
JSL,2026-09-28,748.25,745.7,1278713,787102,61.55,9531.9,84366
GREENPANEL,2026-09-28,162.61,159.21,118084,72661,61.53,189.3,3064
DIVISLAB,2026-09-28,9619.5,9550.0,380253,233836,61.49,36342.52,45455
ABLBL,2026-09-28,78.72,77.17,397626,244442,61.48,308.57,5426
GSLSU,2026-09-28,31.13,30.07,51464,31604,61.41,15.95,525
BAJAJHFL,2026-09-28,83.14,82.52,2875733,1765651,61.4,2371.37,17413
LENSKART,2026-09-28,680.25,655.2,4302872,2640143,61.36,28451.22,114160
SVGLOBAL,2026-09-28,145.79,144.06,2213,1358,61.36,3.28,90
BHARATFORG,2026-09-28,2008.0,1957.0,583093,357641,61.34,11491.6,27878
MAXHEALTH,2026-09-28,1014.0,1000.1,2647811,1623952,61.33,26512.09,52798
RPPINFRA,2026-09-28,53.63,51.52,39950,24491,61.3,20.84,850
PRIVISCL,2026-09-28,3594.1,3605.3,81986,50238,61.28,2953.78,14185
GANESHHOU,2026-09-28,734.75,718.55,32272,19769,61.26,231.68,2127
PFC,2026-09-28,338.0,330.0,10003097,6120734,61.19,33210.08,79066
PYRAMID,2026-09-28,162.29,161.11,22336,13659,61.15,35.9,601
INDOTECH,2026-09-28,3177.7,3133.7,12503,7645,61.15,391.78,2773
ADVENTHTL,2026-09-28,126.95,124.62,85910,52490,61.1,106.95,1835
KIRLOSBROS,2026-09-28,1771.9,1732.3,27047,16517,61.07,470.39,3338
CGVAK,2026-09-28,153.41,151.69,858,524,61.07,1.3,43
PASUPTAC,2026-09-28,75.87,72.45,225194,137509,61.06,165.47,2709
DEVIT,2026-09-28,22.28,22.16,30950,18894,61.05,6.81,632
KAMOPAINTS,2026-09-28,4.19,4.12,274443,167399,61.0,11.36,937
FABTECH,2026-09-28,145.83,144.26,88065,53698,60.98,127.26,1233
SATIA,2026-09-28,67.0,68.1,191667,116759,60.92,129.56,2342
AERONEU,2026-09-28,80.22,75.18,30253,18430,60.92,22.89,894
CREDITACC,2026-09-28,1298.8,1255.2,184340,112297,60.92,2332.44,18295
ETERNAL,2026-09-28,335.0,330.95,19560239,11913978,60.91,64605.94,209922
PTL,2026-09-28,38.24,37.9,35756,21774,60.9,13.49,1039
HARDWYN,2026-09-28,9.27,9.23,313648,190967,60.89,29.16,574
GMRAIRPORT,2026-09-28,97.95,94.75,6334950,3857603,60.89,6026.22,27625
GENUSPOWER,2026-09-28,305.7,294.05,1266848,771232,60.88,3761.22,22393
CRAMC,2026-09-28,230.45,225.4,243953,148490,60.87,551.68,6566
SRM,2026-09-28,416.25,407.35,37997,23124,60.86,155.2,1895
UPL,2026-09-28,550.05,549.5,1557384,947633,60.85,8532.35,20475
ITC,2026-09-28,269.0,265.2,7863377,4783147,60.83,20936.91,120823
MARICO,2026-09-28,819.0,813.25,1076911,654381,60.76,8695.47,23428
GEOJITFSL,2026-09-28,81.51,78.3,217175,131941,60.75,171.79,2089
INDIASHLTR,2026-09-28,654.3,647.3,92868,56408,60.74,596.66,4589
SATIN,2026-09-28,236.65,234.4,331802,201489,60.73,773.41,5354
DPABHUSHAN,2026-09-28,1417.7,1388.2,13375,8123,60.73,184.95,1263
SASKEN,2026-09-28,1691.1,1658.2,17178,10430,60.72,286.71,2776
DCAL,2026-09-28,168.19,164.27,80010,48586,60.72,132.38,2003
GREENLAM,2026-09-28,224.32,217.51,87062,52859,60.71,189.92,1902
RUBICON,2026-09-28,1676.3,1592.8,215205,130614,60.69,3498.91,25604
DONEAR,2026-09-28,82.64,81.58,7204,4366,60.61,5.92,157
ESTER,2026-09-28,86.14,85.23,30052,18211,60.6,25.71,715
ASIANHOTNR,2026-09-28,394.35,372.0,10253,6212,60.59,38.88,710
NILASPACES,2026-09-28,11.06,11.0,777545,470843,60.56,86.08,1958
INA,2026-09-28,90.4,89.08,276587,167428,60.53,247.42,2576
DREAMFOLKS,2026-09-28,63.31,62.03,51969,31430,60.48,32.57,1507
NEPHROPLUS,2026-09-28,696.65,674.0,306073,185095,60.47,2067.2,26354
ICICIBANK,2026-09-28,1326.8,1302.0,6327946,3824533,60.44,82611.01,148552
ZFCVINDIA,2026-09-28,2354.2,2332.8,92154,55689,60.43,2148.19,15222
GODAVARIB,2026-09-28,236.52,229.45,67909,41030,60.42,157.75,2008
TIINDIA,2026-09-28,2511.1,2459.0,219494,132588,60.41,5412.54,20251
INDOUS,2026-09-28,77.6,77.9,5063,3057,60.38,3.94,68
VINATIORGA,2026-09-28,1206.4,1191.0,26786,16172,60.37,319.93,4098
TEXINFRA,2026-09-28,118.25,116.56,55544,33532,60.37,64.92,930
COMSYN,2026-09-28,282.85,280.85,1051174,634045,60.32,2976.83,8728
RUSTOMJEE,2026-09-28,366.5,359.9,43367,26151,60.3,155.54,1347
ELITECON,2026-09-28,9.08,8.63,9726129,5865288,60.3,853.71,15703
SETL,2026-09-28,402.55,422.65,974559,587287,60.26,4025.32,13387
APLAPOLLO,2026-09-28,2214.7,2197.0,319967,192681,60.22,7001.51,22079
MENONBE,2026-09-28,298.25,290.85,104870,63120,60.19,314.38,2327
DENTA,2026-09-28,276.7,267.7,61072,36756,60.18,164.7,2432
CLEANMAX,2026-09-28,1393.4,1373.1,15272105,9187889,60.16,204796.35,308446
SCHNEIDER,2026-09-28,1209.5,1188.2,136099,81882,60.16,1620.52,14824
SIKA,2026-09-28,1045.45,1021.35,16383,9844,60.09,167.66,1970
INNOVANA,2026-09-28,301.0,289.65,65952,39622,60.08,193.16,1007
JETFREIGHT,2026-09-28,21.43,21.01,151191,90807,60.06,32.06,1730
HCG,2026-09-28,698.65,691.2,57603,34594,60.06,397.29,6725
GICHSGFIN,2026-09-28,137.32,135.72,53092,31874,60.04,72.16,842
LOKESHMACH,2026-09-28,340.2,326.1,27420,16459,60.03,90.79,1510
CMSINFO,2026-09-28,233.17,228.01,450422,270401,60.03,1031.37,9335
DSFCL,2026-09-28,31.09,30.5,58458,35079,60.01,17.69,686
ACCELYA,2026-09-28,1110.0,1099.9,12881,7724,59.96,141.88,1157
POLYPLEX,2026-09-28,1086.2,1063.1,30720,18417,59.95,329.37,2766
AIROLAM,2026-09-28,92.29,88.79,1389,832,59.9,1.25,119
ISGEC,2026-09-28,890.55,886.45,103371,61870,59.85,912.24,10441
SUPREME,2026-09-28,31.39,31.55,110319,66023,59.85,35.24,702
DHARMAJ,2026-09-28,295.15,291.05,26277,15723,59.84,76.15,1187
HALDYNGL,2026-09-28,145.46,152.35,292097,174597,59.77,451.23,2568
CANHLIFE,2026-09-28,150.7,147.78,621483,371105,59.71,916.03,11877
SIYSIL,2026-09-28,538.05,533.35,16765,10010,59.71,89.49,2140
ORIENTELEC,2026-09-28,162.26,160.0,166211,99226,59.7,266.51,5479
GOLDIAM,2026-09-28,325.05,312.6,612243,365418,59.69,1933.72,11755
ONESOURCE,2026-09-28,1602.6,1565.8,262280,156565,59.69,4134.54,17831
KOVAI,2026-09-28,6090.5,6025.0,4394,2622,59.67,264.67,1168
CEMPRO,2026-09-28,1257.2,1224.5,132371,78945,59.64,1636.61,15736
UNIDT,2026-09-28,241.71,229.31,45792,27303,59.62,106.74,1789
SPANDANA,2026-09-28,225.53,228.35,192055,114457,59.6,432.71,4745
ONGC,2026-09-28,235.86,230.0,9819757,5851025,59.58,22782.61,117997
MPSLTD,2026-09-28,2666.9,2631.7,8672,5167,59.58,229.57,1555
BUTTERFLY,2026-09-28,566.7,564.05,11936,7112,59.58,67.72,910
CENTENKA,2026-09-28,570.95,553.05,27044,16111,59.57,151.1,1707
ROSSARI,2026-09-28,444.2,440.4,33650,20042,59.56,147.93,2973
REDINGTON,2026-09-28,407.25,404.85,4235911,2522859,59.56,17102.25,68839
SBCL,2026-09-28,1154.5,1110.2,177554,105743,59.56,1985.24,13740
SCODATUBES,2026-09-28,136.61,130.53,414826,246964,59.53,544.65,4859
INDOTHAI,2026-09-28,31.86,30.41,700720,417113,59.53,216.61,3232
PAUSHAKLTD,2026-09-28,667.15,655.75,34169,20338,59.52,222.57,2189
NAVA,2026-09-28,551.45,547.0,267941,159346,59.47,1471.02,11747
SIRCA,2026-09-28,410.3,406.6,73509,43701,59.45,300.01,1567
LAOPALA,2026-09-28,160.78,155.88,227868,135458,59.45,360.59,5108
KKCL,2026-09-28,467.85,462.15,24616,14631,59.44,113.03,1329
CENTRALBK,2026-09-28,31.18,30.59,4229654,2513811,59.43,1300.53,14367
MAITHANALL,2026-09-28,955.15,939.0,53140,31547,59.37,501.05,3819
BPCL,2026-09-28,308.5,302.25,2813265,1670364,59.37,8541.94,48748
PGHH,2026-09-28,7037.5,6888.5,22679,13454,59.32,1573.48,7045
ARIS,2026-09-28,140.29,132.61,1377843,817132,59.31,1853.22,12027
AURIONPRO,2026-09-28,669.7,642.5,128162,75978,59.28,836.42,7974
MANGLMCEM,2026-09-28,1028.6,1000.5,31479,18657,59.27,315.8,1597
RRECL,2026-09-28,123.4,119.32,3262,1933,59.26,3.83,85
GREENPOWER,2026-09-28,8.96,8.81,2418490,1433097,59.26,213.5,5047
IMPAL,2026-09-28,1064.2,1043.1,1472,872,59.24,15.51,278
ASAL,2026-09-28,438.5,429.2,7416,4392,59.22,32.02,694
AUROPHARMA,2026-09-28,1712.0,1697.5,657590,389437,59.22,11164.61,50245
KANPRPLA,2026-09-28,257.45,250.9,8970,5308,59.18,22.71,445
ANURAS,2026-09-28,1192.4,1187.1,194981,115382,59.18,2314.51,12658
AXISBANK,2026-09-28,1222.4,1209.9,4771499,2822944,59.16,57717.1,96725
VAIBHAVGBL,2026-09-28,206.38,199.72,311518,184246,59.14,625.49,8766
CHOLAFIN,2026-09-28,1662.7,1634.2,1194338,705881,59.1,19506.77,39123
GROWW,2026-09-28,187.06,183.39,16299714,9629652,59.08,29883.55,98409
NAVKARCORP,2026-09-28,88.21,86.86,365136,215675,59.07,318.53,4479
AXTEL,2026-09-28,446.1,439.75,2020,1193,59.06,8.83,145
PRABHA,2026-09-28,230.87,223.39,56039,33092,59.05,126.53,1317
CORALFINAC,2026-09-28,31.77,31.42,7736,4567,59.04,2.47,75
FLAIR,2026-09-28,237.58,235.06,53565,31622,59.03,126.19,1962
KWIL,2026-09-28,41.03,39.81,7340696,4330746,59.0,2950.13,20721
VSTIND,2026-09-28,204.54,204.0,90130,53166,58.99,184.31,2999
INDBANK,2026-09-28,26.15,25.6,29380,17327,58.98,7.51,453
GODREJCP,2026-09-28,880.0,868.0,1193447,703738,58.97,10330.43,25887
SUDEEPPHRM,2026-09-28,1164.9,1138.8,146912,86599,58.95,1679.3,13562
MANKIND,2026-09-28,2474.9,2435.6,388832,229158,58.93,9554.81,27988
TECHM,2026-09-28,1548.0,1542.2,1261918,743278,58.9,19470.52,53592
PRIMESECU,2026-09-28,301.9,301.85,8733,5143,58.89,26.37,356
DIAMINESQ,2026-09-28,248.25,240.18,3421,2013,58.84,8.28,186
MUNJALSHOW,2026-09-28,129.2,124.26,34219,20136,58.84,42.97,821
ANDREWYU,2026-09-28,27.0,25.81,106812,62825,58.82,27.94,873
AADHARHFC,2026-09-28,444.5,436.95,161832,95159,58.8,709.05,12373
TENNIND,2026-09-28,515.25,502.15,301402,177123,58.77,1525.06,15900
ASIANTILES,2026-09-28,50.69,50.16,662074,388582,58.69,332.08,2081
ORIENTPPR,2026-09-28,16.76,16.61,108847,63884,58.69,18.12,621
MOLDTKPAC,2026-09-28,669.85,649.4,41940,24603,58.66,274.81,6156
KAJARIACER,2026-09-28,1218.1,1189.5,113284,66437,58.65,1356.28,10149
GEEKAYWIRE,2026-09-28,32.9,31.87,142126,83340,58.64,45.56,975
JMFINANCIL,2026-09-28,127.68,125.25,2219125,1300188,58.59,2801.23,13962
UNITEDPOLY,2026-09-28,46.81,45.28,54846,32131,58.58,25.2,840
OSWALPUMPS,2026-09-28,274.95,268.55,256608,150299,58.57,691.61,5786
SBILIFE,2026-09-28,1742.0,1728.1,1337514,782823,58.53,23253.54,45445
DIGISPICE,2026-09-28,16.08,15.68,38423,22487,58.52,6.03,399
PARACABLES,2026-09-28,59.81,56.35,1945984,1138118,58.49,1114.9,9348
SKMEGGPROD,2026-09-28,220.4,211.35,207652,121433,58.48,442.26,3636
ESSENTIA,2026-09-28,1.02,1.01,2135410,1248532,58.47,21.84,768
ABCOTS,2026-09-28,203.07,200.15,2824,1650,58.43,5.67,195
MANGALAM,2026-09-28,31.83,30.9,35269,20600,58.41,10.95,681
GRANULES,2026-09-28,868.65,851.4,457582,267173,58.39,3918.76,29146
IFGLEXPOR,2026-09-28,197.45,192.71,12385,7230,58.38,24.09,537
WEWORK,2026-09-28,652.55,650.65,132927,77599,58.38,856.9,9501
SHREDIGCEM,2026-09-28,67.85,66.61,63384,36987,58.35,42.21,1403
GUJTHEM,2026-09-28,417.0,397.55,211072,123145,58.34,847.29,7233
STARCEMENT,2026-09-28,186.61,182.42,115025,67109,58.34,211.22,3437
POKARNA,2026-09-28,728.95,718.15,38600,22497,58.28,278.82,2681
PICCADIL,2026-09-28,613.0,600.5,74499,43411,58.27,449.68,4678
PRITI,2026-09-28,33.78,31.33,29594,17237,58.24,9.33,437
PARKHOSPS,2026-09-28,286.35,276.5,352758,205342,58.21,987.42,8309
ICICIGI,2026-09-28,1553.7,1540.0,453608,263819,58.16,7001.0,24136
KAPSTON,2026-09-28,535.7,537.8,221302,128684,58.15,1196.7,7098
KAKATCEM,2026-09-28,106.72,106.84,1643,955,58.13,1.75,81
WPIL,2026-09-28,430.4,422.35,37076,21546,58.11,157.64,3997
VTL,2026-09-28,554.0,540.55,268457,155995,58.11,1462.66,14855
APLLTD,2026-09-28,863.75,854.35,211650,122991,58.11,1806.5,19814
MAXIND,2026-09-28,148.45,155.35,133306,77390,58.05,202.56,2127
LUPIN,2026-09-28,2092.0,2062.0,529550,307246,58.02,10949.56,23277
ESCORTS,2026-09-28,2855.7,2740.7,98486,57131,58.01,2720.1,13786
TAJGVK,2026-09-28,324.35,315.25,55042,31912,57.98,174.43,2649
OMPOWER,2026-09-28,168.84,162.71,80156,46473,57.98,131.97,1149
BLKASHYAP,2026-09-28,54.26,51.9,173150,100371,57.97,90.76,1237
ABREL,2026-09-28,1230.9,1191.5,335640,194518,57.95,4004.35,15843
NORTHARC,2026-09-28,300.9,291.1,859984,498247,57.94,2524.65,14813
KUANTUM,2026-09-28,79.59,76.71,103492,59931,57.91,80.38,1678
MINDACORP,2026-09-28,678.85,673.0,126782,73418,57.91,853.11,14811
FILATFASH,2026-09-28,0.18,0.18,13629096,7892877,57.91,25.16,1687
GAYAPROJ,2026-09-28,22.91,21.96,887945,514014,57.89,197.17,3000
GPPL,2026-09-28,163.2,159.88,845144,489162,57.88,1360.76,21578
FORTIS,2026-09-28,837.85,830.75,2608914,1509821,57.87,21587.69,58782
KRYSTAL,2026-09-28,631.55,621.65,8467,4900,57.87,52.74,702
SYNGENE,2026-09-28,378.7,376.0,271472,157021,57.84,1021.36,11927
LT,2026-09-28,3876.2,3766.4,1361601,787250,57.82,51717.59,95984
ORIENTTECH,2026-09-28,237.3,233.81,69753,40325,57.81,163.07,1660
HALDER,2026-09-28,241.45,247.15,2462,1423,57.8,5.89,422
GULFOILLUB,2026-09-28,1106.6,1110.5,47443,27391,57.73,525.47,4934
UDS,2026-09-28,207.9,207.84,107421,61972,57.69,221.86,2404
HIRECT,2026-09-28,1212.9,1179.4,32306,18637,57.69,382.51,3351
EMPIND,2026-09-28,1037.4,1041.4,1269,732,57.68,13.11,249
HNDFDS,2026-09-28,612.35,602.15,47842,27587,57.66,289.55,7008
ALIVUS,2026-09-28,1365.6,1345.5,82952,47830,57.66,1124.64,8945
FERMENTA,2026-09-28,468.4,479.3,2216498,1277632,57.64,10504.04,39582
ASHOKLEY,2026-09-28,159.08,155.22,12214126,7040282,57.64,19056.62,105815
IRCTC,2026-09-28,458.7,453.5,368467,212314,57.62,1674.55,21771
TERASOFT,2026-09-28,218.9,215.7,15523,8941,57.6,33.54,869
HDFCBANK,2026-09-28,735.6,719.05,21675579,12480352,57.58,156527.98,287448
AIAENG,2026-09-28,3919.4,3841.4,31144,17927,57.56,1199.25,11851
ARE&M,2026-09-28,791.95,774.95,361593,208128,57.56,2814.83,23540
KIRLOSIND,2026-09-28,3597.5,3520.5,3239,1864,57.55,114.64,971
ICICIAMC,2026-09-28,3184.6,3214.5,166130,95570,57.53,5272.03,17542
ELECTCAST,2026-09-28,72.34,72.35,19655083,11307255,57.53,14208.23,23747
EUREKAFORB,2026-09-28,370.85,361.3,125275,72052,57.52,456.07,7549
CEWATER,2026-09-28,264.45,258.25,42852,24642,57.5,111.91,1613
CANBK,2026-09-28,124.99,120.65,16272294,9355821,57.5,19805.23,73044
KOLTEPATIL,2026-09-28,432.0,425.6,20225,11623,57.47,86.32,1856
SHADOWFAX,2026-09-28,282.45,274.05,1972468,1132902,57.44,5433.18,42529
TRIGYN,2026-09-28,56.62,53.12,117283,67372,57.44,63.22,2349
BATLIBOI,2026-09-28,83.59,83.19,27593,15848,57.43,23.26,1156
LAXMIDENTL,2026-09-28,199.07,192.7,52776,30304,57.42,102.71,1737
SGRL,2026-09-28,673.75,680.05,19140,10989,57.41,128.1,1311
BRIGHOTEL,2026-09-28,56.13,55.52,60713,34848,57.4,33.77,2596
DHANBANK,2026-09-28,29.31,28.23,532281,305508,57.4,151.33,3622
RAMBHAJO,2026-09-28,286.23,265.03,861228,494216,57.39,2316.74,10621
DDEVPLSTIK,2026-09-28,256.15,252.6,68604,39349,57.36,173.37,2429
SALZERELEC,2026-09-28,541.25,535.55,26255,15056,57.35,140.16,1842
DCMSIL,2026-09-28,83.98,78.98,151979,87144,57.34,121.51,2254
LASERPOWER,2026-09-28,272.1,262.4,474329,271944,57.33,1261.46,7370
UCOBANK,2026-09-28,23.9,23.33,3548489,2033969,57.32,832.29,15071
SENCO,2026-09-28,331.1,318.3,2646412,1515511,57.27,8378.09,50479
LPDC,2026-09-28,6.51,6.41,26765,15325,57.26,1.73,192
FRACTAL,2026-09-28,750.2,742.1,108146,61909,57.25,801.7,7277
SIGMA,2026-09-28,45.61,44.74,58662,33581,57.24,26.61,1021
KOTHARIPET,2026-09-28,133.52,130.84,25142,14389,57.23,33.18,727
VESUVIUS,2026-09-28,389.1,385.4,86994,49744,57.18,337.52,5046
KSL,2026-09-28,964.7,952.35,126983,72572,57.15,1210.74,6088
KNACK,2026-09-28,181.98,176.65,329646,188298,57.12,584.21,6926
CGPOWER,2026-09-28,886.0,865.0,1878834,1072970,57.11,16387.05,34567
SHREEPUSHK,2026-09-28,506.05,496.85,33403,19074,57.1,166.13,1768
TRACXN,2026-09-28,32.63,32.33,329033,187667,57.04,106.94,2483
VSTTILLERS,2026-09-28,4473.3,4307.3,14681,8372,57.03,637.81,2725
CEINSYS,2026-09-28,687.45,685.15,41550,23693,57.02,284.71,2841
UTKARSHBNK,2026-09-28,13.8,13.59,3298049,1880593,57.02,449.85,8369
KARURVYSYA,2026-09-28,327.95,320.75,850213,484543,56.99,2741.94,31885
WANBURY,2026-09-28,224.15,222.25,110252,62766,56.93,245.85,1963
INDOCO,2026-09-28,254.46,249.06,113273,64478,56.92,283.08,2715
ADANIPORTS,2026-09-28,1788.0,1743.7,1262576,718074,56.87,22107.03,48338
GMBREW,2026-09-28,978.8,966.6,61090,34722,56.84,593.21,3521
HCLTECH,2026-09-28,1258.0,1252.6,2272247,1291238,56.83,28449.95,58112
ATULAUTO,2026-09-28,448.25,440.55,39659,22534,56.82,175.3,2702
PRECAM,2026-09-28,120.66,116.78,102692,58314,56.79,120.65,2287
DCBBANK,2026-09-28,214.09,207.46,1466242,831788,56.73,3052.25,42826
HPL,2026-09-28,278.15,270.95,118113,66982,56.71,321.9,4054
JUBLCPL,2026-09-28,2210.1,2117.3,6532,3703,56.69,140.06,1073
CIEINDIA,2026-09-28,390.8,383.35,172421,97666,56.64,664.47,10599
NTPC,2026-09-28,326.6,321.1,5982092,3388168,56.64,19277.22,95080
SKYGOLD,2026-09-28,793.55,796.95,976252,552879,56.63,7821.32,27165
GOCOLORS,2026-09-28,317.35,304.8,53196,30093,56.57,164.46,2181
KELLTONTEC,2026-09-28,13.46,13.09,1178339,666565,56.57,155.34,3055
EPACKPEB,2026-09-28,245.38,241.74,431352,243978,56.56,1056.4,20898
SIS,2026-09-28,418.4,394.2,1838678,1040011,56.56,7236.64,39943
VIPIND,2026-09-28,301.2,296.25,114218,64591,56.55,340.42,4374
BCG,2026-09-28,9.55,9.37,4016929,2270490,56.52,377.01,4763
TARMAT,2026-09-28,55.84,56.87,45209,25554,56.52,26.45,1281
SUYOG,2026-09-28,650.4,641.9,13657,7718,56.51,87.63,1062
GUJENERGY,2026-09-28,236.02,235.07,951989,537942,56.51,2244.09,27500
TVSSRICHAK,2026-09-28,4609.5,4490.5,4956,2800,56.5,223.3,1359
UFLEX,2026-09-28,664.2,641.95,116083,65577,56.49,753.71,4313
ENTERO,2026-09-28,1821.8,1790.1,183547,103687,56.49,3261.71,22392
QPOWER,2026-09-28,1517.8,1592.7,365360,206380,56.49,5675.59,18454
HEROMOTOCO,2026-09-28,5360.0,5390.0,340540,192342,56.48,18231.65,38432
ORIENTCEM,2026-09-28,122.16,119.43,462604,261062,56.43,555.11,3742
IGL,2026-09-28,144.95,143.44,1200707,677410,56.42,1726.09,33742
LAXMIINDIA,2026-09-28,122.06,118.26,91596,51672,56.41,109.0,2422
BHAGERIA,2026-09-28,394.6,380.85,237200,133597,56.32,913.0,6322
OIL,2026-09-28,475.15,468.0,1767496,995126,56.3,8246.57,26680
EMAMILTD,2026-09-28,389.25,388.75,2032711,1144207,56.29,7829.47,41408
TATACOMM,2026-09-28,1666.5,1655.3,145808,82053,56.27,2405.53,22907
PIXTRANS,2026-09-28,1734.8,1724.8,7437,4184,56.26,128.3,1475
VOGL,2026-09-28,34.37,33.3,10874615,6116773,56.25,3650.28,36606
KDGREEN,2026-09-28,50.1,46.76,56641,31857,56.24,27.48,1129
LEXUS,2026-09-28,12.18,12.18,22028,12387,56.23,2.69,127
SGFIN,2026-09-28,609.7,589.75,167602,94235,56.23,992.19,8844
VIYASH,2026-09-28,244.35,241.0,1406271,790668,56.22,3388.87,28824
ARIHANT,2026-09-28,895.0,914.05,1797,1010,56.2,16.58,246
COCKERILL,2026-09-28,7956.0,7824.5,3628,2039,56.2,285.39,1048
ATAM,2026-09-28,57.07,55.81,10011,5625,56.19,5.59,165
BHAGYANGR,2026-09-28,425.55,411.35,133826,75201,56.19,560.71,6400
PRESTIGE,2026-09-28,1477.8,1470.8,576978,324170,56.18,8409.57,24213
AYMSYNTEX,2026-09-28,293.95,291.15,52091,29253,56.16,151.35,2141
TRENT,2026-09-28,2669.3,2626.0,636905,357657,56.16,16750.24,54051
BAJAJST,2026-09-28,347.25,338.8,11562,6490,56.13,39.68,545
MAYURUNIQ,2026-09-28,729.6,717.05,69158,38816,56.13,495.89,5449
SAKHTISUG,2026-09-28,19.0,18.42,253816,142349,56.08,47.89,1266
TEXMOPIPES,2026-09-28,56.91,55.48,132186,74136,56.08,73.91,2329
VIDHIING,2026-09-28,345.75,354.0,15153,8498,56.08,52.55,874
MAANALU,2026-09-28,100.18,100.86,82234,46098,56.06,83.32,1475
MASKINVEST,2026-09-28,145.06,141.71,330,185,56.06,0.47,14
LANDMARK,2026-09-28,488.55,475.9,68767,38542,56.05,329.1,3945
BIRLANU,2026-09-28,1438.8,1441.0,21222,11885,56.0,309.18,3081
DJML,2026-09-28,71.85,71.35,175786,98412,55.98,125.76,1554
BANCOINDIA,2026-09-28,599.85,594.2,67195,37566,55.91,398.81,5989
PNBHOUSING,2026-09-28,1094.9,1085.0,988333,552585,55.91,10754.7,27837
THOMASCOOK,2026-09-28,103.47,102.18,313618,175187,55.86,320.73,3762
MCLOUD,2026-09-28,24.44,23.95,641144,358046,55.84,154.73,2697
AFFLE,2026-09-28,1578.0,1548.4,100507,56084,55.8,1559.18,14898
ICICIPRULI,2026-09-28,463.0,458.7,1352420,754560,55.79,6170.55,44336
LANDSMILL,2026-09-28,0.62,0.74,15983718,8917942,55.79,115.97,2322
HIMATSEIDE,2026-09-28,68.79,66.13,642102,358007,55.76,429.54,6836
INCREDIBLE,2026-09-28,32.74,33.26,4112,2293,55.76,1.35,37
DODLA,2026-09-28,1039.4,1008.7,30753,17141,55.74,311.72,3684
MARSONS,2026-09-28,122.87,120.13,2374897,1323824,55.74,2860.85,11163
GVPIL,2026-09-28,669.7,651.4,113522,63264,55.73,746.79,5347
MONTECARLO,2026-09-28,524.1,514.05,34812,19381,55.67,179.64,1540
SHALBY,2026-09-28,147.12,143.25,66372,36914,55.62,95.68,1534
WAKEFIT,2026-09-28,141.35,138.57,195762,108852,55.6,272.53,2379
VAML,2026-09-28,426.75,420.05,2814025,1564295,55.59,11822.25,51096
ZEEMEDIA,2026-09-28,7.52,7.29,791762,439655,55.53,58.11,1536
DBREALTY,2026-09-28,100.08,96.28,397975,220877,55.5,386.97,3952
SRHHYPOLTD,2026-09-28,594.8,570.0,21927,12163,55.47,126.9,2052
SUVEN,2026-09-28,335.0,321.65,374676,207831,55.47,1219.46,13909
DCMSRIND,2026-09-28,39.71,39.01,357088,198024,55.46,141.15,2874
TVTODAY,2026-09-28,106.36,105.06,23277,12907,55.45,24.63,717
ASALCBR,2026-09-28,644.95,641.55,42494,23544,55.41,274.51,2964
HDBFS,2026-09-28,648.15,637.4,284024,157375,55.41,1826.92,15557
HEIDELBERG,2026-09-28,134.97,131.45,198118,109770,55.41,264.11,3074
APOLLOTYRE,2026-09-28,400.1,389.6,453772,251444,55.41,1779.38,20425
WELSPLSOL,2026-09-28,55.0,53.81,347359,192363,55.38,187.47,2996
EPIGRAL,2026-09-28,1060.6,1038.0,28476,15770,55.38,297.95,2815
UEL,2026-09-28,183.73,190.14,21311,11802,55.38,40.09,1143
KRISHANA,2026-09-28,187.24,186.42,613298,339608,55.37,1133.92,5111
RELTD,2026-09-28,148.77,148.07,84194,46590,55.34,124.58,2004
NYKAA,2026-09-28,333.7,325.5,3504134,1937203,55.28,11443.73,41788
ATLANTAELE,2026-09-28,1625.9,1613.3,118334,65383,55.25,1877.63,13777
TECHNOE,2026-09-28,1006.2,981.85,104260,57581,55.23,1036.07,12657
PIDILITIND,2026-09-28,1517.2,1503.0,585752,323383,55.21,8759.54,27294
CRAVATEX,2026-09-28,369.75,361.8,701,387,55.21,2.63,88
WEBELSOLAR,2026-09-28,73.23,71.75,1185390,654116,55.18,853.96,10644
BETA,2026-09-28,2098.7,2040.3,12981,7161,55.17,267.95,1718
JNPR,2026-09-28,266.05,269.95,1111652,613116,55.15,3018.73,47120
CAMLINFINE,2026-09-28,97.3,95.4,435867,240382,55.15,417.87,4733
HINDPETRO,2026-09-28,351.0,342.45,4062685,2240038,55.14,13999.46,41922
CINELINE,2026-09-28,89.19,88.02,10740,5921,55.13,9.46,419
AMAL,2026-09-28,674.4,665.55,29985,16531,55.13,197.69,2048
TIMKEN,2026-09-28,3206.1,3180.5,19209,10585,55.1,608.46,5221
AFFORDABLE,2026-09-28,178.25,170.74,16239,8944,55.08,28.03,540
PNBGILTS,2026-09-28,74.73,73.28,295139,162561,55.08,217.03,2947
KNRCON,2026-09-28,120.27,117.39,629526,346610,55.06,743.87,7202
GICRE,2026-09-28,337.5,329.3,453673,249765,55.05,1505.02,15877
CIPLA,2026-09-28,1399.7,1383.7,711020,391398,55.05,9872.1,26653
ACI,2026-09-28,482.55,482.75,188120,103489,55.01,900.58,9113
NCC,2026-09-28,132.82,130.29,1575538,865780,54.95,2059.88,22226
TATACONSUM,2026-09-28,983.2,960.0,1307916,718660,54.95,12571.24,54405
GUJAPOLLO,2026-09-28,329.1,341.45,31584,17349,54.93,109.82,1963
AVL,2026-09-28,619.5,595.15,79663,43742,54.91,479.07,6703
FEDERALBNK,2026-09-28,322.0,325.0,7819379,4291444,54.88,25358.47,90079
JSWCEMENT,2026-09-28,115.47,112.49,1802272,989094,54.88,2037.93,47396
TI,2026-09-28,581.7,561.65,541005,296473,54.8,3070.92,30608
RELIGARE,2026-09-28,242.27,234.32,222631,121955,54.78,526.02,5161
EMBDL,2026-09-28,58.07,56.03,1625406,890205,54.77,923.32,11027
NH,2026-09-28,1861.4,1820.1,142536,78042,54.75,2603.41,17850
FEDFINA,2026-09-28,151.68,150.72,1146789,627911,54.75,1719.66,20711
AHLUCONT,2026-09-28,585.55,572.4,27918,15283,54.74,160.44,3122
NIVABUPA,2026-09-28,77.19,75.73,863602,472522,54.72,651.73,18617
VIKASLIFE,2026-09-28,1.23,1.23,1637074,895422,54.7,20.09,8415
ETHOSLTD,2026-09-28,2552.8,2518.2,31536,17243,54.68,794.26,8946
HATHWAY,2026-09-28,9.93,9.37,6072196,3318925,54.66,577.24,11425
EVEREADY,2026-09-28,322.0,321.75,37243,20353,54.65,119.24,1808
LGEINDIA,2026-09-28,1725.4,1730.7,596986,326064,54.62,10335.21,41828
PATELRMART,2026-09-28,206.28,204.0,21074,11510,54.62,42.95,905
ARKADE,2026-09-28,125.48,123.22,104238,56928,54.61,129.82,1980
NATCOPHARM,2026-09-28,839.3,828.55,502079,274185,54.61,4180.94,44687
GULPOLY,2026-09-28,170.36,166.05,95978,52382,54.58,160.3,2210
MADRASFERT,2026-09-28,60.17,59.18,40427,22065,54.58,24.03,698
VEDPOWER,2026-09-28,32.95,32.15,6021208,3285640,54.57,1950.04,47842
INGERRAND,2026-09-28,4233.6,4226.8,11589,6323,54.56,487.47,2763
METROPOLIS,2026-09-28,582.6,572.3,94505,51552,54.55,540.64,8891
LLOYDSME,2026-09-28,1838.0,1836.3,289529,157932,54.55,5286.89,18735
TNPL,2026-09-28,151.6,147.64,120992,65962,54.52,179.2,3373
XCHANGING,2026-09-28,61.42,60.04,72124,39299,54.49,43.61,1033
VOLTAMP,2026-09-28,10709.0,10513.0,14605,7955,54.47,1549.3,5946
CANFINHOME,2026-09-28,753.25,737.6,105181,57297,54.47,779.9,7306
KEC,2026-09-28,396.95,390.55,320330,174477,54.47,1254.28,15071
ATUL,2026-09-28,6070.5,5991.0,22706,12358,54.43,1361.78,4992
GANESHCP,2026-09-28,159.94,156.36,167070,90913,54.42,261.77,3385
KEYFINSERV,2026-09-28,227.35,223.7,1948,1060,54.41,4.41,134
SHEMAROO,2026-09-28,124.51,121.65,30464,16568,54.39,38.0,293
JSLL,2026-09-28,508.25,501.9,268010,145726,54.37,1345.35,9201
KANANIIND,2026-09-28,1.4,1.35,288592,156880,54.36,3.77,332
SGMART,2026-09-28,731.0,729.5,121001,65715,54.31,888.7,8265
IGCL,2026-09-28,59.94,58.25,116758,63411,54.31,68.08,2852
UNIPARTS,2026-09-28,847.2,837.1,98322,53386,54.3,826.43,8254
LIBERTSHOE,2026-09-28,235.92,226.2,19650,10668,54.29,45.1,829
SCHAND,2026-09-28,145.18,144.65,45043,24450,54.28,65.42,2079
AMRUTANJAN,2026-09-28,506.35,506.55,47090,25540,54.24,239.73,2261
GLOBUSSPR,2026-09-28,832.55,819.15,39778,21575,54.24,326.24,2838
RAMCOSYS,2026-09-28,580.2,563.8,33612,18200,54.15,191.7,2223
AQYLON,2026-09-28,18.56,18.0,419474,227098,54.14,76.1,1737
KABRAEXTRU,2026-09-28,846.4,863.15,601526,325690,54.14,5264.76,13827
IOC,2026-09-28,135.7,133.32,5538248,2997501,54.12,7406.52,44891
JSWSTEEL,2026-09-28,1277.0,1264.1,1216506,658383,54.12,15354.38,63931
IMFA,2026-09-28,1230.4,1207.8,56770,30717,54.11,688.26,7870
TCIEXP,2026-09-28,501.55,486.0,15696,8493,54.11,76.84,1578
SJS,2026-09-28,2317.6,2261.7,60843,32903,54.08,1382.03,9572
TMPV,2026-09-28,290.45,281.75,14063134,7605207,54.08,39944.34,185952
AFCONS,2026-09-28,252.5,251.65,783149,423441,54.07,1964.69,11591
JYOTHYLAB,2026-09-28,191.07,189.66,330391,178599,54.06,626.52,11689
TIIL,2026-09-28,3003.4,2929.4,17524,9472,54.05,516.66,3861
DEEPAKFERT,2026-09-28,1363.8,1350.5,106981,57806,54.03,1442.51,8604
SURYODAY,2026-09-28,149.12,144.99,140150,75697,54.01,204.1,2512
AXISCADES,2026-09-28,1892.1,1879.5,278673,150412,53.97,5279.35,22787
HITECH,2026-09-28,73.6,73.34,413027,222886,53.96,304.21,2547
PATELENG,2026-09-28,27.61,26.9,1329633,716927,53.92,359.74,5858
SUMEDHA,2026-09-28,42.95,43.96,3643,1964,53.91,1.6,137
CONCORDBIO,2026-09-28,1453.6,1392.7,109961,59277,53.91,1550.25,11398
SULA,2026-09-28,135.13,133.5,161627,87108,53.89,216.23,3725
PNGSREVA,2026-09-28,524.85,506.05,116712,62899,53.89,600.1,6210
JINDALSTEL,2026-09-28,1164.8,1139.6,713950,384619,53.87,8155.27,20929
SBFC,2026-09-28,88.86,86.82,944832,508870,53.86,822.64,16036
BCLIND,2026-09-28,33.72,32.52,450975,242890,53.86,148.4,3260
PALASHSECU,2026-09-28,88.92,88.9,849,457,53.83,0.75,40
XPROINDIA,2026-09-28,1197.1,1142.2,40786,21948,53.81,470.48,4767
QUICKHEAL,2026-09-28,147.04,143.4,83329,44816,53.78,120.02,2239
JSWENERGY,2026-09-28,506.55,495.0,1583004,850994,53.76,7897.51,55032
HAZOOR,2026-09-28,19.36,18.98,90116,48443,53.76,17.25,550
SHREECEM,2026-09-28,22520.0,22170.0,17002,9138,53.75,3768.15,7587
NAZARA,2026-09-28,376.45,379.65,2307584,1240348,53.75,8757.87,20793
OMINFRAL,2026-09-28,79.03,78.75,105658,56763,53.72,83.3,1906
BAYERCROP,2026-09-28,3717.6,3671.8,55292,29704,53.72,2026.66,19517
NDRAUTO,2026-09-28,746.6,721.6,37639,20217,53.71,272.48,2124
VISHNU,2026-09-28,697.65,691.95,42782,22974,53.7,295.44,3373
IGPL,2026-09-28,593.15,581.55,48549,26072,53.7,286.91,2464
NITINSPIN,2026-09-28,612.35,596.45,35619,19124,53.69,215.1,2759
BERGEPAINT,2026-09-28,458.35,452.85,354792,190441,53.68,1615.9,20736
MARUTI,2026-09-28,12065.0,12008.0,301830,161985,53.67,36271.96,41585
POONAWALLA,2026-09-28,461.55,445.15,1095558,587904,53.66,4899.04,29160
SHK,2026-09-28,142.36,137.78,147035,78871,53.64,204.31,3224
GLENMARK,2026-09-28,2380.0,2325.7,985878,528698,53.63,23105.15,60567
ZUARIIND,2026-09-28,290.2,276.85,67041,35912,53.57,187.2,2193
NAUKRI,2026-09-28,1254.8,1253.9,1070424,573362,53.56,13385.17,40714
GUJALKALI,2026-09-28,630.9,606.2,53476,28643,53.56,326.75,3834
VISL,2026-09-28,32.78,31.42,18432933,9869116,53.54,5810.5,38807
ZUARI,2026-09-28,221.1,217.12,46804,25025,53.47,101.66,1186
LORDSCHLO,2026-09-28,148.2,148.2,86362,46163,53.45,130.79,1780
CORONA,2026-09-28,2117.7,2053.3,17222,9206,53.45,356.88,3439
COALINDIA,2026-09-28,426.1,422.5,5492668,2932180,53.38,23369.11,93277
VENUSREM,2026-09-28,1668.4,1629.2,40916,21836,53.37,685.23,3672
GUFICBIO,2026-09-28,423.75,420.4,58238,31081,53.37,244.02,2913
BIRLACORPN,2026-09-28,850.3,839.1,26947,14375,53.35,226.9,2916
GOCLCORP,2026-09-28,384.1,379.0,101333,54059,53.35,385.5,3822
MEIL,2026-09-28,270.8,269.35,37332,19909,53.33,100.01,1799
UTIAMC,2026-09-28,901.85,893.9,61353,32714,53.32,548.36,5667
IDFCFIRSTB,2026-09-28,83.8,80.55,21063238,11228116,53.31,17110.26,85540
PNGJL,2026-09-28,605.5,585.35,751318,400430,53.3,4456.21,35344
INDOFARM,2026-09-28,138.16,134.27,72825,38819,53.3,98.64,1588
HAVELLS,2026-09-28,1096.5,1085.0,735161,391693,53.28,7950.86,32128
IZMO,2026-09-28,903.95,873.55,60613,32292,53.28,534.37,4090
SOUTHWEST,2026-09-28,186.71,189.85,127065,67677,53.26,238.52,3397
EXPLEOSOL,2026-09-28,883.25,870.35,11252,5993,53.26,97.99,1352
KAMDHENU,2026-09-28,39.96,39.0,918441,489091,53.25,356.24,5453
KAMAHOLD,2026-09-28,2238.1,2203.6,1443,768,53.22,31.88,277
SUNTECK,2026-09-28,283.0,276.75,163885,87202,53.21,455.71,6316
UNIECOM,2026-09-28,83.78,82.18,159709,84942,53.19,132.48,2211
GALAXYSURF,2026-09-28,2261.3,2190.7,15238,8103,53.18,335.67,3036
HEGAM,2026-09-28,244.35,240.0,670735,356633,53.17,1606.26,13024
MERCURYEV,2026-09-28,39.65,38.93,154119,81927,53.16,60.12,1520
CENTURYPLY,2026-09-28,694.45,679.05,59130,31436,53.16,404.68,9394
CEATLTD,2026-09-28,3352.2,3274.7,60830,32311,53.12,2009.46,9027
UJJIVANSFB,2026-09-28,64.71,63.09,15764038,8372067,53.11,10055.5,55243
GVT&D,2026-09-28,4280.0,4203.0,399176,211887,53.08,16783.46,43562
ESABINDIA,2026-09-28,5527.0,5518.5,1978,1050,53.08,109.18,734
RMC,2026-09-28,219.89,208.96,25844,13703,53.02,54.62,2164
PHOENIXLTD,2026-09-28,1978.4,1952.2,154647,81976,53.01,3015.99,20044
SWSOLAR,2026-09-28,176.65,170.74,902418,478253,53.0,1560.56,9221
GARFIBRES,2026-09-28,773.5,772.85,30304,16056,52.98,233.61,4476
KIRLOSENG,2026-09-28,2137.2,2141.2,388047,205497,52.96,8234.07,40302
STANLEY,2026-09-28,144.32,135.81,174411,92347,52.95,241.82,3087
KIMS,2026-09-28,780.15,766.45,339252,179550,52.93,2605.37,20008
FIEMIND,2026-09-28,1965.5,1926.0,39451,20878,52.92,764.18,6566
GPIL,2026-09-28,229.42,225.46,1263135,668152,52.9,2848.97,15266
MRF,2026-09-28,124035.0,123425.0,1620,857,52.9,2000.79,1179
AWL,2026-09-28,184.34,180.66,686186,362572,52.84,1245.27,14334
SAREGAMA,2026-09-28,496.9,489.6,136802,72249,52.81,672.26,5849
SHERVANI,2026-09-28,344.9,348.55,36,19,52.78,0.13,16
ABB,2026-09-28,7052.5,6972.5,209202,110373,52.76,14555.71,25775
SEAMECLTD,2026-09-28,1712.2,1684.3,29302,15461,52.76,493.8,3476
STAR,2026-09-28,1184.9,1151.4,115834,61099,52.75,1344.27,12293
EKC,2026-09-28,110.28,107.03,230676,121655,52.74,247.86,2765
TARIL,2026-09-28,277.65,270.45,669415,352994,52.73,1819.18,14523
MWL,2026-09-28,43.07,43.46,329028,173447,52.71,142.29,2694
PRINCEPIPE,2026-09-28,261.8,257.75,104953,55284,52.68,271.67,3537
TVSHLTD,2026-09-28,12601.0,12436.0,3166,1667,52.65,395.98,1392
BAJAJCON,2026-09-28,499.5,480.05,416106,219045,52.64,2021.49,17092
JUBLFOOD,2026-09-28,484.55,478.7,1167993,614820,52.64,5623.56,35905
LATENTVIEW,2026-09-28,243.75,241.6,174798,92018,52.64,423.57,6674
WINDMACHIN,2026-09-28,299.5,300.25,53475,28149,52.64,160.5,1074
KCP,2026-09-28,163.29,157.28,87597,46104,52.63,138.21,2230
ABSLAMC,2026-09-28,1014.5,987.7,141795,74579,52.6,1403.12,15544
TVSELECT,2026-09-28,383.3,378.85,20459,10759,52.59,77.98,1131
MGL,2026-09-28,1071.3,1048.8,135973,71510,52.59,1427.01,17933
HARIOMPIPE,2026-09-28,344.55,342.1,176245,92657,52.57,603.74,5911
SUMEETINDS,2026-09-28,12.18,11.59,2699322,1417797,52.52,320.84,3403
JAGSNPHARM,2026-09-28,242.29,241.02,452117,237435,52.52,1091.77,7269
GANDHITUBE,2026-09-28,966.5,952.5,8185,4297,52.5,78.87,1123
TINNARUBR,2026-09-28,978.1,947.4,31390,16468,52.46,299.64,3428
NPST,2026-09-28,1796.3,1635.0,110142,57764,52.45,1850.38,13525
THERMAX,2026-09-28,3447.2,3386.0,88773,46563,52.45,3004.66,14696
HINDALCO,2026-09-28,977.0,955.9,3354458,1759083,52.44,32183.35,73534
SUPREMEIND,2026-09-28,3550.0,3499.8,198525,104099,52.44,6949.46,19012
LUMAXTECH,2026-09-28,2026.8,2032.0,78664,41238,52.42,1600.44,13884
CHAMBLFERT,2026-09-28,417.95,418.45,399648,209507,52.42,1672.25,12821
TCPLPACK,2026-09-28,4106.8,3987.8,6403,3355,52.4,257.01,1609
TTKPRESTIG,2026-09-28,524.4,513.85,26198,13718,52.36,134.98,2952
TIPSMUSIC,2026-09-28,668.95,657.35,201981,105761,52.36,1341.84,10356
BANKBARODA,2026-09-28,235.26,227.5,7031453,3679245,52.33,16155.85,63323
ASTRAMICRO,2026-09-28,1622.4,1590.1,117344,61372,52.3,1872.09,13689
ULTRAMAR,2026-09-28,425.3,419.1,24940,13042,52.29,105.83,1780
MIDWESTLTD,2026-09-28,929.5,899.9,42567,22244,52.26,388.01,3999
GHCLTEXTIL,2026-09-28,139.12,134.83,613654,320654,52.25,831.66,10065
INFY,2026-09-28,1000.2,1003.2,8567672,4476217,52.25,85576.95,166272
EIHOTEL,2026-09-28,294.7,295.1,150656,78710,52.24,441.41,6284
WELSPUNLIV,2026-09-28,224.68,227.95,4159923,2172237,52.22,9422.87,40185
BHARATRAS,2026-09-28,1096.8,1046.2,26011,13573,52.18,275.93,2502
SUNDRMFAST,2026-09-28,1178.9,1166.6,78217,40796,52.16,915.32,11621
SAKAR,2026-09-28,1135.85,1089.65,99939,52129,52.16,1101.85,7654
ADANIPOWER,2026-09-28,202.75,196.14,22266269,11610843,52.15,44123.34,107750
DEEDEV,2026-09-28,666.2,655.5,112383,58582,52.13,739.09,7179
AARTIPHARM,2026-09-28,939.55,914.0,528118,275169,52.1,4903.64,29840
HEMIPROP,2026-09-28,120.36,115.95,370669,193057,52.08,433.17,4179
HYUNDAI,2026-09-28,2115.0,2050.7,539910,281199,52.08,11121.09,31181
ADVANCE,2026-09-28,123.12,121.5,359371,187142,52.07,442.58,4999
TRITURBINE,2026-09-28,554.2,551.65,312561,162655,52.04,1729.03,34589
INOXINDIA,2026-09-28,2156.8,2051.1,200260,104221,52.04,4130.44,26243
DAVANGERE,2026-09-28,2.4,2.48,21983093,11439058,52.04,543.82,6156
VIJAYA,2026-09-28,1513.6,1501.4,104599,54397,52.01,1566.67,13454
IRMENERGY,2026-09-28,268.25,265.4,39509,20544,52.0,105.34,1974
EIDPARRY,2026-09-28,704.75,706.45,344029,178774,51.96,2415.6,19743
SAILIFE,2026-09-28,1592.2,1582.8,273968,142333,51.95,4341.91,25883
IRISDOREME,2026-09-28,66.15,62.78,364784,189492,51.95,233.81,3964
VETO,2026-09-28,150.32,147.7,243862,126686,51.95,366.44,4527
SHRIRAMPPS,2026-09-28,71.2,70.09,240054,124691,51.94,168.85,2575
INDIQUBE,2026-09-28,198.94,199.44,33774,17531,51.91,66.87,2021
INDIGO,2026-09-28,4940.0,4874.5,547789,284227,51.89,26731.46,61706
DBOL,2026-09-28,122.25,122.77,385520,200004,51.88,474.97,7624
PDSL,2026-09-28,357.65,349.5,103408,53641,51.87,365.88,8902
NIITMTS,2026-09-28,212.08,205.39,107682,55842,51.86,224.29,4073
NESCO,2026-09-28,1070.3,1086.4,101738,52736,51.84,1090.21,10062
INTERARCH,2026-09-28,1719.7,1706.2,84336,43722,51.84,1454.64,8318
PVRINOX,2026-09-28,1254.6,1225.0,396422,205462,51.83,4880.47,23230
NUVOCO,2026-09-28,335.45,325.85,220322,114194,51.83,729.79,13073
GRANDOAK,2026-09-28,34.77,34.1,1484,769,51.82,0.51,143
SPORTKING,2026-09-28,213.62,207.42,171667,88891,51.78,358.21,4785
CHOICEIN,2026-09-28,751.05,756.9,403447,208664,51.72,3059.67,8568
GRAVITA,2026-09-28,1495.4,1475.4,166667,86187,51.71,2467.36,17452
ITCHOTELS,2026-09-28,161.9,158.57,1335661,690511,51.7,2138.88,25608
HARSHA,2026-09-28,462.05,465.55,196133,101361,51.68,919.28,8909
INDIAMART,2026-09-28,1642.1,1637.0,30046,15528,51.68,490.1,4435
PLATIND,2026-09-28,210.64,205.91,32636,16863,51.67,67.54,1307
GKENERGY,2026-09-28,123.68,121.87,218807,113009,51.65,266.88,3277
ARROWGREEN,2026-09-28,905.8,891.85,23332,12049,51.64,207.58,2078
LMW,2026-09-28,17133.0,16966.0,3440,1776,51.63,584.28,1484
TATACAP,2026-09-28,339.15,328.1,1993842,1029230,51.62,6565.51,51040
CPPLUS,2026-09-28,3687.5,3723.4,164856,85069,51.6,6184.64,20767
YATRA,2026-09-28,103.84,101.67,710535,366575,51.59,728.65,20776
NKIND,2026-09-28,60.36,61.07,888,458,51.58,0.53,31
RITES,2026-09-28,199.31,196.11,286377,147725,51.58,562.62,10105
FDC,2026-09-28,341.0,343.6,136780,70517,51.56,467.13,4715
TIRUMALCHM,2026-09-28,160.93,155.04,387702,199568,51.47,606.1,6732
ARVINDFASN,2026-09-28,417.2,413.75,98851,50878,51.47,409.27,15096
KIRIINDUS,2026-09-28,557.5,541.95,589119,303184,51.46,3190.85,11535
HINDZINC,2026-09-28,588.95,573.0,3911892,2012786,51.45,22476.69,51182
GOPAL,2026-09-28,260.95,254.8,95815,49292,51.44,244.47,3056
63MOONS,2026-09-28,857.65,818.6,162896,83743,51.41,1354.27,7750
BAJAJFINSV,2026-09-28,1771.0,1752.0,536952,275968,51.4,9404.13,34298
SUDARSCHEM,2026-09-28,1218.9,1199.6,94601,48607,51.38,1138.23,8903
SOMANYCERA,2026-09-28,618.05,620.05,132882,68257,51.37,823.42,8706
ALKEM,2026-09-28,5274.0,5175.0,101714,52250,51.37,5294.16,14750
ORIRAIL,2026-09-28,121.12,126.15,74813,38411,51.34,93.18,1730
INDOKEM,2026-09-28,613.25,609.0,4289,2202,51.34,26.48,403
GLOTTIS,2026-09-28,65.62,62.44,111469,57207,51.32,72.04,1806
NAVNETEDUL,2026-09-28,122.76,121.73,91090,46717,51.29,111.29,2441
RAJRATAN,2026-09-28,472.5,460.95,49986,25637,51.29,230.83,3789
TVSSCS,2026-09-28,130.26,128.5,501981,257428,51.28,643.71,13749
CNL,2026-09-28,1098.2,1072.7,14391,7379,51.28,155.85,1782
GAUDIUMIVF,2026-09-28,115.22,112.2,214341,109907,51.28,241.66,2880
BLSE,2026-09-28,324.55,320.65,163636,83885,51.26,527.89,4416
JTEKTINDIA,2026-09-28,118.07,116.21,52991,27156,51.25,61.77,1227
PNB,2026-09-28,116.6,112.6,14250157,7298960,51.22,16191.86,47456
DEVYANI,2026-09-28,135.02,131.09,3775990,1931610,51.16,4968.27,36838
SONACOMS,2026-09-28,824.5,807.9,3616948,1850266,51.16,29592.29,63742
DCMSHRIRAM,2026-09-28,974.3,944.6,52544,26884,51.16,501.46,5824
SUBROS,2026-09-28,720.9,700.3,37760,19314,51.15,266.98,2725
GOKULAGRO,2026-09-28,221.89,216.16,231235,118271,51.15,503.69,7116
CDSL,2026-09-28,1318.0,1289.0,1109537,567150,51.12,14404.09,51573
SUNDRMBRAK,2026-09-28,670.1,698.8,2691,1375,51.1,19.01,260
POLYCAB,2026-09-28,8408.5,8191.0,274844,140387,51.08,22629.53,37375
FOSECOIND,2026-09-28,6468.0,6298.0,14930,7626,51.08,946.42,4263
KUSUMGAR,2026-09-28,626.7,617.35,265287,135472,51.07,1648.62,14933
VIRAT,2026-09-28,364.7,358.4,7137,3644,51.06,25.99,484
BLUEJET,2026-09-28,570.65,557.3,194888,99492,51.05,1095.6,10394
ELECTHERM,2026-09-28,873.35,806.65,69918,35676,51.03,562.59,2956
JKTYRE,2026-09-28,345.85,337.8,385055,196482,51.03,1306.16,12784
BALAJITELE,2026-09-28,93.85,93.87,66378,33856,51.0,62.33,1216
SJVN,2026-09-28,61.76,61.06,1991075,1014722,50.96,1214.06,19902
VIVIANA,2026-09-28,719.55,710.65,11081,5644,50.93,79.2,857
V2RETAIL,2026-09-28,214.72,211.22,682658,347643,50.92,1439.79,13473
AJANTPHARM,2026-09-28,3547.8,3525.2,97333,49555,50.91,3440.95,20196
OMAXAUTO,2026-09-28,200.24,200.55,107657,54807,50.91,220.54,2502
GRWRHITECH,2026-09-28,6640.0,6653.5,33997,17309,50.91,2263.28,8140
TTKHLTCARE,2026-09-28,1031.1,1013.6,16905,8604,50.9,172.19,2112
FUSION,2026-09-28,177.14,171.93,260948,132642,50.83,450.3,6892
PLASTIBLEN,2026-09-28,202.99,199.86,99546,50575,50.81,202.08,1988
ZAGGLE,2026-09-28,178.84,175.55,653784,332079,50.79,1151.12,7788
EMSLIMITED,2026-09-28,354.9,342.55,167167,84867,50.77,575.03,5890
AARTIIND,2026-09-28,489.25,476.6,270786,137436,50.75,1302.5,13650
OMNI,2026-09-28,533.95,525.85,406817,206418,50.74,2138.24,14568
REPL,2026-09-28,61.49,61.2,895,454,50.73,0.55,37
IMAGICAA,2026-09-28,52.29,51.29,350818,177971,50.73,181.02,2739
GNFC,2026-09-28,630.3,620.65,495792,251478,50.72,3083.76,17226
LTFOODS,2026-09-28,422.35,408.5,439195,222712,50.71,1805.06,18802
KMSUGAR,2026-09-28,32.46,32.67,750856,380132,50.63,251.59,4743
STYLAMIND,2026-09-28,3369.4,3281.3,51893,26268,50.62,1710.62,16068
CORDELIA,2026-09-28,105.21,102.64,826956,418292,50.58,856.83,8570
VGUARD,2026-09-28,304.35,307.25,383502,193984,50.58,1164.52,17904
NACLIND,2026-09-28,139.67,136.53,375804,190042,50.57,516.19,5578
LALPATHLAB,2026-09-28,1952.3,1942.1,137296,69423,50.56,2655.59,20174
MUTHOOTFIN,2026-09-28,2835.0,2760.0,804121,406431,50.54,22359.27,74591
NOCIL,2026-09-28,188.41,175.17,1513112,764550,50.53,2709.95,18054
MODIRUBBER,2026-09-28,121.62,121.0,1779,899,50.53,2.14,75
JNKINDIA,2026-09-28,420.4,420.0,127377,64274,50.46,525.01,5419
TRAVELFOOD,2026-09-28,1213.3,1203.0,22331,11266,50.45,268.68,4333
TMB,2026-09-28,881.9,861.75,164364,82917,50.45,1423.04,15418
ELIN,2026-09-28,88.57,87.29,65304,32944,50.45,57.21,1400
RECLTD,2026-09-28,312.95,303.25,6245559,3150774,50.45,19144.24,53535
ASTERDM,2026-09-28,759.4,747.35,538794,271780,50.44,4032.08,24677
BANARISUG,2026-09-28,3401.9,3383.7,2059,1038,50.41,70.15,471
SUPREMEINF,2026-09-28,81.29,79.72,35228,17750,50.39,28.12,1378
SAMMAANCAP,2026-09-28,140.61,138.82,2900128,1460029,50.34,4034.36,18616
IGIL,2026-09-28,330.55,323.15,352640,177341,50.29,1145.67,16124
BESTAGRO,2026-09-28,18.24,17.69,437086,219808,50.29,78.06,1465
AWFIS,2026-09-28,257.2,250.2,394018,198109,50.28,995.69,10673
JWL,2026-09-28,226.73,222.23,627764,315553,50.27,1403.2,13549
VEDL,2026-09-28,266.35,259.0,7437078,3738929,50.27,19370.43,88748
MAHSCOOTER,2026-09-28,13052.0,12804.0,2210,1111,50.27,283.94,852
MUFTI,2026-09-28,72.14,69.49,226314,113740,50.26,157.87,2559
VIKASECO,2026-09-28,1.04,1.03,1619424,813700,50.25,16.8,1045
ELGIEQUIP,2026-09-28,603.0,598.85,142523,71619,50.25,851.03,17698
RICOAUTO,2026-09-28,132.23,127.36,579322,290975,50.23,746.3,6964
DCXINDIA,2026-09-28,161.99,159.24,209370,105144,50.22,334.69,4942
VSSL,2026-09-28,411.5,407.75,108982,54716,50.21,446.91,5172
KRN,2026-09-28,1381.8,1387.4,106026,53237,50.21,1481.07,13711
MANBA,2026-09-28,139.35,137.68,148229,74431,50.21,205.07,921
MAHLIFE,2026-09-28,356.85,363.1,130765,65605,50.17,468.52,5754
KIRLPNU,2026-09-28,691.95,678.65,59000,29598,50.17,402.29,5915
MMP,2026-09-28,460.25,452.25,66556,33390,50.17,298.1,3383
STEELCAS,2026-09-28,376.5,370.75,197288,98987,50.17,736.59,8140
WENDT,2026-09-28,8646.0,8459.0,5304,2658,50.11,451.06,1616
ALOKINDS,2026-09-28,7.5,7.22,12166103,6093412,50.09,884.2,11085
TIPSFILMS,2026-09-28,341.45,331.8,26667,13355,50.08,94.1,1255
APEX,2026-09-28,347.6,338.65,99907,50025,50.07,340.29,3864
TEMBO,2026-09-28,58.28,57.75,1014268,507488,50.03,591.72,7726
LEMONTREE,2026-09-28,106.15,103.82,2501244,1250895,50.01,2600.24,22144
KANCOTEA,2026-09-28,54.0,54.55,2,1,50.0,0.0,2
INDUSINDBK,2026-09-28,912.2,909.7,1794894,897331,49.99,16176.15,43972
SIEMENS,2026-09-28,3877.0,3785.5,180360,90158,49.99,6864.95,14298
TSFINV,2026-09-28,456.85,434.7,48385,24171,49.96,213.41,3885
DRREDDY,2026-09-28,1201.0,1221.0,3401676,1699168,49.95,41500.88,135653
MAHABANK,2026-09-28,84.88,80.85,16655515,8317862,49.94,13578.39,86116
RKFORGE,2026-09-28,704.5,703.1,773078,386068,49.94,5449.05,27205
IKS,2026-09-28,1815.8,1768.4,137087,68459,49.94,2433.08,14019
DECNGOLD,2026-09-28,213.0,205.1,1084118,541430,49.94,2244.89,17142
CUB,2026-09-28,225.57,215.99,4824507,2407507,49.9,10415.37,69231
POWERICA,2026-09-28,582.95,562.95,142642,71164,49.89,807.96,8389
AEROENTER,2026-09-28,125.64,121.66,258602,129000,49.88,315.22,4257
SANSERA,2026-09-28,4662.4,4457.2,272710,135987,49.87,12338.75,48102
BOROSCI,2026-09-28,115.55,114.13,47604,23737,49.86,54.49,1010
ASTRAZEN,2026-09-28,6505.0,6280.0,10121,5044,49.84,639.74,3942
SRF,2026-09-28,2540.0,2491.5,183054,91242,49.84,4574.66,20298
WALCHANNAG,2026-09-28,210.99,203.03,303356,151169,49.83,622.35,6875
NETWORK18,2026-09-28,26.75,25.98,2723516,1356803,49.82,714.42,7269
AVTNPL,2026-09-28,92.58,86.61,493697,245920,49.81,434.34,4587
AUTOAXLES,2026-09-28,1709.8,1689.2,3695,1840,49.8,62.55,474
EMMVEE,2026-09-28,321.9,315.55,1009042,502186,49.77,3199.87,29318
CRIZAC,2026-09-28,182.79,177.14,97897,48673,49.72,173.93,3755
CCAVENUE,2026-09-28,15.89,15.41,6856447,3409351,49.72,1066.49,13029
THELEELA,2026-09-28,546.15,547.9,378363,188014,49.69,2055.98,17655
PFIZER,2026-09-28,4000.8,3968.0,21087,10475,49.68,837.78,5714
HCC,2026-09-28,21.26,20.55,10738113,5334984,49.68,2230.45,21769
MOL,2026-09-28,58.52,56.96,622304,309026,49.66,358.58,4240
RUBYMILLS,2026-09-28,491.85,510.6,95953,47632,49.64,489.86,3771
LAURUSLABS,2026-09-28,2007.0,2010.7,950451,471563,49.61,19045.56,39919
CASTROLIND,2026-09-28,201.67,201.04,4886805,2424156,49.61,9854.6,56557
WAAREERTL,2026-09-28,832.9,826.05,81752,40545,49.6,677.28,9119
ASHAPURMIN,2026-09-28,506.5,502.6,288640,142842,49.49,1458.56,10928
ADFFOODS,2026-09-28,270.6,266.6,33736,16697,49.49,90.12,1478
SBICARD,2026-09-28,611.2,591.0,1388562,687062,49.48,8266.38,29405
NGLFINE,2026-09-28,2906.1,2730.0,10634,5262,49.48,295.58,1888
ARCHIES,2026-09-28,12.3,12.58,59503,29437,49.47,7.52,305
KFINTECH,2026-09-28,888.8,884.05,393319,194516,49.46,3471.06,30368
GTLINFRA,2026-09-28,1.12,1.09,33531963,16562613,49.39,370.07,14139
JAYNECOIND,2026-09-28,88.55,87.98,2239053,1105875,49.39,1973.36,16962
EIHAHOTELS,2026-09-28,294.3,290.0,12242,6046,49.39,35.51,1042
TMCV,2026-09-28,441.5,432.95,4528303,2234809,49.35,19604.37,75334
KINGFA,2026-09-28,6237.5,6384.0,10603,5229,49.32,673.02,3493
MBAPL,2026-09-28,168.47,166.81,569002,280650,49.32,949.59,8200
RTNINDIA,2026-09-28,26.96,26.2,934636,460734,49.3,246.93,4838
RATNAMANI,2026-09-28,2778.3,2748.4,20543,10126,49.29,564.29,4827
SHARDAMOTR,2026-09-28,956.35,945.1,62487,30782,49.26,596.26,8342
GMMPFAUDLR,2026-09-28,1505.2,1480.1,191005,94080,49.26,2834.6,17561
KEEPLEARN,2026-09-28,1.85,1.87,108318,53352,49.25,2.03,121
PDMJEPAPER,2026-09-28,94.47,93.78,153447,75573,49.25,145.03,2574
IDEAFORGE,2026-09-28,729.85,716.4,115147,56706,49.25,827.5,6985
INTELLECT,2026-09-28,633.05,631.55,209648,103205,49.23,1324.65,12185
KRISHNADEF,2026-09-28,1006.8,995.8,55894,27506,49.21,560.27,5585
NILKAMAL,2026-09-28,1884.0,1918.0,31179,15343,49.21,596.62,5249
FINPIPE,2026-09-28,154.16,151.61,282696,139078,49.2,429.3,8883
APTECHT,2026-09-28,91.22,90.27,56446,27770,49.2,50.98,1249
LUXIND,2026-09-28,1174.7,1124.6,25674,12623,49.17,292.2,2564
DCW,2026-09-28,48.72,46.81,1385706,681217,49.16,659.62,7568
JIOFIN,2026-09-28,227.0,220.5,17931553,8812182,49.14,39804.35,151709
INDIANHUME,2026-09-28,357.45,350.35,22558,11085,49.14,79.31,1568
LTTS,2026-09-28,3206.1,3211.6,35810,17594,49.13,1140.88,8428
MARKOLINES,2026-09-28,169.78,168.21,91766,45083,49.13,155.64,682
SHRIPISTON,2026-09-28,4746.8,4645.3,132283,64923,49.08,6215.88,29645
PARKHOTELS,2026-09-28,104.9,103.57,449144,220455,49.08,469.13,9082
ABCAPITAL,2026-09-28,390.0,382.7,1840670,903159,49.07,7039.88,32062
CLEAN,2026-09-28,807.25,781.7,195349,95860,49.07,1541.8,13970
PITTIENG,2026-09-28,1162.4,1136.8,71436,35050,49.06,817.07,6489
BALPHARMA,2026-09-28,107.71,104.77,42035,20620,49.05,44.92,1035
CSBBANK,2026-09-28,333.7,323.75,316838,155396,49.05,1031.37,14091
RADIANTCMS,2026-09-28,35.67,35.7,219661,107720,49.04,77.93,1814
ARIHANTCAP,2026-09-28,93.34,89.81,314055,153882,49.0,285.02,3859
CAMS,2026-09-28,707.35,691.55,826842,405170,49.0,5775.24,37563
PONNIERODE,2026-09-28,399.8,390.0,53905,26405,48.98,214.84,3419
FLUOROCHEM,2026-09-28,4441.4,4443.7,33891,16586,48.94,1503.49,9884
ZIMLAB,2026-09-28,138.48,137.55,114414,55990,48.94,156.29,2140
JINDALSAW,2026-09-28,285.5,276.15,1099233,537803,48.93,3057.5,30169
SIGACHI,2026-09-28,29.43,28.77,1687256,825591,48.93,487.99,5757
LODHA,2026-09-28,1165.0,1117.1,1158114,566286,48.9,13098.93,31246
CARBORUNIV,2026-09-28,1278.5,1247.8,234625,114712,48.89,2946.17,18616
MUTHOOTMF,2026-09-28,181.56,178.84,130103,63588,48.88,233.71,2955
FINOPB,2026-09-28,128.25,127.23,121176,59222,48.87,154.26,1987
BORANA,2026-09-28,288.0,296.2,76390,37279,48.8,222.38,1274
ACEINTEG,2026-09-28,17.58,17.02,2277,1110,48.75,0.39,68
IIFL,2026-09-28,616.95,598.15,1208016,588918,48.75,7242.42,39232
DNAMEDIA,2026-09-28,2.53,2.47,9990,4867,48.72,0.25,72
BLS,2026-09-28,224.26,221.22,486201,236807,48.71,1080.52,11766
SMSPHARMA,2026-09-28,475.0,462.15,387779,188879,48.71,1811.53,20699
ORISSAMINE,2026-09-28,3734.7,3667.6,4393,2139,48.69,161.69,1139
SMLMAH,2026-09-28,6825.5,6515.5,67169,32706,48.69,4426.93,8684
ACUTAAS,2026-09-28,3272.5,3214.4,202322,98519,48.69,6496.2,32752
MOIL,2026-09-28,241.88,242.05,515276,250889,48.69,1241.75,11484
RACLGEAR,2026-09-28,1686.5,1613.1,29357,14288,48.67,479.48,5226
BSOFT,2026-09-28,274.05,271.25,1023070,497857,48.66,2788.79,20667
GAEL,2026-09-28,163.87,160.47,369358,179689,48.65,598.06,10790
VTMLTD,2026-09-28,41.53,38.07,348137,169368,48.65,137.66,2730
RATEGAIN,2026-09-28,827.75,828.7,175709,85466,48.64,1449.14,16160
IVALUE,2026-09-28,225.22,219.21,106937,51974,48.6,235.33,3455
CEIGALL,2026-09-28,384.1,378.55,153927,74769,48.57,582.89,3859
EXCELINDUS,2026-09-28,928.9,942.8,12794,6213,48.56,121.07,1433
VIDYAWIRES,2026-09-28,90.54,91.07,2421362,1174466,48.5,2248.63,19944
INFOBEAN,2026-09-28,146.55,144.42,125448,60805,48.47,181.58,2525
360ONE,2026-09-28,1073.0,1045.0,575628,278697,48.42,6050.2,39848
IRB,2026-09-28,17.68,17.14,13407269,6489376,48.4,2303.88,28646
HORIZONIND,2026-09-28,50.52,51.79,5041297,2439382,48.39,2574.76,45106
ORKLAINDIA,2026-09-28,555.95,554.3,52237,25277,48.39,288.96,5331
DIGITIDE,2026-09-28,78.57,76.55,214070,103577,48.38,164.24,2497
MMTC,2026-09-28,58.35,56.4,917770,443941,48.37,523.0,8499
BLEL,2026-09-28,456.75,445.1,262965,127209,48.37,1169.74,9499
BIKAJI,2026-09-28,573.95,557.9,56338,27247,48.36,317.32,4533
COROMANDEL,2026-09-28,1963.9,1899.1,58461,28268,48.35,1117.15,9769
DMCC,2026-09-28,305.35,302.8,144945,70060,48.34,446.2,3511
PAGEIND,2026-09-28,37695.0,37500.0,15742,7606,48.32,5899.11,7242
SAMHI,2026-09-28,159.19,150.16,1467903,708750,48.28,2234.05,17978
MOTHERSON,2026-09-28,165.71,162.37,9738841,4700012,48.26,15860.78,63537
JKPAPER,2026-09-28,408.45,398.15,174854,84335,48.23,700.66,8307
SUZLON,2026-09-28,40.8,39.66,67390402,32492526,48.22,26883.17,157896
AKUMS,2026-09-28,819.55,799.95,157385,75881,48.21,1267.97,11397
MANYAVAR,2026-09-28,532.5,541.3,165833,79935,48.2,891.41,9641
CELLO,2026-09-28,338.5,332.6,232646,112028,48.15,772.89,12042
HOMEFIRST,2026-09-28,1123.1,1094.0,200561,96537,48.13,2188.83,14925
COFORGE,2026-09-28,1784.0,1773.0,1102782,530747,48.13,19583.78,50208
J&KBANK,2026-09-28,146.1,142.25,1442913,694217,48.11,2071.41,19090
ROUTE,2026-09-28,463.0,453.45,137363,66082,48.11,626.07,6673
RTNPOWER,2026-09-28,7.0,6.86,13063775,6283289,48.1,902.24,15406
M&MFIN,2026-09-28,333.1,331.75,763309,367105,48.09,2524.14,23805
KENNAMET,2026-09-28,4207.2,4134.1,14285,6868,48.08,592.08,3183
POWERMECH,2026-09-28,2407.3,2364.3,24446,11751,48.07,581.22,5388
BRIGADE,2026-09-28,597.9,583.9,174680,83968,48.07,1025.38,13339
LTF,2026-09-28,284.0,280.85,5648582,2711765,48.01,15832.16,50199
ICIL,2026-09-28,445.75,440.2,254620,122236,48.01,1119.84,11222
ZYDUSWELL,2026-09-28,520.6,524.4,159657,76512,47.92,832.11,9881
CCL,2026-09-28,1044.4,1031.6,79845,38247,47.9,825.33,13730
TARACHAND,2026-09-28,48.46,47.44,26021,12462,47.89,12.45,1025
BLACKBUCK,2026-09-28,598.95,601.2,449313,215112,47.88,2708.21,33514
THANGAMAYL,2026-09-28,5134.5,5011.5,38858,18602,47.87,1961.78,11277
KRBL,2026-09-28,398.65,382.95,307046,146974,47.87,1188.78,9737
VPRPL,2026-09-28,32.5,31.09,849427,406409,47.85,265.45,3450
FMGOETZE,2026-09-28,482.6,458.65,165148,79004,47.84,771.95,5670
AGRITECH,2026-09-28,96.03,93.99,3768,1801,47.8,3.6,138
UNIVCABLES,2026-09-28,1494.0,1427.1,85584,40902,47.79,1236.26,7021
ENDURANCE,2026-09-28,2645.9,2700.4,83166,39742,47.79,2229.2,19709
KTKBANK,2026-09-28,335.5,321.85,1096413,523881,47.78,3573.53,24512
UTLSOLAR,2026-09-28,422.1,409.05,344148,164444,47.78,1400.24,16564
MOSCHIP,2026-09-28,204.07,200.21,922437,440656,47.77,1850.71,13408
EIEL,2026-09-28,198.85,193.0,431126,205868,47.75,838.6,10727
SANGHVIMOV,2026-09-28,456.0,444.3,182956,87364,47.75,825.74,7982
MPHASIS,2026-09-28,2234.0,2237.5,310054,148004,47.73,6910.69,17848
BOSCHLTD,2026-09-28,48250.0,47020.0,15211,7252,47.68,7180.12,6211
TEAMLEASE,2026-09-28,1173.0,1140.2,16754,7987,47.67,194.09,2853
SCHAEFFLER,2026-09-28,4007.7,3955.5,22236,10598,47.66,884.16,6688
TATAPOWER,2026-09-28,367.5,361.9,2982387,1421227,47.65,10807.24,37253
MEDANTA,2026-09-28,1495.4,1433.4,116663,55575,47.64,1685.51,16204
DOLPHIN,2026-09-28,687.45,648.0,25918,12348,47.64,171.42,2227
INDUSTOWER,2026-09-28,374.65,360.0,6106607,2908745,47.63,22199.59,76583
SPAL,2026-09-28,965.6,948.5,13590,6470,47.61,129.9,1457
HAPPSTMNDS,2026-09-28,310.5,307.15,375445,178768,47.61,1156.45,9745
MOTILALOFS,2026-09-28,1029.0,1011.6,709373,337427,47.57,7187.14,23334
FILATEX,2026-09-28,106.94,110.75,5372095,2554902,47.56,5903.34,31284
SAHLIBHFI,2026-09-28,77.55,75.61,15680,7455,47.54,12.03,499
JSFB,2026-09-28,535.25,499.2,1442186,685558,47.54,7305.43,36393
CHEMCON,2026-09-28,227.84,220.81,89506,42495,47.48,201.25,4591
JAICORPLTD,2026-09-28,94.43,92.18,214066,101627,47.47,197.89,3121
ONIXSOLAR,2026-09-28,337.85,339.8,699217,331706,47.44,2422.33,6714
PAYTM,2026-09-28,1674.0,1635.8,4017703,1905403,47.43,65984.94,88370
NHPC,2026-09-28,76.0,74.5,5560492,2636322,47.41,4165.94,30186
VERANDA,2026-09-28,232.59,238.02,433989,205588,47.37,1033.47,8461
SANDUMA,2026-09-28,184.79,181.51,530234,251125,47.36,971.45,10038
MAXESTATES,2026-09-28,594.65,571.85,91772,43465,47.36,532.02,5844
SAIPARENT,2026-09-28,503.95,509.95,95528,45233,47.35,482.88,5536
KANSAINER,2026-09-28,180.63,177.48,151243,71592,47.34,270.54,6364
NLCINDIA,2026-09-28,262.55,256.7,677193,320432,47.32,1742.53,15562
LIKHITHA,2026-09-28,230.23,228.63,53337,25230,47.3,120.94,1260
ALKYLAMINE,2026-09-28,1847.7,1799.8,35684,16880,47.3,646.07,9239
KEI,2026-09-28,4673.5,4516.0,219657,103866,47.29,10033.88,20137
MANIPALHOS,2026-09-28,727.5,722.5,624948,295483,47.28,4495.82,22814
BODALCHEM,2026-09-28,202.02,201.93,1094096,517069,47.26,2185.06,11568
SAATVIKGL,2026-09-28,427.45,422.4,87172,41158,47.21,368.36,2779
GANDHAR,2026-09-28,261.65,262.05,448095,211522,47.2,1169.65,6624
UBL,2026-09-28,1251.3,1217.4,42919,20252,47.19,526.68,6168
BIRLACABLE,2026-09-28,362.45,351.4,274080,129266,47.16,976.22,9571
LLOYDSENT,2026-09-28,79.67,76.33,2598056,1224419,47.13,2010.68,17711
SWIGGY,2026-09-28,264.85,256.0,11465546,5403164,47.13,29684.01,54505
MUNJALAU,2026-09-28,109.02,106.87,253364,119421,47.13,270.38,5377
SANDHAR,2026-09-28,574.0,576.55,117486,55373,47.13,679.8,10307
TRUALT,2026-09-28,441.9,458.15,648345,305421,47.11,2953.38,18267
IPL,2026-09-28,133.92,131.56,119058,56032,47.06,157.44,2129
RPEL,2026-09-28,1699.5,1703.9,54965,25861,47.05,935.84,8807
TDPOWERSYS,2026-09-28,751.55,722.0,2434320,1143857,46.99,17516.99,83275
MSTCLTD,2026-09-28,740.8,710.4,141919,66651,46.96,1023.18,6966
SHAILY,2026-09-28,3142.3,3033.5,115998,54435,46.93,3549.94,20452
ANDHRAPAP,2026-09-28,74.05,72.62,261464,122666,46.92,190.3,4609
SFL,2026-09-28,634.6,629.3,112029,52504,46.87,707.67,9834
BHEL,2026-09-28,418.95,411.9,7754932,3633503,46.85,31780.83,75691
KPRMILL,2026-09-28,1106.4,1101.2,85203,39909,46.84,938.17,11830
MANORAMA,2026-09-28,1872.8,1865.1,111389,52102,46.77,2076.86,18045
JSWHL,2026-09-28,11062.0,11026.0,1311,613,46.76,143.97,645
GARUDA,2026-09-28,176.87,178.81,360896,168744,46.76,644.31,6597
RGL,2026-09-28,167.47,163.23,337478,157702,46.73,554.67,5958
CLSEL,2026-09-28,294.7,285.75,29859,13947,46.71,85.96,1562
GPTINFRA,2026-09-28,114.43,116.27,284889,133001,46.69,333.23,6711
ANUP,2026-09-28,1677.1,1632.0,21183,9887,46.67,347.12,3616
TEGA,2026-09-28,2091.6,2011.5,267932,124974,46.64,5455.77,21611
ASHOKA,2026-09-28,113.12,110.17,537264,250532,46.63,594.3,5975
AAVAS,2026-09-28,1267.7,1282.4,88608,41316,46.63,1129.13,11538
SURAKSHA,2026-09-28,343.3,347.05,65448,30520,46.63,224.64,3160
ELANTAS,2026-09-28,13881.0,13819.0,2060,959,46.55,281.47,967
SHANKESH,2026-09-28,91.36,90.42,3144312,1463564,46.55,2894.86,22772
TBOTEK,2026-09-28,1696.9,1654.8,50648,23553,46.5,844.82,6720
DLF,2026-09-28,683.0,663.55,2765032,1285468,46.49,18471.3,50118
PURVA,2026-09-28,213.87,209.99,73425,34137,46.49,154.75,2048
DYCL,2026-09-28,456.95,435.15,348830,162171,46.49,1535.57,11960
BAJAJHCARE,2026-09-28,344.15,336.6,65708,30523,46.45,222.92,3169
LEAPIND,2026-09-28,139.92,135.36,1000238,464372,46.43,1366.63,12007
ACMESOLAR,2026-09-28,442.9,437.9,1868409,867111,46.41,8230.01,55004
GIPCL,2026-09-28,185.84,182.22,388632,180303,46.39,718.02,6866
APOLLOPIPE,2026-09-28,511.45,521.2,321445,149118,46.39,1643.13,8599
ABFRL,2026-09-28,49.14,47.59,3614922,1676436,46.38,1745.78,17145
MEDICO,2026-09-28,26.0,22.3,3562547,1651488,46.36,801.78,14291
SHARDACROP,2026-09-28,749.6,729.1,140897,65287,46.34,1035.23,11964
HONAUT,2026-09-28,33865.0,33855.0,2223,1030,46.33,748.28,1571
DSSL,2026-09-28,1021.2,1011.3,18485,8565,46.33,188.71,2230
20MICRONS,2026-09-28,217.58,212.94,65358,30278,46.33,140.13,2034
UDAYJEW,2026-09-28,162.91,167.02,48894,22649,46.32,81.82,630
STOVEKRAFT,2026-09-28,814.4,797.15,74356,34440,46.32,601.0,6204
RAMCOIND,2026-09-28,319.95,310.9,80799,37424,46.32,251.26,2917
AMBUJACEM,2026-09-28,383.8,374.35,1653664,765609,46.3,6225.65,30248
TAALTECH,2026-09-28,1085.4,1069.1,39471,18265,46.27,423.75,4224
BAJAJELEC,2026-09-28,318.95,314.65,96887,44763,46.2,305.19,4287
BIOCON,2026-09-28,382.15,374.9,2233035,1031765,46.2,8426.73,47232
DREDGECORP,2026-09-28,984.8,941.4,120105,55435,46.16,1147.63,8517
JUSTDIAL,2026-09-28,672.2,658.95,59714,27548,46.13,394.83,3044
ABBOTINDIA,2026-09-28,26955.0,26740.0,5515,2541,46.07,1482.37,3466
RAMCOCEM,2026-09-28,867.55,848.65,76181,35075,46.04,647.8,4721
PRAJIND,2026-09-28,315.9,311.95,307499,141543,46.03,959.92,9009
BECTORFOOD,2026-09-28,215.58,211.52,502149,231147,46.03,1066.33,13248
OBEROIRLTY,2026-09-28,1858.5,1830.0,364239,167622,46.02,6702.23,37241
TRIDENT,2026-09-28,23.12,22.93,2151775,990111,46.01,493.2,16655
JBMA,2026-09-28,586.6,571.05,131363,60382,45.97,756.95,8452
KSHINTL,2026-09-28,1035.5,984.55,321967,147999,45.97,3188.24,21890
YESBANK,2026-09-28,22.5,21.18,122415681,56264978,45.96,26341.13,195081
HINDCOPPER,2026-09-28,494.65,479.6,6075956,2791997,45.95,29209.32,104043
VINDHYATEL,2026-09-28,2719.8,2598.4,45643,20968,45.94,1197.99,5971
XELPMOC,2026-09-28,89.5,89.57,240719,110563,45.93,225.54,2834
GRSE,2026-09-28,2319.0,2245.3,389363,178759,45.91,8779.87,36361
MAPMYINDIA,2026-09-28,881.9,866.1,86698,39786,45.89,755.29,5872
KSB,2026-09-28,819.1,801.25,56073,25720,45.87,449.98,5001
IGARASHI,2026-09-28,422.8,416.2,38815,17800,45.86,161.39,1645
APOLLO,2026-09-28,395.6,408.3,11506533,5270547,45.8,46368.0,84269
CONCOR,2026-09-28,461.5,450.0,874795,400641,45.8,3962.83,25766
INDGN,2026-09-28,608.95,613.3,744751,340837,45.77,4546.49,30958
LICI,2026-09-28,409.05,400.65,5071575,2320686,45.76,20408.48,48195
EXICOM,2026-09-28,160.99,156.07,630042,288312,45.76,993.71,7713
SHINDL,2026-09-28,161.16,160.03,140272,64124,45.71,224.46,905
SOLARWORLD,2026-09-28,134.75,131.49,234233,107043,45.7,309.87,4131
3MINDIA,2026-09-28,33925.0,33415.0,1497,684,45.69,503.11,1027
PRSMJOHNSN,2026-09-28,116.31,115.15,245697,112173,45.66,285.36,3861
NDTV,2026-09-28,70.08,69.11,45424,20742,45.66,31.49,1289
ANANDRATHI,2026-09-28,2126.8,2146.2,394039,179799,45.63,8429.42,29492
BANG,2026-09-28,32.36,31.69,7680,3502,45.6,2.45,160
RAYMONDLSL,2026-09-28,687.6,672.0,219826,100227,45.59,1479.74,13823
STLNETWORK,2026-09-28,54.61,52.06,18589690,8472124,45.57,9874.82,37227
JYOTISTRUC,2026-09-28,9.03,8.75,9202902,4193596,45.57,816.68,9235
YASHO,2026-09-28,4234.1,4117.9,27243,12412,45.56,1126.64,7987
COMFINTE,2026-09-28,6.51,7.21,3901800,1777486,45.56,277.81,3797
VOEPL,2026-09-28,512.3,497.5,40513,18452,45.55,203.08,1845
SOLARINDS,2026-09-28,19745.0,19150.0,159878,72816,45.54,30756.77,36253
BFUTILITIE,2026-09-28,524.45,515.9,52699,23992,45.53,273.73,2571
NIITLTD,2026-09-28,88.5,86.92,142974,65075,45.52,124.31,2882
ASTRAL,2026-09-28,1399.0,1370.5,233641,106314,45.5,3206.88,16957
SAFARI,2026-09-28,1464.2,1453.2,23256,10578,45.49,337.06,4516
POLYMED,2026-09-28,1724.4,1636.7,216866,98636,45.48,3577.13,17583
UNIMECH,2026-09-28,1665.1,1616.2,154746,70381,45.48,2516.78,19163
AEROFLEX,2026-09-28,525.7,513.4,752491,341958,45.44,3873.96,23270
LICHSGFIN,2026-09-28,566.0,564.15,2923229,1327318,45.41,16631.89,37939
INDOSTAR,2026-09-28,218.64,210.85,47908,21748,45.4,102.09,1567
HTEL,2026-09-28,67.03,65.64,2730000,1238321,45.36,1773.65,20016
RAIN,2026-09-28,219.35,215.45,2291717,1039425,45.36,4914.05,18184
TANAA,2026-09-28,345.1,352.85,68391,31024,45.36,245.04,2785
NBCC,2026-09-28,82.86,80.21,5061781,2295361,45.35,4094.53,32584
TECHNOCRAF,2026-09-28,491.05,476.95,753134,341482,45.34,3626.0,16073
VIKRAN,2026-09-28,59.18,57.26,941790,426954,45.33,541.63,6294
SIMPLEXINF,2026-09-28,250.7,241.1,73641,33376,45.32,180.25,1630
EMCURE,2026-09-28,1950.6,1927.8,39044,17685,45.3,753.64,9105
DIXON,2026-09-28,13390.0,13640.0,571209,258513,45.26,77459.47,77236
SOUTHBANK,2026-09-28,49.95,48.64,15576178,7045985,45.24,7580.05,36471
CAPACITE,2026-09-28,191.14,184.41,251940,113936,45.22,468.65,7144
SAGILITY,2026-09-28,44.69,43.45,8041928,3634572,45.2,3515.16,22011
EASEMYTRIP,2026-09-28,5.92,5.97,14312003,6465212,45.17,861.98,9871
WIPL,2026-09-28,168.46,166.74,1034,467,45.16,1.74,42
JSWINFRA,2026-09-28,362.05,348.75,2908878,1312556,45.12,10267.87,51309
MIIL,2026-09-28,704.0,686.65,81192,36572,45.04,563.25,1142
EXIDEIND,2026-09-28,423.65,411.75,946136,425309,44.95,3936.59,26899
SENORES,2026-09-28,1355.2,1351.8,122013,54833,44.94,1654.34,12863
RHIM,2026-09-28,386.45,386.6,431637,193917,44.93,1672.14,14104
QUESS,2026-09-28,340.9,340.9,675128,303318,44.93,2303.23,21694
URBANCO,2026-09-28,168.99,161.21,5015852,2251854,44.89,8174.88,38664
OLECTRA,2026-09-28,1207.2,1173.8,334384,150084,44.88,3935.68,19816
EIMCOELECO,2026-09-28,2301.6,2268.9,16841,7559,44.88,385.06,2581
FREDUN,2026-09-28,1356.6,1387.0,44054,19769,44.87,606.14,4853
HSCL,2026-09-28,678.75,669.95,1391854,624584,44.87,9346.29,24564
MMFL,2026-09-28,616.15,604.5,70817,31765,44.86,428.46,3900
SKIPPER,2026-09-28,551.15,535.65,376724,168904,44.83,2038.88,12951
KAMATHOTEL,2026-09-28,237.13,233.18,60159,26970,44.83,140.47,1788
VINCOFE,2026-09-28,184.15,179.97,872679,390844,44.79,1583.3,11077
APARINDS,2026-09-28,17776.0,17263.0,128717,57595,44.75,22342.07,38534
AIIL,2026-09-28,559.6,548.25,112054,50066,44.68,614.82,8682
CMPDI,2026-09-28,210.2,204.58,777876,347419,44.66,1605.6,16621
TASTYBITE,2026-09-28,9856.0,9633.0,2106,940,44.63,203.25,850
RBA,2026-09-28,92.51,91.61,2484463,1108486,44.62,2298.59,25434
BHARATSE,2026-09-28,214.09,212.45,47085,20990,44.58,99.61,2687
BORORENEW,2026-09-28,455.15,452.25,308633,137452,44.54,1401.83,13618
ITI,2026-09-28,252.9,245.8,155783,69339,44.51,385.54,5240
JSWDULUX,2026-09-28,3199.6,3169.8,22945,10207,44.48,729.5,6111
REFEX,2026-09-28,285.8,275.8,197660,87851,44.45,551.25,4310
ELLEN,2026-09-28,368.5,359.05,491837,218574,44.44,1796.81,13101
LTM,2026-09-28,4083.0,4091.4,408185,181300,44.42,16699.52,29651
BEPL,2026-09-28,126.43,125.38,793822,352548,44.41,999.56,8755
GODREJAGRO,2026-09-28,657.8,642.5,107453,47700,44.39,696.76,10429
EQUITASBNK,2026-09-28,67.03,66.02,2363096,1049039,44.39,1552.39,21681
FISCHER,2026-09-28,34.29,34.08,782768,347427,44.38,268.66,3941
POEL,2026-09-28,145.34,141.35,30931,13711,44.33,44.17,1388
ARCIL,2026-09-28,144.49,142.71,1960009,868425,44.31,2798.66,31209
HUDCO,2026-09-28,173.99,168.66,1537626,680830,44.28,2616.01,21728
PIRAMALFIN,2026-09-28,2142.7,2149.0,328989,145640,44.27,6950.84,41510
DATAMATICS,2026-09-28,807.6,784.2,116301,51466,44.25,937.77,6017
PETRONET,2026-09-28,286.5,289.85,2937411,1299657,44.24,8502.26,47968
SERVOTECH,2026-09-28,70.76,72.34,650379,287658,44.23,464.18,7512
TIMEX,2026-09-28,732.05,703.65,345455,152774,44.22,2465.81,24089
EMKAY,2026-09-28,270.35,288.7,282771,124966,44.19,812.3,6709
RADICO,2026-09-28,4557.1,4478.3,127711,56439,44.19,5769.44,18555
NELCAST,2026-09-28,118.39,116.65,615117,271614,44.16,738.54,8170
WABAG,2026-09-28,2008.4,1977.2,213653,94217,44.1,4236.07,16588
STARHEALTH,2026-09-28,558.15,552.5,369082,162337,43.98,2042.68,17523
PARADEEP,2026-09-28,155.49,155.7,1861368,817112,43.9,2894.21,27963
PARAGMILK,2026-09-28,268.9,274.95,2359330,1033341,43.8,6392.11,35083
INOXGREEN,2026-09-28,172.32,170.0,1232418,539661,43.79,2086.99,8820
SHIVALIK,2026-09-28,408.45,407.95,81065,35492,43.78,337.3,4644
PRICOLLTD,2026-09-28,759.4,753.1,193298,84628,43.78,1461.31,13763
MSUMI,2026-09-28,34.29,34.8,14877991,6512322,43.77,5126.06,47835
IEX,2026-09-28,112.7,111.35,2050585,896901,43.74,2289.27,21826
EKI,2026-09-28,100.99,91.15,141967,62085,43.73,138.25,2783
SHREEJISPG,2026-09-28,752.45,752.8,798667,349141,43.72,6028.39,10318
MUFIN,2026-09-28,133.02,130.16,478600,209257,43.72,624.19,3578
CONFIPET,2026-09-28,88.28,85.65,2014979,879988,43.67,1750.79,19935
MASTEK,2026-09-28,1582.8,1555.9,46247,20185,43.65,720.99,6203
GKSL,2026-09-28,178.02,174.83,307001,133818,43.59,535.88,5020
ADANIENSOL,2026-09-28,1338.5,1287.9,1230234,535732,43.55,16088.32,31106
GALLANTT,2026-09-28,545.1,536.55,33004,14365,43.53,177.67,2595
MUKANDLTD,2026-09-28,167.05,171.03,1597471,693920,43.44,2738.12,19612
RSL,2026-09-28,183.46,167.41,799193,347201,43.44,1357.65,14117
AZAD,2026-09-28,2728.0,2723.2,439192,190745,43.43,12003.3,32397
ORCHPHARMA,2026-09-28,1064.9,1023.4,60169,26126,43.42,626.89,8415
ANDHRSUGAR,2026-09-28,95.41,95.13,345913,150128,43.4,330.6,5975
RATNAVEER,2026-09-28,333.95,330.95,5822738,2525101,43.37,19326.98,32923
SPLPETRO,2026-09-28,880.0,864.85,90838,39368,43.34,787.79,6002
BDL,2026-09-28,1140.0,1115.0,1314080,569213,43.32,14707.43,58833
LCL,2026-09-28,594.7,570.2,312247,135092,43.26,1802.84,17774
STYL,2026-09-28,381.85,370.35,99818,43168,43.25,369.32,3840
NEULANDLAB,2026-09-28,21890.0,21440.0,18960,8196,43.23,4089.38,8171
JASH,2026-09-28,593.85,588.75,241237,104178,43.18,1422.64,8739
VMART,2026-09-28,760.1,766.5,62516,26949,43.11,475.58,8454
DISAQ,2026-09-28,11773.0,11972.0,123,53,43.09,14.62,81
ACE,2026-09-28,1226.6,1212.9,230428,99099,43.01,2788.71,22380
AGI,2026-09-28,803.35,804.8,141280,60743,42.99,1148.12,12669
WSTCSTPAPR,2026-09-28,731.9,722.35,120599,51831,42.98,877.94,9752
LAMBODHARA,2026-09-28,144.57,135.19,37259,16009,42.97,50.77,1284
WIPRO,2026-09-28,164.02,161.56,10309220,4426063,42.93,16718.69,83152
AMAGI,2026-09-28,575.65,560.0,197959,84984,42.93,1116.2,9084
AMBIKCO,2026-09-28,1546.1,1568.0,11978,5134,42.86,185.9,1555
IDBI,2026-09-28,84.4,84.39,14951776,6405369,42.84,12606.66,42196
PPLPHARMA,2026-09-28,210.31,206.59,2664801,1141134,42.82,5549.3,36391
STEELXIND,2026-09-28,11.29,11.1,5126545,2194560,42.81,571.45,3982
WAAREEENER,2026-09-28,2495.0,2455.0,581069,248662,42.79,14324.59,37665
KOTYARK,2026-09-28,31.2,26.47,1861015,795888,42.77,489.07,2922
RELAXO,2026-09-28,297.0,290.75,113003,48306,42.75,330.44,6068
GALAPREC,2026-09-28,1148.6,1140.2,38862,16595,42.7,444.07,4044
DIFFNKG,2026-09-28,430.45,444.15,170596,72773,42.66,746.28,7161
PSPPROJECT,2026-09-28,806.65,779.1,74336,31700,42.64,585.12,4638
YUKEN,2026-09-28,1127.6,1125.85,14989,6384,42.59,167.15,1686
WEIZMANIND,2026-09-28,73.0,72.54,1098,467,42.53,0.81,24
RPOWER,2026-09-28,20.57,19.96,15330993,6512987,42.48,3090.67,30213
JINDALPOLY,2026-09-28,694.1,679.65,10293,4371,42.47,70.63,972
HIKAL,2026-09-28,217.58,208.8,611079,259508,42.47,1298.74,11320
ADANIENT,2026-09-28,2916.5,2831.1,1259525,534014,42.4,35825.88,67068
IONEXCHANG,2026-09-28,420.15,422.9,239259,101371,42.37,1001.11,17269
SONATSOFTW,2026-09-28,279.9,274.05,261810,110936,42.37,720.38,8185
BELRISE,2026-09-28,247.92,248.62,4151643,1758301,42.35,10360.24,53097
GNA,2026-09-28,617.65,594.7,539198,228359,42.35,3229.74,17606
INDNIPPON,2026-09-28,1318.2,1290.6,41621,17627,42.35,542.42,5376
CUBEXTUB,2026-09-28,152.24,167.46,1078676,456769,42.35,1768.77,8956
KITEX,2026-09-28,117.68,116.13,316717,134056,42.33,368.57,4148
JUBLPHARMA,2026-09-28,1071.95,1060.45,95393,40370,42.32,1010.52,9379
BANKINDIA,2026-09-28,137.94,129.99,10521208,4452515,42.32,13890.33,53550
ATHERENERG,2026-09-28,1497.0,1454.9,3051399,1290640,42.3,45054.24,81477
VIMTALABS,2026-09-28,599.3,585.35,79991,33807,42.26,474.4,5856
TATATECH,2026-09-28,703.05,707.05,880603,372054,42.25,6192.46,48499
SUNDARMFIN,2026-09-28,4508.0,4453.4,30546,12907,42.25,1352.06,8116
NSLNISP,2026-09-28,42.17,41.78,7341732,3101897,42.25,3106.83,26355
NEOGEN,2026-09-28,2385.2,2396.3,175449,74042,42.2,4211.88,19996
AYE,2026-09-28,167.25,162.49,747879,315486,42.18,1213.44,18682
CMLL,2026-09-28,516.85,524.8,424733,179158,42.18,2222.05,12373
TFCILTD,2026-09-28,138.31,139.68,21011736,8859934,42.17,29198.51,49484
POWERINDIA,2026-09-28,31035.0,30260.0,64781,27308,42.15,19632.18,19469
MFSL,2026-09-28,1458.0,1444.0,455773,192088,42.15,6581.81,29597
ASIANENE,2026-09-28,487.75,474.15,295542,124491,42.12,1423.66,10122
GRAUWEIL,2026-09-28,88.02,83.96,947799,398212,42.01,810.33,9191
LALITHAA,2026-09-28,366.35,357.15,7423508,3116730,41.98,26348.14,53292
PCBL,2026-09-28,339.6,332.55,905372,379795,41.95,3021.28,24513
LUMAXIND,2026-09-28,5769.0,5676.0,9100,3817,41.95,515.66,3360
SSWL,2026-09-28,378.75,388.65,1382064,579614,41.94,5339.54,36849
KPL,2026-09-28,3672.3,3576.9,29057,12184,41.93,1044.87,6213
BOMDYEING,2026-09-28,109.83,107.39,244074,102105,41.83,262.73,3091
CENTUM,2026-09-28,4802.3,4571.2,62217,26000,41.79,2884.41,13340
PANAMAPET,2026-09-28,473.4,467.35,97078,40513,41.73,458.96,4860
TCS,2026-09-28,2082.0,2070.7,2457049,1025136,41.72,50941.59,109560
KSOLVES,2026-09-28,248.5,245.5,76933,32077,41.69,191.04,4590
MVGJL,2026-09-28,224.38,215.94,280855,116976,41.65,615.91,6383
JARO,2026-09-28,442.95,423.4,117174,48752,41.61,506.06,4200
SANOFICONR,2026-09-28,3945.3,3976.2,8695,3618,41.61,340.73,2007
JAINREC,2026-09-28,286.85,281.75,413232,171939,41.61,1168.02,10127
XTRANET,2026-09-28,300.79,285.76,995113,413967,41.6,2908.26,12247
PANCHMAHQ,2026-09-28,290.1,298.0,89,37,41.57,0.26,14
POCL,2026-09-28,466.8,452.65,274088,113919,41.56,1255.71,12270
BATAINDIA,2026-09-28,629.8,624.7,118577,49265,41.55,745.09,8742
ENRIN,2026-09-28,3313.0,3189.0,306877,127299,41.48,9868.5,36239
SANGAMIND,2026-09-28,619.9,629.3,89480,37105,41.47,558.54,4704
SANATHAN,2026-09-28,523.2,517.55,74280,30792,41.45,389.07,4685
HMAAGRO,2026-09-28,23.98,24.02,2692734,1116061,41.45,655.88,7569
TRIVENI,2026-09-28,247.55,242.4,601490,249089,41.41,1460.33,15371
CAMPUS,2026-09-28,209.99,211.04,325125,134599,41.4,684.02,7167
IOB,2026-09-28,31.98,31.74,3114292,1288918,41.39,986.79,14980
COHANCE,2026-09-28,459.25,453.3,568862,235369,41.38,2576.2,19893
CROMPTON,2026-09-28,218.6,218.8,2511271,1038549,41.36,5481.25,31897
BLUSPRING,2026-09-28,145.12,149.44,690632,285402,41.32,1011.54,9627
USHAMART,2026-09-28,518.8,508.0,418148,172614,41.28,2121.85,17902
SARDAEN,2026-09-28,493.15,501.3,558287,230344,41.26,2778.71,20490
MIDHANI,2026-09-28,405.05,416.0,1357247,559483,41.22,5539.21,28041
PERSISTENT,2026-09-28,5372.0,5328.5,335528,138283,41.21,17867.55,27171
MOMSBELIEF,2026-09-28,232.85,223.01,97668,40253,41.21,220.02,2159
KDDL,2026-09-28,4033.4,4014.1,41785,17216,41.2,1687.04,8809
PRUDENT,2026-09-28,3097.9,3171.3,27084,11147,41.16,847.15,9364
RKEC,2026-09-28,24.26,22.78,140522,57721,41.08,32.89,1117
RISHABH,2026-09-28,711.8,713.5,110949,45559,41.06,798.73,7724
SHILPAMED,2026-09-28,1013.45,1025.25,678050,278356,41.05,6915.53,33055
AVANTEL,2026-09-28,155.94,151.37,866613,355730,41.05,1326.3,11806
UNIONBANK,2026-09-28,180.2,171.75,8523339,3497277,41.03,14807.47,56855
AWHCL,2026-09-28,378.35,367.65,78194,32044,40.98,289.84,5002
NFL,2026-09-28,66.67,65.76,540217,221305,40.97,354.86,4238
ASTEC,2026-09-28,739.0,711.8,27961,11449,40.95,200.56,2174
SHRINGARMS,2026-09-28,214.06,218.04,962367,393864,40.93,2138.54,14697
SANSTAR,2026-09-28,108.42,106.9,176706,72307,40.92,191.16,2590
TEXRAIL,2026-09-28,125.67,123.14,2140844,876010,40.92,2665.9,23457
IRFC,2026-09-28,79.95,78.55,8559481,3498801,40.88,6755.46,45146
JYOTICNC,2026-09-28,1065.1,1046.1,1202568,491661,40.88,12575.12,51329
RPTECH,2026-09-28,893.0,883.95,253607,103686,40.88,2227.21,18233
RTSPOWR,2026-09-28,104.59,125.5,114320,46697,40.85,141.89,1034
ASHIANA,2026-09-28,389.7,388.8,31231,12744,40.81,120.16,1303
EXCELSOFT,2026-09-28,86.62,84.13,987832,402444,40.74,839.33,9413
SAKSOFT,2026-09-28,141.52,141.81,166026,67549,40.69,236.37,4038
AJAXENGG,2026-09-28,607.75,589.9,174202,70857,40.68,1034.02,9873
CHALET,2026-09-28,881.35,868.95,69472,28250,40.66,604.75,9951
ARVIND,2026-09-28,549.05,543.6,227662,92429,40.6,1244.23,10895
FINCABLES,2026-09-28,1460.9,1408.1,431897,175326,40.59,6141.04,26980
PTCIL,2026-09-28,21810.0,21685.0,8445,3425,40.56,1830.11,3036
HDFCLIFE,2026-09-28,531.0,531.6,2307139,935818,40.56,12225.23,37522
INDIACEM,2026-09-28,323.1,312.4,151875,61560,40.53,478.29,9219
NUVAMA,2026-09-28,1681.4,1640.6,516479,209155,40.5,8428.81,59029
ZYDUSLIFE,2026-09-28,1203.9,1215.0,3986338,1613630,40.48,48535.82,80209
NATIONALUM,2026-09-28,358.7,349.0,7127278,2881854,40.43,24759.39,70375
JAMNAAUTO,2026-09-28,138.2,139.68,3679842,1481924,40.27,5116.7,44352
HONASA,2026-09-28,465.5,466.05,1531653,616477,40.25,7206.6,38108
WOCKPHARMA,2026-09-28,2265.6,2187.6,649952,261101,40.17,14380.95,40009
ANUHPHR,2026-09-28,90.42,89.46,105107,42209,40.16,95.05,2618
HERANBA,2026-09-28,187.6,179.94,103604,41577,40.13,190.05,3293
BEML,2026-09-28,2036.5,1995.1,214132,85870,40.1,4269.01,18556
GCSL,2026-09-28,653.45,667.35,273458,109612,40.08,1822.21,4710
VENKEYS,2026-09-28,1652.8,1632.8,35873,14372,40.06,592.32,5052
TALBROAUTO,2026-09-28,457.35,437.85,490697,196495,40.04,2135.0,19184
NELCO,2026-09-28,976.5,916.45,302700,121174,40.03,2827.45,11591
RBLBANK,2026-09-28,415.05,407.0,1955370,782506,40.02,7976.39,37800
PACEDIGITK,2026-09-28,166.35,161.81,548301,219451,40.02,895.38,7398
NRAIL,2026-09-28,677.25,647.6,61627,24653,40.0,419.75,4506
FIVESTAR,2026-09-28,520.95,518.35,382316,152756,39.96,1983.97,20989
NIBE,2026-09-28,1261.4,1237.4,39680,15842,39.92,491.41,3275
BBTC,2026-09-28,1435.2,1415.7,30398,12133,39.91,431.46,3733
HATSUN,2026-09-28,1165.3,1119.4,33878,13505,39.86,383.52,4622
JPPOWER,2026-09-28,15.87,15.52,31879871,12708013,39.86,4979.33,1559174
SILVERTUC,2026-09-28,147.79,145.8,388655,154440,39.74,584.03,8542
IOLCP,2026-09-28,204.19,196.29,1563045,620469,39.7,3106.6,20568
MANAPPURAM,2026-09-28,334.0,313.0,8621230,3412915,39.59,27344.93,53547
MCX,2026-09-28,3324.9,3263.5,1090601,431641,39.58,35787.93,66667
IRCON,2026-09-28,105.95,103.25,1970376,779123,39.54,2050.77,23126
THOMASCOTT,2026-09-28,248.65,238.35,59885,23655,39.5,142.95,1729
JKCEMENT,2026-09-28,5000.0,4993.5,13802,5451,39.49,688.11,4250
ROLEXRINGS,2026-09-28,195.35,193.45,3173757,1253047,39.48,6161.05,41907
TNPETRO,2026-09-28,132.93,124.99,1372872,541154,39.42,1765.82,17554
AARTIDRUGS,2026-09-28,427.4,429.65,442110,174279,39.42,1915.48,11592
AGARWALEYE,2026-09-28,500.0,503.6,341212,134385,39.38,1702.8,18399
PENIND,2026-09-28,184.9,182.17,1179459,463865,39.33,2201.25,20688
COCHINSHIP,2026-09-28,1377.0,1329.0,450410,177003,39.3,6060.07,22069
JAYBARMARU,2026-09-28,121.55,122.52,415170,163110,39.29,504.87,6677
SPARC,2026-09-28,209.05,202.85,1280826,502705,39.25,2631.36,22107
BLUESTARCO,2026-09-28,1565.0,1575.4,1477339,579226,39.21,23256.74,57895
GODREJPROP,2026-09-28,1700.1,1669.8,422392,165265,39.13,7090.36,22518
JAYKAY,2026-09-28,203.75,203.81,696840,272275,39.07,1435.11,14215
KARAMTARA,2026-09-28,358.7,357.8,1700000,662974,39.0,6110.95,33929
SAMBHV,2026-09-28,159.12,154.0,3011715,1171485,38.9,4671.45,34534
BANDHANBNK,2026-09-28,187.7,181.0,8979766,3492325,38.89,16479.11,42435
VAKRANGEE,2026-09-28,5.27,5.18,1085217,421111,38.8,56.07,2236
NTPCGREEN,2026-09-28,93.47,92.21,1621500,628316,38.75,1490.49,25462
TRANSRAILL,2026-09-28,469.25,449.65,454996,176275,38.74,2074.03,19536
INDOAMIN,2026-09-28,136.5,137.47,1045793,405007,38.73,1509.67,12949
CYIENT,2026-09-28,1094.7,1082.3,246850,95530,38.7,2655.32,20870
SANOFI,2026-09-28,3140.2,3103.5,15027,5814,38.69,466.57,3554
NEWGEN,2026-09-28,485.3,474.4,347520,134300,38.65,1664.0,14120
REMSONSIND,2026-09-28,116.8,120.39,1550404,598969,38.63,1910.05,30108
ALPINETEX,2026-09-28,49.06,48.36,212831,82148,38.6,103.86,3047
BSE,2026-09-28,3191.5,3097.5,3931632,1517605,38.6,122809.9,171912
RHETAN,2026-09-28,15.17,15.91,66655760,25714691,38.58,10001.44,44572
MAHLOG,2026-09-28,420.25,421.8,461716,178061,38.57,1972.93,16883
ADOR,2026-09-28,1638.9,1611.7,34159,13172,38.56,552.02,4571
INDIANB,2026-09-28,832.0,802.45,746603,287813,38.55,6064.01,33662
VASCONEQ,2026-09-28,34.76,34.96,1507212,580384,38.51,529.13,7761
GAJA,2026-09-28,142.26,140.93,364817,140494,38.51,514.64,5240
RRKABEL,2026-09-28,2528.3,2459.8,140717,54155,38.49,3485.85,17283
PIIND,2026-09-28,2400.0,2349.0,113053,43489,38.47,2660.6,12253
SUPRIYA,2026-09-28,985.2,984.75,441132,169380,38.4,4366.5,28783
EBGNG,2026-09-28,669.0,672.15,598831,229704,38.36,3964.27,28477
TATASTEEL,2026-09-28,187.97,186.3,13628891,5216873,38.28,25442.66,95141
GMDCLTD,2026-09-28,538.0,522.25,726751,277469,38.18,3822.3,22191
PREMIERPOL,2026-09-28,95.4,92.81,300547,114736,38.18,281.96,5157
INNOVACAP,2026-09-28,1281.0,1271.2,60672,23138,38.14,778.66,8715
REDTAPE,2026-09-28,121.05,119.97,333312,127024,38.11,396.82,6718
AEGISLOG,2026-09-28,1365.4,1308.1,373930,142415,38.09,4962.37,25056
BPL,2026-09-28,44.98,46.41,248463,94421,38.0,118.48,3780
NBIFIN,2026-09-28,1926.4,1948.2,100,38,38.0,1.94,65
WINDLAS,2026-09-28,1102.55,1102.55,116391,44175,37.95,1303.47,9846
GRAPHITE,2026-09-28,820.7,799.0,1013536,382181,37.71,8121.26,26702
RPGLIFE,2026-09-28,3050.6,2955.1,46167,17408,37.71,1383.48,8564
GMRP&UI,2026-09-28,102.68,101.9,2458573,926980,37.7,2470.84,24990
EPACK,2026-09-28,180.32,178.23,345012,129892,37.65,621.75,6549
LXCHEM,2026-09-28,181.42,177.47,881484,331755,37.64,1581.78,15408
CPL,2026-09-28,63.23,62.86,39108,14714,37.62,24.68,1432
AVANTIFEED,2026-09-28,753.15,741.5,145610,54733,37.59,1085.12,12652
GODIGIT,2026-09-28,253.7,263.25,4342796,1632671,37.59,11425.78,65469
ROSSTECH,2026-09-28,1402.7,1398.8,151249,56820,37.57,2077.21,15324
REGAAL,2026-09-28,89.98,88.56,330994,124270,37.54,292.63,4411
GOODLUCK,2026-09-28,525.65,522.0,283018,106256,37.54,1481.09,14076
GANECOS,2026-09-28,1028.6,1019.2,44994,16888,37.53,460.64,4019
ONEPOINT,2026-09-28,69.6,69.43,2560171,958458,37.44,1798.23,19034
ZENTEC,2026-09-28,1682.4,1642.8,181301,67829,37.41,2986.16,16618
GRINFRA,2026-09-28,812.4,799.3,13514,5052,37.38,108.53,1404
SOLEX,2026-09-28,705.2,695.45,38106,14235,37.36,266.88,3266
WESTLIFE,2026-09-28,578.1,579.85,91864,34288,37.32,531.16,8586
PATANJALI,2026-09-28,403.95,390.8,3491544,1302564,37.31,13749.42,43812
ALEMBICLTD,2026-09-28,106.53,106.91,828763,308887,37.27,886.98,9615
KPITTECH,2026-09-28,519.4,509.0,896865,334206,37.26,4579.09,24990
BPLPHARMA,2026-09-28,1898.0,2149.8,155526,57941,37.25,3367.06,10801
TATVA,2026-09-28,1793.2,1760.2,210374,78325,37.23,3772.25,21201
SUNSHINE,2026-09-28,437.45,448.85,402578,149718,37.19,1796.59,7195
PRIMO,2026-09-28,25.28,28.13,4154950,1543474,37.15,1166.5,22983
RENTOMOJO,2026-09-28,507.75,491.35,1705723,633585,37.14,8463.99,66795
KALAMANDIR,2026-09-28,77.19,78.14,691738,256201,37.04,541.12,7632
KHAICHEM,2026-09-28,49.59,49.51,324044,119987,37.03,162.7,4361
RML,2026-09-28,1322.3,1325.9,46931,17364,37.0,628.2,5671
DEEPINDS,2026-09-28,781.1,768.0,157606,58275,36.98,1215.33,10763
YATHARTH,2026-09-28,1121.4,1100.4,325159,120214,36.97,3599.04,21008
SINDHUTRAD,2026-09-28,23.75,23.24,235226,86946,36.96,54.83,947
RIIL,2026-09-28,694.55,685.6,50453,18631,36.93,346.21,2571
ADANIGREEN,2026-09-28,1296.6,1235.0,1819424,671705,36.92,22745.18,55306
KISSHT,2026-09-28,348.4,344.9,930341,343382,36.91,3184.4,34892
PWL,2026-09-28,134.36,128.07,7121679,2626511,36.88,9179.79,64094
WELCORP,2026-09-28,2832.4,2739.7,1348785,496569,36.82,37133.96,86411
BHARATWIRE,2026-09-28,164.97,166.35,282155,103830,36.8,472.55,5867
BALUFORGE,2026-09-28,506.8,495.1,359232,132210,36.8,1783.17,15893
PRIORITY,2026-09-28,311.73,300.93,479443,176438,36.8,1492.52,12612
INOXWIND,2026-09-28,74.75,72.0,5854850,2151568,36.75,4287.25,26519
ITDC,2026-09-28,679.7,662.5,60121,22059,36.69,399.67,5269
CHEMPLASTS,2026-09-28,197.47,195.88,342125,125449,36.67,675.19,5771
CAPLIPOINT,2026-09-28,2835.1,2854.0,121333,44444,36.63,3446.46,19933
CRISIL,2026-09-28,4520.0,4650.6,135575,49605,36.59,6283.09,23407
RPSGVENT,2026-09-28,837.3,842.05,50604,18495,36.55,427.4,3464
KIOCL,2026-09-28,340.75,331.0,74732,27310,36.54,249.85,2310
CYIENTDLM,2026-09-28,931.4,917.95,274823,100264,36.48,2543.13,23605
PGIL,2026-09-28,1329.1,1296.1,208612,75863,36.37,2763.15,21828
OMAXE,2026-09-28,118.53,110.27,1131311,411019,36.33,1263.46,13143
SAPPHIRE,2026-09-28,223.61,216.68,398448,144263,36.21,865.89,9882
FAZE3Q,2026-09-28,434.05,427.25,11495,4155,36.15,49.21,891
PAISALO,2026-09-28,89.02,79.6,37593061,13572112,36.1,29843.74,105341
ADVAIT,2026-09-28,1906.0,1867.4,48498,17485,36.05,911.02,7757
STEAMHOUSE,2026-09-28,110.81,107.57,3252011,1168063,35.92,3539.2,18469
HERITGFOOD,2026-09-28,407.4,402.05,233359,83778,35.9,941.85,8642
SOLARA,2026-09-28,739.15,736.3,265881,95371,35.87,1956.71,13446
EMIL,2026-09-28,200.22,192.89,4333655,1549512,35.76,8520.36,58422
HINDOILEXP,2026-09-28,173.38,172.98,487798,174028,35.68,849.57,9753
AVALON,2026-09-28,2328.5,2310.2,134421,47883,35.62,3129.46,18961
RUBFILA,2026-09-28,63.31,62.37,37446,13326,35.59,23.56,690
PROSTARM,2026-09-28,141.17,136.33,248177,88295,35.58,342.99,4593
BLUEDART,2026-09-28,4746.5,4749.6,6178,2197,35.56,291.97,1717
RANASUG,2026-09-28,14.41,13.86,278831,99117,35.55,39.66,1112
FCL,2026-09-28,60.48,57.4,28793221,10226720,35.52,16714.8,87965
KERNEX,2026-09-28,1693.5,1713.8,165356,58695,35.5,2809.32,14293
ANANTRAJ,2026-09-28,617.4,607.95,1047967,371236,35.42,6395.39,27318
CAPILLARY,2026-09-28,599.45,576.35,156151,55154,35.32,914.19,6874
KMEW,2026-09-28,2865.1,2876.9,55763,19629,35.2,1598.9,9746
CARTRADE,2026-09-28,3002.6,2880.1,332576,116420,35.01,9738.72,37591
SYRMA,2026-09-28,1732.6,1746.4,1859395,648333,34.87,32583.43,80042
ARMANFIN,2026-09-28,1885.6,1700.1,232152,80910,34.85,4003.31,22369
MAGADSUGAR,2026-09-28,551.45,541.2,59339,20679,34.85,327.27,3912
PGEL,2026-09-28,518.5,507.0,505897,175878,34.77,2591.11,14751
GABRIEL,2026-09-28,1386.7,1349.2,129660,44969,34.68,1763.46,12432
MAZDOCK,2026-09-28,2199.6,2138.0,650380,225461,34.67,13994.42,39422
MACPOWER,2026-09-28,2062.5,2194.6,148082,51321,34.66,3241.79,16192
PARIN,2026-09-28,736.8,720.1,78720,27251,34.62,572.12,2130
AASTHA,2026-09-28,72.72,39.3,2200477,760155,34.55,855.99,13404
SWELECTES,2026-09-28,587.0,590.4,52074,17982,34.53,312.21,3170
AMBER,2026-09-28,6960.0,6990.0,124117,42802,34.49,8656.95,24504
AEGISVOPAK,2026-09-28,287.5,298.55,2120065,730132,34.44,6284.05,39502
FACT,2026-09-28,777.9,767.5,64977,22380,34.44,498.53,6303
TITAGARH,2026-09-28,822.6,818.65,542184,186671,34.43,4475.83,33162
RIR,2026-09-28,188.01,186.21,596771,205010,34.35,1109.93,9599
FORCEMOT,2026-09-28,17388.0,17100.0,62439,21444,34.34,10713.65,18859
MEESHO,2026-09-28,217.06,216.83,15872109,5450166,34.34,34439.45,185022
RCF,2026-09-28,108.58,109.95,2259905,775445,34.31,2461.74,19861
MANINDS,2026-09-28,1020.35,953.35,1294722,443944,34.29,12592.75,58363
PERNIASPOP,2026-09-28,545.55,517.85,48711,16698,34.28,255.78,2866
JISLJALEQS,2026-09-28,28.75,28.88,4222061,1447086,34.27,1225.75,14947
AETHER,2026-09-28,1767.0,1739.2,318334,109026,34.25,5517.13,30450
ARVEE,2026-09-28,213.19,234.5,32319,11032,34.13,74.9,737
PREMIERENE,2026-09-28,896.4,906.0,1041474,355140,34.1,9398.34,24806
IDEA,2026-09-28,14.26,13.47,500546584,169938914,33.95,68562.25,610562
LGHL,2026-09-28,182.99,181.28,7788,2640,33.9,14.28,116
MAWANASUG,2026-09-28,149.64,145.9,798917,269979,33.79,1207.32,12594
KROSS,2026-09-28,267.87,260.23,518981,175100,33.74,1361.86,15080
MARKSANS,2026-09-28,336.95,331.55,1876478,632223,33.69,6288.69,43653
LLOYDSENGG,2026-09-28,98.56,95.97,19001411,6398791,33.68,18389.13,76908
DATAPATTNS,2026-09-28,4418.8,4276.8,310265,104343,33.63,13354.44,34694
FSL,2026-09-28,259.45,256.0,400591,134566,33.59,1031.21,14509
INDSWFTLAB,2026-09-28,404.35,408.1,598696,201080,33.59,2447.88,13255
HGINFRA,2026-09-28,453.1,444.55,135545,45477,33.55,603.55,6869
ARDEE,2026-09-28,51.66,51.99,3464641,1161819,33.53,1791.85,20736
NOVARTIND,2026-09-28,1965.6,1935.0,38334,12806,33.41,754.61,5362
GENESYS,2026-09-28,286.17,282.13,514678,171588,33.34,1444.46,10593
VENUSPIPES,2026-09-28,2163.2,2132.6,261075,86896,33.28,5665.49,23634
CUPID,2026-09-28,270.0,264.5,12661694,4183093,33.04,33479.61,80851
OFSS,2026-09-28,10770.0,10800.0,194825,64346,33.03,21006.44,34338
TEJASNET,2026-09-28,503.85,491.1,1029480,339783,33.01,5090.58,28173
INDIGOPNTS,2026-09-28,1128.6,1110.0,52275,17186,32.88,584.95,8795
WCIL,2026-09-28,94.77,92.75,163956,53664,32.73,153.41,1584
VARROC,2026-09-28,834.85,848.35,275526,89841,32.61,2337.19,20301
PINELABS,2026-09-28,176.57,173.02,23290188,7588445,32.58,40327.98,129054
PASHUPATI,2026-09-28,79.69,77.27,61852,20099,32.5,48.43,2219
TARSONS,2026-09-28,332.75,338.0,169662,54852,32.33,570.59,6403
ALUFLUOR,2026-09-28,565.4,604.7,66544,21484,32.29,408.15,4341
ATGL,2026-09-28,611.65,594.45,613169,197861,32.27,3674.14,22978
KPEL,2026-09-28,222.43,220.54,360797,116348,32.25,809.44,10613
JUBLINGREA,2026-09-28,656.1,654.8,658767,212438,32.25,4344.14,32383
DYNAMATECH,2026-09-28,13153.0,13139.0,44529,14294,32.1,5902.49,16975
DHAMPURSUG,2026-09-28,174.67,172.42,987937,316884,32.08,1729.34,19822
TATAELXSI,2026-09-28,3186.9,3191.0,162425,52082,32.07,5176.6,18141
KPIL,2026-09-28,1391.2,1375.6,184926,59304,32.07,2558.58,24130
VADILALIND,2026-09-28,7534.5,7397.5,5916,1895,32.03,441.08,2479
ATALREAL,2026-09-28,13.52,13.24,4337166,1387747,32.0,549.83,3668
RENUKA,2026-09-28,23.31,22.91,14572179,4652228,31.93,3391.24,20896
SUBEXLTD,2026-09-28,21.41,20.33,10752314,3430076,31.9,2241.28,20071
POLICYBZR,2026-09-28,1166.0,1151.3,10839191,3450790,31.84,127100.02,342887
EDELWEISS,2026-09-28,136.83,135.45,6771515,2154598,31.82,9231.58,48171
ZEEL,2026-09-28,76.87,76.5,11131489,3538856,31.79,8546.23,46806
SAIL,2026-09-28,185.0,184.2,14311000,4543906,31.75,26530.83,70463
MANALIPETC,2026-09-28,84.65,82.02,1507300,476615,31.62,1262.87,10995
3BBLACKBIO,2026-09-28,1456.2,1584.8,84310,26656,31.62,1310.95,10345
KOHINOOR,2026-09-28,31.05,30.07,144222,45522,31.56,43.29,2453
NIACL,2026-09-28,176.6,169.84,1806851,568719,31.48,3100.13,25234
IWP,2026-09-28,34.97,40.96,893596,281156,31.46,358.27,4133
PRECWIRE,2026-09-28,502.6,480.65,492667,154305,31.32,2390.08,28169
BALAMINES,2026-09-28,2189.6,2153.9,82299,25643,31.16,1777.67,9394
NRBBEARING,2026-09-28,534.8,541.5,1413609,438582,31.03,7731.8,42579
RESPONIND,2026-09-28,161.23,161.6,712573,221006,31.02,1149.33,8584
GREAVESCOT,2026-09-28,234.78,230.4,2537265,780310,30.75,5907.78,36289
GLOBECIVIL,2026-09-28,43.12,43.3,64001,19660,30.72,27.33,1787
JGCHEM,2026-09-28,620.1,620.8,337771,103189,30.55,2106.54,12552
SOTL,2026-09-28,713.2,699.3,185315,56595,30.54,1292.7,8353
ANGELONE,2026-09-28,288.0,279.2,4741372,1434049,30.25,13281.53,38712
INDIAGLYCO,2026-09-28,309.9,297.5,1152620,348348,30.22,3567.13,34515
ALLCARGO,2026-09-28,10.67,10.82,8087046,2443821,30.22,872.04,8269
DWARKESH,2026-09-28,45.01,43.37,2791461,841522,30.15,1239.09,14789
OAL,2026-09-28,533.65,553.15,99966,30068,30.08,543.87,2782
INDORAMA,2026-09-28,99.36,100.8,1050318,315245,30.01,1056.11,12573
RACE,2026-09-28,117.9,121.7,104606,31348,29.97,128.92,1897
SKYWAYS,2026-09-28,126.97,119.21,2746192,818401,29.8,3342.33,20604
PCJEWELLER,2026-09-28,14.11,13.52,404984641,120138785,29.67,56755.07,339562
LINDEINDIA,2026-09-28,6142.5,6191.0,33696,9999,29.67,2104.37,11592
GODFRYPHLP,2026-09-28,1970.4,1931.5,260451,77004,29.57,5087.54,18795
CGCL,2026-09-28,253.7,248.9,2049335,603713,29.46,5147.57,21622
TEMPSENS,2026-09-28,531.05,530.5,766882,225606,29.42,4055.18,22312
SHIPROCKET,2026-09-28,120.25,120.9,2234171,656082,29.37,2696.66,27425
SEDEMAC,2026-09-28,3444.9,3547.8,659236,193055,29.28,23185.3,86949
MOBIKWIK,2026-09-28,200.62,199.06,793180,231690,29.21,1583.6,10876
RAMRAT,2026-09-28,570.0,568.2,244145,71017,29.09,1394.77,14131
AEQUS,2026-09-28,246.05,260.1,33667541,9783074,29.06,87538.85,337473
PRASOLCHEM,2026-09-28,756.0,763.8,479424,138310,28.85,3628.9,26416
SUNFLAG,2026-09-28,410.65,449.2,4467850,1287613,28.82,19779.28,68043
SHAREINDIA,2026-09-28,209.62,206.1,894901,256173,28.63,1851.25,12691
DELTACORP,2026-09-28,76.84,72.2,13847267,3957767,28.58,10480.32,52624
ASKAUTOLTD,2026-09-28,645.15,650.35,430169,122600,28.5,2798.97,27806
SUNTV,2026-09-28,513.2,519.9,1271129,361134,28.41,6657.74,38149
SBC,2026-09-28,53.02,53.54,22177245,6290051,28.36,12153.39,45414
ABDL,2026-09-28,715.05,723.45,1807712,512499,28.35,13164.79,49911
DIVGIITTS,2026-09-28,1154.6,1218.6,376368,106424,28.28,4565.67,29904
SCI,2026-09-28,274.4,272.05,1401282,395617,28.23,3830.25,26526
AHCL,2026-09-28,31.51,34.66,23572265,6653502,28.23,7994.71,28263
KOPRAN,2026-09-28,284.53,277.97,1132745,319705,28.22,3250.35,18091
RAYMONDREL,2026-09-28,711.3,672.95,1674907,472093,28.19,11573.16,39000
KALPATARU,2026-09-28,281.85,275.8,74370,20952,28.17,207.8,1697
SWANCORP,2026-09-28,294.85,289.7,538365,151488,28.14,1565.46,8183
JTLIND,2026-09-28,91.16,87.87,5922644,1666219,28.13,5385.02,38853
ARFIN,2026-09-28,90.31,88.48,1424657,400368,28.1,1283.4,7866
KALYANKJIL,2026-09-28,573.0,564.0,2660336,741386,27.87,14996.86,43729
BOROLTD,2026-09-28,264.8,280.8,1497356,417256,27.87,4154.63,29978
RVNL,2026-09-28,207.0,202.75,2550019,707628,27.75,5202.05,29017
KAYNES,2026-09-28,3650.0,3658.0,983180,272109,27.68,35826.09,54819
SHAKTIPUMP,2026-09-28,466.9,465.15,399430,108786,27.24,1860.33,20053
AVADHSUGAR,2026-09-28,796.5,808.4,276330,75245,27.23,2247.46,18807
SSDL,2026-09-28,73.31,81.52,1315517,357414,27.17,1086.31,15263
PANORAMA,2026-09-28,60.46,59.25,3225055,874139,27.1,1949.53,17773
MARINE,2026-09-28,413.75,428.2,2468681,668348,27.07,10511.81,61799
TANLA,2026-09-28,494.75,497.3,719957,194543,27.02,3612.14,26660
MANINFRA,2026-09-28,129.95,127.43,4320307,1166762,27.01,5597.24,23033
SYMBIOTEC,2026-09-28,1003.35,1055.75,1700556,459106,27.0,17873.46,77562
EMUDHRA,2026-09-28,653.45,649.25,447539,120593,26.95,2916.33,27750
MTNL,2026-09-28,23.61,22.94,2012382,541734,26.92,478.18,7820
IFBIND,2026-09-28,1225.2,1214.2,29042,7776,26.78,355.68,3386
TCI,2026-09-28,883.7,864.85,129472,34579,26.71,1129.75,10165
SOBHA,2026-09-28,1226.6,1218.7,51564,13761,26.69,629.22,7290
BLUESTONE,2026-09-28,809.3,786.2,978972,259443,26.5,7702.22,28017
TURTLEMINT,2026-09-28,87.24,83.29,6374645,1688615,26.49,5421.32,48675
TGVSL,2026-09-28,124.78,121.88,1510621,399642,26.46,1883.49,16411
KANOHAR,2026-09-28,862.55,811.15,1405560,369012,26.25,11714.34,57095
BBOX,2026-09-28,799.75,783.15,608541,158257,26.01,4820.96,37461
SALSTEEL,2026-09-28,93.6,93.03,1006262,259979,25.84,938.08,8184
TPLPLASTEH,2026-09-28,65.85,64.9,90395,23339,25.82,58.72,881
GESHIP,2026-09-28,1497.2,1533.4,3277779,844468,25.76,50403.75,150021
DHOOTTRANS,2026-09-28,1560.5,1504.2,711572,183143,25.74,10912.7,47314
FEDDERSHOL,2026-09-28,62.31,61.89,3142774,802159,25.52,1958.43,15843
TIMETECHNO,2026-09-28,181.22,183.44,3582524,907745,25.34,6568.32,35348
TATAINVEST,2026-09-28,651.6,644.45,499514,125813,25.19,3249.94,22442
MPIMANIPAL,2026-09-28,360.4,387.1,3553779,894519,25.17,13454.43,80480
BAJAJHIND,2026-09-28,20.78,20.45,13924733,3488789,25.05,2867.44,21215
MOREPENLAB,2026-09-28,120.38,120.71,19123218,4766107,24.92,23553.42,78443
HBLENGINE,2026-09-28,806.0,785.65,4227965,1045591,24.73,34217.94,100974
DALMIASUG,2026-09-28,428.75,414.8,523693,129501,24.73,2256.93,18038
ROTO,2026-09-28,62.8,62.55,326135,80439,24.66,205.4,2886
TCC,2026-09-28,50.75,49.35,451046,109676,24.32,222.2,4168
LCCPROJECT,2026-09-28,149.14,149.35,1692610,405521,23.96,2495.58,15669
PARAS,2026-09-28,1321.0,1315.0,626024,147546,23.57,8190.27,38818
NETWEB,2026-09-28,4545.0,4566.5,657592,153709,23.37,29775.19,53885
QUADFUTURE,2026-09-28,547.5,531.5,1323802,309150,23.35,7248.63,43357
VOLTAS,2026-09-28,1118.2,1135.5,933414,217715,23.32,10564.19,30941
IFCI,2026-09-28,73.95,70.55,34183109,7884303,23.06,24332.37,93563
UNICHEMLAB,2026-09-28,549.7,536.4,117693,26818,22.79,639.49,6651
ALGOQUANT,2026-09-28,72.28,69.55,1207760,274841,22.76,852.9,6444
THEMISMED,2026-09-28,116.93,116.85,241898,54818,22.66,292.76,5347
BHARATCOAL,2026-09-28,32.03,32.51,13761887,3114913,22.63,4519.07,35665
GRMOVER,2026-09-28,80.63,80.01,1069423,240800,22.52,860.31,6477
REPRO,2026-09-28,288.25,333.8,416771,91760,22.02,1410.44,9909
AXITA,2026-09-28,7.95,7.9,445775,98077,22.0,35.36,800
LUMINO,2026-09-28,105.26,104.79,4543583,998793,21.98,4811.9,25009
ARTEMISMED,2026-09-28,357.7,365.9,2092323,456790,21.83,7633.65,51914
DCI,2026-09-28,302.0,326.65,448678,97746,21.79,1448.61,17247
RAILTEL,2026-09-28,260.15,256.15,453401,98793,21.79,1170.23,12369
TATACHEM,2026-09-28,643.75,641.45,2286959,497688,21.76,14914.22,53587
ENGINERSIN,2026-09-28,315.65,313.9,9838833,2134581,21.7,30946.09,101594
MASTERTR,2026-09-28,84.87,83.13,137320,29665,21.6,114.4,819
BANSALWIRE,2026-09-28,321.4,317.6,326451,70485,21.59,1058.25,9972
PROTEAN,2026-09-28,690.7,691.5,2689437,572062,21.27,18812.12,65531
GLAXO,2026-09-28,2815.7,2896.4,459963,96316,20.94,13478.91,47144
DBL,2026-09-28,412.45,406.9,258357,53790,20.82,1051.23,8496
SHANTIGOLD,2026-09-28,325.68,308.77,7374839,1528711,20.73,22897.92,85511
MOLBIO,2026-09-28,1246.0,1237.5,736077,151647,20.6,9193.03,47399
OLAELEC,2026-09-28,38.48,37.86,83934195,17054839,20.32,32073.97,161024
MANOMAY,2026-09-28,229.12,228.58,218432,44245,20.26,497.27,5735
ARVSMART,2026-09-28,614.05,615.75,188147,37885,20.14,1154.94,9257
AGIIL,2026-09-28,264.55,271.6,3175307,626998,19.75,8586.94,32802
CHENNPETRO,2026-09-28,1376.4,1408.1,2809248,548418,19.52,39836.59,104447
GOKUL,2026-09-28,39.69,39.47,135158,26318,19.47,53.82,478
UTTAMSUGAR,2026-09-28,293.15,294.75,703248,136263,19.38,2104.62,20183
ANTELOPUS,2026-09-28,1261.7,1159.45,1450659,280063,19.31,17154.9,57768
ANNU,2026-09-28,49.33,47.86,1439012,274195,19.05,695.02,8100
OPTIEMUS,2026-09-28,758.55,809.95,3028580,576633,19.04,24256.81,102532
ZENSARTECH,2026-09-28,434.9,436.7,2452523,456942,18.63,10797.27,57479
KPIGREEN,2026-09-28,339.75,357.35,9434453,1746872,18.52,33801.29,138224
WHEELS,2026-09-28,2296.4,2323.8,342438,62461,18.24,7985.66,24567
SHUKRAPHAR,2026-09-28,55.93,59.43,15642105,2792081,17.85,9203.03,50819
HEROMOTORS,2026-09-28,141.69,135.06,136791675,23835756,17.42,185433.37,688638
FRONTSP,2026-09-28,1438.8,1447.0,131630,22918,17.41,1947.79,14637
BALRAMCHIN,2026-09-28,685.8,680.7,1951668,338613,17.35,13458.43,42386
MOTISONS,2026-09-28,17.85,18.04,45802394,7932516,17.32,8180.74,69597
MVELECTRO,2026-09-28,813.8,786.35,639847,110569,17.28,5096.3,18797
IREDA,2026-09-28,113.22,114.82,17078712,2895315,16.95,19675.86,87685
PRANAV,2026-09-28,100.64,101.39,4417062,739841,16.75,4396.14,28655
UGARSUGAR,2026-09-28,64.03,62.29,3580364,590332,16.49,2305.82,33666
SYMPHONY,2026-09-28,588.8,585.95,181193,29624,16.35,1091.48,9746
SYNCOMF,2026-09-28,20.05,22.2,82454897,13274852,16.1,18433.69,240296
MRPL,2026-09-28,164.6,169.8,21758950,3494435,16.06,37077.73,139696
GENCON,2026-09-28,38.17,37.75,294853,46488,15.77,111.85,1195
KMCSHIL,2026-09-28,156.23,165.33,1370878,210928,15.39,2269.09,14689
AZADIND,2026-09-28,87.03,82.3,76822,11804,15.37,67.15,1477
BLUECLOUDS,2026-09-28,22.16,21.71,25113789,3789221,15.09,5677.9,48604
BENGALASM,2026-09-28,6093.0,5938.5,1240,181,14.6,74.77,999
SHOPERSTOP,2026-09-28,423.55,421.8,124030,17898,14.43,521.26,6274
DEEPA,2026-09-28,213.12,202.54,13094617,1838710,14.04,26898.46,140566
SMCGLOBAL,2026-09-28,85.6,97.23,26689199,3535776,13.25,25905.86,134119
RAYMOND,2026-09-28,1196.65,1179.95,4864233,640439,13.17,58011.5,155041
ADSL,2026-09-28,115.52,116.66,5747156,726043,12.63,6945.16,75146
IITL,2026-09-28,137.27,131.58,97686,11731,12.01,131.93,874
SDBL,2026-09-28,74.36,80.62,19487717,2338184,12.0,15595.47,84731
JINDWORLD,2026-09-28,46.76,48.69,9005124,1033436,11.48,4380.63,29986
KSCL,2026-09-28,804.55,769.5,1034484,113404,10.96,8067.64,28685
ELECON,2026-09-28,458.25,480.75,6723720,727218,10.82,32254.16,139253
GLASSWALL,2026-09-28,274.19,270.32,10079229,1054686,10.46,27411.98,97842
GYFTR,2026-09-28,166.3,162.25,190361,19873,10.44,306.97,3948
WHIRLPOOL,2026-09-28,918.9,917.1,4140030,393723,9.51,37739.49,119906
FIRSTCRY,2026-09-28,180.83,184.72,38456794,3637385,9.46,72617.99,272695
NIMBSPROJ,2026-09-28,197.07,198.75,30246,2811,9.29,60.03,697
SIGNATURE,2026-09-28,788.85,780.35,1645065,139071,8.45,12996.11,62889
GSPCROP,2026-09-28,498.25,483.1,265019,21967,8.29,1291.46,3803
DAMCAPITAL,2026-09-28,138.18,158.66,18844708,1508787,8.01,29025.76,124896
PFOCUS,2026-09-28,315.45,315.2,3939207,315650,8.01,12642.43,44026
SSRETAIL,2026-09-28,728.2,716.95,28125284,1838263,6.54,204371.58,613307
MANCREDIT,2026-09-28,221.93,217.4,130047,8115,6.24,282.86,1961
JINDRILL,2026-09-28,592.2,624.15,7024748,394634,5.62,44075.82,182090
INDOBORAX,2026-09-28,449.95,477.55,8225875,386868,4.7,40184.39,171085
TTML,2026-09-28,34.44,36.19,79429217,3279231,4.13,29254.72,173661
RSYSTEMS,2026-09-28,235.62,275.21,61311130,2302641,3.76,163398.78,453798
PFS,2026-09-28,26.37,27.12,39757233,1314990,3.31,11207.45,143972
