symbol,sector,industry,nifty_sector_index,sector_match_basis,perf_1w,perf_1m,nifty_1w,nifty_1m,sector_1m,rs_vs_nifty_1w,rs_vs_nifty_1m,rs_vs_sector_1m
RELIANCE,Energy Minerals,Oil Refining/Marketing,NIFTY_ENERGY,industry,-1.6923076923076923,-2.1214674121161097,-0.84,0.19,-2.39,-0.85,-2.31,0.27
BHARTIARTL,Communications,Wireless Telecommunications,,unmapped,-1.0323253388946796,0.3701353637901861,-0.84,0.19,,-0.19,0.18,
HDFCBANK,Finance,Major Banks,NIFTY_BANK,industry,-8.296296296296301,-3.906856403622257,-0.84,0.19,-1.03,-7.46,-4.1,-2.88
ICICIBANK,Finance,Regional Banks,NIFTY_BANK,industry,0.7594402643977345,6.884976876025674,-0.84,0.19,-1.03,1.6,6.69,7.91
SBIN,Finance,Regional Banks,NIFTY_BANK,industry,-1.5136813506695042,-0.87890625,-0.84,0.19,-1.03,-0.67,-1.07,0.15
TCS,Technology Services,Information Technology Services,NIFTY_IT,industry,1.3259618842143113,9.37894226103834,-0.84,0.19,5.63,2.17,9.19,3.75
BAJFINANCE,Finance,Finance/Rental/Leasing,NIFTY_FIN_SERVICE,industry,-3.0720643123744025,6.341873162536747,-0.84,0.19,1.89,-2.23,6.15,4.45
LICI,Finance,Life/Health Insurance,NIFTY_FIN_SERVICE,industry,-3.812785388127852,-4.271756418995685,-0.84,0.19,1.89,-2.97,-4.46,-6.16
LT,Industrial Services,Engineering & Construction,NIFTY_INFRA,industry,-0.0870965187785421,-9.359511552735546,-0.84,0.19,-0.98,0.75,-9.55,-8.38
HINDUNILVR,Consumer Non-Durables,Household/Personal Care,NIFTY_FMCG,industry,2.142857142857143,-0.6944444444444444,-0.84,0.19,-1.63,2.98,-0.88,0.94
SUNPHARMA,Health Technology,Pharmaceuticals: Major,NIFTY_PHARMA,industry,-0.3900035921383556,3.9132762312633775,-0.84,0.19,2.66,0.45,3.72,1.25
MARUTI,Consumer Durables,Motor Vehicles,NIFTY_AUTO,industry,-2.24,0.0148809523809523,-0.84,0.19,1.4,-1.4,-0.18,-1.39
INFY,Technology Services,Information Technology Services,NIFTY_IT,industry,-5.800904977375557,0.0,-0.84,0.19,5.63,-4.96,-0.19,-5.63
TITAN,Consumer Durables,Other Consumer Specialties,NIFTY_AUTO,sector,1.1024643320363166,8.716875871687588,-0.84,0.19,1.4,1.94,8.53,7.32
ADANIPOWER,Utilities,Electric Utilities,NIFTY_ENERGY,industry,-1.539170506912444,-7.3259596616786,-0.84,0.19,-2.39,-0.7,-7.52,-4.94
ADANIENT,Distribution Services,Wholesale Distributors,,unmapped,-4.10950223376952,1.2749723923300842,-0.84,0.19,,-3.27,1.08,
ADANIPORTS,Transportation,Other Transportation,,unmapped,-3.138694127957929,-0.9910414333706632,-0.84,0.19,,-2.3,-1.18,
M&M,Consumer Durables,Motor Vehicles,NIFTY_AUTO,industry,1.359410067329275,3.8567674113009223,-0.84,0.19,1.4,2.2,3.67,2.46
KOTAKBANK,Finance,Major Banks,NIFTY_BANK,industry,1.9205298013245036,-4.207643470683426,-0.84,0.19,-1.03,2.76,-4.4,-3.18
AXISBANK,Finance,Major Banks,NIFTY_BANK,industry,-6.09793420045907,-9.49115044247788,-0.84,0.19,-1.03,-5.26,-9.68,-8.46
ITC,Consumer Non-Durables,Tobacco,NIFTY_FMCG,industry,1.467692858421323,-2.258620689655176,-0.84,0.19,-1.63,2.31,-2.45,-0.63
ULTRACEMCO,Non-Energy Minerals,Construction Materials,NIFTY_INFRA,industry,0.6457094307561597,4.76695852127001,-0.84,0.19,-0.98,1.49,4.58,5.75
HCLTECH,Technology Services,Information Technology Services,NIFTY_IT,industry,6.11120387376858,15.79810495626823,-0.84,0.19,5.63,6.95,15.61,10.17
NTPC,Utilities,Electric Utilities,NIFTY_ENERGY,industry,1.3722627737226245,-4.313077029075385,-0.84,0.19,-2.39,2.21,-4.5,-1.92
ONGC,Energy Minerals,Oil Refining/Marketing,NIFTY_ENERGY,industry,1.0398050365556468,1.8047882136279916,-0.84,0.19,-2.39,1.88,1.61,4.19
BAJAJ_AUTO,Consumer Durables,Motor Vehicles,NIFTY_AUTO,industry,7.370248890603897,13.13275055905672,-0.84,0.19,1.4,8.21,12.94,11.73
HAL,Electronic Technology,Aerospace & Defense,NIFTY_IT,sector,3.099709190919543,1.8551925346874072,-0.84,0.19,5.63,3.94,1.67,-3.77
JSWSTEEL,Non-Energy Minerals,Steel,NIFTY_METAL,industry,1.621621621621618,0.0645161290322544,-0.84,0.19,-4.41,2.46,-0.13,4.47
BAJAJFINSV,Finance,Life/Health Insurance,NIFTY_FIN_SERVICE,industry,2.216775599128543,6.806670081384107,-0.84,0.19,1.89,3.06,6.62,4.92
BEL,Electronic Technology,Aerospace & Defense,NIFTY_IT,sector,-0.5158437730287454,-3.617325083293667,-0.84,0.19,5.63,0.32,-3.81,-9.25
NESTLEIND,Consumer Non-Durables,Food: Major Diversified,NIFTY_FMCG,industry,1.942090395480226,3.5509325681492108,-0.84,0.19,-1.63,2.78,3.36,5.18
ETERNAL,Technology Services,Internet Software/Services,NIFTY_IT,industry,-2.4390243902439024,8.338169858773462,-0.84,0.19,5.63,-1.6,8.15,2.71
POWERGRID,Utilities,Alternative Power Generation,NIFTY_ENERGY,industry,2.653606411398037,-1.6382252559727002,-0.84,0.19,-2.39,3.49,-1.83,0.75
COALINDIA,Energy Minerals,Coal,NIFTY_ENERGY,industry,0.0,-3.8145605941262617,-0.84,0.19,-2.39,0.84,-4.0,-1.42
DMART,Retail Trade,Specialty Stores,NIFTY_FMCG,sector,1.6131479140328744,-8.561807467406888,-0.84,0.19,-1.63,2.45,-8.75,-6.93
ASIANPAINT,Process Industries,Industrial Specialties,,unmapped,-1.0168855534709158,-0.9053343350863978,-0.84,0.19,,-0.18,-1.1,
SHRIRAMFIN,Finance,Finance/Rental/Leasing,NIFTY_FIN_SERVICE,industry,-1.9797152330797805,1.1828660592943072,-0.84,0.19,1.89,-1.14,0.99,-0.71
ADANIGREEN,Utilities,Alternative Power Generation,NIFTY_ENERGY,industry,-10.034178113110215,-7.603152526657406,-0.84,0.19,-2.39,-9.19,-7.79,-5.21
TATASTEEL,Non-Energy Minerals,Steel,NIFTY_METAL,industry,-1.366090712742981,-5.254149377593373,-0.84,0.19,-4.41,-0.53,-5.44,-0.84
HINDZINC,Non-Energy Minerals,Other Metals/Minerals,NIFTY_METAL,industry,2.298076923076932,-1.672828096118291,-0.84,0.19,-4.41,3.14,-1.86,2.74
HINDALCO,Non-Energy Minerals,Other Metals/Minerals,NIFTY_METAL,industry,-1.277486910994769,-3.0041152263374533,-0.84,0.19,-4.41,-0.44,-3.19,1.41
GRASIM,Non-Energy Minerals,Construction Materials,NIFTY_INFRA,industry,0.3247385854387218,-1.4545454545454517,-0.84,0.19,-0.98,1.16,-1.64,-0.47
EICHERMOT,Consumer Durables,Motor Vehicles,NIFTY_AUTO,industry,2.389261744966443,1.4361702127659577,-0.84,0.19,1.4,3.23,1.25,0.04
ADANIENSOL,Utilities,Electric Utilities,NIFTY_ENERGY,industry,0.129411764705885,13.555703802535026,-0.84,0.19,-2.39,0.97,13.37,15.95
IOC,Energy Minerals,Integrated Oil,NIFTY_ENERGY,industry,-2.2794636556104377,-3.833599555524696,-0.84,0.19,-2.39,-1.44,-4.02,-1.44
INDIGO,Transportation,Airlines,,unmapped,-5.327129427404805,-0.1002004008016032,-0.84,0.19,,-4.49,-0.29,
DIVISLAB,Health Technology,Pharmaceuticals: Major,NIFTY_PHARMA,industry,-0.9226353198469108,7.385185185185185,-0.84,0.19,2.66,-0.08,7.2,4.73
TORNTPHARM,Health Technology,Pharmaceuticals: Major,NIFTY_PHARMA,industry,0.9378687390649868,10.160083483203454,-0.84,0.19,2.66,1.78,9.97,7.5
SBILIFE,Finance,Life/Health Insurance,NIFTY_FIN_SERVICE,industry,1.8913436763335345,4.053297503079155,-0.84,0.19,1.89,2.73,3.86,2.16
TVSMOTOR,Consumer Durables,Motor Vehicles,NIFTY_AUTO,industry,8.606706889294228,12.176458653372364,-0.84,0.19,1.4,9.45,11.99,10.78
WIPRO,Technology Services,Information Technology Services,NIFTY_IT,industry,2.0570440795159857,3.276967930029157,-0.84,0.19,5.63,2.9,3.09,-2.35
VAML,Non-Energy Minerals,Aluminum,NIFTY_METAL,industry,-4.452730862031137,-3.949196269101005,-0.84,0.19,-4.41,-3.61,-4.14,0.46
SOLARINDS,Process Industries,Industrial Specialties,,unmapped,0.4562737642585551,1.4648598233390029,-0.84,0.19,,1.3,1.27,
PIDILITIND,Process Industries,Industrial Specialties,,unmapped,0.6987179487179546,-1.572681704260646,-0.84,0.19,,1.54,-1.76,
DLF,Finance,Real Estate Development,NIFTY_REALTY,industry,-0.5855161787365107,5.459300424975497,-0.84,0.19,12.78,0.25,5.27,-7.32
HYUNDAI,Consumer Durables,Motor Vehicles,NIFTY_AUTO,industry,-3.144841269841274,-0.8278734318655179,-0.84,0.19,1.4,-2.3,-1.02,-2.23
ABB,Producer Manufacturing,Electrical Products,NIFTY_INFRA,industry,-3.808281708509945,2.801588960903199,-0.84,0.19,-0.98,-2.97,2.61,3.78
CUMMINSIND,Producer Manufacturing,Auto Parts: OEM,NIFTY_AUTO,industry,0.3314224292368327,-2.6423294219904387,-0.84,0.19,1.4,1.17,-2.83,-4.04
JIOFIN,Finance,Financial Conglomerates,NIFTY_FIN_SERVICE,industry,-5.167676767676764,-1.2828061911170858,-0.84,0.19,1.89,-4.33,-1.47,-3.17
VBL,Consumer Non-Durables,Beverages: Non-Alcoholic,NIFTY_FMCG,industry,-2.30769230769231,-9.893575088687424,-0.84,0.19,-1.63,-1.47,-10.08,-8.26
ICICIAMC,Finance,Investment Managers,NIFTY_FIN_SERVICE,industry,0.3725112395632597,-7.802129730686411,-0.84,0.19,1.89,1.21,-7.99,-9.69
TRENT,Retail Trade,Apparel/Footwear Retail,NIFTY_FMCG,sector,1.0346394491243982,-8.473449225800321,-0.84,0.19,-1.63,1.87,-8.66,-6.84
MOTHERSON,Producer Manufacturing,Auto Parts: OEM,NIFTY_AUTO,industry,1.776099573456416,1.7832167832167911,-0.84,0.19,1.4,2.62,1.59,0.38
TECHM,Technology Services,Information Technology Services,NIFTY_IT,industry,1.2662337662337662,9.82394366197183,-0.84,0.19,5.63,2.11,9.63,4.19
TMCV,Consumer Durables,Motor Vehicles,NIFTY_AUTO,industry,-1.7299782240503347,0.5321782178217765,-0.84,0.19,1.4,-0.89,0.34,-0.87
CHOLAFIN,Finance,Finance/Rental/Leasing,NIFTY_FIN_SERVICE,industry,-4.199999999999995,0.0812536273940853,-0.84,0.19,1.89,-3.36,-0.11,-1.81
BHEL,Producer Manufacturing,Electrical Products,NIFTY_INFRA,industry,-6.224719101123593,4.038893044128643,-0.84,0.19,-0.98,-5.38,3.85,5.02
TATACAP,Finance,Finance/Rental/Leasing,NIFTY_FIN_SERVICE,industry,-2.592592592592599,-3.6901408450704287,-0.84,0.19,1.89,-1.75,-3.88,-5.58
BSE,Finance,Investment Banks/Brokers,NIFTY_FIN_SERVICE,industry,-3.671641791044781,-9.901517843545369,-0.84,0.19,1.89,-2.83,-10.09,-11.79
IDEA,Communications,Wireless Telecommunications,,unmapped,-5.06146059291395,-9.260539046302696,-0.84,0.19,,-4.22,-9.45,
POWERINDIA,Electronic Technology,Electronic Equipment/Instruments,NIFTY_IT,sector,-7.364341085271318,-13.538333101433144,-0.84,0.19,5.63,-6.52,-13.73,-19.17
CGPOWER,Producer Manufacturing,Electrical Products,NIFTY_INFRA,industry,-6.386881001186744,-7.297008547008542,-0.84,0.19,-0.98,-5.55,-7.49,-6.32
PFC,Finance,Finance/Rental/Leasing,NIFTY_FIN_SERVICE,industry,2.4626865671641736,-4.431554524361954,-0.84,0.19,1.89,3.3,-4.62,-6.32
BPCL,Energy Minerals,Oil Refining/Marketing,NIFTY_ENERGY,industry,-0.4653401797176012,0.4209163024121594,-0.84,0.19,-2.39,0.37,0.23,2.81
POLYCAB,Producer Manufacturing,Electrical Products,NIFTY_INFRA,industry,-2.857298653143574,-10.025252525252526,-0.84,0.19,-0.98,-2.02,-10.22,-9.05
SIEMENS,Producer Manufacturing,Electrical Products,NIFTY_INFRA,industry,0.8803587051618622,0.0488069414316752,-0.84,0.19,-0.98,1.72,-0.14,1.03
UNIONBANK,Finance,Major Banks,NIFTY_BANK,industry,0.8875739644970414,-2.582561992915101,-0.84,0.19,-1.03,1.73,-2.77,-1.55
BRITANNIA,Consumer Non-Durables,Food: Specialty/Candy,NIFTY_FMCG,industry,1.2707078313253013,3.065427722961969,-0.84,0.19,-1.63,2.11,2.88,4.7
BANKBARODA,Finance,Major Banks,NIFTY_BANK,industry,-1.0240963855421732,-10.054744525547449,-0.84,0.19,-1.03,-0.18,-10.24,-9.02
PNB,Finance,Major Banks,NIFTY_BANK,industry,4.874109263657953,2.6790697674418564,-0.84,0.19,-1.03,5.71,2.49,3.71
GROWW,Miscellaneous,Investment Trusts/Mutual Funds,,unmapped,-2.059108527131783,3.938505835775616,-0.84,0.19,,-1.22,3.75,
APOLLOHOSP,Health Services,Hospital/Nursing Management,NIFTY_PHARMA,industry,-0.7830985915492957,3.594117647058824,-0.84,0.19,2.66,0.06,3.4,0.93
BOSCHLTD,Producer Manufacturing,Auto Parts: OEM,NIFTY_AUTO,industry,1.5689613232790076,3.610421836228288,-0.84,0.19,1.4,2.41,3.42,2.21
LTM,Technology Services,Data Processing Services,NIFTY_IT,industry,-0.0537371763556379,8.507027313709896,-0.84,0.19,5.63,0.79,8.32,2.88
HDFCLIFE,Finance,Multi-Line Insurance,NIFTY_FIN_SERVICE,industry,-2.331515044870667,-6.886428451602092,-0.84,0.19,1.89,-1.49,-7.08,-8.78
MUTHOOTFIN,Finance,Finance/Rental/Leasing,NIFTY_FIN_SERVICE,industry,-0.2804580815331738,-2.8715447154471603,-0.84,0.19,1.89,0.56,-3.06,-4.76
TATAPOWER,Utilities,Electric Utilities,NIFTY_ENERGY,industry,-0.7159904534606325,-6.118355065195596,-0.84,0.19,-2.39,0.12,-6.31,-3.73
SBIFUNDS,Finance,Investment Managers,NIFTY_FIN_SERVICE,industry,-4.2393608348279805,-4.2393608348279805,-0.84,0.19,1.89,-3.4,-4.43,-6.13
TMPV,Consumer Durables,Motor Vehicles,NIFTY_AUTO,industry,-2.4992472146943725,-8.788732394366194,-0.84,0.19,1.4,-1.66,-8.98,-10.19
BAJAJHLDNG,Finance,Financial Conglomerates,NIFTY_FIN_SERVICE,industry,2.250095748755266,0.4609595484477893,-0.84,0.19,1.89,3.09,0.27,-1.43
ENRIN,Producer Manufacturing,Electrical Products,NIFTY_INFRA,industry,-5.362462760675284,-14.565205927332176,-0.84,0.19,-0.98,-4.52,-14.76,-13.59
IRFC,Finance,Finance/Rental/Leasing,NIFTY_FIN_SERVICE,industry,-0.9943502824858704,-6.7872340425531865,-0.84,0.19,1.89,-0.15,-6.98,-8.68
LODHA,Finance,Real Estate Development,NIFTY_REALTY,industry,-2.865390329838265,25.62174032390886,-0.84,0.19,12.78,-2.03,25.43,12.84
CANBK,Finance,Major Banks,NIFTY_BANK,industry,-0.1985702938840349,-3.686953855587921,-0.84,0.19,-1.03,0.64,-3.88,-2.66
CIPLA,Health Technology,Pharmaceuticals: Other,NIFTY_PHARMA,industry,-1.3221406086044134,-2.4278896036522197,-0.84,0.19,2.66,-0.48,-2.62,-5.09
GMRAIRPORT,Transportation,Other Transportation,,unmapped,-4.348602553799438,-0.260707635009312,-0.84,0.19,,-3.51,-0.45,
GAIL,Utilities,Gas Distributors,NIFTY_ENERGY,industry,-0.9496067579376612,-2.4275466284074545,-0.84,0.19,-2.39,-0.11,-2.62,-0.04
INDIANB,Finance,Major Banks,NIFTY_BANK,industry,0.6211936662606605,-3.0399061032863823,-0.84,0.19,-1.03,1.46,-3.23,-2.01
MARICO,Consumer Non-Durables,Household/Personal Care,NIFTY_FMCG,industry,1.85714285714286,3.765690376569046,-0.84,0.19,-1.63,2.7,3.58,5.4
ZYDUSLIFE,Health Technology,Pharmaceuticals: Major,NIFTY_PHARMA,industry,-3.591304347826083,-1.044269903605859,-0.84,0.19,2.66,-2.75,-1.23,-3.7
LLOYDSME,Non-Energy Minerals,Steel,NIFTY_METAL,industry,5.576713819368879,9.756787330316742,-0.84,0.19,-4.41,6.42,9.57,14.17
GODREJCP,Consumer Non-Durables,Household/Personal Care,NIFTY_FMCG,industry,0.1701805805048647,3.466796875,-0.84,0.19,-1.63,1.01,3.28,5.1
LUPIN,Health Technology,Pharmaceuticals: Other,NIFTY_PHARMA,industry,-4.442294513645335,0.3598645215918713,-0.84,0.19,2.66,-3.6,0.17,-2.3
ABCAPITAL,Finance,Multi-Line Insurance,NIFTY_FIN_SERVICE,industry,-1.5251906488310951,2.6319218241042406,-0.84,0.19,1.89,-0.69,2.44,0.74
TATACONSUM,Consumer Non-Durables,Food: Specialty/Candy,NIFTY_FMCG,industry,0.5545286506469501,-1.5384615384615383,-0.84,0.19,-1.63,1.39,-1.73,0.09
HDFCAMC,Finance,Investment Managers,NIFTY_FIN_SERVICE,industry,-3.689895068608987,-6.188693373268445,-0.84,0.19,1.89,-2.85,-6.38,-8.08
UNITDSPR,Consumer Non-Durables,Beverages: Alcoholic,NIFTY_FMCG,industry,7.644900953778433,9.81213980989448,-0.84,0.19,-1.63,8.48,9.62,11.44
GVT&D,Producer Manufacturing,Electrical Products,NIFTY_INFRA,industry,-9.308261163587195,-22.29885057471265,-0.84,0.19,-0.98,-8.47,-22.49,-21.32
JINDALSTEL,Non-Energy Minerals,Steel,NIFTY_METAL,industry,0.4655674102812759,-3.736059479553908,-0.84,0.19,-4.41,1.31,-3.93,0.67
AMBUJACEM,Non-Energy Minerals,Construction Materials,NIFTY_INFRA,industry,-1.9374927920655136,2.199519230769225,-0.84,0.19,-0.98,-1.1,2.01,3.18
MAXHEALTH,Health Services,Hospital/Nursing Management,NIFTY_PHARMA,industry,-1.7818181818181735,0.2412321395435272,-0.84,0.19,2.66,-0.94,0.05,-2.42
INDUSTOWER,Finance,Finance/Rental/Leasing,NIFTY_FIN_SERVICE,industry,-3.046683046683041,-1.3499999999999943,-0.84,0.19,1.89,-2.21,-1.54,-3.24
INDHOTEL,Consumer Services,Hotels/Resorts/Cruise lines,NIFTY_FMCG,sector,-1.148253838836789,0.4765193370165809,-0.84,0.19,-1.63,-0.31,0.29,2.11
LGEINDIA,Consumer Durables,Electronics/Appliances,NIFTY_AUTO,sector,-3.4639696586599213,-3.640608240267528,-0.84,0.19,1.4,-2.62,-3.83,-5.04
MANKIND,Health Technology,Pharmaceuticals: Major,NIFTY_PHARMA,industry,-1.5278268724716269,-1.0380895993684698,-0.84,0.19,2.66,-0.69,-1.23,-3.7
VEDL,Non-Energy Minerals,Aluminum,NIFTY_METAL,industry,2.5775193798449525,-5.801744082576976,-0.84,0.19,-4.41,3.42,-5.99,-1.39
BHARATFORG,Producer Manufacturing,Metal Fabrication,NIFTY_INFRA,industry,2.408376963350781,0.3076923076923034,-0.84,0.19,-0.98,3.25,0.12,1.29
JSWENERGY,Utilities,Electric Utilities,NIFTY_ENERGY,industry,1.155221417438334,-3.219298245614039,-0.84,0.19,-2.39,2.0,-3.41,-0.83
HEROMOTOCO,Consumer Durables,Motor Vehicles,NIFTY_AUTO,industry,2.2673469387755176,0.5639173188842136,-0.84,0.19,1.4,3.11,0.37,-0.84
LENSKART,Health Technology,Medical Specialties,NIFTY_PHARMA,industry,2.792159763313614,8.214911426902846,-0.84,0.19,2.66,3.63,8.02,5.55
SHREECEM,Non-Energy Minerals,Construction Materials,NIFTY_INFRA,industry,-0.9446193739581404,4.698512137823022,-0.84,0.19,-0.98,-0.1,4.51,5.68
DRREDDY,Health Technology,Pharmaceuticals: Major,NIFTY_PHARMA,industry,-6.175152749490831,-12.083969465648853,-0.84,0.19,2.66,-5.34,-12.27,-14.74
RECLTD,Finance,Finance/Rental/Leasing,NIFTY_FIN_SERVICE,industry,3.3142857142857207,-0.1518707717796367,-0.84,0.19,1.89,4.15,-0.34,-2.04
OFSS,Technology Services,Packaged Software,NIFTY_IT,industry,-9.027244000341618,7.563364636978694,-0.84,0.19,5.63,-8.19,7.37,1.93
MAZDOCK,Producer Manufacturing,Trucks/Construction/Farm Machinery,NIFTY_INFRA,industry,-2.598726114649674,-8.214957384658465,-0.84,0.19,-0.98,-1.76,-8.4,-7.23
NYKAA,Retail Trade,Internet Retail,NIFTY_FMCG,sector,-0.4932182490752053,5.836065573770496,-0.84,0.19,-1.63,0.35,5.65,7.47
IDBI,Finance,Major Banks,NIFTY_BANK,industry,-0.7827102803738172,-1.198231735691004,-0.84,0.19,-1.03,0.06,-1.39,-0.17
ASHOKLEY,Producer Manufacturing,Trucks/Construction/Farm Machinery,NIFTY_INFRA,industry,-2.5354838709677465,-0.2574937277168987,-0.84,0.19,-0.98,-1.7,-0.45,0.72
AUROPHARMA,Health Technology,Pharmaceuticals: Other,NIFTY_PHARMA,industry,-1.1612903225806452,-0.5388560669999322,-0.84,0.19,2.66,-0.32,-0.73,-3.2
LAURUSLABS,Health Technology,Pharmaceuticals: Major,NIFTY_PHARMA,industry,2.6147141758523427,7.897574123989221,-0.84,0.19,2.66,3.45,7.71,5.24
FEDERALBNK,Finance,Major Banks,NIFTY_BANK,industry,7.7882567690903635,10.892018779342726,-0.84,0.19,-1.03,8.63,10.7,11.92
MEESHO,Retail Trade,Apparel/Footwear Retail,NIFTY_FMCG,sector,-0.086299892125133,-0.4032474864240012,-0.84,0.19,-1.63,0.75,-0.59,1.23
DIXON,Electronic Technology,Electronic Production Equipment,NIFTY_IT,sector,-4.503758879922754,16.196710305471633,-0.84,0.19,5.63,-3.66,16.01,10.57
ICICIGI,Finance,Specialty Insurance,NIFTY_FIN_SERVICE,industry,2.7769187952254226,-9.611096002175689,-0.84,0.19,1.89,3.62,-9.8,-11.5
PAYTM,Finance,Finance/Rental/Leasing,NIFTY_FIN_SERVICE,industry,-5.647058823529409,18.3436318362077,-0.84,0.19,1.89,-4.81,18.15,16.45
PERSISTENT,Technology Services,Information Technology Services,NIFTY_IT,industry,1.5544142631178186,7.282104177411036,-0.84,0.19,5.63,2.39,7.09,1.65
NTPCGREEN,Utilities,Alternative Power Generation,NIFTY_ENERGY,industry,3.536493604213686,0.6478578892371895,-0.84,0.19,-2.39,4.38,0.46,3.04
HINDPETRO,Energy Minerals,Oil Refining/Marketing,NIFTY_ENERGY,industry,-4.962593516209471,-3.896103896103893,-0.84,0.19,-2.39,-4.12,-4.09,-1.51
BHARTIHEXA,Communications,Wireless Telecommunications,,unmapped,-1.228803145736053,7.856424018785637,-0.84,0.19,,-0.39,7.67,
NHPC,Utilities,Electric Utilities,NIFTY_ENERGY,industry,0.7103894456425248,2.412280701754392,-0.84,0.19,-2.39,1.55,2.22,4.8
SRF,Process Industries,Industrial Specialties,,unmapped,-8.088438189845474,-2.60599415204679,-0.84,0.19,,-7.25,-2.8,
WAAREEENER,Electronic Technology,Semiconductors,NIFTY_IT,sector,-4.761904761904759,-10.822139344532824,-0.84,0.19,5.63,-3.92,-11.01,-16.45
INDUSINDBK,Finance,Major Banks,NIFTY_BANK,industry,-1.7508384296705466,10.176428294895194,-0.84,0.19,-1.03,-0.91,9.99,11.21
HAVELLS,Producer Manufacturing,Electrical Products,NIFTY_INFRA,industry,4.595055413469743,4.595055413469743,-0.84,0.19,-0.98,5.44,4.41,5.58
LTF,Finance,Finance/Rental/Leasing,NIFTY_FIN_SERVICE,industry,-2.9057633649060883,5.54973821989528,-0.84,0.19,1.89,-2.07,5.36,3.66
NAUKRI,Technology Services,Internet Software/Services,NIFTY_IT,industry,-3.939668672216266,14.810619120327049,-0.84,0.19,5.63,-3.1,14.62,9.18
DABUR,Consumer Non-Durables,Household/Personal Care,NIFTY_FMCG,industry,-0.7737397420867553,0.5942476824340385,-0.84,0.19,-1.63,0.07,0.4,2.22
AUBANK,Finance,Regional Banks,NIFTY_BANK,industry,-3.004540624094282,-1.6650342801175315,-0.84,0.19,-1.03,-2.16,-1.86,-0.64
NMDC,Non-Energy Minerals,Other Metals/Minerals,NIFTY_METAL,industry,-0.7011289364230581,-1.993901008679337,-0.84,0.19,-4.41,0.14,-2.18,2.42
OIL,Energy Minerals,Oil Refining/Marketing,NIFTY_ENERGY,industry,4.362455041188076,8.00912584053795,-0.84,0.19,-2.39,5.2,7.82,10.4
ICICIPRULI,Finance,Life/Health Insurance,NIFTY_FIN_SERVICE,industry,-1.388888888888891,0.5120481927710866,-0.84,0.19,1.89,-0.55,0.32,-1.38
TORNTPOWER,Utilities,Electric Utilities,NIFTY_ENERGY,industry,0.2867132867132803,-1.1033721812288808,-0.84,0.19,-2.39,1.13,-1.29,1.29
YESBANK,Finance,Major Banks,NIFTY_BANK,industry,-3.368421052631582,-6.517311608961309,-0.84,0.19,-1.03,-2.53,-6.71,-5.49
PHOENIXLTD,Finance,Real Estate Development,NIFTY_REALTY,industry,-3.3735402950646374,9.1585233441911,-0.84,0.19,12.78,-2.53,8.97,-3.62
SUZLON,Producer Manufacturing,Electrical Products,NIFTY_INFRA,industry,0.6158583525789074,-10.248927038626608,-0.84,0.19,-0.98,1.46,-10.44,-9.27
ATGL,Utilities,Gas Distributors,NIFTY_ENERGY,industry,-8.178621659634315,-8.69230769230769,-0.84,0.19,-2.39,-7.34,-8.88,-6.3
FORTIS,Health Services,Hospital/Nursing Management,NIFTY_PHARMA,industry,-1.4951718409303267,-2.29660144181256,-0.84,0.19,2.66,-0.66,-2.49,-4.96
POLICYBZR,Technology Services,Internet Software/Services,NIFTY_IT,industry,-1.907982898347257,-5.25147928994083,-0.84,0.19,5.63,-1.07,-5.44,-10.88
NAM_INDIA,Finance,Investment Managers,NIFTY_FIN_SERVICE,industry,-4.078289360234519,-4.678262359694963,-0.84,0.19,1.89,-3.24,-4.87,-6.57
BIOCON,Health Technology,Pharmaceuticals: Major,NIFTY_PHARMA,industry,-2.418991899189919,1.6883573689764306,-0.84,0.19,2.66,-1.58,1.5,-0.97
BAJAJHFL,Finance,Finance/Rental/Leasing,NIFTY_FIN_SERVICE,industry,-2.5353090993285456,-3.9475185396463295,-0.84,0.19,1.89,-1.7,-4.14,-5.84
IDFCFIRSTB,Finance,Regional Banks,NIFTY_BANK,industry,1.9046417759838608,3.022188217291513,-0.84,0.19,-1.03,2.74,2.83,4.05
MCX,Finance,Investment Banks/Brokers,NIFTY_FIN_SERVICE,industry,-2.846975088967972,-3.191489361702128,-0.84,0.19,1.89,-2.01,-3.38,-5.08
SWIGGY,Transportation,Air Freight/Couriers,,unmapped,-8.204023513089197,0.5478904219156073,-0.84,0.19,,-7.36,0.36,
PRESTIGE,Finance,Real Estate Development,NIFTY_REALTY,industry,-2.978619723457397,5.833887043189367,-0.84,0.19,12.78,-2.14,5.64,-6.95
ALKEM,Health Technology,Pharmaceuticals: Major,NIFTY_PHARMA,industry,-1.3224732877912069,3.177655677655677,-0.84,0.19,2.66,-0.48,2.99,0.52
SAIL,Non-Energy Minerals,Steel,NIFTY_METAL,industry,-1.3744654856444718,-4.189662334579552,-0.84,0.19,-4.41,-0.53,-4.38,0.22
OBEROIRLTY,Finance,Real Estate Development,NIFTY_REALTY,industry,-2.086021505376342,6.136721254152337,-0.84,0.19,12.78,-1.25,5.95,-6.64
JSWINFRA,Industrial Services,Engineering & Construction,NIFTY_INFRA,industry,-5.08823529411765,1.6377952755905476,-0.84,0.19,-0.98,-4.25,1.45,2.62
COFORGE,Technology Services,Information Technology Services,NIFTY_IT,industry,-4.194360198748145,0.4465191800284241,-0.84,0.19,5.63,-3.35,0.26,-5.18
PIRAMALFIN,Finance,Finance/Rental/Leasing,NIFTY_FIN_SERVICE,industry,-5.23062940240854,-1.1658767772511804,-0.84,0.19,1.89,-4.39,-1.36,-3.06
IOB,Finance,Major Banks,NIFTY_BANK,industry,0.2366863905325603,-2.86697247706422,-0.84,0.19,-1.03,1.08,-3.06,-1.84
UNOMINDA,Producer Manufacturing,Auto Parts: OEM,NIFTY_AUTO,industry,-2.3904382470119443,0.445632798573975,-0.84,0.19,1.4,-1.55,0.26,-0.95
BANKINDIA,Finance,Major Banks,NIFTY_BANK,industry,-0.6132404181184637,-1.095700416088755,-0.84,0.19,-1.03,0.23,-1.29,-0.07
SCHAEFFLER,Producer Manufacturing,Metal Fabrication,NIFTY_INFRA,industry,-0.9715525554484132,-4.449872063270532,-0.84,0.19,-0.98,-0.13,-4.64,-3.47
NATIONALUM,Non-Energy Minerals,Aluminum,NIFTY_METAL,industry,-2.5779036827195534,-2.5779036827195534,-0.84,0.19,-4.41,-1.74,-2.77,1.83
GICRE,Finance,Specialty Insurance,NIFTY_FIN_SERVICE,industry,-2.0010964912280733,-2.8532608695652173,-0.84,0.19,1.89,-1.16,-3.04,-4.74
MAHABANK,Finance,Major Banks,NIFTY_BANK,industry,1.7964824120603102,-7.71070615034168,-0.84,0.19,-1.03,2.64,-7.9,-6.68
GLENMARK,Health Technology,Pharmaceuticals: Major,NIFTY_PHARMA,industry,-4.19161676646707,0.841882504485448,-0.84,0.19,2.66,-3.35,0.65,-1.82
GODREJPROP,Finance,Real Estate Development,NIFTY_REALTY,industry,-2.946945414533805,13.411225402504476,-0.84,0.19,12.78,-2.11,13.22,0.63
ABBOTINDIA,Health Technology,Pharmaceuticals: Major,NIFTY_PHARMA,industry,0.3044412607449857,8.757281553398059,-0.84,0.19,2.66,1.14,8.57,6.1
KALYANKJIL,Retail Trade,Specialty Stores,NIFTY_FMCG,sector,5.821033210332095,53.68435155412647,-0.84,0.19,-1.63,6.66,53.49,55.31
JSL,Non-Energy Minerals,Steel,NIFTY_METAL,industry,-3.211599701876827,3.0738148495562383,-0.84,0.19,-4.41,-2.37,2.88,7.48
SBICARD,Finance,Finance/Rental/Leasing,NIFTY_FIN_SERVICE,industry,-3.928266438941069,2.103960396039604,-0.84,0.19,1.89,-3.09,1.91,0.21
COROMANDEL,Process Industries,Chemicals: Specialty,,unmapped,-1.4527363184079625,-0.7117794486215562,-0.84,0.19,,-0.61,-0.9,
BERGEPAINT,Process Industries,Industrial Specialties,,unmapped,-0.0802648740844856,-7.829708468301714,-0.84,0.19,,0.76,-8.02,
LINDEINDIA,Process Industries,Chemicals: Specialty,,unmapped,-5.866722606810712,-6.135824850090643,-0.84,0.19,,-5.03,-6.33,
HDBFS,Finance,Finance/Rental/Leasing,NIFTY_FIN_SERVICE,industry,-8.045212765957446,-5.435897435897436,-0.84,0.19,1.89,-7.21,-5.63,-7.33
COLPAL,Consumer Non-Durables,Household/Personal Care,NIFTY_FMCG,industry,4.252873563218386,5.066733820196419,-0.84,0.19,-1.63,5.09,4.88,6.7
APARINDS,Electronic Technology,Electronic Equipment/Instruments,NIFTY_IT,sector,-2.176362868009579,-16.60261798967215,-0.84,0.19,5.63,-1.34,-16.79,-22.23
MRF,Consumer Durables,Automotive Aftermarket,NIFTY_AUTO,industry,-0.3353786348565113,-0.4529881994670727,-0.84,0.19,1.4,0.5,-0.64,-1.85
RADICO,Consumer Non-Durables,Beverages: Alcoholic,NIFTY_FMCG,industry,-0.6000971817298304,9.86305048335124,-0.84,0.19,-1.63,0.24,9.67,11.49
RBLBANK,Finance,Major Banks,NIFTY_BANK,industry,-3.0494505494505555,-5.070611970410228,-0.84,0.19,-1.03,-2.21,-5.26,-4.04
THERMAX,Producer Manufacturing,Industrial Machinery,NIFTY_INFRA,industry,-1.2793876435210498,-5.958333333333333,-0.84,0.19,-0.98,-0.44,-6.15,-4.98
TIINDIA,Non-Energy Minerals,Steel,NIFTY_METAL,industry,-5.881152420150348,-15.50629046048614,-0.84,0.19,-4.41,-5.04,-15.7,-11.1
MOTILALOFS,Technology Services,Internet Software/Services,NIFTY_IT,industry,-9.077163712200203,-6.857875340490298,-0.84,0.19,5.63,-8.24,-7.05,-12.49
MFSL,Finance,Life/Health Insurance,NIFTY_FIN_SERVICE,industry,-4.118689105403006,-10.251095582139046,-0.84,0.19,1.89,-3.28,-10.44,-12.14
FACT,Process Industries,Chemicals: Agricultural,,unmapped,-4.451003541912638,-9.877505567928734,-0.84,0.19,,-3.61,-10.07,
KRT.RR,Finance,Real Estate Investment Trusts,NIFTY_REALTY,industry,1.1003292323687368,0.1716885569576812,-0.84,0.19,12.78,1.94,-0.02,-12.61
UPL,Process Industries,Chemicals: Agricultural,,unmapped,-3.6157107431405344,0.752571285224517,-0.84,0.19,,-2.78,0.56,
APLAPOLLO,Non-Energy Minerals,Steel,NIFTY_METAL,industry,1.2666666666666642,-0.5673139864717484,-0.84,0.19,-4.41,2.11,-0.76,3.84
VMM,Retail Trade,Apparel/Footwear Retail,NIFTY_FMCG,sector,-4.151880766501058,-8.75,-0.84,0.19,-1.63,-3.31,-8.94,-7.12
TATACOMM,Communications,Major Telecommunications,,unmapped,-3.668131748874064,-12.330864197530866,-0.84,0.19,,-2.83,-12.52,
FLUOROCHEM,Process Industries,Chemicals: Specialty,,unmapped,10.382526849282003,17.424903722721435,-0.84,0.19,,11.22,17.23,
M&MFIN,Finance,Finance/Rental/Leasing,NIFTY_FIN_SERVICE,industry,10.679913070475,21.79706183805945,-0.84,0.19,1.89,11.52,21.61,19.91
SUNDARMFIN,Finance,Finance/Rental/Leasing,NIFTY_FIN_SERVICE,industry,0.0404858299595182,-1.0214300020027958,-0.84,0.19,1.89,0.88,-1.21,-2.91
ATHERENERG,Consumer Durables,Motor Vehicles,NIFTY_AUTO,industry,-4.826771653543304,19.791873141724484,-0.84,0.19,1.4,-3.99,19.6,18.39
AEGISLOG,Distribution Services,Wholesale Distributors,,unmapped,3.275176002448726,27.77882976708955,-0.84,0.19,,4.12,27.59,
RVNL,Industrial Services,Engineering & Construction,NIFTY_INFRA,industry,-1.2620932277924382,-6.054393305439331,-0.84,0.19,-0.98,-0.42,-6.24,-5.07
HINDCOPPER,Non-Energy Minerals,Other Metals/Minerals,NIFTY_METAL,industry,0.0310559006211133,-2.3939393939393985,-0.84,0.19,-4.41,0.87,-2.58,2.02
KEI,Producer Manufacturing,Electrical Products,NIFTY_INFRA,industry,-4.1260462826194,-12.90033995348005,-0.84,0.19,-0.98,-3.29,-13.09,-11.92
PREMIERENE,Electronic Technology,Semiconductors,NIFTY_IT,sector,-7.755656108597289,-2.849790316431576,-0.84,0.19,5.63,-6.92,-3.04,-8.48
BDL,Electronic Technology,Aerospace & Defense,NIFTY_IT,sector,-1.5679442508710766,-10.252707581227437,-0.84,0.19,5.63,-0.73,-10.44,-15.88
AIIL,Finance,Financial Conglomerates,NIFTY_FIN_SERVICE,industry,2.134615384615389,-1.8299445471349312,-0.84,0.19,1.89,2.97,-2.02,-3.72
PAGEIND,Consumer Non-Durables,Apparel/Footwear,NIFTY_FMCG,sector,-0.2970664686223542,0.7504690431519699,-0.84,0.19,-1.63,0.54,0.56,2.38
GODREJIND,Process Industries,Agricultural Commodities/Milling,,unmapped,-0.5820895522388025,16.85964912280702,-0.84,0.19,,0.26,16.67,
360ONE,Finance,Investment Managers,NIFTY_FIN_SERVICE,industry,-0.5413696652530904,-0.666846895557366,-0.84,0.19,1.89,0.3,-0.86,-2.56
IPCALAB,Health Technology,Pharmaceuticals: Major,NIFTY_PHARMA,industry,-6.63665254237288,9.145510835913315,-0.84,0.19,2.66,-5.8,8.96,6.49
SONACOMS,Producer Manufacturing,Auto Parts: OEM,NIFTY_AUTO,industry,4.871457785568218,17.12071778140294,-0.84,0.19,1.4,5.71,16.93,15.72
SUPREMEIND,Producer Manufacturing,Miscellaneous Manufacturing,NIFTY_INFRA,sector,-1.930819393252053,-2.346132128740822,-0.84,0.19,-0.98,-1.09,-2.54,-1.37
VOLTAS,Producer Manufacturing,Industrial Machinery,NIFTY_INFRA,industry,-3.3284777858703603,0.1735849056603739,-0.84,0.19,-0.98,-2.49,-0.02,1.15
MPHASIS,Technology Services,Packaged Software,NIFTY_IT,industry,-4.06289308176101,2.056199821587864,-0.84,0.19,5.63,-3.22,1.87,-3.57
JKCEMENT,Non-Energy Minerals,Construction Materials,NIFTY_INFRA,industry,4.061895551257253,2.364773036151128,-0.84,0.19,-0.98,4.9,2.17,3.34
ANTHEM,Health Technology,Biotechnology,NIFTY_PHARMA,industry,1.4294183518872303,-1.1681643132220825,-0.84,0.19,2.66,2.27,-1.36,-3.83
AIAENG,Producer Manufacturing,Industrial Machinery,NIFTY_INFRA,industry,-4.798504362276693,-6.925264012997563,-0.84,0.19,-0.98,-3.96,-7.12,-5.95
GLAXO,Health Technology,Pharmaceuticals: Major,NIFTY_PHARMA,industry,0.3191956270199098,4.897993241269977,-0.84,0.19,2.66,1.16,4.71,2.24
WELCORP,Producer Manufacturing,Industrial Machinery,NIFTY_INFRA,industry,-5.787610619469021,14.06428571428572,-0.84,0.19,-0.98,-4.95,13.87,15.04
AJANTPHARM,Health Technology,Pharmaceuticals: Major,NIFTY_PHARMA,industry,-2.446438911407064,5.792778649921507,-0.84,0.19,2.66,-1.61,5.6,3.13
CPPLUS,Consumer Durables,Electronics/Appliances,NIFTY_AUTO,sector,-7.240837696335077,-0.789562101019146,-0.84,0.19,1.4,-6.4,-0.98,-2.19
EMBASSY.RR,Finance,Real Estate Investment Trusts,NIFTY_REALTY,industry,-2.63649297528009,1.737514518002327,-0.84,0.19,12.78,-1.8,1.55,-11.04
PIIND,Process Industries,Chemicals: Specialty,,unmapped,3.776882741849671,-1.2938200216841411,-0.84,0.19,,4.62,-1.48,
PETRONET,Utilities,Gas Distributors,NIFTY_ENERGY,industry,-0.3084739611685801,-3.6140350877193024,-0.84,0.19,-2.39,0.53,-3.8,-1.22
NLCINDIA,Utilities,Electric Utilities,NIFTY_ENERGY,industry,-2.0080321285140563,-10.867579908675795,-0.84,0.19,-2.39,-1.17,-11.06,-8.48
ASTERDM,Health Services,Hospital/Nursing Management,NIFTY_PHARMA,industry,-3.4828009828009856,2.072235936078983,-0.84,0.19,2.66,-2.64,1.88,-0.59
POONAWALLA,Finance,Finance/Rental/Leasing,NIFTY_FIN_SERVICE,industry,-2.791287798688938,7.658079625292738,-0.84,0.19,1.89,-1.95,7.47,5.77
NH,Health Services,Hospital/Nursing Management,NIFTY_PHARMA,industry,-3.7536800785083417,1.7903476907109497,-0.84,0.19,2.66,-2.91,1.6,-0.87
3MINDIA,Producer Manufacturing,Industrial Conglomerates,NIFTY_INFRA,sector,1.7191977077363896,5.654761904761905,-0.84,0.19,-0.98,2.56,5.46,6.63
HSCL,Process Industries,Industrial Specialties,,unmapped,8.529209621993122,23.80243041944335,-0.84,0.19,,9.37,23.61,
IRCTC,Consumer Services,Other Consumer Services,NIFTY_FMCG,sector,-0.9701940388077548,-4.541072117238722,-0.84,0.19,-1.63,-0.13,-4.73,-2.91
ASTRAL,Producer Manufacturing,Miscellaneous Manufacturing,NIFTY_INFRA,sector,7.160583941605832,-4.1021621268534965,-0.84,0.19,-0.98,8.0,-4.29,-3.12
GLAND,Health Technology,Pharmaceuticals: Major,NIFTY_PHARMA,industry,-5.914446113702851,3.4695652173913123,-0.84,0.19,2.66,-5.07,3.28,0.81
HUDCO,Finance,Finance/Rental/Leasing,NIFTY_FIN_SERVICE,industry,-3.8595801170165664,-5.990384615384619,-0.84,0.19,1.89,-3.02,-6.18,-7.88
BALKRISIND,Consumer Durables,Automotive Aftermarket,NIFTY_AUTO,industry,-6.561789410181451,-9.789426523297491,-0.84,0.19,1.4,-5.72,-9.98,-11.19
NAVINFLUOR,Process Industries,Chemicals: Specialty,,unmapped,-2.3376623376623376,0.2599826678221452,-0.84,0.19,,-1.5,0.07,
EXIDEIND,Producer Manufacturing,Auto Parts: OEM,NIFTY_AUTO,industry,5.225653206650831,16.855710894223154,-0.84,0.19,1.4,6.07,16.67,15.46
PWL,Commercial Services,Miscellaneous Commercial Services,,unmapped,-5.581772599911512,-1.4848438221264646,-0.84,0.19,,-4.74,-1.67,
PATANJALI,Process Industries,Agricultural Commodities/Milling,,unmapped,-2.5439474060311658,-18.374431410102947,-0.84,0.19,,-1.7,-18.56,
ENDURANCE,Producer Manufacturing,Metal Fabrication,NIFTY_INFRA,industry,-4.565217391304348,-2.2634508348794062,-0.84,0.19,-0.98,-3.73,-2.45,-1.28
UBL,Consumer Non-Durables,Beverages: Alcoholic,NIFTY_FMCG,industry,3.316835340178759,4.458884158637674,-0.84,0.19,-1.63,4.16,4.27,6.09
MEDANTA,Health Services,Hospital/Nursing Management,NIFTY_PHARMA,industry,2.543006731488407,5.218726016884114,-0.84,0.19,2.66,3.38,5.03,2.56
COCHINSHIP,Producer Manufacturing,Trucks/Construction/Farm Machinery,NIFTY_INFRA,industry,-1.0306347288364488,-5.599999999999993,-0.84,0.19,-0.98,-0.19,-5.79,-4.62
CONCOR,Transportation,Railroads,,unmapped,-2.936991869918697,0.1153039832285139,-0.84,0.19,,-2.1,-0.07,
KPRMILL,Consumer Non-Durables,Apparel/Footwear,NIFTY_FMCG,sector,-6.22791519434629,-6.804214223002634,-0.84,0.19,-1.63,-5.39,-6.99,-5.17
LTTS,Commercial Services,Miscellaneous Commercial Services,,unmapped,-1.9365389029148496,3.2658610271903297,-0.84,0.19,,-1.1,3.08,
NHIT,Miscellaneous,Investment Trusts/Mutual Funds,,unmapped,-0.2967359050445103,0.02977076510867,-0.84,0.19,,0.54,-0.16,
NUVAMA,Finance,Investment Managers,NIFTY_FIN_SERVICE,industry,7.614130434782604,14.788405797101444,-0.84,0.19,1.89,8.45,14.6,12.9
EMCURE,Health Technology,Pharmaceuticals: Major,NIFTY_PHARMA,industry,4.343484772840736,3.351648351648352,-0.84,0.19,2.66,5.18,3.16,0.69
BAGMANE.RR,Finance,Real Estate Investment Trusts,NIFTY_REALTY,industry,-0.0382153434604053,2.0880085862035327,-0.84,0.19,12.78,0.8,1.9,-10.69
DELHIVERY,Transportation,Air Freight/Couriers,,unmapped,-6.837865055387712,-2.917410011543704,-0.84,0.19,,-6.0,-3.11,
STARHEALTH,Finance,Life/Health Insurance,NIFTY_FIN_SERVICE,industry,-3.665616188422628,0.388903292714545,-0.84,0.19,1.89,-2.83,0.2,-1.5
DALBHARAT,Producer Manufacturing,Miscellaneous Manufacturing,NIFTY_INFRA,sector,-0.7780821917808244,7.785714285714284,-0.84,0.19,-0.98,0.06,7.6,8.77
ANANDRATHI,Finance,Investment Managers,NIFTY_FIN_SERVICE,industry,-1.7748917748917792,6.581419624217114,-0.84,0.19,1.89,-0.93,6.39,4.69
IREDA,Finance,Finance/Rental/Leasing,NIFTY_FIN_SERVICE,industry,-0.26490066225165,-5.096494682946041,-0.84,0.19,1.89,0.58,-5.29,-6.99
HEXT,Technology Services,Packaged Software,NIFTY_IT,industry,-2.050053248136307,12.62244897959184,-0.84,0.19,5.63,-1.21,12.43,6.99
BLUESTARCO,Producer Manufacturing,Industrial Machinery,NIFTY_INFRA,industry,-5.999885169661824,-1.1710732826270591,-0.84,0.19,-0.98,-5.16,-1.36,-0.19
KIMS,Health Services,Hospital/Nursing Management,NIFTY_PHARMA,industry,-0.6413449564134467,-1.1154489682097044,-0.84,0.19,2.66,0.2,-1.31,-3.78
ITCHOTELS,Consumer Services,Hotels/Resorts/Cruise lines,NIFTY_FMCG,sector,-8.653681384589024,-10.152255744704773,-0.84,0.19,-1.63,-7.81,-10.34,-8.52
GODFRYPHLP,Consumer Non-Durables,Tobacco,NIFTY_FMCG,industry,0.924126818634188,-4.869114625212187,-0.84,0.19,-1.63,1.76,-5.06,-3.24
MANAPPURAM,Finance,Finance/Rental/Leasing,NIFTY_FIN_SERVICE,industry,8.935185185185182,11.516587677725116,-0.84,0.19,1.89,9.78,11.33,9.63
HONAUT,Electronic Technology,Electronic Equipment/Instruments,NIFTY_IT,sector,-3.3889535635752166,-3.0,-0.84,0.19,5.63,-2.55,-3.19,-8.63
KARURVYSYA,Finance,Regional Banks,NIFTY_BANK,industry,10.661224489795911,15.863247863247857,-0.84,0.19,-1.03,11.5,15.67,16.89
AEGISVOPAK,Transportation,Air Freight/Couriers,,unmapped,8.481613285883746,25.177517323979803,-0.84,0.19,,9.32,24.99,
UCOBANK,Finance,Regional Banks,NIFTY_BANK,industry,-0.6907137375287787,-3.6485480268056607,-0.84,0.19,-1.03,0.15,-3.84,-2.62
SCHNEIDER,Producer Manufacturing,Electrical Products,NIFTY_INFRA,industry,1.9445281881217933,-6.620642043493275,-0.84,0.19,-0.98,2.78,-6.81,-5.64
MINDSPACE.RR,Finance,Real Estate Investment Trusts,NIFTY_REALTY,industry,-2.1010525465160983,4.798875432525952,-0.84,0.19,12.78,-1.26,4.61,-7.98
TATAINVEST,Finance,Investment Banks/Brokers,NIFTY_FIN_SERVICE,industry,-5.285682108266393,-6.969026548672566,-0.84,0.19,1.89,-4.45,-7.16,-8.86
ESCORTS,Producer Manufacturing,Auto Parts: OEM,NIFTY_AUTO,industry,-1.1870748299319758,-1.0355987055016211,-0.84,0.19,1.4,-0.35,-1.23,-2.44
CRISIL,Technology Services,Internet Software/Services,NIFTY_IT,industry,2.74153904329741,3.788945923361581,-0.84,0.19,5.63,3.58,3.6,-1.84
KIRLOSENG,Producer Manufacturing,Electrical Products,NIFTY_INFRA,industry,-8.838394386199404,-11.420918056739318,-0.84,0.19,-0.98,-8.0,-11.61,-10.44
HFCL,Electronic Technology,Telecommunications Equipment,NIFTY_IT,sector,-9.385932609095937,-2.549504950495052,-0.84,0.19,5.63,-8.55,-2.74,-8.18
WOCKPHARMA,Health Technology,Pharmaceuticals: Major,NIFTY_PHARMA,industry,-1.5335463258785915,-8.305647840531561,-0.84,0.19,2.66,-0.69,-8.5,-10.97
MRPL,Energy Minerals,Oil Refining/Marketing,NIFTY_ENERGY,industry,-3.270841643398489,10.730593607305927,-0.84,0.19,-2.39,-2.43,10.54,13.12
LICHSGFIN,Finance,Finance/Rental/Leasing,NIFTY_FIN_SERVICE,industry,-1.6335097645555634,-0.2867715078630813,-0.84,0.19,1.89,-0.79,-0.48,-2.18
TVSHLTD,Producer Manufacturing,Auto Parts: OEM,NIFTY_AUTO,industry,4.417011559868703,9.04687383560623,-0.84,0.19,1.4,5.26,8.86,7.65
IKS,Commercial Services,Miscellaneous Commercial Services,,unmapped,-5.802376619205657,3.57857563272513,-0.84,0.19,,-4.96,3.39,
LALPATHLAB,Health Services,Medical/Nursing Services,NIFTY_PHARMA,industry,1.529404974894673,5.341317365269464,-0.84,0.19,2.66,2.37,5.15,2.68
ABSLAMC,Technology Services,Internet Software/Services,NIFTY_IT,industry,-9.888357256778304,-15.17931609674729,-0.84,0.19,5.63,-9.05,-15.37,-20.81
GRSE,Producer Manufacturing,Trucks/Construction/Farm Machinery,NIFTY_INFRA,industry,-0.857805255023177,-8.006166863862884,-0.84,0.19,-0.98,-0.02,-8.2,-7.03
PGHH,Consumer Non-Durables,Household/Personal Care,NIFTY_FMCG,industry,1.988749360759134,-1.9180327868852456,-0.84,0.19,-1.63,2.83,-2.11,-0.29
STLTECH,Technology Services,Information Technology Services,NIFTY_IT,industry,6.604308390022663,-5.818030050083476,-0.84,0.19,5.63,7.44,-6.01,-11.45
TATATECH,Technology Services,Packaged Software,NIFTY_IT,industry,-7.542262678803641,-4.512489927477843,-0.84,0.19,5.63,-6.7,-4.7,-10.14
CUPID,Consumer Non-Durables,Household/Personal Care,NIFTY_FMCG,industry,0.0609470229723372,17.140504939626794,-0.84,0.19,-1.63,0.9,16.95,18.77
SHYAMMETL,Producer Manufacturing,Metal Fabrication,NIFTY_INFRA,industry,-1.5852490421455896,6.053881090008267,-0.84,0.19,-0.98,-0.75,5.86,7.03
NIACL,Finance,Multi-Line Insurance,NIFTY_FIN_SERVICE,industry,-2.7512633352049445,-11.632653061224495,-0.84,0.19,1.89,-1.91,-11.82,-13.52
CHOLAHLDNG,Finance,Finance/Rental/Leasing,NIFTY_FIN_SERVICE,industry,-3.388750875851968,-4.242692089147044,-0.84,0.19,1.89,-2.55,-4.43,-6.13
RRKABEL,Producer Manufacturing,Electrical Products,NIFTY_INFRA,industry,3.254658385093164,5.701326777160782,-0.84,0.19,-0.98,4.09,5.51,6.68
BIRET.RR,Finance,Real Estate Investment Trusts,NIFTY_REALTY,industry,0.5069670916098368,5.289148394310197,-0.84,0.19,12.78,1.35,5.1,-7.49
ANGELONE,Finance,Investment Banks/Brokers,NIFTY_FIN_SERVICE,industry,-8.633733867378734,-9.956140350877195,-0.84,0.19,1.89,-7.79,-10.15,-11.85
CENTRALBK,Finance,Major Banks,NIFTY_BANK,industry,-4.8159509202454,-4.523076923076919,-0.84,0.19,-1.03,-3.98,-4.71,-3.49
CDSL,Finance,Investment Banks/Brokers,NIFTY_FIN_SERVICE,industry,-5.151191746709363,-1.324944485566254,-0.84,0.19,1.89,-4.31,-1.51,-3.21
METROBRAND,Retail Trade,Apparel/Footwear Retail,NIFTY_FMCG,sector,-0.8826382153249295,-2.583412774070545,-0.84,0.19,-1.63,-0.04,-2.77,-0.95
JUBLFOOD,Consumer Services,Restaurants,NIFTY_FMCG,sector,-1.1696597353497138,-1.0995507212106828,-0.84,0.19,-1.63,-0.33,-1.29,0.53
PNBHOUSING,Finance,Finance/Rental/Leasing,NIFTY_FIN_SERVICE,industry,-3.72190372190373,2.718446601941748,-0.84,0.19,1.89,-2.88,2.53,0.83
BANDHANBNK,Finance,Major Banks,NIFTY_BANK,industry,-22.411858225007016,-19.72423802612481,-0.84,0.19,-1.03,-21.57,-19.91,-18.69
ACUTAAS,Health Technology,Pharmaceuticals: Major,NIFTY_PHARMA,industry,-9.23141186299081,-1.2691585388017232,-0.84,0.19,2.66,-8.39,-1.46,-3.93
APOLLOTYRE,Consumer Durables,Automotive Aftermarket,NIFTY_AUTO,industry,-2.1794871794871846,-0.780234070221069,-0.84,0.19,1.4,-1.34,-0.97,-2.18
PTCIL,Producer Manufacturing,Metal Fabrication,NIFTY_INFRA,industry,1.3257142857142856,1.3257142857142856,-0.84,0.19,-0.98,2.17,1.14,2.31
MSUMI,Producer Manufacturing,Auto Parts: OEM,NIFTY_AUTO,industry,1.2878787878787827,5.970937912813733,-0.84,0.19,1.4,2.13,5.78,4.57
SJVN,Utilities,Electric Utilities,NIFTY_ENERGY,industry,-3.539823008849563,-7.373903508771924,-0.84,0.19,-2.39,-2.7,-7.56,-4.98
ITI,Communications,Major Telecommunications,,unmapped,-4.128919860627185,-10.665584415584425,-0.84,0.19,,-3.29,-10.86,
ZFCVINDIA,Producer Manufacturing,Auto Parts: OEM,NIFTY_AUTO,industry,-0.4675101865751701,-17.533759772565745,-0.84,0.19,1.4,0.37,-17.72,-18.93
SAILIFE,Commercial Services,Miscellaneous Commercial Services,,unmapped,-4.721792890262744,0.5628058727569405,-0.84,0.19,,-3.88,0.37,
SUMICHEM,Process Industries,Chemicals: Agricultural,,unmapped,-3.7896293557630094,19.946992394560976,-0.84,0.19,,-2.95,19.76,
ACMESOLAR,Industrial Services,Engineering & Construction,NIFTY_INFRA,industry,-7.846347607052891,3.3474576271186507,-0.84,0.19,-0.98,-7.01,3.16,4.33
DATAPATTNS,Electronic Technology,Electronic Production Equipment,NIFTY_IT,sector,10.294471443006293,-5.102463258124612,-0.84,0.19,5.63,11.13,-5.29,-10.73
AMBER,Producer Manufacturing,Industrial Machinery,NIFTY_INFRA,industry,-9.514018691588785,-6.754414125200642,-0.84,0.19,-0.98,-8.67,-6.94,-5.77
GILLETTE,Consumer Non-Durables,Household/Personal Care,NIFTY_FMCG,industry,0.5200308166409862,-0.2738853503184713,-0.84,0.19,-1.63,1.36,-0.46,1.36
NBCC,Commercial Services,Miscellaneous Commercial Services,,unmapped,-3.3971587399629373,-13.939838591342628,-0.84,0.19,,-2.56,-14.13,
NXST.RR,Finance,Real Estate Investment Trusts,NIFTY_REALTY,industry,-0.126133701723832,5.447396791172556,-0.84,0.19,12.78,0.71,5.26,-7.33
ACC,Non-Energy Minerals,Construction Materials,NIFTY_INFRA,industry,-2.359280565062249,0.819548872180458,-0.84,0.19,-0.98,-1.52,0.63,1.8
RUBICON,Health Technology,Biotechnology,NIFTY_PHARMA,industry,7.419446014697569,8.881249104712792,-0.84,0.19,2.66,8.26,8.69,6.22
SYRMA,Electronic Technology,Electronic Production Equipment,NIFTY_IT,sector,-9.782913165266107,-6.90128631305102,-0.84,0.19,5.63,-8.94,-7.09,-12.53
GUJENERGY,Utilities,Gas Distributors,NIFTY_ENERGY,industry,-8.512838187144578,-28.12076902247496,-0.84,0.19,-2.39,-7.67,-28.31,-25.73
CEMPRO,Industrial Services,Engineering & Construction,NIFTY_INFRA,industry,-10.4913348655196,17.259337619008864,-0.84,0.19,-0.98,-9.65,17.07,18.24
AWL,Process Industries,Agricultural Commodities/Milling,,unmapped,-0.1803713527851477,1.7356042173560466,-0.84,0.19,,0.66,1.55,
CREDITACC,Finance,Finance/Rental/Leasing,NIFTY_FIN_SERVICE,industry,1.8523489932885848,9.891383055756693,-0.84,0.19,1.89,2.69,9.7,8.0
CRAFTSMAN,Producer Manufacturing,Trucks/Construction/Farm Machinery,NIFTY_INFRA,industry,2.010768047467311,-2.077839890306929,-0.84,0.19,-0.98,2.85,-2.27,-1.1
PPLPHARMA,Health Technology,Pharmaceuticals: Major,NIFTY_PHARMA,industry,3.052870949403073,6.3479026107363,-0.84,0.19,2.66,3.89,6.16,3.69
NEULANDLAB,Health Technology,Pharmaceuticals: Major,NIFTY_PHARMA,industry,-1.0932750253319825,2.520729684908789,-0.84,0.19,2.66,-0.25,2.33,-0.14
GODIGIT,Finance,Multi-Line Insurance,NIFTY_FIN_SERVICE,industry,-9.469964664310956,-17.63382092911108,-0.84,0.19,1.89,-8.63,-17.82,-19.52
IIFL,Finance,Finance/Rental/Leasing,NIFTY_FIN_SERVICE,industry,-2.0072189453297105,4.624494783344282,-0.84,0.19,1.89,-1.17,4.43,2.73
IRB,Industrial Services,Engineering & Construction,NIFTY_INFRA,industry,-2.4378109452736414,-8.321645628798509,-0.84,0.19,-0.98,-1.6,-8.51,-7.34
NETWEB,Electronic Technology,Computer Peripherals,NIFTY_IT,sector,-3.010501750291715,-15.699797160243408,-0.84,0.19,5.63,-2.17,-15.89,-21.33
TIMKEN,Producer Manufacturing,Industrial Machinery,NIFTY_INFRA,industry,-0.369591537628239,-16.989646933899653,-0.84,0.19,-0.98,0.47,-17.18,-16.01
FORCEMOT,Consumer Durables,Motor Vehicles,NIFTY_AUTO,industry,-4.49346848067646,-2.111111111111111,-0.84,0.19,1.4,-3.65,-2.3,-3.51
CGCL,Finance,Finance/Rental/Leasing,NIFTY_FIN_SERVICE,industry,-8.807992650436386,9.279816513761464,-0.84,0.19,1.89,-7.97,9.09,7.39
EMMVEE,Electronic Technology,Semiconductors,NIFTY_IT,sector,-9.760087241003273,0.76103500761035,-0.84,0.19,5.63,-8.92,0.57,-4.87
ASAHIINDIA,Consumer Durables,Home Furnishings,NIFTY_AUTO,sector,-0.3254039497307103,2.699578010289601,-0.84,0.19,1.4,0.51,2.51,1.3
DEEPAKNTR,Process Industries,Chemicals: Specialty,,unmapped,-6.000341899823362,1.5138461538461483,-0.84,0.19,,-5.16,1.32,
PFOCUS,Consumer Services,Movies/Entertainment,NIFTY_FMCG,sector,-0.0725388601036198,37.88846520495711,-0.84,0.19,-1.63,0.77,37.7,39.52
GRINDWELL,Process Industries,Industrial Specialties,,unmapped,-16.183333333333337,-5.336470588235298,-0.84,0.19,,-15.34,-5.53,
KPIL,Industrial Services,Engineering & Construction,NIFTY_INFRA,industry,-1.530187107037332,-9.85436893203883,-0.84,0.19,-0.98,-0.69,-10.04,-8.87
BELRISE,Producer Manufacturing,Auto Parts: OEM,NIFTY_AUTO,industry,-1.1433521004764031,-5.716646014043786,-0.84,0.19,1.4,-0.3,-5.91,-7.12
TATAELXSI,Technology Services,Information Technology Services,NIFTY_IT,industry,-0.002826375738388,-13.201344422364514,-0.84,0.19,5.63,0.84,-13.39,-18.83
TENNIND,Producer Manufacturing,Auto Parts: OEM,NIFTY_AUTO,industry,-3.2607721938546863,-10.60430463576158,-0.84,0.19,1.4,-2.42,-10.79,-12.0
CUB,Finance,Regional Banks,NIFTY_BANK,industry,-0.6150784677309997,10.150375939849624,-0.84,0.19,-1.03,0.22,9.96,11.18
AADHARHFC,Finance,Finance/Rental/Leasing,NIFTY_FIN_SERVICE,industry,-4.023267086766844,0.9174311926605504,-0.84,0.19,1.89,-3.18,0.73,-0.97
CESC,Utilities,Electric Utilities,NIFTY_ENERGY,industry,-1.99399399399399,-4.712408759124084,-0.84,0.19,-2.39,-1.15,-4.9,-2.32
RAMCOCEM,Non-Energy Minerals,Construction Materials,NIFTY_INFRA,industry,-1.740064446831369,3.960452298426037,-0.84,0.19,-0.98,-0.9,3.77,4.94
THANGAMAYL,Consumer Durables,Other Consumer Specialties,NIFTY_AUTO,sector,7.360484999222757,27.89814814814815,-0.84,0.19,1.4,8.2,27.71,26.5
KAYNES,Electronic Technology,Electronic Production Equipment,NIFTY_IT,sector,-7.61489237929029,-1.2651931984208484,-0.84,0.19,5.63,-6.77,-1.46,-6.9
KIOCL,Non-Energy Minerals,Steel,NIFTY_METAL,industry,-7.012398346887084,-12.8125,-0.84,0.19,-4.41,-6.17,-13.0,-8.4
ANANTRAJ,Consumer Durables,Homebuilding,NIFTY_REALTY,industry,2.230936819172105,12.798076923076914,-0.84,0.19,12.78,3.07,12.61,0.02
PFIZER,Health Technology,Pharmaceuticals: Major,NIFTY_PHARMA,industry,0.5130434782608775,2.4302709408715466,-0.84,0.19,2.66,1.35,2.24,-0.23
IGL,Utilities,Gas Distributors,NIFTY_ENERGY,industry,-3.658064516129024,-11.518634828464773,-0.84,0.19,-2.39,-2.82,-11.71,-9.13
GRANULES,Health Technology,Pharmaceuticals: Other,NIFTY_PHARMA,industry,-7.665466629742458,5.55942506173621,-0.84,0.19,2.66,-6.83,5.37,2.9
CUBEINVIT,Miscellaneous,Investment Trusts/Mutual Funds,,unmapped,-0.3215434083601286,3.333333333333333,-0.84,0.19,,0.52,3.14,
GESHIP,Transportation,Marine Shipping,,unmapped,3.969631236442523,-1.762656282025002,-0.84,0.19,,4.81,-1.95,
EIHOTEL,Consumer Services,Hotels/Resorts/Cruise lines,NIFTY_FMCG,sector,-2.857142857142864,0.3227293683725079,-0.84,0.19,-1.63,-2.02,0.13,1.95
AFFLE,Technology Services,Packaged Software,NIFTY_IT,industry,-5.966167859466496,-1.0068493150684965,-0.84,0.19,5.63,-5.13,-1.2,-6.64
CARBORUNIV,Process Industries,Industrial Specialties,,unmapped,-1.635859519408507,-11.610331367826593,-0.84,0.19,,-0.8,-11.8,
REDINGTON,Distribution Services,Electronics Distributors,,unmapped,-6.530759516507295,-5.830819004689362,-0.84,0.19,,-5.69,-6.02,
URBANCO,Technology Services,Packaged Software,NIFTY_IT,industry,-2.3700248288315446,-2.399398270026324,-0.84,0.19,5.63,-1.53,-2.59,-8.03
ASTRAZEN,Health Technology,Pharmaceuticals: Major,NIFTY_PHARMA,industry,-0.7992565055762082,-6.176384412540287,-0.84,0.19,2.66,0.04,-6.37,-8.84
SANSERA,Producer Manufacturing,Auto Parts: OEM,NIFTY_AUTO,industry,-2.249846531614493,2.237560192616366,-0.84,0.19,1.4,-1.41,2.05,0.84
DEEPAKFERT,Process Industries,Chemicals: Agricultural,,unmapped,-2.2249844623990027,-0.6127992924379332,-0.84,0.19,,-1.38,-0.8,
HATSUN,Consumer Non-Durables,Food: Meat/Fish/Dairy,NIFTY_FMCG,sector,-4.331175836030202,-2.345427517480588,-0.84,0.19,-1.63,-3.49,-2.54,-0.72
SUNDRMFAST,Producer Manufacturing,Auto Parts: OEM,NIFTY_AUTO,industry,-2.9508873297565024,6.49306538352675,-0.84,0.19,1.4,-2.11,6.3,5.09
GABRIEL,Producer Manufacturing,Auto Parts: OEM,NIFTY_AUTO,industry,0.2573529411764705,11.169995923359153,-0.84,0.19,1.4,1.1,10.98,9.77
TRITURBINE,Producer Manufacturing,Industrial Machinery,NIFTY_INFRA,industry,-2.7344992050874475,-15.027777777777782,-0.84,0.19,-0.98,-1.89,-15.22,-14.05
ERIS,Health Technology,Pharmaceuticals: Major,NIFTY_PHARMA,industry,-6.370746707667637,-5.037629669808134,-0.84,0.19,2.66,-5.53,-5.23,-7.7
HBLENGINE,Producer Manufacturing,Electrical Products,NIFTY_INFRA,industry,-5.7219973009446665,-14.908647990255783,-0.84,0.19,-0.98,-4.88,-15.1,-13.93
KAJARIACER,Producer Manufacturing,Building Products,NIFTY_INFRA,sector,-2.8079999999999927,1.6652719665272042,-0.84,0.19,-0.98,-1.97,1.48,2.65
SUNTV,Consumer Services,Broadcasting,NIFTY_FMCG,sector,-3.488602576808726,-6.365384615384619,-0.84,0.19,-1.63,-2.65,-6.56,-4.74
J&KBANK,Finance,Regional Banks,NIFTY_BANK,industry,-3.2679372197309484,8.194357366771156,-0.84,0.19,-1.03,-2.43,8.0,9.22
BAYERCROP,Process Industries,Chemicals: Agricultural,,unmapped,-0.2955082742316784,0.0355787476280834,-0.84,0.19,,0.54,-0.15,
ONESOURCE,Health Technology,Pharmaceuticals: Major,NIFTY_PHARMA,industry,-0.3674698795180668,6.087235407312385,-0.84,0.19,2.66,0.47,5.9,3.43
AETHER,Process Industries,Chemicals: Major Diversified,,unmapped,-4.833333333333333,13.881132828081371,-0.84,0.19,,-3.99,13.69,
SAGILITY,Commercial Services,Miscellaneous Commercial Services,,unmapped,-2.2490931076178957,0.9742692980264815,-0.84,0.19,,-1.41,0.78,
IFCI,Finance,Finance/Rental/Leasing,NIFTY_FIN_SERVICE,industry,-4.663494221617937,-14.435631482611344,-0.84,0.19,1.89,-3.82,-14.63,-16.33
CAMS,Technology Services,Information Technology Services,NIFTY_IT,industry,0.8409482187789726,-5.29817797400658,-0.84,0.19,5.63,1.68,-5.49,-10.93
ATUL,Process Industries,Chemicals: Agricultural,,unmapped,4.88623342609265,-2.4733637747336377,-0.84,0.19,,5.73,-2.66,
CAPLIPOINT,Health Technology,Pharmaceuticals: Major,NIFTY_PHARMA,industry,-7.6649575208653085,-0.1254959112622423,-0.84,0.19,2.66,-6.82,-0.32,-2.79
SAMMAANCAP,Finance,Finance/Rental/Leasing,NIFTY_FIN_SERVICE,industry,-1.7492354740061244,-6.977821529909092,-0.84,0.19,1.89,-0.91,-7.17,-8.87
SHRIPISTON,Producer Manufacturing,Auto Parts: OEM,NIFTY_AUTO,industry,-0.8650683952147225,8.330729166666657,-0.84,0.19,1.4,-0.03,8.14,6.93
ELGIEQUIP,Producer Manufacturing,Industrial Machinery,NIFTY_INFRA,industry,-0.8075601374570525,-7.261044176706835,-0.84,0.19,-0.98,0.03,-7.45,-6.28
CASTROLIND,Energy Minerals,Oil Refining/Marketing,NIFTY_ENERGY,industry,0.1517532925044719,-0.5596512941936288,-0.84,0.19,-2.39,0.99,-0.75,1.83
INOXINDIA,Producer Manufacturing,Industrial Machinery,NIFTY_INFRA,industry,-0.2190798645688155,1.8189208413779063,-0.84,0.19,-0.98,0.62,1.63,2.8
JYOTICNC,Producer Manufacturing,Metal Fabrication,NIFTY_INFRA,industry,-1.1070340195285888,6.86155913978494,-0.84,0.19,-0.98,-0.27,6.67,7.84
CHENNPETRO,Energy Minerals,Oil Refining/Marketing,NIFTY_ENERGY,industry,-2.8936850519584367,8.493346432080013,-0.84,0.19,-2.39,-2.05,8.3,10.88
JSWCEMENT,Non-Energy Minerals,Construction Materials,NIFTY_INFRA,industry,-7.147375079063875,2.3313453644179307,-0.84,0.19,-0.98,-6.31,2.14,3.31
MTARTECH,Electronic Technology,Aerospace & Defense,NIFTY_IT,sector,-3.98610651670526,-28.527456291553804,-0.84,0.19,5.63,-3.15,-28.72,-34.16
EMAMILTD,Consumer Non-Durables,Household/Personal Care,NIFTY_FMCG,industry,-0.1224289911851126,1.4172053704624537,-0.84,0.19,-1.63,0.72,1.23,3.05
GMDCLTD,Distribution Services,Wholesale Distributors,,unmapped,-4.091722785781264,-6.459926837379452,-0.84,0.19,,-3.25,-6.65,
ZYDUSWELL,Consumer Non-Durables,Food: Major Diversified,NIFTY_FMCG,industry,-6.267687697686048,6.005836392732745,-0.84,0.19,-1.63,-5.43,5.82,7.64
CHALET,Consumer Services,Hotels/Resorts/Cruise lines,NIFTY_FMCG,sector,-6.819221967963389,0.4316191885559255,-0.84,0.19,-1.63,-5.98,0.24,2.06
CMPDI,Commercial Services,Miscellaneous Commercial Services,,unmapped,-5.89772727272727,-2.192913385826769,-0.84,0.19,,-5.06,-2.38,
CHOICEIN,Commercial Services,Miscellaneous Commercial Services,,unmapped,-1.342821782178221,12.433004231311704,-0.84,0.19,,-0.5,12.24,
VTL,Process Industries,Textiles,,unmapped,-3.3571821684094694,-4.468796145177586,-0.84,0.19,,-2.52,-4.66,
FSL,Commercial Services,Miscellaneous Commercial Services,,unmapped,-4.64766488681657,4.785123966942154,-0.84,0.19,,-3.81,4.6,
SARDAEN,Non-Energy Minerals,Steel,NIFTY_METAL,industry,1.659751037344396,-3.765089097528258,-0.84,0.19,-4.41,2.5,-3.96,0.64
CENTURYPLY,Producer Manufacturing,Building Products,NIFTY_INFRA,sector,0.4119399201470308,7.0829954041633005,-0.84,0.19,-0.98,1.25,6.89,8.06
ECLERX,Commercial Services,Miscellaneous Commercial Services,,unmapped,5.767045454545454,33.834208066719384,-0.84,0.19,,6.61,33.64,
TATACHEM,Process Industries,Chemicals: Agricultural,,unmapped,-1.2463976945244923,-5.858516483516481,-0.84,0.19,,-0.41,-6.05,
TDPOWERSYS,Producer Manufacturing,Electrical Products,NIFTY_INFRA,industry,-1.1977641735427202,-17.870049413673588,-0.84,0.19,-0.98,-0.36,-18.06,-16.89
ABDL,Consumer Non-Durables,Beverages: Alcoholic,NIFTY_FMCG,industry,-1.764519702484567,-0.592521418848594,-0.84,0.19,-1.63,-0.92,-0.78,1.04
AARTIIND,Process Industries,Chemicals: Major Diversified,,unmapped,-5.311137534680937,0.5894736842105287,-0.84,0.19,,-4.47,0.4,
CHAMBLFERT,Process Industries,Chemicals: Specialty,,unmapped,-5.668636463121028,-10.273758717601751,-0.84,0.19,,-4.83,-10.46,
ASTRAMICRO,Electronic Technology,Telecommunications Equipment,NIFTY_IT,sector,5.43023255813954,7.549967380345186,-0.84,0.19,5.63,6.27,7.36,1.92
OLAELEC,Consumer Durables,Motor Vehicles,NIFTY_AUTO,industry,-7.067669172932331,-15.516062884483942,-0.84,0.19,1.4,-6.23,-15.71,-16.92
BRIGADE,Finance,Real Estate Development,NIFTY_REALTY,industry,-5.324324324324317,0.2767175572519171,-0.84,0.19,12.78,-4.48,0.09,-12.5
INDIGRID,Finance,Financial Conglomerates,NIFTY_FIN_SERVICE,industry,-0.0167317345231461,2.5689438150818225,-0.84,0.19,1.89,0.82,2.38,0.68
VERTIS,Miscellaneous,Investment Trusts/Mutual Funds,,unmapped,2.6805997273966407,4.62962962962963,-0.84,0.19,,3.52,4.44,
CLEANMAX,Utilities,Alternative Power Generation,NIFTY_ENERGY,industry,11.914272545705956,-2.155809267965071,-0.84,0.19,-2.39,12.75,-2.35,0.23
TRAVELFOOD,Consumer Services,Restaurants,NIFTY_FMCG,sector,-0.4642884779076066,-3.863976083707029,-0.84,0.19,-1.63,0.38,-4.05,-2.23
POLYMED,Health Technology,Medical Specialties,NIFTY_PHARMA,industry,-3.5921205098493627,0.8484848484848485,-0.84,0.19,2.66,-2.75,0.66,-1.81
PSB,Finance,Major Banks,NIFTY_BANK,industry,-3.92077607113985,-4.307568438003222,-0.84,0.19,-1.03,-3.08,-4.5,-3.28
LMW,Producer Manufacturing,Industrial Machinery,NIFTY_INFRA,industry,-2.378150740075556,-2.7215502345099973,-0.84,0.19,-0.98,-1.54,-2.91,-1.74
PINELABS,Technology Services,Packaged Software,NIFTY_IT,industry,-6.62179487179488,-3.015978695073237,-0.84,0.19,5.63,-5.78,-3.21,-8.65
RATNAMANI,Non-Energy Minerals,Steel,NIFTY_METAL,industry,-8.337480381273213,-12.452926766845817,-0.84,0.19,-4.41,-7.5,-12.64,-8.04
INOXWIND,Producer Manufacturing,Electrical Products,NIFTY_INFRA,industry,-2.28513393423892,-15.100375027575556,-0.84,0.19,-0.98,-1.45,-15.29,-14.12
NATCOPHARM,Health Technology,Pharmaceuticals: Major,NIFTY_PHARMA,industry,-4.858027878162102,3.0589419528017023,-0.84,0.19,2.66,-4.02,2.87,0.4
SYNGENE,Commercial Services,Miscellaneous Commercial Services,,unmapped,-3.3856022808268,-7.421741605008543,-0.84,0.19,,-2.55,-7.61,
JINDALSAW,Non-Energy Minerals,Steel,NIFTY_METAL,industry,-4.755688176053721,-0.0978090766823161,-0.84,0.19,-4.41,-3.92,-0.29,4.31
PGEL,Electronic Technology,Electronic Production Equipment,NIFTY_IT,sector,-8.003214142225787,1.705605401083774,-0.84,0.19,5.63,-7.16,1.52,-3.92
BHARATCOAL,Energy Minerals,Coal,NIFTY_ENERGY,industry,-4.65940054495913,-14.512582457854869,-0.84,0.19,-2.39,-3.82,-14.7,-12.12
GPIL,Non-Energy Minerals,Steel,NIFTY_METAL,industry,-1.6584766584766517,-11.41645149391369,-0.84,0.19,-4.41,-0.82,-11.61,-7.01
MINDACORP,Producer Manufacturing,Auto Parts: OEM,NIFTY_AUTO,industry,-0.8137829912023393,1.447210557888436,-0.84,0.19,1.4,0.03,1.26,0.05
CROMPTON,Producer Manufacturing,Industrial Machinery,NIFTY_INFRA,industry,-3.788461538461536,-8.033088235294116,-0.84,0.19,-0.98,-2.95,-8.22,-7.05
GRWRHITECH,Process Industries,Chemicals: Specialty,,unmapped,-0.245664739884393,2.032370113073682,-0.84,0.19,,0.59,1.84,
NIVABUPA,Finance,Life/Health Insurance,NIFTY_FIN_SERVICE,industry,-0.3908944584962099,-0.046146746654368,-0.84,0.19,1.89,0.45,-0.24,-1.94
KPITTECH,Technology Services,Packaged Software,NIFTY_IT,industry,5.289763495215755,-21.20516111598999,-0.84,0.19,5.63,6.13,-21.4,-26.84
ZENTEC,Technology Services,Information Technology Services,NIFTY_IT,industry,-2.124951579879357,-7.5914315569487965,-0.84,0.19,5.63,-1.28,-7.78,-13.22
ARE&M,Producer Manufacturing,Electrical Products,NIFTY_INFRA,industry,-3.1671196405790742,2.954532051660076,-0.84,0.19,-0.98,-2.33,2.76,3.93
COHANCE,Health Technology,Pharmaceuticals: Major,NIFTY_PHARMA,industry,-7.073632616687089,-9.326086956521737,-0.84,0.19,2.66,-6.23,-9.52,-11.99
BASF,Process Industries,Chemicals: Specialty,,unmapped,-3.183940489065928,-2.673031026252988,-0.84,0.19,,-2.34,-2.86,
BIKAJI,Consumer Non-Durables,Food: Specialty/Candy,NIFTY_FMCG,industry,-1.6068642745709758,-4.569526403389308,-0.84,0.19,-1.63,-0.77,-4.76,-2.94
THELEELA,Consumer Services,Hotels/Resorts/Cruise lines,NIFTY_FMCG,sector,-3.122448979591839,-2.1338006391093747,-0.84,0.19,-1.63,-2.28,-2.32,-0.5
FIVESTAR,Finance,Finance/Rental/Leasing,NIFTY_FIN_SERVICE,industry,-3.262539539087204,8.438861310910756,-0.84,0.19,1.89,-2.42,8.25,6.55
CCL,Consumer Non-Durables,Food: Specialty/Candy,NIFTY_FMCG,industry,-1.0367892976588704,1.8676306050434477,-0.84,0.19,-1.63,-0.2,1.68,3.5
AZAD,Producer Manufacturing,Metal Fabrication,NIFTY_INFRA,industry,1.287375415282392,19.03367496339678,-0.84,0.19,-0.98,2.13,18.84,20.01
NAVA,Utilities,Electric Utilities,NIFTY_ENERGY,industry,-5.662302329535804,-9.30935839803842,-0.84,0.19,-2.39,-4.82,-9.5,-6.92
CIEINDIA,Producer Manufacturing,Auto Parts: OEM,NIFTY_AUTO,industry,-12.45239102835379,-12.06163655685441,-0.84,0.19,1.4,-11.61,-12.25,-13.46
DCMSHRIRAM,Producer Manufacturing,Industrial Conglomerates,NIFTY_INFRA,sector,-1.1304433303843509,-3.102119460500968,-0.84,0.19,-0.98,-0.29,-3.29,-2.12
APLLTD,Health Technology,Pharmaceuticals: Major,NIFTY_PHARMA,industry,-5.368689565165806,3.450064850843064,-0.84,0.19,2.66,-4.53,3.26,0.79
KANSAINER,Process Industries,Industrial Specialties,,unmapped,-3.837730214036838,-10.38593561554876,-0.84,0.19,,-3.0,-10.58,
DIACABS,Producer Manufacturing,Electrical Products,NIFTY_INFRA,industry,28.60566448801742,45.39408866995073,-0.84,0.19,-0.98,29.45,45.2,46.37
TBOTEK,Technology Services,Internet Software/Services,NIFTY_IT,industry,-1.6517549896765311,-2.1232876712328768,-0.84,0.19,5.63,-0.81,-2.31,-7.75
JBMA,Producer Manufacturing,Auto Parts: OEM,NIFTY_AUTO,industry,-2.663204747774488,-8.186970820796306,-0.84,0.19,1.4,-1.82,-8.38,-9.59
AEQUS,Electronic Technology,Aerospace & Defense,NIFTY_IT,sector,-2.4054836512261604,-0.7662337662337707,-0.84,0.19,5.63,-1.57,-0.96,-6.4
ABREL,Process Industries,Textiles,,unmapped,-5.876712328767121,5.707692307692311,-0.84,0.19,,-5.04,5.52,
JUBLPHARMA,Health Technology,Pharmaceuticals: Major,NIFTY_PHARMA,industry,-5.078662733529988,-1.424486878382511,-0.84,0.19,2.66,-4.24,-1.61,-4.08
WELSPUNLIV,Consumer Non-Durables,Consumer Sundries,NIFTY_FMCG,sector,-1.6393442622950751,0.1979218208807478,-0.84,0.19,-1.63,-0.8,0.01,1.83
FINCABLES,Producer Manufacturing,Electrical Products,NIFTY_INFRA,industry,-5.047528517110268,-13.910195639058864,-0.84,0.19,-0.98,-4.21,-14.1,-12.93
HAPPYFORGE,Producer Manufacturing,Metal Fabrication,NIFTY_INFRA,industry,0.4102181614767797,5.17578125,-0.84,0.19,-0.98,1.25,4.99,6.16
AGARWALEYE,Health Services,Medical/Nursing Services,NIFTY_PHARMA,industry,-2.6922686172914765,1.440372802372369,-0.84,0.19,2.66,-1.85,1.25,-1.22
USHAMART,Producer Manufacturing,Metal Fabrication,NIFTY_INFRA,industry,-0.889733080075975,5.333616659583503,-0.84,0.19,-0.98,-0.05,5.14,6.31
KSB,Producer Manufacturing,Industrial Machinery,NIFTY_INFRA,industry,-5.592194909249477,-9.583964086234804,-0.84,0.19,-0.98,-4.75,-9.77,-8.6
KFINTECH,Technology Services,Packaged Software,NIFTY_IT,industry,-1.9322014520093729,-3.243090806542583,-0.84,0.19,5.63,-1.09,-3.43,-8.87
FINEORG,Process Industries,Chemicals: Major Diversified,,unmapped,-5.323529411764706,-6.422605089245909,-0.84,0.19,,-4.48,-6.61,
RAINBOW,Health Services,Hospital/Nursing Management,NIFTY_PHARMA,industry,-1.7919698194556817,1.4474599860821125,-0.84,0.19,2.66,-0.95,1.26,-1.21
APOLLO,Electronic Technology,Electronic Production Equipment,NIFTY_IT,sector,-1.0291164658634453,-3.1203931203931177,-0.84,0.19,5.63,-0.19,-3.31,-8.75
IGIL,Commercial Services,Miscellaneous Commercial Services,,unmapped,-3.413310482719236,-4.974005901362946,-0.84,0.19,,-2.57,-5.16,
HONASA,Retail Trade,Specialty Stores,NIFTY_FMCG,sector,-4.937486755668565,4.556578487355789,-0.84,0.19,-1.63,-4.1,4.37,6.19
SOBHA,Finance,Real Estate Development,NIFTY_REALTY,industry,-8.937165775401072,-2.316076294277926,-0.84,0.19,12.78,-8.1,-2.51,-15.1
KIRLOSBROS,Producer Manufacturing,Industrial Machinery,NIFTY_INFRA,industry,-1.8653126670229871,-9.4178589047854,-0.84,0.19,-0.98,-1.03,-9.61,-8.44
MAHSCOOTER,Producer Manufacturing,Industrial Machinery,NIFTY_INFRA,industry,-3.259790823727002,1.3597824348104304,-0.84,0.19,-0.98,-2.42,1.17,2.34
VENTIVE,Consumer Services,Hotels/Resorts/Cruise lines,NIFTY_FMCG,sector,0.2840909090909091,-4.343449984515323,-0.84,0.19,-1.63,1.12,-4.53,-2.71
BEML,Producer Manufacturing,Trucks/Construction/Farm Machinery,NIFTY_INFRA,industry,-5.608815426997243,-1.5289113691228824,-0.84,0.19,-0.98,-4.77,-1.72,-0.55
ANURAS,Health Technology,Pharmaceuticals: Major,NIFTY_PHARMA,industry,-1.915227629513351,-2.3902515231995105,-0.84,0.19,2.66,-1.08,-2.58,-5.05
PARADEEP,Process Industries,Chemicals: Agricultural,,unmapped,-3.776253447422391,0.7925925925925875,-0.84,0.19,,-2.94,0.6,
PRIVISCL,Process Industries,Chemicals: Major Diversified,,unmapped,-3.162204385067072,0.1448467966573765,-0.84,0.19,,-2.32,-0.05,
CANHLIFE,Finance,Life/Health Insurance,NIFTY_FIN_SERVICE,industry,-3.085526315789472,5.788150807899463,-0.84,0.19,1.89,-2.25,5.6,3.9
SPLPETRO,Process Industries,Industrial Specialties,,unmapped,5.460750853242317,-2.034346103038306,-0.84,0.19,,6.3,-2.22,
APTUS,Finance,Finance/Rental/Leasing,NIFTY_FIN_SERVICE,industry,-8.258854683879525,5.500570993528736,-0.84,0.19,1.89,-7.42,5.31,3.61
DEVYANI,Consumer Services,Restaurants,NIFTY_FMCG,sector,1.7394455517303875,-3.1479085812850416,-0.84,0.19,-1.63,2.58,-3.34,-1.52
BBOX,Technology Services,Information Technology Services,NIFTY_IT,industry,-10.891712454212453,-22.711477362986496,-0.84,0.19,5.63,-10.05,-22.9,-28.34
ARVIND,Process Industries,Textiles,,unmapped,-1.5591448044066678,1.0058434715968962,-0.84,0.19,,-0.72,0.82,
UJJIVANSFB,Finance,Regional Banks,NIFTY_BANK,industry,7.739183424741009,25.99323000178157,-0.84,0.19,-1.03,8.58,25.8,27.02
INGERRAND,Producer Manufacturing,Trucks/Construction/Farm Machinery,NIFTY_INFRA,industry,-6.600171600171596,-6.4697669423262765,-0.84,0.19,-0.98,-5.76,-6.66,-5.49
VEDPOWER,Utilities,Electric Utilities,NIFTY_ENERGY,industry,-10.983981693363845,-19.609644087256022,-0.84,0.19,-2.39,-10.14,-19.8,-17.22
SHAILY,Process Industries,Chemicals: Specialty,,unmapped,9.86681465038845,6.170676772371382,-0.84,0.19,,10.71,5.98,
FRACTAL,Technology Services,Packaged Software,NIFTY_IT,industry,-11.006164809682708,-16.604833580665677,-0.84,0.19,5.63,-10.17,-16.79,-22.23
ALIVUS,Health Technology,Pharmaceuticals: Major,NIFTY_PHARMA,industry,-5.468280539102072,-1.853832442067732,-0.84,0.19,2.66,-4.63,-2.04,-4.51
VIJAYA,Health Services,Medical/Nursing Services,NIFTY_PHARMA,industry,-7.203898580408221,0.7360269876562245,-0.84,0.19,2.66,-6.36,0.55,-1.92
SKFINDUS,Producer Manufacturing,Auto Parts: OEM,NIFTY_AUTO,industry,1.2793414172877964,-4.376444226594777,-0.84,0.19,1.4,2.12,-4.57,-5.78
VINATIORGA,Process Industries,Chemicals: Specialty,,unmapped,-1.9901997738409416,-4.789454412303193,-0.84,0.19,,-1.15,-4.98,
EIDPARRY,Process Industries,Chemicals: Agricultural,,unmapped,-1.4304291287386215,6.76056338028169,-0.84,0.19,,-0.59,6.57,
DOMS,Producer Manufacturing,Office Equipment/Supplies,NIFTY_INFRA,sector,-2.3650430807104,-3.873620428478685,-0.84,0.19,-0.98,-1.53,-4.06,-2.89
CEATLTD,Consumer Durables,Automotive Aftermarket,NIFTY_AUTO,industry,-8.222124186610793,-4.487804878048783,-0.84,0.19,1.4,-7.38,-4.68,-5.89
JSWDULUX,Process Industries,Industrial Specialties,,unmapped,-4.263414634146338,-8.169567658618755,-0.84,0.19,,-3.42,-8.36,
VOGL,Energy Minerals,Oil & Gas Production,NIFTY_ENERGY,industry,-6.857142857142866,4.423428920073202,-0.84,0.19,-2.39,-6.02,4.23,6.81
AVANTIFEED,Process Industries,Agricultural Commodities/Milling,,unmapped,-5.662836728782475,-1.2981109202949817,-0.84,0.19,,-4.82,-1.49,
AMAGI,Technology Services,Packaged Software,NIFTY_IT,industry,1.0033167495853987,16.82171286084203,-0.84,0.19,5.63,1.84,16.63,11.19
GRAPHITE,Process Industries,Industrial Specialties,,unmapped,2.2416413373860182,6.692569978590128,-0.84,0.19,,3.08,6.5,
GRAVITA,Non-Energy Minerals,Other Metals/Minerals,NIFTY_METAL,industry,-3.520782396088017,5.0710059171597655,-0.84,0.19,-4.41,-2.68,4.88,9.48
CONCORDBIO,Commercial Services,Miscellaneous Commercial Services,,unmapped,-7.2436849925705795,-5.972284982678111,-0.84,0.19,,-6.4,-6.16,
LTFOODS,Process Industries,Agricultural Commodities/Milling,,unmapped,-1.778242677824256,-0.2655337227827934,-0.84,0.19,,-0.94,-0.46,
CORONA,Health Technology,Pharmaceuticals: Major,NIFTY_PHARMA,industry,1.8313253012048192,9.481865284974091,-0.84,0.19,2.66,2.67,9.29,6.82
BALRAMCHIN,Process Industries,Agricultural Commodities/Milling,,unmapped,1.8444333166416211,14.895019301384057,-0.84,0.19,,2.68,14.71,
SWANDEF,Producer Manufacturing,Trucks/Construction/Farm Machinery,NIFTY_INFRA,industry,10.299863698318935,10.450409463148308,-0.84,0.19,-0.98,11.14,10.26,11.43
LLOYDSENGG,Industrial Services,Engineering & Construction,NIFTY_INFRA,industry,-0.5958403597526712,0.4772727272727292,-0.84,0.19,-0.98,0.24,0.29,1.46
SCI,Transportation,Air Freight/Couriers,,unmapped,-5.301204819277101,-14.192139737991264,-0.84,0.19,,-4.46,-14.38,
TRIDENT,Process Industries,Textiles,,unmapped,-0.750691426313701,-2.142578885858982,-0.84,0.19,,0.09,-2.33,
CARTRADE,Technology Services,Internet Software/Services,NIFTY_IT,industry,-5.617338781311064,0.0527306967984968,-0.84,0.19,5.63,-4.78,-0.14,-5.58
WABAG,Industrial Services,Engineering & Construction,NIFTY_INFRA,industry,-0.5505481120584631,-1.8653846153846128,-0.84,0.19,-0.98,0.29,-2.06,-0.89
TMB,Finance,Regional Banks,NIFTY_BANK,industry,-0.0372763419483044,4.902855652627465,-0.84,0.19,-1.03,0.8,4.71,5.93
VGUARD,Producer Manufacturing,Electrical Products,NIFTY_INFRA,industry,-3.6767141437562,-6.660247151340074,-0.84,0.19,-0.98,-2.84,-6.85,-5.68
NUVOCO,Non-Energy Minerals,Construction Materials,NIFTY_INFRA,industry,0.5933041390026904,15.263839430236334,-0.84,0.19,-0.98,1.43,15.07,16.24
ENGINERSIN,Industrial Services,Engineering & Construction,NIFTY_INFRA,industry,-3.052087817477401,-13.46065170611743,-0.84,0.19,-0.98,-2.21,-13.65,-12.48
GALLANTT,Non-Energy Minerals,Steel,NIFTY_METAL,industry,-23.352941176470583,-28.817263042884456,-0.84,0.19,-4.41,-22.51,-29.01,-24.41
INDIACEM,Non-Energy Minerals,Construction Materials,NIFTY_INFRA,industry,1.8263697773330023,7.091172214182341,-0.84,0.19,-0.98,2.67,6.9,8.07
SHADOWFAX,Technology Services,Packaged Software,NIFTY_IT,industry,5.008567931456543,-3.6910642119443193,-0.84,0.19,5.63,5.85,-3.88,-9.32
KEC,Industrial Services,Engineering & Construction,NIFTY_INFRA,industry,-5.490748189863236,-12.981481481481485,-0.84,0.19,-0.98,-4.65,-13.17,-12.0
PCBL,Process Industries,Industrial Specialties,,unmapped,-2.4846625766871235,2.5483870967741864,-0.84,0.19,,-1.64,2.36,
HEG,Electronic Technology,Electronic Components,NIFTY_IT,sector,5.417144730372063,20.89285714285714,-0.84,0.19,5.63,6.26,20.7,15.26
ACE,Producer Manufacturing,Trucks/Construction/Farm Machinery,NIFTY_INFRA,industry,3.0230944593121336,3.3508998707368045,-0.84,0.19,-0.98,3.86,3.16,4.33
HOMEFIRST,Finance,Finance/Rental/Leasing,NIFTY_FIN_SERVICE,industry,-3.927986906710311,4.142641710281207,-0.84,0.19,1.89,-3.09,3.95,2.25
ATLANTAELE,Producer Manufacturing,Electrical Products,NIFTY_INFRA,industry,-9.154285714285717,-16.105540897097626,-0.84,0.19,-0.98,-8.31,-16.3,-15.13
SOUTHBANK,Finance,Major Banks,NIFTY_BANK,industry,2.1743905117504987,1.572052401746738,-0.84,0.19,-1.03,3.01,1.38,2.6
NSLNISP,Non-Energy Minerals,Steel,NIFTY_METAL,industry,-4.716981132075482,-7.42231164766376,-0.84,0.19,-4.41,-3.88,-7.61,-3.01
PARKHOSPS,Health Services,Hospital/Nursing Management,NIFTY_PHARMA,industry,-3.027681660899654,-2.283821478382152,-0.84,0.19,2.66,-2.19,-2.47,-4.94
JSWHL,Finance,Investment Banks/Brokers,NIFTY_FIN_SERVICE,industry,-2.9650799321246764,-11.594792514239218,-0.84,0.19,1.89,-2.13,-11.78,-13.48
LLOYDSENT,Distribution Services,Wholesale Distributors,,unmapped,-1.51438667339726,-0.255623721881376,-0.84,0.19,,-0.67,-0.45,
INDGN,Health Technology,Pharmaceuticals: Major,NIFTY_PHARMA,industry,-4.432589718719694,-8.76007037688676,-0.84,0.19,2.66,-3.59,-8.95,-11.42
VISL,Non-Energy Minerals,Steel,NIFTY_METAL,industry,-12.232504337767486,8.586762075134176,-0.84,0.19,-4.41,-11.39,8.4,13.0
SHILPAMED,Health Technology,Pharmaceuticals: Major,NIFTY_PHARMA,industry,-4.535433070866135,3.623931623931632,-0.84,0.19,2.66,-3.7,3.43,0.96
SEDEMAC,Producer Manufacturing,Auto Parts: OEM,NIFTY_AUTO,industry,-1.0231873389768191,-6.136125654450268,-0.84,0.19,1.4,-0.18,-6.33,-7.54
IRCON,Industrial Services,Engineering & Construction,NIFTY_INFRA,industry,-2.70875135051707,-7.654556108995032,-0.84,0.19,-0.98,-1.87,-7.84,-6.67
PRUDENT,Finance,Investment Managers,NIFTY_FIN_SERVICE,industry,0.8074753173483812,-6.672542682727779,-0.84,0.19,1.89,1.65,-6.86,-8.56
METROPOLIS,Health Services,Medical/Nursing Services,NIFTY_PHARMA,industry,-1.824911767237673,4.970087436723424,-0.84,0.19,2.66,-0.98,4.78,2.31
UTLSOLAR,Electronic Technology,Semiconductors,NIFTY_IT,sector,5.150684931506852,22.424242424242426,-0.84,0.19,5.63,5.99,22.23,16.79
BLUESTONE,Retail Trade,Specialty Stores,NIFTY_FMCG,sector,27.627230667547902,50.59465782803666,-0.84,0.19,-1.63,28.47,50.4,52.22
TEGA,Distribution Services,Wholesale Distributors,,unmapped,-5.596563407550823,-10.07434729986744,-0.84,0.19,,-4.76,-10.26,
JAINREC,Non-Energy Minerals,Other Metals/Minerals,NIFTY_METAL,industry,-1.044689495066751,-8.333333333333334,-0.84,0.19,-4.41,-0.2,-8.52,-3.92
JMFINANCIL,Finance,Investment Banks/Brokers,NIFTY_FIN_SERVICE,industry,-3.0271730494199924,-2.75675245000399,-0.84,0.19,1.89,-2.19,-2.95,-4.65
AVALON,Electronic Technology,Electronic Production Equipment,NIFTY_IT,sector,-1.4431239388794568,-0.6956720077550348,-0.84,0.19,5.63,-0.6,-0.89,-6.33
JPPOWER,Utilities,Electric Utilities,NIFTY_ENERGY,industry,-0.5865102639296271,-5.937846836847949,-0.84,0.19,-2.39,0.25,-6.13,-3.55
BLUEDART,Transportation,Air Freight/Couriers,,unmapped,0.2306028325374511,-1.64016501782352,-0.84,0.19,,1.07,-1.83,
JUBLINGREA,Process Industries,Chemicals: Major Diversified,,unmapped,-4.281002638522433,14.802215189873412,-0.84,0.19,,-3.44,14.61,
TECHNOE,Industrial Services,Engineering & Construction,NIFTY_INFRA,industry,-3.988383349467575,-7.825278810408926,-0.84,0.19,-0.98,-3.15,-8.02,-6.85
ZENSARTECH,Technology Services,Packaged Software,NIFTY_IT,industry,-3.647271688410624,13.519578144283631,-0.84,0.19,5.63,-2.81,13.33,7.89
ABLBL,Retail Trade,Apparel/Footwear Retail,NIFTY_FMCG,sector,-1.488001676621609,-3.0824742268041185,-0.84,0.19,-1.63,-0.65,-3.27,-1.45
UTIAMC,Finance,Investment Managers,NIFTY_FIN_SERVICE,industry,-5.883609183128672,-6.034115138592752,-0.84,0.19,1.89,-5.04,-6.22,-7.92
JKTYRE,Consumer Durables,Automotive Aftermarket,NIFTY_AUTO,industry,-5.879518072289152,-4.029484029484024,-0.84,0.19,1.4,-5.04,-4.22,-5.43
NAZARA,Technology Services,Packaged Software,NIFTY_IT,industry,-1.898426091189345,3.3504273504273545,-0.84,0.19,5.63,-1.06,3.16,-2.28
PGHL,Health Technology,Pharmaceuticals: Major,NIFTY_PHARMA,industry,-1.8421052631578947,8.115942028985508,-0.84,0.19,2.66,-1.0,7.93,5.46
MARKSANS,Health Technology,Pharmaceuticals: Major,NIFTY_PHARMA,industry,-10.33855114670549,-7.90802019068984,-0.84,0.19,2.66,-9.5,-8.1,-10.57
EDELWEISS,Finance,Investment Banks/Brokers,NIFTY_FIN_SERVICE,industry,-0.8305084745762745,-8.219607843137258,-0.84,0.19,1.89,0.01,-8.41,-10.11
IEX,Finance,Investment Banks/Brokers,NIFTY_FIN_SERVICE,industry,-0.9090909090909096,-0.4326923076923013,-0.84,0.19,1.89,-0.07,-0.62,-2.32
GODREJAGRO,Process Industries,Agricultural Commodities/Milling,,unmapped,-0.1827199164708874,1.5221238938053137,-0.84,0.19,,0.66,1.33,
TITAGARH,Producer Manufacturing,Trucks/Construction/Farm Machinery,NIFTY_INFRA,industry,-6.144771503836901,-9.752202643171804,-0.84,0.19,-0.98,-5.3,-9.94,-8.77
VIYASH,Health Technology,Pharmaceuticals: Major,NIFTY_PHARMA,industry,-9.438729471214584,-5.924259467566547,-0.84,0.19,2.66,-8.6,-6.11,-8.58
OLECTRA,Consumer Durables,Motor Vehicles,NIFTY_AUTO,industry,-3.222769409038239,-11.002331002331005,-0.84,0.19,1.4,-2.38,-11.19,-12.4
AAVAS,Finance,Finance/Rental/Leasing,NIFTY_FIN_SERVICE,industry,-7.94392523364486,-4.896551724137931,-0.84,0.19,1.89,-7.1,-5.09,-6.79
TI,Consumer Non-Durables,Beverages: Alcoholic,NIFTY_FMCG,industry,-0.3158844765342909,2.5058004640371254,-0.84,0.19,-1.63,0.52,2.32,4.14
FIRSTCRY,Retail Trade,Apparel/Footwear Retail,NIFTY_FMCG,sector,-2.293728598902381,-4.449541284403664,-0.84,0.19,-1.63,-1.45,-4.64,-2.82
CANFINHOME,Finance,Finance/Rental/Leasing,NIFTY_FIN_SERVICE,industry,-10.64390404567163,-8.210217660990196,-0.84,0.19,1.89,-9.8,-8.4,-10.1
SIGNATURE,Finance,Real Estate Development,NIFTY_REALTY,industry,-3.333962382839529,-0.8580645161290293,-0.84,0.19,12.78,-2.49,-1.05,-13.64
SANOFICONR,Health Technology,Pharmaceuticals: Major,NIFTY_PHARMA,industry,2.5490841285510544,-0.707306711979613,-0.84,0.19,2.66,3.39,-0.9,-3.37
AKUMS,Health Technology,Biotechnology,NIFTY_PHARMA,industry,1.2223858615611125,9.9855976956313,-0.84,0.19,2.66,2.06,9.8,7.33
BLUEJET,Health Technology,Pharmaceuticals: Major,NIFTY_PHARMA,industry,-3.588435374149664,10.259651852572206,-0.84,0.19,2.66,-2.75,10.07,7.6
RATEGAIN,Technology Services,Packaged Software,NIFTY_IT,industry,-6.771588320563262,5.92941176470588,-0.84,0.19,5.63,-5.93,5.74,0.3
IIFLCAPS,Finance,Investment Banks/Brokers,NIFTY_FIN_SERVICE,industry,0.8747220163083732,-0.5989773557341158,-0.84,0.19,1.89,1.71,-0.79,-2.49
JLHL,Health Services,Hospital/Nursing Management,NIFTY_PHARMA,industry,3.5101204201895917,17.956204379562042,-0.84,0.19,2.66,4.35,17.77,15.3
MGL,Utilities,Gas Distributors,NIFTY_ENERGY,industry,-2.964231011802873,-11.358024691358024,-0.84,0.19,-2.39,-2.12,-11.55,-8.97
E2E,Technology Services,Information Technology Services,NIFTY_IT,industry,23.00916557552673,19.33025404157045,-0.84,0.19,5.63,23.85,19.14,13.7
KTKBANK,Finance,Regional Banks,NIFTY_BANK,industry,3.020257826887657,4.365671641791041,-0.84,0.19,-1.03,3.86,4.18,5.4
INDIAMART,Retail Trade,Internet Retail,NIFTY_FMCG,sector,-10.112876040655804,-11.71365506170362,-0.84,0.19,-1.63,-9.27,-11.9,-10.08
JWL,Producer Manufacturing,Trucks/Construction/Farm Machinery,NIFTY_INFRA,industry,-3.879142300194928,-11.056998556998549,-0.84,0.19,-0.98,-3.04,-11.25,-10.08
RKFORGE,Producer Manufacturing,Metal Fabrication,NIFTY_INFRA,industry,-1.7428087986463543,1.0704029240275157,-0.84,0.19,-0.98,-0.9,0.88,2.05
AFCONS,Industrial Services,Engineering & Construction,NIFTY_INFRA,industry,0.3333333333333293,-9.366085578446912,-0.84,0.19,-0.98,1.17,-9.56,-8.39
PVRINOX,Consumer Services,Movies/Entertainment,NIFTY_FMCG,sector,5.315515961395699,9.324907521578298,-0.84,0.19,-1.63,6.16,9.13,10.95
RITES,Commercial Services,Miscellaneous Commercial Services,,unmapped,-2.5846742945708234,2.297750119674477,-0.84,0.19,,-1.74,2.11,
INTELLECT,Technology Services,Packaged Software,NIFTY_IT,industry,-4.343850022862369,-2.3733333333333277,-0.84,0.19,5.63,-3.5,-2.56,-8.0
SBFC,Finance,Finance/Rental/Leasing,NIFTY_FIN_SERVICE,industry,-1.622198505869793,2.2631462169957914,-0.84,0.19,1.89,-0.78,2.07,0.37
BBTC,Consumer Non-Durables,Food: Major Diversified,NIFTY_FMCG,industry,-1.672285906945378,-7.256884818418871,-0.84,0.19,-1.63,-0.83,-7.45,-5.63
FINPIPE,Producer Manufacturing,Miscellaneous Manufacturing,NIFTY_INFRA,sector,-2.228195937873368,-9.193297825122071,-0.84,0.19,-0.98,-1.39,-9.38,-8.21
SHREEJISPG,Transportation,Other Transportation,,unmapped,5.061697305464615,27.84473953013278,-0.84,0.19,,5.9,27.65,
SKYGOLD,Consumer Durables,Other Consumer Specialties,NIFTY_AUTO,sector,6.726530612244906,31.794354838709683,-0.84,0.19,1.4,7.57,31.6,30.39
ZEEL,Consumer Services,Broadcasting,NIFTY_FMCG,sector,-0.2270577105014277,-8.375325803649002,-0.84,0.19,-1.63,0.61,-8.57,-6.75
RELAXO,Consumer Non-Durables,Apparel/Footwear,NIFTY_FMCG,sector,9.49728260869565,10.050525740816608,-0.84,0.19,-1.63,10.34,9.86,11.68
ASKAUTOLTD,Producer Manufacturing,Auto Parts: OEM,NIFTY_AUTO,industry,4.579055441478442,10.035648698282378,-0.84,0.19,1.4,5.42,9.85,8.64
MANORAMA,Consumer Non-Durables,Food: Specialty/Candy,NIFTY_FMCG,industry,-0.1134001134001105,1.628100762771623,-0.84,0.19,-1.63,0.73,1.44,3.26
LUMAXTECH,Producer Manufacturing,Auto Parts: OEM,NIFTY_AUTO,industry,0.6730769230769199,-8.221150835890048,-0.84,0.19,1.4,1.51,-8.41,-9.62
RPOWER,Utilities,Electric Utilities,NIFTY_ENERGY,industry,-2.944735780556678,-7.104247104247104,-0.84,0.19,-2.39,-2.1,-7.29,-4.71
TIMETECHNO,Process Industries,Containers/Packaging,,unmapped,0.1293532338308412,12.442035867925572,-0.84,0.19,,0.97,12.25,
HCG,Health Services,Hospital/Nursing Management,NIFTY_PHARMA,industry,0.26323706377858,9.955460244143833,-0.84,0.19,2.66,1.1,9.77,7.3
WEWORK,Finance,Real Estate Development,NIFTY_REALTY,industry,-1.1043200444506087,11.941823899371077,-0.84,0.19,12.78,-0.26,11.75,-0.84
VARROC,Producer Manufacturing,Auto Parts: OEM,NIFTY_AUTO,industry,-3.331328019251012,5.950712931673951,-0.84,0.19,1.4,-2.49,5.76,4.55
BLACKBUCK,Technology Services,Packaged Software,NIFTY_IT,industry,-6.052952447308831,-4.021710116558417,-0.84,0.19,5.63,-5.21,-4.21,-9.65
MANYAVAR,Retail Trade,Internet Retail,NIFTY_FMCG,sector,0.5750000000000028,-1.0575504181013309,-0.84,0.19,-1.63,1.42,-1.25,0.57
WHIRLPOOL,Consumer Durables,Electronics/Appliances,NIFTY_AUTO,sector,-1.3932383204448109,-3.929016189290156,-0.84,0.19,1.4,-0.55,-4.12,-5.33
WAAREERTL,Utilities,Alternative Power Generation,NIFTY_ENERGY,industry,-7.097288676236049,-5.188199389623601,-0.84,0.19,-2.39,-6.26,-5.38,-2.8
SWANCORP,Utilities,Electric Utilities,NIFTY_ENERGY,industry,-0.5448717948717913,-5.969696969696966,-0.84,0.19,-2.39,0.3,-6.16,-3.58
KIRLPNU,Producer Manufacturing,Industrial Machinery,NIFTY_INFRA,industry,-14.22596539475193,-24.919759277833503,-0.84,0.19,-0.98,-13.39,-25.11,-23.94
PARAS,Electronic Technology,Aerospace & Defense,NIFTY_IT,sector,-0.0752445447704927,-10.202854996243424,-0.84,0.19,5.63,0.76,-10.39,-15.83
BLS,Technology Services,Data Processing Services,NIFTY_IT,industry,-2.238962125967773,-10.66921606118547,-0.84,0.19,5.63,-1.4,-10.86,-16.3
GENUSPOWER,Electronic Technology,Electronic Equipment/Instruments,NIFTY_IT,sector,-3.897685749086466,-9.802800800228624,-0.84,0.19,5.63,-3.06,-9.99,-15.43
SAREGAMA,Consumer Services,Movies/Entertainment,NIFTY_FMCG,sector,1.4300306435137895,4.857444561774023,-0.84,0.19,-1.63,2.27,4.67,6.49
SANDUMA,Non-Energy Minerals,Other Metals/Minerals,NIFTY_METAL,industry,-2.416570771001157,-6.500479386385428,-0.84,0.19,-4.41,-1.58,-6.69,-2.09
ELECON,Producer Manufacturing,Electrical Products,NIFTY_INFRA,industry,-8.822575413558225,-22.3409153697394,-0.84,0.19,-0.98,-7.98,-22.53,-21.36
STAR,Health Technology,Pharmaceuticals: Major,NIFTY_PHARMA,industry,-2.857142857142857,-7.524932003626473,-0.84,0.19,2.66,-2.02,-7.71,-10.18
SUDEEPPHRM,Health Technology,Pharmaceuticals: Other,NIFTY_PHARMA,industry,-6.551528878822199,-2.809187279151946,-0.84,0.19,2.66,-5.71,-3.0,-5.47
CYIENT,Technology Services,Packaged Software,NIFTY_IT,industry,-2.7156919513607463,-5.207628074926663,-0.84,0.19,5.63,-1.88,-5.4,-10.84
VOLTAMP,Producer Manufacturing,Electrical Products,NIFTY_INFRA,industry,-2.361199744735163,-13.166855845629966,-0.84,0.19,-0.98,-1.52,-13.36,-12.19
MMTC,Distribution Services,Wholesale Distributors,,unmapped,-4.039931367961311,-16.07094133697134,-0.84,0.19,,-3.2,-16.26,
SIGMAADV,Technology Services,Information Technology Services,NIFTY_IT,industry,-7.922535211267606,-12.68781302170284,-0.84,0.19,5.63,-7.08,-12.88,-18.32
VESUVIUS,Non-Energy Minerals,Construction Materials,NIFTY_INFRA,industry,-3.447539758778947,-3.868225292242293,-0.84,0.19,-0.98,-2.61,-4.06,-2.89
RAILTEL,Communications,Major Telecommunications,,unmapped,-5.162364696086595,-11.043423930021875,-0.84,0.19,,-4.32,-11.23,
PGINVIT,Utilities,Electric Utilities,NIFTY_ENERGY,industry,3.2012352032938747,6.909788867562384,-0.84,0.19,-2.39,4.04,6.72,9.3
PGIL,Consumer Non-Durables,Apparel/Footwear,NIFTY_FMCG,sector,-3.6123993165731023,5.86563723124766,-0.84,0.19,-1.63,-2.77,5.68,7.5
ALKYLAMINE,Process Industries,Chemicals: Specialty,,unmapped,-5.602152239278369,-0.7432469909590155,-0.84,0.19,,-4.76,-0.93,
HMT,Producer Manufacturing,Industrial Machinery,NIFTY_INFRA,industry,-3.762345195171655,-13.97141255605381,-0.84,0.19,-0.98,-2.92,-14.16,-12.99
SGMART,Utilities,Electric Utilities,NIFTY_ENERGY,industry,9.77692307692307,20.53209459459459,-0.84,0.19,-2.39,10.62,20.34,22.92
THYROCARE,Health Services,Medical/Nursing Services,NIFTY_PHARMA,industry,7.017543859649122,2.034358047016275,-0.84,0.19,2.66,7.86,1.84,-0.63
EQUITASBNK,Finance,Regional Banks,NIFTY_BANK,industry,1.18832343063808,2.005208333333341,-0.84,0.19,-1.03,2.03,1.82,3.04
TIPSMUSIC,Consumer Services,Movies/Entertainment,NIFTY_FMCG,sector,3.775964391691401,8.559677169020658,-0.84,0.19,-1.63,4.62,8.37,10.19
TARIL,Producer Manufacturing,Electrical Products,NIFTY_INFRA,industry,-11.676646706586826,-14.542294322132095,-0.84,0.19,-0.98,-10.84,-14.73,-13.56
BATAINDIA,Consumer Non-Durables,Apparel/Footwear,NIFTY_FMCG,sector,1.463235294117654,-6.212193298443544,-0.84,0.19,-1.63,2.3,-6.4,-4.58
TEJASNET,Electronic Technology,Telecommunications Equipment,NIFTY_IT,sector,-9.234151703920848,-20.12898024989924,-0.84,0.19,5.63,-8.39,-20.32,-25.76
LOTUSDEV,Finance,Real Estate Development,NIFTY_REALTY,industry,28.84999999999999,25.29693686184621,-0.84,0.19,12.78,29.69,25.11,12.52
TTKPRESTIG,Consumer Durables,Home Furnishings,NIFTY_AUTO,sector,-5.389705882352938,15.84586296929864,-0.84,0.19,1.4,-4.55,15.66,14.45
PNGJL,Retail Trade,Specialty Stores,NIFTY_FMCG,sector,8.922558922558922,19.15285451197053,-0.84,0.19,-1.63,9.76,18.96,20.78
ESABINDIA,Producer Manufacturing,Electrical Products,NIFTY_INFRA,industry,-0.0088495575221238,-2.173160173160173,-0.84,0.19,-0.98,0.83,-2.36,-1.19
BANCOINDIA,Producer Manufacturing,Industrial Machinery,NIFTY_INFRA,industry,-7.810606060606053,-9.14588621770942,-0.84,0.19,-0.98,-6.97,-9.34,-8.17
MEDPLUS,Retail Trade,Drugstore Chains,NIFTY_FMCG,sector,-11.015745600493984,-14.097520267048164,-0.84,0.19,-1.63,-10.18,-14.29,-12.47
LEMONTREE,Consumer Services,Hotels/Resorts/Cruise lines,NIFTY_FMCG,sector,-3.9690902704601294,-8.331936295054483,-0.84,0.19,-1.63,-3.13,-8.52,-6.7
QPOWER,Producer Manufacturing,Electrical Products,NIFTY_INFRA,industry,-7.265100671140932,-13.97665369649805,-0.84,0.19,-0.98,-6.43,-14.17,-13.0
NCC,Consumer Durables,Homebuilding,NIFTY_REALTY,industry,-2.903888377363832,-11.554838709677416,-0.84,0.19,12.78,-2.06,-11.74,-24.33
RELIGARE,Finance,Multi-Line Insurance,NIFTY_FIN_SERVICE,industry,-1.6390318277110771,-4.425925925925922,-0.84,0.19,1.89,-0.8,-4.62,-6.32
EMBDL,Finance,Real Estate Development,NIFTY_REALTY,industry,-4.508580343213718,1.0066006600660056,-0.84,0.19,12.78,-3.67,0.82,-11.77
JAYNECOIND,Non-Energy Minerals,Steel,NIFTY_METAL,industry,-5.951219512195117,0.883720930232564,-0.84,0.19,-4.41,-5.11,0.69,5.29
GRINFRA,Industrial Services,Engineering & Construction,NIFTY_INFRA,industry,-4.090633441755336,-9.14455817839983,-0.84,0.19,-0.98,-3.25,-9.33,-8.16
EUREKAFORB,Producer Manufacturing,Industrial Machinery,NIFTY_INFRA,industry,-7.432794259398103,-7.798165137614681,-0.84,0.19,-0.98,-6.59,-7.99,-6.82
SUVEN,Health Technology,Pharmaceuticals: Major,NIFTY_PHARMA,industry,-7.331378299120234,21.0727969348659,-0.84,0.19,2.66,-6.49,20.88,18.41
SFL,Process Industries,Industrial Specialties,,unmapped,-0.5092381014558957,3.126480341070585,-0.84,0.19,,0.33,2.94,
WELENT,Industrial Services,Engineering & Construction,NIFTY_INFRA,industry,-4.8012718600953965,5.534014804370811,-0.84,0.19,-0.98,-3.96,5.34,6.51
STARCEMENT,Non-Energy Minerals,Construction Materials,NIFTY_INFRA,industry,-1.057613367460278,-2.6282020816501124,-0.84,0.19,-0.98,-0.22,-2.82,-1.65
RHIM,Producer Manufacturing,Miscellaneous Manufacturing,NIFTY_INFRA,sector,-1.9778869778869808,4.300653594771239,-0.84,0.19,-0.98,-1.14,4.11,5.28
POWERMECH,Industrial Services,Engineering & Construction,NIFTY_INFRA,industry,-0.0346887646945496,-8.514991181657852,-0.84,0.19,-0.98,0.81,-8.7,-7.53
SUDARSCHEM,Process Industries,Chemicals: Specialty,,unmapped,-3.158139534883725,16.886543535620053,-0.84,0.19,,-2.32,16.7,
BORORENEW,Process Industries,Industrial Specialties,,unmapped,-6.947115384615388,-3.047253297712473,-0.84,0.19,,-6.11,-3.24,
KAMAHOLD,Process Industries,Industrial Specialties,,unmapped,-3.282702682021645,-4.83020856863187,-0.84,0.19,,-2.44,-5.02,
KRN,Producer Manufacturing,Industrial Machinery,NIFTY_INFRA,industry,-5.223135417466779,2.988064435355996,-0.84,0.19,-0.98,-4.38,2.8,3.97
IXIGO,Technology Services,Internet Software/Services,NIFTY_IT,industry,-7.236180904522615,-1.9337016574585717,-0.84,0.19,5.63,-6.4,-2.12,-7.56
SONATSOFTW,Technology Services,Information Technology Services,NIFTY_IT,industry,-6.033920417482061,-0.6551724137930957,-0.84,0.19,5.63,-5.19,-0.85,-6.29
IRBINVIT,Finance,Real Estate Investment Trusts,NIFTY_REALTY,industry,1.6946417043253663,2.139730912627655,-0.84,0.19,12.78,2.53,1.95,-10.64
YATHARTH,Health Services,Hospital/Nursing Management,NIFTY_PHARMA,industry,-2.123687281213541,-2.4651162790697727,-0.84,0.19,2.66,-1.28,-2.66,-5.13
KRBL,Process Industries,Agricultural Commodities/Milling,,unmapped,-1.791964160716779,-8.539765319426337,-0.84,0.19,,-0.95,-8.73,
MAHLIFE,Finance,Real Estate Development,NIFTY_REALTY,industry,-0.6891981444665402,5.460942997888805,-0.84,0.19,12.78,0.15,5.27,-7.32
ICIL,Process Industries,Textiles,,unmapped,2.023011758755848,2.139240506329111,-0.84,0.19,,2.86,1.95,
V2RETAIL,Retail Trade,Apparel/Footwear Retail,NIFTY_FMCG,sector,-1.4249752764542012,-5.543590627153689,-0.84,0.19,-1.63,-0.58,-5.73,-3.91
PCJEWELLER,Consumer Durables,Other Consumer Specialties,NIFTY_AUTO,sector,-10.338164251207733,4.622322435174748,-0.84,0.19,1.4,-9.5,4.43,3.22
TANLA,Technology Services,Information Technology Services,NIFTY_IT,industry,0.9850143121737704,15.392015392015391,-0.84,0.19,5.63,1.83,15.2,9.76
BSOFT,Technology Services,Packaged Software,NIFTY_IT,industry,-3.2545392257622474,-8.386050283860511,-0.84,0.19,5.63,-2.41,-8.58,-14.02
AVL,Retail Trade,Electronics/Appliance Stores,NIFTY_FMCG,sector,-3.0233296302174364,-2.861457753755664,-0.84,0.19,-1.63,-2.18,-3.05,-1.23
SHARDACROP,Distribution Services,Wholesale Distributors,,unmapped,-3.722289621705084,-1.6726740256814496,-0.84,0.19,,-2.88,-1.86,
INDIASHLTR,Finance,Finance/Rental/Leasing,NIFTY_FIN_SERVICE,industry,-11.708744968898646,-5.98701298701299,-0.84,0.19,1.89,-10.87,-6.18,-7.88
SANOFI,Health Technology,Pharmaceuticals: Major,NIFTY_PHARMA,industry,-0.8803743784732351,-0.8861722040243253,-0.84,0.19,2.66,-0.04,-1.08,-3.55
INDIAGLYCO,Process Industries,Chemicals: Specialty,,unmapped,-0.6222908888030557,23.80239520958083,-0.84,0.19,,0.22,23.61,
CERA,Consumer Durables,Home Furnishings,NIFTY_AUTO,sector,-1.1986863711001643,-6.423017107309486,-0.84,0.19,1.4,-0.36,-6.61,-7.82
KIRLFER,Non-Energy Minerals,Steel,NIFTY_METAL,industry,-0.1167232597623114,-1.8763681851349945,-0.84,0.19,-4.41,0.72,-2.07,2.53
INOXGREEN,Utilities,Alternative Power Generation,NIFTY_ENERGY,industry,1.3041182682154164,-2.604060913705581,-0.84,0.19,-2.39,2.14,-2.79,-0.21
KPIGREEN,Utilities,Alternative Power Generation,NIFTY_ENERGY,industry,-4.38617985787798,-2.462192225971759,-0.84,0.19,-2.39,-3.55,-2.65,-0.07
TTML,Communications,Specialty Telecommunications,,unmapped,-3.4093696345351985,-9.595959595959595,-0.84,0.19,,-2.57,-9.79,
PRICOLLTD,Producer Manufacturing,Auto Parts: OEM,NIFTY_AUTO,industry,0.9149277688603604,9.158781144196544,-0.84,0.19,1.4,1.75,8.97,7.76
CLEAN,Process Industries,Chemicals: Specialty,,unmapped,-7.326478149100257,-9.875,-0.84,0.19,,-6.49,-10.06,
MAHSEAMLES,Non-Energy Minerals,Steel,NIFTY_METAL,industry,-2.2824414429817104,-11.94731166230166,-0.84,0.19,-4.41,-1.44,-12.14,-7.54
ORKLAINDIA,Consumer Non-Durables,Food: Specialty/Candy,NIFTY_FMCG,industry,-5.755395683453237,-8.089145687164672,-0.84,0.19,-1.63,-4.92,-8.28,-6.46
CELLO,Consumer Durables,Home Furnishings,NIFTY_AUTO,sector,-7.446236559139782,-10.338541666666664,-0.84,0.19,1.4,-6.61,-10.53,-11.74
GMRP&UI,Industrial Services,Engineering & Construction,NIFTY_INFRA,industry,-0.6616449511400565,-2.9438090502237637,-0.84,0.19,-0.98,0.18,-3.13,-1.96
RAIN,Process Industries,Industrial Specialties,,unmapped,4.904517931998138,22.214987248358565,-0.84,0.19,,5.74,22.02,
OMNI,Producer Manufacturing,Metal Fabrication,NIFTY_INFRA,industry,7.37784016141766,22.842232035327186,-0.84,0.19,-0.98,8.22,22.65,23.82
SAFARI,Consumer Durables,Other Consumer Specialties,NIFTY_AUTO,sector,-5.414874001229251,-4.416149068322976,-0.84,0.19,1.4,-4.57,-4.61,-5.82
KWIL,Consumer Non-Durables,Food: Meat/Fish/Dairy,NIFTY_FMCG,sector,-1.8404907975460163,-11.11111111111111,-0.84,0.19,-1.63,-1.0,-11.3,-9.48
SJS,Producer Manufacturing,Auto Parts: OEM,NIFTY_AUTO,industry,9.196315863294208,9.02810195126506,-0.84,0.19,1.4,10.04,8.84,7.63
EPL,Process Industries,Containers/Packaging,,unmapped,-1.8694736842105253,0.0644025589283438,-0.84,0.19,,-1.03,-0.13,
NESCO,Producer Manufacturing,Industrial Machinery,NIFTY_INFRA,industry,-2.771639042357266,-5.495390673946108,-0.84,0.19,-0.98,-1.93,-5.69,-4.52
GNFC,Process Industries,Chemicals: Specialty,,unmapped,-1.8247462919594,-10.169642857142856,-0.84,0.19,,-0.98,-10.36,
ELANTAS,Process Industries,Industrial Specialties,,unmapped,-0.3977211652155218,-13.95273250684868,-0.84,0.19,,0.44,-14.14,
BIRLACORPN,Non-Energy Minerals,Construction Materials,NIFTY_INFRA,industry,-6.854917234664068,-5.846456692913384,-0.84,0.19,-0.98,-6.01,-6.04,-4.87
SKFINDIA,Producer Manufacturing,Metal Fabrication,NIFTY_INFRA,industry,-0.8215884042482102,-10.413901291178965,-0.84,0.19,-0.98,0.02,-10.6,-9.43
MIDHANI,Non-Energy Minerals,Other Metals/Minerals,NIFTY_METAL,industry,-3.797158255756982,-9.951845906902095,-0.84,0.19,-4.41,-2.96,-10.14,-5.54
GARFIBRES,Producer Manufacturing,Miscellaneous Manufacturing,NIFTY_INFRA,sector,-2.3102525615088343,-2.2017509473409005,-0.84,0.19,-0.98,-1.47,-2.39,-1.22
JYOTHYLAB,Consumer Non-Durables,Household/Personal Care,NIFTY_FMCG,industry,-0.7249275072492836,-2.566241413150156,-0.84,0.19,-1.63,0.12,-2.76,-0.94
JKPAPER,Process Industries,Pulp & Paper,,unmapped,8.941655359565805,16.362318840579707,-0.84,0.19,,9.78,16.17,
PICCADIL,Process Industries,Agricultural Commodities/Milling,,unmapped,-0.967221923696928,28.58887144601432,-0.84,0.19,,-0.13,28.4,
IMFA,Non-Energy Minerals,Other Metals/Minerals,NIFTY_METAL,industry,-1.7305859059910638,-2.8208846990572947,-0.84,0.19,-4.41,-0.89,-3.01,1.59
BAJAJCON,Consumer Non-Durables,Household/Personal Care,NIFTY_FMCG,industry,-0.7581227436823187,-5.936698032506423,-0.84,0.19,-1.63,0.08,-6.13,-4.31
GPPL,Transportation,Marine Shipping,,unmapped,-1.172185430463583,-3.360963605750549,-0.84,0.19,,-0.33,-3.55,
NEWGEN,Technology Services,Packaged Software,NIFTY_IT,industry,-7.211009174311928,7.390104056062861,-0.84,0.19,5.63,-6.37,7.2,1.76
POWERICA,Producer Manufacturing,Electrical Products,NIFTY_INFRA,industry,-4.656040268456376,-13.764322027467946,-0.84,0.19,-0.98,-3.82,-13.95,-12.78
WESTLIFE,Consumer Services,Restaurants,NIFTY_FMCG,sector,-3.387690689110999,-4.740663900414942,-0.84,0.19,-1.63,-2.55,-4.93,-3.11
JKLAKSHMI,Non-Energy Minerals,Construction Materials,NIFTY_INFRA,industry,-0.3307799442896896,-4.9319163068748,-0.84,0.19,-0.98,0.51,-5.12,-3.95
DYNAMATECH,Producer Manufacturing,Industrial Machinery,NIFTY_INFRA,industry,-0.7497390148998766,-0.8720379146919431,-0.84,0.19,-0.98,0.09,-1.06,0.11
KINGFA,Process Industries,Chemicals: Specialty,,unmapped,2.5782326313717774,2.016050107653161,-0.84,0.19,,3.42,1.83,
BENGALASM,Consumer Durables,Automotive Aftermarket,NIFTY_AUTO,industry,-0.768,-3.063457330415755,-0.84,0.19,1.4,0.07,-3.25,-4.46
BALAMINES,Process Industries,Chemicals: Specialty,,unmapped,-8.978652155713688,4.658997930403821,-0.84,0.19,,-8.14,4.47,
TCI,Transportation,Trucking,,unmapped,-1.1897071490094695,-1.6345123258306538,-0.84,0.19,,-0.35,-1.82,
REDTAPE,Retail Trade,Apparel/Footwear Retail,NIFTY_FMCG,sector,-4.259497016841628,-4.720030063885769,-0.84,0.19,-1.63,-3.42,-4.91,-3.09
SPARC,Health Technology,Pharmaceuticals: Major,NIFTY_PHARMA,industry,-13.677192702303492,-7.955899880810488,-0.84,0.19,2.66,-12.84,-8.15,-10.62
GAEL,Consumer Non-Durables,Food: Specialty/Candy,NIFTY_FMCG,industry,2.1901745400633468,-5.959689922480629,-0.84,0.19,-1.63,3.03,-6.15,-4.33
HNDFDS,Consumer Non-Durables,Food: Specialty/Candy,NIFTY_FMCG,industry,2.3404255319149017,5.51137921579382,-0.84,0.19,-1.63,3.18,5.32,7.14
JSLL,Health Services,Medical/Nursing Services,NIFTY_PHARMA,industry,-4.311831666091756,-5.211002904493423,-0.84,0.19,2.66,-3.47,-5.4,-7.87
IBULLSLTD,Finance,Real Estate Development,NIFTY_REALTY,industry,1.4285714285714275,13.53663071773894,-0.84,0.19,12.78,2.27,13.35,0.76
GALAXYSURF,Consumer Non-Durables,Household/Personal Care,NIFTY_FMCG,industry,0.1338550247116922,0.6207966890843248,-0.84,0.19,-1.63,0.97,0.43,2.25
ACI,Process Industries,Chemicals: Major Diversified,,unmapped,0.8818181818181859,3.953161592505859,-0.84,0.19,,1.72,3.76,
RCF,Process Industries,Chemicals: Agricultural,,unmapped,-3.330739299610896,-6.88155922038981,-0.84,0.19,,-2.49,-7.07,
ABFRL,Retail Trade,Apparel/Footwear Retail,NIFTY_FMCG,sector,-4.7417442845046525,-5.620805369127519,-0.84,0.19,-1.63,-3.9,-5.81,-3.99
ETHOSLTD,Retail Trade,Catalog/Specialty Distribution,NIFTY_FMCG,sector,-3.795187507038549,6.561330561330569,-0.84,0.19,-1.63,-2.96,6.37,8.19
AXISCADES,Commercial Services,Miscellaneous Commercial Services,,unmapped,2.225047679593134,-13.780160857908848,-0.84,0.19,,3.07,-13.97,
SHAKTIPUMP,Producer Manufacturing,Industrial Machinery,NIFTY_INFRA,industry,0.6369426751592356,-3.262485786757628,-0.84,0.19,-0.98,1.48,-3.45,-2.28
DBL,Industrial Services,Engineering & Construction,NIFTY_INFRA,industry,2.9141667687033124,-7.637362637362638,-0.84,0.19,-0.98,3.75,-7.83,-6.66
PRECWIRE,Producer Manufacturing,Electrical Products,NIFTY_INFRA,industry,-1.973684210526316,-11.520190023752969,-0.84,0.19,-0.98,-1.13,-11.71,-10.54
SUPRIYA,Health Technology,Pharmaceuticals: Major,NIFTY_PHARMA,industry,-1.1873971314366356,-13.171487603305785,-0.84,0.19,2.66,-0.35,-13.36,-15.83
NEPHROPLUS,Health Services,Medical/Nursing Services,NIFTY_PHARMA,industry,6.503164556962028,-3.060416216605458,-0.84,0.19,2.66,7.34,-3.25,-5.72
FDC,Health Technology,Pharmaceuticals: Major,NIFTY_PHARMA,industry,-2.144549763033178,-0.012106537530269,-0.84,0.19,2.66,-1.3,-0.2,-2.67
ASHAPURMIN,Non-Energy Minerals,Other Metals/Minerals,NIFTY_METAL,industry,-0.9872159090909156,0.4394812680115208,-0.84,0.19,-4.41,-0.15,0.25,4.85
GANESHHOU,Consumer Durables,Homebuilding,NIFTY_REALTY,industry,-4.29212810535768,4.496732026143788,-0.84,0.19,12.78,-3.45,4.31,-8.28
SUPRAJIT,Producer Manufacturing,Auto Parts: OEM,NIFTY_AUTO,industry,-1.0821847881572253,2.637711864406777,-0.84,0.19,1.4,-0.24,2.45,1.24
CAMPUS,Consumer Non-Durables,Apparel/Footwear,NIFTY_FMCG,sector,-4.519400352733686,-7.63489016847941,-0.84,0.19,-1.63,-3.68,-7.82,-6.0
VIKRAMSOLR,Electronic Technology,Semiconductors,NIFTY_IT,sector,-6.251602646289552,-3.9259998948862136,-0.84,0.19,5.63,-5.41,-4.12,-9.56
EBGNG,Technology Services,Information Technology Services,NIFTY_IT,industry,0.3682595352915427,9.227099236641225,-0.84,0.19,5.63,1.21,9.04,3.6
GREENLAM,Non-Energy Minerals,Forest Products,NIFTY_METAL,sector,2.1956087824351296,-0.6558267685979269,-0.84,0.19,-4.41,3.04,-0.85,3.75
AJAXENGG,Producer Manufacturing,Trucks/Construction/Farm Machinery,NIFTY_INFRA,industry,-6.490939044481051,2.251846514141596,-0.84,0.19,-0.98,-5.65,2.06,3.23
MBAPL,Process Industries,Chemicals: Agricultural,,unmapped,12.098298676748582,35.26459854014599,-0.84,0.19,,12.94,35.07,
TRANSRAILL,Industrial Services,Engineering & Construction,NIFTY_INFRA,industry,-4.396910279263219,-5.547402406809514,-0.84,0.19,-0.98,-3.56,-5.74,-4.57
KOVAI,Health Services,Hospital/Nursing Management,NIFTY_PHARMA,industry,-1.3668579142760715,-4.188181296615031,-0.84,0.19,2.66,-0.53,-4.38,-6.85
PAISALO,Finance,Finance/Rental/Leasing,NIFTY_FIN_SERVICE,industry,-9.32937071973123,17.9327731092437,-0.84,0.19,1.89,-8.49,17.74,16.04
SENORES,Health Technology,Pharmaceuticals: Major,NIFTY_PHARMA,industry,-4.639175257731959,8.568075117370892,-0.84,0.19,2.66,-3.8,8.38,5.91
BECTORFOOD,Consumer Non-Durables,Food: Specialty/Candy,NIFTY_FMCG,industry,4.337507574227431,11.097370826388508,-0.84,0.19,-1.63,5.18,10.91,12.73
DODLA,Consumer Non-Durables,Food: Meat/Fish/Dairy,NIFTY_FMCG,sector,-1.5219005196733355,-3.051342956331068,-0.84,0.19,-1.63,-0.68,-3.24,-1.42
ITDC,Consumer Services,Hotels/Resorts/Cruise lines,NIFTY_FMCG,sector,-2.967300480294765,21.70325136161083,-0.84,0.19,-1.63,-2.13,21.51,23.33
MAXESTATES,Finance,Real Estate Development,NIFTY_REALTY,industry,-7.524184879971337,-13.505361930294915,-0.84,0.19,12.78,-6.68,-13.7,-26.29
KUSUMGAR,Process Industries,Textiles,,unmapped,2.1488024460676027,5.6854130052724114,-0.84,0.19,,2.99,5.5,
UNIMECH,Producer Manufacturing,Industrial Machinery,NIFTY_INFRA,industry,-5.541984732824421,6.8612634396994725,-0.84,0.19,-0.98,-4.7,6.67,7.84
ISGEC,Industrial Services,Engineering & Construction,NIFTY_INFRA,industry,-4.188129899216123,-9.056122448979584,-0.84,0.19,-0.98,-3.35,-9.25,-8.08
SUNFLAG,Non-Energy Minerals,Steel,NIFTY_METAL,industry,-1.7746478873239468,-0.3714285714285746,-0.84,0.19,-4.41,-0.93,-0.56,4.04
SENCO,Consumer Durables,Other Consumer Specialties,NIFTY_AUTO,sector,4.8616817310325935,15.31626506024097,-0.84,0.19,1.4,5.7,15.13,13.92
IONEXCHANG,Producer Manufacturing,Industrial Machinery,NIFTY_INFRA,industry,-3.166287015945325,6.275000000000006,-0.84,0.19,-0.98,-2.33,6.09,7.26
SHREMINVIT,Miscellaneous,Investment Trusts/Mutual Funds,,unmapped,0.0,0.0,-0.84,0.19,,0.84,-0.19,
STYL,Technology Services,Packaged Software,NIFTY_IT,industry,-3.5257214554579703,26.04918032786885,-0.84,0.19,5.63,-2.69,25.86,20.42
JUSTDIAL,Technology Services,Internet Software/Services,NIFTY_IT,industry,-7.49365482233502,34.49261992619927,-0.84,0.19,5.63,-6.65,34.3,28.86
GOKULAGRO,Process Industries,Agricultural Commodities/Milling,,unmapped,-1.5337711069418305,-4.097761534947464,-0.84,0.19,,-0.69,-4.29,
ARVINDFASN,Retail Trade,Apparel/Footwear Retail,NIFTY_FMCG,sector,-1.5638297872340474,-1.542881464141307,-0.84,0.19,-1.63,-0.72,-1.73,0.09
SIS,Commercial Services,Miscellaneous Commercial Services,,unmapped,-0.6132879045996567,-1.0067873303167396,-0.84,0.19,,0.23,-1.2,
DBREALTY,Finance,Real Estate Development,NIFTY_REALTY,industry,-3.7639007698887994,-5.454239852088407,-0.84,0.19,12.78,-2.92,-5.64,-18.23
GSFC,Process Industries,Chemicals: Agricultural,,unmapped,-3.970177073625341,-5.727355901189379,-0.84,0.19,,-3.13,-5.92,
FIEMIND,Producer Manufacturing,Auto Parts: OEM,NIFTY_AUTO,industry,0.8869083672233278,2.930920326638715,-0.84,0.19,1.4,1.73,2.74,1.53
LATENTVIEW,Commercial Services,Miscellaneous Commercial Services,,unmapped,-2.934426229508193,1.3522766175967094,-0.84,0.19,,-2.09,1.16,
MAPMYINDIA,Commercial Services,Miscellaneous Commercial Services,,unmapped,-5.242174908813316,25.799549549549543,-0.84,0.19,,-4.4,25.61,
AARTIPHARM,Health Technology,Pharmaceuticals: Major,NIFTY_PHARMA,industry,-6.077502090883749,-5.643467301498399,-0.84,0.19,2.66,-5.24,-5.83,-8.3
KENNAMET,Producer Manufacturing,Metal Fabrication,NIFTY_INFRA,industry,-0.1829268292682894,-11.018385291766585,-0.84,0.19,-0.98,0.66,-11.21,-10.04
PNCINFRA,Industrial Services,Engineering & Construction,NIFTY_INFRA,industry,-2.372950819672128,1.1078098471986475,-0.84,0.19,-0.98,-1.53,0.92,2.09
GOKEX,Consumer Non-Durables,Apparel/Footwear,NIFTY_FMCG,sector,-0.4196642685851319,0.1507386192342478,-0.84,0.19,-1.63,0.42,-0.04,1.78
KSHINTL,Producer Manufacturing,Electrical Products,NIFTY_INFRA,industry,-2.24997249422378,2.47404844290658,-0.84,0.19,-0.98,-1.41,2.28,3.45
ALOKINDS,Process Industries,Textiles,,unmapped,-5.555555555555549,-6.867283950617288,-0.84,0.19,,-4.72,-7.06,
DCBBANK,Finance,Regional Banks,NIFTY_BANK,industry,-0.0697537157267776,1.1953923060204397,-0.84,0.19,-1.03,0.77,1.01,2.23
RPEL,Process Industries,Chemicals: Major Diversified,,unmapped,-1.6378594610914063,8.12694461729932,-0.84,0.19,,-0.8,7.94,
SKIPPER,Producer Manufacturing,Metal Fabrication,NIFTY_INFRA,industry,-5.268345130364659,-3.6540914889739504,-0.84,0.19,-0.98,-4.43,-3.84,-2.67
KMEW,Producer Manufacturing,Trucks/Construction/Farm Machinery,NIFTY_INFRA,industry,0.5086848635235808,4.255501694479014,-0.84,0.19,-0.98,1.35,4.07,5.24
PRAJIND,Industrial Services,Engineering & Construction,NIFTY_INFRA,industry,-8.770445572476035,-5.671380667735819,-0.84,0.19,-0.98,-7.93,-5.86,-4.69
CSBBANK,Finance,Major Banks,NIFTY_BANK,industry,-6.474622770919074,-3.455111866326832,-0.84,0.19,-1.03,-5.63,-3.65,-2.43
TVSSCS,Transportation,Air Freight/Couriers,,unmapped,-4.223021582733816,-1.3120830244625723,-0.84,0.19,,-3.38,-1.5,
CEIGALL,Industrial Services,Engineering & Construction,NIFTY_INFRA,industry,-3.987467957846767,-9.41824533118365,-0.84,0.19,-0.98,-3.15,-9.61,-8.44
TIMEX,Consumer Durables,Other Consumer Specialties,NIFTY_AUTO,sector,5.255023183925807,17.904063550259707,-0.84,0.19,1.4,6.1,17.71,16.5
CORDELIA,Consumer Services,Hotels/Resorts/Cruise lines,NIFTY_FMCG,sector,-1.6525397890115334,18.41409691629956,-0.84,0.19,-1.63,-0.81,18.22,20.04
TIIL,Producer Manufacturing,Metal Fabrication,NIFTY_INFRA,industry,4.720907458788959,-1.2162734305838847,-0.84,0.19,-0.98,5.56,-1.41,-0.24
INDUSINVIT,Finance,Real Estate Investment Trusts,NIFTY_REALTY,industry,0.5227552275522589,4.033733789482054,-0.84,0.19,12.78,1.36,3.84,-8.75
STYLAMIND,Non-Energy Minerals,Forest Products,NIFTY_METAL,sector,5.16466605109265,8.804891252428112,-0.84,0.19,-4.41,6.0,8.61,13.21
VMART,Retail Trade,Specialty Stores,NIFTY_FMCG,sector,-3.1216577540106982,-5.521512385919168,-0.84,0.19,-1.63,-2.28,-5.71,-3.89
SAPPHIRE,Consumer Services,Restaurants,NIFTY_FMCG,sector,-1.8466765302208363,-3.905579399141631,-0.84,0.19,-1.63,-1.01,-4.1,-2.28
GREAVESCOT,Producer Manufacturing,Trucks/Construction/Farm Machinery,NIFTY_INFRA,industry,-3.781250000000002,20.156097560975606,-0.84,0.19,-0.98,-2.94,19.97,21.14
KISSHT,Finance,Finance/Rental/Leasing,NIFTY_FIN_SERVICE,industry,6.296874999999993,19.35087719298245,-0.84,0.19,1.89,7.14,19.16,17.46
JSFB,Finance,Regional Banks,NIFTY_BANK,industry,6.908909905425594,18.010989010989018,-0.84,0.19,-1.03,7.75,17.82,19.04
MASFIN,Finance,Finance/Rental/Leasing,NIFTY_FIN_SERVICE,industry,-1.0102604577742664,1.4396635393076636,-0.84,0.19,1.89,-0.17,1.25,-0.45
HAPPSTMNDS,Technology Services,Data Processing Services,NIFTY_IT,industry,-3.2965606748864342,8.063814358230605,-0.84,0.19,5.63,-2.46,7.87,2.43
CCAVENUE,Commercial Services,Miscellaneous Commercial Services,,unmapped,-6.414662084765183,8.933333333333334,-0.84,0.19,,-5.57,8.74,
FEDFINA,Finance,Finance/Rental/Leasing,NIFTY_FIN_SERVICE,industry,-6.72904145238242,-1.5886506276150671,-0.84,0.19,1.89,-5.89,-1.78,-3.48
NIRLON,Finance,Real Estate Development,NIFTY_REALTY,industry,0.0967741935483907,0.0644953240889998,-0.84,0.19,12.78,0.94,-0.13,-12.72
HCC,Industrial Services,Engineering & Construction,NIFTY_INFRA,industry,-6.500872600349048,-20.60022230455724,-0.84,0.19,-0.98,-5.66,-20.79,-19.62
SAATVIKGL,Producer Manufacturing,Industrial Machinery,NIFTY_INFRA,industry,-5.663811563169163,-4.66349275048691,-0.84,0.19,-0.98,-4.82,-4.85,-3.68
AEROFLEX,Producer Manufacturing,Industrial Machinery,NIFTY_INFRA,industry,2.64634146341464,-15.872063968015988,-0.84,0.19,-0.98,3.49,-16.06,-14.89
JAIBALAJI,Non-Energy Minerals,Steel,NIFTY_METAL,industry,-7.548309178743952,-15.414364640883983,-0.84,0.19,-4.41,-6.71,-15.6,-11.0
SMLMAH,Consumer Durables,Motor Vehicles,NIFTY_AUTO,industry,-6.215846994535513,-5.774509803921567,-0.84,0.19,1.4,-5.38,-5.96,-7.17
AHLUCONT,Industrial Services,Engineering & Construction,NIFTY_INFRA,industry,-4.129263913824055,-1.890594440822608,-0.84,0.19,-0.98,-3.29,-2.08,-0.91
SMARTWORKS,Finance,Real Estate Development,NIFTY_REALTY,industry,4.44805194805195,2.45222929936306,-0.84,0.19,12.78,5.29,2.26,-10.33
KALPATARU,Finance,Real Estate Development,NIFTY_REALTY,industry,-3.82740566889329,-16.004415011037526,-0.84,0.19,12.78,-2.99,-16.19,-28.78
TRIVENI,Process Industries,Agricultural Commodities/Milling,,unmapped,-47.642105263157895,-40.51662281750778,-0.84,0.19,,-46.8,-40.71,
MOIL,Non-Energy Minerals,Other Metals/Minerals,NIFTY_METAL,industry,-1.4479472140762422,-5.134086097388834,-0.84,0.19,-4.41,-0.61,-5.32,-0.72
SETL,Health Technology,Medical Specialties,NIFTY_PHARMA,industry,-3.486108653335701,30.540928674006693,-0.84,0.19,2.66,-2.65,30.35,27.88
NEOGEN,Process Industries,Chemicals: Specialty,,unmapped,-11.139829413285083,6.8586821384169125,-0.84,0.19,,-10.3,6.67,
PRSMJOHNSN,Non-Energy Minerals,Construction Materials,NIFTY_INFRA,industry,-3.0776132794975384,-10.72727272727273,-0.84,0.19,-0.98,-2.24,-10.92,-9.75
INNOVACAP,Health Technology,Pharmaceuticals: Major,NIFTY_PHARMA,industry,-6.635559921414534,2.0891514500537105,-0.84,0.19,2.66,-5.8,1.9,-0.57
GVPIL,Industrial Services,Engineering & Construction,NIFTY_INFRA,industry,-3.174315254852168,-23.59732824427481,-0.84,0.19,-0.98,-2.33,-23.79,-22.62
ENTERO,Distribution Services,Medical Distributors,,unmapped,2.0414937759336023,12.456557526980044,-0.84,0.19,,2.88,12.27,
CYIENTDLM,Electronic Technology,Electronic Production Equipment,NIFTY_IT,sector,13.060708263069149,42.95309168443497,-0.84,0.19,5.63,13.9,42.76,37.32
OPTIEMUS,Distribution Services,Electronics Distributors,,unmapped,2.136533878106924,32.38084730803179,-0.84,0.19,,2.98,32.19,
CENTUM,Electronic Technology,Electronic Components,NIFTY_IT,sector,-3.5221476510067067,-1.5370284117373054,-0.84,0.19,5.63,-2.68,-1.73,-7.17
JAMNAAUTO,Producer Manufacturing,Auto Parts: OEM,NIFTY_AUTO,industry,-0.9629740220961632,0.8360568518659226,-0.84,0.19,1.4,-0.12,0.65,-0.56
IFBIND,Consumer Durables,Electronics/Appliances,NIFTY_AUTO,sector,-4.131441593766085,2.7659574468085038,-0.84,0.19,1.4,-3.29,2.58,1.37
GOLDIAM,Consumer Durables,Other Consumer Specialties,NIFTY_AUTO,sector,-0.1428571428571428,-1.0615711252653928,-0.84,0.19,1.4,0.7,-1.25,-2.46
MASTEK,Technology Services,Information Technology Services,NIFTY_IT,industry,-5.12820512820512,6.81617182564751,-0.84,0.19,5.63,-4.29,6.63,1.19
CRAMC,Finance,Investment Managers,NIFTY_FIN_SERVICE,industry,0.3667953667953624,2.548424000946775,-0.84,0.19,1.89,1.21,2.36,0.66
SURYAROSNI,Non-Energy Minerals,Steel,NIFTY_METAL,industry,-3.858585858585863,-8.480769230769234,-0.84,0.19,-4.41,-3.02,-8.67,-4.07
RPTECH,Distribution Services,Electronics Distributors,,unmapped,3.0525272547076345,4.537533512064346,-0.84,0.19,,3.89,4.35,
SUBROS,Producer Manufacturing,Industrial Machinery,NIFTY_INFRA,industry,-2.8029832193909203,-8.005882352941171,-0.84,0.19,-0.98,-1.96,-8.2,-7.03
PURVA,Finance,Real Estate Development,NIFTY_REALTY,industry,-5.5973451327433645,-1.1353104726598782,-0.84,0.19,12.78,-4.76,-1.33,-13.92
BANSALWIRE,Non-Energy Minerals,Steel,NIFTY_METAL,industry,2.4343977236800467,1.2341821590376467,-0.84,0.19,-4.41,3.27,1.04,5.64
CARERATING,Commercial Services,Financial Publishing/Services,,unmapped,0.2685765443151298,-2.211874272409778,-0.84,0.19,,1.11,-2.4,
LXCHEM,Process Industries,Chemicals: Specialty,,unmapped,7.349823321554765,12.449105490438006,-0.84,0.19,,8.19,12.26,
RUSTOMJEE,Finance,Real Estate Development,NIFTY_REALTY,industry,-4.594272076372315,3.294573643410853,-0.84,0.19,12.78,-3.75,3.1,-9.49
GULFOILLUB,Energy Minerals,Oil Refining/Marketing,NIFTY_ENERGY,industry,-0.9073170731707272,-1.921591348010802,-0.84,0.19,-2.39,-0.07,-2.11,0.47
GOODLUCK,Non-Energy Minerals,Steel,NIFTY_METAL,industry,-4.049765139012326,5.001389274798555,-0.84,0.19,-4.41,-3.21,4.81,9.41
EPIGRAL,Process Industries,Chemicals: Agricultural,,unmapped,8.969072164948457,3.812500000000004,-0.84,0.19,,9.81,3.62,
ORCHPHARMA,Health Technology,Pharmaceuticals: Major,NIFTY_PHARMA,industry,-8.825970672323152,-0.7529364521634374,-0.84,0.19,2.66,-7.99,-0.94,-3.41
INDIGOPNTS,Process Industries,Industrial Specialties,,unmapped,-1.9719626168224211,4.884755762211904,-0.84,0.19,,-1.13,4.69,
EMIL,Retail Trade,Electronics/Appliance Stores,NIFTY_FMCG,sector,-1.6612303724493862,7.5850622406638895,-0.84,0.19,-1.63,-0.82,7.4,9.22
PDSL,Consumer Non-Durables,Apparel/Footwear,NIFTY_FMCG,sector,-4.813412655489457,-0.7751937984496124,-0.84,0.19,-1.63,-3.97,-0.97,0.85
GUJALKALI,Process Industries,Chemicals: Specialty,,unmapped,14.489311163895485,6.100628930817603,-0.84,0.19,,15.33,5.91,
BALUFORGE,Producer Manufacturing,Trucks/Construction/Farm Machinery,NIFTY_INFRA,industry,-2.780269058295959,-8.532855184052313,-0.84,0.19,-0.98,-1.94,-8.72,-7.55
BLISSGVS,Health Technology,Pharmaceuticals: Major,NIFTY_PHARMA,industry,-8.036421219319074,-1.138418980742625,-0.84,0.19,2.66,-7.2,-1.33,-3.8
KRISHANA,Process Industries,Chemicals: Agricultural,,unmapped,15.750000000000009,19.52352854403304,-0.84,0.19,,16.59,19.33,
LGBBROSLTD,Producer Manufacturing,Electrical Products,NIFTY_INFRA,industry,-1.571884984025553,-0.6193548387096716,-0.84,0.19,-0.98,-0.73,-0.81,0.36
SHILCTECH,Producer Manufacturing,Electrical Products,NIFTY_INFRA,industry,-4.649448143348683,-5.686187845303872,-0.84,0.19,-0.98,-3.81,-5.88,-4.71
PTC,Utilities,Electric Utilities,NIFTY_ENERGY,industry,-3.566400750821201,-11.830955700954627,-0.84,0.19,-2.39,-2.73,-12.02,-9.44
SWSOLAR,Industrial Services,Engineering & Construction,NIFTY_INFRA,industry,-5.054794520547942,-17.159362549800793,-0.84,0.19,-0.98,-4.21,-17.35,-16.18
DATAMATICS,Technology Services,Packaged Software,NIFTY_IT,industry,-3.68155704068472,3.1193121195004108,-0.84,0.19,5.63,-2.84,2.93,-2.51
NORTHARC,Finance,Finance/Rental/Leasing,NIFTY_FIN_SERVICE,industry,-4.740693604836155,3.9583333333333255,-0.84,0.19,1.89,-3.9,3.77,2.07
RPGLIFE,Health Technology,Pharmaceuticals: Major,NIFTY_PHARMA,industry,0.7547169811320755,27.806788511749343,-0.84,0.19,2.66,1.59,27.62,25.15
VADILALIND,Consumer Non-Durables,Food: Specialty/Candy,NIFTY_FMCG,industry,-0.5851851851851851,5.677165354330708,-0.84,0.19,-1.63,0.25,5.49,7.31
LUMAXIND,Producer Manufacturing,Auto Parts: OEM,NIFTY_AUTO,industry,-3.88785046728972,-0.3101977510663047,-0.84,0.19,1.4,-3.05,-0.5,-1.71
PILANIINVS,Finance,Financial Conglomerates,NIFTY_FIN_SERVICE,industry,-1.8776030405789847,-0.6589861751152157,-0.84,0.19,1.89,-1.04,-0.85,-2.55
CMRGREEN,Producer Manufacturing,Metal Fabrication,NIFTY_INFRA,industry,-2.3948075201432384,-14.254817145104209,-0.84,0.19,-0.98,-1.55,-14.44,-13.27
MPSLTD,Consumer Services,Publishing: Books/Magazines,NIFTY_FMCG,sector,35.048027695158204,53.21679482214967,-0.84,0.19,-1.63,35.89,53.03,54.85
SHARDAMOTR,Producer Manufacturing,Auto Parts: OEM,NIFTY_AUTO,industry,-4.858113164105212,1.3178864778717665,-0.84,0.19,1.4,-4.02,1.13,-0.08
RENUKA,Process Industries,Agricultural Commodities/Milling,,unmapped,-1.5936254980079656,-1.637168141592925,-0.84,0.19,,-0.75,-1.83,
RESPONIND,Non-Energy Minerals,Forest Products,NIFTY_METAL,sector,-7.64952780692549,-12.07353014636095,-0.84,0.19,-4.41,-6.81,-12.26,-7.66
SYMPHONY,Producer Manufacturing,Industrial Machinery,NIFTY_INFRA,industry,-3.417522831050219,-2.281094347794695,-0.84,0.19,-0.98,-2.58,-2.47,-1.3
ICRA,Commercial Services,Financial Publishing/Services,,unmapped,-8.25057295645531,-7.978163011205823,-0.84,0.19,,-7.41,-8.17,
RTNPOWER,Utilities,Electric Utilities,NIFTY_ENERGY,industry,-3.0337078651685343,-6.702702702702695,-0.84,0.19,-2.39,-2.19,-6.89,-4.31
RBA,Consumer Services,Restaurants,NIFTY_FMCG,sector,-5.097582289542674,-18.651685393258425,-0.84,0.19,-1.63,-4.26,-18.84,-17.02
DHANUKA,Process Industries,Chemicals: Specialty,,unmapped,-3.311068702290081,-4.952631085264042,-0.84,0.19,,-2.47,-5.14,
NACLIND,Process Industries,Chemicals: Agricultural,,unmapped,-8.037383177570089,-5.837320574162674,-0.84,0.19,,-7.2,-6.03,
FCL,Process Industries,Industrial Specialties,,unmapped,3.503267973856218,-8.988505747126428,-0.84,0.19,,4.34,-9.18,
HAWKINCOOK,Producer Manufacturing,Miscellaneous Manufacturing,NIFTY_INFRA,sector,-3.2458870609159627,11.261664323149686,-0.84,0.19,-0.98,-2.41,11.07,12.24
THOMASCOOK,Consumer Services,Other Consumer Services,NIFTY_FMCG,sector,-6.05798771121352,-13.261235706054435,-0.84,0.19,-1.63,-5.22,-13.45,-11.63
AURIONPRO,Technology Services,Information Technology Services,NIFTY_IT,industry,-2.284699615270785,-6.897135122941572,-0.84,0.19,5.63,-1.44,-7.09,-12.53
DEEDEV,Producer Manufacturing,Industrial Machinery,NIFTY_INFRA,industry,-7.704802259886999,-6.64333166654761,-0.84,0.19,-0.98,-6.86,-6.83,-5.66
SSWL,Producer Manufacturing,Auto Parts: OEM,NIFTY_AUTO,industry,9.320138019944633,23.92967675378268,-0.84,0.19,1.4,10.16,23.74,22.53
MOSCHIP,Electronic Technology,Semiconductors,NIFTY_IT,sector,-5.391836734693881,9.889536813160758,-0.84,0.19,5.63,-4.55,9.7,4.26
SUNTECK,Finance,Real Estate Development,NIFTY_REALTY,industry,-1.7011715615471068,-2.7777777777777777,-0.84,0.19,12.78,-0.86,-2.97,-15.56
TEXRAIL,Producer Manufacturing,Trucks/Construction/Farm Machinery,NIFTY_INFRA,industry,-5.453920810787605,-0.6408520624605181,-0.84,0.19,-0.98,-4.61,-0.83,0.34
RAYMONDREL,Finance,Real Estate Development,NIFTY_REALTY,industry,-6.492857142857149,-2.0134730538922225,-0.84,0.19,12.78,-5.65,-2.2,-14.79
HIRECT,Producer Manufacturing,Electrical Products,NIFTY_INFRA,industry,2.02978056426333,16.02352731485609,-0.84,0.19,-0.98,2.87,15.83,17.0
MIDWESTLTD,Non-Energy Minerals,Construction Materials,NIFTY_INFRA,industry,-5.714285714285711,-4.102564102564099,-0.84,0.19,-0.98,-4.87,-4.29,-3.12
ELECTCAST,Non-Energy Minerals,Steel,NIFTY_METAL,industry,-4.211505247774681,-11.316113161131614,-0.84,0.19,-4.41,-3.37,-11.51,-6.91
SOTL,Process Industries,Chemicals: Specialty,,unmapped,10.95360824742268,12.942719720157411,-0.84,0.19,,11.79,12.75,
MHRIL,Consumer Services,Other Consumer Services,NIFTY_FMCG,sector,-4.461518313179377,-9.56611570247934,-0.84,0.19,-1.63,-3.62,-9.76,-7.94
NETWORK18,Consumer Services,Broadcasting,NIFTY_FMCG,sector,-5.606860158311344,-13.665158371040718,-0.84,0.19,-1.63,-4.77,-13.86,-12.04
COCKERILL,Non-Energy Minerals,Steel,NIFTY_METAL,industry,-3.36270746607558,0.4213483146067415,-0.84,0.19,-4.41,-2.52,0.23,4.83
QUESS,Commercial Services,Personnel Services,,unmapped,0.681663258350375,16.99473246465205,-0.84,0.19,,1.52,16.8,
WPIL,Producer Manufacturing,Industrial Machinery,NIFTY_INFRA,industry,-1.5086913742210637,-9.54819277108434,-0.84,0.19,-0.98,-0.67,-9.74,-8.57
IOLCP,Process Industries,Chemicals: Specialty,,unmapped,-9.398907103825133,11.85907046476761,-0.84,0.19,,-8.56,11.67,
CMSINFO,Finance,Investment Managers,NIFTY_FIN_SERVICE,industry,2.239641657334827,-8.148893360160969,-0.84,0.19,1.89,3.08,-8.34,-10.04
ANZEN,Miscellaneous,Investment Trusts/Mutual Funds,,unmapped,3.1336771122570437,4.0,-0.84,0.19,,3.97,3.81,
ARTEMISMED,Health Services,Hospital/Nursing Management,NIFTY_PHARMA,industry,0.5102970657918634,4.056603773584905,-0.84,0.19,2.66,1.35,3.87,1.4
RTNINDIA,Commercial Services,Miscellaneous Commercial Services,,unmapped,-2.4691358024691272,-8.139534883720922,-0.84,0.19,,-1.63,-8.33,
AGI,Process Industries,Containers/Packaging,,unmapped,-3.8785714285714255,-5.664213109008059,-0.84,0.19,,-3.04,-5.85,
SBCL,Non-Energy Minerals,Other Metals/Minerals,NIFTY_METAL,industry,4.24886191198787,-3.3878803375095883,-0.84,0.19,-4.41,5.09,-3.58,1.02
AVANTEL,Electronic Technology,Telecommunications Equipment,NIFTY_IT,sector,-5.447920883696714,-4.920034893864484,-0.84,0.19,5.63,-4.61,-5.11,-10.55
REFEX,Energy Minerals,Coal,NIFTY_ENERGY,industry,-0.7693515465536156,-6.784660766961652,-0.84,0.19,-2.39,0.07,-6.97,-4.39
SWARAJENG,Producer Manufacturing,Auto Parts: OEM,NIFTY_AUTO,industry,-4.341999463950684,-10.100755667506297,-0.84,0.19,1.4,-3.5,-10.29,-11.5
LASERPOWER,Producer Manufacturing,Electrical Products,NIFTY_INFRA,industry,13.187824358644036,23.007999999999992,-0.84,0.19,-0.98,14.03,22.82,23.99
WEBELSOLAR,Electronic Technology,Semiconductors,NIFTY_IT,sector,-2.090284592737988,-3.1077012722152118,-0.84,0.19,5.63,-1.25,-3.3,-8.74
STYRENIX,Process Industries,Chemicals: Specialty,,unmapped,10.436347278452542,3.090618963634833,-0.84,0.19,,11.28,2.9,
RAYMONDLSL,Consumer Non-Durables,Apparel/Footwear,NIFTY_FMCG,sector,-2.1554673600656904,-9.791180367169252,-0.84,0.19,-1.63,-1.32,-9.98,-8.16
IDEAFORGE,Electronic Technology,Aerospace & Defense,NIFTY_IT,sector,1.9496487119437915,1.3562281722933618,-0.84,0.19,5.63,2.79,1.17,-4.27
BANARISUG,Process Industries,Agricultural Commodities/Milling,,unmapped,-0.0256944642704095,0.29212968266698,-0.84,0.19,,0.81,0.1,
WAKEFIT,Retail Trade,Specialty Stores,NIFTY_FMCG,sector,-0.6130268199233804,6.661184210526312,-0.84,0.19,-1.63,0.23,6.47,8.29
KSCL,Process Industries,Agricultural Commodities/Milling,,unmapped,-0.4883277751310174,-10.161290322580646,-0.84,0.19,,0.35,-10.35,
JUNIPER,Consumer Services,Hotels/Resorts/Cruise lines,NIFTY_FMCG,sector,-0.9389430477167844,-5.768949192249496,-0.84,0.19,-1.63,-0.1,-5.96,-4.14
UNIVCABLES,Electronic Technology,Electronic Components,NIFTY_IT,sector,3.1578947368421013,-2.000000000000004,-0.84,0.19,5.63,4.0,-2.19,-7.63
MSTCLTD,Retail Trade,Internet Retail,NIFTY_FMCG,sector,-5.095342294467007,-7.818430241384545,-0.84,0.19,-1.63,-4.26,-8.01,-6.19
MUTHOOTMF,Finance,Finance/Rental/Leasing,NIFTY_FIN_SERVICE,industry,1.2591093117408962,24.42045567605213,-0.84,0.19,1.89,2.1,24.23,22.53
VRLLOG,Transportation,Trucking,,unmapped,5.7000000000000055,3.1000848176420703,-0.84,0.19,,6.54,2.91,
RALLIS,Process Industries,Chemicals: Agricultural,,unmapped,-7.006802721088432,-4.484912004891047,-0.84,0.19,,-6.17,-4.67,
VISHNU,Process Industries,Chemicals: Specialty,,unmapped,1.1839999999999964,2.495948136142622,-0.84,0.19,,2.02,2.31,
AYE,Finance,Finance/Rental/Leasing,NIFTY_FIN_SERVICE,industry,3.5389708095094767,5.747479714777474,-0.84,0.19,1.89,4.38,5.56,3.86
ANUP,Producer Manufacturing,Industrial Machinery,NIFTY_INFRA,industry,-2.3315823426412274,-9.56180398515168,-0.84,0.19,-0.98,-1.49,-9.75,-8.58
VAIBHAVGBL,Consumer Durables,Other Consumer Specialties,NIFTY_AUTO,sector,0.7357057177129163,5.0844629822732,-0.84,0.19,1.4,1.58,4.89,3.68
INDOSTAR,Finance,Finance/Rental/Leasing,NIFTY_FIN_SERVICE,industry,-3.7857802400738687,7.139919388006915,-0.84,0.19,1.89,-2.95,6.95,5.25
PACEDIGITK,Utilities,Electric Utilities,NIFTY_ENERGY,industry,-4.7560975609756095,-5.218446601941747,-0.84,0.19,-2.39,-3.92,-5.41,-2.83
VIPIND,Consumer Durables,Other Consumer Specialties,NIFTY_AUTO,sector,-0.2027027027027103,-5.153315138866596,-0.84,0.19,1.4,0.64,-5.34,-6.55
SHAREINDIA,Finance,Investment Banks/Brokers,NIFTY_FIN_SERVICE,industry,11.074389748941842,39.29324511015778,-0.84,0.19,1.89,11.91,39.1,37.4
SHOPERSTOP,Retail Trade,Department Stores,NIFTY_FMCG,sector,-5.5625,8.611270845313395,-0.84,0.19,-1.63,-4.72,8.42,10.24
MAHLOG,Transportation,Air Freight/Couriers,,unmapped,6.633371750544254,8.438598775882285,-0.84,0.19,,7.47,8.25,
BAJAJHIND,Process Industries,Agricultural Commodities/Milling,,unmapped,0.8751458576429322,-8.080808080808078,-0.84,0.19,,1.72,-8.27,
SANATHAN,Process Industries,Textiles,,unmapped,8.102059086839747,6.434552666372849,-0.84,0.19,,8.94,6.24,
VMARCIND,Producer Manufacturing,Electrical Products,NIFTY_INFRA,industry,-1.408450704225352,3.0706442761039194,-0.84,0.19,-0.98,-0.57,2.88,4.05
OSWALPUMPS,Producer Manufacturing,Industrial Machinery,NIFTY_INFRA,industry,-10.980294956004464,-15.692488262910802,-0.84,0.19,-0.98,-10.14,-15.88,-14.71
PSPPROJECT,Industrial Services,Engineering & Construction,NIFTY_INFRA,industry,-3.7161531279178295,7.193347193347198,-0.84,0.19,-0.98,-2.88,7.0,8.17
SEITINVIT,Finance,Real Estate Investment Trusts,NIFTY_REALTY,industry,1.818181818181818,2.4390243902439024,-0.84,0.19,12.78,2.66,2.25,-10.34
NOVARTIND,Health Technology,Pharmaceuticals: Major,NIFTY_PHARMA,industry,2.832080200501256,10.876908525874882,-0.84,0.19,2.66,3.67,10.69,8.22
TATVA,Process Industries,Chemicals: Specialty,,unmapped,20.447552447552454,45.608250908783496,-0.84,0.19,,21.29,45.42,
TFCILTD,Finance,Finance/Rental/Leasing,NIFTY_FIN_SERVICE,industry,2.1299005266237487,14.6027577150361,-0.84,0.19,1.89,2.97,14.41,12.71
GHCL,Process Industries,Textiles,,unmapped,0.2758620689655146,-0.6151742993848232,-0.84,0.19,,1.12,-0.81,
POCL,Non-Energy Minerals,Other Metals/Minerals,NIFTY_METAL,industry,-4.75673327541268,-3.795524352786308,-0.84,0.19,-4.41,-3.92,-3.99,0.61
KIRLOSIND,Non-Energy Minerals,Steel,NIFTY_METAL,industry,-3.780007620983112,-8.103452458936847,-0.84,0.19,-4.41,-2.94,-8.29,-3.69
MANINDS,Producer Manufacturing,Industrial Machinery,NIFTY_INFRA,industry,-2.882136279926331,-11.481326059588753,-0.84,0.19,-0.98,-2.04,-11.67,-10.5
SANGHVIMOV,Finance,Finance/Rental/Leasing,NIFTY_FIN_SERVICE,industry,5.486111111111109,8.242280285035628,-0.84,0.19,1.89,6.33,8.05,6.35
ELLEN,Process Industries,Chemicals: Specialty,,unmapped,-5.160202360876901,0.7885304659498167,-0.84,0.19,,-4.32,0.6,
SAMHI,Consumer Services,Hotels/Resorts/Cruise lines,NIFTY_FMCG,sector,3.2306798373038945,-1.6006646358349568,-0.84,0.19,-1.63,4.07,-1.79,0.03
GUJTHEM,Health Technology,Pharmaceuticals: Major,NIFTY_PHARMA,industry,-2.6465028355387554,-9.897525618595356,-0.84,0.19,2.66,-1.81,-10.09,-12.56
RAYMOND,Process Industries,Textiles,,unmapped,-3.714612992963516,-1.761415811002599,-0.84,0.19,,-2.87,-1.95,
VSTIND,Consumer Non-Durables,Tobacco,NIFTY_FMCG,industry,-2.5211864406779614,-12.594984802431602,-0.84,0.19,-1.63,-1.68,-12.78,-10.96
SGFIN,Finance,Investment Banks/Brokers,NIFTY_FIN_SERVICE,industry,8.68139589351236,19.07450175348559,-0.84,0.19,1.89,9.52,18.88,17.18
MANINFRA,Finance,Real Estate Development,NIFTY_REALTY,industry,-5.104043973301913,-7.083133109082164,-0.84,0.19,12.78,-4.26,-7.27,-19.86
KSL,Non-Energy Minerals,Steel,NIFTY_METAL,industry,-3.688723507523047,7.584337349397596,-0.84,0.19,-4.41,-2.85,7.39,11.99
AGIIL,Finance,Real Estate Development,NIFTY_REALTY,industry,-7.06513638396184,-13.642659279778393,-0.84,0.19,12.78,-6.23,-13.83,-26.42
ASHIANA,Finance,Real Estate Development,NIFTY_REALTY,industry,3.078768492602962,1.723004077337896,-0.84,0.19,12.78,3.92,1.53,-11.06
TARC,Finance,Real Estate Development,NIFTY_REALTY,industry,11.115807269653416,4.532803180914504,-0.84,0.19,12.78,11.96,4.34,-8.25
KDDL,Consumer Durables,Other Consumer Specialties,NIFTY_AUTO,sector,-3.742593104295235,2.790072456640763,-0.84,0.19,1.4,-2.9,2.6,1.39
RAMRAT,Producer Manufacturing,Electrical Products,NIFTY_INFRA,industry,-5.0011470520761545,-2.3349056603773533,-0.84,0.19,-0.98,-4.16,-2.52,-1.35
DECNGOLD,Non-Energy Minerals,Precious Metals,NIFTY_METAL,industry,-1.7029662944059711,-11.17808219178082,-0.84,0.19,-4.41,-0.86,-11.37,-6.77
EIEL,Industrial Services,Environmental Services,NIFTY_INFRA,sector,-2.298748557734981,-2.5840707964601783,-0.84,0.19,-0.98,-1.46,-2.77,-1.6
NRBBEARING,Producer Manufacturing,Auto Parts: OEM,NIFTY_AUTO,industry,-6.413273711461521,-6.709677419354844,-0.84,0.19,1.4,-5.57,-6.9,-8.11
TURTLEMINT,Finance,Insurance Brokers/Services,NIFTY_FIN_SERVICE,sector,-5.7395463439379775,-3.58042994810972,-0.84,0.19,1.89,-4.9,-3.77,-5.47
JINDWORLD,Process Industries,Textiles,,unmapped,15.33536585365854,22.07163601161665,-0.84,0.19,,16.18,21.88,
INDIQUBE,Finance,Real Estate Development,NIFTY_REALTY,industry,4.201149425287357,5.757116192253853,-0.84,0.19,12.78,5.04,5.57,-7.02
VSTTILLERS,Producer Manufacturing,Trucks/Construction/Farm Machinery,NIFTY_INFRA,industry,-3.934661562554388,-2.0882750670597847,-0.84,0.19,-0.98,-3.09,-2.28,-1.11
ZOTA,Health Technology,Pharmaceuticals: Major,NIFTY_PHARMA,industry,-7.890499194847018,-8.479999999999993,-0.84,0.19,2.66,-7.05,-8.67,-11.14
FOSECOIND,Process Industries,Chemicals: Major Diversified,,unmapped,-1.0099029316599666,-1.9615459312487864,-0.84,0.19,,-0.17,-2.15,
HEMIPROP,Finance,Real Estate Development,NIFTY_REALTY,industry,-2.128127981213771,-1.717022844509937,-0.84,0.19,12.78,-1.29,-1.91,-14.5
UNICHEMLAB,Health Technology,Pharmaceuticals: Major,NIFTY_PHARMA,industry,-10.157164353786992,23.23128081642014,-0.84,0.19,2.66,-9.32,23.04,20.57
ROLEXRINGS,Producer Manufacturing,Metal Fabrication,NIFTY_INFRA,industry,-9.271652264310315,-4.349612987190919,-0.84,0.19,-0.98,-8.43,-4.54,-3.37
BAJAJELEC,Consumer Durables,Electronics/Appliances,NIFTY_AUTO,sector,-1.231231231231238,1.826625386996897,-0.84,0.19,1.4,-0.39,1.64,0.43
GUFICBIO,Health Technology,Pharmaceuticals: Major,NIFTY_PHARMA,industry,-2.4336852948750938,2.1572064176890926,-0.84,0.19,2.66,-1.59,1.97,-0.5
SINDHUTRAD,Transportation,Air Freight/Couriers,,unmapped,-1.2520193861066329,-1.7677782241864253,-0.84,0.19,,-0.41,-1.96,
EMUDHRA,Technology Services,Packaged Software,NIFTY_IT,industry,1.0532150776053215,0.8296460176991151,-0.84,0.19,5.63,1.89,0.64,-4.8
CAPILLARY,Technology Services,Packaged Software,NIFTY_IT,industry,-3.787878787878788,-3.3975659229208923,-0.84,0.19,5.63,-2.95,-3.59,-9.03
GREENPLY,Producer Manufacturing,Building Products,NIFTY_INFRA,sector,-7.2051042639278045,0.8149049841076513,-0.84,0.19,-0.98,-6.37,0.62,1.79
DBCORP,Consumer Services,Publishing: Newspapers,NIFTY_FMCG,sector,-0.5810353860075244,4.794176706827315,-0.84,0.19,-1.63,0.26,4.6,6.42
ROSSTECH,Electronic Technology,Telecommunications Equipment,NIFTY_IT,sector,-2.6049920760697374,2.855648535564849,-0.84,0.19,5.63,-1.76,2.67,-2.77
KERNEX,Electronic Technology,Computer Communications,NIFTY_IT,sector,4.511848341232219,12.223918575063603,-0.84,0.19,5.63,5.35,12.03,6.59
YASHO,Consumer Non-Durables,Food: Specialty/Candy,NIFTY_FMCG,industry,2.3181454836131064,6.677778935305768,-0.84,0.19,-1.63,3.16,6.49,8.31
HARSHA,Producer Manufacturing,Metal Fabrication,NIFTY_INFRA,industry,-5.662790697674424,-4.79934287725887,-0.84,0.19,-0.98,-4.82,-4.99,-3.82
AARTIDRUGS,Health Technology,Pharmaceuticals: Major,NIFTY_PHARMA,industry,-4.1469194312796205,8.386923901393358,-0.84,0.19,2.66,-3.31,8.2,5.73
LUXIND,Consumer Non-Durables,Apparel/Footwear,NIFTY_FMCG,sector,-6.007662835249049,-0.2764227642276496,-0.84,0.19,-1.63,-5.17,-0.47,1.35
TRUALT,Process Industries,Chemicals: Specialty,,unmapped,1.5026029342167453,-8.714620131942965,-0.84,0.19,,2.34,-8.9,
JKIL,Industrial Services,Engineering & Construction,NIFTY_INFRA,industry,-0.796649984679815,-4.474822974036192,-0.84,0.19,-0.98,0.04,-4.66,-3.49
WSTCSTPAPR,Producer Manufacturing,Office Equipment/Supplies,NIFTY_INFRA,sector,5.237642585551322,10.798638911128888,-0.84,0.19,-0.98,6.08,10.61,11.78
JTEKTINDIA,Consumer Durables,Automotive Aftermarket,NIFTY_AUTO,industry,-5.377426312005744,-1.9444237502793604,-0.84,0.19,1.4,-4.54,-2.13,-3.34
ORIENTELEC,Consumer Durables,Electronics/Appliances,NIFTY_AUTO,sector,-1.499942309911154,-4.078651685393253,-0.84,0.19,1.4,-0.66,-4.27,-5.48
GMMPFAUDLR,Producer Manufacturing,Industrial Machinery,NIFTY_INFRA,industry,0.1425207584582943,-0.6577329727071579,-0.84,0.19,-0.98,0.98,-0.85,0.32
INDOTECH,Producer Manufacturing,Electrical Products,NIFTY_INFRA,industry,-2.342857142857143,23.17117117117117,-0.84,0.19,-0.98,-1.5,22.98,24.15
BOSCH_HCIL,Consumer Durables,Electronics/Appliances,NIFTY_AUTO,sector,0.0450382825401523,-2.000000000000004,-0.84,0.19,1.4,0.89,-2.19,-3.4
ROUTE,Communications,Major Telecommunications,,unmapped,-0.0703049477107111,7.111906556141673,-0.84,0.19,,0.77,6.92,
SPECTRUM,Electronic Technology,Electronic Equipment/Instruments,NIFTY_IT,sector,16.987130185099726,29.36440437716164,-0.84,0.19,5.63,17.83,29.17,23.73
SANDHAR,Consumer Durables,Motor Vehicles,NIFTY_AUTO,industry,-4.201612903225799,-14.90687679083094,-0.84,0.19,1.4,-3.36,-15.1,-16.31
SMSPHARMA,Health Technology,Pharmaceuticals: Major,NIFTY_PHARMA,industry,-2.332137365453605,0.1971868016300775,-0.84,0.19,2.66,-1.49,0.01,-2.46
PREMEXPLN,Process Industries,Chemicals: Specialty,,unmapped,0.0151057401812723,-12.420634920634916,-0.84,0.19,,0.86,-12.61,
HEIDELBERG,Non-Energy Minerals,Construction Materials,NIFTY_INFRA,industry,-1.8757841907151875,2.3960720130932875,-0.84,0.19,-0.98,-1.04,2.21,3.38
ADVENZYMES,Consumer Non-Durables,Food: Specialty/Candy,NIFTY_FMCG,industry,-2.112893275755696,-15.147058823529408,-0.84,0.19,-1.63,-1.27,-15.34,-13.52
POLYPLEX,Process Industries,Chemicals: Specialty,,unmapped,5.805998125585759,16.621042301534022,-0.84,0.19,,6.65,16.43,
SEAMECLTD,Industrial Services,Oilfield Services/Equipment,NIFTY_INFRA,sector,-2.2130401288605737,0.4532374100719392,-0.84,0.19,-0.98,-1.37,0.26,1.43
VENUSPIPES,Non-Energy Minerals,Steel,NIFTY_METAL,industry,-7.149098853085751,0.7705530199751053,-0.84,0.19,-4.41,-6.31,0.58,5.18
WHEELS,Producer Manufacturing,Auto Parts: OEM,NIFTY_AUTO,industry,-2.7848954821308127,-9.384035197988684,-0.84,0.19,1.4,-1.94,-9.57,-10.78
MARINE,Distribution Services,Wholesale Distributors,,unmapped,1.1111111111111156,-8.328836121604597,-0.84,0.19,,1.95,-8.52,
HGINFRA,Industrial Services,Engineering & Construction,NIFTY_INFRA,industry,-3.4963149379830907,-7.757731958762884,-0.84,0.19,-0.98,-2.66,-7.95,-6.78
FUSION,Finance,Finance/Rental/Leasing,NIFTY_FIN_SERVICE,industry,-4.38162544169612,22.651558073654385,-0.84,0.19,1.89,-3.54,22.46,20.76
KOLTEPATIL,Finance,Real Estate Development,NIFTY_REALTY,industry,1.9278363944248995,4.808465041521561,-0.84,0.19,12.78,2.77,4.62,-7.97
PITTIENG,Producer Manufacturing,Industrial Machinery,NIFTY_INFRA,industry,-3.4856903239333263,-7.005050505050507,-0.84,0.19,-0.98,-2.65,-7.2,-6.03
CMLL,Energy Minerals,Coal,NIFTY_ENERGY,industry,,,-0.84,0.19,-2.39,,,
UFLEX,Process Industries,Containers/Packaging,,unmapped,9.221638895229392,10.5080831408776,-0.84,0.19,,10.06,10.32,
NFL,Process Industries,Chemicals: Agricultural,,unmapped,-4.209809264305181,-8.652721839677792,-0.84,0.19,,-3.37,-8.84,
MAYURUNIQ,Process Industries,Textiles,,unmapped,-3.3990690837824595,-2.6358024691358053,-0.84,0.19,,-2.56,-2.83,
SAMBHV,Non-Energy Minerals,Steel,NIFTY_METAL,industry,-3.999999999999999,3.5000000000000013,-0.84,0.19,-4.41,-3.16,3.31,7.91
RELTD,Utilities,Alternative Power Generation,NIFTY_ENERGY,industry,-2.585227272727279,7.525870178739417,-0.84,0.19,-2.39,-1.75,7.34,9.92
KNRCON,Industrial Services,Engineering & Construction,NIFTY_INFRA,industry,-2.241935483870969,-11.194139194139192,-0.84,0.19,-0.98,-1.4,-11.38,-10.21
ASHIKA,Miscellaneous,Miscellaneous,,unmapped,2.358671965132672,1.8494897959183676,-0.84,0.19,,3.2,1.66,
WELSPLSOL,Non-Energy Minerals,Steel,NIFTY_METAL,industry,-4.451480722667164,-8.425562299178875,-0.84,0.19,-4.41,-3.61,-8.62,-4.02
ASHOKA,Industrial Services,Engineering & Construction,NIFTY_INFRA,industry,-4.1854934601664695,-9.932935916542464,-0.84,0.19,-0.98,-3.35,-10.12,-8.95
BHAGCHEM,Process Industries,Chemicals: Agricultural,,unmapped,-4.926019487549633,-6.4851625727673,-0.84,0.19,,-4.09,-6.68,
ADFFOODS,Consumer Non-Durables,Food: Specialty/Candy,NIFTY_FMCG,industry,1.60489741892787,1.6890213611525162,-0.84,0.19,-1.63,2.44,1.5,3.32
GRAUWEIL,Process Industries,Chemicals: Specialty,,unmapped,-5.421301623833263,-0.040540540540542,-0.84,0.19,,-4.58,-0.23,
INDRAMEDCO,Health Services,Hospital/Nursing Management,NIFTY_PHARMA,industry,-2.6695141484249865,-8.04539722572509,-0.84,0.19,2.66,-1.83,-8.24,-10.71
FILATEX,Process Industries,Textiles,,unmapped,0.9295967190703932,37.99999999999999,-0.84,0.19,,1.77,37.81,
SEIL,Commercial Services,Miscellaneous Commercial Services,,unmapped,-0.1817288801571731,-4.988312295465178,-0.84,0.19,,0.66,-5.18,
63MOONS,Technology Services,Packaged Software,NIFTY_IT,industry,2.652173913043472,4.754862086815053,-0.84,0.19,5.63,3.49,4.56,-0.88
XPROINDIA,Process Industries,Industrial Specialties,,unmapped,-0.6664278036546009,3.7963309621864494,-0.84,0.19,,0.17,3.61,
CRIZAC,Technology Services,Internet Software/Services,NIFTY_IT,industry,-2.3506988564167712,-10.291828793774316,-0.84,0.19,5.63,-1.51,-10.48,-15.92
GANECOS,Process Industries,Textiles,,unmapped,1.6729718369062707,33.931339977851614,-0.84,0.19,,2.51,33.74,
GOPAL,Consumer Non-Durables,Food: Specialty/Candy,NIFTY_FMCG,industry,-3.638059701492537,-8.45444877702943,-0.84,0.19,-1.63,-2.8,-8.64,-6.82
CARYSIL,Consumer Durables,Home Furnishings,NIFTY_AUTO,sector,-8.923948220064721,-2.443885951988911,-0.84,0.19,1.4,-8.08,-2.63,-3.84
SHANTIGEAR,Producer Manufacturing,Auto Parts: OEM,NIFTY_AUTO,industry,-3.3037872683319955,-6.531656837654395,-0.84,0.19,1.4,-2.46,-6.72,-7.93
NIITMTS,Commercial Services,Miscellaneous Commercial Services,,unmapped,-4.489626556016595,-1.2103004291845465,-0.84,0.19,,-3.65,-1.4,
JASH,Producer Manufacturing,Industrial Machinery,NIFTY_INFRA,industry,-3.2749428789032837,-9.415121255349494,-0.84,0.19,-0.98,-2.43,-9.61,-8.44
ARSSBL,Finance,Investment Banks/Brokers,NIFTY_FIN_SERVICE,industry,-6.062846580406656,-8.98997134670487,-0.84,0.19,1.89,-5.22,-9.18,-10.88
CHEMPLASTS,Process Industries,Chemicals: Major Diversified,,unmapped,1.510437575270971,-3.0806822537370677,-0.84,0.19,,2.35,-3.27,
NAVNETEDUL,Producer Manufacturing,Office Equipment/Supplies,NIFTY_INFRA,sector,-3.769801483858041,3.4267241379310422,-0.84,0.19,-0.98,-2.93,3.24,4.41
NPST,Technology Services,Packaged Software,NIFTY_IT,industry,-7.371501737698912,-7.793153678077195,-0.84,0.19,5.63,-6.53,-7.98,-13.42
ANTELOPUS,Energy Minerals,Integrated Oil,NIFTY_ENERGY,industry,8.9795918367347,11.946182728410518,-0.84,0.19,-2.39,9.82,11.76,14.34
TECHNVISN,Technology Services,Data Processing Services,NIFTY_IT,industry,48.8559694925198,1.49,-0.84,0.19,5.63,49.7,1.3,-4.14
RML,Producer Manufacturing,Auto Parts: OEM,NIFTY_AUTO,industry,-9.01481004507405,5.3838623968675705,-0.84,0.19,1.4,-8.17,5.19,3.98
UNIPARTS,Producer Manufacturing,Auto Parts: OEM,NIFTY_AUTO,industry,-1.2036108324974892,1.5164899882214302,-0.84,0.19,1.4,-0.36,1.33,0.12
HERITGFOOD,Consumer Non-Durables,Food: Meat/Fish/Dairy,NIFTY_FMCG,sector,2.538226299694193,3.3441208198489822,-0.84,0.19,-1.63,3.38,3.15,4.97
STEELCAS,Non-Energy Minerals,Steel,NIFTY_METAL,industry,1.1378627968337691,3.1276273751471173,-0.84,0.19,-4.41,1.98,2.94,7.54
KKCL,Consumer Non-Durables,Apparel/Footwear,NIFTY_FMCG,sector,0.651237350966837,0.8634538152610465,-0.84,0.19,-1.63,1.49,0.67,2.49
EUROPRATIK,Producer Manufacturing,Office Equipment/Supplies,NIFTY_INFRA,sector,-3.00643086816721,7.751384175745666,-0.84,0.19,-0.98,-2.17,7.56,8.73
SANGAMIND,Process Industries,Textiles,,unmapped,-3.0157480314960594,15.058383932741712,-0.84,0.19,,-2.18,14.87,
DEEPINDS,Industrial Services,Oilfield Services/Equipment,NIFTY_INFRA,sector,1.5563790365272678,-0.187304890738809,-0.84,0.19,-0.98,2.4,-0.38,0.79
CARRARO,Producer Manufacturing,Auto Parts: OEM,NIFTY_AUTO,industry,-6.266456029489213,-9.65231367904576,-0.84,0.19,1.4,-5.43,-9.84,-11.05
TVSSRICHAK,Consumer Durables,Automotive Aftermarket,NIFTY_AUTO,industry,-5.164948206980707,-6.072740196659168,-0.84,0.19,1.4,-4.32,-6.26,-7.47
BEPL,Process Industries,Industrial Specialties,,unmapped,11.445562671546208,17.52050168837433,-0.84,0.19,,12.29,17.33,
DPABHUSHAN,Retail Trade,Specialty Stores,NIFTY_FMCG,sector,0.2264065506962001,45.59557090390835,-0.84,0.19,-1.63,1.07,45.41,47.23
INTERARCH,Producer Manufacturing,Building Products,NIFTY_INFRA,sector,-3.154098713601385,-6.772020725388603,-0.84,0.19,-0.98,-2.31,-6.96,-5.79
NITINSPIN,Process Industries,Textiles,,unmapped,-3.2188065099457424,-1.825185728698511,-0.84,0.19,,-2.38,-2.02,
PANAMAPET,Process Industries,Industrial Specialties,,unmapped,17.34573716439001,6.817450959373997,-0.84,0.19,,18.19,6.63,
SUNCLAY,Producer Manufacturing,Auto Parts: OEM,NIFTY_AUTO,industry,-1.9280575539568312,3.4843999089045847,-0.84,0.19,1.4,-1.09,3.29,2.08
BUILDPRO,Distribution Services,Wholesale Distributors,,unmapped,-0.5550639530206631,20.95890410958905,-0.84,0.19,,0.28,20.77,
BALMLAWRIE,Producer Manufacturing,Industrial Conglomerates,NIFTY_INFRA,sector,-1.89908978536914,-2.9676558852951005,-0.84,0.19,-0.98,-1.06,-3.16,-1.99
ELPROINTL,Electronic Technology,Electronic Components,NIFTY_IT,sector,3.167738164815906,3.1978953522361877,-0.84,0.19,5.63,4.01,3.01,-2.43
WONDERLA,Consumer Services,Movies/Entertainment,NIFTY_FMCG,sector,-0.2659574468085106,-4.531568228105907,-0.84,0.19,-1.63,0.57,-4.72,-2.9
SATIN,Finance,Finance/Rental/Leasing,NIFTY_FIN_SERVICE,industry,1.193074896499818,14.461472967220091,-0.84,0.19,1.89,2.03,14.27,12.57
MOREPENLAB,Health Technology,Pharmaceuticals: Major,NIFTY_PHARMA,industry,-11.658456486042695,2.242493348536678,-0.84,0.19,2.66,-10.82,2.05,-0.42
RPSGVENT,Finance,Financial Conglomerates,NIFTY_FIN_SERVICE,industry,0.4438202247191062,4.923708920187798,-0.84,0.19,1.89,1.28,4.73,3.03
TCPLPACK,Commercial Services,Commercial Printing/Forms,,unmapped,-0.5241251734237706,10.288839514612889,-0.84,0.19,,0.32,10.1,
DALMIASUG,Process Industries,Agricultural Commodities/Milling,,unmapped,-0.1792608935466172,9.169054441260736,-0.84,0.19,,0.66,8.98,
KITEX,Process Industries,Textiles,,unmapped,-2.6289649692073365,-8.323461562441546,-0.84,0.19,,-1.79,-8.51,
HLEGLAS,Producer Manufacturing,Industrial Machinery,NIFTY_INFRA,industry,-4.2290547491141846,9.386422976501304,-0.84,0.19,-0.98,-3.39,9.2,10.37
RSYSTEMS,Technology Services,Information Technology Services,NIFTY_IT,industry,-2.960474308300399,-1.7567026810724349,-0.84,0.19,5.63,-2.12,-1.95,-7.39
APCOTEXIND,Process Industries,Chemicals: Specialty,,unmapped,3.878911312719854,5.6193524096385365,-0.84,0.19,,4.72,5.43,
PRINCEPIPE,Producer Manufacturing,Industrial Machinery,NIFTY_INFRA,industry,-3.2234160800296365,-8.092892329345531,-0.84,0.19,-0.98,-2.38,-8.28,-7.11
DIVGIITTS,Producer Manufacturing,Auto Parts: OEM,NIFTY_AUTO,industry,-0.0422832980972491,13.790613718411556,-0.84,0.19,1.4,0.8,13.6,12.39
EFCIL,Distribution Services,Wholesale Distributors,,unmapped,0.971978078792278,4.160000000000006,-0.84,0.19,,1.81,3.97,
DCAL,Health Technology,Pharmaceuticals: Major,NIFTY_PHARMA,industry,-5.038278501965643,5.560347306077865,-0.84,0.19,2.66,-4.2,5.37,2.9
KPL,Health Technology,Pharmaceuticals: Major,NIFTY_PHARMA,industry,-1.249600624800322,14.44028469165261,-0.84,0.19,2.66,-0.41,14.25,11.78
POKARNA,Producer Manufacturing,Building Products,NIFTY_INFRA,sector,-7.192226785535406,-14.212962962962964,-0.84,0.19,-0.98,-6.35,-14.4,-13.23
VSSL,Non-Energy Minerals,Steel,NIFTY_METAL,industry,-0.985962566844916,4.1483564774125545,-0.84,0.19,-4.41,-0.15,3.96,8.56
RAMCOIND,Non-Energy Minerals,Construction Materials,NIFTY_INFRA,industry,-9.225041367898523,9.698383602732866,-0.84,0.19,-0.98,-8.39,9.51,10.68
JTLIND,Non-Energy Minerals,Steel,NIFTY_METAL,industry,-5.058162331721349,-6.149870801033598,-0.84,0.19,-4.41,-4.22,-6.34,-1.74
DDEVPLSTIK,Process Industries,Chemicals: Major Diversified,,unmapped,-3.9714335481623526,-0.9877873563218392,-0.84,0.19,,-3.13,-1.18,
BBL,Producer Manufacturing,Electrical Products,NIFTY_INFRA,industry,-6.376811594202896,-13.142108529269802,-0.84,0.19,-0.98,-5.54,-13.33,-12.16
ORIANA,Industrial Services,Engineering & Construction,NIFTY_INFRA,industry,-4.880952380952381,-13.152173913043478,-0.84,0.19,-0.98,-4.04,-13.34,-12.17
MONARCH,Finance,Investment Banks/Brokers,NIFTY_FIN_SERVICE,industry,-1.3375620518477722,2.994098171872744,-0.84,0.19,1.89,-0.5,2.8,1.1
NSIL,Finance,Financial Conglomerates,NIFTY_FIN_SERVICE,industry,0.7297247367448735,-2.633928571428572,-0.84,0.19,1.89,1.57,-2.82,-4.52
STALLION,Distribution Services,Wholesale Distributors,,unmapped,14.087629109088338,25.343282035338618,-0.84,0.19,,14.93,25.15,
GATEWAY,Transportation,Railroads,,unmapped,-4.440677966101691,-8.295380611580994,-0.84,0.19,,-3.6,-8.49,
DREDGECORP,Transportation,Marine Shipping,,unmapped,-2.117073170731712,-17.694831829368336,-0.84,0.19,,-1.28,-17.88,
ARVSMART,Finance,Real Estate Development,NIFTY_REALTY,industry,2.096260271675332,0.2882793839057738,-0.84,0.19,12.78,2.94,0.1,-12.49
JUBLCPL,Process Industries,Chemicals: Agricultural,,unmapped,-7.738688459238587,-8.364266270725068,-0.84,0.19,,-6.9,-8.55,
MAITHANALL,Non-Energy Minerals,Other Metals/Minerals,NIFTY_METAL,industry,-4.537764951736493,-8.516116727064654,-0.84,0.19,-4.41,-3.7,-8.71,-4.11
JINDALPOLY,Process Industries,Containers/Packaging,,unmapped,-5.995575221238934,-1.6359286982020251,-0.84,0.19,,-5.16,-1.83,
BOROLTD,Producer Manufacturing,Miscellaneous Manufacturing,NIFTY_INFRA,sector,-4.85277857406118,1.867765696246927,-0.84,0.19,-0.98,-4.01,1.68,2.85
INDOTHAI,Finance,Investment Banks/Brokers,NIFTY_FIN_SERVICE,industry,-2.0114161456917627,-3.8752110923473455,-0.84,0.19,1.89,-1.17,-4.07,-5.77
SASKEN,Technology Services,Information Technology Services,NIFTY_IT,industry,-8.31738999093747,-20.99783080260304,-0.84,0.19,5.63,-7.48,-21.19,-26.63
GANDHAR,Process Industries,Industrial Specialties,,unmapped,32.98493408662899,55.19780219780219,-0.84,0.19,,33.82,55.01,
HUBTOWN,Finance,Real Estate Development,NIFTY_REALTY,industry,-3.2357320099255635,-5.806763285024159,-0.84,0.19,12.78,-2.4,-6.0,-18.59
SIYSIL,Process Industries,Textiles,,unmapped,-2.96927240885209,-2.1356884785226744,-0.84,0.19,,-2.13,-2.33,
GKENERGY,Industrial Services,Engineering & Construction,NIFTY_INFRA,industry,-1.6329479768786266,-7.889039242219232,-0.84,0.19,-0.98,-0.79,-8.08,-6.91
ORIENTCEM,Non-Energy Minerals,Construction Materials,NIFTY_INFRA,industry,-1.7621145374449174,0.9049773755656236,-0.84,0.19,-0.98,-0.92,0.71,1.88
AUTOAXLES,Producer Manufacturing,Auto Parts: OEM,NIFTY_AUTO,industry,-1.53804050355774,2.163789186733311,-0.84,0.19,1.4,-0.7,1.97,0.76
INDNIPPON,Producer Manufacturing,Auto Parts: OEM,NIFTY_AUTO,industry,-1.1632703572312442,25.72148179242313,-0.84,0.19,1.4,-0.32,25.53,24.32
EASEMYTRIP,Consumer Services,Other Consumer Services,NIFTY_FMCG,sector,-0.1461988304093536,-13.3248730964467,-0.84,0.19,-1.63,0.69,-13.51,-11.69
SPORTKING,Process Industries,Textiles,,unmapped,6.290715599980111,21.650540694365407,-0.84,0.19,,7.13,21.46,
ROSSARI,Process Industries,Chemicals: Specialty,,unmapped,-9.630996309963098,-7.854388110243618,-0.84,0.19,,-8.79,-8.04,
MANGLMCEM,Non-Energy Minerals,Construction Materials,NIFTY_INFRA,industry,-0.0964467005076188,11.054057104164308,-0.84,0.19,-0.98,0.74,10.86,12.03
PANACEABIO,Health Technology,Pharmaceuticals: Major,NIFTY_PHARMA,industry,-21.980548187444743,-20.202568276361003,-0.84,0.19,2.66,-21.14,-20.39,-22.86
ZAGGLE,Technology Services,Packaged Software,NIFTY_IT,industry,-5.227488151658768,-3.8143338143338177,-0.84,0.19,5.63,-4.39,-4.0,-9.44
PARAGMILK,Consumer Non-Durables,Food: Meat/Fish/Dairy,NIFTY_FMCG,sector,-5.430463576158945,-5.538895748809315,-0.84,0.19,-1.63,-4.59,-5.73,-3.91
BNAGROCHEM,Process Industries,Agricultural Commodities/Milling,,unmapped,-0.0727008360596312,-0.0363636363636446,-0.84,0.19,,0.77,-0.23,
HIKAL,Health Technology,Pharmaceuticals: Major,NIFTY_PHARMA,industry,-7.094017094017092,-0.4715469486792112,-0.84,0.19,2.66,-6.25,-0.66,-3.13
NOCIL,Process Industries,Chemicals: Specialty,,unmapped,-3.315217391304336,-15.240868184224452,-0.84,0.19,,-2.48,-15.43,
MMFL,Producer Manufacturing,Metal Fabrication,NIFTY_INFRA,industry,4.9144486692015255,26.86206896551725,-0.84,0.19,-0.98,5.75,26.67,27.84
DIAMONDYD,Consumer Non-Durables,Food: Specialty/Candy,NIFTY_FMCG,industry,-5.717678995588723,0.8346942478679047,-0.84,0.19,-1.63,-4.88,0.64,2.46
FLAIR,Producer Manufacturing,Office Equipment/Supplies,NIFTY_INFRA,sector,-2.8846153846153846,-10.22222222222222,-0.84,0.19,-0.98,-2.04,-10.41,-9.24
PATELENG,Industrial Services,Engineering & Construction,NIFTY_INFRA,industry,-7.371900826446283,-12.927284027346175,-0.84,0.19,-0.98,-6.53,-13.12,-11.95
FMGOETZE,Producer Manufacturing,Industrial Machinery,NIFTY_INFRA,industry,-2.285481073359859,4.097826086956527,-0.84,0.19,-0.98,-1.45,3.91,5.08
RAMCOSYS,Technology Services,Information Technology Services,NIFTY_IT,industry,-14.856287425149697,26.503558718861218,-0.84,0.19,5.63,-14.02,26.31,20.87
AIMTRON,Electronic Technology,Electronic Components,NIFTY_IT,sector,-6.144005847953213,2.716000000000004,-0.84,0.19,5.63,-5.3,2.53,-2.91
KIRIINDUS,Process Industries,Chemicals: Specialty,,unmapped,1.9354027899962267,2.87924911212583,-0.84,0.19,,2.78,2.69,
UFBL,Consumer Services,Restaurants,NIFTY_FMCG,sector,-8.65592853275581,-3.5790827261037226,-0.84,0.19,-1.63,-7.82,-3.77,-1.95
IMAGICAA,Consumer Services,Movies/Entertainment,NIFTY_FMCG,sector,-1.0392364793213191,-1.933585540142921,-0.84,0.19,-1.63,-0.2,-2.12,-0.3
JNKINDIA,Producer Manufacturing,Building Products,NIFTY_INFRA,sector,-3.106995884773667,-3.6620294599018073,-0.84,0.19,-0.98,-2.27,-3.85,-2.68
RAJESHEXPO,Consumer Durables,Other Consumer Specialties,NIFTY_AUTO,sector,2.33601841196778,-12.916177046611828,-0.84,0.19,1.4,3.18,-13.11,-14.32
PARKHOTELS,Consumer Services,Hotels/Resorts/Cruise lines,NIFTY_FMCG,sector,-4.420148379539251,0.0981434530138256,-0.84,0.19,-1.63,-3.58,-0.09,1.73
CONFIPET,Retail Trade,Specialty Stores,NIFTY_FMCG,sector,3.039873667587844,13.478260869565212,-0.84,0.19,-1.63,3.88,13.29,15.11
RELINFRA,Utilities,Electric Utilities,NIFTY_ENERGY,industry,-4.891631547260687,-22.51379521765788,-0.84,0.19,-2.39,-4.05,-22.7,-20.12
EVEREADY,Producer Manufacturing,Electrical Products,NIFTY_INFRA,industry,1.16180221025787,-1.217487548422794,-0.84,0.19,-0.98,2.0,-1.41,-0.24
MARATHON,Finance,Real Estate Development,NIFTY_REALTY,industry,-3.345959595959596,-4.551122194513716,-0.84,0.19,12.78,-2.51,-4.74,-17.33
ADOR,Producer Manufacturing,Miscellaneous Manufacturing,NIFTY_INFRA,sector,9.203216374269012,20.943976683937827,-0.84,0.19,-0.98,10.04,20.75,21.92
SUNDROP,Process Industries,Agricultural Commodities/Milling,,unmapped,6.942174488287011,5.691869856164911,-0.84,0.19,,7.78,5.5,
UTKARSHBNK,Finance,Regional Banks,NIFTY_BANK,industry,-4.050464807436927,0.0692520775623253,-0.84,0.19,-1.03,-3.21,-0.12,1.1
RAMKY,Industrial Services,Engineering & Construction,NIFTY_INFRA,industry,-5.991133628879032,-10.567538257621392,-0.84,0.19,-0.98,-5.15,-10.76,-9.59
WINDMACHIN,Producer Manufacturing,Industrial Machinery,NIFTY_INFRA,industry,-3.881578947368425,-6.54086038701423,-0.84,0.19,-0.98,-3.04,-6.73,-5.56
BLSE,Technology Services,Internet Software/Services,NIFTY_IT,industry,4.17712177121771,24.184041523708977,-0.84,0.19,5.63,5.02,23.99,18.55
GLOBUSSPR,Consumer Non-Durables,Beverages: Alcoholic,NIFTY_FMCG,industry,-11.485875138232633,0.7437496424280565,-0.84,0.19,-1.63,-10.65,0.55,2.37
STOVEKRAFT,Consumer Durables,Electronics/Appliances,NIFTY_AUTO,sector,-0.3029326458266223,2.927867979771094,-0.84,0.19,1.4,0.54,2.74,1.53
VIMTALABS,Commercial Services,Miscellaneous Commercial Services,,unmapped,1.3412684313377277,-0.1138154438802271,-0.84,0.19,,2.18,-0.3,
EPACKPEB,Industrial Services,Engineering & Construction,NIFTY_INFRA,industry,0.767999999999995,-2.2087651876868235,-0.84,0.19,-0.98,1.61,-2.4,-1.23
MEDIASSIST,Finance,Investment Managers,NIFTY_FIN_SERVICE,industry,-5.5154209502639535,-8.833780160857906,-0.84,0.19,1.89,-4.68,-9.02,-10.72
SILVERTUC,Technology Services,Packaged Software,NIFTY_IT,industry,1.080808080808074,4.785340314136119,-0.84,0.19,5.63,1.92,4.6,-0.84
SPAL,Consumer Non-Durables,Apparel/Footwear,NIFTY_FMCG,sector,-4.312977099236646,4.785788923719953,-0.84,0.19,-1.63,-3.47,4.6,6.42
ARKADE,Consumer Durables,Homebuilding,NIFTY_REALTY,industry,-1.4318941706643398,10.892141630550336,-0.84,0.19,12.78,-0.59,10.7,-1.89
BOMDYEING,Process Industries,Textiles,,unmapped,-3.397095007540282,-9.495835812016654,-0.84,0.19,,-2.56,-9.69,
NITCO,Producer Manufacturing,Building Products,NIFTY_INFRA,sector,-8.627347726873792,-7.375444839857657,-0.84,0.19,-0.98,-7.79,-7.57,-6.4
NILKAMAL,Consumer Durables,Home Furnishings,NIFTY_AUTO,sector,15.993079584775082,30.29384328358208,-0.84,0.19,1.4,16.83,30.1,28.89
RANEHOLDIN,Producer Manufacturing,Auto Parts: OEM,NIFTY_AUTO,industry,-0.4922724670864287,9.16855061542326,-0.84,0.19,1.4,0.35,8.98,7.77
ELITECON,Process Industries,Textiles,,unmapped,-11.371428571428574,-45.09734513274336,-0.84,0.19,,-10.53,-45.29,
INA,Electronic Technology,Semiconductors,NIFTY_IT,sector,-2.113043478260876,-3.257133035407362,-0.84,0.19,5.63,-1.27,-3.45,-8.89
RAJRATAN,Producer Manufacturing,Metal Fabrication,NIFTY_INFRA,industry,-2.3399999999999976,7.995134358067021,-0.84,0.19,-0.98,-1.5,7.81,8.98
FISCHER,Process Industries,Chemicals: Specialty,,unmapped,-1.4545454545454604,7.692307692307696,-0.84,0.19,,-0.61,7.5,
GSPCROP,Process Industries,Chemicals: Agricultural,,unmapped,6.633165829145729,21.479276391115185,-0.84,0.19,,7.47,21.29,
MUFIN,Finance,Finance/Rental/Leasing,NIFTY_FIN_SERVICE,industry,-2.5705329153605025,-4.221879815100167,-0.84,0.19,1.89,-1.73,-4.41,-6.11
ADVAIT,Producer Manufacturing,Electrical Products,NIFTY_INFRA,industry,6.300438906980037,-5.840056853810452,-0.84,0.19,-0.98,7.14,-6.03,-4.86
KLBRENG_B,Producer Manufacturing,Industrial Machinery,NIFTY_INFRA,industry,-1.03580274712903,-11.720397710153664,-0.84,0.19,-0.98,-0.2,-11.91,-10.74
VEEDOL,Energy Minerals,Oil Refining/Marketing,NIFTY_ENERGY,industry,-2.1133659902029422,-4.505734571272529,-0.84,0.19,-2.39,-1.27,-4.7,-2.12
GIPCL,Utilities,Electric Utilities,NIFTY_ENERGY,industry,-3.8289803657716175,-2.293064876957493,-0.84,0.19,-2.39,-2.99,-2.48,0.1
REPCOHOME,Finance,Finance/Rental/Leasing,NIFTY_FIN_SERVICE,industry,-3.563004345127256,-0.8551372048500377,-0.84,0.19,1.89,-2.72,-1.05,-2.75
DRAGARWQ,Health Services,Medical/Nursing Services,NIFTY_PHARMA,industry,-0.5545103475591643,-0.4283079851678603,-0.84,0.19,2.66,0.29,-0.62,-3.09
TALBROAUTO,Producer Manufacturing,Industrial Machinery,NIFTY_INFRA,industry,-2.984150569588908,2.646403773090534,-0.84,0.19,-0.98,-2.14,2.46,3.63
SIKA,Electronic Technology,Aerospace & Defense,NIFTY_IT,sector,-1.4186851211072744,2.0826801630313074,-0.84,0.19,5.63,-0.58,1.89,-3.55
PROTEAN,Technology Services,Information Technology Services,NIFTY_IT,industry,0.8404788182358318,-1.0001666944490748,-0.84,0.19,5.63,1.68,-1.19,-6.63
HUHTAMAKI,Process Industries,Containers/Packaging,,unmapped,36.30453378956373,63.42564102564103,-0.84,0.19,,37.14,63.24,
PIXTRANS,Producer Manufacturing,Miscellaneous Manufacturing,NIFTY_INFRA,sector,-4.674259189291313,8.736608792020679,-0.84,0.19,-0.98,-3.83,8.55,9.72
AJMERA,Finance,Real Estate Development,NIFTY_REALTY,industry,-5.642802155504244,-7.143939393939399,-0.84,0.19,12.78,-4.8,-7.33,-19.92
MOLDTKPAC,Producer Manufacturing,Miscellaneous Manufacturing,NIFTY_INFRA,sector,4.96356684221919,4.070100143061523,-0.84,0.19,-0.98,5.8,3.88,5.05
RISHABH,Producer Manufacturing,Electrical Products,NIFTY_INFRA,industry,-6.280120481927717,4.2378559463986525,-0.84,0.19,-0.98,-5.44,4.05,5.22
ORIENTHOT,Consumer Services,Hotels/Resorts/Cruise lines,NIFTY_FMCG,sector,5.673981191222578,-4.673029338989032,-0.84,0.19,-1.63,6.51,-4.86,-3.04
CAMLINFINE,Process Industries,Chemicals: Specialty,,unmapped,-0.064231232436771,-10.38231694146446,-0.84,0.19,,0.78,-10.57,
KNACK,Process Industries,Containers/Packaging,,unmapped,0.4536082474226781,3.659574468085104,-0.84,0.19,,1.29,3.47,
GREENPANEL,Non-Energy Minerals,Forest Products,NIFTY_METAL,sector,-3.860621659077402,2.772486772486777,-0.84,0.19,-4.41,-3.02,2.58,7.18
SAIPARENT,Health Technology,Pharmaceuticals: Major,NIFTY_PHARMA,industry,-6.527050610820241,-11.324503311258274,-0.84,0.19,2.66,-5.69,-11.51,-13.98
SOLARA,Health Technology,Pharmaceuticals: Major,NIFTY_PHARMA,industry,-14.894905285009942,-15.877222982216136,-0.84,0.19,2.66,-14.05,-16.07,-18.54
BETA,Health Technology,Pharmaceuticals: Major,NIFTY_PHARMA,industry,1.5614035087719258,10.624880565641128,-0.84,0.19,2.66,2.4,10.43,7.96
KICL,Finance,Financial Conglomerates,NIFTY_FIN_SERVICE,industry,-2.332012167020002,-2.4668630338733437,-0.84,0.19,1.89,-1.49,-2.66,-4.36
SSFLPP.E1,Finance,Finance/Rental/Leasing,NIFTY_FIN_SERVICE,industry,-11.325451151213436,15.337919870497776,-0.84,0.19,1.89,-10.49,15.15,13.45
SPANDANA,Finance,Finance/Rental/Leasing,NIFTY_FIN_SERVICE,industry,-13.324494530991048,3.1151419558359645,-0.84,0.19,1.89,-12.48,2.93,1.23
COSMOFIRST,Process Industries,Containers/Packaging,,unmapped,4.130961527096513,7.308160779537149,-0.84,0.19,,4.97,7.12,
SAGCEM,Non-Energy Minerals,Construction Materials,NIFTY_INFRA,industry,0.6291447032817464,4.086298880225127,-0.84,0.19,-0.98,1.47,3.9,5.07
TASTYBITE,Consumer Non-Durables,Food: Specialty/Candy,NIFTY_FMCG,industry,0.547486033519553,6.497041420118343,-0.84,0.19,-1.63,1.39,6.31,8.13
ANANTAM,Miscellaneous,Investment Trusts/Mutual Funds,,unmapped,0.4000000000000016,-0.0758293838862543,-0.84,0.19,,1.24,-0.27,
BRIGHOTEL,Consumer Services,Hotels/Resorts/Cruise lines,NIFTY_FMCG,sector,-3.372952136203022,-8.710166919575126,-0.84,0.19,-1.63,-2.53,-8.9,-7.08
VINCOFE,Distribution Services,Wholesale Distributors,,unmapped,-3.216211191671313,-2.873134328358212,-0.84,0.19,,-2.38,-3.06,
TAJGVK,Consumer Services,Hotels/Resorts/Cruise lines,NIFTY_FMCG,sector,0.4745951982132855,6.652837457401094,-0.84,0.19,-1.63,1.31,6.46,8.28
VERANDA,Commercial Services,Miscellaneous Commercial Services,,unmapped,4.09190079700788,-3.7942386831275714,-0.84,0.19,,4.93,-3.98,
RHETAN,Non-Energy Minerals,Steel,NIFTY_METAL,industry,-10.961055276381904,3.846153846153849,-0.84,0.19,-4.41,-10.12,3.66,8.26
EPACK,Producer Manufacturing,Industrial Machinery,NIFTY_INFRA,industry,-4.5687550854353205,-0.711111111111114,-0.84,0.19,-0.98,-3.73,-0.9,0.27
ALEMBICLTD,Health Technology,Pharmaceuticals: Major,NIFTY_PHARMA,industry,-1.753993967154516,-4.309031556039181,-0.84,0.19,2.66,-0.91,-4.5,-6.97
NIBE,Process Industries,Textiles,,unmapped,-1.743958197256698,-14.040000000000004,-0.84,0.19,,-0.9,-14.23,
EMSLIMITED,Industrial Services,Engineering & Construction,NIFTY_INFRA,industry,-6.600277906438166,-8.548752834467118,-0.84,0.19,-0.98,-5.76,-8.74,-7.57
ORISSAMINE,Non-Energy Minerals,Steel,NIFTY_METAL,industry,0.9973045822102424,-6.570253085650168,-0.84,0.19,-4.41,1.84,-6.76,-2.16
ELCIDIN,Finance,Financial Conglomerates,NIFTY_FIN_SERVICE,industry,-2.580071174377224,-4.699738903394256,-0.84,0.19,1.89,-1.74,-4.89,-6.59
SIRCA,Process Industries,Industrial Specialties,,unmapped,-0.2914343639128317,-4.036585365853662,-0.84,0.19,,0.55,-4.23,
VINDHYATEL,Industrial Services,Engineering & Construction,NIFTY_INFRA,industry,1.6218546257880224,-13.422695556371652,-0.84,0.19,-0.98,2.46,-13.61,-12.44
INDOCO,Health Technology,Pharmaceuticals: Major,NIFTY_PHARMA,industry,-2.981267437225993,2.730533867904621,-0.84,0.19,2.66,-2.14,2.54,0.07
EXICOM,Producer Manufacturing,Electrical Products,NIFTY_INFRA,industry,-2.523563393128597,-4.207003705031667,-0.84,0.19,-0.98,-1.68,-4.4,-3.23
SAKSOFT,Technology Services,Information Technology Services,NIFTY_IT,industry,-7.4664614031229295,21.079136690647488,-0.84,0.19,5.63,-6.63,20.89,15.45
PRAKASH,Non-Energy Minerals,Steel,NIFTY_METAL,industry,-1.808806029353432,-14.04264185012849,-0.84,0.19,-4.41,-0.97,-14.23,-9.63
JISLJALEQS,Producer Manufacturing,Trucks/Construction/Farm Machinery,NIFTY_INFRA,industry,-1.235772357723574,-15.615448735759935,-0.84,0.19,-0.98,-0.4,-15.81,-14.64
JISLDVREQS,Producer Manufacturing,Trucks/Construction/Farm Machinery,NIFTY_INFRA,industry,-5.422222222222217,-15.889328063241104,-0.84,0.19,-0.98,-4.58,-16.08,-14.91
VENUSREM,Health Technology,Pharmaceuticals: Major,NIFTY_PHARMA,industry,-6.03988603988604,-8.337965536409117,-0.84,0.19,2.66,-5.2,-8.53,-11.0
TEAMLEASE,Commercial Services,Personnel Services,,unmapped,-7.093352192362091,-9.15566005117211,-0.84,0.19,,-6.25,-9.35,
PENIND,Non-Energy Minerals,Steel,NIFTY_METAL,industry,-4.183583406884369,0.2709359605911316,-0.84,0.19,-4.41,-3.34,0.08,4.68
BFUTILITIE,Industrial Services,Engineering & Construction,NIFTY_INFRA,industry,-6.897658004491499,-8.454258675078867,-0.84,0.19,-0.98,-6.06,-8.64,-7.47
GNA,Producer Manufacturing,Auto Parts: OEM,NIFTY_AUTO,industry,-14.975683380848562,21.219366407650927,-0.84,0.19,1.4,-14.14,21.03,19.82
SANSTAR,Consumer Non-Durables,Food: Major Diversified,NIFTY_FMCG,industry,-1.82882882882883,-9.64344941956882,-0.84,0.19,-1.63,-0.99,-9.83,-8.01
STYLEBAAZA,Retail Trade,Apparel/Footwear Retail,NIFTY_FMCG,sector,-5.589225589225597,-4.820095044127646,-0.84,0.19,-1.63,-4.75,-5.01,-3.19
APOLLOPIPE,Producer Manufacturing,Miscellaneous Manufacturing,NIFTY_INFRA,sector,-2.718253968253966,0.3993037780280513,-0.84,0.19,-0.98,-1.88,0.21,1.38
JAYKAY,Commercial Services,Miscellaneous Commercial Services,,unmapped,-3.54493955498452,-9.217831033914148,-0.84,0.19,,-2.7,-9.41,
SERVOTECH,Producer Manufacturing,Electrical Products,NIFTY_INFRA,industry,-4.359999999999999,-4.5508982035928165,-0.84,0.19,-0.98,-3.52,-4.74,-3.57
HPL,Electronic Technology,Electronic Equipment/Instruments,NIFTY_IT,sector,-3.918179199078082,-14.57479508196721,-0.84,0.19,5.63,-3.08,-14.76,-20.2
HINDOILEXP,Energy Minerals,Integrated Oil,NIFTY_ENERGY,industry,2.621912602913228,1.509741276702372,-0.84,0.19,-2.39,3.46,1.32,3.9
TCIEXP,Transportation,Air Freight/Couriers,,unmapped,-3.1581672275433714,5.6680161943319884,-0.84,0.19,,-2.32,5.48,
ALPEXSOLAR,Electronic Technology,Semiconductors,NIFTY_IT,sector,-2.65945065176909,-10.445443837669982,-0.84,0.19,5.63,-1.82,-10.64,-16.08
HONDAPOWER,Producer Manufacturing,Electrical Products,NIFTY_INFRA,industry,-0.6183997716677767,-7.323781218116504,-0.84,0.19,-0.98,0.22,-7.51,-6.34
NELCO,Electronic Technology,Electronic Production Equipment,NIFTY_IT,sector,6.9602109849787785,4.938688266396668,-0.84,0.19,5.63,7.8,4.75,-0.69
LANDMARK,Retail Trade,Specialty Stores,NIFTY_FMCG,sector,0.7465618860510717,14.964690057168466,-0.84,0.19,-1.63,1.59,14.77,16.59
GEOJITFSL,Finance,Investment Banks/Brokers,NIFTY_FIN_SERVICE,industry,-7.517609910128732,-3.2155566853075763,-0.84,0.19,1.89,-6.68,-3.41,-5.11
SHRINGARMS,Consumer Durables,Other Consumer Specialties,NIFTY_AUTO,sector,-3.143877596013932,6.115942028985505,-0.84,0.19,1.4,-2.3,5.93,4.72
VENKEYS,Process Industries,Agricultural Commodities/Milling,,unmapped,1.5517474025097826,5.347144456886904,-0.84,0.19,,2.39,5.16,
BGRENERGY,Industrial Services,Engineering & Construction,NIFTY_INFRA,industry,-2.151260504201673,-14.633431085043982,-0.84,0.19,-0.98,-1.31,-14.82,-13.65
BHARATRAS,Process Industries,Chemicals: Agricultural,,unmapped,-7.073907597082013,-9.442768921441909,-0.84,0.19,,-6.23,-9.63,
KCP,Producer Manufacturing,Industrial Conglomerates,NIFTY_INFRA,sector,-3.196238319147673,-6.528735632183916,-0.84,0.19,-0.98,-2.36,-6.72,-5.55
BAJEL,Industrial Services,Engineering & Construction,NIFTY_INFRA,industry,-0.6111111111111079,-13.113161728994656,-0.84,0.19,-0.98,0.23,-13.3,-12.13
GMBREW,Consumer Non-Durables,Beverages: Alcoholic,NIFTY_FMCG,industry,-0.088373377520017,-2.4378404616795115,-0.84,0.19,-1.63,0.75,-2.63,-0.81
THEJO,Distribution Services,Wholesale Distributors,,unmapped,-0.5811822608513606,5.829896332627349,-0.84,0.19,,0.26,5.64,
PRABHA,Energy Minerals,Oil & Gas Production,NIFTY_ENERGY,industry,-6.1657162026165695,-9.586915767017896,-0.84,0.19,-2.39,-5.33,-9.78,-7.2
KPEL,Utilities,Alternative Power Generation,NIFTY_ENERGY,industry,-6.108527131782942,-13.386727688787188,-0.84,0.19,-2.39,-5.27,-13.58,-11.0
SURYODAY,Finance,Regional Banks,NIFTY_BANK,industry,4.400951557093418,12.371973929236493,-0.84,0.19,-1.03,5.24,12.18,13.4
SOMANYCERA,Producer Manufacturing,Building Products,NIFTY_INFRA,sector,-5.074056378404206,-3.740310077519382,-0.84,0.19,-0.98,-4.23,-3.93,-2.76
LAOPALA,Consumer Durables,Home Furnishings,NIFTY_AUTO,sector,-3.177521008403368,0.6167448968453201,-0.84,0.19,1.4,-2.34,0.43,-0.78
ANONDITA,Producer Manufacturing,Miscellaneous Manufacturing,NIFTY_INFRA,sector,-1.8777710162566208,-7.324082436981692,-0.84,0.19,-0.98,-1.04,-7.51,-6.34
INDIANHUME,Producer Manufacturing,Building Products,NIFTY_INFRA,sector,-4.147066105471652,19.19642857142856,-0.84,0.19,-0.98,-3.31,19.01,20.18
TIRUMALCHM,Process Industries,Chemicals: Specialty,,unmapped,1.0177657332128862,-0.309045524783063,-0.84,0.19,,1.86,-0.5,
ARMANFIN,Finance,Finance/Rental/Leasing,NIFTY_FIN_SERVICE,industry,-1.8279569892473144,18.718266253869967,-0.84,0.19,1.89,-0.99,18.53,16.83
HESTERBIO,Health Technology,Pharmaceuticals: Major,NIFTY_PHARMA,industry,-2.851984078132053,9.902047258715946,-0.84,0.19,2.66,-2.01,9.71,7.24
DCXINDIA,Producer Manufacturing,Electrical Products,NIFTY_INFRA,industry,-5.204616998950676,-10.986304069366431,-0.84,0.19,-0.98,-4.36,-11.18,-10.01
CANTABIL,Consumer Non-Durables,Apparel/Footwear,NIFTY_FMCG,sector,-6.268808379255087,0.7773762501050604,-0.84,0.19,-1.63,-5.43,0.59,2.41
SUMEETINDS,Process Industries,Textiles,,unmapped,-13.473684210526317,3.044412607449849,-0.84,0.19,,-12.63,2.85,
SBC,Distribution Services,Wholesale Distributors,,unmapped,-0.7548950224109466,0.6700167504187632,-0.84,0.19,,0.09,0.48,
MSPL,Non-Energy Minerals,Steel,NIFTY_METAL,industry,-4.663072776280334,-18.12500000000001,-0.84,0.19,-4.41,-3.82,-18.32,-13.72
MUKANDLTD,Non-Energy Minerals,Steel,NIFTY_METAL,industry,-5.335157318741439,2.5185185185185226,-0.84,0.19,-4.41,-4.5,2.33,6.93
ESAFSFB,Finance,Regional Banks,NIFTY_BANK,industry,8.28435488385111,13.827596351868182,-0.84,0.19,-1.03,9.12,13.64,14.86
JGCHEM,Process Industries,Chemicals: Specialty,,unmapped,14.332579185520366,18.710359408033835,-0.84,0.19,,15.17,18.52,
TINNARUBR,Process Industries,Industrial Specialties,,unmapped,11.332320162107386,16.440606124827788,-0.84,0.19,,12.17,16.25,
INDSWFTLAB,Health Technology,Pharmaceuticals: Major,NIFTY_PHARMA,industry,-1.6897147796024186,17.913232778728034,-0.84,0.19,2.66,-0.85,17.72,15.25
NGLFINE,Health Technology,Pharmaceuticals: Major,NIFTY_PHARMA,industry,3.734506973884344,2.92181730614866,-0.84,0.19,2.66,4.57,2.73,0.26
KRISHNADEF,Electronic Technology,Aerospace & Defense,NIFTY_IT,sector,2.132940355231521,0.190215323746481,-0.84,0.19,5.63,2.97,0.0,-5.44
HGS,Commercial Services,Miscellaneous Commercial Services,,unmapped,-3.4392138939670955,-0.5764705882352914,-0.84,0.19,,-2.6,-0.77,
GOCLCORP,Process Industries,Industrial Specialties,,unmapped,-1.8440594059405917,-7.628697880270207,-0.84,0.19,,-1.0,-7.82,
GRANDOAK,Finance,Finance/Rental/Leasing,NIFTY_FIN_SERVICE,industry,-14.624145785877,-24.88977955911824,-0.84,0.19,1.89,-13.78,-25.08,-26.78
DYCL,Producer Manufacturing,Electrical Products,NIFTY_INFRA,industry,2.1319796954314665,11.777777777777771,-0.84,0.19,-0.98,2.97,11.59,12.76
AWFIS,Finance,Real Estate Development,NIFTY_REALTY,industry,-6.580756013745697,-9.383333333333326,-0.84,0.19,12.78,-5.74,-9.57,-22.16
SHK,Process Industries,Chemicals: Specialty,,unmapped,8.862229102167198,3.0931613281536308,-0.84,0.19,,9.7,2.9,
NDRAUTO,Producer Manufacturing,Auto Parts: OEM,NIFTY_AUTO,industry,-1.977929204607125,-1.1253041362530414,-0.84,0.19,1.4,-1.14,-1.32,-2.53
AEROPLANE,Process Industries,Agricultural Commodities/Milling,,unmapped,2.031504617055953,2.031504617055953,-0.84,0.19,,2.87,1.84,
ALGOQUANT,Finance,Investment Banks/Brokers,NIFTY_FIN_SERVICE,industry,4.363081617086193,19.181184668989545,-0.84,0.19,1.89,5.2,18.99,17.29
SCILAL,Miscellaneous,Miscellaneous,,unmapped,-2.061611374407593,-9.004843681197718,-0.84,0.19,,-1.22,-9.19,
HATHWAY,Consumer Services,Cable/Satellite TV,NIFTY_FMCG,sector,-1.2844036697247758,-8.9678510998308,-0.84,0.19,-1.63,-0.44,-9.16,-7.34
NUCLEUS,Technology Services,Information Technology Services,NIFTY_IT,industry,-4.482235844703712,-8.011172475084113,-0.84,0.19,5.63,-3.64,-8.2,-13.64
GOODYEAR,Consumer Durables,Automotive Aftermarket,NIFTY_AUTO,industry,-0.0182260024301308,8.077756616536416,-0.84,0.19,1.4,0.82,7.89,6.68
BCG,Technology Services,Packaged Software,NIFTY_IT,industry,-3.5897435897435863,-7.752698724239442,-0.84,0.19,5.63,-2.75,-7.94,-13.38
EIHAHOTELS,Consumer Services,Hotels/Resorts/Cruise lines,NIFTY_FMCG,sector,-3.070927513639913,-2.919594067135058,-0.84,0.19,-1.63,-2.23,-3.11,-1.29
MARSONS,Producer Manufacturing,Electrical Products,NIFTY_INFRA,industry,-2.049545535555157,-7.396798652064028,-0.84,0.19,-0.98,-1.21,-7.59,-6.42
VIDYAWIRES,Non-Energy Minerals,Other Metals/Minerals,NIFTY_METAL,industry,-5.808510638297865,-11.689607021743466,-0.84,0.19,-4.41,-4.97,-11.88,-7.28
RICOAUTO,Producer Manufacturing,Auto Parts: OEM,NIFTY_AUTO,industry,10.381776331454876,-3.1208638105189954,-0.84,0.19,1.4,11.22,-3.31,-4.52
SIMPLEXINF,Industrial Services,Engineering & Construction,NIFTY_INFRA,industry,-6.451612903225806,-3.799758745476473,-0.84,0.19,-0.98,-5.61,-3.99,-2.82
PARACABLES,Producer Manufacturing,Electrical Products,NIFTY_INFRA,industry,-6.634353226295056,-9.4727566456161,-0.84,0.19,-0.98,-5.79,-9.66,-8.49
PFS,Finance,Finance/Rental/Leasing,NIFTY_FIN_SERVICE,industry,-2.4325224925025006,-4.438642297650128,-0.84,0.19,1.89,-1.59,-4.63,-6.33
GRMOVER,Process Industries,Agricultural Commodities/Milling,,unmapped,-2.78077171804268,-1.956521739130432,-0.84,0.19,,-1.94,-2.15,
VIKRAN,Industrial Services,Engineering & Construction,NIFTY_INFRA,industry,-2.15068493150684,0.3230337078651741,-0.84,0.19,-0.98,-1.31,0.13,1.3
CEINSYS,Industrial Services,Engineering & Construction,NIFTY_INFRA,industry,-4.599780701754391,-4.495060373216251,-0.84,0.19,-0.98,-3.76,-4.69,-3.52
WINDLAS,Health Technology,Pharmaceuticals: Major,NIFTY_PHARMA,industry,0.9056159952955066,-1.9205487282080544,-0.84,0.19,2.66,1.75,-2.11,-4.58
CAPACITE,Industrial Services,Engineering & Construction,NIFTY_INFRA,industry,-6.483516483516484,-20.763500931098697,-0.84,0.19,-0.98,-5.64,-20.95,-19.78
INSECTICID,Process Industries,Chemicals: Agricultural,,unmapped,-6.453082295778925,-8.590504451038573,-0.84,0.19,,-5.61,-8.78,
STUDDS,Consumer Durables,Recreational Products,NIFTY_AUTO,sector,-1.2491781722550928,-7.455329636475653,-0.84,0.19,1.4,-0.41,-7.65,-8.86
HINDWAREAP,Producer Manufacturing,Building Products,NIFTY_INFRA,sector,-12.79835390946502,-14.899598393574296,-0.84,0.19,-0.98,-11.96,-15.09,-13.92
JAICORPLTD,Process Industries,Containers/Packaging,,unmapped,-6.233644859813087,-16.090992723927403,-0.84,0.19,,-5.39,-16.28,
SAKAR,Health Technology,Pharmaceuticals: Major,NIFTY_PHARMA,industry,-10.866666666666662,-1.2373037857802345,-0.84,0.19,2.66,-10.03,-1.43,-3.9
SHALBY,Health Services,Hospital/Nursing Management,NIFTY_PHARMA,industry,-2.335329341317369,-4.658911556672707,-0.84,0.19,2.66,-1.5,-4.85,-7.32
KOTIC,Process Industries,Chemicals: Agricultural,,unmapped,-8.498933423150325,-1.1941565133054488,-0.84,0.19,,-7.66,-1.38,
KRSNAA,Health Services,Medical/Nursing Services,NIFTY_PHARMA,industry,-2.7142857142857224,2.1563847740483784,-0.84,0.19,2.66,-1.87,1.97,-0.5
JINDRILL,Industrial Services,Contract Drilling,NIFTY_INFRA,sector,2.3857868020304607,4.870017331022535,-0.84,0.19,-0.98,3.23,4.68,5.85
SOLARWORLD,Industrial Services,Engineering & Construction,NIFTY_INFRA,industry,-4.7724593256307495,8.951116866299776,-0.84,0.19,-0.98,-3.93,8.76,9.93
JAYBARMARU,Distribution Services,Wholesale Distributors,,unmapped,-8.655533540900079,-2.654440154440141,-0.84,0.19,,-7.82,-2.84,
DISAQ,Producer Manufacturing,Industrial Machinery,NIFTY_INFRA,industry,-2.330833131704169,-3.251577854118399,-0.84,0.19,-0.98,-1.49,-3.44,-2.27
NITTAGELA,Consumer Non-Durables,Food: Specialty/Candy,NIFTY_FMCG,industry,-2.497573931252877,14.311377245508982,-0.84,0.19,-1.63,-1.66,14.12,15.94
ASIANENE,Energy Minerals,Oil & Gas Production,NIFTY_ENERGY,industry,-3.2108843537415,-4.981968745826108,-0.84,0.19,-2.39,-2.37,-5.17,-2.59
ACCELYA,Technology Services,Packaged Software,NIFTY_IT,industry,2.557522123893813,4.783001808318272,-0.84,0.19,5.63,3.4,4.59,-0.85
TBZ,Consumer Durables,Other Consumer Specialties,NIFTY_AUTO,sector,0.774620474892958,35.54450261780104,-0.84,0.19,1.4,1.61,35.35,34.14
BFINVEST,Finance,Financial Conglomerates,NIFTY_FIN_SERVICE,industry,-2.943037974683542,2.21061986225283,-0.84,0.19,1.89,-2.1,2.02,0.32
IPL,Process Industries,Chemicals: Agricultural,,unmapped,-5.255843335439053,-9.634271253841062,-0.84,0.19,,-4.42,-9.82,
HITECH,Non-Energy Minerals,Steel,NIFTY_METAL,industry,-2.0900692840646515,-10.850594048995893,-0.84,0.19,-4.41,-1.25,-11.04,-6.44
SKMEGGPROD,Process Industries,Agricultural Commodities/Milling,,unmapped,-1.5610791148832912,31.18561906685517,-0.84,0.19,,-0.72,31.0,
GOCOLORS,Consumer Non-Durables,Apparel/Footwear,NIFTY_FMCG,sector,-8.380440927077455,-14.132450331125831,-0.84,0.19,-1.63,-7.54,-14.32,-12.5
MTNL,Communications,Major Telecommunications,,unmapped,-6.193771626297576,-13.025344882900232,-0.84,0.19,,-5.35,-13.22,
MBEL,Producer Manufacturing,Building Products,NIFTY_INFRA,sector,-11.815476190476188,-3.1857539617709523,-0.84,0.19,-0.98,-10.98,-3.38,-2.21
AURUM,Technology Services,Packaged Software,NIFTY_IT,industry,-8.53658536585366,7.142857142857143,-0.84,0.19,5.63,-7.7,6.95,1.51
TIL,Producer Manufacturing,Trucks/Construction/Farm Machinery,NIFTY_INFRA,industry,-3.2052749668025093,-2.202174415914883,-0.84,0.19,-0.98,-2.37,-2.39,-1.22
YATRA,Consumer Services,Other Consumer Services,NIFTY_FMCG,sector,-1.0386029411764663,-2.1003818876159324,-0.84,0.19,-1.63,-0.2,-2.29,-0.47
DELTACORP,Consumer Services,Movies/Entertainment,NIFTY_FMCG,sector,-3.256028259867912,-3.181678450660929,-0.84,0.19,-1.63,-2.42,-3.37,-1.55
MONOLITH,Non-Energy Minerals,Construction Materials,NIFTY_INFRA,industry,2.615894039735099,5.840163934426229,-0.84,0.19,-0.98,3.46,5.65,6.82
SPMLINFRA,Industrial Services,Engineering & Construction,NIFTY_INFRA,industry,-3.185239135712553,-3.2087378640776767,-0.84,0.19,-0.98,-2.35,-3.4,-2.23
TARSONS,Process Industries,Containers/Packaging,,unmapped,4.25,18.961582350703697,-0.84,0.19,,5.09,18.77,
ASALCBR,Consumer Non-Durables,Beverages: Alcoholic,NIFTY_FMCG,industry,0.7914110429447908,-2.498516320474772,-0.84,0.19,-1.63,1.63,-2.69,-0.87
SIGNPOST,Commercial Services,Advertising/Marketing Services,,unmapped,-4.314210607700648,22.413452027695342,-0.84,0.19,,-3.47,22.22,
IZMO,Technology Services,Packaged Software,NIFTY_IT,industry,-3.2837127845884413,10.78234704112337,-0.84,0.19,5.63,-2.44,10.59,5.15
NINSYS,Technology Services,Packaged Software,NIFTY_IT,industry,-4.243093922651931,9.696202531645572,-0.84,0.19,5.63,-3.4,9.51,4.07
SUMMITSEC,Miscellaneous,Investment Trusts/Mutual Funds,,unmapped,-2.7289425347677865,-5.185753564805943,-0.84,0.19,,-1.89,-5.38,
GARUDA,Industrial Services,Engineering & Construction,NIFTY_INFRA,industry,-2.1344537815126063,-8.587127158555727,-0.84,0.19,-0.98,-1.29,-8.78,-7.61
BLUSPRING,Commercial Services,Miscellaneous Commercial Services,,unmapped,-7.649063032367977,0.2960222016651317,-0.84,0.19,,-6.81,0.11,
DANISH,Producer Manufacturing,Electrical Products,NIFTY_INFRA,industry,-5.316091954022989,-20.024271844660195,-0.84,0.19,-0.98,-4.48,-20.21,-19.04
MMWL,Technology Services,Information Technology Services,NIFTY_IT,industry,-0.9907997169143704,0.7925072046109468,-0.84,0.19,5.63,-0.15,0.6,-4.84
MOTISONS,Retail Trade,Specialty Stores,NIFTY_FMCG,sector,0.2121640735502076,-0.5614035087719303,-0.84,0.19,-1.63,1.05,-0.75,1.07
WENDT,Producer Manufacturing,Industrial Machinery,NIFTY_INFRA,industry,3.519230769230769,2.7943984723106303,-0.84,0.19,-0.98,4.36,2.6,3.77
WALCHANNAG,Producer Manufacturing,Industrial Machinery,NIFTY_INFRA,industry,-3.617886178861791,-19.572591587516968,-0.84,0.19,-0.98,-2.78,-19.76,-18.59
DLINKINDIA,Electronic Technology,Telecommunications Equipment,NIFTY_IT,sector,-1.4600130747439506,-12.372832089913762,-0.84,0.19,5.63,-0.62,-12.56,-18.0
VINYAS,Electronic Technology,Electronic Production Equipment,NIFTY_IT,sector,-6.758241758241758,-11.47010746704692,-0.84,0.19,5.63,-5.92,-11.66,-17.1
UEL,Utilities,Alternative Power Generation,NIFTY_ENERGY,industry,-4.94374900966566,-13.127217435377602,-0.84,0.19,-2.39,-4.1,-13.32,-10.74
OMAXE,Finance,Real Estate Development,NIFTY_REALTY,industry,-9.160621761658035,13.138874548270511,-0.84,0.19,12.78,-8.32,12.95,0.36
ASIANTILES,Producer Manufacturing,Building Products,NIFTY_INFRA,sector,12.284754304913903,-2.0337119824111385,-0.84,0.19,-0.98,13.12,-2.22,-1.05
MOBIKWIK,Commercial Services,Miscellaneous Commercial Services,,unmapped,-8.834467120181401,2.9182879377431994,-0.84,0.19,,-7.99,2.73,
IKIO,Producer Manufacturing,Electrical Products,NIFTY_INFRA,industry,-3.840375586854463,27.58191105020556,-0.84,0.19,-0.98,-3.0,27.39,28.56
DSSL,Technology Services,Information Technology Services,NIFTY_IT,industry,1.605241605241598,-11.322373123659764,-0.84,0.19,5.63,2.45,-11.51,-16.95
SMCGLOBAL,Finance,Investment Banks/Brokers,NIFTY_FIN_SERVICE,industry,-7.126153846153855,1.5612382234185689,-0.84,0.19,1.89,-6.29,1.37,-0.33
GTLINFRA,Industrial Services,Engineering & Construction,NIFTY_INFRA,industry,-4.687500000000004,-15.862068965517242,-0.84,0.19,-0.98,-3.85,-16.05,-14.88
IVALUE,Technology Services,Information Technology Services,NIFTY_IT,industry,-6.757413709285374,5.86936522539098,-0.84,0.19,5.63,-5.92,5.68,0.24
FRONTSP,Producer Manufacturing,Metal Fabrication,NIFTY_INFRA,industry,-6.091872791519437,-7.381334076810489,-0.84,0.19,-0.98,-5.25,-7.57,-6.4
MCLOUD,Technology Services,Information Technology Services,NIFTY_IT,industry,-8.146358301691404,-5.133689839572196,-0.84,0.19,5.63,-7.31,-5.32,-10.76
KODYTECH,Technology Services,Packaged Software,NIFTY_IT,industry,-3.013481363996828,12.20183486238532,-0.84,0.19,5.63,-2.17,12.01,6.57
RACLGEAR,Producer Manufacturing,Auto Parts: OEM,NIFTY_AUTO,industry,-0.9188822776229604,0.3432494279176201,-0.84,0.19,1.4,-0.08,0.15,-1.06
BLIL,Commercial Services,Miscellaneous Commercial Services,,unmapped,-1.5497323189631,-2.429488969561588,-0.84,0.19,,-0.71,-2.62,
ARFIN,Non-Energy Minerals,Aluminum,NIFTY_METAL,industry,4.534090909090903,0.0543832934522483,-0.84,0.19,-4.41,5.37,-0.14,4.46
VIDHIING,Consumer Non-Durables,Food: Specialty/Candy,NIFTY_FMCG,industry,4.650379106992422,8.017391304347829,-0.84,0.19,-1.63,5.49,7.83,9.65
VOEPL,Health Technology,Medical Specialties,NIFTY_PHARMA,industry,1.47798742138365,7.590575683485228,-0.84,0.19,2.66,2.32,7.4,4.93
PNBGILTS,Finance,Investment Banks/Brokers,NIFTY_FIN_SERVICE,industry,-1.746524187061928,-7.044243939558637,-0.84,0.19,1.89,-0.91,-7.23,-8.93
NAVKARCORP,Transportation,Other Transportation,,unmapped,-13.358778625954198,-4.976744186046506,-0.84,0.19,,-12.52,-5.17,
SHANTIGOLD,Consumer Durables,Other Consumer Specialties,NIFTY_AUTO,sector,-0.381895332390383,-5.589812332439686,-0.84,0.19,1.4,0.46,-5.78,-6.99
INFOBEAN,Technology Services,Packaged Software,NIFTY_IT,industry,-7.425713445130908,-0.1523132575997846,-0.84,0.19,5.63,-6.59,-0.34,-5.78
OBSCP,Producer Manufacturing,Metal Fabrication,NIFTY_INFRA,industry,-10.679389312977106,8.745353159851293,-0.84,0.19,-0.98,-9.84,8.56,9.73
DOLPHIN,Industrial Services,Oilfield Services/Equipment,NIFTY_INFRA,sector,-1.0889530307006123,-1.8614944024993576,-0.84,0.19,-0.98,-0.25,-2.05,-0.88
DIGITIDE,Commercial Services,Miscellaneous Commercial Services,,unmapped,-4.3289224952741,18.580131208997187,-0.84,0.19,,-3.49,18.39,
AMRUTANJAN,Health Technology,Pharmaceuticals: Other,NIFTY_PHARMA,industry,-5.161170113657545,-7.496592457973648,-0.84,0.19,2.66,-4.32,-7.69,-10.16
CNL,Distribution Services,Electronics Distributors,,unmapped,7.986870897155361,33.36936693466659,-0.84,0.19,,8.83,33.18,
TTKHLTCARE,Health Technology,Pharmaceuticals: Major,NIFTY_PHARMA,industry,5.415743909804719,13.758079409048948,-0.84,0.19,2.66,6.26,13.57,11.1
DIFFNKG,Producer Manufacturing,Industrial Machinery,NIFTY_INFRA,industry,1.3717948717948776,1.684670781893007,-0.84,0.19,-0.98,2.21,1.49,2.66
STEELXIND,Non-Energy Minerals,Steel,NIFTY_METAL,industry,-4.77366255144033,-10.310077519379846,-0.84,0.19,-4.41,-3.93,-10.5,-5.9
GPTINFRA,Industrial Services,Engineering & Construction,NIFTY_INFRA,industry,-2.176470588235297,-13.42406663691805,-0.84,0.19,-0.98,-1.34,-13.61,-12.44
ASTEC,Process Industries,Chemicals: Agricultural,,unmapped,-5.430805653203246,-14.519162181440883,-0.84,0.19,,-4.59,-14.71,
WAAREEINDO,Electronic Technology,Electronic Equipment/Instruments,NIFTY_IT,sector,-10.003827995406416,-13.619105939987756,-0.84,0.19,5.63,-9.16,-13.81,-19.25
GALAPREC,Producer Manufacturing,Metal Fabrication,NIFTY_INFRA,industry,-3.672268907563029,1.5593160272880224,-0.84,0.19,-0.98,-2.83,1.37,2.54
DOLLAR,Consumer Non-Durables,Apparel/Footwear,NIFTY_FMCG,sector,-2.989283699943594,-2.824858757062147,-0.84,0.19,-1.63,-2.15,-3.01,-1.19
JAGSNPHARM,Health Technology,Pharmaceuticals: Generic,NIFTY_PHARMA,industry,-2.1243706386361514,-4.4866821825704655,-0.84,0.19,2.66,-1.28,-4.68,-7.15
SESHAPAPER,Process Industries,Pulp & Paper,,unmapped,5.281690140845062,5.175879396984917,-0.84,0.19,,6.12,4.99,
SHRIRAMPPS,Finance,Real Estate Development,NIFTY_REALTY,industry,-2.275862068965522,-5.026809651474531,-0.84,0.19,12.78,-1.44,-5.22,-17.81
ALLTIME,Producer Manufacturing,Miscellaneous Manufacturing,NIFTY_INFRA,sector,-9.561051510932764,-8.51592594126662,-0.84,0.19,-0.98,-8.72,-8.71,-7.54
AEROENTER,Producer Manufacturing,Industrial Machinery,NIFTY_INFRA,industry,7.245155855096878,-8.680057388809189,-0.84,0.19,-0.98,8.09,-8.87,-7.7
WEL,Electronic Technology,Electronic Equipment/Instruments,NIFTY_IT,sector,5.916049382716045,13.806643319537292,-0.84,0.19,5.63,6.76,13.62,8.18
SDBL,Consumer Non-Durables,Beverages: Alcoholic,NIFTY_FMCG,industry,10.758243428050443,2.08683473389355,-0.84,0.19,-1.63,11.6,1.9,3.72
QUADFUTURE,Producer Manufacturing,Electrical Products,NIFTY_INFRA,industry,-11.981960019502678,-10.96177558569667,-0.84,0.19,-0.98,-11.14,-11.15,-9.98
IGARASHI,Producer Manufacturing,Auto Parts: OEM,NIFTY_AUTO,industry,-2.6467449306296644,-5.569358178053825,-0.84,0.19,1.4,-1.81,-5.76,-6.97
UGROCAP,Finance,Finance/Rental/Leasing,NIFTY_FIN_SERVICE,industry,-4.083953680727877,-5.452507134121493,-0.84,0.19,1.89,-3.24,-5.64,-7.34
TEXINFRA,Utilities,Electric Utilities,NIFTY_ENERGY,industry,-0.5044694220727438,0.8251121076233199,-0.84,0.19,-2.39,0.34,0.64,3.22
GODAVARIB,Process Industries,Agricultural Commodities/Milling,,unmapped,7.26923076923076,-2.363031682128479,-0.84,0.19,,8.11,-2.55,
IFGLEXPOR,Producer Manufacturing,Industrial Machinery,NIFTY_INFRA,industry,-10.455266138165353,4.2178520588390365,-0.84,0.19,-0.98,-9.62,4.03,5.2
GNRL,Energy Minerals,Integrated Oil,NIFTY_ENERGY,industry,-3.1200921369490144,6.971098265895956,-0.84,0.19,-2.39,-2.28,6.78,9.36
ONEPOINT,Commercial Services,Miscellaneous Commercial Services,,unmapped,-1.4063926940639326,-6.673582295988947,-0.84,0.19,,-0.57,-6.86,
ONIDA,Electronic Technology,Telecommunications Equipment,NIFTY_IT,sector,-3.047232097511434,-7.036766496225957,-0.84,0.19,5.63,-2.21,-7.23,-12.67
KAPSTON,Commercial Services,Miscellaneous Commercial Services,,unmapped,9.028517335226594,29.957686882933704,-0.84,0.19,,9.87,29.77,
FINOPB,Finance,Regional Banks,NIFTY_BANK,industry,5.055967802792097,9.907894736842106,-0.84,0.19,-1.03,5.9,9.72,10.94
IGPL,Process Industries,Chemicals: Specialty,,unmapped,4.634457189201715,2.590026127456557,-0.84,0.19,,5.47,2.4,
CLSEL,Process Industries,Agricultural Commodities/Milling,,unmapped,-0.2851033499643661,-2.981969486823844,-0.84,0.19,,0.55,-3.17,
PUNJABCHEM,Process Industries,Chemicals: Agricultural,,unmapped,-3.501677707992777,6.534954407294829,-0.84,0.19,,-2.66,6.34,
MOL,Process Industries,Chemicals: Specialty,,unmapped,16.61670235546038,9.687814702920448,-0.84,0.19,,17.46,9.5,
PAUSHAKLTD,Process Industries,Chemicals: Major Diversified,,unmapped,1.041947363693536,12.851123595505634,-0.84,0.19,,1.88,12.66,
PASHUPATI,Process Industries,Textiles,,unmapped,-0.3660908362887463,-1.3368075223745244,-0.84,0.19,,0.47,-1.53,
AYMSYNTEX,Process Industries,Textiles,,unmapped,-1.6194671701279568,7.073059360730598,-0.84,0.19,,-0.78,6.88,
DCW,Process Industries,Chemicals: Specialty,,unmapped,-1.5335463258786068,-6.681469519580142,-0.84,0.19,,-0.69,-6.87,
JAGRAN,Consumer Services,Publishing: Newspapers,NIFTY_FMCG,sector,-0.3646163601775474,-3.854979348324924,-0.84,0.19,-1.63,0.48,-4.04,-2.22
ICEMAKE,Producer Manufacturing,Industrial Machinery,NIFTY_INFRA,industry,7.58714969241286,11.85477098003747,-0.84,0.19,-0.98,8.43,11.66,12.83
RUBYMILLS,Process Industries,Textiles,,unmapped,0.5926657612050955,21.34346142389039,-0.84,0.19,,1.43,21.15,
BHARATSE,Producer Manufacturing,Auto Parts: OEM,NIFTY_AUTO,industry,-6.650119821978783,17.292181955048928,-0.84,0.19,1.4,-5.81,17.1,15.89
IMPAL,Distribution Services,Wholesale Distributors,,unmapped,-4.090909090909099,-4.295624332977604,-0.84,0.19,,-3.25,-4.49,
BUTTERFLY,Consumer Durables,Electronics/Appliances,NIFTY_AUTO,sector,-0.5547216602492985,18.916809739347578,-0.84,0.19,1.4,0.29,18.73,17.52
KALAMANDIR,Retail Trade,Apparel/Footwear Retail,NIFTY_FMCG,sector,-6.32415254237288,-18.572744014732955,-0.84,0.19,-1.63,-5.48,-18.76,-16.94
DHANBANK,Finance,Major Banks,NIFTY_BANK,industry,0.6161971830985941,0.1752848378615316,-0.84,0.19,-1.03,1.46,-0.01,1.21
BOROSCI,Process Industries,Containers/Packaging,,unmapped,-5.239875389408097,-1.8774193548387077,-0.84,0.19,,-4.4,-2.07,
UDS,Commercial Services,Miscellaneous Commercial Services,,unmapped,4.243523316062175,9.223669923995663,-0.84,0.19,,5.08,9.03,
INDOBORAX,Process Industries,Chemicals: Specialty,,unmapped,-7.533333333333328,10.079365079365086,-0.84,0.19,,-6.69,9.89,
MACPOWER,Producer Manufacturing,Industrial Machinery,NIFTY_INFRA,industry,-1.1324362085447526,13.950334774133394,-0.84,0.19,-0.98,-0.29,13.76,14.93
MANAKCOAT,Non-Energy Minerals,Steel,NIFTY_METAL,industry,-0.7716535433070898,14.77231329690346,-0.84,0.19,-4.41,0.07,14.58,19.18
CAPITALSFB,Finance,Regional Banks,NIFTY_BANK,industry,-2.4553198596960155,4.007123775601069,-0.84,0.19,-1.03,-1.62,3.82,5.04
FAZE3Q,Process Industries,Textiles,,unmapped,-3.2289455060155694,-7.265174635469636,-0.84,0.19,,-2.39,-7.46,
BHARATWIRE,Producer Manufacturing,Metal Fabrication,NIFTY_INFRA,industry,-6.16019417475728,-8.201158704530348,-0.84,0.19,-0.98,-5.32,-8.39,-7.22
KROSS,Producer Manufacturing,Auto Parts: OEM,NIFTY_AUTO,industry,9.352785145888593,9.03464691880454,-0.84,0.19,1.4,10.19,8.84,7.63
SPIC,Process Industries,Chemicals: Agricultural,,unmapped,-2.492492492492488,-7.228571428571432,-0.84,0.19,,-1.65,-7.42,
KABRAEXTRU,Producer Manufacturing,Industrial Machinery,NIFTY_INFRA,industry,12.72999252056844,58.27942535495253,-0.84,0.19,-0.98,13.57,58.09,59.26
PRECAM,Producer Manufacturing,Auto Parts: OEM,NIFTY_AUTO,industry,-2.974107767669699,-7.659007659007659,-0.84,0.19,1.4,-2.13,-7.85,-9.06
ASIANHOTNR,Consumer Services,Hotels/Resorts/Cruise lines,NIFTY_FMCG,sector,2.2166666666666592,0.1469627694317402,-0.84,0.19,-1.63,3.06,-0.04,1.78
ATULAUTO,Consumer Durables,Motor Vehicles,NIFTY_AUTO,industry,-2.48223297970955,1.8064516129032209,-0.84,0.19,1.4,-1.64,1.62,0.41
SURAKSHA,Health Services,Medical/Nursing Services,NIFTY_PHARMA,industry,-3.232593726090279,-7.378249725375332,-0.84,0.19,2.66,-2.39,-7.57,-10.04
JYOTISTRUC,Utilities,Electric Utilities,NIFTY_ENERGY,industry,-3.4330985915492853,-8.962655601659751,-0.84,0.19,-2.39,-2.59,-9.15,-6.57
GPTHEALTH,Health Services,Hospital/Nursing Management,NIFTY_PHARMA,industry,3.293432546101569,6.511876167600741,-0.84,0.19,2.66,4.13,6.32,3.85
RUPA,Consumer Non-Durables,Apparel/Footwear,NIFTY_FMCG,sector,-2.8630952380952395,-5.281792326890704,-0.84,0.19,-1.63,-2.02,-5.47,-3.65
NIITLTD,Commercial Services,Miscellaneous Commercial Services,,unmapped,-2.654320987654319,-5.512282804074292,-0.84,0.19,,-1.81,-5.7,
TCC,Distribution Services,Wholesale Distributors,,unmapped,-8.140516804593826,-18.06266947875866,-0.84,0.19,,-7.3,-18.25,
DEN,Consumer Services,Cable/Satellite TV,NIFTY_FMCG,sector,-4.096045197740113,-13.420465412814794,-0.84,0.19,-1.63,-3.26,-13.61,-11.79
ELECTHERM,Non-Energy Minerals,Steel,NIFTY_METAL,industry,-6.992619926199258,-4.706994328922491,-0.84,0.19,-4.41,-6.15,-4.9,-0.3
GCSL,Finance,Investment Banks/Brokers,NIFTY_FIN_SERVICE,industry,4.015670910871695,25.457767277023034,-0.84,0.19,1.89,4.86,25.27,23.57
PNGSREVA,Consumer Durables,Other Consumer Specialties,NIFTY_AUTO,sector,0.0123183050012346,2.435023971738576,-0.84,0.19,1.4,0.85,2.25,1.04
MAHASTEEL,Non-Energy Minerals,Steel,NIFTY_METAL,industry,-8.377691749334623,-7.414425427872858,-0.84,0.19,-4.41,-7.54,-7.6,-3.0
ZSARACOM,Finance,Financial Conglomerates,NIFTY_FIN_SERVICE,industry,-2.9892903377662705,31.53723404255319,-0.84,0.19,1.89,-2.15,31.35,29.65
ROTO,Producer Manufacturing,Industrial Machinery,NIFTY_INFRA,industry,2.007791429427635,-6.598984771573607,-0.84,0.19,-0.98,2.85,-6.79,-5.62
BHAGYANGR,Producer Manufacturing,Electrical Products,NIFTY_INFRA,industry,3.241206030150748,7.019143117593434,-0.84,0.19,-0.98,4.08,6.83,8.0
FERMENTA,Health Technology,Biotechnology,NIFTY_PHARMA,industry,-6.279826464208241,21.70422535211268,-0.84,0.19,2.66,-5.44,21.51,19.04
INDORAMA,Process Industries,Textiles,,unmapped,-4.4961546046144765,6.416172269830811,-0.84,0.19,,-3.66,6.23,
SULA,Process Industries,Agricultural Commodities/Milling,,unmapped,-0.1400000000000053,-2.8599221789883247,-0.84,0.19,,0.7,-3.05,
RGL,Consumer Durables,Other Consumer Specialties,NIFTY_AUTO,sector,-0.8312342569269479,4.977335347969064,-0.84,0.19,1.4,0.01,4.79,3.58
UNIHEALTH,Health Services,Medical/Nursing Services,NIFTY_PHARMA,industry,11.647887323943667,37.60958250151898,-0.84,0.19,2.66,12.49,37.42,34.95
RIR,Electronic Technology,Semiconductors,NIFTY_IT,sector,-4.539393939393945,-7.341608329901769,-0.84,0.19,5.63,-3.7,-7.53,-12.97
SHREEPUSHK,Process Industries,Chemicals: Specialty,,unmapped,-1.901863826550019,0.4805194805194864,-0.84,0.19,,-1.06,0.29,
CENTENKA,Process Industries,Chemicals: Specialty,,unmapped,6.126975325755493,8.719113888099987,-0.84,0.19,,6.97,8.53,
OAL,Process Industries,Chemicals: Specialty,,unmapped,0.9062626809143848,13.030303030303031,-0.84,0.19,,1.75,12.84,
ALLDIGI,Commercial Services,Miscellaneous Commercial Services,,unmapped,1.037701092963287,2.192274251645756,-0.84,0.19,,1.88,2.0,
EXPLEOSOL,Technology Services,Information Technology Services,NIFTY_IT,industry,0.2501407041460822,-2.428484479610474,-0.84,0.19,5.63,1.09,-2.62,-8.06
STLNETWORK,Communications,Major Telecommunications,,unmapped,3.9103869653767855,-10.365425158116652,-0.84,0.19,,4.75,-10.56,
PLATIND,Process Industries,Chemicals: Major Diversified,,unmapped,0.3612334801762084,0.3612334801762084,-0.84,0.19,,1.2,0.17,
GENESYS,Technology Services,Packaged Software,NIFTY_IT,industry,-10.560312453056945,-17.988980716253447,-0.84,0.19,5.63,-9.72,-18.18,-23.62
SYNCOMF,Health Technology,Pharmaceuticals: Major,NIFTY_PHARMA,industry,-4.242867593269935,-5.759539236861056,-0.84,0.19,2.66,-3.4,-5.95,-8.42
UTSSAV,Consumer Durables,Other Consumer Specialties,NIFTY_AUTO,sector,-4.25925925925926,23.09523809523809,-0.84,0.19,1.4,-3.42,22.91,21.7
BLKASHYAP,Industrial Services,Engineering & Construction,NIFTY_INFRA,industry,-7.713125845737475,-2.571428571428567,-0.84,0.19,-0.98,-6.87,-2.76,-1.59
AWHCL,Transportation,Trucking,,unmapped,-4.568975008257184,-10.045662100456628,-0.84,0.19,,-3.73,-10.24,
EKC,Producer Manufacturing,Industrial Machinery,NIFTY_INFRA,industry,-5.327298050139268,-11.361043194784024,-0.84,0.19,-0.98,-4.49,-11.55,-10.38
ANDHRAPAP,Process Industries,Pulp & Paper,,unmapped,-1.2717321313586594,-4.914728682170545,-0.84,0.19,,-0.43,-5.1,
GULPOLY,Consumer Non-Durables,Food: Specialty/Candy,NIFTY_FMCG,industry,8.249653259361999,-4.516760459995101,-0.84,0.19,-1.63,9.09,-4.71,-2.89
RATNAVEER,Non-Energy Minerals,Steel,NIFTY_METAL,industry,1.4829545454545532,-1.7546754675467533,-0.84,0.19,-4.41,2.32,-1.94,2.66
DPEL,Producer Manufacturing,Electrical Products,NIFTY_INFRA,industry,-4.101694915254245,15.705521472392627,-0.84,0.19,-0.98,-3.26,15.52,16.69
HARIOMPIPE,Non-Energy Minerals,Steel,NIFTY_METAL,industry,-2.367306254672315,-6.591965669328878,-0.84,0.19,-4.41,-1.53,-6.78,-2.18
ALLCARGO,Transportation,Air Freight/Couriers,,unmapped,1.3836477987421425,-2.303030303030297,-0.84,0.19,,2.22,-2.49,
MENONBE,Producer Manufacturing,Metal Fabrication,NIFTY_INFRA,industry,7.422110552763824,26.566015393724097,-0.84,0.19,-0.98,8.26,26.38,27.55
TAALTECH,Transportation,Airlines,,unmapped,-3.8862583115051423,11.497107462163267,-0.84,0.19,,-3.05,11.31,
DOLATALGO,Finance,Investment Banks/Brokers,NIFTY_FIN_SERVICE,industry,-2.051282051282048,-9.299564701226748,-0.84,0.19,1.89,-1.21,-9.49,-11.19
APEX,Consumer Non-Durables,Food: Meat/Fish/Dairy,NIFTY_FMCG,sector,-5.856189770200146,-8.457472369053338,-0.84,0.19,-1.63,-5.02,-8.65,-6.83
LAXMIDENTL,Health Services,Medical/Nursing Services,NIFTY_PHARMA,industry,-3.495630461922598,-4.54685777287762,-0.84,0.19,2.66,-2.66,-4.74,-7.21
ACCENTMIC,Health Technology,Pharmaceuticals: Major,NIFTY_PHARMA,industry,-4.698180417829986,5.08492569002123,-0.84,0.19,2.66,-3.86,4.89,2.42
RAJRILTD,Process Industries,Textiles,,unmapped,-3.741339491916853,-8.916083916083913,-0.84,0.19,,-2.9,-9.11,
ORIENTTECH,Technology Services,Information Technology Services,NIFTY_IT,industry,-4.996512353610637,2.69047619047618,-0.84,0.19,5.63,-4.16,2.5,-2.94
EXCELINDUS,Process Industries,Chemicals: Agricultural,,unmapped,3.136755919451209,2.4115578993627698,-0.84,0.19,,3.98,2.22,
QLINE,Health Technology,Medical Specialties,NIFTY_PHARMA,industry,-9.928762243989317,-12.801724137931034,-0.84,0.19,2.66,-9.09,-12.99,-15.46
GREENPOWER,Utilities,Electric Utilities,NIFTY_ENERGY,industry,0.2999999999999936,-8.401826484018265,-0.84,0.19,-2.39,1.14,-8.59,-6.01
SAFEENTP,Producer Manufacturing,Office Equipment/Supplies,NIFTY_INFRA,sector,-7.637362637362636,-5.931729155008395,-0.84,0.19,-0.98,-6.8,-6.12,-4.95
NELCAST,Non-Energy Minerals,Steel,NIFTY_METAL,industry,1.2804097311139475,-3.217216064488268,-0.84,0.19,-4.41,2.12,-3.41,1.19
ANDHRSUGAR,Process Industries,Chemicals: Specialty,,unmapped,2.6394007846867185,4.137515078407711,-0.84,0.19,,3.48,3.95,
VIVIDEL,Producer Manufacturing,Electrical Products,NIFTY_INFRA,industry,2.1756021756021755,-4.014598540145985,-0.84,0.19,-0.98,3.02,-4.2,-3.03
5PAISA,Finance,Investment Banks/Brokers,NIFTY_FIN_SERVICE,industry,-0.5597014925373044,10.876671619613678,-0.84,0.19,1.89,0.28,10.69,8.99
LINCOLN,Health Technology,Pharmaceuticals: Major,NIFTY_PHARMA,industry,-3.1800350555045416,-4.918032786885246,-0.84,0.19,2.66,-2.34,-5.11,-7.58
WANBURY,Health Technology,Pharmaceuticals: Major,NIFTY_PHARMA,industry,-3.2079323417906096,17.445152158527936,-0.84,0.19,2.66,-2.37,17.26,14.79
SRM,Industrial Services,Engineering & Construction,NIFTY_INFRA,industry,1.978905072827729,-5.006082155890334,-0.84,0.19,-0.98,2.82,-5.2,-4.03
AKCAPIT,Finance,Investment Banks/Brokers,NIFTY_FIN_SERVICE,industry,-2.1412680756396,0.0568666477111174,-0.84,0.19,1.89,-1.3,-0.13,-1.83
GYFTR,Finance,Investment Banks/Brokers,NIFTY_FIN_SERVICE,industry,-9.151121103481804,-12.5723641892287,-0.84,0.19,1.89,-8.31,-12.76,-14.46
MANALIPETC,Process Industries,Chemicals: Specialty,,unmapped,6.0851604702891615,3.375135469886968,-0.84,0.19,,6.93,3.19,
CENTRUM,Finance,Investment Managers,NIFTY_FIN_SERVICE,industry,-3.467972256221956,1.7634408602150544,-0.84,0.19,1.89,-2.63,1.57,-0.13
UNITECH,Industrial Services,Engineering & Construction,NIFTY_INFRA,industry,-3.311258278145703,-9.876543209876552,-0.84,0.19,-0.98,-2.47,-10.07,-8.9
TAC,Technology Services,Packaged Software,NIFTY_IT,industry,13.059389376829778,42.07068716331624,-0.84,0.19,5.63,13.9,41.88,36.44
SHREDIGCEM,Non-Energy Minerals,Construction Materials,NIFTY_INFRA,industry,3.408010862186002,2.572390572390568,-0.84,0.19,-0.98,4.25,2.38,3.55
ARIHANTSUP,Finance,Real Estate Development,NIFTY_REALTY,industry,0.0762195121951392,0.3439052350019236,-0.84,0.19,12.78,0.92,0.15,-12.44
DAMCAPITAL,Finance,Regional Banks,NIFTY_BANK,industry,-7.979250451710671,3.460026212319791,-0.84,0.19,-1.03,-7.14,3.27,4.49
VHL,Finance,Investment Managers,NIFTY_FIN_SERVICE,industry,0.2374821173104487,-0.6156028368794275,-0.84,0.19,1.89,1.08,-0.81,-2.51
RSL,Non-Energy Minerals,Steel,NIFTY_METAL,industry,4.33962264150943,2.6450116009280644,-0.84,0.19,-4.41,5.18,2.46,7.06
MONTECARLO,Consumer Non-Durables,Apparel/Footwear,NIFTY_FMCG,sector,0.2052238805970191,-4.938053097345128,-0.84,0.19,-1.63,1.05,-5.13,-3.31
JINDALPHOT,Finance,Financial Conglomerates,NIFTY_FIN_SERVICE,industry,-4.769911504424787,-1.4289640010992155,-0.84,0.19,1.89,-3.93,-1.62,-3.32
ULTRAMAR,Process Industries,Chemicals: Specialty,,unmapped,-0.4329004329004269,2.5537089582488823,-0.84,0.19,,0.41,2.36,
GHCLTEXTIL,Process Industries,Textiles,,unmapped,0.3291753291753252,23.554512481331344,-0.84,0.19,,1.17,23.36,
GAUDIUMIVF,Health Services,Medical/Nursing Services,NIFTY_PHARMA,industry,9.280575539568348,37.04438830747023,-0.84,0.19,2.66,10.12,36.85,34.38
RIIL,Industrial Services,Oil & Gas Pipelines,NIFTY_INFRA,sector,-6.347881899871636,-14.372065727699535,-0.84,0.19,-0.98,-5.51,-14.56,-13.39
3BBLACKBIO,Process Industries,Chemicals: Agricultural,,unmapped,0.693295517214209,8.130287648054138,-0.84,0.19,,1.53,7.94,
BAJAJHCARE,Health Technology,Pharmaceuticals: Major,NIFTY_PHARMA,industry,-14.230769230769226,2.261227071473761,-0.84,0.19,2.66,-13.39,2.07,-0.4
INDPRUD,Finance,Investment Banks/Brokers,NIFTY_FIN_SERVICE,industry,1.248266296809986,1.8604651162790695,-0.84,0.19,1.89,2.09,1.67,-0.03
HITECHGEAR,Producer Manufacturing,Auto Parts: OEM,NIFTY_AUTO,industry,-6.968834045246017,0.538553598905792,-0.84,0.19,1.4,-6.13,0.35,-0.86
JPOLYINVST,Finance,Investment Managers,NIFTY_FIN_SERVICE,industry,-5.413602941176479,-5.966739766081887,-0.84,0.19,1.89,-4.57,-6.16,-7.86
TSFINV,Finance,Financial Conglomerates,NIFTY_FIN_SERVICE,industry,-8.30508474576271,8.743718592964827,-0.84,0.19,1.89,-7.47,8.55,6.85
HMAAGRO,Distribution Services,Food Distributors,,unmapped,-3.0000000000000004,-2.6459854014598623,-0.84,0.19,,-2.16,-2.84,
ARROWGREEN,Process Industries,Containers/Packaging,,unmapped,2.146974063400573,16.403940886699505,-0.84,0.19,,2.99,16.21,
GRPLTD,Producer Manufacturing,Miscellaneous Manufacturing,NIFTY_INFRA,sector,6.115868485040704,5.680143188039592,-0.84,0.19,-0.98,6.96,5.49,6.66
MWL,Non-Energy Minerals,Steel,NIFTY_METAL,industry,-1.5047879616962987,-4.318936877076412,-0.84,0.19,-4.41,-0.66,-4.51,0.09
MADRASFERT,Process Industries,Chemicals: Agricultural,,unmapped,-3.840579710144936,-5.886524822695043,-0.84,0.19,,-3.0,-6.08,
AMNPLST,Process Industries,Chemicals: Specialty,,unmapped,-4.914101120845769,1.8079865842155,-0.84,0.19,,-4.07,1.62,
AVTNPL,Consumer Non-Durables,Food: Specialty/Candy,NIFTY_FMCG,industry,-0.1141226818830218,0.7772020725388487,-0.84,0.19,-1.63,0.73,0.59,2.41
AVADHSUGAR,Process Industries,Agricultural Commodities/Milling,,unmapped,-1.0640301318267378,15.537717176160116,-0.84,0.19,,-0.22,15.35,
GANDHITUBE,Non-Energy Minerals,Steel,NIFTY_METAL,industry,-0.1667720973028978,0.8130081300813008,-0.84,0.19,-4.41,0.67,0.62,5.22
JARO,Technology Services,Internet Software/Services,NIFTY_IT,industry,-5.002496255616577,-15.265407908799428,-0.84,0.19,5.63,-4.16,-15.46,-20.9
CREST,Finance,Investment Managers,NIFTY_FIN_SERVICE,industry,3.592978606692256,-4.1735379931498136,-0.84,0.19,1.89,4.43,-4.36,-6.06
BCLIND,Consumer Non-Durables,Food: Major Diversified,NIFTY_FMCG,industry,-0.9972299168975052,2.465596330275228,-0.84,0.19,-1.63,-0.16,2.28,4.1
IRMENERGY,Energy Minerals,Integrated Oil,NIFTY_ENERGY,industry,-2.096153846153842,-6.381022434718634,-0.84,0.19,-2.39,-1.26,-6.57,-3.99
SALASAR,Producer Manufacturing,Metal Fabrication,NIFTY_INFRA,industry,-1.9704433497536964,-14.71428571428572,-0.84,0.19,-0.98,-1.13,-14.9,-13.73
MASTERTR,Finance,Investment Banks/Brokers,NIFTY_FIN_SERVICE,industry,-2.632183908045984,7.773536895674301,-0.84,0.19,1.89,-1.79,7.58,5.88
TNPL,Process Industries,Pulp & Paper,,unmapped,3.098106712564544,3.798433492756629,-0.84,0.19,,3.94,3.61,
ALICON,Producer Manufacturing,Auto Parts: OEM,NIFTY_AUTO,industry,-0.5236829763951888,-2.0999999999999965,-0.84,0.19,1.4,0.32,-2.29,-3.5
EIMCOELECO,Producer Manufacturing,Trucks/Construction/Farm Machinery,NIFTY_INFRA,industry,-4.915767656905989,2.9992516262736824,-0.84,0.19,-0.98,-4.08,2.81,3.98
BALAJITELE,Consumer Services,Movies/Entertainment,NIFTY_FMCG,sector,-6.466332776850294,-4.271557124957284,-0.84,0.19,-1.63,-5.63,-4.46,-2.64
AFSL,Finance,Investment Managers,NIFTY_FIN_SERVICE,industry,-0.3569303985722778,-0.4112371798047923,-0.84,0.19,1.89,0.48,-0.6,-2.3
LGHL,Consumer Durables,Other Consumer Specialties,NIFTY_AUTO,sector,-2.617125937246282,-10.839527765631829,-0.84,0.19,1.4,-1.78,-11.03,-12.24
SALZERELEC,Producer Manufacturing,Electrical Products,NIFTY_INFRA,industry,-3.81596526386104,-12.998489425981868,-0.84,0.19,-0.98,-2.98,-13.19,-12.02
KAMDHENU,Non-Energy Minerals,Steel,NIFTY_METAL,industry,9.548347984237644,22.508474576271187,-0.84,0.19,-4.41,10.39,22.32,26.92
ARIHANT,Finance,Real Estate Development,NIFTY_REALTY,industry,30.19432940426888,17.241379310344826,-0.84,0.19,12.78,31.03,17.05,4.46
BIRLANU,Non-Energy Minerals,Forest Products,NIFTY_METAL,sector,7.293650793650801,-3.7725104989678977,-0.84,0.19,-4.41,8.13,-3.96,0.64
THEMISMED,Health Technology,Pharmaceuticals: Major,NIFTY_PHARMA,industry,-2.277174879914608,-8.526228143213984,-0.84,0.19,2.66,-1.44,-8.72,-11.19
SOLEX,Producer Manufacturing,Building Products,NIFTY_INFRA,sector,-5.3576833821006975,-15.964880845726574,-0.84,0.19,-0.98,-4.52,-16.15,-14.98
STEL,Finance,Financial Conglomerates,NIFTY_FIN_SERVICE,industry,0.4066510030724742,-8.776683087027923,-0.84,0.19,1.89,1.25,-8.97,-10.67
HIMATSEIDE,Process Industries,Textiles,,unmapped,-5.270588235294122,-6.751592356687896,-0.84,0.19,,-4.43,-6.94,
GKSL,Health Services,Hospital/Nursing Management,NIFTY_PHARMA,industry,-0.6124505775641681,0.9448818897637704,-0.84,0.19,2.66,0.23,0.75,-1.72
BHAGERIA,Process Industries,Chemicals: Specialty,,unmapped,10.6183574879227,-0.0305610128792934,-0.84,0.19,,11.46,-0.22,
ARIS,Technology Services,Packaged Software,NIFTY_IT,industry,10.17009847806625,3.7780401416765086,-0.84,0.19,5.63,11.01,3.59,-1.85
HEALTHX,Retail Trade,Internet Retail,NIFTY_FMCG,sector,-4.618902439024383,-1.2935794289319975,-0.84,0.19,-1.63,-3.78,-1.48,0.34
NAHARSPING,Process Industries,Textiles,,unmapped,-2.304555929799681,6.389961389961394,-0.84,0.19,,-1.46,6.2,
WEALTH,Finance,Investment Managers,NIFTY_FIN_SERVICE,industry,-2.549619111779035,-6.442786069651741,-0.84,0.19,1.89,-1.71,-6.63,-8.33
SUYOG,Industrial Services,Engineering & Construction,NIFTY_INFRA,industry,-1.0989649959297514,2.279013830426945,-0.84,0.19,-0.98,-0.26,2.09,3.26
MUNJALAU,Producer Manufacturing,Auto Parts: OEM,NIFTY_AUTO,industry,-5.080391970316814,3.4207525655644213,-0.84,0.19,1.4,-4.24,3.23,2.02
KRISHIVAL,Process Industries,Agricultural Commodities/Milling,,unmapped,-3.1488191928026907,-4.544334975369456,-0.84,0.19,,-2.31,-4.73,
RSWM,Process Industries,Textiles,,unmapped,-1.374266281561534,8.569230769230774,-0.84,0.19,,-0.53,8.38,
PRECOT,Process Industries,Textiles,,unmapped,2.5776726231243443,13.46418732782369,-0.84,0.19,,3.42,13.27,
INVPRECQ,Producer Manufacturing,Metal Fabrication,NIFTY_INFRA,industry,19.822684194435958,28.252617801047126,-0.84,0.19,-0.98,20.66,28.06,29.23
TEMBO,Producer Manufacturing,Metal Fabrication,NIFTY_INFRA,industry,-4.043419267299869,-3.1940135061142545,-0.84,0.19,-0.98,-3.2,-3.38,-2.21
AMBIKCO,Process Industries,Textiles,,unmapped,-1.4708427063505796,2.860239657975552,-0.84,0.19,,-0.63,2.67,
ASTAR,Commercial Services,Miscellaneous Commercial Services,,unmapped,-3.423566878980892,-5.822981366459628,-0.84,0.19,,-2.58,-6.01,
SEPC,Industrial Services,Engineering & Construction,NIFTY_INFRA,industry,-2.276422764227652,-14.142857142857148,-0.84,0.19,-0.98,-1.44,-14.33,-13.16
BIL,Consumer Non-Durables,Consumer Sundries,NIFTY_FMCG,sector,-0.3549488054607539,1.8204645323289328,-0.84,0.19,-1.63,0.49,1.63,3.45
MAMATA,Producer Manufacturing,Industrial Machinery,NIFTY_INFRA,industry,4.299090069893185,-0.6656618939964918,-0.84,0.19,-0.98,5.14,-0.86,0.31
SIGACHI,Health Technology,Pharmaceuticals: Major,NIFTY_PHARMA,industry,1.918465227817748,0.3147128245475936,-0.84,0.19,2.66,2.76,0.12,-2.35
YUKEN,Producer Manufacturing,Industrial Machinery,NIFTY_INFRA,industry,-6.84598184927002,-5.440587449933244,-0.84,0.19,-0.98,-6.01,-5.63,-4.46
GAYAPROJ,Industrial Services,Engineering & Construction,NIFTY_INFRA,industry,-5.08241758241758,-13.227291753871912,-0.84,0.19,-0.98,-4.24,-13.42,-12.25
RAJOOENG,Producer Manufacturing,Industrial Machinery,NIFTY_INFRA,industry,8.721744348869773,-4.882744137206858,-0.84,0.19,-0.98,9.56,-5.07,-3.9
KOPRAN,Health Technology,Pharmaceuticals: Major,NIFTY_PHARMA,industry,-3.5149043596465583,1.7613927291346634,-0.84,0.19,2.66,-2.67,1.57,-0.9
MAXIND,Health Services,Medical/Nursing Services,NIFTY_PHARMA,industry,10.63791008505469,10.866918300255708,-0.84,0.19,2.66,11.48,10.68,8.21
MAFATIND,Process Industries,Textiles,,unmapped,-0.9465603339047344,-3.960109842462777,-0.84,0.19,,-0.11,-4.15,
INDOAMIN,Process Industries,Chemicals: Major Diversified,,unmapped,3.097627010670489,-5.358187134502932,-0.84,0.19,,3.94,-5.55,
MCCHRLS_B,Finance,Real Estate Development,NIFTY_REALTY,industry,4.404411764705889,1.6828988828415925,-0.84,0.19,12.78,5.24,1.49,-11.1
UNIECOM,Technology Services,Packaged Software,NIFTY_IT,industry,-1.803793785639487,-4.124531303261004,-0.84,0.19,5.63,-0.96,-4.31,-9.75
SACHEEROME,Consumer Non-Durables,Household/Personal Care,NIFTY_FMCG,industry,-5.380313199105148,31.76012461059189,-0.84,0.19,-1.63,-4.54,31.57,33.39
JITFINFRA,Transportation,Trucking,,unmapped,-2.103148024112531,8.749999999999993,-0.84,0.19,,-1.26,8.56,
CONTROLPR,Electronic Technology,Computer Peripherals,NIFTY_IT,sector,-8.021182150922826,-6.321383248730968,-0.84,0.19,5.63,-7.18,-6.51,-11.95
FAIRCHEMOR,Process Industries,Chemicals: Specialty,,unmapped,8.030942334739805,24.945099633997565,-0.84,0.19,,8.87,24.76,
NEUEON,Industrial Services,Engineering & Construction,NIFTY_INFRA,industry,40.39282664389411,-16.885743174924166,-0.84,0.19,-0.98,41.23,-17.08,-15.91
TIRUPATIFL,Producer Manufacturing,Industrial Conglomerates,NIFTY_INFRA,sector,9.01954976303318,52.24405377456049,-0.84,0.19,-0.98,9.86,52.05,53.22
SWELECTES,Producer Manufacturing,Electrical Products,NIFTY_INFRA,industry,-3.035573122529652,-1.0806451612903298,-0.84,0.19,-0.98,-2.2,-1.27,-0.1
PRIMESECU,Finance,Investment Banks/Brokers,NIFTY_FIN_SERVICE,industry,0.4207830223197867,-9.541858932102832,-0.84,0.19,1.89,1.26,-9.73,-11.43
TVSELECT,Electronic Technology,Electronic Equipment/Instruments,NIFTY_IT,sector,-3.0643115058065864,4.955621301775146,-0.84,0.19,5.63,-2.22,4.77,-0.67
CONSOFINVT,Finance,Financial Conglomerates,NIFTY_FIN_SERVICE,industry,4.5939234589541496,22.156352625069317,-0.84,0.19,1.89,5.43,21.97,20.27
SGIL,Non-Energy Minerals,Steel,NIFTY_METAL,industry,-0.6166666666666742,0.2353336695242859,-0.84,0.19,-4.41,0.22,0.05,4.65
GEMAROMA,Process Industries,Chemicals: Major Diversified,,unmapped,-4.7593582887700565,-0.8296675761456702,-0.84,0.19,,-3.92,-1.02,
SURAJEST,Industrial Services,Engineering & Construction,NIFTY_INFRA,industry,-2.2424242424242413,-0.7384615384615373,-0.84,0.19,-0.98,-1.4,-0.93,0.24
ZUARI,Process Industries,Chemicals: Agricultural,,unmapped,-5.833476100736671,-6.561835954101146,-0.84,0.19,,-4.99,-6.75,
FEDDERSHOL,Finance,Financial Conglomerates,NIFTY_FIN_SERVICE,industry,3.727272727272728,16.51774317079397,-0.84,0.19,1.89,4.57,16.33,14.63
WCIL,Transportation,Air Freight/Couriers,,unmapped,-6.368366285119658,-13.171861430087803,-0.84,0.19,,-5.53,-13.36,
IFBAGRO,Consumer Non-Durables,Beverages: Alcoholic,NIFTY_FMCG,industry,5.835106382978726,10.171650055370987,-0.84,0.19,-1.63,6.68,9.98,11.8
ESTER,Process Industries,Industrial Specialties,,unmapped,0.9464082098061554,-3.79265377091936,-0.84,0.19,,1.79,-3.98,
DHAMPURSUG,Process Industries,Agricultural Commodities/Milling,,unmapped,-0.6153846153846122,1.0451475293281185,-0.84,0.19,,0.22,0.86,
BSHSL,Process Industries,Chemicals: Agricultural,,unmapped,1.5050752537626957,-5.537459283387617,-0.84,0.19,,2.35,-5.73,
IRISDOREME,Consumer Non-Durables,Apparel/Footwear,NIFTY_FMCG,sector,1.6146165285744594,18.83229813664596,-0.84,0.19,-1.63,2.45,18.64,20.46
PRIZOR,Distribution Services,Wholesale Distributors,,unmapped,2.92326431181486,-7.1377548216935045,-0.84,0.19,,3.76,-7.33,
MODISONLTD,Industrial Services,Engineering & Construction,NIFTY_INFRA,industry,-9.705882352941174,-15.74935203537124,-0.84,0.19,-0.98,-8.87,-15.94,-14.77
SHRIAHIMSA,Health Technology,Pharmaceuticals: Other,NIFTY_PHARMA,industry,-1.0256410256410255,-5.392156862745098,-0.84,0.19,2.66,-0.19,-5.58,-8.05
VHLTD,Consumer Services,Hotels/Resorts/Cruise lines,NIFTY_FMCG,sector,0.1517565824417763,-1.8223742933650613,-0.84,0.19,-1.63,0.99,-2.01,-0.19
LIKHITHA,Industrial Services,Engineering & Construction,NIFTY_INFRA,industry,-6.74897119341564,-12.812620238553285,-0.84,0.19,-0.98,-5.91,-13.0,-11.83
DENTA,Industrial Services,Engineering & Construction,NIFTY_INFRA,industry,2.6215515927449977,-0.7956387210844394,-0.84,0.19,-0.98,3.46,-0.99,0.18
ARIHANTCAP,Finance,Investment Banks/Brokers,NIFTY_FIN_SERVICE,industry,15.282485875706223,15.855216465578428,-0.84,0.19,1.89,16.12,15.67,13.97
RAMBHAJO,Consumer Durables,Other Consumer Specialties,NIFTY_AUTO,sector,-5.566639092988175,2.736897829539432,-0.84,0.19,1.4,-4.73,2.55,1.34
SVLL,Transportation,Air Freight/Couriers,,unmapped,8.607594936708868,11.751085383502176,-0.84,0.19,,9.45,11.56,
STERTOOLS,Producer Manufacturing,Metal Fabrication,NIFTY_INFRA,industry,-2.984000000000003,-13.005738880918226,-0.84,0.19,-0.98,-2.14,-13.2,-12.03
EFFWA,Industrial Services,Environmental Services,NIFTY_INFRA,sector,3.1060094530722484,0.4605263157894737,-0.84,0.19,-0.98,3.95,0.27,1.44
DHARMAJ,Process Industries,Chemicals: Agricultural,,unmapped,0.4233211468154573,-1.4725316216726576,-0.84,0.19,,1.26,-1.66,
SCODATUBES,Non-Energy Minerals,Steel,NIFTY_METAL,industry,0.9758779465328954,-0.5549915397631088,-0.84,0.19,-4.41,1.82,-0.74,3.86
STANLEY,Consumer Durables,Home Furnishings,NIFTY_AUTO,sector,-2.199478736253263,3.812415654520922,-0.84,0.19,1.4,-1.36,3.62,2.41
MATRIMONY,Technology Services,Internet Software/Services,NIFTY_IT,industry,-2.594878829446723,8.10707942146663,-0.84,0.19,5.63,-1.75,7.92,2.48
VILAS,Electronic Technology,Electronic Components,NIFTY_IT,sector,-5.108811040339703,-10.16331658291457,-0.84,0.19,5.63,-4.27,-10.35,-15.79
BORANA,Process Industries,Textiles,,unmapped,0.3216911764705917,3.4107058266224577,-0.84,0.19,,1.16,3.22,
PDMJEPAPER,Process Industries,Pulp & Paper,,unmapped,9.91012582384661,9.19047619047619,-0.84,0.19,,10.75,9.0,
PRADPME,Producer Manufacturing,Metal Fabrication,NIFTY_INFRA,industry,-8.068614993646758,-7.91818181818182,-0.84,0.19,-0.98,-7.23,-8.11,-6.94
FINKURVE,Finance,Finance/Rental/Leasing,NIFTY_FIN_SERVICE,industry,-0.5600000000000023,-11.731288169294132,-0.84,0.19,1.89,0.28,-11.92,-13.62
NRAIL,Process Industries,Containers/Packaging,,unmapped,17.35070325109523,7.169930511686673,-0.84,0.19,,18.19,6.98,
MICEL,Health Technology,Medical Specialties,NIFTY_PHARMA,industry,-6.874356333676626,-13.3445136559655,-0.84,0.19,2.66,-6.03,-13.53,-16.0
UTTAMSUGAR,Process Industries,Agricultural Commodities/Milling,,unmapped,-2.095564602528385,-0.885032537960951,-0.84,0.19,,-1.26,-1.08,
NDTV,Consumer Services,Broadcasting,NIFTY_FMCG,sector,-4.947303161810303,-5.556239990144148,-0.84,0.19,-1.63,-4.11,-5.75,-3.93
SEJALLTD,Process Industries,Industrial Specialties,,unmapped,5.392362568191365,-0.600263852242738,-0.84,0.19,,6.23,-0.79,
HEXATRADEX,Distribution Services,Wholesale Distributors,,unmapped,-4.290388295573811,-6.0363636363636415,-0.84,0.19,,-3.45,-6.23,
BODALCHEM,Process Industries,Industrial Specialties,,unmapped,6.882463859208038,0.9198813056379678,-0.84,0.19,,7.72,0.73,
EXCELSOFT,Technology Services,Packaged Software,NIFTY_IT,industry,-7.025000000000006,-5.489199491740797,-0.84,0.19,5.63,-6.19,-5.68,-11.12
ORICONENT,Producer Manufacturing,Miscellaneous Manufacturing,NIFTY_INFRA,sector,-8.022731071368874,-3.32044975404076,-0.84,0.19,-0.98,-7.18,-3.51,-2.34
TNPETRO,Process Industries,Chemicals: Specialty,,unmapped,0.5291005291005291,-2.223137093454093,-0.84,0.19,,1.37,-2.41,
ROHLTD,Consumer Services,Hotels/Resorts/Cruise lines,NIFTY_FMCG,sector,-3.536528617961853,-8.314904909332151,-0.84,0.19,-1.63,-2.7,-8.5,-6.68
RITCO,Transportation,Trucking,,unmapped,9.264705882352938,11.436070491188602,-0.84,0.19,,10.1,11.25,
DVL,Consumer Non-Durables,Food: Major Diversified,NIFTY_FMCG,industry,1.4597022373783544,3.3771186440677963,-0.84,0.19,-1.63,2.3,3.19,5.01
REMUS,Health Technology,Pharmaceuticals: Major,NIFTY_PHARMA,industry,-2.49322493224932,-7.755415972311242,-0.84,0.19,2.66,-1.65,-7.95,-10.42
KOKUYOCMLN,Consumer Durables,Tools & Hardware,NIFTY_AUTO,sector,-2.066791219056511,-5.285149632975712,-0.84,0.19,1.4,-1.23,-5.48,-6.69
KRYSTAL,Commercial Services,Miscellaneous Commercial Services,,unmapped,0.0665557404326085,-0.0996677740863825,-0.84,0.19,,0.91,-0.29,
OMINFRAL,Industrial Services,Engineering & Construction,NIFTY_INFRA,industry,-0.4002287021155043,-3.3296337402885685,-0.84,0.19,-0.98,0.44,-3.52,-2.35
NCLIND,Non-Energy Minerals,Construction Materials,NIFTY_INFRA,industry,-1.582818162438712,-3.992721601247729,-0.84,0.19,-0.98,-0.74,-4.18,-3.01
QUICKHEAL,Technology Services,Packaged Software,NIFTY_IT,industry,-5.786551511412705,-15.108393551973323,-0.84,0.19,5.63,-4.95,-15.3,-20.74
TEJASCARGO,Transportation,Air Freight/Couriers,,unmapped,-10.897435897435898,-9.74025974025974,-0.84,0.19,,-10.06,-9.93,
SUDARCOLOR,Process Industries,Chemicals: Major Diversified,,unmapped,-5.105263157894731,-0.592694693314949,-0.84,0.19,,-4.27,-0.78,
KECL,Producer Manufacturing,Electrical Products,NIFTY_INFRA,industry,3.652968036529673,12.52816584046867,-0.84,0.19,-0.98,4.49,12.34,13.51
PREMIERPOL,Non-Energy Minerals,Forest Products,NIFTY_METAL,sector,2.375419571391691,24.803273528485988,-0.84,0.19,-4.41,3.22,24.61,29.21
EVERESTIND,Distribution Services,Wholesale Distributors,,unmapped,6.317177043196101,33.10905166941728,-0.84,0.19,,7.16,32.92,
BAJAJST,Process Industries,Agricultural Commodities/Milling,,unmapped,-1.7138599105812304,-1.062632829103638,-0.84,0.19,,-0.87,-1.25,
SYSTMTXC,Finance,Investment Banks/Brokers,NIFTY_FIN_SERVICE,industry,-2.956381260096928,-7.11303541054585,-0.84,0.19,1.89,-2.12,-7.3,-9.0
SRHHYPOLTD,Process Industries,Chemicals: Specialty,,unmapped,-2.806874809315561,-2.678207739307531,-0.84,0.19,,-1.97,-2.87,
PARIN,Consumer Durables,Home Furnishings,NIFTY_AUTO,sector,1.363004172461746,2.287719298245608,-0.84,0.19,1.4,2.2,2.1,0.89
SADHNANIQ,Process Industries,Chemicals: Specialty,,unmapped,4.182509505703434,-9.570957095709558,-0.84,0.19,,5.02,-9.76,
ASAL,Producer Manufacturing,Auto Parts: OEM,NIFTY_AUTO,industry,-4.190207156308851,-2.724665391969407,-0.84,0.19,1.4,-3.35,-2.91,-4.12
FLYSBS,Transportation,Airlines,,unmapped,-1.1334745762711913,-7.584909396969999,-0.84,0.19,,-0.29,-7.77,
HEXAGON,Health Technology,Pharmaceuticals: Major,NIFTY_PHARMA,industry,-11.472972972972968,24.78095238095239,-0.84,0.19,2.66,-10.63,24.59,22.12
GANESHBE,Process Industries,Chemicals: Specialty,,unmapped,4.463197374589771,2.89065386036202,-0.84,0.19,,5.3,2.7,
DWARKESH,Process Industries,Agricultural Commodities/Milling,,unmapped,-0.573921028466483,0.1387283236994272,-0.84,0.19,,0.27,-0.05,
SUPREMEINF,Industrial Services,Engineering & Construction,NIFTY_INFRA,industry,3.304543747653024,5.821259135786648,-0.84,0.19,-0.98,4.14,5.63,6.8
AHCL,Health Technology,Pharmaceuticals: Major,NIFTY_PHARMA,industry,-0.9240924092409278,-7.288449660284134,-0.84,0.19,2.66,-0.08,-7.48,-9.95
SARLAPOLY,Process Industries,Textiles,,unmapped,1.0406142655081845,2.0510204081632706,-0.84,0.19,,1.88,1.86,
EIFFL,Consumer Non-Durables,Food: Specialty/Candy,NIFTY_FMCG,industry,-6.841339155749636,-4.477611940298507,-0.84,0.19,-1.63,-6.0,-4.67,-2.85
FRESHARA,Consumer Non-Durables,Food: Specialty/Candy,NIFTY_FMCG,industry,8.887096774193552,38.8523241464418,-0.84,0.19,-1.63,9.73,38.66,40.48
ANUHPHR,Health Technology,Pharmaceuticals: Major,NIFTY_PHARMA,industry,-1.4335577162802364,0.0886075949367002,-0.84,0.19,2.66,-0.59,-0.1,-2.57
GICHSGFIN,Finance,Finance/Rental/Leasing,NIFTY_FIN_SERVICE,industry,-2.4119601328903624,-12.05389221556886,-0.84,0.19,1.89,-1.57,-12.24,-13.94
BAHETI,Producer Manufacturing,Metal Fabrication,NIFTY_INFRA,industry,-0.5742296918767539,-2.0827586206896584,-0.84,0.19,-0.98,0.27,-2.27,-1.1
REGAAL,Process Industries,Agricultural Commodities/Milling,,unmapped,-5.57913130304543,-2.51288659793813,-0.84,0.19,,-4.74,-2.7,
SAHANA,Technology Services,Information Technology Services,NIFTY_IT,industry,-4.813631522896704,-6.793889149590707,-0.84,0.19,5.63,-3.97,-6.98,-12.42
MEIL,Electronic Technology,Electronic Components,NIFTY_IT,sector,-4.878863826232255,-8.295747422680414,-0.84,0.19,5.63,-4.04,-8.49,-13.93
DECCANCE,Non-Energy Minerals,Construction Materials,NIFTY_INFRA,industry,-4.797523858653594,-5.221261662244287,-0.84,0.19,-0.98,-3.96,-5.41,-4.24
CIFL,Finance,Finance/Rental/Leasing,NIFTY_FIN_SERVICE,industry,-12.138475021910605,-22.58687258687258,-0.84,0.19,1.89,-11.3,-22.78,-24.48
VELJAN,Producer Manufacturing,Industrial Machinery,NIFTY_INFRA,industry,-2.3081232492997223,41.77235772357723,-0.84,0.19,-0.98,-1.47,41.58,42.75
SICALLOG,Transportation,Other Transportation,,unmapped,5.145147313691508,1.1145833333333262,-0.84,0.19,,5.99,0.92,
VLSFINANCE,Finance,Investment Banks/Brokers,NIFTY_FIN_SERVICE,industry,1.7663588920112427,4.017069467810098,-0.84,0.19,1.89,2.61,3.83,2.13
HARDWYN,Distribution Services,Wholesale Distributors,,unmapped,3.0618892508143363,-36.132418247880494,-0.84,0.19,,3.9,-36.32,
SAHASRA,Electronic Technology,Electronic Production Equipment,NIFTY_IT,sector,-1.2541673281473211,-2.8125,-0.84,0.19,5.63,-0.41,-3.0,-8.44
KOTHARIPET,Process Industries,Chemicals: Specialty,,unmapped,1.3922005999538516,7.819401275969236,-0.84,0.19,,2.23,7.63,
RMDRIP,Producer Manufacturing,Industrial Machinery,NIFTY_INFRA,industry,-5.18324607329844,-7.60204081632654,-0.84,0.19,-0.98,-4.34,-7.79,-6.62
VIESL,Finance,Finance/Rental/Leasing,NIFTY_FIN_SERVICE,industry,0.6888817686638824,-2.102803738317757,-0.84,0.19,1.89,1.53,-2.29,-3.99
ELDEHSG,Finance,Real Estate Development,NIFTY_REALTY,industry,-3.782915069847944,-3.3167701863354093,-0.84,0.19,12.78,-2.94,-3.51,-16.1
ECOSMOBLTY,Finance,Finance/Rental/Leasing,NIFTY_FIN_SERVICE,industry,-5.999999999999996,-4.413980114492306,-0.84,0.19,1.89,-5.16,-4.6,-6.3
BEEKAY,Non-Energy Minerals,Steel,NIFTY_METAL,industry,-1.4884979702300434,-1.1358024691358082,-0.84,0.19,-4.41,-0.65,-1.33,3.27
ZUARIIND,Process Industries,Agricultural Commodities/Milling,,unmapped,-3.274369589762886,-2.6883756152972444,-0.84,0.19,,-2.43,-2.88,
MODIS,Finance,Real Estate Development,NIFTY_REALTY,industry,13.7016093953893,16.350148367952528,-0.84,0.19,12.78,14.54,16.16,3.57
ADVENTHTL,Industrial Services,Engineering & Construction,NIFTY_INFRA,industry,-3.727506426735213,-0.3501155381275821,-0.84,0.19,-0.98,-2.89,-0.54,0.63
VINSYS,Commercial Services,Miscellaneous Commercial Services,,unmapped,3.7972166998011976,21.418604651162795,-0.84,0.19,,4.64,21.23,
ZTECH,Industrial Services,Engineering & Construction,NIFTY_INFRA,industry,-7.393992932862194,-11.535864978902955,-0.84,0.19,-0.98,-6.55,-11.73,-10.56
MVGJL,Retail Trade,Specialty Stores,NIFTY_FMCG,sector,-3.7330037082818417,8.846960167714881,-0.84,0.19,-1.63,-2.89,8.66,10.48
PVSL,Retail Trade,Specialty Stores,NIFTY_FMCG,sector,7.788510421962391,11.589473684210532,-0.84,0.19,-1.63,8.63,11.4,13.22
GLOSTERLTD,Process Industries,Textiles,,unmapped,0.4850444624090474,-5.833333333333336,-0.84,0.19,,1.33,-6.02,
CELLECOR,Consumer Durables,Electronics/Appliances,NIFTY_AUTO,sector,-8.91891891891891,-5.997210599721056,-0.84,0.19,1.4,-8.08,-6.19,-7.4
VASCONEQ,Industrial Services,Engineering & Construction,NIFTY_INFRA,industry,-4.3491124260355,-7.891737891737901,-0.84,0.19,-0.98,-3.51,-8.08,-6.91
RADHIKAJWE,Consumer Durables,Other Consumer Specialties,NIFTY_AUTO,sector,-3.590909090909087,14.44244604316547,-0.84,0.19,1.4,-2.75,14.25,13.04
KELLTONTEC,Technology Services,Packaged Software,NIFTY_IT,industry,-6.066666666666667,-9.91048593350384,-0.84,0.19,5.63,-5.23,-10.1,-15.54
BIRLAMONEY,Finance,Investment Banks/Brokers,NIFTY_FIN_SERVICE,industry,-4.981642790295866,-7.570028011204482,-0.84,0.19,1.89,-4.14,-7.76,-9.46
PRAVEG,Health Technology,Pharmaceuticals: Major,NIFTY_PHARMA,industry,6.771535580524339,16.35918367346938,-0.84,0.19,2.66,7.61,16.17,13.7
RAJPALAYAM,Process Industries,Textiles,,unmapped,-2.486871491519288,-2.5750814135809943,-0.84,0.19,,-1.65,-2.77,
VALIANTORG,Process Industries,Chemicals: Specialty,,unmapped,-2.64814814814814,-9.362068965517231,-0.84,0.19,,-1.81,-9.55,
PATELRMART,Retail Trade,Food Retail,NIFTY_FMCG,sector,-0.093896713615027,2.5518634110519565,-0.84,0.19,-1.63,0.75,2.36,4.18
BAJAJINDEF,Producer Manufacturing,Trucks/Construction/Farm Machinery,NIFTY_INFRA,industry,-4.002501563477171,-7.789347216659988,-0.84,0.19,-0.98,-3.16,-7.98,-6.81
SSEGL,Industrial Services,Engineering & Construction,NIFTY_INFRA,industry,-3.3174603174603137,-7.064388159902343,-0.84,0.19,-0.98,-2.48,-7.25,-6.08
BLAL,Finance,Investment Managers,NIFTY_FIN_SERVICE,industry,-2.483370288248347,-3.345970001648263,-0.84,0.19,1.89,-1.64,-3.54,-5.24
INDOFARM,Producer Manufacturing,Trucks/Construction/Farm Machinery,NIFTY_INFRA,industry,-6.42286416717885,3.4307065217391384,-0.84,0.19,-0.98,-5.58,3.24,4.41
SANDESH,Consumer Services,Publishing: Newspapers,NIFTY_FMCG,sector,0.6321632317417872,0.9382410557789488,-0.84,0.19,-1.63,1.47,0.75,2.57
PROSTARM,Producer Manufacturing,Electrical Products,NIFTY_INFRA,industry,-4.641838229624486,-12.785613540197469,-0.84,0.19,-0.98,-3.8,-12.98,-11.81
NRL,Non-Energy Minerals,Other Metals/Minerals,NIFTY_METAL,industry,-4.545454545454546,27.349909035779252,-0.84,0.19,-4.41,-3.71,27.16,31.76
OCCLLTD,Process Industries,Chemicals: Specialty,,unmapped,9.726742865793652,14.592885375494076,-0.84,0.19,,10.57,14.4,
20MICRONS,Process Industries,Chemicals: Specialty,,unmapped,-0.2783203125000105,-2.118380062305304,-0.84,0.19,,0.56,-2.31,
COMSYN,Process Industries,Containers/Packaging,,unmapped,-4.961669505962518,5.633136094674562,-0.84,0.19,,-4.12,5.44,
PVP,Technology Services,Information Technology Services,NIFTY_IT,industry,-5.860048259220968,-8.047138047138048,-0.84,0.19,5.63,-5.02,-8.24,-13.68
AGARIND,Process Industries,Chemicals: Specialty,,unmapped,-5.405940594059408,-11.282384622527635,-0.84,0.19,,-4.57,-11.47,
MMP,Non-Energy Minerals,Other Metals/Minerals,NIFTY_METAL,industry,-0.949367088607591,0.7510729613733783,-0.84,0.19,-4.41,-0.11,0.56,5.16
SUBEXLTD,Technology Services,Packaged Software,NIFTY_IT,industry,-5.626406601650412,6.070826306914002,-0.84,0.19,5.63,-4.79,5.88,0.44
LOKESHMACH,Technology Services,Information Technology Services,NIFTY_IT,industry,2.773988176443831,13.0,-0.84,0.19,5.63,3.61,12.81,7.37
XCHANGING,Technology Services,Information Technology Services,NIFTY_IT,industry,-1.127064999228022,1.8609829807539509,-0.84,0.19,5.63,-0.29,1.67,-3.77
ADVANCE,Process Industries,Chemicals: Agricultural,,unmapped,-4.996974150600848,2.7009345794392527,-0.84,0.19,,-4.16,2.51,
EMAMIPAP,Process Industries,Pulp & Paper,,unmapped,31.823759063022862,38.54630715123096,-0.84,0.19,,32.66,38.36,
INNOVANA,Technology Services,Packaged Software,NIFTY_IT,industry,2.211338676165048,12.23924380704042,-0.84,0.19,5.63,3.05,12.05,6.61
CCCL,Industrial Services,Engineering & Construction,NIFTY_INFRA,industry,-4.910179640718555,-0.8739076154806417,-0.84,0.19,-0.98,-4.07,-1.06,0.11
VIVIANA,Industrial Services,Engineering & Construction,NIFTY_INFRA,industry,-9.773609314359632,-19.41652224147891,-0.84,0.19,-0.98,-8.93,-19.61,-18.44
KANORICHEM,Process Industries,Chemicals: Specialty,,unmapped,18.925079038306016,29.91967871485944,-0.84,0.19,,19.77,29.73,
STCINDIA,Distribution Services,Food Distributors,,unmapped,-2.1659751037344392,-11.460758542996624,-0.84,0.19,,-1.33,-11.65,
GEECEE,Finance,Real Estate Development,NIFTY_REALTY,industry,-7.934977269596366,-5.527283008199042,-0.84,0.19,12.78,-7.09,-5.72,-18.31
FOCE,Consumer Durables,Other Consumer Specialties,NIFTY_AUTO,sector,-0.9917355371900828,-0.9917355371900828,-0.84,0.19,1.4,-0.15,-1.18,-2.39
KARNIKA,Consumer Non-Durables,Apparel/Footwear,NIFTY_FMCG,sector,-10.214626391096976,-10.357142857142856,-0.84,0.19,-1.63,-9.37,-10.55,-8.73
HERANBA,Process Industries,Chemicals: Agricultural,,unmapped,-3.337016574585631,-7.872149965773255,-0.84,0.19,,-2.5,-8.06,
RAMASTEEL,Non-Energy Minerals,Steel,NIFTY_METAL,industry,-3.401360544217695,-11.983471074380168,-0.84,0.19,-4.41,-2.56,-12.17,-7.57
DPSCLTD,Utilities,Electric Utilities,NIFTY_ENERGY,industry,-3.2388663967611366,-7.124352331606216,-0.84,0.19,-2.39,-2.4,-7.31,-4.73
DCMSIL,Process Industries,Textiles,,unmapped,-5.898313082458417,13.63247863247862,-0.84,0.19,,-5.06,13.44,
SOUTHWEST,Energy Minerals,Coal,NIFTY_ENERGY,industry,4.676790753930923,-3.720642768850433,-0.84,0.19,-2.39,5.52,-3.91,-1.33
MAGADSUGAR,Process Industries,Agricultural Commodities/Milling,,unmapped,-2.207920792079203,5.658964484381696,-0.84,0.19,,-1.37,5.47,
GANESHCP,Process Industries,Agricultural Commodities/Milling,,unmapped,-6.195753043288387,-13.049638212821936,-0.84,0.19,,-5.36,-13.24,
OSELDEVICE,Health Technology,Medical Specialties,NIFTY_PHARMA,industry,-6.34782608695652,-4.690265486725662,-0.84,0.19,2.66,-5.51,-4.88,-7.35
WELINV,Finance,Investment Banks/Brokers,NIFTY_FIN_SERVICE,industry,5.444444444444445,6.929577464788732,-0.84,0.19,1.89,6.28,6.74,5.04
TVTODAY,Consumer Services,Broadcasting,NIFTY_FMCG,sector,-6.058405937399154,0.822510822510825,-0.84,0.19,-1.63,-5.22,0.63,2.45
MANBA,Finance,Finance/Rental/Leasing,NIFTY_FIN_SERVICE,industry,2.7507248531707806,7.976562500000006,-0.84,0.19,1.89,3.59,7.79,6.09
MUKKA,Consumer Non-Durables,Food: Meat/Fish/Dairy,NIFTY_FMCG,sector,-0.5635023840485436,-6.747967479674796,-0.84,0.19,-1.63,0.28,-6.94,-5.12
LAXMIINDIA,Finance,Finance/Rental/Leasing,NIFTY_FIN_SERVICE,industry,18.56749311294766,24.7536231884058,-0.84,0.19,1.89,19.41,24.56,22.86
UNIENTER,Producer Manufacturing,Industrial Conglomerates,NIFTY_INFRA,sector,-8.158878504672902,-11.067873303167424,-0.84,0.19,-0.98,-7.32,-11.26,-10.09
HMVL,Consumer Services,Publishing: Newspapers,NIFTY_FMCG,sector,2.4684585847504112,11.45584725536994,-0.84,0.19,-1.63,3.31,11.27,13.09
MAANALU,Non-Energy Minerals,Aluminum,NIFTY_METAL,industry,-5.7752255947498,-9.6941583457819,-0.84,0.19,-4.41,-4.94,-9.88,-5.28
VISAKAIND,Process Industries,Industrial Specialties,,unmapped,-3.235579253514302,2.3717948717948647,-0.84,0.19,,-2.4,2.18,
RNFI,Finance,Regional Banks,NIFTY_BANK,industry,5.392156862745098,1.5684051398337024,-0.84,0.19,-1.03,6.23,1.38,2.6
DENTALKART,Retail Trade,Specialty Stores,NIFTY_FMCG,sector,3.80627058680004,11.96052631578947,-0.84,0.19,-1.63,4.65,11.77,13.59
INNOVISION,Transportation,Other Transportation,,unmapped,-1.62068965517241,-3.939393939393936,-0.84,0.19,,-0.78,-4.13,
DMCC,Process Industries,Chemicals: Major Diversified,,unmapped,0.6829088224437146,8.449304174950298,-0.84,0.19,,1.52,8.26,
DBOL,Process Industries,Agricultural Commodities/Milling,,unmapped,-4.677871148459375,-8.766756032171584,-0.84,0.19,,-3.84,-8.96,
BIGBLOC,Non-Energy Minerals,Construction Materials,NIFTY_INFRA,industry,-0.5208333333333334,-9.71828322934392,-0.84,0.19,-0.98,0.32,-9.91,-8.74
KUANTUM,Process Industries,Pulp & Paper,,unmapped,1.3228552717747284,2.599469496021212,-0.84,0.19,,2.16,2.41,
UNITEDPOLY,Process Industries,Textiles,,unmapped,5.30541012216406,-4.525316455696202,-0.84,0.19,,6.15,-4.72,
CHEVIOT,Process Industries,Textiles,,unmapped,0.7510917030567607,2.106567534076824,-0.84,0.19,,1.59,1.92,
CHEMBONDCH,Process Industries,Chemicals: Major Diversified,,unmapped,0.7902240325865572,4.670050761421316,-0.84,0.19,,1.63,4.48,
INFLUX,Health Technology,Pharmaceuticals: Other,NIFTY_PHARMA,industry,0.0172354360565165,16.176176176176167,-0.84,0.19,2.66,0.86,15.99,13.52
ADSL,Technology Services,Information Technology Services,NIFTY_IT,industry,-1.591003748438148,-1.1463475859760728,-0.84,0.19,5.63,-0.75,-1.34,-6.78
GTPL,Communications,Specialty Telecommunications,,unmapped,-3.8504199017588334,0.3804797353184398,-0.84,0.19,,-3.01,0.19,
JAYAGROGN,Process Industries,Agricultural Commodities/Milling,,unmapped,-0.0808988764044974,5.066162570888469,-0.84,0.19,,0.76,4.88,
NAHARPOLY,Process Industries,Textiles,,unmapped,8.672355626116302,6.144601666989736,-0.84,0.19,,9.51,5.95,
PROZONER,Finance,Real Estate Development,NIFTY_REALTY,industry,4.285714285714279,-8.233815210559397,-0.84,0.19,12.78,5.13,-8.42,-21.01
KSOLVES,Technology Services,Packaged Software,NIFTY_IT,industry,-7.598684210526323,-0.7069635913750443,-0.84,0.19,5.63,-6.76,-0.9,-6.34
ATLPP.E1,Transportation,Marine Shipping,,unmapped,-2.927927927927945,-5.5859802847754825,-0.84,0.19,,-2.09,-5.78,
ATL,Transportation,Marine Shipping,,unmapped,-2.7292110874200453,-5.899339933993399,-0.84,0.19,,-1.89,-6.09,
PCCL,Process Industries,Industrial Specialties,,unmapped,5.529411764705891,16.5944540727903,-0.84,0.19,,6.37,16.4,
FABTECH,Health Technology,Biotechnology,NIFTY_PHARMA,industry,-4.8789784638841285,-6.1077318617921925,-0.84,0.19,2.66,-4.04,-6.3,-8.77
MERCURYEV,Distribution Services,Wholesale Distributors,,unmapped,-3.5439560439560416,-0.5664117813650604,-0.84,0.19,,-2.7,-0.76,
AQYLON,Consumer Services,Movies/Entertainment,NIFTY_FMCG,sector,-23.91304347826087,-37.5,-0.84,0.19,-1.63,-23.07,-37.69,-35.87
SPECIALITY,Consumer Services,Restaurants,NIFTY_FMCG,sector,5.864719446579551,6.084880227990431,-0.84,0.19,-1.63,6.7,5.89,7.71
ABINFRA,Industrial Services,Engineering & Construction,NIFTY_INFRA,industry,2.380952380952383,-0.1934235976789127,-0.84,0.19,-0.98,3.22,-0.38,0.79
HALDYNGL,Process Industries,Containers/Packaging,,unmapped,-3.3552685027215934,-2.7389420325402734,-0.84,0.19,,-2.52,-2.93,
GGBL,Electronic Technology,Semiconductors,NIFTY_IT,sector,1.6634429400386892,-11.455525606469005,-0.84,0.19,5.63,2.5,-11.65,-17.09
EMKAY,Finance,Investment Managers,NIFTY_FIN_SERVICE,industry,-6.627680311890838,-16.27337877993358,-0.84,0.19,1.89,-5.79,-16.46,-18.16
ONWARDTEC,Technology Services,Information Technology Services,NIFTY_IT,industry,3.067375886524814,12.28510720494493,-0.84,0.19,5.63,3.91,12.1,6.66
MALLCOM,Consumer Non-Durables,Apparel/Footwear,NIFTY_FMCG,sector,-3.76991478325304,-3.8812046074848334,-0.84,0.19,-1.63,-2.93,-4.07,-2.25
NATIONSTD,Finance,Real Estate Development,NIFTY_REALTY,industry,-22.563482466747285,-74.70174606936872,-0.84,0.19,12.78,-21.72,-74.89,-87.48
ORBTEXP,Process Industries,Textiles,,unmapped,5.216450216450221,-6.5156352167391045,-0.84,0.19,,6.06,-6.71,
ZIMLAB,Health Technology,Pharmaceuticals: Generic,NIFTY_PHARMA,industry,-4.0025514272045895,-3.6799999999999953,-0.84,0.19,2.66,-3.16,-3.87,-6.34
PARTH,Producer Manufacturing,Electrical Products,NIFTY_INFRA,industry,12.352309344790548,8.206896551724135,-0.84,0.19,-0.98,13.19,8.02,9.19
CHEMCON,Process Industries,Chemicals: Specialty,,unmapped,-4.552581778859144,-13.27437975927291,-0.84,0.19,,-3.71,-13.46,
COFFEEDAY,Consumer Services,Restaurants,NIFTY_FMCG,sector,-5.823730924945504,-11.05882352941177,-0.84,0.19,-1.63,-4.98,-11.25,-9.43
ONMOBILE,Communications,Specialty Telecommunications,,unmapped,-5.0937499999999964,14.3879472693032,-0.84,0.19,,-4.25,14.2,
NAMOEWASTE,Industrial Services,Environmental Services,NIFTY_INFRA,sector,0.8705114254624716,3.768656716417919,-0.84,0.19,-0.98,1.71,3.58,4.75
AMANTA,Health Technology,Pharmaceuticals: Major,NIFTY_PHARMA,industry,0.6359202321417553,0.9287925696594428,-0.84,0.19,2.66,1.48,0.74,-1.73
PPL,Producer Manufacturing,Miscellaneous Manufacturing,NIFTY_INFRA,sector,1.0802756565468556,3.351742525233293,-0.84,0.19,-0.98,1.92,3.16,4.33
HINDCOMPOS,Producer Manufacturing,Auto Parts: OEM,NIFTY_AUTO,industry,-3.9892424921559866,2.4880382775119565,-0.84,0.19,1.4,-3.15,2.3,1.09
SAURASHCEM,Non-Energy Minerals,Construction Materials,NIFTY_INFRA,industry,-10.944000000000006,-5.098039215686279,-0.84,0.19,-0.98,-10.1,-5.29,-4.12
VAKRANGEE,Retail Trade,Internet Retail,NIFTY_FMCG,sector,-2.8428093645485086,-7.040000000000007,-0.84,0.19,-1.63,-2.0,-7.23,-5.41
ZFSTEERING,Producer Manufacturing,Auto Parts: OEM,NIFTY_AUTO,industry,0.6014492753623155,-1.0900541464804756,-0.84,0.19,1.4,1.44,-1.28,-2.49
SALSTEEL,Non-Energy Minerals,Steel,NIFTY_METAL,industry,1.285943918556883,0.2474809969948746,-0.84,0.19,-4.41,2.13,0.06,4.66
MINDTECK,Technology Services,Information Technology Services,NIFTY_IT,industry,-5.080786451236129,-5.17769458894453,-0.84,0.19,5.63,-4.24,-5.37,-10.81
SHINDL,Process Industries,Agricultural Commodities/Milling,,unmapped,-0.4783484390735089,7.564625850340139,-0.84,0.19,,0.36,7.37,
CEWATER,Industrial Services,Environmental Services,NIFTY_INFRA,sector,-7.859789993823345,-20.07768550763461,-0.84,0.19,-0.98,-7.02,-20.27,-19.1
PANSARI,Technology Services,Packaged Software,NIFTY_IT,industry,-2.564805925113159,22.503879979306777,-0.84,0.19,5.63,-1.72,22.31,16.87
KILITCH,Health Technology,Pharmaceuticals: Major,NIFTY_PHARMA,industry,-1.63387978142077,-6.239908328558788,-0.84,0.19,2.66,-0.79,-6.43,-8.9
SUTLEJTEX,Process Industries,Textiles,,unmapped,-7.8186274509803875,0.9122618728199524,-0.84,0.19,,-6.98,0.72,
GLOTTIS,Transportation,Marine Shipping,,unmapped,-0.566234540306952,-1.6507000736919537,-0.84,0.19,,0.27,-1.84,
LINC,Consumer Non-Durables,Consumer Sundries,NIFTY_FMCG,sector,-7.629329734592896,-5.3994287293835805,-0.84,0.19,-1.63,-6.79,-5.59,-3.77
SNOWMAN,Commercial Services,Miscellaneous Commercial Services,,unmapped,-3.6782217517861886,-5.943152454780372,-0.84,0.19,,-2.84,-6.13,
TANKUP,Producer Manufacturing,Industrial Machinery,NIFTY_INFRA,industry,-1.157267466966067,16.785714285714285,-0.84,0.19,-0.98,-0.32,16.6,17.77
SATIA,Process Industries,Pulp & Paper,,unmapped,-0.7389162561576285,7.180851063829795,-0.84,0.19,,0.1,6.99,
TREL,Finance,Real Estate Development,NIFTY_REALTY,industry,0.0823045267489694,-8.640120210368146,-0.84,0.19,12.78,0.92,-8.83,-21.42
PYRAMID,Producer Manufacturing,Miscellaneous Manufacturing,NIFTY_INFRA,sector,-0.5390672319806096,-3.303497821222462,-0.84,0.19,-0.98,0.3,-3.49,-2.32
TPLPLASTEH,Process Industries,Chemicals: Specialty,,unmapped,-6.708722552468762,2.9726834493840366,-0.84,0.19,,-5.87,2.78,
MVKAGRO,Process Industries,Agricultural Commodities/Milling,,unmapped,-5.795164621552672,-2.587939698492465,-0.84,0.19,,-4.96,-2.78,
SCPL,Consumer Non-Durables,Food: Meat/Fish/Dairy,NIFTY_FMCG,sector,21.963465441726317,19.75036710719531,-0.84,0.19,-1.63,22.8,19.56,21.38
BIRLACABLE,Producer Manufacturing,Electrical Products,NIFTY_INFRA,industry,6.53887688984882,-6.924854945988021,-0.84,0.19,-0.98,7.38,-7.11,-5.94
TRANSPEK,Process Industries,Chemicals: Specialty,,unmapped,4.391726301343013,6.543271635817918,-0.84,0.19,,5.23,6.35,
PROV,Distribution Services,Food Distributors,,unmapped,4.590354445090061,20.409815864521345,-0.84,0.19,,5.43,20.22,
OMPOWER,Utilities,Electric Utilities,NIFTY_ENERGY,industry,-1.6564952048823147,-7.032967032967039,-0.84,0.19,-2.39,-0.82,-7.22,-4.64
BAFNAPH,Health Technology,Pharmaceuticals: Major,NIFTY_PHARMA,industry,6.316964285714287,28.445067687826985,-0.84,0.19,2.66,7.16,28.26,25.79
SHALPAINTS,Process Industries,Industrial Specialties,,unmapped,34.5703125,26.65441176470589,-0.84,0.19,,35.41,26.46,
KRONOX,Process Industries,Chemicals: Specialty,,unmapped,2.926666666666657,6.00068657741159,-0.84,0.19,,3.77,5.81,
DHUNINV,Process Industries,Chemicals: Specialty,,unmapped,-10.579110651499478,1.9753523203019048,-0.84,0.19,,-9.74,1.79,
IWARE,Transportation,Other Transportation,,unmapped,-8.435298479792362,35.31506849315068,-0.84,0.19,,-7.6,35.13,
AHLWEST,Consumer Services,Hotels/Resorts/Cruise lines,NIFTY_FMCG,sector,3.4082733812949724,-8.882725832012671,-0.84,0.19,-1.63,4.25,-9.07,-7.25
SOFTTECH,Technology Services,Packaged Software,NIFTY_IT,industry,1.3920832828955332,-3.301777880397139,-0.84,0.19,5.63,2.23,-3.49,-8.93
MCLEODRUSS,Consumer Non-Durables,Food: Specialty/Candy,NIFTY_FMCG,industry,-3.1177208385594013,-11.635888217028922,-0.84,0.19,-1.63,-2.28,-11.83,-10.01
MODINATUR,Process Industries,Agricultural Commodities/Milling,,unmapped,-2.4616482340349544,4.617346938775516,-0.84,0.19,,-1.62,4.43,
CHANDAN,Health Services,Medical/Nursing Services,NIFTY_PHARMA,industry,-4.761904761904762,5.990783410138249,-0.84,0.19,2.66,-3.92,5.8,3.33
HTMEDIA,Consumer Services,Publishing: Newspapers,NIFTY_FMCG,sector,-7.43990843189622,7.583148558758318,-0.84,0.19,-1.63,-6.6,7.39,9.21
RBZJEWEL,Consumer Durables,Other Consumer Specialties,NIFTY_AUTO,sector,-5.846585594013097,7.630614115490383,-0.84,0.19,1.4,-5.01,7.44,6.23
APS,Electronic Technology,Semiconductors,NIFTY_IT,sector,-8.091424758091424,-9.137390730661387,-0.84,0.19,5.63,-7.25,-9.33,-14.77
KIRANVYPAR,Finance,Investment Banks/Brokers,NIFTY_FIN_SERVICE,industry,7.687345446726148,1.0747262727685531,-0.84,0.19,1.89,8.53,0.88,-0.82
HITECHCORP,Producer Manufacturing,Miscellaneous Manufacturing,NIFTY_INFRA,sector,-0.2957658779576552,2.825493658693213,-0.84,0.19,-0.98,0.54,2.64,3.81
MUNJALSHOW,Producer Manufacturing,Auto Parts: OEM,NIFTY_AUTO,industry,-0.6873354782100013,7.240426371891028,-0.84,0.19,1.4,0.15,7.05,5.84
NBIFIN,Finance,Financial Conglomerates,NIFTY_FIN_SERVICE,industry,1.5811182401466544,20.4292311871774,-0.84,0.19,1.89,2.42,20.24,18.54
KRMAYURVED,Health Services,Hospital/Nursing Management,NIFTY_PHARMA,industry,5.061728395061733,-4.02255639097744,-0.84,0.19,2.66,5.9,-4.21,-6.68
MUFTI,Retail Trade,Apparel/Footwear Retail,NIFTY_FMCG,sector,-3.5813953488372072,-8.193091231178025,-0.84,0.19,-1.63,-2.74,-8.38,-6.56
ABSMARINE,Transportation,Marine Shipping,,unmapped,0.2045919527165342,-10.769230769230768,-0.84,0.19,,1.04,-10.96,
KANPRPLA,Producer Manufacturing,Miscellaneous Manufacturing,NIFTY_INFRA,sector,11.225618339030774,17.68617021276596,-0.84,0.19,-0.98,12.07,17.5,18.67
VISACHROME,Non-Energy Minerals,Steel,NIFTY_METAL,industry,-8.866386762163506,-17.63392857142857,-0.84,0.19,-4.41,-8.03,-17.82,-13.22
NILE,Non-Energy Minerals,Other Metals/Minerals,NIFTY_METAL,industry,-8.497461928934014,3.094080640549037,-0.84,0.19,-4.41,-7.66,2.9,7.5
SHREERAMA,Process Industries,Containers/Packaging,,unmapped,-6.51465798045602,-7.610945044837899,-0.84,0.19,,-5.67,-7.8,
PRIMO,Process Industries,Chemicals: Specialty,,unmapped,-6.5271966527196605,-12.047244094488184,-0.84,0.19,,-5.69,-12.24,
KNAGRI,Process Industries,Agricultural Commodities/Milling,,unmapped,6.077457795431967,-0.1215521271622343,-0.84,0.19,,6.92,-0.31,
OSWALGREEN,Finance,Real Estate Development,NIFTY_REALTY,industry,-4.999999999999999,-10.732758620689648,-0.84,0.19,12.78,-4.16,-10.92,-23.51
PENINLAND,Finance,Real Estate Development,NIFTY_REALTY,industry,-9.454136184580753,-0.8014796547472196,-0.84,0.19,12.78,-8.61,-0.99,-13.58
MGEL,Process Industries,Agricultural Commodities/Milling,,unmapped,-1.0989010989010972,1.2499999999999956,-0.84,0.19,,-0.26,1.06,
BESTAGRO,Process Industries,Chemicals: Agricultural,,unmapped,-2.319587628865976,-3.8071065989847694,-0.84,0.19,,-1.48,-4.0,
SHIVAUM,Producer Manufacturing,Metal Fabrication,NIFTY_INFRA,industry,-1.2119681858351246,11.785714285714286,-0.84,0.19,-0.98,-0.37,11.6,12.77
CHEMFAB,Process Industries,Chemicals: Specialty,,unmapped,-1.2009175549858289,-0.5163043478260808,-0.84,0.19,,-0.36,-0.71,
APTECHT,Commercial Services,Miscellaneous Commercial Services,,unmapped,-6.6809684339564885,-13.000000000000004,-0.84,0.19,,-5.84,-13.19,
REPRO,Commercial Services,Commercial Printing/Forms,,unmapped,-0.6279225116900529,0.0,-0.84,0.19,,0.21,-0.19,
SAAKSHI,Producer Manufacturing,Electrical Products,NIFTY_INFRA,industry,2.0241537676475554,1.4890016920473697,-0.84,0.19,-0.98,2.86,1.3,2.47
RUSHIL,Non-Energy Minerals,Forest Products,NIFTY_METAL,sector,15.700325732899037,-2.040816326530598,-0.84,0.19,-4.41,16.54,-2.23,2.37
UNIVPHOTO,Consumer Durables,Electronics/Appliances,NIFTY_AUTO,sector,15.8952496954933,30.539168610234604,-0.84,0.19,1.4,16.74,30.35,29.14
SREEL,Retail Trade,Apparel/Footwear Retail,NIFTY_FMCG,sector,7.914792899408284,9.25952552120776,-0.84,0.19,-1.63,8.75,9.07,10.89
DCMSRIND,Process Industries,Agricultural Commodities/Milling,,unmapped,-0.3998000999500342,4.209150326797384,-0.84,0.19,,0.44,4.02,
PASUPTAC,Process Industries,Textiles,,unmapped,-2.1790540540540646,-12.917293233082711,-0.84,0.19,,-1.34,-13.11,
DISHTV,Communications,Specialty Telecommunications,,unmapped,-4.081632653061228,-8.737864077669903,-0.84,0.19,,-3.24,-8.93,
PTL,Finance,Real Estate Development,NIFTY_REALTY,industry,-2.094763092269335,-8.463511307997207,-0.84,0.19,12.78,-1.25,-8.65,-21.24
SCHAND,Consumer Services,Publishing: Books/Magazines,NIFTY_FMCG,sector,-1.230522303216748,-1.6514616767663248,-0.84,0.19,-1.63,-0.39,-1.84,-0.02
GLOBAL,Commercial Services,Miscellaneous Commercial Services,,unmapped,-1.363636363636374,-4.83344219464403,-0.84,0.19,,-0.52,-5.02,
CSM,Technology Services,Information Technology Services,NIFTY_IT,industry,-5.394112060778721,-11.840707964601766,-0.84,0.19,5.63,-4.55,-12.03,-17.47
RKSWAMY,Commercial Services,Advertising/Marketing Services,,unmapped,-3.44794742356414,5.913697628252024,-0.84,0.19,,-2.61,5.72,
ENIL,Consumer Services,Broadcasting,NIFTY_FMCG,sector,0.0094679038060887,-3.9727272727272767,-0.84,0.19,-1.63,0.85,-4.16,-2.34
SUKHJITS,Consumer Non-Durables,Food: Specialty/Candy,NIFTY_FMCG,industry,-5.326603325415676,-9.409625546906074,-0.84,0.19,-1.63,-4.49,-9.6,-7.78
IRIS,Technology Services,Data Processing Services,NIFTY_IT,industry,-3.206650831353917,-10.110294117647058,-0.84,0.19,5.63,-2.37,-10.3,-15.74
NAHARINDUS,Process Industries,Textiles,,unmapped,-0.6473594548552002,-3.555482057218453,-0.84,0.19,,0.19,-3.75,
OSWALAGRO,Finance,Real Estate Development,NIFTY_REALTY,industry,-4.296675191815856,-14.76082004555808,-0.84,0.19,12.78,-3.46,-14.95,-27.54
ELIN,Electronic Technology,Electronic Production Equipment,NIFTY_IT,sector,-7.559414990859241,-3.234140273658032,-0.84,0.19,5.63,-6.72,-3.42,-8.86
SAYAJIHOTL,Consumer Services,Hotels/Resorts/Cruise lines,NIFTY_FMCG,sector,-0.1333333333333257,2.252559726962465,-0.84,0.19,-1.63,0.71,2.06,3.88
THEINVEST,Finance,Investment Banks/Brokers,NIFTY_FIN_SERVICE,industry,-1.2446841613940494,-3.0448065173116183,-0.84,0.19,1.89,-0.4,-3.23,-4.93
KAMATHOTEL,Consumer Services,Hotels/Resorts/Cruise lines,NIFTY_FMCG,sector,-5.730531244773942,-8.34146341463414,-0.84,0.19,-1.63,-4.89,-8.53,-6.71
GFLLIMITED,Consumer Services,Movies/Entertainment,NIFTY_FMCG,sector,-0.9698275862068874,-3.668763102725367,-0.84,0.19,-1.63,-0.13,-3.86,-2.04
ZEEMEDIA,Consumer Services,Broadcasting,NIFTY_FMCG,sector,-2.447980416156673,-6.783625730994163,-0.84,0.19,-1.63,-1.61,-6.97,-5.15
GPECO,Distribution Services,Wholesale Distributors,,unmapped,-0.9294117647058796,-2.995046653611335,-0.84,0.19,,-0.09,-3.19,
BLACKROSE,Distribution Services,Wholesale Distributors,,unmapped,-4.000800160032006,-21.520850367947663,-0.84,0.19,,-3.16,-21.71,
TERASOFT,Technology Services,Information Technology Services,NIFTY_IT,industry,-1.7101485457496,-0.831234256926955,-0.84,0.19,5.63,-0.87,-1.02,-6.46
PLASTIBLEN,Process Industries,Chemicals: Major Diversified,,unmapped,-6.044776119402988,6.725063577281721,-0.84,0.19,,-5.2,6.54,
CSLFINANCE,Finance,Investment Banks/Brokers,NIFTY_FIN_SERVICE,industry,-0.0747663551401853,-6.599694256387852,-0.84,0.19,1.89,0.77,-6.79,-8.49
BMWVENTLTD,Distribution Services,Wholesale Distributors,,unmapped,-3.5494880546075054,-1.874999999999997,-0.84,0.19,,-2.71,-2.06,
OMAXAUTO,Producer Manufacturing,Auto Parts: OEM,NIFTY_AUTO,industry,-3.515575062854221,1.1842516870000346,-0.84,0.19,1.4,-2.68,0.99,-0.22
DAVANGERE,Process Industries,Agricultural Commodities/Milling,,unmapped,-2.5641025641025603,-4.735376044568243,-0.84,0.19,,-1.72,-4.93,
SRGHFL,Finance,Finance/Rental/Leasing,NIFTY_FIN_SERVICE,industry,3.1666666666666665,5.200543847722642,-0.84,0.19,1.89,4.01,5.01,3.31
FOCUS,Producer Manufacturing,Electrical Products,NIFTY_INFRA,industry,-7.349923037455093,-21.180707114797027,-0.84,0.19,-0.98,-6.51,-21.37,-20.2
MIRZAINT,Consumer Non-Durables,Apparel/Footwear,NIFTY_FMCG,sector,-6.181428953706169,10.25157232704403,-0.84,0.19,-1.63,-5.34,10.06,11.88
AMCL,Non-Energy Minerals,Aluminum,NIFTY_METAL,industry,-0.0732064421669134,-17.272727272727273,-0.84,0.19,-4.41,0.77,-17.46,-12.86
URJA,Electronic Technology,Semiconductors,NIFTY_IT,sector,-2.123142250530778,-7.707707707707703,-0.84,0.19,5.63,-1.28,-7.9,-13.34
ORIENTCER,Non-Energy Minerals,Aluminum,NIFTY_METAL,industry,-2.0187454938716565,0.4434589800443451,-0.84,0.19,-4.41,-1.18,0.25,4.85
SUPREMEPWR,Producer Manufacturing,Electrical Products,NIFTY_INFRA,industry,-11.728253385356888,-27.97752808988764,-0.84,0.19,-0.98,-10.89,-28.17,-27.0
HALEOSLABS,Health Technology,Biotechnology,NIFTY_PHARMA,industry,-4.984250509542328,10.971651157758073,-0.84,0.19,2.66,-4.14,10.78,8.31
INTLCONV,Producer Manufacturing,Miscellaneous Manufacturing,NIFTY_INFRA,sector,-3.173784027867382,-9.53471552555448,-0.84,0.19,-0.98,-2.33,-9.72,-8.55
MANAKSTEEL,Non-Energy Minerals,Steel,NIFTY_METAL,industry,-9.518935516888432,-3.123287671232878,-0.84,0.19,-4.41,-8.68,-3.31,1.29
WSI,Producer Manufacturing,Electrical Products,NIFTY_INFRA,industry,0.4837929366231322,-7.8663315096850415,-0.84,0.19,-0.98,1.32,-8.06,-6.89
ANLON,Distribution Services,Wholesale Distributors,,unmapped,3.2595376194755405,-6.598684696667403,-0.84,0.19,,4.1,-6.79,
C2C,Technology Services,Packaged Software,NIFTY_IT,industry,-31.90852490421456,-27.65551456557689,-0.84,0.19,5.63,-31.07,-27.85,-33.29
DCI,Electronic Technology,Telecommunications Equipment,NIFTY_IT,sector,6.70991658943467,4.748908296943236,-0.84,0.19,5.63,7.55,4.56,-0.88
ADVANIHOTR,Consumer Services,Hotels/Resorts/Cruise lines,NIFTY_FMCG,sector,-1.6923076923076972,-6.167400881057268,-0.84,0.19,-1.63,-0.85,-6.36,-4.54
GUJAPOLLO,Producer Manufacturing,Trucks/Construction/Farm Machinery,NIFTY_INFRA,industry,3.773853602962119,-2.5802139037433096,-0.84,0.19,-0.98,4.61,-2.77,-1.6
UNIDT,Industrial Services,Oilfield Services/Equipment,NIFTY_INFRA,sector,-1.68307259623836,3.4637439881612933,-0.84,0.19,-0.98,-0.84,3.27,4.44
SHARDUL,Finance,Investment Banks/Brokers,NIFTY_FIN_SERVICE,industry,4.462197973499609,80.56584708656113,-0.84,0.19,1.89,5.3,80.38,78.68
IGCL,Process Industries,Chemicals: Agricultural,,unmapped,3.642430140414278,23.83720930232557,-0.84,0.19,,4.48,23.65,
DICIND,Process Industries,Industrial Specialties,,unmapped,0.4854368932038835,2.0710059171597632,-0.84,0.19,,1.33,1.88,
ORIENTBELL,Producer Manufacturing,Building Products,NIFTY_INFRA,sector,1.525262154432797,-0.4827908425478933,-0.84,0.19,-0.98,2.37,-0.67,0.5
SJLOGISTIC,Transportation,Airlines,,unmapped,-8.4776119402985,-9.8235294117647,-0.84,0.19,,-7.64,-10.01,
NILASPACES,Consumer Durables,Homebuilding,NIFTY_REALTY,industry,-2.1399176954732493,-9.7875569044006,-0.84,0.19,12.78,-1.3,-9.98,-22.57
BLUEWATER,Transportation,Air Freight/Couriers,,unmapped,-2.0624495909666987,26.884609643230338,-0.84,0.19,,-1.22,26.69,
KHAICHEM,Process Industries,Chemicals: Agricultural,,unmapped,-2.062908496732022,-13.929276611021356,-0.84,0.19,,-1.22,-14.12,
GRETEX,Consumer Non-Durables,Apparel/Footwear,NIFTY_FMCG,sector,-1.3157894736842106,11.11111111111111,-0.84,0.19,-1.63,-0.48,10.92,12.74
HLVLTD,Consumer Services,Hotels/Resorts/Cruise lines,NIFTY_FMCG,sector,-5.488621151271756,-13.26781326781328,-0.84,0.19,-1.63,-4.65,-13.46,-11.64
SUNLITE,Non-Energy Minerals,Other Metals/Minerals,NIFTY_METAL,industry,-0.7017543859649122,-2.6376146788990824,-0.84,0.19,-4.41,0.14,-2.83,1.77
RAMAPHO,Process Industries,Chemicals: Agricultural,,unmapped,6.585365853658532,-2.8888888888888933,-0.84,0.19,,7.43,-3.08,
MANCREDIT,Finance,Finance/Rental/Leasing,NIFTY_FIN_SERVICE,industry,-6.508695652173913,-4.004464285714286,-0.84,0.19,1.89,-5.67,-4.19,-5.89
DENORA,Electronic Technology,Electronic Equipment/Instruments,NIFTY_IT,sector,-5.235369310287336,-3.992117117117122,-0.84,0.19,5.63,-4.4,-4.18,-9.62
MANORG,Process Industries,Chemicals: Specialty,,unmapped,-8.939130434782605,-9.72413793103448,-0.84,0.19,,-8.1,-9.91,
E2ERAIL,Industrial Services,Engineering & Construction,NIFTY_INFRA,industry,-1.872308556450103,-6.427423674343867,-0.84,0.19,-0.98,-1.03,-6.62,-5.45
AASTHA,Process Industries,Textiles,,unmapped,-11.641122782848283,-24.54411764705882,-0.84,0.19,,-10.8,-24.73,
THOMASCOTT,Consumer Non-Durables,Apparel/Footwear,NIFTY_FMCG,sector,-3.7007997490983255,-0.7113985448666091,-0.84,0.19,-1.63,-2.86,-0.9,0.92
UGARSUGAR,Process Industries,Agricultural Commodities/Milling,,unmapped,-0.8239700374531793,-0.6751687921980573,-0.84,0.19,,0.02,-0.87,
TECHD,Technology Services,Packaged Software,NIFTY_IT,industry,-5.867086118757366,-5.755905511811016,-0.84,0.19,5.63,-5.03,-5.95,-11.39
VINYLINDIA,Distribution Services,Wholesale Distributors,,unmapped,-3.288162614587485,-7.314744079449963,-0.84,0.19,,-2.45,-7.5,
DIGISPICE,Technology Services,Packaged Software,NIFTY_IT,industry,-3.04437564499484,-3.5420944558521628,-0.84,0.19,5.63,-2.2,-3.73,-9.17
DONEAR,Process Industries,Textiles,,unmapped,2.0580537711158744,-4.677777777777771,-0.84,0.19,,2.9,-4.87,
TIRUPATI,Process Industries,Containers/Packaging,,unmapped,-4.99352890422779,-13.637254901960786,-0.84,0.19,,-4.15,-13.83,
MAZDA,Producer Manufacturing,Industrial Machinery,NIFTY_INFRA,industry,-7.644046094750331,-12.025856811806324,-0.84,0.19,-0.98,-6.8,-12.22,-11.05
UNIVASTU,Industrial Services,Engineering & Construction,NIFTY_INFRA,industry,6.629881886369525,36.73852957435047,-0.84,0.19,-0.98,7.47,36.55,37.72
ARIES,Process Industries,Chemicals: Agricultural,,unmapped,-0.900770013075684,2.110778443113776,-0.84,0.19,,-0.06,1.92,
BASILIC,Consumer Services,Movies/Entertainment,NIFTY_FMCG,sector,-5.087281795511216,-7.215992198927344,-0.84,0.19,-1.63,-4.25,-7.41,-5.59
LIBERTSHOE,Consumer Non-Durables,Apparel/Footwear,NIFTY_FMCG,sector,0.5646417445482822,2.447635671215482,-0.84,0.19,-1.63,1.4,2.26,4.08
BBTCL,Process Industries,Containers/Packaging,,unmapped,0.9720930232558156,3.3319053738873814,-0.84,0.19,,1.81,3.14,
SILINV,Finance,Financial Conglomerates,NIFTY_FIN_SERVICE,industry,-3.9467592592592617,-4.871618523613022,-0.84,0.19,1.89,-3.11,-5.06,-6.76
MAJESAUT,Commercial Services,Miscellaneous Commercial Services,,unmapped,6.244503078276171,24.352941176470598,-0.84,0.19,,7.08,24.16,
CYBERTECH,Technology Services,Information Technology Services,NIFTY_IT,industry,2.6987916937992837,-2.814104758644309,-0.84,0.19,5.63,3.54,-3.0,-8.44
SHAH,Non-Energy Minerals,Steel,NIFTY_METAL,industry,-5.206073752711501,-4.166666666666656,-0.84,0.19,-4.41,-4.37,-4.36,0.24
ABCOTS,Consumer Non-Durables,Apparel/Footwear,NIFTY_FMCG,sector,-3.174679874365786,-18.478437754271773,-0.84,0.19,-1.63,-2.33,-18.67,-16.85
NIMBSPROJ,Finance,Real Estate Development,NIFTY_REALTY,industry,4.252400548696845,-10.356216088700162,-0.84,0.19,12.78,5.09,-10.55,-23.14
TARACHAND,Finance,Finance/Rental/Leasing,NIFTY_FIN_SERVICE,industry,-4.531249999999999,-5.352839931153183,-0.84,0.19,1.89,-3.69,-5.54,-7.24
SHERA,Producer Manufacturing,Electrical Products,NIFTY_INFRA,industry,5.446428571428575,6.3963963963964,-0.84,0.19,-0.98,6.29,6.21,7.38
BANSWRAS,Process Industries,Textiles,,unmapped,-4.3796711509716095,-1.2046332046332064,-0.84,0.19,,-3.54,-1.39,
TEJA,Industrial Services,Engineering & Construction,NIFTY_INFRA,industry,18.597883597883605,60.873205741626805,-0.84,0.19,-0.98,19.44,60.68,61.85
SBGLP,Finance,Real Estate Development,NIFTY_REALTY,industry,1.750000000000007,-6.221198156682018,-0.84,0.19,12.78,2.59,-6.41,-19.0
ACL,Non-Energy Minerals,Construction Materials,NIFTY_INFRA,industry,-4.678954830868939,-13.31736968134094,-0.84,0.19,-0.98,-3.84,-13.51,-12.34
VRAJ,Non-Energy Minerals,Steel,NIFTY_METAL,industry,-12.042205582028588,6.1011660371161165,-0.84,0.19,-4.41,-11.2,5.91,10.51
KAYA,Consumer Non-Durables,Household/Personal Care,NIFTY_FMCG,industry,16.332578719901218,11.2628926856153,-0.84,0.19,-1.63,17.17,11.07,12.89
MAWANASUG,Consumer Non-Durables,Food: Specialty/Candy,NIFTY_FMCG,industry,-2.298136645962736,-3.6657917760279943,-0.84,0.19,-1.63,-1.46,-3.86,-2.04
SARVESHWAR,Process Industries,Agricultural Commodities/Milling,,unmapped,-3.6312849162011145,-11.311053984575834,-0.84,0.19,,-2.79,-11.5,
LORDSCHLO,Process Industries,Chemicals: Specialty,,unmapped,8.795620437956213,8.400000000000007,-0.84,0.19,,9.64,8.21,
CPL,Producer Manufacturing,Miscellaneous Manufacturing,NIFTY_INFRA,sector,-2.5397711415015256,-2.5397711415015256,-0.84,0.19,-0.98,-1.7,-2.73,-1.56
NDLVENTURE,Consumer Services,Cable/Satellite TV,NIFTY_FMCG,sector,-2.9790535298681173,-8.521688245190552,-0.84,0.19,-1.63,-2.14,-8.71,-6.89
DIVINEHIRA,Consumer Durables,Other Consumer Specialties,NIFTY_AUTO,sector,-7.768240343347638,-2.318180841363619,-0.84,0.19,1.4,-6.93,-2.51,-3.72
RAMANEWS,Process Industries,Pulp & Paper,,unmapped,-0.1398112548060089,-3.414469235970244,-0.84,0.19,,0.7,-3.6,
MONEYBOXX,Finance,Regional Banks,NIFTY_BANK,industry,-1.5109213335523102,-11.795852331225174,-0.84,0.19,-1.03,-0.67,-11.99,-10.77
GANESHIN,Industrial Services,Engineering & Construction,NIFTY_INFRA,industry,3.723404255319149,-1.015228426395939,-0.84,0.19,-0.98,4.56,-1.21,-0.04
ESSARSHPNG,Transportation,Other Transportation,,unmapped,-2.1348859776807267,-13.24731182795698,-0.84,0.19,,-1.29,-13.44,
IL&FSENGG,Industrial Services,Engineering & Construction,NIFTY_INFRA,industry,12.51336898395721,1.8064516129032215,-0.84,0.19,-0.98,13.35,1.62,2.79
EMAMIREAL,Finance,Real Estate Development,NIFTY_REALTY,industry,1.808917197452232,-8.085106382978724,-0.84,0.19,12.78,2.65,-8.28,-20.87
SINGERIND,Consumer Durables,Electronics/Appliances,NIFTY_AUTO,sector,-1.5702108568865132,-4.192139737991281,-0.84,0.19,1.4,-0.73,-4.38,-5.59
SURAJLTD,Non-Energy Minerals,Steel,NIFTY_METAL,industry,-1.2053571428571377,-2.9385964912280653,-0.84,0.19,-4.41,-0.37,-3.13,1.47
KOTHARIPRO,Distribution Services,Wholesale Distributors,,unmapped,-1.046511627906975,-2.742857142857145,-0.84,0.19,,-0.21,-2.93,
3IINFOLTD,Technology Services,Information Technology Services,NIFTY_IT,industry,8.760330578512397,15.371127995324366,-0.84,0.19,5.63,9.6,15.18,9.74
NEPTUNE,Non-Energy Minerals,Construction Materials,NIFTY_INFRA,industry,-3.7433155080213902,-5.2631578947368425,-0.84,0.19,-0.98,-2.9,-5.45,-4.28
FOODSIN,Consumer Non-Durables,Food: Specialty/Candy,NIFTY_FMCG,industry,-8.402662229617311,-6.647447854841448,-0.84,0.19,-1.63,-7.56,-6.84,-5.02
NAHARCAP,Finance,Investment Managers,NIFTY_FIN_SERVICE,industry,-2.724028548770808,-3.3753446238676617,-0.84,0.19,1.89,-1.88,-3.57,-5.27
HARRMALAYA,Process Industries,Agricultural Commodities/Milling,,unmapped,-1.6188273704257894,6.876847290640399,-0.84,0.19,,-0.78,6.69,
PPAP,Producer Manufacturing,Auto Parts: OEM,NIFTY_AUTO,industry,-3.2066666666666683,22.008403361344534,-0.84,0.19,1.4,-2.37,21.82,20.61
GINNIFILA,Process Industries,Textiles,,unmapped,-5.861172234446889,-5.879999999999996,-0.84,0.19,,-5.02,-6.07,
TOLINS,Consumer Durables,Automotive Aftermarket,NIFTY_AUTO,industry,0.0487092060399387,-4.792806155557617,-0.84,0.19,1.4,0.89,-4.98,-6.19
PATILAUTOM,Producer Manufacturing,Auto Parts: OEM,NIFTY_AUTO,industry,-4.953560371517039,-4.806201550387603,-0.84,0.19,1.4,-4.11,-5.0,-6.21
CHAVDA,Consumer Durables,Homebuilding,NIFTY_REALTY,industry,16.469474680548974,35.816777041942615,-0.84,0.19,12.78,17.31,35.63,23.04
EUROBOND,Non-Energy Minerals,Aluminum,NIFTY_METAL,industry,-4.003564003563993,-7.126027239813791,-0.84,0.19,-4.41,-3.16,-7.32,-2.72
SHIVALIK,Process Industries,Chemicals: Agricultural,,unmapped,16.403669724770637,15.29304861426624,-0.84,0.19,,17.24,15.1,
AUTOIND,Producer Manufacturing,Auto Parts: OEM,NIFTY_AUTO,industry,-7.505263157894732,7.855652387381865,-0.84,0.19,1.4,-6.67,7.67,6.46
ECOLINE,Consumer Durables,Home Furnishings,NIFTY_AUTO,sector,-0.5102040816326531,-4.878048780487805,-0.84,0.19,1.4,0.33,-5.07,-6.28
BATLIBOI,Producer Manufacturing,Industrial Machinery,NIFTY_INFRA,industry,-0.0353107344632614,-6.670329670329663,-0.84,0.19,-0.98,0.8,-6.86,-5.69
MEGATHERM,Producer Manufacturing,Industrial Machinery,NIFTY_INFRA,industry,-7.826086956521739,-4.072398190045249,-0.84,0.19,-0.98,-6.99,-4.26,-3.09
AFIL,Technology Services,Internet Software/Services,NIFTY_IT,industry,-6.211812627291236,-12.285714285714278,-0.84,0.19,5.63,-5.37,-12.48,-17.92
RUBFILA,Process Industries,Industrial Specialties,,unmapped,-3.702727632099094,2.1954971332680646,-0.84,0.19,,-2.86,2.01,
DJML,Commercial Services,Commercial Printing/Forms,,unmapped,7.915094339622642,-2.021413276231263,-0.84,0.19,,8.76,-2.21,
ALBERTDAVD,Health Technology,Pharmaceuticals: Major,NIFTY_PHARMA,industry,1.1808171544479826,-2.0615665100623985,-0.84,0.19,2.66,2.02,-2.25,-4.72
RADIANTCMS,Commercial Services,Miscellaneous Commercial Services,,unmapped,-4.077922077922079,-7.443609022556388,-0.84,0.19,,-3.24,-7.63,
TEAMTECH,Producer Manufacturing,Metal Fabrication,NIFTY_INFRA,industry,12.051282051282048,39.91462113127,-0.84,0.19,-0.98,12.89,39.72,40.89
GOKUL,Process Industries,Agricultural Commodities/Milling,,unmapped,-2.4099378881987548,-7.117521872783159,-0.84,0.19,,-1.57,-7.31,
MARKOLINES,Industrial Services,Engineering & Construction,NIFTY_INFRA,industry,1.5417484698002006,2.2383720930232527,-0.84,0.19,-0.98,2.38,2.05,3.22
ATMASTCO,Producer Manufacturing,Metal Fabrication,NIFTY_INFRA,industry,-0.6935687263556081,-10.511363636363637,-0.84,0.19,-0.98,0.15,-10.7,-9.53
ATALREAL,Consumer Durables,Homebuilding,NIFTY_REALTY,industry,2.2439024390243945,3.5232136977280217,-0.84,0.19,12.78,3.08,3.33,-9.26
CONNPLEX,Consumer Services,Movies/Entertainment,NIFTY_FMCG,sector,0.5185185185185242,-0.220588235294112,-0.84,0.19,-1.63,1.36,-0.41,1.41
SIGMA,Technology Services,Packaged Software,NIFTY_IT,industry,5.398671096345523,-0.7042253521126841,-0.84,0.19,5.63,6.24,-0.89,-6.33
COMMITTED,Transportation,Trucking,,unmapped,8.133971291866029,6.269592476489028,-0.84,0.19,,8.97,6.08,
ASAHISONG,Process Industries,Chemicals: Specialty,,unmapped,19.059538709100668,30.05859375,-0.84,0.19,,19.9,29.87,
MOLDTECH,Industrial Services,Engineering & Construction,NIFTY_INFRA,industry,6.432748538011696,-0.0074244561585796,-0.84,0.19,-0.98,7.27,-0.2,0.97
AVG,Transportation,Air Freight/Couriers,,unmapped,1.288236757025603,13.511705685618718,-0.84,0.19,,2.13,13.32,
GVKPIL,Industrial Services,Engineering & Construction,NIFTY_INFRA,industry,-2.0161290322580574,-10.989010989010982,-0.84,0.19,-0.98,-1.18,-11.18,-10.01
MEGASTAR,Process Industries,Agricultural Commodities/Milling,,unmapped,3.272727272727276,0.8433200177541124,-0.84,0.19,,4.11,0.65,
KRITINUT,Process Industries,Agricultural Commodities/Milling,,unmapped,-2.0703125000000044,-12.536341435050588,-0.84,0.19,,-1.23,-12.73,
VGINFOTECH,Technology Services,Packaged Software,NIFTY_IT,industry,2.500833611203735,0.1302931596091131,-0.84,0.19,5.63,3.34,-0.06,-5.5
ABMKNO,Technology Services,Packaged Software,NIFTY_IT,industry,-3.989697490025745,-6.831658907130604,-0.84,0.19,5.63,-3.15,-7.02,-12.46
INSPIRISYS,Technology Services,Information Technology Services,NIFTY_IT,industry,-1.141298858701151,-11.018181818181825,-0.84,0.19,5.63,-0.3,-11.21,-16.65
SINCLAIR,Consumer Services,Hotels/Resorts/Cruise lines,NIFTY_FMCG,sector,-0.3066666666666719,-4.030291361827751,-0.84,0.19,-1.63,0.53,-4.22,-2.4
VISHNUINFR,Non-Energy Minerals,Construction Materials,NIFTY_INFRA,industry,-0.0644745325596352,-4.320987654320987,-0.84,0.19,-0.98,0.78,-4.51,-3.34
MBLINFRA,Industrial Services,Engineering & Construction,NIFTY_INFRA,industry,-2.923076923076929,-6.136110078095955,-0.84,0.19,-0.98,-2.08,-6.33,-5.16
ZODIAC,Producer Manufacturing,Building Products,NIFTY_INFRA,sector,-5.349406667922392,-11.15629420084866,-0.84,0.19,-0.98,-4.51,-11.35,-10.18
MENNPIS,Producer Manufacturing,Auto Parts: OEM,NIFTY_AUTO,industry,0.6942553770759667,2.3806228373702405,-0.84,0.19,1.4,1.53,2.19,0.98
S&SPOWER,Producer Manufacturing,Electrical Products,NIFTY_INFRA,industry,3.67164179104478,-9.745322245322246,-0.84,0.19,-0.98,4.51,-9.94,-8.77
AEPL,Producer Manufacturing,Electrical Products,NIFTY_INFRA,industry,-6.849315068493138,-8.836075563680678,-0.84,0.19,-0.98,-6.01,-9.03,-7.86
JKIPL,Distribution Services,Wholesale Distributors,,unmapped,2.6978226234731726,-10.472222222222223,-0.84,0.19,,3.54,-10.66,
MADHUSUDAN,Consumer Non-Durables,Food: Major Diversified,NIFTY_FMCG,industry,-2.3060796645702304,20.72538860103627,-0.84,0.19,-1.63,-1.47,20.54,22.36
ORIENTPPR,Process Industries,Pulp & Paper,,unmapped,3.411764705882343,1.7361111111110945,-0.84,0.19,,4.25,1.55,
MAXVOLT,Producer Manufacturing,Electrical Products,NIFTY_INFRA,industry,-8.212238368217573,-9.407894736842104,-0.84,0.19,-0.98,-7.37,-9.6,-8.43
XTGLOBAL,Technology Services,Information Technology Services,NIFTY_IT,industry,-3.014553014553018,-9.41747572815534,-0.84,0.19,5.63,-2.17,-9.61,-15.05
AKIKO,Finance,Finance/Rental/Leasing,NIFTY_FIN_SERVICE,industry,13.596850910283742,27.059255182535317,-0.84,0.19,1.89,14.44,26.87,25.17
HCL_INSYS,Technology Services,Information Technology Services,NIFTY_IT,industry,-3.735144312393884,-7.729861676159474,-0.84,0.19,5.63,-2.9,-7.92,-13.36
ROSSELLIND,Electronic Technology,Aerospace & Defense,NIFTY_IT,sector,-1.6026711185308862,4.337050805452285,-0.84,0.19,5.63,-0.76,4.15,-1.29
MANAKSIA,Non-Energy Minerals,Steel,NIFTY_METAL,industry,-3.0734502517798283,-4.630104220058092,-0.84,0.19,-4.41,-2.23,-4.82,-0.22
KESORAMIND,Non-Energy Minerals,Construction Materials,NIFTY_INFRA,industry,2.716914986853641,3.2599118942731367,-0.84,0.19,-0.98,3.56,3.07,4.24
KOTYARK,Process Industries,Industrial Specialties,,unmapped,-8.825214899713462,-26.512702078521936,-0.84,0.19,,-7.99,-26.7,
AVANA,Producer Manufacturing,Electrical Products,NIFTY_INFRA,industry,3.71819960861056,23.25581395348837,-0.84,0.19,-0.98,4.56,23.07,24.24
MANOMAY,Process Industries,Textiles,,unmapped,13.916366906474831,9.675324675324672,-0.84,0.19,,14.76,9.49,
SHEMAROO,Consumer Services,Movies/Entertainment,NIFTY_FMCG,sector,-3.8345745523688826,-6.486902927580905,-0.84,0.19,-1.63,-2.99,-6.68,-4.86
DREAMFOLKS,Transportation,Other Transportation,,unmapped,-2.9956584659913075,-4.1058655221745415,-0.84,0.19,,-2.16,-4.3,
GSMFOILS,Non-Energy Minerals,Aluminum,NIFTY_METAL,industry,3.544776119402985,18.08510638297872,-0.84,0.19,-4.41,4.38,17.9,22.5
UYFINCORP,Finance,Finance/Rental/Leasing,NIFTY_FIN_SERVICE,industry,11.531531531531543,31.79559971611072,-0.84,0.19,1.89,12.37,31.61,29.91
MUTHOOTCAP,Finance,Finance/Rental/Leasing,NIFTY_FIN_SERVICE,industry,-10.89203834931221,4.27804878048781,-0.84,0.19,1.89,-10.05,4.09,2.39
CLAYCRAFT,Consumer Durables,Home Furnishings,NIFTY_AUTO,sector,-0.1759530791788923,-19.336492890995267,-0.84,0.19,1.4,0.66,-19.53,-20.74
DBEIL,Industrial Services,Engineering & Construction,NIFTY_INFRA,industry,-6.075949367088612,-8.395061728395058,-0.84,0.19,-0.98,-5.24,-8.59,-7.42
BEDMUTHA,Non-Energy Minerals,Steel,NIFTY_METAL,industry,-2.383561643835616,-3.0915684496826805,-0.84,0.19,-4.41,-1.54,-3.28,1.32
VPRPL,Industrial Services,Engineering & Construction,NIFTY_INFRA,industry,9.803921568627452,-5.533063427800272,-0.84,0.19,-0.98,10.64,-5.72,-4.55
DANGEE,Consumer Non-Durables,Food: Specialty/Candy,NIFTY_FMCG,industry,-5.144694533762048,-6.34920634920634,-0.84,0.19,-1.63,-4.3,-6.54,-4.72
TRANSWORLD,Transportation,Marine Shipping,,unmapped,-0.7124999999999915,-6.277286135693207,-0.84,0.19,,0.13,-6.47,
GOACARBON,Process Industries,Industrial Specialties,,unmapped,-1.662303664921472,-6.157881588808403,-0.84,0.19,,-0.82,-6.35,
HIGREEN,Industrial Services,Environmental Services,NIFTY_INFRA,sector,2.0029673590504364,-8.02675585284281,-0.84,0.19,-0.98,2.84,-8.22,-7.05
CPEDU,Commercial Services,Miscellaneous Commercial Services,,unmapped,-2.473849372384932,-14.384756657483935,-0.84,0.19,,-1.63,-14.57,
GRCL,Producer Manufacturing,Miscellaneous Manufacturing,NIFTY_INFRA,sector,-1.909150757077028,-0.4426626576463672,-0.84,0.19,-0.98,-1.07,-0.63,0.54
SHETHJI,Consumer Non-Durables,Food: Major Diversified,NIFTY_FMCG,industry,0.6711409395973155,0.0,-0.84,0.19,-1.63,1.51,-0.19,1.63
ESFL,Producer Manufacturing,Miscellaneous Manufacturing,NIFTY_INFRA,sector,22.521310004486324,17.361409540180507,-0.84,0.19,-0.98,23.36,17.17,18.34
SHANKARA,Retail Trade,Home Improvement Chains,NIFTY_FMCG,sector,0.6322293268194522,11.087318581965256,-0.84,0.19,-1.63,1.47,10.9,12.72
KRITI,Producer Manufacturing,Miscellaneous Manufacturing,NIFTY_INFRA,sector,-5.500808942491536,-11.974243046992733,-0.84,0.19,-0.98,-4.66,-12.16,-10.99
BRANDMAN,Retail Trade,Apparel/Footwear Retail,NIFTY_FMCG,sector,-5.310880829015544,0.4672897196261651,-0.84,0.19,-1.63,-4.47,0.28,2.1
VARDHACRLC,Consumer Non-Durables,Apparel/Footwear,NIFTY_FMCG,sector,-3.5853826706504144,-6.152125279642058,-0.84,0.19,-1.63,-2.75,-6.34,-4.52
SHEETAL,Consumer Non-Durables,Food: Specialty/Candy,NIFTY_FMCG,industry,0.0850340136054421,1.4655172413793105,-0.84,0.19,-1.63,0.93,1.28,3.1
COASTCORP,Transportation,Marine Shipping,,unmapped,-8.047882136279922,-3.0297145076713967,-0.84,0.19,,-7.21,-3.22,
CLEDUCATE,Commercial Services,Miscellaneous Commercial Services,,unmapped,5.821025195482192,19.41176470588235,-0.84,0.19,,6.66,19.22,
TAURIAN,Producer Manufacturing,Trucks/Construction/Farm Machinery,NIFTY_INFRA,industry,5.027932960893855,24.503311258278146,-0.84,0.19,-0.98,5.87,24.31,25.48
APEXECO,Utilities,Water Utilities,NIFTY_ENERGY,sector,-3.076923076923077,0.398406374501992,-0.84,0.19,-2.39,-2.24,0.21,2.79
TIGERLOGS,Transportation,Air Freight/Couriers,,unmapped,-4.5592705167173255,-17.106652587117225,-0.84,0.19,,-3.72,-17.3,
NDL,Process Industries,Textiles,,unmapped,-4.149377593360999,-8.333333333333332,-0.84,0.19,,-3.31,-8.52,
TREJHARA,Technology Services,Information Technology Services,NIFTY_IT,industry,-1.5957446808510638,-5.612244897959184,-0.84,0.19,5.63,-0.76,-5.8,-11.24
SOMATEX,Process Industries,Textiles,,unmapped,-8.872858431018939,6.446176532546876,-0.84,0.19,,-8.03,6.26,
FROG,Electronic Technology,Telecommunications Equipment,NIFTY_IT,sector,23.62573099415205,40.93333333333334,-0.84,0.19,5.63,24.47,40.74,35.3
MEDICAMEQ,Health Technology,Pharmaceuticals: Major,NIFTY_PHARMA,industry,3.354700854700852,-0.2680412371134044,-0.84,0.19,2.66,4.19,-0.46,-2.93
PURPLEUTED,Consumer Non-Durables,Apparel/Footwear,NIFTY_FMCG,sector,-15.423686818632309,-29.473140495867764,-0.84,0.19,-1.63,-14.58,-29.66,-27.84
ALPINETEX,Process Industries,Textiles,,unmapped,-18.533333333333328,-18.533333333333328,-0.84,0.19,,-17.69,-18.72,
VALIANTLAB,Health Technology,Pharmaceuticals: Major,NIFTY_PHARMA,industry,-3.3018867924528323,-9.625275532696543,-0.84,0.19,2.66,-2.46,-9.82,-12.29
YAAP,Technology Services,Packaged Software,NIFTY_IT,industry,-3.0754892823858277,-10.882604970008575,-0.84,0.19,5.63,-2.24,-11.07,-16.51
INFINIUM,Health Technology,Pharmaceuticals: Major,NIFTY_PHARMA,industry,-0.2386634844868735,-3.9080459770114944,-0.84,0.19,2.66,0.6,-4.1,-6.57
PSRAJ,Non-Energy Minerals,Steel,NIFTY_METAL,industry,-79.34912658530749,-79.4474874970231,-0.84,0.19,-4.41,-78.51,-79.64,-75.04
AARTISURF,Process Industries,Chemicals: Major Diversified,,unmapped,-1.6494845360824684,3.7520391517128906,-0.84,0.19,,-0.81,3.56,
HPTL,Distribution Services,Wholesale Distributors,,unmapped,-6.258620689655165,-1.503623188405789,-0.84,0.19,,-5.42,-1.69,
BELLACASA,Consumer Durables,Home Furnishings,NIFTY_AUTO,sector,-1.804018040180404,-5.125970527650134,-0.84,0.19,1.4,-0.96,-5.32,-6.53
MODIRUBBER,Consumer Durables,Automotive Aftermarket,NIFTY_AUTO,industry,-3.754683795977679,-4.651515151515151,-0.84,0.19,1.4,-2.91,-4.84,-6.05
PAKKA,Process Industries,Pulp & Paper,,unmapped,0.9175607001693836,-10.904785643070788,-0.84,0.19,,1.76,-11.09,
ASHIMASYN,Process Industries,Textiles,,unmapped,16.28709454796412,5.510331872260494,-0.84,0.19,,17.13,5.32,
PRIMECAB,Producer Manufacturing,Electrical Products,NIFTY_INFRA,industry,-2.534113060428856,55.55555555555556,-0.84,0.19,-0.98,-1.69,55.37,56.54
HOACFOODS,Process Industries,Agricultural Commodities/Milling,,unmapped,10.149253731343284,8.529411764705882,-0.84,0.19,,10.99,8.34,
TRACXN,Technology Services,Internet Software/Services,NIFTY_IT,industry,-0.966988996332108,-2.3668639053254514,-0.84,0.19,5.63,-0.13,-2.56,-8.0
RUCHIRA,Process Industries,Pulp & Paper,,unmapped,1.7974949803996514,-2.4285190615835828,-0.84,0.19,,2.64,-2.62,
MEDICO,Health Technology,Pharmaceuticals: Major,NIFTY_PHARMA,industry,-3.676470588235284,-8.4578313253012,-0.84,0.19,2.66,-2.84,-8.65,-11.12
CGRAPHICS,Commercial Services,Commercial Printing/Forms,,unmapped,-2.985074626865672,-10.95890410958904,-0.84,0.19,,-2.15,-11.15,
KCPSUGIND,Process Industries,Agricultural Commodities/Milling,,unmapped,28.04597701149426,26.30385487528345,-0.84,0.19,,28.89,26.11,
SYSTANGO,Technology Services,Packaged Software,NIFTY_IT,industry,-3.1835628810115075,-4.307074313769251,-0.84,0.19,5.63,-2.34,-4.5,-9.94
HILINFRA,Transportation,Other Transportation,,unmapped,-0.2727892702887123,-8.279322600878112,-0.84,0.19,,0.57,-8.47,
DYNAMIC,Commercial Services,Miscellaneous Commercial Services,,unmapped,-8.908325234855848,-17.294117647058826,-0.84,0.19,,-8.07,-17.48,
VGL,Process Industries,Textiles,,unmapped,-1.8129311727899813,-11.904419173744056,-0.84,0.19,,-0.97,-12.09,
OMFREIGHT,Transportation,Air Freight/Couriers,,unmapped,2.187053522365105,9.452619187757506,-0.84,0.19,,3.03,9.26,
OILCOUNTUB,Industrial Services,Oilfield Services/Equipment,NIFTY_INFRA,sector,9.128090723182757,6.533575317604358,-0.84,0.19,-0.98,9.97,6.34,7.51
GENUSPAPER,Process Industries,Pulp & Paper,,unmapped,3.2034632034631967,-5.321683876092137,-0.84,0.19,,4.04,-5.51,
GOLDTECH,Technology Services,Information Technology Services,NIFTY_IT,industry,1.94444444444444,37.93751468170072,-0.84,0.19,5.63,2.78,37.75,32.31
ENCOMPAS,Consumer Durables,Home Furnishings,NIFTY_AUTO,sector,-12.863736704796311,-10.676815470067892,-0.84,0.19,1.4,-12.02,-10.87,-12.08
FELIX,Industrial Services,Environmental Services,NIFTY_INFRA,sector,-5.317460317460323,-8.348271446863002,-0.84,0.19,-0.98,-4.48,-8.54,-7.37
TAKE,Technology Services,Information Technology Services,NIFTY_IT,industry,3.74251497005988,-29.929221435793732,-0.84,0.19,5.63,4.58,-30.12,-35.56
SUNDRMBRAK,Producer Manufacturing,Auto Parts: OEM,NIFTY_AUTO,industry,-3.985507246376812,-1.2422360248447204,-0.84,0.19,1.4,-3.15,-1.43,-2.64
DEVX,Finance,Real Estate Development,NIFTY_REALTY,industry,-0.9351256575102288,-7.855395487904324,-0.84,0.19,12.78,-0.1,-8.05,-20.64
SAHYADRI,Non-Energy Minerals,Construction Materials,NIFTY_INFRA,industry,-0.9683098591549296,-3.033959662127223,-0.84,0.19,-0.98,-0.13,-3.22,-2.05
MOS,Technology Services,Internet Software/Services,NIFTY_IT,industry,-10.227272727272725,-4.819277108433733,-0.84,0.19,5.63,-9.39,-5.01,-10.45
APOLSINHOT,Consumer Services,Hotels/Resorts/Cruise lines,NIFTY_FMCG,sector,-9.090909090909088,-8.44520761785826,-0.84,0.19,-1.63,-8.25,-8.64,-6.82
HPAL,Non-Energy Minerals,Construction Materials,NIFTY_INFRA,industry,-4.201438848920866,-7.527777777777781,-0.84,0.19,-0.98,-3.36,-7.72,-6.55
NATHBIOGEN,Process Industries,Agricultural Commodities/Milling,,unmapped,0.7062499999999972,-3.514970059880242,-0.84,0.19,,1.55,-3.7,
FORCAS,Consumer Non-Durables,Apparel/Footwear,NIFTY_FMCG,sector,25.036231884057976,86.54054054054055,-0.84,0.19,-1.63,25.88,86.35,88.17
RBMINFRA,Industrial Services,Engineering & Construction,NIFTY_INFRA,industry,13.731060606060606,0.4012706905199761,-0.84,0.19,-0.98,14.57,0.21,1.38
VERTOZ,Commercial Services,Advertising/Marketing Services,,unmapped,-5.1200000000000045,-11.29394166043381,-0.84,0.19,,-4.28,-11.48,
ASCOM,Finance,Finance/Rental/Leasing,NIFTY_FIN_SERVICE,industry,-0.2313475997686611,4.757085020242915,-0.84,0.19,1.89,0.61,4.57,2.87
RPPINFRA,Industrial Services,Engineering & Construction,NIFTY_INFRA,industry,-5.674846625766875,-8.753709198813064,-0.84,0.19,-0.98,-4.83,-8.94,-7.77
ADISOFT,Producer Manufacturing,Industrial Machinery,NIFTY_INFRA,industry,-0.352973119739346,-5.412371134020619,-0.84,0.19,-0.98,0.49,-5.6,-4.43
EPWINDIA,Technology Services,Information Technology Services,NIFTY_IT,industry,-3.6858677532876416,42.661179698216735,-0.84,0.19,5.63,-2.85,42.47,37.03
CINELINE,Consumer Services,Movies/Entertainment,NIFTY_FMCG,sector,14.00210360241913,12.173350582147473,-0.84,0.19,-1.63,14.84,11.98,13.8
PRITIKAUTO,Producer Manufacturing,Auto Parts: OEM,NIFTY_AUTO,industry,-2.595997836668453,-0.2216066481994412,-0.84,0.19,1.4,-1.76,-0.41,-1.62
SPENCERS,Retail Trade,Food Retail,NIFTY_FMCG,sector,-5.758266818700103,-15.18727552591071,-0.84,0.19,-1.63,-4.92,-15.38,-13.56
EXXARO,Producer Manufacturing,Building Products,NIFTY_INFRA,sector,3.1545741324921166,-6.970128022759605,-0.84,0.19,-0.98,3.99,-7.16,-5.99
POLYSIL,Producer Manufacturing,Trucks/Construction/Farm Machinery,NIFTY_INFRA,industry,-13.846153846153848,-22.89156626506024,-0.84,0.19,-0.98,-13.01,-23.08,-21.91
IITL,Finance,Financial Conglomerates,NIFTY_FIN_SERVICE,industry,1.4445981250960689,-2.200162975035187,-0.84,0.19,1.89,2.28,-2.39,-4.09
ASHWINI,Transportation,Trucking,,unmapped,-1.4000000000000057,12.04545454545454,-0.84,0.19,,-0.56,11.86,
APCL,Non-Energy Minerals,Construction Materials,NIFTY_INFRA,industry,0.4487367086137876,-4.302973977695164,-0.84,0.19,-0.98,1.29,-4.49,-3.32
MAHEPC,Producer Manufacturing,Trucks/Construction/Farm Machinery,NIFTY_INFRA,industry,-8.357248456387513,-11.59395973154363,-0.84,0.19,-0.98,-7.52,-11.78,-10.61
VARDMNPOLY,Process Industries,Textiles,,unmapped,-6.093750000000009,-17.10344827586207,-0.84,0.19,,-5.25,-17.29,
SAWALIYA,Consumer Non-Durables,Food: Specialty/Candy,NIFTY_FMCG,industry,-1.976744186046508,-4.822580645161287,-0.84,0.19,-1.63,-1.14,-5.01,-3.19
HALDER,Distribution Services,Food Distributors,,unmapped,2.3075245365321666,-3.374119391916944,-0.84,0.19,,3.15,-3.56,
ICELCO,Electronic Technology,Semiconductors,NIFTY_IT,sector,-5.562130177514796,-3.855421686746992,-0.84,0.19,5.63,-4.72,-4.05,-9.49
SHREEKARNI,Process Industries,Textiles,,unmapped,-1.1042944785276074,-14.978902953586498,-0.84,0.19,,-0.26,-15.17,
RHL,Consumer Services,Hotels/Resorts/Cruise lines,NIFTY_FMCG,sector,-4.644139267194715,-7.979103656860045,-0.84,0.19,-1.63,-3.8,-8.17,-6.35
GCHOTELS,Consumer Services,Hotels/Resorts/Cruise lines,NIFTY_FMCG,sector,1.8437225636523216,-12.12121212121212,-0.84,0.19,-1.63,2.68,-12.31,-10.49
SCANSTL,Non-Energy Minerals,Steel,NIFTY_METAL,industry,2.301212245736588,26.306443429731093,-0.84,0.19,-4.41,3.14,26.12,30.72
DYNPRO,Consumer Non-Durables,Food: Specialty/Candy,NIFTY_FMCG,industry,-2.1032585696148955,1.2828371278458874,-0.84,0.19,-1.63,-1.26,1.09,2.91
NILAINFRA,Industrial Services,Engineering & Construction,NIFTY_INFRA,industry,0.9655172413793144,-6.75159235668789,-0.84,0.19,-0.98,1.81,-6.94,-5.77
NURECA,Health Technology,Medical Specialties,NIFTY_PHARMA,industry,9.767103347889364,26.34136125654449,-0.84,0.19,2.66,10.61,26.15,23.68
ATLANTAA,Industrial Services,Engineering & Construction,NIFTY_INFRA,industry,-8.86010362694301,-13.349753694581286,-0.84,0.19,-0.98,-8.02,-13.54,-12.37
BTTL,Process Industries,Textiles,,unmapped,-7.648148148148152,31.34053199894653,-0.84,0.19,,-6.81,31.15,
RMC,Producer Manufacturing,Electrical Products,NIFTY_INFRA,industry,-7.886597938144327,-23.216843311372106,-0.84,0.19,-0.98,-7.05,-23.41,-22.24
APRAMEYA,Distribution Services,Wholesale Distributors,,unmapped,1.29163834126445,-0.1005698960777778,-0.84,0.19,,2.13,-0.29,
AARON,Producer Manufacturing,Building Products,NIFTY_INFRA,sector,17.089429486624528,10.887923259817988,-0.84,0.19,-0.98,17.93,10.7,11.87
SHRADHA,Industrial Services,Engineering & Construction,NIFTY_INFRA,industry,-1.4447592067988613,-0.4862700228833,-0.84,0.19,-0.98,-0.6,-0.68,0.49
DCMNVL,Process Industries,Textiles,,unmapped,-4.172786753905728,-5.881967213114754,-0.84,0.19,,-3.33,-6.07,
ARIHANTACA,Commercial Services,Miscellaneous Commercial Services,,unmapped,-1.0638297872340423,-0.8528784648187633,-0.84,0.19,,-0.22,-1.04,
WTICAB,Finance,Finance/Rental/Leasing,NIFTY_FIN_SERVICE,industry,-7.695312499999996,3.594914511179315,-0.84,0.19,1.89,-6.86,3.4,1.7
PODDARMENT,Process Industries,Industrial Specialties,,unmapped,11.855932203389838,4.733187859551679,-0.84,0.19,,12.7,4.54,
AXITA,Process Industries,Agricultural Commodities/Milling,,unmapped,-1.8666666666666625,-4.78654592496766,-0.84,0.19,,-1.03,-4.98,
RVHL,Consumer Durables,Homebuilding,NIFTY_REALTY,industry,-2.237851662404101,1.0352422907488965,-0.84,0.19,12.78,-1.4,0.85,-11.74
PELATRO,Technology Services,Packaged Software,NIFTY_IT,industry,4.323681078936931,-7.067137809187279,-0.84,0.19,5.63,5.16,-7.26,-12.7
YASHOPTICS,Health Technology,Medical Specialties,NIFTY_PHARMA,industry,-4.957627118644063,-4.14529914529914,-0.84,0.19,2.66,-4.12,-4.34,-6.81
NDGL,Finance,Finance/Rental/Leasing,NIFTY_FIN_SERVICE,industry,0.3435804701627486,2.778292276347472,-0.84,0.19,1.89,1.18,2.59,0.89
EMPOWER,Distribution Services,Electronics Distributors,,unmapped,2.5862068965517264,13.333333333333323,-0.84,0.19,,3.43,13.14,
MERCANTILE,Finance,Real Estate Development,NIFTY_REALTY,industry,-0.122199592668029,-9.15153760652093,-0.84,0.19,12.78,0.72,-9.34,-21.93
ALLETEC,Technology Services,Information Technology Services,NIFTY_IT,industry,-2.33142037302726,-5.451388888888885,-0.84,0.19,5.63,-1.49,-5.64,-11.08
REMSONSIND,Producer Manufacturing,Auto Parts: OEM,NIFTY_AUTO,industry,0.1150600869342922,-7.171645329540064,-0.84,0.19,1.4,0.96,-7.36,-8.57
TCL,Producer Manufacturing,Auto Parts: OEM,NIFTY_AUTO,industry,-15.698763581865862,13.636363636363637,-0.84,0.19,1.4,-14.86,13.45,12.24
PONNIERODE,Process Industries,Agricultural Commodities/Milling,,unmapped,-4.804940503087811,-2.393822393822394,-0.84,0.19,,-3.96,-2.58,
SAHAJSOLAR,Electronic Technology,Semiconductors,NIFTY_IT,sector,-0.8373205741626885,-5.365296803652977,-0.84,0.19,5.63,0.0,-5.56,-11.0
ELGIRUBCO,Producer Manufacturing,Miscellaneous Manufacturing,NIFTY_INFRA,sector,-11.539708265802275,13.94572025052192,-0.84,0.19,-0.98,-10.7,13.76,14.93
PHANTOMFX,Consumer Services,Movies/Entertainment,NIFTY_FMCG,sector,-7.378378378378381,-4.27374301675978,-0.84,0.19,-1.63,-6.54,-4.46,-2.64
KRISHCA,Producer Manufacturing,Metal Fabrication,NIFTY_INFRA,industry,0.0883132175448959,-5.001397038278843,-0.84,0.19,-0.98,0.93,-5.19,-4.02
ACTIVEINFR,Industrial Services,Engineering & Construction,NIFTY_INFRA,industry,1.0101010101010166,4.651162790697675,-0.84,0.19,-0.98,1.85,4.46,5.63
PUSHPA,Consumer Durables,Other Consumer Specialties,NIFTY_AUTO,sector,-7.5,1.928374655647377,-0.84,0.19,1.4,-6.66,1.74,0.53
AVONMORE,Finance,Investment Managers,NIFTY_FIN_SERVICE,industry,-4.959514170040488,-12.242990654205595,-0.84,0.19,1.89,-4.12,-12.43,-14.13
ZEELEARN,Consumer Services,Other Consumer Services,NIFTY_FMCG,sector,-5.647058823529417,-20.594059405940595,-0.84,0.19,-1.63,-4.81,-20.78,-18.96
FCSSOFT,Commercial Services,Miscellaneous Commercial Services,,unmapped,-1.898734177215192,0.0,-0.84,0.19,,-1.06,-0.19,
BPL,Electronic Technology,Telecommunications Equipment,NIFTY_IT,sector,-5.316901408450698,-4.323074186087884,-0.84,0.19,5.63,-4.48,-4.51,-9.95
SKP,Producer Manufacturing,Metal Fabrication,NIFTY_INFRA,industry,3.92156862745098,3.2467532467532467,-0.84,0.19,-0.98,4.76,3.06,4.23
CORDSCABLE,Producer Manufacturing,Electrical Products,NIFTY_INFRA,industry,1.495066281271803,-4.831775700934582,-0.84,0.19,-0.98,2.34,-5.02,-3.85
STARTECK,Finance,Finance/Rental/Leasing,NIFTY_FIN_SERVICE,industry,-3.445774392455568,-4.244604316546766,-0.84,0.19,1.89,-2.61,-4.43,-6.13
SAVY,Industrial Services,Engineering & Construction,NIFTY_INFRA,industry,4.560530679933665,-1.56128024980484,-0.84,0.19,-0.98,5.4,-1.75,-0.58
JAINAM,Producer Manufacturing,Metal Fabrication,NIFTY_INFRA,industry,-4.8582995951417,-7.825063737987836,-0.84,0.19,-0.98,-4.02,-8.02,-6.85
UFO,Consumer Services,Movies/Entertainment,NIFTY_FMCG,sector,-2.4312126947153905,-10.936877076411966,-0.84,0.19,-1.63,-1.59,-11.13,-9.31
VOLERCAR,Transportation,Other Transportation,,unmapped,4.887301941530903,-0.8229584300485286,-0.84,0.19,,5.73,-1.01,
SAKUMA,Distribution Services,Food Distributors,,unmapped,-6.285714285714292,-14.136125654450264,-0.84,0.19,,-5.45,-14.33,
IVC,Finance,Investment Banks/Brokers,NIFTY_FIN_SERVICE,industry,-1.4371257485029847,-2.603550295857975,-0.84,0.19,1.89,-0.6,-2.79,-4.49
SUBAHOTELS,Consumer Services,Hotels/Resorts/Cruise lines,NIFTY_FMCG,sector,-2.7260336210813265,-10.754481033764073,-0.84,0.19,-1.63,-1.89,-10.94,-9.12
UCL,Process Industries,Chemicals: Specialty,,unmapped,5.937499999999994,16.0958904109589,-0.84,0.19,,6.78,15.91,
AHLEAST,Consumer Services,Hotels/Resorts/Cruise lines,NIFTY_FMCG,sector,0.8482758620689584,-4.393592677345537,-0.84,0.19,-1.63,1.69,-4.58,-2.76
SAPPL,Process Industries,Pulp & Paper,,unmapped,-3.0548216644649933,6.823144104803493,-0.84,0.19,,-2.21,6.63,
LEMERITE,Process Industries,Textiles,,unmapped,-2.334444973797039,-21.153846153846157,-0.84,0.19,,-1.49,-21.34,
TRF,Producer Manufacturing,Trucks/Construction/Farm Machinery,NIFTY_INFRA,industry,-8.999999999999996,-7.027976214231547,-0.84,0.19,-0.98,-8.16,-7.22,-6.05
TECHERA,Producer Manufacturing,Metal Fabrication,NIFTY_INFRA,industry,-4.732636754763361,-14.198726819817328,-0.84,0.19,-0.98,-3.89,-14.39,-13.22
DPWIRES,Producer Manufacturing,Metal Fabrication,NIFTY_INFRA,industry,-6.730660643704114,-19.81553398058252,-0.84,0.19,-0.98,-5.89,-20.01,-18.84
KMSUGAR,Process Industries,Agricultural Commodities/Milling,,unmapped,-3.083391730903991,4.73305566073457,-0.84,0.19,,-2.24,4.54,
UCAL,Producer Manufacturing,Auto Parts: OEM,NIFTY_AUTO,industry,-3.323517038283541,1.233480176211459,-0.84,0.19,1.4,-2.48,1.04,-0.17
ACSTECH,Process Industries,Textiles,,unmapped,-3.4988179669030663,-4.402810304449655,-0.84,0.19,,-2.66,-4.59,
CMNL,Non-Energy Minerals,Steel,NIFTY_METAL,industry,7.142857142857143,5.421686746987958,-0.84,0.19,-4.41,7.98,5.23,9.83
TRANSTEEL,Producer Manufacturing,Office Equipment/Supplies,NIFTY_INFRA,sector,-4.936708860759489,-7.663934426229503,-0.84,0.19,-0.98,-4.1,-7.85,-6.68
MAHICKRA,Process Industries,Chemicals: Specialty,,unmapped,6.5688907250567965,4.412062335559594,-0.84,0.19,,7.41,4.22,
CKKRETAIL,Distribution Services,Food Distributors,,unmapped,-0.5736137667304015,-12.457912457912458,-0.84,0.19,,0.27,-12.65,
LOTUSEYE,Health Services,Medical/Nursing Services,NIFTY_PHARMA,industry,-2.4977479321922837,-4.153920463693445,-0.84,0.19,2.66,-1.66,-4.34,-6.81
JAINIK,Non-Energy Minerals,Aluminum,NIFTY_METAL,industry,12.258064516129032,12.62135922330097,-0.84,0.19,-4.41,13.1,12.43,17.03
SETCO,Producer Manufacturing,Auto Parts: OEM,NIFTY_AUTO,industry,0.5586592178771029,8.433734939759027,-0.84,0.19,1.4,1.4,8.24,7.03
SURANAT&P,Distribution Services,Wholesale Distributors,,unmapped,0.1646542261251434,-2.144772117962459,-0.84,0.19,,1.0,-2.33,
AMBALALSA,Health Technology,Pharmaceuticals: Major,NIFTY_PHARMA,industry,5.780535597648593,1.2187500000000018,-0.84,0.19,2.66,6.62,1.03,-1.44
GEEKAYWIRE,Non-Energy Minerals,Steel,NIFTY_METAL,industry,1.2340425531914858,-7.611650485436897,-0.84,0.19,-4.41,2.07,-7.8,-3.2
RNBDENIMS,Process Industries,Textiles,,unmapped,-9.02845927379784,-18.109540636042407,-0.84,0.19,,-8.19,-18.3,
NIPPOBATRY,Producer Manufacturing,Electrical Products,NIFTY_INFRA,industry,-1.1212121212121178,-9.836971539099189,-0.84,0.19,-0.98,-0.28,-10.03,-8.86
SUMIT,Finance,Real Estate Development,NIFTY_REALTY,industry,2.013422818791943,34.21633554083884,-0.84,0.19,12.78,2.85,34.03,21.44
DIAMINESQ,Process Industries,Chemicals: Major Diversified,,unmapped,-7.855943272998687,0.775510204081635,-0.84,0.19,,-7.02,0.59,
EQUIPPP,Technology Services,Internet Software/Services,NIFTY_IT,industry,-2.832861189801697,9.185993633469774,-0.84,0.19,5.63,-1.99,9.0,3.56
SPUNWEB,Process Industries,Textiles,,unmapped,-1.970206631427196,-5.817174515235455,-0.84,0.19,,-1.13,-6.01,
VIKASLIFE,Distribution Services,Wholesale Distributors,,unmapped,-4.379562043795624,-10.884353741496597,-0.84,0.19,,-3.54,-11.07,
INM,Producer Manufacturing,Industrial Conglomerates,NIFTY_INFRA,sector,1.83299389002037,10.759493670886076,-0.84,0.19,-0.98,2.67,10.57,11.74
SIMCA,Commercial Services,Advertising/Marketing Services,,unmapped,7.052631578947371,20.56905749851809,-0.84,0.19,,7.89,20.38,
BIMETAL,Producer Manufacturing,Auto Parts: OEM,NIFTY_AUTO,industry,-3.694083694083697,5.052730993231548,-0.84,0.19,1.4,-2.85,4.86,3.65
SAHLIBHFI,Finance,Finance/Rental/Leasing,NIFTY_FIN_SERVICE,industry,1.2077922077922167,1.2077922077922167,-0.84,0.19,1.89,2.05,1.02,-0.68
MAGSON,Retail Trade,Food Retail,NIFTY_FMCG,sector,-0.5250069079856251,5.851220229344303,-0.84,0.19,-1.63,0.31,5.66,7.48
IPSL,Commercial Services,Personnel Services,,unmapped,5.594248483486852,3.524229074889868,-0.84,0.19,,6.43,3.33,
SRD,Distribution Services,Wholesale Distributors,,unmapped,-3.999999999999996,-9.238870272857826,-0.84,0.19,,-3.16,-9.43,
FINBUD,Finance,Finance/Rental/Leasing,NIFTY_FIN_SERVICE,industry,2.072328321820396,-0.0397930760047842,-0.84,0.19,1.89,2.91,-0.23,-1.93
CUDML,Commercial Services,Advertising/Marketing Services,,unmapped,-18.433734939759034,-25.275938189845466,-0.84,0.19,,-17.59,-25.47,
DSFCL,Process Industries,Chemicals: Major Diversified,,unmapped,14.985590778097986,14.561115668580808,-0.84,0.19,,15.83,14.37,
INNOMET,Non-Energy Minerals,Steel,NIFTY_METAL,industry,6.046645551396487,45.05710909807011,-0.84,0.19,-4.41,6.89,44.87,49.47
GLOBECIVIL,Industrial Services,Engineering & Construction,NIFTY_INFRA,industry,-4.2682926829268295,-12.77777777777778,-0.84,0.19,-0.98,-3.43,-12.97,-11.8
AGARWALTUF,Process Industries,Industrial Specialties,,unmapped,-3.998571938593376,6.706349206349198,-0.84,0.19,,-3.16,6.52,
SILGO,Consumer Durables,Other Consumer Specialties,NIFTY_AUTO,sector,-1.002539767410774,-0.161768670800761,-0.84,0.19,1.4,-0.16,-0.35,-1.56
CPS,Consumer Non-Durables,Apparel/Footwear,NIFTY_FMCG,sector,0.0481231953801732,-0.621414913957935,-0.84,0.19,-1.63,0.89,-0.81,1.01
ELGNZ,Industrial Services,Engineering & Construction,NIFTY_INFRA,industry,8.212809917355374,41.937669376693776,-0.84,0.19,-0.98,9.05,41.75,42.92
MARALOVER,Process Industries,Textiles,,unmapped,-2.608695652173913,-3.7800687285223415,-0.84,0.19,,-1.77,-3.97,
SHIVAMAUTO,Producer Manufacturing,Auto Parts: OEM,NIFTY_AUTO,industry,-2.066590126291636,1.4268727705112867,-0.84,0.19,1.4,-1.23,1.24,0.03
ANNAPURNA,Consumer Non-Durables,Food: Specialty/Candy,NIFTY_FMCG,industry,-4.392764857881129,-4.4985250737463085,-0.84,0.19,-1.63,-3.55,-4.69,-2.87
OLIL,Transportation,Marine Shipping,,unmapped,-0.4739336492890995,-2.7777777777777777,-0.84,0.19,,0.37,-2.97,
UNITEDTEA,Consumer Non-Durables,Food: Specialty/Candy,NIFTY_FMCG,industry,-0.5082592121982162,-3.9165558850598177,-0.84,0.19,-1.63,0.33,-4.11,-2.29
CHEMBOND,Process Industries,Chemicals: Major Diversified,,unmapped,-1.4423076923076987,-11.051556916794285,-0.84,0.19,,-0.6,-11.24,
BAGDIGITAL,Consumer Services,Broadcasting,NIFTY_FMCG,sector,-11.802488960256929,2.4720149253731263,-0.84,0.19,-1.63,-10.96,2.28,4.1
COOLCAPS,Producer Manufacturing,Miscellaneous Manufacturing,NIFTY_INFRA,sector,-6.496519721577736,-22.050290135396526,-0.84,0.19,-0.98,-5.66,-22.24,-21.07
BCONCEPTS,Consumer Durables,Home Furnishings,NIFTY_AUTO,sector,-6.266331658291457,3.685380767092827,-0.84,0.19,1.4,-5.43,3.5,2.29
PROPEQUITY,Technology Services,Internet Software/Services,NIFTY_IT,industry,-2.246696035242288,-9.428571428571429,-0.84,0.19,5.63,-1.41,-9.62,-15.06
BIRLAPREC,Producer Manufacturing,Industrial Machinery,NIFTY_INFRA,industry,-4.736695458344951,-9.645877378435532,-0.84,0.19,-0.98,-3.9,-9.84,-8.67
STARPAPER,Process Industries,Pulp & Paper,,unmapped,5.989956958393109,4.196050775740472,-0.84,0.19,,6.83,4.01,
OPTIVALUE,Technology Services,Information Technology Services,NIFTY_IT,industry,5.031779661016949,30.374753451676543,-0.84,0.19,5.63,5.87,30.18,24.74
JAYSREETEA,Process Industries,Agricultural Commodities/Milling,,unmapped,-0.7748124461935745,-10.245856046278778,-0.84,0.19,,0.07,-10.44,
VETO,Producer Manufacturing,Electrical Products,NIFTY_INFRA,industry,-6.932209881271551,-4.6909319108879854,-0.84,0.19,-0.98,-6.09,-4.88,-3.71
AARVI,Commercial Services,Personnel Services,,unmapped,-0.4050925925926079,3.397863818424549,-0.84,0.19,,0.43,3.21,
MANAKALUCO,Non-Energy Minerals,Other Metals/Minerals,NIFTY_METAL,industry,-6.45246946362188,-4.03159901934079,-0.84,0.19,-4.41,-5.61,-4.22,0.38
CSSL,Commercial Services,Miscellaneous Commercial Services,,unmapped,-7.226562500000005,-8.653846153846153,-0.84,0.19,,-6.39,-8.84,
GENCON,Industrial Services,Engineering & Construction,NIFTY_INFRA,industry,0.1978239366963536,-1.0742187499999944,-0.84,0.19,-0.98,1.04,-1.26,-0.09
VMSTMT,Non-Energy Minerals,Steel,NIFTY_METAL,industry,-1.0779249943858162,0.0454235748353305,-0.84,0.19,-4.41,-0.24,-0.14,4.46
EFACTOR,Commercial Services,Miscellaneous Commercial Services,,unmapped,3.7125748502993945,-5.355191256830607,-0.84,0.19,,4.55,-5.55,
PAVNAIND,Producer Manufacturing,Auto Parts: OEM,NIFTY_AUTO,industry,-4.226190476190481,-11.252068394925534,-0.84,0.19,1.4,-3.39,-11.44,-12.65
LYKALABS,Health Technology,Pharmaceuticals: Other,NIFTY_PHARMA,industry,-10.92592592592593,-6.671641791044775,-0.84,0.19,2.66,-10.09,-6.86,-9.33
RCOM,Communications,Major Telecommunications,,unmapped,-5.747126436781614,-11.827956989247324,-0.84,0.19,,-4.91,-12.02,
GOLDKART,Retail Trade,Specialty Stores,NIFTY_FMCG,sector,-1.3878743608473378,-1.3878743608473378,-0.84,0.19,-1.63,-0.55,-1.58,0.24
SINTERCOM,Producer Manufacturing,Auto Parts: OEM,NIFTY_AUTO,industry,3.324937027707809,6.545454545454554,-0.84,0.19,1.4,4.16,6.36,5.15
NITIRAJ,Electronic Technology,Electronic Equipment/Instruments,NIFTY_IT,sector,4.567901234567904,15.966298051606104,-0.84,0.19,5.63,5.41,15.78,10.34
WORTHPERI,Process Industries,Containers/Packaging,,unmapped,0.1964223079621193,6.272321428571433,-0.84,0.19,,1.04,6.08,
SHIVASHRIT,Consumer Non-Durables,Food: Specialty/Candy,NIFTY_FMCG,industry,4.502973661852164,0.4081632653061224,-0.84,0.19,-1.63,5.34,0.22,2.04
ALMONDZ,Finance,Investment Banks/Brokers,NIFTY_FIN_SERVICE,industry,-3.308270676691739,0.0,-0.84,0.19,1.89,-2.47,-0.19,-1.89
DAICHI,Process Industries,Chemicals: Specialty,,unmapped,-4.7499999999999964,-10.323928329753736,-0.84,0.19,,-3.91,-10.51,
RADIOCITY,Consumer Services,Broadcasting,NIFTY_FMCG,sector,7.382550335570477,3.3925686591276243,-0.84,0.19,-1.63,8.22,3.2,5.02
TAMBOLIIN,Finance,Investment Banks/Brokers,NIFTY_FIN_SERVICE,industry,-7.099169943206641,1.2619047619047643,-0.84,0.19,1.89,-6.26,1.07,-0.63
BALAJEE,Process Industries,Containers/Packaging,,unmapped,-5.941626129256431,-9.161073825503358,-0.84,0.19,,-5.1,-9.35,
A2ZINFRA,Industrial Services,Engineering & Construction,NIFTY_INFRA,industry,-6.736526946107774,-13.472222222222218,-0.84,0.19,-0.98,-5.9,-13.66,-12.49
AFFORDABLE,Producer Manufacturing,Industrial Machinery,NIFTY_INFRA,industry,-12.582181991424486,5.27251864601262,-0.84,0.19,-0.98,-11.74,5.08,6.25
PIGL,Industrial Services,Engineering & Construction,NIFTY_INFRA,industry,-7.274328489652127,-9.839013529713988,-0.84,0.19,-0.98,-6.43,-10.03,-8.86
GULFPETRO,Energy Minerals,Oil Refining/Marketing,NIFTY_ENERGY,industry,12.444790854767469,5.8449498654927865,-0.84,0.19,-2.39,13.28,5.65,8.23
AERONEU,Process Industries,Containers/Packaging,,unmapped,-6.688524590163939,-6.71910848902,-0.84,0.19,,-5.85,-6.91,
SILKFLEX,Distribution Services,Wholesale Distributors,,unmapped,-7.530046602894283,-18.9247311827957,-0.84,0.19,,-6.69,-19.11,
TECHLABS,Distribution Services,Electronics Distributors,,unmapped,-4.960541149943636,6.6638549135385965,-0.84,0.19,,-4.12,6.47,
KALYANIFRG,Producer Manufacturing,Auto Parts: OEM,NIFTY_AUTO,industry,-1.4167553844893912,-2.5105280207321026,-0.84,0.19,1.4,-0.58,-2.7,-3.91
MAHESHWARI,Transportation,Air Freight/Couriers,,unmapped,0.1780334155026152,4.425410421127778,-0.84,0.19,,1.02,4.24,
BALAJIPHOS,Process Industries,Chemicals: Agricultural,,unmapped,0.8333333333333334,-3.713527851458886,-0.84,0.19,,1.67,-3.9,
SATKARTAR,Health Technology,Pharmaceuticals: Other,NIFTY_PHARMA,industry,5.076923076923072,-1.0144927536231925,-0.84,0.19,2.66,5.92,-1.2,-3.67
ASMS,Electronic Technology,Semiconductors,NIFTY_IT,sector,-2.7777777777777803,-7.407407407407402,-0.84,0.19,5.63,-1.94,-7.6,-13.04
ALANKIT,Technology Services,Internet Software/Services,NIFTY_IT,industry,0.2518891687657377,-4.096385542168683,-0.84,0.19,5.63,1.09,-4.29,-9.73
NOVAAGRI,Process Industries,Chemicals: Agricultural,,unmapped,-0.7829491083079588,-8.209255533199206,-0.84,0.19,,0.06,-8.4,
QMSMEDI,Distribution Services,Medical Distributors,,unmapped,1.4678899082568757,8.537782139352295,-0.84,0.19,,2.31,8.35,
INTENTECH,Technology Services,Information Technology Services,NIFTY_IT,industry,-1.631321370309951,-11.018199704869652,-0.84,0.19,5.63,-0.79,-11.21,-16.65
SSFL,Consumer Non-Durables,Food: Specialty/Candy,NIFTY_FMCG,industry,-4.998092331171317,2.765167148163429,-0.84,0.19,-1.63,-4.16,2.58,4.4
AAREYDRUGS,Health Technology,Pharmaceuticals: Major,NIFTY_PHARMA,industry,3.471295060080099,-14.835164835164836,-0.84,0.19,2.66,4.31,-15.03,-17.5
MADHAVBAUG,Health Services,Medical/Nursing Services,NIFTY_PHARMA,industry,-2.8379028379028406,34.666666666666664,-0.84,0.19,2.66,-2.0,34.48,32.01
SONAMLTD,Consumer Durables,Other Consumer Specialties,NIFTY_AUTO,sector,-7.968750000000005,0.1322251605591241,-0.84,0.19,1.4,-7.13,-0.06,-1.27
TEAMGTY,Finance,Financial Conglomerates,NIFTY_FIN_SERVICE,industry,-3.0904039324641976,-7.328837114244842,-0.84,0.19,1.89,-2.25,-7.52,-9.22
RVTH,Industrial Services,Oilfield Services/Equipment,NIFTY_INFRA,sector,-4.155299055613857,-5.7702888583218765,-0.84,0.19,-0.98,-3.32,-5.96,-4.79
KATARIA,Producer Manufacturing,Electrical Products,NIFTY_INFRA,industry,-2.1403683424589404,-2.9615004935834155,-0.84,0.19,-0.98,-1.3,-3.15,-1.98
MASON,Industrial Services,Engineering & Construction,NIFTY_INFRA,industry,-2.4390243902439024,-2.4390243902439024,-0.84,0.19,-0.98,-1.6,-2.63,-1.46
EXIMROUTES,Distribution Services,Wholesale Distributors,,unmapped,-1.7543859649122806,7.177033492822966,-0.84,0.19,,-0.91,6.99,
MADHAVIPL,Utilities,Electric Utilities,NIFTY_ENERGY,industry,-7.31995277449824,-8.932714617169369,-0.84,0.19,-2.39,-6.48,-9.12,-6.54
PKTEA,Process Industries,Agricultural Commodities/Milling,,unmapped,-4.94806288601909,-14.28481012658228,-0.84,0.19,,-4.11,-14.47,
IWP,Consumer Non-Durables,Food: Specialty/Candy,NIFTY_FMCG,industry,-2.2356495468278004,-2.353651176825592,-0.84,0.19,-1.63,-1.4,-2.54,-0.72
BASML,Process Industries,Textiles,,unmapped,-2.2727272727272765,4.836806920959498,-0.84,0.19,,-1.43,4.65,
MARC,Industrial Services,Engineering & Construction,NIFTY_INFRA,industry,30.22629310344827,30.156165858912225,-0.84,0.19,-0.98,31.07,29.97,31.14
ZODIACLOTH,Consumer Non-Durables,Apparel/Footwear,NIFTY_FMCG,sector,-4.962406015037586,-4.423440453686189,-0.84,0.19,-1.63,-4.12,-4.61,-2.79
FIDEL,Technology Services,Information Technology Services,NIFTY_IT,industry,0.5291005291005366,0.5291005291005366,-0.84,0.19,5.63,1.37,0.34,-5.1
GLOBALVECT,Industrial Services,Oilfield Services/Equipment,NIFTY_INFRA,sector,-5.127388535031854,-6.877149109096593,-0.84,0.19,-0.98,-4.29,-7.07,-5.9
VSTL,Non-Energy Minerals,Steel,NIFTY_METAL,industry,-0.2692031586503923,-7.073578595317721,-0.84,0.19,-4.41,0.57,-7.26,-2.66
GRAVISSHO,Consumer Services,Hotels/Resorts/Cruise lines,NIFTY_FMCG,sector,-1.0366051182377722,6.076388888888888,-0.84,0.19,-1.63,-0.2,5.89,7.71
PRATHAM,Industrial Services,Oilfield Services/Equipment,NIFTY_INFRA,sector,5.628095452498875,13.938805245264687,-0.84,0.19,-0.98,6.47,13.75,14.92
SSDL,Distribution Services,Wholesale Distributors,,unmapped,-2.5626740947075257,-9.079882169468034,-0.84,0.19,,-1.72,-9.27,
PILITA,Producer Manufacturing,Miscellaneous Manufacturing,NIFTY_INFRA,sector,-0.6711409395973011,8.029197080291972,-0.84,0.19,-0.98,0.17,7.84,9.01
SIKKO,Process Industries,Chemicals: Agricultural,,unmapped,20.204603580562654,20.51282051282052,-0.84,0.19,,21.04,20.32,
SAKHTISUG,Process Industries,Agricultural Commodities/Milling,,unmapped,0.5235602094240829,1.1117612638970231,-0.84,0.19,,1.36,0.92,
GIRIRAJ,Industrial Services,Engineering & Construction,NIFTY_INFRA,industry,-36.48148148148148,-41.105769230769226,-0.84,0.19,-0.98,-35.64,-41.3,-40.13
GOYALSALT,Consumer Non-Durables,Food: Specialty/Candy,NIFTY_FMCG,industry,0.8403361344537841,-0.8695652173913043,-0.84,0.19,-1.63,1.68,-1.06,0.76
SMARTLINK,Electronic Technology,Telecommunications Equipment,NIFTY_IT,sector,-4.539007092198579,10.873146622734769,-0.84,0.19,5.63,-3.7,10.68,5.24
FWSTC,Commercial Services,Miscellaneous Commercial Services,,unmapped,0.0,3.359173126614987,-0.84,0.19,,0.84,3.17,
CCHHL,Consumer Services,Other Consumer Services,NIFTY_FMCG,sector,-2.599388379204892,3.4090909090909083,-0.84,0.19,-1.63,-1.76,3.22,5.04
KORE,Distribution Services,Electronics Distributors,,unmapped,11.666666666666666,19.642857142857142,-0.84,0.19,,12.51,19.45,
MACOBSTECH,Retail Trade,Electronics/Appliance Stores,NIFTY_FMCG,sector,-1.941287878787876,-7.544642857142859,-0.84,0.19,-1.63,-1.1,-7.73,-5.91
KOTARISUG,Process Industries,Agricultural Commodities/Milling,,unmapped,-1.4510278113663824,-2.9761904761904763,-0.84,0.19,,-0.61,-3.17,
SHIVATEX,Process Industries,Textiles,,unmapped,3.0464280963150085,6.804550155118908,-0.84,0.19,,3.89,6.61,
JMA,Producer Manufacturing,Auto Parts: OEM,NIFTY_AUTO,industry,-1.7241379310344953,-6.458443620963482,-0.84,0.19,1.4,-0.88,-6.65,-7.86
NECLIFE,Health Technology,Pharmaceuticals: Major,NIFTY_PHARMA,industry,-7.207207207207197,-9.72830850131463,-0.84,0.19,2.66,-6.37,-9.92,-12.39
RRIL,Process Industries,Textiles,,unmapped,-5.188141391106044,-8.12154696132598,-0.84,0.19,,-4.35,-8.31,
SPCENET,Commercial Services,Advertising/Marketing Services,,unmapped,-5.39083557951483,-21.123595505617985,-0.84,0.19,,-4.55,-21.31,
CURRENT,Industrial Services,Engineering & Construction,NIFTY_INFRA,industry,1.068999028182696,-8.851884312007007,-0.84,0.19,-0.98,1.91,-9.04,-7.87
JAYBEE,Non-Energy Minerals,Steel,NIFTY_METAL,industry,-9.974424552429667,-4.3478260869565215,-0.84,0.19,-4.41,-9.13,-4.54,0.06
VIKASECO,Process Industries,Chemicals: Major Diversified,,unmapped,-5.932203389830495,-11.199999999999992,-0.84,0.19,,-5.09,-11.39,
SICAGEN,Distribution Services,Wholesale Distributors,,unmapped,-4.471698113207542,-6.586715867158671,-0.84,0.19,,-3.63,-6.78,
TAINWALCHM,Process Industries,Containers/Packaging,,unmapped,-6.58491439148542,1.9545454545454568,-0.84,0.19,,-5.74,1.76,
DHARARAIL,Industrial Services,Engineering & Construction,NIFTY_INFRA,industry,-2.985074626865672,-17.72151898734177,-0.84,0.19,-0.98,-2.15,-17.91,-16.74
ASPINWALL,Transportation,Air Freight/Couriers,,unmapped,-2.034428794992171,0.9677419354838732,-0.84,0.19,,-1.19,0.78,
KAVDEFENCE,Electronic Technology,Telecommunications Equipment,NIFTY_IT,sector,-4.899999999999996,-15.952275740167916,-0.84,0.19,5.63,-4.06,-16.14,-21.58
SPEB,Process Industries,Industrial Specialties,,unmapped,-3.333333333333333,5.13595166163142,-0.84,0.19,,-2.49,4.95,
VIPCLOTHNG,Consumer Non-Durables,Apparel/Footwear,NIFTY_FMCG,sector,-5.022222222222218,-16.130298273155415,-0.84,0.19,-1.63,-4.18,-16.32,-14.5
ESSENTIA,Consumer Non-Durables,Apparel/Footwear,NIFTY_FMCG,sector,-6.72268907563024,-20.714285714285705,-0.84,0.19,-1.63,-5.88,-20.9,-19.08
DRCSYSTEMS,Technology Services,Packaged Software,NIFTY_IT,industry,-1.397058823529408,-6.810284920083394,-0.84,0.19,5.63,-0.56,-7.0,-12.44
UHTL,Producer Manufacturing,Industrial Machinery,NIFTY_INFRA,industry,2.0510255127563752,-17.24137931034483,-0.84,0.19,-0.98,2.89,-17.43,-16.26
SHREEDHAR,Process Industries,Textiles,,unmapped,20.066666666666663,65.53308823529412,-0.84,0.19,,20.91,65.34,
SURYALA,Process Industries,Textiles,,unmapped,3.286384976525821,-2.0044543429844097,-0.84,0.19,,4.13,-2.19,
NEAGI,Consumer Non-Durables,Food: Major Diversified,NIFTY_FMCG,industry,-0.1644682740699319,-5.1205101753727895,-0.84,0.19,-1.63,0.68,-5.31,-3.49
ABANSENT,Distribution Services,Wholesale Distributors,,unmapped,-8.774373259052924,-2.962962962962965,-0.84,0.19,,-7.93,-3.15,
RACE,Process Industries,Textiles,,unmapped,-2.446647022055536,-2.975133214920066,-0.84,0.19,,-1.61,-3.17,
DUGLOBAL,Commercial Services,Miscellaneous Commercial Services,,unmapped,-5.851063829787229,-22.931785195936143,-0.84,0.19,,-5.01,-23.12,
SHREYANIND,Process Industries,Pulp & Paper,,unmapped,-0.2517985611510751,0.0072129255626221,-0.84,0.19,,0.59,-0.18,
CPCAP,Consumer Services,Other Consumer Services,NIFTY_FMCG,sector,0.3607770582793715,-10.35366055197488,-0.84,0.19,-1.63,1.2,-10.54,-8.72
AIRAN,Technology Services,Information Technology Services,NIFTY_IT,industry,-3.344051446945346,-9.129383313180169,-0.84,0.19,5.63,-2.5,-9.32,-14.76
GILLANDERS,Consumer Non-Durables,Food: Major Diversified,NIFTY_FMCG,industry,-2.784530386740327,-2.24444444444444,-0.84,0.19,-1.63,-1.94,-2.43,-0.61
AKSHARCHEM,Process Industries,Chemicals: Specialty,,unmapped,-0.8798391151332303,-1.834024896265555,-0.84,0.19,,-0.04,-2.02,
BROOKS,Health Technology,Pharmaceuticals: Major,NIFTY_PHARMA,industry,-9.77464788732394,-12.85539382396953,-0.84,0.19,2.66,-8.93,-13.05,-15.52
MURUDCERA,Producer Manufacturing,Building Products,NIFTY_INFRA,sector,-2.595322012175592,-6.20178957112002,-0.84,0.19,-0.98,-1.76,-6.39,-5.22
LANCORHOL,Finance,Real Estate Development,NIFTY_REALTY,industry,-2.123625331816467,3.239999999999995,-0.84,0.19,12.78,-1.28,3.05,-9.54
PLAZACABLE,Producer Manufacturing,Electrical Products,NIFTY_INFRA,industry,1.274787535410763,-11.54639175257732,-0.84,0.19,-0.98,2.11,-11.74,-10.57
BHARATGEAR,Producer Manufacturing,Trucks/Construction/Farm Machinery,NIFTY_INFRA,industry,-1.0513447432762888,-10.252808988764048,-0.84,0.19,-0.98,-0.21,-10.44,-9.27
EMAPARTNER,Commercial Services,Personnel Services,,unmapped,-0.3710575139146533,-7.4137931034482785,-0.84,0.19,,0.47,-7.6,
GICL,Transportation,Trucking,,unmapped,2.200488997555009,-26.34361233480176,-0.84,0.19,,3.04,-26.53,
ANYA,Process Industries,Chemicals: Agricultural,,unmapped,-1.2738853503184668,-1.2738853503184668,-0.84,0.19,,-0.43,-1.46,
NIKITA,Process Industries,Pulp & Paper,,unmapped,-2.5957170668397147,-23.65208545269583,-0.84,0.19,,-1.76,-23.84,
ACCPL,Health Technology,Pharmaceuticals: Major,NIFTY_PHARMA,industry,-2.811482687185558,14.265831593597774,-0.84,0.19,2.66,-1.97,14.08,11.61
AUSOMENT,Finance,Investment Banks/Brokers,NIFTY_FIN_SERVICE,industry,1.5625,11.895334825271124,-0.84,0.19,1.89,2.4,11.71,10.01
OWAIS,Process Industries,Chemicals: Specialty,,unmapped,-4.427333974975946,-13.727193744569938,-0.84,0.19,,-3.59,-13.92,
RANASUG,Process Industries,Agricultural Commodities/Milling,,unmapped,-1.669449081803014,-7.607843137254906,-0.84,0.19,,-0.83,-7.8,
QUINT,Producer Manufacturing,Trucks/Construction/Farm Machinery,NIFTY_INFRA,industry,-2.9145728643216,-7.338129496402883,-0.84,0.19,-0.98,-2.07,-7.53,-6.36
SHUBHSHREE,Process Industries,Chemicals: Specialty,,unmapped,2.08955223880597,3.951367781155015,-0.84,0.19,,2.93,3.76,
PRAMARA,Consumer Durables,Recreational Products,NIFTY_AUTO,sector,-6.373626373626375,-3.181818181818184,-0.84,0.19,1.4,-5.53,-3.37,-4.58
MUNISH,Producer Manufacturing,Industrial Machinery,NIFTY_INFRA,industry,0.9549795361528006,5.714285714285714,-0.84,0.19,-0.98,1.79,5.52,6.69
DUCOL,Process Industries,Chemicals: Specialty,,unmapped,2.253521126760569,-2.2002694207453874,-0.84,0.19,,3.09,-2.39,
VASWANI,Non-Energy Minerals,Steel,NIFTY_METAL,industry,-1.3338343039639184,-2.5422156244201104,-0.84,0.19,-4.41,-0.49,-2.73,1.87
RAPPID,Producer Manufacturing,Industrial Machinery,NIFTY_INFRA,industry,0.2522255192878406,31.4591439688716,-0.84,0.19,-0.98,1.09,31.27,32.44
TIPSFILMS,Consumer Services,Movies/Entertainment,NIFTY_FMCG,sector,23.442449841605068,18.55983772819471,-0.84,0.19,-1.63,24.28,18.37,20.19
COMFINTE,Commercial Services,Miscellaneous Commercial Services,,unmapped,-3.886925795052999,-7.952622673434851,-0.84,0.19,,-3.05,-8.14,
KHADIM,Consumer Non-Durables,Apparel/Footwear,NIFTY_FMCG,sector,-0.2648866285229921,-14.036529680365302,-0.84,0.19,-1.63,0.58,-14.23,-12.41
SUPERHOUSE,Consumer Non-Durables,Apparel/Footwear,NIFTY_FMCG,sector,-0.0193548387096781,2.4595041322314044,-0.84,0.19,-1.63,0.82,2.27,4.09
AVPINFRA,Industrial Services,Engineering & Construction,NIFTY_INFRA,industry,19.56896551724137,1.9852941176470504,-0.84,0.19,-0.98,20.41,1.8,2.97
HVAX,Producer Manufacturing,Building Products,NIFTY_INFRA,sector,-10.359712230215829,-7.27786873046584,-0.84,0.19,-0.98,-9.52,-7.47,-6.3
VIPULLTD,Finance,Real Estate Development,NIFTY_REALTY,industry,-22.50639386189259,5.574912891986052,-0.84,0.19,12.78,-21.67,5.38,-7.21
MASTER,Producer Manufacturing,Miscellaneous Manufacturing,NIFTY_INFRA,sector,-4.0,24.837451235370605,-0.84,0.19,-0.98,-3.16,24.65,25.82
SUPREME,Finance,Real Estate Development,NIFTY_REALTY,industry,-7.233606557377038,-1.5013054830287156,-0.84,0.19,12.78,-6.39,-1.69,-14.28
ONDOOR,Retail Trade,Food Retail,NIFTY_FMCG,sector,23.918575063613236,25.51546391752577,-0.84,0.19,-1.63,24.76,25.33,27.15
INDOUS,Process Industries,Agricultural Commodities/Milling,,unmapped,-2.276908923643042,-5.693041837753851,-0.84,0.19,,-1.44,-5.88,
EMMBI,Process Industries,Containers/Packaging,,unmapped,-3.131916777335102,-13.8908017707821,-0.84,0.19,,-2.29,-14.08,
VIRINCHI,Technology Services,Information Technology Services,NIFTY_IT,industry,-1.6466117796073452,-8.647058823529415,-0.84,0.19,5.63,-0.81,-8.84,-14.28
BYKE,Consumer Services,Hotels/Resorts/Cruise lines,NIFTY_FMCG,sector,0.4645401052957528,-5.173925752703897,-0.84,0.19,-1.63,1.3,-5.36,-3.54
RBS,Process Industries,Agricultural Commodities/Milling,,unmapped,-2.4950755088640912,-11.290322580645164,-0.84,0.19,,-1.66,-11.48,
NIRAJ,Industrial Services,Engineering & Construction,NIFTY_INFRA,industry,-1.4482758620689713,-4.733333333333339,-0.84,0.19,-0.98,-0.61,-4.92,-3.75
ARVEE,Process Industries,Chemicals: Specialty,,unmapped,-5.124722153618184,-9.876832844574782,-0.84,0.19,,-4.28,-10.07,
UMIYA_MRO,Electronic Technology,Electronic Production Equipment,NIFTY_IT,sector,0.9382771874293608,-3.865202411714028,-0.84,0.19,5.63,1.78,-4.06,-9.5
ESCONET,Technology Services,Information Technology Services,NIFTY_IT,industry,5.854982551376512,16.12079965971927,-0.84,0.19,5.63,6.69,15.93,10.49
REXPIPES,Producer Manufacturing,Miscellaneous Manufacturing,NIFTY_INFRA,sector,4.093567251461988,-1.1111111111111112,-0.84,0.19,-0.98,4.93,-1.3,-0.13
HBESD,Consumer Services,Hotels/Resorts/Cruise lines,NIFTY_FMCG,sector,-0.6577181208053623,2.7916666666666736,-0.84,0.19,-1.63,0.18,2.6,4.42
DENEERS,Distribution Services,Wholesale Distributors,,unmapped,-0.916263680325774,-2.674999999999997,-0.84,0.19,,-0.08,-2.86,
NAGAFERT,Process Industries,Chemicals: Agricultural,,unmapped,-4.84429065743945,-21.875,-0.84,0.19,,-4.0,-22.07,
LLOYDS,Retail Trade,Specialty Stores,NIFTY_FMCG,sector,-5.369127516778524,-8.441558441558442,-0.84,0.19,-1.63,-4.53,-8.63,-6.81
DELPHIFX,Commercial Services,Miscellaneous Commercial Services,,unmapped,-4.979253112033199,-17.32851985559567,-0.84,0.19,,-4.14,-17.52,
SPCL,Producer Manufacturing,Electrical Products,NIFTY_INFRA,industry,0.8017492711370429,-3.1512605042016806,-0.84,0.19,-0.98,1.64,-3.34,-2.17
SADHAV,Transportation,Other Transportation,,unmapped,2.6548672566371683,1.310043668122271,-0.84,0.19,,3.49,1.12,
BEACON,Miscellaneous,Investment Trusts/Mutual Funds,,unmapped,-4.2231491136600745,-7.688442211055282,-0.84,0.19,,-3.38,-7.88,
ETML,Consumer Durables,Automotive Aftermarket,NIFTY_AUTO,industry,5.860349127182048,-14.37216338880484,-0.84,0.19,1.4,6.7,-14.56,-15.77
MODTHREAD,Process Industries,Textiles,,unmapped,-2.7346938775510274,8.78794795708741,-0.84,0.19,,-1.89,8.6,
GOLDSTAR,Producer Manufacturing,Electrical Products,NIFTY_INFRA,industry,-7.432432432432441,-12.738853503184714,-0.84,0.19,-0.98,-6.59,-12.93,-11.76
TRIGYN,Technology Services,Information Technology Services,NIFTY_IT,industry,-3.880070546737218,-0.9090909090909092,-0.84,0.19,5.63,-3.04,-1.1,-6.54
DCM,Technology Services,Information Technology Services,NIFTY_IT,industry,-9.276456781304203,-8.539094650205758,-0.84,0.19,5.63,-8.44,-8.73,-14.17
SHBAJRG,Non-Energy Minerals,Steel,NIFTY_METAL,industry,3.331460674157307,-7.549635586830854,-0.84,0.19,-4.41,4.17,-7.74,-3.14
IVP,Process Industries,Chemicals: Specialty,,unmapped,-5.612499999999994,-3.643208064824845,-0.84,0.19,,-4.77,-3.83,
ROYALARC,Producer Manufacturing,Industrial Machinery,NIFTY_INFRA,industry,-3.331156107119526,0.0,-0.84,0.19,-0.98,-2.49,-0.19,0.98
NECCLTD,Transportation,Other Transportation,,unmapped,0.2629848783694881,-8.90083632019115,-0.84,0.19,,1.1,-9.09,
METROGLOBL,Distribution Services,Wholesale Distributors,,unmapped,-2.9970104633781904,-0.1538579890760958,-0.84,0.19,,-2.16,-0.34,
SDREAMS,Consumer Non-Durables,Apparel/Footwear,NIFTY_FMCG,sector,-3.1666666666666603,-4.230769230769225,-0.84,0.19,-1.63,-2.33,-4.42,-2.6
ARCHIDPLY,Producer Manufacturing,Building Products,NIFTY_INFRA,sector,4.854614412136541,2.1931986200098588,-0.84,0.19,-0.98,5.69,2.0,3.17
SRTL,Process Industries,Textiles,,unmapped,-1.9951338199513389,1.4609571788413054,-0.84,0.19,,-1.16,1.27,
TTL,Process Industries,Textiles,,unmapped,-3.484848484848478,-8.869814020028613,-0.84,0.19,,-2.64,-9.06,
BHADORA,Producer Manufacturing,Electrical Products,NIFTY_INFRA,industry,-5.9271343121261575,7.654013690105795,-0.84,0.19,-0.98,-5.09,7.46,8.63
RUDRA,Non-Energy Minerals,Steel,NIFTY_METAL,industry,-6.351039260969985,-8.619718309859161,-0.84,0.19,-4.41,-5.51,-8.81,-4.21
KANCHI,Process Industries,Chemicals: Specialty,,unmapped,-2.2552255225522675,-10.013925813394104,-0.84,0.19,,-1.42,-10.2,
SANGINITA,Process Industries,Chemicals: Specialty,,unmapped,10.34914950760967,51.20215897939158,-0.84,0.19,,11.19,51.01,
LAGNAM,Process Industries,Textiles,,unmapped,2.8587699316628763,11.219211822660098,-0.84,0.19,,3.7,11.03,
NRVANDANA,Consumer Non-Durables,Apparel/Footwear,NIFTY_FMCG,sector,-6.068965517241387,-2.7142857142857224,-0.84,0.19,-1.63,-5.23,-2.9,-1.08
FILATFASH,Process Industries,Textiles,,unmapped,-10.000000000000009,-10.000000000000009,-0.84,0.19,,-9.16,-10.19,
RPPL,Process Industries,Containers/Packaging,,unmapped,-5.335097001763672,-1.963470319634702,-0.84,0.19,,-4.5,-2.15,
INCREDIBLE,Non-Energy Minerals,Steel,NIFTY_METAL,industry,-1.6494845360824808,-0.3283582089552221,-0.84,0.19,-4.41,-0.81,-0.52,4.08
PRAENG,Consumer Durables,Homebuilding,NIFTY_REALTY,industry,17.87592008412199,4.522144522144534,-0.84,0.19,12.78,18.72,4.33,-8.26
GLOBALPET,Producer Manufacturing,Industrial Machinery,NIFTY_INFRA,industry,6.666666666666667,10.344827586206897,-0.84,0.19,-0.98,7.51,10.15,11.32
RAJINDLTD,Non-Energy Minerals,Other Metals/Minerals,NIFTY_METAL,industry,-13.024691358024688,-0.2124645892351154,-0.84,0.19,-4.41,-12.18,-0.4,4.2
AMJLAND,Finance,Real Estate Development,NIFTY_REALTY,industry,0.237467018469666,-5.024999999999995,-0.84,0.19,12.78,1.08,-5.21,-17.8
INFOLLION,Commercial Services,Commercial Printing/Forms,,unmapped,-6.161971830985915,-7.572254335260113,-0.84,0.19,,-5.32,-7.76,
MKPL,Process Industries,Agricultural Commodities/Milling,,unmapped,-8.425720620842569,-17.234468937875757,-0.84,0.19,,-7.59,-17.42,
DHARIWAL,Consumer Non-Durables,Household/Personal Care,NIFTY_FMCG,industry,-8.888888888888896,-10.136986301369872,-0.84,0.19,-1.63,-8.05,-10.33,-8.51
AKANKSHA,Producer Manufacturing,Electrical Products,NIFTY_INFRA,industry,-7.713651498335171,-7.0949720670391,-0.84,0.19,-0.98,-6.87,-7.28,-6.11
MRIL,Industrial Services,Engineering & Construction,NIFTY_INFRA,industry,-3.333333333333341,2.052785923753653,-0.84,0.19,-0.98,-2.49,1.86,3.03
BRNL,Industrial Services,Engineering & Construction,NIFTY_INFRA,industry,0.7812499999999832,-4.545454545454561,-0.84,0.19,-0.98,1.62,-4.74,-3.57
SHRITECH,Process Industries,Textiles,,unmapped,5.9534081104400265,-9.838472834067542,-0.84,0.19,,6.79,-10.03,
TUNWAL,Consumer Durables,Motor Vehicles,NIFTY_AUTO,industry,1.9230769230769231,-1.851851851851852,-0.84,0.19,1.4,2.76,-2.04,-3.25
USHAFIN,Finance,Finance/Rental/Leasing,NIFTY_FIN_SERVICE,industry,1.7391304347826129,6.202723146747366,-0.84,0.19,1.89,2.58,6.01,4.31
PRITIKA,Producer Manufacturing,Auto Parts: OEM,NIFTY_AUTO,industry,3.214285714285709,-5.245901639344267,-0.84,0.19,1.4,4.05,-5.44,-6.65
QUESTLAB,Health Technology,Pharmaceuticals: Major,NIFTY_PHARMA,industry,-2.157894736842102,-11.052631578947366,-0.84,0.19,2.66,-1.32,-11.24,-13.71
BAIDFIN,Finance,Finance/Rental/Leasing,NIFTY_FIN_SERVICE,industry,-3.710937500000008,0.1015228426395917,-0.84,0.19,1.89,-2.87,-0.09,-1.79
CENTEXT,Producer Manufacturing,Metal Fabrication,NIFTY_INFRA,industry,3.045133224578568,-6.604238541153277,-0.84,0.19,-0.98,3.89,-6.79,-5.62
NATCAPSUQ,Health Technology,Pharmaceuticals: Other,NIFTY_PHARMA,industry,4.742471151139888,-9.176327028676017,-0.84,0.19,2.66,5.58,-9.37,-11.84
PML,Commercial Services,Miscellaneous Commercial Services,,unmapped,2.4256485973423327,-2.8799999999999955,-0.84,0.19,,3.27,-3.07,
IBLFL,Finance,Finance/Rental/Leasing,NIFTY_FIN_SERVICE,industry,0.0,11.926605504587156,-0.84,0.19,1.89,0.84,11.74,10.04
BNALTD,Process Industries,Agricultural Commodities/Milling,,unmapped,-16.16363636363636,35.617647058823536,-0.84,0.19,,-15.32,35.43,
KAMOPAINTS,Process Industries,Industrial Specialties,,unmapped,0.6637168141592976,-13.825757575757583,-0.84,0.19,,1.5,-14.02,
LAL,Consumer Non-Durables,Apparel/Footwear,NIFTY_FMCG,sector,-4.8808172531214495,-5.948372615039275,-0.84,0.19,-1.63,-4.04,-6.14,-4.32
AARTECH,Commercial Services,Miscellaneous Commercial Services,,unmapped,-1.1956297670583351,-7.649325626204237,-0.84,0.19,,-0.36,-7.84,
INDTERRAIN,Consumer Non-Durables,Apparel/Footwear,NIFTY_FMCG,sector,-4.690553745928331,-11.009732360097326,-0.84,0.19,-1.63,-3.85,-11.2,-9.38
TICL,Industrial Services,Engineering & Construction,NIFTY_INFRA,industry,-12.432432432432424,-49.585062240663895,-0.84,0.19,-0.98,-11.59,-49.78,-48.61
INDOWIND,Utilities,Electric Utilities,NIFTY_ENERGY,industry,-3.075291622481433,0.3293084522502869,-0.84,0.19,-2.39,-2.24,0.14,2.72
MHLXMIRU,Process Industries,Industrial Specialties,,unmapped,1.2402988322332689,-12.483541287855036,-0.84,0.19,,2.08,-12.67,
RELIABLE,Technology Services,Data Processing Services,NIFTY_IT,industry,-4.398671096345518,-7.1801819237468525,-0.84,0.19,5.63,-3.56,-7.37,-12.81
INDBANK,Finance,Investment Banks/Brokers,NIFTY_FIN_SERVICE,industry,-0.2103365384615393,-0.8952551477170909,-0.84,0.19,1.89,0.63,-1.09,-2.79
THAKDEV,Consumer Durables,Homebuilding,NIFTY_REALTY,industry,4.707464694014795,17.067669172932323,-0.84,0.19,12.78,5.55,16.88,4.29
DEVIT,Technology Services,Information Technology Services,NIFTY_IT,industry,-8.26882477128783,-5.543478260869569,-0.84,0.19,5.63,-7.43,-5.73,-11.17
BEARDSELL,Process Industries,Industrial Specialties,,unmapped,0.5090909090909111,-14.822804314329744,-0.84,0.19,,1.35,-15.01,
AMBAAUTO,Retail Trade,Specialty Stores,NIFTY_FMCG,sector,-8.160919540229878,-9.35904707884288,-0.84,0.19,-1.63,-7.32,-9.55,-7.73
ENFUSE,Technology Services,Information Technology Services,NIFTY_IT,industry,-4.069767441860465,3.092783505154632,-0.84,0.19,5.63,-3.23,2.9,-2.54
NEOCHEM,Process Industries,Chemicals: Major Diversified,,unmapped,-8.77944325481799,-19.62264150943396,-0.84,0.19,,-7.94,-19.81,
KRITIKA,Producer Manufacturing,Metal Fabrication,NIFTY_INFRA,industry,-3.185840707964612,-9.286898839137653,-0.84,0.19,-0.98,-2.35,-9.48,-8.31
DURLAX,Producer Manufacturing,Miscellaneous Manufacturing,NIFTY_INFRA,sector,4.583333333333339,7.379679144385033,-0.84,0.19,-0.98,5.42,7.19,8.36
ENVIRO,Producer Manufacturing,Industrial Machinery,NIFTY_INFRA,industry,-3.9776258545680574,-11.965811965811966,-0.84,0.19,-0.98,-3.14,-12.16,-10.99
HPIL,Process Industries,Chemicals: Specialty,,unmapped,-2.890262751159203,-2.702284165698807,-0.84,0.19,,-2.05,-2.89,
MCL,Non-Energy Minerals,Other Metals/Minerals,NIFTY_METAL,industry,0.6791171477079786,-5.556538665722882,-0.84,0.19,-4.41,1.52,-5.75,-1.15
RAJPUTANA,Process Industries,Chemicals: Specialty,,unmapped,3.341968911917093,0.7323232323232266,-0.84,0.19,,4.18,0.54,
AVIANSH,Process Industries,Textiles,,unmapped,0.2444987775061124,-6.392694063926941,-0.84,0.19,,1.08,-6.58,
ISHANCH,Distribution Services,Wholesale Distributors,,unmapped,-3.2473557246242346,-10.05692599620493,-0.84,0.19,,-2.41,-10.25,
KEYFINSERV,Finance,Investment Banks/Brokers,NIFTY_FIN_SERVICE,industry,-0.4352941176470641,0.2923168082164648,-0.84,0.19,1.89,0.4,0.1,-1.6
AVIENCE,Health Technology,Medical Specialties,NIFTY_PHARMA,industry,-4.1512915129151295,-34.27378542510121,-0.84,0.19,2.66,-3.31,-34.46,-36.93
RUCHINFRA,Transportation,Other Transportation,,unmapped,5.830388692579507,-5.520504731861193,-0.84,0.19,,6.67,-5.71,
HECPROJECT,Industrial Services,Engineering & Construction,NIFTY_INFRA,industry,13.253207731037849,4.074626865671648,-0.84,0.19,-0.98,14.09,3.88,5.05
ALPA,Health Technology,Pharmaceuticals: Major,NIFTY_PHARMA,industry,-3.9742673338098657,-1.2060597146639112,-0.84,0.19,2.66,-3.13,-1.4,-3.87
WIPL,Non-Energy Minerals,Forest Products,NIFTY_METAL,sector,-0.5962059620596261,-4.029304029304033,-0.84,0.19,-4.41,0.24,-4.22,0.38
BI,Process Industries,Containers/Packaging,,unmapped,-6.66141732283464,4.902654867256644,-0.84,0.19,,-5.82,4.71,
INDIANCARD,Producer Manufacturing,Industrial Machinery,NIFTY_INFRA,industry,-1.7675438596491233,3.848472202902588,-0.84,0.19,-0.98,-0.93,3.66,4.83
DGCONTENT,Commercial Services,Commercial Printing/Forms,,unmapped,-10.740740740740735,-10.740740740740735,-0.84,0.19,,-9.9,-10.93,
BALPHARMA,Health Technology,Pharmaceuticals: Major,NIFTY_PHARMA,industry,0.7149446494464997,2.0327102803738426,-0.84,0.19,2.66,1.55,1.84,-0.63
ONELIFECAP,Finance,Investment Managers,NIFTY_FIN_SERVICE,industry,-0.8731241473397007,6.758742286218034,-0.84,0.19,1.89,-0.03,6.57,4.87
SHEEL,Process Industries,Agricultural Commodities/Milling,,unmapped,-3.202846975088968,-6.01243953006219,-0.84,0.19,,-2.36,-6.2,
EMMIL,Producer Manufacturing,Industrial Machinery,NIFTY_INFRA,industry,-4.133858267716535,-5.62015503875969,-0.84,0.19,-0.98,-3.29,-5.81,-4.64
DTIL,Process Industries,Agricultural Commodities/Milling,,unmapped,-4.701562387500881,-4.913793103448258,-0.84,0.19,,-3.86,-5.1,
IPHL,Process Industries,Industrial Specialties,,unmapped,1.851851851851852,-2.74093722369584,-0.84,0.19,,2.69,-2.93,
SHIGAN,Electronic Technology,Electronic Equipment/Instruments,NIFTY_IT,sector,8.622078968573746,2.900763358778635,-0.84,0.19,5.63,9.46,2.71,-2.73
SATTVAENGG,Industrial Services,Engineering & Construction,NIFTY_INFRA,industry,-6.718656268746244,11.870503597122305,-0.84,0.19,-0.98,-5.88,11.68,12.85
SAMPANN,Producer Manufacturing,Miscellaneous Manufacturing,NIFTY_INFRA,sector,-1.3948497854077273,-1.5005359056805938,-0.84,0.19,-0.98,-0.55,-1.69,-0.52
ROML,Process Industries,Agricultural Commodities/Milling,,unmapped,-1.5265486725663824,-5.69915254237289,-0.84,0.19,,-0.69,-5.89,
BARFLEX,Process Industries,Containers/Packaging,,unmapped,3.0188679245283048,-3.0195381882770795,-0.84,0.19,,3.86,-3.21,
BALAXI,Distribution Services,Medical Distributors,,unmapped,6.3450673620165015,6.855895196506552,-0.84,0.19,,7.19,6.67,
SADBHAV,Industrial Services,Engineering & Construction,NIFTY_INFRA,industry,-3.658536585365841,-10.633484162895922,-0.84,0.19,-0.98,-2.82,-10.82,-9.65
AERON,Producer Manufacturing,Miscellaneous Manufacturing,NIFTY_INFRA,sector,-3.0599755201958385,0.8917197452229335,-0.84,0.19,-0.98,-2.22,0.7,1.87
POSITRON,Utilities,Gas Distributors,NIFTY_ENERGY,industry,-5.6,-3.804347826086957,-0.84,0.19,-2.39,-4.76,-3.99,-1.41
SIDDHIKA,Industrial Services,Engineering & Construction,NIFTY_INFRA,industry,1.454374853389629,4.975728155339806,-0.84,0.19,-0.98,2.29,4.79,5.96
MAGNUM,Process Industries,Pulp & Paper,,unmapped,3.8502673796791576,-2.3138832997987797,-0.84,0.19,,4.69,-2.5,
SECMARK,Technology Services,Information Technology Services,NIFTY_IT,industry,-0.9275003864584856,-1.3999999999999948,-0.84,0.19,5.63,-0.09,-1.59,-7.03
SPECTSTM,Commercial Services,Personnel Services,,unmapped,-2.030456852791883,5.177111716621256,-0.84,0.19,,-1.19,4.99,
VIJIFIN,Finance,Finance/Rental/Leasing,NIFTY_FIN_SERVICE,industry,10.095011876484556,79.99999999999999,-0.84,0.19,1.89,10.94,79.81,78.11
NARMADA,Process Industries,Agricultural Commodities/Milling,,unmapped,-9.298701298701294,-6.879999999999996,-0.84,0.19,,-8.46,-7.07,
PRAXIS,Retail Trade,Specialty Stores,NIFTY_FMCG,sector,-9.174311926605506,-18.47058823529412,-0.84,0.19,-1.63,-8.33,-18.66,-16.84
SIGIND,Process Industries,Chemicals: Specialty,,unmapped,-3.8610871440897303,-11.742574257425742,-0.84,0.19,,-3.02,-11.93,
CORALFINAC,Finance,Investment Managers,NIFTY_FIN_SERVICE,industry,0.0,1.6260162601626005,-0.84,0.19,1.89,0.84,1.44,-0.26
JOCIL,Process Industries,Chemicals: Specialty,,unmapped,1.992966002344676,1.8244406196213463,-0.84,0.19,,2.83,1.63,
WINSOL,Industrial Services,Engineering & Construction,NIFTY_INFRA,industry,-5.416666666666667,-10.205696202531648,-0.84,0.19,-0.98,-4.58,-10.4,-9.23
RAPIDFLEET,Transportation,Trucking,,unmapped,-2.2222222222222223,-7.368421052631579,-0.84,0.19,,-1.38,-7.56,
SHAHALLOYS,Non-Energy Minerals,Steel,NIFTY_METAL,industry,-7.013132159821174,-4.914285714285711,-0.84,0.19,-4.41,-6.17,-5.1,-0.5
EEPL,Producer Manufacturing,Electrical Products,NIFTY_INFRA,industry,-8.587005906406182,3.4447300771208167,-0.84,0.19,-0.98,-7.75,3.25,4.42
SURANASOL,Electronic Technology,Semiconductors,NIFTY_IT,sector,1.000000000000006,-1.8684603886397608,-0.84,0.19,5.63,1.84,-2.06,-7.5
ALPHAGEO,Industrial Services,Oilfield Services/Equipment,NIFTY_INFRA,sector,3.332491795001259,-3.685052710843366,-0.84,0.19,-0.98,4.17,-3.88,-2.71
AIROLAM,Non-Energy Minerals,Forest Products,NIFTY_METAL,sector,-2.420179525053982,-0.7167630057803521,-0.84,0.19,-4.41,-1.58,-0.91,3.69
VALUE360,Commercial Services,Miscellaneous Commercial Services,,unmapped,-1.2345679012345678,-5.660377358490563,-0.84,0.19,,-0.39,-5.85,
CROWN,Finance,Finance/Rental/Leasing,NIFTY_FIN_SERVICE,industry,-1.055363321799307,2.9986492570913987,-0.84,0.19,1.89,-0.22,2.81,1.11
LAHOTIOV,Process Industries,Textiles,,unmapped,4.319962022311892,-2.333333333333327,-0.84,0.19,,5.16,-2.52,
DIGIKORE,Consumer Services,Movies/Entertainment,NIFTY_FMCG,sector,-4.52830188679245,-3.802281368821293,-0.84,0.19,-1.63,-3.69,-3.99,-2.17
SALONA,Process Industries,Textiles,,unmapped,-0.6389776357827454,-9.510820149118013,-0.84,0.19,,0.2,-9.7,
TARMAT,Industrial Services,Engineering & Construction,NIFTY_INFRA,industry,3.556910569105691,-2.113352545629192,-0.84,0.19,-0.98,4.4,-2.3,-1.13
BSL,Process Industries,Textiles,,unmapped,-2.508792497069174,-4.822218831069744,-0.84,0.19,,-1.67,-5.01,
URAVIDEF,Producer Manufacturing,Electrical Products,NIFTY_INFRA,industry,-2.6608695652173933,-0.8942009738822533,-0.84,0.19,-0.98,-1.82,-1.08,0.09
GENXAI,Technology Services,Packaged Software,NIFTY_IT,industry,-9.358974358974356,-26.35416666666666,-0.84,0.19,5.63,-8.52,-26.54,-31.98
SURANI,Non-Energy Minerals,Steel,NIFTY_METAL,industry,3.5789473684210584,-6.729857819905208,-0.84,0.19,-4.41,4.42,-6.92,-2.32
PROFX,Distribution Services,Wholesale Distributors,,unmapped,-1.2345679012345756,1.408450704225352,-0.84,0.19,,-0.39,1.22,
BTML,Consumer Services,Movies/Entertainment,NIFTY_FMCG,sector,10.476190476190478,15.041322314049587,-0.84,0.19,-1.63,11.32,14.85,16.67
TEXMOPIPES,Producer Manufacturing,Miscellaneous Manufacturing,NIFTY_INFRA,sector,-3.280898876404496,-9.10242872228089,-0.84,0.19,-0.98,-2.44,-9.29,-8.12
ESPRIT,Non-Energy Minerals,Construction Materials,NIFTY_INFRA,industry,-3.389830508474576,-13.962264150943396,-0.84,0.19,-0.98,-2.55,-14.15,-12.98
ISFT,Retail Trade,Internet Retail,NIFTY_FMCG,sector,-2.75510204081634,-6.453987730061355,-0.84,0.19,-1.63,-1.92,-6.64,-4.82
VIJAYPD,Distribution Services,Medical Distributors,,unmapped,-14.218645204560692,-25.9837962962963,-0.84,0.19,,-13.38,-26.17,
SONAL,Finance,Finance/Rental/Leasing,NIFTY_FIN_SERVICE,industry,1.956989247311821,1.956989247311821,-0.84,0.19,1.89,2.8,1.77,0.07
JEYYAM,Consumer Non-Durables,Food: Major Diversified,NIFTY_FMCG,industry,-3.499079189686922,-6.428571428571431,-0.84,0.19,-1.63,-2.66,-6.62,-4.8
WEIZMANIND,Process Industries,Textiles,,unmapped,-5.601076189311482,-13.65771812080538,-0.84,0.19,,-4.76,-13.85,
GVPTECH,Commercial Services,Miscellaneous Commercial Services,,unmapped,-2.4566473988439297,-8.783783783783788,-0.84,0.19,,-1.62,-8.97,
MAHAPEXLTD,Finance,Finance/Rental/Leasing,NIFTY_FIN_SERVICE,industry,-1.8931710615280517,-8.894935119296777,-0.84,0.19,1.89,-1.05,-9.08,-10.78
MDL,Consumer Durables,Home Furnishings,NIFTY_AUTO,sector,-1.5691868758915757,-5.4146675805346165,-0.84,0.19,1.4,-0.73,-5.6,-6.81
MUKTAARTS,Technology Services,Packaged Software,NIFTY_IT,industry,10.019685039370088,-9.121951219512194,-0.84,0.19,5.63,10.86,-9.31,-14.75
ALUWIND,Producer Manufacturing,Building Products,NIFTY_INFRA,sector,5.945945945945946,2.083333333333333,-0.84,0.19,-0.98,6.79,1.89,3.06
PREMCO,Process Industries,Textiles,,unmapped,-2.570281124497998,-2.439678284182312,-0.84,0.19,,-1.73,-2.63,
MEGAFLEX,Process Industries,Containers/Packaging,,unmapped,0.2506265664160401,-21.22883024812919,-0.84,0.19,,1.09,-21.42,
XELPMOC,Technology Services,Information Technology Services,NIFTY_IT,industry,-2.2984356197352547,-6.6244968372628,-0.84,0.19,5.63,-1.46,-6.81,-12.25
GSLSU,Non-Energy Minerals,Construction Materials,NIFTY_INFRA,industry,0.0357142857142913,-37.74172038230718,-0.84,0.19,-0.98,0.88,-37.93,-36.76
MANILAM,Non-Energy Minerals,Forest Products,NIFTY_METAL,sector,3.75234521575985,-3.658536585365856,-0.84,0.19,-4.41,4.59,-3.85,0.75
AESTHETIK,Consumer Durables,Home Furnishings,NIFTY_AUTO,sector,-6.666666666666667,-4.109589041095891,-0.84,0.19,1.4,-5.83,-4.3,-5.51
SHYAMDHANI,Consumer Non-Durables,Food: Major Diversified,NIFTY_FMCG,industry,0.4310344827586206,-10.315627405696691,-0.84,0.19,-1.63,1.27,-10.51,-8.69
AARNAV,Finance,Investment Banks/Brokers,NIFTY_FIN_SERVICE,industry,-13.658536585365844,14.23961274707544,-0.84,0.19,1.89,-12.82,14.05,12.35
SAMBHAAV,Consumer Services,Publishing: Newspapers,NIFTY_FMCG,sector,-1.1326860841423851,-7.142857142857139,-0.84,0.19,-1.63,-0.29,-7.33,-5.51
DBSTOCKBRO,Finance,Investment Banks/Brokers,NIFTY_FIN_SERVICE,industry,-7.605482397205048,12.35294117647059,-0.84,0.19,1.89,-6.77,12.16,10.46
USK,Industrial Services,Engineering & Construction,NIFTY_INFRA,industry,-3.931095406360426,-11.836238346169443,-0.84,0.19,-0.98,-3.09,-12.03,-10.86
AVROIND,Consumer Durables,Home Furnishings,NIFTY_AUTO,sector,-6.070287539936105,-15.192307692307692,-0.84,0.19,1.4,-5.23,-15.38,-16.59
NAVKARURB,Non-Energy Minerals,Construction Materials,NIFTY_INFRA,industry,-6.086956521739117,-6.896551724137918,-0.84,0.19,-0.98,-5.25,-7.09,-5.92
BCPL,Industrial Services,Engineering & Construction,NIFTY_INFRA,industry,-1.455970880582397,-5.744509908944839,-0.84,0.19,-0.98,-0.62,-5.93,-4.76
REPL,Industrial Services,Engineering & Construction,NIFTY_INFRA,industry,-1.962840875037441,-4.759825327510911,-0.84,0.19,-0.98,-1.12,-4.95,-3.78
LATTEYS,Producer Manufacturing,Industrial Machinery,NIFTY_INFRA,industry,1.999999999999993,-7.9422382671480225,-0.84,0.19,-0.98,2.84,-8.13,-6.96
AAATECH,Technology Services,Information Technology Services,NIFTY_IT,industry,-4.627167322625262,-5.829219619787835,-0.84,0.19,5.63,-3.79,-6.02,-11.46
KREBSBIO,Health Technology,Pharmaceuticals: Major,NIFTY_PHARMA,industry,-2.990654205607479,-21.232356958567312,-0.84,0.19,2.66,-2.15,-21.42,-23.89
LAMBODHARA,Process Industries,Textiles,,unmapped,-4.451063829787238,-1.5175438596491262,-0.84,0.19,,-3.61,-1.71,
URBAN,Transportation,Trucking,,unmapped,3.682170542635659,-0.925925925925926,-0.84,0.19,,4.52,-1.12,
PIONRINV,Finance,Investment Banks/Brokers,NIFTY_FIN_SERVICE,industry,-16.260451876890233,-2.948453608247422,-0.84,0.19,1.89,-15.42,-3.14,-4.84
PAR,Process Industries,Chemicals: Specialty,,unmapped,-4.295918367346933,-0.6461864406779655,-0.84,0.19,,-3.46,-0.84,
READYMIX,Producer Manufacturing,Trucks/Construction/Farm Machinery,NIFTY_INFRA,industry,16.611111111111114,45.76388888888889,-0.84,0.19,-0.98,17.45,45.57,46.74
THACKER,Finance,Finance/Rental/Leasing,NIFTY_FIN_SERVICE,industry,1.4690040152776307,-9.114035087719309,-0.84,0.19,1.89,2.31,-9.3,-11.0
SHYAMCENT,Non-Energy Minerals,Steel,NIFTY_METAL,industry,-0.9276437847866388,-3.085299455535389,-0.84,0.19,-4.41,-0.09,-3.28,1.32
SOMICONVEY,Producer Manufacturing,Miscellaneous Manufacturing,NIFTY_INFRA,sector,-1.4582278481012636,-2.592592592592596,-0.84,0.19,-0.98,-0.62,-2.78,-1.61
GANGESSECU,Consumer Non-Durables,Food: Specialty/Candy,NIFTY_FMCG,industry,-2.971619365609351,-5.649350649350656,-0.84,0.19,-1.63,-2.13,-5.84,-4.02
ANIKINDS,Distribution Services,Wholesale Distributors,,unmapped,-7.268170426065158,-11.502500543596431,-0.84,0.19,,-6.43,-11.69,
VISHWARAJ,Process Industries,Agricultural Commodities/Milling,,unmapped,-2.4436090225563887,-9.7391304347826,-0.84,0.19,,-1.6,-9.93,
TBI,Process Industries,Agricultural Commodities/Milling,,unmapped,0.7281553398058299,-5.178979436405188,-0.84,0.19,,1.57,-5.37,
VLEGOV,Technology Services,Information Technology Services,NIFTY_IT,industry,-9.41278065630397,-19.36971560338201,-0.84,0.19,5.63,-8.57,-19.56,-25.0
SHRIKRISH,Finance,Real Estate Development,NIFTY_REALTY,industry,-6.269368295589993,-10.616049102068656,-0.84,0.19,12.78,-5.43,-10.81,-23.4
KCK,Process Industries,Agricultural Commodities/Milling,,unmapped,8.588957055214715,31.111111111111107,-0.84,0.19,,9.43,30.92,
STEELCITY,Finance,Investment Banks/Brokers,NIFTY_FIN_SERVICE,industry,-3.441111543955337,-4.544287548138647,-0.84,0.19,1.89,-2.6,-4.73,-6.43
JAYESH,Transportation,Air Freight/Couriers,,unmapped,-7.824222936763122,-17.86055396370583,-0.84,0.19,,-6.98,-18.05,
VITAL,Process Industries,Chemicals: Specialty,,unmapped,-7.819578491234992,-11.380420374929,-0.84,0.19,,-6.98,-11.57,
GTL,Technology Services,Information Technology Services,NIFTY_IT,industry,-1.6460905349794253,-11.80811808118082,-0.84,0.19,5.63,-0.81,-12.0,-17.44
SRIVASAVI,Process Industries,Industrial Specialties,,unmapped,-20.10204081632653,15.147058823529408,-0.84,0.19,,-19.26,14.96,
HOLMARC,Electronic Technology,Electronic Equipment/Instruments,NIFTY_IT,sector,0.9174311926605504,1.851851851851852,-0.84,0.19,5.63,1.76,1.66,-3.78
CUBEXTUB,Non-Energy Minerals,Other Metals/Minerals,NIFTY_METAL,industry,-2.433151691800788,-10.580720092915216,-0.84,0.19,-4.41,-1.59,-10.77,-6.17
GREENCHEF,Consumer Durables,Electronics/Appliances,NIFTY_AUTO,sector,-1.9771071800208029,-7.4656188605108,-0.84,0.19,1.4,-1.14,-7.66,-8.87
KKJEWELS,Retail Trade,Specialty Stores,NIFTY_FMCG,sector,-1.1401425178147295,1.0194174757281529,-0.84,0.19,-1.63,-0.3,0.83,2.65
SCML,Producer Manufacturing,Industrial Machinery,NIFTY_INFRA,industry,-5.110410094637221,-2.464332036316461,-0.84,0.19,-0.98,-4.27,-2.65,-1.48
HILTON,Producer Manufacturing,Metal Fabrication,NIFTY_INFRA,industry,-15.877437325905284,-9.735269000853975,-0.84,0.19,-0.98,-15.04,-9.93,-8.76
OBCL,Transportation,Trucking,,unmapped,-0.531611923295996,-7.142857142857145,-0.84,0.19,,0.31,-7.33,
SMARTEN,Producer Manufacturing,Electrical Products,NIFTY_INFRA,industry,-5.45454545454545,-10.624999999999996,-0.84,0.19,-0.98,-4.61,-10.81,-9.64
MOBILISE,Technology Services,Packaged Software,NIFTY_IT,industry,0.8849557522123894,19.622245540398744,-0.84,0.19,5.63,1.72,19.43,13.99
ZENITHEXPO,Consumer Non-Durables,Apparel/Footwear,NIFTY_FMCG,sector,0.0849999999999937,-3.2995169082125666,-0.84,0.19,-1.63,0.92,-3.49,-1.67
NORBTEAEXP,Consumer Non-Durables,Food: Specialty/Candy,NIFTY_FMCG,industry,-6.689750692520773,-4.844632768361572,-0.84,0.19,-1.63,-5.85,-5.03,-3.21
CLASSICEIL,Producer Manufacturing,Industrial Machinery,NIFTY_INFRA,industry,3.092783505154634,40.02333722287048,-0.84,0.19,-0.98,3.93,39.83,41.0
PARTYCRUS,Consumer Services,Other Consumer Services,NIFTY_FMCG,sector,7.142857142857143,0.5586592178770949,-0.84,0.19,-1.63,7.98,0.37,2.19
LANDSMILL,Commercial Services,Miscellaneous Commercial Services,,unmapped,0.0,-14.772727272727272,-0.84,0.19,,0.84,-14.96,
SURYALAXMI,Process Industries,Textiles,,unmapped,0.5419580419580334,-2.0105639802351334,-0.84,0.19,,1.38,-2.2,
LOVABLE,Consumer Non-Durables,Apparel/Footwear,NIFTY_FMCG,sector,-5.340699815837941,-5.091005011870219,-0.84,0.19,-1.63,-4.5,-5.28,-3.46
JETFREIGHT,Transportation,Airlines,,unmapped,-8.808290155440417,4.61819844535893,-0.84,0.19,,-7.97,4.43,
MOTOGENFIN,Finance,Real Estate Development,NIFTY_REALTY,industry,-0.109210047324345,-6.571331290432413,-0.84,0.19,12.78,0.73,-6.76,-19.35
COMPUSOFT,Technology Services,Information Technology Services,NIFTY_IT,industry,0.9848484848484907,0.5279034690799418,-0.84,0.19,5.63,1.82,0.34,-5.1
CANARYS,Technology Services,Information Technology Services,NIFTY_IT,industry,0.8174386920980848,-12.322274881516591,-0.84,0.19,5.63,1.66,-12.51,-17.95
BIOPOL,Process Industries,Chemicals: Major Diversified,,unmapped,-3.800592300098711,4.784946236559143,-0.84,0.19,,-2.96,4.59,
SOTAC,Health Technology,Pharmaceuticals: Major,NIFTY_PHARMA,industry,-5.373134328358215,-14.324324324324328,-0.84,0.19,2.66,-4.53,-14.51,-16.98
HINDCON,Non-Energy Minerals,Construction Materials,NIFTY_INFRA,industry,-5.26558891454964,-4.604651162790691,-0.84,0.19,-0.98,-4.43,-4.79,-3.62
GROBTEA,Consumer Non-Durables,Food: Major Diversified,NIFTY_FMCG,industry,-5.849115831327832,-5.681341719077573,-0.84,0.19,-1.63,-5.01,-5.87,-4.05
CLSL,Process Industries,Chemicals: Agricultural,,unmapped,0.8264462809917356,40.22988505747127,-0.84,0.19,,1.67,40.04,
PRLIND,Transportation,Trucking,,unmapped,4.861111111111097,-6.98151950718687,-0.84,0.19,,5.7,-7.17,
RSDFIN,Finance,Financial Conglomerates,NIFTY_FIN_SERVICE,industry,3.512500000000003,-0.5285285285285258,-0.84,0.19,1.89,4.35,-0.72,-2.42
KHFM,Commercial Services,Miscellaneous Commercial Services,,unmapped,-8.307692307692301,-30.046948356807505,-0.84,0.19,,-7.47,-30.24,
RTL,Communications,Specialty Telecommunications,,unmapped,-2.743142144638407,-17.808219178082197,-0.84,0.19,,-1.9,-18.0,
SIL,Process Industries,Chemicals: Specialty,,unmapped,-0.3761755485893336,3.788373612018289,-0.84,0.19,,0.46,3.6,
RAJSREESUG,Process Industries,Agricultural Commodities/Milling,,unmapped,-3.4471649484536093,-10.590692124105024,-0.84,0.19,,-2.61,-10.78,
AARADHYA,Process Industries,Containers/Packaging,,unmapped,-4.0,-10.0,-0.84,0.19,,-3.16,-10.19,
VIGOR,Producer Manufacturing,Miscellaneous Manufacturing,NIFTY_INFRA,sector,-4.946653734238598,-2.9702970297029703,-0.84,0.19,-0.98,-4.11,-3.16,-1.99
SYLVANPLY,Non-Energy Minerals,Forest Products,NIFTY_METAL,sector,-7.996485061511419,5.438066465256804,-0.84,0.19,-4.41,-7.16,5.25,9.85
AAKAAR,Distribution Services,Medical Distributors,,unmapped,0.2816901408450744,-3.653585926928285,-0.84,0.19,,1.12,-3.84,
ROCKINGDCE,Distribution Services,Wholesale Distributors,,unmapped,3.134978229317855,4.224112643003823,-0.84,0.19,,3.97,4.03,
ARTNIRMAN,Consumer Durables,Homebuilding,NIFTY_REALTY,industry,2.73517382413088,-1.8798828125000075,-0.84,0.19,12.78,3.58,-2.07,-14.66
SEMAC,Producer Manufacturing,Trucks/Construction/Farm Machinery,NIFTY_INFRA,industry,-1.189189189189196,-0.698432407263697,-0.84,0.19,-0.98,-0.35,-0.89,0.28
DTL,Technology Services,Information Technology Services,NIFTY_IT,industry,-4.999999999999996,-0.2892561983471027,-0.84,0.19,5.63,-4.16,-0.48,-5.92
LOYALTEX,Process Industries,Textiles,,unmapped,2.305044155066609,-4.1822429906542,-0.84,0.19,,3.15,-4.37,
DUCON,Distribution Services,Electronics Distributors,,unmapped,-1.3114754098360668,-10.41666666666667,-0.84,0.19,,-0.47,-10.61,
DHARAN,Finance,Real Estate Development,NIFTY_REALTY,industry,-6.250000000000005,-6.250000000000005,-0.84,0.19,12.78,-5.41,-6.44,-19.03
BANKA,Industrial Services,Environmental Services,NIFTY_INFRA,sector,3.147727272727268,1.988764044943816,-0.84,0.19,-0.98,3.99,1.8,2.97
SPCON,Industrial Services,Engineering & Construction,NIFTY_INFRA,industry,-5.2631578947368425,0.7596961215513818,-0.84,0.19,-0.98,-4.42,0.57,1.74
CHETANA,Consumer Services,Publishing: Books/Magazines,NIFTY_FMCG,sector,-0.4166666666666725,3.913043478260864,-0.84,0.19,-1.63,0.42,3.72,5.54
EMKAYTOOLS,Producer Manufacturing,Industrial Machinery,NIFTY_INFRA,industry,-0.7065217391304409,-1.8796992481203008,-0.84,0.19,-0.98,0.13,-2.07,-0.9
MGSL,Industrial Services,Engineering & Construction,NIFTY_INFRA,industry,9.59016393442622,5.524861878453028,-0.84,0.19,-0.98,10.43,5.33,6.5
KONSTELEC,Industrial Services,Engineering & Construction,NIFTY_INFRA,industry,-9.429978888106971,31.59509202453987,-0.84,0.19,-0.98,-8.59,31.41,32.58
DCG,Non-Energy Minerals,Other Metals/Minerals,NIFTY_METAL,industry,-1.2014787430683893,-8.476027397260266,-0.84,0.19,-4.41,-0.36,-8.67,-4.07
DRONE,Electronic Technology,Aerospace & Defense,NIFTY_IT,sector,2.8350515463917563,-7.85219399538106,-0.84,0.19,5.63,3.68,-8.04,-13.48
BHANDARI,Consumer Non-Durables,Apparel/Footwear,NIFTY_FMCG,sector,-2.693602693602696,-3.020134228187915,-0.84,0.19,-1.63,-1.85,-3.21,-1.39
MITCON,Commercial Services,Miscellaneous Commercial Services,,unmapped,-4.986807387862799,-10.098614405192864,-0.84,0.19,,-4.15,-10.29,
LAKSHYA,Industrial Services,Engineering & Construction,NIFTY_INFRA,industry,-5.665024630541872,-14.508928571428571,-0.84,0.19,-0.98,-4.83,-14.7,-13.53
PATINTLOG,Transportation,Other Transportation,,unmapped,-3.4916201117318435,-9.078947368421046,-0.84,0.19,,-2.65,-9.27,
KAKATCEM,Non-Energy Minerals,Construction Materials,NIFTY_INFRA,industry,2.455546147332774,-1.2244897959183674,-0.84,0.19,-0.98,3.3,-1.41,-0.24
GLOBE,Process Industries,Textiles,,unmapped,-0.9259259259259268,-4.888888888888883,-0.84,0.19,,-0.09,-5.08,
RICHA,Electronic Technology,Computer Peripherals,NIFTY_IT,sector,1.4176663031624832,1.7505470459518535,-0.84,0.19,5.63,2.26,1.56,-3.88
KCEIL,Industrial Services,Engineering & Construction,NIFTY_INFRA,industry,-5.399568034557236,9.431605246720798,-0.84,0.19,-0.98,-4.56,9.24,10.41
VR,Finance,Real Estate Development,NIFTY_REALTY,industry,4.956268221574338,-9.31989924433249,-0.84,0.19,12.78,5.8,-9.51,-22.1
RHFL,Finance,Finance/Rental/Leasing,NIFTY_FIN_SERVICE,industry,-2.4875621890547177,-10.909090909090915,-0.84,0.19,1.89,-1.65,-11.1,-12.8
RELCHEMQ,Process Industries,Textiles,,unmapped,-4.908112953832367,-7.223032069970833,-0.84,0.19,,-4.07,-7.41,
SELMC,Process Industries,Textiles,,unmapped,-4.497801826175183,-2.654257152705974,-0.84,0.19,,-3.66,-2.84,
BAGFILMS,Consumer Services,Broadcasting,NIFTY_FMCG,sector,0.0,-5.416666666666663,-0.84,0.19,-1.63,0.84,-5.61,-3.79
INVENTURE,Finance,Investment Banks/Brokers,NIFTY_FIN_SERVICE,industry,-3.2608695652173942,-8.247422680412368,-0.84,0.19,1.89,-2.42,-8.44,-10.14
SPLIL,Consumer Non-Durables,Apparel/Footwear,NIFTY_FMCG,sector,-7.789908527589261,5.574324324324319,-0.84,0.19,-1.63,-6.95,5.38,7.2
AMDIND,Producer Manufacturing,Miscellaneous Manufacturing,NIFTY_INFRA,sector,9.186813186813186,8.376963350785331,-0.84,0.19,-0.98,10.03,8.19,9.36
RNPL,Process Industries,Chemicals: Specialty,,unmapped,1.1017498379779576,-7.746895328208159,-0.84,0.19,,1.94,-7.94,
VELS,Consumer Services,Movies/Entertainment,NIFTY_FMCG,sector,4.509663564781683,-2.6666666666666665,-0.84,0.19,-1.63,5.35,-2.86,-1.04
AKSHOPTFBR,Electronic Technology,Telecommunications Equipment,NIFTY_IT,sector,1.5845070422535188,-22.132253711201088,-0.84,0.19,5.63,2.42,-22.32,-27.76
MAITREYA,Health Services,Hospital/Nursing Management,NIFTY_PHARMA,industry,12.195121951219512,-4.166666666666667,-0.84,0.19,2.66,13.04,-4.36,-6.83
GOYALALUM,Distribution Services,Wholesale Distributors,,unmapped,-2.533532041728762,-4.385964912280699,-0.84,0.19,,-1.69,-4.58,
EXCELLENT,Producer Manufacturing,Electrical Products,NIFTY_INFRA,industry,2.6400197384653312,7.716209218021753,-0.84,0.19,-0.98,3.48,7.53,8.7
RAJMET,Non-Energy Minerals,Other Metals/Minerals,NIFTY_METAL,industry,-2.890173410404627,-10.87533156498674,-0.84,0.19,-4.41,-2.05,-11.07,-6.47
PARAGON,Process Industries,Chemicals: Major Diversified,,unmapped,-5.115346038114351,-4.540867810292634,-0.84,0.19,,-4.28,-4.73,
REGENCERAM,Producer Manufacturing,Building Products,NIFTY_INFRA,sector,-12.90736463946626,-18.216867469879524,-0.84,0.19,-0.98,-12.07,-18.41,-17.24
MOKSH,Consumer Durables,Other Consumer Specialties,NIFTY_AUTO,sector,-4.795737122557719,-16.118935837245687,-0.84,0.19,1.4,-3.96,-16.31,-17.52
PURVFLEXI,Distribution Services,Wholesale Distributors,,unmapped,-8.124999999999998,-9.999999999999998,-0.84,0.19,,-7.28,-10.19,
IDEALTECHO,Process Industries,Containers/Packaging,,unmapped,0.0,14.906832298136646,-0.84,0.19,,0.84,14.72,
FORGEAUTO,Producer Manufacturing,Metal Fabrication,NIFTY_INFRA,industry,-4.960541149943636,-7.616438356164386,-0.84,0.19,-0.98,-4.12,-7.81,-6.64
SMLT,Non-Energy Minerals,Steel,NIFTY_METAL,industry,-0.9050445103857556,-7.236111111111102,-0.84,0.19,-4.41,-0.07,-7.43,-2.83
OSWALSEEDS,Process Industries,Agricultural Commodities/Milling,,unmapped,-3.927203065134101,-9.14855072463768,-0.84,0.19,,-3.09,-9.34,
CURIS,Health Technology,Pharmaceuticals: Major,NIFTY_PHARMA,industry,3.8961038961038983,7.537205952952466,-0.84,0.19,2.66,4.74,7.35,4.88
AAKASH,Energy Minerals,Oil & Gas Production,NIFTY_ENERGY,industry,-0.3351955307262498,-2.085620197585066,-0.84,0.19,-2.39,0.5,-2.28,0.3
BVCL,Non-Energy Minerals,Construction Materials,NIFTY_INFRA,industry,-3.0886196246139326,-7.063112326270224,-0.84,0.19,-0.98,-2.25,-7.25,-6.08
SHREEOSFM,Transportation,Other Transportation,,unmapped,-0.1724137931034507,-10.923076923076923,-0.84,0.19,,0.67,-11.11,
PALASHSECU,Consumer Non-Durables,Food: Specialty/Candy,NIFTY_FMCG,industry,-3.4863387978142053,-3.5917030567685506,-0.84,0.19,-1.63,-2.65,-3.78,-1.96
ORIENTLTD,Process Industries,Containers/Packaging,,unmapped,23.15862068965518,26.652482269503555,-0.84,0.19,,24.0,26.46,
HAPPY,Producer Manufacturing,Auto Parts: OEM,NIFTY_AUTO,industry,-5.753217259651775,-8.455882352941176,-0.84,0.19,1.4,-4.91,-8.65,-9.86
ROXHITECH,Technology Services,Information Technology Services,NIFTY_IT,industry,2.513227513227521,10.714285714285714,-0.84,0.19,5.63,3.35,10.52,5.08
NIBL,Producer Manufacturing,Metal Fabrication,NIFTY_INFRA,industry,5.717552887364208,19.98702141466579,-0.84,0.19,-0.98,6.56,19.8,20.97
DELAPLEX,Technology Services,Information Technology Services,NIFTY_IT,industry,-2.431610942249246,-3.84423364952572,-0.84,0.19,5.63,-1.59,-4.03,-9.47
ABAN,Industrial Services,Contract Drilling,NIFTY_INFRA,sector,-0.5992010652463373,7.642393655371309,-0.84,0.19,-0.98,0.24,7.45,8.62
SELLOWRAP,Producer Manufacturing,Auto Parts: OEM,NIFTY_AUTO,industry,-0.466562986003106,-4.191616766467062,-0.84,0.19,1.4,0.37,-4.38,-5.59
CINEVISTA,Consumer Services,Movies/Entertainment,NIFTY_FMCG,sector,-0.3259452411994831,-2.3627075351213347,-0.84,0.19,-1.63,0.51,-2.55,-0.73
FIBERWEB,Producer Manufacturing,Industrial Conglomerates,NIFTY_INFRA,sector,-3.3968253968253976,1.06276984390568,-0.84,0.19,-0.98,-2.56,0.87,2.04
VIAZ,Consumer Durables,Automotive Aftermarket,NIFTY_AUTO,industry,1.6666666666666667,-5.426356589147287,-0.84,0.19,1.4,2.51,-5.62,-6.83
MYMUDRA,Finance,Finance/Rental/Leasing,NIFTY_FIN_SERVICE,industry,11.516034985422747,3.0303030303030303,-0.84,0.19,1.89,12.36,2.84,1.14
KAYTEX,Process Industries,Textiles,,unmapped,2.1645021645021645,-6.274821286735508,-0.84,0.19,,3.0,-6.46,
AMBANIORGO,Process Industries,Chemicals: Specialty,,unmapped,-2.2164276401564518,-10.855784469096674,-0.84,0.19,,-1.38,-11.05,
KEN,Process Industries,Textiles,,unmapped,0.8645533141210292,-10.48593350383632,-0.84,0.19,,1.7,-10.68,
USASEEDS,Process Industries,Agricultural Commodities/Milling,,unmapped,1.3095238095238029,-8.494623655913985,-0.84,0.19,,2.15,-8.68,
MAYASHEEL,Industrial Services,Engineering & Construction,NIFTY_INFRA,industry,-3.874999999999993,-9.20897284533648,-0.84,0.19,-0.98,-3.03,-9.4,-8.23
BLBLIMITED,Finance,Investment Banks/Brokers,NIFTY_FIN_SERVICE,industry,0.6410256410256387,1.355713363460291,-0.84,0.19,1.89,1.48,1.17,-0.53
ZENITHDRUG,Health Technology,Pharmaceuticals: Major,NIFTY_PHARMA,industry,-1.7946161515453611,15.2046783625731,-0.84,0.19,2.66,-0.95,15.01,12.54
KOHINOOR,Process Industries,Agricultural Commodities/Milling,,unmapped,-5.093167701863341,-12.51908396946564,-0.84,0.19,,-4.25,-12.71,
PARSVNATH,Finance,Real Estate Development,NIFTY_REALTY,industry,-8.878504672897204,-31.818181818181813,-0.84,0.19,12.78,-8.04,-32.01,-44.6
FONEBOX,Retail Trade,Electronics/Appliance Stores,NIFTY_FMCG,sector,12.32876712328767,5.128205128205129,-0.84,0.19,-1.63,13.17,4.94,6.76
WOL3D,Electronic Technology,Computer Peripherals,NIFTY_IT,sector,-3.122676579925642,4.240000000000009,-0.84,0.19,5.63,-2.28,4.05,-1.39
KEL,Producer Manufacturing,Electrical Products,NIFTY_INFRA,industry,8.311170212765957,-2.455089820359278,-0.84,0.19,-0.98,9.15,-2.65,-1.48
VAISHALI,Health Technology,Pharmaceuticals: Major,NIFTY_PHARMA,industry,-1.52284263959391,4.441453566621805,-0.84,0.19,2.66,-0.68,4.25,1.78
LPDC,Finance,Real Estate Development,NIFTY_REALTY,industry,-3.174603174603177,-12.85714285714286,-0.84,0.19,12.78,-2.33,-13.05,-25.64
ENERGYDEV,Utilities,Electric Utilities,NIFTY_ENERGY,industry,1.2768427161926803,7.5169439309919825,-0.84,0.19,-2.39,2.12,7.33,9.91
ZEAL,Transportation,Airlines,,unmapped,-5.487804878048772,-9.620991253644307,-0.84,0.19,,-4.65,-9.81,
ZENITHSTL,Non-Energy Minerals,Steel,NIFTY_METAL,industry,3.736654804270462,-2.67111853088481,-0.84,0.19,-4.41,4.58,-2.86,1.74
KANDARP,Commercial Services,Miscellaneous Commercial Services,,unmapped,-12.163461538461544,-13.000000000000004,-0.84,0.19,,-11.32,-13.19,
DIGJAMLMTD,Process Industries,Textiles,,unmapped,-9.213483146067418,-9.213483146067418,-0.84,0.19,,-8.37,-9.4,
RSSOFTWARE,Technology Services,Packaged Software,NIFTY_IT,industry,-8.05882352941176,-15.353371242891953,-0.84,0.19,5.63,-7.22,-15.54,-20.98
NOIDATOLL,Commercial Services,Advertising/Marketing Services,,unmapped,-9.81210855949895,-12.373225152129807,-0.84,0.19,,-8.97,-12.56,
MARUSHIKA,Technology Services,Information Technology Services,NIFTY_IT,industry,11.111111111111114,5.05836575875486,-0.84,0.19,5.63,11.95,4.87,-0.57
TOTAL,Transportation,Air Freight/Couriers,,unmapped,-10.494269340974224,-1.556037029741986,-0.84,0.19,,-9.65,-1.75,
BANARBEADS,Consumer Durables,Other Consumer Specialties,NIFTY_AUTO,sector,4.212955050418738,16.253574833174447,-0.84,0.19,1.4,5.05,16.06,14.85
HDIL,Finance,Real Estate Development,NIFTY_REALTY,industry,-2.325581395348839,-8.196721311475418,-0.84,0.19,12.78,-1.49,-8.39,-20.98
MAL,Non-Energy Minerals,Steel,NIFTY_METAL,industry,-2.883156297420342,-2.735562310030391,-0.84,0.19,-4.41,-2.04,-2.93,1.67
SADBHIN,Transportation,Other Transportation,,unmapped,-11.372549019607844,-18.411552346570403,-0.84,0.19,,-10.53,-18.6,
HISARMETAL,Non-Energy Minerals,Steel,NIFTY_METAL,industry,-2.967105263157889,-7.238993710691818,-0.84,0.19,-4.41,-2.13,-7.43,-2.83
DIVYADHAN,Process Industries,Textiles,,unmapped,1.953488372093018,22.595078299776272,-0.84,0.19,,2.79,22.41,
ALKALI,Process Industries,Chemicals: Specialty,,unmapped,-15.345238095238097,-19.876056338028167,-0.84,0.19,,-14.51,-20.07,
BIKEWO,Retail Trade,Specialty Stores,NIFTY_FMCG,sector,13.723608445297502,79.00302114803625,-0.84,0.19,-1.63,14.56,78.81,80.63
AMEYA,Producer Manufacturing,Industrial Machinery,NIFTY_INFRA,industry,-11.22140699179974,-1.1057692307692362,-0.84,0.19,-0.98,-10.38,-1.3,-0.13
CALSOFT,Technology Services,Information Technology Services,NIFTY_IT,industry,-0.9099181073703334,-10.737704918032778,-0.84,0.19,5.63,-0.07,-10.93,-16.37
BEWLTD,Producer Manufacturing,Industrial Machinery,NIFTY_INFRA,industry,-3.204601479046841,-12.089552238805972,-0.84,0.19,-0.98,-2.36,-12.28,-11.11
IEML,Process Industries,Chemicals: Major Diversified,,unmapped,2.4420024420024418,-10.744680851063825,-0.84,0.19,,3.28,-10.93,
SHKSIL,Non-Energy Minerals,Steel,NIFTY_METAL,industry,0.0,-4.761904761904762,-0.84,0.19,-4.41,0.84,-4.95,-0.35
PREMIUM,Producer Manufacturing,Miscellaneous Manufacturing,NIFTY_INFRA,sector,-4.875148632580255,8.108108108108109,-0.84,0.19,-0.98,-4.04,7.92,9.09
MAXPOSURE,Commercial Services,Advertising/Marketing Services,,unmapped,0.7518796992481203,-2.7576197387518224,-0.84,0.19,,1.59,-2.95,
ASHALOG,Transportation,Air Freight/Couriers,,unmapped,0.9025270758122744,3.327171903881695,-0.84,0.19,,1.74,3.14,
ATAM,Producer Manufacturing,Industrial Machinery,NIFTY_INFRA,industry,-3.117647058823536,-7.211267605633809,-0.84,0.19,-0.98,-2.28,-7.4,-6.23
ARABIAN,Process Industries,Industrial Specialties,,unmapped,3.271375464684019,5.227272727272732,-0.84,0.19,,4.11,5.04,
VDEAL,Producer Manufacturing,Electrical Products,NIFTY_INFRA,industry,-0.967741935483871,-9.86494421608926,-0.84,0.19,-0.98,-0.13,-10.05,-8.88
UTKAL,Process Industries,Containers/Packaging,,unmapped,27.197346600331684,-21.171634121274405,-0.84,0.19,,28.04,-21.36,
TOUCHWOOD,Commercial Services,Miscellaneous Commercial Services,,unmapped,-1.8953200174952571,-10.2680357380984,-0.84,0.19,,-1.06,-10.46,
ACCURACY,Transportation,Air Freight/Couriers,,unmapped,1.8218623481781344,-10.815602836879425,-0.84,0.19,,2.66,-11.01,
VINEETLAB,Process Industries,Chemicals: Specialty,,unmapped,-0.3363518758085264,13.728963684676724,-0.84,0.19,,0.5,13.54,
TOKYOPLAST,Producer Manufacturing,Miscellaneous Manufacturing,NIFTY_INFRA,sector,-4.64009518143961,-6.802325581395342,-0.84,0.19,-0.98,-3.8,-6.99,-5.82
LCCINFOTEC,Technology Services,Information Technology Services,NIFTY_IT,industry,-7.789473684210529,-20.072992700729937,-0.84,0.19,5.63,-6.95,-20.26,-25.7
K2INFRA,Industrial Services,Engineering & Construction,NIFTY_INFRA,industry,4.8214285714285765,-12.583767684288908,-0.84,0.19,-0.98,5.66,-12.77,-11.6
DOLLEX,Process Industries,Agricultural Commodities/Milling,,unmapped,-1.658374792703151,-6.761006289308183,-0.84,0.19,,-0.82,-6.95,
RILINFRA,Industrial Services,Engineering & Construction,NIFTY_INFRA,industry,2.46433203631648,-11.43497757847534,-0.84,0.19,-0.98,3.3,-11.62,-10.45
DAMODARIND,Process Industries,Textiles,,unmapped,-0.5517241379310349,-9.818636647904942,-0.84,0.19,,0.29,-10.01,
DCCL,Finance,Finance/Rental/Leasing,NIFTY_FIN_SERVICE,industry,5.263157894736836,34.21052631578947,-0.84,0.19,1.89,6.1,34.02,32.32
ALCODIS,Consumer Non-Durables,Beverages: Alcoholic,NIFTY_FMCG,industry,1.3561741613133518,0.0,-0.84,0.19,-1.63,2.2,-0.19,1.63
AISL,Commercial Services,Personnel Services,,unmapped,9.788359788359784,17.897727272727277,-0.84,0.19,,10.63,17.71,
NAGREEKEXP,Process Industries,Textiles,,unmapped,-1.9491525423728848,-12.679245283018863,-0.84,0.19,,-1.11,-12.87,
VEEKAYEM,Process Industries,Textiles,,unmapped,-6.153846153846154,-2.711323763955347,-0.84,0.19,,-5.31,-2.9,
SERVICE,Commercial Services,Miscellaneous Commercial Services,,unmapped,4.362416107382552,19.73051010587103,-0.84,0.19,,5.2,19.54,
JYOTIGLOBL,Producer Manufacturing,Miscellaneous Manufacturing,NIFTY_INFRA,sector,-18.181818181818183,-13.25301204819277,-0.84,0.19,-0.98,-17.34,-13.44,-12.27
BRACEPORT,Transportation,Air Freight/Couriers,,unmapped,1.6129032258064515,15.596330275229358,-0.84,0.19,,2.45,15.41,
PRAKASHSTL,Non-Energy Minerals,Steel,NIFTY_METAL,industry,-2.9055690072639253,-11.868131868131869,-0.84,0.19,-4.41,-2.07,-12.06,-7.46
ITTL,Consumer Durables,Automotive Aftermarket,NIFTY_AUTO,industry,0.0,-9.423076923076916,-0.84,0.19,1.4,0.84,-9.61,-10.82
INTEGRITY,Industrial Services,Engineering & Construction,NIFTY_INFRA,industry,-1.2345679012345678,0.0,-0.84,0.19,-0.98,-0.39,-0.19,0.98
ODIGMA,Technology Services,Internet Software/Services,NIFTY_IT,industry,-3.454157782515986,-9.800796812749008,-0.84,0.19,5.63,-2.61,-9.99,-15.43
GENSOL,Industrial Services,Engineering & Construction,NIFTY_INFRA,industry,-4.971517348524067,-22.508445945945937,-0.84,0.19,-0.98,-4.13,-22.7,-21.53
SIDDHICOTS,Process Industries,Textiles,,unmapped,0.1754385964912305,3.4420289855072435,-0.84,0.19,,1.02,3.25,
AJOONI,Miscellaneous,Miscellaneous,,unmapped,-5.176470588235288,9.510869565217392,-0.84,0.19,,-4.34,9.32,
TRUST,Technology Services,Information Technology Services,NIFTY_IT,industry,-1.694915254237288,-8.227848101265826,-0.84,0.19,5.63,-0.85,-8.42,-13.86
BONLON,Producer Manufacturing,Electrical Products,NIFTY_INFRA,industry,-4.168618266978925,-4.280701754385961,-0.84,0.19,-0.98,-3.33,-4.47,-3.3
CAPTRUST,Finance,Finance/Rental/Leasing,NIFTY_FIN_SERVICE,industry,15.354330708661427,14.00778210116732,-0.84,0.19,1.89,16.19,13.82,12.12
IL&FSTRANS,Industrial Services,Engineering & Construction,NIFTY_INFRA,industry,-6.91244239631336,-20.78431372549019,-0.84,0.19,-0.98,-6.07,-20.97,-19.8
DIGIDRIVE,Retail Trade,Specialty Stores,NIFTY_FMCG,sector,-4.010695187165775,-5.026455026455023,-0.84,0.19,-1.63,-3.17,-5.22,-3.4
CURAA,Technology Services,Information Technology Services,NIFTY_IT,industry,-9.543726235741444,-17.011627906976738,-0.84,0.19,5.63,-8.7,-17.2,-22.64
WOMANCART,Retail Trade,Specialty Stores,NIFTY_FMCG,sector,-6.407766990291257,-14.27301022676745,-0.84,0.19,-1.63,-5.57,-14.46,-12.64
UMAEXPORTS,Distribution Services,Wholesale Distributors,,unmapped,-8.287545787545783,-10.620258813029892,-0.84,0.19,,-7.45,-10.81,
ONYX,Health Technology,Pharmaceuticals: Major,NIFTY_PHARMA,industry,-1.4627659574468197,-5.000000000000007,-0.84,0.19,2.66,-0.62,-5.19,-7.66
PARASPETRO,Process Industries,Textiles,,unmapped,-2.926829268292675,-1.9704433497536853,-0.84,0.19,,-2.09,-2.16,
PARAMATRIX,Technology Services,Packaged Software,NIFTY_IT,industry,-8.517350157728705,-6.451612903225806,-0.84,0.19,5.63,-7.68,-6.64,-12.08
NGIL,Consumer Non-Durables,Food: Specialty/Candy,NIFTY_FMCG,industry,-3.032619775739054,0.1579362990260467,-0.84,0.19,-1.63,-2.19,-0.03,1.79
PIONEEREMB,Consumer Non-Durables,Apparel/Footwear,NIFTY_FMCG,sector,-3.0343007915567184,-9.815950920245394,-0.84,0.19,-1.63,-2.19,-10.01,-8.19
SYNOPTICS,Technology Services,Information Technology Services,NIFTY_IT,industry,8.472222222222214,11.651179413867034,-0.84,0.19,5.63,9.31,11.46,6.02
JHS,Consumer Non-Durables,Household/Personal Care,NIFTY_FMCG,industry,2.6027397260274028,-5.189873417721521,-0.84,0.19,-1.63,3.44,-5.38,-3.56
AGRITECH,Process Industries,Agricultural Commodities/Milling,,unmapped,-2.1327433628318557,-7.0672268907563,-0.84,0.19,,-1.29,-7.26,
AUSL,Non-Energy Minerals,Steel,NIFTY_METAL,industry,-1.8867924528301887,30.98236775818639,-0.84,0.19,-4.41,-1.05,30.79,35.39
MARCO,Producer Manufacturing,Electrical Products,NIFTY_INFRA,industry,7.8125,16.55405405405405,-0.84,0.19,-0.98,8.65,16.36,17.53
SLONE,Distribution Services,Electronics Distributors,,unmapped,-0.2853648593558976,-25.42682926829268,-0.84,0.19,,0.55,-25.62,
SIGNORIA,Consumer Non-Durables,Apparel/Footwear,NIFTY_FMCG,sector,0.0,33.86217154189391,-0.84,0.19,-1.63,0.84,33.67,35.49
RKEC,Industrial Services,Engineering & Construction,NIFTY_INFRA,industry,0.7918552036199127,-7.604562737642584,-0.84,0.19,-0.98,1.63,-7.79,-6.62
SAMAY,Industrial Services,Engineering & Construction,NIFTY_INFRA,industry,-9.673913043478269,-11.595744680851068,-0.84,0.19,-0.98,-8.83,-11.79,-10.62
ADDICTIVE,Technology Services,Internet Software/Services,NIFTY_IT,industry,5.960264900662252,-11.11111111111111,-0.84,0.19,5.63,6.8,-11.3,-16.74
OMFURN,Producer Manufacturing,Office Equipment/Supplies,NIFTY_INFRA,sector,-3.141831238779174,-1.0091743119266003,-0.84,0.19,-0.98,-2.3,-1.2,-0.03
SEL,Electronic Technology,Semiconductors,NIFTY_IT,sector,24.09090909090909,49.01746724890831,-0.84,0.19,5.63,24.93,48.83,43.39
LRRPL,Process Industries,Chemicals: Specialty,,unmapped,-4.388888888888892,-9.42105263157895,-0.84,0.19,,-3.55,-9.61,
ATLASCYCLE,Consumer Durables,Motor Vehicles,NIFTY_AUTO,industry,-0.9183673469387812,-1.4313267688559643,-0.84,0.19,1.4,-0.08,-1.62,-2.83
NAMAN,Producer Manufacturing,Office Equipment/Supplies,NIFTY_INFRA,sector,9.007981755986306,0.631578947368415,-0.84,0.19,-0.98,9.85,0.44,1.61
GATECHDVR,Finance,Investment Banks/Brokers,NIFTY_FIN_SERVICE,industry,0.0,-8.510638297872337,-0.84,0.19,1.89,0.84,-8.7,-10.4
GATECH,Finance,Investment Banks/Brokers,NIFTY_FIN_SERVICE,industry,0.0,-4.000000000000004,-0.84,0.19,1.89,0.84,-4.19,-5.89
DHANSA,Process Industries,Chemicals: Agricultural,,unmapped,-5.707762557077626,0.9779951100244464,-0.84,0.19,,-4.87,0.79,
RAJTV,Consumer Services,Broadcasting,NIFTY_FMCG,sector,0.3439380911435868,-9.88416988416988,-0.84,0.19,-1.63,1.18,-10.07,-8.25
MHHL,Health Technology,Medical Specialties,NIFTY_PHARMA,industry,-8.152173913043478,0.1481481481481397,-0.84,0.19,2.66,-7.31,-0.04,-2.51
GJL,Consumer Durables,Other Consumer Specialties,NIFTY_AUTO,sector,-3.614457831325301,-13.513513513513514,-0.84,0.19,1.4,-2.77,-13.7,-14.91
MALUPAPER,Process Industries,Pulp & Paper,,unmapped,18.10658722277391,12.555205047318614,-0.84,0.19,,18.95,12.37,
SUNTECH,Industrial Services,Engineering & Construction,NIFTY_INFRA,industry,0.7974481658692185,-15.957446808510635,-0.84,0.19,-0.98,1.64,-16.15,-14.98
SUNDARAM,Producer Manufacturing,Office Equipment/Supplies,NIFTY_INFRA,sector,0.0,-6.569343065693436,-0.84,0.19,-0.98,0.84,-6.76,-5.59
CTE,Technology Services,Information Technology Services,NIFTY_IT,industry,2.806788511749345,0.2227171492204908,-0.84,0.19,5.63,3.65,0.03,-5.41
PSFL,Producer Manufacturing,Metal Fabrication,NIFTY_INFRA,industry,0.3236245954692602,-12.05673758865248,-0.84,0.19,-0.98,1.16,-12.25,-11.08
DELTAMAGNT,Producer Manufacturing,Metal Fabrication,NIFTY_INFRA,industry,-6.934489081513591,-8.264870193887614,-0.84,0.19,-0.98,-6.09,-8.45,-7.28
KHAITANLTD,Consumer Durables,Electronics/Appliances,NIFTY_AUTO,sector,-0.4789494013132299,-5.826023391812864,-0.84,0.19,1.4,0.36,-6.02,-7.23
PANACHE,Electronic Technology,Computer Peripherals,NIFTY_IT,sector,-2.9459522152632904,-2.912170785473956,-0.84,0.19,5.63,-2.11,-3.1,-8.54
MILTON,Non-Energy Minerals,Forest Products,NIFTY_METAL,sector,-12.015018773466844,-14.163614163614174,-0.84,0.19,-4.41,-11.18,-14.35,-9.75
CADSYS,Technology Services,Packaged Software,NIFTY_IT,industry,-9.687261632341716,-17.777777777777775,-0.84,0.19,5.63,-8.85,-17.97,-23.41
HGM,Technology Services,Data Processing Services,NIFTY_IT,industry,-6.333934656243743,-12.161654135338356,-0.84,0.19,5.63,-5.49,-12.35,-17.79
PALREDTEC,Distribution Services,Electronics Distributors,,unmapped,-8.134840532902707,-21.53448275862069,-0.84,0.19,,-7.29,-21.72,
AGROPHOS,Process Industries,Chemicals: Agricultural,,unmapped,-3.200000000000003,-8.650519031141869,-0.84,0.19,,-2.36,-8.84,
SECURKLOUD,Technology Services,Information Technology Services,NIFTY_IT,industry,-5.414185165132648,-11.184544992374189,-0.84,0.19,5.63,-4.57,-11.37,-16.81
SAJHOTELS,Consumer Services,Hotels/Resorts/Cruise lines,NIFTY_FMCG,sector,-17.23356009070295,13.178294573643411,-0.84,0.19,-1.63,-16.39,12.99,14.81
SANGANI,Health Services,Hospital/Nursing Management,NIFTY_PHARMA,industry,-4.89977728285077,-5.1111111111111045,-0.84,0.19,2.66,-4.06,-5.3,-7.77
CRAYONS,Commercial Services,Advertising/Marketing Services,,unmapped,-14.107142857142856,-15.465729349736376,-0.84,0.19,,-13.27,-15.66,
REFRACTORY,Non-Energy Minerals,Construction Materials,NIFTY_INFRA,industry,-4.270462633451968,-17.357910906298002,-0.84,0.19,-0.98,-3.43,-17.55,-16.38
TRU,Finance,Finance/Rental/Leasing,NIFTY_FIN_SERVICE,industry,-1.214574898785435,-12.072072072072071,-0.84,0.19,1.89,-0.37,-12.26,-13.96
SFML,Commercial Services,Miscellaneous Commercial Services,,unmapped,0.0,-4.081632653061225,-0.84,0.19,,0.84,-4.27,
FCONSUMER,Consumer Non-Durables,Food: Major Diversified,NIFTY_FMCG,industry,-3.4482758620689498,-6.666666666666655,-0.84,0.19,-1.63,-2.61,-6.86,-5.04
MMEL,Finance,Finance/Rental/Leasing,NIFTY_FIN_SERVICE,industry,1.3179571663920877,-9.023668639053248,-0.84,0.19,1.89,2.16,-9.21,-10.91
TFL,Finance,Investment Banks/Brokers,NIFTY_FIN_SERVICE,industry,-5.791855203619915,-16.72,-0.84,0.19,1.89,-4.95,-16.91,-18.61
3PLAND,Finance,Real Estate Development,NIFTY_REALTY,industry,-2.8615384615384607,-2.8615384615384607,-0.84,0.19,12.78,-2.02,-3.05,-15.64
FMNL,Transportation,Air Freight/Couriers,,unmapped,-3.661087866108783,-17.767857142857128,-0.84,0.19,,-2.82,-17.96,
ANMOL,Distribution Services,Wholesale Distributors,,unmapped,-5.586592178770946,-12.510785159620358,-0.84,0.19,,-4.75,-12.7,
RCDL,Process Industries,Agricultural Commodities/Milling,,unmapped,-4.382470119521917,-13.043478260869568,-0.84,0.19,,-3.54,-13.23,
ANSALAPI,Finance,Real Estate Development,NIFTY_REALTY,industry,8.992805755395684,0.9999999999999934,-0.84,0.19,12.78,9.83,0.81,-11.78
BALKRISHNA,Process Industries,Pulp & Paper,,unmapped,-0.959909655561839,-11.414141414141422,-0.84,0.19,,-0.12,-11.6,
VILINBIO,Health Technology,Pharmaceuticals: Major,NIFTY_PHARMA,industry,-3.7869822485207134,-12.20302375809935,-0.84,0.19,2.66,-2.95,-12.39,-14.86
GANGAFORGE,Producer Manufacturing,Metal Fabrication,NIFTY_INFRA,industry,-14.79591836734694,-16.30039863112961,-0.84,0.19,-0.98,-13.96,-16.49,-15.32
ROLLT,Process Industries,Containers/Packaging,,unmapped,-5.652173913043474,-32.81733746130031,-0.84,0.19,,-4.81,-33.01,
DELTIC,Consumer Durables,Motor Vehicles,NIFTY_AUTO,industry,5.142857142857134,8.23529411764705,-0.84,0.19,1.4,5.98,8.05,6.84
HYBRIDFIN,Finance,Investment Banks/Brokers,NIFTY_FIN_SERVICE,industry,-1.945945945945943,-19.55654101995565,-0.84,0.19,1.89,-1.11,-19.75,-21.45
ARVINDPORT,Transportation,Other Transportation,,unmapped,4.02684563758389,-2.2082018927444773,-0.84,0.19,,4.87,-2.4,
ORCHASP,Technology Services,Information Technology Services,NIFTY_IT,industry,-10.227272727272725,-14.130434782608695,-0.84,0.19,5.63,-9.39,-14.32,-19.76
NEWJAISA,Retail Trade,Electronics/Appliance Stores,NIFTY_FMCG,sector,-8.708708708708706,-10.850439882697955,-0.84,0.19,-1.63,-7.87,-11.04,-9.22
KLL,Transportation,Air Freight/Couriers,,unmapped,3.008849557522129,-9.48678071539657,-0.84,0.19,,3.85,-9.68,
KSR,Consumer Non-Durables,Apparel/Footwear,NIFTY_FMCG,sector,-1.2709030100334415,-11.030741410488249,-0.84,0.19,-1.63,-0.43,-11.22,-9.4
TROM,Industrial Services,Engineering & Construction,NIFTY_INFRA,industry,-3.4138218151540336,-10.76923076923077,-0.84,0.19,-0.98,-2.57,-10.96,-9.79
GRAPHISAD,Commercial Services,Advertising/Marketing Services,,unmapped,3.571428571428572,-1.5280135823429517,-0.84,0.19,,4.41,-1.72,
OSIAHYPER,Retail Trade,Food Retail,NIFTY_FMCG,sector,-0.3333333333333262,-1.3201320132013068,-0.84,0.19,-1.63,0.51,-1.51,0.31
BAWEJA,Consumer Services,Movies/Entertainment,NIFTY_FMCG,sector,3.254972875226048,-2.393162393162391,-0.84,0.19,-1.63,4.09,-2.58,-0.76
BIOFILCHEM,Health Technology,Pharmaceuticals: Major,NIFTY_PHARMA,industry,-4.780285035629452,-14.434364994663811,-0.84,0.19,2.66,-3.94,-14.62,-17.09
SUVIDHAA,Commercial Services,Miscellaneous Commercial Services,,unmapped,-4.214559386973176,-7.749077490774907,-0.84,0.19,,-3.37,-7.94,
JAIPURKURT,Consumer Non-Durables,Apparel/Footwear,NIFTY_FMCG,sector,-5.16151685393258,-5.559440559440559,-0.84,0.19,-1.63,-4.32,-5.75,-3.93
STUDIOLSD,Consumer Services,Movies/Entertainment,NIFTY_FMCG,sector,8.791208791208799,4.761904761904773,-0.84,0.19,-1.63,9.63,4.57,6.39
DECCANTRAN,Transportation,Air Freight/Couriers,,unmapped,7.913669064748194,7.142857142857143,-0.84,0.19,,8.75,6.95,
ICDSLTD,Finance,Finance/Rental/Leasing,NIFTY_FIN_SERVICE,industry,-0.0493827160493904,-3.733650416171226,-0.84,0.19,1.89,0.79,-3.92,-5.62
PRITI,Consumer Durables,Home Furnishings,NIFTY_AUTO,sector,-2.000000000000008,-6.516352824578797,-0.84,0.19,1.4,-1.16,-6.71,-7.92
PULZ,Consumer Durables,Electronics/Appliances,NIFTY_AUTO,sector,-7.630522088353408,-1.2875536480686725,-0.84,0.19,1.4,-6.79,-1.48,-2.69
SHIVAMILLS,Process Industries,Textiles,,unmapped,-2.949756888168558,0.0501253132832099,-0.84,0.19,,-2.11,-0.14,
ADROITINFO,Commercial Services,Miscellaneous Commercial Services,,unmapped,4.401805869074499,-0.9635974304068508,-0.84,0.19,,5.24,-1.15,
SVPGLOB,Distribution Services,Wholesale Distributors,,unmapped,0.2590673575129593,-5.3789731051344685,-0.84,0.19,,1.1,-5.57,
LAMOSAIC,Distribution Services,Wholesale Distributors,,unmapped,2.7659574468085046,38.593974175035854,-0.84,0.19,,3.61,38.4,
UWCSL,Producer Manufacturing,Miscellaneous Manufacturing,NIFTY_INFRA,sector,-5.839057899901866,-4.049999999999997,-0.84,0.19,-0.98,-5.0,-4.24,-3.07
VINNY,Process Industries,Textiles,,unmapped,-0.9259259259259268,-15.079365079365074,-0.84,0.19,,-0.09,-15.27,
EFORCE,Producer Manufacturing,Building Products,NIFTY_INFRA,sector,-7.809110629067248,-2.522935779816517,-0.84,0.19,-0.98,-6.97,-2.71,-1.54
COUNCODOS,Finance,Real Estate Development,NIFTY_REALTY,industry,-4.334828101644246,28.772635814889348,-0.84,0.19,12.78,-3.49,28.58,15.99
DKEGL,Process Industries,Containers/Packaging,,unmapped,-3.016924208977185,2.888368462138968,-0.84,0.19,,-2.18,2.7,
CHAMUNDA,Industrial Services,Engineering & Construction,NIFTY_INFRA,industry,0.4469273743016823,6.014150943396237,-0.84,0.19,-0.98,1.29,5.82,6.99
SONUINFRA,Industrial Services,Engineering & Construction,NIFTY_INFRA,industry,-7.427937915742796,-21.81647940074906,-0.84,0.19,-0.98,-6.59,-22.01,-20.84
AHLADA,Producer Manufacturing,Building Products,NIFTY_INFRA,sector,-1.3495977160654116,-4.975000000000005,-0.84,0.19,-0.98,-0.51,-5.17,-4.0
ITALIANE,Consumer Non-Durables,Food: Specialty/Candy,NIFTY_FMCG,industry,-5.714285714285714,3.125,-0.84,0.19,-1.63,-4.87,2.94,4.75
BLUECOAST,Consumer Services,Hotels/Resorts/Cruise lines,NIFTY_FMCG,sector,-3.0172413793103443,-1.8895348837209287,-0.84,0.19,-1.63,-2.18,-2.08,-0.26
WHITEFORCE,Commercial Services,Personnel Services,,unmapped,-5.417607223476296,-6.159014557670773,-0.84,0.19,,-4.58,-6.35,
SNEHAA,Industrial Services,Environmental Services,NIFTY_INFRA,sector,-1.5608740894901143,7.256235827664389,-0.84,0.19,-0.98,-0.72,7.07,8.24
RKDL,Consumer Non-Durables,Beverages: Alcoholic,NIFTY_FMCG,industry,4.789473684210527,9.93926007730536,-0.84,0.19,-1.63,5.63,9.75,11.57
SUPREMEENG,Non-Energy Minerals,Steel,NIFTY_METAL,industry,8.474576271186436,41.17647058823528,-0.84,0.19,-4.41,9.31,40.99,45.59
GANGABATH,Producer Manufacturing,Building Products,NIFTY_INFRA,sector,-8.492569002123142,-6.304347826086954,-0.84,0.19,-0.98,-7.65,-6.49,-5.32
PRANIK,Transportation,Air Freight/Couriers,,unmapped,1.7709563164108617,-5.482456140350877,-0.84,0.19,,2.61,-5.67,
ARCHIES,Retail Trade,Specialty Stores,NIFTY_FMCG,sector,-2.135231316725984,-5.692729766803841,-0.84,0.19,-1.63,-1.3,-5.88,-4.06
ABHAPOWER,Non-Energy Minerals,Steel,NIFTY_METAL,industry,-0.9746588693957116,-9.28571428571429,-0.84,0.19,-4.41,-0.13,-9.48,-4.88
DHRUV,Industrial Services,Engineering & Construction,NIFTY_INFRA,industry,-5.807692307692315,-12.566940378436284,-0.84,0.19,-0.98,-4.97,-12.76,-11.59
SONAMAC,Producer Manufacturing,Trucks/Construction/Farm Machinery,NIFTY_INFRA,industry,3.1866464339908864,-2.857142857142857,-0.84,0.19,-0.98,4.03,-3.05,-1.88
TPHQ,Industrial Services,Engineering & Construction,NIFTY_INFRA,industry,-9.090909090909086,-20.0,-0.84,0.19,-0.98,-8.25,-20.19,-19.02
WEWIN,Commercial Services,Miscellaneous Commercial Services,,unmapped,-0.0211237853823513,-5.8109452736318445,-0.84,0.19,,0.82,-6.0,
GAYAHWS,Industrial Services,Engineering & Construction,NIFTY_INFRA,industry,-7.843137254901968,-16.44444444444445,-0.84,0.19,-0.98,-7.0,-16.63,-15.46
AKASH,Industrial Services,Engineering & Construction,NIFTY_INFRA,industry,2.471482889733835,-1.462522851919569,-0.84,0.19,-0.98,3.31,-1.65,-0.48
MASKINVEST,Finance,Finance/Rental/Leasing,NIFTY_FIN_SERVICE,industry,-5.946291560102309,-4.480519480519484,-0.84,0.19,1.89,-5.11,-4.67,-6.37
VISHWAS,Process Industries,Agricultural Commodities/Milling,,unmapped,-6.178010471204194,-13.009708737864084,-0.84,0.19,,-5.34,-13.2,
CELEBRITY,Consumer Non-Durables,Apparel/Footwear,NIFTY_FMCG,sector,-6.133333333333334,-14.769975786924936,-0.84,0.19,-1.63,-5.29,-14.96,-13.14
AKI,Process Industries,Textiles,,unmapped,-9.361702127659584,-10.504201680672267,-0.84,0.19,,-8.52,-10.69,
REXPRO,Producer Manufacturing,Office Equipment/Supplies,NIFTY_INFRA,sector,-3.037667071688943,-2.682926829268296,-0.84,0.19,-0.98,-2.2,-2.87,-1.7
ATCENERGY,Producer Manufacturing,Electrical Products,NIFTY_INFRA,industry,-7.446808510638298,-13.0,-0.84,0.19,-0.98,-6.61,-13.19,-12.02
TSC,Consumer Services,Other Consumer Services,NIFTY_FMCG,sector,2.693602693602696,-4.388714733542315,-0.84,0.19,-1.63,3.53,-4.58,-2.76
GOLDENTOBC,Finance,Real Estate Development,NIFTY_REALTY,industry,-3.9568345323740943,-4.224790753288158,-0.84,0.19,12.78,-3.12,-4.41,-17.0
VIVIMEDLAB,Health Technology,Pharmaceuticals: Major,NIFTY_PHARMA,industry,0.974658869395708,-11.60409556313994,-0.84,0.19,2.66,1.81,-11.79,-14.26
KARMAENG,Utilities,Electric Utilities,NIFTY_ENERGY,industry,1.8133333333333328,-5.495049504950493,-0.84,0.19,-2.39,2.65,-5.69,-3.11
BMETRICS,Industrial Services,Engineering & Construction,NIFTY_INFRA,industry,-1.5256588072121977,-3.5326086956521663,-0.84,0.19,-0.98,-0.69,-3.72,-2.55
SWASTIK,Producer Manufacturing,Industrial Machinery,NIFTY_INFRA,industry,4.178272980501393,-0.5319148936170288,-0.84,0.19,-0.98,5.02,-0.72,0.45
SILKY,Process Industries,Textiles,,unmapped,-24.65450525152017,-42.48945147679324,-0.84,0.19,,-23.81,-42.68,
VLINFRA,Industrial Services,Engineering & Construction,NIFTY_INFRA,industry,5.961538461538464,3.377110694183873,-0.84,0.19,-0.98,6.8,3.19,4.36
BULKCORP,Process Industries,Containers/Packaging,,unmapped,7.397003745318358,33.37209302325582,-0.84,0.19,,8.24,33.18,
LFIC,Finance,Financial Conglomerates,NIFTY_FIN_SERVICE,industry,2.1382751247327154,-2.0505809979494187,-0.84,0.19,1.89,2.98,-2.24,-3.94
SAGARDEEP,Non-Energy Minerals,Other Metals/Minerals,NIFTY_METAL,industry,2.9459901800327284,1.0441767068273156,-0.84,0.19,-4.41,3.79,0.85,5.45
MANGALAM,Health Technology,Pharmaceuticals: Major,NIFTY_PHARMA,industry,-2.3672883787661414,-8.102633355840656,-0.84,0.19,2.66,-1.53,-8.29,-10.76
SATECH,Technology Services,Information Technology Services,NIFTY_IT,industry,-0.7575757575757576,-2.0926756352765405,-0.84,0.19,5.63,0.08,-2.28,-7.72
SITINET,Consumer Services,Cable/Satellite TV,NIFTY_FMCG,sector,-3.030303030303033,-8.571428571428564,-0.84,0.19,-1.63,-2.19,-8.76,-6.94
RULKA,Industrial Services,Engineering & Construction,NIFTY_INFRA,industry,-11.50442477876106,12.359550561797754,-0.84,0.19,-0.98,-10.66,12.17,13.34
DEEM,Non-Energy Minerals,Steel,NIFTY_METAL,industry,-11.149825783972124,-6.507791017415211,-0.84,0.19,-4.41,-10.31,-6.7,-2.1
AMBICAAGAR,Process Industries,Chemicals: Major Diversified,,unmapped,1.1494252873563264,3.0962343096234397,-0.84,0.19,,1.99,2.91,
MANUGRAPH,Producer Manufacturing,Industrial Machinery,NIFTY_INFRA,industry,-7.529089664613277,-11.52586771447282,-0.84,0.19,-0.98,-6.69,-11.72,-10.55
PRUDMOULI,Process Industries,Agricultural Commodities/Milling,,unmapped,-1.749049429657798,-17.96825396825397,-0.84,0.19,,-0.91,-18.16,
PENTAGON,Producer Manufacturing,Industrial Machinery,NIFTY_INFRA,industry,1.6007532956685526,-8.481764206955047,-0.84,0.19,-0.98,2.44,-8.67,-7.5
VICTORYEV,Consumer Durables,Motor Vehicles,NIFTY_AUTO,industry,3.0395136778115504,-4.237288135593221,-0.84,0.19,1.4,3.88,-4.43,-5.64
MANAV,Industrial Services,Engineering & Construction,NIFTY_INFRA,industry,-4.936305732484068,-22.366710013003903,-0.84,0.19,-0.98,-4.1,-22.56,-21.39
SHEKHAWATI,Process Industries,Textiles,,unmapped,-8.540372670807464,-17.333333333333336,-0.84,0.19,,-7.7,-17.52,
TNTELE,Producer Manufacturing,Electrical Products,NIFTY_INFRA,industry,0.4395604395604497,-0.760043431053206,-0.84,0.19,-0.98,1.28,-0.95,0.22
MITTAL,Process Industries,Textiles,,unmapped,-2.150537634408604,-8.999999999999996,-0.84,0.19,,-1.31,-9.19,
AATMAJ,Health Services,Hospital/Nursing Management,NIFTY_PHARMA,industry,-4.054054054054054,-11.25,-0.84,0.19,2.66,-3.21,-11.44,-13.91
VMOBILE,Retail Trade,Electronics/Appliance Stores,NIFTY_FMCG,sector,-34.082779764946345,-58.38709677419355,-0.84,0.19,-1.63,-33.24,-58.58,-56.76
DHANLAXMI,Process Industries,Agricultural Commodities/Milling,,unmapped,0.2066115702479368,-21.393841166936795,-0.84,0.19,,1.05,-21.58,
ORIENTALTL,Non-Energy Minerals,Construction Materials,NIFTY_INFRA,industry,-5.851063829787235,-16.901408450704228,-0.84,0.19,-0.98,-5.01,-17.09,-15.92
BABAFP,Process Industries,Agricultural Commodities/Milling,,unmapped,0.0,22.762148337595903,-0.84,0.19,,0.84,22.57,
21STCENMGM,Finance,Investment Banks/Brokers,NIFTY_FIN_SERVICE,industry,12.250453720508158,9.565987599645712,-0.84,0.19,1.89,13.09,9.38,7.68
AROGRANITE,Non-Energy Minerals,Construction Materials,NIFTY_INFRA,industry,1.2550607287449485,-7.301704966641952,-0.84,0.19,-0.98,2.1,-7.49,-6.32
ARCIIL,Non-Energy Minerals,Steel,NIFTY_METAL,industry,-4.545454545454556,-7.352941176470589,-0.84,0.19,-4.41,-3.71,-7.54,-2.94
PRESSTONIC,Producer Manufacturing,Trucks/Construction/Farm Machinery,NIFTY_INFRA,industry,-2.115384615384618,-13.728813559322036,-0.84,0.19,-0.98,-1.28,-13.92,-12.75
MADHUCON,Industrial Services,Engineering & Construction,NIFTY_INFRA,industry,-6.01769911504426,-17.03125000000001,-0.84,0.19,-0.98,-5.18,-17.22,-16.05
VERA,Process Industries,Textiles,,unmapped,19.374523264683454,13.405797101449275,-0.84,0.19,,20.21,13.22,
GFSTEELS,Non-Energy Minerals,Steel,NIFTY_METAL,industry,0.0,4.996326230712709,-0.84,0.19,-4.41,0.84,4.81,9.41
ABMINTLLTD,Industrial Services,Engineering & Construction,NIFTY_INFRA,industry,0.9598818606940698,-0.6779661016949009,-0.84,0.19,-0.98,1.8,-0.87,0.3
NMSTEEL,Non-Energy Minerals,Steel,NIFTY_METAL,industry,-8.997955010224947,-7.291666666666667,-0.84,0.19,-4.41,-8.16,-7.48,-2.88
ADL,Commercial Services,Miscellaneous Commercial Services,,unmapped,1.505524861878438,4.241134751773043,-0.84,0.19,,2.35,4.05,
SOCL,Process Industries,Industrial Specialties,,unmapped,-2.0689655172413843,6.96798493408662,-0.84,0.19,,-1.23,6.78,
BANG,Consumer Non-Durables,Apparel/Footwear,NIFTY_FMCG,sector,-4.681139755766617,-12.187499999999996,-0.84,0.19,-1.63,-3.84,-12.38,-10.56
HOMESFY,Technology Services,Internet Software/Services,NIFTY_IT,industry,11.681818181818178,15.297982167996244,-0.84,0.19,5.63,12.52,15.11,9.67
CELLPOINT,Retail Trade,Electronics/Appliance Stores,NIFTY_FMCG,sector,31.475409836065577,31.907894736842117,-0.84,0.19,-1.63,32.32,31.72,33.54
MORARJEE,Process Industries,Textiles,,unmapped,21.21212121212121,29.842931937172768,-0.84,0.19,,22.05,29.65,
VSCL,Process Industries,Chemicals: Specialty,,unmapped,0.0,-2.5210084033613445,-0.84,0.19,,0.84,-2.71,
CEREBRAINT,Electronic Technology,Computer Peripherals,NIFTY_IT,sector,-5.974842767295595,-19.18918918918919,-0.84,0.19,5.63,-5.13,-19.38,-24.82
SANWARIA,Process Industries,Agricultural Commodities/Milling,,unmapped,-4.761904761904753,-13.043478260869565,-0.84,0.19,,-3.92,-13.23,
KONTOR,Finance,Real Estate Development,NIFTY_REALTY,industry,-2.6006711409396046,-3.7313432835820897,-0.84,0.19,12.78,-1.76,-3.92,-16.51
SHRIKANHA,Non-Energy Minerals,Steel,NIFTY_METAL,industry,-6.122448979591836,-9.27021696252466,-0.84,0.19,-4.41,-5.28,-9.46,-4.86
HRHNEXT,Commercial Services,Miscellaneous Commercial Services,,unmapped,-1.992753623188408,6.286836935167,-0.84,0.19,,-1.15,6.1,
ASHOKAMET,Producer Manufacturing,Metal Fabrication,NIFTY_INFRA,industry,-0.7012622720897591,-6.964520367936928,-0.84,0.19,-0.98,0.14,-7.15,-5.98
TARAPUR,Producer Manufacturing,Electrical Products,NIFTY_INFRA,industry,-0.4385964912280609,-4.471330878485015,-0.84,0.19,-0.98,0.4,-4.66,-3.49
NKIND,Process Industries,Agricultural Commodities/Milling,,unmapped,-0.4666666666666685,-3.6774193548387113,-0.84,0.19,,0.37,-3.87,
HBSL,Finance,Investment Banks/Brokers,NIFTY_FIN_SERVICE,industry,-0.2816901408450715,-5.653912050256993,-0.84,0.19,1.89,0.56,-5.84,-7.54
LASA,Health Technology,Pharmaceuticals: Major,NIFTY_PHARMA,industry,-4.931506849315061,-9.870129870129864,-0.84,0.19,2.66,-4.09,-10.06,-12.53
UNILEX,Process Industries,Chemicals: Specialty,,unmapped,-4.397705544933073,-6.89013035381751,-0.84,0.19,,-3.56,-7.08,
AKSHAR,Process Industries,Textiles,,unmapped,0.0,-6.666666666666672,-0.84,0.19,,0.84,-6.86,
DNAMEDIA,Consumer Services,Publishing: Newspapers,NIFTY_FMCG,sector,-0.7117437722419935,-3.793103448275858,-0.84,0.19,-1.63,0.13,-3.98,-2.16
AGNI,Utilities,Electric Utilities,NIFTY_ENERGY,industry,-2.005730659025776,-7.816711590296492,-0.84,0.19,-2.39,-1.17,-8.01,-5.43
SEYAIND,Process Industries,Chemicals: Major Diversified,,unmapped,-4.953560371517033,-7.040121120363372,-0.84,0.19,,-4.11,-7.23,
AKG,Distribution Services,Wholesale Distributors,,unmapped,3.0541871921182318,-11.205432937181651,-0.84,0.19,,3.89,-11.4,
CYBERMEDIA,Consumer Services,Publishing: Books/Magazines,NIFTY_FMCG,sector,5.084745762711864,-7.902554961378481,-0.84,0.19,-1.63,5.92,-8.09,-6.27
MCON,Non-Energy Minerals,Construction Materials,NIFTY_INFRA,industry,2.3255813953488373,-4.3478260869565215,-0.84,0.19,-0.98,3.17,-4.54,-3.37
AGUL,Non-Energy Minerals,Steel,NIFTY_METAL,industry,18.24596774193548,-0.1702127659574492,-0.84,0.19,-4.41,19.09,-0.36,4.24
FELDVR,Process Industries,Textiles,,unmapped,8.260869565217408,-0.3999999999999915,-0.84,0.19,,9.1,-0.59,
FEL,Process Industries,Textiles,,unmapped,0.0,-9.756097560975606,-0.84,0.19,,0.84,-9.95,
MOHITIND,Process Industries,Textiles,,unmapped,-0.8620689655172383,-16.363636363636363,-0.84,0.19,,-0.02,-16.55,
ARMOUR,Commercial Services,Miscellaneous Commercial Services,,unmapped,0.2680965147453121,-9.66183574879227,-0.84,0.19,,1.11,-9.85,
LEXUS,Producer Manufacturing,Building Products,NIFTY_INFRA,sector,-4.361567635903915,-5.141065830720994,-0.84,0.19,-0.98,-3.52,-5.33,-4.16
GSS,Technology Services,Information Technology Services,NIFTY_IT,industry,-2.652733118971062,-8.534743202416925,-0.84,0.19,5.63,-1.81,-8.72,-14.16
KAUSHALYA,Industrial Services,Engineering & Construction,NIFTY_INFRA,industry,-1.761703528895226,3.540027764923649,-0.84,0.19,-0.98,-0.92,3.35,4.52
AUROIMPEX,Producer Manufacturing,Industrial Machinery,NIFTY_INFRA,industry,-0.1956947162426642,-6.593406593406596,-0.84,0.19,-0.98,0.64,-6.78,-5.61
PHOGLOBAL,Consumer Non-Durables,Consumer Sundries,NIFTY_FMCG,sector,2.912621359223308,-9.401709401709404,-0.84,0.19,-1.63,3.75,-9.59,-7.77
PROLIFE,Process Industries,Chemicals: Specialty,,unmapped,-5.719673161533623,14.242193450114232,-0.84,0.19,,-4.88,14.05,
NIRMAN,Process Industries,Agricultural Commodities/Milling,,unmapped,-5.432098765432106,-13.544018058690746,-0.84,0.19,,-4.59,-13.73,
NFPSAMPOOR,Consumer Non-Durables,Food: Specialty/Candy,NIFTY_FMCG,industry,0.6249999999999941,2.1141649048625792,-0.84,0.19,-1.63,1.46,1.92,3.74
MADHAV,Non-Energy Minerals,Construction Materials,NIFTY_INFRA,industry,-5.746164574616464,-14.865205341395816,-0.84,0.19,-0.98,-4.91,-15.06,-13.89
MEDIORG,Health Technology,Pharmaceuticals: Major,NIFTY_PHARMA,industry,7.860262008733628,-1.2000000000000028,-0.84,0.19,2.66,8.7,-1.39,-3.86
WILLAMAGOR,Finance,Financial Conglomerates,NIFTY_FIN_SERVICE,industry,-3.549618320610686,-8.008736803785947,-0.84,0.19,1.89,-2.71,-8.2,-9.9
KEEPLEARN,Commercial Services,Miscellaneous Commercial Services,,unmapped,2.7777777777777803,-4.145077720207246,-0.84,0.19,,3.62,-4.34,
KANANIIND,Consumer Durables,Other Consumer Specialties,NIFTY_AUTO,sector,-1.9736842105263173,-5.0955414012738895,-0.84,0.19,1.4,-1.13,-5.29,-6.5
INFOMEDIA,Consumer Services,Publishing: Books/Magazines,NIFTY_FMCG,sector,-1.9366197183098488,-6.856187290969902,-0.84,0.19,-1.63,-1.1,-7.05,-5.23
SUPERSPIN,Process Industries,Textiles,,unmapped,10.0,0.1821493624772274,-0.84,0.19,,10.84,-0.01,
FLFL,Retail Trade,Apparel/Footwear Retail,NIFTY_FMCG,sector,10.236220472440936,2.9411764705882213,-0.84,0.19,-1.63,11.08,2.75,4.57
PNC,Consumer Services,Movies/Entertainment,NIFTY_FMCG,sector,-5.609756097560969,-12.601626016260155,-0.84,0.19,-1.63,-4.77,-12.79,-10.97
GSTL,Distribution Services,Electronics Distributors,,unmapped,6.176470588235298,-2.9569892473118315,-0.84,0.19,,7.02,-3.15,
NAGREEKCAP,Finance,Investment Banks/Brokers,NIFTY_FIN_SERVICE,industry,-5.146443514644338,-10.88836477987421,-0.84,0.19,1.89,-4.31,-11.08,-12.78
PEARLPOLY,Process Industries,Containers/Packaging,,unmapped,-3.856903297931813,-11.568123393316196,-0.84,0.19,,-3.02,-11.76,
MICROPRO,Technology Services,Packaged Software,NIFTY_IT,industry,4.166666666666671,1.0101010101010064,-0.84,0.19,5.63,5.01,0.82,-4.62
AGARWALFT,Distribution Services,Wholesale Distributors,,unmapped,-0.2528445006320969,25.63694267515925,-0.84,0.19,,0.59,25.45,
BLUEPEBBLE,Commercial Services,Miscellaneous Commercial Services,,unmapped,-5.405405405405405,-12.5,-0.84,0.19,,-4.57,-12.69,
AGSTRA,Commercial Services,Miscellaneous Commercial Services,,unmapped,-4.741379310344823,-21.90812720848057,-0.84,0.19,,-3.9,-22.1,
SIMBHALS,Process Industries,Agricultural Commodities/Milling,,unmapped,3.603603603603607,1.4705882352941255,-0.84,0.19,,4.44,1.28,
QUICKTOUCH,Technology Services,Information Technology Services,NIFTY_IT,industry,-8.902691511387157,-13.55599214145383,-0.84,0.19,5.63,-8.06,-13.75,-19.19
MEDISTEP,Consumer Non-Durables,Household/Personal Care,NIFTY_FMCG,industry,3.947368421052632,-5.9523809523809526,-0.84,0.19,-1.63,4.79,-6.14,-4.32
IDENTICAL,Consumer Services,Movies/Entertainment,NIFTY_FMCG,sector,-2.4390243902439024,11.731843575419004,-0.84,0.19,-1.63,-1.6,11.54,13.36
MPEL,Process Industries,Containers/Packaging,,unmapped,-10.749999999999991,-25.625,-0.84,0.19,,-9.91,-25.82,
JETKNIT,Consumer Non-Durables,Apparel/Footwear,NIFTY_FMCG,sector,-9.689081706435289,-22.47051520794537,-0.84,0.19,-1.63,-8.85,-22.66,-20.84
QFIL,Non-Energy Minerals,Steel,NIFTY_METAL,industry,2.5,4.948805460750851,-0.84,0.19,-4.41,3.34,4.76,9.36
ARUNAYA,Process Industries,Chemicals: Specialty,,unmapped,-2.803738317757016,-0.6369426751592334,-0.84,0.19,,-1.96,-0.83,
GML,Health Technology,Medical Specialties,NIFTY_PHARMA,industry,0.2849002849002889,-5.121293800539079,-0.84,0.19,2.66,1.12,-5.31,-7.78
TREEHOUSE,Consumer Services,Other Consumer Services,NIFTY_FMCG,sector,-1.0903426791277302,-11.064425770308125,-0.84,0.19,-1.63,-0.25,-11.25,-9.43
SGL,Process Industries,Textiles,,unmapped,-6.704980842911871,-6.075216972034706,-0.84,0.19,,-5.86,-6.27,
VERTEXPLUS,Commercial Services,Miscellaneous Commercial Services,,unmapped,4.999999999999994,9.897610921501691,-0.84,0.19,,5.84,9.71,
LIBAS,Consumer Non-Durables,Apparel/Footwear,NIFTY_FMCG,sector,-6.604651162790706,-14.91525423728815,-0.84,0.19,-1.63,-5.76,-15.11,-13.29
KHANDSE,Finance,Investment Banks/Brokers,NIFTY_FIN_SERVICE,industry,4.944084755738669,-0.3910614525139681,-0.84,0.19,1.89,5.78,-0.58,-2.28
GTECJAINX,Commercial Services,Miscellaneous Commercial Services,,unmapped,5.838876570583894,2.6891358910003587,-0.84,0.19,,6.68,2.5,
ARSHIYA,Commercial Services,Miscellaneous Commercial Services,,unmapped,-5.940594059405946,-12.037037037037049,-0.84,0.19,,-5.1,-12.23,
KSHITIJPOL,Process Industries,Containers/Packaging,,unmapped,13.04347826086957,-37.41794310722101,-0.84,0.19,,13.88,-37.61,
NEXTMEDIA,Consumer Services,Broadcasting,NIFTY_FMCG,sector,-0.748129675810469,-1.9704433497536853,-0.84,0.19,-1.63,0.09,-2.16,-0.34
TGBHOTELS,Consumer Services,Hotels/Resorts/Cruise lines,NIFTY_FMCG,sector,0.1169590643274828,-6.3457330415754925,-0.84,0.19,-1.63,0.96,-6.54,-4.72
CEDAAR,Process Industries,Textiles,,unmapped,-4.986876640419943,-12.771084337349391,-0.84,0.19,,-4.15,-12.96,
PARAMOUNT,Process Industries,Textiles,,unmapped,-3.269754768392378,-7.672301690507159,-0.84,0.19,,-2.43,-7.86,
QVCEL,Distribution Services,Wholesale Distributors,,unmapped,-2.4844720496894324,2.169197396963124,-0.84,0.19,,-1.64,1.98,
TRIDHYA,Technology Services,Packaged Software,NIFTY_IT,industry,2.955665024630531,-11.063829787234049,-0.84,0.19,5.63,3.8,-11.25,-16.69
LAXMICOT,Process Industries,Textiles,,unmapped,-8.844415752098135,-4.915824915824919,-0.84,0.19,,-8.0,-5.11,
YUDIZ,Technology Services,Packaged Software,NIFTY_IT,industry,-3.966597077244256,-18.72791519434629,-0.84,0.19,5.63,-3.13,-18.92,-24.36
THESL,Commercial Services,Miscellaneous Commercial Services,,unmapped,-0.2624671916010536,53.84615384615385,-0.84,0.19,,0.58,53.66,
KALANA,Non-Energy Minerals,Steel,NIFTY_METAL,industry,-2.941176470588239,-11.463414634146348,-0.84,0.19,-4.41,-2.1,-11.65,-7.05
TGL,Industrial Services,Engineering & Construction,NIFTY_INFRA,industry,-24.376199616122843,9.44444444444444,-0.84,0.19,-0.98,-23.54,9.25,10.42
EASTSILK,Process Industries,Textiles,,unmapped,19.25237683664649,16.091712242322252,-0.84,0.19,,20.09,15.9,
KRIDHANINF,Non-Energy Minerals,Steel,NIFTY_METAL,industry,-6.15384615384616,-18.12080536912752,-0.84,0.19,-4.41,-5.31,-18.31,-13.71
SHUBHLAXMI,Consumer Durables,Other Consumer Specialties,NIFTY_AUTO,sector,-2.488687782805433,-27.31871838111298,-0.84,0.19,1.4,-1.65,-27.51,-28.72
MANDEEP,Producer Manufacturing,Building Products,NIFTY_INFRA,sector,-0.9925558312655052,4.4502617801047,-0.84,0.19,-0.98,-0.15,4.26,5.43
CLCIND,Process Industries,Textiles,,unmapped,4.971839192076121,27.53657385559225,-0.84,0.19,,5.81,27.35,
ASPIRE,Distribution Services,Wholesale Distributors,,unmapped,8.51851851851852,-2.980132450331121,-0.84,0.19,,9.36,-3.17,
IMPEXFERRO,Non-Energy Minerals,Other Metals/Minerals,NIFTY_METAL,industry,14.903846153846157,-9.811320754716974,-0.84,0.19,-4.41,15.74,-10.0,-5.4
TAPIFRUIT,Consumer Non-Durables,Food: Specialty/Candy,NIFTY_FMCG,industry,4.821802935010476,0.0,-0.84,0.19,-1.63,5.66,-0.19,1.63
GUJRAFFIA,Producer Manufacturing,Miscellaneous Manufacturing,NIFTY_INFRA,sector,0.1481481481481537,0.5952380952381001,-0.84,0.19,-0.98,0.99,0.41,1.58
MIEL,Industrial Services,Engineering & Construction,NIFTY_INFRA,industry,-5.882352941176471,-12.08791208791209,-0.84,0.19,-0.98,-5.04,-12.28,-11.11
SHRENIK,Distribution Services,Wholesale Distributors,,unmapped,-2.857142857142844,-15.0,-0.84,0.19,,-2.02,-15.19,
ANKITMETAL,Non-Energy Minerals,Steel,NIFTY_METAL,industry,0.6578947368421059,-3.164556962025319,-0.84,0.19,-4.41,1.5,-3.35,1.25
MFML,Process Industries,Textiles,,unmapped,0.2673796791443888,-17.40088105726872,-0.84,0.19,,1.11,-17.59,
ACEINTEG,Technology Services,Data Processing Services,NIFTY_IT,industry,-1.990049751243792,-6.413301662707845,-0.84,0.19,5.63,-1.15,-6.6,-12.04
SPPPOLY,Process Industries,Textiles,,unmapped,-0.3816793893129689,-2.973977695167276,-0.84,0.19,,0.46,-3.16,
SKIL,Industrial Services,Engineering & Construction,NIFTY_INFRA,industry,-1.075268817204302,-5.154639175257725,-0.84,0.19,-0.98,-0.24,-5.34,-4.17
RADIOWALLA,Technology Services,Packaged Software,NIFTY_IT,industry,-0.7029876977152875,3.2906764168190072,-0.84,0.19,5.63,0.14,3.1,-2.34
SILLYMONKS,Consumer Services,Movies/Entertainment,NIFTY_FMCG,sector,2.6657997399219657,-9.719839908519152,-0.84,0.19,-1.63,3.51,-9.91,-8.09
TCIFINANCE,Finance,Finance/Rental/Leasing,NIFTY_FIN_SERVICE,industry,2.983050847457624,-22.102564102564106,-0.84,0.19,1.89,3.82,-22.29,-23.99
TECILCHEM,Process Industries,Chemicals: Major Diversified,,unmapped,0.7077856420626925,-11.07142857142856,-0.84,0.19,,1.55,-11.26,
HAVISHA,Distribution Services,Wholesale Distributors,,unmapped,-0.8064516129032265,-4.651162790697678,-0.84,0.19,,0.03,-4.84,
ASTRON,Process Industries,Containers/Packaging,,unmapped,10.399999999999991,1.222493887530558,-0.84,0.19,,11.24,1.03,
MONOPHARMA,Distribution Services,Medical Distributors,,unmapped,0.0,-4.109589041095885,-0.84,0.19,,0.84,-4.3,
SATIPOLY,Process Industries,Chemicals: Specialty,,unmapped,-4.092071611253201,21.75324675324675,-0.84,0.19,,-3.25,21.56,
TVVISION,Consumer Services,Broadcasting,NIFTY_FMCG,sector,-7.662082514734768,-11.320754716981126,-0.84,0.19,-1.63,-6.82,-11.51,-9.69
PRECISION,Non-Energy Minerals,Aluminum,NIFTY_METAL,industry,19.548872180451124,16.05839416058395,-0.84,0.19,-4.41,20.39,15.87,20.47
VCL,Process Industries,Textiles,,unmapped,-17.499999999999996,-20.8,-0.84,0.19,,-16.66,-20.99,
CMRSL,Technology Services,Data Processing Services,NIFTY_IT,industry,-1.195219123505976,-8.823529411764707,-0.84,0.19,5.63,-0.36,-9.01,-14.45
YCCL,Process Industries,Chemicals: Specialty,,unmapped,-4.591836734693888,-4.591836734693888,-0.84,0.19,,-3.75,-4.78,
BOHRAIND,Process Industries,Chemicals: Agricultural,,unmapped,-7.4780058651026495,-18.158236057068745,-0.84,0.19,,-6.64,-18.35,
MARINETRAN,Transportation,Other Transportation,,unmapped,0.0,4.814814814814817,-0.84,0.19,,0.84,4.62,
SHYAMTEL,Electronic Technology,Telecommunications Equipment,NIFTY_IT,sector,-1.8541409147095116,-24.38095238095238,-0.84,0.19,5.63,-1.01,-24.57,-30.01
GLFL,Finance,Finance/Rental/Leasing,NIFTY_FIN_SERVICE,industry,-7.050092764378476,-24.43438914027149,-0.84,0.19,1.89,-6.21,-24.62,-26.32
NIDAN,Health Services,Medical/Nursing Services,NIFTY_PHARMA,industry,-4.214559386973185,-10.714285714285714,-0.84,0.19,2.66,-3.37,-10.9,-13.37
SPRL,Non-Energy Minerals,Construction Materials,NIFTY_INFRA,industry,-4.62962962962963,-7.382867960246106,-0.84,0.19,-0.98,-3.79,-7.57,-6.4
GAJANAND,Process Industries,Agricultural Commodities/Milling,,unmapped,6.172839506172839,4.878048780487809,-0.84,0.19,,7.01,4.69,
RADAAN,Consumer Services,Movies/Entertainment,NIFTY_FMCG,sector,-4.950495049504948,-8.28025477707007,-0.84,0.19,-1.63,-4.11,-8.47,-6.65
HEADSUP,Retail Trade,Apparel/Footwear Retail,NIFTY_FMCG,sector,8.21917808219178,-2.735978112175093,-0.84,0.19,-1.63,9.06,-2.93,-1.11
VIVIDHA,Process Industries,Textiles,,unmapped,1.923076923076925,-5.357142857142861,-0.84,0.19,,2.76,-5.55,
WINSOME,Consumer Non-Durables,Apparel/Footwear,NIFTY_FMCG,sector,6.334841628959282,-0.8438818565400851,-0.84,0.19,-1.63,7.17,-1.03,0.79
FLEXITUFF,Process Industries,Containers/Packaging,,unmapped,-7.847082494969814,-32.942898975109806,-0.84,0.19,,-7.01,-33.13,
BOSS,Producer Manufacturing,Industrial Machinery,NIFTY_INFRA,industry,2.395209580838336,0.7363770250368188,-0.84,0.19,-0.98,3.24,0.55,1.72
SUNREST,Health Technology,Pharmaceuticals: Major,NIFTY_PHARMA,industry,0.0,7.526881720430117,-0.84,0.19,2.66,0.84,7.34,4.87
SMVD,Process Industries,Containers/Packaging,,unmapped,9.774436090225556,26.406926406926395,-0.84,0.19,,10.61,26.22,
SRPL,Process Industries,Agricultural Commodities/Milling,,unmapped,0.0,-15.0,-0.84,0.19,,0.84,-15.19,
CONTI,Non-Energy Minerals,Forest Products,NIFTY_METAL,sector,0.9661835748792236,-11.063829787234049,-0.84,0.19,-4.41,1.81,-11.25,-6.65
UMESLTD,Producer Manufacturing,Metal Fabrication,NIFTY_INFRA,industry,-3.75,-5.933682373472961,-0.84,0.19,-0.98,-2.91,-6.12,-4.95
MTEDUCARE,Consumer Services,Other Consumer Services,NIFTY_FMCG,sector,-3.500000000000003,-13.063063063063073,-0.84,0.19,-1.63,-2.66,-13.25,-11.43
AURUS,Consumer Durables,Other Consumer Specialties,NIFTY_AUTO,sector,-1.8404907975460092,2.127659574468077,-0.84,0.19,1.4,-1.0,1.94,0.73
RETAIL,Retail Trade,Food Retail,NIFTY_FMCG,sector,-4.857142857142866,-8.213891951488433,-0.84,0.19,-1.63,-4.02,-8.4,-6.58
CBAZAAR,Retail Trade,Apparel/Footwear Retail,NIFTY_FMCG,sector,4.95867768595041,35.10638297872339,-0.84,0.19,-1.63,5.8,34.92,36.74
BLUECHIP,Finance,Finance/Rental/Leasing,NIFTY_FIN_SERVICE,industry,-9.047619047619056,-19.40928270042195,-0.84,0.19,1.89,-8.21,-19.6,-21.3
ARENTERP,Non-Energy Minerals,Construction Materials,NIFTY_INFRA,industry,18.765100671140942,11.717171717171718,-0.84,0.19,-0.98,19.61,11.53,12.7
TIJARIA,Producer Manufacturing,Miscellaneous Manufacturing,NIFTY_INFRA,sector,6.422018348623838,5.936073059360726,-0.84,0.19,-0.98,7.26,5.75,6.92
CREATIVEYE,Consumer Services,Movies/Entertainment,NIFTY_FMCG,sector,9.359605911330052,2.461538461538464,-0.84,0.19,-1.63,10.2,2.27,4.09
UNIINFO,Communications,Specialty Telecommunications,,unmapped,-1.1164274322168963,5.621805792163545,-0.84,0.19,,-0.28,5.43,
DIL,Producer Manufacturing,Trucks/Construction/Farm Machinery,NIFTY_INFRA,industry,-3.614457831325291,-13.978494623655914,-0.84,0.19,-0.98,-2.77,-14.17,-13.0
MAKS,Producer Manufacturing,Electrical Products,NIFTY_INFRA,industry,-17.39130434782609,-25.567010309278345,-0.84,0.19,-0.98,-16.55,-25.76,-24.59
INSPIRE,Consumer Services,Movies/Entertainment,NIFTY_FMCG,sector,9.696969696969706,7.738095238095241,-0.84,0.19,-1.63,10.54,7.55,9.37
PARAMPARA,Consumer Durables,Home Furnishings,NIFTY_AUTO,sector,3.539823008849545,8.33333333333332,-0.84,0.19,1.4,4.38,8.14,6.93
BILVYAPAR,Consumer Durables,Home Furnishings,NIFTY_AUTO,sector,0.7575757575757639,-9.72850678733031,-0.84,0.19,1.4,1.6,-9.92,-11.13
JIWANRAM,Consumer Non-Durables,Apparel/Footwear,NIFTY_FMCG,sector,-7.547169811320744,-18.33333333333333,-0.84,0.19,-1.63,-6.71,-18.52,-16.7
SAROJA,Distribution Services,Wholesale Distributors,,unmapped,-4.306220095693784,-5.8084772370486695,-0.84,0.19,,-3.47,-6.0,
SHANTHALA,Distribution Services,Food Distributors,,unmapped,-25.77319587628866,-25.0,-0.84,0.19,,-24.93,-25.19,
UNIVAFOODS,Miscellaneous,Miscellaneous,,unmapped,4.900816802800466,4.900816802800466,-0.84,0.19,,5.74,4.71,
DHTL,Technology Services,Internet Software/Services,NIFTY_IT,industry,2.0408163265306123,-0.3984063745019883,-0.84,0.19,5.63,2.88,-0.59,-6.03
ORTINGLOBE,Health Technology,Pharmaceuticals: Major,NIFTY_PHARMA,industry,-6.206459784673836,-14.14492753623188,-0.84,0.19,2.66,-5.37,-14.33,-16.8
ANTGRAPHIC,Process Industries,Containers/Packaging,,unmapped,-3.84615384615385,-6.250000000000005,-0.84,0.19,,-3.01,-6.44,
GLOBALE,Process Industries,Textiles,,unmapped,-3.111111111111108,-17.424242424242415,-0.84,0.19,,-2.27,-17.61,
NIRAJISPAT,Producer Manufacturing,Miscellaneous Manufacturing,NIFTY_INFRA,sector,0.2631578947368421,-3.98185483870968,-0.84,0.19,-0.98,1.1,-4.17,-3.0
DCMFINSERV,Finance,Finance/Rental/Leasing,NIFTY_FIN_SERVICE,industry,-2.9013539651837594,-7.380073800738014,-0.84,0.19,1.89,-2.06,-7.57,-9.27
GRADIENTE,Commercial Services,Advertising/Marketing Services,,unmapped,-19.26605504587156,-6.713780918727912,-0.84,0.19,,-18.43,-6.9,
EUROTEXIND,Process Industries,Textiles,,unmapped,-12.040374909877434,-32.893289328932894,-0.84,0.19,,-11.2,-33.08,
EDUCOMP,Commercial Services,Miscellaneous Commercial Services,,unmapped,-5.208333333333326,-4.210526315789466,-0.84,0.19,,-4.37,-4.4,
MEP,Transportation,Other Transportation,,unmapped,-6.77966101694914,-27.631578947368418,-0.84,0.19,,-5.94,-27.82,
VERITAAS,Commercial Services,Advertising/Marketing Services,,unmapped,-9.589041095890414,-11.89320388349516,-0.84,0.19,,-8.75,-12.08,
COMPINFO,Technology Services,Information Technology Services,NIFTY_IT,industry,1.7543859649122824,-10.077519379844968,-0.84,0.19,5.63,2.59,-10.27,-15.71
SABAR,Process Industries,Containers/Packaging,,unmapped,17.204301075268813,-9.166666666666664,-0.84,0.19,,18.04,-9.36,
PLADAINFO,Commercial Services,Miscellaneous Commercial Services,,unmapped,-4.385964912280701,-4.803493449781651,-0.84,0.19,,-3.55,-4.99,
BALCO,Producer Manufacturing,Miscellaneous Manufacturing,NIFTY_INFRA,sector,-0.7142857142857075,2.457002457002457,-0.84,0.19,-0.98,0.13,2.27,3.44
INDIFRA,Electronic Technology,Semiconductors,NIFTY_IT,sector,0.0,-9.811320754716986,-0.84,0.19,5.63,0.84,-10.0,-15.44
RITEZONE,Process Industries,Chemicals: Major Diversified,,unmapped,-9.49227373068432,13.573407202216062,-0.84,0.19,,-8.65,13.38,
PREMIER,Producer Manufacturing,Industrial Machinery,NIFTY_INFRA,industry,-5.016722408026768,-1.3888888888888902,-0.84,0.19,-0.98,-4.18,-1.58,-0.41
PPSL,Consumer Services,Movies/Entertainment,NIFTY_FMCG,sector,22.727272727272727,-34.93975903614458,-0.84,0.19,-1.63,23.57,-35.13,-33.31
SABEVENTS,Technology Services,Internet Software/Services,NIFTY_IT,industry,-3.400503778337537,-5.191594561186649,-0.84,0.19,5.63,-2.56,-5.38,-10.82
SHANTI,Process Industries,Agricultural Commodities/Milling,,unmapped,2.167630057803473,4.896142433234422,-0.84,0.19,,3.01,4.71,
WINNY,Commercial Services,Miscellaneous Commercial Services,,unmapped,-9.183673469387758,-13.696969696969694,-0.84,0.19,,-8.34,-13.89,
ACCORD,Industrial Services,Engineering & Construction,NIFTY_INFRA,industry,1.8882175226586104,93.54375896700144,-0.84,0.19,-0.98,2.73,93.35,94.52
FALCONTECH,Industrial Services,Engineering & Construction,NIFTY_INFRA,industry,1.8018018018018116,-9.9601593625498,-0.84,0.19,-0.98,2.64,-10.15,-8.98
ORTEL,Consumer Services,Cable/Satellite TV,NIFTY_FMCG,sector,-1.6393442622950831,17.647058823529413,-0.84,0.19,-1.63,-0.8,17.46,19.28
LAKPRE,Producer Manufacturing,Metal Fabrication,NIFTY_INFRA,industry,5.8700209643605925,8.602150537634396,-0.84,0.19,-0.98,6.71,8.41,9.58
SETUINFRA,Industrial Services,Engineering & Construction,NIFTY_INFRA,industry,0.0,7.317073170731714,-0.84,0.19,-0.98,0.84,7.13,8.3
BGLOBAL,Commercial Services,Miscellaneous Commercial Services,,unmapped,3.215434083601289,-3.313253012048189,-0.84,0.19,,4.06,-3.5,
CMICABLES,Producer Manufacturing,Electrical Products,NIFTY_INFRA,industry,6.428571428571434,2.405498281786936,-0.84,0.19,-0.98,7.27,2.22,3.39
QUINTEGRA,Technology Services,Information Technology Services,NIFTY_IT,industry,12.09677419354838,0.724637681159421,-0.84,0.19,5.63,12.94,0.53,-4.91
PERFECT,Consumer Services,Other Consumer Services,NIFTY_FMCG,sector,-5.172413793103446,5.769230769230766,-0.84,0.19,-1.63,-4.33,5.58,7.4
RAJVIR,Process Industries,Agricultural Commodities/Milling,,unmapped,-4.885496183206098,-13.71191135734071,-0.84,0.19,,-4.05,-13.9,
JALAN,Transportation,Air Freight/Couriers,,unmapped,-5.71428571428572,-29.7872340425532,-0.84,0.19,,-4.87,-29.98,
BMLL,Health Technology,Pharmaceuticals: Major,NIFTY_PHARMA,industry,3.507462686567156,5.475285171102653,-0.84,0.19,2.66,4.35,5.29,2.82
ENSER,Commercial Services,Miscellaneous Commercial Services,,unmapped,7.905138339920948,-13.880126182965297,-0.84,0.19,,8.75,-14.07,
CAPINVIT,Industrial Services,Engineering & Construction,NIFTY_INFRA,industry,-1.607191500953428,-4.317880794701994,-0.84,0.19,-0.98,-0.77,-4.51,-3.34
RFBL,Process Industries,Containers/Packaging,,unmapped,15.500000000000004,12.3404255319149,-0.84,0.19,,16.34,12.15,
NEPHROCARE,Health Services,Medical/Nursing Services,NIFTY_PHARMA,industry,-3.079291762894534,-6.740740740740737,-0.84,0.19,2.66,-2.24,-6.93,-9.4
SWARAJ,Process Industries,Textiles,,unmapped,1.5331491712707217,45.85317460317461,-0.84,0.19,,2.37,45.66,
GREENLEAF,Industrial Services,Engineering & Construction,NIFTY_INFRA,industry,-2.234636871508385,22.95081967213114,-0.84,0.19,-0.98,-1.39,22.76,23.93
ARHAM,Consumer Durables,Electronics/Appliances,NIFTY_AUTO,sector,19.37614678899083,14.9469964664311,-0.84,0.19,1.4,20.22,14.76,13.55
SAIFL,Finance,Financial Conglomerates,NIFTY_FIN_SERVICE,industry,0.0,-15.000000000000004,-0.84,0.19,1.89,0.84,-15.19,-16.89
ACETEC,Commercial Services,Miscellaneous Commercial Services,,unmapped,10.743801652892564,10.743801652892564,-0.84,0.19,,11.58,10.55,
UMA,Process Industries,Containers/Packaging,,unmapped,-4.615384615384615,-14.835164835164832,-0.84,0.19,,-3.78,-15.03,
APSISAERO,Producer Manufacturing,Industrial Machinery,NIFTY_INFRA,industry,13.586666666666664,36.91738990678237,-0.84,0.19,-0.98,14.43,36.73,37.9
KDL,Communications,Specialty Telecommunications,,unmapped,4.55752212389381,-5.4043234587670135,-0.84,0.19,,5.4,-5.59,
GKWLIMITED,Transportation,Other Transportation,,unmapped,-1.2875278262439005,-12.635782747603832,-0.84,0.19,,-0.45,-12.83,
AGL,Transportation,Air Freight/Couriers,,unmapped,0.96308186195826,-42.81818181818182,-0.84,0.19,,1.8,-43.01,
ROCKPP.E1,Distribution Services,Wholesale Distributors,,unmapped,15.384615384615383,-5.06329113924051,-0.84,0.19,,16.22,-5.25,
JBCHEPHARM,Health Technology,Pharmaceuticals: Major,NIFTY_PHARMA,industry,-1.2745901639344226,10.216874084919482,-0.84,0.19,2.66,-0.43,10.03,7.56
GURUNANAK,Producer Manufacturing,Trucks/Construction/Farm Machinery,NIFTY_INFRA,industry,-8.568075117370888,0.1285347043701909,-0.84,0.19,-0.98,-7.73,-0.06,1.11
INVICTA,Health Services,Medical/Nursing Services,NIFTY_PHARMA,industry,-2.2988505747126435,2.409638554216868,-0.84,0.19,2.66,-1.46,2.22,-0.25
NDRINVIT,Miscellaneous,Investment Trusts/Mutual Funds,,unmapped,4.587813620071689,1.3194444444444484,-0.84,0.19,,5.43,1.13,
MOXSH,Technology Services,Internet Software/Services,NIFTY_IT,industry,5.714285714285714,1.834862385321101,-0.84,0.19,5.63,6.55,1.64,-3.8
TIMESCAN,Transportation,Air Freight/Couriers,,unmapped,-3.0696576151121704,2.624999999999993,-0.84,0.19,,-2.23,2.43,
ETL,,,,unmapped,-4.244817374136229,1.0364043539399037,-0.84,0.19,,-3.4,0.85,
JFLLIFE,Health Technology,Pharmaceuticals: Major,NIFTY_PHARMA,industry,3.1818181818181785,25.414364640883964,-0.84,0.19,2.66,4.02,25.22,22.75
KKVAPOW,Utilities,Electric Utilities,NIFTY_ENERGY,industry,0.0,-14.252597235339572,-0.84,0.19,-2.39,0.84,-14.44,-11.86
STRIDERS,Consumer Durables,Recreational Products,NIFTY_AUTO,sector,8.770421324161653,12.946428571428571,-0.84,0.19,1.4,9.61,12.76,11.55
BIRDYS,Consumer Non-Durables,Food: Specialty/Candy,NIFTY_FMCG,industry,2.333333333333327,-8.630952380952383,-0.84,0.19,-1.63,3.17,-8.82,-7.0
RIIT,Miscellaneous,Investment Trusts/Mutual Funds,,unmapped,-1.381545283984312,0.8634976013955472,-0.84,0.19,,-0.54,0.67,
QUADPRO,Commercial Services,Miscellaneous Commercial Services,,unmapped,0.0,6.666666666666663,-0.84,0.19,,0.84,6.48,
ISHAN,Distribution Services,Wholesale Distributors,,unmapped,0.0,-16.666666666666664,-0.84,0.19,,0.84,-16.86,
ARISTO,Process Industries,Chemicals: Agricultural,,unmapped,4.246183206106873,14.698162729658792,-0.84,0.19,,5.09,14.51,
AILIMITED,Transportation,Other Transportation,,unmapped,4.221635883905017,9.72222222222222,-0.84,0.19,,5.06,9.53,
WALPAR,Health Technology,Pharmaceuticals: Other,NIFTY_PHARMA,industry,4.969879518072284,43.1211498973306,-0.84,0.19,2.66,5.81,42.93,40.46
SARTELE,Finance,Finance/Rental/Leasing,NIFTY_FIN_SERVICE,industry,-7.801418439716316,-19.863013698630137,-0.84,0.19,1.89,-6.96,-20.05,-21.75
