symbol,swing_high_20d,swing_low_20d,swing_low_50d,base_high,base_low,base_length_days,breakout_20d_high,volume_20d_avg,volume_ratio_vs_20d,consolidation_atr_pct,pct_from_base_high,bars_available
20MICRONS,217.9,190.0,178.0,,,,False,185203.2,0.064,3.688,,4394
21STCENMGM,40.17,30.6,30.6,,,,True,5860.85,0.103,9.78,,2112
360ONE,1170.0,1065.0,1031.3,,,,False,1467436.35,0.104,3.155,,1701
3BBLACKBIO,1321.9,1125.0,1085.0,,,,False,12788.8,0.019,3.899,,72
3IINFOLTD,22.77,17.31,16.25,,,,False,966779.05,0.108,5.713,,5253
3MINDIA,36880.0,33905.0,31010.0,,,,False,3753.2,0.035,3.825,,5979
3PLAND,34.5,31.2,30.0,34.5,31.2,20.0,False,3415.5,0.346,2.575,-7.855,4532
5PAISA,400.0,344.0,299.0,,,,False,58981.05,0.022,4.002,,2152
63MOONS,898.15,650.0,596.65,,,,True,979929.15,1.374,6.207,,5213
A2ZINFRA,15.5,12.0,12.0,,,,True,238040.25,1.295,3.867,,3851
AAATECH,97.98,85.0,85.0,,,,False,13846.05,0.049,4.276,,1414
AADHARHFC,563.0,487.1,449.8,,,,False,335251.25,0.051,6.403,,552
AAKASH,9.9,8.56,8.55,,,,False,128934.15,0.204,3.148,,2030
AAREYDRUGS,87.99,73.41,73.41,,,,False,20774.45,5.053,7.342,,1232
AARNAV,37.4,23.51,22.0,,,,False,160558.5,0.151,4.182,,105
AARON,154.8,111.15,111.15,,,,False,57234.55,0.062,5.3,,1942
AARTECH,60.98,44.85,39.98,,,,False,177615.45,0.004,9.609,,757
AARTIDRUGS,435.25,377.55,365.0,,,,False,204317.8,0.059,4.25,,5663
AARTIIND,516.95,462.05,424.0,,,,False,982087.7,4.887,3.295,,5984
AARTIPHARM,735.0,650.8,604.15,,,,False,131061.7,0.366,3.972,,867
AARTISURF,409.2,361.6,355.2,,,,False,10000.8,0.082,3.289,,1500
AARVI,168.4,138.0,124.51,,,,False,64585.45,0.024,3.295,,2178
AASTHA,140.01,74.4,74.4,,,,False,5588951.9,0.026,5.809,,20
AATMAJ,20.5,16.7,16.7,,,,False,3100.0,0.0,8.313,,762
AAVAS,1544.9,1350.0,1247.6,,,,False,72838.6,0.047,4.375,,1933
ABAN,16.0,12.89,12.89,,,,False,66957.95,0.022,4.827,,5950
ABANSENT,30.4,25.14,24.51,,,,False,6001.85,0.557,3.349,,72
ABB,7924.5,6715.5,6653.0,,,,False,408178.35,0.167,4.867,,5984
ABBOTINDIA,28940.0,26025.0,25200.0,,,,False,12298.2,0.023,6.006,,5954
ABCAPITAL,411.4,384.0,334.8,411.4,384.0,20.0,False,3112958.55,0.404,2.719,-0.389,2205
ABCOTS,221.72,196.81,196.81,,,,False,22213.25,0.091,3.657,,1116
ABDL,711.7,580.0,534.0,,,,False,551526.5,0.045,6.333,,519
ABFRL,63.5,55.1,55.1,,,,False,4033545.95,0.164,5.662,,3218
ABINFRA,11.99,9.78,8.82,,,,False,2100572.95,0.004,5.667,,1733
ABLBL,100.04,91.9,91.9,,,,False,697310.8,0.108,4.018,,277
ABMINTLLTD,48.74,39.15,39.15,,,,True,1993.55,0.051,3.053,,2493
ABMKNO,222.91,190.0,190.0,,,,False,2005.55,0.002,3.871,,72
ABREL,1471.2,1335.6,1155.0,,,,False,116591.5,0.931,3.128,,7676
ABSLAMC,1193.1,973.3,973.3,,,,False,340472.85,0.029,5.645,,1191
ABSMARINE,248.8,213.8,213.8,,,,False,37100.0,0.674,4.66,,545
ACC,1405.0,1312.0,1297.0,,,,False,164145.4,0.246,3.051,,5981
ACCELYA,1180.0,1085.9,1085.9,,,,False,8388.05,0.168,3.346,,5981
ACCENTMIC,530.0,482.2,417.05,530.0,482.2,20.0,False,71600.0,0.615,2.607,-7.16,646
ACCURACY,5.49,4.62,4.62,,,,False,48959.65,0.051,4.074,,1991
ACE,1087.5,957.8,850.5,,,,False,725554.05,0.029,3.2,,4897
ACEINTEG,22.89,19.0,18.75,,,,False,6048.4,0.002,4.969,,2235
ACI,604.25,518.5,508.5,,,,False,339756.0,0.214,3.748,,915
ACL,51.69,46.34,46.34,,,,False,16454.65,0.037,3.108,,3881
ACMESOLAR,398.65,344.7,286.85,,,,False,1903934.25,0.069,3.602,,427
ACSTECH,46.5,39.15,31.71,,,,False,213187.0,0.018,3.547,,72
ACUTAAS,3740.0,3100.0,2864.2,,,,False,386517.0,0.128,4.304,,1210
ADANIENSOL,1789.0,1571.0,1357.6,,,,False,2509744.35,0.055,4.154,,2718
ADANIENT,3245.0,2972.7,2739.3,,,,False,1416470.25,0.069,4.501,,5983
ADANIGREEN,1631.5,1350.0,1350.0,,,,False,2747326.55,0.06,5.461,,2008
ADANIPORTS,1883.5,1650.0,1650.0,,,,False,1813345.75,0.221,6.185,,4607
ADANIPOWER,228.94,207.11,207.11,,,,False,28022993.45,0.072,3.527,,4184
ADFFOODS,330.75,260.0,259.85,,,,False,238226.65,0.849,5.221,,3920
ADL,74.0,66.0,66.0,74.0,66.0,20.0,False,1039.8,2.512,2.22,-7.284,1442
ADOR,1597.0,1272.1,1073.2,,,,False,81721.95,0.044,4.073,,5981
ADROITINFO,10.48,8.36,8.36,,,,False,21278.45,0.018,3.936,,2667
ADSL,129.75,111.51,111.51,,,,False,174347.15,0.078,4.795,,4693
ADVAIT,2363.5,2050.0,1916.9,,,,False,38659.75,0.126,3.538,,133
ADVANCE,123.3,106.31,93.77,,,,False,330035.2,0.027,3.661,,203
ADVANIHOTR,54.0,50.83,50.0,54.0,50.83,20.0,False,20798.9,0.075,2.502,-3.796,4714
ADVENTHTL,164.0,137.0,120.02,,,,False,651654.45,0.006,4.847,,180
ADVENZYMES,335.4,304.25,297.0,,,,False,167968.25,0.053,3.229,,2473
AEGISLOG,1434.5,1164.4,705.0,,,,False,1879295.25,0.032,3.665,,5978
AEGISVOPAK,311.49,256.55,182.5,,,,False,3290467.75,0.023,3.981,,293
AEPL,17.8,14.01,14.01,,,,False,15366.3,0.016,3.798,,97
AEQUS,274.39,215.0,173.6,,,,False,8004633.4,0.032,6.389,,161
AEROENTER,134.19,115.3,93.4,,,,False,613748.45,0.055,3.007,,915
AEROFLEX,471.0,396.1,376.55,,,,False,1542535.95,0.188,3.669,,722
AERONEU,93.77,83.15,83.15,93.77,83.15,20.0,False,51273.75,0.331,2.549,-8.713,877
AEROPLANE,197.7,163.0,117.2,,,,False,761453.25,0.09,3.363,,85
AETHER,1547.5,1305.0,1061.8,,,,True,357856.95,0.328,5.04,,1031
AFCONS,315.1,269.95,269.95,,,,False,1765788.2,0.15,4.94,,434
AFFLE,1669.6,1419.1,1390.5,,,,False,520894.4,0.044,4.581,,1728
AFFORDABLE,213.1,162.6,162.6,,,,False,21238.9,0.055,5.072,,439
AFIL,10.24,8.99,8.99,10.24,8.99,20.0,False,577014.65,0.034,2.743,-10.645,523
AFSL,205.0,201.0,200.0,,,,False,7454.05,0.004,3.314,,890
AGARIND,551.25,471.1,411.35,,,,False,241800.35,0.012,3.344,,3007
AGARWALEYE,505.0,463.0,437.0,505.0,463.0,20.0,False,88064.05,0.021,2.957,-4.119,368
AGARWALFT,41.65,37.5,28.55,,,,False,750.0,2.0,9.603,,844
AGI,743.95,657.5,582.5,,,,False,119067.0,0.072,3.964,,5983
AGIIL,365.0,301.0,301.0,,,,False,2198703.45,0.098,5.664,,511
AGL,19.86,12.03,12.03,,,,False,2977916.0,0.042,12.275,,21
AGNI,18.6,17.0,17.0,,,,False,7000.0,0.357,3.965,,987
AGRITECH,119.9,106.0,105.1,,,,False,2101.95,0.391,3.339,,3084
AGROPHOS,30.8,28.0,28.0,30.8,28.0,20.0,False,9667.6,0.011,2.458,-4.545,2320
AGSTRA,2.56,2.1,2.1,,,,False,35770.45,0.0,18.941,,1112
AGUL,62.65,49.6,49.6,,,,False,1300.0,0.0,21.121,,808
AHCL,16.19,14.18,13.45,,,,False,4272247.55,0.325,3.276,,228
AHLADA,40.2,35.7,35.7,,,,False,7745.05,0.044,3.108,,1928
AHLEAST,159.0,138.25,138.25,,,,False,5159.15,0.201,3.529,,3941
AHLUCONT,885.0,791.1,739.55,,,,False,36352.9,0.027,3.862,,4108
AHLWEST,610.0,532.0,521.0,,,,False,715.85,0.759,3.001,,3946
AIAENG,4912.5,4505.5,3932.7,,,,False,62125.85,0.096,3.447,,5090
AIIL,584.85,498.55,441.0,,,,False,440851.2,0.043,3.419,,567
AILIMITED,43.7,32.3,32.3,,,,False,3525.0,0.426,6.384,,1251
AIMTRON,1480.0,1225.05,1060.4,,,,False,44560.0,0.916,4.558,,533
AIRAN,16.6,14.82,14.82,,,,False,39479.85,0.075,4.032,,2230
AIROLAM,94.2,84.25,78.0,94.2,84.25,20.0,False,2273.9,0.557,2.973,-9.034,2178
AISL,63.25,54.0,49.0,,,,False,3390.0,0.0,6.152,,2145
AJANTPHARM,3598.8,3254.8,2850.0,,,,False,105840.7,0.264,3.227,,5980
AJAXENGG,625.05,512.05,512.05,,,,False,66979.2,0.022,6.788,,360
AJMERA,138.0,121.22,104.42,,,,False,332647.75,0.048,3.798,,4897
AJOONI,4.39,3.6,3.4,,,,False,428196.4,0.052,3.854,,2116
AKASH,28.0,25.61,25.61,28.0,25.61,20.0,False,7187.75,0.014,2.701,-4.286,2318
AKCAPIT,1875.0,1640.0,1575.4,,,,False,3989.9,0.055,3.095,,72
AKG,11.4,9.01,9.01,,,,False,23598.4,0.001,3.064,,1929
AKI,4.95,4.01,4.01,,,,False,76429.2,0.238,3.656,,820
AKIKO,368.0,273.05,241.3,,,,False,25240.0,2.377,5.797,,516
AKSHAR,0.46,0.39,0.39,,,,False,517219.7,0.066,3.769,,1039
AKSHARCHEM,251.7,219.7,185.0,251.7,219.7,20.0,False,2527.15,0.144,2.472,-0.675,2310
AKSHOPTFBR,6.6,5.34,5.34,,,,False,131785.45,0.874,10.627,,5979
AKUMS,714.7,620.0,514.9,,,,False,336524.55,0.023,4.779,,493
ALANKIT,8.27,7.7,7.7,8.27,7.7,20.0,False,91309.1,0.037,2.327,-4.716,2739
ALBERTDAVD,723.0,678.0,678.0,,,,False,2086.9,0.009,3.087,,2504
ALEMBICLTD,92.86,86.81,84.44,,,,False,177753.75,0.062,3.598,,5988
ALGOQUANT,70.0,56.39,52.11,,,,False,1417857.3,0.124,4.871,,142
ALICON,698.0,618.05,618.05,,,,False,12623.0,0.082,3.291,,4891
ALIVUS,1193.9,1086.1,996.4,1193.9,1086.1,20.0,False,84072.25,0.465,2.916,-6.818,1234
ALKALI,87.27,68.01,68.01,,,,False,4253.6,0.018,5.283,,4373
ALKEM,5882.5,5503.0,5162.5,,,,False,126330.7,0.062,3.277,,2621
ALKYLAMINE,2007.0,1764.9,1581.3,,,,False,126760.85,0.018,4.252,,4608
ALLCARGO,8.45,7.75,7.75,,,,False,3156233.35,0.074,3.451,,4963
ALLDIGI,893.9,750.0,750.0,,,,False,15692.4,0.618,4.136,,5240
ALLETEC,152.0,130.25,130.25,,,,False,13960.0,0.401,5.205,,889
ALLTIME,259.79,219.0,214.81,,,,False,45614.8,0.157,4.86,,240
ALMONDZ,15.79,12.35,12.35,,,,False,230360.7,0.175,4.68,,4472
ALOKINDS,13.2,11.81,11.7,,,,False,3452657.1,0.098,4.817,,7675
ALPA,78.89,65.0,65.0,,,,False,16840.2,0.463,3.858,,4682
ALPEXSOLAR,919.95,763.05,763.05,,,,False,61805.0,0.584,3.626,,605
ALPHAGEO,216.9,190.5,190.0,,,,False,4279.45,0.186,3.225,,4745
ALPINETEX,105.0,66.21,66.21,,,,False,189386.22,0.401,9.0,,9
ALUWIND,52.7,40.0,40.0,,,,False,40200.0,0.336,4.49,,572
AMAGI,677.8,521.05,386.1,,,,False,472301.25,0.052,3.846,,132
AMANTA,189.0,155.5,114.05,,,,False,71846.45,0.533,9.589,,220
AMBALALSA,35.0,30.15,30.15,,,,False,69737.65,0.076,3.324,,72
AMBER,8095.0,7195.0,7120.0,,,,False,255445.35,0.063,4.411,,2102
AMBICAAGAR,25.78,24.03,23.0,25.78,24.03,20.0,False,2501.5,0.353,1.981,-4.771,5458
AMBIKCO,1793.5,1657.5,1550.0,,,,False,8514.15,0.011,3.1,,4563
AMBUJACEM,445.25,415.45,404.8,445.25,415.45,20.0,False,2101643.15,0.076,2.817,-2.426,5982
AMDIND,52.0,43.1,43.1,,,,False,21501.35,0.012,3.317,,4779
AMEYA,122.0,102.85,101.3,,,,False,4550.0,1.538,6.331,,961
AMIABLE,96.9,59.55,52.5,,,,False,720.0,0.0,39.022,,916
AMJLAND,39.62,36.3,35.0,39.62,36.3,20.0,False,7747.75,0.089,2.495,-0.959,5982
AMNPLST,218.48,185.0,181.21,,,,False,20922.05,0.02,3.27,,673
AMRUTANJAN,559.95,503.6,503.6,,,,False,59134.4,0.007,4.908,,4135
ANANDRATHI,2176.2,2002.1,1710.6,,,,False,320909.25,0.051,4.098,,1148
ANANTRAJ,627.75,528.2,500.0,,,,False,3233570.15,0.082,4.939,,4896
ANDHRAPAP,65.25,59.3,59.3,65.25,59.3,20.0,False,188686.25,0.262,2.735,-6.023,7677
ANDHRSUGAR,91.9,80.61,75.6,,,,False,752521.45,0.011,3.884,,5982
ANGELONE,355.3,290.05,290.05,,,,False,7184311.8,0.116,6.333,,1444
ANIKINDS,46.4,40.07,40.07,46.4,40.07,20.0,False,5469.25,0.031,2.368,-7.328,4489
ANKITMETAL,1.59,1.4,1.38,1.59,1.4,20.0,False,32236.2,0.006,2.274,-5.031,3300
ANLON,677.0,598.3,545.1,,,,False,6300.0,0.889,3.52,,875
ANMOL,11.35,9.55,9.55,,,,False,27745.1,0.792,4.271,,1278
ANNAPURNA,137.0,120.75,120.75,,,,False,38612.5,2.739,3.45,,947
ANSALAPI,3.27,2.51,2.51,,,,True,18170.65,0.28,14.0,,5059
ANTELOPUS,919.3,790.0,677.0,,,,False,149536.35,0.079,3.036,,4897
ANTGRAPHIC,0.83,0.72,0.72,0.83,0.72,20.0,False,156346.45,0.035,2.852,-10.843,5981
ANTHEM,807.25,732.0,732.0,,,,False,807979.7,0.041,3.468,,258
ANUHPHR,82.0,75.5,74.0,,,,False,30565.65,0.053,3.354,,401
ANUP,2324.0,2021.0,1786.2,,,,False,19216.7,0.042,4.181,,1833
ANURAS,1294.5,1203.0,1203.0,,,,False,390563.3,0.016,4.239,,1325
APARINDS,14815.0,13282.0,12412.0,14815.0,13282.0,20.0,False,124875.8,0.351,2.528,-3.314,5453
APCL,108.98,100.0,100.0,108.98,100.0,20.0,False,5897.25,0.05,2.184,-5.946,2302
APCOTEXIND,712.0,491.1,477.0,,,,False,536682.35,0.396,6.059,,5949
APEX,418.8,368.25,368.25,,,,False,114548.65,0.075,4.461,,2203
APLAPOLLO,1908.0,1783.0,1736.0,,,,False,396702.05,0.09,3.828,,3612
APLLTD,855.4,787.4,706.9,,,,False,88228.7,0.025,3.389,,3667
APOLLO,461.35,374.0,360.0,,,,False,9649031.35,0.087,7.343,,2107
APOLLOHOSP,9036.5,8700.0,7816.0,9036.5,8700.0,20.0,False,249888.35,0.109,2.98,-0.631,5981
APOLLOPIPE,524.0,464.0,464.0,,,,False,153958.7,0.287,3.607,,1668
APOLLOTYRE,461.6,413.4,375.0,,,,False,620086.7,0.078,5.678,,6113
APOLSINHOT,1440.0,1150.0,1130.9,,,,False,4471.85,0.004,4.378,,2829
APS,308.0,273.6,273.6,,,,False,15825.0,1.406,3.764,,623
APTECHT,105.95,87.25,87.25,,,,False,60220.05,0.136,5.491,,5919
APTUS,309.0,274.85,248.0,,,,False,765601.2,0.189,4.635,,1224
AQYLON,45.43,23.5,23.5,,,,False,2123495.15,0.068,11.895,,5983
ARABIAN,72.95,67.25,63.2,,,,False,3800.0,0.0,9.333,,694
ARCHIDPLY,87.0,78.2,75.35,87.0,78.2,20.0,False,7793.55,0.128,2.439,-6.322,4457
ARCHIES,14.79,13.41,13.0,14.79,13.41,20.0,False,13614.6,0.207,2.721,-7.032,5948
ARE&M,929.8,829.1,793.85,,,,False,816287.6,0.111,4.286,,5984
ARENTERP,52.9,33.01,31.8,,,,False,30017.95,0.003,4.43,,2157
ARFIN,93.5,84.11,80.0,93.5,84.11,20.0,False,1907431.8,0.004,2.839,-6.096,255
ARIES,349.7,328.9,316.05,349.7,328.9,20.0,False,15622.75,0.029,2.323,-2.331,4574
ARIHANT,1225.0,764.0,715.1,,,,False,9168.9,0.011,6.153,,3808
ARIHANTACA,470.0,450.0,450.0,,,,False,560.0,0.714,7.0,,882
ARIHANTCAP,84.8,69.07,61.15,,,,False,530940.25,0.022,4.053,,1272
ARIHANTSUP,272.0,250.0,240.55,272.0,250.0,20.0,False,23325.8,0.005,2.881,-5.0,2309
ARIS,133.0,106.05,105.2,,,,False,1050830.05,0.044,4.587,,276
ARISTO,115.0,91.0,86.6,,,,False,720.0,0.0,13.099,,863
ARKADE,144.5,124.0,110.1,,,,True,780600.35,0.241,4.652,,461
ARMANFIN,2069.2,1688.0,1491.1,,,,False,52406.35,0.031,5.69,,2505
AROGRANITE,26.96,24.0,24.0,26.96,24.0,20.0,False,5955.15,0.481,2.498,-5.045,4755
ARROWGREEN,735.0,595.1,430.55,,,,False,21097.3,0.022,4.73,,2768
ARSHIYA,1.1,0.93,0.93,,,,False,136809.2,0.196,3.013,,4106
ARSSBL,592.6,500.0,500.0,,,,False,268083.95,0.042,7.092,,209
ARTEMISMED,308.0,259.5,253.2,,,,False,309060.55,0.216,4.859,,1591
ARTNIRMAN,41.74,37.41,36.62,41.74,37.41,20.0,False,699.4,0.001,2.779,-7.978,2318
ARVEE,174.8,147.15,147.15,,,,False,805.75,0.253,3.226,,2082
ARVIND,568.45,504.95,466.05,,,,False,441302.6,0.084,4.699,,5984
ARVINDFASN,486.0,442.0,440.5,,,,False,389520.25,0.011,3.256,,1830
ARVSMART,637.9,579.55,557.5,,,,False,27128.1,0.01,3.903,,2699
ASAHIINDIA,940.1,855.2,830.2,,,,False,95787.25,0.553,3.831,,5987
ASAHISONG,407.7,250.15,231.9,,,,False,96850.65,0.151,6.286,,3680
ASAL,560.5,490.0,483.25,,,,False,36733.1,0.062,3.148,,5982
ASALCBR,883.95,754.3,754.3,,,,False,36374.55,0.19,4.231,,1602
ASHAPURMIN,726.25,623.7,623.7,,,,False,419705.2,0.287,4.348,,7675
ASHIANA,435.9,367.65,336.0,,,,False,431394.7,0.01,4.77,,3723
ASHIKAG,501.0,390.05,339.95,,,,False,386855.55,0.341,5.947,,72
ASHIMASYN,20.5,14.25,14.25,,,,False,415733.3,0.084,4.735,,5981
ASHOKA,133.1,119.25,114.46,,,,False,534080.75,0.064,5.733,,3899
ASHOKAMET,15.6,14.02,14.02,,,,False,10339.2,1.082,3.668,,766
ASHOKLEY,167.35,147.59,138.03,,,,False,13503844.2,0.263,5.581,,5983
ASIANENE,404.0,314.0,314.0,,,,False,350280.05,0.159,5.028,,1151
ASIANHOTNR,402.55,280.2,280.2,,,,False,79245.3,0.004,5.63,,5979
ASIANPAINT,2864.0,2579.8999,2579.8999,,,,False,989883.1,0.106,4.957,,5981
ASIANTILES,68.43,42.5,42.5,,,,False,19409390.85,0.138,6.439,,4673
ASKAUTOLTD,529.95,444.0,421.5,,,,False,321468.0,0.158,5.773,,672
ASMS,7.36,6.9,6.9,7.36,6.9,20.0,False,116244.65,0.017,2.449,-2.717,5071
ASPINWALL,272.0,236.2,227.0,,,,False,3617.3,0.001,3.586,,2504
ASPIRE,15.85,12.85,12.85,,,,True,7200.0,5.0,6.316,,577
ASTAR,644.8,525.5,525.5,,,,False,99.75,0.612,3.789,,62
ASTEC,723.95,621.1,621.1,,,,False,31791.25,0.111,4.2,,4120
ASTERDM,839.4,770.0,711.3,,,,False,466585.15,0.079,3.566,,2084
ASTRAL,1504.4,1311.6,1311.6,,,,False,564259.5,0.052,5.617,,4780
ASTRAMICRO,1960.0,1668.1,1187.2,,,,True,459271.1,3.389,3.595,,5374
ASTRAZEN,8404.0,7827.0,7827.0,,,,False,5438.9,0.034,3.702,,5983
ASTRON,4.33,3.63,3.62,,,,False,26414.55,0.01,3.451,,2122
ATALREAL,33.4,27.17,22.93,,,,False,7902302.75,0.044,5.286,,1409
ATAM,72.4,64.05,64.05,,,,False,6296.8,0.016,3.612,,800
ATGL,750.0,643.15,643.15,,,,False,1552963.2,0.063,6.045,,1914
ATHERENERG,1345.0,1118.6,876.45,,,,False,4425507.95,0.128,4.174,,312
ATL,24.31,22.18,22.18,24.31,22.18,20.0,False,95804.55,0.049,2.504,-3.99,733
ATLANTAA,40.45,34.5,34.5,,,,False,29875.1,0.138,3.601,,4897
ATLANTAELE,1813.0,1493.0,1493.0,,,,False,136503.8,0.075,3.723,,209
ATLASCYCLE,104.9,95.0,95.0,104.9,95.0,20.0,False,4276.75,0.001,2.81,-5.148,5979
ATMASTCO,170.0,149.5,149.5,,,,False,10220.0,1.37,3.574,,599
ATUL,6900.0,5992.0,5992.0,,,,False,73788.85,0.06,4.227,,5981
ATULAUTO,532.0,461.95,435.2,,,,True,147661.85,1.096,4.771,,3233
AUBANK,1090.4,960.0,941.4,,,,False,1650490.4,0.059,4.758,,2241
AURIONPRO,894.0,728.0,728.0,,,,False,156657.95,0.111,5.948,,5125
AUROIMPEX,27.05,24.65,24.65,,,,False,4320.0,0.741,5.333,,788
AUROPHARMA,1630.0,1512.0,1391.0,,,,False,785163.1,0.042,3.583,,7666
AURUM,264.64,213.41,175.01,,,,False,515075.35,0.044,4.162,,2705
AURUS,5.04,4.26,4.26,,,,False,25331.9,0.356,3.129,,3143
AUSOMENT,142.95,113.0,111.0,,,,False,3639.5,1.119,4.373,,5969
AUTOAXLES,1889.0,1742.1,1633.9,,,,False,6440.2,0.079,3.821,,5981
AUTOIND,103.5,81.68,69.99,,,,False,116153.0,0.006,4.772,,4812
AVADHSUGAR,562.0,495.0,428.0,,,,False,25998.2,0.092,3.52,,2224
AVALON,1829.0,1621.0,1305.0,1829.0,1621.0,20.0,False,322125.8,0.337,2.56,-0.705,816
AVANTEL,197.77,158.1,155.52,,,,False,3503769.8,0.066,8.517,,499
AVANTIFEED,1064.0,906.0,906.0,,,,False,507533.3,0.102,4.173,,4091
AVG,234.55,195.1,145.01,,,,False,20025.55,0.065,4.517,,2043
AVL,664.55,602.7,500.75,,,,False,175769.55,0.339,3.352,,430
AVONMORE,11.99,9.05,9.05,,,,False,212676.55,0.218,4.877,,882
AVPINFRA,73.35,54.5,54.5,,,,False,66360.0,0.518,5.657,,584
AVROIND,10.48,8.42,8.42,,,,False,274812.85,0.008,3.669,,1968
AVTNPL,72.9,68.31,67.0,72.9,68.31,20.0,False,31354.15,0.078,2.875,-2.634,4824
AWFIS,320.45,270.05,270.05,,,,False,229994.75,0.06,5.791,,542
AWHCL,481.7,423.0,423.0,,,,False,78198.4,0.171,5.906,,1382
AWL,199.9,180.27,179.5,,,,False,2465541.35,1.812,3.94,,1109
AXISBANK,1371.0,1210.6,1210.6,,,,False,7871525.0,0.078,6.096,,6917
AXISCADES,1660.0,1470.3,1470.3,1660.0,1470.3,20.0,False,175580.1,0.078,2.962,-5.886,5982
AXITA,7.68,7.3,6.57,7.68,7.3,20.0,False,295885.9,0.137,2.756,-3.516,1018
AYE,197.29,158.55,137.71,,,,False,2146146.55,0.071,4.228,,115
AYMSYNTEX,268.0,222.72,204.6,,,,False,43051.55,0.032,3.524,,2707
AZAD,2530.0,2143.0,1951.0,,,,False,700902.35,0.096,4.226,,643
BABAFP,25.7,21.75,17.65,,,,False,3680.0,0.0,6.213,,667
BAFNAPH,257.76,200.3,125.0,,,,True,5377.9,0.05,12.52,,3382
BAGFILMS,4.82,4.35,4.16,4.82,4.35,20.0,False,72231.95,0.012,2.788,-6.846,5645
BAHETI,799.95,693.0,565.0,,,,False,20062.5,1.178,5.262,,899
BAIDFIN,10.9,9.42,9.11,,,,False,50934.55,0.047,3.471,,870
BAJAJCON,692.0,517.2,517.2,,,,False,1211700.45,0.022,6.288,,3939
BAJAJELEC,345.15,320.0,301.0,,,,False,116201.95,0.065,3.486,,4623
BAJAJFINSV,1977.8,1822.0,1640.5,,,,True,1161336.4,0.339,3.779,,5950
BAJAJHCARE,394.0,313.35,281.1,,,,False,429496.4,0.027,4.618,,1161
BAJAJHFL,91.85,83.55,82.3,,,,False,3166476.6,0.207,6.357,,468
BAJAJHIND,18.25,16.58,16.58,,,,False,3860716.45,0.086,3.897,,5983
BAJAJHLDNG,11165.0,10132.0,9816.0,,,,False,54282.0,0.141,5.253,,5950
BAJAJINDEF,257.2,224.55,224.55,,,,False,18561.45,0.136,3.688,,356
BAJAJST,422.0,375.7,350.05,422.0,375.7,20.0,False,14869.85,0.091,2.726,-7.998,71
BAJEL,193.8,173.5,173.5,,,,False,245351.4,0.072,3.403,,649
BAJFINANCE,1116.0,994.1,860.45,,,,True,8462138.05,1.331,4.449,,5981
BALAJEE,29.98,26.0,26.0,,,,False,47815.5,0.035,4.927,,468
BALAJITELE,93.0,80.95,80.95,,,,False,108303.35,0.008,4.707,,5983
BALAMINES,2443.6001,2057.1001,1700.6,,,,False,361218.45,0.03,3.272,,4769
BALAXI,25.5,23.0,22.5,,,,False,20088.8,0.025,3.065,,2636
BALKRISHNA,19.5,16.3,16.3,,,,False,10901.85,0.222,3.096,,2720
BALKRISIND,2385.0,1982.1,1970.0,,,,True,391776.25,1.055,5.425,,5061
BALMLAWRIE,183.0,173.7,167.0,183.0,173.7,20.0,False,93720.35,0.074,2.894,-3.328,5981
BALPHARMA,93.8,76.01,76.01,,,,False,65927.7,0.009,4.432,,4995
BALRAMCHIN,641.95,555.2,510.15,,,,False,665267.7,0.03,5.25,,5984
BALUFORGE,472.0,422.6,422.6,,,,False,366849.3,0.103,4.34,,563
BANARBEADS,125.0,98.0,96.05,,,,False,17770.85,0.062,3.873,,3598
BANARISUG,3543.1001,3421.0,3315.2,3543.1001,3421.0,20.0,False,251.0,0.709,2.792,-1.298,5980
BANCOINDIA,692.65,588.0,588.0,,,,False,114149.1,0.202,6.072,,4836
BANDHANBNK,220.76,161.95,161.95,,,,False,20881545.2,0.049,6.975,,2064
BANG,31.7,26.3,25.84,,,,False,37379.9,0.04,4.484,,4547
BANKA,96.58,85.0,81.4,96.58,85.0,20.0,False,3139.75,0.713,2.887,-10.944,2079
BANKBARODA,257.0,238.45,238.45,,,,False,10647974.9,0.046,3.533,,5981
BANKINDIA,149.33,134.01,134.01,,,,False,9922452.7,0.054,4.201,,5981
BANSALWIRE,370.0,302.0,286.2,,,,False,226328.95,0.009,4.371,,512
BANSWRAS,137.38,118.01,116.41,,,,False,58005.75,0.373,3.018,,4764
BASF,3861.5,3429.3,3242.5,,,,False,16062.0,0.07,4.393,,5981
BASILIC,210.65,189.0,189.0,,,,False,17580.0,0.785,4.792,,711
BASML,27.94,24.8,23.47,27.94,24.8,20.0,False,70303.95,0.001,2.909,-3.758,5112
BATAINDIA,717.5,664.9,651.0,,,,False,246069.55,0.073,3.323,,5981
BATLIBOI,93.69,81.21,71.21,,,,False,44265.35,0.014,3.156,,78
BAWEJA,30.2,25.65,25.65,30.2,25.65,20.0,False,13040.0,2.025,2.991,-11.755,613
BAYERCROP,4555.0,4051.7,4030.0,,,,False,44452.85,0.044,6.372,,4092
BBL,2789.0,2449.0,2449.0,,,,False,25660.4,0.266,4.86,,4860
BBOX,1000.0,725.0,725.0,,,,False,290934.05,0.679,7.285,,5983
BBTC,1561.2,1434.4,1434.4,,,,False,22812.4,0.077,5.65,,5982
BBTCL,234.9,208.0,188.04,234.9,208.0,20.0,True,6153.65,1.248,2.929,-1.235,1914
BCG,10.18,7.7,7.7,,,,False,3512500.5,0.515,6.889,,2778
BCLIND,40.0,33.21,31.5,,,,False,4426307.85,0.19,4.746,,1338
BCONCEPTS,223.0,182.87,164.0,,,,False,12194.75,0.052,3.672,,2109
BCPL,75.0,69.0,69.0,75.0,69.0,20.0,False,7035.4,0.312,2.858,-4.133,88
BDL,1433.1,1221.0,1155.2,,,,False,870358.25,0.1,7.931,,2066
BEACON,102.0,86.0,82.0,,,,False,10250.0,1.171,3.573,,535
BEARDSELL,30.0,26.51,23.52,30.0,26.51,20.0,False,13554.15,0.041,2.839,-10.0,4090
BECTORFOOD,219.61,165.0,165.0,,,,False,14245134.15,0.019,4.293,,1387
BEDMUTHA,114.0,106.0,102.6,114.0,106.0,20.0,False,3281.7,1.308,2.452,-3.781,3896
BEEKAY,440.0,386.0,370.0,,,,False,1212.55,1.454,3.709,,71
BEL,429.9,382.2,382.2,,,,False,11345142.8,0.283,7.445,,5981
BELLACASA,274.6,233.0,225.0,,,,False,12608.5,0.015,3.83,,258
BELRISE,239.7,219.81,204.6,,,,False,4463421.85,0.242,3.089,,296
BEML,1890.0,1697.0,1680.0,,,,False,182339.45,0.161,4.684,,5981
BENGALASM,6430.0,6138.0,6006.0,6430.0,6138.0,20.0,False,217.15,0.157,2.536,-3.53,71
BEPL,138.5,95.67,92.46,,,,False,11559973.85,0.025,6.037,,5276
BERGEPAINT,528.1,484.35,481.05,,,,False,253824.45,0.144,3.291,,5983
BESTAGRO,19.25,14.65,13.0,,,,True,705590.35,5.882,5.444,,1347
BETA,2674.0,1980.0,1349.4,,,,False,61943.1,0.035,4.632,,2174
BEWLTD,72.05,56.0,56.0,,,,False,24825.0,0.826,6.589,,1192
BFINVEST,584.7,431.65,392.4,,,,False,415126.95,0.006,9.874,,3835
BFUTILITIE,694.55,541.45,541.45,,,,False,308258.15,0.013,6.873,,4752
BGLOBAL,3.35,2.96,2.85,,,,False,7599.95,0.0,8.531,,3699
BGRENERGY,313.9,277.0,277.0,313.9,277.0,20.0,False,38286.45,1.369,2.927,-8.617,4580
BHAGCHEM,306.9,255.1,232.5,,,,False,112827.4,0.013,5.86,,1185
BHAGERIA,236.9,199.0,150.35,,,,False,32129.3,0.106,3.924,,2573
BHAGYANGR,431.0,357.0,267.1,,,,False,94917.35,0.349,3.275,,5980
BHANDARI,3.06,2.8,2.8,,,,False,93661.2,0.029,3.111,,2351
BHARATCOAL,39.37,33.6,33.6,,,,False,9795621.15,0.097,6.233,,134
BHARATFORG,2223.2,2082.0,1870.5,,,,False,717386.7,0.102,3.047,,7675
BHARATGEAR,134.99,116.0,109.01,,,,False,21098.2,0.027,4.226,,5981
BHARATRAS,1396.3,1250.0,1250.0,,,,False,6751.15,0.073,5.122,,5981
BHARATSE,263.18,200.2,171.0,,,,False,547850.15,0.06,5.571,,337
BHARATWIRE,224.9,188.86,188.86,,,,False,279219.35,0.056,5.435,,2555
BHARTIARTL,1969.0,1875.1,1768.6,,,,False,5719311.8,0.136,3.181,,5981
BHARTIHEXA,1678.1,1443.1,1430.0,,,,False,189640.5,0.027,5.685,,573
BHEL,446.5,371.8,367.6,,,,False,14916271.95,0.078,5.336,,7676
BI,68.0,58.0,55.0,,,,False,6599.25,0.043,3.817,,72
BIGBLOC,50.4,45.01,45.01,,,,False,44125.75,0.433,3.595,,2450
BIKAJI,664.05,623.35,623.35,,,,False,103684.75,0.028,3.203,,918
BIL,798.95,680.0,665.0,,,,False,3581.65,0.009,3.399,,5981
BILVYAPAR,4.43,3.8,3.8,4.43,3.8,20.0,False,6965.15,0.0,2.782,-10.158,5952
BIMETAL,750.75,625.0,559.95,,,,False,1323.1,0.088,4.226,,77
BIOCON,447.15,394.85,394.85,,,,False,6596213.0,0.021,4.792,,5520
BIOFILCHEM,34.89,31.61,31.21,,,,False,6393.25,0.018,3.072,,2228
BIRDYS,94.1,84.7,84.7,,,,False,58020.0,0.0,5.636,,565
BIRLACABLE,204.0,175.65,167.52,204.0,175.65,20.0,False,40007.5,0.246,2.962,-1.005,5980
BIRLACORPN,1051.95,868.2,868.2,,,,False,147300.8,0.091,5.523,,5981
BIRLAMONEY,163.49,129.35,123.1,,,,False,156612.0,0.007,5.782,,4556
BIRLANU,1399.9,1237.6,1237.6,,,,False,11602.45,0.061,3.338,,7677
BIRLAPREC,39.85,33.3,33.3,,,,False,24546.8,0.05,4.35,,72
BLACKBUCK,596.25,516.6,496.75,,,,False,469301.45,0.206,3.579,,421
BLACKROSE,114.85,94.0,87.61,,,,False,16670.65,0.032,4.997,,72
BLAL,198.1,173.01,173.01,,,,False,10887.4,0.058,5.95,,815
BLBLIMITED,17.29,15.25,14.41,17.29,15.25,20.0,False,41349.75,0.852,2.445,-10.179,5950
BLIL,73.3,68.46,67.0,,,,False,46096.3,0.011,5.619,,72
BLISSGVS,535.45,443.0,305.1,,,,False,303395.7,0.112,4.642,,3956
BLKASHYAP,62.4,52.12,50.71,,,,False,651880.65,0.012,4.987,,5029
BLS,253.85,226.55,226.55,,,,False,1377359.55,0.046,4.358,,2505
BLSE,302.32,254.05,207.66,,,,False,1124457.45,0.026,3.801,,617
BLUECHIP,2.33,1.76,1.76,,,,False,1455.0,0.005,16.286,,5978
BLUECOAST,29.9,23.19,23.19,,,,False,2765.55,0.064,3.735,,6597
BLUEDART,5277.0,4716.1001,4628.5,,,,False,10228.45,0.17,5.525,,5981
BLUEJET,630.0,548.3,425.55,,,,False,963050.45,0.223,4.171,,681
BLUEPEBBLE,75.0,66.0,66.0,,,,False,2720.0,0.735,3.962,,575
BLUESTARCO,1763.2,1562.0,1508.1,,,,False,294259.35,0.055,4.667,,5981
BLUESTONE,869.5,559.85,466.1,,,,False,8011094.7,0.054,4.964,,237
BLUSPRING,126.8,100.9,66.16,,,,False,619510.85,0.078,4.07,,285
BMETRICS,38.0,33.3,33.3,,,,False,2160.0,0.0,5.371,,1175
BMWVENTLTD,60.9,55.15,55.15,60.9,55.15,20.0,False,71598.65,0.309,2.943,-8.654,208
BNAGROCHEM,294.95,263.05,249.55,294.95,263.05,20.0,False,8100.15,0.006,2.795,-5.408,72
BNALTD,589.0,317.0,310.4,,,,False,5415.45,0.041,6.907,,61
BODALCHEM,74.79,57.3,57.3,,,,False,156608.1,0.068,5.453,,3685
BOHRAIND,15.64,12.02,12.02,,,,False,20022.4,0.0,3.978,,2230
BOMDYEING,130.63,117.9,117.9,,,,False,390451.45,0.095,4.098,,7676
BONLON,44.9,39.23,39.23,44.9,39.23,20.0,False,6000.2,0.073,2.726,-11.893,109
BORANA,342.0,294.15,294.15,,,,False,38297.35,0.01,3.593,,295
BOROLTD,266.0,224.02,215.1,,,,False,104178.85,0.175,5.085,,1496
BORORENEW,669.9,552.0,485.45,,,,False,919174.7,0.111,6.371,,2024
BOROSCI,172.0,151.0,137.0,,,,False,81323.2,0.108,4.046,,535
BOSCHLTD,42985.0,39705.0,35735.0,,,,False,24779.0,0.053,3.838,,5982
BPCL,321.9,299.4,280.25,,,,False,7086958.7,0.065,3.147,,7675
BPL,64.0,51.7,50.5,,,,False,93040.65,0.019,6.682,,5981
BRIGADE,578.0,496.75,477.45,,,,False,771583.5,0.041,5.077,,4585
BRIGHOTEL,65.63,58.99,58.99,,,,False,101459.85,0.055,4.086,,248
BRITANNIA,5582.0,5235.5,5035.0,,,,False,209243.75,0.129,3.326,,7678
BRNL,19.8,17.02,17.02,,,,False,26294.7,0.056,3.45,,2193
BROOKS,79.0,57.5,54.54,,,,False,23707.4,0.005,8.042,,3677
BSE,3867.5,3451.1001,3451.1001,,,,False,2471015.25,0.141,4.886,,2347
BSHSL,92.0,83.11,83.11,92.0,83.11,20.0,False,3906.75,0.03,2.6,-8.696,2032
BSL,134.29,122.1,120.01,,,,False,3238.25,0.008,3.916,,5982
BSOFT,322.65,270.2,270.2,,,,False,2552862.55,0.11,4.869,,5985
BTML,7.29,5.25,5.25,,,,False,316509.6,0.029,4.275,,1413
BTTL,58.23,45.32,30.0,,,,False,35773.65,0.0,4.739,,72
BUILDPRO,1365.0,972.0,972.0,,,,False,150512.35,0.022,7.638,,139
BUTTERFLY,788.95,697.25,618.2,,,,False,60836.45,0.029,3.513,,3027
BVCL,45.95,40.02,39.66,,,,False,14662.5,0.008,4.672,,4607
BYKE,35.25,31.51,31.51,35.25,31.51,20.0,False,20357.25,0.158,2.479,-6.071,3598
CADSYS,70.0,59.2,59.2,,,,False,275.0,0.0,14.065,,2177
CALSOFT,24.2,20.26,18.4,,,,False,92618.2,0.06,3.372,,5983
CAMLINFINE,136.75,118.29,113.5,,,,False,586124.4,0.056,4.351,,2848
CAMPUS,259.7,215.55,215.55,,,,False,3237101.15,0.019,5.754,,1050
CAMS,807.6,739.0,720.0,,,,False,984746.45,0.179,3.472,,1444
CANARYS,20.7,17.6,17.6,,,,False,87600.0,3.973,4.234,,690
CANBK,131.48,120.5,120.5,,,,False,23669504.6,0.051,3.985,,5856
CANFINHOME,940.85,799.0,792.9,,,,False,267539.85,0.016,6.052,,5981
CANHLIFE,166.69,139.51,132.6,,,,False,4402948.05,0.006,4.328,,197
CANTABIL,274.22,233.28,208.5,,,,False,180997.85,0.057,4.676,,3899
CAPACITE,253.2,211.0,211.0,,,,False,529686.25,0.027,6.081,,2189
CAPILLARY,559.55,471.0,471.0,,,,False,575906.2,0.042,4.053,,174
CAPITALSFB,306.6,278.45,263.9,,,,False,75862.65,0.095,3.392,,609
CAPLIPOINT,2699.0,2435.3999,1950.0,2699.0,2435.3999,20.0,False,112589.3,0.074,2.853,-6.988,2988
CAPTRUST,18.17,12.0,12.0,,,,True,61588.95,0.429,6.67,,2357
CARBORUNIV,1155.0,1035.5,993.2,,,,False,134525.15,0.106,3.49,,5982
CARERATING,1749.9,1595.1,1570.5,,,,False,39504.0,0.02,3.408,,3357
CARRARO,579.8,520.0,500.25,,,,False,137887.45,0.045,4.044,,395
CARTRADE,3081.5,2635.6001,1690.1,3081.5,2635.6001,20.0,False,908771.95,0.106,2.686,-10.758,1226
CARYSIL,1280.9,1083.1,1039.2,,,,False,127582.35,0.044,4.344,,1373
CASTROLIND,188.95,182.9,181.21,,,,False,1072459.45,0.051,3.965,,5954
CBAZAAR,6.55,5.4,3.8,,,,False,28800.0,0.0,8.05,,654
CCAVENUE,18.58,15.85,13.2,,,,False,12965043.1,0.129,5.368,,2554
CCCL,17.78,14.4,14.3,,,,False,299693.8,0.145,5.105,,4633
CCHHL,13.34,12.05,11.03,13.34,12.05,20.0,False,20069.1,0.004,2.668,-2.999,2838
CCL,1242.2,1164.2,1043.0,1242.2,1164.2,20.0,False,185843.55,0.054,2.698,-5.37,5478
CDSL,1453.1,1301.0,1183.0,,,,False,1742436.95,0.07,5.384,,2248
CEATLTD,3986.0,3309.1001,3061.2,,,,False,215631.4,0.044,6.26,,4561
CEIGALL,382.7,321.0,321.0,,,,False,323216.65,0.191,5.357,,492
CEINSYS,964.9,836.15,836.15,,,,False,43048.65,0.031,5.342,,112
CELEBRITY,8.48,6.82,6.82,,,,False,23924.1,0.067,3.712,,5071
CELLECOR,39.75,31.0,31.0,,,,False,157800.0,1.882,7.47,,699
CELLO,383.9,336.6,336.6,,,,False,254040.2,0.063,5.063,,676
CELLPOINT,21.1,14.25,14.2,,,,False,8520.0,0.282,9.448,,763
CEMPRO,1649.2,1274.6,869.65,,,,False,706315.6,0.086,5.432,,5981
CENTENKA,671.65,503.65,476.45,,,,False,403789.05,0.057,4.781,,6894
CENTEXT,19.75,18.0,18.0,19.75,18.0,20.0,False,64549.3,0.069,2.595,-6.684,5982
CENTRALBK,33.3,30.52,29.32,,,,False,9381927.45,0.062,4.32,,4675
CENTRUM,26.73,22.6,21.31,,,,False,298236.25,0.144,4.341,,2060
CENTUM,3809.0,3413.3,3135.3999,,,,False,31188.15,0.114,3.205,,5668
CENTURYPLY,813.7,752.95,713.0,,,,False,43491.95,0.113,3.058,,5024
CERA,6655.5,5952.0,5372.5,,,,False,10002.9,0.071,4.849,,4622
CEREBRAINT,3.3,2.9,2.9,3.3,2.9,20.0,False,61530.0,0.018,2.705,-9.394,3231
CESC,170.99,158.93,158.93,,,,False,1066623.3,0.066,3.738,,5981
CEWATER,368.85,282.5,243.05,,,,False,200122.8,0.024,8.34,,397
CGCL,264.53,218.59,188.44,,,,False,5279611.75,0.09,4.765,,3888
CGPOWER,954.9,814.85,814.85,,,,False,4268401.1,0.497,4.8,,5984
CGRAPHICS,144.9,123.15,122.0,,,,False,36240.0,0.684,3.833,,571
CHALET,874.9,785.05,720.35,,,,False,103224.9,0.133,3.757,,1849
CHAMBLFERT,480.95,425.1,425.1,,,,False,385306.4,0.658,5.935,,5981
CHAVDA,128.0,86.0,84.15,,,,False,81300.0,0.283,6.526,,701
CHEMBOND,197.44,166.0,148.5,,,,False,3917.5,0.559,3.992,,1660
CHEMBONDCH,279.8,217.0,169.0,,,,False,14974.8,0.026,3.982,,255
CHEMCON,189.9,171.0,171.0,189.9,171.0,20.0,False,11385.8,0.155,2.896,-5.74,1443
CHEMFAB,386.95,350.0,345.2,386.95,350.0,20.0,False,2846.15,1.443,1.811,-3.463,2042
CHEMPLASTS,218.7,193.51,193.11,,,,False,523822.3,0.039,3.175,,1224
CHENNPETRO,1354.0,1080.0,1014.0,,,,False,2005559.05,0.131,3.871,,5981
CHEVIOT,1175.0,1044.0,1044.0,,,,False,2554.45,0.561,4.297,,1020
CHOICEIN,846.0,762.1,632.05,,,,False,1164006.7,0.066,6.135,,1067
CHOLAFIN,1875.0,1660.4,1444.6,,,,False,1497369.0,0.121,3.76,,5981
CHOLAHLDNG,1709.9,1490.1,1398.1,,,,False,183220.1,0.058,5.228,,5984
CIEINDIA,481.0,401.9,401.9,,,,False,545210.85,0.038,5.382,,4666
CIFL,23.1,19.56,19.56,,,,False,75146.0,0.094,3.096,,321
CINELINE,87.87,75.42,75.42,,,,False,25321.95,0.207,3.364,,4802
CINEVISTA,16.88,14.55,14.55,,,,False,16059.0,0.029,3.754,,5983
CIPLA,1491.2,1366.1,1341.1,,,,False,1327870.45,0.05,3.722,,7678
CLCIND,56.75,46.71,28.71,,,,True,7792.35,0.0,18.207,,5482
CLEAN,809.0,715.5,715.5,,,,False,210687.95,0.178,4.179,,1248
CLEANMAX,1472.0,1240.0,1060.3,,,,False,139863.4,0.166,3.509,,104
CLEDUCATE,61.9,53.76,42.74,61.9,53.76,20.0,False,26013.3,0.046,2.792,-13.118,2306
CLSEL,294.95,259.05,259.05,,,,False,44809.4,0.065,4.06,,1293
CLSL,66.5,42.0,39.05,,,,False,49100.0,0.367,7.813,,718
CMICABLES,3.05,2.76,2.76,,,,False,1123.65,0.0,6.548,,2392
CMLL,624.4,463.35,463.35,,,,False,12622701.17,0.023,2.798,,6
CMNL,108.25,91.0,91.0,,,,False,9750.0,0.385,4.241,,871
CMPDI,281.19,237.01,220.86,,,,False,3113844.9,0.063,4.227,,87
CMRGREEN,245.7,212.1,212.1,,,,False,882746.25,0.036,5.01,,38
CMRSL,71.6,59.65,59.65,,,,False,3560.0,3.596,7.258,,940
CMSINFO,282.2,255.15,255.15,,,,False,569913.4,0.08,3.282,,1135
CNL,1080.25,746.15,615.6,,,,False,757412.1,0.006,5.743,,2226
COALINDIA,440.5,406.25,406.25,,,,False,6440619.15,0.125,4.926,,3884
COASTCORP,55.54,47.71,44.05,,,,False,82163.2,0.01,3.574,,1191
COCHINSHIP,1541.9,1356.6,1356.6,,,,False,1441826.95,0.091,7.378,,2218
COCKERILL,10070.0,8406.0,6229.0,,,,False,7223.8,0.055,5.068,,73
COFFEEDAY,33.6,29.66,24.42,,,,False,276454.05,0.029,4.176,,2655
COFORGE,1764.9,1427.8,1356.2,,,,False,3510715.4,0.257,5.757,,5419
COHANCE,473.7,411.0,403.4,,,,False,575563.5,0.022,4.005,,1586
COLPAL,2213.3999,1986.3,1957.8,,,,False,349868.2,0.159,3.926,,5984
COMFINTE,6.66,5.21,5.21,,,,False,374382.45,0.491,4.101,,72
COMMITTED,345.0,297.85,244.25,,,,True,4480.0,9.643,5.187,,686
COMPINFO,1.31,1.08,1.08,,,,False,13902.75,1.461,3.009,,3905
COMPUSOFT,14.45,12.82,12.82,,,,False,19620.45,0.038,4.422,,3556
COMSYN,228.0,173.2,151.5,,,,False,1256137.3,0.22,3.382,,625
CONCOR,530.5,448.45,437.45,,,,False,2904914.5,0.046,5.733,,5981
CONCORDBIO,1367.6,1238.0,1022.2,,,,False,99435.9,0.375,3.293,,731
CONFIPET,83.0,68.25,56.76,,,,False,2285002.95,0.051,3.991,,1430
CONSOFINVT,300.0,225.0,212.9,,,,False,34954.8,0.015,5.28,,5981
CONTI,11.9,10.35,10.35,,,,False,3333.0,1.0,5.945,,2039
CONTROLPR,698.0,560.0,560.0,,,,False,83391.45,0.037,5.713,,2496
COOLCAPS,26.2,19.5,19.5,,,,False,73250.0,0.836,6.013,,1064
CORALFINAC,37.6,30.0,30.0,,,,False,45190.6,0.004,3.423,,2310
CORDELIA,925.65,737.0,623.1,,,,False,729646.2,0.013,5.091,,23
CORDSCABLE,217.95,197.0,197.0,,,,False,9460.6,0.002,3.427,,4552
COROMANDEL,2102.8999,1955.0,1706.5,,,,False,144869.2,0.048,3.147,,5954
CORONA,2145.8999,1960.1,1656.3,2145.8999,1960.1,20.0,False,25392.05,0.114,2.922,-1.193,157
COSMOFIRST,924.9,805.0,706.0,,,,False,108654.7,0.092,3.85,,6894
COUNCODOS,7.85,4.81,4.62,,,,False,362353.4,0.027,5.274,,5982
CPCAP,116.4,105.15,89.0,,,,False,23591.4,0.016,3.262,,3904
CPEDU,225.88,170.0,170.0,,,,False,21522.1,0.295,4.829,,225
CPL,75.74,68.0,68.0,,,,False,30148.14,0.06,2.61,,7
CPPLUS,3866.0,3253.8,2442.2,,,,False,175237.3,0.155,3.931,,247
CPS,1061.0,990.0,921.0,,,,False,1582.5,0.0,3.102,,712
CRAFTSMAN,10275.0,8955.5,8570.5,,,,False,65669.85,0.186,4.36,,1323
CRAMC,294.0,243.0,238.72,,,,False,2030692.75,0.014,4.877,,198
CRAYONS,30.0,24.0,24.0,,,,False,7200.0,0.417,7.602,,779
CREATIVEYE,7.16,5.61,5.56,7.16,5.61,20.0,False,38034.25,0.001,2.87,-13.547,5978
CREDITACC,1621.0,1456.5,1229.1,,,,False,468774.15,0.105,3.31,,1962
CREST,389.0,360.35,336.3,389.0,360.35,20.0,False,5161.5,0.004,2.286,-1.825,4833
CRISIL,4540.0,3855.0,3775.0,,,,False,86674.05,0.03,5.698,,5984
CRIZAC,207.39,183.12,183.12,,,,False,282699.8,0.222,3.994,,266
CROMPTON,275.25,240.2,240.2,,,,False,2657064.8,0.039,4.846,,2528
CROWN,127.0,106.95,104.05,,,,False,12174.2,0.036,3.887,,2316
CSBBANK,376.55,326.0,317.35,,,,False,565860.3,0.099,4.125,,1652
CSLFINANCE,231.96,209.7,209.7,,,,False,31348.35,0.009,3.847,,995
CSM,111.3,94.27,94.27,,,,False,409002.35,0.052,3.123,,22
CTE,36.48,29.0,29.0,,,,True,14966.8,1.475,3.871,,4806
CUB,245.38,212.0,179.25,,,,False,3535013.25,0.106,3.844,,5984
CUBEXTUB,83.98,74.05,74.05,,,,False,40293.85,0.048,4.031,,4565
CUMMINSIND,5714.0,5315.0,5315.0,,,,False,392197.25,0.2,3.139,,5981
CUPID,234.5,176.89,121.0,,,,False,48348709.75,0.077,6.241,,2442
CURAA,81.9,64.06,64.06,,,,False,713.0,0.32,3.974,,5978
CYBERMEDIA,17.42,14.55,14.55,,,,False,7039.6,0.025,3.334,,5216
CYBERTECH,147.19,136.1,132.0,147.19,136.1,20.0,False,12835.2,0.077,2.534,-4.953,5980
CYIENT,884.0,814.45,814.45,884.0,814.45,20.0,False,540846.65,0.086,2.771,-4.35,4938
CYIENTDLM,734.95,496.0,418.0,,,,False,1400090.95,0.049,6.493,,759
DABUR,456.0,415.55,414.6,,,,False,1847278.9,0.176,4.834,,5981
DAICHI,332.0,289.55,229.9,,,,False,2029.95,0.001,3.159,,71
DALBHARAT,1887.7,1683.0,1605.0,,,,False,272148.9,0.03,4.112,,1881
DALMIASUG,398.4,344.0,322.0,,,,False,479988.75,0.007,4.732,,5979
DAMCAPITAL,173.7,144.05,139.5,,,,False,682945.4,0.052,4.558,,398
DAMODARIND,33.75,27.27,27.27,,,,False,5703.85,0.608,4.922,,2490
DANGEE,3.39,2.82,2.82,,,,False,43325.65,0.166,4.926,,1942
DATAMATICS,918.0,800.0,750.5,,,,False,176536.35,0.03,4.476,,5499
DATAPATTNS,4831.7002,3899.0,3801.0,,,,False,998711.6,0.425,4.125,,1140
DAVANGERE,3.73,3.15,3.15,,,,False,9272958.45,0.008,3.812,,624
DBCORP,227.95,195.0,188.11,,,,False,1127123.45,0.001,4.779,,4093
DBEIL,8.95,7.06,7.06,,,,False,173186.9,0.025,4.374,,439
DBL,447.0,381.55,381.55,,,,False,1134763.75,0.008,4.459,,2463
DBOL,122.08,97.5,97.5,,,,False,71487.1,0.037,5.109,,964
DBREALTY,125.99,107.75,102.0,,,,False,350734.95,0.014,3.725,,4060
DBSTOCKBRO,48.5,32.22,28.53,,,,False,152069.3,0.001,8.105,,3556
DCAL,204.5,176.1,167.25,,,,False,247267.95,0.042,4.664,,5510
DCBBANK,204.74,178.3,169.0,,,,False,1416443.4,0.035,4.393,,4877
DCG,55.5,48.35,48.35,,,,False,17640.0,0.748,4.004,,567
DCI,300.0,261.05,261.05,300.0,261.05,20.0,False,19531.7,0.014,2.798,-7.667,1623
DCM,102.0,85.26,80.15,,,,False,11151.15,0.045,4.014,,5979
DCMFINSERV,5.65,4.82,4.82,5.65,4.82,20.0,False,6370.55,0.001,2.734,-8.142,5947
DCMNVL,161.65,135.0,135.0,,,,False,7362.5,0.613,4.359,,1744
DCMSHRIRAM,1187.5,992.6,985.2,,,,False,199313.55,0.099,5.319,,5980
DCMSIL,86.46,69.9,58.0,,,,False,29828.55,0.942,10.42,,112
DCMSRIND,45.0,38.16,36.01,,,,False,266742.2,0.035,3.072,,1140
DCW,51.65,44.7,44.7,,,,False,883026.1,0.08,5.005,,5981
DCXINDIA,212.99,175.65,173.1,,,,False,619137.0,0.095,8.239,,922
DDEVPLSTIK,302.4,265.0,234.0,,,,False,108375.8,0.081,4.409,,384
DECCANCE,600.0,542.0,542.0,,,,False,12363.65,0.035,3.93,,5952
DECNGOLD,212.9,182.6,140.8,,,,False,1461579.6,0.135,4.027,,72
DEEDEV,726.15,615.5,525.5,,,,False,82718.95,0.135,3.227,,523
DEEM,57.4,48.1,34.0,,,,False,2050.0,0.0,5.761,,599
DEEPAKFERT,1668.0,1475.7,1344.2,,,,False,365425.8,0.51,3.355,,7676
DEEPAKNTR,1764.0,1550.0,1534.0,,,,False,167849.4,0.122,4.589,,3909
DEEPINDS,584.8,434.1,434.1,,,,True,552096.0,0.953,5.452,,1306
DELAPLEX,110.75,93.6,93.6,,,,False,4980.0,1.446,5.482,,614
DELHIVERY,524.0,458.15,428.1,,,,False,4616891.5,0.023,5.577,,1039
DELPHIFX,9.11,6.21,6.21,,,,False,271577.4,0.008,6.069,,3723
DELTACORP,69.2,61.49,61.49,,,,False,1110777.05,0.116,4.945,,4623
DELTAMAGNT,67.46,55.0,55.0,,,,False,21046.7,0.011,3.467,,5980
DEN,30.99,26.62,26.02,,,,False,469413.2,0.012,5.975,,4119
DENEERS,203.95,165.0,165.0,,,,False,16590.0,1.013,4.159,,795
DENORA,959.0,824.75,694.55,,,,False,8223.95,4.275,3.435,,5980
DENTA,357.3,321.55,239.0,357.3,321.55,20.0,False,318813.2,0.277,2.726,-2.393,375
DENTALKART,439.0,366.0,365.9,,,,False,16787.5,1.117,3.671,,779
DEVIT,30.1,25.55,25.07,,,,False,82801.5,0.023,3.278,,2228
DEVX,36.48,32.0,32.0,,,,False,62320.65,0.002,3.611,,217
DEVYANI,124.0,107.0,105.42,,,,False,3841234.6,0.105,4.398,,1229
DGCONTENT,27.5,23.1,21.61,,,,False,18913.4,0.112,3.057,,1763
DHAMPURSUG,148.95,134.14,134.14,,,,False,215686.0,0.077,3.821,,5981
DHANBANK,36.85,31.11,31.02,,,,False,2852929.4,0.036,3.736,,5524
DHANLAXMI,30.95,21.85,21.85,,,,False,26900.0,0.595,7.792,,402
DHANUKA,1095.7,990.2,990.2,,,,False,29268.05,0.068,4.361,,3721
DHARAN,0.17,0.14,0.11,0.17,0.14,20.0,False,12156063.45,0.223,2.8,-11.765,2061
DHARMAJ,276.65,253.1,253.1,,,,False,24058.7,0.03,3.422,,902
DHRUV,27.8,23.5,23.5,27.8,23.5,20.0,False,6319.0,0.236,2.882,-11.259,1159
DHTL,39.35,35.0,35.0,,,,False,1280.0,0.0,6.62,,616
DHUNINV,1055.2,842.35,760.0,,,,False,2918.0,0.088,5.663,,3790
DIACABS,342.0,212.6,180.76,,,,False,10117288.75,0.104,6.844,,3910
DIAMINESQ,278.59,236.6,230.65,,,,False,4110.05,0.018,4.442,,702
DIAMONDYD,1228.9,1062.3,971.05,,,,False,17650.75,0.063,4.961,,2180
DICIND,538.7,490.0,480.0,538.7,490.0,20.0,False,2247.0,0.287,2.222,-6.256,5978
DIFFNKG,420.35,375.4,312.15,,,,False,78780.45,0.037,3.345,,453
DIGIDRIVE,19.6,17.3,17.3,,,,False,16361.7,0.001,3.731,,634
DIGIKORE,57.9,45.2,44.0,,,,False,109180.0,2.096,3.531,,695
DIGISPICE,20.77,17.26,17.26,,,,False,77055.5,0.043,4.529,,4485
DIGITIDE,122.66,95.5,80.52,,,,False,4379346.55,0.005,5.595,,285
DIGJAMLMTD,52.05,39.2,39.2,,,,False,38564.8,0.151,3.664,,5981
DIL,0.92,0.76,0.76,,,,False,114393.45,0.0,11.2,,2003
DISAQ,12500.0,11501.0,10851.0,,,,False,483.5,2.143,3.007,,70
DISHTV,3.08,2.75,2.73,,,,False,701993.7,0.066,4.863,,4761
DIVGIITTS,1025.0,890.0,701.95,,,,False,44709.25,0.093,3.4,,835
DIVISLAB,8085.0,6693.0,6450.5,,,,True,473916.8,0.311,7.692,,5801
DIXON,14685.0,12355.0,11153.0,,,,False,631392.95,0.054,5.783,,2194
DJML,122.5,96.27,94.64,,,,False,387982.0,0.136,5.203,,905
DKEGL,70.85,60.0,60.0,,,,False,750.0,6.0,9.262,,1170
DLF,692.0,630.6,555.5,,,,False,4743671.7,0.047,3.61,,4707
DLINKINDIA,549.2,433.3,433.3,,,,False,256112.35,0.033,7.784,,4103
DMART,4124.8999,3755.1001,3755.1001,,,,False,660357.35,0.072,3.931,,2317
DMCC,280.0,242.55,237.5,,,,False,35368.4,0.063,3.589,,1155
DNAMEDIA,3.18,2.68,2.57,,,,False,36676.75,0.027,3.139,,2135
DODLA,1179.6,1019.1,1009.9,,,,False,18991.6,0.13,4.63,,1261
DOLATALGO,73.9,67.17,67.17,,,,False,76735.8,0.085,3.782,,1722
DOLLAR,278.0,248.05,243.05,,,,False,148357.85,0.068,4.784,,2295
DOLLEX,31.1,28.0,28.0,,,,False,15800.0,0.0,3.572,,885
DOLPHIN,416.0,358.45,358.45,,,,False,20829.0,0.002,3.707,,4889
DOMS,2403.0,2201.5,2061.6001,,,,False,39697.4,0.181,3.934,,647
DONEAR,87.87,82.31,82.31,87.87,82.31,20.0,False,10923.85,0.093,2.333,-3.562,4838
DPABHUSHAN,1548.0,945.3,871.0,,,,False,213714.45,0.013,6.502,,2168
DPEL,599.0,451.55,451.55,,,,False,102600.0,0.37,12.806,,517
DPSCLTD,7.65,6.95,6.95,7.65,6.95,20.0,False,79058.1,0.058,2.248,-5.882,4509
DPWIRES,190.0,160.3,160.3,,,,False,7510.5,0.03,5.248,,2178
DRAGARWQ,5175.5,4813.5,4600.0,,,,False,667.9,0.915,3.151,,71
DRCSYSTEMS,14.39,12.4,12.4,,,,False,46064.5,0.065,3.427,,1333
DREAMFOLKS,74.9,65.5,65.5,,,,False,46109.1,0.057,5.214,,966
DREDGECORP,1128.3,961.5,961.5,,,,False,98882.95,0.088,4.696,,5579
DRONE,42.0,37.8,36.4,42.0,37.8,20.0,False,17775.0,0.478,2.807,-4.762,745
DRREDDY,1383.0,1101.0,1101.0,,,,False,2716751.6,0.027,11.131,,7676
DSFCL,28.67,23.1,22.13,,,,False,56790.95,0.123,6.274,,113
DSSL,1382.7,1160.0,1160.0,,,,False,35195.45,0.127,4.37,,4583
DTIL,158.5,126.0,126.0,,,,False,8528.6,0.018,7.364,,2847
DTL,127.0,118.5,114.0,,,,False,1560.0,0.0,6.899,,516
DUCOL,114.0,104.5,103.05,,,,False,2520.0,5.079,6.488,,868
DUCON,3.3,2.81,2.81,,,,False,196536.95,0.026,3.832,,3407
DUGLOBAL,33.65,25.0,25.0,,,,False,35875.0,0.209,6.728,,1204
DURLAX,57.0,45.75,43.7,,,,True,76000.0,2.553,4.474,,520
DVL,251.88,233.22,228.1,251.88,233.22,20.0,False,20604.35,0.154,2.536,-3.097,4574
DWARKESH,46.3,36.07,36.07,,,,False,1087914.7,0.161,5.131,,5329
DYCL,469.0,335.0,300.05,,,,False,2393988.85,0.022,4.789,,993
DYNAMATECH,11149.0,10057.0,9769.0,,,,False,10060.7,0.069,3.799,,4904
DYNAMIC,176.0,135.8,114.7,,,,False,6800.0,0.809,8.419,,1174
DYNPRO,256.79,226.82,225.0,,,,False,11414.3,0.007,3.15,,2234
E2E,567.8,366.0,355.11,,,,False,2019061.75,0.077,7.095,,2021
EASEMYTRIP,7.27,6.42,6.42,,,,False,19051867.4,0.098,4.979,,1329
EASTSILK,57.0,46.27,46.27,,,,False,459.85,1.033,4.522,,5981
EBGNG,673.2,528.1,390.0,,,,False,494192.3,0.89,4.842,,250
ECLERX,2025.0,1462.0,1320.0,,,,False,568738.85,0.079,4.761,,4585
ECOSMOBLTY,139.8,123.1,120.1,,,,False,43888.45,0.296,3.275,,476
EDELWEISS,127.29,113.35,103.7,,,,False,2423356.25,0.073,3.769,,4596
EDUCOMP,1.02,0.87,0.87,,,,False,7978.4,0.0,11.053,,5069
EFACTOR,183.0,150.0,150.0,,,,False,7880.0,1.929,5.779,,693
EFCIL,206.23,183.92,173.0,,,,False,252942.55,0.067,3.12,,237
EFFWA,399.95,351.0,243.0,,,,False,13880.0,0.836,3.145,,508
EFORCE,25.6,19.65,19.65,,,,False,11220.0,0.214,6.559,,640
EICHERMOT,7930.0,7140.0,6942.5,,,,False,545681.85,0.138,5.161,,7676
EIDPARRY,788.75,718.9,698.2,,,,False,286197.6,0.052,3.964,,5983
EIEL,245.78,212.11,175.5,,,,False,2029930.1,0.086,4.45,,417
EIFFL,344.0,291.55,224.01,,,,False,13097.55,0.136,3.695,,2305
EIHAHOTELS,331.9,302.65,291.1,,,,False,16007.65,0.013,3.254,,4516
EIHOTEL,352.75,317.0,283.7,,,,False,246950.5,0.044,4.577,,7679
EIMCOELECO,2018.0,1731.0,1485.0,,,,False,61516.25,0.016,5.44,,5979
EKC,118.99,102.93,102.93,,,,False,153593.05,0.336,5.246,,5090
ELANTAS,10478.0,9151.0,9000.0,,,,False,800.25,0.63,4.874,,71
ELCIDIN,116200.0,105505.0,105505.0,,,,False,9.8,0.51,3.903,,71
ELDEHSG,846.0,756.55,736.55,846.0,756.55,20.0,False,1277.45,0.568,2.55,-8.865,1063
ELECON,538.8,412.85,412.85,,,,False,624483.0,0.073,8.126,,4894
ELECTCAST,78.56,69.52,69.0,,,,False,931469.75,0.109,5.349,,5981
ELECTHERM,1277.0,981.0,750.0,,,,False,21881.5,0.017,6.673,,4675
ELGIEQUIP,607.0,565.4,559.8,607.0,565.4,20.0,False,236107.85,0.108,2.769,-6.244,5981
ELGIRUBCO,65.2,54.0,43.0,,,,False,157099.1,0.036,3.085,,4584
ELIN,117.5,96.4,96.0,,,,False,582703.75,0.01,4.251,,886
ELITECON,28.89,15.3,15.3,,,,False,4705314.25,0.024,11.601,,72
ELLEN,305.0,252.0,241.05,,,,False,401684.1,0.135,4.233,,271
ELPROINTL,178.5,167.26,159.87,,,,False,50366.3,0.088,4.438,,72
EMAMILTD,428.75,394.75,376.4,,,,False,518065.2,0.08,3.051,,4934
EMAMIPAP,133.7,84.42,77.25,,,,False,343551.2,0.01,6.673,,445
EMAMIREAL,86.0,75.4,75.4,,,,False,7738.8,0.002,3.404,,5951
EMBDL,67.67,60.01,55.36,,,,False,2290585.2,0.081,4.23,,5398
EMCURE,1960.0,1751.0,1667.0,,,,False,134076.75,0.04,3.913,,513
EMIL,140.6,124.59,100.45,,,,False,1198117.4,0.12,3.156,,939
EMKAY,274.7,228.0,212.0,,,,False,36777.3,0.021,3.944,,5001
EMKAYTOOLS,97.95,85.5,85.5,,,,False,1575.0,1.524,4.22,,2314
EMMBI,95.0,85.05,80.0,95.0,85.05,20.0,False,5386.55,0.01,2.697,-7.632,4058
EMMIL,161.0,113.25,113.25,,,,False,18500.0,0.892,9.809,,547
EMMVEE,371.55,306.0,265.25,,,,False,3463029.75,0.082,4.488,,177
EMPOWER,2.5,2.1,1.83,,,,False,3277749.4,0.06,8.116,,72
EMSLIMITED,464.7,380.0,286.1,,,,False,627520.8,0.05,5.553,,708
EMUDHRA,494.0,430.0,430.0,,,,False,444631.6,0.028,4.244,,1032
ENDURANCE,2835.0,2548.6001,2471.0,,,,True,136185.3,0.153,3.704,,2421
ENERGYDEV,18.5,16.37,15.67,,,,False,25909.05,0.101,3.321,,4621
ENFUSE,190.0,148.0,148.0,,,,False,2520.0,2.143,6.622,,582
ENGINERSIN,246.66,219.44,216.65,,,,False,1485781.8,0.055,5.211,,7233
ENIL,113.4,104.0,104.0,,,,False,26644.3,0.006,4.032,,5048
ENRIN,3566.0,3075.0,3075.0,,,,False,383772.45,0.317,4.746,,280
ENSER,15.6,11.25,11.25,,,,False,39250.0,0.892,3.916,,582
ENTERO,1281.0,1164.7,1082.0,1281.0,1164.7,20.0,False,66977.7,0.021,2.779,-3.396,608
EPACK,251.8,225.1,214.0,,,,False,454804.75,0.067,4.133,,622
EPACKPEB,281.08,232.6,176.63,,,,False,798136.6,0.13,3.823,,206
EPIGRAL,1214.0,969.0,969.0,,,,False,160558.55,0.019,4.825,,1225
EPL,246.86,221.98,203.91,,,,False,435156.45,0.034,3.793,,5983
EQUIPPP,25.89,20.84,15.01,,,,False,43370.35,0.006,3.646,,4769
EQUITASBNK,83.9,70.61,66.86,,,,False,4619054.75,0.104,4.225,,1424
ERIS,1499.0,1346.0,1323.1,,,,False,97187.6,0.07,3.388,,2246
ESABINDIA,5983.0,5521.0,5521.0,,,,False,2638.25,0.108,3.98,,5979
ESAFSFB,40.2,32.41,26.35,,,,False,2077018.65,0.228,3.855,,673
ESCONET,145.55,117.0,105.8,,,,False,16720.0,0.335,3.856,,600
ESCORTS,3039.8999,2880.0,2700.0,3039.8999,2880.0,20.0,False,95503.45,0.078,2.937,-0.78,7676
ESFL,140.0,108.3,108.3,,,,False,13770.0,0.366,6.092,,756
ESSARSHPNG,23.79,18.61,18.61,,,,False,290231.25,0.017,5.008,,3631
ESSENTIA,1.29,1.04,1.04,,,,False,1346175.8,0.07,7.447,,3194
ESTER,95.32,84.66,84.5,,,,False,56468.55,0.024,3.743,,3730
ETERNAL,316.35,275.55,234.25,,,,False,38164211.25,0.12,3.875,,1245
ETHOSLTD,2719.7,2427.0,2288.0,,,,False,63419.4,0.017,3.408,,1034
EUREKAFORB,480.0,424.9,424.9,,,,False,127899.95,0.022,3.9,,470
EUROBOND,175.21,151.5,151.5,,,,False,6073.9,0.022,3.34,,1127
EUROPRATIK,321.0,291.1,245.9,321.0,291.1,20.0,False,139913.9,0.019,2.881,-5.14,213
EUROTEXIND,16.17,12.2,12.2,,,,False,1682.35,0.386,8.698,,5946
EVEREADY,370.95,336.0,313.0,,,,False,141443.0,0.072,3.008,,5983
EVERESTIND,564.0,453.6,320.55,,,,False,17324.65,0.179,4.551,,5980
EXCELINDUS,1000.0,876.0,876.0,,,,False,9034.95,0.053,4.427,,5981
EXCELSOFT,86.45,73.12,73.12,,,,False,380414.75,0.058,6.075,,171
EXICOM,182.5,154.99,129.06,,,,False,1840087.6,0.072,3.372,,597
EXIDEIND,461.4,403.85,340.7,,,,False,6227333.45,0.275,3.861,,5984
EXPLEOSOL,971.15,782.5,763.35,,,,False,131592.1,0.738,4.473,,4139
EXXARO,6.89,6.0,6.0,,,,False,260491.8,0.029,3.01,,1227
FABTECH,165.86,145.1,141.61,,,,False,139603.25,0.074,3.951,,204
FACT,887.85,789.1,789.1,,,,False,102733.5,0.07,5.093,,5981
FAIRCHEMOR,846.8,667.7,563.35,,,,False,29858.45,0.028,4.758,,1384
FALCONTECH,11.8,10.1,10.1,11.8,10.1,20.0,False,9360.0,0.385,2.902,-2.542,520
FAZE3Q,627.0,532.65,497.05,,,,False,10860.0,0.012,4.812,,916
FCL,43.4,35.13,33.61,,,,False,12439769.2,0.128,3.61,,2852
FCONSUMER,0.32,0.27,0.27,,,,False,538276.6,0.0,17.5,,3635
FCSSOFT,1.72,1.48,1.48,,,,False,1013566.95,0.218,3.231,,5148
FDC,442.0,397.05,363.55,,,,False,114009.5,0.071,4.301,,5981
FEDDERSHOL,53.49,39.83,32.06,,,,False,3870404.8,0.02,3.458,,71
FEDERALBNK,359.9,323.0,283.6,,,,False,7012591.8,0.033,5.323,,7678
FEDFINA,174.4,147.2,144.33,,,,False,2254108.6,0.022,4.487,,662
FEL,0.4,0.36,0.36,0.4,0.36,20.0,False,162740.95,0.012,2.947,-5.0,5982
FELDVR,2.73,2.28,2.28,2.73,2.28,20.0,False,2444.85,0.256,2.614,-15.751,4843
FELIX,202.0,175.1,173.0,,,,False,44475.0,0.27,3.998,,2132
FERMENTA,483.95,345.85,285.0,,,,False,519555.75,0.042,5.377,,72
FIBERWEB,32.5,29.02,26.85,32.5,29.02,20.0,False,15579.75,0.01,2.883,-10.462,1101
FIDEL,166.0,139.0,130.0,,,,False,6550.0,0.0,5.767,,1011
FIEMIND,2423.8999,2150.0,2150.0,,,,False,40608.1,1.142,4.21,,4881
FILATEX,77.54,54.67,42.26,,,,False,7529580.25,0.099,5.375,,3680
FILATFASH,0.2,0.18,0.17,0.2,0.18,20.0,False,13759075.8,0.148,1.556,-5.0,558
FINCABLES,1111.7,956.2,956.2,,,,False,203617.3,0.148,5.422,,5984
FINEORG,5244.0,4692.0,4424.1001,,,,False,8234.75,0.08,4.15,,1998
FINKURVE,72.0,60.57,56.0,,,,False,40730.15,0.198,4.15,,204
FINOPB,189.47,130.21,123.0,,,,False,8729286.1,0.01,5.273,,1169
FINPIPE,175.62,158.0,158.0,,,,False,397398.0,0.052,5.386,,5979
FIRSTCRY,222.3,202.56,202.56,,,,False,915216.9,0.032,4.229,,491
FISCHER,41.0,35.36,31.05,,,,False,2498443.55,0.056,3.579,,265
FIVESTAR,575.6,520.5,413.55,575.6,520.5,20.0,False,800343.6,0.095,2.878,-1.555,915
FLAIR,269.9,242.9,242.9,,,,False,107104.65,0.096,4.184,,660
FLEXITUFF,5.8,4.34,4.34,,,,False,32730.3,0.002,5.959,,3645
FLFL,1.43,1.22,1.22,1.43,1.22,20.0,False,24446.1,0.094,2.774,-9.79,3165
FLUOROCHEM,4653.2002,3814.2,3451.2,,,,False,192204.65,0.032,5.335,,1685
FMGOETZE,503.5,432.65,417.1,,,,False,56798.3,0.027,5.114,,5979
FMNL,10.9,8.98,8.98,,,,False,21616.85,0.123,4.267,,3844
FOCUS,87.0,69.16,69.16,,,,False,14695.55,0.005,6.026,,2225
FONEBOX,83.75,70.0,70.0,,,,True,4050.0,1.728,7.809,,616
FOODSIN,64.5,52.91,52.91,,,,False,94204.6,0.038,5.064,,1166
FORCEMOT,19025.0,17002.0,16900.0,,,,False,86739.0,0.218,3.927,,1682
FORTIS,996.55,927.7,899.1,,,,False,1000679.0,0.037,4.317,,4748
FOSECOIND,5300.0,4952.0,4612.5,,,,False,1263.95,0.104,3.063,,5980
FRACTAL,900.0,760.7,760.7,,,,False,387666.7,0.199,3.725,,115
FROG,215.6,162.3,145.35,,,,False,18420.0,0.195,6.569,,936
FRONTSP,1490.6,1309.1,1309.1,,,,False,12653.8,0.212,3.829,,72
FSL,302.0,236.16,227.2,,,,False,4114801.3,0.321,5.991,,4798
FUSION,243.0,197.21,162.76,,,,False,760940.95,0.071,4.696,,919
GABRIEL,1519.9,1215.0,975.6,,,,False,843202.0,0.057,4.192,,5256
GAEL,177.0,137.7,137.7,,,,True,1695091.55,0.377,6.072,,5984
GAIL,176.99,167.27,161.18,176.99,167.27,20.0,False,6914495.15,0.076,2.905,-1.548,7349
GALAPREC,1260.0,1042.1,851.1,,,,False,49470.65,0.08,4.278,,472
GALAXYSURF,2105.6001,1900.0,1642.6,,,,False,8375.95,0.101,4.682,,2093
GALLANTT,727.0,513.1,513.1,,,,False,191214.8,0.108,6.682,,5016
GANDHAR,303.17,184.0,152.0,,,,False,6247077.5,0.137,6.17,,662
GANDHITUBE,890.0,844.55,820.6,,,,False,4102.7,0.158,3.75,,4811
GANECOS,1268.0,1022.0,851.25,,,,False,201839.5,0.118,4.927,,2818
GANESHBE,129.99,94.3,91.6,,,,False,1582411.15,0.023,4.66,,1207
GANESHCP,200.9,162.91,162.91,,,,False,81866.25,0.139,5.7,,208
GANESHHOU,889.25,728.2,647.25,,,,False,183614.5,0.022,4.587,,4791
GANGAFORGE,2.65,1.59,1.59,,,,False,1383455.45,0.07,9.574,,1979
GANGESSECU,127.0,112.95,112.95,,,,False,1641.85,0.018,4.568,,2225
GARFIBRES,784.3,696.35,627.1,,,,False,43840.7,0.03,3.787,,5953
GARUDA,189.0,167.1,158.76,,,,False,312616.35,0.163,4.502,,448
GATECH,0.69,0.46,0.45,,,,True,10866435.7,6.77,5.367,,2475
GATECHDVR,0.52,0.38,0.38,,,,True,827439.4,1.066,4.356,,2176
GATEWAY,62.95,56.0,55.01,,,,False,696661.6,0.096,5.036,,1081
GAUDIUMIVF,163.18,107.84,99.54,,,,False,246731.5,0.03,7.947,,105
GAYAHWS,2.16,1.79,1.79,2.16,1.79,20.0,False,248264.65,0.026,2.527,-7.407,1999
GAYAPROJ,22.99,18.41,17.01,,,,False,402860.85,0.136,3.819,,3686
GCSL,538.7,466.65,393.2,,,,False,585409.2,0.02,4.635,,225
GEECEE,362.95,327.0,310.5,362.95,327.0,20.0,False,2999.55,0.754,2.358,-5.097,4890
GEEKAYWIRE,25.7,22.3,21.0,,,,False,61338.25,0.268,3.326,,2209
GEMAROMA,228.0,174.61,145.0,,,,False,1154231.65,0.006,6.689,,232
GENCON,44.07,37.91,36.35,,,,False,255962.15,0.003,3.722,,1351
GENESYS,353.75,265.5,242.5,,,,False,250542.6,0.165,5.913,,5836
GENSOL,21.38,17.44,17.44,,,,False,10668.65,0.0,19.153,,762
GENUSPAPER,13.22,11.01,11.01,,,,False,97807.3,0.016,3.585,,2829
GENUSPOWER,333.5,296.85,282.1,,,,False,2147401.75,0.057,3.854,,5199
GEOJITFSL,83.92,72.1,69.41,,,,False,370893.1,0.079,4.125,,5203
GESHIP,1459.0,1332.5,1332.5,,,,False,377504.7,0.075,3.034,,5984
GFLLIMITED,48.81,43.93,43.93,48.81,43.93,20.0,False,37596.55,0.531,2.779,-2.028,5982
GFSTEELS,14.29,13.61,12.97,,,,True,467.1,0.0,14.0,,6885
GGBL,286.0,251.1,251.1,,,,False,34935.0,0.842,3.686,,509
GHCL,449.0,419.0,416.6,,,,False,134092.55,0.033,3.728,,7676
GHCLTEXTIL,124.9,104.0,89.72,,,,False,1314039.3,0.431,3.498,,777
GICHSGFIN,155.89,144.42,144.42,,,,False,75097.35,0.072,3.703,,6894
GICL,19.79,15.61,15.61,,,,False,180542.25,0.028,4.881,,2317
GICRE,370.75,355.1,346.7,,,,False,483384.6,0.076,3.624,,2169
GILLANDERS,93.1,84.12,83.8,93.1,84.12,20.0,False,3382.4,0.064,2.677,-7.078,4106
GILLETTE,8100.0,7605.0,7500.5,,,,False,17866.2,0.339,3.149,,5981
GINNIFILA,57.85,44.0,40.06,,,,False,96493.45,0.124,5.471,,5980
GIPCL,172.8,154.06,152.0,,,,False,280273.5,0.04,5.841,,5981
GIRIRAJ,138.0,73.6,73.6,,,,False,9300.0,1.72,8.835,,2044
GKENERGY,152.18,125.9,120.1,,,,False,664465.6,0.085,5.479,,210
GKSL,140.49,126.5,122.24,,,,False,275441.9,0.005,3.551,,148
GKWLIMITED,1809.9,1592.1,1592.1,,,,False,388.45,1.112,3.498,,5981
GLAND,2586.0,2351.1001,2167.8,,,,False,478198.9,0.091,3.076,,1409
GLAXO,2670.0,2370.0,2088.1001,,,,False,66263.65,0.035,4.277,,5981
GLENMARK,2326.1001,2166.0,2101.0,,,,False,524335.4,0.11,3.117,,5984
GLFL,6.1,4.99,4.99,,,,False,1853.55,0.821,7.693,,5977
GLOBAL,106.9,97.42,97.42,106.9,97.42,20.0,False,31471.05,0.013,2.621,-4.069,2318
GLOBALE,12.45,10.36,10.36,,,,False,4201.35,0.956,4.985,,481
GLOBALPET,160.0,142.1,133.05,,,,False,8475.0,0.973,3.611,,756
GLOBALVECT,181.98,146.41,146.41,,,,False,21654.1,0.017,4.476,,4875
GLOBE,2.26,1.92,1.92,,,,False,197405.2,0.011,5.231,,1986
GLOBECIVIL,43.68,37.3,37.3,,,,False,19539.4,0.037,3.715,,271
GLOBUSSPR,1009.0,853.05,828.7,,,,False,156500.25,0.019,4.977,,4160
GLOSTERLTD,714.65,625.0,625.0,,,,False,2971.1,0.018,3.515,,563
GLOTTIS,68.0,63.1,62.98,68.0,63.1,20.0,False,43592.0,0.059,2.461,-1.176,205
GMBREW,1020.65,886.05,860.0,,,,False,105917.2,0.023,7.684,,5982
GMDCLTD,611.0,551.0,551.0,,,,False,778910.1,0.117,4.047,,5984
GMMPFAUDLR,837.7,748.95,735.0,,,,False,82778.6,0.039,3.959,,2079
GMRAIRPORT,115.64,103.26,95.47,,,,False,15350170.75,0.067,5.516,,4923
GMRP&UI,103.0,94.57,94.57,,,,False,730162.7,0.058,3.587,,1080
GNA,601.65,450.05,347.2,,,,False,811677.5,0.02,4.529,,2436
GNFC,533.95,492.1,484.0,,,,False,289396.85,0.104,3.826,,5981
GNRL,112.6,88.2,83.2,,,,False,146139.95,0.028,7.0,,72
GOACARBON,422.0,355.1,355.1,,,,False,26251.1,0.022,3.893,,4728
GOCLCORP,423.5,378.0,330.9,,,,False,59520.25,0.026,4.757,,4618
GOCOLORS,365.05,306.5,301.85,,,,False,427856.65,0.481,3.652,,1157
GODAVARIB,283.85,253.5,253.5,,,,False,94102.4,0.1,3.348,,436
GODFRYPHLP,2248.2,2013.0,2013.0,,,,False,429685.15,0.343,3.148,,6891
GODIGIT,316.0,244.2,244.2,,,,False,924805.65,0.04,6.854,,546
GODREJAGRO,587.9,551.2,548.65,,,,False,101429.9,0.113,3.11,,2175
GODREJCP,1118.0,1038.0,975.4,,,,False,592517.3,0.087,3.574,,5984
GODREJIND,1443.0,1195.6,1005.0,,,,False,303367.35,0.022,5.689,,5984
GODREJPROP,2180.0,1965.2,1610.1,,,,False,810005.0,0.078,3.382,,4095
GOKEX,870.0,788.05,650.25,,,,False,273460.85,0.098,3.186,,5251
GOKUL,43.0,38.46,38.46,,,,False,145272.85,0.369,3.885,,4478
GOKULAGRO,238.58,200.0,200.0,,,,False,525139.75,0.165,4.83,,2567
GOLDENTOBC,27.2,22.91,22.91,,,,False,2510.25,0.051,3.097,,5979
GOLDIAM,393.65,306.0,294.15,,,,False,1431114.85,0.084,5.754,,5164
GOLDKART,136.9,115.8,115.8,,,,False,187.5,3.333,14.0,,1668
GOLDSTAR,8.75,6.85,6.85,,,,False,57375.0,0.0,9.172,,2172
GOLDTECH,65.49,52.7,39.95,,,,False,29997.95,0.006,4.277,,5980
GOODLUCK,1672.1,1433.0,1270.2,,,,False,159479.6,0.056,5.346,,2447
GOODYEAR,846.0,760.75,711.25,,,,False,10946.3,0.481,4.987,,6315
GOPAL,278.9,257.0,257.0,278.9,257.0,20.0,False,88689.5,0.178,2.913,-5.163,590
GOYALALUM,7.09,6.0,6.0,,,,False,63101.65,0.195,4.724,,924
GOYALSALT,125.0,110.0,109.0,,,,False,3660.0,0.984,6.667,,690
GPECO,452.0,405.0,358.6,,,,False,15930.0,0.414,3.118,,522
GPIL,258.0,230.55,230.55,,,,False,1238470.65,0.085,3.933,,5005
GPPL,156.9,146.6,146.6,,,,False,1017648.05,0.081,3.923,,3923
GPTHEALTH,168.5,147.94,138.5,,,,False,160104.5,0.108,3.779,,598
GPTINFRA,130.29,112.51,110.3,,,,False,110715.3,0.029,4.213,,2487
GRADIENTE,3.77,2.56,2.08,,,,False,484059.3,0.02,6.776,,61
GRANDOAK,54.4,33.6,24.0,,,,False,15051.75,0.02,7.655,,72
GRANULES,910.0,824.4,736.5,,,,False,1186140.05,0.029,3.285,,5212
GRAPHISAD,30.3,26.05,26.05,,,,False,7080.0,2.373,3.4,,650
GRAPHITE,687.5,570.0,570.0,,,,False,1368120.75,0.047,4.876,,5982
GRASIM,3246.0,3060.0,3034.8999,,,,False,492192.35,0.046,3.804,,5981
GRAUWEIL,83.9,72.72,67.0,,,,False,246680.45,0.032,4.3,,657
GRAVISSHO,33.17,28.72,28.01,,,,False,3039.65,0.013,3.166,,71
GRAVITA,1870.0,1575.0,1540.0,,,,False,353506.4,0.084,5.272,,3877
GRCL,629.2,573.3,481.25,,,,False,400.0,1.875,10.23,,857
GREAVESCOT,271.9,216.8,170.2,,,,False,2767413.9,0.025,5.699,,5953
GREENCHEF,50.65,46.5,46.5,,,,False,4680.0,1.368,4.629,,757
GREENLAM,273.0,238.4,221.52,,,,False,94417.1,0.004,4.091,,2820
GREENPANEL,209.05,187.8,179.57,,,,False,167023.9,0.011,3.562,,1681
GREENPLY,334.4,278.0,243.61,,,,False,274077.55,0.032,4.771,,5981
GREENPOWER,10.6,9.0,9.0,,,,False,2007108.15,0.09,5.0,,3903
GRETEX,304.0,285.0,223.0,,,,False,3487.5,0.0,14.496,,2314
GRINDWELL,2455.0,1951.0,1797.8,,,,False,134308.95,0.018,4.374,,4907
GRINFRA,929.85,859.55,830.25,,,,False,15214.1,0.118,3.25,,1248
GRMOVER,102.21,85.55,81.95,,,,False,727256.65,0.06,6.079,,966
GROBTEA,975.05,862.5,861.0,,,,False,157.35,0.057,4.419,,2484
GROWW,220.98,188.91,184.0,,,,False,33049139.0,0.175,4.343,,181
GRPLTD,2120.0,1800.0,1645.0,,,,False,3379.4,0.141,4.062,,2831
GRSE,2792.8,2535.5,2530.0,,,,False,351117.1,0.315,4.625,,1922
GRWRHITECH,7199.5,6650.5,5362.3999,7199.5,6650.5,20.0,False,44269.5,0.06,2.574,-3.375,1112
GSFC,163.65,152.61,152.61,,,,False,430421.2,0.13,3.713,,7676
GSLSU,42.44,23.06,23.06,,,,False,222085.95,0.004,8.875,,828
GSMFOILS,293.85,234.45,195.55,,,,False,69625.0,0.883,3.942,,537
GSPCROP,594.0,366.9,366.9,,,,False,484208.75,0.017,7.417,,90
GSS,13.1,11.79,11.79,13.1,11.79,20.0,False,20408.25,0.002,2.677,-3.511,4536
GSTL,19.95,14.05,14.05,,,,False,7750.0,1.419,6.635,,1019
GTECJAINX,29.78,25.0,16.2,,,,False,3981.15,0.933,8.439,,2215
GTL,7.8,7.09,7.09,,,,False,191605.6,0.183,3.126,,5981
GTLINFRA,1.37,1.18,1.18,,,,False,37680706.05,0.11,4.508,,5950
GTPL,65.7,57.71,57.71,,,,False,46044.7,0.006,3.056,,2246
GUFICBIO,407.0,362.5,295.0,,,,False,93854.35,0.013,3.388,,5383
GUJALKALI,711.0,578.05,578.05,,,,False,123458.75,0.142,4.993,,6894
GUJAPOLLO,375.0,336.6,336.6,,,,False,10200.75,0.061,3.047,,4728
GUJENERGY,300.8,261.25,261.25,,,,False,782144.25,0.064,4.898,,2685
GUJRAFFIA,41.71,37.32,37.32,41.71,37.32,20.0,False,3102.3,0.011,2.591,-3.045,1889
GUJTHEM,395.35,346.5,346.5,,,,False,54677.85,0.044,4.235,,355
GULFOILLUB,1080.4,974.0,891.05,,,,False,60576.25,0.093,3.557,,2962
GULFPETRO,49.96,35.75,32.56,,,,True,137931.4,0.796,5.896,,5397
GULPOLY,210.5,174.5,174.0,,,,False,966849.8,0.006,3.612,,2843
GVKPIL,2.73,2.32,2.32,,,,False,586756.2,0.159,6.172,,5042
GVPIL,953.8,727.0,727.0,,,,False,230552.5,0.253,6.005,,5981
GVPTECH,7.37,6.38,6.11,7.37,6.38,20.0,False,51835.8,0.114,2.864,-2.985,2317
GVT&D,4738.7998,3962.2,3962.2,,,,False,921746.85,0.406,4.109,,5954
GYFTR,174.9,139.69,139.69,,,,False,61723.19,0.1,3.501,,16
HAL,4644.7998,4305.7998,4148.7998,,,,False,613128.2,0.193,4.147,,2062
HALDER,250.0,212.6,212.6,,,,False,22224.8,0.001,4.29,,133
HALDYNGL,126.5,115.11,102.77,126.5,115.11,20.0,False,19396.1,0.006,2.467,-3.257,72
HALEOSLABS,1680.0,1500.0,1312.1,1680.0,1500.0,20.0,False,832.6,0.452,2.713,-8.321,2211
HAPPSTMNDS,419.9,342.25,335.0,,,,False,1760756.9,0.093,5.161,,1455
HAPPYFORGE,1685.0,1470.3,1323.2,,,,True,59607.4,0.076,4.403,,644
HARDWYN,25.9,10.0429,10.0429,,,,False,5747803.55,0.03,9.777,,1065
HARIOMPIPE,428.9,376.3,371.2,,,,False,418316.6,0.031,3.906,,1065
HARRMALAYA,230.0,197.52,190.0,,,,False,17344.25,0.02,3.968,,5981
HARSHA,438.0,395.0,385.0,,,,False,122990.9,0.043,3.624,,952
HATHWAY,11.82,10.51,10.2,,,,False,1427153.7,0.051,5.123,,4059
HATSUN,952.1,864.5,864.5,,,,False,36528.55,0.032,3.766,,2989
HAVELLS,1273.9,1141.2,1123.6,,,,False,1423548.5,0.075,4.812,,5982
HAVISHA,1.39,1.07,1.07,,,,False,75739.3,0.084,3.733,,2051
HAWKINCOOK,9600.0,8220.5,7165.5,,,,False,2525.8,0.023,4.643,,71
HBESD,83.5,69.0,69.0,,,,False,1649.55,0.003,4.44,,72
HBLENGINE,829.5,685.2,685.2,,,,False,745739.5,0.644,7.563,,4830
HBSL,52.5,46.25,46.25,52.5,46.25,20.0,False,2182.75,0.084,2.836,-9.505,5981
HCC,25.2,20.8,20.8,,,,False,20519314.75,0.142,6.286,,7679
HCG,688.2,626.1,590.6,,,,False,250610.15,0.043,3.33,,2556
HCLTECH,1369.9,1121.0,1030.0,,,,False,4086225.25,0.108,7.167,,5955
HDBFS,786.55,673.0,613.2,,,,False,572795.75,0.083,7.054,,271
HDFCAMC,2838.3999,2468.5,2380.8,,,,False,908585.5,0.06,5.333,,1973
HDFCBANK,843.0,732.0,732.0,,,,False,31453856.15,0.1,7.908,,7679
HDFCLIFE,588.0,544.65,543.0,,,,False,3372985.25,0.062,3.618,,2152
HDIL,1.83,1.62,1.62,1.83,1.62,20.0,False,112959.55,0.031,2.97,-8.197,4692
HEADSUP,7.25,6.26,6.26,7.25,6.26,20.0,False,17600.4,2.046,2.567,-9.379,2380
HEALTHX,347.85,302.0,274.2,,,,False,10170.6,1.62,3.042,,3903
HECPROJECT,149.9,112.25,112.25,,,,False,47060.6,0.022,4.188,,2314
HEG,683.0,509.1,505.0,,,,False,3182327.05,0.049,6.251,,5981
HEIDELBERG,163.69,151.9,145.1,,,,False,114319.2,0.107,3.437,,7676
HEMIPROP,143.01,131.1,131.1,,,,False,249783.0,0.044,4.384,,1431
HERANBA,190.0,172.0,169.9,,,,False,22716.95,0.145,3.482,,1338
HERITGFOOD,346.3,316.8,311.6,,,,False,325253.45,0.084,3.177,,5981
HEROMOTOCO,5394.7002,4824.0,4671.5,,,,False,666688.85,0.117,4.976,,5981
HESTERBIO,2683.6001,2067.2,1875.3,,,,False,77187.55,0.026,4.277,,2813
HEXAGON,78.25,60.07,48.1,,,,False,1600193.5,0.022,5.175,,36
HEXATRADEX,170.54,155.0,153.7,170.54,155.0,20.0,False,6988.45,0.398,2.814,-7.693,3522
HEXT,622.8,512.5,472.0,,,,False,1411291.8,0.084,4.255,,358
HFCL,229.5,181.05,155.0,,,,False,24858878.75,0.482,4.286,,5950
HGINFRA,584.0,530.6,530.6,,,,False,54446.7,0.093,5.28,,2076
HGM,54.85,44.0,44.0,,,,False,4383.95,0.008,3.319,,4895
HGS,477.6,403.0,395.0,,,,False,112598.05,0.011,5.025,,5950
HIGREEN,148.0,131.5,115.05,148.0,131.5,20.0,False,25320.0,1.264,2.848,-10.574,698
HIKAL,252.8,208.0,174.97,,,,False,955154.35,0.012,5.128,,5981
HILINFRA,49.5,43.0,43.0,,,,False,38695.8,0.089,4.167,,241
HILTON,25.13,20.51,18.06,,,,False,122039.05,0.033,4.448,,4736
HIMATSEIDE,92.27,79.01,73.55,,,,False,579473.0,0.056,5.504,,5981
HINDALCO,998.0,935.1,935.1,,,,False,4432179.7,0.183,3.552,,7679
HINDCOMPOS,487.6,416.65,388.1,,,,False,8512.05,0.045,3.863,,5982
HINDCON,24.3,19.66,19.66,,,,True,17142.95,0.536,3.821,,2073
HINDCOPPER,511.8,469.0,469.0,,,,False,2669081.2,0.238,3.51,,4092
HINDOILEXP,169.5,152.15,150.78,,,,False,547594.75,0.033,3.219,,7676
HINDPETRO,409.95,372.05,361.1,,,,False,6751758.9,0.12,3.534,,7675
HINDUNILVR,2221.3999,2016.0,2016.0,,,,False,2159744.05,0.074,4.179,,7679
HINDWAREAP,252.0,206.1,206.1,,,,False,87639.4,0.031,5.229,,1636
HINDZINC,545.0,514.95,514.95,545.0,514.95,20.0,False,2918917.4,0.172,2.907,-1.138,5954
HIRECT,1399.0,1001.0,965.1,,,,False,331544.25,0.077,5.141,,4835
HISARMETAL,161.8,145.5,140.8,,,,False,1328.9,1.576,3.924,,2364
HITECH,91.8,82.59,82.3,,,,False,472974.85,0.085,4.479,,2578
HITECHCORP,333.9,310.0,161.0,,,,False,16684.85,0.042,3.55,,4588
HITECHGEAR,720.0,555.0,551.2,,,,False,2096.65,0.259,8.385,,5754
HLEGLAS,446.0,377.4,314.4,,,,False,417833.1,0.029,3.356,,1347
HLVLTD,7.89,7.0,7.0,,,,False,149056.95,0.13,4.341,,5983
HMAAGRO,22.99,20.0,20.0,,,,False,266043.4,0.603,4.661,,762
HMT,68.33,58.51,53.0,,,,False,7742.25,0.147,4.199,,5979
HMVL,96.85,85.71,62.0,96.85,85.71,20.0,False,70214.1,0.008,2.756,-2.633,3957
HNDFDS,595.0,524.15,515.0,,,,False,74907.05,0.066,4.946,,1722
HOACFOODS,740.0,670.0,489.15,,,,False,2437.5,0.154,4.196,,542
HOLMARC,112.95,95.15,95.0,,,,False,1537.5,2.927,9.386,,701
HOMEFIRST,1289.6,1150.0,1018.5,,,,False,218297.75,0.089,3.169,,1359
HOMESFY,122.85,110.0,100.7,,,,True,630.0,0.0,16.581,,881
HONASA,491.35,442.2,381.85,,,,False,887642.8,0.218,3.383,,676
HONAUT,41495.0,37205.0,34000.0,,,,False,7250.6,0.159,4.121,,5982
HONDAPOWER,2191.8999,2047.1,2047.1,,,,False,3122.25,0.918,3.094,,5979
HPAL,36.83,32.11,32.11,,,,False,37078.25,0.059,3.521,,1138
HPIL,133.6,118.65,118.65,133.6,118.65,20.0,False,1408.25,0.003,2.864,-1.198,1602
HPL,360.0,326.0,326.0,,,,False,101540.45,0.077,4.586,,2430
HRHNEXT,28.95,25.45,24.45,,,,False,3825.0,0.392,5.026,,634
HSCL,819.5,635.85,578.05,,,,False,10823510.75,0.075,5.361,,4792
HTMEDIA,28.0,23.68,21.01,,,,False,248238.1,0.008,3.782,,5159
HUBTOWN,219.0,185.99,178.2,,,,False,516897.7,0.025,5.061,,4808
HUDCO,217.85,191.75,191.75,,,,False,2531286.5,0.041,5.183,,2277
HUHTAMAKI,330.0,202.61,158.15,,,,False,3284321.9,0.017,5.976,,5984
HYBRIDFIN,21.5,17.26,15.55,,,,False,10482.6,0.033,4.619,,904
HYUNDAI,2175.0,1895.4,1847.0,,,,True,702026.4,2.022,4.891,,443
IBLFL,61.05,55.0,54.5,,,,True,2700.0,1.481,11.683,,625
IBULLSLTD,32.5,25.4,19.11,,,,False,8228443.35,0.43,4.159,,3688
ICDSLTD,42.99,37.51,37.51,,,,False,552.6,0.271,3.011,,1254
ICEMAKE,903.5,736.1,719.0,,,,False,45580.15,0.07,4.379,,2136
ICICIAMC,3360.8,3046.5,3046.5,,,,False,422276.9,0.038,4.199,,154
ICICIBANK,1480.0,1375.9,1213.7,,,,False,12270172.25,0.07,4.549,,5981
ICICIGI,1837.9,1544.6,1544.6,,,,False,1531218.0,0.014,5.064,,2187
ICICIPRULI,531.95,478.85,459.5,,,,False,1915579.45,0.02,4.396,,2433
ICIL,439.45,384.2,302.2,,,,False,327226.1,0.038,3.441,,5155
ICRA,5366.5,4692.0,4692.0,,,,False,37143.2,0.318,5.125,,4762
IDBI,89.94,80.17,71.48,,,,False,12325162.35,0.05,3.943,,7679
IDEA,14.54,12.76,12.76,,,,False,285860751.9,0.12,5.429,,4787
IDEAFORGE,935.0,821.1,776.8,,,,False,176887.4,0.044,3.802,,760
IDFCFIRSTB,88.76,77.47,69.04,,,,False,24979964.0,0.079,5.498,,2652
IEML,45.0,39.7,37.9,45.0,39.7,20.0,False,32950.0,0.258,2.733,-4.778,544
IEX,134.76,116.26,116.26,,,,False,7215900.4,0.116,4.565,,2171
IFBAGRO,1096.75,905.1,880.0,,,,False,6804.75,0.113,3.887,,5981
IFBIND,1473.0,1235.1,1037.2,,,,False,128077.6,0.04,5.486,,5982
IFCI,79.64,68.15,61.5,,,,False,18806714.0,0.622,5.334,,5981
IFGLEXPOR,247.9,192.39,170.0,,,,False,104549.2,0.017,5.637,,5584
IGARASHI,503.95,436.0,360.35,,,,False,64306.75,0.051,4.466,,5984
IGCL,80.8,67.65,54.61,,,,False,193697.0,0.2,3.142,,269
IGIL,361.5,325.65,325.65,,,,False,586859.3,0.111,3.06,,396
IGL,158.7,147.2,147.2,,,,False,1761774.6,0.056,4.154,,5593
IGPL,478.0,418.05,408.75,,,,False,28643.5,0.056,3.846,,4812
IIFL,619.5,513.0,459.7,,,,False,2343211.6,0.248,5.192,,5237
IIFLCAPS,344.0,332.05,332.05,,,,False,366745.5,0.037,3.034,,1700
IITL,140.64,120.65,117.81,140.64,120.65,20.0,False,90270.85,0.009,2.979,-4.216,3937
IKIO,235.0,178.0,147.1,,,,False,2416256.4,0.006,4.938,,774
IKS,1933.0,1738.0,1605.1,,,,False,149332.2,0.079,3.963,,402
IL&FSENGG,37.3,26.51,26.41,,,,True,23213.7,1.057,6.936,,4627
IL&FSTRANS,2.24,2.0,2.0,2.24,2.0,20.0,False,21884.75,1.4,2.333,-6.25,4036
IMAGICAA,49.14,43.51,40.5,,,,False,601795.75,0.235,3.164,,2799
IMFA,1452.5,1300.1,1232.5,1452.5,1300.1,20.0,False,83829.15,0.552,2.99,-2.203,3957
IMPAL,1238.9,1055.0,1029.0,,,,False,6432.75,0.036,4.918,,5136
IMPEXFERRO,2.5,2.08,1.69,,,,True,39215.65,0.0,11.094,,5304
INA,131.52,107.03,107.03,,,,False,3806409.4,0.007,6.012,,101
INCREDIBLE,39.0,32.0,32.0,,,,False,8467.05,0.438,3.725,,2490
INDBANK,37.3,31.55,31.55,,,,False,66439.6,0.009,7.305,,4393
INDGN,538.5,481.95,481.95,,,,False,186224.35,0.542,4.149,,554
INDHOTEL,757.4,713.25,635.0,,,,False,2237680.05,0.138,3.077,,5984
INDIACEM,416.4,367.4,366.25,,,,False,401525.3,0.043,3.478,,7675
INDIAGLYCO,1199.05,1031.0,915.0,,,,False,185491.0,0.042,3.976,,5954
INDIAMART,1978.9,1730.0,1730.0,,,,False,133956.75,0.058,4.631,,1753
INDIANB,874.9,769.25,769.25,,,,False,2928679.75,0.028,5.609,,4793
INDIANCARD,258.0,212.2,201.0,,,,False,10177.5,0.12,3.638,,5979
INDIANHUME,432.0,330.3,279.8,,,,False,346303.55,0.014,6.68,,5982
INDIASHLTR,829.25,708.2,708.2,,,,False,122000.6,0.021,6.267,,646
INDIFRA,12.65,11.45,11.45,,,,False,800.0,5.0,24.0,,639
INDIGO,5439.0,4886.0,4350.0,,,,False,1013179.1,0.021,4.396,,2649
INDIGOPNTS,1112.1,1020.2,922.0,1112.1,1020.2,20.0,False,60662.8,0.191,2.756,-1.097,1361
INDIGRID,180.9,176.13,168.5,,,,False,684476.85,0.674,3.121,,2260
INDIQUBE,185.5,162.5,148.95,185.5,162.5,20.0,False,141916.9,0.026,2.746,-7.003,249
INDNIPPON,1278.2,982.1,795.05,,,,False,89631.9,0.027,5.859,,5981
INDOAMIN,135.0,119.0,119.0,,,,False,40298.4,0.054,3.508,,1054
INDOBORAX,499.0,361.05,322.05,,,,False,925160.5,0.012,3.983,,1075
INDOCO,268.0,216.03,191.0,,,,False,396283.1,0.038,4.444,,5320
INDOFARM,177.0,150.1,124.35,,,,False,385721.25,0.074,3.728,,390
INDOMIM,,,,,,,,,,,,2
INDORAMA,57.5,45.1,36.03,,,,True,291556.0,0.445,4.208,,5950
INDOSTAR,292.0,249.65,208.0,,,,False,156702.75,0.043,3.722,,2028
INDOTECH,3599.0,2901.6001,2316.0,,,,False,18624.9,0.03,3.823,,5029
INDOTHAI,254.8,212.42,210.45,,,,False,2127818.75,0.032,4.705,,3638
INDOUS,91.9,81.44,81.44,91.9,81.44,20.0,False,29538.8,0.025,2.628,-9.706,457
INDOWIND,9.85,8.8,8.75,,,,False,71287.6,0.054,3.289,,4656
INDPRUD,6689.0,6200.0,5750.5,,,,False,60.1,0.033,3.701,,66
INDRAMEDCO,390.55,358.25,358.25,,,,False,117507.65,0.078,4.34,,7327
INDSWFTLAB,248.45,212.85,129.5,,,,False,879991.15,0.024,3.264,,5980
INDTERRAIN,33.48,28.0,28.0,,,,False,13750.65,0.047,4.083,,3796
INDUSINDBK,1077.85,960.0,881.0,,,,False,2569578.75,0.048,4.875,,5982
INDUSTOWER,414.9,375.05,375.05,,,,False,6007500.55,0.036,4.298,,3356
INFINIUM,217.0,200.9,190.0,217.0,200.9,20.0,False,3100.0,0.484,2.905,-5.069,812
INFOBEAN,176.3,153.61,148.03,176.3,153.61,20.0,False,658941.6,0.076,2.849,-5.071,2232
INFOLLION,198.0,155.25,155.25,,,,False,13040.0,0.767,5.349,,775
INFOMEDIA,6.3,5.16,5.08,,,,False,14891.25,0.068,3.644,,5980
INFY,1187.7,1013.9,982.4,,,,False,14555470.5,0.148,5.318,,7679
INGERRAND,4719.8999,4230.3999,3700.0,,,,False,12733.4,0.018,4.196,,5981
INM,192.95,160.1,150.0,,,,False,3030.0,2.97,5.915,,599
INNOVACAP,1034.85,934.55,834.0,,,,False,45185.1,0.018,3.637,,641
INNOVANA,357.0,301.55,292.8,,,,False,4100.35,0.003,3.119,,2131
INNOVISION,307.95,278.0,278.0,,,,False,31384.4,0.025,4.379,,91
INOXGREEN,209.9,172.7,163.8,,,,False,1556798.8,1.252,4.252,,913
INOXINDIA,2119.8,1788.4,1425.2,,,,False,330607.7,0.061,3.793,,646
INOXWIND,88.39,73.81,73.81,,,,False,10420069.6,0.094,6.938,,2797
INSECTICID,680.0,596.2,596.2,,,,False,19862.25,0.039,3.958,,4732
INSPIRE,9.5,7.65,7.65,,,,True,1600.0,0.0,7.296,,695
INSPIRISYS,108.6,95.1,95.1,108.6,95.1,20.0,False,3018.55,0.394,2.74,-7.947,4873
INTELLECT,796.35,695.05,695.05,,,,False,481253.8,0.131,4.124,,2871
INTENTECH,100.7,83.05,83.05,,,,False,45341.85,0.03,4.94,,2313
INTERARCH,1892.0,1753.0,1651.2,1892.0,1753.0,20.0,False,33192.85,0.032,2.625,-4.752,481
INTLCONV,82.02,72.3,72.3,,,,False,44638.55,0.082,3.398,,1208
INVENTURE,0.97,0.88,0.88,,,,False,956016.2,0.016,3.231,,3696
INVPRECQ,1078.95,761.0,580.0,,,,True,11713.75,0.028,5.735,,72
IOB,36.2,33.23,32.26,,,,False,4667176.8,0.029,4.485,,5981
IOC,144.11,136.6,133.55,144.11,136.6,20.0,False,12399922.15,0.079,2.818,-3.449,7601
IOLCP,179.6,143.0,119.21,,,,False,6679048.4,0.032,4.393,,3883
IONEXCHANG,486.0,392.15,327.3,,,,False,1205707.7,0.015,6.965,,1098
IPCALAB,1944.9,1725.0,1470.0,,,,False,230419.2,0.04,3.805,,7675
IPL,171.94,146.41,146.41,,,,False,344100.3,0.055,5.462,,1257
IPSL,245.0,215.0,190.0,,,,False,650.0,0.0,5.039,,918
IRB,21.42,19.28,19.28,,,,False,12559303.3,0.254,5.6,,4545
IRBINVIT,63.95,60.41,59.7,,,,False,1003346.15,1.241,5.233,,2246
IRCON,135.84,123.51,123.51,,,,False,982666.4,0.077,5.181,,1938
IRCTC,510.9,485.3,485.3,,,,False,793564.65,0.076,3.197,,1687
IREDA,128.54,117.42,117.42,,,,False,3668707.95,0.1,5.507,,663
IRFC,90.61,86.02,86.02,,,,False,7302932.05,0.299,3.326,,1363
IRIS,278.0,230.1,221.85,,,,False,25105.9,0.006,4.754,,1171
IRISDOREME,53.0,41.28,33.01,,,,False,639788.1,0.031,4.632,,1903
IRMENERGY,274.9,250.3,242.0,,,,False,47304.9,0.054,4.324,,685
ISFT,84.5,70.76,70.76,,,,False,12338.9,0.011,3.573,,4028
ISGEC,934.2,842.6,842.6,,,,False,28874.65,0.032,5.146,,1299
ISHAN,0.6,0.45,0.45,,,,False,463200.0,0.0,5.25,,950
ISHANCH,60.69,50.1,50.1,,,,False,13215.9,0.727,3.872,,336
ITALIANE,37.0,31.0,31.0,,,,False,4300.0,0.93,7.059,,609
ITC,290.7,275.0,275.0,,,,False,15292497.95,0.097,3.453,,7676
ITCHOTELS,188.0,158.4,148.45,,,,False,3499434.7,0.05,5.833,,374
ITDC,822.0,582.9,530.0,,,,False,5085276.15,0.006,5.527,,2370
ITI,303.3,271.5,271.5,,,,False,452010.05,0.059,4.561,,5981
IVALUE,321.45,263.0,226.98,,,,False,417893.55,0.122,4.689,,211
IVC,8.9,8.01,7.35,,,,False,146251.8,0.137,3.719,,5985
IVP,194.0,148.0,148.0,,,,False,44881.15,0.001,7.769,,5978
IWP,35.39,31.3,31.3,35.39,31.3,20.0,False,4347.6,0.012,2.77,-5.397,72
IXIGO,223.7,180.5,151.27,,,,False,951959.95,0.119,5.98,,530
IZMO,1175.4,911.7,680.0,,,,False,116899.95,0.118,4.688,,4809
J&KBANK,201.75,146.7,138.91,,,,False,8087030.0,0.104,6.161,,5950
JAGRAN,65.25,61.81,61.35,,,,False,206978.2,0.051,3.425,,5044
JAGSNPHARM,263.7,214.24,197.25,,,,False,786098.95,0.173,5.017,,5983
JAIBALAJI,70.95,58.08,58.08,,,,False,276864.55,0.061,5.711,,5606
JAICORPLTD,116.9,98.03,98.03,,,,False,306489.65,0.097,7.662,,5984
JAINAM,250.0,234.7,234.7,,,,False,1575.0,5.079,4.97,,1179
JAINREC,364.3,320.6,302.0,,,,False,1240291.6,0.248,3.172,,206
JAIPURKURT,29.0,25.2,25.2,29.0,25.2,20.0,False,11515.75,0.096,2.552,-5.172,2315
JALAN,2.2,1.6,1.6,,,,False,16200.0,0.37,18.667,,2262
JAMNAAUTO,140.59,128.22,113.94,140.59,128.22,20.0,False,1483258.6,0.2,2.981,-5.946,3860
JARO,534.65,460.1,460.1,,,,False,93393.45,0.027,4.741,,207
JASH,548.0,480.0,392.1,,,,False,150755.7,0.169,4.128,,2174
JAYAGROGN,237.0,201.23,199.99,,,,False,11551.05,0.021,4.187,,5982
JAYBARMARU,207.0,147.5,109.2,,,,False,901627.3,0.154,5.522,,5983
JAYKAY,190.95,156.66,156.66,,,,False,150638.6,0.068,5.839,,166
JAYNECOIND,95.99,82.52,82.52,,,,False,5347122.4,0.029,3.356,,5982
JAYSREETEA,86.99,79.27,79.27,,,,False,27377.5,0.01,3.354,,5979
JBMA,707.5,642.9,616.15,,,,False,355938.5,0.588,3.95,,5340
JETFREIGHT,25.95,19.56,19.56,,,,False,344402.55,0.026,3.849,,2319
JFLLIFE,12.35,9.4,8.7,,,,True,41400.0,0.435,6.074,,962
JGCHEM,527.0,417.05,396.05,,,,False,315417.8,0.013,4.91,,591
JHS,8.16,7.0,7.0,8.16,7.0,20.0,False,60646.05,0.027,2.834,-8.088,4878
JINDALPHOT,1213.4,1029.4,971.1,,,,False,7258.75,0.024,4.371,,5262
JINDALPOLY,747.55,611.1,606.0,,,,False,23991.55,0.023,6.95,,5981
JINDALSAW,278.95,246.5,221.7,,,,False,1845356.05,0.018,3.376,,5981
JINDALSTEL,1120.0,1010.1,1010.1,,,,False,1170624.7,0.083,4.752,,6707
JINDRILL,659.4,534.65,534.65,,,,False,2006796.55,0.015,6.099,,5401
JINDWORLD,40.4,28.2,26.2,,,,False,22658897.7,0.033,4.233,,3871
JIOFIN,253.9,229.0,227.0,,,,False,20341852.5,0.102,4.232,,730
JISLDVREQS,24.97,20.6,20.6,,,,False,18084.3,0.013,4.84,,3620
JISLJALEQS,34.82,29.11,28.33,,,,False,1489373.1,0.17,6.994,,6100
JITFINFRA,410.15,290.0,275.0,,,,False,61886.35,0.1,6.157,,2331
JIWANRAM,5.65,4.9,4.9,,,,False,11100.0,0.0,17.5,,706
JKCEMENT,5790.0,5230.0,4671.5,,,,False,82577.75,0.029,3.787,,5031
JKIL,515.5,478.65,454.5,,,,False,91211.15,0.024,3.357,,4554
JKIPL,102.2,91.2,82.0,102.2,91.2,20.0,False,16776.7,0.022,2.287,-3.464,207
JKLAKSHMI,596.1,557.1,557.1,596.1,557.1,20.0,False,119556.8,0.062,2.746,-5.083,4967
JKPAPER,427.0,349.65,339.4,,,,False,1171978.85,0.023,4.662,,5214
JKTYRE,424.6,379.05,351.0,,,,False,938677.75,0.073,4.74,,5474
JLHL,340.0,285.16,256.08,,,,False,173002.2,0.112,4.748,,710
JMA,93.0,85.0,82.55,93.0,85.0,20.0,False,6643.6,0.068,2.635,-4.839,2811
JMFINANCIL,133.23,118.81,114.5,,,,False,1940207.95,0.13,4.635,,4888
JNKINDIA,558.0,451.15,350.1,,,,False,637061.1,0.011,4.442,,561
JOCIL,155.0,137.01,133.1,,,,False,1719.6,0.017,4.409,,4391
JPOLYINVST,1139.0,1002.3,973.4,,,,False,6663.4,0.047,4.553,,3138
JPPOWER,18.25,16.65,16.65,,,,False,50254089.1,0.095,3.237,,5258
JSFB,581.0,439.0,439.0,,,,False,1414281.5,0.078,5.668,,611
JSL,755.0,690.0,652.25,,,,False,465064.65,0.052,3.979,,5622
JSLL,599.9,544.0,492.0,,,,False,401808.1,0.04,3.151,,1052
JSWCEMENT,143.4,129.88,122.8,,,,False,2045394.2,0.025,4.048,,240
JSWDULUX,3292.2,2862.0,2862.0,,,,False,18386.5,0.017,4.935,,5981
JSWENERGY,572.85,531.5,531.5,,,,False,2327725.45,0.05,3.37,,4095
JSWHL,12389.0,10530.0,10530.0,,,,False,3675.55,0.076,6.88,,5212
JSWINFRA,355.8,310.1,266.55,,,,False,3547223.45,0.081,4.578,,701
JSWSTEEL,1304.5,1212.2,1210.7,,,,False,1614591.05,0.046,3.743,,5761
JTEKTINDIA,148.47,129.05,119.1,,,,False,194380.05,0.063,5.475,,5583
JTLIND,87.2,70.1,64.9,,,,False,2007134.45,0.121,6.791,,1140
JUBLCPL,2200.0,1786.6,1701.0,,,,False,4210.0,0.036,6.593,,361
JUBLFOOD,457.4,408.55,408.55,,,,False,2623389.3,0.022,5.16,,4071
JUBLINGREA,795.0,667.9,600.0,,,,False,665636.8,0.012,4.621,,1329
JUBLPHARMA,1042.0,950.6,939.05,,,,False,130424.15,0.032,3.501,,5983
JUNIPER,202.95,190.8,190.73,202.95,190.8,20.0,False,130328.55,0.03,2.564,-3.917,601
JUSTDIAL,838.3,536.0,512.0,,,,False,5220731.85,0.008,6.762,,3248
JWL,270.0,241.8,241.8,,,,False,1196424.9,0.105,4.426,,3897
JYOTHYLAB,208.82,188.1,188.1,,,,False,523075.1,0.066,5.214,,4591
JYOTICNC,831.05,748.45,580.1,,,,False,695894.85,0.074,3.13,,630
JYOTISTRUC,12.08,10.51,10.51,,,,False,3146383.6,0.091,4.727,,7678
K2INFRA,64.3,53.8,44.3,,,,False,17940.0,0.535,4.123,,572
KABRAEXTRU,408.0,273.0,212.72,,,,False,230355.5,0.214,5.934,,5983
KAJARIACER,1271.5,1177.0,1060.1,,,,False,253231.05,0.093,3.22,,5981
KAKATCEM,123.9,113.0,113.0,123.9,113.0,20.0,False,1326.3,1.485,2.787,-3.503,5979
KALAMANDIR,106.13,86.2,86.2,,,,False,825866.65,0.068,6.525,,704
KALPATARU,314.8,265.15,265.15,,,,False,287318.5,0.029,4.546,,271
KALYANIFRG,658.25,574.7,574.7,,,,False,1439.45,0.28,4.304,,4587
KALYANKJIL,648.95,348.35,327.05,,,,False,48453271.5,0.067,11.92,,1324
KAMAHOLD,2750.0,2500.0,2500.0,,,,False,4403.95,0.002,3.432,,72
KAMATHOTEL,195.0,166.07,156.35,,,,False,34079.05,0.029,5.712,,5979
KAMDHENU,37.06,31.0,22.87,,,,False,1019160.85,0.176,3.263,,4996
KAMOPAINTS,5.24,4.4,4.4,,,,False,275137.8,0.087,4.8,,869
KANANIIND,1.8,1.31,1.31,,,,False,95609.05,0.135,7.457,,3610
KANCHI,379.75,353.45,334.7,379.75,353.45,20.0,False,622.65,0.485,2.308,-2.383,71
KANDARP,105.5,87.0,87.0,,,,False,6450.0,3.256,4.218,,947
KANORICHEM,164.6,122.1,87.15,,,,False,41739.4,0.265,4.884,,5984
KANPRPLA,241.0,186.26,180.62,,,,False,47686.75,0.019,4.491,,1379
KANSAINER,213.11,191.07,191.07,,,,False,196524.65,0.22,3.979,,5979
KAPSTON,470.0,350.6,310.0,,,,False,56244.2,0.103,8.875,,2049
KARMAENG,42.1,37.0,37.0,42.1,37.0,20.0,False,4383.55,0.086,2.871,-11.853,3722
KARNIKA,128.8,90.25,90.25,,,,False,459450.0,0.044,7.501,,689
KARURVYSYA,347.9,291.15,268.95,,,,False,7325637.75,0.052,5.188,,7676
KAUSHALYA,1435.95,860.35,805.0,,,,False,3234.3,0.018,14.097,,4592
KAVDEFENCE,65.5,55.05,55.05,,,,False,69066.25,0.19,4.576,,4562
KAYA,290.0,235.0,224.01,,,,False,38772.5,0.018,4.038,,2707
KAYNES,3732.8999,3131.0,3018.1001,,,,False,1218957.3,0.136,5.279,,915
KCEIL,97.45,85.0,74.7,,,,False,18725.0,0.187,3.013,,632
KCK,19.15,11.65,11.65,,,,True,779625.0,1.395,7.143,,991
KCP,176.1,161.0,156.06,,,,False,106377.05,0.003,3.011,,5980
KCPSUGIND,33.78,21.45,21.45,,,,False,943749.4,0.065,6.017,,5980
KDDL,3390.0,3027.1001,2678.7,,,,False,13829.25,0.192,3.793,,2546
KDL,130.8,108.6,105.5,,,,False,21525.0,0.976,3.731,,771
KEC,516.7,460.3,460.3,,,,False,936115.7,0.078,4.862,,5950
KECL,147.0,107.5,98.0,,,,False,165473.0,0.04,5.451,,4052
KEEPLEARN,2.05,1.51,1.51,,,,False,47808.85,0.036,3.217,,1323
KEI,5291.0,4745.5,4745.5,,,,False,260348.95,0.138,4.692,,5025
KEL,86.5,73.1,73.1,,,,False,4800.0,1.0,6.013,,701
KELLTONTEC,15.81,13.78,13.78,,,,False,1410428.75,0.237,5.594,,2574
KENNAMET,2940.3999,2712.3999,2712.3999,2940.3999,2712.3999,20.0,False,17003.2,0.014,2.807,-2.734,1144
KERNEX,2445.0,1987.0,1364.9,,,,False,168451.05,0.098,4.713,,5088
KESORAMIND,12.52,10.17,10.17,,,,True,392772.0,1.311,5.502,,7679
KEYFINSERV,288.5,246.51,240.3,,,,False,1282.85,2.072,3.61,,5979
KFINTECH,982.5,838.0,800.05,,,,False,1664327.05,0.079,4.817,,888
KHADIM,109.39,92.0,92.0,,,,False,29408.6,0.039,3.792,,2155
KHAICHEM,54.32,46.66,46.66,,,,False,86332.4,0.04,4.179,,1424
KHAITANLTD,135.07,123.5,121.4,135.07,123.5,20.0,False,1082.9,0.005,2.782,-6.715,5978
KHANDSE,18.5,16.3,16.3,18.5,16.3,20.0,False,3683.8,0.134,2.1,-5.622,5978
KHFM,60.8,44.0,44.0,,,,False,8835.0,1.053,8.522,,1790
KICL,5778.0,5288.5,4862.5,,,,False,1977.4,0.005,3.814,,4384
KILITCH,195.5,168.0,164.8,,,,False,24375.85,0.008,3.582,,3909
KIMS,858.0,778.1,725.4,,,,False,501443.45,0.08,4.818,,1263
KINGFA,5484.5,4891.0,4891.0,,,,False,6549.35,0.027,3.779,,4090
KIOCL,395.8,341.25,341.25,,,,False,65052.55,0.267,5.467,,2393
KIRANVYPAR,210.0,181.0,148.27,,,,False,1776.9,0.7,3.423,,70
KIRIINDUS,416.7,375.0,375.0,,,,False,210395.9,0.037,4.071,,4509
KIRLFER,489.4,444.4,408.0,489.4,444.4,20.0,False,65682.85,0.08,2.849,-4.618,1088
KIRLOSBROS,2007.6,1790.0,1594.3,,,,False,85605.25,0.079,3.572,,5015
KIRLOSENG,2572.0,2110.0,1656.3,,,,False,552838.3,0.086,5.012,,5950
KIRLOSIND,4233.0,3700.0,3026.0,,,,False,9164.75,0.042,5.577,,5981
KIRLPNU,1860.0,1430.0,1430.0,,,,False,218212.85,0.076,6.215,,809
KISSHT,351.5,298.8,234.1,,,,False,2097297.0,0.174,3.423,,61
KITEX,160.49,142.85,141.17,,,,False,338598.05,0.081,5.45,,3417
KKCL,515.95,485.05,425.9,515.95,485.05,20.0,False,30307.65,0.035,2.38,-2.239,5010
KKVAPOW,525.6,499.35,499.35,,,,False,94.05,0.0,14.0,,486
KLL,33.1,27.0,27.0,,,,False,14720.0,1.522,3.012,,631
KMEW,2737.0,2210.0,1711.3,,,,False,101456.75,0.413,4.242,,412
KMSUGAR,30.5,26.07,25.6,,,,False,140367.4,0.013,4.349,,4584
KNACK,220.72,180.33,180.33,,,,False,5679349.06,0.01,4.65,,18
KNAGRI,227.0,194.1,182.95,,,,False,8130.6,0.062,3.683,,1064
KNRCON,132.44,117.72,117.01,,,,False,544391.9,0.116,5.36,,4550
KODYTECH,1432.0,1055.0,800.0,,,,False,39820.0,0.256,5.224,,700
KOHINOOR,25.21,22.0,22.0,,,,False,100293.0,0.033,4.346,,5978
KOKUYOCMLN,89.8,82.3,80.25,,,,False,20440.1,0.205,3.081,,4441
KOLTEPATIL,402.5,353.6,343.0,,,,False,84446.95,0.014,3.451,,4593
KONSTELEC,71.1,45.95,33.75,,,,False,11500.0,0.783,8.363,,618
KONTOR,65.0,57.5,56.2,,,,False,960.0,0.0,5.57,,691
KOPRAN,216.0,179.93,165.2,,,,False,122092.3,0.121,4.286,,5981
KORE,193.5,125.0,110.75,,,,False,5237.5,6.778,7.12,,960
KOTAKBANK,392.25,368.4,368.4,,,,False,16676394.5,0.027,3.121,,6243
KOTARISUG,27.0,24.11,23.81,,,,False,30729.15,0.108,3.358,,5344
KOTHARIPET,141.0,124.61,113.52,,,,False,89360.8,0.064,3.412,,5982
KOTHARIPRO,71.88,64.03,64.03,71.88,64.03,20.0,False,8109.05,0.055,2.965,-6.358,5980
KOTIC,196.95,155.0,142.15,,,,False,133435.8,0.003,5.214,,72
KOTYARK,39.9,30.25,30.25,,,,False,84909.1,0.127,4.832,,1166
KOVAI,6158.5,5670.5,5275.5,,,,False,3327.15,0.072,3.047,,3476
KPEL,345.0,298.1,298.1,,,,False,160814.65,0.044,5.395,,422
KPIGREEN,419.9,382.0,378.9,,,,False,406788.95,0.084,4.115,,1243
KPIL,1391.0,1258.2,1240.1,,,,False,115148.5,0.03,3.816,,5981
KPITTECH,662.65,543.0,543.0,,,,False,5478653.7,0.193,5.211,,1803
KPL,2859.8999,2500.0,2036.1,,,,False,21360.5,0.103,3.055,,72
KPRMILL,1189.0,1015.0,930.55,,,,False,290331.45,0.035,4.729,,4670
KRBL,381.05,339.5,336.4,,,,False,273915.0,0.198,5.071,,6091
KREBSBIO,60.5,50.81,50.81,,,,False,11082.45,0.176,3.777,,2412
KRIDHANINF,2.87,2.26,2.26,,,,False,34916.95,0.054,3.935,,2629
KRISHANA,186.05,126.25,126.25,,,,True,1873581.3,0.471,6.679,,2330
KRISHCA,176.9,161.0,161.0,176.9,161.0,20.0,False,10900.0,0.963,2.692,-6.473,784
KRISHIVAL,405.85,385.5,376.3,405.85,385.5,20.0,False,17285.6,0.205,2.617,-3.659,1062
KRISHNADEF,1369.0,1181.1,1063.1,,,,False,111660.45,0.133,3.719,,1058
KRITI,71.99,63.12,63.12,,,,False,8504.05,0.282,3.281,,3630
KRITIKA,5.98,5.37,5.37,,,,False,110424.0,0.031,3.163,,1916
KRITINUT,84.99,70.0,70.0,,,,False,12643.9,1.052,5.016,,942
KRN,1319.0,1150.0,1005.1,,,,False,77764.3,0.108,3.435,,456
KRONOX,175.0,142.8,130.2,,,,False,198462.2,0.01,4.521,,534
KROSS,224.0,176.76,175.43,,,,False,1884246.15,0.029,4.634,,468
KRSNAA,575.0,521.1,521.1,,,,False,45567.15,0.068,3.534,,1229
KRYSTAL,611.0,600.0,575.0,611.0,600.0,20.0,False,11552.15,0.032,2.748,-1.71,584
KSB,959.0,828.3,750.0,,,,False,81975.1,0.029,4.764,,5981
KSCL,928.8,794.65,794.65,,,,False,55186.85,0.076,5.976,,4643
KSHINTL,930.0,763.95,675.6,,,,False,281610.45,0.096,4.317,,152
KSHITIJPOL,3.9,2.27,2.27,,,,False,1485206.35,0.06,9.314,,1919
KSL,982.55,852.0,770.1,,,,False,67970.9,0.024,4.641,,4386
KSOLVES,345.0,273.05,272.0,,,,False,178874.6,0.023,5.33,,1484
KSR,33.11,26.51,26.51,,,,False,14738.35,0.029,3.262,,168
KTKBANK,295.15,261.05,255.0,,,,True,2477159.1,0.42,4.0,,6540
KUANTUM,87.0,73.2,72.52,,,,False,88980.45,0.022,4.069,,1679
KUSUMGAR,629.2,548.0,548.0,,,,False,2915739.38,0.043,2.385,,13
KWIL,34.38,30.13,26.02,,,,False,7571775.15,0.062,3.795,,115
LAGNAM,95.9,76.2,74.52,,,,False,16714.4,0.247,3.676,,1932
LAHOTIOV,45.0,40.0,34.06,45.0,40.0,20.0,False,3223.25,0.032,2.033,-6.667,70
LAKPRE,6.27,4.77,4.38,,,,False,1808.35,1.347,4.478,,4894
LAL,9.5,7.56,6.61,,,,False,56220.35,0.293,3.062,,819
LALPATHLAB,1919.8,1635.7,1500.1,,,,False,483293.3,0.111,4.705,,2622
LAMBODHARA,122.75,104.51,99.15,,,,False,12445.1,0.145,4.162,,2837
LANCORHOL,28.4,23.73,23.16,28.4,23.73,20.0,False,122059.75,0.027,2.989,-6.232,591
LANDMARK,566.95,415.2,361.0,,,,False,2713866.5,0.016,4.064,,891
LANDSMILL,0.89,0.73,0.73,,,,False,2676643.25,0.017,3.733,,4196
LAOPALA,194.8,175.11,167.2,,,,False,146724.9,0.033,3.374,,4782
LASA,7.9,6.66,6.66,,,,False,25197.9,0.004,3.404,,2189
LASERPOWER,317.0,250.0,250.0,,,,False,7884317.0,0.198,2.99,,12
LATENTVIEW,324.8,277.2,262.05,,,,False,1276961.8,0.065,4.312,,1163
LATTEYS,21.69,19.4,19.4,21.69,19.4,20.0,False,33673.25,0.084,2.487,-6.27,2002
LAURUSLABS,1808.5,1448.2,1340.0,,,,True,2154844.05,0.153,8.531,,2380
LAXMICOT,16.49,13.21,12.82,,,,False,13285.6,0.153,3.65,,2227
LAXMIDENTL,234.0,209.8,209.8,,,,False,99860.7,0.063,3.475,,382
LAXMIINDIA,133.95,105.0,97.91,,,,False,88775.8,0.143,4.965,,246
LCCINFOTEC,4.98,4.11,3.92,,,,False,31841.2,0.001,3.328,,5976
LCL,,,,,,,,,,,,2
LEMERITE,24.18,19.52,19.52,,,,False,587280.55,0.009,3.932,,1040
LEMONTREE,122.65,107.61,103.5,,,,False,2701826.35,0.122,6.222,,2057
LENSKART,575.7,525.75,482.15,,,,False,4771809.75,0.057,3.292,,183
LEXUS,16.8,13.25,12.74,,,,False,27836.4,0.0,4.135,,2208
LFIC,149.0,135.51,135.51,149.0,135.51,20.0,False,703.0,0.762,2.581,-5.349,3971
LGBBROSLTD,1619.0,1506.5,1445.0,,,,False,19631.65,0.236,3.233,,4584
LGEINDIA,1593.0,1493.2,1465.4,,,,False,293755.15,0.102,3.744,,200
LGHL,239.0,198.0,198.0,,,,False,27290.65,0.214,3.648,,1549
LIBAS,11.53,9.61,9.61,,,,False,23902.2,0.042,3.542,,2319
LIBERTSHOE,289.95,252.0,230.0,,,,False,157940.3,0.007,3.483,,5980
LICHSGFIN,563.0,522.2,522.2,,,,False,1056076.35,0.572,3.529,,5981
LICI,447.6,416.6,391.55,,,,False,2155818.25,0.08,3.994,,1044
LIKHITHA,262.3,214.0,185.2,,,,False,33926.2,0.148,4.117,,1436
LINC,114.99,96.11,95.52,,,,False,27400.4,0.025,4.74,,2817
LINCOLN,621.95,569.7,569.7,,,,False,20694.45,0.033,3.562,,2624
LINDEINDIA,7251.0,6621.0,6621.0,,,,False,19371.85,0.079,4.261,,6527
LLOYDS,78.0,67.0,67.0,,,,False,3500.0,1.143,4.242,,939
LLOYDSENGG,95.1,81.0,66.51,,,,False,12178565.35,0.056,4.125,,2481
LLOYDSENT,83.8,70.1,63.67,,,,False,6256351.2,0.033,4.315,,445
LLOYDSME,2066.0,1708.9,1670.0,,,,False,547962.95,0.056,5.398,,754
LMW,17699.0,15500.0,14240.0,,,,False,4283.3,0.054,4.272,,5982
LODHA,1344.95,1049.1,848.0,,,,False,3852316.7,0.108,6.263,,1311
LOKESHMACH,349.85,311.0,242.05,,,,False,28890.85,0.494,6.625,,4996
LORDSCHLO,169.0,133.0,126.15,,,,False,31219.2,0.035,3.959,,722
LOTUSDEV,197.99,137.01,128.3,,,,True,4278949.0,0.199,9.373,,246
LOTUSEYE,130.92,115.46,106.01,130.92,115.46,20.0,False,28571.2,0.093,2.478,-9.892,4451
LOVABLE,84.0,69.27,68.5,,,,False,12561.25,0.003,6.657,,3788
LOYALTEX,231.0,190.0,190.0,,,,False,357.4,0.014,3.376,,979
LPDC,6.75,5.81,5.81,6.75,5.81,20.0,False,41817.0,0.595,2.545,-9.185,4429
LRRPL,95.0,80.0,75.1,,,,False,7350.0,0.0,4.098,,847
LT,4068.0,3720.0,3720.0,,,,False,2039806.3,0.061,5.515,,5984
LTF,338.6,297.15,256.1,,,,False,6590699.8,0.116,5.044,,3691
LTFOODS,409.75,368.0,364.05,,,,True,796973.2,0.7,3.949,,4840
LTM,4518.7002,3715.3999,3528.0,,,,False,494590.85,0.088,6.407,,2480
LTTS,3680.0,3095.0,3030.0,,,,False,247322.65,0.048,4.531,,2437
LUMAXIND,5525.0,5020.5,5012.5,,,,False,9770.0,0.037,3.721,,5980
LUMAXTECH,1547.4,1384.4,1384.4,,,,True,106481.75,0.231,3.419,,4821
LUPIN,2529.5,2340.0,2219.8,,,,False,762322.6,0.123,3.409,,6192
LUXIND,1340.0,1205.1,1205.0,,,,False,38858.05,0.036,4.076,,2638
LXCHEM,203.8,149.75,144.7,,,,False,2636099.85,0.418,5.419,,1325
LYKALABS,73.7,58.0,54.65,,,,False,18591.75,0.008,5.272,,7677
M&M,3379.8999,3079.3999,2900.3999,,,,True,2362164.9,0.503,3.742,,7677
M&MFIN,401.0,317.6,274.35,,,,False,7130551.0,0.046,5.0,,5029
MAANALU,127.0,110.4,110.4,,,,False,61781.9,0.226,3.102,,5208
MACPOWER,1578.8,1270.0,859.1,,,,False,34490.75,1.156,3.851,,2065
MADHAV,39.45,32.1,32.1,,,,False,6090.85,0.077,4.154,,4587
MADHAVBAUG,223.95,171.0,150.0,,,,False,4520.0,0.088,6.748,,1084
MADHAVIPL,8.67,7.61,7.61,8.67,7.61,20.0,False,109247.35,0.107,2.774,-9.689,72
MADHUCON,6.31,4.95,4.95,,,,False,23395.0,0.239,3.719,,4888
MADHUSUDAN,260.0,217.5,131.05,,,,False,100650.0,0.288,3.828,,700
MADRASFERT,72.0,65.6,65.3,,,,False,63018.55,0.041,3.525,,5979
MAFATIND,145.0,128.88,124.15,,,,False,42717.85,0.021,4.489,,71
MAGADSUGAR,532.95,476.4,437.4,,,,False,21995.7,0.032,3.37,,2227
MAGNUM,20.3,18.12,18.12,20.3,18.12,20.0,False,38349.85,0.909,2.044,-5.517,4650
MAGSON,191.0,168.0,153.0,,,,False,13550.0,0.074,6.087,,757
MAHABANK,90.58,78.02,76.9,,,,False,16640073.6,0.048,6.646,,5517
MAHAPEXLTD,50.0,42.0,42.0,,,,False,5393.15,0.268,4.283,,2057
MAHASTEEL,1000.0,718.25,718.25,,,,True,8244.6,0.629,5.324,,2491
MAHEPC,124.74,103.51,103.51,,,,False,52295.4,0.046,4.531,,1601
MAHESHWARI,75.0,69.83,54.0,75.0,69.83,20.0,False,17865.7,1.381,2.628,-2.68,2318
MAHICKRA,273.5,235.0,230.1,,,,False,7275.0,0.103,4.798,,2029
MAHLIFE,408.0,355.4,317.55,,,,False,423120.65,0.032,4.532,,5981
MAHLOG,431.9,379.45,330.55,,,,False,495035.35,0.026,3.043,,2157
MAHSCOOTER,13365.0,12278.0,11627.0,,,,False,3494.95,0.197,3.111,,5980
MAHSEAMLES,611.9,557.2,557.2,,,,False,57317.65,0.368,4.822,,5984
MAITHANALL,1044.8,956.5,927.8,,,,False,32600.1,0.066,3.842,,3719
MAITREYA,148.0,114.1,114.1,,,,False,5440.0,1.985,3.606,,674
MAJESAUT,439.95,330.3,307.1,,,,False,12981.0,0.266,6.593,,72
MAKS,24.2,18.05,18.05,,,,False,1200.0,0.0,22.077,,948
MAL,39.25,30.8,28.95,,,,False,18000.0,0.0,7.632,,695
MALLCOM,1109.9,968.6,941.0,,,,False,2442.35,0.36,3.382,,1111
MALUPAPER,38.8,28.2,28.2,,,,False,79252.65,0.006,4.166,,5015
MAMATA,414.65,375.1,345.0,,,,False,44665.3,0.234,4.079,,398
MANAKALUCO,41.9,34.11,33.75,,,,False,98384.1,0.128,4.002,,2803
MANAKCOAT,130.96,114.62,101.0,,,,False,675519.6,0.007,3.103,,2801
MANAKSIA,60.99,54.73,54.73,,,,False,16660.25,0.236,3.018,,4578
MANAKSTEEL,84.11,65.11,64.36,,,,False,38622.8,0.859,5.201,,2801
MANALIPETC,69.0,60.1,58.11,,,,False,420450.2,0.047,3.411,,5984
MANAPPURAM,381.55,318.75,282.55,,,,False,4178218.65,0.092,6.305,,3974
MANAV,34.75,25.65,25.65,,,,False,2400.0,8.333,14.0,,2188
MANBA,154.0,132.1,105.0,,,,False,310413.35,0.04,3.859,,456
MANCREDIT,262.51,209.49,166.6,,,,False,522723.15,0.443,3.901,,487
MANDEEP,20.25,18.2,17.95,,,,False,2100.0,0.0,7.653,,547
MANGALAM,28.79,26.33,26.33,28.79,26.33,20.0,False,21285.15,0.012,2.343,-5.453,5232
MANGLMCEM,1023.45,918.0,816.2,,,,False,55676.4,0.025,4.306,,5979
MANINDS,587.9,507.55,480.15,,,,False,169972.15,0.075,4.974,,5209
MANINFRA,107.34,95.52,95.52,,,,False,819615.4,0.031,5.718,,4049
MANKIND,2642.0,2440.3,2275.6001,2642.0,2440.3,20.0,False,355641.3,0.665,2.754,-6.669,801
MANOMAY,211.99,165.0,165.0,,,,False,79289.0,0.021,5.924,,872
MANORAMA,1674.0,1501.1,1373.0,,,,False,136091.05,0.103,4.138,,1011
MANORG,581.4,476.05,435.15,,,,False,4285.45,0.18,3.901,,1175
MANUGRAPH,15.49,12.84,12.84,,,,False,10907.4,0.238,3.024,,4903
MANYAVAR,439.5,381.85,381.85,,,,False,305802.9,0.098,3.952,,1102
MAPMYINDIA,1231.95,924.05,805.0,,,,False,1083788.05,0.055,5.418,,1142
MARALOVER,62.4,50.05,50.05,,,,False,12459.55,0.977,3.893,,5979
MARATHON,434.35,376.2,376.2,,,,False,58614.95,0.018,4.952,,2433
MARC,131.5,83.0,69.1,,,,True,35220.0,0.784,7.437,,144
MARCO,35.3,28.05,28.05,,,,False,4050.0,0.0,7.224,,699
MARICO,889.1,829.9,794.85,,,,False,1675165.1,0.081,3.595,,7592
MARINE,289.0,241.0,230.0,,,,False,639472.45,0.108,3.922,,1920
MARINETRAN,14.15,13.5,13.5,,,,False,600.0,0.0,182.0,,652
MARKOLINES,189.5,160.23,160.14,,,,False,368997.5,0.016,4.385,,198
MARKSANS,281.6,239.65,213.97,,,,False,1748215.95,0.104,3.855,,5967
MARSONS,125.81,104.16,104.16,,,,False,1554919.15,0.044,4.504,,97
MARUTI,14598.0,13197.0,12700.0,,,,False,391719.4,0.163,5.291,,5717
MASFIN,334.0,306.5,290.1,334.0,306.5,20.0,False,122280.15,0.042,2.69,-3.847,2173
MASKINVEST,156.45,144.0,141.2,,,,False,149.95,0.447,3.412,,2420
MASON,134.0,109.0,101.2,,,,False,56425.0,0.142,4.353,,517
MASTEK,1945.7,1588.0,1542.0,,,,False,126821.6,0.328,5.251,,5984
MASTER,470.0,345.0,323.0,,,,False,2475.0,0.404,8.865,,697
MASTERTR,102.98,73.76,70.25,,,,False,3040010.35,0.012,10.328,,410
MATRIMONY,477.7,412.85,385.2,,,,False,15867.7,0.051,3.928,,2190
MAWANASUG,117.65,104.0,95.55,,,,False,68179.6,0.005,3.572,,4289
MAXESTATES,492.0,378.0,378.0,,,,False,169331.05,0.02,9.128,,681
MAXHEALTH,1167.9,1068.8,919.8,,,,False,1600323.35,0.038,4.625,,1474
MAXIND,189.13,153.5,151.0,,,,False,255286.2,0.033,3.83,,1467
MAXPOSURE,35.5,31.0,31.0,,,,False,6250.0,0.0,7.326,,621
MAYURUNIQ,898.05,759.1,705.85,,,,False,83993.5,0.067,4.298,,3415
MAZDA,275.38,210.0,195.16,,,,False,74873.4,0.001,7.016,,2412
MAZDOCK,2582.3999,2270.1001,2270.1001,,,,False,628790.4,0.587,7.46,,1439
MBAPL,167.95,109.75,104.09,,,,False,2185342.1,0.07,6.864,,2444
MBEL,344.6,287.45,265.0,,,,False,138739.55,0.031,5.238,,246
MBLINFRA,27.0,23.7,23.7,27.0,23.7,20.0,False,29147.05,0.011,2.677,-8.519,4089
MCL,56.88,51.15,51.15,,,,False,20905.45,0.191,3.256,,2320
MCLEODRUSS,58.26,50.11,50.11,58.26,50.11,20.0,False,155058.65,0.024,2.866,-10.917,5948
MCLOUD,32.58,26.37,21.85,,,,False,4755373.75,0.124,5.552,,367
MCON,46.2,40.4,37.3,,,,False,5350.0,0.935,6.037,,828
MCX,2942.1001,2577.5,2577.5,,,,False,2054429.75,0.12,4.953,,3553
MDL,78.1,64.5,49.9,,,,False,13250.0,0.151,12.284,,2061
MEDANTA,1438.0,1295.9,1153.0,,,,False,194011.35,0.765,3.772,,916
MEDIASSIST,377.7,334.55,334.55,,,,False,107340.55,0.05,4.472,,625
MEDICAMEQ,263.0,230.1,212.4,,,,False,15408.1,0.002,3.745,,1179
MEDICO,48.7,37.5,36.55,,,,False,162395.0,0.047,4.908,,1036
MEDIORG,26.5,22.1,19.1,,,,False,14400.0,0.417,6.519,,518
MEDPLUS,830.25,653.0,653.0,,,,False,286441.95,0.017,6.551,,1139
MEESHO,195.92,173.5,160.52,,,,False,10835148.9,0.046,3.414,,161
MEGAFLEX,108.95,99.75,99.75,,,,False,550.0,0.0,14.077,,953
MEGASTAR,392.0,317.0,270.0,,,,False,35829.55,0.002,4.737,,1102
MEGATHERM,235.0,206.0,189.1,,,,False,11540.0,1.075,3.431,,613
MEIL,315.9,275.05,275.05,,,,False,23537.05,0.12,3.346,,231
MENNPIS,81.8,68.0,52.35,,,,False,137439.0,0.03,3.861,,72
MENONBE,231.6,156.0,136.29,,,,False,108246.5,0.02,5.951,,2817
MEP,0.69,0.51,0.51,,,,False,199590.55,0.025,10.957,,2779
MERCANTILE,26.99,23.25,22.2,26.99,23.25,20.0,False,7626.2,0.013,2.382,-11.967,72
MERCURYEV,38.49,33.75,30.16,38.49,33.75,20.0,False,147460.95,0.041,2.638,-7.508,44
METROBRAND,1095.0,1006.2,975.0,,,,False,44101.4,0.027,3.084,,1140
METROGLOBL,159.79,125.5,120.11,,,,False,7358.4,0.256,5.654,,71
METROPOLIS,609.05,540.05,513.15,,,,False,297363.8,0.128,3.484,,1806
MFML,20.74,17.3,17.3,20.74,17.3,20.0,False,5865.2,0.027,2.655,-10.608,480
MFSL,1662.0,1484.8,1484.8,,,,False,717170.8,0.044,4.968,,7676
MGEL,17.39,15.23,12.82,17.39,15.23,20.0,False,106500.95,0.059,2.902,-10.351,1646
MGL,1179.0,1064.4,1044.0,,,,False,274866.55,1.083,3.436,,2492
MHHL,37.0,30.6,29.2,,,,False,3975.0,1.132,7.255,,1998
MHLXMIRU,145.0,133.19,105.53,,,,False,19828.25,0.549,3.558,,1114
MHRIL,237.29,207.9,207.9,,,,False,175381.1,0.025,4.181,,4209
MICEL,39.88,35.29,35.29,,,,False,188298.15,0.117,3.558,,4733
MICROPRO,20.5,17.2,17.2,,,,False,3280.0,0.0,4.995,,669
MIDHANI,441.8,386.6,386.6,,,,False,433313.6,0.045,5.759,,2060
MIDWESTLTD,1405.0,1195.0,1182.0,,,,False,14368.05,0.122,6.213,,192
MILTON,39.95,31.8,31.8,,,,False,1210.0,3.636,10.516,,2169
MINDACORP,714.75,650.0,577.0,,,,False,239717.4,0.326,3.314,,3546
MINDTECK,215.77,189.7,189.7,,,,False,75115.05,0.038,4.012,,2471
MIRZAINT,41.9,32.73,28.57,,,,False,721837.1,0.197,5.908,,5983
MITCON,80.9,69.0,69.0,80.9,69.0,20.0,False,1891.4,0.026,2.753,-7.54,2316
MITTAL,0.98,0.85,0.85,,,,False,388022.35,0.111,3.714,,2050
MKPL,4.95,4.05,4.05,,,,False,173260.05,0.006,5.294,,2226
MMFL,565.0,486.3,431.1,,,,False,122914.05,0.018,4.253,,4839
MMP,299.5,263.0,250.3,,,,True,41370.4,0.51,3.601,,2041
MMTC,67.39,59.9,59.9,,,,False,1560792.4,0.115,6.107,,4092
MMWL,14.88,12.87,12.13,14.88,12.87,20.0,False,26766.4,0.014,2.608,-8.938,73
MOBIKWIK,238.8,196.8,188.0,,,,False,1878569.05,0.07,5.438,,404
MODINATUR,442.4,387.0,386.0,,,,False,4550.45,0.007,3.036,,158
MODIRUBBER,135.6,115.5,115.5,,,,False,1965.4,0.127,3.774,,2003
MODIS,429.05,335.1,321.1,,,,False,110453.85,0.015,5.059,,177
MODISONLTD,311.75,248.5,209.28,,,,False,55202.15,0.011,4.941,,1301
MODTHREAD,52.5,43.21,42.24,,,,False,1429.05,0.036,3.002,,606
MOHITIND,25.0,22.05,20.7,25.0,22.05,20.0,False,6341.9,0.36,2.374,-9.52,3298
MOIL,304.5,257.9,257.9,,,,False,2074528.2,0.354,5.934,,3857
MOKSH,12.14,10.05,10.05,,,,False,115423.7,0.082,4.735,,2117
MOL,60.29,45.66,45.66,,,,False,2374215.5,0.143,5.189,,1227
MOLDTECH,159.9,122.38,115.1,,,,False,79849.3,0.209,4.835,,2488
MOLDTKPAC,744.95,641.35,641.35,,,,False,118885.5,0.108,3.331,,2826
MONARCH,403.8,336.15,320.2,,,,False,380026.15,0.025,4.878,,1130
MONEYBOXX,65.02,54.48,52.05,65.02,54.48,20.0,False,17434.0,0.598,2.793,-10.797,197
MONOPHARMA,11.2,10.0,10.0,,,,False,3100.0,9.032,7.636,,713
MONTECARLO,569.75,523.0,517.2,,,,False,35458.55,0.161,4.35,,2868
MORARJEE,12.41,8.36,6.65,,,,False,11738.35,0.0,10.519,,4600
MOREPENLAB,64.58,51.38,41.38,,,,False,7919219.4,0.063,5.263,,7676
MOS,16.0,10.85,10.85,,,,False,472600.0,0.102,7.174,,811
MOSCHIP,255.78,201.4,198.61,,,,False,6214920.9,0.113,4.545,,369
MOTHERSON,149.5,136.71,134.65,,,,False,14858412.1,0.08,3.742,,5982
MOTILALOFS,989.75,835.1,812.25,,,,False,1408247.0,0.091,5.45,,4660
MOTISONS,15.56,13.21,11.25,,,,False,35708143.15,0.023,3.803,,645
MOTOGENFIN,29.5,26.52,24.52,,,,False,3295.6,0.001,3.593,,5967
MOXSH,121.75,100.0,100.0,,,,False,5040.0,0.317,8.663,,883
MPHASIS,2472.0,2192.1001,2121.1001,,,,False,686739.9,0.166,3.189,,5981
MPSLTD,2800.0,1920.0,1740.0,,,,False,166220.15,0.017,6.434,,5979
MRF,138990.0,129550.0,122000.0,,,,False,5333.15,0.067,5.07,,5980
MRPL,183.0,144.3,143.5,,,,False,24371378.7,0.045,4.338,,7676
MSPL,43.16,34.11,34.11,,,,False,571859.6,0.443,6.097,,5191
MSTCLTD,743.9,579.5,427.5,,,,False,430528.9,0.05,6.095,,1816
MSUMI,42.0,38.75,36.32,,,,False,7973749.1,0.043,3.411,,1077
MTARTECH,7225.0,5194.0,5194.0,,,,False,211387.85,0.125,6.424,,1333
MTEDUCARE,2.2,1.71,1.5,,,,False,33594.85,0.001,3.554,,3529
MTNL,31.5,26.27,26.27,,,,False,920608.15,0.06,6.761,,7677
MUFIN,135.7,122.05,117.15,,,,False,752423.5,0.042,4.039,,678
MUFTI,89.78,79.6,79.6,,,,False,62225.45,0.013,3.894,,643
MUKANDLTD,148.49,129.01,129.01,,,,False,179200.05,0.029,4.108,,5982
MUKKA,25.0,21.5,21.0,,,,False,202571.45,0.059,4.107,,594
MUKTAARTS,61.38,49.0,49.0,,,,False,4254.9,0.0,4.264,,5980
MUNJALAU,114.99,97.61,85.42,,,,False,2859334.65,0.014,5.078,,5676
MUNJALSHOW,140.0,129.3,126.1,,,,False,45377.6,0.286,3.678,,5981
MURUDCERA,32.6,29.3,29.3,,,,False,17482.95,0.013,3.199,,5483
MUTHOOTCAP,244.49,212.01,190.62,,,,False,23676.05,0.149,3.185,,2701
MUTHOOTFIN,3169.0,2925.1001,2822.6001,,,,False,768938.15,0.178,3.308,,3761
MUTHOOTMF,262.77,205.0,171.8,,,,False,1599037.85,0.01,5.602,,643
MVGJL,178.71,146.21,141.35,,,,False,87244.7,0.182,4.566,,699
MVKAGRO,424.0,357.0,357.0,,,,False,27750.0,9.286,3.985,,590
MWL,41.95,34.5,34.5,,,,False,901727.35,0.027,6.117,,995
NACLIND,245.0,184.01,150.0,,,,False,2086483.25,0.038,4.593,,2304
NAGAFERT,3.19,2.62,2.62,,,,False,49527.35,0.0,19.0,,5947
NAGREEKCAP,24.98,22.0,22.0,24.98,22.0,20.0,False,4145.05,0.096,2.28,-8.927,5082
NAGREEKEXP,26.49,20.1,20.1,,,,False,13165.8,0.4,4.396,,5084
NAHARCAP,257.0,240.0,240.0,257.0,240.0,20.0,False,1546.05,0.259,2.456,-2.724,4533
NAHARINDUS,120.45,112.5,110.0,120.45,112.5,20.0,False,8280.3,0.918,2.567,-6.019,5089
NAHARPOLY,289.5,242.2,236.65,,,,False,21615.35,0.152,4.088,,5982
NAHARSPING,285.0,258.0,243.05,,,,False,11698.9,0.075,3.175,,5983
NAMAN,49.95,43.0,43.0,,,,False,4600.0,0.696,4.927,,576
NARMADA,40.04,15.78,15.78,,,,False,2154314.7,0.33,7.949,,2035
NATCAPSUQ,160.0,137.25,137.25,,,,False,9907.15,0.382,3.673,,359
NATCOPHARM,997.3,911.6,839.0,,,,False,482197.9,0.033,4.062,,7677
NATHBIOGEN,170.0,151.32,151.32,,,,False,14496.3,0.042,3.166,,3086
NATIONALUM,368.5,332.0,331.4,,,,False,6283413.25,0.218,3.955,,6809
NATIONSTD,955.8,247.9,247.9,,,,False,48806.0,0.014,38.176,,71
NAUKRI,1268.9,1012.8,908.3,,,,False,3122908.65,0.038,7.623,,4860
NAVA,628.2,547.0,547.0,,,,False,207949.45,0.06,5.514,,5981
NAVINFLUOR,7936.0,7289.0,6786.0,,,,False,113445.85,0.285,3.24,,4730
NAVKARCORP,120.95,98.07,93.41,,,,False,1245704.35,0.028,4.124,,2690
NAVKARURB,1.21,0.89,0.81,,,,False,1062578.9,0.03,4.267,,381
NAVNETEDUL,156.0,136.5,136.5,,,,False,222609.1,0.06,4.16,,5984
NAZARA,315.0,293.5,264.4,315.0,293.5,20.0,False,2032350.5,0.028,2.977,-2.492,1323
NBCC,103.01,91.35,91.35,,,,False,7880405.95,0.193,5.742,,3531
NBIFIN,2453.0,1852.0,1607.0,,,,False,6956.15,0.006,5.567,,2386
NCC,152.8,134.1,134.1,,,,False,1429744.2,0.079,5.7,,5952
NCLIND,190.91,177.51,168.09,,,,False,37556.2,0.05,3.249,,4770
NDGL,3200.0,2526.2,2400.0,,,,False,407.7,0.017,5.065,,2449
NDL,2.46,2.26,2.26,,,,False,689462.3,0.036,3.146,,5081
NDLVENTURE,137.69,120.1,119.08,,,,False,12175.1,0.033,4.979,,5980
NDRAUTO,920.0,785.5,771.9,,,,False,18663.75,0.06,4.496,,1489
NDTV,86.85,74.63,74.63,,,,False,386894.3,0.009,6.09,,5491
NEAGI,3254.5,3025.1001,3025.1001,3254.5,3025.1001,20.0,False,20.65,1.889,2.536,-3.444,47
NECCLTD,16.86,14.85,14.8,,,,False,30592.0,0.013,4.003,,2573
NECLIFE,11.94,9.98,9.98,,,,False,92194.25,0.16,5.129,,5193
NELCAST,149.2,113.5,113.5,,,,False,608711.25,0.021,4.99,,4712
NELCO,980.9,841.2,670.0,,,,False,240988.35,0.626,3.17,,5981
NEOGEN,2374.0,1920.0,1683.1,,,,False,143959.05,0.462,3.882,,1793
NEPHROCARE,73.75,60.0,60.0,,,,False,12820.0,1.061,4.118,,513
NEPHROPLUS,711.9,618.0,596.0,,,,False,200290.5,0.042,3.96,,155
NESCO,1180.8,1001.6,1001.6,,,,False,69308.55,0.016,6.302,,4515
NESTLEIND,1532.6,1405.1,1368.1,,,,False,2278921.2,0.085,3.769,,5954
NETWEB,4544.0,4115.0,3792.8999,4544.0,4115.0,20.0,False,817898.4,1.067,2.596,-0.926,746
NETWORK18,33.19,27.78,27.78,,,,False,3209753.25,0.101,6.911,,5954
NEUEON,17.49,11.71,11.71,,,,False,69938.4,0.0,8.527,,4390
NEULANDLAB,20089.0,18055.0,16401.0,,,,False,31721.05,0.081,3.683,,4391
NEWGEN,607.0,461.25,432.9,,,,False,6412096.95,0.046,4.403,,2103
NEWJAISA,19.25,14.25,14.0,,,,False,9600.0,6.094,12.5,,694
NEXTMEDIA,4.25,3.71,3.67,4.25,3.71,20.0,False,8291.85,0.003,2.326,-5.412,5979
NFL,76.14,69.1,69.1,,,,False,537610.2,0.126,6.148,,4834
NGIL,43.5,35.71,35.65,,,,False,22113.8,0.466,3.832,,1224
NGLFINE,3349.0,2953.7,2550.0,3349.0,2953.7,20.0,False,7942.75,0.048,2.97,-2.532,1006
NH,2092.8999,1952.0,1833.6,,,,False,191231.1,0.055,3.356,,2613
NHPC,83.0,77.25,71.62,,,,False,13159035.1,0.043,3.729,,4176
NIACL,189.5,161.76,145.5,,,,False,859436.05,0.104,5.966,,2156
NIBE,1688.2,1323.8,1323.8,,,,False,75104.35,0.095,5.828,,367
NIBL,38.1,29.5,28.91,,,,False,62119.9,0.032,4.401,,3281
NIDAN,14.55,12.5,11.5,,,,False,2900.0,0.0,5.979,,1154
NIITLTD,111.1,89.81,66.12,,,,False,1126099.05,0.025,5.357,,6113
NIITMTS,272.5,225.03,203.3,,,,False,770091.7,0.008,4.927,,735
NILAINFRA,7.9,7.0,7.0,,,,False,141753.4,0.019,3.853,,2769
NILASPACES,12.98,11.5,11.5,,,,False,232722.95,0.027,3.693,,1878
NILE,2018.9,1710.0,1650.0,,,,False,4386.2,0.029,3.984,,72
NILKAMAL,1983.5,1277.2,1243.1,,,,False,229627.3,0.071,6.158,,6890
NIMBSPROJ,211.0,181.0,181.0,,,,False,1592.3,0.705,3.236,,82
NINSYS,935.0,804.4,631.0,,,,False,4225.45,0.012,3.586,,850
NIPPOBATRY,360.1,320.5,320.5,,,,False,2551.35,0.025,3.607,,5979
NIRAJ,30.34,28.01,27.5,30.34,28.01,20.0,False,21389.4,0.035,2.099,-6.394,1444
NIRAJISPAT,209.4,181.0,181.0,,,,False,92.25,0.184,5.039,,590
NIRLON,657.0,604.6,582.15,,,,False,8889.15,0.006,3.469,,71
NIRMAN,47.65,38.0,38.0,,,,False,31935.0,0.517,3.336,,822
NITCO,117.62,99.8,89.0,,,,False,533816.95,0.076,3.946,,5026
NITINSPIN,574.45,518.45,480.65,,,,False,63268.5,0.104,3.438,,5057
NITIRAJ,227.89,176.05,168.0,,,,False,6582.75,0.517,3.403,,2316
NITTAGELA,2087.2,1732.0,1299.9,,,,False,17833.5,0.108,4.14,,72
NIVABUPA,91.4,83.35,80.69,,,,False,1795067.4,2.639,3.491,,425
NKIND,70.0,54.64,54.64,,,,False,567.55,1.686,3.398,,2552
NLCINDIA,315.4,279.9,279.9,,,,False,2189081.3,0.104,4.977,,6466
NMDC,86.45,81.77,81.77,86.45,81.77,20.0,False,15491953.85,0.069,2.999,-1.747,4540
NOCIL,185.03,158.8,154.31,,,,False,350478.65,0.143,4.969,,5981
NOIDATOLL,4.92,4.21,4.21,4.92,4.21,20.0,False,90766.45,0.178,2.994,-11.585,5866
NORBTEAEXP,74.75,64.3,64.3,,,,False,1818.75,0.027,3.01,,5979
NORTHARC,334.0,278.6,273.1,,,,False,924937.25,0.104,4.802,,462
NOVAAGRI,26.5,21.7,21.7,,,,False,52988.45,0.051,4.97,,619
NOVARTIND,1780.0,1440.0,1272.1,,,,False,59081.8,0.013,3.671,,862
NPST,1785.0,1489.1,932.8,,,,False,36846.4,0.02,4.706,,1205
NRAIL,534.4,401.2,401.2,,,,False,13177.8,0.012,4.939,,2306
NRBBEARING,443.1,382.4,349.45,,,,False,291140.85,0.084,3.984,,5983
NRL,114.0,89.9,51.1,,,,False,129030.45,0.408,5.528,,1129
NSIL,5687.0,5261.0,5261.0,,,,False,1720.95,0.006,3.739,,5983
NSLNISP,44.5,40.66,40.66,,,,False,2443042.5,0.099,4.35,,852
NTPC,359.4,340.25,340.25,,,,False,9375514.75,0.023,3.648,,5370
NTPCGREEN,99.6,90.0,90.0,,,,False,9298476.4,0.043,3.74,,419
NUCLEUS,792.0,682.0,682.0,,,,False,36506.9,1.248,4.885,,5857
NURECA,331.89,224.02,224.02,,,,False,81621.4,0.016,5.611,,1343
NUVAMA,2066.0,1757.0,1480.1,,,,False,524628.1,0.064,3.94,,705
NUVOCO,398.0,307.8,300.2,,,,False,4558581.75,0.007,4.981,,1225
NYKAA,338.0,311.0,257.8,,,,True,5930521.8,0.166,3.946,,1171
OAL,400.0,309.9,301.0,,,,False,45681.55,0.487,4.124,,1563
OBCL,57.99,51.35,49.0,,,,False,6986.55,0.054,3.99,,1067
OBEROIRLTY,1986.1,1785.6,1575.1,,,,False,518590.5,0.031,4.805,,3894
OCCLLTD,166.02,117.8,110.0,,,,True,84610.95,0.246,6.476,,435
ODIGMA,25.7,22.12,20.0,,,,False,10707.55,0.123,5.114,,406
OFSS,11979.0,9937.0,9050.0,,,,False,453253.45,0.109,4.379,,5983
OIL,465.0,419.05,404.1,,,,False,3207019.6,0.028,3.819,,4157
OILCOUNTUB,61.83,51.49,51.49,,,,False,30072.45,0.043,3.643,,5980
OLAELEC,44.31,36.16,36.16,,,,False,49886707.5,0.085,5.872,,493
OLECTRA,1505.7,1297.2,1166.4,,,,False,344773.7,0.107,6.713,,5981
OLIL,434.0,411.0,403.75,434.0,411.0,20.0,False,4460.0,0.359,2.452,-1.382,691
OMAXAUTO,255.0,180.0,180.0,,,,False,59097.6,0.227,6.25,,5810
OMAXE,101.0,79.3,72.55,,,,False,2584482.15,0.004,5.802,,4681
OMFREIGHT,105.49,87.5,76.3,,,,False,13007.45,0.018,5.237,,203
OMFURN,62.35,53.0,52.6,,,,True,16320.0,0.809,8.391,,2169
OMINFRAL,97.84,85.53,78.79,97.84,85.53,20.0,False,265244.8,0.042,2.732,-10.119,3730
OMNI,630.4,482.6,408.3,,,,False,311435.35,0.092,5.959,,103
OMPOWER,181.45,158.4,158.4,,,,False,126734.05,0.162,5.247,,76
ONDOOR,275.0,187.2,155.3,,,,True,18315.0,3.751,4.887,,676
ONELIFECAP,40.1,35.1,24.91,40.1,35.1,20.0,False,44067.35,0.012,2.593,-8.254,3648
ONEPOINT,59.48,51.78,51.78,,,,False,910468.9,0.123,4.597,,2125
ONESOURCE,1755.2,1506.1,1506.1,,,,False,330172.15,0.069,3.966,,378
ONGC,254.2,236.09,227.65,,,,False,12218657.15,0.063,4.487,,7676
ONIDA,45.8,36.54,35.0,,,,False,299561.25,0.119,6.021,,5982
ONMOBILE,79.3,58.0,48.06,,,,False,181044.35,0.011,8.412,,4549
ONWARDTEC,308.85,269.35,245.0,308.85,269.35,20.0,False,392724.05,0.022,2.547,-5.326,5979
OPTIEMUS,630.4,512.1,384.55,,,,False,279662.2,0.054,5.13,,2220
ORBTEXP,253.0,216.0,157.85,,,,False,11244.35,0.037,3.58,,3143
ORCHASP,1.98,1.47,1.47,,,,False,362903.0,0.238,3.88,,366
ORCHPHARMA,1119.8,916.75,692.05,,,,False,324149.15,0.009,4.499,,5980
ORIANA,1620.0,1353.15,1353.15,,,,False,40601.25,2.028,6.286,,731
ORICONENT,60.5,52.11,52.11,,,,False,49901.8,0.03,3.458,,2722
ORIENTALTL,5.85,5.2,5.2,5.85,5.2,20.0,False,80902.6,0.494,2.935,-10.598,4787
ORIENTBELL,332.0,305.6,305.6,332.0,305.6,20.0,False,6305.65,0.002,2.812,-2.756,4802
ORIENTCEM,143.99,130.62,129.07,,,,False,256229.5,0.082,3.954,,3220
ORIENTCER,43.73,39.5,37.11,43.73,39.5,20.0,False,66175.7,0.044,2.923,-8.004,5090
ORIENTELEC,193.95,168.0,168.0,,,,False,1435311.35,0.027,3.649,,2033
ORIENTHOT,148.8,124.45,94.4,,,,False,1190283.0,0.006,3.005,,5981
ORIENTLTD,102.3,67.01,57.1,,,,False,47667.35,0.021,6.174,,5982
ORIENTPPR,18.8,16.4,16.4,,,,False,241267.45,0.214,3.613,,5983
ORIENTTECH,303.4,245.5,242.1,,,,False,1821749.9,0.014,3.854,,481
ORISSAMINE,4200.0,3551.0,3551.0,,,,False,13445.65,0.019,5.003,,3910
ORKLAINDIA,609.3,553.55,553.55,,,,False,56101.45,0.083,4.094,,185
ORTEL,1.86,1.52,1.47,1.86,1.52,20.0,False,10640.8,0.001,2.975,-8.065,2808
ORTINGLOBE,17.6,14.0,14.0,,,,False,15510.55,0.214,3.383,,2699
OSIAHYPER,3.35,2.85,2.83,,,,False,296732.4,0.143,3.59,,1800
OSWALAGRO,42.96,36.55,36.55,,,,False,25558.55,0.07,4.193,,1947
OSWALGREEN,22.91,19.8,19.8,,,,False,271739.65,0.877,3.314,,5981
OSWALPUMPS,444.3,331.1,331.1,,,,False,673026.7,0.084,8.407,,279
OSWALSEEDS,11.4,9.9,9.9,,,,False,46832.5,0.15,3.42,,1994
OWAIS,120.2,95.0,89.45,,,,False,10480.0,1.279,5.44,,594
PACEDIGITK,219.94,191.21,178.0,,,,False,1483004.3,0.112,4.264,,206
PAGEIND,42810.0,39250.0,36585.0,,,,False,30643.35,0.031,4.48,,4780
PAISALO,77.39,67.15,48.61,,,,False,17914498.05,0.027,3.082,,4231
PAKKA,79.99,69.1,69.1,,,,False,57648.0,0.021,4.219,,757
PALASHSECU,98.9,84.5,84.5,,,,False,2061.15,0.131,4.586,,2226
PALREDTEC,59.91,42.6,41.99,,,,False,1379.0,2.207,10.131,,5534
PANACEABIO,576.9,406.4,391.0,,,,False,227697.3,0.135,6.977,,5984
PANACHE,459.0,402.4,331.7,459.0,402.4,20.0,False,13287.2,0.001,2.379,-5.479,2288
PANAMAPET,518.5,407.15,295.8,,,,False,291421.45,0.084,4.856,,3658
PANSARI,388.9,317.0,260.95,,,,False,51548.6,0.016,4.022,,2312
PAR,111.7,87.61,82.9,,,,False,40979.0,0.019,3.438,,1775
PARACABLES,74.34,59.5,57.82,,,,False,1248193.8,0.19,6.464,,4831
PARADEEP,159.5,132.9,120.49,,,,False,12541288.35,0.32,4.603,,1036
PARAGMILK,240.77,210.1,210.1,,,,False,287581.8,0.123,4.935,,2524
PARAGON,50.95,46.0,44.1,,,,False,6660.0,1.081,6.632,,675
PARAS,1415.0,1152.4,805.7,,,,False,1401127.15,0.192,6.622,,1197
PARASPETRO,2.62,1.96,1.83,,,,False,297463.45,0.036,4.788,,5955
PARIN,748.0,660.0,590.0,748.0,660.0,20.0,False,7212.5,0.069,2.817,-2.54,1912
PARKHOSPS,296.65,269.0,251.0,296.65,269.0,20.0,False,795847.8,0.192,2.878,-4.045,156
PARKHOTELS,134.79,119.6,111.59,,,,False,175584.3,0.062,3.949,,613
PARSVNATH,2.51,1.8,1.8,,,,False,124066.75,0.06,19.88,,4853
PARTYCRUS,99.8,76.0,76.0,,,,False,7700.0,0.13,11.529,,1323
PASHUPATI,91.09,85.5,85.5,91.09,85.5,20.0,False,31647.35,0.047,2.466,-4.6,2197
PASUPTAC,63.99,56.3,56.3,,,,False,63588.8,0.009,3.302,,1189
PATANJALI,417.5,328.2,328.2,,,,False,8883969.25,0.041,6.021,,5981
PATELENG,34.19,26.91,25.63,,,,False,4127393.05,0.081,7.429,,5293
PATELRMART,246.78,212.01,177.2,,,,False,194796.5,0.122,4.721,,233
PATINTLOG,16.24,13.61,11.95,,,,False,64397.35,0.024,4.794,,4574
PAUSHAKLTD,688.0,523.1,428.0,,,,True,37189.5,4.735,5.195,,167
PAVNAIND,19.9,15.61,15.61,,,,False,85100.15,0.027,3.988,,1325
PAYTM,1407.0,1196.3,1014.0,,,,False,3510300.2,0.053,4.918,,1165
PCBL,374.0,295.0,275.7,,,,False,3046706.9,0.581,4.694,,5981
PCCL,282.9,239.0,230.0,,,,True,5900.0,2.441,6.409,,516
PCJEWELLER,10.95,8.94,8.43,,,,False,378239343.35,0.064,4.517,,3357
PDMJEPAPER,101.2,81.5,78.17,,,,False,197403.35,0.097,4.812,,2556
PDSL,418.5,340.35,288.85,,,,False,677531.35,0.015,4.902,,2908
PEARLPOLY,18.83,16.4,16.4,18.83,16.4,20.0,False,3974.3,0.005,2.545,-8.232,5982
PENIND,185.0,160.0,145.56,,,,False,445305.5,0.055,4.701,,3870
PENINLAND,19.25,14.7,14.35,,,,False,133038.3,0.542,10.358,,5983
PENTAGON,57.0,49.15,49.15,,,,False,2400.0,1.25,4.874,,756
PERFECT,8.1,8.1,8.1,,,,True,0.0,,,,2630
PERSISTENT,5698.0,4650.7998,4244.5,,,,False,665567.35,0.305,6.185,,4034
PETRONET,282.8,267.35,261.15,282.8,267.35,20.0,False,1984314.05,0.028,2.722,-1.892,5530
PFC,431.4,399.0,399.0,,,,False,5273049.3,0.048,3.96,,4797
PFIZER,4839.5,4502.6001,4360.1001,,,,False,29916.5,0.057,3.359,,5980
PFOCUS,311.0,229.02,202.54,,,,False,768083.4,0.096,5.772,,4965
PFS,31.4,27.37,27.37,,,,False,427581.2,0.071,6.186,,3785
PGEL,631.0,555.55,457.0,,,,False,2136303.2,0.087,3.646,,3663
PGHH,9070.0,8419.0,8419.0,,,,False,19822.5,0.084,4.136,,5951
PGHL,6975.0,6202.5,5560.5,,,,False,19643.45,0.027,5.398,,5979
PGIL,2144.2,1901.3,1595.1,,,,False,76603.1,0.101,3.262,,4801
PGINVIT,102.0,93.89,91.8,,,,False,1841043.1,1.207,10.004,,1292
PHANTOMFX,197.9,168.0,165.0,,,,False,13065.0,0.321,3.535,,930
PHOENIXLTD,2169.8,1877.3,1675.0,,,,False,898828.85,0.048,5.954,,4756
PICCADIL,799.2,638.35,558.15,,,,False,279885.85,0.044,6.242,,271
PIDILITIND,1637.9,1537.1,1430.0,,,,False,977634.05,0.052,3.103,,5981
PIGL,119.99,100.6,88.05,,,,False,75305.5,0.087,3.896,,2035
PIIND,2783.0,2527.0,2527.0,,,,False,184867.7,0.043,4.569,,3733
PILANIINVS,4520.0,4230.0,4168.1001,,,,False,1242.3,0.022,3.736,,3641
PILITA,9.37,8.26,7.72,9.37,8.26,20.0,False,65305.5,0.883,2.616,-5.656,5948
PINELABS,163.99,138.29,134.73,,,,False,14764326.7,0.126,4.25,,179
PIONEEREMB,27.35,21.4,21.4,,,,False,22070.25,0.007,4.361,,4990
PIONRINV,112.42,77.01,77.01,,,,False,24445.6,0.0,4.983,,72
PIRAMALFIN,2218.8999,1970.5,1886.0,,,,False,330919.25,0.057,3.741,,184
PITTIENG,980.15,900.0,899.7,,,,False,31387.6,0.035,3.157,,4809
PIXTRANS,1937.9,1676.6,1464.0,,,,False,21223.7,0.051,4.351,,1054
PKTEA,816.0,605.0,605.0,,,,False,411.3,0.005,9.25,,3972
PLADAINFO,12.0,10.45,10.45,,,,False,1500.0,0.0,7.891,,690
PLASTIBLEN,216.29,168.1,163.98,,,,False,169707.1,0.021,5.684,,4834
PLATIND,255.85,222.5,207.02,,,,False,130638.0,0.059,4.257,,597
PLAZACABLE,46.9,40.55,40.55,,,,False,15127.95,0.052,4.377,,693
PML,540.55,451.55,451.55,,,,False,657.5,0.126,4.91,,71
PNB,113.38,100.45,100.45,,,,False,19870224.6,0.061,6.58,,5983
PNBGILTS,92.48,82.26,75.91,,,,False,522935.8,0.095,3.627,,5984
PNBHOUSING,1132.7,1024.2,950.0,,,,False,796094.9,0.167,3.886,,2409
PNC,21.99,18.9,18.01,21.99,18.9,20.0,False,19013.5,0.065,2.777,-13.324,5979
PNCINFRA,258.0,229.53,196.15,,,,False,464855.85,0.041,3.375,,2766
PNGJL,717.0,562.05,520.0,,,,False,838239.05,0.098,5.85,,467
PNGSREVA,478.9,391.85,363.1,,,,False,330704.0,0.072,3.879,,104
POCL,612.04,510.0,470.88,,,,False,571774.1,0.227,4.809,,3906
PODDARMENT,280.0,221.7,221.7,,,,False,11194.15,0.007,4.139,,2397
POKARNA,1069.0,905.4,780.8,,,,False,46884.25,0.073,5.014,,2490
POLICYBZR,1622.0,1502.1,1478.3,,,,False,1715753.3,0.028,3.054,,1167
POLYCAB,9632.5,8791.0,8791.0,,,,False,364851.3,0.175,3.623,,1805
POLYMED,1775.0,1605.6,1300.0,,,,False,75373.7,0.1,3.072,,3617
POLYPLEX,1174.0,1000.0,884.9,,,,False,103779.4,0.028,5.187,,5981
POLYSIL,137.0,104.0,104.0,,,,False,23200.0,0.0,4.79,,604
PONNIERODE,339.0,304.0,300.0,,,,False,15661.0,0.011,3.732,,5979
POONAWALLA,489.0,451.0,370.05,489.0,451.0,20.0,False,1427087.4,0.053,2.577,-1.462,5507
POWERGRID,290.95,278.9,278.4,290.95,278.9,20.0,False,7948708.05,0.047,2.518,-1.908,4643
POWERICA,598.7,521.7,433.2,,,,False,249190.0,0.043,3.885,,85
POWERINDIA,34215.0,30470.0,30400.0,,,,False,126342.1,0.412,3.18,,1572
POWERMECH,2730.0,2510.5,2450.0,2730.0,2510.5,20.0,False,57077.4,0.838,2.786,-5.377,2699
PPAP,379.5,243.31,205.0,,,,False,362621.95,0.005,7.953,,4574
PPL,293.4,250.1,189.91,,,,False,31175.7,0.197,3.059,,1765
PPLPHARMA,202.26,166.11,158.1,,,,False,7432347.1,0.135,4.822,,937
PRABHA,157.76,137.91,137.91,,,,False,25813.05,1.198,3.314,,340
PRADPME,577.0,481.1,378.1,,,,False,8515.1,0.277,3.871,,71
PRAENG,23.47,18.9,18.9,,,,False,85799.45,0.012,3.533,,4829
PRAJIND,367.85,300.8,300.8,,,,False,560529.65,0.059,7.729,,5981
PRAKASH,138.11,122.35,122.35,,,,False,348623.6,0.019,5.66,,5981
PRAKASHSTL,4.35,3.95,3.95,,,,False,78325.3,0.366,3.544,,3933
PRAMARA,142.0,120.75,117.65,,,,False,23650.0,1.48,3.996,,708
PRATHAM,126.0,111.0,100.0,,,,False,5400.0,1.704,4.094,,585
PRAVEG,313.0,221.15,210.4,,,,False,182998.95,0.04,5.48,,72
PRAXIS,8.2,6.3,6.3,,,,False,73126.85,0.019,5.086,,2100
PRECAM,154.09,133.0,133.0,,,,False,108327.45,0.158,5.021,,2591
PRECISION,8.35,6.2,6.2,,,,False,13800.0,0.435,5.902,,1100
PRECOT,876.75,721.4,642.05,,,,False,6116.65,0.851,3.648,,5167
PRECWIRE,404.95,352.3,352.3,,,,False,190249.75,0.115,4.211,,5981
PREMCO,386.05,357.0,355.0,386.05,357.0,20.0,False,379.5,0.021,2.6,-5.906,72
PREMEXPLN,799.0,653.25,596.8,,,,False,595367.7,0.028,10.871,,2503
PREMIER,3.12,2.77,2.77,3.12,2.77,20.0,False,7232.45,0.082,2.692,-10.897,6146
PREMIERENE,1134.0,977.4,977.0,,,,False,1282768.0,0.115,4.773,,477
PREMIERPOL,85.45,58.71,53.15,,,,False,722819.75,0.04,4.42,,3442
PRESSTONIC,29.6,24.0,24.0,,,,False,51920.0,0.817,4.226,,646
PRESTIGE,1741.5,1579.3,1311.0,,,,False,790743.4,0.12,3.198,,3890
PRICOLLTD,715.45,597.0,532.6,,,,True,540999.05,1.425,5.45,,5982
PRIMESECU,293.95,268.65,268.65,293.95,268.65,20.0,False,26342.5,0.326,2.505,-5.698,5981
PRIMO,26.17,21.96,21.25,,,,False,148030.35,0.25,3.932,,319
PRINCEPIPE,279.95,251.5,251.5,,,,False,117094.8,0.048,4.177,,1634
PRITI,40.98,35.0,35.0,,,,False,4448.4,0.732,3.403,,1990
PRITIKA,62.0,51.15,51.15,,,,False,13100.0,1.374,5.377,,898
PRITIKAUTO,20.17,16.0,13.21,,,,False,202205.7,0.028,4.697,,1232
PRIVISCL,3785.3,3491.0,3110.0,3785.3,3491.0,20.0,False,68852.35,0.176,2.919,-4.367,2777
PRIZOR,861.85,800.9,590.1,,,,False,11340.0,0.494,4.814,,503
PRLIND,51.5,43.2,43.2,,,,False,31800.0,1.509,4.812,,546
PROLIFE,79.55,71.25,57.0,,,,False,225.0,0.0,14.0,,2315
PROPEQUITY,250.0,211.2,192.5,,,,False,1980.0,0.606,7.138,,1057
PROSTARM,138.4,119.24,119.24,,,,False,124305.45,0.113,5.479,,291
PROTEAN,645.95,565.0,565.0,,,,False,269752.75,0.055,4.273,,368
PROV,1750.0,1515.0,1306.0,,,,False,472.0,0.169,7.222,,778
PROZONER,47.63,40.96,40.96,,,,False,159899.45,0.026,3.051,,3424
PRSMJOHNSN,116.7,103.08,103.08,,,,False,120139.9,0.099,5.002,,5979
PRUDENT,3239.8999,2762.0,2573.8999,,,,False,35642.05,0.07,3.719,,1040
PRUDMOULI,15.68,12.5,12.5,,,,False,5786.6,0.426,3.845,,643
PSB,25.29,22.88,22.88,,,,False,1457234.25,0.119,4.416,,3847
PSPPROJECT,1143.0,931.3,767.0,,,,False,167549.0,0.329,4.424,,2269
PTC,178.4,163.8,163.8,,,,False,599170.7,0.214,3.959,,5520
PTCIL,18599.0,16922.0,15930.0,,,,False,11937.85,0.026,4.265,,778
PTL,43.12,39.05,36.55,,,,False,42444.8,0.041,5.391,,4813
PULZ,26.0,23.0,21.95,,,,False,9700.0,0.619,5.714,,2142
PUNJABCHEM,1244.7,1046.0,919.6,,,,False,19010.5,0.172,4.584,,4785
PURVA,261.8,209.0,198.0,,,,False,939584.05,0.013,6.889,,4667
PURVFLEXI,53.0,42.1,42.1,,,,False,2960.0,0.27,8.454,,592
PVP,30.34,26.16,25.69,,,,False,306021.85,0.073,3.746,,7608
PVRINOX,1163.0,970.0,934.2,,,,False,481542.45,0.034,5.617,,5076
PVSL,112.25,90.61,89.0,,,,False,78769.95,0.012,4.568,,587
PWL,159.43,122.06,89.8,,,,False,14096863.0,0.034,6.423,,177
PYRAMID,198.69,157.98,157.98,,,,False,315423.55,0.011,4.709,,722
QFIL,62.8,58.0,39.9,,,,True,350.0,0.0,24.0,,826
QMSMEDI,118.7,101.52,80.25,118.7,101.52,20.0,False,20248.3,0.068,2.791,-3.715,941
QPOWER,1240.0,1060.6,1005.0,,,,False,86377.75,0.222,3.75,,356
QUADFUTURE,481.25,338.8,281.2,,,,False,340448.05,0.126,8.195,,386
QUADPRO,2.4,2.3,1.95,,,,True,3000.0,0.0,14.0,,1184
QUESS,332.95,284.35,203.2,,,,True,459535.45,1.704,4.341,,2487
QUESTLAB,100.0,86.0,86.0,100.0,86.0,20.0,False,44400.0,1.0,2.956,-5.0,543
QUICKHEAL,173.34,149.1,149.1,,,,False,49994.45,0.26,4.014,,2583
QUICKTOUCH,25.1,20.9,20.9,,,,False,3775.0,0.927,4.648,,802
QUINT,42.0,36.0,36.0,,,,False,1653.55,0.061,3.03,,71
QUINTEGRA,1.45,1.24,1.24,,,,False,5898.95,0.0,8.167,,5977
RACE,114.5,104.82,104.82,114.5,104.82,20.0,False,4633.7,0.586,2.317,-3.808,800
RACLGEAR,1435.0,1232.5,1201.0,,,,False,25746.3,0.123,3.32,,410
RADAAN,3.73,2.78,2.78,,,,False,58765.05,0.349,4.346,,5805
RADHIKAJWE,73.9,54.12,53.8,,,,True,2460563.5,0.572,4.885,,998
RADIANTCMS,39.8,36.02,36.02,,,,False,110966.5,0.035,3.161,,884
RADICO,4494.3999,3903.2,3410.1001,,,,False,482296.7,0.071,5.386,,5731
RADIOCITY,7.35,5.82,5.79,,,,False,104684.05,0.041,4.319,,2318
RADIOWALLA,29.95,22.8,22.8,,,,False,13360.0,0.359,9.142,,573
RAILTEL,314.0,279.3,279.3,,,,False,512404.2,0.529,5.187,,1343
RAIN,228.0,186.53,157.1,,,,False,5183118.9,0.159,4.52,,5954
RAINBOW,1538.3,1405.5,1311.0,,,,False,77283.8,0.781,3.366,,1048
RAJESHEXPO,102.31,84.0,72.63,,,,False,238798.65,0.009,5.245,,5984
RAJMET,3.76,3.1,3.1,,,,False,211729.95,0.144,4.219,,1921
RAJOOENG,59.09,49.0,49.0,,,,False,203750.6,0.041,4.591,,295
RAJPALAYAM,875.0,790.05,755.85,,,,False,1417.65,0.205,3.954,,76
RAJRATAN,544.0,450.55,405.05,,,,False,336037.6,0.049,3.28,,1537
RAJRILTD,23.2,19.92,19.56,,,,False,7954.65,0.398,4.948,,4828
RAJSREESUG,33.3,29.0,29.0,,,,False,31467.5,0.008,3.378,,5979
RAJTV,12.2,11.4,11.4,12.2,11.4,20.0,False,21567.95,0.002,2.162,-1.885,4781
RAJVIR,6.86,5.93,5.93,,,,False,421.05,0.0,21.0,,5145
RALLIS,247.89,214.85,214.85,,,,False,1572409.05,0.047,4.466,,5981
RAMANEWS,29.96,27.12,27.12,29.96,27.12,20.0,False,16302.8,0.466,2.339,-3.805,5981
RAMAPHO,138.9,120.48,118.05,,,,False,28129.8,0.214,3.463,,985
RAMASTEEL,4.77,4.09,4.09,,,,False,1728049.2,0.171,6.389,,2701
RAMBHAJO,222.0,161.6,161.6,,,,False,577720.75,0.023,5.347,,23
RAMCOCEM,959.8,901.65,838.3,,,,False,104727.75,0.078,3.003,,5981
RAMCOIND,382.2,326.0,274.75,,,,False,356906.6,0.011,5.247,,5982
RAMCOSYS,967.5,576.15,440.5,,,,False,1561649.75,0.046,7.836,,5950
RAMKY,420.0,367.0,367.0,,,,False,47327.45,0.07,6.079,,3901
RAMRAT,468.95,393.65,354.0,,,,False,198557.7,0.405,4.259,,990
RANASUG,12.7,11.52,11.52,,,,False,155758.55,0.009,4.501,,5293
RANEHOLDIN,1837.7,1692.2,1365.2,,,,False,13075.5,0.143,3.515,,5982
RATEGAIN,997.25,850.65,699.0,,,,False,326528.8,0.04,4.237,,1144
RATNAMANI,2715.0,2350.0,2350.0,,,,False,30736.9,0.023,5.527,,4995
RATNAVEER,207.79,172.63,158.56,,,,False,5412136.5,0.026,3.86,,714
RAYMOND,646.0,571.45,497.4,,,,False,536862.1,0.047,3.649,,7676
RAYMONDLSL,778.95,700.0,696.25,,,,False,96857.55,0.291,4.125,,475
RAYMONDREL,734.9,627.15,551.2,,,,False,626740.0,0.032,4.359,,272
RBA,76.5,63.57,63.57,,,,False,3189337.3,0.114,5.875,,1394
RBLBANK,383.45,347.85,333.0,,,,False,6850654.9,0.084,3.754,,2452
RBMINFRA,310.0,255.2,255.2,,,,False,28740.0,0.306,4.026,,879
RBS,81.9,72.0,72.0,81.9,72.0,20.0,False,18160.0,0.881,2.831,-1.893,563
RBZJEWEL,165.44,136.1,119.81,,,,False,167761.15,0.027,4.233,,642
RCDL,27.5,23.55,21.0,,,,True,5250.0,2.286,5.502,,678
RCF,137.16,121.62,121.62,,,,False,1191615.3,0.112,6.223,,5981
RCOM,0.91,0.81,0.81,,,,False,2155611.5,0.113,4.828,,5949
RECLTD,378.7,345.7,321.0,,,,False,4595056.05,0.084,4.254,,4534
REDINGTON,338.5,255.7,221.01,,,,False,5083311.9,0.51,6.775,,4802
REDTAPE,143.8,125.0,125.0,,,,False,355344.95,0.09,4.705,,735
REFEX,359.85,291.7,280.55,,,,False,726611.15,0.223,4.385,,4114
REFRACTORY,30.35,24.85,24.85,,,,False,10600.0,0.0,4.477,,550
REGAAL,85.8,75.0,75.0,,,,False,74405.55,0.074,3.5,,236
REGENCERAM,42.49,30.5,30.5,,,,False,5804.3,0.034,4.651,,5981
RELAXO,454.7,363.7,294.9,,,,False,2847525.5,0.011,4.104,,3730
RELCHEMQ,136.9,122.01,118.0,,,,False,3126.25,0.02,3.026,,1037
RELIABLE,155.0,132.0,127.92,,,,False,18434.8,0.967,3.381,,2171
RELIANCE,1345.9,1249.8,1249.8,,,,False,11523018.35,0.052,4.587,,7676
RELIGARE,278.8,246.95,223.5,,,,False,661584.3,0.037,4.219,,4610
RELINFRA,73.61,60.04,60.04,,,,False,285342.35,0.0,16.665,,7677
RELTD,196.45,167.42,114.5926,,,,False,694086.15,0.01,5.378,,500
REMSONSIND,87.0,75.23,75.23,,,,False,101403.5,0.098,3.805,,5983
REMUS,810.05,705.0,679.0,,,,False,4490.0,0.512,5.563,,784
RENUKA,23.64,21.5,21.05,,,,False,2885815.6,0.104,4.824,,5121
REPCOHOME,439.3,383.8,352.7,,,,False,77155.0,0.039,5.73,,3292
REPL,67.75,61.32,61.32,67.75,61.32,20.0,False,4238.85,0.002,2.236,-3.321,1978
REPRO,387.0,360.05,339.95,387.0,360.05,20.0,False,10212.8,0.063,2.698,-1.047,5386
RESPONIND,240.9,170.0,160.2,,,,False,2597316.0,0.01,5.876,,3886
RETAIL,20.5,16.36,16.36,,,,False,6381.45,0.157,4.712,,522
REXPIPES,174.25,171.0,170.55,,,,False,50.0,0.0,14.0,,1205
RGL,124.77,114.9,92.8,,,,False,318829.9,0.035,3.274,,4596
RHETAN,33.01,26.21,25.5,,,,False,7900057.9,0.704,4.118,,211
RHFL,2.19,1.91,1.91,,,,False,406695.9,0.044,4.17,,2190
RHIM,427.3,378.0,333.8,,,,False,945538.45,0.02,4.144,,3551
RHL,201.0,165.6,165.6,,,,False,19529.05,0.102,4.79,,809
RICOAUTO,150.39,124.02,108.3,,,,False,1918216.25,0.122,3.651,,5980
RIIL,824.0,719.45,719.45,,,,False,59120.4,0.1,7.131,,7676
RILINFRA,42.9,35.15,31.0,,,,False,21390.0,0.271,4.597,,1012
RIR,170.5,154.3,154.3,,,,False,88261.58,0.083,2.963,,12
RISHABH,692.8,597.0,486.4,,,,False,240529.95,0.073,4.115,,713
RITCO,305.0,252.0,243.6,,,,False,162428.7,0.07,3.999,,1064
RITES,244.59,210.24,198.32,,,,False,6179433.3,0.007,7.665,,1997
RITEZONE,23.8,19.5,16.1,,,,False,1680.0,0.0,14.0,,916
RKDL,19.98,18.26,17.3,19.98,18.26,20.0,False,9373.6,0.062,2.437,-2.503,3849
RKEC,29.99,25.0,23.9,,,,False,24168.45,0.073,3.196,,2178
RKFORGE,645.0,550.05,530.1,,,,False,2354474.5,0.063,4.435,,5501
RKSWAMY,110.0,98.71,94.6,110.0,98.71,20.0,False,72968.4,0.115,2.844,-4.555,592
RMC,324.0,256.0,256.0,,,,False,30051.35,0.046,5.234,,85
RMDRIP,20.49,17.5,14.81,,,,False,1450231.15,0.01,3.288,,2182
RML,1323.9,1080.1,882.5,,,,False,35676.8,0.257,5.028,,5163
RNBDENIMS,11.0,9.0,9.0,,,,False,211112.85,0.034,6.573,,227
ROCKINGDCE,200.0,162.75,162.35,,,,False,4462.5,1.737,5.158,,657
ROHLTD,338.45,306.0,306.0,,,,False,23529.55,0.014,3.267,,5054
ROLEXRINGS,161.9,134.55,134.55,,,,False,1538553.5,0.039,4.086,,1234
ROLLT,2.8,1.95,1.78,,,,False,265905.95,0.301,5.289,,2397
ROML,46.78,43.57,43.5,46.78,43.57,20.0,False,2968.75,0.559,2.417,-3.399,4186
ROSSARI,549.0,487.0,482.3,,,,False,80139.7,0.04,3.559,,1495
ROSSELLIND,65.0,55.3,53.06,65.0,55.3,20.0,False,35481.75,0.046,2.858,-10.231,3415
ROSSTECH,1064.0,890.0,890.0,,,,False,194610.6,0.335,3.618,,409
ROTO,74.5,64.6,54.59,,,,False,681096.8,0.036,4.254,,1061
ROUTE,649.95,531.2,501.3,,,,False,2104722.1,0.029,4.186,,1453
ROXHITECH,53.0,33.95,29.65,,,,False,36240.0,1.413,7.028,,668
RPEL,1371.8,1242.3,899.95,1371.8,1242.3,20.0,False,66075.95,0.041,2.647,-7.282,493
RPGLIFE,3082.0,2366.8,2065.3,,,,False,48600.75,0.046,4.645,,5950
RPOWER,25.65,23.1,23.1,,,,False,19168583.95,0.113,4.075,,4555
RPPINFRA,67.27,60.5,58.7,,,,False,30606.9,0.041,3.059,,3863
RPPL,23.44,19.26,16.0,,,,False,132379.45,0.057,3.118,,1930
RPSGVENT,970.0,828.15,827.6,,,,False,30546.45,0.091,5.905,,1858
RPTECH,842.0,730.0,517.3,,,,False,502144.05,0.255,3.023,,611
RRIL,18.8,16.01,16.01,18.8,16.01,20.0,False,17371.35,1.498,2.989,-9.149,71
RRKABEL,2775.0,2164.0,1929.9,,,,False,736847.9,0.117,5.289,,707
RSDFIN,110.74,65.6,65.6,,,,True,4588.65,16.966,6.186,,65
RSL,145.8,125.79,123.56,,,,False,244048.4,0.034,4.183,,93
RSSOFTWARE,35.8,29.6,29.6,,,,False,11495.6,0.098,7.109,,5981
RSWM,220.0,185.0,167.86,,,,False,46585.95,0.013,4.149,,5980
RSYSTEMS,270.89,213.52,213.52,,,,False,792643.65,0.068,5.502,,5004
RTNINDIA,34.25,30.71,30.71,,,,False,896919.45,0.087,4.207,,3455
RTNPOWER,9.19,8.36,8.36,,,,False,9900155.25,0.158,3.677,,4137
RUBFILA,79.0,70.01,69.06,,,,False,17405.95,0.01,4.187,,490
RUBICON,1589.7,1320.0,940.15,,,,False,252032.4,0.066,4.15,,196
RUBYMILLS,424.9,333.0,230.0,,,,False,32875.95,0.003,4.239,,5977
RUCHINFRA,6.2,5.41,5.41,6.2,5.41,20.0,False,53855.5,0.149,2.717,-4.839,5937
RUCHIRA,112.75,100.35,100.35,,,,False,44889.95,0.012,3.825,,4838
RUDRA,18.99,16.01,16.01,,,,False,30143.1,0.014,4.429,,153
RULKA,120.3,93.05,85.0,,,,False,5085.0,1.77,3.633,,542
RUPA,177.59,159.0,144.0,,,,False,123265.2,0.068,5.45,,3616
RUSHIL,18.9,15.0,14.07,,,,False,1013475.3,0.023,3.704,,3717
RUSTOMJEE,440.0,395.3,375.3,,,,False,31606.75,0.007,4.853,,911
RVHL,50.02,43.06,35.11,,,,False,15817.35,0.068,3.107,,1389
RVNL,236.89,220.16,220.16,,,,False,3932815.5,0.1,3.826,,1808
RVTH,760.0,666.0,666.0,760.0,666.0,20.0,False,543.6,0.004,2.855,-7.895,469
S&SPOWER,374.0,310.0,310.0,374.0,310.0,20.0,False,2715.85,0.025,2.888,-12.834,1569
SAAKSHI,311.0,280.5,215.1,311.0,280.5,20.0,False,10920.0,0.165,2.575,-2.572,696
SAATVIKGL,485.55,415.15,415.15,,,,False,151091.15,0.036,4.299,,211
SABAR,6.1,3.95,3.95,,,,False,26500.0,0.943,10.379,,951
SABEVENTS,9.5,5.96,5.96,,,,False,23817.55,0.087,7.11,,2441
SADBHAV,10.54,7.61,7.61,,,,False,286055.95,0.148,5.769,,5038
SADBHIN,3.0,2.17,2.17,,,,False,168374.7,1.462,6.917,,2684
SADHAV,119.1,110.0,105.3,119.1,110.0,20.0,False,16830.0,0.25,2.708,-2.603,594
SADHNANIQ,2.97,2.59,2.19,,,,False,1575814.5,0.483,7.824,,803
SAFARI,1696.0,1526.2,1484.0,,,,False,32074.15,0.052,3.699,,1705
SAGARDEEP,26.6,23.35,23.0,26.6,23.35,20.0,False,6986.55,0.266,2.197,-9.774,2237
SAGCEM,187.33,169.1,166.01,,,,False,60220.2,0.01,3.231,,4813
SAGILITY,46.24,39.9,38.52,,,,False,31405204.3,0.181,3.912,,428
SAHAJSOLAR,135.65,113.25,113.25,,,,False,9220.0,1.822,4.445,,505
SAHANA,964.0,741.6667,712.9,,,,False,39643.75,1.434,4.466,,774
SAHLIBHFI,83.7,75.1,70.05,83.7,75.1,20.0,False,12126.95,0.681,2.651,-2.652,78
SAHYADRI,315.0,270.05,262.55,,,,False,5054.65,0.001,3.518,,820
SAIFL,5.45,4.95,4.9,,,,False,248400.0,0.709,3.5,,636
SAIL,175.9,158.01,158.01,,,,False,12761660.85,0.08,3.995,,7679
SAILIFE,1325.9,1191.1,1108.5,,,,False,358864.95,0.102,4.248,,404
SAIPARENT,638.95,528.8,474.0,,,,False,116554.15,0.127,5.945,,84
SAKAR,960.0,785.6,740.0,,,,False,172505.45,0.042,3.692,,2318
SAKHTISUG,17.58,16.3,16.3,17.58,16.3,20.0,False,66435.3,0.064,2.616,-4.835,5980
SAKSOFT,189.99,160.5,135.2,,,,False,2484443.65,0.051,3.72,,5243
SAKUMA,1.82,1.61,1.61,,,,False,600863.95,0.056,3.379,,5034
SALASAR,6.25,5.81,5.8,,,,False,2594223.3,0.071,3.924,,2231
SALONA,309.8,241.05,241.05,,,,False,2985.15,0.299,4.88,,3943
SALSTEEL,63.85,51.06,51.06,,,,False,80932.15,0.121,4.481,,5355
SALZERELEC,636.9,561.0,561.0,,,,False,33422.05,0.163,4.655,,2637
SAMBHAAV,6.87,5.63,5.63,,,,False,27596.9,0.009,3.841,,5981
SAMBHV,127.7,111.5,100.0,,,,False,1271879.2,0.152,3.672,,270
SAMHI,187.55,161.56,152.61,,,,False,762457.1,0.181,4.184,,707
SAMMAANCAP,178.5,154.49,154.49,,,,False,7293883.05,0.051,6.184,,3214
SAMPANN,29.95,26.3,25.8,,,,False,20334.55,0.014,3.346,,3454
SANATHAN,504.45,435.0,386.2,,,,False,42297.05,0.014,3.486,,397
SANDESH,1015.0,949.0,908.8,,,,False,312.2,0.067,3.369,,5979
SANDHAR,709.7,575.0,575.0,,,,False,199807.9,0.254,6.133,,2062
SANDUMA,218.25,191.0,191.0,,,,False,814723.35,0.175,4.561,,717
SANGAMIND,672.5,536.0,495.7,,,,False,286313.4,0.008,5.591,,5980
SANGANI,45.0,42.7,42.7,,,,False,7800.0,0.0,6.252,,728
SANGHVIMOV,473.0,413.9,344.6,,,,False,320695.35,0.063,3.374,,4816
SANGINITA,66.69,45.85,26.46,,,,True,133786.8,8.172,18.133,,2318
SANOFI,3488.8999,3290.0,3054.0,,,,False,26664.0,0.37,3.183,,5980
SANOFICONR,4927.0,4500.2998,4491.2002,,,,False,14470.25,0.038,3.315,,468
SANSERA,3457.5,3071.0,2795.7,,,,False,229693.1,0.185,3.346,,1202
SANSTAR,123.85,103.15,102.6,,,,False,293286.25,0.08,4.874,,503
SANWARIA,0.22,0.19,0.19,0.22,0.19,20.0,False,618291.2,0.009,2.471,-4.545,5022
SAPPHIRE,205.06,171.9,162.37,,,,False,1210322.5,0.09,4.484,,1165
SAPPL,334.3,264.55,252.0,,,,False,2529.1,0.004,4.211,,69
SARDAEN,529.0,489.0,489.0,,,,False,213726.35,0.137,3.387,,4115
SAREGAMA,535.9,443.35,394.1,,,,False,632967.2,0.049,4.954,,5980
SARLAPOLY,108.05,96.02,95.0,,,,False,86550.15,0.03,3.376,,4819
SAROJA,33.0,28.55,28.55,,,,False,1040.0,0.0,8.653,,709
SARTELE,145.95,112.5,106.95,,,,False,56700.0,1.032,6.354,,673
SARVESHWAR,3.81,3.11,3.11,,,,False,818755.35,0.12,5.104,,2070
SASKEN,2147.8999,1728.1,1728.1,,,,False,30349.7,0.2,4.568,,5155
SATIA,63.8,53.0,52.2,,,,False,158406.0,0.01,3.735,,1743
SATIN,274.14,246.05,211.77,274.14,246.05,20.0,False,658863.7,0.883,2.382,-5.519,2698
SATIPOLY,43.1,32.35,30.35,,,,False,3075.0,1.463,5.766,,503
SAURASHCEM,67.49,53.0,53.0,,,,False,268277.8,1.922,3.759,,601
SAYAJIHOTL,315.0,280.3,265.5,,,,False,71.8,0.07,8.227,,78
SBC,43.27,40.1,35.8,,,,False,7470269.15,0.156,5.69,,1163
SBCL,814.0,688.05,662.5,,,,False,335172.95,0.248,4.426,,1264
SBFC,95.0,88.56,88.03,,,,False,1363077.75,0.081,3.248,,732
SBGLP,27.0,23.15,23.15,27.0,23.15,20.0,False,24900.9,0.012,2.822,-8.815,856
SBICARD,666.75,579.9,565.45,,,,False,1634156.95,0.043,4.9,,1582
SBIFUNDS,624.95,565.05,565.05,,,,False,14784747.89,0.018,3.649,,9
SBILIFE,1910.0,1773.0,1700.4,,,,False,913831.95,0.127,3.631,,2184
SBIN,1067.0,1000.8,937.2,,,,False,9514115.05,0.094,3.734,,7677
SCANSTL,63.0,37.1,32.51,,,,False,441607.0,0.07,6.421,,72
SCHAEFFLER,4219.0,3950.1001,3811.1001,4219.0,3950.1001,20.0,False,61862.85,0.063,2.596,-3.6,5981
SCHAND,152.89,143.03,141.82,152.89,143.03,20.0,False,20111.05,0.236,2.868,-4.585,2283
SCHNEIDER,1548.0,1243.0,1066.2,,,,False,265526.85,0.249,5.641,,3546
SCI,302.0,260.2,260.2,,,,False,1886837.95,0.086,5.174,,5981
SCILAL,44.3,40.66,40.66,,,,False,170360.9,0.109,4.038,,586
SCML,86.85,74.6,72.5,,,,False,11150.0,6.547,4.178,,689
SCODATUBES,155.99,140.41,118.0,,,,False,165550.55,0.068,3.492,,291
SCPL,607.75,454.4,396.0,,,,False,65761.4,0.345,3.877,,913
SDBL,79.4,64.1,64.1,,,,False,2795695.85,0.013,4.659,,3044
SEAMECLTD,1494.0,1323.6,1286.1,,,,False,36470.35,0.045,3.479,,5979
SECMARK,131.0,120.0,115.4,131.0,120.0,20.0,False,2094.35,0.001,2.037,-2.443,690
SECURKLOUD,19.95,16.71,16.71,,,,False,16270.65,0.859,3.378,,3084
SEDEMAC,2929.0,2560.0,1972.3,,,,False,86114.05,0.528,3.309,,99
SEIL,239.96,197.01,175.1,,,,False,359706.8,0.042,5.858,,71
SEJALLTD,791.0,675.05,634.45,791.0,675.05,20.0,False,8106.65,0.092,2.839,-4.216,4117
SEL,279.75,186.0,173.05,,,,False,7990.0,0.0,7.047,,717
SELMC,30.19,27.12,27.12,30.19,27.12,20.0,False,4315.9,0.008,2.619,-9.838,4673
SEMAC,365.0,296.0,296.0,,,,False,379.55,0.817,6.328,,5173
SENCO,430.0,319.1,319.1,,,,False,3312375.45,0.04,7.2,,755
SENORES,1509.8,1279.7,1001.0,,,,False,305232.95,0.065,4.265,,397
SEPC,6.93,5.75,5.75,,,,False,13136425.95,0.101,6.051,,4548
SERVICE,63.75,50.0,47.75,,,,False,20600.0,0.777,6.778,,743
SERVOTECH,105.25,80.25,80.25,,,,False,1096071.7,0.286,6.575,,2210
SESHAPAPER,264.0,215.05,209.96,,,,False,273936.25,0.009,4.629,,5980
SETCO,19.77,15.2,15.2,,,,False,127376.6,0.353,9.299,,2490
SETL,298.0,255.0,130.8,,,,False,788883.25,0.107,3.32,,386
SETUINFRA,0.48,0.4,0.4,0.48,0.4,20.0,False,65535.85,0.012,2.489,-14.583,3656
SEYAIND,13.37,12.0,12.0,,,,False,4554.9,0.004,3.653,,1744
SFL,828.95,733.7,590.65,,,,False,226759.4,0.03,3.562,,2385
SGFIN,723.6,584.15,553.0,,,,False,924419.55,0.021,3.556,,247
SGIL,630.2,537.05,502.0,,,,False,10840.35,0.326,4.78,,1239
SGL,10.98,9.33,9.33,,,,False,11388.7,0.278,3.272,,5011
SGMART,737.45,585.95,560.25,,,,False,1141411.95,0.016,4.663,,220
SHADOWFAX,241.63,195.31,184.21,,,,False,11311173.2,0.057,3.625,,128
SHAH,5.23,3.38,3.38,,,,False,8871628.9,0.032,5.594,,3886
SHAHALLOYS,75.8,64.5,64.5,,,,False,14394.1,0.246,3.926,,5213
SHAILY,3077.7,2627.8999,2627.8999,,,,False,211808.95,0.05,5.02,,1072
SHAKTIPUMP,621.9,513.0,503.8,,,,False,1502730.95,0.039,7.486,,3643
SHALBY,174.98,159.59,159.59,,,,False,55522.95,0.015,3.101,,2132
SHALPAINTS,75.75,48.0,47.0,,,,False,410449.55,0.006,5.03,,4540
SHANKARA,151.0,127.25,110.35,,,,False,213326.5,0.026,5.371,,2305
SHANTHALA,24.4,18.0,18.0,,,,False,8100.0,0.0,10.994,,675
SHANTI,7.27,6.37,6.11,7.27,6.37,20.0,False,27530.45,0.108,2.242,-8.941,2220
SHANTIGEAR,462.45,388.45,388.45,,,,False,29719.9,0.034,6.213,,5982
SHANTIGOLD,234.9,204.02,204.02,,,,False,1066748.45,0.063,4.078,,249
SHARDACROP,936.95,807.55,807.55,,,,False,173893.65,0.169,5.448,,2925
SHARDAMOTR,912.45,816.45,764.5,,,,False,44035.5,0.101,4.125,,2693
SHARDUL,60.0,26.0,23.05,,,,False,18121.1,0.3,12.029,,72
SHAREINDIA,197.36,136.81,124.91,,,,False,9056815.2,0.007,7.04,,1453
SHBAJRG,214.95,176.5,150.5,,,,False,9412.9,0.0,4.546,,71
SHEETAL,298.95,285.0,280.0,298.95,285.0,20.0,False,6200.0,1.371,2.72,-3.111,651
SHEKHAWATI,14.7,11.37,11.37,,,,False,19132.85,0.163,4.097,,3836
SHEMAROO,134.7,115.0,99.52,,,,False,8783.1,0.001,3.79,,2918
SHERA,180.0,143.0,143.0,,,,False,28850.0,0.485,4.905,,848
SHIGAN,67.45,58.0,58.0,,,,False,6750.0,0.0,3.203,,1072
SHILCTECH,4590.7002,4096.2998,3769.6001,,,,False,17978.25,0.17,3.233,,173
SHILPAMED,650.0,588.1,483.35,650.0,588.1,20.0,False,519317.2,0.11,2.992,-6.169,4115
SHINDL,166.0,144.0,130.6,,,,False,131474.25,0.173,3.768,,72
SHIVALIK,275.0,211.15,206.4,,,,False,32453.8,0.092,6.266,,1151
SHIVAMAUTO,20.03,16.41,15.55,,,,False,32992.4,1.054,10.218,,4858
SHIVAMILLS,63.7,56.1,56.1,63.7,56.1,20.0,False,678.75,0.722,2.915,-1.24,2081
SHIVATEX,175.5,142.0,139.0,,,,False,7976.05,1.611,4.36,,5979
SHIVAUM,474.0,365.0,317.2,,,,False,38134.8,0.01,4.496,,1679
SHK,173.1,126.2,120.61,,,,False,1660656.5,0.151,6.268,,2648
SHOPERSTOP,408.6,335.2,329.0,,,,False,325101.6,0.005,4.799,,5233
SHRADHA,42.64,26.5,26.5,,,,False,184933.5,0.004,5.568,,2132
SHREDIGCEM,77.83,71.5,68.52,,,,False,89916.25,0.049,3.051,,1723
SHREECEM,27285.0,25805.0,23290.0,27285.0,25805.0,20.0,False,13443.9,0.15,2.705,-3.738,6241
SHREEJISPG,653.15,497.0,444.3,,,,True,913512.7,0.344,9.411,,233
SHREEKARNI,439.8,402.1,402.1,,,,False,1695.0,1.504,4.584,,587
SHREEOSFM,67.9,54.0,50.1,,,,False,10550.0,5.498,4.723,,643
SHREEPUSHK,448.0,381.75,343.0,,,,False,54818.5,0.009,4.648,,2689
SHREERAMA,46.64,37.62,37.62,,,,False,73156.85,0.001,6.404,,6576
SHREMINVIT,102.0,100.2,96.0,,,,False,11250.0,4.444,22.909,,1200
SHRENIK,0.39,0.32,0.32,,,,False,283841.9,0.075,5.158,,2234
SHREYANIND,148.0,133.0,131.5,148.0,133.0,20.0,False,8216.85,0.638,2.77,-6.02,5985
SHRIKRISH,46.89,37.05,37.05,,,,False,11512.75,0.016,5.046,,70
SHRINGARMS,235.79,215.06,199.0,,,,False,606788.6,0.022,4.172,,217
SHRIPISTON,4522.7998,4088.0,3222.2,,,,False,48147.3,0.079,3.268,,2508
SHRIRAMFIN,1087.3,992.9,879.1,,,,False,5399429.8,0.152,3.054,,5984
SHRIRAMPPS,94.0,82.05,81.37,,,,False,605991.65,0.034,4.454,,1144
SHRITECH,63.65,57.95,57.95,,,,False,900.0,4.444,9.017,,735
SHUBHLAXMI,26.8,19.0,19.0,,,,False,9550.0,0.105,9.373,,1889
SHYAMCENT,5.97,4.9,4.61,,,,False,40058.9,0.013,4.005,,2719
SHYAMMETL,1090.0,916.1,916.1,,,,False,603302.75,0.041,5.557,,1265
SHYAMTEL,18.62,14.97,14.17,,,,False,1576.05,0.699,15.074,,5980
SICAGEN,54.9,46.55,46.55,,,,False,8561.75,1.75,3.578,,4785
SICALLOG,122.5,85.61,63.0,,,,True,65131.55,0.53,6.554,,5978
SIDDHIKA,223.95,204.75,195.1,,,,False,2625.0,1.524,4.113,,1287
SIEMENS,3855.0,3398.1001,3398.1001,,,,False,324085.65,0.261,4.545,,6893
SIGACHI,27.08,21.75,19.98,,,,False,729268.8,1.894,9.363,,1166
SIGIND,50.99,43.2,43.2,,,,False,17514.4,0.109,3.382,,3242
SIGMA,52.58,36.12,36.12,,,,False,352315.9,4.548,7.309,,1415
SIGMAADV,627.8,474.85,353.05,,,,False,363789.45,0.114,4.986,,4696
SIGNATURE,898.0,755.0,730.0,,,,False,747379.85,0.005,4.56,,702
SIGNORIA,157.2,101.65,55.2,,,,False,9450.0,0.847,11.695,,586
SIGNPOST,336.8,283.0,236.4,,,,False,233127.05,0.007,4.108,,609
SIKA,1280.4,1065.2,871.35,,,,False,67005.25,0.076,3.897,,72
SIKKO,5.41,3.55,3.55,,,,False,1064743.0,0.071,6.32,,2226
SIL,17.21,15.35,14.37,,,,False,23396.2,0.022,3.239,,5980
SILGO,77.0,69.0,69.0,,,,False,132124.3,0.111,3.516,,1916
SILINV,444.0,409.0,390.0,444.0,409.0,20.0,False,1792.1,1.957,2.416,-3.694,5979
SILKFLEX,220.0,184.1,150.1,,,,False,7600.0,2.763,3.742,,548
SILLYMONKS,17.49,14.91,14.91,17.49,14.91,20.0,False,7914.75,0.012,2.424,-9.148,2106
SILVERTUC,216.8,170.24,141.5,,,,False,536856.7,1.129,4.325,,2141
SIMBHALS,7.31,6.47,6.47,7.31,6.47,20.0,False,9988.9,0.007,2.211,-10.67,4959
SIMPLEXINF,273.85,227.85,220.1,,,,False,69858.95,0.025,5.307,,5541
SINCLAIR,78.0,73.0,73.0,78.0,73.0,20.0,False,19154.25,0.624,2.355,-5.436,572
SINDHUTRAD,28.03,23.7,23.7,,,,False,1589372.25,0.009,4.004,,771
SINGERIND,72.79,63.98,63.98,,,,False,36903.2,0.059,4.131,,90
SINTERCOM,92.3,73.53,68.25,,,,False,69981.4,0.026,4.994,,2088
SIRCA,410.8,385.0,385.0,410.8,385.0,20.0,False,266433.55,0.164,2.746,-0.45,2011
SIS,445.35,420.3,384.5,445.35,420.3,20.0,False,113478.6,0.066,2.869,-5.468,2218
SITINET,0.34,0.3,0.3,0.34,0.3,20.0,False,353332.8,0.006,2.8,-8.824,4825
SIYSIL,659.5,587.15,567.0,,,,False,49308.15,0.32,3.443,,6035
SJLOGISTIC,355.0,299.2,299.2,,,,False,26150.0,0.287,4.685,,645
SJS,2439.8999,2104.0,1949.5,,,,False,94087.7,0.043,4.64,,1167
SJVN,72.85,66.81,66.81,,,,False,1627481.45,0.084,6.097,,4003
SKFINDIA,1649.0,1425.5,1425.5,,,,False,42705.15,0.017,5.183,,5951
SKFINDUS,3041.0,2578.1001,2066.7,,,,False,39924.8,0.009,4.939,,161
SKIL,0.96,0.84,0.84,,,,True,10813.95,0.0,8.4,,4564
SKIPPER,593.0,503.3,456.0,,,,False,558657.1,0.158,4.309,,2764
SKMEGGPROD,372.0,246.15,175.4,,,,False,1009537.6,0.119,5.671,,5980
SKP,163.8,148.5,145.35,,,,False,3400.0,0.441,4.519,,988
SKYGOLD,689.9,538.05,457.3,,,,False,1121759.3,0.065,5.166,,882
SLONE,134.0,115.25,110.0,,,,False,6160.0,1.234,3.275,,551
SMARTLINK,225.9,171.01,148.0,,,,False,10502.9,0.014,5.422,,5980
SMARTWORKS,515.0,450.05,431.0,,,,False,178087.55,0.009,3.528,,259
SMCGLOBAL,83.0,68.0,58.11,,,,False,767021.0,0.073,4.368,,1343
SMLMAH,5724.5,3766.0,3623.6001,,,,True,183362.65,1.891,6.895,,5981
SMLT,71.99,65.7,65.7,71.99,65.7,20.0,False,4673.3,0.014,2.915,-6.89,1160
SMSPHARMA,435.0,365.4,351.0,,,,False,208231.8,0.197,5.32,,4793
SNOWMAN,38.8,34.46,34.46,,,,False,157821.7,0.049,3.748,,2933
SOBHA,1559.5,1325.7,1265.0,,,,False,324857.8,0.021,5.544,,4838
SOFTTECH,443.65,401.0,401.0,443.65,401.0,20.0,False,1171.15,0.538,2.846,-6.909,2019
SOLARA,601.0,471.55,471.55,,,,False,323820.7,0.025,5.403,,2001
SOLARINDS,19187.0,17028.0,16832.0,,,,False,116613.55,0.142,5.091,,5017
SOLARWORLD,226.85,186.55,179.46,,,,False,657799.7,0.048,5.16,,208
SOLEX,1075.6,901.8,901.8,,,,False,37080.95,0.118,5.525,,2093
SOMANYCERA,550.65,476.1,476.1,,,,False,69330.2,0.029,4.887,,5982
SOMATEX,119.45,88.46,87.51,,,,False,22807.55,0.001,5.486,,5979
SOMICONVEY,108.99,93.24,93.24,,,,False,22484.25,0.094,5.171,,2482
SONACOMS,770.5,657.6,582.1,,,,False,2945408.95,0.189,5.154,,1265
SONAL,99.7,85.05,85.05,,,,False,113.0,0.885,3.807,,48
SONAMAC,35.8,30.2,30.2,,,,False,6200.0,0.968,5.37,,587
SONAMLTD,62.25,52.2,50.75,62.25,52.2,20.0,False,56052.3,0.213,2.79,-9.076,1998
SONATSOFTW,329.5,270.1,251.4,,,,False,3447662.6,0.093,4.55,,5981
SONUINFRA,47.2,38.1,38.1,,,,False,16125.0,0.093,4.447,,1031
SOTAC,110.0,90.4,90.4,,,,False,7920.0,0.152,25.887,,814
SOTL,666.6,536.4,411.65,,,,False,657863.55,0.057,3.854,,5981
SOUTHBANK,49.9,43.01,40.33,,,,False,20288625.65,0.053,4.728,,6906
SOUTHWEST,257.47,215.84,212.05,,,,False,302367.85,0.026,4.512,,2089
SPAL,1221.9,940.2,743.65,,,,False,141513.2,0.068,4.359,,2463
SPANDANA,319.4,257.0,223.3,,,,False,482876.7,0.056,4.603,,1723
SPARC,289.0,207.41,194.1,,,,False,2544033.4,0.035,8.522,,5843
SPCENET,4.17,3.21,3.0,,,,False,608640.8,0.011,5.419,,3137
SPCL,72.5,66.55,66.0,72.5,66.55,20.0,False,15090.0,0.398,2.532,-6.345,517
SPECIALITY,141.0,121.0,102.15,141.0,121.0,20.0,False,59324.4,0.078,2.926,-5.66,3497
SPECTRUM,2478.3999,1831.5,1375.1,,,,False,93558.8,0.026,4.62,,1922
SPECTSTM,70.8,56.1,50.8,,,,False,6160.0,0.779,5.423,,765
SPENCERS,37.97,32.12,32.12,,,,False,39331.1,0.07,4.434,,1858
SPIC,70.24,63.8,63.8,,,,False,235972.9,0.043,5.173,,5980
SPLIL,35.44,28.56,28.0,,,,False,10998.65,0.118,3.339,,5184
SPLPETRO,783.8,678.35,660.6,,,,False,257332.55,0.038,3.523,,5981
SPMLINFRA,213.48,185.5,182.16,,,,False,231333.3,0.111,3.875,,5984
SPORTKING,218.9,168.04,161.43,,,,False,581853.7,0.438,5.138,,974
SPRL,115.7,93.0,74.5,,,,False,680.0,0.0,16.904,,1066
SRD,43.99,37.0,37.0,,,,False,42318.95,0.002,4.797,,449
SREEL,235.0,203.73,186.9,,,,False,19096.15,0.003,3.254,,3104
SRF,2970.0,2595.7,2595.7,,,,False,611605.95,0.032,4.493,,5981
SRGHFL,335.0,281.1,261.85,,,,False,7978.95,0.004,3.692,,727
SRHHYPOLTD,524.0,475.1,475.1,,,,False,5561.7,0.324,4.492,,4747
SRIVASAVI,98.0,68.5,49.2,,,,False,22150.0,0.226,7.53,,836
SRM,521.75,468.35,458.05,,,,False,70823.7,0.041,3.315,,578
SRPL,0.37,0.33,0.33,,,,False,132121.45,0.0,9.333,,2093
SRTL,42.2,38.7,38.7,42.2,38.7,20.0,False,52051.7,0.012,2.745,-5.9,105
SSDL,57.07,51.53,51.53,,,,False,17507.55,0.099,3.247,,486
SSFL,295.1,239.55,110.0,,,,False,24650.0,0.446,3.35,,726
SSWL,304.2,234.36,194.76,,,,False,2091849.65,0.039,5.295,,5222
STALLION,260.8,178.2,169.0,,,,False,4614428.75,0.154,6.202,,379
STANLEY,166.38,150.4,136.9,,,,False,131953.85,0.09,3.55,,521
STAR,1138.0,1000.9,965.5,,,,False,144416.75,0.108,4.027,,5987
STARCEMENT,212.92,200.1,200.1,,,,False,171003.75,0.069,3.516,,2255
STARHEALTH,624.9,570.1,513.0,,,,False,568125.1,0.134,3.035,,1150
STARPAPER,158.0,136.0,132.2,,,,False,22047.45,0.003,3.317,,5982
STARTECK,290.95,260.05,245.1,290.95,260.05,20.0,False,7590.9,0.952,2.969,-8.335,1051
STCINDIA,127.89,115.23,112.11,,,,False,32063.95,0.067,4.742,,5786
STEELCAS,334.2,295.05,257.8,,,,False,88044.7,0.692,3.269,,1162
STEELCITY,80.9,73.0,73.0,,,,False,4673.4,0.316,4.054,,2318
STEELXIND,12.98,11.07,9.91,,,,False,1599795.9,0.059,5.38,,2234
STEL,587.95,520.05,430.0,,,,False,2754.7,0.402,3.316,,3819
STERTOOLS,255.99,226.72,204.0,255.99,226.72,20.0,False,17654.9,0.11,2.77,-5.66,5057
STLNETWORK,26.75,23.0,23.0,,,,False,457089.3,0.141,3.903,,227
STLTECH,592.35,492.25,463.2,592.35,492.25,20.0,False,2349806.95,0.261,2.887,-5.959,6390
STOVEKRAFT,828.0,733.65,552.1,,,,False,131985.9,0.049,3.733,,1356
STUDDS,477.05,435.35,435.35,,,,False,43921.25,0.092,3.727,,184
STYL,407.15,322.3,257.2,,,,False,312977.95,0.045,3.842,,209
STYLAMIND,4150.0,2984.0,2772.3,,,,False,170572.95,0.015,5.629,,1239
STYLEBAAZA,338.3,262.65,252.7,,,,False,155338.0,0.072,5.819,,474
STYRENIX,2549.0,2188.8999,2095.3,,,,False,61362.75,0.17,3.948,,5950
SUBEXLTD,13.97,11.43,9.71,,,,False,1171161.4,0.02,4.577,,5673
SUBROS,856.4,759.65,695.1,,,,False,39617.65,1.871,4.946,,5195
SUDARCOLOR,394.8,335.1,335.1,,,,False,5948.9,0.795,4.688,,5982
SUDARSCHEM,1088.3,903.05,851.1,,,,False,293025.95,0.024,5.346,,5287
SUDEEPPHRM,908.0,788.35,673.0,,,,False,181186.25,0.05,3.476,,169
SUKHJITS,185.15,153.7,153.7,,,,False,22158.45,0.077,3.782,,923
SULA,173.0,147.61,147.61,,,,False,451617.2,0.223,5.542,,893
SUMEETINDS,35.67,22.29,22.29,,,,False,4863029.65,0.002,9.067,,3858
SUMICHEM,551.9,463.65,411.55,,,,False,947385.35,0.034,4.744,,1615
SUMIT,55.8,43.0,37.85,,,,False,57631.95,0.108,4.406,,1937
SUMMITSEC,1610.0,1440.8,1420.0,,,,False,2144.25,0.031,4.199,,4119
SUNCLAY,1455.4,1229.4,1229.4,,,,False,11082.5,0.079,4.02,,639
SUNDARAM,1.38,1.2,1.2,,,,False,332002.6,0.167,3.877,,3993
SUNDARMFIN,4810.2002,4343.0,4000.0,,,,False,55924.85,0.081,5.257,,5981
SUNDRMBRAK,856.9,752.0,600.0,,,,False,1013.15,0.002,4.324,,5950
SUNDRMFAST,976.4,914.95,815.15,,,,False,114849.45,0.044,3.248,,5982
SUNDROP,706.5,623.25,623.25,,,,False,24336.95,0.049,4.524,,5980
SUNFLAG,369.0,323.3,323.3,,,,False,170567.25,0.036,3.756,,5142
SUNPHARMA,2021.9,1875.1,1756.8,,,,False,2303548.25,0.083,5.111,,7679
SUNREST,35.6,34.0,32.15,,,,False,320.0,0.0,37.333,,664
SUNTECK,343.0,289.25,272.5,,,,False,539083.05,0.061,4.831,,4128
SUNTV,519.8,481.75,480.9,,,,False,232089.05,0.153,3.542,,5006
SUPERHOUSE,182.7,150.7,145.6,,,,False,31195.4,0.061,3.624,,2921
SUPERSPIN,5.91,5.0,4.61,,,,True,12381.6,1.816,9.437,,5452
SUPRAJIT,514.5,467.0,437.0,,,,False,139357.65,0.078,3.378,,5296
SUPREME,51.0,43.1,43.1,,,,False,42304.65,0.015,3.693,,369
SUPREMEENG,2.05,1.48,0.9,,,,True,115189.1,1.818,18.558,,1939
SUPREMEIND,3538.1001,3140.0,3140.0,,,,False,199273.45,0.041,3.687,,5981
SUPREMEINF,92.82,74.72,68.01,,,,False,170047.95,0.119,3.404,,4633
SUPREMEPWR,250.0,188.1,188.1,,,,False,55625.0,1.025,5.409,,637
SUPRIYA,952.0,816.1,762.15,,,,False,354633.4,0.048,4.836,,1137
SURAJEST,208.95,190.0,182.0,,,,False,37710.4,0.016,4.394,,645
SURAJLTD,249.45,210.5,210.5,,,,False,2730.85,0.008,3.849,,478
SURAKSHA,281.5,240.4,240.4,,,,False,51641.8,0.001,5.154,,411
SURANASOL,30.5,24.85,24.85,,,,False,101812.7,0.183,4.85,,5950
SURANAT&P,20.65,17.49,17.31,,,,False,57081.1,0.048,5.15,,5982
SURANI,115.0,89.45,89.45,,,,False,4440.0,0.225,6.743,,6889
SURYALA,481.2,403.25,355.0,,,,False,2459.45,0.156,4.256,,72
SURYALAXMI,61.75,54.51,54.06,61.75,54.51,20.0,False,4372.85,1.382,2.454,-4.243,5981
SURYAROSNI,271.9,232.8,213.0,,,,False,420650.25,0.029,5.956,,5981
SURYODAY,218.0,158.52,158.52,,,,False,5416382.05,0.036,5.323,,1323
SUTLEJTEX,40.8,36.51,34.65,40.8,36.51,20.0,False,26948.45,0.042,2.751,-4.902,5950
SUVEN,371.0,290.5,230.6,,,,False,1154794.5,0.038,4.507,,5640
SUVIDHAA,2.74,2.28,2.28,,,,False,90897.15,0.005,3.618,,1321
SUYOG,921.15,820.05,666.1,,,,False,33199.85,0.012,3.332,,485
SUZLON,57.1,45.93,45.93,,,,False,70554521.05,0.116,7.562,,5129
SVLL,806.9,651.0,551.4,,,,False,39662.7,0.063,5.004,,2005
SVPGLOB,4.05,3.52,3.52,4.05,3.52,20.0,False,41245.0,0.028,2.022,-6.173,1249
SWANCORP,336.7,304.0,303.1,,,,False,976638.7,0.065,5.188,,3499
SWANDEF,2500.0,2125.0,1860.0,,,,False,19292.6,0.047,3.699,,4148
SWARAJ,373.0,294.0,219.0,,,,False,176725.0,1.072,5.012,,1062
SWARAJENG,3939.8999,3525.0,3525.0,,,,False,17536.5,0.042,5.367,,5979
SWASTIK,19.7,13.95,13.95,,,,False,9120.0,4.474,11.027,,938
SWELECTES,661.7,596.6,596.6,,,,False,15418.9,0.058,4.139,,4994
SWIGGY,298.85,242.51,235.75,,,,False,25918249.7,0.563,4.286,,427
SWSOLAR,250.1,200.11,177.15,,,,False,1985726.05,0.028,5.591,,1722
SYLVANPLY,66.2,52.3,49.65,,,,False,9000.0,0.0,10.605,,519
SYMPHONY,735.0,670.0,656.0,,,,False,86532.5,0.063,4.253,,3733
SYNCOMF,14.52,12.79,12.79,,,,False,1193884.85,0.139,4.984,,917
SYNGENE,444.0,375.25,375.25,,,,False,1617461.8,0.287,5.647,,2711
SYNOPTICS,82.0,65.4,46.15,,,,False,2520.0,0.0,6.376,,752
SYRMA,1468.0,1257.0,1036.15,,,,False,1377395.65,0.181,3.761,,973
SYSTANGO,234.0,202.55,202.55,,,,False,15960.0,0.702,4.289,,831
SYSTMTXC,67.95,57.0,57.0,,,,False,4462.45,0.017,4.274,,206
TAALTECH,4200.0,3734.1001,2712.0,,,,False,3070.85,0.031,3.338,,72
TAC,563.95,376.6,347.4,,,,False,83130.0,0.423,7.068,,573
TAINWALCHM,257.0,192.26,186.61,,,,False,25590.05,0.117,4.558,,5979
TAJGVK,374.4,340.0,313.0,,,,False,147342.0,0.1,3.713,,5953
TAKE,25.85,18.57,18.57,,,,False,450393.4,0.044,7.402,,4669
TALBROAUTO,425.0,380.7,330.25,425.0,380.7,20.0,False,134202.4,0.173,2.851,-4.235,4894
TAMBOLIIN,235.0,207.18,164.0,,,,False,7835.85,0.013,3.137,,72
TANLA,656.0,520.15,499.0,,,,False,2379090.6,0.057,4.559,,4829
TAPIFRUIT,50.0,46.75,45.1,,,,True,300.0,0.0,9.891,,949
TARACHAND,58.19,53.3,53.1,,,,False,69836.5,0.041,3.032,,2063
TARAPUR,18.99,15.53,15.53,,,,False,20853.35,0.179,3.954,,4001
TARC,142.4,115.1,115.1,,,,False,4335748.25,0.006,5.218,,1390
TARIL,350.6,288.1,288.1,,,,False,1908239.25,0.236,5.656,,4586
TARMAT,52.09,47.2,47.2,52.09,47.2,20.0,False,8847.4,0.019,2.856,-5.356,4704
TARSONS,334.9,262.0,199.41,,,,False,1020384.45,0.015,4.365,,1160
TASTYBITE,9465.0,8420.5,7134.0,,,,False,3201.55,0.012,3.265,,2314
TATACAP,377.9,335.65,296.0,,,,False,1639496.3,0.065,4.983,,201
TATACHEM,729.9,667.9,667.9,,,,False,392668.45,0.101,4.416,,7679
TATACOMM,1928.9,1680.0,1680.0,,,,False,326766.4,0.035,4.494,,5981
TATACONSUM,1130.0,1071.1,1065.1,1130.0,1071.1,20.0,False,1322829.05,0.047,2.572,-3.584,7676
TATAELXSI,3840.0,3353.8999,3353.8999,,,,False,531359.0,0.102,4.51,,5981
TATAINVEST,699.3,621.15,621.15,,,,False,268853.7,0.145,5.362,,7679
TATAPOWER,388.1,367.85,367.85,388.1,367.85,20.0,False,3629142.95,0.136,2.956,-2.358,7676
TATASTEEL,193.3,181.2,181.2,,,,False,19463052.45,0.212,3.798,,7679
TATATECH,777.0,690.0,661.5,,,,False,1049391.05,0.114,3.483,,662
TATVA,1835.0,1177.0,1101.0,,,,False,355806.95,0.04,6.634,,1241
TBI,68.15,60.05,60.05,68.15,60.05,20.0,False,22020.0,1.035,2.926,-9.978,532
TBOTEK,1555.0,1400.1,1163.5,,,,False,219644.85,0.304,3.252,,552
TBZ,295.7,187.15,135.0,,,,False,3950766.55,0.059,6.076,,3513
TCC,350.0,260.45,260.45,,,,False,45520.1,0.193,4.807,,105
TCI,962.9,901.0,898.0,,,,False,42762.85,0.106,3.093,,5983
TCIEXP,614.0,495.5,487.0,,,,False,229502.7,0.009,5.645,,2380
TCIFINANCE,17.97,14.11,12.86,,,,False,26354.95,0.002,3.936,,5748
TCL,139.0,100.0,88.0,,,,False,26040.0,1.966,5.594,,600
TCPLPACK,3470.0,2839.1001,2428.8999,,,,False,7707.65,0.034,4.126,,2173
TCS,2495.0,2016.0,1976.8,,,,False,4838627.9,0.179,7.595,,5952
TDPOWERSYS,1184.0,930.0,930.0,,,,False,1056706.1,0.63,4.776,,3675
TEAMGTY,262.11,210.0,210.0,262.11,210.0,20.0,False,2616.0,0.992,2.745,-16.295,5980
TEAMLEASE,1461.0,1245.1,1245.1,,,,False,41111.0,0.101,5.246,,2586
TECHLABS,161.1,105.0,105.0,,,,False,24325.0,0.637,6.504,,637
TECHM,1686.6,1391.0,1344.0,,,,False,2616064.1,0.112,6.444,,4918
TECHNOE,1092.0,958.1,958.1,,,,False,114918.15,0.163,5.888,,4772
TECHNVISN,5499.0,3222.8,3222.8,,,,False,2511.4,0.168,6.92,,69
TECILCHEM,10.65,8.8,8.8,10.65,8.8,20.0,False,6977.95,0.208,2.114,-9.39,811
TEGA,1721.6,1473.0,1473.0,,,,False,66351.2,0.036,5.266,,1148
TEJASNET,595.0,488.05,469.55,,,,False,2081223.25,0.142,5.373,,2251
TEMBO,594.4,517.15,517.15,,,,False,152363.1,0.028,3.887,,1956
TENNIND,610.9,525.95,525.95,,,,False,470755.35,0.086,6.008,,176
TERASOFT,418.65,365.0,334.55,,,,False,12271.15,0.203,3.479,,2371
TEXINFRA,118.0,111.0,95.31,,,,False,96657.25,0.014,3.665,,5409
TEXMOPIPES,45.9,42.0,42.0,45.9,42.0,20.0,False,13491.05,0.062,2.321,-7.952,4049
TEXRAIL,123.37,106.75,100.35,,,,False,2366221.6,0.068,5.054,,5410
TFCILTD,102.09,73.37,71.2,,,,False,14259617.15,0.09,6.746,,5981
TFL,12.19,10.21,10.21,12.19,10.21,20.0,False,9135.35,0.004,2.858,-6.891,4793
TGBHOTELS,11.38,8.4,8.3,,,,False,81781.35,0.0,4.292,,4740
TGL,26.05,14.8,14.8,,,,False,36130.0,0.304,8.4,,568
THACKER,1224.7,961.4,951.0,,,,False,50.3,0.298,7.626,,66
THAKDEV,163.01,122.39,115.1,,,,False,248.6,0.012,4.637,,56
THANGAMAYL,7430.0,5241.5,3777.0,,,,False,275745.3,1.234,5.493,,4063
THEINVEST,102.0,92.0,90.5,,,,False,4111.45,1.741,3.232,,2221
THEJO,1960.0,1825.1,1472.1,1960.0,1825.1,20.0,False,5140.25,0.145,2.242,-2.653,2483
THELEELA,509.4,461.05,400.1,,,,False,299895.6,0.047,3.435,,292
THEMISMED,123.89,103.38,99.01,,,,False,72844.45,0.026,4.031,,4772
THERMAX,4880.0,3566.5,3566.5,,,,False,209876.75,2.506,6.432,,5983
THOMASCOOK,108.79,97.08,89.71,,,,False,693608.0,0.139,3.849,,5981
THOMASCOTT,340.45,282.1,246.0,,,,False,29182.85,0.014,3.478,,3579
THYROCARE,617.45,505.5,466.35,,,,False,1195416.65,0.037,4.295,,2532
TI,476.75,425.3,411.4,,,,False,508768.4,0.147,4.204,,3962
TICL,14.19,8.91,8.91,,,,False,339035.45,0.031,7.17,,4549
TIGERLOGS,34.97,28.83,28.83,,,,False,29431.75,0.404,4.829,,217
TIIL,2708.0,2436.7,2355.0,,,,False,8376.25,0.004,3.535,,4803
TIINDIA,3024.8999,2665.6001,2665.6001,,,,False,214067.7,0.174,4.047,,2163
TIJARIA,4.95,4.09,3.91,4.95,4.09,20.0,False,80051.25,0.071,2.285,-5.051,3649
TIL,271.94,202.24,173.09,,,,False,2491216.1,0.212,4.412,,5980
TIMESCAN,44.55,39.0,38.95,,,,False,2600.0,0.0,5.163,,1113
TIMETECHNO,217.19,173.06,162.5,,,,False,4444821.95,0.07,5.131,,4723
TIMEX,618.0,509.1,369.3,,,,False,391677.65,0.066,3.709,,71
TIMKEN,3449.6001,3035.1001,3035.1001,,,,False,51096.4,0.028,6.38,,5953
TINNARUBR,1322.0,888.0,770.95,,,,False,300510.65,0.097,5.37,,322
TIPSFILMS,434.9,308.0,308.0,,,,False,43166.55,0.053,4.651,,944
TIPSMUSIC,741.0,611.85,611.85,,,,False,1251577.3,0.016,3.066,,5981
TIRUMALCHM,183.47,158.3,158.3,,,,False,492809.0,0.038,4.5,,5981
TIRUPATI,510.0,397.55,397.55,,,,False,3462.5,0.072,14.0,,2175
TIRUPATIFL,83.9,63.5,40.45,,,,False,949986.1,0.027,4.012,,2175
TITAGARH,889.8,792.0,767.0,,,,False,350229.05,0.062,4.008,,4510
TITAN,4869.8999,4450.0,3962.8,,,,False,875417.8,0.07,6.874,,7679
TMB,917.0,748.6,676.1,,,,False,701999.35,0.032,4.991,,959
TMCV,439.0,398.0,357.05,,,,False,5781509.1,0.275,4.018,,181
TMPV,348.8,318.25,318.25,,,,False,7770667.9,0.111,4.988,,8982
TNPETRO,102.0,93.0,84.4,102.0,93.0,20.0,False,99363.6,1.076,2.917,-1.951,5981
TNPL,159.7,141.96,141.96,,,,False,286441.25,0.107,3.468,,5949
TNTELE,9.97,8.3,8.3,,,,False,26225.65,0.527,3.076,,6890
TOKYOPLAST,89.34,75.5,75.5,,,,False,1155.95,0.002,5.07,,5980
TOLINS,109.0,100.6,96.03,,,,False,44492.55,0.01,3.624,,467
TORNTPHARM,5085.7998,4695.1001,4240.2998,5085.7998,4695.1001,20.0,False,842410.9,0.225,2.559,-3.044,5984
TORNTPOWER,1474.0,1352.1,1352.1,,,,False,332754.9,0.044,4.255,,4855
TOTAL,58.5,45.0,45.0,,,,False,8894.45,0.053,4.604,,2218
TOUCHWOOD,73.4,65.11,65.11,,,,False,874.25,0.056,5.053,,2127
TPHQ,0.5,0.4,0.4,,,,False,1848063.7,0.084,3.784,,5830
TPLPLASTEH,90.33,75.26,63.6,,,,False,170010.7,0.246,4.822,,2770
TRACXN,30.98,29.01,29.01,30.98,29.01,20.0,False,89133.1,0.038,2.619,-3.777,936
TRANSPEK,1199.5,952.3,952.3,,,,True,14633.3,1.421,3.802,,72
TRANSRAILL,528.7,473.6,465.5,,,,False,267419.6,0.093,5.471,,398
TRANSTEEL,139.8,110.65,110.65,,,,False,45350.0,2.095,4.704,,673
TRANSWORLD,167.79,154.15,154.15,167.79,154.15,20.0,False,5279.65,0.0,2.336,-2.259,5981
TRAVELFOOD,1350.0,1255.5,1120.0,,,,False,16399.4,0.063,3.036,,263
TREEHOUSE,6.96,5.52,5.52,,,,False,30564.95,0.007,3.686,,3681
TREJHARA,146.0,128.4,128.4,146.0,128.4,20.0,False,19447.85,0.036,2.623,-6.849,1876
TREL,26.67,23.37,23.37,,,,False,65671.25,0.065,3.744,,734
TRENT,3365.0,2836.0,2680.0,,,,False,1353168.95,0.032,9.201,,5981
TRF,276.3,224.38,216.35,,,,False,39649.65,0.278,4.515,,4092
TRIDENT,26.86,24.62,23.51,,,,False,6224002.1,0.05,4.32,,5981
TRIDHYA,11.0,10.0,8.55,,,,False,1500.0,0.0,5.833,,752
TRIGYN,61.89,49.61,49.61,,,,False,36733.1,0.026,4.946,,5980
TRITURBINE,666.7,595.0,595.0,,,,False,718036.95,0.119,4.258,,3642
TRIVENI,490.1,224.75,224.75,,,,False,539354.05,0.03,10.008,,5093
TRU,5.79,4.52,4.52,,,,False,125278.45,0.057,4.716,,1047
TRUALT,470.3,408.3,408.3,,,,False,410004.1,0.075,3.239,,206
TRUST,31.7,27.0,27.0,31.7,27.0,20.0,False,9450.0,1.143,2.771,-13.091,574
TSFINV,493.45,424.85,381.25,,,,False,101655.85,0.129,4.016,,2064
TTKHLTCARE,1167.0,880.6,852.05,,,,False,28091.0,0.114,5.173,,4091
TTKPRESTIG,742.9,604.8,511.0,,,,False,757254.6,0.041,5.541,,5984
TTL,6.95,6.0,6.0,,,,False,112646.2,0.0,3.393,,4797
TTML,43.09,38.34,38.34,,,,False,2156160.0,0.14,3.103,,6421
TUNWAL,28.0,25.6,25.15,,,,False,83300.0,0.144,4.123,,502
TURTLEMINT,154.3,115.21,115.21,,,,False,1344096.05,0.082,5.434,,25
TVSELECT,538.3,472.1,433.3,,,,False,91907.8,0.158,4.085,,5981
TVSHLTD,15700.0,13750.0,13043.0,,,,False,11710.05,0.041,4.468,,5949
TVSMOTOR,4266.2002,3549.8999,3265.6001,,,,True,1216125.5,0.305,6.85,,6482
TVSSCS,146.5,129.22,110.66,,,,False,449526.55,0.024,5.398,,727
TVSSRICHAK,4349.8999,3865.8999,3566.0,,,,False,2751.4,0.057,4.807,,4803
TVTODAY,131.0,113.35,103.56,,,,False,28069.3,0.068,4.617,,5577
TVVISION,5.5,4.12,4.12,,,,False,10496.1,0.015,5.458,,2440
UBL,1459.9,1314.9,1276.0,,,,False,145955.45,0.036,4.277,,4442
UCAL,123.49,109.35,90.21,,,,False,8473.5,0.065,4.159,,6892
UCL,200.95,172.5,149.6,,,,True,4600.0,0.87,7.403,,1961
UCOBANK,27.09,25.28,24.16,,,,False,5620871.95,0.12,3.083,,5649
UDS,212.0,182.37,168.42,,,,False,358786.1,0.157,3.617,,699
UEL,153.72,117.51,117.51,,,,True,9771.2,10.888,5.086,,3645
UFBL,763.35,623.1,414.0,,,,False,106931.7,0.09,3.878,,1316
UFLEX,516.7,425.0,404.0,,,,False,777385.45,0.004,4.945,,5980
UFO,72.48,65.18,65.18,,,,False,38837.45,0.07,3.35,,2773
UGARSUGAR,44.65,38.72,36.71,,,,False,131888.2,0.183,3.424,,3936
UGROCAP,98.75,91.36,91.36,,,,False,128773.15,0.039,3.183,,1231
UJJIVANSFB,73.29,59.15,52.0,,,,False,28417153.3,0.059,5.046,,1646
ULTRACEMCO,12172.0,11288.0,10706.0,,,,False,284595.2,0.044,3.944,,5951
ULTRAMAR,399.7,365.0,364.1,,,,False,17216.35,0.019,3.289,,72
UMA,18.0,14.5,14.5,,,,False,7600.0,0.0,9.703,,884
UMAEXPORTS,22.42,19.01,19.01,,,,False,31458.55,0.01,4.424,,1067
UMESLTD,6.09,5.14,4.71,6.09,5.14,20.0,False,16586.05,0.002,2.956,-7.225,4582
UNICHEMLAB,687.2,454.05,339.5,,,,False,855813.65,0.001,8.627,,5984
UNIDT,234.98,210.0,203.3,234.98,210.0,20.0,False,4927.5,1.745,2.669,-5.486,1446
UNIECOM,91.92,83.1,83.1,,,,False,260833.4,0.051,4.975,,491
UNIENTER,113.0,94.25,94.25,,,,False,21007.35,0.009,4.13,,5980
UNIHEALTH,819.95,600.0,378.35,,,,False,24050.0,2.516,5.536,,703
UNIINFO,12.75,11.21,10.55,12.75,11.21,20.0,False,2415.65,0.498,2.433,-3.608,2069
UNIMECH,1323.0,1145.2,924.0,,,,False,132310.5,0.05,3.429,,395
UNIONBANK,179.4,153.5,153.5,,,,False,17877880.1,0.021,5.179,,5922
UNIPARTS,749.6,638.85,553.75,,,,True,140850.65,0.246,4.386,,900
UNITDSPR,1536.8,1351.0,1229.2,,,,False,1077266.25,0.057,5.36,,5981
UNITECH,4.85,4.18,4.18,,,,False,2875353.05,0.094,5.685,,5984
UNITEDPOLY,32.49,27.55,27.55,32.49,27.55,20.0,False,59209.05,0.026,2.542,-4.863,2316
UNITEDTEA,508.0,460.0,460.0,,,,False,2871.9,0.272,3.493,,4088
UNIVASTU,137.5,89.02,70.6,,,,False,179847.55,0.022,6.555,,1999
UNIVCABLES,1363.0,1077.0,1071.0,,,,False,114576.75,0.093,4.939,,5982
UNIVPHOTO,498.0,337.15,337.15,,,,False,1682.7,1.016,5.642,,1599
UNOMINDA,1184.8,1100.0,1031.3,,,,False,809704.35,0.068,3.069,,4811
UPL,629.0,575.5,563.15,,,,False,1828130.8,0.108,3.764,,5982
URAVIDEF,132.0,106.55,106.55,,,,False,17747.75,0.005,4.543,,2050
URBAN,138.5,123.0,121.0,138.5,123.0,20.0,False,24680.0,1.005,2.78,-4.368,765
URBANCO,140.23,126.8,117.93,,,,False,1683929.85,0.112,3.808,,218
URJA,10.0,8.94,8.94,,,,False,643624.4,0.094,5.1,,2312
USASEEDS,93.0,76.5,76.5,,,,False,556.4,0.0,8.221,,980
USHAMART,527.0,485.0,460.0,,,,False,507339.25,0.076,3.078,,6113
USK,24.01,21.05,21.02,24.01,21.05,20.0,False,15929.0,0.031,2.892,-6.289,822
UTIAMC,1035.9,876.0,876.0,,,,False,379279.45,0.06,6.306,,1438
UTKARSHBNK,15.7,13.88,12.3,,,,False,5081222.75,0.027,4.356,,750
UTLSOLAR,402.45,321.2,270.9,,,,False,485922.9,0.071,4.96,,175
UTTAMSUGAR,251.5,219.42,219.42,,,,False,84364.85,0.025,5.547,,5014
UWCSL,101.9,91.55,88.8,,,,False,500.0,0.0,9.596,,1905
UYFINCORP,19.96,15.24,13.23,,,,False,498346.9,0.247,4.595,,453
V2RETAIL,235.0,215.7,214.0,,,,False,717517.1,0.09,3.623,,4708
VADILALIND,7449.0,6195.0,4327.0,,,,False,16962.5,0.106,5.074,,3731
VAIBHAVGBL,282.3,231.72,219.32,,,,False,728128.6,0.067,4.313,,5521
VAISHALI,8.2,6.96,6.81,8.2,6.96,20.0,False,126485.3,0.022,2.618,-9.878,2209
VAKRANGEE,6.26,5.68,5.68,,,,False,1176747.2,0.064,3.593,,5018
VALIANTLAB,66.0,59.15,59.15,66.0,59.15,20.0,False,10460.8,1.262,2.533,-8.591,696
VALIANTORG,283.9,259.05,259.05,,,,False,8069.7,0.027,3.03,,1442
VAML,473.7,423.15,423.15,,,,False,8899694.3,0.302,3.356,,35
VARDHACRLC,48.55,41.5,41.5,,,,False,36807.3,0.048,4.559,,5656
VARDMNPOLY,7.0,5.72,5.72,,,,False,189516.4,0.812,4.36,,5949
VARROC,683.3,629.55,551.65,,,,False,124244.4,0.065,3.033,,1992
VASCONEQ,34.99,31.5,30.27,,,,False,136210.3,0.072,3.16,,4067
VASWANI,56.42,51.42,51.42,,,,False,19659.65,0.403,3.359,,3641
VBL,512.3,423.0,423.0,,,,False,8106525.4,0.035,7.431,,2408
VCL,1.38,0.97,0.97,,,,False,339069.25,0.453,5.857,,1062
VEDL,282.85,249.7,249.7,,,,False,11258249.95,0.238,4.87,,7679
VEDPOWER,46.31,33.06,33.06,,,,False,28951213.45,0.134,8.143,,35
VEEDOL,1482.0,1373.0,1373.0,,,,False,8388.4,0.039,4.356,,4822
VEEKAYEM,139.65,118.75,118.75,,,,False,1450.0,4.138,13.835,,972
VELJAN,1878.9,1573.0,960.0,,,,False,1210.25,0.008,3.639,,72
VENKEYS,1584.6,1395.5,1350.1,,,,False,41536.5,0.087,4.168,,5980
VENTIVE,649.95,601.2,601.0,,,,False,15735.4,0.029,3.805,,397
VENUSPIPES,1875.0,1648.4,1336.9,,,,False,90016.6,0.045,3.748,,1038
VENUSREM,1959.0,1471.1,1101.9,,,,False,52258.35,0.067,4.663,,4837
VERA,78.25,65.55,65.55,,,,True,3675.0,0.0,14.0,,2040
VERANDA,265.96,219.74,213.22,,,,False,286234.7,0.012,5.225,,1067
VERITAAS,40.15,36.3,34.5,,,,False,420.0,0.0,14.0,,546
VERTEXPLUS,49.1,42.35,35.95,,,,False,720.0,3.333,27.794,,833
VERTOZ,40.0,34.0,34.0,,,,False,37761.3,0.015,3.513,,2146
VESUVIUS,480.0,441.05,439.55,,,,False,65787.9,0.036,4.415,,5980
VETO,134.1,116.55,111.16,,,,False,22008.65,0.005,3.558,,2784
VGL,66.0,59.0,57.1,,,,False,19687.2,0.053,3.09,,4860
VGUARD,338.8,288.8,288.8,,,,False,1974837.35,0.511,4.897,,4532
VHL,3640.0,3301.0,3301.0,,,,False,533.4,0.022,3.637,,5980
VHLTD,135.5,126.0,125.35,135.5,126.0,20.0,False,14964.0,0.001,2.446,-0.878,4673
VIAZ,62.95,57.8,57.8,,,,False,3900.0,0.0,5.791,,841
VIDHIING,333.0,282.6,270.0,333.0,282.6,20.0,False,73914.5,0.114,2.965,-6.036,2572
VIDYAWIRES,101.45,86.41,84.84,,,,False,744822.3,0.065,5.403,,161
VIJAYA,1440.0,1291.0,1212.0,,,,False,174087.65,0.081,3.542,,1209
VIJIFIN,10.01,6.95,3.66,,,,True,244717.75,0.461,18.153,,2485
VIKASECO,1.25,1.09,1.09,,,,False,1841580.8,0.056,4.87,,3614
VIKASLIFE,1.46,1.24,1.24,,,,False,2035206.8,0.117,4.968,,1793
VIKRAMSOLR,205.99,174.38,174.38,,,,False,2276401.3,0.109,6.39,,233
VIKRAN,78.45,69.39,65.4,,,,False,2032495.65,0.063,4.533,,228
VILAS,417.8,345.0,340.0,,,,False,22887.5,0.557,4.838,,537
VILINBIO,49.05,38.65,38.65,,,,False,11000.0,0.0,8.392,,760
VIMTALABS,634.0,526.75,451.55,,,,False,717044.45,0.036,3.398,,5091
VINATIORGA,1362.0,1270.5,1270.5,,,,False,57736.25,0.09,3.138,,4202
VINCOFE,168.0,146.8,130.27,,,,False,2524017.1,0.165,3.214,,445
VINDHYATEL,2051.2,1752.0,1600.0,,,,False,26928.9,0.203,3.375,,5981
VINEETLAB,40.2,31.5,31.5,,,,False,55572.35,0.036,3.793,,1271
VINNY,1.18,1.03,1.01,,,,False,314841.0,0.049,3.818,,1917
VINSYS,532.0,458.0,311.55,,,,True,12250.0,0.347,9.333,,730
VINYAS,1541.0,1203.1,975.1,,,,False,9915.0,0.736,5.878,,693
VINYLINDIA,269.0,232.8,232.8,,,,False,12652.8,0.164,3.997,,4582
VIPCLOTHNG,25.4,20.85,20.85,,,,False,49813.55,0.001,6.049,,4684
VIPIND,310.0,288.0,288.0,,,,False,135614.3,0.018,3.029,,5980
VIPULLTD,18.6,10.95,8.55,,,,False,845583.8,0.015,8.473,,4091
VIRINCHI,16.92,15.07,14.7,16.92,15.07,20.0,False,46724.8,0.101,2.849,-7.979,806
VISACHROME,44.5,36.49,36.49,,,,False,41741.7,0.192,5.557,,5027
VISAKAIND,87.9,76.51,70.41,,,,False,220406.75,0.073,3.39,,5980
VISHNU,670.0,580.4,566.15,,,,False,132283.35,0.054,4.267,,2819
VISHNUINFR,168.0,154.95,149.55,,,,False,8300.0,0.301,3.544,,692
VISHWARAJ,5.64,5.09,5.09,,,,False,144557.9,0.111,3.756,,1684
VISHWAS,50.25,43.95,43.95,,,,False,3760.0,0.0,8.129,,579
VISL,40.0,29.25,19.06,,,,False,49488219.1,0.071,7.285,,35
VITAL,58.79,46.0,46.0,,,,False,2311.35,0.52,16.657,,917
VIVIANA,822.0,675.05,675.05,,,,False,18623.55,0.022,4.585,,956
VIVIDHA,0.57,0.5,0.5,0.57,0.5,20.0,False,203525.95,0.135,2.97,-10.526,3258
VIVIMEDLAB,5.98,4.94,4.94,,,,False,59301.75,0.019,3.893,,5170
VIVO,85.25,73.6,70.3,,,,True,320.0,5.0,20.646,,1121
VIYASH,298.0,248.0,241.3,,,,False,1240923.75,0.156,5.94,,2569
VLEGOV,12.4,10.01,10.01,,,,False,102176.1,0.241,6.679,,732
VLSFINANCE,264.0,248.25,220.0,264.0,248.25,20.0,False,11266.9,0.021,2.974,-3.731,5983
VMARCIND,311.9,248.0,248.0,,,,False,264150.0,0.454,4.875,,1286
VMART,804.9,682.65,641.05,,,,False,157722.7,0.046,3.944,,3317
VMM,120.98,106.31,106.31,,,,False,9699974.85,0.091,4.995,,404
VMSTMT,50.0,42.52,42.1,,,,False,23259.6,0.229,5.751,,212
VOEPL,534.45,434.35,428.65,,,,False,151091.25,0.031,3.137,,23
VOGL,41.8,32.12,30.42,,,,False,52343298.5,0.166,5.509,,35
VOLTAMP,9932.0,9078.0,9078.0,,,,False,24598.35,0.191,4.726,,4901
VOLTAS,1403.0,1247.0,1204.0,,,,False,697397.1,0.095,4.765,,5984
VPRPL,29.4,25.04,23.94,,,,False,138282.65,0.062,5.484,,719
VR,119.05,98.0,98.0,,,,True,820.0,0.976,12.305,,588
VRAJ,148.5,112.0,112.0,,,,False,93476.8,0.019,4.904,,519
VRLLOG,267.87,227.38,227.38,,,,False,360348.5,0.035,4.962,,2782
VSCL,31.8,28.55,19.95,,,,False,3600.0,0.0,,,2261
VSSL,325.85,266.0,260.05,,,,False,213417.4,0.035,4.701,,3506
VSTIND,271.95,215.0,215.0,,,,False,458163.95,0.07,10.553,,5982
VSTL,118.0,106.81,106.81,,,,False,8602.1,0.068,3.813,,606
VSTTILLERS,4727.0,4355.2002,4275.0,,,,False,5891.4,0.077,4.292,,3729
VTL,688.0,596.9,570.25,,,,False,306185.2,0.294,4.322,,5981
WAAREEENER,2930.0,2561.0,2561.0,,,,False,873952.95,0.394,4.672,,439
WAAREEINDO,406.0,282.8,282.8,,,,False,69185.25,1.144,8.882,,3909
WAAREERTL,1030.0,895.1,895.1,,,,False,226212.4,0.109,4.984,,327
WABAG,2253.5,1856.0,1442.1,,,,False,792411.3,0.087,4.859,,3900
WAKEFIT,158.79,120.26,111.4,,,,False,8102479.8,0.021,4.676,,157
WALCHANNAG,267.0,219.4,219.4,,,,False,1121732.95,0.066,4.96,,5981
WALPAR,35.5,29.15,21.25,,,,False,3100.0,0.0,43.366,,1239
WANBURY,358.85,269.0,248.7,,,,False,790162.75,0.033,4.566,,4813
WCIL,99.83,88.1,88.1,,,,False,47031.75,0.053,5.758,,462
WEALTH,1019.95,911.0,891.05,,,,False,1720.7,0.082,3.677,,2315
WEBELSOLAR,106.4,94.2,94.2,,,,False,1558679.95,0.245,3.673,,4744
WEIZMANIND,84.99,76.02,75.76,,,,False,2299.85,1.045,3.209,,5979
WEL,122.19,98.54,89.1,,,,False,147412.45,0.164,6.944,,1719
WELCORP,1700.0,1425.0,1284.9,,,,False,1403480.25,0.025,5.097,,6508
WELENT,634.9,585.0,493.45,,,,False,262083.85,0.02,3.499,,5371
WELINV,1980.0,1710.0,1686.3,,,,False,174.25,0.034,3.422,,5609
WELSPLSOL,56.0,48.75,41.5,,,,False,564356.1,0.012,3.215,,71
WELSPUNLIV,174.97,157.1,133.34,,,,False,1618968.8,0.07,3.36,,5609
WENDT,8600.0,7300.0,6578.5,,,,False,9353.1,0.063,4.898,,4931
WESTLIFE,540.1,443.75,410.7,,,,False,241785.0,0.096,3.632,,1722
WEWIN,50.0,43.71,43.71,,,,False,1911.25,0.064,3.675,,1991
WEWORK,767.0,657.0,546.7,,,,False,485906.5,0.047,3.62,,200
WHEELS,1533.9,1375.0,1375.0,,,,False,102335.7,0.041,3.139,,5981
WHIRLPOOL,824.95,753.15,753.15,,,,False,355736.05,0.082,3.493,,5953
WILLAMAGOR,28.7,24.55,24.55,28.7,24.55,20.0,False,1512.25,0.073,2.925,-11.847,5979
WINDLAS,894.0,820.0,770.15,894.0,820.0,20.0,False,41361.9,0.026,2.838,-4.004,1228
WINDMACHIN,328.0,273.4,273.4,,,,False,77655.25,0.013,4.584,,5949
WINNY,41.25,32.3,32.3,,,,False,3575.0,0.0,12.165,,521
WINSOL,126.0,108.05,108.05,,,,False,5200.0,0.769,5.296,,549
WINSOME,836.6667,2.02,2.02,,,,True,31712.9,0.017,13.997,,5979
WIPL,179.5,157.0,140.0,179.5,157.0,20.0,False,3599.15,0.024,2.872,-7.799,2296
WIPRO,191.34,171.65,169.0,,,,False,16179389.0,0.219,5.277,,7679
WOCKPHARMA,1950.0,1792.4,1571.0,,,,False,548294.55,0.113,3.086,,5983
WOMANCART,110.95,88.0,88.0,,,,False,21660.0,0.111,3.576,,679
WONDERLA,500.45,456.2,456.2,,,,False,39789.95,0.106,4.436,,3019
WORTHPERI,153.5,128.36,120.0,,,,False,18760.45,0.006,3.901,,2184
WPIL,507.9,427.0,413.4,,,,False,65512.1,0.297,3.875,,72
WSI,67.2,59.3,59.3,67.2,59.3,20.0,False,67246.0,0.182,2.618,-10.089,4686
WSTCSTPAPR,590.0,509.0,480.0,,,,False,239117.05,0.025,4.059,,5983
WTICAB,140.0,110.05,81.6,,,,False,20200.0,0.842,4.166,,605
XCHANGING,68.8,61.07,60.5,,,,False,93019.0,0.06,4.441,,5283
XELPMOC,87.49,76.0,76.0,87.49,76.0,20.0,False,8224.2,0.387,2.932,-6.846,1850
XPROINDIA,1534.0,1329.1,1087.7,,,,False,26613.7,0.73,4.598,,5507
XTGLOBAL,32.35,27.05,26.92,,,,False,78768.9,0.013,4.37,,467
YASHO,3365.0,2745.0,2012.0,,,,False,18410.4,0.224,4.145,,726
YASHOPTICS,135.0,106.05,106.05,,,,False,9120.0,0.526,9.415,,572
YATHARTH,871.0,794.95,776.35,,,,False,209109.8,0.046,3.689,,739
YATRA,118.5,104.0,94.4,,,,False,847992.6,0.052,4.563,,703
YCCL,10.9,9.2,8.55,,,,False,3750.0,0.8,7.104,,737
YESBANK,24.79,22.46,22.01,,,,False,65994452.55,0.078,5.723,,5197
YUDIZ,27.0,22.8,22.15,,,,False,2280.0,0.351,8.46,,728
YUKEN,786.95,695.0,653.5,,,,False,8393.35,0.022,4.162,,1216
ZAGGLE,222.18,198.9,193.01,,,,False,630854.6,0.093,4.365,,707
ZEAL,68.65,60.5,60.5,,,,False,2460.0,1.951,6.168,,732
ZEEL,115.99,96.3,82.38,,,,True,19556823.95,0.402,4.611,,5981
ZEELEARN,9.25,7.88,5.76,,,,False,394974.5,0.032,3.262,,3854
ZEEMEDIA,8.74,7.4,7.4,,,,False,830074.2,0.143,5.518,,5949
ZENITHDRUG,54.35,46.25,37.0,,,,False,8880.0,0.811,5.614,,597
ZENITHEXPO,208.87,190.4,190.4,208.87,190.4,20.0,False,227.7,0.343,2.738,-5.908,5978
ZENITHSTL,6.19,5.22,5.22,6.19,5.22,20.0,False,88560.3,0.076,2.817,-9.532,4751
ZENSARTECH,558.0,442.55,423.0,,,,False,7681017.15,0.056,4.961,,5981
ZENTEC,1904.0,1600.0,1582.3,,,,False,570826.25,0.077,5.312,,2803
ZFCVINDIA,2499.0,2260.0,2260.0,2499.0,2260.0,20.0,False,183479.4,0.017,2.739,-4.686,5951
ZFSTEERING,798.9,652.0,620.65,,,,False,6698.1,0.001,4.459,,73
ZIMLAB,125.42,111.5,96.02,,,,False,17231.6,0.827,5.36,,910
ZODIAC,278.0,233.6,233.6,,,,False,6242.95,0.065,5.295,,1706
ZODIACLOTH,90.0,72.2,71.1,,,,False,21633.1,0.01,4.517,,5979
ZOTA,1478.0,1213.0,1100.0,,,,False,46307.75,0.034,6.122,,2282
ZSARACOM,14400.0,9720.0,9000.0,,,,False,241.6,0.091,8.8,,71
ZTECH,651.1,505.1,505.1,,,,False,13260.0,1.493,5.611,,534
ZUARI,246.55,215.25,209.05,,,,False,134031.2,0.033,4.88,,3377
ZUARIIND,274.65,249.05,237.6,,,,False,26976.6,0.015,3.595,,5980
ZYDUSLIFE,1181.5,1095.2,1041.5,,,,False,1147182.8,0.021,3.774,,6551
ZYDUSWELL,611.85,544.05,480.0,,,,False,394167.0,0.033,3.135,,4129
