symbol,date,prev_close,close,ttl_traded_qty,deliv_qty,deliv_pct,turnover_lacs,no_of_trades
ZSARACOM,2026-08-27,11261.0,11046.0,44,44,100.0,4.91,25
VIVIDHA,2026-08-27,0.51,0.52,83499,83499,100.0,0.43,119
NEAGI,2026-08-27,3480.0,3306.0,99,99,100.0,3.29,24
HBPOR,2026-08-27,58.31,59.5,662,662,100.0,0.4,16
GRAVISSHO,2026-08-27,30.92,30.85,1,1,100.0,0.0,1
UPHOT,2026-08-27,1331.0,1397.0,37,37,100.0,0.51,9
MSL,2026-08-27,146.91,147.0,47,47,100.0,0.07,9
PIONEEREMB,2026-08-27,21.92,21.98,2199,2199,100.0,0.48,27
UEL,2026-08-27,171.74,180.32,5389,5389,100.0,9.72,48
RRECL,2026-08-27,151.66,145.0,12,12,100.0,0.02,4
EMPOWER,2026-08-27,2.34,2.23,887389,887364,100.0,19.79,728
BLUECHIP,2026-08-27,2.06,2.1,122,122,100.0,0.0,3
INDOTHAI,2026-08-27,51.16,48.61,200129,200129,100.0,97.28,1014
ELCIDIN,2026-08-27,109000.0,109130.0,4,4,100.0,4.35,4
SAYAJIIND,2026-08-27,117.46,117.49,102,102,100.0,0.12,3
SHIVAMILLS,2026-08-27,60.48,62.6,115,115,100.0,0.07,7
SAB,2026-08-27,173.0,170.0,101,101,100.0,0.17,6
KANCOTEA,2026-08-27,56.35,56.35,6,6,100.0,0.0,2
ARYAMAN,2026-08-27,625.0,625.0,1,1,100.0,0.01,1
TERAI,2026-08-27,123.28,125.9,1,1,100.0,0.0,1
THAKDEV,2026-08-27,140.94,140.65,273,273,100.0,0.38,3
INDPRUD,2026-08-27,6220.5,6200.0,22,22,100.0,1.36,9
ARCL,2026-08-27,228.0,232.0,161,161,100.0,0.36,13
GANGAFORGE,2026-08-27,1.77,1.69,1953251,1953251,100.0,33.01,1179
SURAJLTD,2026-08-27,213.51,214.0,33,33,100.0,0.07,6
SHERVANI,2026-08-27,321.15,321.45,54,54,100.0,0.17,9
SIMPLXREA,2026-08-27,125.4,130.4,3,3,100.0,0.0,3
LADDERUP,2026-08-27,53.47,52.1,13,13,100.0,0.01,4
YOGI,2026-08-27,163.09,165.38,965,965,100.0,1.58,25
GKB,2026-08-27,64.67,65.0,84,84,100.0,0.05,4
GLOBALE,2026-08-27,11.49,11.24,837,837,100.0,0.1,8
TAKE,2026-08-27,17.87,16.98,56409,56349,99.89,9.58,295
SHRIKRISH,2026-08-27,38.2,36.55,962,960,99.79,0.37,6
SRGHFL,2026-08-27,260.0,260.0,394,393,99.75,1.01,11
VIJSOLX,2026-08-27,698.45,696.0,356,355,99.72,2.46,29
TRANSCOR,2026-08-27,24.58,25.95,10945,10909,99.67,2.84,91
ANSALBU,2026-08-27,72.01,85.69,263,262,99.62,0.2,4
PAVNAIND,2026-08-27,18.51,18.51,348252,346928,99.62,64.77,96
VISACHROME,2026-08-27,37.3,37.21,4085526,4069412,99.61,1511.6,4097
21STCENMGM,2026-08-27,42.59,42.0,4547,4522,99.45,1.9,31
SAHLIBHFI,2026-08-27,74.51,75.0,7785,7742,99.45,5.82,79
AMARJOTHI,2026-08-27,160.5,160.0,153,152,99.35,0.25,10
SURYALA,2026-08-27,380.85,382.15,146,145,99.32,0.56,12
SURYALAXMI,2026-08-27,57.92,57.14,1810,1795,99.17,1.03,64
WILLAMAGOR,2026-08-27,24.05,24.1,90,89,98.89,0.02,7
MADHAV,2026-08-27,34.84,35.19,1831,1810,98.85,0.63,71
SUMEDHA,2026-08-27,39.8,39.27,1710,1690,98.83,0.67,15
LOYALTEX,2026-08-27,215.0,218.9,394,389,98.73,0.86,20
DEEP,2026-08-27,38.01,37.44,4111,4058,98.71,1.52,65
PBMPOLY,2026-08-27,60.3,60.2,65,64,98.46,0.04,6
PARNAXLAB,2026-08-27,123.71,123.41,1460,1436,98.36,1.8,17
PAR,2026-08-27,99.54,99.56,10240,10052,98.16,10.19,67
SHYAMTEL,2026-08-27,13.15,13.1,8266,8084,97.8,1.08,36
HBSL,2026-08-27,52.24,51.99,283,276,97.53,0.15,28
INNOVANA,2026-08-27,316.9,313.6,1647,1605,97.45,5.21,55
RPPINFRA,2026-08-27,57.18,57.53,535308,520724,97.28,304.46,629
ATLASCYCLE,2026-08-27,96.63,96.28,1180,1142,96.78,1.14,39
SVPGLOB,2026-08-27,3.74,3.75,4717,4563,96.74,0.18,46
SHILGRAVQ,2026-08-27,169.39,169.0,725,701,96.69,1.21,30
MFML,2026-08-27,18.71,18.53,11692,11305,96.69,2.19,51
RTSPOWR,2026-08-27,94.18,89.44,6949,6705,96.49,6.26,122
RAJPALAYAM,2026-08-27,826.9,810.0,385,371,96.36,3.13,20
GTPL,2026-08-27,54.5,53.95,389861,375568,96.33,210.57,716
KJMCFIN,2026-08-27,73.78,69.11,7457,7177,96.25,5.04,82
GLOSTERLTD,2026-08-27,595.35,604.4,405,389,96.05,2.44,46
ASIANHOTNR,2026-08-27,306.7,312.05,101028,96821,95.84,311.4,685
WEIZMANIND,2026-08-27,75.63,75.6,401,384,95.76,0.3,25
BENARAS,2026-08-27,10200.0,10200.0,23,22,95.65,2.32,5
UNITEDTEA,2026-08-27,460.15,454.9,2733,2613,95.61,12.45,91
CYBERMEDIA,2026-08-27,18.17,18.41,22560,21536,95.46,4.2,73
CFEL,2026-08-27,32.69,31.63,13940,13275,95.23,4.46,77
UDAYJEW,2026-08-27,141.8,143.28,705,671,95.18,0.99,23
GLFL,2026-08-27,5.73,5.45,15365,14625,95.18,0.84,31
RHL,2026-08-27,169.75,166.54,1991,1893,95.08,3.3,21
ENKEIWHEL,2026-08-27,404.8,396.95,17585,16710,95.02,70.17,123
DHRUV,2026-08-27,24.5,24.2,5561,5283,95.0,1.35,58
ABCOTS,2026-08-27,205.36,204.5,7494,7106,94.82,15.44,95
NTCIND,2026-08-27,135.91,136.42,541,513,94.82,0.72,36
COMPUSOFT,2026-08-27,13.29,13.47,28431,26897,94.6,3.8,142
BENGALASM,2026-08-27,6160.0,6248.0,289,273,94.46,17.96,69
DCMFINSERV,2026-08-27,5.34,5.43,3239,3056,94.35,0.17,84
VIPCLOTHNG,2026-08-27,20.53,20.38,24546,23156,94.34,5.01,134
TIJARIA,2026-08-27,5.92,5.92,53557,50386,94.08,3.15,181
ANTGRAPHIC,2026-08-27,0.73,0.72,54840,51552,94.0,0.4,105
HBESD,2026-08-27,76.31,75.95,510,479,93.92,0.38,25
PRAXIS,2026-08-27,5.13,4.98,137214,128795,93.86,6.92,235
AJOONI,2026-08-27,3.89,3.79,222938,209137,93.81,8.58,391
ALFREDHE,2026-08-27,2901.8,2910.8,16,15,93.75,0.47,5
MONEYBOXX,2026-08-27,56.0,56.0,9576,8974,93.71,5.37,50
NATIONSTD,2026-08-27,108.88,103.44,39226,36748,93.68,40.63,371
SHRJAGP,2026-08-27,680.7,682.85,578,541,93.6,3.89,37
TOUCHWOOD,2026-08-27,62.65,61.0,2552,2388,93.57,1.57,83
ANIKINDS,2026-08-27,47.21,46.5,5680,5315,93.57,2.65,35
CCCL,2026-08-27,15.07,14.98,185633,172899,93.14,27.89,497
GUJRAFFIA,2026-08-27,40.89,41.0,291,271,93.13,0.12,20
WIPL,2026-08-27,167.98,163.54,4191,3902,93.1,6.91,44
NIBL,2026-08-27,30.65,30.58,13529,12534,92.65,4.14,116
ARCHIES,2026-08-27,13.51,13.4,12809,11854,92.54,1.74,51
MMWL,2026-08-27,15.6,14.97,52297,48384,92.52,7.89,179
KNAGRI,2026-08-27,215.29,214.23,12730,11715,92.03,27.31,143
REGENCERAM,2026-08-27,33.0,33.0,3706,3403,91.82,1.22,28
CINELINE,2026-08-27,89.73,89.37,9587,8783,91.61,8.62,185
SINCLAIR,2026-08-27,74.86,79.92,143654,131504,91.54,113.15,530
MURUDCERA,2026-08-27,30.62,30.65,4805,4398,91.53,1.47,68
VSTL,2026-08-27,112.1,112.63,7077,6465,91.35,7.95,135
NATHBIOGEN,2026-08-27,152.81,153.86,17896,16333,91.27,27.42,249
SURAJEST,2026-08-27,196.01,195.77,143225,130642,91.21,279.09,646
PRAENG,2026-08-27,19.44,19.76,11024,10051,91.17,2.18,85
HEADSUP,2026-08-27,6.46,6.87,8022,7311,91.14,0.55,137
KARMAENG,2026-08-27,38.0,38.05,410,373,90.98,0.16,17
LAXMICOT,2026-08-27,13.74,13.83,9049,8233,90.98,1.25,50
KREBSBIO,2026-08-27,53.0,56.21,4874,4434,90.97,2.71,153
ZFSTEERING,2026-08-27,669.6,671.25,1786,1624,90.93,11.99,83
LAHOTIOV,2026-08-27,42.72,41.72,22,20,90.91,0.01,6
VINNY,2026-08-27,1.06,1.04,336724,305551,90.74,3.52,148
KRITI,2026-08-27,64.14,64.08,9207,8338,90.56,5.93,76
BLBLIMITED,2026-08-27,15.87,16.04,79408,71894,90.54,12.66,152
PILITA,2026-08-27,8.14,8.11,86576,78150,90.27,7.12,137
RNBDENIMS,2026-08-27,8.93,9.37,284132,256164,90.16,26.48,443
VIVOBIOT,2026-08-27,18.5,18.8,27829,25088,90.15,5.14,110
MOHITE,2026-08-27,2.59,2.64,17300,15557,89.92,0.45,71
RVHL,2026-08-27,40.96,39.78,18438,16570,89.87,7.18,182
KAMANWALA,2026-08-27,16.38,16.52,5619,5047,89.82,0.91,62
SHBAJRG,2026-08-27,162.13,171.19,4323,3881,89.78,7.3,106
ASPINWALL,2026-08-27,259.15,261.26,3080,2763,89.71,8.09,108
USK,2026-08-27,21.56,21.31,9962,8935,89.69,2.13,123
SIEL,2026-08-27,32.85,34.49,2288,2051,89.64,0.79,28
BAIDFIN,2026-08-27,9.79,9.76,117995,105695,89.58,11.55,203
PRISMX,2026-08-27,0.54,0.53,83271,74583,89.57,0.44,91
INDOWIND,2026-08-27,9.34,9.21,83274,74551,89.52,7.69,319
HDBFS,2026-08-27,687.5,685.15,2515560,2251575,89.51,17265.06,29343
LAGNAM,2026-08-27,75.55,75.47,4794,4290,89.49,3.63,89
POLYSPIN,2026-08-27,29.5,31.93,114,102,89.47,0.03,12
MOKSH,2026-08-27,10.41,10.08,210111,187879,89.42,21.33,490
SGLRES,2026-08-27,2.38,2.32,24319,21716,89.3,0.56,88
INDOUS,2026-08-27,80.96,80.79,4183,3734,89.27,3.39,80
INDIQUBE,2026-08-27,191.96,191.06,205256,182436,88.88,389.83,3940
SHIVACEM,2026-08-27,16.58,16.55,21023,18654,88.73,3.47,147
EUROBOND,2026-08-27,155.54,151.24,10287,9111,88.57,15.55,283
TFL,2026-08-27,11.71,12.07,33191,29385,88.53,3.99,93
MAHAPEXLTD,2026-08-27,57.28,55.95,5127,4535,88.45,2.9,105
VEDAVAAG,2026-08-27,18.5,18.36,13071,11546,88.33,2.41,109
BALAXI,2026-08-27,22.41,22.44,6825,6027,88.31,1.55,92
RADIOCITY,2026-08-27,6.62,6.57,31627,27927,88.3,2.08,113
DIGIDRIVE,2026-08-27,17.95,17.77,17538,15474,88.23,3.11,165
AMJLAND,2026-08-27,38.68,39.22,9682,8531,88.11,3.78,74
ADL,2026-08-27,72.47,70.91,369,325,88.08,0.27,22
RUBFILA,2026-08-27,65.9,66.54,18575,16347,88.01,12.33,342
NAGREEKEXP,2026-08-27,22.06,22.52,5505,4843,87.97,1.24,89
PREMCO,2026-08-27,381.45,384.35,381,335,87.93,1.46,38
CINEVISTA,2026-08-27,14.53,14.18,8518,7482,87.84,1.22,67
ODYCORP,2026-08-27,7.11,7.1,52084,45720,87.78,3.71,106
INDOKEM,2026-08-27,624.0,610.85,1758,1542,87.71,10.8,156
LINC,2026-08-27,97.2,95.04,23995,21034,87.66,22.88,403
DHARMAJ,2026-08-27,269.55,270.8,104452,91508,87.61,281.94,1845
AURUS,2026-08-27,4.61,4.57,4322,3783,87.53,0.2,136
VOITHPAPR,2026-08-27,1460.0,1459.8,849,742,87.4,12.37,64
BALPHARMA,2026-08-27,83.57,85.02,6257,5461,87.28,5.31,189
HRYNSHP,2026-08-27,102.49,99.86,314,274,87.26,0.32,32
KHANDSE,2026-08-27,17.05,17.38,431,376,87.24,0.08,41
NIRAJISPAT,2026-08-27,216.0,246.59,556,485,87.23,1.3,17
BIMETAL,2026-08-27,630.1,618.5,579,505,87.22,3.55,88
KRISHIVAL,2026-08-27,396.0,406.5,18323,15968,87.15,73.84,306
VIDHIING,2026-08-27,341.0,350.1,135580,118063,87.08,474.09,2637
UNIINFO,2026-08-27,10.93,10.97,4881,4236,86.79,0.52,59
AFSL,2026-08-27,201.0,202.04,3110,2699,86.78,6.28,82
UTIAMC,2026-08-27,897.2,890.7,122786,106536,86.77,1093.37,3529
OBCL,2026-08-27,57.68,56.16,3976,3445,86.64,2.26,69
ACGL,2026-08-27,1802.9,1805.3,378,327,86.51,6.8,64
BANKA,2026-08-27,78.44,79.62,4726,4086,86.46,3.7,30
SAMPANN,2026-08-27,26.1,25.61,12017,10381,86.39,3.11,128
JENBURPH,2026-08-27,1050.1,1032.8,665,574,86.32,6.95,51
DUCON,2026-08-27,2.35,2.17,2072072,1786201,86.2,47.14,1268
AMNPLST,2026-08-27,189.28,186.81,2281,1964,86.1,4.25,97
GOYALALUM,2026-08-27,6.36,6.33,50418,43378,86.04,3.19,277
LEXUS,2026-08-27,13.75,13.07,45143,38778,85.9,5.99,189
CSLFINANCE,2026-08-27,229.74,226.87,16640,14284,85.84,38.15,358
STARPAPER,2026-08-27,146.87,148.97,18090,15526,85.83,27.0,228
MASKINVEST,2026-08-27,151.72,146.3,7,6,85.71,0.01,3
PHOENXINTL,2026-08-27,30.66,30.31,928,795,85.67,0.29,34
EXXARO,2026-08-27,6.16,6.19,94104,80575,85.62,5.84,282
NEXTMEDIA,2026-08-27,3.58,3.85,21424,18328,85.55,0.8,76
SINTERCOM,2026-08-27,79.06,79.82,1034,884,85.49,0.82,19
SADBHAV,2026-08-27,8.07,8.47,287558,245746,85.46,23.62,451
SHRADDHA,2026-08-27,146.36,151.27,7787,6649,85.39,11.52,137
DIAMONDYD,2026-08-27,1167.3,1175.0,35814,30548,85.3,422.75,1158
GSLSU,2026-08-27,28.69,27.26,249344,212543,85.24,68.65,1194
CREST,2026-08-27,372.35,371.85,4173,3549,85.05,15.57,182
NOIDATOLL,2026-08-27,4.13,4.13,36328,30895,85.04,1.49,201
PODDARMENT,2026-08-27,248.3,245.8,2808,2384,84.9,6.94,81
GKWLIMITED,2026-08-27,1580.0,1599.8,171,145,84.8,2.74,30
MITTAL,2026-08-27,0.85,0.85,403760,341899,84.68,3.46,389
DIGISPICE,2026-08-27,16.93,16.99,53031,44889,84.65,8.98,113
MEGASTAR,2026-08-27,309.8,309.2,1384,1170,84.54,4.28,105
SEIL,2026-08-27,211.66,208.11,329879,278821,84.52,690.13,1637
SHANTI,2026-08-27,6.22,6.11,14368,12143,84.51,0.88,84
SRIKPRIND,2026-08-27,20.88,20.65,3570,3015,84.45,0.74,20
ACEINTEG,2026-08-27,17.72,17.38,1130,954,84.42,0.2,44
SWARNSAR,2026-08-27,34.46,34.57,5171,4362,84.36,1.78,41
NDL,2026-08-27,3.01,2.96,1666013,1405202,84.35,49.92,1527
FMNL,2026-08-27,10.13,10.62,139763,117854,84.32,14.59,160
GILLANDERS,2026-08-27,104.07,104.99,21530,18147,84.29,22.92,174
SRTL,2026-08-27,40.02,38.98,51668,43527,84.24,20.25,525
HLVLTD,2026-08-27,6.62,6.63,123353,103856,84.19,8.16,366
VGL,2026-08-27,57.56,56.85,9107,7663,84.14,5.2,136
SAICAPI,2026-08-27,145.1,140.51,232,195,84.05,0.33,18
NDGL,2026-08-27,2860.1,2826.5,50,42,84.0,1.42,23
A2ZINFRA,2026-08-27,16.0,16.41,423268,355365,83.96,69.83,602
DICIND,2026-08-27,601.95,601.3,8279,6951,83.96,50.18,295
RKSWAMY,2026-08-27,93.2,94.01,48023,40208,83.73,45.02,564
KEEPLEARN,2026-08-27,1.98,1.98,15874,13282,83.67,0.31,72
PFS,2026-08-27,27.66,27.24,423965,354467,83.61,116.05,1661
KSR,2026-08-27,29.13,28.58,9317,7779,83.49,2.63,355
JAYAGROGN,2026-08-27,223.25,222.07,17966,14929,83.1,40.27,340
SMCGLOBAL,2026-08-27,79.26,78.61,283462,235417,83.05,223.44,1393
BEEKAY,2026-08-27,425.0,427.25,1954,1622,83.01,8.39,77
ONIDA,2026-08-27,36.8,36.24,366341,303986,82.98,133.64,994
TRU,2026-08-27,4.13,4.04,210414,174452,82.91,8.48,476
IVC,2026-08-27,8.07,8.39,335741,278070,82.82,27.91,968
MLKFOOD,2026-08-27,90.15,86.87,4960,4108,82.82,4.41,119
SREEL,2026-08-27,260.0,263.24,21756,18016,82.81,57.35,675
SOMATEX,2026-08-27,84.78,80.8,30964,25627,82.76,25.24,383
LAL,2026-08-27,8.93,8.98,17788,14714,82.72,1.58,85
OPTIFIN,2026-08-27,13.82,13.09,50770,41993,82.71,6.67,156
DYNPRO,2026-08-27,231.1,232.4,7205,5954,82.64,16.77,168
TRF,2026-08-27,229.94,229.22,4991,4124,82.63,11.45,151
SHREYANIND,2026-08-27,124.99,124.61,5612,4631,82.52,6.99,96
LEENEE,2026-08-27,9.84,9.82,58271,48080,82.51,5.65,302
GENUSPAPER,2026-08-27,12.37,12.37,53013,43673,82.38,6.55,265
HINDALUMI,2026-08-27,99.88,97.99,1724,1418,82.25,1.7,53
ZENITHSTL,2026-08-27,5.38,5.4,60821,49908,82.06,3.29,183
LORDSCHLO,2026-08-27,139.54,139.42,6100,5004,82.03,8.47,162
GANDHITUBE,2026-08-27,901.5,903.1,4558,3727,81.77,41.07,231
PML,2026-08-27,499.65,498.0,262,214,81.68,1.29,26
EASTWEST,2026-08-27,2.5,2.49,18976,15488,81.62,0.48,104
RVTH,2026-08-27,730.15,736.3,108,88,81.48,0.79,11
INDBANK,2026-08-27,31.94,31.55,25096,20412,81.34,7.94,213
LANCER,2026-08-27,11.72,11.64,511926,416371,81.33,60.42,1042
HPIL,2026-08-27,128.62,123.81,551,448,81.31,0.68,23
TEAMGTY,2026-08-27,240.0,240.02,658,535,81.31,1.59,36
SPCENET,2026-08-27,3.34,3.34,635708,516878,81.31,21.22,468
HMAAGRO,2026-08-27,20.96,20.9,2987601,2428898,81.3,625.84,2831
CIFL,2026-08-27,20.75,20.74,14648,11904,81.27,3.02,231
ESSENTIA,2026-08-27,1.08,1.03,10836008,8804804,81.26,113.64,1919
BHANDARI,2026-08-27,3.01,3.04,146566,118905,81.13,4.45,186
IPRINGLTD,2026-08-27,148.39,138.64,4545,3684,81.06,6.46,114
HALEOSLABS,2026-08-27,1500.9,1501.8,411,333,81.02,6.17,48
SAPPL,2026-08-27,289.0,288.0,274,222,81.02,0.78,8
KIRANVYPAR,2026-08-27,202.0,200.62,1570,1271,80.96,3.19,39
AXITA,2026-08-27,8.05,7.98,2141370,1732686,80.91,171.27,1055
SHRADHA,2026-08-27,32.44,32.39,17461,14126,80.9,5.63,142
IMPAL,2026-08-27,1082.4,1108.1,2325,1878,80.77,25.73,306
ELDEHSG,2026-08-27,799.55,781.8,992,801,80.75,7.77,103
TRACXN,2026-08-27,29.98,30.06,92527,74703,80.74,27.76,467
SECURKLOUD,2026-08-27,17.77,17.8,6298,5084,80.72,1.11,113
JMA,2026-08-27,90.77,93.04,22629,18255,80.67,20.99,278
TNTELE,2026-08-27,9.08,8.91,13530,10915,80.67,1.21,59
CPEDU,2026-08-27,185.09,192.21,10392,8377,80.61,19.67,563
BTML,2026-08-27,8.89,8.98,595859,479842,80.53,53.41,545
ADDIND,2026-08-27,82.66,86.7,800,644,80.5,0.68,25
THELEELA,2026-08-27,552.8,553.8,1130203,909271,80.45,6216.2,20271
MERCANTILE,2026-08-27,24.24,24.71,5524,4444,80.45,1.4,116
TOYAMSL,2026-08-27,0.64,0.62,322140,258986,80.4,2.04,183
IWP,2026-08-27,35.23,34.95,4327,3479,80.4,1.51,41
AAREYDRUGS,2026-08-27,80.75,84.78,192944,154988,80.33,162.32,571
VARDMNPOLY,2026-08-27,6.03,6.01,140266,112637,80.3,8.44,310
SRD,2026-08-27,40.1,39.62,19220,15404,80.15,7.67,121
KAMAHOLD,2026-08-27,2385.5,2389.4,3320,2661,80.15,79.43,323
RUDRA,2026-08-27,21.15,20.29,721765,578394,80.14,146.81,416
HISARMETAL,2026-08-27,151.82,149.23,201,161,80.1,0.3,17
AGRITECH,2026-08-27,103.36,101.11,2765,2214,80.07,2.81,88
KAMOPAINTS,2026-08-27,4.53,4.54,115936,92772,80.02,5.28,392
ORTINGLOBE,2026-08-27,15.35,15.1,4209,3368,80.02,0.63,37
SUNDARAM,2026-08-27,1.23,1.23,194576,155544,79.94,2.4,236
AHLADA,2026-08-27,37.95,38.47,16187,12932,79.89,6.17,123
DAICHI,2026-08-27,343.25,331.9,2081,1661,79.82,7.01,89
MANAKSTEEL,2026-08-27,87.02,90.28,86493,68993,79.77,77.16,857
BSL,2026-08-27,121.56,123.42,3420,2727,79.74,4.18,47
MALUPAPER,2026-08-27,31.72,32.25,8315,6630,79.74,2.69,80
BEDMUTHA,2026-08-27,107.3,106.04,2151,1714,79.68,2.28,74
ABANSENT,2026-08-27,27.91,27.51,6608,5265,79.68,1.85,132
LIBAS,2026-08-27,10.65,10.47,6494,5154,79.37,0.69,113
BIOFILCHEM,2026-08-27,32.72,32.8,127673,101269,79.32,42.06,508
WEWIN,2026-08-27,45.4,46.21,111,88,79.28,0.05,11
BALAJEE,2026-08-27,26.21,26.46,18201,14428,79.27,4.8,236
AKCAPIT,2026-08-27,1717.6,1686.2,1302,1032,79.26,22.07,161
LOTUSCHO,2026-08-27,625.45,618.7,1395,1104,79.14,8.63,134
NAVNETEDUL,2026-08-27,133.11,133.59,50566,39996,79.1,67.46,651
SUPREMEINF,2026-08-27,84.81,84.99,133453,105451,79.02,113.22,704
CMSINFO,2026-08-27,246.15,239.95,985514,778588,79.0,2389.9,21574
SELMC,2026-08-27,27.9,27.45,12252,9676,78.97,3.49,178
FILATFASH,2026-08-27,0.18,0.18,11834503,9336040,78.89,21.91,1341
ORICONENT,2026-08-27,56.65,55.4,23280,18357,78.85,12.9,292
ADROITINFO,2026-08-27,10.19,10.4,24530,19340,78.84,2.54,124
SPENCERS,2026-08-27,30.1,29.71,35225,27759,78.8,10.5,423
SURANASOL,2026-08-27,25.77,25.45,30019,23651,78.79,7.66,350
MODTHREAD,2026-08-27,56.05,55.68,26488,20840,78.68,13.97,198
SEMAC,2026-08-27,285.15,285.3,243,191,78.6,0.7,26
TRIGYN,2026-08-27,60.66,60.09,34212,26875,78.55,20.62,559
GOACARBON,2026-08-27,358.1,352.15,8229,6462,78.53,29.18,534
SUNRAKSHAK,2026-08-27,369.2,371.1,3426,2689,78.49,12.62,88
ADVIKCA,2026-08-27,1.19,1.19,199252,156151,78.37,2.38,168
VIRTUALG,2026-08-27,0.52,0.51,122565,96023,78.34,0.63,181
FIBERWEB,2026-08-27,26.0,26.42,12397,9706,78.29,3.27,70
SHANKARA,2026-08-27,147.61,146.95,55600,43476,78.19,81.79,359
IFBAGRO,2026-08-27,959.2,946.15,4285,3350,78.18,40.85,339
VIRINCHI,2026-08-27,15.28,15.1,90020,70306,78.1,13.46,324
SGIL,2026-08-27,586.5,597.85,20282,15833,78.06,119.87,414
WCIL,2026-08-27,86.21,87.12,71591,55841,78.0,62.1,594
OSWALAGRO,2026-08-27,36.79,36.86,14188,11046,77.85,5.25,144
KALPATARU,2026-08-27,277.0,274.15,52410,40769,77.79,144.14,987
GANGESSECU,2026-08-27,121.43,117.71,6133,4771,77.79,7.21,132
VTMLTD,2026-08-27,53.71,56.47,86749,67471,77.78,47.88,560
ORIENTBELL,2026-08-27,378.2,377.2,37203,28908,77.7,140.15,810
QUINT,2026-08-27,41.01,40.26,13432,10429,77.64,5.52,79
NIRAJ,2026-08-27,29.12,28.57,25049,19446,77.63,7.27,166
TARAPUR,2026-08-27,14.65,14.96,9977,7745,77.63,1.48,150
EMPIND,2026-08-27,1221.8,1212.7,4582,3553,77.54,55.99,420
BEARDSELL,2026-08-27,27.35,26.52,26348,20425,77.52,7.05,321
RACE,2026-08-27,100.77,101.59,3586,2779,77.5,3.59,89
MBLINFRA,2026-08-27,23.68,22.62,71491,55364,77.44,16.41,476
AAKASH,2026-08-27,8.73,8.75,21147,16361,77.37,1.85,215
GNRL,2026-08-27,99.73,97.65,55385,42805,77.29,54.89,748
APCL,2026-08-27,101.97,101.16,2129,1645,77.27,2.16,86
UFO,2026-08-27,66.51,65.54,19386,14949,77.11,12.79,335
IVALUE,2026-08-27,271.5,274.75,210554,162245,77.06,576.59,3767
BSHSL,2026-08-27,89.88,89.08,5768,4443,77.03,5.21,125
GLOBALVECT,2026-08-27,147.31,146.47,12574,9681,76.99,18.4,325
INFOMEDIA,2026-08-27,5.22,5.11,14910,11469,76.92,0.77,64
PRAKASHSTL,2026-08-27,3.87,3.88,96363,74043,76.84,3.77,254
MUFTI,2026-08-27,78.63,77.91,93626,71868,76.76,73.06,1032
VGCL,2026-08-27,57.05,59.38,10993,8438,76.76,6.51,99
SILLYMONKS,2026-08-27,16.58,15.5,45633,35000,76.7,7.13,207
INCREDIBLE,2026-08-27,34.3,32.85,3484,2669,76.61,1.16,56
STUDDS,2026-08-27,451.35,450.25,36654,28076,76.6,164.89,1377
REPRO,2026-08-27,307.65,309.1,15925,12195,76.58,49.05,406
POEL,2026-08-27,150.86,150.6,11911,9113,76.51,18.0,232
BIGBLOC,2026-08-27,43.27,42.67,25712,19652,76.43,10.98,415
SILINV,2026-08-27,483.75,478.1,1406,1072,76.24,6.73,133
SHIVAUM,2026-08-27,444.45,445.0,1264,963,76.19,5.63,31
GRADIENTE,2026-08-27,2.7,2.71,2884018,2196607,76.16,74.68,337
ARIHANT,2026-08-27,973.3,974.8,11973,9114,76.12,117.71,747
MAKERSL,2026-08-27,214.49,206.11,7822,5954,76.12,16.34,245
COMFINTE,2026-08-27,6.08,5.93,226033,172056,76.12,13.59,516
MADHAVIPL,2026-08-27,8.03,8.12,129794,98779,76.1,10.51,446
HPAL,2026-08-27,34.72,34.63,66278,50425,76.08,22.99,496
DECCANCE,2026-08-27,577.15,575.15,11892,9046,76.07,68.31,306
ROHLTD,2026-08-27,306.2,303.15,9004,6849,76.07,27.39,433
SUNSHIEL,2026-08-27,1188.7,1156.3,1474,1121,76.05,17.27,252
AVROIND,2026-08-27,9.17,9.29,236902,180174,76.05,21.97,626
SUMEETINDS,2026-08-27,13.0,12.99,1630062,1238948,76.01,214.55,1513
KRITIKA,2026-08-27,5.5,5.44,78201,59397,75.95,4.28,307
WARDINMOBI,2026-08-27,6.03,5.89,598577,453742,75.8,35.33,1177
DRCSYSTEMS,2026-08-27,12.76,12.79,15496,11741,75.77,1.98,428
NBIFIN,2026-08-27,1990.0,1980.1,66,50,75.76,1.31,14
INTLCONV,2026-08-27,76.72,76.92,30038,22746,75.72,23.14,930
SUMIT,2026-08-27,51.21,51.53,44744,33845,75.64,22.6,728
AKASH,2026-08-27,24.63,24.31,1980,1496,75.56,0.49,29
ACL,2026-08-27,44.38,44.06,16516,12473,75.52,7.33,285
NAHARPOLY,2026-08-27,245.5,246.55,6568,4960,75.52,16.19,191
NAHARCAP,2026-08-27,258.5,255.75,1044,788,75.48,2.67,50
CEMPRO,2026-08-27,1287.1,1251.2,209870,158361,75.46,2668.78,10878
INDIASHLTR,2026-08-27,659.0,650.3,115418,86971,75.35,755.48,5599
GSS,2026-08-27,12.55,12.13,49967,37539,75.13,6.17,190
OSWALSEEDS,2026-08-27,12.37,12.17,50780,38112,75.05,6.18,271
ONEGLOBAL,2026-08-27,556.5,541.4,8373,6282,75.03,45.72,518
DISHTV,2026-08-27,2.75,2.73,755278,566704,75.03,20.67,747
SOFTTECH,2026-08-27,422.15,419.4,6592,4945,75.02,27.71,91
FISCHER,2026-08-27,36.05,35.27,329799,247343,75.0,117.44,1284
CRAVATEX,2026-08-27,334.95,332.6,76,57,75.0,0.25,15
LASA,2026-08-27,6.94,6.97,16622,12463,74.98,1.17,137
ALUFLUOR,2026-08-27,453.8,458.5,3929,2946,74.98,18.04,191
ALMONDZ,2026-08-27,14.74,16.15,774942,580358,74.89,122.32,1332
ANURAS,2026-08-27,1267.6,1259.8,136325,102090,74.89,1721.82,5319
LANCORHOL,2026-08-27,30.86,30.86,286030,214188,74.88,87.91,2806
ISTLTD,2026-08-27,657.3,668.9,354,265,74.86,2.32,38
BLAL,2026-08-27,166.76,166.46,40101,30018,74.86,66.85,528
ALANKIT,2026-08-27,8.06,7.91,66759,49864,74.69,5.36,449
HGS,2026-08-27,401.95,402.55,9634,7189,74.62,38.7,339
AIROLAM,2026-08-27,87.99,87.5,3549,2648,74.61,3.08,113
MAANALU,2026-08-27,118.98,116.68,61592,45954,74.61,72.13,853
SETL,2026-08-27,330.4,346.9,497377,371004,74.59,1716.8,2724
ATAM,2026-08-27,56.79,56.51,5973,4453,74.55,3.39,175
MANGALAM,2026-08-27,31.41,32.15,34979,26075,74.54,11.32,321
BPL,2026-08-27,51.67,51.79,31024,23123,74.53,16.14,592
WATERBASE,2026-08-27,49.31,48.76,27659,20599,74.47,13.51,290
MEDICAPQ,2026-08-27,26.99,25.5,4211,3129,74.31,1.07,73
SARVESHWAR,2026-08-27,3.48,3.42,782302,580810,74.24,26.93,1161
DOLATALGO,2026-08-27,74.58,73.76,288115,213717,74.18,215.25,1391
SBGLP,2026-08-27,23.64,24.0,21293,15789,74.15,5.07,149
SRHHYPOLTD,2026-08-27,470.95,468.75,17832,13219,74.13,84.01,957
SAGARDEEP,2026-08-27,23.64,23.79,33589,24900,74.13,8.17,209
CCHHL,2026-08-27,12.98,12.86,7776,5758,74.05,1.0,89
TSFINV,2026-08-27,410.65,404.2,46649,34501,73.96,188.74,2328
VINYLINDIA,2026-08-27,234.53,234.75,4908,3628,73.92,11.56,236
SUMMITSEC,2026-08-27,1433.3,1420.7,1827,1349,73.84,26.06,236
FCSSOFT,2026-08-27,1.51,1.45,2435926,1797145,73.78,36.08,1302
SALASAR,2026-08-27,5.95,5.88,1996275,1472796,73.78,117.8,1976
ALKEM,2026-08-27,5303.5,5320.0,166838,123018,73.74,8880.67,18558
VAISHALI,2026-08-27,8.17,8.33,125534,92513,73.7,10.28,228
ELITECON,2026-08-27,12.39,11.78,3843227,2832227,73.69,453.73,5018
BECTORFOOD,2026-08-27,243.24,238.12,2239423,1649496,73.66,5410.92,15135
FAZE3Q,2026-08-27,488.7,485.75,9557,7034,73.6,46.64,446
AGROPHOS,2026-08-27,26.75,27.04,13621,10024,73.59,3.65,151
APTUS,2026-08-27,258.5,256.45,903961,664584,73.52,2323.05,18614
ORCHASP,2026-08-27,1.39,1.43,239511,176041,73.5,3.42,208
S&SPOWER,2026-08-27,350.7,334.05,3117,2291,73.5,10.5,165
MASFIN,2026-08-27,297.25,295.5,138307,101634,73.48,408.45,8167
CHEMFAB,2026-08-27,367.1,358.9,3024,2220,73.41,10.97,178
ETERNAL,2026-08-27,327.0,328.5,34877860,25592604,73.38,114575.01,162407
GRANDOAK,2026-08-27,36.7,37.45,3325,2440,73.38,1.25,67
TNPL,2026-08-27,140.67,139.91,253935,186277,73.36,356.43,2305
INDUSTOWER,2026-08-27,377.7,379.95,9414509,6900595,73.3,35577.74,38472
SUKHJITS,2026-08-27,161.53,162.32,11394,8348,73.27,18.61,185
HTMEDIA,2026-08-27,26.88,27.05,47718,34947,73.24,12.9,148
MODIRUBBER,2026-08-27,136.2,132.47,6513,4768,73.21,8.62,203
RAMANEWS,2026-08-27,31.81,32.77,32254,23590,73.14,10.61,280
COMPEAU,2026-08-27,351.15,348.05,301,220,73.09,1.05,28
ELECTHERM,2026-08-27,1038.3,1032.9,8555,6250,73.06,88.57,315
DHATRE,2026-08-27,4.29,4.32,12036,8793,73.06,0.52,126
LIBERTSHOE,2026-08-27,248.1,245.1,8975,6556,73.05,22.06,324
BALKRISHNA,2026-08-27,17.18,17.13,5373,3925,73.05,0.92,45
SCHAND,2026-08-27,138.46,134.72,22971,16777,73.04,31.13,642
AUSOMENT,2026-08-27,146.1,147.25,13834,10105,73.04,20.28,98
SURANAT&P,2026-08-27,16.2,15.91,77509,56568,72.98,12.54,388
VHL,2026-08-27,3428.9,3392.3,644,470,72.98,21.98,167
RPSGVENT,2026-08-27,868.5,861.35,9070,6617,72.95,78.11,578
BCPL,2026-08-27,69.81,69.42,4873,3555,72.95,3.4,126
BRIGHTBR,2026-08-27,257.49,263.83,276,201,72.83,0.72,20
JAGRAN,2026-08-27,61.74,61.68,106545,77601,72.83,65.7,1496
QPOWER,2026-08-27,1298.2,1363.1,224360,163297,72.78,3037.47,6870
DCMNVL,2026-08-27,189.18,190.98,46978,34178,72.75,91.06,982
NAHARSPING,2026-08-27,294.1,291.25,14921,10855,72.75,43.76,582
RUCHINFRA,2026-08-27,5.76,5.83,27190,19765,72.69,1.59,144
MKEXIM,2026-08-27,63.38,64.3,40017,29088,72.69,25.83,215
NILAINFRA,2026-08-27,6.97,6.89,231587,168313,72.68,16.02,546
JKIPL,2026-08-27,106.39,109.12,34996,25425,72.65,37.81,514
TECILCHEM,2026-08-27,9.49,9.09,10472,7599,72.56,0.97,99
KICL,2026-08-27,5260.5,5238.0,1165,845,72.53,60.82,197
NICCOPAR,2026-08-27,89.43,90.23,4054,2939,72.5,3.69,157
EQUITASBNK,2026-08-27,75.23,74.17,4917957,3558311,72.35,3662.99,25052
INVENTURE,2026-08-27,0.97,0.97,993529,718393,72.31,9.69,499
HGM,2026-08-27,43.76,43.99,1372,992,72.3,0.6,34
DANGEE,2026-08-27,2.82,2.87,41132,29731,72.28,1.17,152
MONTECARLO,2026-08-27,544.25,528.4,96060,69420,72.27,510.67,3026
UNIENTER,2026-08-27,95.08,96.04,6228,4494,72.16,5.89,109
JAIPURKURT,2026-08-27,26.64,26.33,8925,6434,72.09,2.37,111
YUKEN,2026-08-27,938.85,928.7,8665,6247,72.09,80.94,582
CGVAK,2026-08-27,149.57,148.15,2206,1590,72.08,3.27,78
TOLINS,2026-08-27,96.58,95.29,48675,35081,72.07,46.73,1024
ANMOL,2026-08-27,10.03,9.99,15057,10844,72.02,1.49,124
TEXMOPIPES,2026-08-27,47.34,46.95,30818,22180,71.97,14.61,368
AMBICAAGAR,2026-08-27,24.98,24.97,920,662,71.96,0.23,35
EMAMIREAL,2026-08-27,68.22,67.57,12387,8913,71.95,8.37,311
IRISDOREME,2026-08-27,57.85,57.93,2582866,1856759,71.89,1480.92,5122
PAKKA,2026-08-27,80.52,77.64,111632,80195,71.84,88.18,2366
SHREERAMA,2026-08-27,43.44,43.1,60326,43325,71.82,26.18,792
SHAHALLOYS,2026-08-27,76.06,85.96,213584,153257,71.75,180.16,1337
HILTON,2026-08-27,20.0,19.51,132293,94905,71.74,26.05,389
ALBERTDAVD,2026-08-27,869.7,890.25,8084,5799,71.73,71.6,805
COALINDIA,2026-08-27,403.5,400.0,4430005,3176584,71.71,17753.78,68498
GMBREW,2026-08-27,893.3,891.7,19492,13977,71.71,174.11,1004
NAGREEKCAP,2026-08-27,23.52,22.5,3067,2199,71.7,0.69,58
MANAKALUCO,2026-08-27,39.17,39.1,46528,33358,71.69,18.51,701
EMKAY,2026-08-27,239.24,239.73,13138,9399,71.54,31.45,443
ESSARSHPNG,2026-08-27,16.91,16.79,147138,105206,71.5,24.96,756
HOMEFIRST,2026-08-27,1183.7,1200.2,118552,84618,71.38,1419.38,10572
TRITONV,2026-08-27,1123.7,1144.9,4057,2896,71.38,46.58,566
JISLDVREQS,2026-08-27,21.61,21.13,51960,37070,71.34,11.06,256
ABLBL,2026-08-27,86.04,85.22,297838,212327,71.29,254.77,5519
PTL,2026-08-27,38.69,38.41,24028,17127,71.28,9.26,674
SCHAEFFLER,2026-08-27,4010.2,4051.1,75168,53561,71.26,3038.91,9301
GUJAPOLLO,2026-08-27,351.75,351.5,3912,2787,71.24,13.95,171
ICDSLTD,2026-08-27,41.09,41.63,524,373,71.18,0.22,11
DNAMEDIA,2026-08-27,2.58,2.6,8995,6396,71.11,0.23,77
DONEAR,2026-08-27,84.25,84.46,7674,5450,71.02,6.51,151
VIRAT,2026-08-27,442.0,442.05,10945,7767,70.96,47.86,282
AMAL,2026-08-27,745.85,741.3,4782,3392,70.93,35.54,380
AROGRANITE,2026-08-27,25.49,25.59,8920,6325,70.91,2.28,86
AKI,2026-08-27,4.16,4.2,244846,173629,70.91,10.21,496
ROML,2026-08-27,42.44,40.61,12924,9161,70.88,5.29,172
PASHUPATI,2026-08-27,84.09,84.17,11357,8048,70.86,9.59,495
AXISBANK,2026-08-27,1255.0,1256.0,7005789,4959803,70.8,88230.37,155243
SUNDROP,2026-08-27,660.75,655.45,19400,13725,70.75,127.64,829
FINKURVE,2026-08-27,78.38,78.18,264146,186831,70.73,213.07,1378
AXTEL,2026-08-27,406.3,403.85,5613,3969,70.71,22.65,237
LOVABLE,2026-08-27,74.0,72.51,9704,6855,70.64,7.18,249
TOKYOPLAST,2026-08-27,75.15,77.25,1365,964,70.62,1.04,44
INDTERRAIN,2026-08-27,30.15,30.11,10083,7117,70.58,3.03,74
GODAVARIB,2026-08-27,243.15,239.15,47074,33203,70.53,113.27,1123
AGARWALEYE,2026-08-27,498.55,496.65,857671,604648,70.5,4276.02,29527
INDIAMART,2026-08-27,1751.9,1755.4,106982,75376,70.46,1883.7,9727
BHARTIARTL,2026-08-27,1902.1,1878.3,8757645,6169540,70.45,165826.84,219112
MANORG,2026-08-27,503.55,500.0,9985,7031,70.42,50.28,362
UNITEDPOLY,2026-08-27,36.85,37.44,137274,96620,70.38,50.68,284
TEXINFRA,2026-08-27,110.13,110.55,29042,20421,70.32,32.13,384
NINSYS,2026-08-27,713.4,713.95,1081,760,70.31,7.76,135
TNPETRO,2026-08-27,113.27,109.12,494399,347213,70.23,545.59,4946
BANSWRAS,2026-08-27,114.88,118.46,32468,22790,70.19,38.17,753
RAMAPHO,2026-08-27,128.0,126.56,30254,21233,70.18,38.21,626
CROWN,2026-08-27,105.28,105.1,1076,755,70.17,1.13,40
CHEVIOT,2026-08-27,1154.0,1135.8,1360,953,70.07,15.52,200
MIDWESTLTD,2026-08-27,1135.4,1114.4,13200,9248,70.06,148.25,993
MAGNUM,2026-08-27,19.19,19.25,19375,13548,69.93,3.7,69
KSE,2026-08-27,180.23,177.96,14503,10141,69.92,26.07,419
ACI,2026-08-27,489.9,483.95,346464,242080,69.87,1683.15,16678
RKEC,2026-08-27,23.24,22.32,32945,22998,69.81,7.38,204
GLOBE,2026-08-27,2.04,2.05,269894,188329,69.78,5.52,221
MANAKSIA,2026-08-27,57.09,56.89,12936,9026,69.77,7.39,346
OMPOWER,2026-08-27,172.84,172.27,84420,58875,69.74,145.0,1229
DCMSIL,2026-08-27,75.25,73.26,60094,41900,69.72,44.14,575
KEYFINSERV,2026-08-27,256.65,255.0,33,23,69.7,0.08,6
KOVAI,2026-08-27,6122.0,6014.0,1955,1361,69.62,117.69,414
STYRENIX,2026-08-27,2064.4,2018.2,50752,35325,69.6,1035.75,5502
GLOTTIS,2026-08-27,65.77,64.66,28434,19790,69.6,18.46,553
MEDICO,2026-08-27,42.2,43.31,146929,102199,69.56,62.99,1039
BRIGHOTEL,2026-08-27,60.06,59.57,55401,38535,69.56,33.17,1618
KANANIIND,2026-08-27,1.49,1.47,145295,101047,69.55,2.12,217
MAFATIND,2026-08-27,120.09,120.73,21835,15180,69.52,26.39,795
EKI,2026-08-27,76.52,77.24,7579,5268,69.51,5.84,275
HDFCLIFE,2026-08-27,553.0,548.0,2474974,1719588,69.48,13689.87,53184
VMSTMT,2026-08-27,46.7,46.26,11380,7905,69.46,5.3,195
MARICO,2026-08-27,833.0,833.5,2081594,1445732,69.45,17308.32,58047
AFIL,2026-08-27,9.5,9.42,259544,180205,69.43,24.65,422
PILANIINVS,2026-08-27,4424.9,4363.8,1684,1169,69.42,74.14,289
SAMHI,2026-08-27,159.1,157.55,1226286,850281,69.34,1942.35,20975
VIKASLIFE,2026-08-27,1.32,1.36,4227799,2924421,69.17,57.47,9285
GAYAHWS,2026-08-27,1.9,1.87,273888,189267,69.1,5.15,366
CONTROLPR,2026-08-27,601.3,596.7,11828,8172,69.09,70.67,1316
SNOWMAN,2026-08-27,37.13,36.85,110411,76176,68.99,40.88,890
BUTTERFLY,2026-08-27,639.25,627.75,6732,4644,68.98,42.48,623
CENTENKA,2026-08-27,557.55,547.3,33256,22936,68.97,182.59,2032
PRIVISCL,2026-08-27,3458.4,3456.6,27749,19130,68.94,963.19,6242
TIPSFILMS,2026-08-27,342.1,342.15,2195,1513,68.93,7.54,209
UNIECOM,2026-08-27,85.4,84.0,147802,101829,68.9,124.86,1550
KIRLOSIND,2026-08-27,3774.0,3704.2,5375,3698,68.8,199.45,1416
KKCL,2026-08-27,514.8,498.2,24953,17163,68.78,125.6,1519
SUPREME,2026-08-27,39.44,39.0,15330,10535,68.72,5.97,159
SUPRAJIT,2026-08-27,502.7,504.05,29850,20510,68.71,150.0,2835
ICRA,2026-08-27,4907.8,4832.5,26070,17909,68.7,1265.72,5101
NILE,2026-08-27,1497.2,1478.8,3554,2437,68.57,52.69,504
RSSOFTWARE,2026-08-27,31.38,32.93,66301,45455,68.56,21.66,631
NITTAGELA,2026-08-27,1567.8,1589.5,3613,2475,68.5,57.31,467
CREATIVEYE,2026-08-27,6.32,6.06,12735,8722,68.49,0.77,98
TAALTECH,2026-08-27,4501.5,4406.4,4853,3323,68.47,215.77,647
GAIL,2026-08-27,174.49,172.44,4745650,3245733,68.39,8168.13,53856
KSHITIJPOL,2026-08-27,3.11,3.01,2142718,1464653,68.35,64.69,1510
IKS,2026-08-27,1741.4,1750.6,180738,123507,68.33,3161.71,20007
AAATECH,2026-08-27,91.49,92.01,4547,3103,68.24,4.19,130
ASALCBR,2026-08-27,727.95,716.4,13921,9489,68.16,100.13,1271
ELPROINTL,2026-08-27,174.6,173.21,7299,4970,68.09,12.67,126
SANDESH,2026-08-27,1032.2,1017.6,351,239,68.09,3.59,86
SWARAJENG,2026-08-27,3549.0,3548.3,4442,3024,68.08,157.7,1220
UCOBANK,2026-08-27,26.19,25.49,4071522,2770989,68.06,1048.06,13410
NDLVENTURE,2026-08-27,123.17,122.62,9645,6559,68.0,11.84,150
DEVX,2026-08-27,34.71,34.98,125803,85433,67.91,43.91,1455
MAMATA,2026-08-27,410.15,403.5,24795,16834,67.89,100.36,1135
INDIANHUME,2026-08-27,392.8,390.85,11045,7498,67.89,43.14,603
BANG,2026-08-27,33.83,33.42,244797,166049,67.83,84.07,540
SINDHUTRAD,2026-08-27,25.3,24.99,3096938,2100189,67.82,773.4,13253
BURNPUR,2026-08-27,13.36,14.69,199727,135414,67.8,28.64,551
KOTAKBANK,2026-08-27,416.7,424.2,32914085,22309765,67.78,139671.31,279000
AKSHAR,2026-08-27,0.42,0.42,1041592,705983,67.78,4.41,258
PEARLPOLY,2026-08-27,15.52,15.18,14297,9689,67.77,2.19,107
PNC,2026-08-27,16.99,17.44,3159,2141,67.77,0.55,106
POLICYBZR,2026-08-27,1840.0,1837.9,1734864,1174886,67.72,31943.07,55436
VENTIVE,2026-08-27,594.6,583.5,19764,13380,67.7,116.17,1091
COROMANDEL,2026-08-27,1949.7,1928.4,119821,81108,67.69,2334.65,18380
IBULLSLTD,2026-08-27,27.03,26.11,9006870,6092383,67.64,2381.18,13426
ITL,2026-08-27,364.0,367.2,2562,1732,67.6,9.29,167
THEINVEST,2026-08-27,96.34,94.96,4092,2766,67.6,3.89,161
PARKHOTELS,2026-08-27,113.64,112.11,214064,144623,67.56,240.57,1905
HECPROJECT,2026-08-27,118.8,117.97,5086,3430,67.44,6.03,206
SEJALLTD,2026-08-27,666.95,676.5,3143,2119,67.42,21.18,333
SINGERIND,2026-08-27,77.15,76.96,126431,85162,67.36,97.17,1055
PIDILITIND,2026-08-27,1650.0,1656.0,852620,574328,67.36,14165.62,31553
VAML,2026-08-27,462.6,454.45,8948764,6027435,67.35,40932.65,102034
VSTTILLERS,2026-08-27,4418.5,4375.0,3441,2317,67.34,151.09,816
UMESLTD,2026-08-27,5.61,5.14,126042,84823,67.3,6.56,238
ATL,2026-08-27,26.71,26.25,123304,82977,67.29,32.84,960
DCAL,2026-08-27,175.27,177.22,236981,159379,67.25,416.56,2295
HESTERBIO,2026-08-27,2354.4,2289.8,6174,4151,67.23,142.2,1008
XELPMOC,2026-08-27,81.81,81.09,9504,6386,67.19,7.69,200
NITIRAJ,2026-08-27,199.42,203.42,1329,893,67.19,2.66,68
AHLUCONT,2026-08-27,635.1,636.6,200044,134390,67.18,1277.8,9892
ANDREWYU,2026-08-27,29.44,27.99,278374,186970,67.17,79.33,926
ARENTERP,2026-08-27,36.49,37.29,658,442,67.17,0.24,22
UNITECH,2026-08-27,3.96,3.92,4084051,2741971,67.14,160.7,2006
NECLIFE,2026-08-27,12.46,13.08,1022442,686368,67.13,134.66,2427
TREEHOUSE,2026-08-27,6.29,6.28,19335,12979,67.13,1.21,75
MAXIND,2026-08-27,150.98,150.48,30422,20417,67.11,45.78,967
AEPL,2026-08-27,15.1,15.39,12516,8395,67.07,1.88,149
TARC,2026-08-27,119.45,117.53,306535,205577,67.06,363.77,3339
KIRLFER,2026-08-27,448.3,447.6,30799,20644,67.03,137.14,1604
AUSTENG,2026-08-27,124.01,121.01,5096,3414,66.99,6.23,181
RUPA,2026-08-27,149.25,147.55,64113,42933,66.96,94.91,2229
CPPLUS,2026-08-27,3530.3,3629.7,297754,199232,66.91,10663.35,41202
ODIGMA,2026-08-27,22.53,22.73,11102,7425,66.88,2.52,271
TOTAL,2026-08-27,71.57,69.57,10783,7211,66.87,7.59,198
ULTRAMAR,2026-08-27,432.75,423.3,45873,30647,66.81,196.31,2477
WEALTH,2026-08-27,856.05,864.15,271,181,66.79,2.33,69
ANNAPURNA,2026-08-27,148.85,146.4,46443,31014,66.78,68.56,779
RELCHEMQ,2026-08-27,114.19,113.36,821,548,66.75,0.94,46
XCHANGING,2026-08-27,61.51,61.29,27470,18334,66.74,16.88,599
GREENPANEL,2026-08-27,157.98,159.9,140277,93583,66.71,223.2,3056
SEKURITIND,2026-08-27,117.04,116.78,23587,15731,66.69,27.53,222
DMCC,2026-08-27,285.9,279.1,32174,21449,66.67,90.3,1172
LAKSHMIMIL,2026-08-27,8299.0,8298.0,3,2,66.67,0.24,3
BLIL,2026-08-27,71.9,72.19,52156,34769,66.66,37.66,780
SAMBHAAV,2026-08-27,6.24,6.09,64358,42880,66.63,3.95,108
GROBTEA,2026-08-27,1017.15,995.9,320,213,66.56,3.19,70
GLOBAL,2026-08-27,111.06,110.98,59561,39627,66.53,65.81,658
TUTIALKA,2026-08-27,58.88,59.04,31516,20947,66.46,19.07,396
STEL,2026-08-27,619.7,622.6,4721,3137,66.45,29.33,279
VASCONEQ,2026-08-27,31.11,30.78,200761,133397,66.45,62.35,1064
BHARATRAS,2026-08-27,1278.4,1272.6,8926,5930,66.44,113.68,1965
MOHITIND,2026-08-27,23.48,25.07,36060,23957,66.44,8.95,280
KAPSTON,2026-08-27,505.25,501.0,31930,21205,66.41,160.87,1495
GSPCROP,2026-08-27,643.15,627.75,503251,333834,66.34,3199.88,11630
TANAA,2026-08-27,298.45,292.7,11677,7742,66.3,34.25,521
CSM,2026-08-27,96.85,97.14,96576,64019,66.29,93.65,1011
JKIL,2026-08-27,500.65,504.25,77485,51367,66.29,389.12,3158
NAVKARCORP,2026-08-27,98.44,97.37,101043,66969,66.28,98.44,1332
SHUKRAPHAR,2026-08-27,44.18,44.22,1003469,664961,66.27,446.41,2249
BALAJITELE,2026-08-27,95.43,93.54,130118,86198,66.25,122.27,1413
STEELXIND,2026-08-27,10.85,10.66,811276,537323,66.23,86.68,1596
PANORAMA,2026-08-27,48.65,48.26,255386,169109,66.22,123.57,791
WAAREEINDO,2026-08-27,275.15,272.9,55525,36746,66.18,151.95,1507
VISHWARAJ,2026-08-27,6.15,5.92,783099,518251,66.18,47.67,993
ABMKNO,2026-08-27,186.39,187.21,1079,714,66.17,2.02,43
KSOLVES,2026-08-27,273.4,267.85,29069,19217,66.11,78.43,1403
SGRL,2026-08-27,513.05,516.7,3407,2252,66.1,17.59,222
HINDADH,2026-08-27,353.9,350.4,2720,1798,66.1,9.56,138
VIDYAWIRES,2026-08-27,86.92,85.8,529772,350107,66.09,457.92,6091
KANPRPLA,2026-08-27,263.27,268.49,28339,18723,66.07,75.39,681
EICHERMOT,2026-08-27,8035.0,8100.0,369462,244074,66.06,29779.52,31881
SUNTV,2026-08-27,465.15,463.95,288220,190373,66.05,1337.45,10927
MEDICAMEQ,2026-08-27,240.66,230.74,28626,18908,66.05,67.06,726
GODREJCP,2026-08-27,922.8,923.0,1308144,864083,66.05,12010.51,36673
ATLANTAA,2026-08-27,37.41,37.64,20034,13226,66.02,7.5,330
AVONMORE,2026-08-27,13.97,13.68,135197,89216,65.99,18.59,592
LOTUSEYE,2026-08-27,111.61,112.63,13355,8811,65.98,15.02,471
CARBORUNIV,2026-08-27,1105.7,1103.2,139357,91913,65.96,1544.58,9010
BORANA,2026-08-27,318.1,310.15,17072,11257,65.94,53.12,588
HDFCAMC,2026-08-27,2667.9,2575.0,2101778,1383230,65.81,54428.65,130003
NTPC,2026-08-27,334.6,330.9,12911842,8494065,65.79,42619.41,142938
DELTAMAGNT,2026-08-27,57.83,57.22,5090,3347,65.76,2.9,123
AURIONPRO,2026-08-27,700.7,688.0,178058,117029,65.73,1230.96,11585
TGBHOTELS,2026-08-27,9.27,9.15,44990,29564,65.71,4.04,152
POLYPLEX,2026-08-27,1175.4,1149.2,43298,28410,65.62,501.68,3475
FRACTAL,2026-08-27,829.55,840.25,278268,182597,65.62,2340.53,14916
METROGLOBL,2026-08-27,137.82,135.07,875,574,65.6,1.19,37
WSTCSTPAPR,2026-08-27,607.8,606.85,439692,288410,65.59,2729.23,10928
ASTEC,2026-08-27,593.5,585.9,13787,9041,65.58,81.24,1071
POONAWALLA,2026-08-27,472.65,482.35,1434979,941086,65.58,6887.06,33667
RAJSREESUG,2026-08-27,36.59,35.25,91732,60128,65.55,33.04,722
ENIL,2026-08-27,106.99,104.41,12683,8307,65.5,13.54,405
TIGERLOGS,2026-08-27,29.54,30.09,242067,158426,65.45,73.21,503
TCIEXP,2026-08-27,549.85,558.35,53331,34889,65.42,292.56,2658
BOHRAIND,2026-08-27,13.86,12.85,90454,59168,65.41,11.95,197
NGIL,2026-08-27,38.81,41.96,124146,81165,65.38,50.73,383
3BBLACKBIO,2026-08-27,1306.3,1350.3,16388,10701,65.3,219.74,1983
NIPPOBATRY,2026-08-27,325.45,327.35,1244,812,65.27,4.09,108
METROPOLIS,2026-08-27,570.3,576.9,297439,194092,65.25,1710.32,13284
BHAGYANGR,2026-08-27,384.75,382.9,52016,33938,65.25,198.92,2018
GULFOILLUB,2026-08-27,1162.8,1154.3,48111,31347,65.16,556.35,4984
GRWRHITECH,2026-08-27,7115.5,7060.5,286267,186474,65.14,20212.17,56402
RANASUG,2026-08-27,14.8,14.75,513788,334574,65.12,75.88,1055
DIGJAMLMTD,2026-08-27,51.73,52.0,2268,1477,65.12,1.18,28
MANKIND,2026-08-27,2393.7,2417.5,322167,209735,65.1,7705.24,21210
BAJAJCON,2026-08-27,463.5,450.6,843825,549161,65.08,3818.68,21349
KRSNAA,2026-08-27,565.55,557.7,129490,84276,65.08,730.62,10309
RADIANTCMS,2026-08-27,41.16,40.41,367982,239426,65.06,148.71,2165
RAJMET,2026-08-27,3.18,3.13,1031559,671017,65.05,32.39,1221
SIMPLEXINF,2026-08-27,251.41,258.67,100700,65498,65.04,259.57,2027
LKPSEC,2026-08-27,15.43,15.63,10552,6859,65.0,1.61,137
KPIL,2026-08-27,1391.3,1391.0,121480,78964,65.0,1693.4,13940
SUVIDHAA,2026-08-27,2.3,2.28,66595,43275,64.98,1.54,187
AVL,2026-08-27,585.6,592.3,179649,116723,64.97,1065.29,11586
SUNPHARMA,2026-08-27,1899.5,1913.3,1107552,718706,64.89,21169.28,101138
LAURUSLABS,2026-08-27,1887.0,1929.4,4249869,2755640,64.84,81110.22,78174
CHAMBLFERT,2026-08-27,427.55,424.75,493439,319736,64.8,2101.59,24732
PANSARI,2026-08-27,324.0,315.0,17,11,64.71,0.05,7
KEC,2026-08-27,430.15,421.4,786288,508757,64.7,3336.12,20448
STARCEMENT,2026-08-27,191.16,188.68,434910,281222,64.66,819.74,11053
CREDITACC,2026-08-27,1440.2,1425.9,384049,248261,64.64,5483.3,45881
BMWVENTLTD,2026-08-27,56.9,56.95,36087,23316,64.61,20.48,808
SANOFICONR,2026-08-27,4158.5,4150.0,1480,956,64.59,61.37,587
GICL,2026-08-27,23.51,23.34,111449,71963,64.57,26.02,439
GYFTR,2026-08-27,168.19,166.81,30786,19871,64.55,51.2,742
CASTROLIND,2026-08-27,186.75,185.27,2163286,1396084,64.54,4024.79,27706
STEELCITY,2026-08-27,87.87,86.2,8483,5474,64.53,7.3,158
ICICIGI,2026-08-27,1596.9,1588.1,864889,558153,64.53,13793.79,23956
BCLIND,2026-08-27,37.69,37.02,471336,304039,64.51,174.95,2056
MUNJALSHOW,2026-08-27,132.39,131.27,10794,6957,64.45,14.23,402
STARHEALTH,2026-08-27,583.75,586.1,181960,117275,64.45,1062.93,10928
PARACABLES,2026-08-27,60.08,59.37,1875208,1208355,64.44,1123.48,6688
MEDIASSIST,2026-08-27,340.05,337.25,281912,181608,64.42,956.29,17623
ZODIACLOTH,2026-08-27,73.56,72.63,3734,2404,64.38,2.71,74
DEVIT,2026-08-27,25.46,24.86,34292,22071,64.36,8.58,238
HLEGLAS,2026-08-27,313.45,314.85,52671,33900,64.36,165.47,1445
CUMMINSIND,2026-08-27,5200.0,5190.0,553728,356300,64.35,28677.05,42780
CENTRUM,2026-08-27,23.12,23.09,150274,96649,64.32,34.67,423
ORIENTPPR,2026-08-27,17.03,17.04,119793,77022,64.3,20.44,415
DISAQ,2026-08-27,11974.0,11590.0,389,250,64.27,45.6,162
IFBIND,2026-08-27,1369.8,1351.6,22854,14685,64.26,310.31,2326
MERCURYEV,2026-08-27,38.73,38.93,79392,50987,64.22,30.99,1180
GREENLAM,2026-08-27,247.3,243.25,94551,60721,64.22,230.71,2480
DREAMFOLKS,2026-08-27,68.77,67.31,29972,19244,64.21,20.27,663
BONLON,2026-08-27,39.6,40.3,3325,2134,64.18,1.33,84
ARVEE,2026-08-27,174.8,170.59,3030,1942,64.09,5.15,135
PAUSHAKLTD,2026-08-27,750.55,738.2,7797,4990,64.0,57.87,668
VRAJ,2026-08-27,122.66,127.19,28735,18381,63.97,35.82,539
HERANBA,2026-08-27,174.06,169.69,31886,20396,63.97,54.66,1125
VISHAL,2026-08-27,18.67,18.7,58414,37339,63.92,10.94,332
CPCAP,2026-08-27,115.77,112.73,15693,10030,63.91,18.11,241
VASWANI,2026-08-27,48.3,48.42,32341,20669,63.91,15.6,225
ALICON,2026-08-27,691.65,683.65,23794,15186,63.82,162.45,1612
HAVELLS,2026-08-27,1258.7,1241.0,623467,397756,63.8,7829.1,24965
CANHLIFE,2026-08-27,153.88,156.89,3945084,2516919,63.8,6179.78,36857
THOMASCOTT,2026-08-27,281.1,279.6,14941,9530,63.78,41.87,766
BALKRISIND,2026-08-27,2328.6,2352.1,490664,312896,63.77,11615.17,47695
SVGLOBAL,2026-08-27,132.79,129.5,1849,1179,63.76,2.35,65
SUDARCOLOR,2026-08-27,387.45,379.65,14953,9528,63.72,57.03,866
NIRLON,2026-08-27,640.7,631.2,5317,3387,63.7,33.71,406
MENNPIS,2026-08-27,69.89,74.59,125327,79806,63.68,92.17,1149
ASIANTNE,2026-08-27,9.57,9.65,4657,2965,63.67,0.45,50
AAVAS,2026-08-27,1285.8,1269.4,349968,222800,63.66,4450.65,41236
MUKANDLTD,2026-08-27,137.03,136.26,60318,38357,63.59,82.42,1181
FLUOROCHEM,2026-08-27,4732.1,4672.1,61251,38925,63.55,2875.39,8263
NRAIL,2026-08-27,509.3,511.3,5884,3735,63.48,30.04,372
BAJAJHFL,2026-08-27,84.07,85.29,4358067,2764729,63.44,3699.11,22948
PETRONET,2026-08-27,289.0,290.95,1988032,1260055,63.38,5808.67,62181
EMCURE,2026-08-27,1862.3,1878.4,104535,66171,63.3,1958.27,19057
NIVABUPA,2026-08-27,82.17,82.5,196144,124099,63.27,161.78,4992
NOCIL,2026-08-27,165.1,165.13,847691,536039,63.24,1396.18,7187
XPROINDIA,2026-08-27,1176.3,1137.1,35135,22217,63.23,404.39,2911
INDHOTEL,2026-08-27,721.0,718.5,863865,546059,63.21,6188.14,20108
HEIDELBERG,2026-08-27,161.86,161.7,112221,70858,63.14,181.34,1928
UNITDSPR,2026-08-27,1538.5,1522.0,717436,452801,63.11,10912.9,32130
PVRINOX,2026-08-27,1255.3,1236.3,431393,272198,63.1,5330.32,20380
GRPLTD,2026-08-27,1969.5,1982.9,1024,646,63.09,20.27,186
DOLLAR,2026-08-27,270.9,265.25,36835,23241,63.09,98.66,1472
TREJHARA,2026-08-27,148.54,149.89,11319,7136,63.04,16.97,371
DENORA,2026-08-27,811.6,832.35,3143,1981,63.03,25.96,383
SAATVIKGL,2026-08-27,423.85,428.4,46407,29221,62.97,197.09,1770
TRUALT,2026-08-27,442.2,433.85,73493,46265,62.95,321.43,2742
MMP,2026-08-27,400.7,403.45,28165,17727,62.94,113.01,1034
MADRASFERT,2026-08-27,69.71,67.97,77038,48455,62.9,52.83,949
GRASIM,2026-08-27,3299.9,3258.0,733124,461053,62.89,24028.31,27368
HUBTOWN,2026-08-27,188.5,184.71,350523,220452,62.89,653.35,3672
SMLMAH,2026-08-27,5190.5,5194.0,38450,24179,62.88,1997.94,5675
ONGC,2026-08-27,232.21,232.0,11219541,7047453,62.81,26099.74,110543
JUNIPER,2026-08-27,212.04,216.05,470586,295433,62.78,1009.67,6257
PROTEAN,2026-08-27,565.7,556.9,244683,153366,62.68,1375.61,7333
SUNCLAY,2026-08-27,1267.9,1272.2,1101,690,62.67,14.0,180
ORIENTALTL,2026-08-27,5.13,5.14,54620,34227,62.66,2.79,236
ONIXSOLAR,2026-08-27,288.65,301.0,350922,219873,62.66,1035.52,3734
RKDL,2026-08-27,18.88,18.88,19865,12438,62.61,3.74,65
KAKATCEM,2026-08-27,113.99,115.39,2465,1543,62.6,2.84,76
PERMAGN,2026-08-27,900.55,869.45,2080,1302,62.6,18.19,376
MALLCOM,2026-08-27,979.75,973.4,1617,1012,62.59,15.86,187
DALBHARAT,2026-08-27,1898.0,1876.2,211084,132112,62.59,3973.07,15085
AMDIND,2026-08-27,52.59,53.33,17333,10841,62.55,9.25,194
TGVSL,2026-08-27,105.42,104.96,92534,57865,62.53,97.26,809
GODIGIT,2026-08-27,259.1,257.75,81433,50893,62.5,210.39,5406
SAYAJIHOTL,2026-08-27,320.1,332.0,8,5,62.5,0.03,6
ULTRACEMCO,2026-08-27,11717.0,11717.0,319993,199903,62.47,37576.2,38322
TATACONSUM,2026-08-27,1047.1,1042.0,996048,622104,62.46,10356.26,46591
CIEINDIA,2026-08-27,397.0,394.5,79832,49863,62.46,315.34,6275
BIRLAPREC,2026-08-27,44.12,47.37,436978,272844,62.44,204.34,1646
PVSL,2026-08-27,106.53,106.08,28688,17910,62.43,30.71,527
HAMPTON,2026-08-27,8.18,8.3,19787,12347,62.4,1.64,162
BETA,2026-08-27,2261.0,2194.2,26249,16374,62.38,579.77,3362
SBILIFE,2026-08-27,1768.2,1773.2,941103,586874,62.36,16778.24,50827
HINDUNILVR,2026-08-27,2021.0,2009.0,989046,616786,62.36,19889.23,80527
INDGN,2026-08-27,569.7,567.35,464592,289568,62.33,2641.83,22972
CROMPTON,2026-08-27,238.25,237.9,4429720,2760736,62.32,10582.23,25299
KOKUYOCMLN,2026-08-27,79.93,81.21,50733,31571,62.23,40.98,826
NUCLEUS,2026-08-27,740.1,738.1,12856,7992,62.17,95.05,896
BBTCL,2026-08-27,233.07,237.01,3220,2002,62.17,7.59,202
THEJO,2026-08-27,2043.9,2093.6,4315,2682,62.16,89.77,508
MAXESTATES,2026-08-27,558.05,558.45,259350,161179,62.15,1436.03,12414
EXPLEOSOL,2026-08-27,879.95,873.7,11211,6967,62.14,98.48,884
ASHIANA,2026-08-27,368.7,365.55,15013,9322,62.09,55.13,511
SJS,2026-08-27,2485.9,2502.5,99001,61437,62.06,2483.43,16671
ENERGYDEV,2026-08-27,16.12,16.13,16990,10543,62.05,2.75,236
AFFLE,2026-08-27,1686.8,1650.3,169829,105367,62.04,2805.77,17014
BHARATFORG,2026-08-27,2005.0,2050.0,1465432,909177,62.04,29787.87,41275
ERIS,2026-08-27,1310.7,1312.2,51939,32224,62.04,682.15,11681
VINATIORGA,2026-08-27,1321.5,1318.4,18669,11583,62.04,246.93,1754
RUCHIRA,2026-08-27,103.42,102.7,17057,10581,62.03,17.62,318
CMRGREEN,2026-08-27,218.21,221.07,434990,269817,62.03,954.7,8120
CUBEXTUB,2026-08-27,77.87,76.43,34198,21208,62.02,26.35,1224
DHANBANK,2026-08-27,33.21,32.72,461956,286487,62.02,152.61,2005
APOLSINHOT,2026-08-27,1190.7,1235.3,2414,1497,62.01,29.44,309
ANDHRAPAP,2026-08-27,60.46,60.11,129859,80503,61.99,78.47,2083
DSSL,2026-08-27,1073.5,1078.0,18453,11439,61.99,199.34,2007
DABUR,2026-08-27,392.2,386.2,1282102,794365,61.96,4994.36,35940
TORNTPHARM,2026-08-27,4890.0,4999.0,317547,196696,61.94,15631.63,24077
OSWALGREEN,2026-08-27,20.79,20.9,102763,63636,61.93,21.53,581
HINDPETRO,2026-08-27,375.5,371.0,3872498,2397974,61.92,14378.89,46621
KOTHARIPRO,2026-08-27,68.06,68.84,2727,1687,61.86,1.87,57
SPMLINFRA,2026-08-27,186.71,180.0,203111,125647,61.86,370.69,2589
PREMEXPLN,2026-08-27,671.2,666.25,83749,51790,61.84,559.71,1722
MAXHEALTH,2026-08-27,1005.0,1009.0,1471151,909561,61.83,14770.51,47356
NDRAUTO,2026-08-27,744.3,733.3,9618,5945,61.81,70.76,1232
JSWINFRA,2026-08-27,344.95,337.95,2833326,1750961,61.8,9621.93,54000
ZIMLAB,2026-08-27,126.4,125.21,40646,25120,61.8,51.61,541
GHCL,2026-08-27,437.85,440.15,115639,71451,61.79,509.22,3334
INDOSTAR,2026-08-27,259.5,255.05,168538,104137,61.79,426.82,1861
JTEKTINDIA,2026-08-27,126.53,126.18,82110,50729,61.78,104.09,1292
KALYANIFRG,2026-08-27,675.0,682.45,1821,1125,61.78,12.47,219
HUHTAMAKI,2026-08-27,270.4,260.5,143477,88604,61.75,376.64,3777
BOROSCI,2026-08-27,127.07,125.89,36361,22446,61.73,46.09,981
OMAXAUTO,2026-08-27,186.84,191.23,38392,23691,61.71,72.9,862
ADVANIHOTR,2026-08-27,49.88,49.92,8560,5280,61.68,4.27,209
ADVANCE,2026-08-27,122.58,120.32,66356,40858,61.57,80.18,1091
CENTEXT,2026-08-27,22.45,22.59,128792,79295,61.57,28.88,628
VAKRANGEE,2026-08-27,6.05,5.92,930460,572762,61.56,55.34,1736
AJANTPHARM,2026-08-27,3551.8,3543.6,49671,30575,61.56,1756.72,13549
SWISSMLTRY,2026-08-27,17.74,17.16,147702,90915,61.55,25.88,440
UGROCAP,2026-08-27,87.05,87.22,78155,48097,61.54,68.08,1119
JSWSTEEL,2026-08-27,1341.0,1337.5,2647838,1629159,61.53,35426.46,72599
PRICOLLTD,2026-08-27,780.7,776.7,441982,271928,61.52,3469.26,24457
NOVARTIND,2026-08-27,1490.1,1490.2,6478,3984,61.5,95.86,749
ARVINDFASN,2026-08-27,443.5,449.4,137480,84539,61.49,613.12,11741
BHARATSE,2026-08-27,224.74,221.07,71277,43808,61.46,158.29,2136
BCONCEPTS,2026-08-27,160.48,160.01,20738,12743,61.45,32.44,858
NORBTEAEXP,2026-08-27,70.02,67.3,1136,698,61.44,0.77,25
VSTIND,2026-08-27,210.95,211.23,101422,62312,61.44,213.82,2485
ALLDIGI,2026-08-27,815.2,797.2,16931,10399,61.42,135.55,949
GICRE,2026-08-27,349.75,351.85,1644017,1009312,61.39,5784.89,25093
VADILALIND,2026-08-27,7423.0,7444.5,6764,4152,61.38,503.62,1514
BAJFINANCE,2026-08-27,1085.0,1083.0,5220239,3203467,61.37,56980.68,105604
FIEMIND,2026-08-27,2110.0,2067.2,113990,69947,61.36,2375.53,15256
NSIL,2026-08-27,5783.5,5741.0,1718,1054,61.35,99.07,323
PUNJABCHEM,2026-08-27,1119.0,1112.8,2654,1628,61.34,29.69,377
APOLLOHOSP,2026-08-27,8766.5,8800.0,270047,165637,61.34,23752.48,20713
DDEVPLSTIK,2026-08-27,276.25,278.7,56523,34671,61.34,156.94,1752
GARUDA,2026-08-27,183.22,175.52,473168,290032,61.3,844.7,7256
TTL,2026-08-27,6.59,6.53,501845,307486,61.27,32.58,575
POWERICA,2026-08-27,532.0,519.0,108857,66688,61.26,567.6,5211
IGL,2026-08-27,148.72,147.17,1043160,639014,61.26,1541.43,19784
JHS,2026-08-27,9.0,8.95,54116,33134,61.23,4.96,221
V2RETAIL,2026-08-27,219.79,222.4,929035,568645,61.21,2058.36,13166
SHREDIGCEM,2026-08-27,75.28,77.91,228970,140096,61.19,177.86,2148
MANGLMCEM,2026-08-27,1057.7,1058.2,170829,104501,61.17,1817.52,8805
CRAMC,2026-08-27,260.6,258.9,375586,229684,61.15,971.66,10442
BCG,2026-08-27,9.07,9.03,2937320,1795923,61.14,265.64,3888
RETAIL,2026-08-27,17.81,17.11,1927,1177,61.08,0.34,62
MINDACORP,2026-08-27,707.5,690.65,379106,231464,61.06,2658.22,19994
PIGL,2026-08-27,101.41,101.85,23137,14111,60.99,23.64,401
PHOENIXLTD,2026-08-27,1924.1,1901.7,469493,286349,60.99,8983.44,24747
TCI,2026-08-27,903.15,897.3,13098,7988,60.99,118.02,2374
WEWORK,2026-08-27,678.3,675.35,316546,192978,60.96,2157.63,20324
INDIANCARD,2026-08-27,208.67,208.03,2682,1635,60.96,5.63,85
RMC,2026-08-27,256.75,249.45,39639,24158,60.95,100.28,1017
FEDERALBNK,2026-08-27,345.3,344.8,4512557,2749426,60.93,15582.09,47482
MANAKCOAT,2026-08-27,124.54,121.09,171239,104293,60.9,208.1,2655
MFSL,2026-08-27,1600.0,1568.0,732972,446241,60.88,11590.2,53357
AUTOIND,2026-08-27,88.99,89.02,194083,118167,60.88,175.65,1089
HEXATRADEX,2026-08-27,158.5,159.1,23,14,60.87,0.04,9
LGEINDIA,2026-08-27,1675.4,1700.4,921188,560435,60.84,15669.95,42134
RADICO,2026-08-27,4614.0,4606.0,212632,129357,60.84,9775.41,17102
PSPPROJECT,2026-08-27,904.65,901.2,23261,14148,60.82,209.9,1183
ISHANCH,2026-08-27,43.23,44.0,16067,9769,60.8,7.02,315
PDSL,2026-08-27,369.1,366.55,95276,57914,60.79,348.41,3123
RALLIS,2026-08-27,213.93,210.24,412837,250917,60.78,872.01,14347
ANTELOPUS,2026-08-27,792.05,781.2,46134,28025,60.75,360.68,2412
MARALOVER,2026-08-27,55.7,56.27,32937,20004,60.73,18.57,255
INTELLECT,2026-08-27,684.0,678.3,183882,111667,60.73,1252.47,15705
3PLAND,2026-08-27,32.0,31.87,3978,2416,60.73,1.26,73
ADVENTHTL,2026-08-27,138.48,140.52,214699,130244,60.66,300.93,2299
MUTHOOTCAP,2026-08-27,241.76,241.13,5446,3300,60.59,13.2,248
ELGIEQUIP,2026-08-27,617.55,599.25,400200,242381,60.56,2427.89,24166
CAPITALSFB,2026-08-27,282.6,283.95,54058,32726,60.54,155.18,1950
BOROLTD,2026-08-27,255.35,244.07,1072261,648818,60.51,2666.9,10797
MHRIL,2026-08-27,218.19,211.23,406340,245762,60.48,861.62,6518
DBREALTY,2026-08-27,106.34,106.85,1335069,807131,60.46,1439.34,10745
M&MFIN,2026-08-27,385.35,383.35,1390537,840112,60.42,5335.24,28166
EBIX,2026-08-27,21.37,21.5,75019,45314,60.4,16.14,306
SYMPHONY,2026-08-27,602.5,599.05,32084,19379,60.4,192.19,2267
HINDALCO,2026-08-27,1053.0,1024.0,3635432,2194496,60.36,37512.58,81732
BRNL,2026-08-27,17.3,17.29,18991,11462,60.35,3.27,221
CHEMCRUX,2026-08-27,86.72,83.98,5867,3541,60.35,4.96,125
360ONE,2026-08-27,1197.2,1204.0,317442,191498,60.33,3811.4,19239
VEEDOL,2026-08-27,1510.1,1491.5,5623,3391,60.31,84.21,969
DBOL,2026-08-27,127.73,123.34,307475,185453,60.31,383.46,4035
SUDEEPPHRM,2026-08-27,1129.1,1134.1,139528,84132,60.3,1585.52,6380
DAVANGERE,2026-08-27,2.65,2.12,39355327,23718102,60.27,907.85,10176
LLOYDSME,2026-08-27,1845.7,1798.5,428234,258064,60.26,7760.9,19053
CAMLINFINE,2026-08-27,106.57,102.94,826195,497593,60.23,859.46,7206
BAYERCROP,2026-08-27,4089.3,4067.9,15932,9593,60.21,646.57,3013
BIL,2026-08-27,840.45,867.15,35867,21595,60.21,308.96,755
SBICARD,2026-08-27,660.1,645.0,1739414,1047149,60.2,11328.37,43044
CENTRALBK,2026-08-27,30.83,30.65,5856063,3524980,60.19,1797.73,19411
NETWORK18,2026-08-27,30.45,29.14,5882491,3539149,60.16,1738.83,16644
LATTEYS,2026-08-27,22.6,22.2,39358,23667,60.13,8.79,178
GATEWAY,2026-08-27,53.43,53.74,797919,479619,60.11,427.01,4819
DGCONTENT,2026-08-27,24.23,24.0,2514,1511,60.1,0.61,30
TVSHLTD,2026-08-27,13542.0,13434.0,7150,4293,60.04,956.72,2731
POKARNA,2026-08-27,869.6,855.3,31056,18633,60.0,267.61,2315
KHAITANLTD,2026-08-27,146.96,144.78,729,437,59.95,1.05,44
JUBLCPL,2026-08-27,2141.7,2122.9,4614,2765,59.93,98.54,588
AGI,2026-08-27,744.5,737.7,74008,44328,59.9,547.64,3647
TECHNOE,2026-08-27,1004.25,997.45,66454,39796,59.89,663.55,7752
SEAMECLTD,2026-08-27,1658.1,1624.4,76118,45579,59.88,1250.32,5081
BASF,2026-08-27,3914.0,3846.1,12754,7636,59.87,493.28,3078
MKPL,2026-08-27,4.11,4.11,109758,65623,59.79,4.53,297
EIHOTEL,2026-08-27,303.5,300.05,367367,219541,59.76,1098.1,9702
SRF,2026-08-27,2583.0,2605.0,225304,134638,59.76,5870.68,15949
FLAIR,2026-08-27,250.25,247.95,33840,20208,59.72,84.15,891
MANYAVAR,2026-08-27,546.6,544.55,374606,223713,59.72,2039.52,15116
GKSL,2026-08-27,152.34,154.29,455701,272083,59.71,704.05,4313
CHOLAFIN,2026-08-27,1868.1,1875.4,942441,562520,59.69,17677.94,39207
JSWDULUX,2026-08-27,3106.0,3110.4,22595,13487,59.69,701.71,6231
JITFINFRA,2026-08-27,321.55,321.5,15909,9486,59.63,51.49,568
ASHOKAMET,2026-08-27,13.5,13.51,12184,7261,59.59,1.62,111
MPSLTD,2026-08-27,2704.0,2660.2,16336,9731,59.57,437.54,2486
ANUHPHR,2026-08-27,79.02,83.58,339632,202282,59.56,279.38,3914
NAVA,2026-08-27,567.95,556.5,186733,111202,59.55,1043.86,8031
MAYURUNIQ,2026-08-27,747.45,749.4,75037,44678,59.54,556.4,4481
PRIMESECU,2026-08-27,283.8,279.9,5727,3408,59.51,16.02,294
ASIANTILES,2026-08-27,46.72,47.02,3539428,2105295,59.48,1665.04,4056
COFORGE,2026-08-27,1880.0,1901.8,1759661,1046564,59.48,33402.96,56501
PRECOT,2026-08-27,695.45,703.75,1662,988,59.45,11.63,196
DCMSRIND,2026-08-27,47.84,46.77,191558,113813,59.41,91.63,1160
SAKSOFT,2026-08-27,161.36,157.78,127771,75908,59.41,202.97,2754
INNOVISION,2026-08-27,254.8,251.4,13867,8238,59.41,35.01,973
HEALTHX,2026-08-27,298.2,293.55,2663,1582,59.41,7.85,129
IRIS,2026-08-27,237.61,235.68,15317,9099,59.4,36.62,618
ASTERDM,2026-08-27,762.1,754.8,1730822,1026668,59.32,13088.48,69176
AARVI,2026-08-27,150.04,145.07,11191,6636,59.3,16.53,536
FUSION,2026-08-27,205.24,196.05,402570,238633,59.28,801.7,9049
PLASTIBLEN,2026-08-27,188.89,189.24,16361,9697,59.27,31.31,705
IMFA,2026-08-27,1380.5,1367.9,74662,44227,59.24,1029.88,8100
TECHNVISN,2026-08-27,5129.2,5117.9,238,141,59.24,12.19,112
IKIO,2026-08-27,192.08,186.14,119881,70978,59.21,225.45,2756
M&M,2026-08-27,3398.2,3330.0,1853016,1097064,59.2,62333.4,113736
MATRIMONY,2026-08-27,515.05,515.45,17404,10294,59.15,89.66,1151
KISSHT,2026-08-27,306.55,303.1,1710152,1011417,59.14,5198.62,32985
SUNDARMFIN,2026-08-27,4539.6,4636.9,51237,30297,59.13,2372.83,12030
SUNDRMFAST,2026-08-27,1237.95,1216.2,85029,50248,59.1,1037.7,8516
VIKASECO,2026-08-27,1.08,1.14,4929662,2911855,59.07,55.83,1889
TAINWALCHM,2026-08-27,216.7,212.68,2869,1694,59.04,6.12,62
ABSLAMC,2026-08-27,1033.5,1046.5,377907,223052,59.02,3937.51,26186
STCINDIA,2026-08-27,118.29,117.48,23181,13673,58.98,27.47,486
ONESOURCE,2026-08-27,1483.6,1517.5,315066,185796,58.97,4797.0,19587
LEMONTREE,2026-08-27,108.75,107.69,2259074,1332122,58.97,2440.3,26860
SFL,2026-08-27,648.05,636.3,80080,47209,58.95,514.43,7502
SUDARSCHEM,2026-08-27,1234.3,1252.8,643589,379308,58.94,7984.12,23749
HCLTECH,2026-08-27,1298.5,1282.0,1936771,1141437,58.94,24924.46,69854
INDNIPPON,2026-08-27,1066.1,1062.2,9885,5824,58.92,105.75,1104
SIGMAADV,2026-08-27,727.3,763.65,942674,555355,58.91,7156.2,9491
ADANIENSOL,2026-08-27,1570.5,1617.0,4514708,2658848,58.89,72506.56,100862
TRANSRAILL,2026-08-27,462.25,458.5,192951,113592,58.87,888.11,8383
KANSAINER,2026-08-27,201.33,198.44,129493,76215,58.86,257.99,4515
VESUVIUS,2026-08-27,422.9,422.4,59366,34942,58.86,251.63,2341
REGAAL,2026-08-27,94.57,93.04,227821,134081,58.85,214.27,1897
LAMBODHARA,2026-08-27,141.88,140.71,38124,22436,58.85,54.63,835
SGMART,2026-08-27,842.3,810.25,542016,318882,58.83,4479.16,15331
HATHWAY,2026-08-27,10.57,10.55,982034,577672,58.82,103.44,1467
GEMAROMA,2026-08-27,172.35,170.83,65892,38752,58.81,112.84,1011
ANANDRATHI,2026-08-27,2179.4,2182.9,124936,73446,58.79,2725.64,15232
ORKLAINDIA,2026-08-27,579.8,606.0,407447,239492,58.78,2421.4,13178
MASTEK,2026-08-27,1644.5,1611.6,81510,47913,58.78,1320.48,14597
MRF,2026-08-27,133520.0,133600.0,2084,1225,58.78,2780.13,1653
AADHARHFC,2026-08-27,470.35,465.8,161831,95107,58.77,754.02,14683
SHOPERSTOP,2026-08-27,386.0,374.85,29552,17362,58.75,111.99,2255
HAVISHA,2026-08-27,1.39,1.35,30752,18066,58.75,0.42,113
PKTEA,2026-08-27,785.0,751.85,80,47,58.75,0.6,24
RML,2026-08-27,1144.1,1123.3,22508,13222,58.74,254.19,2201
PANACEABIO,2026-08-27,397.95,393.25,65254,38333,58.74,256.87,1832
AWFIS,2026-08-27,268.35,257.65,365185,214526,58.74,950.26,9492
SAGCEM,2026-08-27,167.67,164.09,14441,8481,58.73,23.87,555
INDIAGLYCO,2026-08-27,1190.5,1203.3,304427,178754,58.72,3646.49,27241
BSOFT,2026-08-27,293.55,287.95,816795,479336,58.68,2362.03,25189
TORNTPOWER,2026-08-27,1258.4,1230.1,282272,165635,58.68,3481.76,27952
PACIFICI,2026-08-27,146.67,137.63,651,382,58.68,0.9,31
MSPL,2026-08-27,34.64,34.59,444753,260881,58.66,154.59,1642
ADANIPORTS,2026-08-27,1691.5,1714.0,2044450,1199141,58.65,34874.83,113610
GEOJITFSL,2026-08-27,80.86,82.64,354474,207749,58.61,289.63,3649
JAYSREETEA,2026-08-27,102.05,100.1,84909,49763,58.61,86.77,1104
SARLAPOLY,2026-08-27,100.5,100.41,20491,12008,58.6,20.6,588
HIMATSEIDE,2026-08-27,72.67,71.83,201561,118063,58.57,145.24,2221
CHEMBOND,2026-08-27,172.12,173.59,3656,2140,58.53,6.31,142
CALSOFT,2026-08-27,32.2,33.81,1106010,647281,58.52,371.12,2047
MAHEPC,2026-08-27,107.34,106.86,4257,2491,58.52,4.55,209
SOMANYCERA,2026-08-27,558.45,556.6,219363,128348,58.51,1225.22,7331
SPIC,2026-08-27,70.28,69.46,314076,183677,58.48,218.43,2866
COSMOFIRST,2026-08-27,924.3,942.05,76944,44977,58.45,716.87,4700
BRAHMINFRA,2026-08-27,157.39,156.86,5878,3435,58.44,9.34,232
JNKINDIA,2026-08-27,453.25,444.75,98066,57310,58.44,438.53,2501
VRLLOG,2026-08-27,286.25,293.9,175551,102574,58.43,512.7,5951
JYOTIRES,2026-08-27,903.65,890.55,5200,3038,58.42,46.51,586
GPIL,2026-08-27,245.83,240.33,1241037,725010,58.42,3016.08,15607
PROZONER,2026-08-27,43.51,44.21,253149,147820,58.39,110.97,1603
MGL,2026-08-27,1115.3,1092.8,155301,90651,58.37,1710.26,17517
KPRMILL,2026-08-27,1136.0,1126.5,136961,79911,58.35,1547.39,14464
MIRZAINT,2026-08-27,31.96,31.56,112343,65553,58.35,35.7,1370
ADVENZYMES,2026-08-27,297.2,297.6,202752,118292,58.34,603.99,4123
TIPSMUSIC,2026-08-27,650.25,660.0,245442,143193,58.34,1604.83,15880
SAILIFE,2026-08-27,1461.0,1488.2,431944,251963,58.33,6389.47,29900
ENRIN,2026-08-27,3325.9,3256.4,1041630,607102,58.28,34129.35,54239
KPEL,2026-08-27,250.35,244.9,266015,154974,58.26,654.9,5646
CSBBANK,2026-08-27,347.75,348.8,550978,320887,58.24,1930.33,22108
TITAN,2026-08-27,5100.0,5139.3,1101845,641424,58.21,56513.36,62034
KUANTUM,2026-08-27,72.35,72.31,62008,36072,58.17,44.9,893
MINDTECK,2026-08-27,170.6,172.4,17586,10230,58.17,30.3,668
EFCIL,2026-08-27,205.74,198.72,273995,159394,58.17,552.56,5279
ASHOKA,2026-08-27,114.07,113.05,305638,177755,58.16,347.63,3524
SBIFUNDS,2026-08-27,563.45,562.55,1745658,1014927,58.14,9775.15,41807
ITCHOTELS,2026-08-27,166.67,164.16,938238,545351,58.13,1547.68,18467
PRIMO,2026-08-27,21.28,21.49,104515,60758,58.13,22.38,800
DLINKINDIA,2026-08-27,443.8,438.0,53887,31313,58.11,237.42,2159
NESCO,2026-08-27,1018.9,1017.1,24736,14373,58.11,252.22,3456
WINDMACHIN,2026-08-27,309.15,303.95,35449,20595,58.1,107.82,1562
BOSCHLTD,2026-08-27,48895.0,48780.0,28795,16716,58.05,14024.23,7657
SHIVAAGRO,2026-08-27,42.17,40.74,441,256,58.05,0.18,32
AJAXENGG,2026-08-27,581.5,579.1,50817,29494,58.04,294.22,5574
GMRAIRPORT,2026-08-27,98.85,98.68,6542176,3793720,57.99,6477.0,31436
BPCL,2026-08-27,318.0,318.0,4497571,2608271,57.99,14338.98,41307
EXCELINDUS,2026-08-27,1039.75,1041.6,8170,4737,57.98,85.13,1078
5PAISA,2026-08-27,376.4,371.15,18714,10851,57.98,69.81,1032
INNOVACAP,2026-08-27,1031.25,1021.55,47647,27617,57.96,488.84,6597
INDRAMEDCO,2026-08-27,369.3,369.3,89754,51956,57.89,331.33,3142
VLSFINANCE,2026-08-27,245.35,246.25,12216,7069,57.87,30.06,375
POWERMECH,2026-08-27,2513.3,2547.4,49931,28891,57.86,1271.46,8464
MCLEODRUSS,2026-08-27,49.55,49.17,169212,97886,57.85,83.99,995
URJA,2026-08-27,9.22,9.25,416027,240627,57.84,38.49,1613
AUROPHARMA,2026-08-27,1623.0,1637.0,717677,415100,57.84,11640.42,27841
JAIBALAJI,2026-08-27,68.58,70.16,1576419,911405,57.81,1118.07,6089
MAITHANALL,2026-08-27,1005.25,994.8,21538,12451,57.81,216.31,1443
CHOLAHLDNG,2026-08-27,1559.4,1517.2,82278,47525,57.76,1255.56,10957
ATLANTAELE,2026-08-27,1725.1,1674.9,96691,55850,57.76,1634.43,11280
GVPTECH,2026-08-27,7.38,7.53,501010,289193,57.72,38.63,1222
NELCAST,2026-08-27,115.34,117.08,311282,179639,57.71,365.42,3933
HINDWAREAP,2026-08-27,196.29,190.84,137457,79302,57.69,264.11,2850
LENSKART,2026-08-27,647.15,640.6,11600580,6690450,57.67,75527.4,152271
PNBGILTS,2026-08-27,79.4,77.96,265347,153028,57.67,207.75,2149
GHCLTEXTIL,2026-08-27,126.7,125.36,363913,209649,57.61,459.77,3998
KMSUGAR,2026-08-27,31.96,30.61,338995,195267,57.6,105.93,1459
SUNFLAG,2026-08-27,350.45,344.4,120437,69357,57.59,418.59,2612
ZFCVINDIA,2026-08-27,2588.4,2570.5,65894,37947,57.59,1696.0,12594
GRAVITA,2026-08-27,1840.3,1824.5,115208,66336,57.58,2105.51,13533
AHLEAST,2026-08-27,138.66,136.73,1870,1076,57.54,2.56,50
MBAPL,2026-08-27,167.07,162.78,1110873,639054,57.53,1811.3,15218
IZMO,2026-08-27,856.85,829.6,68003,39118,57.52,569.78,7332
IDEAFORGE,2026-08-27,805.95,805.0,156158,89813,57.51,1267.09,8233
CELEBRITY,2026-08-27,6.7,6.88,24766,14236,57.48,1.7,76
HARSHA,2026-08-27,428.75,438.55,111988,64345,57.46,483.39,3677
SMLT,2026-08-27,68.45,67.6,5180,2974,57.41,3.53,95
MEDPLUS,2026-08-27,692.1,688.35,55452,31824,57.39,380.63,3520
GLAXO,2026-08-27,3034.4,3069.1,229414,131640,57.38,7055.09,18190
LICI,2026-08-27,415.3,413.95,5422128,3109537,57.35,22560.98,44778
HDFCBANK,2026-08-27,727.2,711.0,46515020,26654212,57.3,332958.43,640207
LXCHEM,2026-08-27,172.21,167.47,500942,287005,57.29,848.62,6731
MUTHOOTMF,2026-08-27,213.85,204.94,590236,338020,57.27,1247.0,10653
FDC,2026-08-27,347.25,343.85,84955,48654,57.27,292.35,3527
BPLPHARMA,2026-08-27,1541.2,1496.6,1177,674,57.26,17.99,228
PALASHSECU,2026-08-27,92.56,89.78,3706,2122,57.26,3.27,193
ARMANFIN,2026-08-27,1977.8,1967.1,25618,14664,57.24,504.27,4634
DRAGARWQ,2026-08-27,5246.0,5176.5,1492,854,57.24,78.13,566
TATASTEEL,2026-08-27,188.01,186.8,40921836,23421035,57.23,77042.89,202221
HPL,2026-08-27,313.5,307.65,79285,45355,57.21,244.79,2920
ESCORTS,2026-08-27,3067.0,2974.1,134744,77035,57.17,4066.54,28599
PAISALO,2026-08-27,68.04,67.83,4630410,2645167,57.13,3150.76,14520
GUJENERGY,2026-08-27,253.95,250.35,1870939,1068045,57.09,4725.66,39942
SMSPHARMA,2026-08-27,357.7,362.45,153865,87839,57.09,553.69,3576
ONWARDTEC,2026-08-27,283.4,285.6,39930,22791,57.08,115.05,1044
BLUEJET,2026-08-27,590.1,585.6,250159,142682,57.04,1466.34,11267
DIAMINESQ,2026-08-27,245.24,244.38,4174,2380,57.02,10.16,107
BAJAJFINSV,2026-08-27,2010.0,2011.0,526392,300033,57.0,10558.42,71573
JASH,2026-08-27,489.8,484.65,73386,41832,57.0,356.16,4087
ZEEMEDIA,2026-08-27,8.92,8.61,2989191,1703540,56.99,260.15,3301
NTPCGREEN,2026-08-27,91.27,90.99,1161327,661723,56.98,1057.52,14569
COASTCORP,2026-08-27,40.69,40.62,41001,23363,56.98,16.65,360
IPL,2026-08-27,140.47,137.79,124420,70879,56.97,172.68,1873
KIMS,2026-08-27,756.1,768.45,889873,506968,56.97,6861.79,46415
INDIGO,2026-08-27,5250.5,5189.0,352677,200797,56.94,18371.08,34224
LTTS,2026-08-27,3543.2,3537.9,36907,21004,56.91,1306.84,8706
SATIA,2026-08-27,58.69,58.01,160572,91379,56.91,94.06,1567
PTC,2026-08-27,157.28,157.96,711786,404997,56.9,1121.72,10455
LAXMIDENTL,2026-08-27,196.21,194.82,47648,27107,56.89,92.89,1469
TIMKEN,2026-08-27,3098.7,3183.4,31733,18047,56.87,1002.66,8046
PLAZACABLE,2026-08-27,52.22,51.3,46229,26260,56.8,23.88,620
GRINFRA,2026-08-27,905.2,890.4,62312,35394,56.8,555.7,8178
NEPHROPLUS,2026-08-27,693.65,685.45,114061,64777,56.79,785.61,6787
WHBRADY,2026-08-27,497.8,492.2,236,134,56.78,1.19,40
VISAKAIND,2026-08-27,91.53,91.02,172187,97729,56.76,158.2,2479
SANGHVIMOV,2026-08-27,458.5,444.65,387376,219751,56.73,1732.77,12313
AGARIND,2026-08-27,470.2,465.5,22604,12818,56.71,105.81,1169
RPEL,2026-08-27,1736.7,1745.4,94129,53375,56.7,1642.01,7961
KOTIC,2026-08-27,149.05,149.0,8608,4880,56.69,12.73,334
TRENT,2026-08-27,2908.2,2878.5,591208,334806,56.63,17068.36,56363
ADANIENT,2026-08-27,3112.0,3169.0,1793570,1015758,56.63,56539.09,101611
LALPATHLAB,2026-08-27,1937.3,1936.4,87929,49758,56.59,1701.73,21600
ATULAUTO,2026-08-27,487.5,481.15,64301,36363,56.55,310.21,2512
GMMPFAUDLR,2026-08-27,1017.4,1025.15,93043,52596,56.53,957.12,7642
CRIZAC,2026-08-27,178.83,175.78,93758,52993,56.52,165.39,2677
VAIBHAVGBL,2026-08-27,223.6,222.2,130477,73716,56.5,290.72,8505
TAJGVK,2026-08-27,339.4,341.75,48286,27269,56.47,164.28,2201
SIKA,2026-08-27,1020.4,1006.9,18378,10377,56.46,185.01,2041
DIVISLAB,2026-08-27,9025.0,9060.0,527307,297724,56.46,47912.14,49400
AARON,2026-08-27,136.08,135.71,10460,5904,56.44,14.27,325
AVANCE,2026-08-27,0.89,0.87,5152468,2907583,56.43,45.37,1338
DCBBANK,2026-08-27,213.83,217.51,9712688,5478639,56.41,21121.75,48908
IIFL,2026-08-27,654.05,635.65,2283168,1287780,56.4,14667.92,51410
PLATIND,2026-08-27,218.31,227.31,146353,82511,56.38,330.42,2979
RAINBOW,2026-08-27,1446.7,1441.0,69440,39140,56.37,996.73,9785
JAMNAAUTO,2026-08-27,120.96,119.88,660513,372338,56.37,795.91,6978
KIRLOSENG,2026-08-27,2036.6,2100.2,521433,293881,56.36,10920.11,36634
ALPA,2026-08-27,61.45,61.18,7422,4182,56.35,4.56,201
ZOTA,2026-08-27,1077.1,1081.3,34014,19142,56.28,370.03,2204
ABBOTINDIA,2026-08-27,26555.0,26350.0,4712,2651,56.26,1246.58,2279
SBIN,2026-08-27,1052.0,1042.9,4788716,2693387,56.24,50121.77,137557
SGFIN,2026-08-27,692.2,687.45,177629,99861,56.22,1227.73,5164
SHYAMMETL,2026-08-27,1040.5,1042.4,2075025,1166363,56.21,21814.29,54959
VIPIND,2026-08-27,310.9,304.3,232543,130656,56.19,708.12,6090
OIL,2026-08-27,469.15,469.85,1445687,812260,56.19,6793.82,19938
JIOFIN,2026-08-27,241.0,238.1,7638222,4291318,56.18,18326.17,65762
LAOPALA,2026-08-27,170.17,169.92,128865,72383,56.17,217.18,4526
NLCINDIA,2026-08-27,271.4,268.8,666043,374023,56.16,1793.66,18206
GOCLCORP,2026-08-27,397.4,397.35,26007,14602,56.15,103.54,1350
MAHABANK,2026-08-27,85.6,84.69,16185909,9084963,56.13,13708.14,47505
BHARTIHEXA,2026-08-27,1579.8,1551.1,38948,21852,56.11,609.28,8084
INFOBEAN,2026-08-27,155.54,154.65,133984,75097,56.05,208.06,1885
MARUTI,2026-08-27,13520.0,13440.0,315555,176822,56.04,42444.94,44326
BLACKBUCK,2026-08-27,605.3,588.2,324075,181605,56.04,1930.66,19667
PARKHOSPS,2026-08-27,289.2,290.15,576513,323067,56.04,1668.96,7310
JAGSNPHARM,2026-08-27,242.2,236.99,66137,37060,56.04,157.98,2199
ARIHANTCAP,2026-08-27,79.91,78.62,150781,84463,56.02,119.69,992
JINDALPHOT,2026-08-27,1042.6,1041.0,1901,1065,56.02,20.08,242
JUBLINGREA,2026-08-27,708.15,691.1,171316,95953,56.01,1193.57,11616
SRM,2026-08-27,462.5,446.25,134211,75156,56.0,604.43,3986
VBL,2026-08-27,421.25,418.75,11988613,6709468,55.97,50458.7,91066
SAKHTISUG,2026-08-27,20.77,19.74,345589,193401,55.96,69.54,1695
TINNARUBR,2026-08-27,1016.4,998.4,62609,35017,55.93,625.63,5009
SANGAMIND,2026-08-27,570.95,579.8,36440,20377,55.92,209.93,2397
NORTHARC,2026-08-27,293.5,286.3,4612806,2579683,55.92,13181.09,95682
AKG,2026-08-27,9.58,9.24,32487,18165,55.91,3.02,312
BLUEDART,2026-08-27,5007.0,5005.5,16935,9466,55.9,847.25,3505
AKUMS,2026-08-27,766.1,761.2,359949,201182,55.89,2757.52,17844
DEEPAKNTR,2026-08-27,1776.7,1752.8,228604,127761,55.89,4002.38,19151
JYOTISTRUC,2026-08-27,10.32,10.19,2753746,1538778,55.88,282.83,3584
WONDERLA,2026-08-27,516.05,542.25,318827,177962,55.82,1704.03,11876
GRANULES,2026-08-27,828.2,832.3,1123298,626829,55.8,9398.35,31433
NH,2026-08-27,1882.7,1903.8,314326,175316,55.78,6004.6,37618
NIITMTS,2026-08-27,232.51,229.81,112221,62555,55.74,257.39,7098
RELIANCE,2026-08-27,1298.0,1282.2,11271497,6282905,55.74,145648.26,218067
HUDCO,2026-08-27,186.95,182.63,1437057,800657,55.72,2646.87,20895
DHANUKA,2026-08-27,985.2,985.8,8006,4460,55.71,78.84,1198
DBCORP,2026-08-27,203.71,205.17,40384,22491,55.69,82.55,1516
SSWL,2026-08-27,290.4,292.45,467198,260121,55.68,1361.03,8615
SHK,2026-08-27,155.62,151.41,315780,175801,55.67,480.25,5477
UNOMINDA,2026-08-27,1260.0,1280.0,778534,433413,55.67,9930.19,23255
SURAKSHA,2026-08-27,338.75,335.4,91126,50729,55.67,306.23,3086
VIYASH,2026-08-27,263.4,259.5,8009140,4458134,55.66,20983.03,60924
AIAENG,2026-08-27,4235.5,4232.3,21571,12007,55.66,917.33,6006
RUSHIL,2026-08-27,16.8,16.49,205707,114338,55.58,34.2,764
EIHAHOTELS,2026-08-27,301.95,302.55,10449,5807,55.57,31.75,466
SONAMLTD,2026-08-27,64.44,63.24,53732,29850,55.55,34.39,639
ICICIPRULI,2026-08-27,515.05,510.0,515424,286252,55.54,2650.01,13789
SPLPETRO,2026-08-27,708.3,692.0,82584,45867,55.54,575.55,5912
TREL,2026-08-27,26.39,26.49,77679,43122,55.51,20.47,824
DATAMATICS,2026-08-27,798.7,790.8,23531,13057,55.49,186.75,1738
BELLACASA,2026-08-27,239.22,246.74,19987,11089,55.48,48.93,517
RKFORGE,2026-08-27,732.0,716.65,576114,319531,55.46,4186.81,19021
RITES,2026-08-27,218.01,217.19,157885,87534,55.44,343.17,5980
GREENPOWER,2026-08-27,9.53,9.41,2260892,1253348,55.44,213.4,2905
ITC,2026-08-27,270.25,269.0,8834890,4897886,55.44,23784.96,167184
VGUARD,2026-08-27,329.65,331.5,284767,157814,55.42,944.3,10982
HINDOILEXP,2026-08-27,158.11,163.43,821491,455064,55.39,1330.32,7188
VIMTALABS,2026-08-27,627.7,615.0,126269,69945,55.39,783.97,5656
BAGFILMS,2026-08-27,4.45,4.44,76241,42231,55.39,3.4,171
TALBROAUTO,2026-08-27,407.1,408.65,177405,98230,55.37,722.13,7206
KNRCON,2026-08-27,123.42,122.45,768064,425185,55.36,948.94,8152
ABFRL,2026-08-27,54.52,53.64,3324887,1840398,55.35,1795.56,19123
ECORECO,2026-08-27,456.95,459.95,8284,4584,55.34,38.0,599
ARSSBL,2026-08-27,526.3,517.05,77288,42775,55.34,401.63,2758
MCLOUD,2026-08-27,28.87,27.79,2410252,1332462,55.28,680.33,6209
UPL,2026-08-27,589.3,578.1,1266550,699882,55.26,7376.9,27117
ATUL,2026-08-27,6526.0,6585.0,38284,21157,55.26,2506.91,11468
BIRLANU,2026-08-27,1480.5,1450.8,7788,4302,55.24,114.14,1422
KALAMANDIR,2026-08-27,87.8,86.48,257232,142092,55.24,224.11,2278
LFIC,2026-08-27,136.65,136.56,1655,914,55.23,2.27,66
BHAGCHEM,2026-08-27,286.6,282.6,36932,20372,55.16,104.47,947
LGBBROSLTD,2026-08-27,1688.9,1684.4,63343,34938,55.16,1074.95,8137
ESABINDIA,2026-08-27,6163.0,6095.5,3776,2082,55.14,230.34,1649
MAHLOG,2026-08-27,399.4,391.6,100872,55567,55.09,398.38,7140
CEIGALL,2026-08-27,337.85,341.05,695122,382812,55.07,2349.38,12153
SAFARI,2026-08-27,1496.1,1522.2,48118,26469,55.01,734.61,5039
MUKKA,2026-08-27,25.73,25.29,354982,195226,55.0,90.33,1798
FORTIS,2026-08-27,913.85,915.65,302082,166133,55.0,2765.11,18967
TENNIND,2026-08-27,539.6,541.4,533231,293202,54.99,2883.59,24421
RELIGARE,2026-08-27,227.85,234.2,582315,320113,54.97,1356.95,12357
DCW,2026-08-27,46.78,45.95,609175,334715,54.95,281.39,2942
RAYMONDLSL,2026-08-27,709.75,692.2,220397,121092,54.94,1535.78,12417
PFC,2026-08-27,364.1,355.85,12745960,7000730,54.93,45308.22,128508
STOVEKRAFT,2026-08-27,816.6,809.05,78325,43024,54.93,631.95,4899
GUFICBIO,2026-08-27,408.45,412.2,39966,21947,54.91,163.52,1799
NESTLEIND,2026-08-27,1451.5,1450.0,637066,349615,54.88,9234.69,30532
HARIOMPIPE,2026-08-27,346.55,341.15,70134,38487,54.88,240.36,2414
KECL,2026-08-27,130.44,129.87,64722,35497,54.85,84.46,1259
STYLEBAAZA,2026-08-27,408.9,401.95,1518926,832826,54.83,6227.32,9500
NAUKRI,2026-08-27,1323.5,1330.0,982905,538802,54.82,13120.05,41351
ORIENTHOT,2026-08-27,140.91,139.15,831862,455687,54.78,1161.64,4871
TTKHLTCARE,2026-08-27,1090.6,1080.2,11390,6238,54.77,124.12,1352
SAKUMA,2026-08-27,1.79,1.71,2753012,1507038,54.74,48.11,2540
SAMBHV,2026-08-27,128.46,124.14,831851,455266,54.73,1042.74,7531
ARVSMART,2026-08-27,670.7,652.65,123741,67705,54.72,813.29,4088
SULA,2026-08-27,148.02,146.92,145183,79429,54.71,214.43,2893
MTNL,2026-08-27,26.79,26.56,446896,244433,54.7,119.05,2189
ASIANPAINT,2026-08-27,2626.5,2631.0,525106,287207,54.7,13871.56,45120
ELANTAS,2026-08-27,11563.0,11583.5,1333,729,54.69,154.47,639
PRINCEPIPE,2026-08-27,298.4,295.65,330658,180590,54.62,986.11,7247
JSFB,2026-08-27,547.1,544.55,1278810,698532,54.62,7002.71,32162
GVPIL,2026-08-27,643.6,661.75,341036,186204,54.6,2264.61,10347
JINDALPOLY,2026-08-27,641.4,637.55,7939,4335,54.6,50.7,447
EKC,2026-08-27,110.15,109.16,86505,47196,54.56,94.73,1531
TTKPRESTIG,2026-08-27,610.15,606.9,42507,23179,54.53,258.24,4015
TCS,2026-08-27,2270.0,2248.4,1709113,931995,54.53,38548.63,131520
CCL,2026-08-27,1095.2,1111.5,177598,96844,54.53,1962.67,15992
HERITGFOOD,2026-08-27,383.3,378.15,122264,66655,54.52,462.18,4677
INDUSINDBK,2026-08-27,1004.0,1002.9,1187891,647639,54.52,11872.73,35835
SWELECTES,2026-08-27,605.55,594.2,19790,10777,54.46,118.14,1121
SURYAROSNI,2026-08-27,219.62,218.41,442419,240790,54.43,966.29,9576
GALAXYSURF,2026-08-27,2338.8,2305.0,15555,8460,54.39,360.36,3177
PFIZER,2026-08-27,4802.5,4740.4,20922,11378,54.38,995.43,4733
SANOFI,2026-08-27,3191.2,3181.0,15305,8316,54.34,487.38,2900
JSLL,2026-08-27,514.25,501.9,309670,168273,54.34,1569.46,12186
SIGNPOST,2026-08-27,261.2,261.3,23105,12553,54.33,60.0,1178
RAJTV,2026-08-27,10.58,10.43,11911,6470,54.32,1.22,104
PRAJIND,2026-08-27,350.25,354.4,783561,425549,54.31,2779.26,13095
LUXIND,2026-08-27,1207.1,1201.0,12647,6868,54.31,151.34,1279
KCP,2026-08-27,172.03,169.51,78496,42635,54.31,133.55,1685
JUBLPHARMA,2026-08-27,887.4,878.7,86026,46699,54.28,758.3,12291
MOIL,2026-08-27,268.3,260.95,752383,408326,54.27,1980.98,17707
KOTHARIPET,2026-08-27,134.4,131.52,54045,29326,54.26,71.82,1508
SOUTHWEST,2026-08-27,211.66,206.89,183911,99789,54.26,380.75,3629
ICICIBANK,2026-08-27,1430.0,1443.0,11539716,6260117,54.25,166740.63,193417
IPCALAB,2026-08-27,1952.4,1959.8,122184,66244,54.22,2388.69,15181
ALIVUS,2026-08-27,1360.8,1358.2,60525,32819,54.22,829.67,7495
SCILAL,2026-08-27,40.15,40.02,120058,65065,54.19,48.17,1115
JSWCEMENT,2026-08-27,124.97,126.55,1620103,877539,54.17,2022.69,29736
CANFINHOME,2026-08-27,802.75,803.8,131463,71198,54.16,1056.48,9829
PNCINFRA,2026-08-27,201.32,198.34,360275,195048,54.14,716.45,14192
3MINDIA,2026-08-27,33570.0,34245.0,3288,1780,54.14,1119.38,2086
CORONA,2026-08-27,2103.1,2083.2,5743,3109,54.14,119.78,1132
IOB,2026-08-27,33.1,32.9,1798508,973437,54.12,592.73,9870
SOLEX,2026-08-27,781.45,762.0,41650,22537,54.11,318.49,3157
JSL,2026-08-27,712.95,705.0,276256,149491,54.11,1950.6,31863
TATATECH,2026-08-27,793.5,799.35,593573,321053,54.09,4717.88,19104
RUSTOMJEE,2026-08-27,379.1,381.8,23977,12966,54.08,90.85,1271
HYUNDAI,2026-08-27,2250.0,2253.0,928582,502165,54.08,21045.74,81352
INDOFARM,2026-08-27,139.67,138.24,71355,38565,54.05,100.0,1674
GPTHEALTH,2026-08-27,152.05,151.39,64034,34606,54.04,97.88,1815
BIRLACORPN,2026-08-27,895.3,883.0,19226,10384,54.01,170.31,2037
DEEDEV,2026-08-27,637.0,635.8,316732,171036,54.0,2083.96,8590
POWERGRID,2026-08-27,265.2,264.9,7118715,3841063,53.96,18804.34,77487
TEGA,2026-08-27,1652.1,1621.4,83977,45318,53.96,1375.45,5681
PGHL,2026-08-27,5766.0,5722.5,9113,4916,53.94,523.03,2183
INFY,2026-08-27,1120.0,1110.8,6933998,3739281,53.93,77141.84,132760
RECLTD,2026-08-27,322.2,320.9,6223407,3355656,53.92,19973.52,56406
TMCV,2026-08-27,483.75,473.1,10010513,5396877,53.91,47296.73,106059
GFLLIMITED,2026-08-27,55.79,54.92,55444,29880,53.89,30.48,1545
FREDUN,2026-08-27,1494.3,1492.7,19034,10258,53.89,285.3,1779
TARMAT,2026-08-27,62.54,59.93,92840,49991,53.85,55.43,1017
GOODYEAR,2026-08-27,755.4,765.05,4955,2668,53.84,37.73,577
PRABHA,2026-08-27,209.16,206.86,81746,43977,53.8,171.77,825
ASTRAZEN,2026-08-27,7153.0,7136.0,6394,3439,53.78,456.35,2072
GNFC,2026-08-27,584.25,577.0,477474,256765,53.78,2762.64,10883
UJJIVANSFB,2026-08-27,68.99,68.57,14648450,7876176,53.77,10046.81,67233
GODREJPROP,2026-08-27,2035.1,2069.4,1142681,614257,53.76,23616.11,35825
MOL,2026-08-27,61.84,60.29,813370,437088,53.74,493.69,4261
SICAGEN,2026-08-27,54.96,54.97,29181,15682,53.74,15.96,441
GUJTHEM,2026-08-27,420.75,412.2,466950,250834,53.72,1920.56,12943
PNBHOUSING,2026-08-27,1185.0,1178.0,388513,208697,53.72,4601.23,27834
LATENTVIEW,2026-08-27,273.7,275.25,280800,150825,53.71,773.03,10355
CCAVENUE,2026-08-27,15.28,15.22,6810567,3657461,53.7,1038.86,7925
AIRAN,2026-08-27,14.9,14.81,187645,100744,53.69,28.76,563
INSECTICID,2026-08-27,579.5,567.1,75819,40688,53.66,434.1,3548
NUVAMA,2026-08-27,1779.3,1784.0,180923,97078,53.66,3221.8,18029
DRREDDY,2026-08-27,1182.0,1177.0,1044405,560436,53.66,12315.5,40162
SARDAEN,2026-08-27,514.4,509.6,161484,86641,53.65,824.09,7638
KIRLPNU,2026-08-27,728.6,731.5,83823,44965,53.64,611.39,12991
TVSMOTOR,2026-08-27,4464.0,4409.8,579869,311013,53.64,25489.71,33292
SDBL,2026-08-27,72.62,71.82,337962,181250,53.63,243.09,3287
CERA,2026-08-27,5717.0,5662.0,8155,4372,53.61,463.17,2937
GANDHAR,2026-08-27,255.39,254.85,646662,346624,53.6,1644.4,9594
FEDFINA,2026-08-27,160.15,157.94,530135,284114,53.59,839.78,8058
CHEMPLASTS,2026-08-27,177.84,178.65,168014,89977,53.55,299.52,3547
BVCL,2026-08-27,42.83,43.57,320476,171567,53.54,142.34,1423
ORIENTCEM,2026-08-27,134.48,131.41,105869,56663,53.52,140.32,1947
YATRA,2026-08-27,112.89,107.81,779798,417355,53.52,855.37,6351
TIINDIA,2026-08-27,2860.0,2870.0,139913,74866,53.51,4006.02,18252
SPANDANA,2026-08-27,247.1,242.85,77018,41206,53.5,187.91,2946
KRISHNADEF,2026-08-27,1025.9,1031.0,68280,36524,53.49,706.16,6006
INOXGREEN,2026-08-27,174.48,172.18,1810872,968663,53.49,3115.25,8740
ENGINERSIN,2026-08-27,250.36,246.96,1497903,800875,53.47,3699.83,19250
USHAMART,2026-08-27,496.15,489.15,514767,275196,53.46,2507.19,24954
SAHYADRI,2026-08-27,339.35,348.15,7367,3937,53.44,25.46,739
SMARTWORKS,2026-08-27,541.85,540.6,53458,28567,53.44,288.0,3903
SASKEN,2026-08-27,1863.0,1861.4,9015,4816,53.42,168.88,1347
PAYTM,2026-08-27,1716.0,1679.0,3395055,1813702,53.42,57997.63,88285
NYKAA,2026-08-27,340.0,338.0,1530501,817192,53.39,5181.78,29236
TTML,2026-08-27,37.41,36.46,1480267,790224,53.38,545.01,9617
LAXMIINDIA,2026-08-27,126.73,122.5,108437,57878,53.37,134.25,1144
KARURVYSYA,2026-08-27,354.35,346.3,1792437,956563,53.37,6283.62,34099
BANKINDIA,2026-08-27,145.95,144.6,4438065,2367489,53.35,6433.4,25328
LTF,2026-08-27,322.2,321.9,3273758,1746217,53.34,10525.72,30810
PNGJL,2026-08-27,595.7,594.55,552777,294868,53.34,3277.05,18779
KHAICHEM,2026-08-27,56.92,55.52,177755,94771,53.32,99.41,1291
BELRISE,2026-08-27,229.66,229.22,1126822,600736,53.31,2588.66,19985
KRITINUT,2026-08-27,88.1,86.23,4106,2188,53.29,3.57,131
ANTHEM,2026-08-27,923.05,924.6,1211725,645769,53.29,11279.77,75848
SOLARWORLD,2026-08-27,149.27,147.96,185553,98860,53.28,274.79,3141
VMART,2026-08-27,852.35,836.05,76410,40711,53.28,641.52,5734
LANDMARK,2026-08-27,516.2,506.15,75404,40159,53.26,383.84,4874
ORIRAIL,2026-08-27,132.99,126.56,128112,68188,53.23,165.49,2479
GRAUWEIL,2026-08-27,66.43,67.75,249817,132943,53.22,169.22,7004
SALZERELEC,2026-08-27,556.5,547.25,68041,36202,53.21,374.05,2414
CANTABIL,2026-08-27,246.5,246.52,78071,41528,53.19,192.45,1790
RBZJEWEL,2026-08-27,149.33,146.46,90071,47899,53.18,133.08,1868
PRECAM,2026-08-27,129.27,125.8,131571,69943,53.16,166.71,3060
SAKAR,2026-08-27,901.4,892.6,79776,42385,53.13,711.98,5460
THYROCARE,2026-08-27,605.2,581.45,396389,210600,53.13,2317.4,21548
CRAFTSMAN,2026-08-27,10539.0,10898.0,46789,24854,53.12,5037.34,13894
JETFREIGHT,2026-08-27,22.86,22.85,159035,84478,53.12,36.06,1059
KSCL,2026-08-27,785.25,785.0,103150,54781,53.11,807.09,3706
STLNETWORK,2026-08-27,25.5,25.99,1160371,615834,53.07,301.23,3186
HBLENGINE,2026-08-27,683.9,665.75,935680,496525,53.07,6323.17,29172
LCCINFOTEC,2026-08-27,3.75,3.53,260156,138051,53.06,9.65,378
RRIL,2026-08-27,17.0,17.27,10008,5306,53.02,1.74,87
WESTLIFE,2026-08-27,566.2,563.25,59250,31397,52.99,332.75,5297
SKFINDUS,2026-08-27,2864.8,2891.6,33057,17507,52.96,952.4,7045
CARYSIL,2026-08-27,1139.7,1116.3,100034,52967,52.95,1121.73,6702
NAHARINDUS,2026-08-27,135.92,138.1,27875,14750,52.91,38.55,443
GANESHHOU,2026-08-27,813.4,798.3,39849,21079,52.9,320.42,3684
ASTRAL,2026-08-27,1526.1,1529.2,346093,183047,52.89,5306.81,27263
JAYBARMARU,2026-08-27,123.85,122.58,269351,142466,52.89,335.45,2612
DELTACORP,2026-08-27,60.72,59.84,376445,198975,52.86,226.83,2941
INDOTECH,2026-08-27,3745.9,3712.2,17022,8998,52.86,640.14,2934
J&KBANK,2026-08-27,152.04,152.17,1374401,726317,52.85,2094.35,15438
GULPOLY,2026-08-27,194.56,193.09,165132,87231,52.83,321.24,3264
ELIN,2026-08-27,100.27,100.64,216138,114149,52.81,217.69,2040
SAMMAANCAP,2026-08-27,149.45,147.34,5696106,3006896,52.79,8428.9,27685
FINEORG,2026-08-27,5139.1,5258.2,23417,12363,52.79,1222.24,8239
CAMS,2026-08-27,746.0,740.9,653884,345200,52.79,4860.84,35366
KTKBANK,2026-08-27,337.7,327.15,1461115,771332,52.79,4847.07,21649
ALPINETEX,2026-08-27,55.77,55.67,124399,65660,52.78,69.52,1468
AMBIKCO,2026-08-27,1639.2,1636.7,5586,2948,52.77,91.56,778
CESC,2026-08-27,153.33,152.13,884391,466650,52.77,1351.79,16307
CAPILLARY,2026-08-27,506.6,508.95,368041,194034,52.72,1857.59,9262
BAJAJINDEF,2026-08-27,229.65,228.85,21154,11152,52.72,48.77,568
ENDURANCE,2026-08-27,2986.0,2944.8,62223,32805,52.72,1841.9,11695
MACPOWER,2026-08-27,1850.6,1868.8,36143,19047,52.7,682.15,3760
BRITANNIA,2026-08-27,5310.0,5298.0,222346,117146,52.69,11807.12,23478
SJVN,2026-08-27,65.85,65.26,1317235,694084,52.69,859.06,14741
SCHNEIDER,2026-08-27,1174.4,1207.0,302871,159555,52.68,3611.32,23112
SYNGENE,2026-08-27,411.15,413.8,479502,252566,52.67,1987.41,19510
ETHOSLTD,2026-08-27,2879.4,2891.0,20609,10854,52.67,596.8,5052
SHRIRAMFIN,2026-08-27,1117.5,1101.0,4358707,2294417,52.64,48029.49,97229
FOODSIN,2026-08-27,53.33,53.15,40979,21562,52.62,22.02,1270
SUBEXLTD,2026-08-27,17.62,17.95,5057156,2661210,52.62,911.57,18676
GENUSPOWER,2026-08-27,341.1,332.2,1570672,826370,52.61,5267.64,23655
RAMKY,2026-08-27,366.2,362.75,36363,19131,52.61,132.61,1453
BBOX,2026-08-27,754.8,739.0,174909,92010,52.6,1303.35,10993
JSWHL,2026-08-27,11832.0,11735.0,4377,2302,52.59,510.34,1458
MAHLIFE,2026-08-27,371.25,368.65,63804,33551,52.58,236.29,4195
BANKBARODA,2026-08-27,242.5,241.0,4454374,2341567,52.57,10752.77,46875
PICCADIL,2026-08-27,665.3,653.85,107744,56613,52.54,711.24,6366
HORIZONIND,2026-08-27,56.78,56.78,4091943,2148718,52.51,2319.73,20326
HEROMOTOCO,2026-08-27,5595.0,5550.0,533073,279902,52.51,29593.31,52226
GOKEX,2026-08-27,787.1,774.9,125337,65775,52.48,979.09,6891
ZUARI,2026-08-27,234.3,230.83,57189,30010,52.48,132.84,1470
NIBE,2026-08-27,1392.2,1388.6,31196,16365,52.46,433.43,2723
HIKAL,2026-08-27,207.63,204.63,183484,96236,52.45,381.33,4485
DBL,2026-08-27,413.9,407.55,83249,43660,52.45,341.97,2149
ZODIAC,2026-08-27,250.85,245.8,10402,5453,52.42,25.65,652
GPPL,2026-08-27,169.46,169.1,1964090,1029036,52.39,3342.46,28648
RTNINDIA,2026-08-27,30.22,30.1,1230141,644277,52.37,370.8,5575
EVEREADY,2026-08-27,345.65,342.7,63148,33049,52.34,215.64,2219
GESHIP,2026-08-27,1332.2,1317.2,650976,340727,52.34,8623.03,35444
ROSSARI,2026-08-27,500.05,497.05,21341,11161,52.3,106.17,1217
TATACHEM,2026-08-27,637.65,644.15,620346,324137,52.25,3967.85,17625
ZUARIIND,2026-08-27,275.9,270.85,49782,26009,52.25,136.18,1508
REMSONSIND,2026-08-27,81.09,80.46,46303,24189,52.24,37.42,1500
JKTYRE,2026-08-27,383.55,378.75,282760,147672,52.23,1074.97,7884
KAMATHOTEL,2026-08-27,227.08,236.51,181700,94876,52.22,425.78,4405
STEELCAS,2026-08-27,343.65,339.85,67394,35187,52.21,231.38,1913
SUNTECK,2026-08-27,312.1,307.5,67138,35033,52.18,207.51,2575
TEAMLEASE,2026-08-27,1248.8,1252.7,28997,15128,52.17,360.43,4786
METROBRAND,2026-08-27,945.3,921.7,22707,11840,52.14,210.77,3965
ARTEMISMED,2026-08-27,323.5,316.95,228372,118943,52.08,730.13,8971
IRCTC,2026-08-27,491.75,487.55,581723,302775,52.05,2841.66,25172
ABCAPITAL,2026-08-27,410.0,410.0,1578229,821122,52.03,6474.91,24311
ZYDUSWELL,2026-08-27,529.2,535.2,208254,108313,52.01,1112.19,12975
KRYSTAL,2026-08-27,652.45,648.35,14332,7449,51.97,93.83,900
UGARSUGAR,2026-08-27,54.97,50.7,759395,394581,51.96,397.15,5868
PRAVEG,2026-08-27,262.25,275.0,414062,215051,51.94,1138.2,8205
SSDL,2026-08-27,57.25,56.33,35212,18290,51.94,19.92,550
SPLIL,2026-08-27,34.14,34.08,39293,20398,51.91,13.24,254
EBGNG,2026-08-27,577.2,580.25,228142,118423,51.91,1326.36,7584
AEQUS,2026-08-27,251.66,246.66,1923847,998407,51.9,4769.14,25258
GANECOS,2026-08-27,1045.2,1029.2,53603,27819,51.9,554.02,4788
GREENPLY,2026-08-27,292.1,291.25,53257,27634,51.89,154.6,1566
OBEROIRLTY,2026-08-27,1870.0,1872.9,270326,140222,51.87,5029.41,17787
TECHM,2026-08-27,1571.0,1585.0,1979336,1026475,51.86,31448.64,78804
WAAREEENER,2026-08-27,2635.0,2624.0,332552,172365,51.83,8731.55,22369
MANORAMA,2026-08-27,1896.9,1887.2,94994,49214,51.81,1804.61,11691
AFCONS,2026-08-27,285.05,285.05,250467,129762,51.81,716.41,7488
GREAVESCOT,2026-08-27,195.62,191.17,624598,323461,51.79,1200.26,6572
SUBROS,2026-08-27,730.3,728.9,28576,14783,51.73,208.65,1861
FRONTSP,2026-08-27,1257.9,1285.4,20818,10763,51.7,265.7,2301
SHALBY,2026-08-27,156.92,154.33,50336,26003,51.66,77.95,1191
JINDALSTEL,2026-08-27,1175.4,1170.0,1533812,792198,51.65,18131.35,49500
KMCSHIL,2026-08-27,138.91,138.18,54285,28034,51.64,74.7,990
SUYOG,2026-08-27,755.8,764.85,15071,7778,51.61,114.7,1089
SAURASHCEM,2026-08-27,59.01,57.13,164766,85040,51.61,94.77,3289
IRMENERGY,2026-08-27,287.5,283.1,38894,20069,51.6,110.67,1446
SAMBANDAM,2026-08-27,125.47,118.51,2163,1116,51.6,2.69,77
SANDHAR,2026-08-27,661.05,651.75,130633,67392,51.59,852.0,6426
INTERARCH,2026-08-27,1691.2,1685.6,29383,15152,51.57,495.77,3276
IIFLCAPS,2026-08-27,336.4,334.4,212029,109330,51.56,712.13,7614
KIRIINDUS,2026-08-27,516.2,481.1,1021978,526482,51.52,5088.0,24136
RAJRATAN,2026-08-27,495.75,489.55,70021,36076,51.52,344.73,3537
GOODLUCK,2026-08-27,441.1,432.8,694850,357849,51.5,3039.76,18026
WEBELSOLAR,2026-08-27,78.27,77.29,2179657,1121649,51.46,1707.73,15524
IOC,2026-08-27,139.48,137.57,6190652,3184502,51.44,8521.45,41463
MAHSEAMLES,2026-08-27,636.55,642.05,302076,155385,51.44,1949.61,17412
BAJAJELEC,2026-08-27,340.6,334.8,100898,51885,51.42,340.33,5055
BEL,2026-08-27,406.9,411.0,9156009,4705508,51.39,37577.12,114897
BATLIBOI,2026-08-27,86.83,85.03,25630,13168,51.38,22.0,995
EIMCOELECO,2026-08-27,2205.6,2211.2,38142,19569,51.31,840.98,3701
ABB,2026-08-27,7609.0,7490.0,189460,97181,51.29,14318.69,21801
LLOYDSENT,2026-08-27,74.36,72.94,1240418,636255,51.29,914.8,6117
GOLDIAM,2026-08-27,357.05,352.75,314940,161501,51.28,1114.78,6258
RACLGEAR,2026-08-27,1509.4,1528.8,29003,14869,51.27,439.36,3307
DIVGIITTS,2026-08-27,1175.9,1195.5,68404,35062,51.26,804.19,6639
RATEGAIN,2026-08-27,934.05,918.25,344863,176749,51.25,3192.57,25906
EMBDL,2026-08-27,62.18,62.16,1313394,673073,51.25,817.62,8532
ADOR,2026-08-27,1531.2,1541.9,73103,37456,51.24,1133.24,6726
EMUDHRA,2026-08-27,543.8,559.25,183021,93631,51.16,1021.94,5674
MOLDTKPAC,2026-08-27,711.1,702.2,104568,53489,51.15,741.16,5613
RRKABEL,2026-08-27,2810.6,2830.1,773963,395849,51.15,22060.0,54118
MEESHO,2026-08-27,208.14,207.64,9320536,4765346,51.13,19461.26,90642
SPAL,2026-08-27,949.7,952.95,37022,18917,51.1,350.65,2972
NDTV,2026-08-27,74.35,74.2,48551,24781,51.04,36.0,651
SBCL,2026-08-27,1053.1,1044.2,342146,174588,51.03,3612.82,22773
MSTCLTD,2026-08-27,737.5,722.25,215356,109871,51.02,1568.24,7987
RIR,2026-08-27,164.46,162.21,92180,47007,50.99,150.58,1912
ITI,2026-08-27,278.55,275.2,94943,48398,50.98,262.51,3406
CORDELIA,2026-08-27,109.5,105.0,2571955,1311000,50.97,2697.35,10201
PRAKASH,2026-08-27,129.94,127.31,241618,123096,50.95,310.23,3226
INDIGOPNTS,2026-08-27,1186.1,1170.2,70872,36078,50.91,837.54,10440
MSUMI,2026-08-27,37.67,37.92,9513977,4843860,50.91,3583.33,36650
BAJAJHLDNG,2026-08-27,11540.0,11399.0,55310,28152,50.9,6320.28,17672
FCL,2026-08-27,50.58,48.49,9129878,4646973,50.9,4507.37,26656
ELGIRUBCO,2026-08-27,58.39,58.16,15346,7809,50.89,8.97,377
DVL,2026-08-27,294.44,293.97,48383,24616,50.88,141.1,1524
AMRUTANJAN,2026-08-27,527.75,517.05,93176,47405,50.88,480.92,4812
PIXTRANS,2026-08-27,1810.1,1863.6,28376,14435,50.87,526.8,3894
SIGACHI,2026-08-27,33.64,32.51,2562407,1303222,50.86,838.69,8828
NCLIND,2026-08-27,181.85,178.61,38756,19705,50.84,69.59,3130
BBL,2026-08-27,2338.9,2370.4,27598,14017,50.79,653.86,3238
KPIGREEN,2026-08-27,322.0,316.65,294592,149608,50.78,936.34,8227
TATACOMM,2026-08-27,1649.3,1689.6,290206,147287,50.75,4865.09,24663
TATACAP,2026-08-27,370.65,376.0,1550014,785956,50.71,5813.43,32381
MVGJL,2026-08-27,155.19,153.77,64608,32762,50.71,100.53,1454
CENTURYPLY,2026-08-27,743.05,751.75,55312,28035,50.69,416.23,3986
TARACHAND,2026-08-27,47.72,48.59,50433,25559,50.68,24.55,692
AEROPLANE,2026-08-27,174.99,171.41,231566,117355,50.68,398.8,3437
ORIENTELEC,2026-08-27,185.92,179.46,230617,116855,50.67,416.81,4415
HITECH,2026-08-27,81.92,77.93,1117888,566442,50.67,883.86,6144
HNDFDS,2026-08-27,636.5,635.55,27024,13675,50.6,171.78,2437
LT,2026-08-27,4038.1,4027.0,1161440,587698,50.6,46955.88,73332
NEOGEN,2026-08-27,2183.3,2230.2,128727,65132,50.6,2862.65,17626
SWSOLAR,2026-08-27,200.12,199.15,632051,319776,50.59,1268.24,9029
SHRIRAMPPS,2026-08-27,77.54,76.74,158600,80222,50.58,122.0,1864
KINGFA,2026-08-27,6060.5,5960.5,6668,3373,50.58,400.37,1833
MOTHERSON,2026-08-27,165.0,166.0,12301325,6220611,50.57,20369.26,53711
BLKASHYAP,2026-08-27,55.15,56.47,1090699,550900,50.51,618.41,8450
MAWANASUG,2026-08-27,141.12,141.67,260812,131721,50.5,369.44,3869
GPTINFRA,2026-08-27,113.78,113.58,51050,25774,50.49,57.81,978
DENTA,2026-08-27,285.6,284.5,119460,60317,50.49,343.21,2432
DPABHUSHAN,2026-08-27,1506.1,1521.2,26341,13295,50.47,399.13,2603
AXISCADES,2026-08-27,1606.7,1612.9,78410,39506,50.38,1259.82,8284
SHRINGARMS,2026-08-27,220.78,219.37,349065,175842,50.38,766.13,2493
SIYSIL,2026-08-27,570.9,564.8,26972,13585,50.37,152.83,1696
GSFC,2026-08-27,160.07,159.16,492991,248128,50.33,784.71,6899
EASEMYTRIP,2026-08-27,6.14,6.1,5713718,2875678,50.33,349.1,5758
INGERRAND,2026-08-27,4576.7,4609.4,14940,7519,50.33,689.04,3009
INTENTECH,2026-08-27,82.92,82.05,8344,4193,50.25,6.85,306
RPGLIFE,2026-08-27,2592.7,2567.6,5515,2771,50.24,142.57,1196
ARCHIDPLY,2026-08-27,112.94,103.04,113517,56994,50.21,119.87,1843
SKFINDIA,2026-08-27,1587.1,1566.0,18762,9419,50.2,295.83,3336
LINDEINDIA,2026-08-27,6598.5,6549.0,16850,8456,50.18,1108.43,4651
KABRAEXTRU,2026-08-27,601.65,589.6,129623,65048,50.18,775.76,4491
SANATHAN,2026-08-27,462.1,461.45,9780,4908,50.18,44.87,938
PYRAMID,2026-08-27,162.73,159.99,52418,26279,50.13,84.65,1191
TCPLPACK,2026-08-27,3877.1,3846.4,5515,2763,50.1,214.12,1113
NAVINFLUOR,2026-08-27,8553.0,8567.5,161439,80825,50.07,13788.25,34534
ASKAUTOLTD,2026-08-27,617.0,606.05,116536,58320,50.04,711.43,9891
BANSALWIRE,2026-08-27,320.5,316.95,37906,18970,50.04,121.16,1645
NATCOPHARM,2026-08-27,863.4,857.6,279220,139700,50.03,2397.95,25378
SECMARK,2026-08-27,128.0,126.95,14,7,50.0,0.02,3
JAYKAY,2026-08-27,168.94,169.62,700707,350128,49.97,1189.05,11068
ACC,2026-08-27,1331.7,1310.6,67738,33844,49.96,892.93,7360
KANCHI,2026-08-27,411.9,420.0,14970,7479,49.96,62.87,514
IFGLEXPOR,2026-08-27,215.01,212.96,18285,9130,49.93,39.15,933
AURUM,2026-08-27,233.43,228.45,112758,56292,49.92,258.26,2266
HINDCON,2026-08-27,24.0,22.6,59613,29759,49.92,13.71,351
BLUSPRING,2026-08-27,128.13,131.56,352695,175955,49.89,457.29,4418
EDELWEISS,2026-08-27,127.47,124.61,3254716,1623514,49.88,4100.66,23685
AQYLON,2026-08-27,23.95,23.27,4774267,2381456,49.88,1143.66,14402
RELTD,2026-08-27,156.7,156.4,84687,42243,49.88,133.11,2016
WAAREERTL,2026-08-27,885.75,874.95,102752,51210,49.84,902.2,6495
BNAGROCHEM,2026-08-27,230.05,233.9,32625,16241,49.78,74.89,100
MBEL,2026-08-27,273.2,273.3,70930,35298,49.76,194.89,3856
AVTNPL,2026-08-27,86.95,85.64,261183,129966,49.76,224.97,2586
HCG,2026-08-27,706.15,699.95,105209,52344,49.75,736.78,13965
KERNEX,2026-08-27,1860.4,1801.2,196546,97785,49.75,3592.01,14491
RAMCOCEM,2026-08-27,940.65,892.55,706106,351251,49.74,6367.8,30816
ALLTIME,2026-08-27,206.18,206.36,114814,57100,49.73,235.65,4362
NMDC,2026-08-27,88.21,85.72,16189617,8048306,49.71,14137.11,50849
HONDAPOWER,2026-08-27,2062.3,2068.3,4023,2000,49.71,83.2,382
KRISHANA,2026-08-27,205.16,191.92,1276320,634148,49.69,2499.8,18455
EPIGRAL,2026-08-27,1249.2,1206.4,64607,32098,49.68,795.05,7546
OMINFRAL,2026-08-27,82.1,83.3,48931,24303,49.67,40.33,1307
ISGEC,2026-08-27,769.3,780.4,47827,23737,49.63,369.59,9794
ZYDUSLIFE,2026-08-27,1150.0,1189.2,3168135,1572472,49.63,37120.31,57357
EMAMILTD,2026-08-27,401.45,387.7,1314539,652219,49.62,5124.24,37782
CENTUM,2026-08-27,3334.5,3401.9,42422,21044,49.61,1445.49,9841
PACEDIGITK,2026-08-27,181.47,179.15,285578,141651,49.6,513.51,2913
SCODATUBES,2026-08-27,128.86,130.93,226996,112565,49.59,297.77,2568
BUILDPRO,2026-08-27,1262.9,1242.1,33871,16798,49.59,420.35,3159
RHIM,2026-08-27,370.6,370.3,282303,139861,49.54,1043.38,8415
SENORES,2026-08-27,1494.7,1474.6,172487,85453,49.54,2555.79,11867
TRIVENI,2026-08-27,285.76,282.21,752847,372823,49.52,2143.94,13435
KOHINOOR,2026-08-27,34.66,34.35,134853,66760,49.51,46.44,1509
SERVOTECH,2026-08-27,81.44,81.12,238961,118312,49.51,194.73,2711
BORORENEW,2026-08-27,527.0,517.55,308464,152521,49.45,1610.12,10385
AARTIPHARM,2026-08-27,836.65,813.5,397741,196700,49.45,3261.08,20879
BANARISUG,2026-08-27,3847.9,3766.4,1062,525,49.44,40.32,248
63MOONS,2026-08-27,777.55,745.45,195262,96449,49.39,1479.94,7201
MANALIPETC,2026-08-27,74.26,70.8,874458,431860,49.39,631.18,5996
EPACK,2026-08-27,199.16,196.86,341363,168338,49.31,677.53,5564
CONCORDBIO,2026-08-27,1542.2,1481.9,184371,90910,49.31,2757.84,23049
VOLTAS,2026-08-27,1217.0,1217.5,760364,374801,49.29,9272.17,33552
PGHH,2026-08-27,8136.5,8102.5,7803,3845,49.28,634.85,2122
IGARASHI,2026-08-27,426.5,420.8,49708,24474,49.24,210.76,2221
APCOTEXIND,2026-08-27,611.25,611.65,84346,41527,49.23,518.68,3663
BHARATCOAL,2026-08-27,34.43,34.17,2637511,1298026,49.21,904.84,9778
NILASPACES,2026-08-27,12.93,12.43,2111213,1039031,49.21,264.73,3874
POCL,2026-08-27,512.45,511.3,317241,156048,49.19,1618.63,9453
ASHIMASYN,2026-08-27,18.12,18.87,263967,129755,49.16,50.27,1088
WENDT,2026-08-27,8148.5,8376.0,14765,7257,49.15,1233.56,3390
UNIPARTS,2026-08-27,806.2,808.3,120396,59174,49.15,977.87,9565
IGIL,2026-08-27,347.85,343.55,263451,129394,49.12,904.19,14622
HAL,2026-08-27,4865.5,4899.0,351457,172432,49.06,17198.2,24541
VALIANTLAB,2026-08-27,107.87,104.89,363930,178511,49.05,387.14,4698
FILATEX,2026-08-27,75.19,78.31,4553890,2233582,49.05,3594.72,19705
AGL,2026-08-27,14.32,14.34,2786057,1366382,49.04,405.49,5799
VERANDA,2026-08-27,243.3,243.55,231508,113520,49.04,566.1,3659
NAZARA,2026-08-27,356.35,354.5,809757,397133,49.04,2872.38,10069
PNB,2026-08-27,116.7,115.4,10955188,5369213,49.01,12709.69,42422
HAPPYFORGE,2026-08-27,2212.5,2250.8,81051,39719,49.0,1824.15,13920
SHARDAMOTR,2026-08-27,891.6,874.5,29628,14518,49.0,261.72,3548
PROSTARM,2026-08-27,135.88,132.52,124540,61029,49.0,166.93,2256
HINDCOMPOS,2026-08-27,408.25,409.45,1894,927,48.94,7.78,147
PIRAMALFIN,2026-08-27,2221.4,2228.7,322634,157866,48.93,7182.88,30003
NRBBEARING,2026-08-27,473.65,466.6,246960,120829,48.93,1160.78,9258
IDFCFIRSTB,2026-08-27,84.4,83.8,10079336,4929363,48.91,8475.2,42880
MCX,2026-08-27,3350.0,3273.0,2087896,1020756,48.89,69014.12,97557
VSSL,2026-08-27,367.75,358.05,127105,62083,48.84,457.34,4215
SGL,2026-08-27,10.03,10.04,8802,4299,48.84,0.89,80
SHILCTECH,2026-08-27,3947.8,4045.8,36592,17872,48.84,1484.13,7356
AUTOAXLES,2026-08-27,1745.4,1723.6,2849,1391,48.82,49.24,842
CEINSYS,2026-08-27,728.2,727.0,37637,18375,48.82,274.95,2769
20MICRONS,2026-08-27,223.63,216.37,152626,74455,48.78,332.82,4668
UTKARSHBNK,2026-08-27,14.94,14.92,4463747,2176038,48.75,668.02,4708
GMRP&UI,2026-08-27,95.06,94.54,801104,390379,48.73,758.84,8055
DMART,2026-08-27,3826.9,3847.4,416843,203117,48.73,16057.22,34880
GRINDWELL,2026-08-27,2055.8,2024.1,10397,5060,48.67,211.61,3295
OPTIEMUS,2026-08-27,584.45,576.45,121096,58931,48.66,703.12,5384
SHIVATEX,2026-08-27,170.99,170.97,6103,2969,48.65,10.39,157
BFINVEST,2026-08-27,447.7,442.95,20007,9731,48.64,88.78,918
ORISSAMINE,2026-08-27,4572.2,4543.5,7028,3418,48.63,321.26,1802
DODLA,2026-08-27,1094.0,1090.5,18952,9212,48.61,205.25,6271
REPCOHOME,2026-08-27,362.3,365.7,160112,77836,48.61,587.74,4656
STYLAMIND,2026-08-27,3570.4,3471.0,27283,13259,48.6,957.2,5657
MODIS,2026-08-27,399.9,379.7,216567,105195,48.57,833.41,7169
LINCOLN,2026-08-27,612.55,614.0,14024,6807,48.54,86.13,1193
EUREKAFORB,2026-08-27,425.45,433.15,99062,48088,48.54,425.49,9237
ASTRAMICRO,2026-08-27,1698.7,1687.5,128292,62260,48.53,2176.87,10280
TEMBO,2026-08-27,58.4,57.7,759490,368404,48.51,439.8,2615
AARTIDRUGS,2026-08-27,418.0,417.9,81669,39586,48.47,342.01,3674
KNACK,2026-08-27,195.3,192.05,654182,316870,48.44,1261.58,7911
DIFFNKG,2026-08-27,388.8,402.55,79652,38571,48.42,318.19,2349
WINDLAS,2026-08-27,978.4,987.15,29843,14436,48.37,293.49,2738
SHAREINDIA,2026-08-27,171.02,169.02,116849,56496,48.35,197.99,1918
RANEHOLDIN,2026-08-27,1581.6,1593.9,8041,3884,48.3,129.03,1350
MONARCH,2026-08-27,379.7,374.7,193820,93610,48.3,726.03,2803
COLPAL,2026-08-27,1860.0,1845.0,290751,140365,48.28,5380.88,31855
DCI,2026-08-27,402.8,413.85,50993,24616,48.27,209.67,1786
SUZLON,2026-08-27,46.94,46.81,23836185,11501164,48.25,11149.99,49336
RITCO,2026-08-27,311.2,310.1,47535,22926,48.23,148.26,1604
SIEMENS,2026-08-27,4043.0,4095.0,455385,219429,48.19,18628.44,48737
SWIGGY,2026-08-27,286.55,284.7,9150633,4408052,48.17,26095.31,100038
NEULANDLAB,2026-08-27,23545.0,23496.0,37696,18149,48.15,8871.17,12679
MWL,2026-08-27,39.88,40.01,187023,90040,48.14,74.52,1045
VENKEYS,2026-08-27,1597.0,1575.6,51334,24703,48.12,820.1,4818
HARRMALAYA,2026-08-27,202.73,194.7,23208,11168,48.12,45.82,1030
ACCELYA,2026-08-27,1131.8,1134.9,4730,2276,48.12,53.69,567
FSL,2026-08-27,270.05,268.5,502488,241513,48.06,1351.87,15989
NPST,2026-08-27,1660.2,1638.8,20285,9747,48.05,334.72,2571
ORCHPHARMA,2026-08-27,973.35,928.8,177784,85384,48.03,1673.66,15112
ASAL,2026-08-27,489.3,488.45,14769,7090,48.01,72.29,815
BANCOINDIA,2026-08-27,627.85,623.65,54297,26069,48.01,339.61,4969
ANDHRSUGAR,2026-08-27,99.02,95.45,434209,208294,47.97,419.68,4457
RAIN,2026-08-27,195.78,194.38,2796963,1341510,47.96,5529.7,21934
HAWKINCOOK,2026-08-27,8197.5,8239.0,976,468,47.95,79.53,447
PONNIERODE,2026-08-27,391.05,382.0,52604,25226,47.95,203.43,2831
OFSS,2026-08-27,11800.0,11855.0,186762,89437,47.89,22057.89,27717
MARINE,2026-08-27,375.55,374.1,318798,152663,47.89,1197.75,10741
BIRLAMONEY,2026-08-27,128.15,129.89,90025,43077,47.85,117.12,1536
PITTIENG,2026-08-27,1123.45,1129.65,153159,73215,47.8,1727.56,10491
JAICORPLTD,2026-08-27,101.98,100.1,279623,133627,47.79,281.3,2559
KIRLOSBROS,2026-08-27,1900.7,1899.3,41120,19652,47.79,782.87,6015
AWL,2026-08-27,201.9,199.74,3440924,1641349,47.7,6895.66,38199
ORIENTCER,2026-08-27,45.29,45.29,150649,71785,47.65,69.41,2416
ADSL,2026-08-27,109.48,107.53,76892,36628,47.64,83.32,1663
COCKERILL,2026-08-27,8024.5,8089.5,4588,2184,47.6,372.64,1314
SKYGOLD,2026-08-27,848.1,843.05,445982,212029,47.54,3754.64,15983
SONACOMS,2026-08-27,795.0,819.0,1914972,910175,47.53,15522.25,52706
DEEPINDS,2026-08-27,664.65,667.35,194771,92563,47.52,1298.63,7422
ASAHIINDIA,2026-08-27,951.15,951.25,91523,43493,47.52,872.04,10156
GTL,2026-08-27,7.34,7.32,196556,93381,47.51,14.49,560
SAGILITY,2026-08-27,44.0,44.27,38898220,18474770,47.5,17338.22,59963
VINDHYATEL,2026-08-27,2396.7,2530.5,150595,71501,47.48,3799.48,14993
BAJAJST,2026-08-27,354.2,357.4,5625,2670,47.47,20.0,372
VIJAYA,2026-08-27,1472.8,1472.4,53540,25408,47.46,789.91,8543
ACMESOLAR,2026-08-27,395.95,386.3,1572541,746168,47.45,6163.6,33376
SHARDACROP,2026-08-27,795.8,793.05,190071,90171,47.44,1510.26,10318
BFUTILITIE,2026-08-27,514.2,502.55,72400,34338,47.43,369.18,2796
RBLBANK,2026-08-27,382.5,385.4,1606356,761084,47.38,6174.99,29935
ARIS,2026-08-27,147.96,143.89,1780386,843513,47.38,2618.17,12051
JAINREC,2026-08-27,289.1,285.05,746344,353593,47.38,2135.22,21799
LMW,2026-08-27,19204.0,19132.0,1824,864,47.37,351.43,1127
INDOCO,2026-08-27,238.94,242.53,174592,82709,47.37,422.56,4315
CAPLIPOINT,2026-08-27,2516.3,2540.7,40296,19086,47.36,1018.98,6158
RCF,2026-08-27,122.33,121.77,704727,333491,47.32,858.99,7012
JSWENERGY,2026-08-27,543.5,542.1,2902000,1371443,47.26,15648.17,49579
GLAND,2026-08-27,2903.2,2873.5,129706,61236,47.21,3732.46,18070
ASIANENE,2026-08-27,478.55,492.7,539333,254480,47.18,2646.11,13158
CMLL,2026-08-27,509.0,511.35,185226,87371,47.17,948.86,4479
TVTODAY,2026-08-27,115.16,113.13,17247,8122,47.09,19.64,884
IRFC,2026-08-27,85.7,84.65,7178981,3378813,47.07,6112.93,45050
PCBL,2026-08-27,325.65,323.0,455268,214286,47.07,1475.56,11426
VISHNU,2026-08-27,639.8,647.85,111588,52479,47.03,722.4,3853
SIL,2026-08-27,19.65,19.32,37009,17402,47.02,7.26,406
DEEPAKFERT,2026-08-27,1479.3,1455.3,111196,52275,47.01,1628.27,10820
UDS,2026-08-27,222.07,221.82,412890,194051,47.0,916.0,5879
RELIABLE,2026-08-27,140.45,138.94,62620,29427,46.99,87.62,623
ICEMAKE,2026-08-27,734.0,747.65,25790,12119,46.99,191.73,1801
BESTAGRO,2026-08-27,17.85,17.47,408422,191728,46.94,72.07,1673
IGPL,2026-08-27,523.85,521.95,250151,117382,46.92,1329.88,9834
SPELS,2026-08-27,143.61,152.01,204147,95766,46.91,310.85,3738
CYIENTDLM,2026-08-27,797.9,810.4,632549,296441,46.86,5096.45,35317
CARRARO,2026-08-27,538.1,544.05,146358,68569,46.85,797.82,6638
REFEX,2026-08-27,296.85,289.4,347748,162927,46.85,1006.83,7895
NARMADA,2026-08-27,13.97,13.87,300260,140628,46.84,42.08,1001
SOLARA,2026-08-27,617.3,611.85,235721,110367,46.82,1437.72,13054
MCL,2026-08-27,59.59,57.77,68404,32030,46.82,40.26,2209
AJMERA,2026-08-27,117.86,116.98,402148,188263,46.81,474.02,3463
ICICIAMC,2026-08-27,3222.8,3093.6,4775198,2234661,46.8,147475.04,141992
FERMENTA,2026-08-27,467.5,486.25,78747,36844,46.79,378.2,3877
DALMIASUG,2026-08-27,481.1,474.55,177301,82946,46.78,849.84,6121
TBOTEK,2026-08-27,1706.5,1696.6,103405,48338,46.75,1762.97,14257
UTLSOLAR,2026-08-27,444.2,443.35,143124,66871,46.72,637.65,6592
SUPRIYA,2026-08-27,781.75,776.35,100955,47146,46.7,787.43,6748
VENUSPIPES,2026-08-27,1636.6,1653.8,139211,65017,46.7,2290.76,10214
NUVOCO,2026-08-27,324.65,324.15,394709,184281,46.69,1288.24,21087
SURYODAY,2026-08-27,158.43,155.68,297102,138713,46.69,464.63,5146
FIVESTAR,2026-08-27,515.05,533.75,1353731,631951,46.68,7105.39,40322
ACUTAAS,2026-08-27,3257.8,3329.2,128415,59937,46.67,4260.46,21470
CARERATING,2026-08-27,1661.0,1633.7,20543,9582,46.64,339.03,6757
CMPDI,2026-08-27,231.79,229.97,650668,303017,46.57,1509.94,11973
GLOBUSSPR,2026-08-27,915.45,912.3,28085,13072,46.54,256.36,1931
JPPOWER,2026-08-27,16.98,16.92,19664574,9150754,46.53,3331.45,94946
STANLEY,2026-08-27,137.01,137.98,76157,35423,46.51,105.74,2025
CIPLA,2026-08-27,1402.7,1420.0,533212,247976,46.51,7527.65,34591
DIGITIDE,2026-08-27,101.83,102.44,317725,147754,46.5,322.8,3034
TVSELECT,2026-08-27,443.15,443.05,18350,8532,46.5,81.17,772
SOBHA,2026-08-27,1292.2,1273.9,50171,23324,46.49,641.85,6798
SHREECEM,2026-08-27,24865.0,24480.0,11780,5469,46.43,2895.72,6823
AARTIIND,2026-08-27,542.95,538.9,531274,246617,46.42,2857.36,16577
CRISIL,2026-08-27,4513.4,4703.2,170325,79041,46.41,7916.04,31222
DIXON,2026-08-27,14735.0,14711.0,279395,129663,46.41,41244.4,27801
CLEAN,2026-08-27,829.45,830.05,202595,94021,46.41,1671.8,13457
CORALFINAC,2026-08-27,34.18,33.8,57241,26557,46.4,19.65,1110
BIOCON,2026-08-27,417.5,418.4,1713404,794668,46.38,7152.06,20864
NITINSPIN,2026-08-27,627.0,620.45,77358,35875,46.38,481.57,4350
ARE&M,2026-08-27,920.75,911.9,342311,158737,46.37,3131.82,19672
PAGEIND,2026-08-27,35155.0,35800.0,28033,12997,46.36,10054.66,10765
VMM,2026-08-27,109.62,108.0,7577445,3512501,46.35,8219.9,26163
GAEL,2026-08-27,173.19,168.5,1084161,502448,46.34,1844.77,16032
HONASA,2026-08-27,475.5,484.85,1169028,541658,46.33,5683.7,31806
HARDWYN,2026-08-27,9.03,9.05,689720,319483,46.32,62.38,1060
INDIANB,2026-08-27,889.0,884.4,596643,276282,46.31,5281.32,18821
PENIND,2026-08-27,156.5,160.9,725935,336005,46.29,1164.08,7669
WIPRO,2026-08-27,177.35,176.4,4695019,2172376,46.27,8326.39,54303
BANDHANBNK,2026-08-27,173.5,169.7,4668712,2159783,46.26,7979.22,33873
GIPCL,2026-08-27,201.47,200.48,1894457,876386,46.26,3821.06,27479
CEATLTD,2026-08-27,3584.3,3510.6,46998,21736,46.25,1662.33,9646
ADVAIT,2026-08-27,2147.7,2114.7,28614,13230,46.24,606.43,3939
GILLETTE,2026-08-27,7403.5,7409.0,18048,8343,46.23,1334.5,4681
WANBURY,2026-08-27,261.15,254.65,179235,82758,46.17,460.85,4193
MMFL,2026-08-27,628.5,625.8,87622,40449,46.16,544.18,5642
LCL,2026-08-27,598.2,566.0,377787,174114,46.09,2177.89,19417
DOLPHIN,2026-08-27,613.3,628.2,52709,24290,46.08,333.29,1358
AIIL,2026-08-27,561.6,553.9,136961,63096,46.07,761.98,9876
SHILPAMED,2026-08-27,860.75,901.85,2274142,1047149,46.05,20081.16,51129
JUSTDIAL,2026-08-27,647.65,640.5,82613,38034,46.04,530.0,4060
CANBK,2026-08-27,129.45,128.14,10921428,5025874,46.02,14057.34,45483
GARFIBRES,2026-08-27,792.75,792.55,19137,8804,46.01,151.99,3756
ROTO,2026-08-27,65.51,65.02,139044,63882,45.94,90.56,1366
PURVA,2026-08-27,218.87,214.22,139252,63967,45.94,299.55,3422
SIGMA,2026-08-27,48.57,47.54,302696,139032,45.93,146.73,2711
HEXT,2026-08-27,554.95,556.6,133088,61111,45.92,735.97,9489
KIOCL,2026-08-27,388.95,382.8,64958,29810,45.89,249.98,2412
PATELRMART,2026-08-27,233.12,234.25,74789,34313,45.88,175.36,2034
SANSERA,2026-08-27,3836.6,3842.8,81562,37419,45.88,3143.86,17825
ATHERENERG,2026-08-27,1494.6,1495.3,2754306,1262870,45.85,41232.45,68604
KSB,2026-08-27,796.45,793.85,101117,46312,45.8,809.73,8306
HIRECT,2026-08-27,1246.8,1223.0,62144,28462,45.8,758.6,6013
PIIND,2026-08-27,2508.3,2467.0,107358,49154,45.79,2676.27,12997
KAJARIACER,2026-08-27,1209.5,1200.4,151659,69392,45.76,1819.32,12747
GOCOLORS,2026-08-27,343.6,334.5,110138,50388,45.75,370.58,2951
KPITTECH,2026-08-27,590.0,588.0,1063360,486395,45.74,6227.36,27165
PATANJALI,2026-08-27,348.15,348.25,1056545,483026,45.72,3666.31,44514
ASHOKLEY,2026-08-27,179.05,177.4,14150948,6467491,45.7,25187.49,68341
THANGAMAYL,2026-08-27,5495.5,5502.0,64030,29259,45.7,3541.69,8629
AMAGI,2026-08-27,583.9,578.45,171810,78477,45.68,998.26,6676
SENCO,2026-08-27,367.15,362.75,378231,172675,45.65,1378.05,9529
GMDCLTD,2026-08-27,578.95,567.25,569849,260098,45.64,3250.91,19944
ASHAPURMIN,2026-08-27,592.45,578.05,327118,149313,45.64,1910.66,12486
KRN,2026-08-27,1511.9,1535.4,158253,72185,45.61,2426.99,13382
FINPIPE,2026-08-27,161.39,160.54,231761,105670,45.59,372.66,8558
YATHARTH,2026-08-27,965.3,973.05,684457,311949,45.58,6573.93,25557
MAHSCOOTER,2026-08-27,13662.0,13564.0,2539,1156,45.53,347.61,1259
ZENTEC,2026-08-27,1873.4,1825.6,281461,127817,45.41,5180.17,21053
ACE,2026-08-27,1159.0,1136.0,388332,176353,45.41,4506.61,23015
SHADOWFAX,2026-08-27,246.14,238.6,4055797,1841074,45.39,9904.7,35592
KDDL,2026-08-27,3941.1,3947.2,59602,27054,45.39,2379.77,10174
FABTECH,2026-08-27,146.99,146.97,114477,51956,45.39,170.57,2045
VPRPL,2026-08-27,32.98,32.99,291162,132090,45.37,95.63,1689
MUFIN,2026-08-27,136.75,135.95,480958,217920,45.31,657.17,2966
XTRANET,2026-08-27,159.83,164.26,5164628,2338349,45.28,8237.3,34482
SHAILY,2026-08-27,3238.3,3289.0,114517,51794,45.23,3765.46,18902
JYOTICNC,2026-08-27,1012.7,1029.8,873758,394969,45.2,8958.46,42091
NFL,2026-08-27,71.8,71.36,430598,194524,45.18,307.67,2790
CLSEL,2026-08-27,313.2,295.2,258010,116549,45.17,776.42,7397
EXIDEIND,2026-08-27,444.0,437.75,1956990,883064,45.12,8624.87,41654
CELLO,2026-08-27,354.45,350.4,214560,96739,45.09,755.03,8414
NILKAMAL,2026-08-27,2096.8,2081.6,21992,9910,45.06,457.91,2975
PRUDENT,2026-08-27,3345.1,3473.5,60513,27244,45.02,2081.69,11592
ZENSARTECH,2026-08-27,471.85,463.75,526320,236806,44.99,2454.19,23704
LANDSMILL,2026-08-27,0.7,0.69,2793423,1256649,44.99,19.53,775
NIITLTD,2026-08-27,102.97,102.94,611287,274994,44.99,627.34,8029
ABDL,2026-08-27,613.7,607.5,161808,72759,44.97,990.01,7169
RSYSTEMS,2026-08-27,240.1,239.1,206236,92727,44.96,492.18,5155
GLENMARK,2026-08-27,2438.3,2460.0,447011,200850,44.93,10994.11,36320
SONATSOFTW,2026-08-27,299.45,289.5,893667,401276,44.9,2609.69,21371
TMPV,2026-08-27,313.1,316.0,8028070,3603787,44.89,25408.13,60288
THOMASCOOK,2026-08-27,110.71,110.06,953613,427589,44.84,1053.52,9152
SEDEMAC,2026-08-27,3065.0,3026.5,77550,34768,44.83,2384.15,14915
JMFINANCIL,2026-08-27,132.84,130.45,2417959,1083191,44.8,3172.77,22055
YESBANK,2026-08-27,22.38,22.26,40844488,18274822,44.74,9145.5,57671
GUJALKALI,2026-08-27,719.85,710.75,63803,28533,44.72,457.7,5726
NATIONALUM,2026-08-27,399.3,389.3,2903197,1296679,44.66,11432.61,41467
OSWALPUMPS,2026-08-27,295.35,298.4,235063,104921,44.64,701.31,4354
IEX,2026-08-27,122.0,122.0,2063529,921115,44.64,2522.51,30386
WORTHPERI,2026-08-27,157.44,153.38,6829,3045,44.59,10.62,410
ARVIND,2026-08-27,541.95,540.95,651136,290297,44.58,3526.86,28510
RAYMOND,2026-08-27,621.05,614.0,342690,152725,44.57,2110.37,9996
POLYCAB,2026-08-27,9060.0,9079.0,477929,212956,44.56,43202.17,59391
EMIL,2026-08-27,184.54,178.99,661662,294839,44.56,1198.99,9396
WELENT,2026-08-27,692.85,676.6,258277,115071,44.55,1770.42,10739
TIRUMALCHM,2026-08-27,160.97,159.58,565736,251957,44.54,904.26,6059
PNGSREVA,2026-08-27,555.65,542.9,127409,56741,44.53,700.58,4826
KUSUMGAR,2026-08-27,580.4,572.35,267183,118967,44.53,1540.08,7387
SAREGAMA,2026-08-27,497.55,487.5,469479,209054,44.53,2299.14,15742
CONCOR,2026-08-27,517.0,493.05,651195,289693,44.49,3323.93,15491
RBA,2026-08-27,102.36,100.62,4278593,1902938,44.48,4328.39,19010
SANSTAR,2026-08-27,110.15,109.25,129899,57764,44.47,142.02,1321
THERMAX,2026-08-27,3968.5,3962.7,52092,23159,44.46,2074.51,13682
TI,2026-08-27,560.9,557.8,691828,307519,44.45,3841.1,16635
ELLEN,2026-08-27,321.25,325.8,850408,377868,44.43,2815.32,14939
VIKRAN,2026-08-27,59.21,59.47,2955039,1311231,44.37,1789.75,11892
NKIND,2026-08-27,59.09,59.65,5547,2461,44.37,3.37,95
DREDGECORP,2026-08-27,1131.1,1115.8,70849,31424,44.35,795.02,4522
JYOTHYLAB,2026-08-27,211.87,209.52,910612,403553,44.32,1923.74,17026
ELECTCAST,2026-08-27,77.65,78.99,4091262,1812772,44.31,3254.31,25125
FIRSTCRY,2026-08-27,191.96,188.26,916127,405904,44.31,1739.14,18821
HGINFRA,2026-08-27,501.9,502.15,37937,16802,44.29,190.53,1688
SYRMA,2026-08-27,1474.1,1493.5,957727,424028,44.27,14224.73,33917
SANDUMA,2026-08-27,209.67,206.95,726534,321460,44.25,1523.36,12684
SESHAPAPER,2026-08-27,227.27,230.11,26016,11504,44.22,59.55,629
PFOCUS,2026-08-27,302.55,295.65,403749,178494,44.21,1203.21,9974
PGIL,2026-08-27,2289.6,2294.8,58387,25774,44.14,1334.56,7271
GICHSGFIN,2026-08-27,141.75,142.1,86267,38055,44.11,122.49,1079
INOXWIND,2026-08-27,73.2,72.0,12554597,5534939,44.09,9055.62,52482
SUPERHOUSE,2026-08-27,176.14,169.9,9160,4038,44.08,15.91,320
TMB,2026-08-27,897.6,893.85,118544,52237,44.07,1060.47,10292
IGCL,2026-08-27,72.46,72.24,69100,30432,44.04,49.78,518
KAVDEFENCE,2026-08-27,58.41,57.83,77154,33975,44.04,45.33,1207
JGCHEM,2026-08-27,597.95,585.5,92153,40586,44.04,544.57,5020
HAZOOR,2026-08-27,20.36,20.82,1744484,767859,44.02,352.84,2494
RTNPOWER,2026-08-27,7.95,7.83,13450323,5920846,44.02,1058.5,12156
APLLTD,2026-08-27,824.8,824.0,285845,125761,44.0,2364.87,14456
SPORTKING,2026-08-27,224.23,227.26,271124,119256,43.99,607.2,5778
BAJAJHCARE,2026-08-27,326.45,320.9,80183,35249,43.96,258.8,2482
ELECON,2026-08-27,425.3,423.25,185307,81451,43.95,786.78,8150
GANESHCP,2026-08-27,166.07,163.49,74014,32523,43.94,121.73,1344
TRIDENT,2026-08-27,24.44,24.38,2020489,887679,43.93,493.43,9171
BERGEPAINT,2026-08-27,503.7,501.0,275124,120763,43.89,1384.43,11968
PDMJEPAPER,2026-08-27,89.69,87.52,121080,53038,43.8,108.02,2261
LASERPOWER,2026-08-27,328.2,319.6,623061,272855,43.79,2011.43,11392
AETHER,2026-08-27,1655.0,1677.3,200314,87691,43.78,3357.26,29149
EMMVEE,2026-08-27,332.95,327.3,1276084,558507,43.77,4213.64,28908
RISHABH,2026-08-27,687.7,690.5,139748,61152,43.76,971.8,7183
MANIPALHOS,2026-08-27,795.0,797.95,1421335,619805,43.61,11281.41,34116
WHEELS,2026-08-27,1487.1,1516.3,31125,13572,43.6,468.59,3593
GROWW,2026-08-27,196.24,196.84,22896654,9975460,43.57,45182.79,150225
UNIONBANK,2026-08-27,187.52,184.5,6999263,3048206,43.55,13006.57,33889
ORIENTTECH,2026-08-27,245.55,243.65,58999,25678,43.52,143.92,1601
EPACKPEB,2026-08-27,232.15,233.95,288397,125461,43.5,671.55,3968
CURAA,2026-08-27,69.11,69.27,92,40,43.48,0.06,11
PRESTIGE,2026-08-27,1615.1,1623.0,264298,114910,43.48,4277.69,15364
RAMCOSYS,2026-08-27,553.1,556.2,100913,43814,43.42,565.04,4417
MEIL,2026-08-27,297.65,304.3,199012,86419,43.42,604.6,4590
CUB,2026-08-27,226.8,229.23,2031290,881758,43.41,4640.32,39630
CAMPUS,2026-08-27,225.17,224.99,211614,91757,43.36,475.96,9197
MPHASIS,2026-08-27,2400.0,2413.6,136275,59060,43.34,3272.59,12109
BANARBEADS,2026-08-27,111.75,119.51,56286,24374,43.3,67.84,1431
GALAPREC,2026-08-27,1040.6,1039.8,18606,8052,43.28,194.2,1885
IONEXCHANG,2026-08-27,371.05,376.0,218431,94448,43.24,818.03,8215
VTL,2026-08-27,602.9,594.6,155966,67372,43.2,936.69,8349
MUNJALAU,2026-08-27,114.87,111.42,462444,199369,43.11,520.42,4981
IXIGO,2026-08-27,168.26,162.83,1184499,510548,43.1,1944.27,15188
MAGADSUGAR,2026-08-27,577.1,551.0,38876,16726,43.02,217.5,2433
KRBL,2026-08-27,447.4,433.55,821268,353185,43.0,3586.89,16245
TATAINVEST,2026-08-27,644.45,642.1,156007,67063,42.99,999.04,10028
NBCC,2026-08-27,89.21,88.6,3405853,1463022,42.96,3026.89,17278
ANANTRAJ,2026-08-27,606.35,605.25,823699,353604,42.93,4998.17,21730
APLAPOLLO,2026-08-27,2159.0,2188.0,1061660,455669,42.92,23350.7,49137
RELAXO,2026-08-27,367.4,356.1,221407,94954,42.89,794.6,11239
SHAH,2026-08-27,3.16,3.78,43893037,18816045,42.87,1586.92,9273
SALONA,2026-08-27,262.01,268.09,7827,3353,42.84,21.49,172
STAR,2026-08-27,982.9,983.0,94124,40245,42.76,927.27,6645
PRSMJOHNSN,2026-08-27,112.29,111.16,370685,158417,42.74,412.78,4834
JKLAKSHMI,2026-08-27,549.85,544.2,107723,46032,42.73,590.08,10065
NGLFINE,2026-08-27,2877.3,2901.1,4203,1795,42.71,122.0,1335
ROLEXRINGS,2026-08-27,184.45,180.43,1114798,475894,42.69,2035.44,18957
RAYMONDREL,2026-08-27,575.2,565.4,130850,55803,42.65,745.01,3467
AMBUJACEM,2026-08-27,419.2,411.05,1071242,456892,42.65,4451.54,19458
REDTAPE,2026-08-27,122.56,124.26,503927,214254,42.52,625.91,8459
PPLPHARMA,2026-08-27,211.29,214.95,4647834,1975595,42.51,10002.11,52292
NATCAPSUQ,2026-08-27,180.28,214.16,268991,114272,42.48,548.51,5210
ARIHANTSUP,2026-08-27,259.45,261.5,7478,3175,42.46,19.83,336
INDIACEM,2026-08-27,371.85,369.05,34132,14480,42.42,126.45,3685
BAJEL,2026-08-27,189.53,194.53,780237,330805,42.4,1520.89,10400
UNIMECH,2026-08-27,1500.2,1485.4,123211,52247,42.4,1850.47,9276
MOBIKWIK,2026-08-27,194.88,191.55,625739,265138,42.37,1208.76,6850
GALLANTT,2026-08-27,583.5,576.85,37534,15898,42.36,218.05,3244
BLS,2026-08-27,237.76,238.07,1208948,511957,42.35,2877.01,18314
INA,2026-08-27,93.21,90.55,979655,414773,42.34,895.76,6995
PRECWIRE,2026-08-27,432.25,422.8,350769,148404,42.31,1496.5,14014
AEGISLOG,2026-08-27,1331.7,1298.0,411156,173646,42.23,5358.72,22608
AVADHSUGAR,2026-08-27,813.7,804.55,136563,57597,42.18,1098.08,5922
MOTILALOFS,2026-08-27,1040.0,1038.1,903803,381044,42.16,9356.25,31689
SOTL,2026-08-27,694.95,679.45,200141,84355,42.15,1381.78,8783
ALEMBICLTD,2026-08-27,98.7,102.77,2895906,1220288,42.14,2968.65,21355
AVANTIFEED,2026-08-27,839.6,844.45,249143,104971,42.13,2110.49,14451
INDORAMA,2026-08-27,61.22,63.87,532500,224006,42.07,338.4,4731
LTFOODS,2026-08-27,451.3,437.85,568938,239370,42.07,2514.25,21714
ECLERX,2026-08-27,1944.0,1940.9,181165,76165,42.04,3529.85,23092
LPDC,2026-08-27,7.05,6.7,279734,117540,42.02,18.54,893
KOLTEPATIL,2026-08-27,456.7,447.95,60697,25486,41.99,274.54,2732
SHRIPISTON,2026-08-27,4610.0,4498.4,73996,31067,41.98,3336.53,17788
AEGISVOPAK,2026-08-27,264.15,263.5,852910,358056,41.98,2238.57,19839
DHAMPURSUG,2026-08-27,183.67,170.92,1243818,521778,41.95,2178.01,16480
DEN,2026-08-27,27.68,28.12,462919,194194,41.95,130.93,1674
ANUP,2026-08-27,1786.2,1801.3,31913,13374,41.91,574.89,3852
JAYNECOIND,2026-08-27,102.23,101.09,2438834,1021825,41.9,2490.71,17524
LEAPIND,2026-08-27,159.65,161.77,5771795,2418191,41.9,9425.32,39770
NACLIND,2026-08-27,177.61,174.8,200406,83903,41.87,352.91,4892
RAILTEL,2026-08-27,280.9,279.05,291964,122029,41.8,818.3,7404
DOMS,2026-08-27,2204.0,2214.9,13731,5734,41.76,304.75,3895
BATAINDIA,2026-08-27,685.55,681.6,115819,48327,41.73,789.19,6700
HEMIPROP,2026-08-27,129.63,130.56,578973,241547,41.72,765.08,5146
VEDL,2026-08-27,286.5,281.0,13441814,5603941,41.69,38051.38,143043
OLECTRA,2026-08-27,1326.4,1326.3,216139,90011,41.64,2872.73,13193
APOLLOTYRE,2026-08-27,443.05,443.25,538426,223812,41.57,2386.19,19986
BEPL,2026-08-27,128.35,121.43,2815113,1169748,41.55,3452.84,22431
ROSSTECH,2026-08-27,1099.95,1103.4,250599,104088,41.54,2812.22,14808
POLYMED,2026-08-27,1711.2,1712.6,109590,45519,41.54,1867.18,14206
HINDCOPPER,2026-08-27,556.05,536.3,24102873,9985039,41.43,130768.87,210725
SIS,2026-08-27,421.1,421.7,313306,129537,41.35,1326.03,9482
DYCL,2026-08-27,458.9,448.25,236905,97903,41.33,1071.96,7653
LUPIN,2026-08-27,2185.0,2158.1,964354,398017,41.27,20905.87,44703
THEMISMED,2026-08-27,126.26,126.15,135765,55958,41.22,170.02,2452
GODREJAGRO,2026-08-27,625.75,614.75,180449,74313,41.18,1113.41,10082
SAPPHIRE,2026-08-27,249.68,239.74,2247967,924607,41.13,5510.84,44207
ADANIPOWER,2026-08-27,207.2,215.0,70024737,28760551,41.07,148950.04,218917
AHCL,2026-08-27,15.11,15.6,4430962,1818040,41.03,688.43,5537
CEWATER,2026-08-27,271.75,266.25,44998,18461,41.03,121.46,2302
EPL,2026-08-27,254.26,252.8,890657,363876,40.85,2279.75,17380
ROSSELLIND,2026-08-27,61.77,56.99,2432924,992147,40.78,1611.2,16194
CYIENT,2026-08-27,1047.7,1052.7,2172515,885683,40.77,22786.95,57007
ANGELONE,2026-08-27,298.85,295.9,3766886,1535401,40.76,11208.77,37546
BSE,2026-08-27,3325.6,3328.0,2498105,1016794,40.7,83510.9,105456
HONAUT,2026-08-27,36445.0,36800.0,1961,798,40.69,719.65,1205
MMTC,2026-08-27,64.02,63.51,906339,367596,40.56,578.83,6488
RUBICON,2026-08-27,1818.8,1841.0,379324,153826,40.55,6984.2,29850
BLSE,2026-08-27,319.7,314.05,382378,155058,40.55,1211.82,5237
AZAD,2026-08-27,2825.5,2802.4,202086,81933,40.54,5674.96,19158
KSL,2026-08-27,919.3,881.3,121094,49073,40.52,1092.57,7171
SHAKTIPUMP,2026-08-27,490.35,497.4,361174,146333,40.52,1780.78,14256
TERASOFT,2026-08-27,306.3,301.35,42482,17203,40.49,131.7,2219
SKMEGGPROD,2026-08-27,268.41,266.86,468960,189590,40.43,1267.31,9537
DECNGOLD,2026-08-27,230.96,229.37,2139149,863435,40.36,4835.42,24463
SAIL,2026-08-27,194.9,193.0,41844533,16855087,40.28,80349.71,111662
HFCL,2026-08-27,235.89,245.84,19390535,7802579,40.24,47238.65,102456
JISLJALEQS,2026-08-27,30.07,29.69,4772124,1919843,40.23,1451.16,11832
DJML,2026-08-27,75.16,73.08,182313,73330,40.22,135.02,2658
AYMSYNTEX,2026-08-27,254.95,250.25,9859,3965,40.22,24.85,340
TEXRAIL,2026-08-27,109.04,108.43,851548,341362,40.09,931.05,7425
JKPAPER,2026-08-27,396.55,390.4,408338,163642,40.08,1613.92,12599
UBL,2026-08-27,1353.7,1346.6,29122,11656,40.02,391.41,4758
CHOICEIN,2026-08-27,781.85,775.05,189310,75752,40.01,1470.02,4853
PARASPETRO,2026-08-27,2.3,2.24,292645,116983,39.97,6.75,322
JLHL,2026-08-27,298.75,307.45,154727,61664,39.85,469.63,8453
MANINFRA,2026-08-27,114.51,115.46,2358626,939777,39.84,2732.81,12055
STYL,2026-08-27,396.85,399.95,103912,41335,39.78,420.51,4612
JTLIND,2026-08-27,81.01,82.57,6724877,2673595,39.76,5602.72,31944
NHPC,2026-08-27,76.24,76.55,7001214,2778208,39.68,5303.99,29653
MAPMYINDIA,2026-08-27,1008.5,977.1,174052,69022,39.66,1734.3,13467
SAIPARENT,2026-08-27,530.9,520.7,234900,93136,39.65,1215.12,9686
DHUNINV,2026-08-27,1115.9,1046.5,11119,4408,39.64,121.34,931
KFINTECH,2026-08-27,976.5,957.0,1169583,463246,39.61,11190.73,33090
EXICOM,2026-08-27,155.21,156.14,431889,171024,39.6,674.41,5642
LIKHITHA,2026-08-27,210.89,212.02,145162,57472,39.59,311.68,2146
WABAG,2026-08-27,2155.3,2133.9,1166272,461752,39.59,25266.95,61364
LUMAXIND,2026-08-27,6160.5,6094.5,20103,7953,39.56,1229.67,6560
ABREL,2026-08-27,1392.3,1393.4,111296,44026,39.56,1548.52,9157
PATELENG,2026-08-27,28.64,29.08,4636446,1833638,39.55,1345.58,12203
FORCEMOT,2026-08-27,17450.0,17375.0,40549,16039,39.55,7047.48,12215
COHANCE,2026-08-27,462.35,454.0,308834,122117,39.54,1412.68,16704
WAKEFIT,2026-08-27,145.72,147.72,1090896,431242,39.53,1606.6,12090
SHREEJISPG,2026-08-27,639.0,640.35,692051,273387,39.5,4423.89,8659
SUMICHEM,2026-08-27,530.45,525.0,103888,41028,39.49,545.82,7195
JBMA,2026-08-27,653.4,645.25,135727,53565,39.47,878.63,8017
VOLTAMP,2026-08-27,10978.5,11228.5,56167,22151,39.44,6309.95,17566
SUPREMEIND,2026-08-27,3540.0,3585.0,152254,59988,39.4,5482.83,22874
DLF,2026-08-27,672.5,676.15,1765924,695440,39.38,12020.06,31698
PARAGMILK,2026-08-27,244.77,241.17,743453,291865,39.26,1811.19,11676
VISL,2026-08-27,38.78,38.85,57698620,22646295,39.25,22516.07,59656
CLEANMAX,2026-08-27,1182.3,1274.6,285516,111949,39.21,3555.54,25442
GLOBECIVIL,2026-08-27,45.85,45.73,80115,31324,39.1,36.65,1256
PREMIERPOL,2026-08-27,90.79,95.21,830116,324417,39.08,776.35,8537
RIIL,2026-08-27,762.5,758.9,31756,12396,39.04,241.54,1721
UNICHEMLAB,2026-08-27,530.3,539.75,102231,39912,39.04,549.13,4242
KPL,2026-08-27,3326.1,3267.1,26045,10159,39.01,862.27,4232
GENCON,2026-08-27,46.77,45.83,511577,199292,38.96,233.08,1939
GODFRYPHLP,2026-08-27,2153.3,2115.0,126205,49152,38.95,2688.49,10886
AWHCL,2026-08-27,384.5,389.2,85317,33188,38.9,330.85,4016
YASHO,2026-08-27,4369.6,4341.7,24392,9489,38.9,1052.09,6872
UFLEX,2026-08-27,650.45,631.0,269326,104734,38.89,1724.28,7258
QUESS,2026-08-27,370.7,356.95,607375,236006,38.86,2208.12,21629
TDPOWERSYS,2026-08-27,727.8,740.6,2552484,991943,38.86,19153.91,76596
BLUECLOUDS,2026-08-27,20.02,20.43,4216077,1636741,38.82,856.21,8737
MARKSANS,2026-08-27,331.05,326.15,1415329,548865,38.78,4627.67,24496
CNL,2026-08-27,1215.4,1207.95,23472,9102,38.78,284.57,2632
WELSPLSOL,2026-08-27,54.71,54.03,1948887,755642,38.77,1084.04,12214
CDSL,2026-08-27,1434.0,1410.8,1543936,598041,38.73,21908.14,47407
RVNL,2026-08-27,221.39,216.0,4589569,1776655,38.71,10002.96,44035
SUVEN,2026-08-27,372.2,368.1,295156,113986,38.62,1087.63,9327
TIIL,2026-08-27,3386.6,3328.1,24929,9626,38.61,840.12,4467
ALKYLAMINE,2026-08-27,2089.6,2045.0,59466,22950,38.59,1225.81,11361
KROSS,2026-08-27,217.72,215.11,677619,261399,38.58,1481.13,12321
LODHA,2026-08-27,1265.0,1246.3,801407,308520,38.5,10117.83,19583
GRAPHITE,2026-08-27,689.1,683.0,572923,220373,38.46,3952.21,23648
ESTER,2026-08-27,93.31,93.0,78074,30022,38.45,72.87,1295
GOPAL,2026-08-27,284.9,279.15,143662,55211,38.43,403.36,8545
AASTHA,2026-08-27,80.34,88.36,2787093,1067640,38.31,2462.91,3220
LLOYDSENGG,2026-08-27,88.51,87.56,3585591,1372465,38.28,3157.82,20283
AEROFLEX,2026-08-27,536.35,522.1,1111371,425001,38.24,5876.22,26704
PANAMAPET,2026-08-27,480.3,470.75,291022,111251,38.23,1373.34,9625
GNA,2026-08-27,545.8,546.8,305547,116767,38.22,1694.7,8708
ITDC,2026-08-27,684.05,659.35,75324,28764,38.19,503.28,7304
TATAELXSI,2026-08-27,3650.0,3633.2,92977,35463,38.14,3379.44,12031
WOCKPHARMA,2026-08-27,1882.1,1962.0,1210241,461171,38.11,23605.14,59334
GVT&D,2026-08-27,4340.0,4407.8,1777971,676596,38.05,79121.21,144095
KENNAMET,2026-08-27,4325.5,4515.1,64402,24501,38.04,2837.36,11903
CONFIPET,2026-08-27,79.69,79.01,2291261,869868,37.96,1818.07,14996
COMSYN,2026-08-27,288.72,283.75,46730,17736,37.95,132.39,1088
SATIN,2026-08-27,227.06,226.01,246686,93582,37.94,563.2,5509
HILINFRA,2026-08-27,45.32,45.29,52520,19860,37.81,23.87,1085
EXCELSOFT,2026-08-27,70.5,71.53,420383,158913,37.8,300.37,2905
RPTECH,2026-08-27,778.95,782.5,401788,151783,37.78,3171.91,19700
CHENNPETRO,2026-08-27,1375.0,1352.4,579400,218527,37.72,7893.55,24413
DCMSHRIRAM,2026-08-27,1050.1,1028.4,67889,25592,37.7,707.64,5672
ADFFOODS,2026-08-27,280.7,273.8,73656,27717,37.63,202.62,2495
JKCEMENT,2026-08-27,5277.0,5233.5,12186,4579,37.58,637.75,3449
BDL,2026-08-27,1363.0,1348.6,445421,166902,37.47,6018.15,16800
TATAPOWER,2026-08-27,364.0,352.0,16236355,6084219,37.47,57000.89,196563
UNIVCABLES,2026-08-27,1578.7,1607.3,91786,34282,37.35,1464.06,10750
RAMCOIND,2026-08-27,349.65,341.6,114445,42588,37.21,392.12,2479
MUTHOOTFIN,2026-08-27,3206.9,3085.0,1120055,416120,37.15,34929.11,59433
TANLA,2026-08-27,526.05,531.5,619699,230022,37.12,3328.25,20573
IRB,2026-08-27,19.46,19.32,7026959,2603635,37.05,1364.47,19789
EIDPARRY,2026-08-27,796.35,795.3,357257,132220,37.01,2843.48,15065
TIMEX,2026-08-27,629.0,624.05,247568,91527,36.97,1561.09,13379
NIACL,2026-08-27,187.09,185.2,615307,227394,36.96,1142.35,9853
CHALET,2026-08-27,912.45,910.3,122466,45165,36.88,1106.41,11567
PARAS,2026-08-27,1492.7,1454.8,613310,225920,36.84,9022.3,28926
GTLINFRA,2026-08-27,1.21,1.2,38632731,14217506,36.8,471.54,6301
SHANTIGOLD,2026-08-27,266.07,246.05,8500484,3117433,36.67,21091.61,62326
WSI,2026-08-27,60.74,60.2,18658,6820,36.55,11.3,1081
DAMCAPITAL,2026-08-27,150.02,149.12,208302,76017,36.49,313.78,3160
MAZDOCK,2026-08-27,2625.0,2588.0,511497,185735,36.31,13346.83,23661
HINDZINC,2026-08-27,626.5,610.1,4838968,1756664,36.3,29893.35,60971
PVP,2026-08-27,56.48,62.12,6580316,2386078,36.26,3962.61,24875
LTM,2026-08-27,4460.0,4464.0,106428,38554,36.23,4785.22,14060
CAPACITE,2026-08-27,227.38,223.16,1225181,443895,36.23,2773.21,22776
SOMICONVEY,2026-08-27,91.85,91.28,44147,15971,36.18,40.31,1027
TURTLEMINT,2026-08-27,146.86,153.64,2249566,813174,36.15,3421.52,22474
MIDHANI,2026-08-27,424.45,418.3,803522,290144,36.11,3424.1,21333
PERSISTENT,2026-08-27,5590.5,5654.0,191424,69063,36.08,10811.63,17153
SWANCORP,2026-08-27,300.15,303.8,1142323,411993,36.07,3421.14,14238
RADAAN,2026-08-27,3.02,3.01,12988,4652,35.82,0.39,75
DELHIVERY,2026-08-27,449.0,466.0,4020754,1440027,35.81,18555.53,68796
ICIL,2026-08-27,425.6,423.4,280466,100380,35.79,1191.88,10751
HEG,2026-08-27,713.55,710.2,592845,212104,35.78,4224.21,14402
JWL,2026-08-27,246.85,247.0,680272,242969,35.72,1690.4,13619
EIEL,2026-08-27,200.69,201.04,554248,197589,35.65,1116.34,9303
HAPPSTMNDS,2026-08-27,447.85,420.25,4662895,1661323,35.63,20118.52,105204
TCC,2026-08-27,235.15,231.75,617665,219612,35.56,1458.0,14984
BEML,2026-08-27,1937.7,1920.6,133220,47186,35.42,2573.0,16162
PREMIERENE,2026-08-27,1005.0,1000.0,1498122,530679,35.42,15014.73,45092
HATSUN,2026-08-27,1086.55,1152.5,284131,100474,35.36,3227.65,28765
INDOMIM,2026-08-27,895.75,877.5,1723758,609294,35.35,15461.08,48199
REDINGTON,2026-08-27,354.2,358.4,3395377,1198734,35.3,12231.0,54217
MIIL,2026-08-27,726.45,718.75,75771,26725,35.27,551.32,1869
TASTYBITE,2026-08-27,9911.5,9816.5,2577,908,35.23,255.9,1017
APEX,2026-08-27,382.5,383.45,129470,45565,35.19,497.73,4429
VEDPOWER,2026-08-27,37.49,37.5,19385875,6817818,35.17,7311.13,42993
WALCHANNAG,2026-08-27,220.94,222.26,902632,317209,35.14,2041.65,11601
BRIGADE,2026-08-27,655.1,656.75,234455,82250,35.08,1536.79,12282
MANAPPURAM,2026-08-27,365.4,348.0,10434499,3652904,35.01,36800.77,61272
MEDANTA,2026-08-27,1458.9,1508.9,1109587,387214,34.9,16793.23,59349
SIRCA,2026-08-27,436.05,435.1,455904,158788,34.83,1989.34,6538
VINCOFE,2026-08-27,164.09,174.65,9713496,3380330,34.8,16758.44,80282
VARROC,2026-08-27,812.15,813.15,406477,141398,34.79,3353.01,18389
JUBLFOOD,2026-08-27,499.5,504.0,974638,338899,34.77,4877.98,24237
TVSSCS,2026-08-27,132.16,130.79,721741,250663,34.73,945.71,9441
SILVERTUC,2026-08-27,178.96,178.58,349824,121451,34.72,628.53,5730
EMSLIMITED,2026-08-27,375.75,381.1,180937,62468,34.52,691.49,4983
AMBER,2026-08-27,7466.0,7701.0,610657,209987,34.39,46957.77,60299
AVANTEL,2026-08-27,156.94,158.05,534686,183610,34.34,844.27,6105
TPLPLASTEH,2026-08-27,77.6,77.44,119271,40961,34.34,93.02,908
MARATHON,2026-08-27,419.45,428.75,318928,109349,34.29,1352.54,8775
APOLLOPIPE,2026-08-27,653.1,638.55,243918,83627,34.28,1581.86,9654
APOLLO,2026-08-27,388.0,386.35,4108063,1395472,33.97,15970.94,25838
NEWGEN,2026-08-27,524.35,523.0,415158,140938,33.95,2178.25,14591
GODREJIND,2026-08-27,1138.0,1150.5,82356,27890,33.87,944.8,9258
DTIL,2026-08-27,183.22,173.94,279721,94739,33.87,514.06,5216
MRPL,2026-08-27,173.61,170.8,3267127,1104902,33.82,5587.63,25243
AVALON,2026-08-27,2226.4,2256.6,281157,95072,33.81,6347.2,26917
TARIL,2026-08-27,304.0,304.15,1666044,561897,33.73,5125.98,26691
FINOPB,2026-08-27,145.54,143.06,170887,57619,33.72,247.11,2333
PARADEEP,2026-08-27,163.84,160.55,4038004,1358853,33.65,6494.85,36098
JPOLYINVST,2026-08-27,992.2,966.1,31789,10679,33.59,321.86,3813
ARIES,2026-08-27,503.7,490.65,151168,50700,33.54,753.41,6853
BHARATWIRE,2026-08-27,186.06,187.64,187858,62993,33.53,350.98,2991
GRSE,2026-08-27,2630.3,2643.0,384851,128872,33.49,10201.79,24466
AEROENTER,2026-08-27,143.64,142.66,1011094,338158,33.44,1453.9,10003
LGHL,2026-08-27,176.1,179.9,9254,3093,33.42,16.56,173
KSHINTL,2026-08-27,948.25,962.35,376921,125915,33.41,3694.96,29524
HSCL,2026-08-27,663.85,674.35,7924818,2642391,33.34,52872.72,69727
ENTERO,2026-08-27,1648.0,1753.5,1277994,425712,33.31,22131.48,89715
AERONEU,2026-08-27,82.14,81.88,26169,8704,33.26,21.59,274
CUPID,2026-08-27,283.99,276.65,19879463,6607119,33.24,54985.0,168413
INDSWFTLAB,2026-08-27,367.48,358.04,694257,230000,33.13,2500.9,15155
AUBANK,2026-08-27,1113.5,1091.0,898558,296735,33.02,9885.75,37515
URBANCO,2026-08-27,167.53,167.36,7134291,2351091,32.95,11982.39,76761
INDOBORAX,2026-08-27,505.7,503.0,142026,46788,32.94,718.98,7188
NCC,2026-08-27,147.2,150.29,4102590,1349707,32.9,6165.94,34447
RICOAUTO,2026-08-27,130.76,130.02,868806,285669,32.88,1142.36,8300
SOLARINDS,2026-08-27,20097.0,20580.0,192655,63236,32.82,39399.35,41254
OMNI,2026-08-27,578.15,575.7,237985,77942,32.75,1374.73,8574
LUMAXTECH,2026-08-27,1927.8,1930.6,97288,31759,32.64,1880.07,13194
PINELABS,2026-08-27,166.88,169.67,31650500,10319298,32.6,54036.37,167494
SHIPROCKET,2026-08-27,132.5,132.09,6410001,2085635,32.54,8434.02,39223
KWIL,2026-08-27,46.48,46.35,16310637,5294762,32.46,7671.02,33871
TFCILTD,2026-08-27,140.99,141.84,10501249,3399767,32.37,15049.04,37906
FINCABLES,2026-08-27,1286.35,1291.15,685892,221872,32.35,8860.1,38598
GABRIEL,2026-08-27,1342.6,1357.2,233005,75300,32.32,3166.9,19228
BALAMINES,2026-08-27,2437.2,2425.8,234798,75781,32.27,5682.6,22648
PTCIL,2026-08-27,20919.0,20622.0,16310,5235,32.1,3366.11,5326
WELSPUNLIV,2026-08-27,190.63,192.29,2534490,813327,32.09,4827.98,23761
ALLCARGO,2026-08-27,13.32,12.57,23868911,7649054,32.05,3044.45,21811
SPARC,2026-08-27,194.36,194.98,811811,259562,31.97,1594.13,15210
KMEW,2026-08-27,2777.8,2969.0,303914,96987,31.91,8861.71,39694
NELCO,2026-08-27,936.0,960.4,521633,166223,31.87,5036.3,19725
TATVA,2026-08-27,1606.4,1599.2,120039,38151,31.78,1972.72,12118
ROUTE,2026-08-27,523.45,509.0,220945,70160,31.75,1144.01,7700
DYNAMATECH,2026-08-27,11510.0,11497.0,10773,3389,31.46,1248.64,3885
KEI,2026-08-27,5540.0,5536.0,213782,67087,31.38,11815.98,23216
SYNCOMF,2026-08-27,17.03,17.34,8769056,2748046,31.34,1548.89,33039
SBFC,2026-08-27,101.14,98.61,6843021,2127832,31.09,6912.4,37521
IFCI,2026-08-27,85.44,84.27,44599176,13851449,31.06,38571.96,106261
SCI,2026-08-27,288.5,292.55,3800765,1173091,30.86,11239.06,46834
SBC,2026-08-27,40.13,41.45,8469794,2610107,30.82,3437.34,9970
IREDA,2026-08-27,118.8,117.4,4163114,1278255,30.7,4880.29,24867
VIKRAMSOLR,2026-08-27,171.85,172.01,2177845,668180,30.68,3782.7,17412
MOREPENLAB,2026-08-27,96.98,96.7,14619445,4461256,30.52,14261.86,43913
PSB,2026-08-27,23.5,23.32,1461842,444853,30.43,342.23,3519
FEDDERSHOL,2026-08-27,42.5,43.11,360339,109187,30.3,155.5,805
SOUTHBANK,2026-08-27,46.32,45.73,8299347,2509784,30.24,3841.76,22764
MASTERTR,2026-08-27,84.96,83.34,221561,66769,30.14,186.47,1274
RENUKA,2026-08-27,23.94,23.43,17586067,5296295,30.12,4174.6,23569
POWERINDIA,2026-08-27,33125.0,33880.0,87939,26388,30.01,29713.7,29177
TVSSRICHAK,2026-08-27,5311.8,5244.5,27296,8157,29.88,1431.21,5251
FOSECOIND,2026-08-27,6077.5,6110.5,50276,14991,29.82,3055.8,10262
ALOKINDS,2026-08-27,11.28,10.43,60004535,17890238,29.81,6205.0,70916
ONEPOINT,2026-08-27,55.51,55.54,750084,223385,29.78,415.4,1615
HCC,2026-08-27,23.88,25.1,202003226,59966638,29.69,51130.85,196562
VOGL,2026-08-27,41.21,41.98,100784349,29795437,29.56,42611.99,148082
MANINDS,2026-08-27,703.1,767.45,2263237,668725,29.55,16962.19,59269
AYE,2026-08-27,176.65,181.54,13672393,4039423,29.54,24309.37,72753
ARDEE,2026-08-27,55.92,59.28,8140152,2398816,29.47,4753.67,30912
WPIL,2026-08-27,438.35,448.65,187664,55186,29.41,848.74,5956
VINEETLAB,2026-08-27,38.79,39.01,70176,20609,29.37,27.25,634
ADANIGREEN,2026-08-27,1303.2,1328.5,811100,237284,29.25,10683.58,26492
RADHIKAJWE,2026-08-27,70.54,70.33,888439,259815,29.24,633.0,7199
XTGLOBAL,2026-08-27,29.29,29.88,69117,20210,29.24,20.1,327
GCSL,2026-08-27,538.0,540.55,1131181,330277,29.2,6101.85,15415
LICHSGFIN,2026-08-27,524.4,535.5,7375648,2138527,28.99,39410.53,78774
TIMETECHNO,2026-08-27,185.3,185.67,3679157,1062256,28.87,6833.46,16771
SUNSHINE,2026-08-27,367.2,368.1,1816347,523384,28.82,6728.72,21677
SHANKESH,2026-08-27,93.74,89.69,4656197,1340359,28.79,4267.68,23151
BIKAJI,2026-08-27,612.1,611.9,663473,189757,28.6,4144.46,35975
ZAGGLE,2026-08-27,190.76,189.43,1804121,515270,28.56,3450.33,18273
NITCO,2026-08-27,96.67,97.56,819938,234200,28.56,800.02,6449
DCXINDIA,2026-08-27,176.11,173.99,474521,134994,28.45,836.2,7264
RSL,2026-08-27,166.59,172.47,1772814,503533,28.4,3038.88,12551
OLAELEC,2026-08-27,38.0,37.63,17733163,5001629,28.2,6665.49,54923
GAJA,2026-08-27,168.67,165.13,7060479,1987229,28.15,11956.9,49449
RPOWER,2026-08-27,22.7,22.71,11093761,3109620,28.03,2519.15,22455
SKIPPER,2026-08-27,547.25,558.1,1662168,462425,27.82,9301.48,42456
PWL,2026-08-27,126.13,124.09,8276711,2299369,27.78,10375.43,47456
RESPONIND,2026-08-27,151.71,156.82,279092,77535,27.78,434.57,6743
IDBI,2026-08-27,94.75,92.24,17091152,4737100,27.72,16053.42,58660
ATGL,2026-08-27,643.7,645.35,734229,203467,27.71,4721.06,23408
COCHINSHIP,2026-08-27,1547.0,1543.0,1334290,369297,27.68,20790.16,44209
IOLCP,2026-08-27,186.01,193.07,10366009,2865973,27.65,19757.53,81096
TEJASNET,2026-08-27,505.05,511.15,948871,262291,27.64,4846.34,26170
APARINDS,2026-08-27,17063.0,17900.0,214866,59299,27.6,38193.07,53053
TITAGARH,2026-08-27,825.4,831.15,449561,123809,27.54,3752.64,20037
TRITURBINE,2026-08-27,574.4,583.45,1852490,509140,27.48,10929.28,93677
TBZ,2026-08-27,305.8,306.1,1842044,505717,27.45,5651.81,28886
BHEL,2026-08-27,415.5,433.95,19967976,5458645,27.34,86135.69,153742
GOKULAGRO,2026-08-27,245.39,244.48,592803,161540,27.25,1457.02,11300
TARSONS,2026-08-27,342.65,329.4,244355,66512,27.22,823.14,8619
IMAGICAA,2026-08-27,50.18,60.21,34242813,9264824,27.06,19989.56,101627
CARTRADE,2026-08-27,3142.2,3080.2,669508,181111,27.05,21236.85,62905
BALMLAWRIE,2026-08-27,176.72,175.26,759686,204408,26.91,1357.13,9592
SHREEPUSHK,2026-08-27,452.15,452.25,309322,83037,26.84,1442.58,13374
UTTAMSUGAR,2026-08-27,312.82,298.34,352684,94451,26.78,1077.2,7463
JINDRILL,2026-08-27,632.45,630.55,531304,141496,26.63,3408.28,18901
DWARKESH,2026-08-27,53.75,51.18,3534020,937341,26.52,1865.62,14215
VOEPL,2026-08-27,579.55,572.7,291096,76700,26.35,1649.18,10189
KAYNES,2026-08-27,4032.0,4018.8,919380,239857,26.09,37291.74,54712
CGCL,2026-08-27,256.35,244.8,4059351,1056431,26.02,10101.45,38574
BLUESTARCO,2026-08-27,1485.0,1497.0,128386,33392,26.01,1920.96,9191
MOTISONS,2026-08-27,16.45,16.27,23481007,6105125,26.0,3874.16,23242
IDEA,2026-08-27,15.06,14.97,430678395,111511140,25.89,64707.87,450734
PGEL,2026-08-27,587.15,596.0,1069342,276125,25.82,6401.82,24689
WELCORP,2026-08-27,2306.7,2405.8,4076090,1045161,25.64,97916.64,189282
LEMERITE,2026-08-27,21.9,21.81,141633,35455,25.03,31.14,306
AZADIND,2026-08-27,90.03,96.8,11894,2965,24.93,11.38,190
GRMOVER,2026-08-27,88.84,87.76,843143,210128,24.92,740.89,9668
MANBA,2026-08-27,131.82,129.93,65983,16411,24.87,85.82,1115
ZEEL,2026-08-27,104.42,103.98,24740990,6148764,24.85,26036.27,68930
MANBRO,2026-08-27,60.23,60.51,126899,31504,24.83,75.43,608
JNPR,2026-08-27,267.44,254.32,8844030,2195895,24.83,23208.29,111663
SEPC,2026-08-27,5.78,5.71,50238318,12430766,24.74,2890.01,27799
DATAPATTNS,2026-08-27,4779.4,4666.7,443386,109371,24.67,20848.09,38617
LALITHAA,2026-08-27,244.0,246.23,14189168,3495942,24.64,35279.2,145276
MARSONS,2026-08-27,123.58,125.54,5656610,1371023,24.24,7078.54,17594
BLUESTONE,2026-08-27,797.95,800.5,586565,140983,24.04,4744.91,22662
KALYANKJIL,2026-08-27,610.6,629.3,14631430,3462338,23.66,91549.45,134336
BALRAMCHIN,2026-08-27,674.35,649.95,1870911,432157,23.1,12364.73,36254
FACT,2026-08-27,866.25,842.55,419829,96864,23.07,3588.13,16613
AGIIL,2026-08-27,287.9,288.8,1434025,327888,22.86,4157.99,12105
CGPOWER,2026-08-27,865.05,897.9,5431054,1241450,22.86,48370.34,128567
DEVYANI,2026-08-27,149.36,146.11,10309728,2351290,22.81,15523.0,75561
MOLBIO,2026-08-27,1238.85,1144.15,1151166,260666,22.64,13607.34,48657
IRCON,2026-08-27,124.05,123.04,1788487,392065,21.92,2221.77,17896
MARKOLINES,2026-08-27,171.83,172.74,112561,24574,21.83,194.81,853
GOKUL,2026-08-27,44.14,43.09,254616,54763,21.51,111.75,2188
RATNAVEER,2026-08-27,279.27,294.89,7098522,1525719,21.49,20604.45,44068
SHANTIGEAR,2026-08-27,561.5,544.8,273195,57009,20.87,1503.31,7630
ARKADE,2026-08-27,128.02,127.25,166111,33687,20.28,212.37,1635
JINDALSAW,2026-08-27,302.45,310.25,8584804,1739928,20.27,26745.85,92781
BALUFORGE,2026-08-27,638.9,632.9,2329733,466230,20.01,14838.07,29298
RATNAMANI,2026-08-27,2641.6,2654.8,121827,24287,19.94,3288.28,18818
OAL,2026-08-27,401.25,428.95,565331,112218,19.85,2381.6,21263
BAJAJHIND,2026-08-27,21.78,21.11,45877765,8875501,19.35,9870.04,47715
ALGOQUANT,2026-08-27,64.98,64.88,1270299,245576,19.33,823.7,4889
HALDER,2026-08-27,295.99,297.88,28147,5416,19.24,82.69,321
NSLNISP,2026-08-27,41.44,44.99,86668492,16361459,18.88,38584.93,169917
QUADFUTURE,2026-08-27,411.95,432.55,1763494,326575,18.52,7554.96,37362
KITEX,2026-08-27,126.8,129.86,2143828,393267,18.34,2824.93,21542
MANCREDIT,2026-08-27,221.62,229.52,293346,53427,18.21,665.52,2103
GKENERGY,2026-08-27,133.82,139.65,5842310,1057489,18.1,8263.35,42576
IITL,2026-08-27,155.57,159.91,106801,18801,17.6,169.01,1249
OMAXE,2026-08-27,109.37,113.38,4979734,870020,17.47,5608.7,35770
JARO,2026-08-27,461.1,463.15,124691,21471,17.22,577.2,3351
NIMBSPROJ,2026-08-27,170.18,169.7,92467,15734,17.02,158.61,226
MOSCHIP,2026-08-27,205.54,219.36,17473565,2942525,16.84,38428.77,147472
SALSTEEL,2026-08-27,71.64,71.59,617914,102011,16.51,450.77,4357
WHIRLPOOL,2026-08-27,771.7,841.15,5452955,864176,15.85,44831.85,123899
FMGOETZE,2026-08-27,548.7,545.55,1512901,233418,15.43,8235.84,26534
PCJEWELLER,2026-08-27,11.23,11.01,332871058,51184696,15.38,36963.41,90437
TRAVELFOOD,2026-08-27,1287.8,1333.9,538246,82693,15.36,7363.95,29660
RGL,2026-08-27,152.58,133.81,10152479,1478111,14.56,14199.92,63083
GENESYS,2026-08-27,246.3,234.5,4531990,656835,14.49,10664.16,54091
EUROPRATIK,2026-08-27,259.95,254.05,195601,28308,14.47,503.53,2569
NETWEB,2026-08-27,5271.9,5272.2,2077974,291562,14.03,110711.43,156413
ATALREAL,2026-08-27,34.6,35.13,16250514,2197365,13.52,5762.11,10903
RHETAN,2026-08-27,21.94,21.23,13706911,1812483,13.22,2980.82,7634
RAMRAT,2026-08-27,523.7,569.6,3785377,499032,13.18,21377.91,81558
ISFT,2026-08-27,96.68,95.17,132402,16595,12.53,124.63,1023
BLEL,2026-08-27,470.85,469.85,2844518,354809,12.47,13382.9,43885
DHOOTTRANS,2026-08-27,1575.55,1499.85,3496927,407202,11.64,53682.85,138746
SILGO,2026-08-27,72.85,74.03,136582,15691,11.49,100.65,1092
TECHNOCRAF,2026-08-27,343.69,358.24,4686252,520230,11.1,16946.27,70663
MANOMAY,2026-08-27,220.31,227.91,488882,54054,11.06,1092.25,2717
MILKYMIST,2026-08-27,222.11,217.31,59235093,6415948,10.83,131836.29,431518
GEEKAYWIRE,2026-08-27,23.1,23.02,222972,23228,10.42,51.48,2618
INOXINDIA,2026-08-27,1926.7,2177.9,4484559,463046,10.33,95119.78,252469
MVELECTRO,2026-08-27,560.15,646.8,14689330,1488172,10.13,94332.19,237934
JINDWORLD,2026-08-27,34.84,36.83,14872279,1420140,9.55,5511.99,46504
WEL,2026-08-27,155.92,124.74,129566541,11411659,8.81,194438.83,566211
SHINDL,2026-08-27,162.75,164.23,217350,17448,8.03,351.87,1118
BOMDYEING,2026-08-27,111.22,116.95,12306360,982016,7.98,14673.38,72902
KELLTONTEC,2026-08-27,13.51,14.86,58182615,4349460,7.48,8595.97,132001
SIGNATURE,2026-08-27,773.65,783.5,199200,14801,7.43,1559.88,5857
ARFIN,2026-08-27,84.21,85.4,942597,61415,6.52,797.02,2075
CPL,2026-08-27,66.08,64.76,124293,7358,5.92,81.23,1056
RAMBHAJO,2026-08-27,255.69,263.57,16411137,956103,5.83,43054.09,170663
BBTC,2026-08-27,1426.2,1613.6,14319956,518823,3.62,230560.48,417402
STARTECK,2026-08-27,257.0,256.65,7241,171,2.36,18.44,138
