symbol,date,open,high,low,close,volume
20MICRONS,2026-09-28,218.66,220.8,212.01,212.94,65358
20MICRONS,2026-09-29,212.16,216.45,209.02,212.8,54062
20MICRONS,2026-09-30,211.29,221.8,211.29,214.59,76779
20MICRONS,2026-10-01,213.0,214.7,203.35,207.26,92549
20MICRONS,2026-10-05,206.0,212.24,202.01,204.61,80913
21STCENMGM,2026-09-28,40.27,40.27,39.1,39.64,5424
21STCENMGM,2026-09-29,39.64,39.64,38.85,39.37,2715
21STCENMGM,2026-09-30,40.0,40.0,38.59,38.67,901
21STCENMGM,2026-10-01,37.9,39.25,37.9,38.0,4636
21STCENMGM,2026-10-05,38.49,38.5,37.24,37.61,5247
360ONE,2026-09-29,1040.0,1052.1,1019.4,1029.2,2488489
360ONE,2026-09-30,1029.2,1047.0,1029.0,1030.0,1348986
360ONE,2026-10-01,1027.9,1043.0,1008.0,1040.0,1213803
360ONE,2026-10-02,1040.0,1040.0,1040.0,1040.0,0
360ONE,2026-10-05,1033.6,1059.6,1033.3,1050.0,564932
3BBLACKBIO,2026-09-28,1502.9,1599.0,1475.5,1584.8,84310
3BBLACKBIO,2026-09-29,1575.1,1635.0,1532.9,1622.7,31539
3BBLACKBIO,2026-09-30,1615.1,1740.0,1610.5,1710.4,67737
3BBLACKBIO,2026-10-01,1690.2,1734.0,1617.9,1646.8,27802
3BBLACKBIO,2026-10-05,1646.9,1734.0,1609.6,1624.7,14040
3IINFOLTD,2026-09-28,24.5,24.5,23.8,23.99,350615
3IINFOLTD,2026-09-29,23.56,23.83,22.8,23.36,166913
3IINFOLTD,2026-09-30,23.35,23.6,22.4,22.52,173804
3IINFOLTD,2026-10-01,22.52,22.91,22.12,22.45,285733
3IINFOLTD,2026-10-05,22.4,22.9,22.16,22.62,297520
3MINDIA,2026-09-28,33965.0,33990.0,33230.0,33415.0,1497
3MINDIA,2026-09-29,33200.0,33400.0,31600.0,31890.0,29335
3MINDIA,2026-09-30,31890.0,32695.0,31890.0,32160.0,3548
3MINDIA,2026-10-01,31920.0,31920.0,30550.0,30795.0,6078
3MINDIA,2026-10-05,30825.0,31170.0,30220.0,30400.0,2411
3PLAND,2026-09-28,31.74,31.74,30.05,30.83,1881
3PLAND,2026-09-29,32.48,32.48,30.05,31.87,294
3PLAND,2026-09-30,32.0,32.0,30.9,31.01,1104
3PLAND,2026-10-01,32.7,32.7,29.75,31.12,8529
3PLAND,2026-10-05,30.51,31.72,30.11,30.48,2359
5PAISA,2026-09-29,303.05,307.45,301.0,304.9,13569
5PAISA,2026-09-30,304.05,309.7,302.35,305.2,19885
5PAISA,2026-10-01,305.2,321.85,299.0,316.35,104625
5PAISA,2026-10-02,316.35,316.35,316.35,316.35,0
5PAISA,2026-10-05,321.85,379.6,320.9,360.9,2189848
63MOONS,2026-09-28,857.9,857.9,811.65,818.6,162896
63MOONS,2026-09-29,818.8,827.4,803.95,810.8,195169
63MOONS,2026-09-30,809.95,839.0,807.65,811.05,138349
63MOONS,2026-10-01,811.25,825.0,787.0,802.25,207253
63MOONS,2026-10-05,805.35,821.0,785.0,789.75,140702
A2ZINFRA,2026-09-29,14.29,14.66,14.29,14.51,150724
A2ZINFRA,2026-09-30,14.5,15.15,14.36,14.93,277855
A2ZINFRA,2026-10-01,14.53,15.15,14.19,14.38,378693
A2ZINFRA,2026-10-02,14.38,14.38,14.38,14.38,0
A2ZINFRA,2026-10-05,14.4,14.88,13.67,13.76,295238
AAATECH,2026-09-28,101.75,102.38,97.19,99.53,66484
AAATECH,2026-09-29,99.4,100.7,97.06,99.94,304150
AAATECH,2026-09-30,99.95,103.57,91.56,94.73,72253
AAATECH,2026-10-01,94.83,96.48,91.45,92.74,20399
AAATECH,2026-10-05,96.0,103.8,93.2,95.44,196936
AADHARHFC,2026-09-28,439.15,442.25,435.05,436.95,161832
AADHARHFC,2026-09-29,435.1,443.95,427.3,432.5,376339
AADHARHFC,2026-09-30,432.5,438.0,427.55,436.0,338639
AADHARHFC,2026-10-01,438.0,452.7,432.05,448.4,620361
AADHARHFC,2026-10-05,450.95,455.7,449.05,453.7,255247
AAKASH,2026-09-28,8.9,9.0,8.6,8.8,91766
AAKASH,2026-09-29,8.62,8.99,8.51,8.59,56400
AAKASH,2026-09-30,8.79,8.79,8.3,8.44,71888
AAKASH,2026-10-01,8.74,8.74,8.3,8.34,120731
AAKASH,2026-10-05,8.4,8.8,8.25,8.44,73690
AAREYDRUGS,2026-09-28,101.57,101.57,99.0,99.53,50771
AAREYDRUGS,2026-09-29,99.53,101.69,97.24,99.92,131399
AAREYDRUGS,2026-09-30,100.18,103.69,99.22,102.72,392668
AAREYDRUGS,2026-10-01,104.3,107.85,102.49,103.85,449714
AAREYDRUGS,2026-10-05,104.02,106.51,100.5,104.07,234591
AARNAV,2026-09-28,37.6,37.6,34.25,35.28,14424
AARNAV,2026-09-29,34.25,35.94,34.0,35.16,18763
AARNAV,2026-09-30,34.0,36.49,34.0,36.0,22618
AARNAV,2026-10-01,35.99,36.0,34.66,35.5,13310
AARNAV,2026-10-05,35.5,37.0,34.5,36.49,36944
AARON,2026-09-28,125.0,125.0,120.28,121.62,10414
AARON,2026-09-29,122.0,124.0,119.15,122.01,6277
AARON,2026-09-30,122.01,126.0,122.01,124.68,13823
AARON,2026-10-01,125.0,125.0,120.42,123.11,7589
AARON,2026-10-05,122.5,125.0,120.85,122.25,4568
AARTECH,2026-09-28,50.79,51.49,49.11,51.22,141032
AARTECH,2026-09-29,51.0,51.0,50.01,50.01,27571
AARTECH,2026-09-30,50.01,51.79,50.01,50.14,12880
AARTECH,2026-10-01,50.48,50.48,47.64,47.92,57601
AARTECH,2026-10-05,48.13,48.13,47.1,47.3,30889
AARTIDRUGS,2026-09-28,430.85,442.2,425.15,429.65,442110
AARTIDRUGS,2026-09-29,427.5,444.0,422.05,428.6,570194
AARTIDRUGS,2026-09-30,429.8,439.0,429.6,430.9,145119
AARTIDRUGS,2026-10-01,431.05,431.05,414.3,421.0,171972
AARTIDRUGS,2026-10-05,424.9,425.35,413.6,415.0,123254
AARTIIND,2026-09-28,485.6,487.75,475.5,476.6,270786
AARTIIND,2026-09-29,475.0,482.9,468.0,469.9,392844
AARTIIND,2026-09-30,472.0,489.95,471.4,475.7,723013
AARTIIND,2026-10-01,475.7,480.0,459.75,465.1,486186
AARTIIND,2026-10-05,469.0,475.8,459.55,470.85,561257
AARTIPHARM,2026-09-29,912.0,985.05,906.2,972.8,812673
AARTIPHARM,2026-09-30,983.5,1002.4,943.0,953.75,951362
AARTIPHARM,2026-10-01,953.0,984.85,921.75,968.5,658749
AARTIPHARM,2026-10-02,968.5,968.5,968.5,968.5,0
AARTIPHARM,2026-10-05,981.0,991.8,940.55,946.6,629798
AARTISURF,2026-09-28,513.85,520.0,490.0,499.25,12773
AARTISURF,2026-09-29,492.0,498.9,475.2,489.2,12901
AARTISURF,2026-09-30,487.75,504.05,485.0,493.2,10560
AARTISURF,2026-10-01,499.95,506.85,485.0,498.5,8753
AARTISURF,2026-10-05,499.95,505.0,492.0,493.0,4397
AARVI,2026-09-28,137.59,138.27,133.52,135.74,5827
AARVI,2026-09-29,135.0,138.0,135.0,136.21,8359
AARVI,2026-09-30,135.1,138.0,135.1,136.83,2281
AARVI,2026-10-01,136.83,137.68,130.0,137.12,18690
AARVI,2026-10-05,136.51,138.0,133.52,135.18,8409
AASTHA,2026-09-29,38.71,38.71,36.61,37.53,689221
AASTHA,2026-09-30,36.61,36.9,33.96,34.15,1212077
AASTHA,2026-10-01,33.85,33.85,32.45,32.45,583887
AASTHA,2026-10-02,32.45,32.45,32.45,32.45,0
AASTHA,2026-10-05,31.7,32.53,30.83,30.83,563310
AATMAJ,2026-09-28,19.5,20.45,19.5,20.45,20000
AATMAJ,2026-09-29,20.45,20.45,20.45,20.45,4000
AATMAJ,2026-09-30,20.45,22.75,20.0,20.0,28000
AATMAJ,2026-10-01,20.0,20.0,20.0,20.0,0
AATMAJ,2026-10-02,20.0,20.0,20.0,20.0,0
AAVAS,2026-09-28,1256.0,1313.7,1250.0,1282.4,88608
AAVAS,2026-09-29,1277.1,1282.4,1233.6,1248.4,63420
AAVAS,2026-09-30,1240.0,1250.8,1206.0,1211.9,80671
AAVAS,2026-10-01,1207.0,1211.0,1167.2,1190.9,280168
AAVAS,2026-10-05,1195.5,1234.7,1192.6,1219.5,229804
ABAN,2026-09-29,14.35,14.35,14.03,14.35,44023
ABAN,2026-09-30,14.63,14.63,14.63,14.63,47186
ABAN,2026-10-01,15.36,15.36,15.36,15.36,16344
ABAN,2026-10-02,15.36,15.36,15.36,15.36,0
ABAN,2026-10-05,16.12,16.12,16.12,16.12,18844
ABANSENT,2026-09-28,27.3,27.48,25.95,26.84,12019
ABANSENT,2026-09-29,27.3,27.3,26.13,26.87,4321
ABANSENT,2026-09-30,26.33,26.96,26.3,26.46,4977
ABANSENT,2026-10-01,26.96,27.78,26.2,27.6,8148
ABANSENT,2026-10-05,27.78,28.28,26.6,27.11,3718
ABB,2026-09-28,7038.0,7041.5,6910.5,6972.5,209202
ABB,2026-09-29,6950.0,6953.0,6660.5,6660.5,213768
ABB,2026-09-30,6801.0,6927.5,6771.0,6776.0,229223
ABB,2026-10-01,6780.0,6947.5,6735.0,6900.0,240835
ABB,2026-10-05,6950.0,6981.0,6846.5,6895.0,157332
ABBOTINDIA,2026-09-29,26735.0,27850.0,26650.0,27270.0,20582
ABBOTINDIA,2026-09-30,27270.0,27495.0,27015.0,27125.0,5645
ABBOTINDIA,2026-10-01,27145.0,27330.0,26435.0,26840.0,6879
ABBOTINDIA,2026-10-02,26840.0,26840.0,26840.0,26840.0,0
ABBOTINDIA,2026-10-05,26705.0,26840.0,26030.0,26240.0,5773
ABCAPITAL,2026-09-29,381.0,383.0,376.05,378.0,4503197
ABCAPITAL,2026-09-30,380.15,385.55,379.95,380.6,3567531
ABCAPITAL,2026-10-01,378.6,380.1,370.2,375.05,5001023
ABCAPITAL,2026-10-02,375.05,375.05,375.05,375.05,0
ABCAPITAL,2026-10-05,375.95,381.3,373.85,377.4,1609846
ABCOTS,2026-09-28,202.0,204.9,200.0,200.15,2824
ABCOTS,2026-09-29,203.9,203.9,190.4,198.84,13070
ABCOTS,2026-09-30,204.5,204.5,192.7,196.49,2630
ABCOTS,2026-10-01,200.9,200.9,181.73,189.91,8222
ABCOTS,2026-10-05,198.0,198.0,192.14,195.98,2369
ABDL,2026-09-28,731.95,739.0,720.25,723.45,1807712
ABDL,2026-09-29,719.85,726.9,706.4,716.5,510230
ABDL,2026-09-30,716.5,729.0,711.65,718.9,319559
ABDL,2026-10-01,718.0,718.0,673.95,679.45,1056525
ABDL,2026-10-05,682.0,701.0,680.25,696.75,337555
ABFRL,2026-09-29,47.59,47.72,46.0,46.24,12856547
ABFRL,2026-09-30,46.6,47.29,45.97,46.32,3805401
ABFRL,2026-10-01,46.2,46.5,44.04,44.53,5512411
ABFRL,2026-10-02,44.53,44.53,44.53,44.53,0
ABFRL,2026-10-05,44.6,45.37,44.25,44.34,3728699
ABINFRA,2026-09-28,12.55,12.7,12.0,12.38,261139
ABINFRA,2026-09-29,12.03,12.6,12.01,12.5,396091
ABINFRA,2026-09-30,12.56,12.79,12.25,12.71,316291
ABINFRA,2026-10-01,12.79,12.99,12.35,12.56,235024
ABINFRA,2026-10-05,12.56,12.75,12.25,12.35,68896
ABLBL,2026-09-29,77.13,84.43,75.06,76.98,32556815
ABLBL,2026-09-30,77.39,77.8,76.11,76.52,2517738
ABLBL,2026-10-01,75.6,76.14,73.41,74.44,1647089
ABLBL,2026-10-02,74.44,74.44,74.44,74.44,0
ABLBL,2026-10-05,75.5,75.5,72.2,73.37,1522029
ABMINTLLTD,2026-09-28,45.2,45.2,45.2,45.2,915
ABMINTLLTD,2026-09-29,45.2,45.2,45.2,45.2,25
ABMINTLLTD,2026-09-30,45.2,45.2,45.2,45.2,61
ABMINTLLTD,2026-10-01,45.2,45.2,45.2,45.2,175
ABMINTLLTD,2026-10-05,44.07,45.0,44.07,45.0,278
ABMKNO,2026-09-28,171.3,177.0,171.3,175.13,1650
ABMKNO,2026-09-29,170.0,174.95,165.13,168.59,361
ABMKNO,2026-09-30,169.5,187.8,161.55,170.98,12784
ABMKNO,2026-10-01,172.9,178.9,167.0,168.07,991
ABMKNO,2026-10-05,176.0,176.0,165.2,165.85,461
ABREL,2026-09-28,1230.9,1231.0,1181.2,1191.5,335640
ABREL,2026-09-29,1192.1,1194.7,1155.6,1160.6,170053
ABREL,2026-09-30,1169.9,1183.0,1122.1,1130.7,276535
ABREL,2026-10-01,1136.4,1136.4,1072.4,1100.5,435320
ABREL,2026-10-05,1110.4,1131.1,1079.0,1082.6,310042
ABSLAMC,2026-09-29,984.0,999.9,950.3,955.9,167070
ABSLAMC,2026-09-30,955.9,1033.9,947.9,995.3,214646
ABSLAMC,2026-10-01,981.15,999.0,942.5,991.7,282008
ABSLAMC,2026-10-02,991.7,991.7,991.7,991.7,0
ABSLAMC,2026-10-05,985.0,1043.6,971.1,1028.55,300672
ABSMARINE,2026-09-25,313.0,320.0,301.5,317.0,56500
ABSMARINE,2026-09-28,318.0,329.0,311.05,323.0,87500
ABSMARINE,2026-09-29,321.0,325.9,313.0,318.35,40500
ABSMARINE,2026-09-30,318.35,360.0,318.35,345.95,233500
ABSMARINE,2026-10-01,346.0,354.75,307.0,330.7,130000
ACC,2026-09-28,1236.0,1236.4,1210.8,1213.5,151619
ACC,2026-09-29,1215.5,1224.5,1188.1,1202.6,731645
ACC,2026-09-30,1205.0,1224.0,1200.8,1204.1,63787
ACC,2026-10-01,1201.1,1203.9,1166.1,1182.8,146983
ACC,2026-10-05,1189.0,1199.4,1174.6,1184.4,85691
ACCELYA,2026-09-28,1110.0,1121.9,1088.1,1099.9,12881
ACCELYA,2026-09-29,1099.0,1108.7,1085.0,1095.4,9213
ACCELYA,2026-09-30,1090.0,1111.9,1085.2,1090.3,8286
ACCELYA,2026-10-01,1101.0,1141.9,1089.5,1094.2,41701
ACCELYA,2026-10-05,1110.0,1130.0,1096.4,1105.3,45152
ACCENTMIC,2026-09-25,672.5,677.45,660.0,674.85,80000
ACCENTMIC,2026-09-28,681.95,682.95,665.65,676.85,39500
ACCENTMIC,2026-09-29,683.95,683.95,671.3,674.0,16000
ACCENTMIC,2026-09-30,671.25,680.0,671.25,674.65,13500
ACCENTMIC,2026-10-01,670.05,675.0,627.0,669.9,118000
ACCURACY,2026-09-28,4.32,4.35,4.12,4.3,62583
ACCURACY,2026-09-29,4.3,4.32,4.12,4.25,36760
ACCURACY,2026-09-30,4.25,4.3,4.2,4.26,29571
ACCURACY,2026-10-01,4.3,4.3,4.1,4.13,26378
ACCURACY,2026-10-05,4.19,4.23,4.06,4.15,106900
ACE,2026-09-28,1226.4,1226.4,1197.5,1212.9,230428
ACE,2026-09-29,1205.0,1229.7,1199.0,1205.8,232653
ACE,2026-09-30,1205.9,1245.6,1205.0,1232.0,343169
ACE,2026-10-01,1232.0,1258.9,1180.1,1212.3,465866
ACE,2026-10-05,1210.0,1243.4,1203.0,1227.5,287372
ACEINTEG,2026-09-28,17.93,17.93,16.6,17.02,2277
ACEINTEG,2026-09-29,16.7,16.95,16.1,16.4,3269
ACEINTEG,2026-09-30,16.71,17.0,16.4,16.77,1622
ACEINTEG,2026-10-01,16.7,17.3,16.13,17.14,1162
ACEINTEG,2026-10-05,17.14,17.14,16.2,16.53,1669
ACEVECTOR,2026-10-05,28.32,28.75,23.37,26.08,114297844
ACGL,2026-09-28,1780.0,1780.0,1683.0,1695.9,686
ACGL,2026-09-29,1684.0,1696.9,1619.9,1633.5,2291
ACGL,2026-09-30,1630.0,1674.9,1630.0,1638.0,339
ACGL,2026-10-01,1636.0,1649.8,1605.0,1622.7,696
ACGL,2026-10-05,1674.4,1689.6,1636.6,1683.0,1051
ACI,2026-09-29,484.45,497.2,480.0,490.6,529773
ACI,2026-09-30,487.0,496.45,481.5,485.85,231287
ACI,2026-10-01,488.0,488.4,465.0,475.05,156132
ACI,2026-10-02,475.05,475.05,475.05,475.05,0
ACI,2026-10-05,479.0,481.2,460.5,463.2,659603
ACL,2026-09-28,42.94,42.94,39.51,39.94,67332
ACL,2026-09-29,40.78,40.78,38.4,39.56,25165
ACL,2026-09-30,39.96,40.39,38.71,39.33,9813
ACL,2026-10-01,38.65,40.98,38.65,39.33,10720
ACL,2026-10-05,39.85,39.99,39.01,39.8,11610
ACMESOLAR,2026-09-29,438.95,440.8,427.9,437.95,1067318
ACMESOLAR,2026-09-30,441.3,444.6,436.0,439.0,1108840
ACMESOLAR,2026-10-01,442.0,447.2,427.95,432.55,1085604
ACMESOLAR,2026-10-02,432.55,432.55,432.55,432.55,0
ACMESOLAR,2026-10-05,434.75,440.0,423.5,427.65,809545
ACSTECH,2026-09-28,82.7,82.7,82.7,82.7,69463
ACSTECH,2026-09-29,81.05,81.05,81.05,81.05,30733
ACSTECH,2026-09-30,79.43,79.43,79.43,79.43,10015
ACSTECH,2026-10-01,77.85,77.85,77.85,77.85,12998
ACSTECH,2026-10-05,77.6,77.6,76.3,76.3,266469
ACUTAAS,2026-09-29,3290.0,3340.0,3202.1001,3304.1001,999485
ACUTAAS,2026-09-30,3334.1001,3344.0,3255.0,3279.3999,349433
ACUTAAS,2026-10-01,3249.0,3282.7,3152.3,3196.5,381484
ACUTAAS,2026-10-02,3196.5,3196.5,3196.5,3196.5,0
ACUTAAS,2026-10-05,3204.1001,3228.1001,3100.2,3122.2,274682
ADANIENSOL,2026-09-29,1287.8,1328.0,1275.2,1305.8,2592098
ADANIENSOL,2026-09-30,1319.0,1340.8,1308.9,1314.6,1154073
ADANIENSOL,2026-10-01,1318.1,1389.6,1309.1,1326.4,7267118
ADANIENSOL,2026-10-02,1326.4,1326.4,1326.4,1326.4,0
ADANIENSOL,2026-10-05,1336.1,1377.8,1336.1,1353.4,2095376
ADANIENT,2026-09-29,2834.6001,2972.8999,2793.7,2972.8999,4062231
ADANIENT,2026-09-30,2910.0,2957.6001,2880.0,2903.3999,1663023
ADANIENT,2026-10-01,2900.0,2903.7,2772.0,2816.8,2100334
ADANIENT,2026-10-02,2816.8,2816.8,2816.8,2816.8,0
ADANIENT,2026-10-05,2843.8999,2890.8999,2823.0,2864.0,1782260
ADANIGREEN,2026-09-29,1235.0,1260.0,1223.6,1260.0,1615165
ADANIGREEN,2026-09-30,1250.4,1284.8,1250.4,1278.0,1452231
ADANIGREEN,2026-10-01,1274.1,1298.0,1260.3,1276.1,6355094
ADANIGREEN,2026-10-02,1276.1,1276.1,1276.1,1276.1,0
ADANIGREEN,2026-10-05,1287.4,1303.5,1266.6,1284.0,1014292
ADANIPORTS,2026-09-29,1755.2,1822.0,1738.4,1822.0,4214197
ADANIPORTS,2026-09-30,1793.5,1803.2,1775.4,1798.3,3199507
ADANIPORTS,2026-10-01,1786.0,1786.0,1716.0,1737.8,2157928
ADANIPORTS,2026-10-02,1737.8,1737.8,1737.8,1737.8,0
ADANIPORTS,2026-10-05,1769.9,1779.0,1737.8,1774.0,2792824
ADANIPOWER,2026-09-29,196.3,199.84,192.45,196.3,33801685
ADANIPOWER,2026-09-30,198.69,204.49,198.65,204.0,21070859
ADANIPOWER,2026-10-01,202.9,203.36,193.1,196.21,33548439
ADANIPOWER,2026-10-02,196.21,196.21,196.21,196.21,0
ADANIPOWER,2026-10-05,197.17,201.68,197.1,201.0,19752263
ADDIND,2026-09-28,80.0,80.0,72.0,77.5,537
ADDIND,2026-09-29,80.0,82.0,76.99,78.4,2807
ADDIND,2026-09-30,78.4,82.2,78.4,78.74,378
ADDIND,2026-10-01,76.9,82.0,75.0,76.4,132
ADDIND,2026-10-05,76.4,81.95,70.0,79.49,901
ADFFOODS,2026-09-28,270.0,270.0,265.3,266.6,33736
ADFFOODS,2026-09-29,265.0,270.25,261.5,268.3,67714
ADFFOODS,2026-09-30,268.3,274.95,263.1,273.1,59409
ADFFOODS,2026-10-01,269.25,285.2,265.6,281.4,266181
ADFFOODS,2026-10-05,281.35,285.0,276.7,282.15,145718
ADL,2026-09-28,69.81,76.4,66.0,72.17,689
ADL,2026-09-29,77.0,77.0,68.4,70.0,52
ADL,2026-09-30,78.0,80.0,67.33,77.6,6985
ADL,2026-10-01,78.1,80.0,72.35,72.52,1361
ADL,2026-10-05,77.0,80.0,72.5,75.9,2780
ADOR,2026-09-28,1630.0,1656.9,1580.0,1611.7,34159
ADOR,2026-09-29,1620.3,1631.0,1592.2,1612.0,30103
ADOR,2026-09-30,1625.1,1625.1,1585.2,1591.8,15859
ADOR,2026-10-01,1591.8,1634.0,1540.0,1570.4,29732
ADOR,2026-10-05,1570.4,1588.3,1500.0,1512.0,59017
ADROITIND,2026-09-30,235.0,248.39,235.0,248.39,3804148
ADROITIND,2026-10-01,248.39,258.8,235.98,235.98,2262604
ADROITIND,2026-10-05,224.19,224.19,224.19,224.19,55901
ADROITINFO,2026-09-28,13.48,13.82,13.21,13.51,230079
ADROITINFO,2026-09-29,13.98,14.97,13.25,14.23,767644
ADROITINFO,2026-09-30,14.69,15.84,14.26,14.67,1779133
ADROITINFO,2026-10-01,14.9,14.9,13.94,13.94,54612
ADROITINFO,2026-10-05,13.25,13.25,13.25,13.25,95710
ADSL,2026-09-28,124.0,126.2,113.5,116.66,5747156
ADSL,2026-09-29,114.0,114.3,108.27,109.99,594717
ADSL,2026-09-30,110.8,113.37,108.0,108.53,187491
ADSL,2026-10-01,107.0,107.77,103.0,106.38,188974
ADSL,2026-10-05,108.89,109.48,103.11,105.51,165539
ADVAIT,2026-09-28,1906.0,1927.9,1851.5,1867.4,48498
ADVAIT,2026-09-29,1862.0,1911.0,1838.0,1903.6,40598
ADVAIT,2026-09-30,1915.2,1935.2,1863.4,1901.8,33345
ADVAIT,2026-10-01,1900.0,1900.0,1830.4,1863.0,28363
ADVAIT,2026-10-05,1869.1,1903.9,1821.6,1832.1,31523
ADVANCE,2026-09-28,123.2,125.66,120.6,121.5,359371
ADVANCE,2026-09-29,123.77,123.78,119.51,120.19,115011
ADVANCE,2026-09-30,120.19,125.45,120.0,121.19,261919
ADVANCE,2026-10-01,121.19,121.58,115.56,116.75,704242
ADVANCE,2026-10-05,118.5,118.5,114.39,115.85,69861
ADVANIHOTR,2026-09-28,47.52,48.47,47.52,48.13,11732
ADVANIHOTR,2026-09-29,48.79,48.79,47.01,47.4,24199
ADVANIHOTR,2026-09-30,47.78,48.98,47.2,48.01,10655
ADVANIHOTR,2026-10-01,48.01,48.44,46.88,46.98,33487
ADVANIHOTR,2026-10-05,47.0,47.73,47.0,47.26,14687
ADVENTHTL,2026-09-28,127.0,127.31,122.88,124.62,85910
ADVENTHTL,2026-09-29,124.5,127.39,121.0,124.7,135289
ADVENTHTL,2026-09-30,125.74,130.5,123.9,126.32,194445
ADVENTHTL,2026-10-01,126.0,127.32,121.0,123.77,203366
ADVENTHTL,2026-10-05,125.2,126.72,121.25,123.12,118617
ADVENZYMES,2026-09-29,285.05,286.95,279.75,282.15,204966
ADVENZYMES,2026-09-30,282.1,287.5,280.25,281.6,122182
ADVENZYMES,2026-10-01,278.3,281.0,270.0,274.25,228704
ADVENZYMES,2026-10-02,274.25,274.25,274.25,274.25,0
ADVENZYMES,2026-10-05,274.45,276.25,270.45,272.4,145809
ADVIKCA,2026-09-28,0.97,0.98,0.96,0.97,152190
ADVIKCA,2026-09-29,0.96,0.99,0.96,0.97,226781
ADVIKCA,2026-09-30,0.96,1.07,0.86,1.0,1451821
ADVIKCA,2026-10-01,1.0,1.04,0.96,1.0,192362
ADVIKCA,2026-10-05,1.0,1.04,0.98,0.99,157535
AEGISLOG,2026-09-29,1308.1,1342.5,1279.8,1299.8,563303
AEGISLOG,2026-09-30,1312.5,1400.0,1312.5,1380.1,1090547
AEGISLOG,2026-10-01,1371.1,1415.7,1332.9,1401.1,1061975
AEGISLOG,2026-10-02,1401.1,1401.1,1401.1,1401.1,0
AEGISLOG,2026-10-05,1400.2,1410.0,1355.0,1359.5,873548
AEGISVOPAK,2026-09-29,298.0,298.0,288.1,294.25,869693
AEGISVOPAK,2026-09-30,296.0,299.5,294.05,296.8,532792
AEGISVOPAK,2026-10-01,294.0,304.3,285.1,290.75,1739742
AEGISVOPAK,2026-10-02,290.75,290.75,290.75,290.75,0
AEGISVOPAK,2026-10-05,298.0,299.35,286.45,297.55,781630
AEPL,2026-09-28,15.9,16.48,15.11,15.14,21433
AEPL,2026-09-29,15.3,15.49,14.4,14.72,13148
AEPL,2026-09-30,14.26,15.58,14.26,15.18,17337
AEPL,2026-10-01,15.57,15.57,14.32,15.34,33854
AEPL,2026-10-05,15.95,15.95,14.87,15.01,9208
AEQUS,2026-09-28,259.0,274.0,246.96,260.1,33667541
AEQUS,2026-09-29,260.0,273.0,249.03,271.63,11417115
AEQUS,2026-09-30,274.64,285.95,273.21,279.48,11216835
AEQUS,2026-10-01,281.0,284.75,269.95,275.05,5756074
AEQUS,2026-10-05,279.25,287.7,274.1,284.5,3703817
AEROENTER,2026-09-28,125.64,125.64,120.79,121.66,258602
AEROENTER,2026-09-29,121.7,126.0,118.81,124.7,382082
AEROENTER,2026-09-30,125.5,126.99,122.71,124.0,231674
AEROENTER,2026-10-01,122.95,124.0,118.48,121.93,310374
AEROENTER,2026-10-05,122.54,130.0,122.54,126.69,761490
AEROFLEX,2026-09-29,511.3,543.65,508.1,539.6,1421036
AEROFLEX,2026-09-30,539.6,553.5,527.55,536.6,981031
AEROFLEX,2026-10-01,540.0,540.0,511.25,521.35,1183839
AEROFLEX,2026-10-02,521.35,521.35,521.35,521.35,0
AEROFLEX,2026-10-05,524.0,551.4,524.0,544.35,2372211
AERONEU,2026-09-28,80.01,80.01,73.0,75.18,30253
AERONEU,2026-09-29,75.0,75.0,72.21,72.98,31159
AERONEU,2026-09-30,74.46,74.46,69.75,70.84,47313
AERONEU,2026-10-01,70.85,74.32,67.27,70.56,67368
AERONEU,2026-10-05,70.03,70.99,69.11,69.7,29604
AEROPLANE,2026-09-28,209.54,212.07,200.0,201.09,462373
AEROPLANE,2026-09-29,200.05,204.78,195.32,202.08,702329
AEROPLANE,2026-09-30,205.0,210.0,200.0,206.57,776058
AEROPLANE,2026-10-01,207.0,212.0,204.01,208.14,590536
AEROPLANE,2026-10-05,207.9,216.9,207.46,211.24,2095163
AETHER,2026-09-28,1768.0,1785.2,1705.0,1739.2,318334
AETHER,2026-09-29,1746.9,1773.7,1707.0,1749.9,521059
AETHER,2026-09-30,1758.2,1758.2,1685.6,1699.3,292457
AETHER,2026-10-01,1680.0,1700.7,1633.1,1670.0,373389
AETHER,2026-10-05,1670.0,1685.0,1639.1,1661.0,196025
AFCONS,2026-09-29,253.0,253.05,244.9,245.1,562757
AFCONS,2026-09-30,246.5,250.05,246.5,247.8,370681
AFCONS,2026-10-01,247.98,248.01,240.25,242.39,428586
AFCONS,2026-10-02,242.39,242.39,242.39,242.39,0
AFCONS,2026-10-05,244.04,246.79,239.0,241.5,481694
AFFLE,2026-09-29,1542.2,1548.4,1494.5,1501.0,193607
AFFLE,2026-09-30,1511.0,1547.0,1502.1,1511.0,216326
AFFLE,2026-10-01,1511.9,1511.9,1440.1,1449.6,179131
AFFLE,2026-10-02,1449.6,1449.6,1449.6,1449.6,0
AFFLE,2026-10-05,1460.4,1475.4,1439.4,1443.8,155743
AFFORDABLE,2026-09-28,179.2,179.2,170.5,170.74,16239
AFFORDABLE,2026-09-29,165.12,175.4,165.12,173.52,15470
AFFORDABLE,2026-09-30,176.2,176.85,168.0,171.1,23394
AFFORDABLE,2026-10-01,172.0,175.4,165.0,168.11,15039
AFFORDABLE,2026-10-05,163.5,172.4,160.0,163.65,18783
AFIL,2026-09-28,8.0,8.32,7.75,7.89,419547
AFIL,2026-09-29,7.91,8.1,7.49,7.85,1137489
AFIL,2026-09-30,7.98,8.05,7.86,7.93,529863
AFIL,2026-10-01,7.72,8.07,7.71,7.86,199018
AFIL,2026-10-05,7.8,7.95,7.75,7.77,669504
AFSL,2026-09-28,201.3,202.7,201.0,201.0,5494
AFSL,2026-09-29,201.0,202.5,201.0,201.04,4509
AFSL,2026-09-30,201.04,201.78,201.0,201.0,9448
AFSL,2026-10-01,201.1,202.4,201.0,201.0,32860
AFSL,2026-10-05,201.0,201.95,201.0,201.0,6118
AGARIND,2026-09-28,399.9,400.0,389.55,397.15,25149
AGARIND,2026-09-29,398.35,400.0,389.1,391.2,24191
AGARIND,2026-09-30,394.0,398.9,390.0,391.95,12498
AGARIND,2026-10-01,395.0,398.9,377.6,386.0,28169
AGARIND,2026-10-05,384.35,391.6,379.0,382.95,24338
AGARWALEYE,2026-09-28,499.7,506.5,488.65,503.6,341212
AGARWALEYE,2026-09-29,501.95,501.95,488.25,495.25,606157
AGARWALEYE,2026-09-30,499.7,499.75,472.5,479.3,215481
AGARWALEYE,2026-10-01,472.7,492.05,471.15,486.45,413281
AGARWALEYE,2026-10-05,490.2,492.0,475.3,484.25,292491
AGARWALFT,2026-09-25,25.95,25.95,25.95,25.95,1500
AGARWALFT,2026-09-28,27.0,27.1,27.0,27.05,4500
AGARWALFT,2026-09-29,27.05,27.05,27.05,27.05,0
AGARWALFT,2026-09-30,26.1,28.3,26.0,28.3,6000
AGARWALFT,2026-10-01,27.0,27.0,26.9,26.9,9000
AGASTYAEN,2026-09-28,70.98,70.98,70.98,70.98,84532
AGASTYAEN,2026-09-29,69.57,69.57,69.57,69.57,30063
AGASTYAEN,2026-09-30,70.96,70.96,70.96,70.96,139171
AGASTYAEN,2026-10-01,69.55,72.37,69.55,69.55,115250
AGASTYAEN,2026-10-05,69.49,69.49,68.16,68.16,68044
AGI,2026-09-28,798.0,836.6,792.35,804.8,141280
AGI,2026-09-29,804.8,808.4,781.1,792.9,100537
AGI,2026-09-30,791.9,816.0,790.05,804.4,112338
AGI,2026-10-01,795.5,802.35,776.45,790.8,124574
AGI,2026-10-05,800.9,803.65,776.55,781.7,62423
AGIIL,2026-09-28,267.0,276.0,257.0,271.6,3175307
AGIIL,2026-09-29,277.55,279.9,263.35,264.85,706302
AGIIL,2026-09-30,265.0,268.95,262.55,264.7,319369
AGIIL,2026-10-01,263.3,265.3,257.1,260.0,169356
AGIIL,2026-10-05,263.8,263.8,258.0,261.25,212796
AGL,2026-09-29,13.19,13.35,12.8,13.19,1032031
AGL,2026-09-30,13.03,13.4,13.01,13.13,885567
AGL,2026-10-01,13.1,13.11,12.25,12.59,1857173
AGL,2026-10-02,12.59,12.59,12.59,12.59,0
AGL,2026-10-05,12.59,12.85,12.41,12.5,1299528
AGNI,2026-09-25,16.25,16.35,15.35,16.0,27500
AGNI,2026-09-28,15.25,15.25,15.2,15.2,17500
AGNI,2026-09-29,15.0,15.75,15.0,15.65,10000
AGNI,2026-09-30,15.45,15.5,15.0,15.05,22500
AGNI,2026-10-01,14.3,14.55,14.3,14.55,82500
AGRITECH,2026-09-28,98.9,98.9,93.0,93.99,3768
AGRITECH,2026-09-29,95.0,95.4,92.5,93.19,2513
AGRITECH,2026-09-30,97.2,97.2,90.5,91.17,6729
AGRITECH,2026-10-01,92.0,94.6,89.0,89.96,4536
AGRITECH,2026-10-05,93.9,93.9,86.1,88.47,3243
AGROPHOS,2026-09-28,24.29,24.29,23.2,23.95,6408
AGROPHOS,2026-09-29,23.51,24.04,23.47,23.96,4890
AGROPHOS,2026-09-30,23.81,24.11,23.1,23.48,22366
AGROPHOS,2026-10-01,23.12,24.08,22.5,23.0,12887
AGROPHOS,2026-10-05,23.99,23.99,22.0,22.31,26169
AGSTRA,2026-09-28,2.52,2.52,2.52,2.52,112786
AGSTRA,2026-09-29,2.64,2.64,2.64,2.64,134862
AGSTRA,2026-09-30,2.69,2.69,2.59,2.59,448982
AGSTRA,2026-10-01,2.54,2.54,2.54,2.54,27003
AGSTRA,2026-10-05,2.49,2.49,2.49,2.49,26784
AGUL,2026-09-21,45.75,45.75,45.75,45.75,0
AGUL,2026-09-29,45.75,45.75,45.75,45.75,0
AGUL,2026-09-30,45.75,45.75,45.75,45.75,0
AGUL,2026-10-01,45.75,45.75,45.75,45.75,0
AGUL,2026-10-02,45.75,45.75,45.75,45.75,0
AHCL,2026-09-28,32.25,34.66,32.24,34.66,23572265
AHCL,2026-09-29,36.39,36.39,35.5,36.39,9537815
AHCL,2026-09-30,37.17,37.24,34.58,34.58,18707312
AHCL,2026-10-01,32.86,32.86,32.86,32.86,1444357
AHCL,2026-10-05,31.22,31.22,31.22,31.22,996034
AHLADA,2026-09-28,37.65,39.82,37.55,38.57,2238
AHLADA,2026-09-29,38.57,38.57,37.06,37.15,7808
AHLADA,2026-09-30,37.9,38.74,37.05,37.09,2221
AHLADA,2026-10-01,35.63,37.62,35.63,37.06,2131
AHLADA,2026-10-05,37.06,39.0,37.05,37.91,12512
AHLEAST,2026-09-28,135.8,139.7,135.2,136.14,104
AHLEAST,2026-09-29,134.4,137.39,134.25,134.54,251
AHLEAST,2026-09-30,135.0,135.53,134.25,134.44,200
AHLEAST,2026-10-01,134.0,136.0,134.0,136.0,133
AHLEAST,2026-10-05,134.05,136.9,134.0,135.31,1013
AHLUCONT,2026-09-28,585.0,588.75,567.0,572.4,27918
AHLUCONT,2026-09-29,568.05,572.1,544.1,551.55,238960
AHLUCONT,2026-09-30,552.05,563.7,542.8,550.05,77719
AHLUCONT,2026-10-01,550.0,559.0,540.55,555.9,78249
AHLUCONT,2026-10-05,560.0,579.0,550.7,569.8,135930
AHLWEST,2026-09-28,520.3,520.3,506.1,520.05,155
AHLWEST,2026-09-29,510.0,544.8,510.0,529.0,918
AHLWEST,2026-09-30,533.1,553.9,533.1,535.05,438
AHLWEST,2026-10-01,530.0,545.0,530.0,535.05,201
AHLWEST,2026-10-05,510.05,545.0,510.05,545.0,730
AIAENG,2026-09-28,3939.3,3939.3,3823.3,3841.3999,31144
AIAENG,2026-09-29,3850.0,3859.5,3805.0,3835.7,36731
AIAENG,2026-09-30,3850.0,3910.8999,3804.2,3869.0,51956
AIAENG,2026-10-01,3865.5,3865.5,3756.8999,3824.3999,30989
AIAENG,2026-10-05,3827.0,3894.8999,3802.5,3863.2,27893
AIIL,2026-09-29,548.25,556.0,536.9,541.8,167804
AIIL,2026-09-30,542.85,559.0,541.0,546.6,158568
AIIL,2026-10-01,540.0,554.3,527.2,539.3,224276
AIIL,2026-10-02,539.3,539.3,539.3,539.3,0
AIIL,2026-10-05,540.6,553.9,539.0,551.6,146383
AILIMITED,2026-09-25,15.6,15.6,15.6,15.6,0
AILIMITED,2026-09-28,14.85,14.85,14.85,14.85,3000
AILIMITED,2026-09-29,14.85,14.85,14.85,14.85,0
AILIMITED,2026-09-30,14.85,14.85,14.85,14.85,0
AILIMITED,2026-10-01,14.85,14.85,14.85,14.85,3000
AIMTRON,2026-09-25,1789.9,1900.0,1784.0,1890.25,108400
AIMTRON,2026-09-28,1890.25,1890.25,1795.5,1801.6,90200
AIMTRON,2026-09-29,1802.0,1888.0,1775.0,1873.4,48600
AIMTRON,2026-09-30,1900.0,2010.0,1900.0,1950.25,89000
AIMTRON,2026-10-01,1960.0,1960.0,1825.0,1898.85,78600
AIRAN,2026-09-28,17.19,17.19,16.53,16.69,93046
AIRAN,2026-09-29,16.88,16.88,16.0,16.4,52427
AIRAN,2026-09-30,16.4,16.85,16.06,16.18,22565
AIRAN,2026-10-01,16.05,16.34,15.45,15.6,69908
AIRAN,2026-10-05,15.3,15.88,15.28,15.43,44277
AIROLAM,2026-09-28,95.0,97.0,87.56,88.79,1389
AIROLAM,2026-09-29,90.25,91.0,88.79,89.06,165
AIROLAM,2026-09-30,89.0,96.0,89.0,92.85,5335
AIROLAM,2026-10-01,93.0,93.9,87.35,89.58,27357
AIROLAM,2026-10-05,93.9,93.9,87.21,89.54,2158
AISL,2026-09-25,56.7,56.7,55.0,55.1,24000
AISL,2026-09-28,57.85,57.85,57.55,57.85,22200
AISL,2026-09-29,60.4,60.7,60.0,60.7,4800
AISL,2026-09-30,63.7,63.7,63.7,63.7,25200
AISL,2026-10-01,66.8,66.85,66.5,66.85,22200
AJANTPHARM,2026-09-28,3546.0,3560.0,3506.0,3525.2,97333
AJANTPHARM,2026-09-29,3524.8999,3589.0,3500.0,3557.5,85009
AJANTPHARM,2026-09-30,3570.0,3758.8999,3567.1001,3620.8,344068
AJANTPHARM,2026-10-01,3588.0,3602.3999,3489.6001,3581.0,75759
AJANTPHARM,2026-10-05,3581.3999,3588.6001,3459.0,3486.0,104722
AJAXENGG,2026-09-28,614.0,618.05,585.2,589.9,174202
AJAXENGG,2026-09-29,600.0,602.5,578.95,591.65,88197
AJAXENGG,2026-09-30,591.65,597.0,586.0,587.0,41369
AJAXENGG,2026-10-01,587.0,600.45,576.7,586.4,76581
AJAXENGG,2026-10-05,582.05,600.5,582.05,594.25,104544
AJMERA,2026-09-28,119.8,120.9,118.0,119.62,289904
AJMERA,2026-09-29,118.74,121.0,114.61,120.16,237553
AJMERA,2026-09-30,120.15,121.09,117.45,118.74,165082
AJMERA,2026-10-01,116.61,120.25,115.35,119.6,255968
AJMERA,2026-10-05,119.6,120.69,113.63,116.7,559485
AJOONI,2026-09-28,3.21,3.22,3.13,3.14,133408
AJOONI,2026-09-29,3.16,3.16,3.11,3.14,112283
AJOONI,2026-09-30,3.16,3.16,3.1,3.13,140753
AJOONI,2026-10-01,3.16,3.27,3.07,3.1,421187
AJOONI,2026-10-05,3.1,3.12,3.0,3.02,277384
AKASH,2026-09-28,25.04,25.79,25.0,25.02,1163
AKASH,2026-09-29,24.55,25.5,24.5,25.32,5273
AKASH,2026-09-30,25.83,25.83,24.6,24.94,4302
AKASH,2026-10-01,25.18,25.29,24.28,24.95,1157
AKASH,2026-10-05,25.69,25.69,24.5,24.64,1766
AKCAPIT,2026-09-28,1744.5,1763.8,1744.5,1758.0,1355
AKCAPIT,2026-09-29,1746.5,1772.0,1706.0,1728.1,728
AKCAPIT,2026-09-30,1745.3,1751.9,1704.1,1706.3,305
AKCAPIT,2026-10-01,1757.9,1757.9,1675.6,1714.1,660
AKCAPIT,2026-10-05,1700.0,1748.6,1700.0,1746.7,598
AKG,2026-09-28,9.59,9.95,9.59,9.76,7832
AKG,2026-09-29,9.8,9.84,9.65,9.8,3597
AKG,2026-09-30,9.89,9.89,9.6,9.74,13934
AKG,2026-10-01,9.74,9.9,9.65,9.71,8772
AKG,2026-10-05,9.71,9.71,9.32,9.35,66518
AKI,2026-09-28,6.55,6.55,6.3,6.3,88551
AKI,2026-09-29,6.29,6.29,6.01,6.15,78460
AKI,2026-09-30,6.21,6.4,6.0,6.14,45609
AKI,2026-10-01,6.29,6.3,6.0,6.16,188708
AKI,2026-10-05,6.37,6.37,5.91,6.01,69890
AKIKO,2026-09-25,419.85,423.0,400.0,421.0,12000
AKIKO,2026-09-28,423.0,428.0,423.0,428.0,1600
AKIKO,2026-09-29,428.0,433.95,414.0,433.95,14400
AKIKO,2026-09-30,423.05,428.75,420.05,427.45,13600
AKIKO,2026-10-01,420.0,424.0,415.05,415.5,8000
AKSHAR,2026-09-28,0.41,0.42,0.41,0.41,865760
AKSHAR,2026-09-29,0.42,0.42,0.39,0.41,2658117
AKSHAR,2026-09-30,0.41,0.43,0.41,0.42,1069940
AKSHAR,2026-10-01,0.43,0.43,0.41,0.41,701186
AKSHAR,2026-10-05,0.42,0.43,0.41,0.42,1170902
AKSHARCHEM,2026-09-28,398.3,398.3,378.0,383.35,5038
AKSHARCHEM,2026-09-29,387.9,387.9,375.0,376.55,1990
AKSHARCHEM,2026-09-30,376.55,394.85,372.15,388.1,7060
AKSHARCHEM,2026-10-01,390.95,390.95,371.1,379.1,5119
AKSHARCHEM,2026-10-05,379.0,380.0,360.5,365.3,6461
AKSHOPTFBR,2026-09-28,6.84,7.24,6.83,7.07,177979
AKSHOPTFBR,2026-09-29,6.9,7.3,6.9,7.11,207512
AKSHOPTFBR,2026-09-30,7.11,7.23,6.9,6.97,201391
AKSHOPTFBR,2026-10-01,7.19,7.2,6.85,7.07,324128
AKSHOPTFBR,2026-10-05,7.07,7.14,6.99,7.02,191950
AKUMS,2026-09-29,800.0,828.0,800.0,819.55,179399
AKUMS,2026-09-30,828.2,828.2,811.1,818.5,196569
AKUMS,2026-10-01,815.0,828.2,802.2,813.1,191282
AKUMS,2026-10-02,813.1,813.1,813.1,813.1,0
AKUMS,2026-10-05,819.0,825.0,796.35,801.35,117017
ALANKIT,2026-09-28,7.97,7.97,7.62,7.72,69117
ALANKIT,2026-09-29,7.72,7.79,7.5,7.56,101890
ALANKIT,2026-09-30,7.68,7.94,7.56,7.83,128910
ALANKIT,2026-10-01,7.74,7.85,7.5,7.65,111640
ALANKIT,2026-10-05,7.67,7.85,7.5,7.61,96028
ALBERTDAVD,2026-09-28,879.9,879.9,840.5,846.95,2950
ALBERTDAVD,2026-09-29,864.3,898.0,842.05,876.35,13163
ALBERTDAVD,2026-09-30,894.4,894.4,870.05,872.25,6427
ALBERTDAVD,2026-10-01,871.2,885.0,851.0,856.7,11319
ALBERTDAVD,2026-10-05,856.0,868.4,831.6,836.45,2685
ALEMBICLTD,2026-09-28,106.53,108.46,105.15,106.91,828763
ALEMBICLTD,2026-09-29,106.95,112.0,105.34,108.44,1919395
ALEMBICLTD,2026-09-30,109.1,110.59,106.11,107.23,819580
ALEMBICLTD,2026-10-01,107.23,108.0,101.85,104.11,868233
ALEMBICLTD,2026-10-05,105.9,106.0,103.38,104.44,539200
ALFREDHE,2026-09-29,2710.0,2823.0,2710.0,2823.0,9
ALFREDHE,2026-09-30,2823.0,2823.0,2823.0,2823.0,0
ALFREDHE,2026-10-01,2823.0,2823.0,2823.0,2823.0,0
ALFREDHE,2026-10-02,2823.0,2823.0,2823.0,2823.0,0
ALFREDHE,2026-10-05,2820.0,2820.0,2748.0,2748.0,22
ALGOQUANT,2026-09-28,72.2,72.28,68.61,69.55,1207760
ALGOQUANT,2026-09-29,69.4,69.4,64.79,65.64,2269037
ALGOQUANT,2026-09-30,65.15,69.1,65.15,66.03,1174607
ALGOQUANT,2026-10-01,65.6,68.36,65.35,67.51,1379737
ALGOQUANT,2026-10-05,67.07,69.77,67.05,68.25,1132144
ALICON,2026-09-28,730.0,730.0,712.0,716.85,33306
ALICON,2026-09-29,714.0,740.0,702.05,724.85,64416
ALICON,2026-09-30,730.15,869.8,726.05,869.8,953310
ALICON,2026-10-01,869.75,891.4,846.9,871.95,864818
ALICON,2026-10-05,889.8,889.9,832.05,848.95,99365
ALIVUS,2026-09-29,1337.0,1370.0,1328.6,1356.8,245623
ALIVUS,2026-09-30,1350.0,1390.0,1350.0,1379.3,186612
ALIVUS,2026-10-01,1375.0,1380.5,1317.2,1374.2,112499
ALIVUS,2026-10-02,1374.2,1374.2,1374.2,1374.2,0
ALIVUS,2026-10-05,1376.0,1398.0,1349.2,1373.7,97234
ALKALI,2026-09-28,93.7,96.2,89.24,94.55,15761
ALKALI,2026-09-29,95.02,96.0,89.85,92.79,8117
ALKALI,2026-09-30,92.75,95.0,90.16,91.43,8088
ALKALI,2026-10-01,90.0,90.4,86.86,87.1,8664
ALKALI,2026-10-05,85.0,89.0,85.0,87.29,7911
ALKEM,2026-09-28,5254.0,5273.5,5131.0,5175.0,101714
ALKEM,2026-09-29,5166.5,5306.5,5152.0,5250.0,244410
ALKEM,2026-09-30,5249.5,5276.5,5135.0,5163.5,146577
ALKEM,2026-10-01,5150.0,5220.0,5110.0,5220.0,291015
ALKEM,2026-10-05,5210.0,5235.0,5136.0,5192.5,102612
ALKYLAMINE,2026-09-29,1799.8,1826.0,1771.2,1781.3,29151
ALKYLAMINE,2026-09-30,1781.3,1818.8,1751.3,1761.7,31646
ALKYLAMINE,2026-10-01,1764.9,1767.7,1706.6,1741.4,37732
ALKYLAMINE,2026-10-02,1741.4,1741.4,1741.4,1741.4,0
ALKYLAMINE,2026-10-05,1741.4,1770.0,1715.0,1730.4,35207
ALLCARGO,2026-09-28,10.67,10.99,10.51,10.82,8087046
ALLCARGO,2026-09-29,10.77,10.77,10.5,10.53,5539499
ALLCARGO,2026-09-30,10.78,10.78,10.05,10.13,7854276
ALLCARGO,2026-10-01,10.05,10.21,9.88,10.12,4561834
ALLCARGO,2026-10-05,10.12,10.32,10.0,10.03,3368361
ALLDIGI,2026-09-28,780.8,782.0,770.0,775.9,5655
ALLDIGI,2026-09-29,778.95,785.55,771.0,775.8,5852
ALLDIGI,2026-09-30,779.65,786.0,762.5,767.25,8379
ALLDIGI,2026-10-01,767.25,771.0,747.0,756.35,6690
ALLDIGI,2026-10-05,756.35,766.45,741.3,750.9,2786
ALLETEC,2026-09-25,129.0,133.75,126.0,129.15,24800
ALLETEC,2026-09-28,127.3,128.9,120.45,121.05,58400
ALLETEC,2026-09-29,121.1,124.95,120.2,120.85,22000
ALLETEC,2026-09-30,124.5,124.5,120.25,122.25,25200
ALLETEC,2026-10-01,121.0,124.6,121.0,122.7,14000
ALLTIME,2026-09-28,204.75,205.0,192.11,197.91,443590
ALLTIME,2026-09-29,199.5,199.5,192.45,193.18,95447
ALLTIME,2026-09-30,193.9,197.85,192.15,194.0,31339
ALLTIME,2026-10-01,195.01,195.01,182.0,188.04,133472
ALLTIME,2026-10-05,189.99,191.5,182.0,183.8,73063
ALMONDZ,2026-09-28,21.92,21.92,20.68,21.09,314984
ALMONDZ,2026-09-29,20.6,20.61,20.04,20.06,253726
ALMONDZ,2026-09-30,20.5,20.5,19.5,20.0,279934
ALMONDZ,2026-10-01,20.49,20.49,19.01,19.11,105478
ALMONDZ,2026-10-05,19.2,19.49,18.35,19.01,93445
ALOKINDS,2026-09-28,7.44,7.45,7.18,7.22,12166103
ALOKINDS,2026-09-29,7.24,7.25,7.02,7.06,22686291
ALOKINDS,2026-09-30,7.1,7.24,7.07,7.09,12343099
ALOKINDS,2026-10-01,7.15,7.17,6.92,7.06,15212425
ALOKINDS,2026-10-05,7.06,7.24,7.04,7.12,9914237
ALPA,2026-09-28,59.99,60.0,58.4,59.21,9658
ALPA,2026-09-29,59.49,59.85,58.3,59.76,5289
ALPA,2026-09-30,59.76,61.5,59.25,59.51,8263
ALPA,2026-10-01,60.49,60.49,58.5,59.26,4521
ALPA,2026-10-05,59.25,60.25,58.25,59.0,5432
ALPEXSOLAR,2026-09-25,857.95,871.95,840.0,862.65,39700
ALPEXSOLAR,2026-09-28,863.1,880.0,850.0,872.0,35400
ALPEXSOLAR,2026-09-29,868.0,874.9,855.05,865.3,17400
ALPEXSOLAR,2026-09-30,876.0,876.15,838.15,847.1,27800
ALPEXSOLAR,2026-10-01,847.1,847.1,811.0,823.2,53000
ALPHAGEO,2026-09-28,283.15,293.85,269.1,269.55,12305
ALPHAGEO,2026-09-29,270.0,270.0,256.2,259.15,12276
ALPHAGEO,2026-09-30,259.0,265.9,252.2,256.5,6932
ALPHAGEO,2026-10-01,257.0,265.9,244.0,258.2,6327
ALPHAGEO,2026-10-05,260.0,260.0,247.15,254.75,3999
ALPINETEX,2026-09-28,49.88,49.88,48.0,48.36,212831
ALPINETEX,2026-09-29,48.36,50.95,47.22,48.95,170617
ALPINETEX,2026-09-30,49.7,49.7,47.53,47.8,111760
ALPINETEX,2026-10-01,48.37,48.37,45.5,46.63,144287
ALPINETEX,2026-10-05,46.61,48.0,45.52,45.82,92407
ALUFLUOR,2026-09-28,565.4,644.4,562.6,604.7,66544
ALUFLUOR,2026-09-29,609.95,649.0,580.0,632.55,57672
ALUFLUOR,2026-09-30,640.0,645.0,622.3,632.7,19252
ALUFLUOR,2026-10-01,644.0,644.0,626.05,633.8,28012
ALUFLUOR,2026-10-05,643.95,643.95,612.9,616.8,14660
ALUWIND,2026-09-25,51.05,51.1,51.0,51.05,4500
ALUWIND,2026-09-28,51.5,51.5,49.05,51.45,18000
ALUWIND,2026-09-29,49.0,49.95,47.55,49.8,10500
ALUWIND,2026-09-30,49.8,49.8,49.75,49.75,4500
ALUWIND,2026-10-01,49.75,49.75,47.6,48.0,6000
AMAGI,2026-09-28,578.0,579.85,558.5,560.0,197959
AMAGI,2026-09-29,561.0,573.95,553.05,563.85,538606
AMAGI,2026-09-30,560.0,568.45,541.3,549.45,281619
AMAGI,2026-10-01,545.0,565.25,531.2,554.05,919619
AMAGI,2026-10-05,551.35,577.0,551.35,569.7,449516
AMAL,2026-09-28,672.0,690.0,636.05,665.55,29985
AMAL,2026-09-29,659.8,690.0,654.05,682.1,5117
AMAL,2026-09-30,671.3,700.0,671.3,684.5,6607
AMAL,2026-10-01,690.85,705.0,690.2,702.4,9548
AMAL,2026-10-05,710.0,715.0,692.1,699.5,4382
AMANTA,2026-09-28,183.0,185.07,182.28,183.0,12987
AMANTA,2026-09-29,186.66,186.66,179.34,186.66,34512
AMANTA,2026-09-30,190.39,190.39,190.39,190.39,16960
AMANTA,2026-10-01,190.4,194.0,187.55,190.4,44349
AMANTA,2026-10-05,196.0,199.92,195.0,199.92,74113
AMARJOTHI,2026-09-28,149.82,150.7,147.0,150.7,736
AMARJOTHI,2026-09-29,150.7,152.45,147.05,152.0,456
AMARJOTHI,2026-09-30,152.0,152.0,147.05,149.0,342
AMARJOTHI,2026-10-01,149.0,150.85,145.0,150.0,1626
AMARJOTHI,2026-10-05,151.0,151.5,146.5,146.5,510
AMBALALSA,2026-09-28,40.5,40.89,39.04,39.28,32569
AMBALALSA,2026-09-29,39.28,39.8,38.11,39.04,31254
AMBALALSA,2026-09-30,39.5,40.94,39.0,39.54,57944
AMBALALSA,2026-10-01,39.0,39.46,37.58,37.89,58255
AMBALALSA,2026-10-05,38.49,38.88,36.7,37.97,60118
AMBER,2026-09-28,7001.5,7038.5,6880.0,6990.0,124117
AMBER,2026-09-29,6915.5,7001.0,6606.5,6606.5,286219
AMBER,2026-09-30,6639.0,6786.0,6617.0,6672.5,224400
AMBER,2026-10-01,6658.0,6737.5,6431.0,6500.0,133557
AMBER,2026-10-05,6535.0,6652.5,6492.0,6585.0,114740
AMBICAAGAR,2026-09-28,25.45,25.45,24.3,24.88,6057
AMBICAAGAR,2026-09-29,24.88,24.88,24.11,24.37,3594
AMBICAAGAR,2026-09-30,24.5,25.12,24.14,24.4,13549
AMBICAAGAR,2026-10-01,24.93,24.93,23.67,23.89,2450
AMBICAAGAR,2026-10-05,23.55,24.98,23.55,23.83,5501
AMBIKCO,2026-09-28,1546.2,1584.4,1522.5,1568.0,11978
AMBIKCO,2026-09-29,1568.0,1582.0,1525.0,1527.1,9578
AMBIKCO,2026-09-30,1531.0,1545.9,1516.2,1520.6,5265
AMBIKCO,2026-10-01,1525.0,1525.0,1491.0,1505.8,7854
AMBIKCO,2026-10-05,1537.0,1545.0,1523.2,1534.0,5905
AMBUJACEM,2026-09-29,373.5,373.6,365.75,365.75,1769537
AMBUJACEM,2026-09-30,369.0,376.65,368.65,374.0,3219926
AMBUJACEM,2026-10-01,371.5,371.6,356.3,362.25,3893265
AMBUJACEM,2026-10-02,362.25,362.25,362.25,362.25,0
AMBUJACEM,2026-10-05,363.2,368.9,361.05,366.5,1848613
AMDIND,2026-09-28,58.85,58.85,56.19,56.65,15749
AMDIND,2026-09-29,56.65,56.65,53.82,54.0,58547
AMDIND,2026-09-30,53.1,54.48,53.1,53.45,19423
AMDIND,2026-10-01,53.4,53.5,51.11,52.09,14062
AMDIND,2026-10-05,52.5,53.4,51.11,51.31,11704
AMEYA,2026-09-29,137.0,146.2,137.0,146.2,10000
AMEYA,2026-09-30,153.5,153.5,153.5,153.5,12000
AMEYA,2026-10-01,151.0,151.0,145.9,150.5,6000
AMEYA,2026-10-02,150.5,150.5,150.5,150.5,0
AMEYA,2026-10-05,147.0,147.0,143.0,143.0,4000
AMIABLE,2026-09-28,70.0,70.0,70.0,70.0,0
AMIABLE,2026-09-29,70.0,70.0,70.0,70.0,0
AMIABLE,2026-09-30,70.0,70.0,70.0,70.0,0
AMIABLE,2026-10-01,70.0,70.0,70.0,70.0,0
AMIABLE,2026-10-02,70.0,70.0,70.0,70.0,0
AMJLAND,2026-09-28,38.45,41.0,37.79,38.05,31976
AMJLAND,2026-09-29,37.5,38.87,37.5,38.04,16749
AMJLAND,2026-09-30,38.04,38.58,37.4,37.62,3327
AMJLAND,2026-10-01,38.27,38.75,36.1,37.02,30216
AMJLAND,2026-10-05,37.75,38.5,36.75,37.14,9244
AMNPLST,2026-09-28,163.4,172.5,160.25,166.82,5146
AMNPLST,2026-09-29,169.0,171.8,162.0,170.18,107852
AMNPLST,2026-09-30,174.9,174.9,168.56,171.57,2629
AMNPLST,2026-10-01,178.0,178.0,164.0,165.43,4515
AMNPLST,2026-10-05,169.75,169.75,157.85,160.29,4081
AMRUTANJAN,2026-09-28,506.35,518.0,499.0,506.55,47090
AMRUTANJAN,2026-09-29,505.05,508.0,499.15,505.25,17570
AMRUTANJAN,2026-09-30,505.25,522.2,505.25,514.75,62878
AMRUTANJAN,2026-10-01,516.45,517.05,498.55,513.2,97538
AMRUTANJAN,2026-10-05,513.2,524.0,511.0,518.1,36616
ANANDRATHI,2026-09-28,2145.1001,2164.1001,2112.0,2146.2,394039
ANANDRATHI,2026-09-29,2150.0,2168.8999,2077.3,2100.6001,1341769
ANANDRATHI,2026-09-30,2111.1001,2127.6001,2072.0,2120.0,552945
ANANDRATHI,2026-10-01,2100.0,2130.7,2086.0,2117.5,284498
ANANDRATHI,2026-10-05,2117.5,2135.0,2101.2,2132.0,404648
ANANTRAJ,2026-09-28,615.0,619.8,601.8,607.95,1047967
ANANTRAJ,2026-09-29,605.0,613.6,599.0,602.3,1194043
ANANTRAJ,2026-09-30,605.0,611.0,597.0,598.9,1122020
ANANTRAJ,2026-10-01,595.0,598.5,569.05,577.85,1533673
ANANTRAJ,2026-10-05,580.0,592.85,575.0,587.4,1053066
ANDHRAPAP,2026-09-29,72.98,72.98,71.01,72.32,212077
ANDHRAPAP,2026-09-30,72.0,73.93,72.0,72.68,240993
ANDHRAPAP,2026-10-01,72.92,72.92,70.0,71.36,222862
ANDHRAPAP,2026-10-02,71.36,71.36,71.36,71.36,0
ANDHRAPAP,2026-10-05,71.36,73.55,69.55,69.94,849036
ANDHRSUGAR,2026-09-28,97.4,97.4,94.46,95.13,345913
ANDHRSUGAR,2026-09-29,95.13,96.83,92.7,94.4,214302
ANDHRSUGAR,2026-09-30,94.4,95.95,92.7,93.15,186327
ANDHRSUGAR,2026-10-01,92.6,93.06,90.0,91.06,308635
ANDHRSUGAR,2026-10-05,92.58,94.16,91.0,91.95,300114
ANDREWYU,2026-09-28,26.61,26.99,25.13,25.81,106812
ANDREWYU,2026-09-29,25.82,26.49,25.05,25.84,87815
ANDREWYU,2026-09-30,25.85,27.9,25.85,26.02,44656
ANDREWYU,2026-10-01,25.53,26.28,24.1,24.98,143819
ANDREWYU,2026-10-05,25.0,25.9,24.11,25.34,97343
ANGELONE,2026-09-29,279.2,280.0,273.5,273.5,4376351
ANGELONE,2026-09-30,274.25,278.2,273.25,274.0,2439788
ANGELONE,2026-10-01,274.0,279.85,267.8,276.8,6751156
ANGELONE,2026-10-02,276.8,276.8,276.8,276.8,0
ANGELONE,2026-10-05,276.8,286.3,273.5,285.2,4255848
ANIKINDS,2026-09-28,44.99,44.99,41.96,43.03,3018
ANIKINDS,2026-09-29,44.55,44.55,42.16,43.98,4840
ANIKINDS,2026-09-30,44.89,44.89,43.8,44.45,2550
ANIKINDS,2026-10-01,44.44,44.44,42.6,44.0,2343
ANIKINDS,2026-10-05,44.0,45.99,42.55,44.56,6250
ANKITMETAL,2026-09-28,1.91,1.91,1.91,1.91,32807
ANKITMETAL,2026-09-29,1.94,1.94,1.94,1.94,60716
ANKITMETAL,2026-09-30,1.97,1.97,1.97,1.97,19735
ANKITMETAL,2026-10-01,2.06,2.06,2.06,2.06,144069
ANKITMETAL,2026-10-05,2.16,2.16,2.16,2.16,21388
ANLON,2026-09-25,815.0,815.0,765.05,791.0,9600
ANLON,2026-09-28,770.0,787.0,753.0,769.95,11200
ANLON,2026-09-29,750.95,750.95,723.0,744.95,12400
ANLON,2026-09-30,750.0,818.0,739.95,816.35,10000
ANLON,2026-10-01,816.35,816.35,751.0,758.55,17600
ANMOL,2026-09-28,13.88,13.89,12.91,13.62,60551
ANMOL,2026-09-29,13.93,14.3,13.13,13.77,80865
ANMOL,2026-09-30,14.05,14.26,13.45,13.71,19776
ANMOL,2026-10-01,13.8,14.23,13.31,13.5,50602
ANMOL,2026-10-05,13.85,13.85,12.86,13.07,25815
ANNAPURNA,2026-09-28,131.97,132.58,126.1,127.66,41065
ANNAPURNA,2026-09-29,127.66,129.59,126.31,127.22,15493
ANNAPURNA,2026-09-30,126.05,141.94,126.05,131.0,115324
ANNAPURNA,2026-10-01,130.04,134.94,125.0,128.6,40390
ANNAPURNA,2026-10-05,128.6,135.0,127.0,130.44,46616
ANNU,2026-09-28,49.3,49.82,47.3,47.86,1439012
ANNU,2026-09-29,47.86,49.0,46.73,47.84,394589
ANNU,2026-09-30,47.85,50.2,47.85,48.22,585399
ANNU,2026-10-01,48.45,48.9,46.62,47.09,610098
ANNU,2026-10-05,48.0,48.0,45.0,45.12,361047
ANSALAPI,2026-09-28,4.0,4.0,3.9,4.0,141692
ANSALAPI,2026-09-29,4.08,4.08,4.08,4.08,74081
ANSALAPI,2026-09-30,4.16,4.16,4.0,4.16,71384
ANSALAPI,2026-10-01,4.21,4.24,4.08,4.08,6717
ANSALAPI,2026-10-05,4.0,4.15,4.0,4.0,37961
ANSALBU,2026-09-28,95.0,95.54,88.0,90.38,3846
ANSALBU,2026-09-29,88.57,92.0,78.65,85.96,4740
ANSALBU,2026-09-30,87.43,95.4,86.0,87.75,9005
ANSALBU,2026-10-01,88.35,88.35,84.01,85.13,531
ANSALBU,2026-10-05,84.28,101.0,83.0,85.6,2620
ANTELOPUS,2026-09-29,1165.0,1234.9,1112.05,1162.5,1431803
ANTELOPUS,2026-09-30,1174.15,1178.15,1119.0,1125.9,316480
ANTELOPUS,2026-10-01,1124.7,1154.5,1070.0,1106.5,496027
ANTELOPUS,2026-10-02,1106.5,1106.5,1106.5,1106.5,0
ANTELOPUS,2026-10-05,1113.9,1143.8,1092.0,1103.4,299917
ANTGRAPHIC,2026-09-28,0.72,0.72,0.69,0.69,419043
ANTGRAPHIC,2026-09-29,0.72,0.72,0.69,0.7,151675
ANTGRAPHIC,2026-09-30,0.71,0.72,0.7,0.71,89758
ANTGRAPHIC,2026-10-01,0.71,0.72,0.69,0.69,127074
ANTGRAPHIC,2026-10-05,0.7,0.71,0.68,0.69,216722
ANTHEM,2026-09-29,855.0,880.0,852.05,869.75,689600
ANTHEM,2026-09-30,871.0,878.2,855.05,858.6,189868
ANTHEM,2026-10-01,851.5,859.75,830.6,855.75,648832
ANTHEM,2026-10-02,855.75,855.75,855.75,855.75,0
ANTHEM,2026-10-05,855.95,858.85,840.6,851.9,292397
ANUHPHR,2026-09-29,89.0,91.35,87.9,89.68,106661
ANUHPHR,2026-09-30,90.31,91.05,87.0,87.4,70318
ANUHPHR,2026-10-01,87.0,88.94,84.42,85.85,130021
ANUHPHR,2026-10-02,85.85,85.85,85.85,85.85,0
ANUHPHR,2026-10-05,85.99,88.49,83.7,84.15,86676
ANUP,2026-09-28,1683.2,1689.5,1626.0,1632.0,21183
ANUP,2026-09-29,1635.0,1644.8,1580.0,1591.2,74671
ANUP,2026-09-30,1605.3,1635.0,1590.1,1596.3,11751
ANUP,2026-10-01,1580.1,1593.4,1535.0,1566.7,26234
ANUP,2026-10-05,1566.7,1574.9,1523.0,1539.0,21486
ANURAS,2026-09-29,1187.2,1196.5,1165.0,1177.8,192300
ANURAS,2026-09-30,1181.0,1188.5,1169.0,1181.0,133965
ANURAS,2026-10-01,1181.0,1187.3,1151.5,1163.7,224878
ANURAS,2026-10-02,1163.7,1163.7,1163.7,1163.7,0
ANURAS,2026-10-05,1165.0,1175.9,1158.2,1164.4,216772
AONESTEELS,2026-10-01,455.0,470.0,393.7,416.55,14841745
AONESTEELS,2026-10-02,416.55,416.55,416.55,416.55,0
AONESTEELS,2026-10-05,413.5,413.6,386.1,389.4,831655
APARINDS,2026-09-29,17337.0,18062.0,17150.0,17803.0,199491
APARINDS,2026-09-30,17804.0,17882.0,17291.0,17384.0,116165
APARINDS,2026-10-01,17384.0,17868.0,16955.0,17648.0,138360
APARINDS,2026-10-02,17648.0,17648.0,17648.0,17648.0,0
APARINDS,2026-10-05,17844.0,18379.0,17750.0,18102.0,102559
APCL,2026-09-28,95.4,97.9,94.5,94.64,4667
APCL,2026-09-29,95.1,97.0,93.0,94.92,4184
APCL,2026-09-30,95.86,98.89,92.0,94.22,7847
APCL,2026-10-01,94.22,97.0,94.0,94.76,2221
APCL,2026-10-05,96.99,96.99,91.5,94.0,3410
APCOTEXIND,2026-09-28,599.4,599.4,583.55,586.0,68000
APCOTEXIND,2026-09-29,589.95,603.6,580.0,595.45,58105
APCOTEXIND,2026-09-30,600.0,607.4,592.0,595.6,40627
APCOTEXIND,2026-10-01,596.4,600.2,575.35,593.25,84363
APCOTEXIND,2026-10-05,599.0,599.0,577.0,587.25,48855
APEX,2026-09-29,338.65,348.4,334.5,343.1,112135
APEX,2026-09-30,343.1,348.3,335.0,336.5,66125
APEX,2026-10-01,338.2,341.95,320.3,326.3,123991
APEX,2026-10-02,326.3,326.3,326.3,326.3,0
APEX,2026-10-05,334.65,334.65,323.5,328.4,78909
APLAPOLLO,2026-09-28,2210.2,2210.2,2174.8999,2197.0,319967
APLAPOLLO,2026-09-29,2191.8999,2217.8,2172.1001,2188.6001,639577
APLAPOLLO,2026-09-30,2201.8999,2224.5,2181.6001,2190.1001,587352
APLAPOLLO,2026-10-01,2187.2,2196.8,2059.5,2115.7,1615913
APLAPOLLO,2026-10-05,2124.6001,2147.3999,2061.3999,2099.8,678040
APLLTD,2026-09-28,870.0,870.0,843.65,854.35,211650
APLLTD,2026-09-29,853.9,868.0,837.5,861.5,457488
APLLTD,2026-09-30,866.0,876.4,821.7,825.45,266145
APLLTD,2026-10-01,816.0,827.85,803.5,815.25,327528
APLLTD,2026-10-05,815.25,836.8,812.2,831.25,282523
APOLLO,2026-09-29,411.7,411.7,399.1,402.6,5919584
APOLLO,2026-09-30,402.9,410.7,401.7,403.45,4344769
APOLLO,2026-10-01,401.85,403.4,389.1,394.0,4102186
APOLLO,2026-10-02,394.0,394.0,394.0,394.0,0
APOLLO,2026-10-05,395.5,405.5,395.0,401.7,4584428
APOLLOHOSP,2026-09-29,8885.0,8906.0,8657.5,8659.0,609210
APOLLOHOSP,2026-09-30,8582.0,8659.0,8053.0,8165.5,2108531
APOLLOHOSP,2026-10-01,8090.0,8135.0,7910.0,8133.5,939105
APOLLOHOSP,2026-10-02,8133.5,8133.5,8133.5,8133.5,0
APOLLOHOSP,2026-10-05,7880.5,8076.0,7880.5,7985.0,895216
APOLLOPIPE,2026-09-28,511.0,526.85,503.5,521.2,321445
APOLLOPIPE,2026-09-29,521.2,530.0,511.1,513.7,305274
APOLLOPIPE,2026-09-30,516.9,525.0,505.0,507.85,166142
APOLLOPIPE,2026-10-01,507.85,524.0,500.2,512.6,140005
APOLLOPIPE,2026-10-05,517.85,535.0,510.0,530.75,142798
APOLLOTYRE,2026-09-29,390.75,429.0,386.3,406.75,5125753
APOLLOTYRE,2026-09-30,412.9,412.95,402.0,404.7,684149
APOLLOTYRE,2026-10-01,402.0,406.75,392.85,404.75,708176
APOLLOTYRE,2026-10-02,404.75,404.75,404.75,404.75,0
APOLLOTYRE,2026-10-05,404.95,406.25,399.5,401.6,213763
APOLSINHOT,2026-09-28,1196.0,1212.0,1166.0,1172.9,889
APOLSINHOT,2026-09-29,1185.0,1199.9,1160.4,1166.2,595
APOLSINHOT,2026-09-30,1156.1,1189.9,1156.1,1162.6,1022
APOLSINHOT,2026-10-01,1170.0,1194.9,1146.0,1155.9,762
APOLSINHOT,2026-10-05,1208.0,1208.0,1155.0,1174.9,1328
APOORVA,2026-09-28,35.1,35.1,31.78,33.49,678
APOORVA,2026-09-29,31.82,33.14,31.82,33.0,299
APOORVA,2026-09-30,33.0,33.0,31.35,33.0,103
APOORVA,2026-10-01,34.6,34.6,33.0,33.0,263
APOORVA,2026-10-05,33.65,34.0,33.65,33.65,115
APS,2026-09-25,239.0,245.95,228.0,235.35,21000
APS,2026-09-28,240.0,240.0,230.0,231.0,14750
APS,2026-09-29,231.05,234.1,225.0,229.6,19750
APS,2026-09-30,234.5,237.35,225.0,227.3,23750
APS,2026-10-01,228.9,234.0,224.0,226.7,21750
APTECHT,2026-09-28,92.25,92.25,88.52,90.27,56446
APTECHT,2026-09-29,91.5,91.5,86.99,88.61,90136
APTECHT,2026-09-30,89.49,90.0,87.73,88.26,53672
APTECHT,2026-10-01,88.26,88.97,85.72,87.03,46982
APTECHT,2026-10-05,88.0,88.45,86.0,86.88,44839
APTUS,2026-09-29,238.1,238.54,231.33,233.34,4037956
APTUS,2026-09-30,235.0,236.87,230.0,232.53,1838844
APTUS,2026-10-01,231.0,231.0,223.28,226.4,1566543
APTUS,2026-10-02,226.4,226.4,226.4,226.4,0
APTUS,2026-10-05,227.95,228.51,222.34,223.65,934997
AQYLON,2026-09-28,18.93,19.38,17.72,18.0,419474
AQYLON,2026-09-29,18.34,18.34,17.1,17.11,715504
AQYLON,2026-09-30,17.11,17.39,16.26,16.26,476188
AQYLON,2026-10-01,15.97,16.0,15.45,15.46,669216
AQYLON,2026-10-05,15.46,16.23,14.69,15.58,1156529
ARABIAN,2026-09-25,88.0,88.0,88.0,88.0,2000
ARABIAN,2026-09-28,90.45,90.45,88.0,89.95,8000
ARABIAN,2026-09-29,86.05,88.0,86.0,88.0,34000
ARABIAN,2026-09-30,88.0,88.0,88.0,88.0,2000
ARABIAN,2026-10-01,85.0,88.0,80.35,88.0,30000
ARCHIDPLY,2026-09-28,106.26,109.9,102.5,102.76,25618
ARCHIDPLY,2026-09-29,107.69,107.69,101.07,101.98,10384
ARCHIDPLY,2026-09-30,101.11,104.99,99.52,103.5,33170
ARCHIDPLY,2026-10-01,104.49,106.85,100.01,101.79,27789
ARCHIDPLY,2026-10-05,101.79,103.71,100.37,101.8,30544
ARCHIES,2026-09-28,12.3,13.29,12.08,12.58,59503
ARCHIES,2026-09-29,12.85,12.85,12.34,12.43,10512
ARCHIES,2026-09-30,12.73,12.73,12.33,12.39,7581
ARCHIES,2026-10-01,12.36,12.75,12.05,12.37,18310
ARCHIES,2026-10-05,12.4,12.7,12.35,12.35,9399
ARCIL,2026-09-29,142.71,147.98,141.1,142.51,3558859
ARCIL,2026-09-30,143.51,149.27,143.32,144.59,1943689
ARCIL,2026-10-01,145.4,147.35,137.5,139.92,1662073
ARCIL,2026-10-02,139.92,139.92,139.92,139.92,0
ARCIL,2026-10-05,141.09,145.24,140.56,142.24,1314700
ARCL,2026-09-28,244.0,245.0,234.35,241.99,593
ARCL,2026-09-29,240.25,241.89,231.5,233.0,4370
ARCL,2026-09-30,233.0,242.0,232.95,241.9,351
ARCL,2026-10-01,236.0,245.0,229.81,229.81,7120
ARCL,2026-10-05,233.0,238.9,227.27,235.0,276
ARDEE,2026-09-29,51.99,52.0,50.01,51.17,2231592
ARDEE,2026-09-30,51.55,52.95,50.4,50.77,3252521
ARDEE,2026-10-01,50.96,50.96,48.42,48.81,2106823
ARDEE,2026-10-02,48.81,48.81,48.81,48.81,0
ARDEE,2026-10-05,49.03,49.44,48.11,48.51,1868950
ARE&M,2026-09-29,775.0,778.95,764.0,766.3,325892
ARE&M,2026-09-30,768.95,781.65,750.0,754.55,706708
ARE&M,2026-10-01,754.55,758.25,734.65,747.4,509131
ARE&M,2026-10-02,747.4,747.4,747.4,747.4,0
ARE&M,2026-10-05,751.0,757.0,739.25,741.6,338967
ARENTERP,2026-09-28,34.7,34.7,31.11,32.67,932
ARENTERP,2026-09-29,32.84,33.49,31.12,32.95,608
ARENTERP,2026-09-30,34.4,34.4,31.12,33.9,137
ARENTERP,2026-10-01,33.8,33.8,32.0,33.79,56
ARENTERP,2026-10-05,33.79,33.79,33.79,33.79,330
ARFIN,2026-09-28,89.42,92.89,87.8,88.48,1424657
ARFIN,2026-09-29,88.29,90.48,87.35,88.16,1365354
ARFIN,2026-09-30,88.05,91.0,88.05,89.19,916404
ARFIN,2026-10-01,89.0,89.89,86.05,87.25,1211274
ARFIN,2026-10-05,87.95,89.18,86.42,87.51,713062
ARIES,2026-09-28,470.0,473.8,468.1,470.5,6778
ARIES,2026-09-29,467.0,484.9,467.0,474.8,8953
ARIES,2026-09-30,471.05,484.8,471.05,480.55,9875
ARIES,2026-10-01,472.1,489.0,456.6,477.4,27860
ARIES,2026-10-05,463.1,501.25,463.1,501.25,38244
ARIHANT,2026-09-28,911.05,958.95,891.0,914.05,1797
ARIHANT,2026-09-29,913.95,914.05,870.0,888.9,1106
ARIHANT,2026-09-30,884.9,920.4,855.55,900.7,2591
ARIHANT,2026-10-01,889.4,939.4,874.8,894.1,570
ARIHANT,2026-10-05,940.0,948.0,873.25,891.35,2824
ARIHANTACA,2026-09-28,235.025,235.025,235.025,235.025,0
ARIHANTACA,2026-09-29,245.5,245.5,245.5,245.5,800
ARIHANTACA,2026-09-30,240.0,265.0,240.0,257.5,7200
ARIHANTACA,2026-10-01,257.5,257.5,257.5,257.5,0
ARIHANTACA,2026-10-02,257.5,257.5,257.5,257.5,0
ARIHANTCAP,2026-09-28,93.34,93.97,89.05,89.81,314055
ARIHANTCAP,2026-09-29,89.81,91.62,87.2,90.58,296536
ARIHANTCAP,2026-09-30,90.58,92.55,88.98,89.74,513589
ARIHANTCAP,2026-10-01,89.74,89.74,87.1,88.59,183141
ARIHANTCAP,2026-10-05,90.0,95.05,90.0,91.01,523540
ARIHANTSUP,2026-09-28,245.0,245.0,229.45,236.25,8552
ARIHANTSUP,2026-09-29,236.0,236.0,228.25,230.25,1353
ARIHANTSUP,2026-09-30,230.0,231.6,221.35,222.85,1653
ARIHANTSUP,2026-10-01,225.2,230.95,210.82,216.63,6122
ARIHANTSUP,2026-10-05,222.0,222.0,218.0,218.78,3008
ARIS,2026-09-28,140.22,140.22,132.0,132.61,1377843
ARIS,2026-09-29,132.02,138.0,129.33,135.0,1264189
ARIS,2026-09-30,140.0,146.4,136.79,143.88,4654571
ARIS,2026-10-01,143.69,143.69,134.98,138.66,1086645
ARIS,2026-10-05,139.49,143.0,137.51,140.24,1432340
ARISTO,2026-09-25,105.85,105.85,105.85,105.85,0
ARISTO,2026-09-28,100.6,100.6,100.6,100.6,800
ARISTO,2026-09-29,100.6,100.6,100.6,100.6,0
ARISTO,2026-09-30,95.0,95.0,95.0,95.0,1600
ARISTO,2026-10-01,92.0,92.0,92.0,92.0,800
ARKADE,2026-09-28,125.0,127.49,122.5,123.22,104238
ARKADE,2026-09-29,124.07,124.51,120.12,121.92,134893
ARKADE,2026-09-30,122.5,123.48,119.0,119.39,136891
ARKADE,2026-10-01,119.89,120.5,116.2,118.69,123249
ARKADE,2026-10-05,120.64,125.0,118.23,120.03,158603
ARMANFIN,2026-09-28,1830.2,1835.9,1666.2,1700.1,232152
ARMANFIN,2026-09-29,1708.5,1752.0,1685.0,1711.4,60370
ARMANFIN,2026-09-30,1711.4,1756.7,1707.1,1744.2,31160
ARMANFIN,2026-10-01,1739.9,1785.0,1703.0,1764.4,38263
ARMANFIN,2026-10-05,1770.0,1817.0,1714.0,1754.9,53075
ARMEE,2026-09-30,375.0,375.0,300.0,300.0,10736790
ARMEE,2026-10-01,280.0,288.25,258.5,273.35,7738466
ARMEE,2026-10-02,273.35,273.35,273.35,273.35,0
ARMEE,2026-10-05,270.7,272.75,251.05,254.25,1290880
AROGRANITE,2026-09-28,23.85,24.0,23.0,23.12,1956
AROGRANITE,2026-09-29,23.12,24.07,22.8,22.81,1134
AROGRANITE,2026-09-30,23.0,23.89,22.2,23.28,1925
AROGRANITE,2026-10-01,23.55,23.6,22.06,22.35,3964
AROGRANITE,2026-10-05,22.56,23.89,22.1,22.19,6732
ARROWGREEN,2026-09-28,900.0,905.35,876.0,891.85,23332
ARROWGREEN,2026-09-29,897.8,899.05,848.9,872.5,46136
ARROWGREEN,2026-09-30,876.5,886.95,840.15,856.05,48123
ARROWGREEN,2026-10-01,861.0,876.15,829.0,865.2,40400
ARROWGREEN,2026-10-05,873.8,891.75,835.9,858.55,26652
ARSHIYA,2026-09-28,0.75,0.76,0.74,0.76,74832
ARSHIYA,2026-09-29,0.75,0.79,0.75,0.79,72244
ARSHIYA,2026-09-30,0.79,0.82,0.79,0.81,154611
ARSHIYA,2026-10-01,0.84,0.84,0.79,0.81,59625
ARSHIYA,2026-10-05,0.84,0.84,0.82,0.83,23658
ARSSBL,2026-09-28,496.0,509.0,488.45,500.6,258877
ARSSBL,2026-09-29,497.0,506.35,495.0,500.45,122318
ARSSBL,2026-09-30,503.1,525.8,502.9,515.1,370040
ARSSBL,2026-10-01,513.65,525.0,510.0,521.05,301379
ARSSBL,2026-10-05,525.45,539.0,515.1,535.0,361312
ARTEMISMED,2026-09-28,362.2,372.0,350.2,365.9,2092323
ARTEMISMED,2026-09-29,364.15,369.6,360.4,366.6,522715
ARTEMISMED,2026-09-30,368.95,370.1,342.1,345.55,1002073
ARTEMISMED,2026-10-01,342.8,346.45,327.95,336.4,804191
ARTEMISMED,2026-10-05,339.2,341.85,322.35,324.1,374630
ARTNIRMAN,2026-09-28,39.94,39.94,37.25,38.3,1527
ARTNIRMAN,2026-09-29,39.0,39.0,36.41,36.52,258
ARTNIRMAN,2026-09-30,37.85,41.8,37.75,40.24,6656
ARTNIRMAN,2026-10-01,40.35,40.36,40.0,40.0,39
ARTNIRMAN,2026-10-05,38.16,39.88,38.16,38.49,754
ARVEE,2026-09-28,213.19,234.5,213.19,234.5,32319
ARVEE,2026-09-29,244.0,249.0,230.0,232.85,27843
ARVEE,2026-09-30,233.99,235.79,222.2,225.16,5986
ARVEE,2026-10-01,232.99,232.99,207.0,215.32,7676
ARVEE,2026-10-05,217.0,229.79,206.35,209.39,9280
ARVIND,2026-09-28,550.25,551.95,542.0,543.6,227662
ARVIND,2026-09-29,545.05,552.1,540.15,545.45,291616
ARVIND,2026-09-30,545.0,549.95,535.75,539.9,644224
ARVIND,2026-10-01,537.6,544.6,522.0,534.05,565179
ARVIND,2026-10-05,538.4,539.65,525.15,530.4,565857
ARVINDFASN,2026-09-28,412.8,416.3,410.0,413.75,98851
ARVINDFASN,2026-09-29,411.0,413.5,390.55,410.15,413765
ARVINDFASN,2026-09-30,407.1,411.35,386.0,387.45,332564
ARVINDFASN,2026-10-01,385.0,386.95,373.35,379.7,227031
ARVINDFASN,2026-10-05,383.45,389.0,376.1,384.25,225103
ARVSMART,2026-09-28,616.95,629.6,600.0,615.75,188147
ARVSMART,2026-09-29,612.95,621.9,606.2,609.7,78068
ARVSMART,2026-09-30,615.8,615.8,596.65,601.75,40388
ARVSMART,2026-10-01,601.75,603.9,585.15,592.5,55885
ARVSMART,2026-10-05,592.5,598.15,573.0,580.25,87964
ARYAMAN,2026-09-25,633.0,633.0,610.0,610.0,20
ARYAMAN,2026-09-28,630.0,630.0,605.0,625.0,30485
ARYAMAN,2026-09-29,625.0,631.6,610.0,620.0,529
ARYAMAN,2026-09-30,630.0,630.0,630.0,630.0,5
ARYAMAN,2026-10-01,620.0,624.0,620.0,624.0,14
ASAHIINDIA,2026-09-28,953.0,959.65,931.2,933.55,114530
ASAHIINDIA,2026-09-29,934.0,980.0,923.0,957.95,286875
ASAHIINDIA,2026-09-30,956.1,974.7,956.1,958.85,85211
ASAHIINDIA,2026-10-01,962.0,962.0,934.65,944.25,148204
ASAHIINDIA,2026-10-05,950.0,952.9,938.0,945.75,44997
ASAHISONG,2026-09-28,404.0,409.2,385.0,387.2,11364
ASAHISONG,2026-09-29,390.0,391.0,380.0,384.2,5852
ASAHISONG,2026-09-30,385.1,394.95,379.0,389.15,10809
ASAHISONG,2026-10-01,387.0,387.0,369.7,371.25,9671
ASAHISONG,2026-10-05,376.95,380.3,363.1,366.2,7116
ASAL,2026-09-28,438.5,438.5,427.95,429.2,7416
ASAL,2026-09-29,429.0,434.45,424.05,428.0,8484
ASAL,2026-09-30,430.0,439.85,430.0,433.5,7089
ASAL,2026-10-01,430.5,433.4,420.3,426.9,9400
ASAL,2026-10-05,421.05,439.8,420.05,423.1,5966
ASALCBR,2026-09-29,646.0,646.95,628.25,634.6,42132
ASALCBR,2026-09-30,634.6,636.45,615.1,615.45,44141
ASALCBR,2026-10-01,615.45,620.0,596.05,611.1,48945
ASALCBR,2026-10-02,611.1,611.1,611.1,611.1,0
ASALCBR,2026-10-05,611.1,622.1,590.0,595.65,51910
ASHAPURMIN,2026-09-28,506.5,510.9,500.05,502.6,288640
ASHAPURMIN,2026-09-29,500.1,524.25,497.5,518.8,439076
ASHAPURMIN,2026-09-30,526.6,526.6,502.5,504.15,261585
ASHAPURMIN,2026-10-01,502.3,502.7,485.35,489.95,247497
ASHAPURMIN,2026-10-05,493.95,501.95,487.0,490.85,223968
ASHIANA,2026-09-28,389.7,391.45,378.7,388.8,31231
ASHIANA,2026-09-29,383.7,403.95,382.6,390.55,42912
ASHIANA,2026-09-30,389.3,397.95,382.95,386.0,34947
ASHIANA,2026-10-01,387.15,387.15,374.65,383.95,37988
ASHIANA,2026-10-05,381.8,390.0,381.4,383.6,22654
ASHIKAG,2026-09-28,403.0,406.9,396.0,402.15,8039
ASHIKAG,2026-09-29,405.0,407.0,395.95,398.35,6575
ASHIKAG,2026-09-30,398.35,404.8,396.1,397.85,21935
ASHIKAG,2026-10-01,395.05,395.05,381.0,392.05,26221
ASHIKAG,2026-10-05,392.05,393.0,385.25,389.8,6038
ASHIMASYN,2026-09-28,16.3,16.3,15.71,15.85,37541
ASHIMASYN,2026-09-29,15.85,16.2,15.81,16.08,42495
ASHIMASYN,2026-09-30,16.15,16.2,15.91,15.98,37084
ASHIMASYN,2026-10-01,15.9,16.0,15.1,15.31,158547
ASHIMASYN,2026-10-05,15.3,15.69,14.77,15.0,108237
ASHOKA,2026-09-28,112.5,112.78,109.8,110.17,537264
ASHOKA,2026-09-29,109.2,109.83,107.25,108.53,595433
ASHOKA,2026-09-30,108.74,111.83,107.31,107.75,413067
ASHOKA,2026-10-01,107.75,108.08,103.5,105.31,960898
ASHOKA,2026-10-05,105.35,106.65,104.36,105.9,538732
ASHOKAMET,2026-09-28,15.81,15.98,15.31,15.37,23628
ASHOKAMET,2026-09-29,15.98,16.1,15.0,15.15,31273
ASHOKAMET,2026-09-30,15.0,15.68,15.0,15.18,15455
ASHOKAMET,2026-10-01,15.01,15.58,14.4,14.53,45837
ASHOKAMET,2026-10-05,14.42,15.15,14.42,14.71,19468
ASHOKLEY,2026-09-29,155.5,155.5,152.48,153.44,14351744
ASHOKLEY,2026-09-30,154.41,156.19,153.35,154.19,17703276
ASHOKLEY,2026-10-01,154.45,154.86,148.5,150.48,20574319
ASHOKLEY,2026-10-02,150.48,150.48,150.48,150.48,0
ASHOKLEY,2026-10-05,151.4,153.65,151.23,152.6,9914723
ASIANENE,2026-09-29,476.25,484.5,459.8,478.25,249852
ASIANENE,2026-09-30,479.1,482.45,463.0,471.85,211572
ASIANENE,2026-10-01,472.85,473.0,451.25,466.75,229027
ASIANENE,2026-10-02,466.75,466.75,466.75,466.75,0
ASIANENE,2026-10-05,470.7,479.9,453.0,458.65,189656
ASIANHOTNR,2026-09-28,395.0,396.05,362.0,372.0,10253
ASIANHOTNR,2026-09-29,373.5,373.5,356.0,361.35,8278
ASIANHOTNR,2026-09-30,365.0,369.0,339.3,354.8,28570
ASIANHOTNR,2026-10-01,357.0,357.0,340.0,348.1,32017
ASIANHOTNR,2026-10-05,356.05,356.05,329.25,334.1,7191
ASIANPAINT,2026-09-29,2417.5,2425.3,2381.0,2415.0,909789
ASIANPAINT,2026-09-30,2410.0,2430.5,2390.0,2402.6001,553695
ASIANPAINT,2026-10-01,2391.0,2420.0,2377.0,2407.0,1005836
ASIANPAINT,2026-10-02,2407.0,2407.0,2407.0,2407.0,0
ASIANPAINT,2026-10-05,2400.0,2409.0,2336.7,2366.0,916254
ASIANTILES,2026-09-28,50.65,50.67,49.96,50.16,662074
ASIANTILES,2026-09-29,50.0,50.6,49.22,50.1,2959007
ASIANTILES,2026-09-30,51.0,51.0,49.26,49.68,1065834
ASIANTILES,2026-10-01,49.44,49.55,47.5,47.95,1282482
ASIANTILES,2026-10-05,48.16,48.28,46.1,46.65,1060816
ASIANTNE,2026-09-28,9.22,9.22,9.02,9.17,5669
ASIANTNE,2026-09-29,9.13,9.39,8.76,9.02,9774
ASIANTNE,2026-09-30,9.02,9.43,8.75,9.22,22821
ASIANTNE,2026-10-01,9.22,9.22,8.5,8.95,3483
ASIANTNE,2026-10-05,8.77,9.13,8.6,9.0,15593
ASKAUTOLTD,2026-09-28,645.15,664.15,634.9,650.35,430169
ASKAUTOLTD,2026-09-29,643.0,646.2,611.0,619.85,710889
ASKAUTOLTD,2026-09-30,621.95,652.2,614.75,640.1,479507
ASKAUTOLTD,2026-10-01,637.1,637.1,608.55,618.15,325106
ASKAUTOLTD,2026-10-05,621.0,624.9,603.6,608.2,221181
ASMS,2026-09-28,6.54,6.54,6.24,6.33,188836
ASMS,2026-09-29,6.49,6.49,5.1,6.08,524327
ASMS,2026-09-30,6.2,6.49,5.81,6.06,557356
ASMS,2026-10-01,6.02,6.12,5.84,5.92,174867
ASMS,2026-10-05,5.84,6.04,5.76,5.84,149950
ASPINWALL,2026-09-28,252.35,255.4,243.35,247.65,1889
ASPINWALL,2026-09-29,248.85,251.7,242.25,242.5,554
ASPINWALL,2026-09-30,242.5,250.15,240.0,241.85,2012
ASPINWALL,2026-10-01,237.25,247.5,234.6,240.1,23169
ASPINWALL,2026-10-05,242.1,248.4,237.01,238.35,1086
ASPIRE,2026-09-25,12.7,13.95,12.7,13.8,32000
ASPIRE,2026-09-28,13.5,14.45,13.5,14.25,14000
ASPIRE,2026-09-29,14.1,14.95,14.1,14.95,10000
ASPIRE,2026-09-30,15.4,15.65,14.25,14.25,38000
ASPIRE,2026-10-01,14.9,14.95,14.8,14.95,58000
ASSAMENT,2026-09-25,780.0,780.0,780.0,780.0,0
ASSAMENT,2026-09-28,780.0,780.0,780.0,780.0,0
ASSAMENT,2026-09-29,780.0,780.0,780.0,780.0,0
ASSAMENT,2026-09-30,741.0,818.0,741.0,818.0,15
ASSAMENT,2026-10-01,780.0,810.0,780.0,799.0,3
ASTAR,2026-09-28,724.0,730.0,700.0,708.8,484
ASTAR,2026-09-29,708.0,708.0,661.4,685.35,171
ASTAR,2026-09-30,700.0,705.0,665.0,679.7,123
ASTAR,2026-10-01,660.0,689.85,660.0,664.5,325
ASTAR,2026-10-05,714.0,714.0,630.0,644.05,254
ASTEC,2026-09-28,740.0,740.1,706.25,711.8,27961
ASTEC,2026-09-29,705.0,715.3,686.8,696.25,30244
ASTEC,2026-09-30,699.0,787.8,699.0,722.75,1100746
ASTEC,2026-10-01,712.05,725.4,684.8,708.6,71196
ASTEC,2026-10-05,708.6,721.75,700.0,712.7,30766
ASTERDM,2026-09-28,759.4,763.0,739.0,747.35,538794
ASTERDM,2026-09-29,745.0,751.95,718.5,733.95,4132919
ASTERDM,2026-09-30,735.05,739.55,691.75,697.15,2346216
ASTERDM,2026-10-01,694.05,712.2,684.25,708.9,1534481
ASTERDM,2026-10-05,708.0,708.0,687.0,691.5,1401938
ASTRAL,2026-09-28,1392.9,1392.9,1363.0,1370.5,233641
ASTRAL,2026-09-29,1370.5,1384.2,1346.5,1375.0,933913
ASTRAL,2026-09-30,1376.0,1384.1,1366.0,1370.4,258131
ASTRAL,2026-10-01,1368.1,1368.5,1316.1,1344.0,299231
ASTRAL,2026-10-05,1349.0,1367.2,1339.4,1362.1,325478
ASTRAMICRO,2026-09-29,1585.0,1670.0,1577.6,1652.6,651062
ASTRAMICRO,2026-09-30,1651.4,1663.6,1621.0,1636.7,270444
ASTRAMICRO,2026-10-01,1629.6,1634.8,1605.0,1624.5,308113
ASTRAMICRO,2026-10-02,1624.5,1624.5,1624.5,1624.5,0
ASTRAMICRO,2026-10-05,1634.2,1673.9,1628.1,1651.7,327119
ASTRAZEN,2026-09-29,6235.0,6355.0,6195.5,6254.5,8506
ASTRAZEN,2026-09-30,6210.0,6289.0,6120.5,6186.0,56730
ASTRAZEN,2026-10-01,6153.5,6172.0,5986.0,6031.0,11473
ASTRAZEN,2026-10-02,6031.0,6031.0,6031.0,6031.0,0
ASTRAZEN,2026-10-05,6049.0,6087.5,5882.0,5909.0,6412
ASTRON,2026-09-28,2.89,3.0,2.89,2.95,6850
ASTRON,2026-09-29,2.98,2.98,2.83,2.93,8003
ASTRON,2026-09-30,2.99,2.99,2.8,2.8,28543
ASTRON,2026-10-01,2.85,2.88,2.73,2.81,33088
ASTRON,2026-10-05,2.81,2.86,2.81,2.81,10573
ATALREAL,2026-09-28,13.5,13.68,12.21,13.24,4337166
ATALREAL,2026-09-29,13.4,13.4,11.92,12.03,5203592
ATALREAL,2026-09-30,11.88,12.63,11.7,12.58,2281142
ATALREAL,2026-10-01,12.78,13.06,11.96,12.78,2168896
ATALREAL,2026-10-05,12.76,12.92,12.51,12.81,902386
ATAM,2026-09-29,56.12,57.74,54.45,54.91,15097
ATAM,2026-09-30,56.01,58.6,55.01,56.34,12689
ATAM,2026-10-01,57.0,57.0,54.0,55.35,5829
ATAM,2026-10-02,55.35,55.35,55.35,55.35,0
ATAM,2026-10-05,54.81,56.4,53.53,54.04,5713
ATGL,2026-09-28,611.5,611.5,593.0,594.45,613169
ATGL,2026-09-29,598.1,599.4,586.0,588.4,603219
ATGL,2026-09-30,589.9,602.95,589.05,593.9,616167
ATGL,2026-10-01,590.1,594.15,572.05,583.05,812043
ATGL,2026-10-05,587.0,593.0,578.65,583.25,509608
ATHERENERG,2026-09-29,1460.2,1460.2,1403.8,1407.0,5655784
ATHERENERG,2026-09-30,1416.5,1441.0,1405.0,1425.0,3085289
ATHERENERG,2026-10-01,1422.0,1429.1,1373.6,1406.1,4210984
ATHERENERG,2026-10-02,1406.1,1406.1,1406.1,1406.1,0
ATHERENERG,2026-10-05,1411.1,1423.8,1388.5,1409.9,3319066
ATL,2026-09-28,25.26,26.2,24.8,24.85,101125
ATL,2026-09-29,24.86,24.94,24.12,24.47,143546
ATL,2026-09-30,24.3,25.0,24.12,24.44,119329
ATL,2026-10-01,24.18,24.79,23.1,23.59,146141
ATL,2026-10-05,24.45,24.79,23.72,24.49,160953
ATLANTAA,2026-09-28,35.9,35.98,35.02,35.32,15329
ATLANTAA,2026-09-29,35.7,39.0,35.15,36.69,336131
ATLANTAA,2026-09-30,36.7,38.0,36.0,37.25,154317
ATLANTAA,2026-10-01,37.0,37.98,35.2,35.71,448047
ATLANTAA,2026-10-05,35.79,37.44,34.2,34.97,69028
ATLANTAELE,2026-09-28,1625.9,1625.9,1550.3,1613.3,118334
ATLANTAELE,2026-09-29,1605.0,1657.4,1584.2,1634.2,157786
ATLANTAELE,2026-09-30,1615.0,1652.5,1600.0,1608.1,85264
ATLANTAELE,2026-10-01,1608.0,1738.8,1596.0,1716.5,345205
ATLANTAELE,2026-10-05,1745.5,1888.1,1725.0,1882.9,379189
ATLASCYCLE,2026-09-28,96.21,96.21,90.1,91.43,10881
ATLASCYCLE,2026-09-29,93.0,100.0,91.66,94.86,40780
ATLASCYCLE,2026-09-30,95.0,97.0,93.05,93.53,4894
ATLASCYCLE,2026-10-01,93.54,95.68,90.7,91.74,10125
ATLASCYCLE,2026-10-05,91.74,93.0,90.5,91.3,2877
ATMASTCO,2026-09-25,116.0,119.9,116.0,118.2,20800
ATMASTCO,2026-09-28,115.2,115.5,112.3,112.55,30400
ATMASTCO,2026-09-29,111.55,115.35,111.0,115.05,10800
ATMASTCO,2026-09-30,115.05,115.8,114.0,114.0,8000
ATMASTCO,2026-10-01,115.55,117.0,114.25,115.5,8800
ATUL,2026-09-29,5975.0,6086.5,5950.0,5982.5,30980
ATUL,2026-09-30,5980.0,6064.5,5881.0,5915.5,61199
ATUL,2026-10-01,5910.0,5944.5,5798.0,5861.0,22403
ATUL,2026-10-02,5861.0,5861.0,5861.0,5861.0,0
ATUL,2026-10-05,5899.0,5930.0,5827.5,5856.0,41593
ATULAUTO,2026-09-28,450.45,450.5,438.25,440.55,39659
ATULAUTO,2026-09-29,438.6,440.7,432.6,438.75,45338
ATULAUTO,2026-09-30,440.0,454.0,440.0,448.15,83527
ATULAUTO,2026-10-01,449.65,467.95,420.25,424.8,671718
ATULAUTO,2026-10-05,422.7,431.7,422.65,424.5,65738
AUBANK,2026-09-29,990.0,1005.2,984.5,1005.2,1870471
AUBANK,2026-09-30,1001.9,1015.1,995.2,1010.3,1358165
AUBANK,2026-10-01,1009.0,1009.0,974.2,987.0,2487890
AUBANK,2026-10-02,987.0,987.0,987.0,987.0,0
AUBANK,2026-10-05,1000.0,1035.7,999.1,1029.2,3358977
AUGMONT,2026-09-29,1022.0,1062.2,1022.0,1062.2,1711349
AUGMONT,2026-09-30,1074.0,1138.5,1014.3,1086.55,2989279
AUGMONT,2026-10-01,1105.0,1195.2,1105.0,1195.2,2504499
AUGMONT,2026-10-02,1195.2,1195.2,1195.2,1195.2,0
AUGMONT,2026-10-05,1224.0,1254.9,1177.0,1223.3,1400524
AURIONPRO,2026-09-28,665.0,670.55,638.55,642.5,128162
AURIONPRO,2026-09-29,644.25,654.0,632.05,634.2,119838
AURIONPRO,2026-09-30,639.5,645.0,620.0,622.1,128401
AURIONPRO,2026-10-01,622.1,629.0,593.35,607.8,181004
AURIONPRO,2026-10-05,607.8,640.0,595.0,598.5,353171
AUROIMPEX,2026-09-28,44.0,45.0,44.0,44.95,36800
AUROIMPEX,2026-09-29,44.95,44.95,43.0,43.0,17600
AUROIMPEX,2026-09-30,43.0,43.0,40.85,40.85,14400
AUROIMPEX,2026-10-01,40.85,40.85,40.85,40.85,0
AUROIMPEX,2026-10-02,40.85,40.85,40.85,40.85,0
AUROPHARMA,2026-09-29,1697.0,1713.7,1690.7,1697.7,1159038
AUROPHARMA,2026-09-30,1696.0,1707.2,1649.3,1672.0,1138610
AUROPHARMA,2026-10-01,1677.9,1700.7,1654.2,1676.8,1074057
AUROPHARMA,2026-10-02,1676.8,1676.8,1676.8,1676.8,0
AUROPHARMA,2026-10-05,1693.7,1696.0,1663.1,1674.9,958714
AURUM,2026-09-28,219.05,221.22,215.0,218.95,63133
AURUM,2026-09-29,217.4,222.16,217.08,220.31,64994
AURUM,2026-09-30,221.8,238.54,220.06,232.37,461824
AURUM,2026-10-01,231.0,231.5,220.33,223.41,104235
AURUM,2026-10-05,223.5,227.0,220.38,223.61,48055
AURUS,2026-09-28,4.5,4.78,4.5,4.58,5536
AURUS,2026-09-29,4.62,4.73,4.21,4.57,35099
AURUS,2026-09-30,4.77,4.77,4.36,4.43,43033
AURUS,2026-10-01,4.43,4.62,4.32,4.4,16761
AURUS,2026-10-05,4.54,4.54,4.06,4.23,92879
AUSOMENT,2026-09-28,145.0,148.0,136.0,143.89,9510
AUSOMENT,2026-09-29,142.31,146.75,140.0,143.75,3948
AUSOMENT,2026-09-30,142.31,145.9,139.01,140.68,4187
AUSOMENT,2026-10-01,140.0,140.68,138.01,139.0,1677
AUSOMENT,2026-10-05,139.0,144.88,134.05,137.81,1244
AUSTENG,2026-09-28,161.8,169.2,158.26,159.23,6432
AUSTENG,2026-09-29,160.0,160.0,152.01,158.0,6599
AUSTENG,2026-09-30,159.72,176.45,155.5,171.52,54150
AUSTENG,2026-10-01,175.0,176.5,165.12,167.72,33542
AUSTENG,2026-10-05,177.9,177.9,153.7,161.95,5623
AUTOAXLES,2026-09-28,1718.3,1732.9,1680.0,1689.2,3695
AUTOAXLES,2026-09-29,1675.0,1709.0,1665.1,1699.6,8595
AUTOAXLES,2026-09-30,1682.0,1717.0,1680.0,1706.5,2884
AUTOAXLES,2026-10-01,1710.0,1715.0,1668.1,1683.0,9485
AUTOAXLES,2026-10-05,1683.0,1693.8,1617.0,1624.9,10043
AUTOIND,2026-09-28,81.89,84.78,80.42,81.86,141997
AUTOIND,2026-09-29,83.4,83.4,80.6,81.99,82896
AUTOIND,2026-09-30,81.11,84.25,81.11,82.66,106738
AUTOIND,2026-10-01,82.0,83.19,78.51,81.4,141949
AUTOIND,2026-10-05,84.0,84.98,82.0,83.17,84050
AVADHSUGAR,2026-09-29,805.2,812.0,785.55,793.45,75190
AVADHSUGAR,2026-09-30,793.45,817.1,786.6,800.2,100923
AVADHSUGAR,2026-10-01,807.85,807.85,744.0,764.6,124667
AVADHSUGAR,2026-10-02,764.6,764.6,764.6,764.6,0
AVADHSUGAR,2026-10-05,776.05,841.05,776.05,840.35,292584
AVALON,2026-09-28,2328.1001,2364.6001,2296.0,2310.2,134421
AVALON,2026-09-29,2300.0,2343.0,2240.0,2302.0,210915
AVALON,2026-09-30,2205.0,2319.5,2180.0,2296.7,2010767
AVALON,2026-10-01,2288.0,2357.0,2214.3,2280.2,321345
AVALON,2026-10-05,2280.2,2339.0,2242.0,2256.3,310553
AVANCE,2026-09-28,0.82,0.89,0.81,0.86,12166050
AVANCE,2026-09-29,0.85,0.87,0.83,0.85,6148649
AVANCE,2026-09-30,0.85,0.86,0.82,0.82,8121839
AVANCE,2026-10-01,0.82,0.84,0.8,0.8,4173288
AVANCE,2026-10-05,0.8,0.83,0.78,0.79,4823476
AVANTEL,2026-09-29,151.25,153.0,147.1,149.22,1309329
AVANTEL,2026-09-30,149.02,156.5,149.0,154.06,1744909
AVANTEL,2026-10-01,152.79,153.01,147.6,150.28,1236855
AVANTEL,2026-10-02,150.28,150.28,150.28,150.28,0
AVANTEL,2026-10-05,152.0,152.59,147.0,147.59,892887
AVANTIFEED,2026-09-29,740.9,754.6,730.1,747.5,628946
AVANTIFEED,2026-09-30,751.0,759.1,715.0,717.8,468691
AVANTIFEED,2026-10-01,713.25,724.85,700.0,711.55,325188
AVANTIFEED,2026-10-02,711.55,711.55,711.55,711.55,0
AVANTIFEED,2026-10-05,713.1,717.95,705.15,711.1,187707
AVG,2026-09-28,168.6,168.6,160.0,162.1,18359
AVG,2026-09-29,160.5,167.6,160.5,164.53,8022
AVG,2026-09-30,164.53,170.0,163.35,167.23,9678
AVG,2026-10-01,172.0,172.0,162.0,166.0,5213
AVG,2026-10-05,169.97,184.8,165.0,168.15,10336
AVL,2026-09-28,619.5,619.5,591.2,595.15,79663
AVL,2026-09-29,597.5,597.5,584.0,585.8,91169
AVL,2026-09-30,591.0,599.8,576.3,594.35,107338
AVL,2026-10-01,597.7,597.7,560.9,572.3,241841
AVL,2026-10-05,572.3,606.0,566.35,601.05,400252
AVONMORE,2026-09-28,13.66,13.69,12.4,12.66,251368
AVONMORE,2026-09-29,12.66,13.24,12.36,12.99,257037
AVONMORE,2026-09-30,13.42,13.42,12.75,12.94,106930
AVONMORE,2026-10-01,13.1,13.49,12.55,12.79,92766
AVONMORE,2026-10-05,12.85,12.99,12.37,12.49,56219
AVPINFRA,2026-09-25,57.45,57.45,55.7,56.1,31200
AVPINFRA,2026-09-28,55.8,57.05,54.15,54.55,38400
AVPINFRA,2026-09-29,54.5,55.8,53.05,55.0,72000
AVPINFRA,2026-09-30,58.0,60.3,57.5,59.55,76800
AVPINFRA,2026-10-01,58.95,58.95,55.5,56.75,24000
AVROIND,2026-09-28,6.95,7.09,6.8,6.94,131463
AVROIND,2026-09-29,7.0,7.0,6.83,6.98,72252
AVROIND,2026-09-30,7.13,7.18,6.8,6.83,93679
AVROIND,2026-10-01,6.99,6.99,6.58,6.68,47444
AVROIND,2026-10-05,6.68,7.34,6.28,6.97,577078
AVTNPL,2026-09-28,92.5,92.6,86.02,86.61,493697
AVTNPL,2026-09-29,86.71,93.5,85.0,92.2,555777
AVTNPL,2026-09-30,93.0,93.49,90.41,91.29,232448
AVTNPL,2026-10-01,91.2,91.2,86.0,87.85,198387
AVTNPL,2026-10-05,87.85,93.17,86.55,88.84,631535
AWFIS,2026-09-28,256.85,259.75,249.65,250.2,394018
AWFIS,2026-09-29,250.4,251.7,244.05,247.1,471717
AWFIS,2026-09-30,249.35,250.7,242.6,244.1,196593
AWFIS,2026-10-01,244.1,246.6,233.51,235.26,458720
AWFIS,2026-10-05,235.0,244.0,234.5,235.59,348754
AWHCL,2026-09-28,378.0,378.05,365.0,367.65,78194
AWHCL,2026-09-29,369.0,377.8,361.0,364.35,64886
AWHCL,2026-09-30,364.35,371.7,361.05,364.55,68038
AWHCL,2026-10-01,364.55,365.05,347.0,355.4,92442
AWHCL,2026-10-05,355.8,359.0,346.6,350.4,62594
AWL,2026-09-29,180.66,181.45,172.6,178.75,10388939
AWL,2026-09-30,178.95,181.3,177.11,177.68,910512
AWL,2026-10-01,176.61,178.9,173.65,175.43,1991498
AWL,2026-10-02,175.43,175.43,175.43,175.43,0
AWL,2026-10-05,176.47,178.9,174.06,176.15,831209
AXISBANK,2026-09-29,1202.0,1212.1,1190.5,1212.1,7260302
AXISBANK,2026-09-30,1201.1,1237.1,1201.1,1226.0,6178741
AXISBANK,2026-10-01,1219.1,1241.6,1215.3,1217.1,7005197
AXISBANK,2026-10-02,1217.1,1217.1,1217.1,1217.1,0
AXISBANK,2026-10-05,1229.0,1237.4,1216.4,1222.2,7472163
AXISCADES,2026-09-28,1890.5,1943.3,1861.0,1879.5,278673
AXISCADES,2026-09-29,2034.0,2067.3999,1970.8,2067.3999,793589
AXISCADES,2026-09-30,2070.0,2274.1001,2070.0,2231.2,1248290
AXISCADES,2026-10-01,2226.1001,2349.6001,2160.3,2307.3,681040
AXISCADES,2026-10-05,2324.0,2360.0,2252.0,2282.3,255706
AXITA,2026-09-28,7.97,8.0,7.89,7.9,445775
AXITA,2026-09-29,7.96,7.98,7.79,7.81,1346408
AXITA,2026-09-30,7.84,7.86,7.7,7.71,504922
AXITA,2026-10-01,7.69,7.69,7.56,7.58,1182454
AXITA,2026-10-05,7.69,7.69,7.56,7.59,901702
AXTEL,2026-09-28,441.3,445.0,433.05,439.75,2020
AXTEL,2026-09-29,439.75,450.0,427.5,443.65,4989
AXTEL,2026-09-30,447.5,447.5,438.2,440.8,5897
AXTEL,2026-10-01,436.25,444.0,434.15,435.45,2288
AXTEL,2026-10-05,439.75,445.4,425.05,430.4,1796
AYE,2026-09-28,168.7,168.7,160.41,162.49,747879
AYE,2026-09-29,163.3,163.3,156.72,159.7,931769
AYE,2026-09-30,160.7,161.29,155.0,155.89,864881
AYE,2026-10-01,154.34,164.48,152.5,163.29,1485970
AYE,2026-10-05,164.41,167.5,159.0,162.75,897033
AYMSYNTEX,2026-09-28,290.0,297.5,285.95,291.15,52091
AYMSYNTEX,2026-09-29,292.0,299.0,276.15,285.95,214490
AYMSYNTEX,2026-09-30,292.35,300.25,290.05,292.15,44125
AYMSYNTEX,2026-10-01,293.15,295.9,271.65,279.95,157272
AYMSYNTEX,2026-10-05,280.2,288.7,279.8,283.15,33782
AZAD,2026-09-29,2779.0,2998.0,2751.1001,2914.2,5323693
AZAD,2026-09-30,2941.0,3127.8999,2875.6001,2963.2,5708538
AZAD,2026-10-01,2982.0,2982.0,2825.1001,2860.8999,1334621
AZAD,2026-10-02,2860.8999,2860.8999,2860.8999,2860.8999,0
AZAD,2026-10-05,2875.0,2937.2,2843.5,2927.2,800736
AZADIND,2026-09-29,82.55,85.4,79.0,80.62,122844
AZADIND,2026-09-30,80.84,88.1,80.01,84.6,77601
AZADIND,2026-10-01,85.01,88.89,84.98,85.95,233540
AZADIND,2026-10-02,85.95,85.95,85.95,85.95,0
AZADIND,2026-10-05,86.5,88.87,80.0,83.05,143982
BABAFP,2026-09-25,23.7,23.7,23.7,23.7,1600
BABAFP,2026-09-28,22.4,22.4,22.4,22.4,1600
BABAFP,2026-09-29,22.4,22.4,22.4,22.4,0
BABAFP,2026-09-30,22.4,22.4,22.2,22.2,3200
BABAFP,2026-10-01,22.5,22.5,21.3,21.3,3200
BAFNAPH,2026-09-28,357.05,357.05,357.05,357.05,1073
BAFNAPH,2026-09-29,364.15,364.15,364.15,364.15,4801
BAFNAPH,2026-09-30,371.35,371.4,371.35,371.35,546
BAFNAPH,2026-10-01,378.75,378.75,378.75,378.75,500
BAFNAPH,2026-10-05,386.3,386.3,386.3,386.3,1169
BAGFILMS,2026-09-28,4.28,4.33,4.2,4.2,23219
BAGFILMS,2026-09-29,4.25,4.32,4.0,4.1,100884
BAGFILMS,2026-09-30,4.02,4.23,3.9,4.1,61189
BAGFILMS,2026-10-01,4.18,4.18,4.01,4.07,27797
BAGFILMS,2026-10-05,4.07,4.18,4.02,4.1,29972
BAHETI,2026-09-25,743.35,775.0,743.35,761.4,14625
BAHETI,2026-09-28,769.0,776.0,755.05,766.25,11625
BAHETI,2026-09-29,777.0,777.0,755.0,765.0,25500
BAHETI,2026-09-30,771.0,775.0,746.0,748.5,15375
BAHETI,2026-10-01,747.0,748.0,721.05,733.1,15750
BAIDFIN,2026-09-28,10.45,10.88,10.45,10.61,107527
BAIDFIN,2026-09-29,10.61,11.2,10.39,10.45,77641
BAIDFIN,2026-09-30,10.26,10.7,10.26,10.38,74200
BAIDFIN,2026-10-01,10.38,10.5,10.15,10.31,42200
BAIDFIN,2026-10-05,10.22,10.57,10.22,10.33,25931
BAJAJCON,2026-09-29,480.05,499.8,474.55,493.0,996143
BAJAJCON,2026-09-30,499.0,503.9,493.45,495.55,260252
BAJAJCON,2026-10-01,495.0,502.6,487.0,497.05,519447
BAJAJCON,2026-10-02,497.05,497.05,497.05,497.05,0
BAJAJCON,2026-10-05,497.0,499.4,477.95,480.35,365485
BAJAJELEC,2026-09-28,322.0,324.35,313.0,314.65,96887
BAJAJELEC,2026-09-29,313.15,313.35,304.0,309.85,348608
BAJAJELEC,2026-09-30,309.0,315.0,302.15,303.4,155806
BAJAJELEC,2026-10-01,303.05,306.15,296.0,299.8,107359
BAJAJELEC,2026-10-05,302.0,305.2,297.4,299.25,92208
BAJAJFINSV,2026-09-29,1758.8,1758.8,1730.0,1742.4,858895
BAJAJFINSV,2026-09-30,1742.4,1748.0,1702.1,1731.0,1086211
BAJAJFINSV,2026-10-01,1723.0,1734.9,1703.4,1732.6,2292234
BAJAJFINSV,2026-10-02,1732.6,1732.6,1732.6,1732.6,0
BAJAJFINSV,2026-10-05,1744.8,1760.9,1732.6,1751.4,1075845
BAJAJHCARE,2026-09-28,346.35,346.35,335.0,336.6,65708
BAJAJHCARE,2026-09-29,336.0,341.1,332.1,335.0,128214
BAJAJHCARE,2026-09-30,337.8,338.0,325.15,327.2,84330
BAJAJHCARE,2026-10-01,325.0,325.5,316.35,322.95,128069
BAJAJHCARE,2026-10-05,320.1,329.0,317.1,319.1,121712
BAJAJHFL,2026-09-28,83.14,83.14,82.0,82.52,2875733
BAJAJHFL,2026-09-29,82.5,82.5,81.06,81.26,2829444
BAJAJHFL,2026-09-30,81.33,83.4,81.33,82.0,4275068
BAJAJHFL,2026-10-01,82.0,83.19,81.06,82.91,5602067
BAJAJHFL,2026-10-05,83.99,84.05,81.61,82.79,3691188
BAJAJHIND,2026-09-29,20.32,20.4,19.83,19.98,11722083
BAJAJHIND,2026-09-30,20.09,20.51,19.41,19.54,12481018
BAJAJHIND,2026-10-01,19.5,19.54,18.8,19.19,10262513
BAJAJHIND,2026-10-02,19.19,19.19,19.19,19.19,0
BAJAJHIND,2026-10-05,19.5,20.23,19.5,19.96,15512797
BAJAJHLDNG,2026-09-28,10925.0,10940.0,10791.0,10800.0,31440
BAJAJHLDNG,2026-09-29,10730.0,10873.0,10600.0,10600.0,65092
BAJAJHLDNG,2026-09-30,10686.0,10805.0,10655.0,10788.0,40117
BAJAJHLDNG,2026-10-01,10775.0,10775.0,10415.0,10666.0,39942
BAJAJHLDNG,2026-10-05,10580.0,10892.0,10554.0,10732.0,50069
BAJAJINDEF,2026-09-28,221.0,221.0,210.0,210.31,22311
BAJAJINDEF,2026-09-29,212.06,215.99,209.05,213.11,11971
BAJAJINDEF,2026-09-30,219.44,226.0,210.2,211.02,8436
BAJAJINDEF,2026-10-01,211.02,213.58,201.5,208.52,13085
BAJAJINDEF,2026-10-05,209.03,211.71,201.0,202.19,20349
BAJAJST,2026-09-28,353.3,354.2,333.25,338.8,11562
BAJAJST,2026-09-29,341.0,352.5,339.0,345.1,3869
BAJAJST,2026-09-30,345.1,347.75,340.0,345.45,7198
BAJAJST,2026-10-01,349.0,350.0,326.1,335.7,10573
BAJAJST,2026-10-05,335.0,339.0,322.0,328.75,16237
BAJEL,2026-09-28,171.39,172.0,168.97,169.47,75012
BAJEL,2026-09-29,169.01,171.6,166.62,170.2,153241
BAJEL,2026-09-30,168.93,172.56,163.5,164.9,199105
BAJEL,2026-10-01,164.9,165.39,159.0,163.63,151355
BAJEL,2026-10-05,163.8,165.99,162.12,164.05,79333
BAJFINANCE,2026-09-29,977.5,979.7,961.4,973.8,8612123
BAJFINANCE,2026-09-30,981.5,981.5,955.8,959.4,6625616
BAJFINANCE,2026-10-01,953.9,955.95,937.3,948.3,5698769
BAJFINANCE,2026-10-02,948.3,948.3,948.3,948.3,0
BAJFINANCE,2026-10-05,962.55,995.8,962.55,970.0,12682669
BALAJEE,2026-09-28,25.01,25.48,25.0,25.25,13039
BALAJEE,2026-09-29,25.0,25.94,24.51,25.43,24908
BALAJEE,2026-09-30,24.67,26.44,24.67,25.2,36875
BALAJEE,2026-10-01,25.72,25.72,24.6,25.2,15952
BALAJEE,2026-10-05,24.4,25.4,24.4,24.8,46462
BALAJITELE,2026-09-29,93.92,93.92,90.7,91.74,95613
BALAJITELE,2026-09-30,91.74,93.78,90.71,91.26,130429
BALAJITELE,2026-10-01,91.25,92.46,88.0,90.04,383292
BALAJITELE,2026-10-02,90.04,90.04,90.04,90.04,0
BALAJITELE,2026-10-05,90.1,91.88,88.5,90.61,54523
BALAMINES,2026-09-29,2150.0,2207.3999,2132.1001,2142.1001,100677
BALAMINES,2026-09-30,2143.0,2179.0,2095.0,2118.5,117148
BALAMINES,2026-10-01,2120.0,2129.3999,2011.5,2052.2,213491
BALAMINES,2026-10-02,2052.2,2052.2,2052.2,2052.2,0
BALAMINES,2026-10-05,2052.0,2075.0,1936.0,1957.8,289399
BALAXI,2026-09-28,23.27,23.27,21.0,22.39,48102
BALAXI,2026-09-29,22.39,23.45,22.05,23.02,18116
BALAXI,2026-09-30,23.4,23.4,22.55,22.78,11994
BALAXI,2026-10-01,23.19,23.19,22.2,22.34,20508
BALAXI,2026-10-05,22.06,23.05,22.06,22.77,22927
BALKRISHNA,2026-09-28,16.32,17.26,15.99,16.44,15267
BALKRISHNA,2026-09-29,16.11,16.58,15.8,15.87,13114
BALKRISHNA,2026-09-30,15.88,16.49,15.76,16.29,4016
BALKRISHNA,2026-10-01,15.76,16.5,15.36,15.94,7587
BALKRISHNA,2026-10-05,15.95,16.1,15.95,16.0,2251
BALKRISIND,2026-09-28,2177.0,2178.6001,2148.0,2153.8,74316
BALKRISIND,2026-09-29,2151.3,2162.8,2115.8,2126.2,142506
BALKRISIND,2026-09-30,2121.6001,2155.0,2105.7,2117.0,119706
BALKRISIND,2026-10-01,2101.0,2108.0,2048.8999,2083.5,326468
BALKRISIND,2026-10-05,2083.5,2097.8999,2059.0,2066.5,95715
BALMLAWRIE,2026-09-28,164.16,164.79,162.3,162.48,52440
BALMLAWRIE,2026-09-29,162.3,162.47,160.11,161.59,73371
BALMLAWRIE,2026-09-30,161.0,165.65,161.0,161.16,90994
BALMLAWRIE,2026-10-01,161.16,161.26,158.1,159.3,116563
BALMLAWRIE,2026-10-05,161.75,162.0,157.5,158.59,112768
BALPHARMA,2026-09-28,108.0,110.05,103.8,104.77,42035
BALPHARMA,2026-09-29,105.39,114.63,105.06,112.11,237163
BALPHARMA,2026-09-30,112.44,113.38,109.0,109.53,41420
BALPHARMA,2026-10-01,109.1,110.0,104.51,105.74,54348
BALPHARMA,2026-10-05,106.95,109.79,105.11,106.79,25522
BALRAMCHIN,2026-09-29,680.7,681.5,670.0,672.9,602496
BALRAMCHIN,2026-09-30,678.0,688.4,654.0,662.85,1285691
BALRAMCHIN,2026-10-01,660.0,666.55,638.0,649.05,838261
BALRAMCHIN,2026-10-02,649.05,649.05,649.05,649.05,0
BALRAMCHIN,2026-10-05,652.55,679.5,652.55,671.5,1055611
BALUFORGE,2026-09-29,495.1,508.15,483.5,501.15,687035
BALUFORGE,2026-09-30,505.0,511.95,493.5,496.35,310853
BALUFORGE,2026-10-01,494.0,496.25,479.0,488.95,375442
BALUFORGE,2026-10-02,488.95,488.95,488.95,488.95,0
BALUFORGE,2026-10-05,494.15,512.5,491.7,502.8,468122
BANARBEADS,2026-09-28,126.0,126.0,116.81,117.27,4664
BANARBEADS,2026-09-29,119.6,119.8,113.1,115.25,3610
BANARBEADS,2026-09-30,115.25,124.7,115.0,120.75,3639
BANARBEADS,2026-10-01,120.85,122.0,116.0,116.0,1632
BANARBEADS,2026-10-05,116.25,119.98,115.01,115.04,776
BANARISUG,2026-09-29,3393.6001,3393.6001,3301.6001,3305.0,554
BANARISUG,2026-09-30,3245.1001,3329.2,3245.1001,3300.2,308
BANARISUG,2026-10-01,3300.2,3327.0,3261.0,3300.5,1105
BANARISUG,2026-10-02,3300.5,3300.5,3300.5,3300.5,0
BANARISUG,2026-10-05,3327.5,3342.0,3272.2,3296.8,558
BANCOINDIA,2026-09-29,592.7,599.9,583.3,595.65,64135
BANCOINDIA,2026-09-30,598.3,617.45,598.3,606.3,110117
BANCOINDIA,2026-10-01,604.0,604.0,584.35,589.85,78841
BANCOINDIA,2026-10-02,589.85,589.85,589.85,589.85,0
BANCOINDIA,2026-10-05,590.35,597.8,579.7,589.8,79775
BANDHANBNK,2026-09-29,181.2,185.31,179.3,185.31,9533177
BANDHANBNK,2026-09-30,184.01,184.37,177.26,178.23,13031625
BANDHANBNK,2026-10-01,178.25,180.93,172.86,176.0,11142144
BANDHANBNK,2026-10-02,176.0,176.0,176.0,176.0,0
BANDHANBNK,2026-10-05,176.0,176.73,168.05,168.27,18154959
BANG,2026-09-28,32.78,32.78,31.4,31.69,7680
BANG,2026-09-29,32.4,32.68,31.42,31.68,11450
BANG,2026-09-30,31.53,32.8,30.92,32.27,21308
BANG,2026-10-01,32.98,32.98,31.3,31.44,30072
BANG,2026-10-05,32.0,33.9,31.45,33.28,48172
BANKA,2026-09-28,73.78,75.48,71.6,73.09,1103
BANKA,2026-09-29,72.0,72.4,70.5,70.52,3034
BANKA,2026-09-30,70.52,72.0,70.0,70.0,918
BANKA,2026-10-01,70.0,70.5,67.75,68.51,19107
BANKA,2026-10-05,69.99,70.8,68.0,69.84,2444
BANKBARODA,2026-09-29,227.5,230.57,223.82,227.68,7198395
BANKBARODA,2026-09-30,230.4,235.7,230.29,230.55,10920670
BANKBARODA,2026-10-01,230.0,233.99,229.52,230.82,9034271
BANKBARODA,2026-10-02,230.82,230.82,230.82,230.82,0
BANKBARODA,2026-10-05,233.11,237.32,231.93,232.8,10802904
BANKINDIA,2026-09-29,130.0,131.83,128.55,130.11,9187360
BANKINDIA,2026-09-30,130.89,132.73,130.24,130.24,5018149
BANKINDIA,2026-10-01,130.0,131.11,126.73,129.48,4296454
BANKINDIA,2026-10-02,129.48,129.48,129.48,129.48,0
BANKINDIA,2026-10-05,132.09,136.27,132.0,133.5,15657633
BANSALWIRE,2026-09-28,322.15,335.0,310.6,317.6,326451
BANSALWIRE,2026-09-29,319.75,330.0,319.75,327.65,125973
BANSALWIRE,2026-09-30,330.35,333.95,322.0,323.45,109681
BANSALWIRE,2026-10-01,325.8,325.8,317.0,323.05,76604
BANSALWIRE,2026-10-05,323.0,327.7,321.0,323.05,40675
BANSWRAS,2026-09-28,109.25,111.0,106.65,107.62,12765
BANSWRAS,2026-09-29,109.9,109.9,106.21,107.31,9777
BANSWRAS,2026-09-30,110.43,110.43,107.27,108.61,7017
BANSWRAS,2026-10-01,109.05,109.5,104.41,105.1,22416
BANSWRAS,2026-10-05,105.08,106.79,102.1,102.93,19481
BASF,2026-09-28,3539.8,3580.0,3482.1001,3495.8,16965
BASF,2026-09-29,3495.8,3520.8999,3411.0,3435.6001,16267
BASF,2026-09-30,3445.0,3515.8,3438.6001,3447.8,10894
BASF,2026-10-01,3450.2,3452.0,3363.3,3417.1001,11006
BASF,2026-10-05,3440.0,3480.0,3390.0,3406.0,9380
BASILIC,2026-09-25,167.3,170.95,166.2,167.3,12000
BASILIC,2026-09-28,164.0,167.3,161.05,167.3,9600
BASILIC,2026-09-29,165.0,180.0,165.0,175.05,61500
BASILIC,2026-09-30,178.0,178.0,165.1,171.65,13800
BASILIC,2026-10-01,165.7,180.0,165.5,178.45,58200
BASML,2026-09-29,23.96,23.99,22.93,23.41,60335
BASML,2026-09-30,23.48,23.74,22.99,23.0,38632
BASML,2026-10-01,22.97,22.97,22.02,22.66,69255
BASML,2026-10-02,22.66,22.66,22.66,22.66,0
BASML,2026-10-05,23.19,24.5,22.45,22.54,84637
BATAINDIA,2026-09-28,631.5,633.7,621.0,624.7,118577
BATAINDIA,2026-09-29,624.7,628.9,613.0,620.35,137084
BATAINDIA,2026-09-30,620.4,627.0,617.05,618.75,59998
BATAINDIA,2026-10-01,618.8,622.85,606.15,613.0,126719
BATAINDIA,2026-10-05,613.0,617.9,608.0,611.05,76877
BATLIBOI,2026-09-28,84.25,87.5,80.53,83.19,27593
BATLIBOI,2026-09-29,84.6,85.9,82.55,85.24,24049
BATLIBOI,2026-09-30,85.85,86.9,82.58,82.95,26225
BATLIBOI,2026-10-01,83.9,84.0,79.24,82.35,25936
BATLIBOI,2026-10-05,84.0,90.61,81.5,89.78,106409
BAWEJA,2026-09-25,25.85,26.45,25.85,26.45,2400
BAWEJA,2026-09-28,25.45,26.0,25.25,26.0,2400
BAWEJA,2026-09-29,26.0,26.0,26.0,26.0,0
BAWEJA,2026-09-30,25.65,25.65,25.65,25.65,1600
BAWEJA,2026-10-01,28.0,28.2,26.5,26.5,24800
BAYERCROP,2026-09-28,3714.8999,3714.8999,3650.0,3671.8,55292
BAYERCROP,2026-09-29,3648.0,3669.6001,3575.0,3602.7,148960
BAYERCROP,2026-09-30,3615.0,3665.8,3615.0,3627.6001,21117
BAYERCROP,2026-10-01,3620.0,3620.0,3513.0,3554.2,22516
BAYERCROP,2026-10-05,3573.0,3585.0,3502.0,3508.8999,17587
BBL,2026-09-28,2162.0,2165.7,2105.1001,2112.2,14765
BBL,2026-09-29,2120.5,2169.7,2053.1001,2123.7,21374
BBL,2026-09-30,2129.3999,2163.7,2091.6001,2095.2,13884
BBL,2026-10-01,2098.0,2126.3999,2050.1001,2069.6001,30611
BBL,2026-10-05,2105.8999,2108.8999,2051.0,2058.8,15489
BBOX,2026-09-28,800.0,811.5,775.55,783.15,608541
BBOX,2026-09-29,786.0,828.4,783.0,812.8,1236329
BBOX,2026-09-30,820.0,854.6,800.25,804.8,1137619
BBOX,2026-10-01,804.85,825.55,782.65,795.85,735809
BBOX,2026-10-05,800.0,823.65,794.2,812.5,542343
BBTC,2026-09-28,1435.2,1435.3,1412.1,1415.7,30398
BBTC,2026-09-29,1415.0,1415.0,1350.0,1355.0,240571
BBTC,2026-09-30,1362.4,1378.8,1350.0,1357.4,24685
BBTC,2026-10-01,1346.4,1351.4,1307.0,1334.2,78135
BBTC,2026-10-05,1335.2,1350.0,1301.3,1304.5,77921
BBTCL,2026-09-28,227.13,231.8,227.0,228.12,2716
BBTCL,2026-09-29,234.9,234.9,226.57,228.15,4181
BBTCL,2026-09-30,233.3,233.3,225.62,228.67,627
BBTCL,2026-10-01,233.5,233.5,227.46,229.49,2533
BBTCL,2026-10-05,228.0,237.73,225.3,234.94,5929
BCG,2026-09-28,9.54,9.54,9.31,9.37,4016929
BCG,2026-09-29,9.37,9.44,9.2,9.28,3577362
BCG,2026-09-30,9.2,9.42,9.2,9.22,3466176
BCG,2026-10-01,9.18,9.8,9.0,9.52,7417823
BCG,2026-10-05,9.72,9.74,9.05,9.17,9002852
BCLIND,2026-09-28,33.4,33.71,32.35,32.52,450975
BCLIND,2026-09-29,32.51,32.8,31.75,32.42,318329
BCLIND,2026-09-30,32.42,32.74,31.51,31.79,223784
BCLIND,2026-10-01,31.7,31.77,30.41,31.24,529504
BCLIND,2026-10-05,31.31,32.14,31.05,31.29,523094
BCONCEPTS,2026-09-28,147.05,149.9,143.24,146.02,22888
BCONCEPTS,2026-09-29,146.0,146.0,138.0,139.25,24778
BCONCEPTS,2026-09-30,144.9,145.77,136.5,140.66,6718
BCONCEPTS,2026-10-01,139.95,145.32,137.42,140.41,7732
BCONCEPTS,2026-10-05,143.06,143.89,137.36,139.23,6700
BCPL,2026-09-28,69.4,70.0,67.5,67.98,9402
BCPL,2026-09-29,69.65,69.65,67.25,68.12,2531
BCPL,2026-09-30,67.8,71.9,65.4,68.86,28331
BCPL,2026-10-01,68.0,69.0,66.0,67.25,12237
BCPL,2026-10-05,68.8,68.8,66.1,67.0,7536
BDL,2026-09-28,1140.0,1140.9,1110.3,1115.0,1314080
BDL,2026-09-29,1112.7,1117.0,1085.1,1085.1,1081355
BDL,2026-09-30,1091.0,1127.6,1091.0,1110.1,1193043
BDL,2026-10-01,1103.0,1115.7,1071.2,1087.9,928850
BDL,2026-10-05,1087.9,1102.8,1082.1,1096.2,660275
BEACON,2026-09-25,84.2,88.5,84.2,87.95,5000
BEACON,2026-09-28,87.95,90.0,84.5,87.0,12000
BEACON,2026-09-29,87.85,88.0,84.5,85.0,9000
BEACON,2026-09-30,85.5,85.5,85.5,85.5,1000
BEACON,2026-10-01,85.0,88.95,84.5,85.0,10000
BEARDSELL,2026-09-28,24.47,27.0,23.52,24.58,23415
BEARDSELL,2026-09-29,24.58,24.99,23.07,23.32,138284
BEARDSELL,2026-09-30,24.44,24.44,22.02,22.43,82174
BEARDSELL,2026-10-01,23.48,23.48,21.21,22.13,43859
BEARDSELL,2026-10-05,22.3,23.15,22.17,22.76,23832
BECTORFOOD,2026-09-28,215.0,215.0,210.4,211.52,502149
BECTORFOOD,2026-09-29,211.47,212.94,207.39,208.7,454443
BECTORFOOD,2026-09-30,209.9,211.6,205.3,206.74,816875
BECTORFOOD,2026-10-01,205.5,216.14,205.03,213.03,1664376
BECTORFOOD,2026-10-05,213.03,213.99,208.61,210.83,428214
BEDMUTHA,2026-09-28,112.91,115.0,107.2,109.23,8144
BEDMUTHA,2026-09-29,110.32,112.2,106.62,107.46,2521
BEDMUTHA,2026-09-30,109.2,111.97,105.1,109.96,7028
BEDMUTHA,2026-10-01,109.96,112.11,107.5,110.33,4916
BEDMUTHA,2026-10-05,108.0,108.99,105.1,107.25,2006
BEEKAY,2026-09-29,422.2,446.8,416.15,433.3,2827
BEEKAY,2026-09-30,433.35,480.0,433.35,452.95,12184
BEEKAY,2026-10-01,462.7,475.0,431.3,435.4,3732
BEEKAY,2026-10-02,435.4,435.4,435.4,435.4,0
BEEKAY,2026-10-05,435.05,443.55,424.0,426.9,1073
BEL,2026-09-29,385.5,388.0,382.2,387.75,13517154
BEL,2026-09-30,386.4,391.0,385.0,388.3,9671143
BEL,2026-10-01,385.2,386.15,378.65,383.1,10250149
BEL,2026-10-02,383.1,383.1,383.1,383.1,0
BEL,2026-10-05,383.1,384.85,377.0,384.85,10909395
BELLACASA,2026-09-28,279.8,279.8,261.63,266.5,48135
BELLACASA,2026-09-29,279.5,279.5,252.81,255.51,18265
BELLACASA,2026-09-30,260.62,268.0,243.51,246.61,10056
BELLACASA,2026-10-01,258.0,258.0,238.25,241.22,9891
BELLACASA,2026-10-05,241.22,252.68,237.0,238.26,5875
BELRISE,2026-09-28,248.0,254.28,244.24,248.62,4151643
BELRISE,2026-09-29,249.45,249.45,239.2,240.52,1783755
BELRISE,2026-09-30,240.5,244.14,240.0,240.36,1036662
BELRISE,2026-10-01,240.0,244.66,232.65,237.5,3756358
BELRISE,2026-10-05,238.81,239.99,230.5,231.12,2024605
BEML,2026-09-28,2030.0,2035.0,1974.0,1995.1,214132
BEML,2026-09-29,1985.0,1990.4,1944.0,1966.6,235405
BEML,2026-09-30,1956.6,2002.8,1956.6,1992.4,204724
BEML,2026-10-01,1960.0,1995.5,1930.0,1962.3,198724
BEML,2026-10-05,1966.7,1993.9,1942.0,1970.4,144621
BENARAS,2026-09-28,10224.0,10224.0,10150.0,10150.0,122
BENARAS,2026-09-29,10399.0,10500.0,10067.0,10215.0,166
BENARAS,2026-09-30,10205.0,10288.0,10200.0,10215.0,24
BENARAS,2026-10-01,10202.0,10249.0,10195.0,10249.0,82
BENARAS,2026-10-05,10201.0,10250.0,10063.0,10166.0,109
BENGALASM,2026-09-28,6275.0,6275.0,5900.0,5938.5,1240
BENGALASM,2026-09-29,6005.0,6220.5,5950.0,6161.5,689
BENGALASM,2026-09-30,6109.5,6138.0,6051.0,6103.0,246
BENGALASM,2026-10-01,6136.5,6136.5,6003.0,6088.0,385
BENGALASM,2026-10-05,6085.0,6150.0,5421.0,5772.0,2863
BEPL,2026-09-29,126.45,126.95,123.5,124.0,813546
BEPL,2026-09-30,124.0,127.19,123.75,124.4,743884
BEPL,2026-10-01,124.96,127.74,120.91,123.76,1534274
BEPL,2026-10-02,123.76,123.76,123.76,123.76,0
BEPL,2026-10-05,124.0,126.4,122.62,124.77,695197
BERGEPAINT,2026-09-28,458.0,458.85,450.3,452.85,354792
BERGEPAINT,2026-09-29,451.95,456.4,441.1,448.2,610722
BERGEPAINT,2026-09-30,451.15,458.75,449.25,455.45,302319
BERGEPAINT,2026-10-01,455.05,457.9,445.3,452.4,386752
BERGEPAINT,2026-10-05,455.3,460.8,452.45,458.4,514017
BESTAGRO,2026-09-29,17.81,18.0,17.3,17.86,469015
BESTAGRO,2026-09-30,17.74,18.25,17.33,17.53,672928
BESTAGRO,2026-10-01,17.86,17.86,17.13,17.47,555610
BESTAGRO,2026-10-02,17.47,17.47,17.47,17.47,0
BESTAGRO,2026-10-05,18.17,18.17,17.41,17.73,490937
BETA,2026-09-28,2080.0,2100.0,2020.0,2040.3,12981
BETA,2026-09-29,2040.0,2084.8,2010.5,2064.8999,12014
BETA,2026-09-30,2079.8999,2095.0,2026.6,2053.0,7218
BETA,2026-10-01,2030.0,2088.5,2020.0,2073.3,8698
BETA,2026-10-05,2064.5,2173.8,1986.7,2004.0,19642
BEWLTD,2026-09-25,74.3,75.5,66.9,67.65,71000
BEWLTD,2026-09-28,69.05,72.5,61.2,63.0,97500
BEWLTD,2026-09-29,63.0,64.0,59.25,60.95,54000
BEWLTD,2026-09-30,60.95,61.9,60.2,60.5,19000
BEWLTD,2026-10-01,60.0,62.4,57.25,58.5,23000
BFINVEST,2026-09-28,444.9,444.9,433.3,435.2,12952
BFINVEST,2026-09-29,436.5,439.3,432.05,436.15,19909
BFINVEST,2026-09-30,436.15,443.45,433.0,434.05,13108
BFINVEST,2026-10-01,430.5,434.4,424.95,428.7,16511
BFINVEST,2026-10-05,434.2,443.9,434.05,436.85,13712
BFUTILITIE,2026-09-29,515.2,518.45,502.0,508.9,69674
BFUTILITIE,2026-09-30,512.0,525.0,504.0,507.75,73546
BFUTILITIE,2026-10-01,496.05,508.7,490.95,504.75,77989
BFUTILITIE,2026-10-02,504.75,504.75,504.75,504.75,0
BFUTILITIE,2026-10-05,504.75,512.95,495.0,495.9,35313
BGLOBAL,2026-09-29,3.27,3.27,3.27,3.27,0
BGLOBAL,2026-09-30,3.27,3.27,3.27,3.27,0
BGLOBAL,2026-10-01,3.27,3.27,3.27,3.27,0
BGLOBAL,2026-10-02,3.27,3.27,3.27,3.27,0
BGLOBAL,2026-10-05,3.43,3.43,3.4,3.42,47281
BGRENERGY,2026-09-28,268.6,268.6,252.0,268.28,160253
BGRENERGY,2026-09-29,261.58,261.58,254.87,254.87,35946
BGRENERGY,2026-09-30,242.13,242.13,242.13,242.13,35590
BGRENERGY,2026-10-01,232.5,250.0,230.4,239.71,71185
BGRENERGY,2026-10-05,238.98,246.0,230.0,232.95,51792
BHAGCHEM,2026-09-28,244.0,244.0,240.1,241.1,63546
BHAGCHEM,2026-09-29,241.45,243.1,237.9,240.25,63799
BHAGCHEM,2026-09-30,240.0,242.75,235.05,238.55,78136
BHAGCHEM,2026-10-01,237.5,238.5,228.0,236.15,139794
BHAGCHEM,2026-10-05,233.56,239.04,228.0,229.14,98090
BHAGERIA,2026-09-28,397.0,397.0,370.1,380.85,237200
BHAGERIA,2026-09-29,380.65,387.4,371.0,377.85,112369
BHAGERIA,2026-09-30,382.0,413.5,378.0,406.45,364825
BHAGERIA,2026-10-01,415.8,415.8,375.0,382.05,319885
BHAGERIA,2026-10-05,391.0,395.85,358.0,364.65,197915
BHAGYANGR,2026-09-28,446.0,446.0,407.1,411.35,133826
BHAGYANGR,2026-09-29,404.05,412.5,397.15,408.1,89524
BHAGYANGR,2026-09-30,405.0,422.0,400.05,411.15,87639
BHAGYANGR,2026-10-01,412.7,415.0,391.1,402.65,140359
BHAGYANGR,2026-10-05,401.0,418.0,396.0,412.35,173594
BHANDARI,2026-09-28,2.97,2.97,2.89,2.9,154510
BHANDARI,2026-09-29,2.88,2.94,2.87,2.9,148872
BHANDARI,2026-09-30,2.9,2.93,2.88,2.89,96957
BHANDARI,2026-10-01,2.9,2.91,2.8,2.82,90509
BHANDARI,2026-10-05,2.88,2.89,2.73,2.76,147359
BHARATCOAL,2026-09-29,32.62,33.67,32.32,33.5,13101283
BHARATCOAL,2026-09-30,33.49,33.55,32.45,32.8,4485549
BHARATCOAL,2026-10-01,32.75,32.76,31.18,31.75,4959413
BHARATCOAL,2026-10-02,31.75,31.75,31.75,31.75,0
BHARATCOAL,2026-10-05,31.8,32.3,31.37,31.88,5387913
BHARATFORG,2026-09-28,1980.1,1994.5,1951.2,1957.0,583093
BHARATFORG,2026-09-29,1950.0,1958.0,1917.0,1942.0,1101271
BHARATFORG,2026-09-30,1931.0,1944.9,1891.6,1926.0,1059256
BHARATFORG,2026-10-01,1910.0,1915.9,1845.2,1875.0,1151437
BHARATFORG,2026-10-05,1868.0,1873.7,1816.7,1833.0,1029602
BHARATGEAR,2026-09-28,101.0,101.8,99.02,99.82,15753
BHARATGEAR,2026-09-29,99.33,100.78,99.0,100.29,11861
BHARATGEAR,2026-09-30,100.29,102.3,99.5,101.43,8952
BHARATGEAR,2026-10-01,101.99,101.99,98.6,99.64,9756
BHARATGEAR,2026-10-05,100.01,101.0,99.1,99.67,7422
BHARATRAS,2026-09-28,1102.2,1102.2,1027.8,1046.2,26011
BHARATRAS,2026-09-29,1049.7,1055.0,1000.0,1005.7,66905
BHARATRAS,2026-09-30,1008.1,1030.0,998.5,1003.9,28003
BHARATRAS,2026-10-01,1003.9,1010.1,977.4,998.6,17142
BHARATRAS,2026-10-05,1011.9,1011.9,970.0,983.2,11638
BHARATSE,2026-09-29,212.45,215.23,207.91,213.61,92513
BHARATSE,2026-09-30,216.13,217.12,210.5,212.38,50392
BHARATSE,2026-10-01,212.55,212.55,199.12,204.65,201132
BHARATSE,2026-10-02,204.65,204.65,204.65,204.65,0
BHARATSE,2026-10-05,205.0,211.0,201.49,202.86,123062
BHARATWIRE,2026-09-28,163.99,171.5,162.6,166.35,282155
BHARATWIRE,2026-09-29,166.71,169.68,162.5,167.18,155514
BHARATWIRE,2026-09-30,166.95,169.66,164.0,164.36,98885
BHARATWIRE,2026-10-01,164.0,164.0,154.44,160.12,222059
BHARATWIRE,2026-10-05,160.1,164.6,160.1,162.25,118930
BHARTIARTL,2026-09-29,1764.0,1787.5,1762.0,1771.2,9811381
BHARTIARTL,2026-09-30,1775.2,1779.5,1753.7,1757.0,8080358
BHARTIARTL,2026-10-01,1745.0,1765.8,1726.3,1741.1,5609657
BHARTIARTL,2026-10-02,1741.1,1741.1,1741.1,1741.1,0
BHARTIARTL,2026-10-05,1742.3,1779.9,1742.3,1779.9,7310041
BHARTIHEXA,2026-09-28,1475.2,1476.2,1422.0,1426.5,85873
BHARTIHEXA,2026-09-29,1429.7,1432.4,1398.0,1409.4,171619
BHARTIHEXA,2026-09-30,1409.4,1438.0,1401.0,1424.5,102458
BHARTIHEXA,2026-10-01,1404.0,1407.6,1365.6,1379.2,116666
BHARTIHEXA,2026-10-05,1389.9,1396.1,1371.4,1383.1,528019
BHEL,2026-09-29,410.3,414.9,402.6,413.35,6607415
BHEL,2026-09-30,415.1,421.8,411.7,415.5,8153812
BHEL,2026-10-01,413.75,428.15,411.35,421.0,12669050
BHEL,2026-10-02,421.0,421.0,421.0,421.0,0
BHEL,2026-10-05,424.95,433.45,423.1,429.0,8225965
BI,2026-09-29,100.68,100.68,96.74,100.68,13447
BI,2026-09-30,98.67,98.67,98.67,98.67,5190
BI,2026-10-01,96.7,96.7,96.7,96.7,818
BI,2026-10-02,96.7,96.7,96.7,96.7,0
BI,2026-10-05,96.9,98.6,94.77,94.77,8260
BIGBLOC,2026-09-28,40.01,40.35,39.0,39.37,27505
BIGBLOC,2026-09-29,38.68,40.4,38.2,38.64,26802
BIGBLOC,2026-09-30,39.77,40.0,38.8,39.79,23838
BIGBLOC,2026-10-01,39.05,39.93,36.8,38.78,63041
BIGBLOC,2026-10-05,39.2,39.2,37.11,37.57,42913
BIKAJI,2026-09-28,570.7,570.7,555.25,557.9,56338
BIKAJI,2026-09-29,552.0,554.9,523.6,531.15,904191
BIKAJI,2026-09-30,530.0,543.0,516.0,521.8,174430
BIKAJI,2026-10-01,519.35,521.75,497.65,504.05,604474
BIKAJI,2026-10-05,507.0,514.0,484.5,487.0,387762
BIL,2026-09-28,1010.85,1020.0,990.0,1001.2,3150
BIL,2026-09-29,998.2,1008.7,990.0,1000.7,7606
BIL,2026-09-30,1030.0,1030.0,952.95,995.1,7093
BIL,2026-10-01,995.05,1004.0,980.4,987.55,11722
BIL,2026-10-05,1018.55,1098.0,995.0,1071.15,61770
BILVYAPAR,2026-09-28,4.49,4.59,4.26,4.48,16261
BILVYAPAR,2026-09-29,4.6,4.6,4.27,4.29,10350
BILVYAPAR,2026-09-30,4.27,4.27,4.16,4.25,1571
BILVYAPAR,2026-10-01,4.11,4.4,4.11,4.21,5504
BILVYAPAR,2026-10-05,4.35,4.35,4.06,4.19,1657
BIMETAL,2026-09-28,646.15,662.95,628.6,640.15,664
BIMETAL,2026-09-29,640.1,652.0,629.8,635.65,482
BIMETAL,2026-09-30,638.0,649.95,637.0,648.95,250
BIMETAL,2026-10-01,610.05,656.4,610.05,640.0,495
BIMETAL,2026-10-05,640.0,641.0,640.0,640.0,69
BIOCON,2026-09-29,376.05,379.95,373.25,377.0,2779766
BIOCON,2026-09-30,378.0,381.2,370.3,370.3,1849491
BIOCON,2026-10-01,370.55,374.25,363.6,370.7,2525268
BIOCON,2026-10-02,370.7,370.7,370.7,370.7,0
BIOCON,2026-10-05,371.35,373.05,365.1,369.8,2121058
BIOFILCHEM,2026-09-28,32.15,32.79,31.41,31.51,7424
BIOFILCHEM,2026-09-29,31.36,31.99,31.3,31.52,8360
BIOFILCHEM,2026-09-30,30.51,31.81,29.6,30.38,18556
BIOFILCHEM,2026-10-01,30.4,30.73,29.01,29.31,15611
BIOFILCHEM,2026-10-05,29.31,30.94,29.17,29.64,14099
BIRDYS,2026-09-25,85.45,85.45,85.45,85.45,0
BIRDYS,2026-09-28,85.45,85.45,85.45,85.45,0
BIRDYS,2026-09-29,85.45,85.45,85.45,85.45,0
BIRDYS,2026-09-30,85.45,85.45,85.45,85.45,0
BIRDYS,2026-10-01,83.0,84.0,83.0,83.1,3600
BIRLACABLE,2026-09-29,353.85,368.95,344.0,368.95,427890
BIRLACABLE,2026-09-30,372.0,387.35,371.45,381.15,654414
BIRLACABLE,2026-10-01,377.9,389.0,362.1,383.0,403264
BIRLACABLE,2026-10-02,383.0,383.0,383.0,383.0,0
BIRLACABLE,2026-10-05,389.7,391.0,372.1,376.65,249466
BIRLACORPN,2026-09-28,850.7,852.35,835.0,839.1,26947
BIRLACORPN,2026-09-29,836.0,853.7,828.35,849.9,57453
BIRLACORPN,2026-09-30,850.0,857.8,839.0,840.05,20629
BIRLACORPN,2026-10-01,840.0,841.5,815.0,828.95,82178
BIRLACORPN,2026-10-05,828.1,835.45,812.0,812.8,36726
BIRLAMONEY,2026-09-28,118.88,120.0,114.15,115.31,24514
BIRLAMONEY,2026-09-29,114.71,115.78,112.01,114.29,31654
BIRLAMONEY,2026-09-30,114.29,116.5,114.29,114.78,18729
BIRLAMONEY,2026-10-01,114.78,115.9,110.1,112.82,31523
BIRLAMONEY,2026-10-05,112.23,115.86,110.71,112.15,19921
BIRLANU,2026-09-28,1438.8,1511.9,1408.1,1441.0,21222
BIRLANU,2026-09-29,1441.0,1442.8,1390.0,1406.0,7707
BIRLANU,2026-09-30,1406.0,1426.5,1394.1,1400.1,6563
BIRLANU,2026-10-01,1399.9,1415.8,1350.0,1391.2,7041
BIRLANU,2026-10-05,1425.0,1425.0,1361.1,1379.5,3263
BIRLAPREC,2026-09-28,55.25,55.25,52.35,53.88,102636
BIRLAPREC,2026-09-29,52.27,54.98,52.27,54.8,59792
BIRLAPREC,2026-09-30,54.8,55.95,54.0,54.91,76920
BIRLAPREC,2026-10-01,54.65,57.65,53.6,55.96,210297
BIRLAPREC,2026-10-05,56.44,58.75,54.0,57.78,112592
BLACKBUCK,2026-09-28,599.95,609.3,595.15,601.2,449313
BLACKBUCK,2026-09-29,603.75,625.0,598.4,622.4,703713
BLACKBUCK,2026-09-30,628.0,634.0,606.0,607.9,471558
BLACKBUCK,2026-10-01,605.0,615.45,595.0,606.15,431008
BLACKBUCK,2026-10-05,612.15,619.0,597.1,599.4,362727
BLACKROSE,2026-09-28,121.0,121.0,112.0,116.32,101196
BLACKROSE,2026-09-29,118.98,118.98,109.99,113.25,41795
BLACKROSE,2026-09-30,115.25,118.28,112.0,115.79,54925
BLACKROSE,2026-10-01,114.9,117.19,109.0,110.45,57092
BLACKROSE,2026-10-05,115.0,115.0,109.0,110.31,13885
BLAL,2026-09-28,164.85,164.85,160.01,160.69,12083
BLAL,2026-09-29,160.06,164.99,158.61,163.65,18397
BLAL,2026-09-30,162.38,163.09,159.01,160.26,23426
BLAL,2026-10-01,161.0,161.38,156.06,157.83,13528
BLAL,2026-10-05,160.9,160.9,153.5,156.84,8394
BLBLIMITED,2026-09-28,17.45,17.5,17.01,17.18,62882
BLBLIMITED,2026-09-29,17.34,17.38,16.72,16.84,103341
BLBLIMITED,2026-09-30,16.6,17.19,16.6,16.73,47532
BLBLIMITED,2026-10-01,16.9,16.93,16.35,16.64,70212
BLBLIMITED,2026-10-05,16.64,16.93,15.8,15.98,155795
BLEL,2026-09-29,449.05,451.0,436.1,447.05,251670
BLEL,2026-09-30,451.9,529.95,449.6,485.6,15601996
BLEL,2026-10-01,482.0,495.95,461.0,467.95,1849262
BLEL,2026-10-02,467.95,467.95,467.95,467.95,0
BLEL,2026-10-05,471.5,499.7,471.0,490.05,1679279
BLIL,2026-09-28,66.85,66.88,65.4,65.56,83265
BLIL,2026-09-29,65.0,65.49,64.72,64.91,98538
BLIL,2026-09-30,65.17,65.78,64.91,65.23,45185
BLIL,2026-10-01,65.89,65.89,64.22,65.01,75567
BLIL,2026-10-05,65.49,65.49,64.29,64.5,80170
BLISSGVS,2026-09-28,712.0,739.9,705.0,737.65,2825169
BLISSGVS,2026-09-29,727.0,730.0,700.8,710.9,528926
BLISSGVS,2026-09-30,709.95,722.0,690.0,694.45,209856
BLISSGVS,2026-10-01,681.0,700.0,670.0,683.6,138482
BLISSGVS,2026-10-05,671.5,697.9,660.0,664.8,198924
BLKASHYAP,2026-09-28,53.5,53.77,51.5,51.9,173150
BLKASHYAP,2026-09-29,52.06,52.06,49.87,50.9,441623
BLKASHYAP,2026-09-30,50.61,53.44,50.0,50.36,421044
BLKASHYAP,2026-10-01,50.89,51.44,48.66,50.23,497255
BLKASHYAP,2026-10-05,50.23,54.0,49.93,53.22,1836472
BLS,2026-09-28,223.5,223.71,221.0,221.22,486201
BLS,2026-09-29,221.6,224.6,218.0,219.55,784993
BLS,2026-09-30,219.55,223.93,217.23,218.26,602312
BLS,2026-10-01,217.0,219.8,212.0,216.51,803646
BLS,2026-10-05,217.05,219.91,214.79,215.75,570012
BLSE,2026-09-29,161.275,162.0,157.825,160.55,507608
BLSE,2026-09-30,161.5,166.0,160.55,164.3,890570
BLSE,2026-10-01,165.5,167.4,159.15,161.025,1045952
BLSE,2026-10-02,161.025,161.025,161.025,161.025,0
BLSE,2026-10-05,162.475,163.9,158.0,159.575,877650
BLUECHIP,2026-09-29,1.98,1.98,1.98,1.98,0
BLUECHIP,2026-09-30,1.98,1.98,1.98,1.98,0
BLUECHIP,2026-10-01,1.98,1.98,1.98,1.98,0
BLUECHIP,2026-10-02,1.98,1.98,1.98,1.98,0
BLUECHIP,2026-10-05,1.95,1.95,1.95,1.95,1020
BLUECLOUDS,2026-09-28,22.45,23.96,21.26,21.71,25113789
BLUECLOUDS,2026-09-29,21.74,21.74,19.89,20.23,7984831
BLUECLOUDS,2026-09-30,20.35,20.82,19.56,19.9,4389309
BLUECLOUDS,2026-10-01,20.22,20.28,19.4,19.88,2430865
BLUECLOUDS,2026-10-05,20.25,20.75,19.4,19.61,2034648
BLUECOAST,2026-09-28,22.1,22.11,21.06,21.99,4693
BLUECOAST,2026-09-29,22.99,22.99,21.61,22.7,1393
BLUECOAST,2026-09-30,22.7,23.8,22.01,22.07,3112
BLUECOAST,2026-10-01,21.63,23.16,21.63,22.0,843
BLUECOAST,2026-10-05,22.0,22.0,20.9,21.06,1903
BLUEDART,2026-09-28,4725.0,4795.0,4705.0,4749.6001,6178
BLUEDART,2026-09-29,4747.2002,4751.8999,4523.0,4576.0,88233
BLUEDART,2026-09-30,4574.8999,4654.2002,4539.2998,4629.0,14406
BLUEDART,2026-10-01,4713.8999,4793.7998,4460.0,4496.7998,51320
BLUEDART,2026-10-05,4546.2998,4549.7998,4458.1001,4514.3999,6452
BLUEJET,2026-09-28,565.5,573.7,554.5,557.3,194888
BLUEJET,2026-09-29,558.95,566.6,544.8,549.6,763828
BLUEJET,2026-09-30,555.0,562.35,535.0,538.05,399671
BLUEJET,2026-10-01,538.05,545.0,521.15,541.8,522842
BLUEJET,2026-10-05,546.8,546.8,528.8,531.5,300308
BLUEPEBBLE,2026-09-25,71.25,71.25,71.25,71.25,400
BLUEPEBBLE,2026-09-28,70.25,70.25,67.7,68.85,2000
BLUEPEBBLE,2026-09-29,67.8,67.8,65.45,67.0,2000
BLUEPEBBLE,2026-09-30,65.0,65.0,65.0,65.0,1200
BLUEPEBBLE,2026-10-01,67.5,67.5,62.35,66.0,2800
BLUESTARCO,2026-09-29,1572.9,1578.5,1526.9,1529.5,1003421
BLUESTARCO,2026-09-30,1525.0,1541.1,1502.1,1518.0,615606
BLUESTARCO,2026-10-01,1513.0,1517.0,1444.0,1459.6,962569
BLUESTARCO,2026-10-02,1459.6,1459.6,1459.6,1459.6,0
BLUESTARCO,2026-10-05,1476.0,1517.0,1460.4,1510.0,367830
BLUESTONE,2026-09-28,810.0,814.0,775.5,786.2,978972
BLUESTONE,2026-09-29,789.0,815.95,740.35,806.05,2316818
BLUESTONE,2026-09-30,806.2,812.0,782.0,794.85,805919
BLUESTONE,2026-10-01,792.0,798.0,767.55,787.95,928246
BLUESTONE,2026-10-05,780.5,797.65,778.2,790.65,508931
BLUSPRING,2026-09-28,145.12,151.9,138.43,149.44,690632
BLUSPRING,2026-09-29,149.0,152.5,142.0,143.11,351924
BLUSPRING,2026-09-30,145.8,147.8,140.1,141.74,149662
BLUSPRING,2026-10-01,141.74,149.0,139.01,147.82,346713
BLUSPRING,2026-10-05,150.0,151.54,142.95,143.92,223038
BMETRICS,2026-09-25,38.85,41.4,38.85,41.4,27200
BMETRICS,2026-09-28,41.4,46.3,41.4,44.2,38400
BMETRICS,2026-09-29,44.2,44.2,44.2,44.2,0
BMETRICS,2026-09-30,37.05,41.0,37.05,38.6,16800
BMETRICS,2026-10-01,38.0,38.0,36.5,36.6,4000
BMWVENTLTD,2026-09-28,52.7,52.7,50.51,51.4,108031
BMWVENTLTD,2026-09-29,51.6,52.49,51.4,51.49,83375
BMWVENTLTD,2026-09-30,51.13,51.89,51.12,51.5,27684
BMWVENTLTD,2026-10-01,51.5,51.75,50.51,50.83,49440
BMWVENTLTD,2026-10-05,50.8,51.89,49.55,50.02,80294
BNAGROCHEM,2026-09-29,208.0,218.0,197.6,207.24,918
BNAGROCHEM,2026-09-30,215.0,217.6,210.1,217.6,102349
BNAGROCHEM,2026-10-01,219.0,228.48,219.0,227.83,434945
BNAGROCHEM,2026-10-02,227.83,227.83,227.83,227.83,0
BNAGROCHEM,2026-10-05,232.5,239.22,219.0,238.45,159454
BNALTD,2026-09-28,351.8,351.8,351.8,351.8,0
BNALTD,2026-09-29,351.8,351.8,351.8,351.8,1
BNALTD,2026-09-30,351.8,351.8,351.8,351.8,0
BNALTD,2026-10-01,351.8,351.8,351.8,351.8,0
BNALTD,2026-10-02,351.8,351.8,351.8,351.8,0
BODALCHEM,2026-09-28,202.5,207.7,196.0,201.93,1094096
BODALCHEM,2026-09-29,201.95,202.8,191.84,191.99,710483
BODALCHEM,2026-09-30,191.99,200.5,182.4,198.35,789248
BODALCHEM,2026-10-01,197.0,199.0,188.44,189.75,619032
BODALCHEM,2026-10-05,189.98,195.0,180.27,180.3,513560
BOHRAIND,2026-09-28,16.42,16.42,15.3,15.79,22069
BOHRAIND,2026-09-29,15.79,15.79,15.01,15.01,7861
BOHRAIND,2026-09-30,15.03,15.76,14.8,15.51,26872
BOHRAIND,2026-10-01,16.1,16.1,14.74,14.74,22674
BOHRAIND,2026-10-05,15.13,15.13,14.01,14.01,4635
BOMDYEING,2026-09-29,108.0,108.0,105.01,106.7,351757
BOMDYEING,2026-09-30,106.75,107.84,105.0,105.62,316532
BOMDYEING,2026-10-01,104.96,105.5,101.71,102.63,517445
BOMDYEING,2026-10-02,102.63,102.63,102.63,102.63,0
BOMDYEING,2026-10-05,103.4,104.3,101.02,101.54,384695
BONLON,2026-09-28,41.1,41.43,39.82,40.16,4124
BONLON,2026-09-29,40.16,42.0,39.56,40.16,4226
BONLON,2026-09-30,41.0,41.9,38.01,40.21,38309
BONLON,2026-10-01,41.0,41.0,39.11,39.97,6490
BONLON,2026-10-05,41.0,41.0,39.59,39.76,6716
BORANA,2026-09-28,293.0,301.0,280.1,296.2,76390
BORANA,2026-09-29,294.15,300.6,286.1,296.4,28915
BORANA,2026-09-30,297.8,297.8,275.0,278.2,66407
BORANA,2026-10-01,278.15,283.7,268.1,272.95,52832
BORANA,2026-10-05,272.0,277.8,268.6,270.4,11307
BOROLTD,2026-09-28,275.0,283.76,269.0,280.8,1497356
BOROLTD,2026-09-29,281.0,282.26,272.01,276.21,461628
BOROLTD,2026-09-30,282.0,300.0,279.41,293.38,1096443
BOROLTD,2026-10-01,291.0,291.0,271.6,280.2,560059
BOROLTD,2026-10-05,287.0,294.4,277.05,278.35,257447
BORORENEW,2026-09-28,455.45,462.65,449.9,452.25,308633
BORORENEW,2026-09-29,452.25,459.95,449.1,452.5,392825
BORORENEW,2026-09-30,452.95,470.8,452.95,458.15,523400
BORORENEW,2026-10-01,456.4,460.6,437.45,449.6,531272
BORORENEW,2026-10-05,455.9,458.9,440.5,442.7,240996
BOROSCI,2026-09-29,114.47,118.56,113.22,114.84,176023
BOROSCI,2026-09-30,114.84,116.77,113.16,113.91,54494
BOROSCI,2026-10-01,114.0,114.51,110.0,112.72,72726
BOROSCI,2026-10-02,112.72,112.72,112.72,112.72,0
BOROSCI,2026-10-05,112.8,115.0,111.75,112.15,146287
BOSCHLTD,2026-09-29,47145.0,47240.0,45700.0,45700.0,14828
BOSCHLTD,2026-09-30,45960.0,47545.0,45960.0,47100.0,30394
BOSCHLTD,2026-10-01,46810.0,46995.0,44410.0,45480.0,48572
BOSCHLTD,2026-10-02,45480.0,45480.0,45480.0,45480.0,0
BOSCHLTD,2026-10-05,45550.0,46000.0,44610.0,44960.0,41822
BPCL,2026-09-29,302.25,303.45,296.5,299.35,4538466
BPCL,2026-09-30,301.95,308.25,301.1,303.2,5525502
BPCL,2026-10-01,302.0,305.05,297.1,300.6,5618518
BPCL,2026-10-02,300.6,300.6,300.6,300.6,0
BPCL,2026-10-05,301.5,306.55,294.3,296.95,7903107
BPL,2026-09-28,45.89,50.6,44.78,46.41,248463
BPL,2026-09-29,46.99,47.99,45.1,46.5,87265
BPL,2026-09-30,46.78,46.85,45.32,45.59,37403
BPL,2026-10-01,45.4,45.9,44.45,45.29,21555
BPL,2026-10-05,45.0,45.8,44.0,44.39,20566
BPLPHARMA,2026-09-28,2093.0,2277.6001,2001.0,2149.8,155526
BPLPHARMA,2026-09-29,2159.8999,2222.0,1820.0,1926.0,64591
BPLPHARMA,2026-09-30,1945.0,1948.0,1756.4,1792.8,15982
BPLPHARMA,2026-10-01,1815.7,1822.4,1667.0,1720.4,11114
BPLPHARMA,2026-10-05,1769.2,1790.0,1670.0,1726.9,12144
BRAHMINFRA,2026-09-28,148.74,150.94,145.0,148.23,26641
BRAHMINFRA,2026-09-29,145.6,156.0,142.01,149.26,33835
BRAHMINFRA,2026-09-30,158.2,159.0,146.15,148.08,41533
BRAHMINFRA,2026-10-01,151.3,151.3,143.0,148.85,18240
BRAHMINFRA,2026-10-05,157.65,157.65,140.44,143.02,13100
BRIGADE,2026-09-28,600.0,600.85,580.35,583.9,174680
BRIGADE,2026-09-29,579.05,584.85,557.55,563.05,326005
BRIGADE,2026-09-30,559.1,586.85,559.1,575.25,566667
BRIGADE,2026-10-01,573.75,575.75,552.1,569.55,310825
BRIGADE,2026-10-05,571.0,583.4,561.1,571.6,324478
BRIGHOTEL,2026-09-28,56.13,56.59,55.25,55.52,60713
BRIGHOTEL,2026-09-29,55.4,56.98,55.21,56.14,127096
BRIGHOTEL,2026-09-30,55.85,57.8,55.85,56.96,282041
BRIGHOTEL,2026-10-01,56.96,57.5,55.8,56.94,186794
BRIGHOTEL,2026-10-05,57.01,57.4,56.2,57.06,95219
BRIGHTBR,2026-09-28,251.4,255.0,236.1,248.1,6273
BRIGHTBR,2026-09-29,249.1,252.0,241.0,248.85,683
BRIGHTBR,2026-09-30,254.0,254.0,246.0,252.9,1978
BRIGHTBR,2026-10-01,243.0,250.9,241.25,241.85,275
BRIGHTBR,2026-10-05,234.05,243.0,227.0,230.65,5668
BRITANNIA,2026-09-29,4899.0,4907.5,4798.0,4835.0,524981
BRITANNIA,2026-09-30,4830.0,4830.5,4758.0,4830.0,485651
BRITANNIA,2026-10-01,4798.0,4812.2998,4737.0,4778.0,362699
BRITANNIA,2026-10-02,4778.0,4778.0,4778.0,4778.0,0
BRITANNIA,2026-10-05,4778.0,4817.2002,4734.1001,4770.0,204743
BRNL,2026-09-28,16.77,16.87,16.35,16.43,17173
BRNL,2026-09-29,16.28,16.87,15.99,16.45,30174
BRNL,2026-09-30,16.15,16.9,15.67,15.84,34022
BRNL,2026-10-01,15.99,16.79,15.75,16.03,21263
BRNL,2026-10-05,15.62,16.87,15.61,16.13,21855
BROOKS,2026-09-28,58.99,59.43,56.25,56.55,58423
BROOKS,2026-09-29,57.11,57.94,55.65,56.51,26984
BROOKS,2026-09-30,56.8,57.61,55.02,55.8,46499
BROOKS,2026-10-01,55.52,57.0,52.97,54.8,34254
BROOKS,2026-10-05,55.4,55.88,53.65,54.24,12783
BSE,2026-09-29,3100.0,3200.0,3100.0,3200.0,30101047
BSE,2026-09-30,3138.8999,3149.0,3075.0,3092.0,6411793
BSE,2026-10-01,3089.8999,3139.0,3000.0,3046.0,6273089
BSE,2026-10-02,3046.0,3046.0,3046.0,3046.0,0
BSE,2026-10-05,3052.0,3181.0,3036.0,3179.6001,6735475
BSHSL,2026-09-28,86.9,86.9,84.2,84.99,3780
BSHSL,2026-09-29,84.99,88.13,81.53,85.9,13135
BSHSL,2026-09-30,85.8,86.75,83.5,86.1,3551
BSHSL,2026-10-01,86.1,86.1,83.0,83.95,2741
BSHSL,2026-10-05,84.78,84.8,81.0,83.07,4676
BSL,2026-09-28,119.1,121.3,117.15,118.49,2824
BSL,2026-09-29,120.79,121.9,117.01,118.16,2047
BSL,2026-09-30,118.16,121.49,117.5,118.28,909
BSL,2026-10-01,121.5,121.5,115.05,118.2,3194
BSL,2026-10-05,121.49,121.49,118.53,120.15,2251
BSOFT,2026-09-28,274.55,275.9,270.0,271.25,1023070
BSOFT,2026-09-29,270.65,273.4,267.4,269.05,916800
BSOFT,2026-09-30,270.0,280.3,269.9,271.7,1727416
BSOFT,2026-10-01,271.95,278.95,267.05,269.75,1536439
BSOFT,2026-10-05,277.15,280.8,274.25,276.0,1555247
BTML,2026-09-28,7.44,7.44,7.1,7.15,184029
BTML,2026-09-29,7.15,7.25,6.96,7.03,105273
BTML,2026-09-30,6.91,7.44,6.91,6.97,91799
BTML,2026-10-01,7.1,7.25,6.31,7.09,1395797
BTML,2026-10-05,7.39,7.39,6.97,7.15,65521
BTTL,2026-09-28,40.5,40.5,38.5,38.5,5072
BTTL,2026-09-29,39.5,40.4,36.8,39.96,4534
BTTL,2026-09-30,40.76,41.5,38.25,40.98,1488
BTTL,2026-10-01,39.5,39.5,38.94,39.5,4247
BTTL,2026-10-05,39.49,41.33,38.2,38.72,2137
BUILDPRO,2026-09-28,1281.3,1281.3,1250.0,1256.7,69122
BUILDPRO,2026-09-29,1261.3,1279.1,1229.5,1244.2,50034
BUILDPRO,2026-09-30,1249.1,1257.9,1221.1,1231.0,84714
BUILDPRO,2026-10-01,1231.0,1256.4,1219.0,1249.2,51957
BUILDPRO,2026-10-05,1269.6,1284.0,1236.2,1265.9,80770
BURNPUR,2026-09-28,14.63,15.0,14.56,14.56,33834
BURNPUR,2026-09-29,14.01,14.27,13.84,13.84,50743
BURNPUR,2026-09-30,13.69,14.0,13.15,13.16,47764
BURNPUR,2026-10-01,13.09,13.09,12.51,12.56,24658
BURNPUR,2026-10-05,12.69,13.18,12.56,13.18,13021
BUTTERFLY,2026-09-28,561.0,577.5,559.95,564.05,11936
BUTTERFLY,2026-09-29,563.0,567.4,559.5,561.25,7600
BUTTERFLY,2026-09-30,564.3,565.35,551.55,552.75,12112
BUTTERFLY,2026-10-01,558.0,569.95,522.25,550.5,36497
BUTTERFLY,2026-10-05,564.9,567.0,545.35,547.55,15707
BVCL,2026-09-28,41.16,41.92,40.32,40.53,11671
BVCL,2026-09-29,40.06,41.3,40.06,40.87,5203
BVCL,2026-09-30,41.5,44.38,41.47,43.02,72324
BVCL,2026-10-01,43.02,43.92,41.33,41.39,18667
BVCL,2026-10-05,42.6,43.49,40.55,41.21,13402
BYKE,2026-09-28,29.99,30.0,28.25,29.13,39172
BYKE,2026-09-29,29.9,29.9,28.08,28.93,57741
BYKE,2026-09-30,29.5,29.87,29.0,29.12,40573
BYKE,2026-10-01,29.4,29.4,28.18,28.81,23792
BYKE,2026-10-05,28.5,30.25,28.5,29.66,25230
CADSYS,2026-09-28,43.7,43.7,43.7,43.7,0
CADSYS,2026-09-29,41.55,41.55,41.55,41.55,3000
CADSYS,2026-09-30,40.5,40.5,39.9,39.9,1000
CADSYS,2026-10-01,39.9,39.9,39.9,39.9,0
CADSYS,2026-10-02,39.9,39.9,39.9,39.9,0
CALSOFT,2026-09-28,35.94,35.94,34.35,34.55,199703
CALSOFT,2026-09-29,33.61,34.7,32.9,33.44,263015
CALSOFT,2026-09-30,33.37,35.11,32.07,35.11,151774
CALSOFT,2026-10-01,35.4,36.86,35.13,36.41,197802
CALSOFT,2026-10-05,36.79,36.79,34.59,34.93,154554
CAMLINFINE,2026-09-28,97.96,97.96,95.1,95.4,435867
CAMLINFINE,2026-09-29,95.97,96.42,92.75,93.17,518550
CAMLINFINE,2026-09-30,93.8,95.79,92.91,93.15,369269
CAMLINFINE,2026-10-01,93.47,94.18,89.12,91.01,605614
CAMLINFINE,2026-10-05,91.99,93.2,89.69,91.16,373342
CAMPUS,2026-09-28,209.94,212.99,207.4,211.04,325125
CAMPUS,2026-09-29,211.0,212.27,208.71,209.76,244297
CAMPUS,2026-09-30,210.0,211.36,207.52,208.83,196106
CAMPUS,2026-10-01,209.4,210.0,199.54,205.83,647062
CAMPUS,2026-10-05,206.35,208.99,203.01,204.12,186810
CAMS,2026-09-28,709.2,709.3,690.2,691.55,826842
CAMS,2026-09-29,685.0,689.95,665.05,666.0,2128456
CAMS,2026-09-30,666.6,679.95,666.0,671.0,1798467
CAMS,2026-10-01,671.0,682.0,665.45,677.25,1577224
CAMS,2026-10-05,679.0,692.5,677.9,683.85,1632282
CANARYS,2026-09-25,30.15,31.1,30.15,30.35,116000
CANARYS,2026-09-28,30.0,30.0,28.25,28.65,136000
CANARYS,2026-09-29,28.35,29.35,27.8,28.05,148000
CANARYS,2026-09-30,28.3,28.8,27.65,27.75,68000
CANARYS,2026-10-01,27.45,27.95,27.0,27.45,68000
CANBK,2026-09-29,120.0,120.34,118.03,119.51,20596639
CANBK,2026-09-30,119.7,121.48,119.44,119.44,12579795
CANBK,2026-10-01,119.45,120.13,116.51,118.36,13953325
CANBK,2026-10-02,118.36,118.36,118.36,118.36,0
CANBK,2026-10-05,119.39,120.96,118.21,118.5,22263750
CANFINHOME,2026-09-28,753.3,755.0,735.0,737.6,105181
CANFINHOME,2026-09-29,737.6,743.75,730.0,731.7,182975
CANFINHOME,2026-09-30,733.0,739.8,715.0,719.2,235321
CANFINHOME,2026-10-01,719.2,723.05,700.0,711.0,417879
CANFINHOME,2026-10-05,714.35,735.1,711.15,724.7,355842
CANHLIFE,2026-09-28,150.7,150.99,146.01,147.78,621483
CANHLIFE,2026-09-29,146.55,152.49,144.55,149.62,1474938
CANHLIFE,2026-09-30,149.87,149.87,147.15,148.51,225185
CANHLIFE,2026-10-01,147.9,148.0,141.91,143.85,451047
CANHLIFE,2026-10-05,142.4,147.5,141.13,142.36,384804
CANTABIL,2026-09-28,236.95,237.51,230.0,230.67,118654
CANTABIL,2026-09-29,231.0,234.43,228.21,232.5,92666
CANTABIL,2026-09-30,232.2,233.99,229.3,231.22,69587
CANTABIL,2026-10-01,231.22,232.7,224.0,224.66,90583
CANTABIL,2026-10-05,226.3,228.98,220.0,225.18,172213
CAPACITE,2026-09-28,190.01,191.13,184.0,184.41,251940
CAPACITE,2026-09-29,185.1,186.68,180.5,182.61,350639
CAPACITE,2026-09-30,182.7,186.63,182.4,182.89,95782
CAPACITE,2026-10-01,182.8,182.83,176.16,180.33,276832
CAPACITE,2026-10-05,182.0,182.91,175.99,178.62,222585
CAPILLARY,2026-09-28,602.6,604.75,572.9,576.35,156151
CAPILLARY,2026-09-29,576.35,576.35,551.4,568.05,142990
CAPILLARY,2026-09-30,569.0,574.0,553.15,560.45,69748
CAPILLARY,2026-10-01,560.0,571.7,522.55,554.7,351706
CAPILLARY,2026-10-05,560.0,564.7,538.0,546.1,108170
CAPITALSFB,2026-09-28,278.1,283.0,278.0,280.2,23105
CAPITALSFB,2026-09-29,280.0,281.95,274.55,279.65,33988
CAPITALSFB,2026-09-30,278.0,298.0,278.0,288.6,137229
CAPITALSFB,2026-10-01,286.0,290.75,274.05,277.5,76015
CAPITALSFB,2026-10-05,278.0,286.9,273.65,279.55,32415
CAPLIPOINT,2026-09-28,2856.7,2869.8,2801.8,2854.0,121333
CAPLIPOINT,2026-09-29,2852.0,2869.0,2735.0,2744.0,93586
CAPLIPOINT,2026-09-30,2760.1001,2797.8,2663.3,2716.3999,156298
CAPLIPOINT,2026-10-01,2710.0,2719.8999,2540.0,2631.8999,154382
CAPLIPOINT,2026-10-05,2609.7,2625.8,2541.1001,2604.0,142329
CAPTRUST,2026-09-28,18.3,19.14,18.02,18.39,8249
CAPTRUST,2026-09-29,18.15,18.73,17.48,17.55,25855
CAPTRUST,2026-09-30,17.65,18.42,16.9,18.28,27829
CAPTRUST,2026-10-01,19.0,19.19,18.0,19.07,35404
CAPTRUST,2026-10-05,19.07,20.02,18.5,19.99,60158
CARBORUNIV,2026-09-28,1274.1,1285.9,1237.2,1247.8,234625
CARBORUNIV,2026-09-29,1241.7,1255.0,1194.0,1200.5,279910
CARBORUNIV,2026-09-30,1206.5,1269.9,1204.4,1252.5,475133
CARBORUNIV,2026-10-01,1250.3,1263.7,1215.1,1239.7,384105
CARBORUNIV,2026-10-05,1241.0,1280.1,1230.7,1267.6,269403
CARERATING,2026-09-28,1628.9,1634.0,1604.9,1628.4,46655
CARERATING,2026-09-29,1627.9,1647.6,1603.4,1637.8,70064
CARERATING,2026-09-30,1637.0,1652.8,1611.0,1616.7,51390
CARERATING,2026-10-01,1616.7,1622.0,1581.1,1602.7,42470
CARERATING,2026-10-05,1602.7,1635.2,1590.2,1607.7,53661
CARRARO,2026-09-28,535.0,535.05,522.3,523.7,62260
CARRARO,2026-09-29,522.2,525.0,516.8,520.8,39095
CARRARO,2026-09-30,520.0,530.45,515.0,527.5,352593
CARRARO,2026-10-01,527.5,527.5,508.45,518.1,130189
CARRARO,2026-10-05,518.5,526.45,508.5,518.9,114896
CARTRADE,2026-09-29,2872.8,2937.0,2837.8,2907.5,245679
CARTRADE,2026-09-30,2922.0,2949.5,2888.0,2899.8,191607
CARTRADE,2026-10-01,2892.0,2903.6001,2739.8,2806.6001,312645
CARTRADE,2026-10-02,2806.6001,2806.6001,2806.6001,2806.6001,0
CARTRADE,2026-10-05,2806.0,2950.0,2804.2,2935.3999,267054
CARYSIL,2026-09-28,1064.1,1064.1,1034.0,1038.3,74140
CARYSIL,2026-09-29,1038.0,1072.0,1016.1,1056.5,92819
CARYSIL,2026-09-30,1046.1,1060.4,1020.0,1036.1,149256
CARYSIL,2026-10-01,1036.1,1054.8,995.7,1044.8,320062
CARYSIL,2026-10-05,1058.7,1058.7,1021.0,1031.0,92389
CASTROLIND,2026-09-29,200.2,202.8,198.1,199.83,5827158
CASTROLIND,2026-09-30,199.83,202.75,199.83,200.52,2564891
CASTROLIND,2026-10-01,200.31,201.09,196.5,199.04,2825230
CASTROLIND,2026-10-02,199.04,199.04,199.04,199.04,0
CASTROLIND,2026-10-05,199.05,201.5,197.75,199.51,2300283
CBAZAAR,2026-09-25,5.1,5.1,5.1,5.1,8000
CBAZAAR,2026-09-28,5.35,5.35,5.35,5.35,8000
CBAZAAR,2026-09-29,5.5,5.6,5.45,5.45,24000
CBAZAAR,2026-09-30,5.7,5.7,5.7,5.7,32000
CBAZAAR,2026-10-01,5.45,5.45,5.45,5.45,8000
CCAVENUE,2026-09-29,15.4,15.6,14.96,15.36,11575582
CCAVENUE,2026-09-30,15.31,15.52,15.08,15.12,7376759
CCAVENUE,2026-10-01,15.0,15.37,14.94,15.28,13286633
CCAVENUE,2026-10-02,15.28,15.28,15.28,15.28,0
CCAVENUE,2026-10-05,15.25,15.45,14.95,14.99,11659060
CCCL,2026-09-28,13.32,13.57,13.21,13.38,139389
CCCL,2026-09-29,13.38,13.95,13.0,13.47,222828
CCCL,2026-09-30,13.98,14.38,13.05,13.95,353951
CCCL,2026-10-01,14.2,14.2,13.0,13.45,390544
CCCL,2026-10-05,13.44,13.49,12.9,13.19,120507
CCHHL,2026-09-28,13.15,13.8,12.75,12.83,23613
CCHHL,2026-09-29,12.89,13.17,12.71,12.9,4917
CCHHL,2026-09-30,12.9,13.2,12.9,13.0,12278
CCHHL,2026-10-01,12.76,13.3,12.76,12.99,34934
CCHHL,2026-10-05,12.81,13.16,12.7,12.71,19957
CCL,2026-09-29,1030.0,1036.3,1000.0,1006.2,125455
CCL,2026-09-30,1002.0,1031.0,991.4,1019.5,146634
CCL,2026-10-01,1013.1,1070.0,996.6,1056.6,405128
CCL,2026-10-02,1056.6,1056.6,1056.6,1056.6,0
CCL,2026-10-05,1056.6,1057.6,1033.1,1051.9,179191
CDSL,2026-09-29,1289.0,1290.0,1261.3,1261.9,1412255
CDSL,2026-09-30,1270.0,1286.5,1262.5,1264.0,871860
CDSL,2026-10-01,1264.0,1274.6,1223.9,1242.5,1324382
CDSL,2026-10-02,1242.5,1242.5,1242.5,1242.5,0
CDSL,2026-10-05,1248.0,1260.3,1237.4,1250.0,915900
CEATLTD,2026-09-28,3350.0,3352.2,3260.0,3274.7,60830
CEATLTD,2026-09-29,3275.1001,3282.6001,3215.8999,3240.0,45813
CEATLTD,2026-09-30,3242.3,3320.8999,3242.3,3264.3999,46666
CEATLTD,2026-10-01,3266.2,3300.0,3197.0,3286.6001,49734
CEATLTD,2026-10-05,3286.6001,3313.3999,3244.1001,3283.0,26355
CEIGALL,2026-09-28,387.0,387.0,374.0,378.55,153927
CEIGALL,2026-09-29,378.75,384.8,373.0,377.55,417159
CEIGALL,2026-09-30,383.8,385.9,375.1,382.75,305558
CEIGALL,2026-10-01,380.85,387.7,374.0,380.1,170053
CEIGALL,2026-10-05,380.1,386.5,373.2,383.95,214266
CEINSYS,2026-09-29,682.0,690.0,668.0,681.85,47994
CEINSYS,2026-09-30,676.15,690.0,666.0,666.85,44612
CEINSYS,2026-10-01,665.0,672.1,634.95,654.25,62531
CEINSYS,2026-10-02,654.25,654.25,654.25,654.25,0
CEINSYS,2026-10-05,669.8,669.8,635.05,649.6,58702
CELEBRITY,2026-09-28,6.82,6.82,6.4,6.68,14854
CELEBRITY,2026-09-29,6.7,6.7,6.34,6.46,22678
CELEBRITY,2026-09-30,6.74,6.74,6.36,6.66,13125
CELEBRITY,2026-10-01,6.69,6.7,6.12,6.26,25232
CELEBRITY,2026-10-05,6.26,6.69,6.06,6.41,13811
CELLECOR,2026-09-25,30.35,30.4,29.5,29.6,156000
CELLECOR,2026-09-28,29.5,30.15,29.45,29.45,150000
CELLECOR,2026-09-29,29.55,29.85,29.5,29.55,102000
CELLECOR,2026-09-30,29.25,29.55,28.0,28.35,309000
CELLECOR,2026-10-01,28.8,29.35,27.65,28.9,870000
CELLO,2026-09-28,338.45,340.35,327.65,332.6,232646
CELLO,2026-09-29,332.6,336.5,325.6,333.35,213489
CELLO,2026-09-30,330.0,337.55,324.1,325.55,174282
CELLO,2026-10-01,325.0,327.5,314.0,323.1,260574
CELLO,2026-10-05,323.1,341.9,323.1,340.05,944620
CELLPOINT,2026-09-25,14.65,14.65,14.65,14.65,0
CELLPOINT,2026-09-28,13.4,13.95,13.4,13.95,4800
CELLPOINT,2026-09-29,13.95,13.95,13.95,13.95,0
CELLPOINT,2026-09-30,14.0,14.0,13.9,13.95,7200
CELLPOINT,2026-10-01,14.5,16.65,14.5,16.05,15600
CEMPRO,2026-09-28,1243.0,1259.9,1220.0,1224.5,132371
CEMPRO,2026-09-29,1229.0,1245.5,1214.0,1223.3,121284
CEMPRO,2026-09-30,1226.3,1249.0,1182.6,1192.2,242505
CEMPRO,2026-10-01,1189.0,1205.0,1160.3,1178.9,221740
CEMPRO,2026-10-05,1198.0,1209.5,1150.1,1156.6,237035
CENTENKA,2026-09-28,570.95,574.7,550.35,553.05,27044
CENTENKA,2026-09-29,558.6,560.2,541.0,549.5,20056
CENTENKA,2026-09-30,552.0,569.3,551.55,554.6,24863
CENTENKA,2026-10-01,547.3,550.4,530.55,537.8,29192
CENTENKA,2026-10-05,538.9,551.8,538.9,546.2,26663
CENTEXT,2026-09-28,18.52,18.56,17.98,18.14,177362
CENTEXT,2026-09-29,18.29,18.3,18.0,18.16,68265
CENTEXT,2026-09-30,18.2,19.07,18.2,18.62,121183
CENTEXT,2026-10-01,18.62,18.79,18.07,18.18,73904
CENTEXT,2026-10-05,18.4,18.99,17.91,17.99,68850
CENTRALBK,2026-09-29,30.59,30.6,29.92,30.04,6815993
CENTRALBK,2026-09-30,30.07,30.84,30.07,30.46,4973027
CENTRALBK,2026-10-01,30.46,30.46,29.76,30.0,4707687
CENTRALBK,2026-10-02,30.0,30.0,30.0,30.0,0
CENTRALBK,2026-10-05,30.2,30.56,30.02,30.31,4478354
CENTRUM,2026-09-28,21.14,21.24,20.7,20.85,179927
CENTRUM,2026-09-29,21.33,22.2,19.95,20.56,473508
CENTRUM,2026-09-30,20.95,21.35,19.0,19.61,765145
CENTRUM,2026-10-01,19.63,20.43,18.71,19.9,596475
CENTRUM,2026-10-05,19.99,20.4,19.3,19.7,371639
CENTUM,2026-09-28,4775.0,4801.8999,4538.8999,4571.2002,62217
CENTUM,2026-09-29,4530.0,4995.0,4460.2002,4920.7002,480139
CENTUM,2026-09-30,4915.7998,4925.0,4738.3999,4797.8999,90214
CENTUM,2026-10-01,4790.1001,4851.0,4603.2002,4701.7002,79168
CENTUM,2026-10-05,4748.7998,4750.0,4550.0,4584.1001,44642
CENTURYPLY,2026-09-28,694.45,700.1,677.0,679.05,59130
CENTURYPLY,2026-09-29,679.05,683.9,655.05,665.0,515533
CENTURYPLY,2026-09-30,663.05,686.0,663.05,681.85,64964
CENTURYPLY,2026-10-01,683.0,683.0,661.55,666.45,56697
CENTURYPLY,2026-10-05,662.25,682.0,662.25,680.05,65262
CERA,2026-09-29,5196.0,5238.5,5100.0,5124.5,6588
CERA,2026-09-30,5125.0,5199.5,5037.0,5088.0,25540
CERA,2026-10-01,5113.5,5199.0,5008.5,5096.5,5282
CERA,2026-10-02,5096.5,5096.5,5096.5,5096.5,0
CERA,2026-10-05,5096.5,5129.5,5014.5,5056.5,7444
CEREBRAINT,2026-09-29,2.71,2.71,2.71,2.71,0
CEREBRAINT,2026-09-30,2.71,2.71,2.71,2.71,0
CEREBRAINT,2026-10-01,2.71,2.71,2.71,2.71,0
CEREBRAINT,2026-10-02,2.71,2.71,2.71,2.71,0
CEREBRAINT,2026-10-05,2.66,2.66,2.66,2.66,3864
CESC,2026-09-29,136.11,136.59,132.5,133.87,4045341
CESC,2026-09-30,133.95,136.39,133.61,133.85,1540893
CESC,2026-10-01,133.65,133.85,129.75,131.62,1826999
CESC,2026-10-02,131.62,131.62,131.62,131.62,0
CESC,2026-10-05,132.33,136.9,131.7,133.73,1606522
CEWATER,2026-09-28,265.0,274.15,256.6,258.25,42852
CEWATER,2026-09-29,259.0,261.95,250.25,259.6,57475
CEWATER,2026-09-30,259.25,267.4,257.05,259.6,28177
CEWATER,2026-10-01,260.4,260.4,250.0,253.45,66070
CEWATER,2026-10-05,253.45,267.0,250.6,259.1,98075
CFEL,2026-09-28,47.8,47.8,44.72,44.92,11657
CFEL,2026-09-29,45.0,47.16,43.03,47.12,23048
CFEL,2026-09-30,47.1,47.1,45.05,45.58,4882
CFEL,2026-10-01,45.0,47.0,44.12,45.27,13345
CFEL,2026-10-05,45.5,45.56,43.01,43.55,7473
CGCL,2026-09-28,253.45,254.85,247.5,248.9,2049335
CGCL,2026-09-29,248.6,249.95,244.55,246.9,1745741
CGCL,2026-09-30,249.3,252.75,246.5,247.45,1406907
CGCL,2026-10-01,245.0,253.0,244.06,249.23,2812833
CGCL,2026-10-05,250.6,251.98,245.15,247.06,1571858
CGPOWER,2026-09-29,865.0,873.0,855.0,858.05,2197467
CGPOWER,2026-09-30,866.45,876.8,854.2,854.2,2404620
CGPOWER,2026-10-01,861.0,889.9,859.6,879.0,4633143
CGPOWER,2026-10-02,879.0,879.0,879.0,879.0,0
CGPOWER,2026-10-05,885.05,894.2,877.75,882.3,1290292
CGRAPHICS,2026-09-25,135.9,136.85,134.0,134.05,10400
CGRAPHICS,2026-09-28,137.45,160.0,134.0,147.6,183200
CGRAPHICS,2026-09-29,152.0,159.95,149.0,158.4,200800
CGRAPHICS,2026-09-30,158.4,159.9,153.05,159.1,24800
CGRAPHICS,2026-10-01,159.5,159.9,148.8,148.8,24000
CGVAK,2026-09-28,156.48,156.48,146.15,151.69,858
CGVAK,2026-09-29,151.65,151.69,143.0,148.97,769
CGVAK,2026-09-30,151.5,151.5,145.31,145.69,1492
CGVAK,2026-10-01,150.8,151.0,144.42,147.24,1725
CGVAK,2026-10-05,158.99,158.99,145.11,147.99,1065
CHALET,2026-09-28,872.0,887.85,862.9,868.95,69472
CHALET,2026-09-29,861.5,893.95,830.2,840.75,1019411
CHALET,2026-09-30,849.9,861.95,831.0,845.2,132305
CHALET,2026-10-01,845.0,845.6,818.0,830.25,142586
CHALET,2026-10-05,836.8,844.4,825.25,841.45,136588
CHAMBLFERT,2026-09-28,417.95,420.8,415.5,418.45,399648
CHAMBLFERT,2026-09-29,417.0,417.8,411.7,413.55,665522
CHAMBLFERT,2026-09-30,414.35,417.45,408.4,409.25,384509
CHAMBLFERT,2026-10-01,409.95,411.25,396.5,399.3,447087
CHAMBLFERT,2026-10-05,400.3,406.3,395.0,397.6,432450
CHAVDA,2026-09-25,72.8,76.05,72.75,73.3,76000
CHAVDA,2026-09-28,71.9,71.9,68.0,68.05,144000
CHAVDA,2026-09-29,65.85,66.5,65.0,65.35,38000
CHAVDA,2026-09-30,65.25,65.25,62.1,63.0,238000
CHAVDA,2026-10-01,60.05,60.05,59.85,59.85,14000
CHEMBOND,2026-09-28,199.0,199.0,189.0,189.43,9431
CHEMBOND,2026-09-29,194.0,194.0,182.0,182.87,11920
CHEMBOND,2026-09-30,182.5,189.44,181.62,182.73,12149
CHEMBOND,2026-10-01,182.76,183.01,176.0,177.64,8226
CHEMBOND,2026-10-05,178.22,183.02,176.5,177.94,4435
CHEMBONDCH,2026-09-28,256.15,259.45,242.25,242.4,8932
CHEMBONDCH,2026-09-29,246.8,246.8,230.3,230.3,10790
CHEMBONDCH,2026-09-30,230.0,237.45,218.8,225.5,25729
CHEMBONDCH,2026-10-01,220.05,224.98,214.23,215.81,9841
CHEMBONDCH,2026-10-05,221.95,225.95,212.0,214.85,5522
CHEMCON,2026-09-28,232.0,233.99,220.28,220.81,89506
CHEMCON,2026-09-29,221.55,222.92,211.0,213.81,42417
CHEMCON,2026-09-30,212.1,221.37,212.1,217.28,27761
CHEMCON,2026-10-01,217.92,223.47,210.87,215.93,75163
CHEMCON,2026-10-05,218.0,223.0,211.21,213.86,41411
CHEMCRUX,2026-09-28,79.97,79.97,77.5,78.78,12973
CHEMCRUX,2026-09-29,78.8,80.0,76.3,78.01,5752
CHEMCRUX,2026-09-30,79.8,80.2,77.51,78.62,6413
CHEMCRUX,2026-10-01,79.55,79.55,76.6,78.23,3558
CHEMCRUX,2026-10-05,79.47,82.2,76.5,79.22,3767
CHEMFAB,2026-09-28,354.0,362.95,335.0,340.55,4883
CHEMFAB,2026-09-29,340.55,349.8,334.45,343.5,3068
CHEMFAB,2026-09-30,359.8,359.8,335.0,335.9,4381
CHEMFAB,2026-10-01,344.45,344.45,325.0,328.35,1966
CHEMFAB,2026-10-05,321.55,335.35,320.15,326.35,3357
CHEMPLASTS,2026-09-28,200.0,201.04,194.22,195.88,342125
CHEMPLASTS,2026-09-29,195.15,199.25,191.09,192.35,198535
CHEMPLASTS,2026-09-30,192.26,196.79,184.5,185.92,278500
CHEMPLASTS,2026-10-01,185.92,192.77,182.01,191.56,291771
CHEMPLASTS,2026-10-05,191.55,204.0,191.55,196.93,805392
CHENNPETRO,2026-09-29,1413.0,1485.0,1395.5,1436.9,2928658
CHENNPETRO,2026-09-30,1447.9,1502.3,1428.0,1436.3,1709133
CHENNPETRO,2026-10-01,1432.0,1434.9,1330.7,1346.4,1838710
CHENNPETRO,2026-10-02,1346.4,1346.4,1346.4,1346.4,0
CHENNPETRO,2026-10-05,1345.9,1406.0,1325.1,1401.0,1762387
CHEVIOT,2026-09-28,1194.0,1194.0,1170.0,1187.9,1149
CHEVIOT,2026-09-29,1175.5,1193.9,1171.0,1176.0,620
CHEVIOT,2026-09-30,1194.9,1199.9,1175.4,1183.2,642
CHEVIOT,2026-10-01,1180.6,1197.5,1166.1,1167.0,1374
CHEVIOT,2026-10-05,1172.0,1174.5,1160.1,1165.7,386
CHOICEIN,2026-09-28,749.45,799.0,741.0,756.9,403447
CHOICEIN,2026-09-29,755.5,756.95,738.5,741.15,331488
CHOICEIN,2026-09-30,741.05,749.4,721.2,726.25,401169
CHOICEIN,2026-10-01,724.5,729.4,706.75,719.4,433514
CHOICEIN,2026-10-05,719.4,736.0,719.4,726.0,735587
CHOLAFIN,2026-09-28,1655.0,1660.4,1620.4,1634.2,1194338
CHOLAFIN,2026-09-29,1620.0,1644.0,1600.2,1627.3,1489025
CHOLAFIN,2026-09-30,1637.2,1642.1,1600.1,1620.0,1860436
CHOLAFIN,2026-10-01,1619.7,1619.7,1563.2,1580.0,1699959
CHOLAFIN,2026-10-05,1590.0,1610.8,1580.0,1605.4,1378980
CHOLAHLDNG,2026-09-28,1401.7,1411.5,1378.8,1390.4,182371
CHOLAHLDNG,2026-09-29,1389.7,1402.0,1341.0,1371.8,479726
CHOLAHLDNG,2026-09-30,1361.0,1400.0,1361.0,1386.2,272263
CHOLAHLDNG,2026-10-01,1385.9,1385.9,1330.1,1369.6,233959
CHOLAHLDNG,2026-10-05,1379.9,1409.7,1366.1,1404.4,69925
CIEINDIA,2026-09-29,384.8,384.8,374.8,376.45,206872
CIEINDIA,2026-09-30,379.0,390.0,378.05,386.3,288927
CIEINDIA,2026-10-01,383.15,383.15,370.85,376.35,259700
CIEINDIA,2026-10-02,376.35,376.35,376.35,376.35,0
CIEINDIA,2026-10-05,377.0,380.85,374.4,378.0,91542
CIFL,2026-09-28,22.79,23.47,21.27,21.73,168663
CIFL,2026-09-29,22.49,22.49,20.4,21.36,304436
CIFL,2026-09-30,20.63,21.85,20.63,21.34,72960
CIFL,2026-10-01,21.06,22.0,20.61,20.76,92756
CIFL,2026-10-05,20.7,21.15,20.4,20.49,240278
CINELINE,2026-09-28,87.55,89.72,87.1,88.02,10740
CINELINE,2026-09-29,88.52,89.9,87.62,88.13,29030
CINELINE,2026-09-30,89.44,89.5,85.35,86.96,22839
CINELINE,2026-10-01,88.94,89.0,85.25,85.96,10501
CINELINE,2026-10-05,87.4,90.0,86.01,86.22,5158
CINEVISTA,2026-09-28,13.91,14.22,13.76,13.82,7165
CINEVISTA,2026-09-29,14.25,14.25,13.4,13.64,9908
CINEVISTA,2026-09-30,13.75,13.99,13.65,13.83,5653
CINEVISTA,2026-10-01,14.11,14.11,13.52,13.63,6443
CINEVISTA,2026-10-05,14.09,14.09,13.46,13.79,18109
CIPLA,2026-09-29,1390.0,1401.8,1376.2,1379.3,1479526
CIPLA,2026-09-30,1383.0,1384.0,1346.0,1346.0,1063964
CIPLA,2026-10-01,1349.1,1359.4,1333.4,1344.0,921789
CIPLA,2026-10-02,1344.0,1344.0,1344.0,1344.0,0
CIPLA,2026-10-05,1334.3,1337.7,1321.0,1335.5,1084209
CLCIND,2026-09-29,43.22,43.22,43.22,43.22,0
CLCIND,2026-09-30,43.22,43.22,43.22,43.22,0
CLCIND,2026-10-01,43.22,43.22,43.22,43.22,0
CLCIND,2026-10-02,43.22,43.22,43.22,43.22,0
CLCIND,2026-10-05,43.22,43.22,43.22,43.22,152
CLEAN,2026-09-28,807.25,810.0,778.1,781.7,195349
CLEAN,2026-09-29,786.0,788.8,766.0,775.75,385864
CLEAN,2026-09-30,776.9,801.2,774.8,794.35,245660
CLEAN,2026-10-01,788.2,809.95,774.65,803.05,317480
CLEAN,2026-10-05,805.0,817.3,792.15,799.8,185261
CLEANMAX,2026-09-28,1303.0,1475.0,1287.9,1373.1,15272105
CLEANMAX,2026-09-29,1372.0,1422.0,1345.6,1382.4,1799568
CLEANMAX,2026-09-30,1390.7,1405.0,1315.8,1327.2,851431
CLEANMAX,2026-10-01,1334.4,1337.0,1290.1,1299.8,431038
CLEANMAX,2026-10-05,1309.9,1331.8,1301.0,1303.3,156057
CLEDUCATE,2026-09-28,54.01,55.99,54.01,54.28,7412
CLEDUCATE,2026-09-29,55.01,55.98,53.05,55.43,11735
CLEDUCATE,2026-09-30,55.96,58.2,55.0,57.01,31888
CLEDUCATE,2026-10-01,57.01,59.45,57.01,57.91,11448
CLEDUCATE,2026-10-05,58.49,58.98,55.02,55.02,11798
CLSEL,2026-09-28,296.7,296.7,283.1,285.75,29859
CLSEL,2026-09-29,285.5,286.45,280.8,282.25,20941
CLSEL,2026-09-30,282.2,295.5,282.2,284.15,68524
CLSEL,2026-10-01,282.15,290.0,275.0,281.95,66745
CLSEL,2026-10-05,280.95,286.2,277.25,283.1,31677
CLSL,2026-09-28,66.5,66.5,63.2,63.2,4000
CLSL,2026-09-29,62.95,62.95,62.95,62.95,2000
CLSL,2026-09-30,59.85,62.9,59.85,62.9,4000
CLSL,2026-10-01,62.9,62.9,62.9,62.9,0
CLSL,2026-10-02,62.9,62.9,62.9,62.9,0
CMICABLES,2026-09-29,2.62,2.62,2.62,2.62,0
CMICABLES,2026-09-30,2.62,2.62,2.62,2.62,0
CMICABLES,2026-10-01,2.62,2.62,2.62,2.62,0
CMICABLES,2026-10-02,2.62,2.62,2.62,2.62,0
CMICABLES,2026-10-05,2.62,2.62,2.49,2.49,2350
CMLL,2026-09-28,522.1,529.4,513.15,524.8,424733
CMLL,2026-09-29,526.0,552.05,513.65,542.9,1050819
CMLL,2026-09-30,547.05,553.55,529.0,532.05,314749
CMLL,2026-10-01,534.5,540.1,508.0,523.05,267921
CMLL,2026-10-05,520.0,526.0,503.3,507.2,192091
CMNL,2026-09-25,110.55,116.95,110.55,116.9,9000
CMNL,2026-09-28,115.0,116.95,112.0,115.75,20250
CMNL,2026-09-29,112.5,115.0,111.0,111.0,13500
CMNL,2026-09-30,111.0,123.0,109.5,116.85,15750
CMNL,2026-10-01,118.0,118.0,118.0,118.0,4500
CMPDI,2026-09-29,204.58,214.65,203.02,213.12,2376372
CMPDI,2026-09-30,213.1,214.89,207.5,209.21,726889
CMPDI,2026-10-01,208.8,208.8,196.47,204.38,2709836
CMPDI,2026-10-02,204.38,204.38,204.38,204.38,0
CMPDI,2026-10-05,205.7,208.99,203.68,207.13,1019550
CMRGREEN,2026-09-28,222.6,223.7,218.05,221.77,324806
CMRGREEN,2026-09-29,221.8,232.0,218.6,227.91,1088405
CMRGREEN,2026-09-30,228.98,233.99,223.5,224.83,395630
CMRGREEN,2026-10-01,224.83,225.0,221.0,223.38,459122
CMRGREEN,2026-10-05,224.57,225.6,220.1,221.48,272407
CMRSL,2026-09-28,74.35,74.35,74.35,74.35,2400
CMRSL,2026-09-29,74.35,74.35,74.35,74.35,0
CMRSL,2026-09-30,70.65,70.65,70.65,70.65,800
CMRSL,2026-10-01,70.65,70.65,70.65,70.65,0
CMRSL,2026-10-02,70.65,70.65,70.65,70.65,0
CMSINFO,2026-09-29,228.6,230.74,224.63,229.17,425261
CMSINFO,2026-09-30,229.95,231.99,220.99,221.45,632685
CMSINFO,2026-10-01,222.51,222.79,215.12,220.69,1010975
CMSINFO,2026-10-02,220.69,220.69,220.69,220.69,0
CMSINFO,2026-10-05,221.68,222.0,217.16,218.98,696321
CNL,2026-09-28,1080.0,1101.3,1063.0,1072.7,14391
CNL,2026-09-29,1067.2,1125.9,1049.0,1097.7,14640
CNL,2026-09-30,1105.8,1156.9,1078.0,1082.2,6433
CNL,2026-10-01,1067.3,1105.2,1065.9,1079.2,21831
CNL,2026-10-05,1070.9,1086.7,1052.0,1071.9,10873
COALINDIA,2026-09-29,420.55,426.0,420.55,425.0,7457218
COALINDIA,2026-09-30,425.1,432.9,423.95,425.0,7436925
COALINDIA,2026-10-01,421.2,426.35,416.3,420.4,7514836
COALINDIA,2026-10-02,420.4,420.4,420.4,420.4,0
COALINDIA,2026-10-05,425.0,430.9,421.6,425.1,7764099
COASTCORP,2026-09-28,36.0,36.71,35.5,36.18,80074
COASTCORP,2026-09-29,36.95,36.95,35.3,35.55,47459
COASTCORP,2026-09-30,36.53,37.8,36.0,36.97,86221
COASTCORP,2026-10-01,36.89,36.89,35.2,35.82,59600
COASTCORP,2026-10-05,35.55,36.19,35.45,35.68,36258
COCHINSHIP,2026-09-29,1327.6,1359.3,1290.0,1359.3,1450465
COCHINSHIP,2026-09-30,1332.0,1348.6,1305.7,1315.0,985418
COCHINSHIP,2026-10-01,1315.0,1315.9,1265.6,1287.0,727942
COCHINSHIP,2026-10-02,1287.0,1287.0,1287.0,1287.0,0
COCHINSHIP,2026-10-05,1295.9,1308.0,1279.3,1283.8,678043
COCKERILL,2026-09-29,7860.0,7999.5,7681.0,7883.0,3946
COCKERILL,2026-09-30,7905.5,8029.0,7840.5,7966.5,3420
COCKERILL,2026-10-01,7975.0,8080.0,7748.5,7989.0,3473
COCKERILL,2026-10-02,7989.0,7989.0,7989.0,7989.0,0
COCKERILL,2026-10-05,7920.0,8026.5,7826.0,7868.5,1721
COFFEEDAY,2026-09-28,30.29,30.6,29.83,29.92,655665
COFFEEDAY,2026-09-29,30.0,30.73,29.8,30.51,488933
COFFEEDAY,2026-09-30,30.51,30.85,30.06,30.14,310652
COFFEEDAY,2026-10-01,30.1,32.0,28.86,29.69,5488862
COFFEEDAY,2026-10-05,30.2,31.74,29.72,30.06,642940
COFORGE,2026-09-29,1784.0,1813.8,1722.0,1722.0,1932111
COFORGE,2026-09-30,1757.6,1824.4,1749.1,1749.1,3113656
COFORGE,2026-10-01,1764.8,1831.0,1763.6,1826.0,3419070
COFORGE,2026-10-02,1826.0,1826.0,1826.0,1826.0,0
COFORGE,2026-10-05,1842.3,1888.0,1793.8,1852.0,3693526
COHANCE,2026-09-28,459.25,459.25,445.0,453.3,568862
COHANCE,2026-09-29,452.8,469.75,449.6,457.9,1477420
COHANCE,2026-09-30,456.0,460.95,440.8,444.0,1480412
COHANCE,2026-10-01,444.0,454.85,435.0,451.3,683663
COHANCE,2026-10-05,451.5,455.05,442.2,446.8,412313
COLPAL,2026-09-29,1833.2,1836.0,1785.1,1785.1,262461
COLPAL,2026-09-30,1790.1,1808.6,1763.3,1763.3,276534
COLPAL,2026-10-01,1763.3,1775.4,1716.1,1735.0,412868
COLPAL,2026-10-02,1735.0,1735.0,1735.0,1735.0,0
COLPAL,2026-10-05,1741.0,1775.0,1737.0,1775.0,173685
COMFINTE,2026-09-28,6.63,7.4,6.57,7.21,3901800
COMFINTE,2026-09-29,7.04,7.15,6.38,6.73,827066
COMFINTE,2026-09-30,6.94,7.24,6.02,6.36,1331887
COMFINTE,2026-10-01,6.35,6.41,6.09,6.23,135064
COMFINTE,2026-10-05,6.09,6.98,6.09,6.18,450195
COMMITTED,2026-09-28,322.0,322.0,315.1,317.0,4800
COMMITTED,2026-09-29,319.95,319.95,319.95,319.95,4800
COMMITTED,2026-09-30,323.8,323.8,323.8,323.8,800
COMMITTED,2026-10-01,323.8,323.8,323.8,323.8,0
COMMITTED,2026-10-02,323.8,323.8,323.8,323.8,0
COMPEAU,2026-09-28,361.35,371.95,351.5,353.05,139
COMPEAU,2026-09-29,383.9,383.9,349.05,369.7,1518
COMPEAU,2026-09-30,358.1,368.45,354.4,368.45,224
COMPEAU,2026-10-01,362.45,362.45,362.45,362.45,1
COMPEAU,2026-10-05,380.0,380.0,344.2,349.3,240
COMPINFO,2026-09-28,1.04,1.08,1.04,1.08,8357
COMPINFO,2026-09-29,1.03,1.08,1.03,1.03,7373
COMPINFO,2026-09-30,1.05,1.08,1.0,1.06,54241
COMPINFO,2026-10-01,1.05,1.11,1.05,1.09,10351
COMPINFO,2026-10-05,1.09,1.11,1.04,1.09,22041
COMPUSOFT,2026-09-28,13.3,13.4,12.9,13.1,16494
COMPUSOFT,2026-09-29,13.06,13.8,13.06,13.36,22196
COMPUSOFT,2026-09-30,13.66,14.0,13.41,13.48,24794
COMPUSOFT,2026-10-01,13.54,13.54,13.01,13.05,14232
COMPUSOFT,2026-10-05,13.05,13.4,12.61,13.0,19681
COMSYN,2026-09-28,288.2,297.5,277.7,280.85,1051174
COMSYN,2026-09-29,281.9,282.85,258.25,261.95,1255588
COMSYN,2026-09-30,267.65,279.15,265.0,269.7,610951
COMSYN,2026-10-01,270.0,270.05,259.0,262.4,318865
COMSYN,2026-10-05,263.05,270.0,256.8,259.55,527133
CONCOR,2026-09-28,460.4,461.45,449.0,450.0,874795
CONCOR,2026-09-29,450.0,452.05,443.3,443.5,1737443
CONCOR,2026-09-30,449.0,454.6,445.3,447.5,1094966
CONCOR,2026-10-01,448.0,450.85,436.35,442.0,877730
CONCOR,2026-10-05,445.0,446.6,434.5,441.45,949691
CONCORDBIO,2026-09-29,1393.0,1435.6,1393.0,1410.7,153198
CONCORDBIO,2026-09-30,1423.4,1434.7,1366.6,1373.6,100957
CONCORDBIO,2026-10-01,1373.6,1400.0,1320.0,1374.1,147229
CONCORDBIO,2026-10-02,1374.1,1374.1,1374.1,1374.1,0
CONCORDBIO,2026-10-05,1394.7,1398.7,1352.5,1355.9,55394
CONFIPET,2026-09-29,86.0,88.72,84.66,87.19,1929278
CONFIPET,2026-09-30,87.0,89.55,86.52,88.13,1829935
CONFIPET,2026-10-01,87.9,88.13,83.32,86.05,2851230
CONFIPET,2026-10-02,86.05,86.05,86.05,86.05,0
CONFIPET,2026-10-05,87.4,88.49,85.12,86.18,1591393
CONSOFINVT,2026-09-28,286.0,286.8,276.05,276.1,6398
CONSOFINVT,2026-09-29,276.1,289.9,276.05,289.3,5396
CONSOFINVT,2026-09-30,292.1,299.85,280.0,293.9,1868
CONSOFINVT,2026-10-01,294.0,294.0,279.3,279.6,22639
CONSOFINVT,2026-10-05,279.45,285.0,278.0,284.25,2475
CONTI,2026-09-25,10.2,10.2,10.2,10.2,0
CONTI,2026-09-28,10.2,10.2,10.2,10.2,0
CONTI,2026-09-29,10.2,10.2,10.2,10.2,0
CONTI,2026-09-30,9.7,9.7,9.7,9.7,9999
CONTI,2026-10-01,10.15,10.15,10.1,10.1,13332
CONTROLPR,2026-09-28,585.0,608.0,583.05,599.2,27794
CONTROLPR,2026-09-29,593.0,610.0,593.0,608.5,49346
CONTROLPR,2026-09-30,608.0,610.0,600.0,607.35,13322
CONTROLPR,2026-10-01,608.0,638.75,599.55,618.0,55775
CONTROLPR,2026-10-05,624.0,625.25,599.05,616.3,19662
COOLCAPS,2026-09-25,24.85,24.85,23.1,24.45,61250
COOLCAPS,2026-09-28,23.8,23.8,22.95,23.5,81250
COOLCAPS,2026-09-29,23.5,23.95,21.15,21.5,251250
COOLCAPS,2026-09-30,22.0,23.6,21.15,21.9,187500
COOLCAPS,2026-10-01,21.55,21.7,20.8,21.15,70000
CORALFINAC,2026-09-28,31.3,32.7,31.2,31.42,7736
CORALFINAC,2026-09-29,31.98,32.85,31.06,32.17,28066
CORALFINAC,2026-09-30,32.77,32.77,31.43,31.55,10305
CORALFINAC,2026-10-01,31.7,31.99,30.85,31.25,13756
CORALFINAC,2026-10-05,31.05,31.62,29.98,30.21,23876
CORDELIA,2026-09-28,105.7,105.7,101.81,102.64,826956
CORDELIA,2026-09-29,103.75,104.65,101.0,102.56,1147541
CORDELIA,2026-09-30,103.46,105.16,102.3,102.59,630212
CORDELIA,2026-10-01,102.0,102.34,98.55,100.91,1443890
CORDELIA,2026-10-05,101.5,105.95,100.17,100.83,668903
CORDSCABLE,2026-09-28,334.0,340.0,331.4,331.4,21719
CORDSCABLE,2026-09-29,315.5,335.0,314.85,316.7,75912
CORDSCABLE,2026-09-30,314.0,332.5,314.0,332.5,29609
CORDSCABLE,2026-10-01,329.95,332.0,315.9,318.9,33266
CORDSCABLE,2026-10-05,317.9,324.0,303.0,308.3,55087
COROMANDEL,2026-09-28,1942.5,1954.0,1894.0,1899.1,58461
COROMANDEL,2026-09-29,1900.0,1900.1,1772.1,1792.9,374773
COROMANDEL,2026-09-30,1810.8,1832.0,1742.9,1758.2,612561
COROMANDEL,2026-10-01,1750.2,1775.9,1701.0,1763.6,239111
COROMANDEL,2026-10-05,1769.9,1809.8,1751.8,1801.4,189151
CORONA,2026-09-28,2120.0,2121.0,2044.8,2053.3,17222
CORONA,2026-09-29,2053.0,2108.2,2001.1,2078.3999,70858
CORONA,2026-09-30,2085.0,2111.8,2062.1001,2093.3999,23940
CORONA,2026-10-01,2093.3,2093.3999,1986.1,2029.4,25676
CORONA,2026-10-05,2051.0,2070.0,2005.6,2034.2,14222
COSMOFIRST,2026-09-28,846.3,852.45,833.7,842.75,56362
COSMOFIRST,2026-09-29,844.0,862.0,825.2,834.8,39721
COSMOFIRST,2026-09-30,856.0,875.75,837.5,845.6,43706
COSMOFIRST,2026-10-01,843.85,843.85,815.05,826.85,30642
COSMOFIRST,2026-10-05,840.0,840.0,811.8,822.7,27709
COUNCODOS,2026-09-28,6.41,6.64,6.21,6.45,38941
COUNCODOS,2026-09-29,6.35,6.69,6.29,6.4,14690
COUNCODOS,2026-09-30,6.3,6.58,6.2,6.4,6350
COUNCODOS,2026-10-01,6.3,6.62,6.13,6.33,36902
COUNCODOS,2026-10-05,6.42,6.45,6.14,6.44,139145
CPCAP,2026-09-28,154.0,156.89,148.25,150.22,40031
CPCAP,2026-09-29,153.8,153.8,147.41,150.35,16103
CPCAP,2026-09-30,153.9,154.0,137.35,141.59,19440
CPCAP,2026-10-01,139.4,144.29,137.42,140.85,14506
CPCAP,2026-10-05,133.01,142.0,131.35,134.45,17693
CPEDU,2026-09-28,178.9,178.9,171.0,173.92,6518
CPEDU,2026-09-29,173.92,184.8,172.05,179.6,5458
CPEDU,2026-09-30,178.0,181.0,177.2,177.45,4608
CPEDU,2026-10-01,175.1,178.4,172.1,176.36,2580
CPEDU,2026-10-05,170.1,180.0,170.1,179.47,6455
CPL,2026-09-28,62.84,64.58,61.3,62.86,39108
CPL,2026-09-29,62.52,62.86,61.72,62.16,15463
CPL,2026-09-30,61.69,64.07,61.69,63.27,27672
CPL,2026-10-01,61.69,64.17,59.98,62.46,51674
CPL,2026-10-05,61.56,63.9,61.01,62.73,34985
CPPLUS,2026-09-29,3739.0,3841.8999,3714.1001,3817.6001,224859
CPPLUS,2026-09-30,3840.1001,3950.0,3766.0,3846.5,237687
CPPLUS,2026-10-01,3837.8999,3860.0,3756.0,3799.6001,119217
CPPLUS,2026-10-02,3799.6001,3799.6001,3799.6001,3799.6001,0
CPPLUS,2026-10-05,3858.2,3989.5,3833.5,3989.5,255914
CPS,2026-09-25,1150.0,1150.0,1150.0,1150.0,0
CPS,2026-09-28,1150.0,1150.0,1150.0,1150.0,0
CPS,2026-09-29,1110.0,1135.0,1101.1,1135.0,1200
CPS,2026-09-30,1135.0,1135.0,1135.0,1135.0,0
CPS,2026-10-01,1134.0,1135.0,1134.0,1135.0,2850
CRAFTSMAN,2026-09-28,10735.0,10762.0,10402.0,10534.0,49460
CRAFTSMAN,2026-09-29,10566.0,10646.0,10405.0,10505.0,27697
CRAFTSMAN,2026-09-30,10581.0,10581.0,10316.0,10417.0,46075
CRAFTSMAN,2026-10-01,10300.0,10453.0,10100.0,10266.0,35248
CRAFTSMAN,2026-10-05,10280.0,10660.0,10183.0,10251.0,60422
CRAMC,2026-09-28,230.5,230.95,224.1,225.4,243953
CRAMC,2026-09-29,227.5,228.0,222.15,223.55,244217
CRAMC,2026-09-30,224.45,227.0,224.0,224.7,247677
CRAMC,2026-10-01,224.0,225.95,216.0,216.52,540916
CRAMC,2026-10-05,219.0,224.0,218.69,220.23,278457
CRAVATEX,2026-09-28,399.0,399.0,351.1,361.8,701
CRAVATEX,2026-09-29,340.05,355.95,332.25,343.95,281
CRAVATEX,2026-09-30,359.8,365.8,345.0,359.85,56
CRAVATEX,2026-10-01,379.0,379.0,345.0,349.0,142
CRAVATEX,2026-10-05,365.0,365.0,336.1,339.2,42
CRAYONS,2026-09-25,24.5,24.5,24.5,24.5,2000
CRAYONS,2026-09-28,25.5,25.7,25.5,25.7,4000
CRAYONS,2026-09-29,26.85,26.85,24.45,24.45,3000
CRAYONS,2026-09-30,23.35,24.45,23.35,24.45,2000
CRAYONS,2026-10-01,25.65,25.65,25.0,25.0,5000
CREATIVEYE,2026-09-28,6.0,6.24,5.65,5.72,20647
CREATIVEYE,2026-09-29,6.18,6.18,5.63,6.03,15364
CREATIVEYE,2026-09-30,6.15,6.75,5.85,6.12,4878
CREATIVEYE,2026-10-01,6.28,6.28,5.75,6.17,16224
CREATIVEYE,2026-10-05,6.15,6.15,5.76,5.9,2267
CREDITACC,2026-09-28,1294.0,1298.8,1252.3,1255.2,184340
CREDITACC,2026-09-29,1255.0,1255.6,1209.1,1216.3,368535
CREDITACC,2026-09-30,1220.2,1278.8,1220.2,1272.0,364278
CREDITACC,2026-10-01,1268.0,1268.0,1224.6,1239.0,343285
CREDITACC,2026-10-05,1250.0,1280.0,1244.8,1251.5,164807
CREST,2026-09-28,359.25,362.25,356.35,359.9,606
CREST,2026-09-29,361.9,361.9,355.0,356.9,768
CREST,2026-09-30,364.95,375.0,355.0,366.85,4058
CREST,2026-10-01,368.65,370.45,358.0,362.35,3321
CREST,2026-10-05,355.0,367.0,355.0,363.05,4641
CRESTO,2026-09-28,22.79,24.23,22.3,23.83,146873
CRESTO,2026-09-29,22.85,23.97,22.2,23.59,42943
CRESTO,2026-09-30,23.99,23.99,22.93,23.21,53671
CRESTO,2026-10-01,23.67,24.0,22.05,22.05,18383
CRESTO,2026-10-05,20.95,22.85,20.95,20.99,28152
CRISIL,2026-09-28,4500.5,4706.2002,4450.0,4650.6001,135575
CRISIL,2026-09-29,4640.2002,4640.2002,4437.1001,4464.1001,36620
CRISIL,2026-09-30,4464.7998,4519.0,4416.0,4450.7998,36918
CRISIL,2026-10-01,4425.0,4465.5,4345.0,4428.6001,32314
CRISIL,2026-10-05,4428.6001,4531.5,4401.0,4505.7998,26707
CRIZAC,2026-09-28,184.0,184.0,176.23,177.14,97897
CRIZAC,2026-09-29,177.0,177.0,168.0,169.08,428888
CRIZAC,2026-09-30,170.6,173.39,168.9,170.12,100955
CRIZAC,2026-10-01,171.68,171.68,164.59,166.89,188899
CRIZAC,2026-10-05,168.65,170.76,166.74,168.24,186832
CROMPTON,2026-09-29,219.0,219.0,211.37,211.37,5902708
CROMPTON,2026-09-30,212.0,214.56,208.67,208.67,1957515
CROMPTON,2026-10-01,208.71,209.96,201.1,202.7,4535645
CROMPTON,2026-10-02,202.7,202.7,202.7,202.7,0
CROMPTON,2026-10-05,203.3,211.98,203.3,211.5,3915311
CROWN,2026-09-28,122.0,122.0,112.27,113.72,24588
CROWN,2026-09-29,115.99,118.0,113.81,115.73,18332
CROWN,2026-09-30,116.8,116.99,114.59,115.27,17028
CROWN,2026-10-01,116.0,116.0,108.6,111.53,14808
CROWN,2026-10-05,114.92,114.92,109.0,111.06,6244
CRSL,2026-09-28,2.38,2.52,2.28,2.33,862449
CRSL,2026-09-29,2.34,2.34,2.24,2.26,221776
CRSL,2026-09-30,2.3,2.3,2.19,2.22,200889
CRSL,2026-10-01,2.2,2.22,2.11,2.14,436289
CRSL,2026-10-05,2.1,2.19,2.04,2.04,881962
CSBBANK,2026-09-28,333.7,333.7,319.8,323.75,316838
CSBBANK,2026-09-29,323.75,323.75,315.1,316.2,474185
CSBBANK,2026-09-30,316.0,319.15,309.5,311.0,283282
CSBBANK,2026-10-01,311.25,312.3,297.05,304.75,613159
CSBBANK,2026-10-05,306.85,310.0,300.1,306.85,455102
CSLFINANCE,2026-09-28,218.8,218.8,209.75,212.07,19609
CSLFINANCE,2026-09-29,211.79,214.74,208.81,211.4,26104
CSLFINANCE,2026-09-30,213.98,215.25,210.0,210.85,14378
CSLFINANCE,2026-10-01,213.5,213.5,205.0,208.34,23138
CSLFINANCE,2026-10-05,205.2,211.99,205.2,209.79,17931
CSM,2026-09-28,102.8,102.8,97.5,98.31,94703
CSM,2026-09-29,98.69,99.97,95.21,98.16,100639
CSM,2026-09-30,100.0,104.0,97.0,98.17,132729
CSM,2026-10-01,102.0,102.0,93.0,94.25,165688
CSM,2026-10-05,93.78,95.0,92.33,93.68,293230
CTE,2026-09-28,43.04,43.04,41.31,41.31,8625
CTE,2026-09-29,40.1,42.0,39.25,41.34,9067
CTE,2026-09-30,40.0,41.4,39.3,40.39,11833
CTE,2026-10-01,38.75,39.58,38.5,38.91,6939
CTE,2026-10-05,38.62,39.0,36.98,37.22,26836
CUB,2026-09-29,217.16,217.48,210.69,214.91,1556485
CUB,2026-09-30,216.75,229.0,214.91,226.05,8157697
CUB,2026-10-01,223.5,232.0,221.67,230.04,4776469
CUB,2026-10-02,230.04,230.04,230.04,230.04,0
CUB,2026-10-05,232.0,232.65,225.5,227.65,1115230
CUBEXTUB,2026-09-28,154.8,167.46,151.0,167.46,1078676
CUBEXTUB,2026-09-29,170.0,175.83,159.09,175.74,511101
CUBEXTUB,2026-09-30,175.74,184.0,166.96,174.84,388081
CUBEXTUB,2026-10-01,168.8,172.5,166.1,166.1,120573
CUBEXTUB,2026-10-05,159.25,165.0,157.8,157.8,126734
CUMMINSIND,2026-09-29,4850.0,4875.0,4795.0,4800.0,796818
CUMMINSIND,2026-09-30,4821.5,4839.0,4741.0,4760.0,573791
CUMMINSIND,2026-10-01,4789.8999,4860.0,4760.0,4860.0,393680
CUMMINSIND,2026-10-02,4860.0,4860.0,4860.0,4860.0,0
CUMMINSIND,2026-10-05,4864.2002,4900.0,4789.2002,4832.2998,707402
CUPID,2026-09-29,264.0,292.25,262.0,288.0,37060879
CUPID,2026-09-30,288.0,312.0,287.4,311.65,66496228
CUPID,2026-10-01,313.5,314.3,308.5,312.5,25539188
CUPID,2026-10-02,312.5,312.5,312.5,312.5,0
CUPID,2026-10-05,314.3,316.0,302.1,310.1,15766847
CURAA,2026-09-28,75.0,75.0,68.4,72.5,173
CURAA,2026-09-29,72.5,72.5,72.5,72.5,1
CURAA,2026-09-30,72.5,72.5,71.05,72.5,138
CURAA,2026-10-01,72.4,74.8,68.88,72.25,130
CURAA,2026-10-05,72.25,72.25,69.0,72.12,267
CYBERMEDIA,2026-09-29,19.18,19.6,18.8,18.99,16000
CYBERMEDIA,2026-09-30,19.02,19.02,18.25,18.56,10630
CYBERMEDIA,2026-10-01,18.0,18.47,17.64,17.96,11608
CYBERMEDIA,2026-10-02,17.96,17.96,17.96,17.96,0
CYBERMEDIA,2026-10-05,17.96,18.4,17.64,17.69,9138
CYBERTECH,2026-09-28,137.9,138.7,135.2,135.44,6471
CYBERTECH,2026-09-29,135.0,137.75,133.01,137.56,16429
CYBERTECH,2026-09-30,136.8,139.5,135.35,138.83,7837
CYBERTECH,2026-10-01,136.11,140.0,134.0,135.95,13536
CYBERTECH,2026-10-05,139.9,153.0,137.2,139.1,186480
CYIENT,2026-09-28,1095.8,1099.1,1064.3,1082.3,246850
CYIENT,2026-09-29,1075.0,1093.5,1044.0,1055.3,481634
CYIENT,2026-09-30,1055.3,1138.0,1050.1,1100.7,2323228
CYIENT,2026-10-01,1100.0,1112.2,1068.0,1104.6,594962
CYIENT,2026-10-05,1115.0,1173.5,1110.0,1140.2,1623802
CYIENTDLM,2026-09-29,914.0,932.0,885.45,921.15,439697
CYIENTDLM,2026-09-30,921.0,928.25,905.35,914.1,203064
CYIENTDLM,2026-10-01,907.0,922.65,880.3,893.9,391174
CYIENTDLM,2026-10-02,893.9,893.9,893.9,893.9,0
CYIENTDLM,2026-10-05,895.0,952.0,895.0,946.8,591661
DABUR,2026-09-29,383.85,384.45,378.0,380.4,6185956
DABUR,2026-09-30,379.95,384.65,379.15,380.1,1957070
DABUR,2026-10-01,379.7,383.85,373.2,374.25,2455226
DABUR,2026-10-02,374.25,374.25,374.25,374.25,0
DABUR,2026-10-05,376.1,379.0,373.3,378.65,685009
DAICHI,2026-09-28,326.0,326.85,316.0,316.0,325
DAICHI,2026-09-29,326.85,326.85,301.2,313.35,2024
DAICHI,2026-09-30,313.05,322.95,306.5,312.85,341
DAICHI,2026-10-01,305.0,321.75,298.1,317.1,2380
DAICHI,2026-10-05,316.0,316.0,306.0,315.0,853
DALBHARAT,2026-09-28,1692.0,1698.5,1650.0,1651.6,91040
DALBHARAT,2026-09-29,1651.6,1664.3,1630.1,1637.4,51490
DALBHARAT,2026-09-30,1637.6,1696.8,1637.4,1683.7,111663
DALBHARAT,2026-10-01,1672.0,1692.3,1640.2,1682.1,77064
DALBHARAT,2026-10-05,1682.1,1689.1,1655.0,1673.7,20725
DALMIASUG,2026-09-28,431.0,448.0,412.1,414.8,523693
DALMIASUG,2026-09-29,414.9,419.3,406.25,412.2,170040
DALMIASUG,2026-09-30,416.0,424.9,405.65,408.8,130282
DALMIASUG,2026-10-01,408.8,409.65,391.4,396.7,146859
DALMIASUG,2026-10-05,405.65,435.95,400.3,430.15,1092152
DAMCAPITAL,2026-09-28,139.9,163.75,137.71,158.66,18844708
DAMCAPITAL,2026-09-29,157.95,159.23,152.23,155.76,3480805
DAMCAPITAL,2026-09-30,154.95,159.29,150.1,151.08,623800
DAMCAPITAL,2026-10-01,151.0,152.26,143.66,146.56,444502
DAMCAPITAL,2026-10-05,146.56,150.19,146.01,146.75,220835
DAMODARIND,2026-09-28,28.25,28.9,27.03,27.11,10945
DAMODARIND,2026-09-29,26.8,26.98,25.77,26.4,5220
DAMODARIND,2026-09-30,26.85,27.0,25.81,26.96,4457
DAMODARIND,2026-10-01,27.0,27.0,25.65,26.59,12093
DAMODARIND,2026-10-05,26.89,26.89,26.1,26.5,4071
DANGEE,2026-09-28,3.32,3.54,2.94,2.94,526284
DANGEE,2026-09-29,2.94,2.96,2.74,2.79,229714
DANGEE,2026-09-30,2.85,3.0,2.8,2.92,102268
DANGEE,2026-10-01,2.95,3.18,2.81,2.9,157889
DANGEE,2026-10-05,2.89,2.98,2.89,2.92,56532
DATAMATICS,2026-09-28,809.95,825.0,781.0,784.2,116301
DATAMATICS,2026-09-29,783.0,829.9,770.0,821.4,242433
DATAMATICS,2026-09-30,825.0,837.0,802.15,805.55,146286
DATAMATICS,2026-10-01,805.55,806.0,777.7,790.3,67919
DATAMATICS,2026-10-05,790.95,799.0,766.05,769.75,61238
DATAPATTNS,2026-09-28,4418.7998,4421.8999,4261.1001,4276.7998,310265
DATAPATTNS,2026-09-29,4287.0,4298.0,4190.0,4221.6001,369866
DATAPATTNS,2026-09-30,4241.2002,4358.7998,4226.0,4286.8999,336383
DATAPATTNS,2026-10-01,4284.0,4305.2002,4155.2998,4251.2998,305681
DATAPATTNS,2026-10-05,4275.6001,4316.7998,4200.0,4226.5,212068
DAVANGERE,2026-09-28,2.47,2.55,2.39,2.48,21983093
DAVANGERE,2026-09-29,2.49,2.49,2.3,2.34,9874250
DAVANGERE,2026-09-30,2.37,2.4,2.26,2.31,6763373
DAVANGERE,2026-10-01,2.26,2.38,2.22,2.26,8709105
DAVANGERE,2026-10-05,2.25,2.32,2.25,2.29,6379070
DBCORP,2026-09-29,178.0,179.88,174.72,175.73,102069
DBCORP,2026-09-30,177.02,181.6,174.01,175.38,195863
DBCORP,2026-10-01,175.38,178.7,169.81,172.52,101816
DBCORP,2026-10-02,172.52,172.52,172.52,172.52,0
DBCORP,2026-10-05,175.0,177.19,170.01,171.08,113125
DBEIL,2026-09-28,6.42,6.83,6.22,6.54,285211
DBEIL,2026-09-29,6.67,6.75,6.37,6.54,159976
DBEIL,2026-09-30,6.45,6.74,6.45,6.68,157480
DBEIL,2026-10-01,6.62,6.85,6.36,6.5,140729
DBEIL,2026-10-05,6.7,6.7,6.32,6.4,116394
DBL,2026-09-28,412.0,412.45,402.6,406.9,258357
DBL,2026-09-29,406.3,412.8,400.1,410.9,103780
DBL,2026-09-30,410.45,416.0,403.1,406.2,63814
DBL,2026-10-01,406.2,407.6,396.55,399.1,134401
DBL,2026-10-05,398.05,405.15,393.1,396.3,94930
DBOL,2026-09-28,123.8,125.28,119.71,122.77,385520
DBOL,2026-09-29,124.0,126.25,119.76,124.49,275265
DBOL,2026-09-30,124.49,129.89,124.29,126.1,321088
DBOL,2026-10-01,126.1,126.1,117.7,120.91,216394
DBOL,2026-10-05,121.0,126.93,121.0,125.03,210180
DBREALTY,2026-09-28,98.16,99.49,95.08,96.28,397975
DBREALTY,2026-09-29,96.07,98.99,95.2,97.82,865694
DBREALTY,2026-09-30,98.25,98.99,95.5,96.52,1028560
DBREALTY,2026-10-01,97.4,97.4,91.7,91.7,1272913
DBREALTY,2026-10-05,91.74,92.79,89.25,91.72,903606
DBSTOCKBRO,2026-09-28,31.75,32.59,31.0,31.66,8857
DBSTOCKBRO,2026-09-29,31.6,31.66,30.11,30.75,10726
DBSTOCKBRO,2026-09-30,30.55,31.98,30.01,31.74,4810
DBSTOCKBRO,2026-10-01,31.4,31.5,30.31,31.5,1026
DBSTOCKBRO,2026-10-05,31.5,32.98,31.5,31.58,4716
DCAL,2026-09-28,168.16,168.19,163.66,164.27,80010
DCAL,2026-09-29,164.3,166.49,160.99,161.39,260096
DCAL,2026-09-30,162.57,163.83,156.35,157.47,228801
DCAL,2026-10-01,156.96,157.55,149.02,150.35,448793
DCAL,2026-10-05,153.99,154.67,149.1,151.5,113660
DCBBANK,2026-09-28,213.0,213.54,207.0,207.46,1466242
DCBBANK,2026-09-29,206.05,206.06,201.1,202.37,977372
DCBBANK,2026-09-30,202.06,205.56,202.05,203.54,781971
DCBBANK,2026-10-01,203.42,203.42,196.81,199.71,842489
DCBBANK,2026-10-05,199.0,205.65,196.63,197.36,1142911
DCG,2026-09-25,72.5,74.6,72.5,74.6,14400
DCG,2026-09-28,74.45,74.5,71.1,74.5,7200
DCG,2026-09-29,72.35,77.55,72.35,77.25,20400
DCG,2026-09-30,77.0,80.45,74.0,80.4,14400
DCG,2026-10-01,79.0,79.0,76.4,76.4,19200
DCI,2026-09-28,304.9,336.6,301.2,326.65,448678
DCI,2026-09-29,334.0,336.3,316.2,325.7,114901
DCI,2026-09-30,326.9,340.0,322.9,335.0,162842
DCI,2026-10-01,333.0,346.25,327.5,342.95,212341
DCI,2026-10-05,339.55,344.7,324.0,343.15,128476
DCM,2026-09-28,76.0,76.02,75.0,75.1,2575
DCM,2026-09-29,75.1,75.8,75.0,75.0,1394
DCM,2026-09-30,75.01,77.6,73.41,74.0,18795
DCM,2026-10-01,74.0,74.0,72.02,72.83,1935
DCM,2026-10-05,72.02,76.6,71.1,72.71,40521
DCMFINSERV,2026-09-29,5.2,5.2,4.88,4.93,11982
DCMFINSERV,2026-09-30,4.93,5.15,4.85,5.07,23478
DCMFINSERV,2026-10-01,5.19,5.19,4.74,5.07,4145
DCMFINSERV,2026-10-02,5.07,5.07,5.07,5.07,0
DCMFINSERV,2026-10-05,5.07,5.33,4.75,5.02,20787
DCMNVL,2026-09-28,179.99,179.99,170.2,173.11,15180
DCMNVL,2026-09-29,177.05,177.59,172.01,175.13,17098
DCMNVL,2026-09-30,175.09,176.75,171.06,172.6,4894
DCMNVL,2026-10-01,176.99,177.0,164.0,166.47,9412
DCMNVL,2026-10-05,169.99,173.0,167.01,171.37,7872
DCMSHRIRAM,2026-09-28,978.4,979.1,942.0,944.6,52544
DCMSHRIRAM,2026-09-29,944.0,944.0,903.0,907.8,424951
DCMSHRIRAM,2026-09-30,905.1,923.9,905.1,915.6,58580
DCMSHRIRAM,2026-10-01,919.65,920.0,886.3,906.85,138672
DCMSHRIRAM,2026-10-05,910.6,1088.2,910.6,1044.55,971946
DCMSIL,2026-09-29,81.0,81.5,75.6,77.56,82867
DCMSIL,2026-09-30,78.05,85.31,77.3,82.25,216984
DCMSIL,2026-10-01,82.64,83.0,76.5,80.25,110038
DCMSIL,2026-10-02,80.25,80.25,80.25,80.25,0
DCMSIL,2026-10-05,80.1,81.24,76.4,77.42,74037
DCMSRIND,2026-09-28,39.9,40.61,38.51,39.01,357088
DCMSRIND,2026-09-29,39.05,39.76,38.21,39.34,181267
DCMSRIND,2026-09-30,39.61,40.35,38.83,39.57,203293
DCMSRIND,2026-10-01,39.57,39.85,37.1,37.69,185807
DCMSRIND,2026-10-05,37.69,45.22,37.31,39.06,6120254
DCW,2026-09-28,49.13,49.2,46.56,46.81,1385706
DCW,2026-09-29,47.0,47.01,45.72,45.98,1027636
DCW,2026-09-30,46.05,47.17,45.31,45.62,928628
DCW,2026-10-01,45.61,45.61,43.68,44.62,1389318
DCW,2026-10-05,45.39,45.99,44.29,44.69,810889
DCXINDIA,2026-09-28,161.56,161.75,158.62,159.24,209370
DCXINDIA,2026-09-29,159.0,161.78,157.01,158.81,296344
DCXINDIA,2026-09-30,159.6,164.87,159.6,161.18,345928
DCXINDIA,2026-10-01,160.28,161.8,155.01,158.99,314149
DCXINDIA,2026-10-05,159.96,162.9,156.0,156.82,214338
DDEVPLSTIK,2026-09-28,256.15,258.6,251.0,252.6,68604
DDEVPLSTIK,2026-09-29,252.0,253.65,241.0,248.75,96122
DDEVPLSTIK,2026-09-30,249.6,253.9,246.2,249.5,55337
DDEVPLSTIK,2026-10-01,249.2,249.58,244.16,247.61,66902
DDEVPLSTIK,2026-10-05,248.2,252.0,242.25,243.13,104792
DECCANCE,2026-09-28,553.55,558.55,541.1,542.55,5876
DECCANCE,2026-09-29,542.55,551.9,535.0,540.1,9821
DECCANCE,2026-09-30,550.0,587.45,537.85,566.5,102837
DECCANCE,2026-10-01,566.0,566.0,537.25,548.95,15070
DECCANCE,2026-10-05,552.0,560.0,543.4,552.05,5251
DECNGOLD,2026-09-29,205.65,206.98,200.0,201.41,1086490
DECNGOLD,2026-09-30,201.61,208.0,198.06,200.76,933680
DECNGOLD,2026-10-01,199.05,200.5,188.4,195.69,1727638
DECNGOLD,2026-10-02,195.69,195.69,195.69,195.69,0
DECNGOLD,2026-10-05,196.79,197.85,187.78,188.57,1071051
DEEDEV,2026-09-28,662.7,678.0,642.6,655.5,112383
DEEDEV,2026-09-29,653.9,663.9,645.8,653.5,127706
DEEDEV,2026-09-30,659.75,683.0,659.75,676.9,93263
DEEDEV,2026-10-01,683.0,683.0,646.95,663.2,137963
DEEDEV,2026-10-05,678.85,679.9,632.55,636.95,203539
DEEM,2026-09-28,47.0,47.1,47.0,47.0,5000
DEEM,2026-09-29,47.0,47.0,47.0,47.0,1000
DEEM,2026-09-30,47.0,47.0,47.0,47.0,0
DEEM,2026-10-01,47.0,47.0,47.0,47.0,0
DEEM,2026-10-02,47.0,47.0,47.0,47.0,0
DEEP,2026-09-28,45.5,46.0,44.25,44.38,3383
DEEP,2026-09-29,44.0,44.95,42.55,44.26,6637
DEEP,2026-09-30,45.0,46.0,43.05,44.82,2754
DEEP,2026-10-01,43.05,45.0,42.58,42.69,7858
DEEP,2026-10-05,44.0,44.22,42.69,42.76,3252
DEEPA,2026-09-29,198.9,203.35,185.25,188.89,4117606
DEEPA,2026-09-30,191.8,199.9,189.74,195.48,2948558
DEEPA,2026-10-01,192.89,199.9,187.78,192.17,1918965
DEEPA,2026-10-02,192.17,192.17,192.17,192.17,0
DEEPA,2026-10-05,192.17,197.3,190.36,194.93,1705934
DEEPAKFERT,2026-09-28,1367.0,1367.0,1336.0,1350.5,106981
DEEPAKFERT,2026-09-29,1349.0,1349.2,1296.0,1308.9,171551
DEEPAKFERT,2026-09-30,1305.1,1387.4,1305.1,1351.0,520150
DEEPAKFERT,2026-10-01,1350.0,1350.0,1286.0,1300.9,226222
DEEPAKFERT,2026-10-05,1300.9,1322.5,1292.0,1297.7,112778
DEEPAKNTR,2026-09-29,1552.8,1555.0,1512.3,1529.0,187781
DEEPAKNTR,2026-09-30,1535.0,1555.0,1520.6,1529.8,141444
DEEPAKNTR,2026-10-01,1529.8,1529.9,1473.1,1492.8,157119
DEEPAKNTR,2026-10-02,1492.8,1492.8,1492.8,1492.8,0
DEEPAKNTR,2026-10-05,1497.9,1522.0,1488.2,1497.0,108056
DEEPINDS,2026-09-29,768.0,794.9,760.05,782.5,277380
DEEPINDS,2026-09-30,782.45,789.0,746.95,755.95,186911
DEEPINDS,2026-10-01,751.0,762.85,720.7,749.0,435585
DEEPINDS,2026-10-02,749.0,749.0,749.0,749.0,0
DEEPINDS,2026-10-05,750.9,762.9,731.4,747.05,111244
DELAPLEX,2026-09-25,91.9,91.9,91.9,91.9,0
DELAPLEX,2026-09-28,91.0,91.9,89.05,91.05,9000
DELAPLEX,2026-09-29,85.3,99.95,85.05,96.55,21600
DELAPLEX,2026-09-30,94.6,95.8,93.1,93.1,9600
DELAPLEX,2026-10-01,93.0,94.5,91.55,94.5,4800
DELHIVERY,2026-09-29,409.0,418.3,405.25,417.4,5622866
DELHIVERY,2026-09-30,418.35,418.35,400.35,409.7,5573038
DELHIVERY,2026-10-01,408.0,408.65,397.0,400.0,1371538
DELHIVERY,2026-10-02,400.0,400.0,400.0,400.0,0
DELHIVERY,2026-10-05,403.25,404.85,398.0,400.3,2579997
DELPHIFX,2026-09-28,6.51,6.51,6.51,6.51,86228
DELPHIFX,2026-09-29,6.64,6.64,6.64,6.64,88284
DELPHIFX,2026-09-30,6.77,6.77,6.77,6.77,111667
DELPHIFX,2026-10-01,6.9,6.9,6.9,6.9,312826
DELPHIFX,2026-10-05,7.03,7.03,7.03,7.03,64543
DELTACORP,2026-09-29,72.45,81.56,71.02,78.69,12538926
DELTACORP,2026-09-30,78.55,87.9,78.55,80.51,84962418
DELTACORP,2026-10-01,81.55,82.99,72.0,73.48,31237756
DELTACORP,2026-10-02,73.48,73.48,73.48,73.48,0
DELTACORP,2026-10-05,74.6,87.67,71.23,85.43,105531303
DELTAMAGNT,2026-09-28,59.0,59.0,55.61,55.87,983
DELTAMAGNT,2026-09-29,57.98,58.6,55.35,57.07,2389
DELTAMAGNT,2026-09-30,57.2,58.5,57.01,57.19,2227
DELTAMAGNT,2026-10-01,59.0,59.3,53.03,54.08,7561
DELTAMAGNT,2026-10-05,54.1,56.8,53.35,54.87,3818
DEN,2026-09-28,26.38,26.52,25.8,26.0,297899
DEN,2026-09-29,25.75,26.4,25.52,25.91,205763
DEN,2026-09-30,25.99,26.36,25.77,25.93,269929
DEN,2026-10-01,25.99,25.99,25.12,25.41,282134
DEN,2026-10-05,25.69,26.05,25.41,25.71,310933
DENEERS,2026-09-25,171.25,184.6,171.25,182.8,18600
DENEERS,2026-09-28,181.95,182.9,181.95,182.5,3000
DENEERS,2026-09-29,176.5,182.0,176.0,179.4,8400
DENEERS,2026-09-30,183.95,183.95,178.0,178.0,1800
DENEERS,2026-10-01,176.95,181.5,173.55,173.55,4200
DENORA,2026-09-29,748.0,752.6,717.6,741.35,9296
DENORA,2026-09-30,735.0,756.0,718.6,736.5,10095
DENORA,2026-10-01,729.0,745.1,711.0,723.9,11453
DENORA,2026-10-02,723.9,723.9,723.9,723.9,0
DENORA,2026-10-05,725.0,789.1,716.0,731.65,5451
DENTA,2026-09-28,278.0,278.0,266.8,267.7,61072
DENTA,2026-09-29,268.7,273.95,264.0,266.6,60442
DENTA,2026-09-30,267.4,271.75,264.5,265.75,48166
DENTA,2026-10-01,268.65,268.65,254.3,260.65,79945
DENTA,2026-10-05,263.0,264.9,255.3,260.35,50083
DENTALKART,2026-09-25,410.05,416.95,410.0,414.0,5000
DENTALKART,2026-09-28,414.0,430.0,401.05,424.4,18250
DENTALKART,2026-09-29,421.0,434.85,420.0,434.85,9500
DENTALKART,2026-09-30,427.7,470.0,427.7,460.0,25000
DENTALKART,2026-10-01,469.2,485.0,441.1,459.0,12750
DEVIT,2026-09-29,21.99,22.0,21.21,21.59,28270
DEVIT,2026-09-30,21.6,22.5,21.06,21.86,72158
DEVIT,2026-10-01,21.8,22.45,20.49,20.75,85533
DEVIT,2026-10-02,20.75,20.75,20.75,20.75,0
DEVIT,2026-10-05,21.1,21.9,20.5,20.52,19078
DEVX,2026-09-28,35.99,36.5,35.51,36.13,124018
DEVX,2026-09-29,36.31,36.31,35.59,36.12,23115
DEVX,2026-09-30,36.12,36.56,35.71,36.07,41456
DEVX,2026-10-01,35.77,36.95,35.14,36.28,79144
DEVX,2026-10-05,36.41,38.5,36.05,37.85,207604
DEVYANI,2026-09-28,134.73,135.17,128.31,131.09,3775990
DEVYANI,2026-09-29,131.0,133.3,126.56,130.72,2134376
DEVYANI,2026-09-30,130.68,132.7,129.0,130.29,1090016
DEVYANI,2026-10-01,129.85,129.85,125.35,127.07,1020731
DEVYANI,2026-10-05,127.07,131.0,125.55,130.03,1377340
DGCONTENT,2026-09-28,23.66,25.0,23.11,23.37,39742
DGCONTENT,2026-09-29,24.4,25.95,23.23,25.24,126064
DGCONTENT,2026-09-30,25.5,26.75,24.75,25.43,84649
DGCONTENT,2026-10-01,25.75,26.75,24.5,25.43,92788
DGCONTENT,2026-10-05,25.0,25.59,24.7,24.91,6243
DHABRIYA,2026-09-28,483.0,492.9,467.0,471.9,8560
DHABRIYA,2026-09-29,472.0,481.5,468.05,471.8,11235
DHABRIYA,2026-09-30,462.15,480.5,462.0,472.8,10075
DHABRIYA,2026-10-01,476.0,490.0,449.2,463.8,13159
DHABRIYA,2026-10-05,461.0,465.0,449.9,452.55,8343
DHAMPURSUG,2026-09-28,175.5,178.91,171.0,172.42,987937
DHAMPURSUG,2026-09-29,172.88,173.49,168.51,171.8,382799
DHAMPURSUG,2026-09-30,174.0,179.69,170.1,171.42,654374
DHAMPURSUG,2026-10-01,171.54,173.5,164.9,171.06,633753
DHAMPURSUG,2026-10-05,171.19,179.98,171.19,176.85,818049
DHANBANK,2026-09-28,28.99,29.41,27.86,28.23,532281
DHANBANK,2026-09-29,28.0,28.9,27.79,28.37,268647
DHANBANK,2026-09-30,28.11,28.93,27.1,27.52,833002
DHANBANK,2026-10-01,27.5,27.5,26.0,26.97,1111767
DHANBANK,2026-10-05,27.65,28.4,26.25,26.49,589132
DHANLAXMI,2026-09-25,25.3,25.3,25.3,25.3,0
DHANLAXMI,2026-09-28,25.0,26.9,25.0,25.25,18000
DHANLAXMI,2026-09-29,25.25,26.0,25.0,26.0,6000
DHANLAXMI,2026-09-30,26.0,27.0,26.0,26.4,44000
DHANLAXMI,2026-10-01,26.0,27.0,26.0,26.5,36000
DHANUKA,2026-09-29,950.0,962.5,922.0,930.55,26244
DHANUKA,2026-09-30,931.0,940.75,925.1,928.35,21838
DHANUKA,2026-10-01,928.35,940.0,908.4,935.05,35421
DHANUKA,2026-10-02,935.05,935.05,935.05,935.05,0
DHANUKA,2026-10-05,930.9,938.2,899.5,907.4,19452
DHARAN,2026-09-28,0.15,0.15,0.14,0.14,8518452
DHARAN,2026-09-29,0.15,0.15,0.14,0.14,7530926
DHARAN,2026-09-30,0.15,0.15,0.14,0.14,5532871
DHARAN,2026-10-01,0.14,0.15,0.13,0.13,7039417
DHARAN,2026-10-05,0.14,0.14,0.13,0.13,6787428
DHARMAJ,2026-09-28,295.95,297.0,283.6,291.05,26277
DHARMAJ,2026-09-29,289.85,290.7,274.0,278.75,78435
DHARMAJ,2026-09-30,276.2,282.9,262.0,264.35,100650
DHARMAJ,2026-10-01,263.6,270.35,255.85,267.65,75720
DHARMAJ,2026-10-05,265.65,272.3,261.6,265.0,110832
DHATRE,2026-09-28,4.12,4.27,3.85,3.96,70411
DHATRE,2026-09-29,3.91,4.09,3.9,3.97,59326
DHATRE,2026-09-30,3.91,4.1,3.91,3.98,17934
DHATRE,2026-10-01,3.92,4.08,3.92,4.02,10656
DHATRE,2026-10-05,4.04,4.08,3.91,3.93,21458
DHOOTTRANS,2026-09-28,1569.0,1578.0,1494.0,1504.2,711572
DHOOTTRANS,2026-09-29,1508.9,1524.9,1477.7,1504.6,617575
DHOOTTRANS,2026-09-30,1505.0,1518.9,1480.0,1488.8,580685
DHOOTTRANS,2026-10-01,1494.0,1499.9,1405.2,1443.4,1004650
DHOOTTRANS,2026-10-05,1464.0,1531.9,1452.0,1521.8,2028635
DHRUV,2026-09-28,22.23,22.23,20.52,21.4,2161
DHRUV,2026-09-29,20.9,20.9,20.33,20.89,12631
DHRUV,2026-09-30,20.87,21.89,19.96,20.08,8040
DHRUV,2026-10-01,20.9,20.9,19.46,19.74,5994
DHRUV,2026-10-05,19.74,19.97,18.76,19.51,16382
DHTL,2026-09-25,26.9,27.75,25.65,25.65,19200
DHTL,2026-09-28,25.0,26.2,25.0,25.75,22400
DHTL,2026-09-29,25.75,26.25,25.75,26.25,30400
DHTL,2026-09-30,25.75,26.0,24.95,24.95,81600
DHTL,2026-10-01,24.9,24.95,23.75,23.75,48800
DHUNINV,2026-09-28,981.0,988.65,960.3,968.5,291
DHUNINV,2026-09-29,970.0,991.0,951.0,972.35,256
DHUNINV,2026-09-30,989.7,991.0,950.0,955.65,621
DHUNINV,2026-10-01,979.8,979.8,950.0,967.3,244
DHUNINV,2026-10-05,962.5,996.0,960.0,972.1,562
DIACABS,2026-09-28,353.0,353.8,337.0,339.25,587309
DIACABS,2026-09-29,336.9,356.2,333.65,352.05,1038953
DIACABS,2026-09-30,349.5,360.0,348.0,354.2,338526
DIACABS,2026-10-01,355.0,356.7,337.0,345.0,912342
DIACABS,2026-10-05,350.0,360.0,345.0,350.8,855233
DIAMINESQ,2026-09-28,246.29,251.79,235.5,240.18,3421
DIAMINESQ,2026-09-29,236.59,244.0,236.15,239.88,1394
DIAMINESQ,2026-09-30,243.38,243.38,236.6,238.5,1955
DIAMINESQ,2026-10-01,237.16,241.99,235.0,236.31,1772
DIAMINESQ,2026-10-05,236.31,241.45,235.0,237.97,914
DIAMONDYD,2026-09-28,1060.0,1077.0,1038.1,1066.2,19609
DIAMONDYD,2026-09-29,1069.3,1069.3,1037.7,1051.1,28880
DIAMONDYD,2026-09-30,1061.0,1124.9,1056.2,1108.5,164680
DIAMONDYD,2026-10-01,1100.0,1107.0,1041.5,1073.0,24504
DIAMONDYD,2026-10-05,1068.7,1105.1,1041.5,1058.8,23745
DICIND,2026-09-28,656.5,666.9,634.0,637.15,2080
DICIND,2026-09-29,626.65,647.65,612.05,619.95,1907
DICIND,2026-09-30,629.5,645.65,623.05,635.3,5230
DICIND,2026-10-01,638.0,649.0,602.05,613.65,4422
DICIND,2026-10-05,605.0,627.05,591.4,595.95,3985
DIFFNKG,2026-09-28,426.05,447.6,420.55,444.15,170596
DIFFNKG,2026-09-29,447.15,450.6,428.5,448.15,128120
DIFFNKG,2026-09-30,451.45,452.0,435.1,438.75,78332
DIFFNKG,2026-10-01,438.75,472.45,428.1,464.4,498520
DIFFNKG,2026-10-05,469.9,477.9,447.6,451.25,237679
DIGIDRIVE,2026-09-28,18.01,18.69,17.6,17.75,26756
DIGIDRIVE,2026-09-29,17.99,18.2,17.6,17.81,28906
DIGIDRIVE,2026-09-30,17.73,17.99,17.55,17.89,18503
DIGIDRIVE,2026-10-01,17.99,18.8,17.6,17.61,16496
DIGIDRIVE,2026-10-05,17.67,18.5,17.22,17.8,18543
DIGIKORE,2026-09-25,36.95,37.0,34.6,35.55,28000
DIGIKORE,2026-09-28,35.55,35.9,34.85,35.8,21200
DIGIKORE,2026-09-29,35.45,36.95,35.45,36.35,24800
DIGIKORE,2026-09-30,36.0,37.45,36.0,37.05,18800
DIGIKORE,2026-10-01,36.0,37.4,35.1,37.25,36800
DIGISPICE,2026-09-28,16.08,16.4,15.5,15.68,38423
DIGISPICE,2026-09-29,15.79,15.79,14.95,15.35,169468
DIGISPICE,2026-09-30,15.0,15.53,14.86,14.96,99635
DIGISPICE,2026-10-01,14.96,15.26,14.4,14.79,52113
DIGISPICE,2026-10-05,14.79,15.49,14.46,15.2,69082
DIGITIDE,2026-09-28,79.4,79.4,75.01,76.55,214070
DIGITIDE,2026-09-29,76.55,77.06,74.8,75.12,268468
DIGITIDE,2026-09-30,75.67,77.5,72.2,72.85,366324
DIGITIDE,2026-10-01,72.55,73.94,69.96,72.34,321390
DIGITIDE,2026-10-05,71.72,75.7,71.72,74.08,413727
DIGJAMLMTD,2026-09-28,52.1,52.53,51.68,51.68,3521
DIGJAMLMTD,2026-09-29,49.5,52.0,49.1,49.5,20251
DIGJAMLMTD,2026-09-30,49.5,51.94,49.1,50.46,1729
DIGJAMLMTD,2026-10-01,50.46,51.0,47.94,47.96,6217
DIGJAMLMTD,2026-10-05,47.5,47.96,45.6,47.61,8995
DISAQ,2026-09-28,11779.0,12119.0,11679.0,11972.0,123
DISAQ,2026-09-29,11802.0,12150.0,11720.0,11804.0,281
DISAQ,2026-09-30,12050.0,12050.0,11750.0,11796.0,158
DISAQ,2026-10-01,11800.0,11800.0,11000.0,11249.0,297
DISAQ,2026-10-05,11395.0,11740.0,11250.0,11487.0,95
DISHTV,2026-09-28,2.35,2.36,2.26,2.26,4340622
DISHTV,2026-09-29,2.24,2.24,2.15,2.15,2598068
DISHTV,2026-09-30,2.05,2.19,2.05,2.06,4887725
DISHTV,2026-10-01,2.06,2.16,2.05,2.15,2717434
DISHTV,2026-10-05,2.19,2.2,2.07,2.1,2049066
DIVGIITTS,2026-09-28,1141.1,1242.0,1123.0,1218.6,376368
DIVGIITTS,2026-09-29,1220.0,1249.0,1200.0,1212.9,143797
DIVGIITTS,2026-09-30,1220.0,1283.1,1166.3,1181.8,161440
DIVGIITTS,2026-10-01,1171.3,1184.9,1112.5,1136.4,129545
DIVGIITTS,2026-10-05,1148.9,1149.8,1106.4,1120.2,79216
DIVISLAB,2026-09-29,9562.0,9610.5,9431.0,9431.0,652089
DIVISLAB,2026-09-30,9499.5,9505.0,9275.0,9291.5,541269
DIVISLAB,2026-10-01,9277.0,9318.0,9078.0,9249.0,567310
DIVISLAB,2026-10-02,9249.0,9249.0,9249.0,9249.0,0
DIVISLAB,2026-10-05,9251.0,9285.5,9113.5,9196.0,480338
DIXON,2026-09-28,13325.0,13766.0,13234.0,13640.0,571209
DIXON,2026-09-29,13640.0,13686.0,13250.0,13250.0,305508
DIXON,2026-09-30,13300.0,13425.0,13100.0,13100.0,273569
DIXON,2026-10-01,13151.0,13290.0,12651.0,12700.0,258830
DIXON,2026-10-05,12729.0,12899.0,12692.0,12748.0,210988
DJML,2026-09-28,70.53,72.1,69.93,71.35,175786
DJML,2026-09-29,70.63,72.79,70.2,71.62,40710
DJML,2026-09-30,70.91,72.9,70.91,71.82,96040
DJML,2026-10-01,72.15,73.1,71.13,72.61,76710
DJML,2026-10-05,73.15,74.19,70.41,73.11,52415
DKEGL,2026-09-28,69.95,69.95,69.95,69.95,0
DKEGL,2026-09-29,69.95,69.95,69.95,69.95,0
DKEGL,2026-09-30,69.5,69.5,69.5,69.5,1500
DKEGL,2026-10-01,69.5,69.5,69.5,69.5,0
DKEGL,2026-10-02,69.5,69.5,69.5,69.5,0
DLF,2026-09-29,660.5,675.0,653.0,653.0,4736174
DLF,2026-09-30,665.05,674.0,653.0,674.0,5830044
DLF,2026-10-01,664.5,671.1,650.55,658.4,6264045
DLF,2026-10-02,658.4,658.4,658.4,658.4,0
DLF,2026-10-05,664.9,676.5,664.0,673.0,3470586
DLINKINDIA,2026-09-28,421.9,422.9,416.6,418.45,29726
DLINKINDIA,2026-09-29,416.95,418.0,403.0,414.2,82273
DLINKINDIA,2026-09-30,417.05,421.45,410.0,411.85,40130
DLINKINDIA,2026-10-01,411.0,413.2,400.85,406.6,61080
DLINKINDIA,2026-10-05,407.9,413.7,406.0,411.75,46236
DMART,2026-09-29,3803.5,3849.0,3746.2,3750.0,656759
DMART,2026-09-30,3769.5,3865.0,3769.5,3801.3999,620771
DMART,2026-10-01,3809.8,3880.0,3781.3999,3813.0,652283
DMART,2026-10-02,3813.0,3813.0,3813.0,3813.0,0
DMART,2026-10-05,3808.6001,3808.6001,3545.3,3567.0,2550875
DMCC,2026-09-28,307.0,315.85,300.0,302.8,144945
DMCC,2026-09-29,305.45,319.9,300.0,314.45,263536
DMCC,2026-09-30,317.0,324.0,308.35,311.7,250289
DMCC,2026-10-01,313.3,319.0,300.55,308.7,197626
DMCC,2026-10-05,307.3,329.4,306.0,319.1,217114
DNAMEDIA,2026-09-28,2.56,2.56,2.46,2.47,9990
DNAMEDIA,2026-09-29,2.53,2.53,2.32,2.41,36350
DNAMEDIA,2026-09-30,2.43,2.48,2.42,2.44,24871
DNAMEDIA,2026-10-01,2.45,2.45,2.38,2.42,22103
DNAMEDIA,2026-10-05,2.4,2.45,2.3,2.34,43193
DODLA,2026-09-28,1044.5,1044.5,990.0,1008.7,30753
DODLA,2026-09-29,1000.3,1020.3,993.4,1011.1,21646
DODLA,2026-09-30,1001.3,1032.9,1001.3,1019.4,22246
DODLA,2026-10-01,1019.4,1023.6,996.6,1006.3,69274
DODLA,2026-10-05,1006.3,1021.5,1003.2,1015.6,9309
DOLATALGO,2026-09-28,67.5,67.6,65.6,65.79,89435
DOLATALGO,2026-09-29,66.9,66.9,64.71,65.51,69225
DOLATALGO,2026-09-30,66.0,66.48,64.52,64.94,79533
DOLATALGO,2026-10-01,64.05,65.6,62.15,62.86,122351
DOLATALGO,2026-10-05,64.0,65.5,62.0,62.4,75022
DOLLAR,2026-09-28,270.45,272.0,265.35,269.5,46477
DOLLAR,2026-09-29,265.5,282.95,265.5,280.25,218402
DOLLAR,2026-09-30,278.2,285.9,276.0,277.25,210742
DOLLAR,2026-10-01,276.45,276.55,267.0,272.1,150981
DOLLAR,2026-10-05,270.9,277.0,268.85,274.4,70013
DOLLEX,2026-09-28,39.0,39.0,35.45,36.1,8118
DOLLEX,2026-09-29,37.6,39.55,35.9,38.9,80171
DOLLEX,2026-09-30,40.0,40.0,37.6,38.0,17634
DOLLEX,2026-10-01,39.3,39.3,36.75,38.24,24277
DOLLEX,2026-10-05,39.98,39.98,36.5,37.16,16730
DOLPHIN,2026-09-28,667.05,681.9,633.5,648.0,25918
DOLPHIN,2026-09-29,659.9,669.45,641.3,650.75,41024
DOLPHIN,2026-09-30,652.5,715.8,631.2,637.4,70720
DOLPHIN,2026-10-01,631.0,650.0,600.25,628.1,49914
DOLPHIN,2026-10-05,630.1,646.75,600.0,621.0,23823
DOMS,2026-09-28,2083.8999,2088.6001,2045.0,2046.5,31057
DOMS,2026-09-29,2040.2,2083.0,2020.0,2052.3999,56107
DOMS,2026-09-30,2056.3999,2122.0,2044.1,2107.0,46672
DOMS,2026-10-01,2094.6001,2110.0,2075.0,2097.5,19783
DOMS,2026-10-05,2109.8999,2109.8999,2053.0,2079.8,18688
DONEAR,2026-09-29,81.75,81.77,81.0,81.12,9832
DONEAR,2026-09-30,81.13,82.64,80.71,81.4,4484
DONEAR,2026-10-01,80.72,81.88,79.6,80.29,11952
DONEAR,2026-10-02,80.29,80.29,80.29,80.29,0
DONEAR,2026-10-05,82.3,82.3,80.01,80.22,8934
DPABHUSHAN,2026-09-28,1400.1,1404.0,1369.1,1388.2,13375
DPABHUSHAN,2026-09-29,1384.0,1665.8,1376.4,1665.8,975157
DPABHUSHAN,2026-09-30,1750.0,1815.7,1685.0,1788.8,869922
DPABHUSHAN,2026-10-01,1774.9,1924.4,1752.1,1874.0,784999
DPABHUSHAN,2026-10-05,1945.0,2200.0,1872.1,2130.5,959734
DPEL,2026-09-25,635.05,635.15,625.0,626.0,24500
DPEL,2026-09-28,635.0,635.0,618.3,620.7,28000
DPEL,2026-09-29,625.05,627.0,607.3,619.3,29000
DPEL,2026-09-30,625.0,625.0,615.0,617.55,28500
DPEL,2026-10-01,623.0,624.95,612.95,618.75,32500
DPSCLTD,2026-09-28,7.08,7.08,6.72,6.99,145154
DPSCLTD,2026-09-29,7.0,7.0,6.81,6.9,53953
DPSCLTD,2026-09-30,6.81,7.0,6.71,6.8,94002
DPSCLTD,2026-10-01,6.71,6.94,6.71,6.8,74833
DPSCLTD,2026-10-05,6.94,6.94,6.46,6.72,131088
DPWIRES,2026-09-28,157.0,166.5,157.0,158.41,5768
DPWIRES,2026-09-29,161.58,162.99,158.11,160.56,3612
DPWIRES,2026-09-30,161.0,167.0,161.0,163.89,6309
DPWIRES,2026-10-01,161.11,165.0,161.0,163.99,4897
DPWIRES,2026-10-05,165.99,196.78,165.99,196.78,817991
DRAGARWQ,2026-09-28,5214.0,5224.0,5138.0,5186.5,1182
DRAGARWQ,2026-09-29,5219.0,5219.0,5075.0,5129.5,2216
DRAGARWQ,2026-09-30,5190.0,5201.0,5061.0,5130.0,2230
DRAGARWQ,2026-10-01,5165.5,5189.0,5060.5,5159.0,2248
DRAGARWQ,2026-10-05,5250.0,5294.0,5162.5,5215.0,2781
DRCSYSTEMS,2026-09-28,12.75,12.83,12.5,12.52,32354
DRCSYSTEMS,2026-09-29,12.52,12.75,12.25,12.31,27456
DRCSYSTEMS,2026-09-30,12.19,14.0,12.16,13.15,111616
DRCSYSTEMS,2026-10-01,13.3,13.75,12.65,13.02,153366
DRCSYSTEMS,2026-10-05,13.02,13.5,12.8,13.04,42304
DREAMFOLKS,2026-09-29,62.23,62.59,61.3,61.91,29459
DREAMFOLKS,2026-09-30,62.19,62.89,61.5,61.66,28888
DREAMFOLKS,2026-10-01,61.66,64.42,60.81,61.5,71170
DREAMFOLKS,2026-10-02,61.5,61.5,61.5,61.5,0
DREAMFOLKS,2026-10-05,61.5,61.9,60.06,60.5,26105
DREDGECORP,2026-09-28,979.7,985.0,934.2,941.4,120105
DREDGECORP,2026-09-29,941.0,952.0,925.1,932.9,86237
DREDGECORP,2026-09-30,939.4,954.6,912.0,920.2,61117
DREDGECORP,2026-10-01,917.5,929.4,881.0,895.2,91115
DREDGECORP,2026-10-05,895.2,936.0,895.2,903.9,107651
DRONE,2026-09-25,34.4,34.4,33.4,33.45,7000
DRONE,2026-09-28,33.5,33.6,33.1,33.45,10500
DRONE,2026-09-29,33.45,33.45,32.75,33.3,14000
DRONE,2026-09-30,33.9,33.9,33.5,33.85,14500
DRONE,2026-10-01,33.85,33.85,32.6,33.1,45500
DRREDDY,2026-09-28,1211.6,1229.8,1204.0,1221.0,3401676
DRREDDY,2026-09-29,1243.2,1252.8,1229.0,1251.9,5347128
DRREDDY,2026-09-30,1242.2,1244.6,1214.2,1233.0,4026022
DRREDDY,2026-10-01,1233.0,1233.9,1194.9,1206.2,2607818
DRREDDY,2026-10-05,1198.0,1206.6,1189.0,1203.0,3075729
DSFCL,2026-09-28,29.55,31.94,29.55,30.5,58458
DSFCL,2026-09-29,30.51,30.98,28.98,29.1,97473
DSFCL,2026-09-30,29.17,29.8,28.19,28.94,45090
DSFCL,2026-10-01,28.75,29.59,27.6,27.9,87628
DSFCL,2026-10-05,28.4,28.94,27.11,27.89,24679
DSKULKARNI,2026-09-28,24.57,24.57,24.57,24.57,2
DSKULKARNI,2026-09-29,25.06,25.06,25.06,25.06,37
DSKULKARNI,2026-09-30,25.56,25.56,25.56,25.56,37
DSKULKARNI,2026-10-01,26.07,26.07,26.07,26.07,53
DSKULKARNI,2026-10-05,26.59,26.59,26.59,26.59,1
DSSL,2026-09-28,1035.0,1041.8,1006.3,1011.3,18485
DSSL,2026-09-29,1023.9,1024.1,986.0,993.0,27471
DSSL,2026-09-30,1023.5,1023.5,981.1,983.2,22519
DSSL,2026-10-01,983.0,983.95,941.05,948.75,28151
DSSL,2026-10-05,950.75,980.0,950.0,964.85,16450
DTIL,2026-09-28,143.3,147.36,137.5,139.95,2483
DTIL,2026-09-29,139.0,146.94,138.0,144.98,4777
DTIL,2026-09-30,147.7,152.22,146.0,152.21,19102
DTIL,2026-10-01,148.0,159.82,146.2,158.57,13405
DTIL,2026-10-05,158.57,161.6,153.0,157.86,5601
DTL,2026-09-28,120.05,120.05,120.05,120.05,1200
DTL,2026-09-29,120.05,120.05,120.05,120.05,0
DTL,2026-09-30,120.05,120.05,120.05,120.05,0
DTL,2026-10-01,120.05,120.05,120.05,120.05,0
DTL,2026-10-02,120.05,120.05,120.05,120.05,0
DUCOL,2026-09-25,126.0,130.7,126.0,130.5,6400
DUCOL,2026-09-28,115.05,115.05,115.0,115.0,2400
DUCOL,2026-09-29,121.9,125.0,120.0,120.0,3200
DUCOL,2026-09-30,120.0,120.0,120.0,120.0,0
DUCOL,2026-10-01,120.8,121.0,120.8,120.9,1600
DUCON,2026-09-28,1.5,1.58,1.49,1.49,4333245
DUCON,2026-09-29,1.42,1.46,1.42,1.42,3114371
DUCON,2026-09-30,1.37,1.43,1.35,1.36,3809077
DUCON,2026-10-01,1.37,1.39,1.3,1.3,3705446
DUCON,2026-10-05,1.35,1.36,1.32,1.36,469110
DUGLOBAL,2026-09-25,21.4,21.45,20.1,21.4,55000
DUGLOBAL,2026-09-28,21.0,21.0,20.25,20.25,12500
DUGLOBAL,2026-09-29,21.25,21.25,19.6,20.15,555000
DUGLOBAL,2026-09-30,20.95,21.3,19.75,20.1,110000
DUGLOBAL,2026-10-01,20.0,22.1,20.0,21.75,207500
DURLAX,2026-09-25,62.7,67.0,62.7,65.75,414000
DURLAX,2026-09-28,65.75,67.0,63.7,65.85,106000
DURLAX,2026-09-29,65.85,69.15,64.5,68.25,242000
DURLAX,2026-09-30,67.5,69.4,64.5,65.15,1752000
DURLAX,2026-10-01,63.55,67.3,63.0,65.25,124000
DVL,2026-09-28,289.75,292.95,281.0,281.9,9785
DVL,2026-09-29,282.1,289.0,276.45,287.65,15774
DVL,2026-09-30,288.0,291.45,282.1,282.95,8519
DVL,2026-10-01,278.75,282.15,274.45,278.7,12290
DVL,2026-10-05,278.4,280.4,270.5,271.65,5322
DWARKESH,2026-09-29,43.19,43.89,42.65,43.33,1233809
DWARKESH,2026-09-30,43.8,44.55,42.45,42.66,1342472
DWARKESH,2026-10-01,42.45,42.48,41.0,41.96,1083964
DWARKESH,2026-10-02,41.96,41.96,41.96,41.96,0
DWARKESH,2026-10-05,42.3,44.73,42.3,44.08,2644127
DYCL,2026-09-28,449.95,451.45,432.1,435.15,348830
DYCL,2026-09-29,434.4,438.5,420.8,433.9,478495
DYCL,2026-09-30,435.5,446.45,435.0,437.15,216097
DYCL,2026-10-01,436.5,437.75,417.5,428.0,313267
DYCL,2026-10-05,431.9,452.0,430.0,434.85,288948
DYNAMATECH,2026-09-29,13049.0,13149.0,12723.0,13065.0,34803
DYNAMATECH,2026-09-30,13065.0,13650.0,13060.0,13611.0,49032
DYNAMATECH,2026-10-01,13611.0,13996.0,13300.0,13756.0,42592
DYNAMATECH,2026-10-02,13756.0,13756.0,13756.0,13756.0,0
DYNAMATECH,2026-10-05,13798.0,14375.0,13798.0,14251.0,43998
DYNAMIC,2026-09-25,156.7,156.7,136.75,139.95,21500
DYNAMIC,2026-09-28,139.95,139.95,139.95,139.95,0
DYNAMIC,2026-09-29,139.3,139.3,139.3,139.3,500
DYNAMIC,2026-09-30,130.0,134.7,130.0,133.95,3000
DYNAMIC,2026-10-01,133.3,133.3,129.95,129.95,1500
DYNPRO,2026-09-28,230.45,231.45,223.52,224.7,12296
DYNPRO,2026-09-29,224.01,228.87,221.71,222.6,17051
DYNPRO,2026-09-30,226.0,227.02,221.0,223.58,5756
DYNPRO,2026-10-01,225.27,226.5,220.57,224.58,3562
DYNPRO,2026-10-05,224.67,229.49,218.25,220.44,7281
E2E,2026-09-28,650.0,650.0,622.25,625.9,462181
E2E,2026-09-29,619.55,657.15,602.15,651.8,851171
E2E,2026-09-30,655.05,679.0,636.2,650.5,479810
E2E,2026-10-01,647.0,655.0,620.1,648.0,470548
E2E,2026-10-05,659.9,675.0,649.95,656.1,513746
EASEMYTRIP,2026-09-28,6.0,6.1,5.93,5.97,14312003
EASEMYTRIP,2026-09-29,5.96,5.96,5.85,5.88,7428490
EASEMYTRIP,2026-09-30,5.88,6.03,5.81,5.86,9015155
EASEMYTRIP,2026-10-01,5.86,5.89,5.72,5.76,12319113
EASEMYTRIP,2026-10-05,5.8,5.83,5.76,5.77,6176357
EASTSILK,2026-09-28,69.0,75.3,69.0,74.0,1375
EASTSILK,2026-09-29,72.55,72.55,70.3,70.3,642
EASTSILK,2026-09-30,69.0,73.81,66.79,73.81,961
EASTSILK,2026-10-01,77.5,77.5,70.12,70.12,4250
EASTSILK,2026-10-05,70.82,70.82,66.66,66.66,604
EASTWEST,2026-09-28,2.35,2.41,2.25,2.29,38866
EASTWEST,2026-09-29,2.25,2.32,2.25,2.27,34964
EASTWEST,2026-09-30,2.27,2.36,2.25,2.33,34577
EASTWEST,2026-10-01,2.36,2.36,2.24,2.29,20920
EASTWEST,2026-10-05,2.36,2.4,2.24,2.32,51178
EBGNG,2026-09-29,672.05,690.95,666.1,674.8,544371
EBGNG,2026-09-30,700.05,711.45,684.9,686.75,906069
EBGNG,2026-10-01,686.0,713.0,670.0,704.7,892168
EBGNG,2026-10-02,704.7,704.7,704.7,704.7,0
EBGNG,2026-10-05,710.0,718.7,690.0,695.45,531082
EBIX,2026-09-28,18.19,18.19,17.0,17.19,19042
EBIX,2026-09-29,17.1,17.79,16.9,17.01,37741
EBIX,2026-09-30,17.68,17.86,16.82,16.97,41803
EBIX,2026-10-01,16.99,17.19,16.7,16.89,26253
EBIX,2026-10-05,17.0,17.7,16.88,16.91,10108
ECLERX,2026-09-29,1818.0,1829.9,1762.0,1769.7,175169
ECLERX,2026-09-30,1772.0,1848.7,1772.0,1819.9,177436
ECLERX,2026-10-01,1811.9,1829.8,1782.8,1802.9,106573
ECLERX,2026-10-02,1802.9,1802.9,1802.9,1802.9,0
ECLERX,2026-10-05,1819.2,1898.0,1812.1,1884.3,142484
ECORECO,2026-09-28,418.8,418.8,400.0,404.8,16026
ECORECO,2026-09-29,403.6,405.0,386.0,403.3,25903
ECORECO,2026-09-30,407.95,410.0,391.45,395.5,9028
ECORECO,2026-10-01,394.9,401.95,385.0,388.6,15029
ECORECO,2026-10-05,390.0,427.45,388.8,427.3,14130
ECOSMOBLTY,2026-09-28,107.05,110.96,105.82,106.36,83709
ECOSMOBLTY,2026-09-29,107.3,107.3,104.1,105.07,47947
ECOSMOBLTY,2026-09-30,106.58,107.01,104.1,104.73,35333
ECOSMOBLTY,2026-10-01,106.5,106.5,102.0,105.01,40431
ECOSMOBLTY,2026-10-05,105.53,108.0,103.81,105.44,72517
EDELWEISS,2026-09-29,135.0,138.43,132.71,137.77,4623007
EDELWEISS,2026-09-30,137.7,144.05,137.7,142.73,10840581
EDELWEISS,2026-10-01,142.0,142.0,136.0,137.9,6165446
EDELWEISS,2026-10-02,137.9,137.9,137.9,137.9,0
EDELWEISS,2026-10-05,138.49,139.22,135.11,135.47,2456666
EDUCOMP,2026-09-29,0.9,0.9,0.9,0.9,0
EDUCOMP,2026-09-30,0.9,0.9,0.9,0.9,0
EDUCOMP,2026-10-01,0.9,0.9,0.9,0.9,0
EDUCOMP,2026-10-02,0.9,0.9,0.9,0.9,0
EDUCOMP,2026-10-05,0.9,0.94,0.88,0.93,95825
EFACTOR,2026-09-25,161.95,175.0,161.45,171.15,29200
EFACTOR,2026-09-28,171.15,177.85,168.0,177.85,25600
EFACTOR,2026-09-29,170.5,194.4,170.5,190.35,24000
EFACTOR,2026-09-30,193.0,199.0,185.0,185.0,22400
EFACTOR,2026-10-01,190.0,191.95,176.15,185.75,6000
EFCIL,2026-09-28,179.74,179.74,175.0,175.24,113635
EFCIL,2026-09-29,174.05,176.41,173.65,174.28,128858
EFCIL,2026-09-30,174.28,177.94,171.5,172.21,206429
EFCIL,2026-10-01,172.78,172.78,167.05,171.2,242978
EFCIL,2026-10-05,172.99,174.64,168.01,168.74,153943
EFFWA,2026-09-25,350.0,362.9,346.0,356.2,14000
EFFWA,2026-09-28,356.0,356.0,330.0,348.85,18800
EFFWA,2026-09-29,345.0,363.0,345.0,358.85,9200
EFFWA,2026-09-30,352.55,361.0,350.0,356.95,16400
EFFWA,2026-10-01,356.95,360.95,338.0,342.9,15200
EFORCE,2026-09-25,18.05,18.05,18.05,18.05,1200
EFORCE,2026-09-28,18.15,18.5,18.15,18.5,2400
EFORCE,2026-09-29,17.6,19.1,17.6,18.5,8400
EFORCE,2026-09-30,18.15,18.5,18.15,18.5,3600
EFORCE,2026-10-01,18.0,18.4,17.9,18.4,4800
EICHERMOT,2026-09-28,7323.0,7323.0,7189.0,7213.5,423079
EICHERMOT,2026-09-29,7213.5,7268.0,7164.5,7179.0,596560
EICHERMOT,2026-09-30,7182.0,7245.0,7120.0,7150.0,418141
EICHERMOT,2026-10-01,7120.0,7146.0,6840.0,6920.0,817452
EICHERMOT,2026-10-05,6975.0,7066.0,6901.5,7021.5,381634
EIDPARRY,2026-09-28,706.0,708.4,694.15,706.45,344029
EIDPARRY,2026-09-29,708.5,708.5,690.05,696.25,275246
EIDPARRY,2026-09-30,696.0,708.0,681.0,685.9,467662
EIDPARRY,2026-10-01,682.0,685.35,672.3,674.55,341622
EIDPARRY,2026-10-05,675.0,698.0,675.0,691.95,191212
EIEL,2026-09-29,192.68,193.35,188.6,191.48,453947
EIEL,2026-09-30,193.05,195.66,188.0,189.62,435975
EIEL,2026-10-01,188.8,192.0,182.95,184.0,775964
EIEL,2026-10-02,184.0,184.0,184.0,184.0,0
EIEL,2026-10-05,185.84,187.99,178.5,180.61,729200
EIFFL,2026-09-29,271.5,277.0,271.5,277.0,210
EIFFL,2026-09-30,273.2,273.2,271.6,273.2,1439
EIFFL,2026-10-01,267.75,273.0,267.75,267.75,646
EIFFL,2026-10-02,267.75,267.75,267.75,267.75,0
EIFFL,2026-10-05,265.0,262.4,262.4,262.4,573
EIHAHOTELS,2026-09-28,294.8,294.8,287.45,290.0,12242
EIHAHOTELS,2026-09-29,289.0,294.35,286.0,292.35,11583
EIHAHOTELS,2026-09-30,293.9,302.35,289.2,297.15,18403
EIHAHOTELS,2026-10-01,289.0,300.6,289.0,296.1,13263
EIHAHOTELS,2026-10-05,296.1,300.0,288.0,294.4,4180
EIHOTEL,2026-09-29,298.0,309.0,294.7,301.85,2110585
EIHOTEL,2026-09-30,301.85,306.15,297.55,301.1,1001715
EIHOTEL,2026-10-01,300.65,301.0,295.15,297.85,167855
EIHOTEL,2026-10-02,297.85,297.85,297.85,297.85,0
EIHOTEL,2026-10-05,297.8,299.85,294.1,298.3,145139
EIMCOELECO,2026-09-28,2315.0,2325.0,2257.6001,2268.8999,16841
EIMCOELECO,2026-09-29,2265.6001,2304.2,2239.3999,2278.3,15830
EIMCOELECO,2026-09-30,2297.6001,2320.3999,2259.8,2269.2,14680
EIMCOELECO,2026-10-01,2267.2,2285.0,2221.5,2268.8,18996
EIMCOELECO,2026-10-05,2288.8,2325.0,2236.2,2241.8999,24870
EKC,2026-09-28,110.83,110.83,106.4,107.03,230676
EKC,2026-09-29,107.35,108.96,104.81,107.74,219635
EKC,2026-09-30,108.2,110.5,106.65,108.9,199123
EKC,2026-10-01,108.9,108.9,103.7,106.01,154275
EKC,2026-10-05,106.0,107.99,104.0,105.13,124137
EKI,2026-09-28,102.79,106.0,90.9,91.15,141967
EKI,2026-09-29,92.7,100.26,83.3,98.57,318373
EKI,2026-09-30,99.98,103.88,94.11,94.99,82152
EKI,2026-10-01,94.0,99.7,91.0,97.95,40385
EKI,2026-10-05,97.95,98.99,93.06,93.06,15088
ELANTAS,2026-09-28,14047.0,14047.0,13427.0,13819.0,2060
ELANTAS,2026-09-29,13720.0,13839.0,13403.0,13649.0,1687
ELANTAS,2026-09-30,13850.0,13978.0,13643.0,13839.0,1294
ELANTAS,2026-10-01,13836.0,13839.0,13067.0,13474.0,2435
ELANTAS,2026-10-05,13599.0,13600.0,13118.0,13214.0,1139
ELCIDIN,2026-09-28,103805.0,107200.0,103100.0,103500.0,7
ELCIDIN,2026-09-29,103500.0,103500.0,101500.0,102665.0,6
ELCIDIN,2026-09-30,103000.0,103000.0,102665.0,102665.0,2
ELCIDIN,2026-10-01,102665.0,102665.0,101110.0,102155.0,7
ELCIDIN,2026-10-05,102155.0,102155.0,100500.0,102000.0,5
ELDEHSG,2026-09-28,770.0,771.95,755.5,756.6,443
ELDEHSG,2026-09-29,768.1,768.1,747.0,751.75,277
ELDEHSG,2026-09-30,751.75,760.0,751.0,751.05,691
ELDEHSG,2026-10-01,761.1,786.9,751.05,782.25,1460
ELDEHSG,2026-10-05,782.25,788.0,766.3,773.55,629
ELECON,2026-09-28,458.5,489.5,452.25,480.75,6723720
ELECON,2026-09-29,477.85,487.5,468.0,480.4,1322812
ELECON,2026-09-30,478.05,487.2,460.0,461.8,812540
ELECON,2026-10-01,463.0,465.0,436.1,440.0,985198
ELECON,2026-10-05,442.95,449.9,437.75,446.35,323849
ELECTCAST,2026-09-29,72.94,79.0,71.15,76.53,26225369
ELECTCAST,2026-09-30,76.12,78.19,73.89,74.37,3312574
ELECTCAST,2026-10-01,74.3,78.45,72.49,74.54,5379383
ELECTCAST,2026-10-02,74.54,74.54,74.54,74.54,0
ELECTCAST,2026-10-05,75.55,78.0,74.2,75.26,3013318
ELECTHERM,2026-09-28,850.0,870.0,786.05,806.65,69918
ELECTHERM,2026-09-29,806.6,806.65,775.0,778.35,11981
ELECTHERM,2026-09-30,785.05,790.85,768.7,774.25,8860
ELECTHERM,2026-10-01,774.25,774.25,717.05,743.6,17615
ELECTHERM,2026-10-05,731.1,774.8,695.0,702.4,29124
ELEVATE,2026-09-30,355.1,372.75,290.1,322.95,38490932
ELEVATE,2026-10-01,315.0,353.0,312.25,344.8,15447430
ELEVATE,2026-10-02,344.8,344.8,344.8,344.8,0
ELEVATE,2026-10-05,354.1,354.25,327.15,333.15,2576912
ELGIEQUIP,2026-09-29,598.95,605.8,591.35,594.85,241659
ELGIEQUIP,2026-09-30,594.95,614.8,594.95,608.85,316761
ELGIEQUIP,2026-10-01,604.0,605.75,574.8,584.65,435205
ELGIEQUIP,2026-10-02,584.65,584.65,584.65,584.65,0
ELGIEQUIP,2026-10-05,585.4,594.7,582.5,591.2,301097
ELGIRUBCO,2026-09-28,55.68,55.68,52.01,52.25,90720
ELGIRUBCO,2026-09-29,53.02,53.51,51.5,52.9,30247
ELGIRUBCO,2026-09-30,52.95,54.0,52.95,53.42,21168
ELGIRUBCO,2026-10-01,52.95,53.69,50.5,51.38,33486
ELGIRUBCO,2026-10-05,52.9,53.17,51.01,51.56,38741
ELIN,2026-09-29,86.62,86.98,85.21,86.65,57766
ELIN,2026-09-30,88.38,88.38,86.02,86.3,57220
ELIN,2026-10-01,86.9,86.9,78.31,79.73,424406
ELIN,2026-10-02,79.73,79.73,79.73,79.73,0
ELIN,2026-10-05,80.09,81.22,78.0,78.97,183116
ELITECON,2026-09-29,8.84,8.84,8.2,8.2,3594963
ELITECON,2026-09-30,8.2,8.61,7.86,7.98,13834853
ELITECON,2026-10-01,8.09,8.22,7.7,7.79,5953979
ELITECON,2026-10-02,7.79,7.79,7.79,7.79,0
ELITECON,2026-10-05,7.98,7.98,7.45,7.49,5648103
ELLEN,2026-09-29,394.95,394.95,358.65,369.35,7447433
ELLEN,2026-09-30,378.0,381.0,354.15,356.9,2144133
ELLEN,2026-10-01,360.0,360.0,333.9,341.7,1714617
ELLEN,2026-10-02,341.7,341.7,341.7,341.7,0
ELLEN,2026-10-05,343.8,347.1,331.0,332.55,723867
ELPROINTL,2026-09-28,171.45,174.0,171.4,172.52,9798
ELPROINTL,2026-09-29,172.54,172.88,169.81,170.47,23149
ELPROINTL,2026-09-30,170.4,174.1,170.4,174.0,2626
ELPROINTL,2026-10-01,173.13,174.75,171.25,174.31,8080
ELPROINTL,2026-10-05,172.01,174.75,171.82,174.59,12341
EMAMILTD,2026-09-28,388.0,390.05,379.95,388.75,2032711
EMAMILTD,2026-09-29,388.6,388.6,376.75,381.05,2619527
EMAMILTD,2026-09-30,382.5,384.5,375.6,379.05,1943040
EMAMILTD,2026-10-01,376.1,377.35,370.2,372.65,2237638
EMAMILTD,2026-10-05,373.1,378.5,371.0,377.75,1358087
EMAMIPAP,2026-09-28,117.46,117.46,113.4,117.4,65773
EMAMIPAP,2026-09-29,116.0,119.95,112.6,118.62,40900
EMAMIPAP,2026-09-30,118.96,121.0,115.16,119.56,38369
EMAMIPAP,2026-10-01,118.7,119.9,113.59,116.84,34125
EMAMIPAP,2026-10-05,114.5,116.8,113.6,115.01,16261
EMAMIREAL,2026-09-28,70.8,70.9,65.25,67.14,2401
EMAMIREAL,2026-09-29,68.2,68.2,66.2,66.94,2736
EMAMIREAL,2026-09-30,67.7,68.49,66.95,67.43,5618
EMAMIREAL,2026-10-01,67.1,69.43,67.0,67.14,5743
EMAMIREAL,2026-10-05,67.14,69.65,67.14,68.06,7528
EMBDL,2026-09-29,56.03,56.64,55.05,56.33,1237266
EMBDL,2026-09-30,56.9,59.49,55.51,58.51,2043111
EMBDL,2026-10-01,57.85,58.32,55.17,56.13,2114200
EMBDL,2026-10-02,56.13,56.13,56.13,56.13,0
EMBDL,2026-10-05,57.48,58.3,55.35,56.05,1777659
EMCURE,2026-09-28,1935.0,1948.8,1918.1,1927.8,39044
EMCURE,2026-09-29,1922.1,1987.1,1912.0,1959.1,330808
EMCURE,2026-09-30,1960.0,1965.9,1907.2,1943.0,71094
EMCURE,2026-10-01,1927.5,1974.0,1916.1,1944.6,69846
EMCURE,2026-10-05,1935.0,1966.6,1917.3,1937.1,67551
EMIL,2026-09-29,193.0,198.0,189.8,191.71,2513420
EMIL,2026-09-30,192.0,208.98,192.0,205.36,14305072
EMIL,2026-10-01,204.0,207.15,197.73,204.05,4017614
EMIL,2026-10-02,204.05,204.05,204.05,204.05,0
EMIL,2026-10-05,207.0,211.66,202.65,205.1,9139822
EMKAY,2026-09-28,273.2,292.9,273.2,288.7,282771
EMKAY,2026-09-29,290.0,295.05,281.0,282.6,139872
EMKAY,2026-09-30,284.7,289.05,277.05,278.2,41969
EMKAY,2026-10-01,277.0,294.9,275.1,286.8,56856
EMKAY,2026-10-05,286.8,292.5,276.2,280.2,61240
EMKAYTOOLS,2026-09-25,95.0,96.0,95.0,95.0,1950
EMKAYTOOLS,2026-09-28,93.5,98.6,93.5,94.5,3000
EMKAYTOOLS,2026-09-29,94.5,94.5,92.35,92.8,1350
EMKAYTOOLS,2026-09-30,97.5,99.0,95.0,97.9,1350
EMKAYTOOLS,2026-10-01,98.95,98.95,93.2,98.6,600
EMMBI,2026-09-28,87.0,90.0,85.01,89.17,8293
EMMBI,2026-09-29,89.7,90.0,86.0,89.34,4467
EMMBI,2026-09-30,90.0,90.0,88.1,89.74,5465
EMMBI,2026-10-01,89.74,89.74,85.26,86.04,16076
EMMBI,2026-10-05,87.98,89.76,84.0,86.08,11635
EMMIL,2026-09-25,126.95,137.0,122.05,124.95,32500
EMMIL,2026-09-28,125.2,140.0,119.0,128.35,38000
EMMIL,2026-09-29,128.0,137.7,126.3,133.35,5750
EMMIL,2026-09-30,133.0,133.0,130.0,132.0,6500
EMMIL,2026-10-01,136.0,139.0,130.0,132.75,21000
EMMVEE,2026-09-29,314.05,319.0,312.45,314.55,1669860
EMMVEE,2026-09-30,313.95,318.5,313.2,315.9,1295809
EMMVEE,2026-10-01,315.0,316.4,300.85,305.9,1383663
EMMVEE,2026-10-02,305.9,305.9,305.9,305.9,0
EMMVEE,2026-10-05,309.0,309.0,290.45,296.25,3553362
EMPIND,2026-09-28,1040.0,1056.0,1025.0,1041.4,1269
EMPIND,2026-09-29,1032.1,1053.8,1032.1,1046.2,631
EMPIND,2026-09-30,1052.0,1066.0,1052.0,1057.1,2549
EMPIND,2026-10-01,1057.3,1077.3,1046.1,1059.2,1377
EMPIND,2026-10-05,1059.2,1059.2,1030.6,1034.0,10650
EMPOWER,2026-09-28,1.78,1.78,1.78,1.78,3891622
EMPOWER,2026-09-29,1.7,1.7,1.7,1.7,3592503
EMPOWER,2026-09-30,1.62,1.62,1.62,1.62,3851509
EMPOWER,2026-10-01,1.54,1.54,1.54,1.54,3581175
EMPOWER,2026-10-05,1.47,1.61,1.47,1.61,43387876
EMSLIMITED,2026-09-29,340.0,342.5,334.6,337.5,106018
EMSLIMITED,2026-09-30,340.5,345.5,335.2,337.2,113345
EMSLIMITED,2026-10-01,338.0,338.0,324.65,331.55,157212
EMSLIMITED,2026-10-02,331.55,331.55,331.55,331.55,0
EMSLIMITED,2026-10-05,335.0,337.35,324.3,327.8,121022
EMUDHRA,2026-09-29,650.2,651.0,621.1,627.15,487802
EMUDHRA,2026-09-30,628.5,637.6,592.1,596.5,713583
EMUDHRA,2026-10-01,595.4,603.35,566.0,580.0,702179
EMUDHRA,2026-10-02,580.0,580.0,580.0,580.0,0
EMUDHRA,2026-10-05,604.0,615.8,583.55,599.0,637155
ENDURANCE,2026-09-28,2646.0,2715.0,2606.5,2700.3999,83166
ENDURANCE,2026-09-29,2699.0,2714.2,2637.0,2654.8,68032
ENDURANCE,2026-09-30,2665.0,2747.8999,2621.1001,2656.5,137641
ENDURANCE,2026-10-01,2635.1001,2653.0,2581.3,2601.3999,123076
ENDURANCE,2026-10-05,2609.8999,2617.0,2502.7,2526.5,112901
ENERGYDEV,2026-09-28,15.3,15.3,14.72,14.83,11168
ENERGYDEV,2026-09-29,14.6,14.9,14.59,14.6,17191
ENERGYDEV,2026-09-30,14.48,14.98,14.1,14.39,30784
ENERGYDEV,2026-10-01,14.99,14.99,14.1,14.52,10986
ENERGYDEV,2026-10-05,14.97,14.97,14.2,14.4,9299
ENFUSE,2026-09-25,145.0,145.0,145.0,145.0,600
ENFUSE,2026-09-28,138.0,149.0,138.0,149.0,1200
ENFUSE,2026-09-29,148.6,148.6,148.6,148.6,600
ENFUSE,2026-09-30,145.0,154.0,141.0,154.0,2400
ENFUSE,2026-10-01,153.15,153.15,150.0,150.0,1200
ENGINERSIN,2026-09-29,310.1,316.8,304.75,310.2,4987436
ENGINERSIN,2026-09-30,310.75,315.5,307.5,309.6,3125317
ENGINERSIN,2026-10-01,308.0,318.3,303.05,312.75,7911815
ENGINERSIN,2026-10-02,312.75,312.75,312.75,312.75,0
ENGINERSIN,2026-10-05,316.4,319.2,306.9,307.85,5190169
ENIL,2026-09-29,98.74,98.74,95.12,95.33,9925
ENIL,2026-09-30,96.99,96.99,95.05,95.59,12291
ENIL,2026-10-01,96.0,97.89,92.55,93.36,21152
ENIL,2026-10-02,93.36,93.36,93.36,93.36,0
ENIL,2026-10-05,94.0,94.0,91.1,91.69,20891
ENKEIWHEL,2026-09-28,380.5,402.05,374.5,392.85,2266
ENKEIWHEL,2026-09-29,385.05,400.95,385.0,397.8,1147
ENKEIWHEL,2026-09-30,399.0,399.0,390.0,396.55,253
ENKEIWHEL,2026-10-01,396.55,401.0,386.05,392.6,2283
ENKEIWHEL,2026-10-05,404.0,404.0,382.5,392.4,1756
ENRIN,2026-09-29,3189.5,3246.0,3164.1001,3199.0,346891
ENRIN,2026-09-30,3211.3999,3322.8,3200.0,3200.0,666697
ENRIN,2026-10-01,3213.0,3358.0,3187.0,3334.0,1649842
ENRIN,2026-10-02,3334.0,3334.0,3334.0,3334.0,0
ENRIN,2026-10-05,3357.1001,3408.8999,3316.3999,3316.3999,616768
ENSER,2026-09-25,14.5,15.15,14.25,15.15,60000
ENSER,2026-09-28,15.1,15.25,15.1,15.25,15000
ENSER,2026-09-29,15.0,15.05,14.45,15.0,25000
ENSER,2026-09-30,15.1,15.25,15.0,15.25,85000
ENSER,2026-10-01,15.4,15.75,15.2,15.25,35000
ENTERO,2026-09-28,1805.0,1821.7,1746.2,1790.1,183547
ENTERO,2026-09-29,1780.0,1797.8,1745.8,1764.9,120363
ENTERO,2026-09-30,1764.9,1775.3,1701.0,1708.9,78337
ENTERO,2026-10-01,1690.1,1712.9,1622.2,1680.8,205073
ENTERO,2026-10-05,1699.0,1725.0,1649.0,1697.1,80217
EPACK,2026-09-28,182.0,184.25,177.41,178.23,345012
EPACK,2026-09-29,179.65,179.65,174.01,177.93,253210
EPACK,2026-09-30,178.65,180.15,175.0,175.35,178498
EPACK,2026-10-01,175.95,176.75,168.61,171.59,284743
EPACK,2026-10-05,173.75,173.99,167.36,168.13,242286
EPACKPEB,2026-09-28,246.0,248.49,240.45,241.74,431352
EPACKPEB,2026-09-29,241.74,249.43,238.41,243.32,456672
EPACKPEB,2026-09-30,243.0,247.28,241.8,243.2,149107
EPACKPEB,2026-10-01,243.0,250.7,236.48,242.07,598656
EPACKPEB,2026-10-05,244.9,255.88,244.2,249.74,1070939
EPIGRAL,2026-09-28,1067.8,1068.9,1029.3,1038.0,28476
EPIGRAL,2026-09-29,1045.0,1052.4,1013.1,1018.1,35053
EPIGRAL,2026-09-30,1024.0,1030.0,1011.0,1012.5,37182
EPIGRAL,2026-10-01,1016.2,1017.9,975.9,982.2,80328
EPIGRAL,2026-10-05,990.0,1024.1,977.4,1017.3,60533
EPL,2026-09-28,238.1,238.1,233.1,235.0,1174162
EPL,2026-09-29,236.35,236.35,231.1,233.05,655107
EPL,2026-09-30,235.8,241.35,233.5,237.0,3029109
EPL,2026-10-01,236.0,236.45,226.69,232.39,2613252
EPL,2026-10-05,230.62,237.89,230.2,236.5,1435192
EQUIPPP,2026-09-28,22.5,23.0,21.8,21.85,5194
EQUIPPP,2026-09-29,21.85,22.94,21.85,22.93,4426
EQUIPPP,2026-09-30,23.8,23.8,22.4,22.65,1424
EQUIPPP,2026-10-01,22.65,23.1,22.2,22.83,2241
EQUIPPP,2026-10-05,22.94,22.94,21.69,21.85,5578
EQUITASBNK,2026-09-28,66.54,66.8,64.63,66.02,2363096
EQUITASBNK,2026-09-29,66.08,67.79,65.5,67.07,2421082
EQUITASBNK,2026-09-30,67.1,69.2,67.06,68.93,1798270
EQUITASBNK,2026-10-01,68.76,68.76,67.4,68.41,1588015
EQUITASBNK,2026-10-05,68.8,70.2,67.82,68.28,1624702
ERIS,2026-09-28,1258.0,1269.5,1231.1,1236.3,31386
ERIS,2026-09-29,1231.0,1293.0,1180.1,1219.3,859869
ERIS,2026-09-30,1225.3,1226.3,1180.8,1191.9,97144
ERIS,2026-10-01,1181.3,1200.0,1162.9,1189.8,88725
ERIS,2026-10-05,1189.8,1210.5,1177.0,1188.6,49205
ESABINDIA,2026-09-28,5551.5,5556.0,5480.5,5518.5,1978
ESABINDIA,2026-09-29,5530.0,5546.0,5447.0,5510.0,2344
ESABINDIA,2026-09-30,5565.5,5565.5,5521.0,5530.0,1062
ESABINDIA,2026-10-01,5544.5,5599.0,5461.0,5500.5,3747
ESABINDIA,2026-10-05,5520.0,5549.0,5450.5,5514.0,1802
ESAFSFB,2026-09-28,45.0,45.0,42.5,43.0,2453024
ESAFSFB,2026-09-29,42.5,44.8,41.21,44.54,1486139
ESAFSFB,2026-09-30,44.55,46.0,44.03,44.52,733692
ESAFSFB,2026-10-01,43.66,44.5,42.3,43.4,438635
ESAFSFB,2026-10-05,43.3,43.99,42.0,43.18,475820
ESCONET,2026-09-25,209.95,220.0,207.7,218.1,22000
ESCONET,2026-09-28,215.9,219.5,207.25,213.25,27600
ESCONET,2026-09-29,213.25,223.9,209.0,223.9,46000
ESCONET,2026-09-30,235.05,235.05,235.05,235.05,16000
ESCONET,2026-10-01,246.0,246.8,238.1,246.8,76800
ESCORTS,2026-09-29,2740.7,2761.8,2701.0,2706.2,40955
ESCORTS,2026-09-30,2705.0,2743.3999,2700.1001,2715.2,45053
ESCORTS,2026-10-01,2700.0,2701.0,2550.1001,2667.3,338525
ESCORTS,2026-10-02,2667.3,2667.3,2667.3,2667.3,0
ESCORTS,2026-10-05,2667.3,2888.3999,2664.3,2820.8999,222028
ESDS,2026-09-29,1588.9,1588.9,1588.9,1588.9,21769
ESDS,2026-09-30,1509.5,1509.5,1509.5,1509.5,35560
ESDS,2026-10-01,1434.1,1434.1,1434.1,1434.1,23844
ESDS,2026-10-02,1434.1,1434.1,1434.1,1434.1,0
ESDS,2026-10-05,1362.4,1362.4,1362.4,1362.4,59205
ESFL,2026-09-25,118.3,121.8,118.0,121.8,2520
ESFL,2026-09-28,123.75,123.75,119.0,119.0,3600
ESFL,2026-09-29,116.05,116.05,109.8,113.75,17640
ESFL,2026-09-30,114.0,117.95,112.45,113.1,16920
ESFL,2026-10-01,114.8,114.8,112.05,113.55,12600
ESSARSHPNG,2026-09-28,16.15,16.2,15.55,15.63,94107
ESSARSHPNG,2026-09-29,16.21,18.0,15.7,16.95,710896
ESSARSHPNG,2026-09-30,17.54,20.34,17.54,18.89,6789502
ESSARSHPNG,2026-10-01,19.5,19.88,16.9,17.18,1584604
ESSARSHPNG,2026-10-05,17.5,17.94,16.47,17.04,418001
ESSENTIA,2026-09-28,1.04,1.04,1.01,1.01,2135410
ESSENTIA,2026-09-29,1.01,1.02,1.0,1.0,1958147
ESSENTIA,2026-09-30,1.0,1.02,1.0,1.0,770450
ESSENTIA,2026-10-01,1.0,1.02,1.0,1.0,1171955
ESSENTIA,2026-10-05,1.01,1.04,1.0,1.01,2071789
ESTER,2026-09-29,85.13,85.82,83.0,84.55,44511
ESTER,2026-09-30,90.0,101.46,87.19,101.22,3656608
ESTER,2026-10-01,102.0,104.8,94.22,95.52,807322
ESTER,2026-10-02,95.52,95.52,95.52,95.52,0
ESTER,2026-10-05,96.0,97.99,92.95,93.4,115591
ETERNAL,2026-09-29,333.0,333.0,323.65,327.85,30822496
ETERNAL,2026-09-30,328.15,329.0,317.1,320.0,28850208
ETERNAL,2026-10-01,316.6,320.4,309.8,313.9,29716584
ETERNAL,2026-10-02,313.9,313.9,313.9,313.9,0
ETERNAL,2026-10-05,308.95,322.85,308.1,320.8,31037275
ETHOSLTD,2026-09-29,2502.0,2516.8,2410.3999,2489.8,138768
ETHOSLTD,2026-09-30,2489.8999,2555.0,2484.3999,2537.2,22966
ETHOSLTD,2026-10-01,2549.8999,2549.8999,2473.8,2531.8999,46240
ETHOSLTD,2026-10-02,2531.8999,2531.8999,2531.8999,2531.8999,0
ETHOSLTD,2026-10-05,2565.0,2610.0,2517.0,2602.3,29281
EUREKAFORB,2026-09-29,358.4,365.8,350.0,362.95,561407
EUREKAFORB,2026-09-30,361.95,371.0,357.5,361.0,311340
EUREKAFORB,2026-10-01,362.9,367.55,348.0,352.5,266094
EUREKAFORB,2026-10-02,352.5,352.5,352.5,352.5,0
EUREKAFORB,2026-10-05,351.0,356.0,340.6,342.15,354048
EUROBOND,2026-09-28,145.25,151.8,145.25,149.93,943
EUROBOND,2026-09-29,149.0,149.0,145.05,147.12,1612
EUROBOND,2026-09-30,150.0,151.89,145.65,146.25,1174
EUROBOND,2026-10-01,145.31,149.2,144.0,148.29,2259
EUROBOND,2026-10-05,152.75,152.75,143.25,144.32,2318
EUROPRATIK,2026-09-28,214.55,214.6,204.05,206.4,99249
EUROPRATIK,2026-09-29,206.4,206.45,198.55,202.05,257897
EUROPRATIK,2026-09-30,202.4,216.8,190.1,192.3,693046
EUROPRATIK,2026-10-01,191.05,193.49,184.71,190.42,195340
EUROPRATIK,2026-10-05,192.99,192.99,181.0,183.41,145782
EUROTEXIND,2026-09-28,12.9,12.92,12.1,12.92,2600
EUROTEXIND,2026-09-29,13.1,14.1,12.5,13.0,2224
EUROTEXIND,2026-09-30,12.85,14.3,11.75,14.3,4554
EUROTEXIND,2026-10-01,15.5,15.73,15.5,15.73,30574
EUROTEXIND,2026-10-05,16.25,16.51,15.73,16.51,10916
EVEREADY,2026-09-28,322.0,330.0,318.0,321.75,37243
EVEREADY,2026-09-29,319.95,324.3,315.85,318.9,45033
EVEREADY,2026-09-30,318.9,325.0,318.9,323.2,38598
EVEREADY,2026-10-01,322.35,322.8,310.0,315.85,60239
EVEREADY,2026-10-05,317.1,329.1,315.0,318.1,37300
EVERESTIND,2026-09-28,429.95,434.5,416.15,422.05,9671
EVERESTIND,2026-09-29,425.0,443.15,406.7,436.25,66206
EVERESTIND,2026-09-30,427.1,458.05,427.1,455.6,19320
EVERESTIND,2026-10-01,464.5,477.4,445.1,475.3,28053
EVERESTIND,2026-10-05,484.0,486.0,452.65,478.15,28153
EXCELINDUS,2026-09-29,942.8,942.8,917.1,924.8,23883
EXCELINDUS,2026-09-30,925.3,957.7,925.3,945.2,33101
EXCELINDUS,2026-10-01,946.0,950.9,906.1,921.8,15400
EXCELINDUS,2026-10-02,921.8,921.8,921.8,921.8,0
EXCELINDUS,2026-10-05,930.8,936.35,900.0,912.95,12996
EXCELSOFT,2026-09-29,85.0,85.0,82.05,83.39,798928
EXCELSOFT,2026-09-30,83.99,85.7,80.23,81.17,532184
EXCELSOFT,2026-10-01,81.0,81.0,76.71,78.33,514243
EXCELSOFT,2026-10-02,78.33,78.33,78.33,78.33,0
EXCELSOFT,2026-10-05,79.5,80.71,77.56,80.0,877532
EXICOM,2026-09-28,162.35,162.88,155.05,156.07,630042
EXICOM,2026-09-29,156.4,157.0,150.22,152.97,645786
EXICOM,2026-09-30,152.97,158.6,151.0,152.11,522829
EXICOM,2026-10-01,152.11,156.4,147.2,151.1,840406
EXICOM,2026-10-05,152.3,154.99,149.33,150.77,471460
EXIDEIND,2026-09-29,411.0,414.5,403.15,407.0,2034310
EXIDEIND,2026-09-30,407.75,417.5,407.75,412.6,2723921
EXIDEIND,2026-10-01,411.6,417.5,403.8,409.45,2369486
EXIDEIND,2026-10-02,409.45,409.45,409.45,409.45,0
EXIDEIND,2026-10-05,409.5,415.85,402.15,405.25,1713639
EXPLEOSOL,2026-09-28,883.25,883.3,863.0,870.35,11252
EXPLEOSOL,2026-09-29,868.1,869.85,855.5,858.3,8798
EXPLEOSOL,2026-09-30,858.0,873.9,855.0,857.85,5181
EXPLEOSOL,2026-10-01,852.85,863.45,830.1,848.75,16041
EXPLEOSOL,2026-10-05,853.05,881.55,850.05,863.45,20948
EXXARO,2026-09-28,6.16,6.27,6.0,6.15,168741
EXXARO,2026-09-29,6.16,6.17,6.01,6.09,172278
EXXARO,2026-09-30,6.22,6.24,6.05,6.07,93351
EXXARO,2026-10-01,6.2,6.2,6.0,6.04,200554
EXXARO,2026-10-05,6.1,6.25,5.99,6.05,3347942
FABTECH,2026-09-28,149.9,149.9,142.56,144.26,88065
FABTECH,2026-09-29,144.0,148.4,142.61,147.47,61853
FABTECH,2026-09-30,147.47,148.99,143.95,145.04,43962
FABTECH,2026-10-01,145.16,145.16,139.42,142.01,89956
FABTECH,2026-10-05,142.02,144.79,140.01,141.87,35030
FACT,2026-09-28,777.9,779.7,760.0,767.5,64977
FACT,2026-09-29,760.65,781.9,740.1,757.2,710398
FACT,2026-09-30,757.2,770.35,752.0,757.95,99917
FACT,2026-10-01,757.9,757.9,727.95,734.95,95867
FACT,2026-10-05,740.0,745.6,729.05,731.75,66715
FAIRCHEMOR,2026-09-28,672.0,687.0,666.0,675.0,4033
FAIRCHEMOR,2026-09-29,684.9,689.0,672.0,674.7,2690
FAIRCHEMOR,2026-09-30,678.0,693.0,661.0,680.75,5353
FAIRCHEMOR,2026-10-01,668.0,684.7,646.75,661.5,3845
FAIRCHEMOR,2026-10-05,699.95,729.9,678.0,682.25,72242
FALCONTECH,2026-09-25,13.0,13.0,13.0,13.0,0
FALCONTECH,2026-09-28,12.35,12.35,11.5,12.25,14400
FALCONTECH,2026-09-29,12.25,12.85,11.7,12.85,7200
FALCONTECH,2026-09-30,12.25,12.95,12.25,12.95,3600
FALCONTECH,2026-10-01,13.45,13.45,12.2,12.9,13200
FAZE3Q,2026-09-28,434.15,441.8,420.0,427.25,11495
FAZE3Q,2026-09-29,427.25,429.75,418.0,422.2,9297
FAZE3Q,2026-09-30,428.0,462.2,420.0,442.15,402154
FAZE3Q,2026-10-01,440.0,444.1,425.05,433.05,23619
FAZE3Q,2026-10-05,434.0,436.9,421.0,425.0,13673
FCL,2026-09-29,57.39,58.42,55.55,57.94,19042160
FCL,2026-09-30,57.94,59.21,57.0,57.45,16165821
FCL,2026-10-01,57.42,58.47,54.76,55.72,33188098
FCL,2026-10-02,55.72,55.72,55.72,55.72,0
FCL,2026-10-05,55.68,55.85,53.21,54.03,18407766
FCSSOFT,2026-09-29,1.38,1.43,1.37,1.39,2848817
FCSSOFT,2026-09-30,1.39,1.45,1.38,1.4,2540760
FCSSOFT,2026-10-01,1.41,1.42,1.37,1.38,1584700
FCSSOFT,2026-10-02,1.38,1.38,1.38,1.38,0
FCSSOFT,2026-10-05,1.39,1.41,1.38,1.38,1254766
FDC,2026-09-29,341.3,351.9,340.15,350.1,111778
FDC,2026-09-30,350.1,353.4,337.85,339.4,103104
FDC,2026-10-01,339.0,342.85,332.2,335.9,107854
FDC,2026-10-02,335.9,335.9,335.9,335.9,0
FDC,2026-10-05,337.1,339.9,328.6,331.3,90007
FEDDERSHOL,2026-09-28,63.54,63.8,61.0,61.89,3142774
FEDDERSHOL,2026-09-29,62.97,64.08,59.11,60.69,3808343
FEDDERSHOL,2026-09-30,61.0,62.6,61.0,61.51,2131447
FEDDERSHOL,2026-10-01,62.27,67.62,61.2,63.63,61090409
FEDDERSHOL,2026-10-05,65.4,67.1,62.8,64.23,18043627
FEDERALBNK,2026-09-29,325.65,326.85,320.2,320.2,9570469
FEDERALBNK,2026-09-30,321.05,324.25,317.4,317.4,5485971
FEDERALBNK,2026-10-01,316.1,321.35,313.75,318.2,11278668
FEDERALBNK,2026-10-02,318.2,318.2,318.2,318.2,0
FEDERALBNK,2026-10-05,318.95,328.2,318.5,327.35,7542230
FEDFINA,2026-09-29,150.1,150.46,147.33,148.86,1080152
FEDFINA,2026-09-30,149.0,152.07,149.0,150.96,578967
FEDFINA,2026-10-01,152.0,152.0,146.21,149.77,1579564
FEDFINA,2026-10-02,149.77,149.77,149.77,149.77,0
FEDFINA,2026-10-05,150.99,153.4,148.51,149.64,804305
FEL,2026-09-28,0.37,0.37,0.36,0.37,316935
FEL,2026-09-29,0.38,0.38,0.37,0.38,113129
FEL,2026-09-30,0.39,0.39,0.38,0.38,82983
FEL,2026-10-01,0.39,0.39,0.38,0.39,80094
FEL,2026-10-05,0.4,0.4,0.38,0.38,168383
FELDVR,2026-09-28,2.09,2.09,1.9,2.0,10234
FELDVR,2026-09-29,2.08,2.08,1.92,2.07,1324
FELDVR,2026-09-30,2.07,2.15,1.97,2.02,5324
FELDVR,2026-10-01,2.02,2.1,1.92,2.03,15925
FELDVR,2026-10-05,2.07,2.09,1.93,2.04,5236
FELIX,2026-09-29,193.5,202.0,193.5,200.35,10000
FELIX,2026-09-30,202.0,202.0,197.0,202.0,15000
FELIX,2026-10-01,200.0,200.0,186.4,193.0,44500
FELIX,2026-10-02,193.0,193.0,193.0,193.0,0
FELIX,2026-10-05,193.0,194.35,185.0,187.9,28000
FERMENTA,2026-09-29,501.0,575.1,496.4,551.35,3374367
FERMENTA,2026-09-30,538.0,564.9,528.7,549.7,521926
FERMENTA,2026-10-01,546.0,570.8,538.7,553.25,433950
FERMENTA,2026-10-02,553.25,553.25,553.25,553.25,0
FERMENTA,2026-10-05,558.85,573.0,546.1,557.45,341567
FIBERWEB,2026-09-28,26.24,27.49,26.24,26.4,8868
FIBERWEB,2026-09-29,26.4,27.46,26.03,26.79,12963
FIBERWEB,2026-09-30,27.99,27.99,26.58,27.41,23194
FIBERWEB,2026-10-01,28.37,28.37,26.4,26.55,12052
FIBERWEB,2026-10-05,27.2,27.2,26.1,26.19,10430
FIDEL,2026-09-25,170.0,170.0,165.0,168.0,18000
FIDEL,2026-09-28,168.0,168.0,168.0,168.0,7000
FIDEL,2026-09-29,167.0,172.75,165.0,168.05,7000
FIDEL,2026-09-30,171.0,179.0,170.95,176.15,47000
FIDEL,2026-10-01,176.0,179.8,175.0,178.9,36000
FIEMIND,2026-09-28,1963.1,1976.8,1920.0,1926.0,39451
FIEMIND,2026-09-29,1926.0,1939.7,1901.3,1921.1,36157
FIEMIND,2026-09-30,1921.1,1955.2,1870.0,1877.6,91793
FIEMIND,2026-10-01,1877.2,1888.0,1785.1,1794.8,115474
FIEMIND,2026-10-05,1786.1,1816.9,1752.0,1763.1,72875
FILATEX,2026-09-28,108.95,111.98,107.47,110.75,5372095
FILATEX,2026-09-29,111.48,113.94,109.21,112.0,4756161
FILATEX,2026-09-30,111.85,112.94,107.1,107.76,2227616
FILATEX,2026-10-01,108.03,109.12,101.21,106.1,3522416
FILATEX,2026-10-05,106.1,107.8,103.1,103.89,1568948
FILATFASH,2026-09-28,0.19,0.19,0.18,0.18,13629096
FILATFASH,2026-09-29,0.19,0.19,0.18,0.18,16791914
FILATFASH,2026-09-30,0.19,0.19,0.18,0.18,10328490
FILATFASH,2026-10-01,0.18,0.19,0.18,0.18,16018624
FILATFASH,2026-10-05,0.19,0.19,0.18,0.18,22802731
FINCABLES,2026-09-28,1460.9,1460.9,1400.0,1408.1,431897
FINCABLES,2026-09-29,1408.1,1459.8,1396.4,1435.5,769597
FINCABLES,2026-09-30,1432.0,1472.4,1432.0,1450.3,452990
FINCABLES,2026-10-01,1448.2,1477.5,1428.9,1458.8,598654
FINCABLES,2026-10-05,1458.8,1496.1,1454.0,1467.3,499455
FINEORG,2026-09-28,5083.0,5170.5,5034.5,5124.0,36014
FINEORG,2026-09-29,5090.0,5162.0,5070.0,5140.0,11866
FINEORG,2026-09-30,5140.5,5165.0,5092.5,5124.5,24136
FINEORG,2026-10-01,5124.0,5185.0,5060.0,5131.0,18279
FINEORG,2026-10-05,5131.0,5300.0,5121.5,5210.0,27035
FINKURVE,2026-09-29,69.48,73.02,68.8,69.37,49299
FINKURVE,2026-09-30,69.9,71.2,67.45,67.92,42160
FINKURVE,2026-10-01,67.92,72.9,67.01,70.53,86037
FINKURVE,2026-10-02,70.53,70.53,70.53,70.53,0
FINKURVE,2026-10-05,70.5,71.99,68.05,68.51,12875
FINOPB,2026-09-28,128.88,128.88,126.2,127.23,121176
FINOPB,2026-09-29,127.65,130.05,125.05,129.23,175313
FINOPB,2026-09-30,129.85,131.06,126.3,127.21,135642
FINOPB,2026-10-01,127.21,129.9,125.01,128.22,146312
FINOPB,2026-10-05,130.75,130.9,127.2,128.5,140754
FINPIPE,2026-09-29,151.0,152.2,149.65,151.15,414515
FINPIPE,2026-09-30,152.0,153.44,150.36,151.48,238428
FINPIPE,2026-10-01,150.7,151.0,149.0,150.49,397198
FINPIPE,2026-10-02,150.49,150.49,150.49,150.49,0
FINPIPE,2026-10-05,150.98,151.56,148.1,149.31,284792
FIRSTCRY,2026-09-28,181.8,195.3,178.19,184.72,38456794
FIRSTCRY,2026-09-29,184.72,190.0,178.78,184.37,8233520
FIRSTCRY,2026-09-30,184.37,187.0,178.35,179.94,2624709
FIRSTCRY,2026-10-01,179.7,181.1,172.7,174.75,2150458
FIRSTCRY,2026-10-05,175.64,177.39,171.32,172.0,1030618
FISCHER,2026-09-29,34.9,35.5,32.85,33.68,1344456
FISCHER,2026-09-30,33.68,34.7,33.35,33.55,284295
FISCHER,2026-10-01,34.39,34.39,32.61,33.46,220491
FISCHER,2026-10-02,33.46,33.46,33.46,33.46,0
FISCHER,2026-10-05,33.5,33.83,32.66,32.8,335833
FIVESTAR,2026-09-29,517.05,517.5,491.0,497.25,1439331
FIVESTAR,2026-09-30,495.05,519.9,494.85,516.85,602120
FIVESTAR,2026-10-01,513.5,513.5,498.25,506.25,547397
FIVESTAR,2026-10-02,506.25,506.25,506.25,506.25,0
FIVESTAR,2026-10-05,506.9,521.05,505.8,519.1,510918
FLAIR,2026-09-28,236.59,237.99,234.0,235.06,53565
FLAIR,2026-09-29,234.46,237.95,230.0,230.38,105035
FLAIR,2026-09-30,232.0,232.87,228.51,229.32,67611
FLAIR,2026-10-01,230.98,231.0,216.82,226.57,126030
FLAIR,2026-10-05,229.8,230.16,225.06,226.43,42899
FLEXITUFF,2026-09-28,2.87,2.87,2.87,2.87,4542
FLEXITUFF,2026-09-29,2.92,2.92,2.91,2.92,6737
FLEXITUFF,2026-09-30,2.97,2.97,2.96,2.97,1301
FLEXITUFF,2026-10-01,3.02,3.02,3.02,3.02,11680
FLEXITUFF,2026-10-05,3.03,3.08,3.03,3.07,6245
FLFL,2026-09-28,1.16,1.16,1.1,1.15,18603
FLFL,2026-09-29,1.15,1.16,1.1,1.1,14356
FLFL,2026-09-30,1.1,1.1,1.05,1.09,88833
FLFL,2026-10-01,1.12,1.12,1.05,1.11,25576
FLFL,2026-10-05,1.11,1.12,1.06,1.06,94223
FLUOROCHEM,2026-09-29,4443.7002,4472.2998,4360.0,4406.2002,57702
FLUOROCHEM,2026-09-30,4420.1001,4454.8999,4358.1001,4405.2998,68354
FLUOROCHEM,2026-10-01,4406.0,4415.0,4225.3999,4341.5,156006
FLUOROCHEM,2026-10-02,4341.5,4341.5,4341.5,4341.5,0
FLUOROCHEM,2026-10-05,4399.0,4493.5,4343.0,4429.7998,137290
FMGOETZE,2026-09-28,480.1,481.2,454.8,458.65,165148
FMGOETZE,2026-09-29,458.65,462.2,452.55,460.1,99572
FMGOETZE,2026-09-30,460.1,469.0,442.1,445.65,268118
FMGOETZE,2026-10-01,442.0,451.45,433.3,444.25,212350
FMGOETZE,2026-10-05,444.4,455.0,437.55,440.9,176226
FMNL,2026-09-28,8.2,8.2,7.83,7.94,24976
FMNL,2026-09-29,8.05,8.17,7.61,7.97,68724
FMNL,2026-09-30,7.97,8.36,7.97,8.35,43409
FMNL,2026-10-01,8.73,8.76,8.02,8.08,51611
FMNL,2026-10-05,8.08,8.29,7.76,7.98,27662
FOCUS,2026-09-28,59.44,59.76,57.5,58.73,26017
FOCUS,2026-09-29,59.3,59.75,57.0,57.07,36445
FOCUS,2026-09-30,58.3,58.3,56.26,56.52,17513
FOCUS,2026-10-01,57.4,57.97,53.7,54.3,84536
FOCUS,2026-10-05,55.0,56.89,54.7,54.8,52696
FONEBOX,2026-09-25,167.65,167.65,167.6,167.65,36000
FONEBOX,2026-09-28,176.0,176.0,159.3,160.0,50000
FONEBOX,2026-09-29,153.0,153.0,152.0,152.0,4000
FONEBOX,2026-09-30,144.4,144.4,144.4,144.4,9000
FONEBOX,2026-10-01,137.2,137.2,137.2,137.2,4000
FOODSIN,2026-09-28,52.98,53.32,52.6,52.83,46599
FOODSIN,2026-09-29,52.83,53.24,50.5,51.46,105082
FOODSIN,2026-09-30,50.9,52.32,50.4,50.92,48116
FOODSIN,2026-10-01,51.95,51.95,48.6,49.39,98285
FOODSIN,2026-10-05,49.98,50.87,49.39,49.68,35389
FORCEMOT,2026-09-28,17321.0,17359.0,17042.0,17100.0,62439
FORCEMOT,2026-09-29,17100.0,17146.0,16761.0,16905.0,82027
FORCEMOT,2026-09-30,17000.0,17435.0,17000.0,17054.0,56785
FORCEMOT,2026-10-01,17300.0,17389.0,16531.0,16800.0,117482
FORCEMOT,2026-10-05,16945.0,16980.0,16520.0,16650.0,62637
FORTIS,2026-09-29,833.0,838.05,815.2,822.0,2532368
FORTIS,2026-09-30,817.0,821.0,757.45,770.0,5818918
FORTIS,2026-10-01,763.0,786.4,745.35,785.0,6942851
FORTIS,2026-10-02,785.0,785.0,785.0,785.0,0
FORTIS,2026-10-05,784.95,785.75,763.8,763.8,2115546
FOSECOIND,2026-09-29,6298.0,6400.0,6210.5,6335.0,9967
FOSECOIND,2026-09-30,6359.5,6640.0,6339.5,6462.5,22698
FOSECOIND,2026-10-01,6431.0,6627.0,6301.5,6382.5,14715
FOSECOIND,2026-10-02,6382.5,6382.5,6382.5,6382.5,0
FOSECOIND,2026-10-05,6430.0,6433.0,6250.5,6300.5,8268
FRACTAL,2026-09-28,750.0,752.9,735.0,742.1,108146
FRACTAL,2026-09-29,742.45,759.7,740.25,753.15,1079289
FRACTAL,2026-09-30,753.15,762.45,738.0,740.2,134937
FRACTAL,2026-10-01,744.95,744.95,708.3,727.35,277503
FRACTAL,2026-10-05,728.7,746.05,718.7,725.05,235158
FREDUN,2026-09-28,1356.3,1399.0,1342.0,1387.0,44054
FREDUN,2026-09-29,1393.8,1424.9,1295.0,1392.4,91403
FREDUN,2026-09-30,1403.0,1447.4,1398.9,1404.5,35676
FREDUN,2026-10-01,1404.5,1407.3,1334.1,1355.2,38880
FREDUN,2026-10-05,1358.0,1398.0,1322.1,1363.2,72372
FROG,2026-09-25,270.0,275.9,267.0,269.65,12400
FROG,2026-09-28,270.0,273.5,261.0,267.9,30400
FROG,2026-09-29,267.9,268.0,262.05,262.4,13600
FROG,2026-09-30,263.0,273.0,260.0,263.45,21200
FROG,2026-10-01,263.45,263.45,242.5,253.35,30000
FRONTSP,2026-09-29,1431.0,1431.0,1339.0,1394.1,52600
FRONTSP,2026-09-30,1414.4,1500.0,1402.0,1460.2,55952
FRONTSP,2026-10-01,1464.8,1464.8,1392.0,1415.6,31935
FRONTSP,2026-10-02,1415.6,1415.6,1415.6,1415.6,0
FRONTSP,2026-10-05,1425.0,1460.0,1361.0,1387.4,15592
FSL,2026-09-28,260.5,260.55,255.05,256.0,400591
FSL,2026-09-29,256.0,257.0,248.0,248.9,406764
FSL,2026-09-30,248.9,270.7,248.9,255.8,6657490
FSL,2026-10-01,254.5,255.0,247.0,250.4,646270
FSL,2026-10-05,254.55,259.35,252.1,257.4,885278
FUSION,2026-09-28,175.65,177.74,171.09,171.93,260948
FUSION,2026-09-29,170.71,176.58,168.35,173.3,1397767
FUSION,2026-09-30,175.05,178.2,172.87,175.08,555656
FUSION,2026-10-01,175.1,175.67,168.5,171.36,510574
FUSION,2026-10-05,174.1,177.24,166.15,167.63,704680
GABRIEL,2026-09-28,1386.7,1395.9,1344.2,1349.2,129660
GABRIEL,2026-09-29,1355.0,1355.1,1294.0,1303.9,218766
GABRIEL,2026-09-30,1315.4,1355.0,1313.0,1341.8,243468
GABRIEL,2026-10-01,1338.3,1365.0,1290.0,1315.0,361027
GABRIEL,2026-10-05,1315.0,1332.6,1297.7,1303.6,173228
GAEL,2026-09-28,161.87,164.43,159.73,160.47,369358
GAEL,2026-09-29,158.93,163.14,157.15,161.75,452046
GAEL,2026-09-30,162.7,164.01,159.25,160.21,271005
GAEL,2026-10-01,160.04,162.6,153.23,157.69,503840
GAEL,2026-10-05,158.04,161.2,155.49,158.28,578690
GAIL,2026-09-29,172.34,173.26,168.43,170.04,12119087
GAIL,2026-09-30,170.62,172.99,170.21,170.55,12187561
GAIL,2026-10-01,170.6,171.89,168.55,171.22,6882008
GAIL,2026-10-02,171.22,171.22,171.22,171.22,0
GAIL,2026-10-05,171.62,173.6,166.44,167.5,9655433
GAJA,2026-09-29,141.3,142.79,139.4,140.42,304080
GAJA,2026-09-30,140.0,143.05,139.21,140.05,309382
GAJA,2026-10-01,140.76,140.76,133.0,135.27,527018
GAJA,2026-10-02,135.27,135.27,135.27,135.27,0
GAJA,2026-10-05,136.58,140.0,134.01,135.87,221532
GALAPREC,2026-09-28,1150.0,1165.0,1125.0,1140.2,38862
GALAPREC,2026-09-29,1140.0,1190.9,1119.6,1157.7,60527
GALAPREC,2026-09-30,1165.9,1212.5,1147.1,1197.2,103371
GALAPREC,2026-10-01,1197.0,1204.9,1120.0,1157.8,62711
GALAPREC,2026-10-05,1185.0,1200.0,1150.0,1160.1,29427
GALAXYSURF,2026-09-28,2241.0,2249.3999,2185.0,2190.7,15238
GALAXYSURF,2026-09-29,2191.0,2325.0,2188.8999,2301.2,34404
GALAXYSURF,2026-09-30,2303.0,2378.8999,2303.0,2332.8,110086
GALAXYSURF,2026-10-01,2370.0,2487.2,2338.3,2376.8999,216645
GALAXYSURF,2026-10-05,2375.0,2449.0,2324.0,2335.0,47936
GALLANTT,2026-09-28,539.1,545.85,534.35,536.55,33004
GALLANTT,2026-09-29,540.9,547.0,527.55,539.1,53198
GALLANTT,2026-09-30,551.0,551.0,535.2,537.5,51095
GALLANTT,2026-10-01,536.9,538.45,522.15,530.15,48279
GALLANTT,2026-10-05,530.15,533.45,521.0,522.9,31526
GANDHAR,2026-09-28,261.4,264.85,257.3,262.05,448095
GANDHAR,2026-09-29,261.9,274.55,258.0,273.55,691116
GANDHAR,2026-09-30,274.0,283.45,274.0,278.85,742278
GANDHAR,2026-10-01,279.7,283.9,272.0,282.6,872149
GANDHAR,2026-10-05,283.3,287.5,275.9,278.55,674552
GANDHITUBE,2026-09-28,982.0,986.15,950.0,952.5,8185
GANDHITUBE,2026-09-29,948.0,988.65,937.1,966.55,23674
GANDHITUBE,2026-09-30,970.0,974.5,945.0,951.55,5516
GANDHITUBE,2026-10-01,952.9,989.0,951.0,975.55,31132
GANDHITUBE,2026-10-05,988.05,1005.0,967.6,993.7,16367
GANECOS,2026-09-28,1028.6,1036.0,1011.0,1019.2,44994
GANECOS,2026-09-29,1011.0,1030.0,1000.0,1010.6,45421
GANECOS,2026-09-30,1010.0,1029.4,993.3,1000.6,39514
GANECOS,2026-10-01,1000.3,1004.1,955.9,976.2,51318
GANECOS,2026-10-05,976.3,994.8,959.5,966.6,44993
GANESHBE,2026-09-28,132.0,137.38,128.11,137.32,583964
GANESHBE,2026-09-29,143.0,143.0,131.8,137.83,354560
GANESHBE,2026-09-30,140.0,140.0,130.94,130.94,634963
GANESHBE,2026-10-01,124.4,124.4,124.4,124.4,66281
GANESHBE,2026-10-05,118.18,118.18,118.18,118.18,29610
GANESHCP,2026-09-28,160.76,160.76,154.5,156.36,167070
GANESHCP,2026-09-29,158.01,158.99,152.0,153.08,110782
GANESHCP,2026-09-30,156.1,157.99,150.72,151.41,97953
GANESHCP,2026-10-01,151.41,153.25,146.75,148.85,149872
GANESHCP,2026-10-05,151.98,153.48,146.86,147.51,66650
GANESHHOU,2026-09-28,732.0,732.0,707.1,718.55,32272
GANESHHOU,2026-09-29,720.65,724.95,702.35,706.65,28836
GANESHHOU,2026-09-30,712.55,722.3,711.75,719.0,25145
GANESHHOU,2026-10-01,720.6,720.6,695.0,699.1,137892
GANESHHOU,2026-10-05,700.0,719.4,693.0,701.85,18915
GANGAFORGE,2026-09-29,1.35,1.47,1.35,1.47,1779126
GANGAFORGE,2026-09-30,1.54,1.54,1.51,1.54,1174893
GANGAFORGE,2026-10-01,1.54,1.58,1.47,1.48,2856361
GANGAFORGE,2026-10-02,1.48,1.48,1.48,1.48,0
GANGAFORGE,2026-10-05,1.48,1.51,1.42,1.46,1264085
GANGESSECU,2026-09-28,115.18,115.2,112.0,112.79,338
GANGESSECU,2026-09-29,112.79,112.79,112.79,112.79,0
GANGESSECU,2026-09-30,113.0,113.01,112.26,112.4,26
GANGESSECU,2026-10-01,112.4,115.7,112.2,113.99,1092
GANGESSECU,2026-10-05,115.69,115.69,112.42,112.86,1091
GARFIBRES,2026-09-28,773.5,779.95,762.0,772.85,30304
GARFIBRES,2026-09-29,775.45,777.4,750.0,753.85,26654
GARFIBRES,2026-09-30,754.85,783.3,752.05,770.85,18057
GARFIBRES,2026-10-01,770.0,773.95,753.5,768.4,27452
GARFIBRES,2026-10-05,768.4,780.1,763.1,770.6,22696
GARUDA,2026-09-28,180.23,180.23,176.13,178.81,360896
GARUDA,2026-09-29,178.8,178.8,174.07,176.56,301597
GARUDA,2026-09-30,178.4,179.2,173.8,174.67,213498
GARUDA,2026-10-01,172.9,175.99,168.62,172.18,334071
GARUDA,2026-10-05,173.7,174.35,170.07,171.1,243120
GATECH,2026-09-28,0.7,0.73,0.67,0.73,29506724
GATECH,2026-09-29,0.73,0.73,0.7,0.7,12312026
GATECH,2026-09-30,0.7,0.73,0.67,0.68,21658907
GATECH,2026-10-01,0.68,0.69,0.65,0.65,18389106
GATECH,2026-10-05,0.65,0.68,0.62,0.68,15264745
GATECHDVR,2026-09-28,0.48,0.49,0.46,0.46,372547
GATECHDVR,2026-09-29,0.47,0.48,0.46,0.47,162052
GATECHDVR,2026-09-30,0.49,0.49,0.46,0.47,143757
GATECHDVR,2026-10-01,0.49,0.49,0.46,0.46,272466
GATECHDVR,2026-10-05,0.48,0.48,0.47,0.47,173266
GATEWAY,2026-09-28,52.49,52.5,51.8,51.88,668223
GATEWAY,2026-09-29,51.71,52.35,51.42,51.57,709691
GATEWAY,2026-09-30,51.65,52.45,51.61,52.04,515500
GATEWAY,2026-10-01,52.35,52.56,51.3,51.88,749453
GATEWAY,2026-10-05,51.99,52.77,51.1,51.49,567032
GAUDIUMIVF,2026-09-28,115.96,115.96,111.0,112.2,214341
GAUDIUMIVF,2026-09-29,111.5,115.5,111.5,113.9,223577
GAUDIUMIVF,2026-09-30,114.88,116.39,110.01,111.15,201656
GAUDIUMIVF,2026-10-01,109.0,112.61,105.2,109.48,248603
GAUDIUMIVF,2026-10-05,109.44,111.81,101.36,103.25,681749
GAYAHWS,2026-09-28,1.88,1.88,1.82,1.84,191409
GAYAHWS,2026-09-29,1.84,1.85,1.75,1.84,120182
GAYAHWS,2026-09-30,1.84,1.84,1.72,1.76,312692
GAYAHWS,2026-10-01,1.8,1.8,1.71,1.72,163710
GAYAHWS,2026-10-05,1.75,1.8,1.72,1.72,80473
GAYAPROJ,2026-09-28,23.2,23.2,21.77,21.96,887945
GAYAPROJ,2026-09-29,22.23,22.89,21.51,22.44,541787
GAYAPROJ,2026-09-30,22.5,23.44,22.14,22.68,652974
GAYAPROJ,2026-10-01,22.8,23.37,21.75,22.44,442009
GAYAPROJ,2026-10-05,22.44,22.87,21.32,21.45,637704
GCSL,2026-09-28,656.75,670.5,652.5,667.35,273458
GCSL,2026-09-29,667.5,671.0,657.7,666.25,378027
GCSL,2026-09-30,667.5,682.5,666.75,675.85,247015
GCSL,2026-10-01,675.8,684.0,669.3,679.9,321775
GCSL,2026-10-05,680.25,688.5,674.6,681.75,266383
GEECEE,2026-09-28,360.65,371.95,350.05,369.35,2839
GEECEE,2026-09-29,368.95,379.5,361.0,375.65,4653
GEECEE,2026-09-30,376.05,384.95,365.0,374.2,3606
GEECEE,2026-10-01,373.5,379.9,365.0,373.3,1983
GEECEE,2026-10-05,373.3,385.0,365.2,365.9,1069
GEEKAYWIRE,2026-09-28,32.9,33.11,31.5,31.87,142126
GEEKAYWIRE,2026-09-29,31.51,32.11,30.31,30.5,190025
GEEKAYWIRE,2026-09-30,30.01,31.64,30.01,31.19,82538
GEEKAYWIRE,2026-10-01,31.8,31.82,28.15,29.21,204669
GEEKAYWIRE,2026-10-05,29.5,31.9,29.5,31.42,90026
GEMAROMA,2026-09-28,159.8,159.8,155.21,156.62,47663
GEMAROMA,2026-09-29,156.0,158.88,153.08,157.76,46771
GEMAROMA,2026-09-30,157.76,168.0,157.76,161.0,123363
GEMAROMA,2026-10-01,161.0,161.0,153.0,155.28,49391
GEMAROMA,2026-10-05,156.85,156.85,152.0,152.61,29191
GENCON,2026-09-28,39.12,39.12,37.33,37.75,294853
GENCON,2026-09-29,38.0,38.21,36.5,37.12,364800
GENCON,2026-09-30,36.51,40.99,36.51,39.54,834565
GENCON,2026-10-01,39.54,40.99,38.6,40.75,791007
GENCON,2026-10-05,40.15,41.19,38.6,38.73,439739
GENESYS,2026-09-29,282.13,282.4,275.0,277.68,211324
GENESYS,2026-09-30,278.0,286.7,271.41,273.43,392461
GENESYS,2026-10-01,275.0,287.0,270.0,281.35,606039
GENESYS,2026-10-02,281.35,281.35,281.35,281.35,0
GENESYS,2026-10-05,282.0,299.2,282.0,287.4,862980
GENSOL,2026-09-28,16.7,16.91,15.88,15.93,146570
GENSOL,2026-09-29,15.99,15.99,15.14,15.14,159255
GENSOL,2026-09-30,15.25,15.74,14.39,14.39,178511
GENSOL,2026-10-01,14.39,14.59,13.68,13.68,202537
GENSOL,2026-10-05,14.3,14.3,13.0,13.0,225541
GENUSPAPER,2026-09-28,10.98,10.99,9.95,10.11,504571
GENUSPAPER,2026-09-29,10.11,11.4,9.25,10.25,353410
GENUSPAPER,2026-09-30,10.43,10.96,10.36,10.64,156399
GENUSPAPER,2026-10-01,10.7,10.77,10.3,10.53,43515
GENUSPAPER,2026-10-05,10.6,10.6,10.29,10.36,47875
GENUSPOWER,2026-09-29,294.0,301.0,290.0,293.65,2057886
GENUSPOWER,2026-09-30,294.05,298.65,286.1,288.65,2196401
GENUSPOWER,2026-10-01,288.0,291.65,272.6,280.0,2287333
GENUSPOWER,2026-10-02,280.0,280.0,280.0,280.0,0
GENUSPOWER,2026-10-05,282.0,286.0,277.05,280.25,824365
GEOJITFSL,2026-09-28,80.81,80.81,78.12,78.3,217175
GEOJITFSL,2026-09-29,77.22,79.28,76.16,76.76,378266
GEOJITFSL,2026-09-30,76.76,78.29,76.1,76.59,205675
GEOJITFSL,2026-10-01,76.71,77.9,75.06,75.7,221521
GEOJITFSL,2026-10-05,75.75,77.2,75.16,76.59,199514
GERMAN,2026-10-05,142.0,142.81,125.5,128.33,26790268
GESHIP,2026-09-29,1533.4,1582.0,1526.1,1537.8,2264928
GESHIP,2026-09-30,1538.0,1583.0,1538.0,1560.0,938291
GESHIP,2026-10-01,1548.0,1554.2,1518.0,1530.6,574389
GESHIP,2026-10-02,1530.6,1530.6,1530.6,1530.6,0
GESHIP,2026-10-05,1529.9,1570.5,1523.3,1559.3,823469
GFLLIMITED,2026-09-28,59.26,59.26,55.83,55.99,56194
GFLLIMITED,2026-09-29,56.99,57.0,54.0,55.7,55498
GFLLIMITED,2026-09-30,56.85,56.85,54.51,54.94,29988
GFLLIMITED,2026-10-01,54.2,56.89,53.21,55.23,77608
GFLLIMITED,2026-10-05,55.23,56.25,54.51,54.89,50355
GFSTEELS,2026-09-28,34.07,34.07,34.07,34.07,12466
GFSTEELS,2026-09-29,35.77,35.77,35.77,35.77,3344
GFSTEELS,2026-09-30,37.55,37.55,37.55,37.55,3972
GFSTEELS,2026-10-01,38.29,38.3,36.8,38.29,381853
GFSTEELS,2026-10-05,39.05,39.05,39.05,39.05,175349
GGBL,2026-09-25,220.6,220.8,209.0,210.35,30900
GGBL,2026-09-28,210.0,213.05,206.75,212.35,14700
GGBL,2026-09-29,214.45,222.0,207.8,220.2,19200
GGBL,2026-09-30,220.2,226.55,220.2,222.7,20100
GGBL,2026-10-01,227.0,227.0,215.5,217.45,24000
GHCL,2026-09-29,410.5,410.5,396.0,404.55,600220
GHCL,2026-09-30,404.55,411.2,404.3,405.5,106362
GHCL,2026-10-01,406.5,406.8,396.0,401.75,126656
GHCL,2026-10-02,401.75,401.75,401.75,401.75,0
GHCL,2026-10-05,409.75,409.75,399.1,402.0,68956
GHCLTEXTIL,2026-09-28,138.16,139.37,133.61,134.83,613654
GHCLTEXTIL,2026-09-29,135.6,135.65,128.16,132.27,524448
GHCLTEXTIL,2026-09-30,132.04,136.44,128.15,128.9,528612
GHCLTEXTIL,2026-10-01,128.9,132.81,124.98,129.22,462761
GHCLTEXTIL,2026-10-05,131.85,133.0,126.93,129.53,218382
GICHSGFIN,2026-09-28,137.97,138.09,135.2,135.72,53092
GICHSGFIN,2026-09-29,136.0,136.6,132.63,133.71,116666
GICHSGFIN,2026-09-30,134.3,135.86,133.11,133.87,80679
GICHSGFIN,2026-10-01,134.0,134.42,131.7,132.88,77191
GICHSGFIN,2026-10-05,132.32,134.77,131.54,132.32,44375
GICL,2026-09-29,22.89,23.17,22.3,23.12,286636
GICL,2026-09-30,22.3,23.0,22.21,22.83,200478
GICL,2026-10-01,22.37,22.75,21.69,22.27,86500
GICL,2026-10-02,22.27,22.27,22.27,22.27,0
GICL,2026-10-05,22.42,22.42,21.16,21.26,94651
GICRE,2026-09-29,329.2,329.75,319.0,320.25,691287
GICRE,2026-09-30,320.0,333.5,320.0,331.15,772056
GICRE,2026-10-01,329.1,329.1,316.8,323.9,720831
GICRE,2026-10-02,323.9,323.9,323.9,323.9,0
GICRE,2026-10-05,324.0,324.9,314.7,319.1,870442
GILLANDERS,2026-09-28,112.0,112.37,106.08,107.38,16194
GILLANDERS,2026-09-29,114.0,114.0,106.17,110.75,17774
GILLANDERS,2026-09-30,111.55,119.5,111.55,114.8,117182
GILLANDERS,2026-10-01,114.8,114.85,107.02,112.72,29602
GILLANDERS,2026-10-05,110.0,118.59,110.0,115.73,23286
GILLETTE,2026-09-28,7054.5,7055.0,6900.5,6925.5,10574
GILLETTE,2026-09-29,6930.0,7020.0,6870.0,6963.5,30311
GILLETTE,2026-09-30,6965.0,7055.0,6956.0,7000.0,36059
GILLETTE,2026-10-01,6965.0,6976.5,6860.0,6899.0,21964
GILLETTE,2026-10-05,6902.0,7025.0,6862.0,6979.0,20086
GINNIFILA,2026-09-28,42.49,43.48,40.37,40.41,235014
GINNIFILA,2026-09-29,40.59,40.59,39.55,40.01,39204
GINNIFILA,2026-09-30,40.44,40.89,39.7,40.5,20188
GINNIFILA,2026-10-01,40.78,40.8,40.0,40.08,19199
GINNIFILA,2026-10-05,40.08,40.74,39.8,39.8,8929
GIPCL,2026-09-28,185.51,188.79,181.1,182.22,388632
GIPCL,2026-09-29,183.0,184.94,179.17,181.56,251494
GIPCL,2026-09-30,182.0,184.05,178.5,179.68,195771
GIPCL,2026-10-01,179.0,181.4,171.0,174.83,825175
GIPCL,2026-10-05,177.0,179.99,175.22,176.62,178897
GIRIRAJ,2026-09-25,73.8,73.8,67.25,67.25,1750
GIRIRAJ,2026-09-28,63.9,70.6,63.9,65.15,5000
GIRIRAJ,2026-09-29,67.45,68.4,61.9,63.0,10250
GIRIRAJ,2026-09-30,61.55,61.55,59.85,59.85,5500
GIRIRAJ,2026-10-01,62.8,62.8,57.0,62.8,5750
GKB,2026-09-28,68.2,68.2,63.2,65.37,5197
GKB,2026-09-29,65.37,67.0,65.0,65.93,4600
GKB,2026-09-30,65.93,69.75,64.0,64.33,4797
GKB,2026-10-01,64.36,66.5,64.33,64.36,1567
GKB,2026-10-05,64.36,67.0,61.0,62.96,13417
GKENERGY,2026-09-29,120.99,121.81,118.99,119.4,444548
GKENERGY,2026-09-30,119.03,128.89,119.03,119.88,1278697
GKENERGY,2026-10-01,120.89,121.49,113.11,114.76,1100877
GKENERGY,2026-10-02,114.76,114.76,114.76,114.76,0
GKENERGY,2026-10-05,115.87,117.99,111.81,112.29,361684
GKSL,2026-09-28,179.44,179.9,171.97,174.83,307001
GKSL,2026-09-29,175.4,178.0,172.11,175.89,627188
GKSL,2026-09-30,177.52,184.4,176.38,179.05,537362
GKSL,2026-10-01,180.1,209.8,180.0,194.27,34935174
GKSL,2026-10-05,198.0,199.0,183.02,190.34,5218727
GKWLIMITED,2026-09-28,1556.0,1582.4,1521.0,1531.7,2599
GKWLIMITED,2026-09-29,1525.1,1550.0,1501.8,1542.0,404
GKWLIMITED,2026-09-30,1542.1,1570.0,1530.2,1550.0,46
GKWLIMITED,2026-10-01,1560.0,1560.0,1526.0,1530.0,5515
GKWLIMITED,2026-10-05,1559.0,1559.0,1520.0,1549.5,7919
GLAND,2026-09-28,2910.0,2928.0,2884.2,2896.0,223663
GLAND,2026-09-29,2896.6001,3024.0,2896.6001,2989.7,876878
GLAND,2026-09-30,2990.0,3007.7,2872.0,2899.3999,528548
GLAND,2026-10-01,2876.0,2929.8,2841.1001,2874.3999,327673
GLAND,2026-10-05,2890.0,2920.0,2863.1001,2911.5,248962
GLASSWALL,2026-09-29,271.0,297.0,264.15,286.55,11915458
GLASSWALL,2026-09-30,283.4,293.28,276.01,282.0,10083480
GLASSWALL,2026-10-01,280.9,283.9,262.6,270.4,6135652
GLASSWALL,2026-10-02,270.4,270.4,270.4,270.4,0
GLASSWALL,2026-10-05,270.7,273.35,251.35,254.7,5836047
GLAXO,2026-09-28,2814.2,2987.0,2790.1001,2896.3999,459963
GLAXO,2026-09-29,2888.0,2899.8999,2770.6001,2783.8,49829
GLAXO,2026-09-30,2783.8,2813.6001,2752.1001,2769.3,45801
GLAXO,2026-10-01,2773.7,2799.0,2724.8,2771.1001,73407
GLAXO,2026-10-05,2771.1001,2785.3,2710.1001,2732.8,24361
GLENMARK,2026-09-29,2330.3999,2441.5,2292.0,2441.5,1277155
GLENMARK,2026-09-30,2391.0,2410.0,2334.7,2334.7,1261905
GLENMARK,2026-10-01,2339.0,2360.0,2279.3,2331.0,972522
GLENMARK,2026-10-02,2331.0,2331.0,2331.0,2331.0,0
GLENMARK,2026-10-05,2325.0,2340.5,2273.5,2295.0,490378
GLFL,2026-09-28,5.13,5.35,4.87,5.02,18096
GLFL,2026-09-29,5.25,5.27,5.25,5.27,30420
GLFL,2026-09-30,5.52,5.53,5.1,5.39,11947
GLFL,2026-10-01,5.63,5.63,5.21,5.49,3962
GLFL,2026-10-05,5.49,5.49,5.22,5.22,17727
GLOBAL,2026-09-28,133.5,135.45,131.01,133.61,156821
GLOBAL,2026-09-29,134.4,135.03,132.1,133.01,79535
GLOBAL,2026-09-30,133.0,138.98,132.0,132.8,145033
GLOBAL,2026-10-01,132.0,138.2,131.81,136.51,605881
GLOBAL,2026-10-05,138.0,141.0,136.52,139.1,233073
GLOBALE,2026-09-28,10.3,10.85,10.3,10.8,677
GLOBALE,2026-09-29,10.27,11.32,10.27,10.64,5574
GLOBALE,2026-09-30,10.64,11.15,10.11,10.31,16320
GLOBALE,2026-10-01,10.31,10.67,9.85,10.57,1715
GLOBALE,2026-10-05,10.72,10.72,10.08,10.3,1175
GLOBALPET,2026-09-25,160.0,160.0,160.0,160.0,1500
GLOBALPET,2026-09-28,160.0,168.0,160.0,168.0,8250
GLOBALPET,2026-09-29,168.0,168.0,168.0,168.0,0
GLOBALPET,2026-09-30,169.95,175.0,169.95,174.2,10500
GLOBALPET,2026-10-01,174.2,179.0,165.5,178.45,16500
GLOBALVECT,2026-09-28,132.02,136.98,132.02,135.44,1837
GLOBALVECT,2026-09-29,136.25,136.25,129.0,131.98,4033
GLOBALVECT,2026-09-30,135.98,135.98,127.0,127.58,7330
GLOBALVECT,2026-10-01,130.0,132.35,125.01,131.04,4078
GLOBALVECT,2026-10-05,131.1,134.8,128.32,132.08,2330
GLOBE,2026-09-28,2.24,2.29,2.17,2.2,446562
GLOBE,2026-09-29,2.2,2.2,2.12,2.14,601492
GLOBE,2026-09-30,2.14,2.18,2.11,2.14,406477
GLOBE,2026-10-01,2.14,2.15,2.01,2.11,460701
GLOBE,2026-10-05,2.14,2.18,2.07,2.07,228683
GLOBECIVIL,2026-09-28,42.5,44.5,41.0,43.3,64001
GLOBECIVIL,2026-09-29,43.5,43.75,41.66,42.06,26879
GLOBECIVIL,2026-09-30,41.23,43.45,41.23,41.53,30345
GLOBECIVIL,2026-10-01,41.53,42.5,41.0,41.49,9555
GLOBECIVIL,2026-10-05,41.49,42.99,40.51,41.23,17671
GLOBUSSPR,2026-09-28,832.55,833.3,815.05,819.15,39778
GLOBUSSPR,2026-09-29,820.0,820.05,801.1,804.8,69920
GLOBUSSPR,2026-09-30,804.8,826.35,782.6,786.45,136954
GLOBUSSPR,2026-10-01,788.6,794.4,775.0,786.9,55391
GLOBUSSPR,2026-10-05,788.1,798.1,785.0,789.85,44600
GLOSTERLTD,2026-09-28,566.9,566.9,540.65,545.5,1243
GLOSTERLTD,2026-09-29,559.9,559.9,536.2,539.25,1121
GLOSTERLTD,2026-09-30,553.9,553.9,545.4,546.1,238
GLOSTERLTD,2026-10-01,546.1,555.0,537.2,539.0,581
GLOSTERLTD,2026-10-05,539.0,546.0,539.0,542.5,270
GLOTTIS,2026-09-29,62.44,62.44,59.11,61.02,48803
GLOTTIS,2026-09-30,61.04,63.79,60.11,62.88,97164
GLOTTIS,2026-10-01,62.87,62.87,57.22,58.41,80507
GLOTTIS,2026-10-02,58.41,58.41,58.41,58.41,0
GLOTTIS,2026-10-05,59.0,59.62,56.0,56.72,72527
GMBREW,2026-09-28,978.8,983.95,963.0,966.6,61090
GMBREW,2026-09-29,966.45,981.0,953.15,962.95,36309
GMBREW,2026-09-30,962.95,981.0,960.0,966.95,39378
GMBREW,2026-10-01,961.0,974.45,939.0,952.0,55565
GMBREW,2026-10-05,964.0,972.0,946.0,947.9,74566
GMDCLTD,2026-09-29,521.0,521.8,510.05,513.2,728657
GMDCLTD,2026-09-30,515.0,524.4,506.0,507.7,688502
GMDCLTD,2026-10-01,505.4,505.75,479.8,487.65,1342310
GMDCLTD,2026-10-02,487.65,487.65,487.65,487.65,0
GMDCLTD,2026-10-05,489.9,499.9,483.05,487.35,756347
GMMPFAUDLR,2026-09-28,1510.0,1510.0,1457.2,1480.1,191005
GMMPFAUDLR,2026-09-29,1475.4,1505.7,1455.0,1477.1,478619
GMMPFAUDLR,2026-09-30,1489.9,1509.0,1444.0,1466.7,164451
GMMPFAUDLR,2026-10-01,1465.0,1476.9,1390.0,1443.4,328964
GMMPFAUDLR,2026-10-05,1440.0,1465.3,1381.0,1386.6,199801
GMRAIRPORT,2026-09-28,97.5,97.5,94.06,94.75,6334950
GMRAIRPORT,2026-09-29,94.1,94.74,93.5,93.75,10060323
GMRAIRPORT,2026-09-30,94.8,95.34,93.29,95.15,16281025
GMRAIRPORT,2026-10-01,94.49,94.81,91.63,93.16,15683898
GMRAIRPORT,2026-10-05,93.16,93.54,91.23,92.79,18283482
GMRP&UI,2026-09-29,101.8,102.0,99.4,100.72,1380706
GMRP&UI,2026-09-30,100.72,106.84,100.72,105.38,3679473
GMRP&UI,2026-10-01,104.69,105.49,101.0,101.87,1700842
GMRP&UI,2026-10-02,101.87,101.87,101.87,101.87,0
GMRP&UI,2026-10-05,102.55,103.49,100.6,100.85,1003861
GNA,2026-09-28,617.65,622.95,581.35,594.7,539198
GNA,2026-09-29,597.0,600.0,575.4,593.75,499013
GNA,2026-09-30,599.0,612.0,585.65,598.35,510171
GNA,2026-10-01,597.05,598.3,569.0,580.7,351960
GNA,2026-10-05,588.5,591.8,575.65,585.05,234351
GNFC,2026-09-29,619.0,627.55,609.85,611.5,588636
GNFC,2026-09-30,611.0,621.7,603.0,604.4,973991
GNFC,2026-10-01,601.0,601.0,576.0,589.15,629192
GNFC,2026-10-02,589.15,589.15,589.15,589.15,0
GNFC,2026-10-05,589.95,600.95,581.9,586.3,297893
GNRL,2026-09-28,101.3,119.4,96.72,98.46,1631909
GNRL,2026-09-29,99.12,99.12,96.9,98.16,76012
GNRL,2026-09-30,98.9,99.9,97.0,98.26,854365
GNRL,2026-10-01,98.5,98.99,95.96,97.18,663394
GNRL,2026-10-05,97.4,98.3,95.51,96.77,98661
GOACARBON,2026-09-28,408.0,409.95,398.05,405.75,27124
GOACARBON,2026-09-29,407.85,409.85,396.55,408.85,14749
GOACARBON,2026-09-30,408.85,414.45,401.3,404.95,17841
GOACARBON,2026-10-01,403.05,410.25,392.05,402.9,18528
GOACARBON,2026-10-05,410.0,410.25,397.0,403.25,28611
GOCLCORP,2026-09-28,388.0,389.0,375.65,379.0,101333
GOCLCORP,2026-09-29,381.05,381.05,359.75,363.65,220064
GOCLCORP,2026-09-30,364.7,370.6,360.65,362.45,64481
GOCLCORP,2026-10-01,364.25,364.25,343.8,351.65,126291
GOCLCORP,2026-10-05,357.0,357.0,343.5,347.7,57133
GOCOLORS,2026-09-28,314.0,316.5,303.0,304.8,53196
GOCOLORS,2026-09-29,305.7,312.7,301.0,304.3,74604
GOCOLORS,2026-09-30,306.9,311.0,298.5,300.75,74451
GOCOLORS,2026-10-01,299.0,303.9,289.45,294.95,121488
GOCOLORS,2026-10-05,296.0,300.0,290.1,292.8,52090
GODAVARIB,2026-09-28,237.0,237.85,228.06,229.45,67909
GODAVARIB,2026-09-29,227.78,237.79,226.01,236.48,60955
GODAVARIB,2026-09-30,236.79,237.0,230.0,232.01,112434
GODAVARIB,2026-10-01,230.8,232.0,223.81,227.18,76451
GODAVARIB,2026-10-05,229.3,234.29,224.1,224.91,66276
GODFRYPHLP,2026-09-28,1961.7,1993.4,1921.8,1931.5,260451
GODFRYPHLP,2026-09-29,1941.9,1944.2,1862.0,1862.0,297806
GODFRYPHLP,2026-09-30,1882.5,1932.0,1882.1,1891.8,240882
GODFRYPHLP,2026-10-01,1891.8,1913.1,1830.0,1849.7,256983
GODFRYPHLP,2026-10-05,1850.0,1894.0,1845.1,1876.0,174530
GODIGIT,2026-09-28,254.5,267.0,252.1,263.25,4342796
GODIGIT,2026-09-29,263.1,263.1,251.8,253.2,3238407
GODIGIT,2026-09-30,251.05,261.9,251.05,260.05,1467678
GODIGIT,2026-10-01,258.5,260.45,252.15,256.3,305077
GODIGIT,2026-10-05,256.3,257.95,252.6,256.05,228010
GODREJAGRO,2026-09-29,640.1,643.15,626.7,631.7,96669
GODREJAGRO,2026-09-30,629.0,641.45,620.95,623.55,114004
GODREJAGRO,2026-10-01,623.0,635.0,620.0,631.9,137009
GODREJAGRO,2026-10-02,631.9,631.9,631.9,631.9,0
GODREJAGRO,2026-10-05,633.5,651.45,626.65,640.9,220599
GODREJCP,2026-09-29,868.0,870.0,850.0,855.0,1360604
GODREJCP,2026-09-30,855.0,857.95,848.0,850.0,1632650
GODREJCP,2026-10-01,852.0,852.0,838.0,840.0,838419
GODREJCP,2026-10-02,840.0,840.0,840.0,840.0,0
GODREJCP,2026-10-05,840.0,847.55,832.6,837.0,788467
GODREJIND,2026-09-28,1100.0,1107.6,1060.3,1076.1,124906
GODREJIND,2026-09-29,1070.9,1074.8,1051.0,1055.7,40543
GODREJIND,2026-09-30,1048.0,1069.0,1036.0,1039.4,37170
GODREJIND,2026-10-01,1041.0,1041.0,985.2,1019.6,105287
GODREJIND,2026-10-05,1020.0,1046.0,1009.5,1040.2,55328
GODREJPROP,2026-09-28,1708.0,1708.0,1667.0,1669.8,422392
GODREJPROP,2026-09-29,1666.0,1671.3,1634.4,1634.4,410924
GODREJPROP,2026-09-30,1640.6,1659.6,1623.4,1628.5,832521
GODREJPROP,2026-10-01,1623.3,1632.9,1566.6,1595.8,496337
GODREJPROP,2026-10-05,1581.0,1616.7,1578.0,1599.9,509331
GOKEX,2026-09-28,686.45,689.3,666.8,671.85,627253
GOKEX,2026-09-29,666.0,687.55,666.0,678.55,506154
GOKEX,2026-09-30,678.55,709.0,678.55,687.8,231795
GOKEX,2026-10-01,684.1,699.0,675.8,688.75,207663
GOKEX,2026-10-05,688.75,693.8,663.05,672.3,269843
GOKUL,2026-09-28,39.69,40.28,39.23,39.47,135158
GOKUL,2026-09-29,39.28,40.45,38.87,39.41,162016
GOKUL,2026-09-30,39.1,39.8,39.06,39.42,142762
GOKUL,2026-10-01,39.89,39.89,38.04,38.66,210753
GOKUL,2026-10-05,39.4,39.7,37.5,37.81,221939
GOKULAGRO,2026-09-28,221.89,223.07,215.5,216.16,231235
GOKULAGRO,2026-09-29,216.16,217.98,212.32,215.23,284570
GOKULAGRO,2026-09-30,217.16,217.39,212.0,212.98,116742
GOKULAGRO,2026-10-01,210.23,215.16,207.0,210.1,232856
GOKULAGRO,2026-10-05,210.1,211.89,204.1,205.27,251467
GOLDENTOBC,2026-09-28,25.49,25.49,23.42,24.5,2620
GOLDENTOBC,2026-09-29,24.5,24.5,23.31,24.26,3049
GOLDENTOBC,2026-09-30,24.5,25.24,23.42,23.46,312
GOLDENTOBC,2026-10-01,22.7,24.01,22.29,23.69,476
GOLDENTOBC,2026-10-05,23.69,23.69,22.51,23.57,3452
GOLDIAM,2026-09-28,322.05,324.05,310.9,312.6,612243
GOLDIAM,2026-09-29,312.6,330.9,310.0,322.85,931591
GOLDIAM,2026-09-30,323.0,327.45,311.15,313.45,331778
GOLDIAM,2026-10-01,312.5,316.55,302.4,310.8,423092
GOLDIAM,2026-10-05,313.45,316.8,306.0,310.0,368665
GOLDKART,2026-09-28,107.1,107.1,107.1,107.1,0
GOLDKART,2026-09-29,107.1,107.1,107.1,107.1,0
GOLDKART,2026-09-30,107.0,107.0,107.0,107.0,625
GOLDKART,2026-10-01,107.0,107.0,107.0,107.0,0
GOLDKART,2026-10-02,107.0,107.0,107.0,107.0,0
GOLDSTAR,2026-09-25,10.65,10.65,10.4,10.65,270000
GOLDSTAR,2026-09-28,11.15,11.15,11.15,11.15,236250
GOLDSTAR,2026-09-29,11.7,11.7,11.7,11.7,315000
GOLDSTAR,2026-09-30,12.25,12.25,12.25,12.25,56250
GOLDSTAR,2026-10-01,12.85,12.85,12.85,12.85,101250
GOLDTECH,2026-09-28,48.6,49.99,46.1,46.52,18119
GOLDTECH,2026-09-29,45.59,45.8,45.59,45.59,7301
GOLDTECH,2026-09-30,44.68,44.68,44.68,44.68,954
GOLDTECH,2026-10-01,43.79,44.0,43.79,43.79,1646
GOLDTECH,2026-10-05,42.92,42.92,42.92,42.92,6661
GOODLUCK,2026-09-29,522.75,533.0,513.6,528.6,328494
GOODLUCK,2026-09-30,526.0,531.5,503.3,508.05,291149
GOODLUCK,2026-10-01,504.0,504.9,475.6,499.35,720407
GOODLUCK,2026-10-02,499.35,499.35,499.35,499.35,0
GOODLUCK,2026-10-05,501.0,501.0,478.8,482.0,467075
GOODYEAR,2026-09-28,713.8,713.8,701.0,704.05,4060
GOODYEAR,2026-09-29,700.0,714.7,697.55,702.55,3148
GOODYEAR,2026-09-30,713.9,713.9,700.1,703.15,2595
GOODYEAR,2026-10-01,701.0,707.0,690.0,694.3,5259
GOODYEAR,2026-10-05,704.5,704.5,682.0,685.65,6070
GOPAL,2026-09-28,260.95,261.0,251.8,254.8,95815
GOPAL,2026-09-29,255.45,255.45,247.6,253.0,79078
GOPAL,2026-09-30,252.9,255.05,250.2,250.95,66870
GOPAL,2026-10-01,253.0,276.0,249.95,254.75,592656
GOPAL,2026-10-05,254.5,254.65,249.8,253.85,88114
GOYALALUM,2026-09-28,5.95,6.04,5.91,5.97,41242
GOYALALUM,2026-09-29,6.04,6.04,5.8,5.88,59801
GOYALALUM,2026-09-30,6.05,6.06,5.68,5.86,68542
GOYALALUM,2026-10-01,5.98,5.98,5.83,5.91,30687
GOYALALUM,2026-10-05,5.93,5.97,5.82,5.95,41197
GOYALSALT,2026-09-28,102.05,102.05,101.0,101.0,2400
GOYALSALT,2026-09-29,102.0,106.0,101.5,106.0,1800
GOYALSALT,2026-09-30,106.0,106.0,106.0,106.0,0
GOYALSALT,2026-10-01,106.0,106.0,106.0,106.0,0
GOYALSALT,2026-10-02,106.0,106.0,106.0,106.0,0
GPECO,2026-09-25,386.65,403.0,386.0,402.05,14000
GPECO,2026-09-28,402.5,409.0,394.0,396.25,23600
GPECO,2026-09-29,395.0,399.65,391.6,396.35,8200
GPECO,2026-09-30,404.4,404.4,392.0,393.6,4000
GPECO,2026-10-01,402.9,419.0,402.85,412.0,47800
GPIL,2026-09-29,225.6,225.6,220.1,221.35,1239698
GPIL,2026-09-30,223.05,226.0,221.0,222.34,919919
GPIL,2026-10-01,221.05,222.08,210.42,215.67,2042248
GPIL,2026-10-02,215.67,215.67,215.67,215.67,0
GPIL,2026-10-05,215.66,218.8,210.42,211.32,1339172
GPPL,2026-09-29,159.6,161.46,157.66,160.54,1153476
GPPL,2026-09-30,160.54,167.34,159.6,166.75,1900735
GPPL,2026-10-01,166.75,169.9,162.7,165.88,1997403
GPPL,2026-10-02,165.88,165.88,165.88,165.88,0
GPPL,2026-10-05,166.7,169.0,165.54,167.6,1069321
GPTHEALTH,2026-09-28,160.9,160.9,153.83,156.1,156359
GPTHEALTH,2026-09-29,156.1,157.2,153.11,153.8,47460
GPTHEALTH,2026-09-30,153.15,156.18,150.0,150.74,71224
GPTHEALTH,2026-10-01,149.0,153.83,147.01,151.47,125173
GPTHEALTH,2026-10-05,151.0,154.35,148.8,149.56,65077
GPTINFRA,2026-09-28,115.25,118.88,113.3,116.27,284889
GPTINFRA,2026-09-29,116.27,117.69,113.94,115.72,228789
GPTINFRA,2026-09-30,116.57,119.4,114.1,118.34,162220
GPTINFRA,2026-10-01,118.33,121.9,116.12,118.66,1103389
GPTINFRA,2026-10-05,122.6,122.6,117.8,120.38,470025
GRADIENTE,2026-09-28,2.1,2.1,1.95,2.06,2146161
GRADIENTE,2026-09-29,2.1,2.16,2.0,2.15,848308
GRADIENTE,2026-09-30,2.23,2.25,2.23,2.25,1396620
GRADIENTE,2026-10-01,2.36,2.36,2.36,2.36,1028057
GRADIENTE,2026-10-05,2.47,2.47,2.42,2.47,982297
GRANDOAK,2026-09-28,35.39,36.0,33.07,34.1,1484
GRANDOAK,2026-09-29,34.1,35.8,34.0,35.72,4390
GRANDOAK,2026-09-30,35.01,35.01,33.94,34.19,1400
GRANDOAK,2026-10-01,34.74,35.89,34.35,34.8,6337
GRANDOAK,2026-10-05,35.99,36.5,34.07,35.93,1908
GRANULES,2026-09-28,870.0,872.15,846.3,851.4,457582
GRANULES,2026-09-29,850.0,876.95,847.0,866.75,1132457
GRANULES,2026-09-30,867.0,884.0,844.0,846.55,819196
GRANULES,2026-10-01,841.7,849.1,814.05,821.75,783432
GRANULES,2026-10-05,820.95,824.65,800.0,817.25,575094
GRAPHISAD,2026-09-25,24.0,24.0,24.0,24.0,0
GRAPHISAD,2026-09-28,24.85,25.2,24.85,25.2,14400
GRAPHISAD,2026-09-29,25.4,25.4,25.4,25.4,1200
GRAPHISAD,2026-09-30,25.0,25.2,24.15,25.2,38400
GRAPHISAD,2026-10-01,24.0,25.2,24.0,24.6,7200
GRAPHITE,2026-09-29,791.2,805.45,778.8,801.55,1043628
GRAPHITE,2026-09-30,780.0,801.0,757.25,764.8,2394392
GRAPHITE,2026-10-01,763.95,791.45,756.9,786.15,1585680
GRAPHITE,2026-10-02,786.15,786.15,786.15,786.15,0
GRAPHITE,2026-10-05,793.05,822.75,791.05,816.4,1578431
GRASIM,2026-09-28,3186.0,3186.0,3138.0,3150.0,746885
GRASIM,2026-09-29,3149.2,3151.5,3089.0,3100.0,1153762
GRASIM,2026-09-30,3100.0,3112.3,3046.3999,3061.8999,448156
GRASIM,2026-10-01,3038.0,3045.0,2944.3999,2962.0,1385746
GRASIM,2026-10-05,2968.0,3024.0,2961.5,2972.0,263545
GRAUWEIL,2026-09-29,83.1,84.78,82.26,82.78,349190
GRAUWEIL,2026-09-30,83.98,85.28,82.5,82.77,394032
GRAUWEIL,2026-10-01,81.8,83.56,79.37,81.8,531298
GRAUWEIL,2026-10-02,81.8,81.8,81.8,81.8,0
GRAUWEIL,2026-10-05,83.5,84.9,80.31,83.53,466288
GRAVISSHO,2026-09-28,32.19,33.93,31.0,33.69,2864
GRAVISSHO,2026-09-29,33.0,33.0,32.01,32.1,534
GRAVISSHO,2026-09-30,32.1,32.1,30.81,31.6,1544
GRAVISSHO,2026-10-01,31.5,32.0,31.5,32.0,209
GRAVISSHO,2026-10-05,32.32,32.32,30.76,31.67,1401
GRAVITA,2026-09-29,1470.0,1488.1,1441.1,1446.9,218555
GRAVITA,2026-09-30,1459.7,1472.9,1439.7,1447.4,221058
GRAVITA,2026-10-01,1442.3,1445.5,1388.0,1412.6,291677
GRAVITA,2026-10-02,1412.6,1412.6,1412.6,1412.6,0
GRAVITA,2026-10-05,1412.6,1440.8,1403.6,1423.5,275082
GRCL,2026-09-25,600.0,600.0,595.0,597.9,1000
GRCL,2026-09-28,585.0,585.0,568.05,568.1,1250
GRCL,2026-09-29,568.1,568.1,568.1,568.1,0
GRCL,2026-09-30,568.05,575.0,568.05,573.5,1500
GRCL,2026-10-01,574.0,574.0,574.0,574.0,750
GREAVESCOT,2026-09-28,233.94,237.79,229.4,230.4,2537265
GREAVESCOT,2026-09-29,230.7,238.3,228.87,234.99,2928868
GREAVESCOT,2026-09-30,235.75,240.4,227.3,230.28,2034376
GREAVESCOT,2026-10-01,228.95,229.99,220.2,225.98,1763832
GREAVESCOT,2026-10-05,225.07,228.6,218.79,220.94,1324559
GREENCHEF,2026-09-25,70.55,73.15,70.55,71.0,19200
GREENCHEF,2026-09-28,71.0,72.7,68.05,68.85,9600
GREENCHEF,2026-09-29,70.8,72.0,70.8,72.0,4000
GREENCHEF,2026-09-30,73.0,74.4,71.2,71.2,5600
GREENCHEF,2026-10-01,69.7,70.05,67.15,69.95,8800
GREENLAM,2026-09-29,218.8,218.8,210.95,214.3,69454
GREENLAM,2026-09-30,215.4,218.59,211.0,212.85,64940
GREENLAM,2026-10-01,212.85,216.0,207.4,213.62,114653
GREENLAM,2026-10-02,213.62,213.62,213.62,213.62,0
GREENLAM,2026-10-05,214.7,215.5,210.18,211.71,64031
GREENPANEL,2026-09-28,162.5,163.81,158.65,159.21,118084
GREENPANEL,2026-09-29,159.0,160.86,155.5,159.05,154127
GREENPANEL,2026-09-30,159.96,164.67,158.0,160.32,811571
GREENPANEL,2026-10-01,160.95,160.95,155.0,158.59,121066
GREENPANEL,2026-10-05,158.4,161.2,156.23,159.06,272774
GREENPLY,2026-09-28,287.25,287.65,278.0,279.75,252334
GREENPLY,2026-09-29,279.9,284.8,272.45,280.25,238151
GREENPLY,2026-09-30,281.0,303.9,280.7,299.95,859868
GREENPLY,2026-10-01,300.55,304.75,295.85,303.7,393933
GREENPLY,2026-10-05,303.7,314.0,303.3,308.45,209748
GREENPOWER,2026-09-28,8.95,9.0,8.76,8.81,2418490
GREENPOWER,2026-09-29,8.68,8.9,8.58,8.85,2035250
GREENPOWER,2026-09-30,8.85,9.0,8.8,8.83,1424370
GREENPOWER,2026-10-01,8.8,8.9,8.61,8.77,1489357
GREENPOWER,2026-10-05,8.78,8.85,8.62,8.66,1451579
GRETEX,2026-09-28,214.0,214.0,214.0,214.0,0
GRETEX,2026-09-29,214.0,214.0,214.0,214.0,0
GRETEX,2026-09-30,214.0,214.0,214.0,214.0,0
GRETEX,2026-10-01,214.0,214.0,214.0,214.0,0
GRETEX,2026-10-02,214.0,214.0,214.0,214.0,0
GRINDWELL,2026-09-28,1969.9,1970.2,1912.0,1918.2,23175
GRINDWELL,2026-09-29,1908.6,1930.9,1901.2,1916.7,21270
GRINDWELL,2026-09-30,1916.0,2016.0,1916.0,1994.1,63047
GRINDWELL,2026-10-01,1994.1,2005.0,1955.2,1975.8,27469
GRINDWELL,2026-10-05,1990.0,2023.1,1973.5,2004.2,78949
GRINFRA,2026-09-28,814.7,814.7,792.3,799.3,13514
GRINFRA,2026-09-29,799.3,820.0,789.15,816.25,16367
GRINFRA,2026-09-30,809.2,819.85,796.1,800.6,12867
GRINFRA,2026-10-01,796.5,802.45,775.0,790.2,20058
GRINFRA,2026-10-05,790.2,804.95,780.3,789.45,17048
GRMOVER,2026-09-28,79.84,82.7,79.3,80.01,1069423
GRMOVER,2026-09-29,80.0,80.0,78.11,78.76,812391
GRMOVER,2026-09-30,79.46,80.3,78.06,78.92,943352
GRMOVER,2026-10-01,78.5,78.53,77.0,77.87,1052630
GRMOVER,2026-10-05,77.99,79.45,77.38,78.5,1011557
GROBTEA,2026-09-28,887.0,920.0,887.0,919.1,139
GROBTEA,2026-09-29,919.0,919.0,882.4,899.0,54
GROBTEA,2026-09-30,887.5,909.35,887.5,909.1,123
GROBTEA,2026-10-01,909.0,909.0,878.0,878.5,61
GROBTEA,2026-10-05,879.0,879.0,872.0,872.8,10
GROWW,2026-09-29,183.39,185.39,179.35,183.52,26593111
GROWW,2026-09-30,184.1,187.65,183.08,183.91,24545475
GROWW,2026-10-01,183.5,185.36,178.01,180.11,18076780
GROWW,2026-10-02,180.11,180.11,180.11,180.11,0
GROWW,2026-10-05,181.34,187.94,180.16,187.05,38074910
GRPLTD,2026-09-28,1999.6,1999.6,1945.0,1950.4,944
GRPLTD,2026-09-29,1949.2,1952.0,1890.0,1899.4,2313
GRPLTD,2026-09-30,1899.0,1935.9,1890.0,1898.6,628
GRPLTD,2026-10-01,1938.0,1938.0,1808.8,1895.0,1678
GRPLTD,2026-10-05,1895.5,1911.9,1850.0,1868.9,911
GRSE,2026-09-29,2234.0,2242.7,2191.8999,2206.1001,428953
GRSE,2026-09-30,2215.0,2235.1001,2175.0,2181.8999,377318
GRSE,2026-10-01,2170.0,2173.0,2077.0,2111.1001,571755
GRSE,2026-10-02,2111.1001,2111.1001,2111.1001,2111.1001,0
GRSE,2026-10-05,2122.0,2158.8,2103.5,2110.3999,365792
GRWRHITECH,2026-09-28,6609.5,6738.5,6526.5,6653.5,33997
GRWRHITECH,2026-09-29,6665.5,7048.0,6555.0,7016.5,70353
GRWRHITECH,2026-09-30,7072.0,7159.0,6937.0,7015.5,84631
GRWRHITECH,2026-10-01,7015.5,7037.5,6787.5,6925.5,29548
GRWRHITECH,2026-10-05,6925.0,6960.0,6670.0,6725.5,48491
GSFC,2026-09-29,153.04,153.12,151.0,151.65,493454
GSFC,2026-09-30,152.41,154.0,150.25,150.79,768508
GSFC,2026-10-01,150.25,150.25,145.2,146.9,1070806
GSFC,2026-10-02,146.9,146.9,146.9,146.9,0
GSFC,2026-10-05,147.59,150.2,147.0,147.26,492857
GSLSU,2026-09-28,30.8,32.28,30.0,30.07,51464
GSLSU,2026-09-29,30.05,31.56,29.12,30.74,37143
GSLSU,2026-09-30,31.87,31.87,30.26,31.0,34789
GSLSU,2026-10-01,30.6,31.25,29.45,29.96,35027
GSLSU,2026-10-05,29.53,30.0,29.1,29.2,51924
GSMFOILS,2026-09-29,82.4,83.45,77.5,78.1,164500
GSMFOILS,2026-09-30,81.65,81.65,77.0,77.65,108500
GSMFOILS,2026-10-01,77.25,78.4,73.8,74.7,179500
GSMFOILS,2026-10-02,74.7,74.7,74.7,74.7,0
GSMFOILS,2026-10-05,75.1,75.95,71.6,72.15,101500
GSPCROP,2026-09-28,503.25,503.25,475.15,483.1,265019
GSPCROP,2026-09-29,480.05,498.45,467.0,469.45,307995
GSPCROP,2026-09-30,478.7,480.55,462.55,467.15,261143
GSPCROP,2026-10-01,467.15,467.15,452.0,454.35,279531
GSPCROP,2026-10-05,452.1,472.2,452.1,457.4,265067
GSPLTRANS,2026-09-30,152.0,159.6,144.4,144.4,256372
GSPLTRANS,2026-10-01,137.18,137.18,137.18,137.18,38647
GSPLTRANS,2026-10-02,137.18,137.18,137.18,137.18,0
GSPLTRANS,2026-10-05,130.33,134.99,130.33,130.33,2832332
GSS,2026-09-28,10.72,10.72,10.21,10.26,61622
GSS,2026-09-29,10.79,10.79,10.08,10.25,24185
GSS,2026-09-30,10.97,10.97,10.18,10.37,20250
GSS,2026-10-01,10.16,10.6,10.16,10.33,28600
GSS,2026-10-05,10.33,10.94,10.28,10.3,33241
GSTL,2026-09-28,11.4,11.4,11.4,11.4,0
GSTL,2026-09-29,11.4,11.4,11.4,11.4,0
GSTL,2026-09-30,11.4,11.4,10.85,10.85,2000
GSTL,2026-10-01,10.85,10.85,10.85,10.85,0
GSTL,2026-10-02,10.85,10.85,10.85,10.85,0
GTECJAINX,2026-09-28,26.01,28.51,26.01,26.97,34609
GTECJAINX,2026-09-29,29.66,29.66,29.66,29.66,14074
GTECJAINX,2026-09-30,32.62,32.62,32.62,32.62,3654
GTECJAINX,2026-10-01,35.88,35.88,35.88,35.88,8844
GTECJAINX,2026-10-05,37.67,37.67,37.67,37.67,16385
GTL,2026-09-28,7.14,7.14,6.85,6.94,105382
GTL,2026-09-29,6.98,7.0,6.65,6.75,238653
GTL,2026-09-30,6.73,6.96,6.73,6.88,129838
GTL,2026-10-01,6.95,6.95,6.78,6.82,118621
GTL,2026-10-05,6.82,7.03,6.71,6.75,315509
GTLINFRA,2026-09-29,1.1,1.1,1.07,1.08,31011505
GTLINFRA,2026-09-30,1.09,1.11,1.08,1.08,28683315
GTLINFRA,2026-10-01,1.08,1.09,1.04,1.07,46020282
GTLINFRA,2026-10-02,1.07,1.07,1.07,1.07,0
GTLINFRA,2026-10-05,1.08,1.09,1.04,1.06,31582248
GTPL,2026-09-28,56.57,56.98,54.7,54.86,27809
GTPL,2026-09-29,54.89,55.88,53.75,54.11,13819
GTPL,2026-09-30,54.12,55.48,54.0,54.86,23329
GTPL,2026-10-01,55.28,57.56,54.15,55.39,45190
GTPL,2026-10-05,54.31,56.18,54.12,54.47,12648
GUFICBIO,2026-09-28,424.55,425.05,413.6,420.4,58238
GUFICBIO,2026-09-29,421.0,445.0,416.35,436.5,146625
GUFICBIO,2026-09-30,438.8,452.0,429.0,432.0,150453
GUFICBIO,2026-10-01,425.0,428.8,400.0,418.4,218739
GUFICBIO,2026-10-05,416.4,425.2,410.55,419.7,73779
GUJALKALI,2026-09-29,606.4,645.0,604.7,627.15,251288
GUJALKALI,2026-09-30,621.0,626.9,612.2,618.85,58668
GUJALKALI,2026-10-01,611.1,615.0,590.0,603.6,66105
GUJALKALI,2026-10-02,603.6,603.6,603.6,603.6,0
GUJALKALI,2026-10-05,609.7,614.85,600.0,606.45,29834
GUJAPOLLO,2026-09-28,331.15,362.0,327.85,341.45,31584
GUJAPOLLO,2026-09-29,342.4,343.7,329.0,330.65,11411
GUJAPOLLO,2026-09-30,330.9,333.75,324.25,330.0,12761
GUJAPOLLO,2026-10-01,330.0,333.95,320.0,324.85,12118
GUJAPOLLO,2026-10-05,314.1,346.05,314.1,340.45,10139
GUJENERGY,2026-09-28,236.02,237.45,233.8,235.07,951989
GUJENERGY,2026-09-29,234.99,241.02,229.4,236.61,2304043
GUJENERGY,2026-09-30,236.61,240.65,236.14,237.58,951899
GUJENERGY,2026-10-01,236.5,236.5,225.5,230.07,2083752
GUJENERGY,2026-10-05,231.22,235.0,230.02,232.15,803370
GUJRAFFIA,2026-09-28,40.69,40.69,39.65,40.44,1476
GUJRAFFIA,2026-09-29,39.0,40.4,39.0,40.21,565
GUJRAFFIA,2026-09-30,40.21,40.7,39.75,40.69,2496
GUJRAFFIA,2026-10-01,41.44,41.44,39.01,40.27,1350
GUJRAFFIA,2026-10-05,40.27,42.74,39.5,39.5,2720
GUJTHEM,2026-09-29,395.4,410.0,392.6,406.5,166047
GUJTHEM,2026-09-30,404.1,408.6,386.5,387.6,187350
GUJTHEM,2026-10-01,385.0,395.0,368.6,381.8,397655
GUJTHEM,2026-10-02,381.8,381.8,381.8,381.8,0
GUJTHEM,2026-10-05,379.1,390.4,371.2,373.6,169705
GULFOILLUB,2026-09-28,1114.1,1114.1,1088.1,1110.5,47443
GULFOILLUB,2026-09-29,1110.5,1118.3,1088.2,1105.8,29989
GULFOILLUB,2026-09-30,1107.9,1128.7,1103.4,1125.4,61978
GULFOILLUB,2026-10-01,1129.1,1129.1,1089.0,1093.0,34205
GULFOILLUB,2026-10-05,1095.0,1106.5,1060.2,1068.7,90268
GULFPETRO,2026-09-28,60.69,63.0,58.0,61.14,71330
GULFPETRO,2026-09-29,60.8,62.29,58.99,60.51,43242
GULFPETRO,2026-09-30,60.0,62.5,60.0,60.72,39828
GULFPETRO,2026-10-01,61.4,63.1,60.25,62.45,139540
GULFPETRO,2026-10-05,61.2,63.5,61.2,62.1,95198
GULPOLY,2026-09-29,165.4,166.94,162.0,165.15,70194
GULPOLY,2026-09-30,164.03,168.99,164.03,165.86,44432
GULPOLY,2026-10-01,165.86,167.65,158.86,161.75,91855
GULPOLY,2026-10-02,161.75,161.75,161.75,161.75,0
GULPOLY,2026-10-05,160.52,164.0,159.15,160.84,93047
GVKPIL,2026-09-28,2.65,2.68,2.58,2.66,5841097
GVKPIL,2026-09-29,2.68,2.69,2.61,2.61,786998
GVKPIL,2026-09-30,2.56,2.56,2.56,2.56,352294
GVKPIL,2026-10-01,2.51,2.51,2.51,2.51,272824
GVKPIL,2026-10-05,2.46,2.46,2.46,2.46,305590
GVPIL,2026-09-28,674.95,674.95,647.95,651.4,113522
GVPIL,2026-09-29,656.95,683.95,645.05,683.95,143048
GVPIL,2026-09-30,687.0,718.0,673.8,678.4,263834
GVPIL,2026-10-01,685.0,693.0,652.6,679.5,212804
GVPIL,2026-10-05,699.8,713.0,690.0,704.35,239746
GVPTECH,2026-09-28,7.97,8.29,7.55,7.63,58933
GVPTECH,2026-09-29,7.8,7.89,7.25,7.73,31649
GVPTECH,2026-09-30,7.75,8.11,7.35,7.95,101330
GVPTECH,2026-10-01,7.99,8.0,7.61,7.75,20703
GVPTECH,2026-10-05,7.75,7.8,7.37,7.52,18054
GVT&D,2026-09-28,4307.0,4307.0,4175.0,4203.0,399176
GVT&D,2026-09-29,4198.7998,4229.0,4110.8999,4130.2998,903170
GVT&D,2026-09-30,4190.0,4258.3999,4126.8999,4201.0,624058
GVT&D,2026-10-01,4239.8999,4334.0,4213.2998,4253.2002,784543
GVT&D,2026-10-05,4325.0,4337.8999,4185.0,4247.5,454504
GYFTR,2026-09-28,165.47,170.0,158.1,162.25,190361
GYFTR,2026-09-29,159.68,164.59,153.41,156.36,257670
GYFTR,2026-09-30,154.18,166.0,154.18,159.16,146651
GYFTR,2026-10-01,163.21,163.51,155.05,156.79,160086
GYFTR,2026-10-05,163.51,164.9,152.61,156.11,691560
HAL,2026-09-29,4723.0,4723.1001,4549.2998,4549.2998,1096291
HAL,2026-09-30,4640.0,4701.0,4614.7002,4668.0,1233758
HAL,2026-10-01,4666.0,4699.7002,4559.2998,4601.0,739864
HAL,2026-10-02,4601.0,4601.0,4601.0,4601.0,0
HAL,2026-10-05,4601.0,4688.0,4601.0,4680.0,465865
HALDER,2026-09-28,244.9,255.55,229.2,247.15,2462
HALDER,2026-09-29,248.4,248.4,237.05,241.0,26808
HALDER,2026-09-30,241.35,258.8,239.65,245.75,318
HALDER,2026-10-01,252.0,258.8,227.6,232.73,1811
HALDER,2026-10-05,232.74,266.0,232.73,258.03,19066
HALDYNGL,2026-09-28,153.47,159.0,150.1,152.35,292097
HALDYNGL,2026-09-29,151.87,155.95,150.0,154.15,85821
HALDYNGL,2026-09-30,156.0,163.78,154.0,154.46,182272
HALDYNGL,2026-10-01,154.9,155.8,144.0,146.05,83368
HALDYNGL,2026-10-05,146.6,152.68,142.0,142.85,48070
HALEOSLABS,2026-09-28,1490.2,1535.0,1490.0,1513.5,566
HALEOSLABS,2026-09-29,1495.5,1499.9,1485.8,1487.9,234
HALEOSLABS,2026-09-30,1524.0,1529.0,1500.4,1501.4,776
HALEOSLABS,2026-10-01,1499.8,1500.0,1450.0,1490.0,885
HALEOSLABS,2026-10-05,1504.5,1549.5,1490.6,1549.2,2311
HAMPTON,2026-09-28,8.44,8.44,7.74,7.9,15674
HAMPTON,2026-09-29,8.17,8.17,7.8,8.0,11667
HAMPTON,2026-09-30,8.38,8.38,7.91,8.08,13378
HAMPTON,2026-10-01,7.9,8.44,7.67,8.09,3750
HAMPTON,2026-10-05,8.04,8.04,7.76,8.0,4594
HAPPSTMNDS,2026-09-29,306.9,311.4,303.3,308.7,544433
HAPPSTMNDS,2026-09-30,308.7,315.25,308.65,310.6,477766
HAPPSTMNDS,2026-10-01,310.0,313.35,300.0,304.7,560349
HAPPSTMNDS,2026-10-02,304.7,304.7,304.7,304.7,0
HAPPSTMNDS,2026-10-05,305.7,309.65,303.0,304.2,476063
HAPPYFORGE,2026-09-29,1995.2,2096.5,1961.0,2074.8,193351
HAPPYFORGE,2026-09-30,2079.0,2107.0,2050.0,2067.2,57822
HAPPYFORGE,2026-10-01,2079.8,2099.3,1991.0,2003.7,100454
HAPPYFORGE,2026-10-02,2003.7,2003.7,2003.7,2003.7,0
HAPPYFORGE,2026-10-05,2003.0,2065.6001,1991.0,2013.2,143370
HARDWYN,2026-09-28,9.5,9.5,9.15,9.23,313648
HARDWYN,2026-09-29,9.26,9.43,9.18,9.26,220896
HARDWYN,2026-09-30,9.33,9.39,9.11,9.21,302662
HARDWYN,2026-10-01,9.19,9.29,8.85,9.19,573580
HARDWYN,2026-10-05,9.15,10.5,8.99,9.34,3665570
HARIOMPIPE,2026-09-28,344.0,356.9,336.4,342.1,176245
HARIOMPIPE,2026-09-29,342.1,351.65,335.4,345.1,89236
HARIOMPIPE,2026-09-30,345.1,349.8,340.1,340.95,38845
HARIOMPIPE,2026-10-01,342.15,342.25,325.75,332.35,102151
HARIOMPIPE,2026-10-05,333.95,340.05,322.3,324.6,81925
HARRMALAYA,2026-09-28,174.99,174.99,167.0,167.9,8098
HARRMALAYA,2026-09-29,171.7,178.44,165.55,175.61,22733
HARRMALAYA,2026-09-30,179.88,184.0,172.52,179.13,16158
HARRMALAYA,2026-10-01,180.95,182.3,172.0,179.67,8615
HARRMALAYA,2026-10-05,179.67,183.0,170.85,173.0,14823
HARSHA,2026-09-28,465.0,474.9,463.1,465.55,196133
HARSHA,2026-09-29,468.0,469.7,455.0,465.05,89042
HARSHA,2026-09-30,465.05,474.0,460.8,470.3,95299
HARSHA,2026-10-01,472.05,484.8,454.7,474.5,401993
HARSHA,2026-10-05,475.0,476.6,460.15,462.3,141186
HATHWAY,2026-09-28,9.93,9.94,9.24,9.37,6072196
HATHWAY,2026-09-29,9.35,10.88,9.21,9.49,2799216
HATHWAY,2026-09-30,9.5,9.64,9.41,9.45,1655209
HATHWAY,2026-10-01,9.38,9.41,9.1,9.32,1551707
HATHWAY,2026-10-05,9.36,9.47,9.32,9.4,1463537
HATSUN,2026-09-29,1119.4,1130.0,1093.0,1099.7,28612
HATSUN,2026-09-30,1106.5,1139.5,1093.5,1099.0,15584
HATSUN,2026-10-01,1099.0,1122.1,1078.3,1118.1,22578
HATSUN,2026-10-02,1118.1,1118.1,1118.1,1118.1,0
HATSUN,2026-10-05,1110.1,1157.4,1110.0,1143.5,41254
HAVELLS,2026-09-29,1080.6,1081.5,1043.3,1043.3,1014330
HAVELLS,2026-09-30,1045.0,1054.4,1015.1,1016.0,1394518
HAVELLS,2026-10-01,1020.0,1041.8,1019.7,1040.0,2030089
HAVELLS,2026-10-02,1040.0,1040.0,1040.0,1040.0,0
HAVELLS,2026-10-05,1050.0,1060.5,1041.6,1046.7,845006
HAVISHA,2026-09-28,1.4,1.59,1.23,1.38,103466
HAVISHA,2026-09-29,1.44,1.44,1.29,1.32,134689
HAVISHA,2026-09-30,1.36,1.39,1.32,1.34,33131
HAVISHA,2026-10-01,1.32,1.48,1.32,1.35,88827
HAVISHA,2026-10-05,1.31,1.4,1.31,1.4,13315
HAWKINCOOK,2026-09-28,8074.5,8148.0,7940.5,8082.5,31652
HAWKINCOOK,2026-09-29,8085.0,8085.0,7851.0,7904.0,3390
HAWKINCOOK,2026-09-30,7904.0,8050.5,7828.5,8007.5,1137
HAWKINCOOK,2026-10-01,7946.5,8061.0,7890.0,8026.0,955
HAWKINCOOK,2026-10-05,8080.0,8120.0,7905.5,7977.0,1141
HAZOOR,2026-09-29,19.04,19.48,18.65,18.83,240792
HAZOOR,2026-09-30,18.98,19.29,18.51,18.65,146563
HAZOOR,2026-10-01,18.2,18.58,17.81,17.94,207228
HAZOOR,2026-10-02,17.94,17.94,17.94,17.94,0
HAZOOR,2026-10-05,17.87,18.59,17.6,17.75,617372
HBESD,2026-09-28,68.08,71.51,68.08,71.5,660
HBESD,2026-09-29,75.0,75.9,69.02,73.98,3398
HBESD,2026-09-30,74.53,74.53,69.11,71.63,200
HBESD,2026-10-01,65.26,69.56,60.26,65.11,1078
HBESD,2026-10-05,66.73,78.13,66.0,78.13,20755
HBLENGINE,2026-09-29,784.0,811.6,773.65,808.3,2224069
HBLENGINE,2026-09-30,812.3,815.5,786.2,794.5,1235100
HBLENGINE,2026-10-01,789.95,789.95,760.1,779.35,1396672
HBLENGINE,2026-10-02,779.35,779.35,779.35,779.35,0
HBLENGINE,2026-10-05,784.0,789.35,760.25,763.6,771121
HBPOR,2026-09-28,59.15,59.75,58.4,59.75,212
HBPOR,2026-09-29,60.0,60.65,59.99,60.39,634
HBPOR,2026-09-30,60.0,63.7,58.02,59.3,295
HBPOR,2026-10-01,60.45,60.5,58.6,59.83,395
HBPOR,2026-10-05,56.6,63.98,56.6,61.3,292
HBSL,2026-09-28,58.2,59.61,55.3,55.8,2384
HBSL,2026-09-29,55.0,56.55,55.0,55.28,5510
HBSL,2026-09-30,55.28,57.95,55.28,55.89,993
HBSL,2026-10-01,57.6,58.5,55.5,57.03,4313
HBSL,2026-10-05,53.2,57.03,53.2,55.82,2224
HCC,2026-09-28,21.24,21.26,20.5,20.55,10738113
HCC,2026-09-29,20.5,20.97,20.17,20.71,12456726
HCC,2026-09-30,20.61,21.14,20.35,20.41,9937639
HCC,2026-10-01,20.4,20.56,19.88,20.23,16600215
HCC,2026-10-05,20.3,20.59,19.95,20.0,11197334
HCG,2026-09-28,703.3,709.3,684.0,691.2,57603
HCG,2026-09-29,695.45,708.0,684.0,703.6,113331
HCG,2026-09-30,703.6,710.0,660.5,666.05,204434
HCG,2026-10-01,666.05,675.0,656.05,668.75,108392
HCG,2026-10-05,664.1,670.9,658.65,669.05,40500
HCLTECH,2026-09-29,1252.6,1261.0,1222.0,1222.0,5604932
HCLTECH,2026-09-30,1229.0,1256.4,1224.8,1230.0,4242658
HCLTECH,2026-10-01,1230.0,1256.0,1228.9,1243.1,3430282
HCLTECH,2026-10-02,1243.1,1243.1,1243.1,1243.1,0
HCLTECH,2026-10-05,1243.7,1247.2,1196.5,1201.9,3843425
HDBFS,2026-09-28,650.0,652.8,636.05,637.4,284024
HDBFS,2026-09-29,636.0,640.9,626.45,630.9,234737
HDBFS,2026-09-30,630.9,637.5,620.0,621.3,420599
HDBFS,2026-10-01,620.05,622.25,602.6,618.2,440447
HDBFS,2026-10-05,622.1,625.6,615.15,622.55,308905
HDFCAMC,2026-09-29,2286.1001,2303.0,2223.3,2223.3,1311015
HDFCAMC,2026-09-30,2255.0,2314.0,2252.6001,2280.7,908968
HDFCAMC,2026-10-01,2282.0,2321.1001,2269.7,2308.1001,1134071
HDFCAMC,2026-10-02,2308.1001,2308.1001,2308.1001,2308.1001,0
HDFCAMC,2026-10-05,2308.1001,2369.5,2308.1001,2346.0,1244530
HDFCBANK,2026-09-29,713.7,722.7,706.25,722.7,42755901
HDFCBANK,2026-09-30,711.5,720.3,708.7,708.7,39365496
HDFCBANK,2026-10-01,708.4,721.3,707.1,721.2,37389857
HDFCBANK,2026-10-02,721.2,721.2,721.2,721.2,0
HDFCBANK,2026-10-05,731.95,734.2,701.25,704.8,66056690
HDFCLIFE,2026-09-28,531.0,534.5,525.9,531.6,2307139
HDFCLIFE,2026-09-29,526.2,528.35,518.6,523.55,7693601
HDFCLIFE,2026-09-30,516.6,521.2,513.4,521.2,5062593
HDFCLIFE,2026-10-01,518.0,538.9,517.4,534.2,4008935
HDFCLIFE,2026-10-05,536.85,539.05,524.55,531.0,3381300
HDIL,2026-09-28,1.47,1.48,1.45,1.47,91910
HDIL,2026-09-29,1.41,1.49,1.4,1.46,104327
HDIL,2026-09-30,1.43,1.49,1.41,1.47,82075
HDIL,2026-10-01,1.47,1.48,1.42,1.45,58703
HDIL,2026-10-05,1.48,1.5,1.42,1.47,142280
HEADSUP,2026-09-29,6.5,6.95,6.27,6.45,18622
HEADSUP,2026-09-30,6.78,6.84,6.33,6.75,2539
HEADSUP,2026-10-01,6.85,6.85,6.27,6.4,5132
HEADSUP,2026-10-02,6.4,6.4,6.4,6.4,0
HEADSUP,2026-10-05,6.36,6.74,6.02,6.14,1991
HEALTHX,2026-09-28,286.0,289.9,280.2,285.15,7226
HEALTHX,2026-09-29,287.0,291.0,275.0,285.05,19728
HEALTHX,2026-09-30,290.9,290.9,283.6,285.05,741
HEALTHX,2026-10-01,290.0,290.0,270.2,273.0,5260
HEALTHX,2026-10-05,279.8,293.4,268.0,277.0,7384
HECPROJECT,2026-09-28,115.48,116.05,112.0,112.86,6675
HECPROJECT,2026-09-29,112.55,116.0,110.5,114.82,7066
HECPROJECT,2026-09-30,115.8,115.8,112.0,113.0,385
HECPROJECT,2026-10-01,111.0,115.0,111.0,111.86,4772
HECPROJECT,2026-10-05,114.0,116.88,110.2,110.87,2220
HEGAM,2026-09-29,241.75,242.0,235.25,238.25,663791
HEGAM,2026-09-30,241.0,250.3,232.0,237.65,1339286
HEGAM,2026-10-01,240.0,241.79,232.65,239.28,771383
HEGAM,2026-10-02,239.28,239.28,239.28,239.28,0
HEGAM,2026-10-05,242.0,248.0,232.0,233.77,1455475
HEIDELBERG,2026-09-29,131.45,131.91,129.01,130.29,194472
HEIDELBERG,2026-09-30,130.5,133.59,130.5,132.6,115695
HEIDELBERG,2026-10-01,132.8,132.8,128.45,130.57,133605
HEIDELBERG,2026-10-02,130.57,130.57,130.57,130.57,0
HEIDELBERG,2026-10-05,131.98,131.98,128.79,130.11,86609
HEMIPROP,2026-09-28,120.49,120.49,115.55,115.95,370669
HEMIPROP,2026-09-29,115.9,115.95,113.11,114.94,747785
HEMIPROP,2026-09-30,115.95,117.09,113.63,114.07,198593
HEMIPROP,2026-10-01,114.05,114.07,109.81,111.5,750373
HEMIPROP,2026-10-05,112.0,113.25,110.21,111.53,255376
HERANBA,2026-09-28,187.9,188.78,179.0,179.94,103604
HERANBA,2026-09-29,180.05,182.82,176.1,178.57,89075
HERANBA,2026-09-30,178.57,183.44,176.0,176.53,40668
HERANBA,2026-10-01,175.5,177.39,169.0,172.12,66295
HERANBA,2026-10-05,171.0,174.41,166.1,167.58,55404
HERITGFOOD,2026-09-29,400.15,406.55,397.2,401.2,206267
HERITGFOOD,2026-09-30,400.0,407.3,398.15,402.0,179464
HERITGFOOD,2026-10-01,400.0,415.6,394.15,402.9,324704
HERITGFOOD,2026-10-02,402.9,402.9,402.9,402.9,0
HERITGFOOD,2026-10-05,402.9,407.0,389.75,394.75,217577
HEROMOTOCO,2026-09-28,5360.0,5390.5,5306.0,5390.0,340540
HEROMOTOCO,2026-09-29,5375.0,5384.0,5208.0,5208.0,681672
HEROMOTOCO,2026-09-30,5236.5,5341.0,5236.5,5241.0,567810
HEROMOTOCO,2026-10-01,5235.0,5290.0,5051.0,5168.0,862662
HEROMOTOCO,2026-10-05,5199.0,5205.5,4994.5,5089.5,1072980
HEROMOTORS,2026-09-29,137.48,140.78,132.62,138.71,92851990
HEROMOTORS,2026-09-30,140.28,152.58,140.0,152.55,107202546
HEROMOTORS,2026-10-01,159.99,167.8,159.03,167.8,87174697
HEROMOTORS,2026-10-02,167.8,167.8,167.8,167.8,0
HEROMOTORS,2026-10-05,176.34,178.84,158.65,169.63,146252658
HESTERBIO,2026-09-28,2172.3,2174.8,2136.0,2147.3,1514
HESTERBIO,2026-09-29,2156.6001,2192.8999,2125.2,2165.0,3358
HESTERBIO,2026-09-30,2163.6001,2240.1001,2160.2,2175.8,2531
HESTERBIO,2026-10-01,2162.7,2167.8999,2075.5,2126.8,2718
HESTERBIO,2026-10-05,2164.7,2186.8999,2090.2,2105.5,2719
HEXAGON,2026-09-28,65.4,65.6,63.75,64.35,109521
HEXAGON,2026-09-29,64.67,65.58,64.0,65.34,75687
HEXAGON,2026-09-30,65.0,68.6,64.55,68.6,981540
HEXAGON,2026-10-01,67.7,71.7,67.25,68.8,577085
HEXAGON,2026-10-05,70.0,70.49,68.61,69.77,185999
HEXATRADEX,2026-09-28,159.96,159.96,154.02,155.0,1656
HEXATRADEX,2026-09-29,155.16,158.68,155.1,155.3,5566
HEXATRADEX,2026-09-30,158.88,158.88,155.03,156.85,843
HEXATRADEX,2026-10-01,159.4,159.4,153.5,154.96,5701
HEXATRADEX,2026-10-05,157.0,160.5,149.0,153.58,4186
HEXT,2026-09-29,488.9,493.85,476.25,482.1,152135
HEXT,2026-09-30,480.65,504.75,479.05,494.1,140752
HEXT,2026-10-01,494.1,502.6,481.6,490.45,258061
HEXT,2026-10-02,490.45,490.45,490.45,490.45,0
HEXT,2026-10-05,493.95,505.9,489.8,495.15,206834
HFCL,2026-09-29,203.5,216.21,199.0,216.21,6086773
HFCL,2026-09-30,227.02,227.02,227.02,227.02,3383926
HFCL,2026-10-01,238.37,238.37,227.1,238.36,23039457
HFCL,2026-10-02,238.36,238.36,238.36,238.36,0
HFCL,2026-10-05,237.99,250.27,234.0,250.27,9592712
HGINFRA,2026-09-29,444.0,448.0,435.0,438.25,173913
HGINFRA,2026-09-30,439.55,442.55,431.0,432.75,125949
HGINFRA,2026-10-01,433.0,433.8,409.0,419.9,248381
HGINFRA,2026-10-02,419.9,419.9,419.9,419.9,0
HGINFRA,2026-10-05,422.0,426.4,402.1,403.75,231876
HGM,2026-09-28,42.18,42.99,40.89,41.25,8785
HGM,2026-09-29,42.14,43.5,40.31,42.85,1914
HGM,2026-09-30,43.4,43.4,42.05,42.56,347
HGM,2026-10-01,42.0,42.0,39.8,40.36,6341
HGM,2026-10-05,42.89,42.89,38.14,38.97,14095
HGS,2026-09-28,378.0,380.0,369.95,372.35,8424
HGS,2026-09-29,368.1,373.4,363.65,366.05,8101
HGS,2026-09-30,365.0,375.9,364.95,370.05,14795
HGS,2026-10-01,374.95,375.25,363.0,367.05,9114
HGS,2026-10-05,367.0,372.95,361.4,364.95,7248
HIGREEN,2026-09-25,127.0,132.5,122.45,129.5,35200
HIGREEN,2026-09-28,132.75,132.75,113.4,113.95,128000
HIGREEN,2026-09-29,114.05,124.95,113.05,122.85,28000
HIGREEN,2026-09-30,122.55,125.5,122.55,124.9,4800
HIGREEN,2026-10-01,122.85,123.9,120.25,120.3,8800
HIKAL,2026-09-28,218.0,219.86,207.64,208.8,611079
HIKAL,2026-09-29,208.9,219.5,207.21,218.05,740019
HIKAL,2026-09-30,217.0,223.0,216.65,217.89,411937
HIKAL,2026-10-01,218.19,224.99,213.77,218.14,942244
HIKAL,2026-10-05,218.0,221.35,213.28,214.45,244607
HILINFRA,2026-09-28,43.55,43.55,42.43,42.61,55580
HILINFRA,2026-09-29,42.75,43.55,41.55,43.26,80120
HILINFRA,2026-09-30,42.3,43.34,41.71,42.75,81532
HILINFRA,2026-10-01,45.42,46.8,44.01,45.06,1172963
HILINFRA,2026-10-05,45.45,46.4,43.12,43.71,130532
HILTON,2026-09-28,17.45,17.45,16.31,16.78,79606
HILTON,2026-09-29,16.56,17.28,16.26,16.45,183520
HILTON,2026-09-30,16.3,16.9,16.06,16.34,93970
HILTON,2026-10-01,16.65,17.15,16.15,16.86,144115
HILTON,2026-10-05,16.61,17.18,16.61,16.77,76089
HIMATSEIDE,2026-09-28,69.25,69.25,65.8,66.13,642102
HIMATSEIDE,2026-09-29,65.9,66.05,64.51,64.9,312472
HIMATSEIDE,2026-09-30,65.54,69.03,65.3,66.4,718202
HIMATSEIDE,2026-10-01,66.0,66.01,63.0,64.15,513252
HIMATSEIDE,2026-10-05,65.0,65.82,62.6,64.64,603662
HINDADH,2026-09-28,386.3,392.95,377.0,384.45,1375
HINDADH,2026-09-29,394.95,394.95,377.55,385.25,578
HINDADH,2026-09-30,388.0,390.95,382.0,385.4,3288
HINDADH,2026-10-01,377.55,385.0,374.0,384.0,2461
HINDADH,2026-10-05,392.0,392.0,382.05,384.5,1008
HINDALCO,2026-09-29,955.9,963.5,947.1,955.2,5092531
HINDALCO,2026-09-30,950.2,956.8,941.1,941.8,4420021
HINDALCO,2026-10-01,935.0,946.65,923.5,941.85,5877840
HINDALCO,2026-10-02,941.85,941.85,941.85,941.85,0
HINDALCO,2026-10-05,953.5,954.05,931.1,938.4,4401291
HINDALUMI,2026-09-28,92.43,94.5,86.3,91.43,2523
HINDALUMI,2026-09-29,93.0,93.0,88.0,90.15,2229
HINDALUMI,2026-09-30,91.99,93.0,90.31,92.69,1416
HINDALUMI,2026-10-01,92.0,92.69,89.0,90.76,2057
HINDALUMI,2026-10-05,90.9,93.99,90.9,91.83,1333
HINDCOMPOS,2026-09-28,400.0,400.0,378.0,379.2,2199
HINDCOMPOS,2026-09-29,380.1,387.6,370.2,377.5,2145
HINDCOMPOS,2026-09-30,377.5,390.95,377.4,381.3,3953
HINDCOMPOS,2026-10-01,384.45,384.45,372.5,380.8,1341
HINDCOMPOS,2026-10-05,414.95,425.05,395.5,400.65,46480
HINDCON,2026-09-28,30.29,30.36,30.0,30.36,167674
HINDCON,2026-09-29,33.39,33.39,32.4,33.39,210313
HINDCON,2026-09-30,34.95,35.05,33.81,35.05,296482
HINDCON,2026-10-01,34.88,34.88,33.3,33.3,73537
HINDCON,2026-10-05,31.64,31.64,31.64,31.64,10765
HINDCOPPER,2026-09-29,475.55,479.95,470.0,474.35,9198111
HINDCOPPER,2026-09-30,477.0,481.7,471.5,472.65,5881618
HINDCOPPER,2026-10-01,469.85,471.2,450.0,462.15,6827265
HINDCOPPER,2026-10-02,462.15,462.15,462.15,462.15,0
HINDCOPPER,2026-10-05,466.05,481.0,465.15,478.65,5563749
HINDOILEXP,2026-09-28,174.55,177.59,171.02,172.98,487798
HINDOILEXP,2026-09-29,173.35,177.0,171.55,173.91,394733
HINDOILEXP,2026-09-30,172.4,175.37,171.25,171.55,262942
HINDOILEXP,2026-10-01,171.27,171.52,164.5,167.31,472707
HINDOILEXP,2026-10-05,168.19,170.45,164.15,164.87,283729
HINDPETRO,2026-09-29,340.7,349.35,337.2,349.2,4074720
HINDPETRO,2026-09-30,351.2,357.4,350.35,350.35,2520543
HINDPETRO,2026-10-01,351.15,352.8,344.0,345.0,5754484
HINDPETRO,2026-10-02,345.0,345.0,345.0,345.0,0
HINDPETRO,2026-10-05,345.05,351.25,340.4,342.35,2875288
HINDUNILVR,2026-09-29,1896.0,1898.9,1863.8,1863.8,2057852
HINDUNILVR,2026-09-30,1871.4,1889.6,1865.2,1879.1,1430335
HINDUNILVR,2026-10-01,1870.1,1873.6,1826.9,1836.0,1331680
HINDUNILVR,2026-10-02,1836.0,1836.0,1836.0,1836.0,0
HINDUNILVR,2026-10-05,1845.1,1848.4,1828.0,1838.4,975071
HINDWAREAP,2026-09-28,173.0,175.19,169.5,170.34,108436
HINDWAREAP,2026-09-29,170.34,171.5,165.0,170.2,88868
HINDWAREAP,2026-09-30,170.2,178.0,169.13,169.97,83588
HINDWAREAP,2026-10-01,169.97,172.1,167.07,170.53,129981
HINDWAREAP,2026-10-05,173.72,174.18,170.0,171.63,56164
HINDZINC,2026-09-29,569.0,576.55,563.2,563.3,4801573
HINDZINC,2026-09-30,567.2,575.05,562.6,566.0,2880602
HINDZINC,2026-10-01,564.4,566.35,547.2,555.05,3165448
HINDZINC,2026-10-02,555.05,555.05,555.05,555.05,0
HINDZINC,2026-10-05,562.0,568.55,557.9,560.95,2343222
HIRECT,2026-09-28,1212.0,1227.9,1172.9,1179.4,32306
HIRECT,2026-09-29,1182.0,1189.5,1150.7,1171.4,26079
HIRECT,2026-09-30,1171.4,1189.0,1136.9,1147.2,33683
HIRECT,2026-10-01,1142.0,1165.9,1102.5,1123.8,50921
HIRECT,2026-10-05,1123.8,1166.1,1097.6,1109.4,51104
HISARMETAL,2026-09-28,150.4,153.99,150.05,151.96,449
HISARMETAL,2026-09-29,151.97,154.0,149.2,151.39,774
HISARMETAL,2026-09-30,151.39,151.4,147.25,148.97,716
HISARMETAL,2026-10-01,148.98,148.98,144.1,146.92,4852
HISARMETAL,2026-10-05,149.0,149.0,143.57,145.22,1221
HITECH,2026-09-28,73.65,74.2,73.1,73.34,413027
HITECH,2026-09-29,73.25,73.95,70.74,73.19,540643
HITECH,2026-09-30,73.0,74.35,72.3,72.61,332376
HITECH,2026-10-01,72.5,72.53,69.86,71.42,517898
HITECH,2026-10-05,71.62,72.38,69.85,70.05,397740
HITECHCORP,2026-09-28,336.0,344.0,330.0,341.45,38828
HITECHCORP,2026-09-29,343.5,343.5,332.65,342.45,7424
HITECHCORP,2026-09-30,338.25,346.0,338.25,345.25,28964
HITECHCORP,2026-10-01,342.5,345.25,340.0,340.25,20052
HITECHCORP,2026-10-05,341.5,344.9,340.2,342.0,50579
HITECHGEAR,2026-09-28,621.4,649.25,620.0,648.85,10509
HITECHGEAR,2026-09-29,680.9,680.9,616.45,625.5,5172
HITECHGEAR,2026-09-30,639.0,645.0,615.0,621.8,4081
HITECHGEAR,2026-10-01,625.0,627.5,595.0,601.75,2558
HITECHGEAR,2026-10-05,602.0,613.45,580.3,584.6,2734
HLEGLAS,2026-09-28,437.5,437.5,419.05,419.35,171932
HLEGLAS,2026-09-29,419.05,436.95,406.2,434.65,256043
HLEGLAS,2026-09-30,440.0,456.35,436.15,439.4,124676
HLEGLAS,2026-10-01,448.45,455.45,430.05,442.05,219734
HLEGLAS,2026-10-05,444.65,452.0,424.45,425.85,108226
HLVLTD,2026-09-28,6.55,6.55,6.15,6.37,139134
HLVLTD,2026-09-29,6.33,6.5,6.31,6.39,64436
HLVLTD,2026-09-30,6.3,6.55,6.25,6.41,124451
HLVLTD,2026-10-01,6.31,6.45,6.12,6.31,154005
HLVLTD,2026-10-05,6.31,6.5,6.05,6.21,195354
HMAAGRO,2026-09-28,24.2,25.1,23.88,24.02,2692734
HMAAGRO,2026-09-29,24.02,24.02,23.43,23.8,614209
HMAAGRO,2026-09-30,23.79,24.69,23.61,23.92,978980
HMAAGRO,2026-10-01,24.04,24.11,23.04,23.47,2581703
HMAAGRO,2026-10-05,23.49,24.25,23.07,23.4,3177520
HMT,2026-09-28,62.4,62.4,58.25,59.04,31878
HMT,2026-09-29,59.6,60.0,58.02,59.98,10311
HMT,2026-09-30,59.98,62.0,59.01,60.1,7423
HMT,2026-10-01,61.49,61.49,58.0,58.24,10063
HMT,2026-10-05,59.4,59.4,58.5,58.99,4335
HMVL,2026-09-28,71.87,72.63,68.63,68.96,61166
HMVL,2026-09-29,68.99,72.4,68.11,72.4,27513
HMVL,2026-09-30,72.4,76.02,72.4,75.96,18380
HMVL,2026-10-01,76.79,79.64,72.55,77.44,40284
HMVL,2026-10-05,75.26,78.85,74.5,76.0,21768
HNDFDS,2026-09-28,610.2,610.9,600.15,602.15,47842
HNDFDS,2026-09-29,602.15,604.8,577.0,596.85,168762
HNDFDS,2026-09-30,596.85,604.75,567.6,574.75,134253
HNDFDS,2026-10-01,567.3,583.1,567.3,574.6,70210
HNDFDS,2026-10-05,580.0,580.0,556.55,570.05,57425
HOACFOODS,2026-09-25,858.6,858.6,858.0,858.6,3000
HOACFOODS,2026-09-28,875.75,875.75,875.75,875.75,1875
HOACFOODS,2026-09-29,893.25,893.25,893.25,893.25,375
HOACFOODS,2026-09-30,911.1,911.1,911.1,911.1,1125
HOACFOODS,2026-10-01,915.0,929.2,913.0,915.0,3750
HOLMARC,2026-09-25,120.0,122.4,120.0,122.4,3750
HOLMARC,2026-09-28,120.0,125.0,120.0,125.0,7500
HOLMARC,2026-09-29,125.1,125.1,118.75,118.75,11250
HOLMARC,2026-09-30,120.0,120.0,115.5,115.5,1500
HOLMARC,2026-10-01,115.5,120.0,109.75,120.0,12000
HOMEFIRST,2026-09-29,1094.0,1109.2,1057.2,1094.4,190918
HOMEFIRST,2026-09-30,1094.4,1136.9,1094.4,1104.8,255917
HOMEFIRST,2026-10-01,1102.8,1129.0,1084.2,1125.7,187768
HOMEFIRST,2026-10-02,1125.7,1125.7,1125.7,1125.7,0
HOMEFIRST,2026-10-05,1122.6,1122.6,1075.1,1096.2,379744
HONASA,2026-09-28,475.95,480.95,462.6,466.05,1531653
HONASA,2026-09-29,454.0,457.05,439.3,441.65,20795107
HONASA,2026-09-30,441.65,447.05,426.05,431.35,1589113
HONASA,2026-10-01,427.35,431.0,413.85,427.9,1936982
HONASA,2026-10-05,431.95,444.0,427.0,442.1,817839
HONAUT,2026-09-28,33830.0,34040.0,33255.0,33855.0,2223
HONAUT,2026-09-29,33660.0,35470.0,33505.0,33980.0,27480
HONAUT,2026-09-30,33980.0,34240.0,33360.0,33460.0,1786
HONAUT,2026-10-01,33105.0,33760.0,33025.0,33470.0,8388
HONAUT,2026-10-05,33845.0,34140.0,33595.0,33785.0,1798
HONDAPOWER,2026-09-28,1924.0,1924.0,1858.3,1862.8,4157
HONDAPOWER,2026-09-29,1884.7,1910.0,1828.1,1886.0,3476
HONDAPOWER,2026-09-30,1870.1,1916.9,1868.1,1874.5,1685
HONDAPOWER,2026-10-01,1896.8,1915.0,1835.0,1886.3,2893
HONDAPOWER,2026-10-05,1919.9,1919.9,1848.0,1865.2,2605
HORIZONIND,2026-09-28,50.25,52.4,50.0,51.79,5041297
HORIZONIND,2026-09-29,51.69,52.15,50.61,51.02,2934473
HORIZONIND,2026-09-30,50.6,51.0,50.07,50.28,1962971
HORIZONIND,2026-10-01,50.1,50.31,48.11,48.65,4049133
HORIZONIND,2026-10-05,48.65,48.92,47.56,47.75,2148175
HPAL,2026-09-28,34.9,35.0,34.51,34.77,22321
HPAL,2026-09-29,34.5,35.99,34.1,34.44,35257
HPAL,2026-09-30,34.2,35.58,33.36,33.83,36913
HPAL,2026-10-01,33.83,34.25,33.17,33.81,51014
HPAL,2026-10-05,34.47,35.49,33.3,33.9,39685
HPIL,2026-09-28,115.4,115.4,115.4,115.4,6
HPIL,2026-09-29,117.0,117.0,114.2,115.37,363
HPIL,2026-09-30,115.37,115.37,115.37,115.37,0
HPIL,2026-10-01,114.5,114.89,112.0,114.44,163
HPIL,2026-10-05,113.5,114.8,105.65,110.64,347
HPL,2026-09-29,272.8,273.65,266.65,270.15,86592
HPL,2026-09-30,270.1,274.65,268.1,269.05,57651
HPL,2026-10-01,270.4,270.4,260.3,267.2,93293
HPL,2026-10-02,267.2,267.2,267.2,267.2,0
HPL,2026-10-05,265.4,272.0,263.5,264.75,53225
HRHNEXT,2026-09-25,23.95,24.35,23.95,24.3,19500
HRHNEXT,2026-09-28,23.1,23.1,23.1,23.1,10500
HRHNEXT,2026-09-29,22.05,24.2,22.05,24.15,15000
HRHNEXT,2026-09-30,24.9,24.9,24.9,24.9,1500
HRHNEXT,2026-10-01,24.0,24.0,24.0,24.0,1500
HRYNSHP,2026-09-28,95.01,96.99,95.01,96.01,1353
HRYNSHP,2026-09-29,96.1,99.0,96.01,96.01,460
HRYNSHP,2026-09-30,96.5,97.0,95.0,96.0,331
HRYNSHP,2026-10-01,96.05,99.9,95.5,97.98,580
HRYNSHP,2026-10-05,108.0,108.0,92.2,96.65,1040
HSCL,2026-09-29,666.9,676.6,663.4,667.6,1686772
HSCL,2026-09-30,667.1,687.3,667.1,677.8,2047533
HSCL,2026-10-01,675.25,677.75,658.7,665.15,1431438
HSCL,2026-10-02,665.15,665.15,665.15,665.15,0
HSCL,2026-10-05,665.95,672.5,656.5,659.85,876519
HTEL,2026-09-28,66.3,67.49,62.91,65.64,2730000
HTEL,2026-09-29,65.41,70.39,65.01,69.52,2012461
HTEL,2026-09-30,71.7,77.15,70.0,72.29,4644616
HTEL,2026-10-01,73.4,75.1,70.5,72.92,1986272
HTEL,2026-10-05,72.87,73.84,70.15,70.43,977060
HTMEDIA,2026-09-28,23.95,24.67,22.66,23.1,69991
HTMEDIA,2026-09-29,23.1,23.6,22.52,23.46,61616
HTMEDIA,2026-09-30,23.51,24.13,22.92,23.02,62468
HTMEDIA,2026-10-01,23.55,23.55,22.2,22.38,115588
HTMEDIA,2026-10-05,22.01,22.74,22.01,22.14,32181
HUBTOWN,2026-09-28,170.55,171.95,167.55,167.87,737104
HUBTOWN,2026-09-29,168.0,169.6,165.55,166.41,253127
HUBTOWN,2026-09-30,167.45,186.0,167.21,182.28,1619724
HUBTOWN,2026-10-01,183.0,184.37,174.32,177.42,420252
HUBTOWN,2026-10-05,177.35,178.5,166.99,168.09,425818
HUDCO,2026-09-29,168.0,169.7,164.0,165.57,3647277
HUDCO,2026-09-30,166.47,169.25,164.28,166.58,2274257
HUDCO,2026-10-01,167.94,167.94,159.51,161.54,3136559
HUDCO,2026-10-02,161.54,161.54,161.54,161.54,0
HUDCO,2026-10-05,163.5,164.99,161.34,162.09,1688872
HUHTAMAKI,2026-09-29,238.85,238.95,231.1,235.7,78853
HUHTAMAKI,2026-09-30,236.7,243.0,234.7,237.35,87980
HUHTAMAKI,2026-10-01,235.3,235.3,227.81,232.72,94577
HUHTAMAKI,2026-10-02,232.72,232.72,232.72,232.72,0
HUHTAMAKI,2026-10-05,232.95,234.8,226.1,227.52,103891
HYBRIDFIN,2026-09-28,16.7,18.35,16.7,17.36,3559
HYBRIDFIN,2026-09-29,18.0,18.0,16.7,17.82,12018
HYBRIDFIN,2026-09-30,17.74,18.35,17.5,17.94,3054
HYBRIDFIN,2026-10-01,17.9,18.25,16.8,17.36,95433
HYBRIDFIN,2026-10-05,17.2,17.99,16.8,17.43,6826
HYUNDAI,2026-09-29,2051.1001,2100.0,2009.6,2100.0,763311
HYUNDAI,2026-09-30,2060.0,2084.6001,2026.7,2031.0,644391
HYUNDAI,2026-10-01,2031.0,2078.6001,2002.0,2024.0,1795808
HYUNDAI,2026-10-02,2024.0,2024.0,2024.0,2024.0,0
HYUNDAI,2026-10-05,2023.9,2031.5,1981.9,2000.0,328159
IBLFL,2026-09-25,62.0,62.0,62.0,62.0,4000
IBLFL,2026-09-28,61.0,61.0,61.0,61.0,2000
IBLFL,2026-09-29,61.0,61.0,61.0,61.0,4000
IBLFL,2026-09-30,61.0,61.0,61.0,61.0,2000
IBLFL,2026-10-01,61.0,61.0,61.0,61.0,2000
IBULLSLTD,2026-09-29,28.8,30.19,28.45,29.93,12006735
IBULLSLTD,2026-09-30,30.45,30.65,29.52,29.61,7753680
IBULLSLTD,2026-10-01,29.55,30.14,28.58,29.43,14659328
IBULLSLTD,2026-10-02,29.43,29.43,29.43,29.43,0
IBULLSLTD,2026-10-05,30.1,30.8,29.17,29.48,23357499
ICDSLTD,2026-09-28,56.99,56.99,54.15,54.15,646
ICDSLTD,2026-09-29,54.42,54.42,51.45,51.45,1104
ICDSLTD,2026-09-30,51.45,51.45,48.88,48.88,2591
ICDSLTD,2026-10-01,46.6,46.6,46.44,46.5,2007
ICDSLTD,2026-10-05,46.5,48.82,44.26,44.61,1626
ICEMAKE,2026-09-28,655.6,662.45,645.9,648.75,24632
ICEMAKE,2026-09-29,648.0,648.0,632.65,634.0,42018
ICEMAKE,2026-09-30,634.0,641.45,623.0,629.55,21934
ICEMAKE,2026-10-01,629.55,629.9,602.0,623.65,31483
ICEMAKE,2026-10-05,623.5,634.4,619.1,628.55,14078
ICICIAMC,2026-09-28,3170.1001,3235.0,3133.2,3214.5,166130
ICICIAMC,2026-09-29,3220.0,3265.0,3167.0,3233.0,769671
ICICIAMC,2026-09-30,3249.0,3249.0,3107.3999,3136.7,372808
ICICIAMC,2026-10-01,3121.0,3121.1001,3055.0,3084.3999,524043
ICICIAMC,2026-10-05,3085.8999,3095.6001,3045.0,3061.2,163810
ICICIBANK,2026-09-29,1295.7,1304.8,1291.0,1292.2,14811396
ICICIBANK,2026-09-30,1295.3,1337.0,1295.3,1321.7,14095232
ICICIBANK,2026-10-01,1316.0,1329.9,1308.4,1310.6,13163495
ICICIBANK,2026-10-02,1310.6,1310.6,1310.6,1310.6,0
ICICIBANK,2026-10-05,1311.0,1334.7,1303.7,1332.0,13223493
ICICIGI,2026-09-28,1544.0,1559.3,1526.2,1540.0,453608
ICICIGI,2026-09-29,1532.0,1550.0,1498.2,1515.0,756660
ICICIGI,2026-09-30,1516.1,1590.0,1511.6,1590.0,1952166
ICICIGI,2026-10-01,1579.0,1594.7,1562.6,1563.0,1189772
ICICIGI,2026-10-05,1563.0,1608.0,1561.1,1600.0,1196354
ICICIPRULI,2026-09-28,458.6,464.2,450.65,458.7,1352420
ICICIPRULI,2026-09-29,452.05,455.45,442.95,444.55,2919254
ICICIPRULI,2026-09-30,448.0,450.0,442.4,443.8,839768
ICICIPRULI,2026-10-01,443.8,450.55,441.8,448.05,1267559
ICICIPRULI,2026-10-05,448.0,457.0,446.05,454.9,1224956
ICIL,2026-09-28,445.7,446.45,435.0,440.2,254620
ICIL,2026-09-29,439.9,448.55,433.0,434.95,420236
ICIL,2026-09-30,437.0,464.0,437.0,460.4,1020870
ICIL,2026-10-01,461.0,466.7,435.45,443.65,435107
ICIL,2026-10-05,445.9,456.6,443.55,446.2,171548
ICRA,2026-09-28,4398.7998,4398.7998,4305.0,4310.3999,20932
ICRA,2026-09-29,4311.0,4373.8999,4274.0,4297.8999,14911
ICRA,2026-09-30,4297.8999,4320.0,4198.2002,4232.0,71638
ICRA,2026-10-01,4232.0,4346.5,4205.1001,4318.2998,24641
ICRA,2026-10-05,4334.6001,4340.0,4249.0,4297.5,24259
IDBI,2026-09-29,83.9,84.9,82.6,83.32,7662555
IDBI,2026-09-30,83.51,84.29,81.96,82.2,4433814
IDBI,2026-10-01,81.87,87.39,81.32,86.57,26713864
IDBI,2026-10-02,86.57,86.57,86.57,86.57,0
IDBI,2026-10-05,87.0,88.01,85.35,86.31,11796166
IDEA,2026-09-29,13.6,13.68,13.26,13.56,76437580
IDEA,2026-09-30,13.6,13.61,12.84,12.95,640485531
IDEA,2026-10-01,12.95,13.14,12.5,12.64,612490273
IDEA,2026-10-02,12.64,12.64,12.64,12.64,0
IDEA,2026-10-05,12.75,12.9,12.56,12.74,460591162
IDEAFORGE,2026-09-28,735.0,735.0,713.5,716.4,115147
IDEAFORGE,2026-09-29,716.9,724.0,707.0,719.7,117154
IDEAFORGE,2026-09-30,725.0,744.8,717.5,730.95,237947
IDEAFORGE,2026-10-01,735.0,767.45,724.4,735.0,409863
IDEAFORGE,2026-10-05,731.2,733.5,698.25,701.65,334756
IDFCFIRSTB,2026-09-29,80.4,80.63,78.6,79.46,36206575
IDFCFIRSTB,2026-09-30,79.46,82.08,79.46,81.44,23332019
IDFCFIRSTB,2026-10-01,80.95,81.38,79.53,80.39,24434109
IDFCFIRSTB,2026-10-02,80.39,80.39,80.39,80.39,0
IDFCFIRSTB,2026-10-05,80.76,82.3,80.65,82.22,18439126
IEML,2026-09-25,51.05,51.05,50.0,51.05,219500
IEML,2026-09-28,53.6,53.6,52.5,53.6,208500
IEML,2026-09-29,55.5,55.5,50.95,50.95,48000
IEML,2026-09-30,53.45,53.45,48.45,53.45,189500
IEML,2026-10-01,56.1,56.1,51.0,52.4,366000
IEX,2026-09-29,111.35,111.4,106.35,106.39,7359823
IEX,2026-09-30,106.75,108.8,106.53,107.0,3890920
IEX,2026-10-01,107.01,107.38,104.18,105.98,3180623
IEX,2026-10-02,105.98,105.98,105.98,105.98,0
IEX,2026-10-05,106.0,106.49,103.94,104.3,3096998
IFBAGRO,2026-09-28,880.0,880.0,842.0,844.0,1262
IFBAGRO,2026-09-29,844.0,948.0,844.0,905.45,12900
IFBAGRO,2026-09-30,905.45,932.4,881.0,891.65,3890
IFBAGRO,2026-10-01,919.95,919.95,853.85,866.95,2552
IFBAGRO,2026-10-05,855.0,878.95,855.0,872.0,2243
IFBIND,2026-09-28,1245.8,1249.7,1206.9,1214.2,29042
IFBIND,2026-09-29,1214.8,1234.5,1199.0,1201.0,40295
IFBIND,2026-09-30,1211.6,1223.8,1199.0,1201.0,20374
IFBIND,2026-10-01,1201.0,1213.7,1152.1,1166.2,41264
IFBIND,2026-10-05,1175.0,1201.8,1140.0,1178.8,34216
IFCI,2026-09-29,70.06,71.65,69.53,70.97,38909344
IFCI,2026-09-30,70.95,71.43,68.45,68.77,25751767
IFCI,2026-10-01,68.55,68.55,64.25,65.14,41910107
IFCI,2026-10-02,65.14,65.14,65.14,65.14,0
IFCI,2026-10-05,65.5,66.93,63.93,64.28,33656348
IFGLEXPOR,2026-09-29,194.1,194.1,186.91,189.61,25577
IFGLEXPOR,2026-09-30,190.0,198.39,190.0,191.45,23250
IFGLEXPOR,2026-10-01,196.8,196.8,184.13,189.57,34168
IFGLEXPOR,2026-10-02,189.57,189.57,189.57,189.57,0
IFGLEXPOR,2026-10-05,192.2,195.3,182.15,183.99,29347
IGARASHI,2026-09-29,414.9,417.95,406.3,411.55,50834
IGARASHI,2026-09-30,414.5,418.5,401.0,403.4,45397
IGARASHI,2026-10-01,402.0,405.35,387.05,398.95,68004
IGARASHI,2026-10-02,398.95,398.95,398.95,398.95,0
IGARASHI,2026-10-05,395.65,403.55,388.45,389.65,31532
IGCL,2026-09-28,62.6,62.8,57.0,58.25,116758
IGCL,2026-09-29,59.1,59.88,56.5,57.15,70886
IGCL,2026-09-30,58.75,59.1,56.15,56.8,95296
IGCL,2026-10-01,57.25,57.25,51.72,54.62,234071
IGCL,2026-10-05,54.62,55.93,53.0,53.4,64015
IGIL,2026-09-28,329.95,329.95,322.1,323.15,352640
IGIL,2026-09-29,321.55,326.8,317.7,324.3,607317
IGIL,2026-09-30,323.2,327.05,314.05,315.9,584224
IGIL,2026-10-01,317.4,317.95,308.4,311.95,247930
IGIL,2026-10-05,317.9,320.7,311.0,316.25,422079
IGL,2026-09-29,143.5,144.79,139.2,142.02,3801920
IGL,2026-09-30,141.99,146.9,141.99,145.61,3093267
IGL,2026-10-01,143.2,143.9,139.33,142.79,2346741
IGL,2026-10-02,142.79,142.79,142.79,142.79,0
IGL,2026-10-05,142.79,143.57,141.5,142.1,948892
IGPL,2026-09-28,609.9,609.9,579.05,581.55,48549
IGPL,2026-09-29,580.0,591.9,575.0,584.3,44273
IGPL,2026-09-30,586.6,594.9,577.0,579.75,37036
IGPL,2026-10-01,588.85,590.45,562.65,569.55,61516
IGPL,2026-10-05,575.8,581.7,548.1,554.0,49844
IIFL,2026-09-28,609.9,609.9,593.05,598.15,1208016
IIFL,2026-09-29,595.05,614.05,588.75,607.5,2559619
IIFL,2026-09-30,606.0,608.65,598.0,600.75,1194083
IIFL,2026-10-01,600.0,606.6,577.0,583.8,1821159
IIFL,2026-10-05,590.0,609.0,587.35,601.15,1622020
IIFLCAPS,2026-09-28,346.15,347.05,341.75,343.7,741465
IIFLCAPS,2026-09-29,343.55,347.45,343.55,344.95,460188
IIFLCAPS,2026-09-30,343.7,349.8,343.7,346.0,1333723
IIFLCAPS,2026-10-01,343.1,346.5,342.5,345.6,654711
IIFLCAPS,2026-10-05,346.9,346.9,341.55,345.2,319157
IITL,2026-09-28,138.0,138.0,130.15,131.58,97686
IITL,2026-09-29,132.85,132.85,123.85,125.64,111438
IITL,2026-09-30,127.69,139.25,127.52,133.26,113106
IITL,2026-10-01,133.0,139.85,128.25,132.56,91702
IITL,2026-10-05,132.56,135.0,127.1,129.4,100228
IKIO,2026-09-29,199.4,200.34,194.31,197.3,153590
IKIO,2026-09-30,198.75,204.38,195.22,196.85,144490
IKIO,2026-10-01,196.85,199.85,186.77,190.96,133638
IKIO,2026-10-02,190.96,190.96,190.96,190.96,0
IKIO,2026-10-05,195.0,200.0,190.21,192.22,91418
IKS,2026-09-28,1815.8,1815.8,1755.5,1768.4,137087
IKS,2026-09-29,1768.0,1822.3,1750.7,1779.4,203931
IKS,2026-09-30,1782.9,1800.5,1740.3,1747.5,152839
IKS,2026-10-01,1747.0,1783.8,1726.1,1776.4,149999
IKS,2026-10-05,1791.0,1798.3,1742.5,1766.8,119886
IL&FSENGG,2026-09-28,40.0,40.0,38.0,38.55,56417
IL&FSENGG,2026-09-29,39.35,39.35,36.63,36.76,115599
IL&FSENGG,2026-09-30,35.0,38.59,35.0,38.57,14299
IL&FSENGG,2026-10-01,39.0,39.55,38.0,38.59,13193
IL&FSENGG,2026-10-05,38.5,40.05,38.5,39.78,11636
IL&FSTRANS,2026-09-28,1.93,1.98,1.91,1.97,55740
IL&FSTRANS,2026-09-29,2.02,2.02,1.88,1.9,84185
IL&FSTRANS,2026-09-30,1.95,1.96,1.86,1.92,23269
IL&FSTRANS,2026-10-01,1.97,1.97,1.83,1.87,29961
IL&FSTRANS,2026-10-05,1.92,1.96,1.86,1.94,67958
IMAGICAA,2026-09-28,52.29,52.32,51.1,51.29,350818
IMAGICAA,2026-09-29,51.31,54.3,50.1,51.3,1504303
IMAGICAA,2026-09-30,51.3,52.19,50.6,51.08,281012
IMAGICAA,2026-10-01,50.56,52.26,49.52,50.7,512963
IMAGICAA,2026-10-05,50.85,51.99,48.61,48.76,488855
IMFA,2026-09-28,1220.4,1224.4,1205.0,1207.8,56770
IMFA,2026-09-29,1202.0,1226.4,1184.1,1206.5,88124
IMFA,2026-09-30,1206.5,1228.0,1185.2,1190.9,61334
IMFA,2026-10-01,1190.9,1210.0,1148.0,1176.8,141199
IMFA,2026-10-05,1187.5,1204.8,1148.2,1158.9,93906
IMPAL,2026-09-28,1064.2,1090.0,1041.0,1043.1,1472
IMPAL,2026-09-29,1054.0,1054.0,1035.3,1042.6,1933
IMPAL,2026-09-30,1049.4,1067.9,1029.4,1037.5,1754
IMPAL,2026-10-01,1037.5,1050.0,998.3,1009.1,2586
IMPAL,2026-10-05,1021.0,1040.0,1002.0,1026.2,2317
IMPEXFERRO,2026-09-29,6.38,6.38,6.38,6.38,59091
IMPEXFERRO,2026-09-30,6.5,6.5,6.5,6.5,59395
IMPEXFERRO,2026-10-01,6.5,6.5,6.5,6.5,0
IMPEXFERRO,2026-10-02,6.5,6.5,6.5,6.5,0
IMPEXFERRO,2026-10-05,6.37,6.37,6.37,6.37,308128
INA,2026-09-29,89.0,89.5,87.1,87.63,318802
INA,2026-09-30,89.26,91.8,86.81,87.5,609109
INA,2026-10-01,89.01,89.01,84.71,87.02,699639
INA,2026-10-02,87.02,87.02,87.02,87.02,0
INA,2026-10-05,87.95,89.22,83.05,83.44,619352
INCREDIBLE,2026-09-28,33.0,33.74,32.0,33.26,4112
INCREDIBLE,2026-09-29,32.6,33.2,31.55,31.6,3488
INCREDIBLE,2026-09-30,31.52,33.98,31.52,32.61,6216
INCREDIBLE,2026-10-01,32.98,34.0,30.51,31.37,5442
INCREDIBLE,2026-10-05,32.46,32.46,30.6,31.48,26959
INDBANK,2026-09-28,25.75,26.25,25.3,25.6,29380
INDBANK,2026-09-29,25.6,26.0,24.21,25.06,25410
INDBANK,2026-09-30,25.6,25.99,25.06,25.36,17590
INDBANK,2026-10-01,25.4,25.5,25.05,25.2,11592
INDBANK,2026-10-05,25.7,25.7,25.0,25.17,22541
INDGN,2026-09-28,614.9,620.0,600.05,613.3,744751
INDGN,2026-09-29,613.0,627.0,598.35,605.15,1828353
INDGN,2026-09-30,606.0,614.5,585.0,590.75,390007
INDGN,2026-10-01,587.0,601.55,580.0,593.5,485930
INDGN,2026-10-05,598.25,605.5,588.0,598.45,510517
INDHOTEL,2026-09-28,722.6,726.75,710.3,711.0,2741065
INDHOTEL,2026-09-29,709.0,725.9,704.6,714.35,26142773
INDHOTEL,2026-09-30,714.35,736.9,713.0,728.65,3733640
INDHOTEL,2026-10-01,728.0,732.95,712.3,718.0,4023940
INDHOTEL,2026-10-05,713.0,726.6,713.0,725.0,3696654
INDIACEM,2026-09-28,323.2,324.8,310.8,312.4,151875
INDIACEM,2026-09-29,314.5,314.55,302.05,303.7,130348
INDIACEM,2026-09-30,301.1,309.9,300.15,301.85,337561
INDIACEM,2026-10-01,300.5,303.0,290.25,295.15,231935
INDIACEM,2026-10-05,295.0,302.0,290.0,299.05,143084
INDIAGLYCO,2026-09-28,309.0,326.0,295.0,297.5,1152620
INDIAGLYCO,2026-09-29,301.5,307.7,292.6,304.5,501115
INDIAGLYCO,2026-09-30,307.0,314.3,304.1,307.4,321153
INDIAGLYCO,2026-10-01,306.8,306.8,290.0,298.8,273493
INDIAGLYCO,2026-10-05,300.0,307.8,296.05,303.35,285931
INDIAMART,2026-09-28,1642.0,1646.0,1620.0,1637.0,30046
INDIAMART,2026-09-29,1638.3,1638.4,1600.0,1612.9,69706
INDIAMART,2026-09-30,1615.0,1644.0,1613.1,1629.0,101414
INDIAMART,2026-10-01,1620.0,1641.0,1590.1,1620.3,60779
INDIAMART,2026-10-05,1620.3,1648.0,1565.1,1591.5,61778
INDIANB,2026-09-29,802.5,808.8,794.75,795.25,1349036
INDIANB,2026-09-30,800.0,814.65,799.2,805.9,1068705
INDIANB,2026-10-01,805.9,810.5,786.85,793.15,671392
INDIANB,2026-10-02,793.15,793.15,793.15,793.15,0
INDIANB,2026-10-05,801.75,817.9,801.75,810.0,1043196
INDIANCARD,2026-09-28,197.0,198.9,186.9,189.69,14663
INDIANCARD,2026-09-29,193.75,193.75,183.0,183.72,5044
INDIANCARD,2026-09-30,180.9,190.0,180.0,186.13,4029
INDIANCARD,2026-10-01,192.95,192.95,183.04,188.37,2084
INDIANCARD,2026-10-05,188.37,191.99,181.24,184.82,1899
INDIANHUME,2026-09-28,359.85,359.85,348.6,350.35,22558
INDIANHUME,2026-09-29,350.35,358.0,345.35,355.8,66941
INDIANHUME,2026-09-30,352.15,362.8,350.3,352.8,25759
INDIANHUME,2026-10-01,354.5,354.5,337.85,346.1,33765
INDIANHUME,2026-10-05,346.1,347.85,334.05,335.7,23530
INDIASHLTR,2026-09-28,655.0,655.0,635.0,647.3,92868
INDIASHLTR,2026-09-29,640.7,646.95,620.15,639.75,284396
INDIASHLTR,2026-09-30,639.75,645.8,630.75,635.6,44998
INDIASHLTR,2026-10-01,630.5,650.0,630.5,645.6,88297
INDIASHLTR,2026-10-05,645.0,653.6,636.7,646.6,225850
INDIFRA,2026-09-28,12.85,12.85,12.85,12.85,0
INDIFRA,2026-09-29,12.25,12.25,12.25,12.25,2000
INDIFRA,2026-09-30,12.25,12.25,12.25,12.25,0
INDIFRA,2026-10-01,12.25,12.25,12.25,12.25,0
INDIFRA,2026-10-02,12.25,12.25,12.25,12.25,0
INDIGO,2026-09-29,4870.0,4898.0,4851.0,4872.0,409270
INDIGO,2026-09-30,4915.5,5021.5,4893.5,4984.0,624800
INDIGO,2026-10-01,4936.0,5016.2002,4878.0,4929.8999,592514
INDIGO,2026-10-02,4929.8999,4929.8999,4929.8999,4929.8999,0
INDIGO,2026-10-05,4945.0,4999.0,4907.7002,4935.0,404828
INDIGOPNTS,2026-09-29,1110.6,1115.5,1072.5,1078.9,64558
INDIGOPNTS,2026-09-30,1078.9,1104.2,1072.0,1091.0,37864
INDIGOPNTS,2026-10-01,1078.9,1086.1,1050.0,1053.5,75763
INDIGOPNTS,2026-10-02,1053.5,1053.5,1053.5,1053.5,0
INDIGOPNTS,2026-10-05,1049.3,1064.2,1033.1,1040.0,56278
INDIGRID,2026-09-25,172.5,173.0,171.6,172.97,739541
INDIGRID,2026-09-28,172.95,172.98,172.06,172.53,524197
INDIGRID,2026-09-29,172.99,172.99,171.52,172.1,478812
INDIGRID,2026-09-30,172.1,172.51,170.7,170.98,1264894
INDIGRID,2026-10-01,171.0,171.48,169.51,169.85,1105943
INDIQUBE,2026-09-28,198.93,201.28,193.39,199.44,33774
INDIQUBE,2026-09-29,199.8,199.8,193.23,196.14,57862
INDIQUBE,2026-09-30,197.54,199.48,192.66,196.38,19857
INDIQUBE,2026-10-01,195.0,200.0,191.15,197.49,25992
INDIQUBE,2026-10-05,200.0,200.0,193.81,197.4,101074
INDNIPPON,2026-09-28,1325.0,1327.0,1279.5,1290.6,41621
INDNIPPON,2026-09-29,1295.1,1311.6,1226.0,1244.8,71735
INDNIPPON,2026-09-30,1246.0,1267.6,1216.1,1244.4,48325
INDNIPPON,2026-10-01,1255.0,1270.0,1187.7,1224.4,84237
INDNIPPON,2026-10-05,1237.9,1253.6,1205.0,1220.3,40393
INDOAMIN,2026-09-28,139.0,152.65,136.9,137.47,1045793
INDOAMIN,2026-09-29,140.0,149.6,137.65,145.45,626536
INDOAMIN,2026-09-30,145.61,148.0,138.35,142.07,208080
INDOAMIN,2026-10-01,145.0,146.0,133.45,136.52,293231
INDOAMIN,2026-10-05,136.55,150.0,136.55,143.31,590272
INDOBORAX,2026-09-28,441.05,508.7,435.0,477.55,8225875
INDOBORAX,2026-09-29,487.8,497.5,465.55,489.5,1031179
INDOBORAX,2026-09-30,489.0,495.0,470.0,481.45,168168
INDOBORAX,2026-10-01,481.45,481.5,458.8,469.5,90013
INDOBORAX,2026-10-05,476.55,478.8,457.4,460.65,82726
INDOCO,2026-09-29,249.8,284.77,249.2,269.15,19854651
INDOCO,2026-09-30,270.52,274.87,255.35,261.67,1088133
INDOCO,2026-10-01,256.0,257.7,245.3,251.75,291376
INDOCO,2026-10-02,251.75,251.75,251.75,251.75,0
INDOCO,2026-10-05,252.0,255.65,244.1,246.8,311539
INDOFARM,2026-09-28,139.45,139.45,133.74,134.27,72825
INDOFARM,2026-09-29,134.66,136.0,132.02,133.17,56934
INDOFARM,2026-09-30,134.0,137.0,133.26,134.45,63176
INDOFARM,2026-10-01,134.37,134.81,128.25,131.77,100442
INDOFARM,2026-10-05,133.99,133.99,128.5,129.43,74783
INDOKEM,2026-09-28,601.35,629.3,600.35,609.0,4289
INDOKEM,2026-09-29,607.0,626.35,595.0,617.0,5978
INDOKEM,2026-09-30,625.0,625.0,595.2,600.45,4030
INDOKEM,2026-10-01,602.7,609.9,590.0,603.7,5070
INDOKEM,2026-10-05,602.35,602.35,585.0,598.25,1304
INDOMIM,2026-09-29,1230.0,1288.9,1210.0,1248.15,1464214
INDOMIM,2026-09-30,1263.9,1263.9,1223.0,1242.45,707284
INDOMIM,2026-10-01,1227.0,1285.0,1215.0,1271.8,901958
INDOMIM,2026-10-02,1271.8,1271.8,1271.8,1271.8,0
INDOMIM,2026-10-05,1292.0,1333.9,1284.9,1320.4,939096
INDORAMA,2026-09-29,101.55,104.45,94.8,103.44,1899725
INDORAMA,2026-09-30,105.85,107.5,99.0,100.36,1164796
INDORAMA,2026-10-01,98.0,101.64,91.55,95.81,1609228
INDORAMA,2026-10-02,95.81,95.81,95.81,95.81,0
INDORAMA,2026-10-05,97.95,99.79,93.15,93.69,760868
INDOSTAR,2026-09-28,215.5,222.06,208.65,210.85,47908
INDOSTAR,2026-09-29,208.0,217.19,208.0,209.04,139436
INDOSTAR,2026-09-30,210.0,215.7,209.05,213.54,106921
INDOSTAR,2026-10-01,214.55,214.68,199.84,206.35,113755
INDOSTAR,2026-10-05,205.76,210.05,202.56,204.33,45587
INDOTECH,2026-09-28,3171.0,3200.0,3089.8999,3133.7,12503
INDOTECH,2026-09-29,3225.0,3270.0,3079.8999,3186.2,17139
INDOTECH,2026-09-30,3267.0,3275.0,3161.2,3188.2,8311
INDOTECH,2026-10-01,3204.3,3347.6001,3141.0,3347.6001,50433
INDOTECH,2026-10-05,3414.6001,3473.3,3251.1001,3275.3999,24448
INDOTHAI,2026-09-28,31.94,32.44,30.29,30.41,700720
INDOTHAI,2026-09-29,30.03,31.93,29.0,31.93,1236632
INDOTHAI,2026-09-30,32.4,33.52,32.39,33.52,452135
INDOTHAI,2026-10-01,34.4,35.19,34.0,35.19,1541578
INDOTHAI,2026-10-05,36.7,36.94,35.42,36.94,957718
INDOUS,2026-09-28,79.5,79.5,77.6,77.9,5063
INDOUS,2026-09-29,77.47,79.0,77.0,77.42,3010
INDOUS,2026-09-30,79.5,81.98,75.51,78.22,35025
INDOUS,2026-10-01,79.0,79.0,76.3,76.75,533
INDOUS,2026-10-05,81.0,81.0,74.15,75.5,13152
INDOWIND,2026-09-28,8.48,8.95,8.4,8.64,149929
INDOWIND,2026-09-29,8.79,8.92,8.48,8.86,87824
INDOWIND,2026-09-30,8.7,9.0,8.6,8.69,115529
INDOWIND,2026-10-01,8.84,8.84,8.21,8.44,118799
INDOWIND,2026-10-05,8.44,8.74,8.3,8.41,122499
INDPRUD,2026-09-28,6120.0,6205.0,6050.0,6092.5,276
INDPRUD,2026-09-29,6100.0,6450.0,6100.0,6358.0,83
INDPRUD,2026-09-30,6350.0,6450.0,6290.0,6336.5,76
INDPRUD,2026-10-01,6494.0,6494.0,6251.0,6255.5,97
INDPRUD,2026-10-05,6305.0,6350.0,6290.0,6350.0,27
INDRAMEDCO,2026-09-28,366.8,366.8,358.6,360.0,211930
INDRAMEDCO,2026-09-29,360.0,363.15,352.0,354.8,406266
INDRAMEDCO,2026-09-30,355.0,358.95,340.2,348.95,390892
INDRAMEDCO,2026-10-01,345.0,346.25,335.5,338.6,320580
INDRAMEDCO,2026-10-05,341.85,342.25,331.55,333.95,118642
INDSWFTLAB,2026-09-29,409.1,417.25,403.15,413.1,445415
INDSWFTLAB,2026-09-30,417.25,424.75,382.0,388.75,805121
INDSWFTLAB,2026-10-01,388.6,409.9,379.5,395.15,749983
INDSWFTLAB,2026-10-02,395.15,395.15,395.15,395.15,0
INDSWFTLAB,2026-10-05,399.0,410.0,383.75,385.75,346248
INDTERRAIN,2026-09-28,29.93,30.89,29.12,29.49,15907
INDTERRAIN,2026-09-29,29.6,29.6,29.02,29.3,14638
INDTERRAIN,2026-09-30,29.35,29.96,29.26,29.42,13832
INDTERRAIN,2026-10-01,29.35,29.93,29.15,29.22,6847
INDTERRAIN,2026-10-05,29.22,29.5,29.15,29.36,8392
INDUSINDBK,2026-09-29,905.1,908.1,878.0,878.0,3205911
INDUSINDBK,2026-09-30,885.0,902.1,885.0,901.4,2428835
INDUSINDBK,2026-10-01,896.1,900.75,880.3,886.85,1761249
INDUSINDBK,2026-10-02,886.85,886.85,886.85,886.85,0
INDUSINDBK,2026-10-05,891.6,900.25,880.7,886.6,2459043
INDUSTOWER,2026-09-29,359.0,373.05,358.2,367.55,8836110
INDUSTOWER,2026-09-30,370.35,376.05,368.6,373.2,6712752
INDUSTOWER,2026-10-01,371.1,384.7,370.0,376.25,9498411
INDUSTOWER,2026-10-02,376.25,376.25,376.25,376.25,0
INDUSTOWER,2026-10-05,381.4,381.45,375.25,380.2,5862757
INFINIUM,2026-09-25,269.0,269.0,260.0,262.1,4500
INFINIUM,2026-09-28,273.5,273.5,260.0,268.5,5000
INFINIUM,2026-09-29,260.0,266.5,258.0,266.5,5000
INFINIUM,2026-09-30,269.5,293.15,260.0,291.45,41500
INFINIUM,2026-10-01,290.55,317.4,289.0,314.25,40000
INFOBEAN,2026-09-28,145.96,145.96,143.0,144.42,125448
INFOBEAN,2026-09-29,144.0,146.38,142.25,143.78,135403
INFOBEAN,2026-09-30,143.25,145.38,143.01,143.5,118611
INFOBEAN,2026-10-01,141.79,149.94,141.79,143.58,237666
INFOBEAN,2026-10-05,144.22,151.69,144.22,148.08,244306
INFOLLION,2026-09-25,154.85,154.9,153.0,153.35,6400
INFOLLION,2026-09-28,155.55,155.55,147.0,152.0,7200
INFOLLION,2026-09-29,146.15,154.95,145.0,152.55,10400
INFOLLION,2026-09-30,151.0,152.55,151.0,152.0,2800
INFOLLION,2026-10-01,152.0,154.0,152.0,154.0,1200
INFOMEDIA,2026-09-28,5.2,5.54,5.11,5.17,5470
INFOMEDIA,2026-09-29,5.19,5.48,5.06,5.19,8965
INFOMEDIA,2026-09-30,5.29,5.54,5.05,5.38,21723
INFOMEDIA,2026-10-01,5.55,5.55,5.05,5.32,17374
INFOMEDIA,2026-10-05,5.54,5.54,5.16,5.21,9684
INFY,2026-09-29,1002.6,1015.4,980.4,1015.4,12992711
INFY,2026-09-30,1004.0,1024.0,992.2,994.1,13508984
INFY,2026-10-01,1010.0,1035.0,999.15,1035.0,15166446
INFY,2026-10-02,1035.0,1035.0,1035.0,1035.0,0
INFY,2026-10-05,1050.0,1052.3,1010.0,1020.5,12126808
INGERRAND,2026-09-29,4226.7998,4238.6001,4180.0,4195.0,5857
INGERRAND,2026-09-30,4195.0,4237.2998,4077.0,4144.0,28231
INGERRAND,2026-10-01,4136.0,4175.0,4075.7,4158.7998,12216
INGERRAND,2026-10-02,4158.7998,4158.7998,4158.7998,4158.7998,0
INGERRAND,2026-10-05,4158.7998,4224.1001,4135.0,4154.2002,7413
INM,2026-09-25,143.0,143.0,143.0,143.0,600
INM,2026-09-28,136.0,136.0,136.0,136.0,1200
INM,2026-09-29,149.0,150.05,149.0,150.0,15000
INM,2026-09-30,150.0,150.0,150.0,150.0,0
INM,2026-10-01,145.0,146.0,140.05,140.05,2400
INNOVACAP,2026-09-28,1290.2,1308.2,1260.3,1271.2,60672
INNOVACAP,2026-09-29,1265.0,1314.8,1259.1,1271.2,147937
INNOVACAP,2026-09-30,1269.8,1270.0,1146.5,1159.8,621573
INNOVACAP,2026-10-01,1171.3,1215.0,1139.2,1168.0,268967
INNOVACAP,2026-10-05,1168.5,1193.0,1119.8,1145.4,102598
INNOVANA,2026-09-28,305.15,305.15,283.1,289.65,65952
INNOVANA,2026-09-29,295.8,299.75,285.0,291.5,31625
INNOVANA,2026-09-30,296.1,296.1,286.05,292.55,25036
INNOVANA,2026-10-01,298.0,298.0,279.2,290.2,25514
INNOVANA,2026-10-05,292.85,304.85,287.55,302.3,27710
INNOVISION,2026-09-28,252.4,254.8,251.4,251.7,8385
INNOVISION,2026-09-29,251.7,255.0,251.5,253.7,4268
INNOVISION,2026-09-30,253.25,255.65,251.2,252.0,6614
INNOVISION,2026-10-01,250.45,256.2,250.35,253.0,21262
INNOVISION,2026-10-05,258.0,258.0,248.0,254.25,15235
INOXGREEN,2026-09-29,170.0,171.0,162.8,163.96,2050781
INOXGREEN,2026-09-30,164.79,166.82,160.0,161.07,413754
INOXGREEN,2026-10-01,161.49,163.73,155.36,159.0,980980
INOXGREEN,2026-10-02,159.0,159.0,159.0,159.0,0
INOXGREEN,2026-10-05,159.0,160.0,147.65,149.95,3846331
INOXINDIA,2026-09-29,2056.5,2092.3999,2032.2,2070.3999,363480
INOXINDIA,2026-09-30,2087.2,2099.0,2040.1,2052.5,179897
INOXINDIA,2026-10-01,2052.5,2183.0,2013.2,2168.3,629630
INOXINDIA,2026-10-02,2168.3,2168.3,2168.3,2168.3,0
INOXINDIA,2026-10-05,2170.0,2202.2,2074.8999,2089.1001,300602
INOXWIND,2026-09-29,72.0,73.04,70.57,71.5,8301480
INOXWIND,2026-09-30,72.0,72.93,69.51,69.51,9235114
INOXWIND,2026-10-01,69.4,70.1,67.1,68.75,9972133
INOXWIND,2026-10-02,68.75,68.75,68.75,68.75,0
INOXWIND,2026-10-05,69.0,69.88,67.6,67.8,5978012
INSECTICID,2026-09-28,597.65,603.7,594.0,598.35,6315
INSECTICID,2026-09-29,600.1,600.1,580.5,588.9,13561
INSECTICID,2026-09-30,585.1,599.2,581.05,584.3,7085
INSECTICID,2026-10-01,581.4,587.85,561.05,568.7,17552
INSECTICID,2026-10-05,578.85,593.45,566.15,578.8,15020
INSPIRE,2026-09-25,9.0,9.0,9.0,9.0,0
INSPIRE,2026-09-28,9.0,9.0,9.0,9.0,0
INSPIRE,2026-09-29,9.0,9.0,9.0,9.0,0
INSPIRE,2026-09-30,9.0,9.0,9.0,9.0,0
INSPIRE,2026-10-01,9.45,9.45,9.45,9.45,6000
INSPIRISYS,2026-09-28,92.0,92.0,84.71,84.99,12501
INSPIRISYS,2026-09-29,85.49,87.99,84.51,85.92,5984
INSPIRISYS,2026-09-30,84.22,90.0,84.22,87.16,5963
INSPIRISYS,2026-10-01,87.0,87.98,83.0,83.83,5889
INSPIRISYS,2026-10-05,84.0,85.79,83.0,83.02,5653
INTELLECT,2026-09-29,628.6,629.9,609.4,613.25,262246
INTELLECT,2026-09-30,614.0,634.2,609.0,613.65,457036
INTELLECT,2026-10-01,612.7,618.9,593.2,610.95,271796
INTELLECT,2026-10-02,610.95,610.95,610.95,610.95,0
INTELLECT,2026-10-05,619.0,619.0,593.65,600.2,306571
INTENTECH,2026-09-28,86.87,86.87,82.9,83.05,15669
INTENTECH,2026-09-29,81.25,82.98,81.25,82.63,4813
INTENTECH,2026-09-30,81.6,86.5,81.6,84.46,18698
INTENTECH,2026-10-01,84.21,84.46,81.25,81.98,19209
INTENTECH,2026-10-05,81.56,81.56,80.0,80.58,19297
INTERARCH,2026-09-28,1736.9,1759.5,1695.6,1706.2,84336
INTERARCH,2026-09-29,1718.6,1718.6,1678.7,1690.2,24515
INTERARCH,2026-09-30,1705.9,1713.5,1670.0,1673.4,34454
INTERARCH,2026-10-01,1712.9,1712.9,1641.2,1666.9,61235
INTERARCH,2026-10-05,1664.6,1685.1,1641.6,1661.7,35882
INTLCONV,2026-09-28,81.99,81.99,79.8,79.9,38032
INTLCONV,2026-09-29,79.9,80.86,79.9,80.0,35739
INTLCONV,2026-09-30,78.6,81.09,78.4,80.01,28672
INTLCONV,2026-10-01,80.5,80.82,79.9,80.03,43975
INTLCONV,2026-10-05,82.3,82.3,80.0,80.06,34181
INVENTURE,2026-09-28,0.88,0.89,0.87,0.87,466988
INVENTURE,2026-09-29,0.87,0.87,0.85,0.86,1105528
INVENTURE,2026-09-30,0.86,0.88,0.86,0.86,476101
INVENTURE,2026-10-01,0.86,0.87,0.85,0.85,399389
INVENTURE,2026-10-05,0.86,0.86,0.85,0.85,449348
INVPRECQ,2026-09-28,1480.0,1550.0,1406.6,1501.5,11941
INVPRECQ,2026-09-29,1543.6,1543.6,1450.0,1521.2,7980
INVPRECQ,2026-09-30,1550.0,1560.0,1480.1,1536.7,3316
INVPRECQ,2026-10-01,1573.0,1602.0,1510.0,1595.2,8077
INVPRECQ,2026-10-05,1639.0,1651.0,1580.1,1612.1,4896
IOB,2026-09-28,31.97,32.1,31.22,31.74,3114292
IOB,2026-09-29,31.74,31.98,30.51,30.95,15845308
IOB,2026-09-30,31.0,31.54,30.8,30.96,2518317
IOB,2026-10-01,30.66,30.83,30.07,30.38,2774243
IOB,2026-10-05,30.5,31.9,30.5,31.35,4687652
IOC,2026-09-29,133.32,134.31,131.02,131.33,10116269
IOC,2026-09-30,133.3,135.99,133.14,134.93,9545086
IOC,2026-10-01,134.0,134.1,131.2,131.34,12239747
IOC,2026-10-02,131.34,131.34,131.34,131.34,0
IOC,2026-10-05,132.48,134.35,129.8,130.5,9644919
IOLCP,2026-09-29,196.25,202.75,196.24,201.48,1550901
IOLCP,2026-09-30,202.6,211.6,202.51,207.08,3390524
IOLCP,2026-10-01,206.0,213.69,202.57,209.39,4041973
IOLCP,2026-10-02,209.39,209.39,209.39,209.39,0
IOLCP,2026-10-05,211.48,214.4,204.35,205.71,2946260
IONEXCHANG,2026-09-29,420.4,424.05,406.35,410.2,190265
IONEXCHANG,2026-09-30,411.9,414.5,403.6,411.15,230496
IONEXCHANG,2026-10-01,413.5,413.5,393.95,406.4,219266
IONEXCHANG,2026-10-02,406.4,406.4,406.4,406.4,0
IONEXCHANG,2026-10-05,405.05,410.0,397.1,401.75,203327
IPCALAB,2026-09-28,1956.0,1972.9,1902.3,1919.3,170123
IPCALAB,2026-09-29,1919.7,1980.0,1919.7,1938.1,246042
IPCALAB,2026-09-30,1950.3,1984.9,1916.4,1927.0,312460
IPCALAB,2026-10-01,1929.9,1966.8,1880.8,1943.2,323967
IPCALAB,2026-10-05,1973.7,1984.9,1930.3,1951.3,210605
IPL,2026-09-28,133.9,133.9,131.0,131.56,119058
IPL,2026-09-29,131.8,133.85,128.05,133.12,241268
IPL,2026-09-30,133.0,135.0,131.1,132.72,140290
IPL,2026-10-01,131.5,132.48,128.25,130.68,173318
IPL,2026-10-05,132.0,132.0,128.1,128.75,167597
IPRINGLTD,2026-09-28,140.25,140.25,135.25,136.17,591
IPRINGLTD,2026-09-29,135.99,144.14,135.1,136.13,2024
IPRINGLTD,2026-09-30,144.0,147.99,142.0,145.03,3198
IPRINGLTD,2026-10-01,142.13,142.13,140.2,141.95,66
IPRINGLTD,2026-10-05,135.05,144.0,135.0,137.15,1997
IPSL,2026-09-28,215.0,215.0,215.0,215.0,0
IPSL,2026-09-29,215.0,215.0,215.0,215.0,0
IPSL,2026-09-30,180.0,229.0,175.35,185.9,7500
IPSL,2026-10-01,185.9,185.9,185.9,185.9,0
IPSL,2026-10-02,185.9,185.9,185.9,185.9,0
IRB,2026-09-29,17.12,17.12,16.75,16.98,14681424
IRB,2026-09-30,16.98,17.57,16.92,17.49,15971102
IRB,2026-10-01,17.2,17.2,16.82,17.0,10838420
IRB,2026-10-02,17.0,17.0,17.0,17.0,0
IRB,2026-10-05,17.05,17.3,16.8,16.87,10276300
IRBINVIT,2026-09-25,64.5,64.99,64.5,64.62,405546
IRBINVIT,2026-09-28,64.83,64.83,64.27,64.33,333091
IRBINVIT,2026-09-29,64.35,64.6,64.0,64.17,520170
IRBINVIT,2026-09-30,64.4,64.4,64.1,64.22,680583
IRBINVIT,2026-10-01,64.25,64.25,63.6,63.8,666073
IRCON,2026-09-28,105.95,105.95,102.82,103.25,1970376
IRCON,2026-09-29,103.0,104.4,101.6,102.47,1966663
IRCON,2026-09-30,102.8,122.96,102.8,117.09,76654100
IRCON,2026-10-01,114.0,114.4,108.5,110.25,20851568
IRCON,2026-10-05,110.25,111.11,106.25,106.88,4100413
IRCTC,2026-09-29,454.0,456.0,448.55,452.55,645641
IRCTC,2026-09-30,452.55,467.35,452.55,455.4,829734
IRCTC,2026-10-01,454.8,466.25,446.8,454.1,1528758
IRCTC,2026-10-02,454.1,454.1,454.1,454.1,0
IRCTC,2026-10-05,454.15,464.6,448.05,452.8,1583641
IREDA,2026-09-29,114.82,116.54,111.0,111.0,8686276
IREDA,2026-09-30,111.7,113.84,111.37,111.68,3872732
IREDA,2026-10-01,111.5,111.86,108.53,111.0,5290233
IREDA,2026-10-02,111.0,111.0,111.0,111.0,0
IREDA,2026-10-05,111.68,111.86,108.5,109.0,4155590
IRFC,2026-09-29,78.7,80.26,77.07,80.26,15747317
IRFC,2026-09-30,78.6,81.5,78.41,79.28,38110222
IRFC,2026-10-01,78.7,78.92,76.51,77.06,12764829
IRFC,2026-10-02,77.06,77.06,77.06,77.06,0
IRFC,2026-10-05,78.0,78.1,76.06,76.5,8816833
IRIS,2026-09-28,235.94,235.94,225.99,226.57,19084
IRIS,2026-09-29,228.94,234.85,223.0,230.23,26828
IRIS,2026-09-30,234.92,234.99,222.0,223.38,9220
IRIS,2026-10-01,228.6,229.9,222.0,225.1,11672
IRIS,2026-10-05,225.1,227.13,219.11,220.46,5596
IRISDOREME,2026-09-28,66.9,66.9,62.41,62.78,364784
IRISDOREME,2026-09-29,63.0,66.17,62.11,62.8,537555
IRISDOREME,2026-09-30,62.8,63.48,61.0,61.55,155703
IRISDOREME,2026-10-01,61.55,63.0,59.23,60.46,180441
IRISDOREME,2026-10-05,62.0,62.0,57.72,59.69,439369
IRMENERGY,2026-09-29,261.65,269.0,259.05,267.25,96668
IRMENERGY,2026-09-30,263.25,272.1,263.25,264.45,32502
IRMENERGY,2026-10-01,263.5,263.7,253.05,257.7,60300
IRMENERGY,2026-10-02,257.7,257.7,257.7,257.7,0
IRMENERGY,2026-10-05,260.9,264.8,256.8,259.5,47444
ISFT,2026-09-28,98.79,98.79,93.86,96.29,25787
ISFT,2026-09-29,95.1,101.1,91.48,100.11,19117
ISFT,2026-09-30,101.61,101.84,95.11,95.86,9354
ISFT,2026-10-01,93.5,99.1,93.5,97.91,19725
ISFT,2026-10-05,97.91,101.0,93.5,99.82,10417
ISGEC,2026-09-29,890.0,890.0,872.2,880.1,49547
ISGEC,2026-09-30,880.25,893.5,871.2,883.1,77493
ISGEC,2026-10-01,879.6,929.9,865.55,919.7,203704
ISGEC,2026-10-02,919.7,919.7,919.7,919.7,0
ISGEC,2026-10-05,924.45,926.1,892.4,899.3,88849
ISHAN,2026-09-25,0.5,0.5,0.5,0.5,0
ISHAN,2026-09-28,0.5,0.5,0.5,0.5,48000
ISHAN,2026-09-29,0.5,0.5,0.5,0.5,0
ISHAN,2026-09-30,0.45,0.5,0.45,0.5,144000
ISHAN,2026-10-01,0.45,0.45,0.45,0.45,48000
ISHANCH,2026-09-28,50.22,52.9,48.64,50.07,4229
ISHANCH,2026-09-29,48.05,50.81,46.5,47.35,19242
ISHANCH,2026-09-30,47.35,49.69,46.26,47.82,48457
ISHANCH,2026-10-01,48.02,48.98,46.2,47.3,16306
ISHANCH,2026-10-05,48.89,48.89,45.72,47.39,4869
ISTLTD,2026-09-28,661.0,661.0,631.05,639.6,959
ISTLTD,2026-09-29,635.05,655.0,635.0,640.0,171
ISTLTD,2026-09-30,655.0,665.0,620.0,642.9,458
ISTLTD,2026-10-01,642.9,646.0,625.1,635.0,857
ISTLTD,2026-10-05,635.0,640.0,585.0,610.5,1474
ITALIANE,2026-09-25,31.0,31.0,31.0,31.0,2000
ITALIANE,2026-09-28,29.9,30.3,29.9,30.3,4000
ITALIANE,2026-09-29,30.5,30.5,30.5,30.5,2000
ITALIANE,2026-09-30,30.5,30.5,30.5,30.5,0
ITALIANE,2026-10-01,29.15,29.2,29.15,29.2,8000
ITC,2026-09-29,265.45,266.75,263.3,265.1,14419948
ITC,2026-09-30,265.0,266.9,261.4,262.75,14079098
ITC,2026-10-01,262.7,262.7,254.65,255.9,16447266
ITC,2026-10-02,255.9,255.9,255.9,255.9,0
ITC,2026-10-05,260.95,269.8,259.0,268.9,49020716
ITCHOTELS,2026-09-29,158.02,162.0,156.33,160.53,1965803
ITCHOTELS,2026-09-30,161.7,164.9,160.25,164.13,1550628
ITCHOTELS,2026-10-01,163.2,163.3,157.05,158.51,2346443
ITCHOTELS,2026-10-02,158.51,158.51,158.51,158.51,0
ITCHOTELS,2026-10-05,159.8,160.8,158.11,158.96,922569
ITDC,2026-09-28,677.55,677.95,660.05,662.5,60121
ITDC,2026-09-29,662.5,670.85,645.55,657.15,96658
ITDC,2026-09-30,660.0,728.0,656.1,687.65,4549325
ITDC,2026-10-01,676.5,678.7,660.65,665.6,162183
ITDC,2026-10-05,667.8,682.0,660.0,664.8,143154
ITI,2026-09-29,245.9,247.65,240.1,243.4,179421
ITI,2026-09-30,242.6,261.9,242.25,246.4,1068588
ITI,2026-10-01,244.8,245.8,238.13,241.54,157624
ITI,2026-10-02,241.54,241.54,241.54,241.54,0
ITI,2026-10-05,241.7,245.49,238.55,240.75,171192
ITL,2026-09-28,366.2,366.2,353.0,357.7,828
ITL,2026-09-29,361.6,361.6,343.05,353.0,2146
ITL,2026-09-30,356.5,356.5,347.05,351.2,665
ITL,2026-10-01,358.8,358.8,340.0,348.0,4106
ITL,2026-10-05,356.6,356.6,343.05,355.4,827
IVALUE,2026-09-28,227.02,228.01,214.82,219.21,106937
IVALUE,2026-09-29,218.47,228.4,215.82,224.61,118885
IVALUE,2026-09-30,225.9,228.1,220.25,222.76,66924
IVALUE,2026-10-01,222.0,230.0,216.5,219.28,195136
IVALUE,2026-10-05,221.69,232.0,221.47,228.29,215545
IVC,2026-09-28,7.95,7.95,7.73,7.81,99891
IVC,2026-09-29,7.88,7.9,7.62,7.68,134792
IVC,2026-09-30,7.71,8.18,7.71,7.8,469057
IVC,2026-10-01,8.08,8.08,7.66,7.81,348348
IVC,2026-10-05,8.05,8.18,7.8,7.85,238985
IVP,2026-09-28,229.8,232.0,227.5,229.16,7850
IVP,2026-09-29,228.15,228.15,222.93,226.08,6529
IVP,2026-09-30,228.55,228.9,222.1,225.91,9312
IVP,2026-10-01,220.2,228.0,215.5,224.81,10427
IVP,2026-10-05,225.05,231.99,216.32,219.17,22928
IWP,2026-09-29,39.95,42.4,34.36,36.88,466683
IWP,2026-09-30,38.34,38.65,36.41,37.52,82945
IWP,2026-10-01,38.4,38.4,34.82,36.46,33434
IWP,2026-10-02,36.46,36.46,36.46,36.46,0
IWP,2026-10-05,36.46,40.83,35.01,38.73,94608
IXIGO,2026-09-28,156.0,158.0,154.05,155.08,770370
IXIGO,2026-09-29,155.16,160.5,152.51,160.24,643712
IXIGO,2026-09-30,160.24,164.21,159.51,162.89,842850
IXIGO,2026-10-01,163.0,163.03,159.36,161.9,665583
IXIGO,2026-10-05,162.0,165.51,159.71,161.0,744965
IZMO,2026-09-28,901.2,905.0,871.0,873.55,60613
IZMO,2026-09-29,879.0,902.9,873.6,888.2,57013
IZMO,2026-09-30,895.0,909.8,870.1,874.8,82671
IZMO,2026-10-01,889.95,889.95,832.6,855.95,79046
IZMO,2026-10-05,859.95,894.45,850.1,870.7,89447
J&KBANK,2026-09-28,145.51,145.88,142.0,142.25,1442913
J&KBANK,2026-09-29,142.63,143.64,138.0,138.52,2354937
J&KBANK,2026-09-30,139.0,142.26,138.0,138.65,1592541
J&KBANK,2026-10-01,138.4,143.06,136.8,139.98,3955477
J&KBANK,2026-10-05,141.38,143.46,139.83,141.53,3522552
JAGRAN,2026-09-28,62.65,62.66,61.85,62.05,125821
JAGRAN,2026-09-29,62.23,62.4,61.3,62.01,151788
JAGRAN,2026-09-30,62.05,62.99,62.0,62.3,103134
JAGRAN,2026-10-01,61.46,61.84,61.2,61.55,207076
JAGRAN,2026-10-05,61.55,62.0,61.11,61.33,134872
JAGSNPHARM,2026-09-28,241.76,246.53,237.11,241.02,452117
JAGSNPHARM,2026-09-29,239.02,240.87,232.3,234.71,93102
JAGSNPHARM,2026-09-30,237.99,246.0,232.0,237.74,282625
JAGSNPHARM,2026-10-01,237.74,238.01,225.46,231.73,144354
JAGSNPHARM,2026-10-05,232.49,235.39,227.0,229.47,146699
JAIBALAJI,2026-09-28,64.6,65.49,63.1,63.51,376888
JAIBALAJI,2026-09-29,63.55,64.36,62.05,63.35,338779
JAIBALAJI,2026-09-30,64.18,65.0,62.0,62.24,275374
JAIBALAJI,2026-10-01,62.51,62.58,60.33,61.72,504237
JAIBALAJI,2026-10-05,63.37,63.37,59.51,61.12,375785
JAICORPLTD,2026-09-29,92.49,92.49,89.64,91.8,253730
JAICORPLTD,2026-09-30,91.8,93.63,91.3,91.69,201178
JAICORPLTD,2026-10-01,91.4,91.4,87.6,89.54,304700
JAICORPLTD,2026-10-02,89.54,89.54,89.54,89.54,0
JAICORPLTD,2026-10-05,88.2,90.39,87.51,88.49,333789
JAINAM,2026-09-28,209.0,212.0,208.0,212.0,2500
JAINAM,2026-09-29,201.5,201.5,201.5,201.5,1000
JAINAM,2026-09-30,201.5,201.5,201.5,201.5,0
JAINAM,2026-10-01,201.5,201.5,201.5,201.5,0
JAINAM,2026-10-02,201.5,201.5,201.5,201.5,0
JAINREC,2026-09-28,285.45,286.6,280.15,281.75,413232
JAINREC,2026-09-29,282.0,294.45,277.1,287.65,1712900
JAINREC,2026-09-30,286.9,293.85,283.05,292.35,924581
JAINREC,2026-10-01,289.85,290.85,278.65,282.5,784762
JAINREC,2026-10-05,285.6,292.75,282.5,290.45,699536
JAIPURKURT,2026-09-28,25.74,25.87,24.41,25.48,15579
JAIPURKURT,2026-09-29,25.0,26.0,24.61,25.86,4946
JAIPURKURT,2026-09-30,27.0,27.0,25.02,26.69,48210
JAIPURKURT,2026-10-01,27.0,27.0,25.5,26.49,10275
JAIPURKURT,2026-10-05,27.0,27.0,25.59,26.01,9493
JALAN,2026-09-25,1.7,1.7,1.7,1.7,6000
JALAN,2026-09-28,1.75,1.75,1.7,1.75,6000
JALAN,2026-09-29,1.7,1.7,1.7,1.7,3000
JALAN,2026-09-30,1.65,1.65,1.65,1.65,6000
JALAN,2026-10-01,1.65,1.65,1.65,1.65,6000
JAMNAAUTO,2026-09-28,138.2,141.0,134.99,139.68,3679842
JAMNAAUTO,2026-09-29,139.4,139.4,134.91,136.27,1537760
JAMNAAUTO,2026-09-30,136.35,141.75,135.7,136.35,2575110
JAMNAAUTO,2026-10-01,136.35,136.4,128.41,131.66,1577845
JAMNAAUTO,2026-10-05,132.51,134.88,131.71,134.45,1040621
JARO,2026-09-28,445.0,445.05,422.0,423.4,117174
JARO,2026-09-29,423.0,428.3,418.5,421.55,88930
JARO,2026-09-30,421.55,427.65,419.0,420.1,91420
JARO,2026-10-01,420.0,420.85,403.4,408.4,99816
JARO,2026-10-05,414.3,414.3,401.15,405.15,103783
JASH,2026-09-29,591.05,602.8,583.0,598.4,588225
JASH,2026-09-30,600.0,619.4,585.15,591.65,838814
JASH,2026-10-01,591.45,591.45,560.1,576.3,408620
JASH,2026-10-02,576.3,576.3,576.3,576.3,0
JASH,2026-10-05,582.0,605.0,581.0,598.1,495530
JAYAGROGN,2026-09-28,234.11,234.39,227.25,230.42,8571
JAYAGROGN,2026-09-29,231.2,233.48,223.0,225.44,23666
JAYAGROGN,2026-09-30,224.77,226.14,222.7,223.18,7967
JAYAGROGN,2026-10-01,222.4,222.78,209.88,211.22,68473
JAYAGROGN,2026-10-05,213.6,218.38,210.25,211.82,11264
JAYBARMARU,2026-09-28,122.6,123.8,119.02,122.52,415170
JAYBARMARU,2026-09-29,123.5,127.9,120.61,124.6,649558
JAYBARMARU,2026-09-30,125.95,129.4,123.67,128.39,660716
JAYBARMARU,2026-10-01,128.5,132.0,124.77,130.8,746037
JAYBARMARU,2026-10-05,133.0,133.0,127.1,127.98,323573
JAYKAY,2026-09-28,204.95,211.49,201.78,203.81,696840
JAYKAY,2026-09-29,208.0,209.99,197.0,205.01,572922
JAYKAY,2026-09-30,206.05,214.9,204.1,204.93,641565
JAYKAY,2026-10-01,204.78,209.95,198.3,201.46,437158
JAYKAY,2026-10-05,203.45,230.0,203.45,221.97,5652526
JAYNECOIND,2026-09-28,88.0,89.13,86.8,87.98,2239053
JAYNECOIND,2026-09-29,87.2,94.4,86.77,92.66,5809490
JAYNECOIND,2026-09-30,93.7,96.38,92.0,92.79,5628555
JAYNECOIND,2026-10-01,92.51,92.95,89.01,91.28,3192474
JAYNECOIND,2026-10-05,91.1,93.39,90.0,91.0,2941585
JAYSREETEA,2026-09-29,86.8,87.95,85.0,85.75,36212
JAYSREETEA,2026-09-30,86.25,89.55,85.01,85.74,32813
JAYSREETEA,2026-10-01,85.5,86.89,82.7,83.65,30269
JAYSREETEA,2026-10-02,83.65,83.65,83.65,83.65,0
JAYSREETEA,2026-10-05,84.95,85.0,81.61,82.7,35363
JBMA,2026-09-28,586.05,586.35,568.75,571.05,131363
JBMA,2026-09-29,571.05,576.35,561.0,563.15,211192
JBMA,2026-09-30,568.95,572.7,552.0,556.5,234314
JBMA,2026-10-01,551.75,555.3,533.95,544.65,403885
JBMA,2026-10-05,550.0,557.0,540.6,544.55,186096
JENBURPH,2026-09-29,926.1,954.0,919.1,924.0,2829
JENBURPH,2026-09-30,930.0,944.0,911.2,914.6,2329
JENBURPH,2026-10-01,925.1,944.8,910.0,915.25,3262
JENBURPH,2026-10-02,915.25,915.25,915.25,915.25,0
JENBURPH,2026-10-05,919.9,934.0,897.25,900.4,1262
JETFREIGHT,2026-09-28,20.9,21.77,20.9,21.01,151191
JETFREIGHT,2026-09-29,21.45,21.78,20.51,20.63,289665
JETFREIGHT,2026-09-30,20.32,21.25,20.32,20.74,93418
JETFREIGHT,2026-10-01,20.94,20.97,19.1,19.59,232005
JETFREIGHT,2026-10-05,19.94,20.25,19.07,19.85,184688
JFLLIFE,2026-09-25,9.9,10.35,9.9,10.35,18000
JFLLIFE,2026-09-28,10.35,10.35,10.35,10.35,6000
JFLLIFE,2026-09-29,10.05,10.05,9.85,10.0,102000
JFLLIFE,2026-09-30,10.0,10.0,9.85,10.0,48000
JFLLIFE,2026-10-01,10.0,10.0,10.0,10.0,6000
JGCHEM,2026-09-29,624.95,667.2,611.05,658.65,1558962
JGCHEM,2026-09-30,671.55,688.0,617.5,645.1,1421545
JGCHEM,2026-10-01,634.8,637.7,590.1,610.3,792128
JGCHEM,2026-10-02,610.3,610.3,610.3,610.3,0
JGCHEM,2026-10-05,610.9,628.75,605.0,609.65,297878
JHS,2026-09-28,8.54,8.89,8.3,8.81,160235
JHS,2026-09-29,8.99,10.57,8.58,10.38,2324625
JHS,2026-09-30,11.4,12.45,11.0,12.45,2836786
JHS,2026-10-01,13.47,13.69,11.22,11.7,4065094
JHS,2026-10-05,11.89,12.15,10.53,10.53,1114692
JINDALPHOT,2026-09-28,1041.0,1085.0,1041.0,1051.0,1678
JINDALPHOT,2026-09-29,1047.1,1054.9,1040.4,1043.4,1109
JINDALPHOT,2026-09-30,1040.4,1067.0,1031.0,1040.5,939
JINDALPHOT,2026-10-01,1040.5,1052.8,1025.1,1031.8,779
JINDALPHOT,2026-10-05,1020.4,1059.7,1020.4,1024.7,875
JINDALPOLY,2026-09-28,695.0,704.0,675.0,679.65,10293
JINDALPOLY,2026-09-29,679.95,685.35,667.05,675.3,10340
JINDALPOLY,2026-09-30,681.5,688.55,670.0,672.55,5648
JINDALPOLY,2026-10-01,664.2,673.1,637.0,653.7,15020
JINDALPOLY,2026-10-05,653.7,664.9,636.0,641.6,14354
JINDALSAW,2026-09-28,282.55,283.55,275.25,276.15,1099233
JINDALSAW,2026-09-29,277.6,279.9,272.3,277.7,904937
JINDALSAW,2026-09-30,277.3,282.05,274.35,277.7,1224272
JINDALSAW,2026-10-01,274.7,274.8,260.6,270.3,2164459
JINDALSAW,2026-10-05,270.05,277.4,270.05,275.0,1309022
JINDALSTEL,2026-09-29,1137.5,1149.0,1126.9,1130.0,760609
JINDALSTEL,2026-09-30,1130.0,1144.3,1124.6,1134.9,1535849
JINDALSTEL,2026-10-01,1130.5,1132.7,1079.0,1100.5,862948
JINDALSTEL,2026-10-02,1100.5,1100.5,1100.5,1100.5,0
JINDALSTEL,2026-10-05,1101.1,1115.8,1086.7,1097.3,444005
JINDRILL,2026-09-28,586.7,643.95,579.3,624.15,7024748
JINDRILL,2026-09-29,620.9,620.9,596.4,599.95,389254
JINDRILL,2026-09-30,599.9,612.4,595.35,600.6,191699
JINDRILL,2026-10-01,595.9,595.9,575.65,587.65,168192
JINDRILL,2026-10-05,587.65,593.9,583.15,585.95,99604
JINDWORLD,2026-09-29,48.77,48.77,46.52,47.07,3110654
JINDWORLD,2026-09-30,47.6,47.97,46.26,46.54,2793369
JINDWORLD,2026-10-01,46.33,46.64,44.32,45.82,2785205
JINDWORLD,2026-10-02,45.82,45.82,45.82,45.82,0
JINDWORLD,2026-10-05,46.45,47.2,45.1,45.37,2517504
JIOFIN,2026-09-29,220.5,220.5,215.36,217.56,17125032
JIOFIN,2026-09-30,218.0,220.39,215.64,216.88,14305215
JIOFIN,2026-10-01,216.0,216.2,208.5,212.5,28082023
JIOFIN,2026-10-02,212.5,212.5,212.5,212.5,0
JIOFIN,2026-10-05,213.85,213.99,210.52,212.0,16101981
JISLDVREQS,2026-09-28,19.85,20.49,19.54,19.8,20539
JISLDVREQS,2026-09-29,19.37,19.93,19.01,19.46,15311
JISLDVREQS,2026-09-30,19.5,19.98,19.01,19.14,9109
JISLDVREQS,2026-10-01,19.0,19.67,18.4,18.71,20071
JISLDVREQS,2026-10-05,18.7,19.5,18.53,18.89,6745
JISLJALEQS,2026-09-29,28.77,29.17,28.3,28.97,1693123
JISLJALEQS,2026-09-30,28.93,29.3,27.75,27.93,1648888
JISLJALEQS,2026-10-01,27.89,27.89,27.01,27.3,1630361
JISLJALEQS,2026-10-02,27.3,27.3,27.3,27.3,0
JISLJALEQS,2026-10-05,27.45,27.83,26.7,26.81,1197115
JITFINFRA,2026-09-28,279.5,289.5,271.1,284.15,13090
JITFINFRA,2026-09-29,284.9,285.95,275.0,277.15,11547
JITFINFRA,2026-09-30,288.4,288.4,275.6,278.8,21653
JITFINFRA,2026-10-01,280.45,288.0,263.55,275.45,33140
JITFINFRA,2026-10-05,270.6,277.9,260.6,266.5,23421
JIWANRAM,2026-09-28,4.4,4.4,4.4,4.4,0
JIWANRAM,2026-09-29,4.4,4.4,4.4,4.4,0
JIWANRAM,2026-09-30,4.4,4.4,4.4,4.4,0
JIWANRAM,2026-10-01,4.4,4.4,4.4,4.4,0
JIWANRAM,2026-10-02,4.4,4.4,4.4,4.4,0
JKCEMENT,2026-09-28,4975.0,5050.0,4954.5,4993.5,13802
JKCEMENT,2026-09-29,4993.5,4993.5,4810.5,4824.5,29444
JKCEMENT,2026-09-30,4848.0,5117.0,4848.0,5076.0,106778
JKCEMENT,2026-10-01,4986.0,5037.5,4891.0,4952.0,335492
JKCEMENT,2026-10-05,4983.0,5014.5,4903.5,4981.5,9705
JKIL,2026-09-28,473.55,475.75,460.0,461.25,42047
JKIL,2026-09-29,461.9,462.25,450.0,451.4,54972
JKIL,2026-09-30,452.5,471.0,452.0,463.3,98451
JKIL,2026-10-01,457.9,465.75,442.0,461.85,85893
JKIL,2026-10-05,465.9,465.9,450.3,453.7,44272
JKIPL,2026-09-28,100.7,100.7,95.2,97.41,7742
JKIPL,2026-09-29,95.46,98.07,95.05,97.69,2440
JKIPL,2026-09-30,96.05,100.5,96.0,97.7,3154
JKIPL,2026-10-01,96.0,98.8,94.25,96.51,10633
JKIPL,2026-10-05,96.0,98.5,94.01,95.13,3783
JKLAKSHMI,2026-09-29,493.45,493.45,482.05,490.15,450744
JKLAKSHMI,2026-09-30,490.05,498.75,488.1,492.3,104189
JKLAKSHMI,2026-10-01,490.0,491.15,471.6,476.6,290321
JKLAKSHMI,2026-10-02,476.6,476.6,476.6,476.6,0
JKLAKSHMI,2026-10-05,477.0,481.3,465.0,466.8,237436
JKPAPER,2026-09-28,408.0,408.0,397.2,398.15,174854
JKPAPER,2026-09-29,398.2,403.9,388.35,391.35,252465
JKPAPER,2026-09-30,394.6,399.45,391.0,393.7,294026
JKPAPER,2026-10-01,392.0,393.2,376.0,382.6,365209
JKPAPER,2026-10-05,382.6,390.55,380.05,385.65,164423
JKTYRE,2026-09-28,343.95,343.95,337.1,337.8,385055
JKTYRE,2026-09-29,338.8,340.25,333.1,334.8,481192
JKTYRE,2026-09-30,337.0,349.0,337.0,347.0,1039519
JKTYRE,2026-10-01,346.05,346.05,334.2,340.35,487795
JKTYRE,2026-10-05,341.1,345.75,336.55,338.85,571325
JLHL,2026-09-28,267.0,267.25,258.75,263.85,179737
JLHL,2026-09-29,263.7,264.8,254.2,262.05,1466095
JLHL,2026-09-30,262.05,263.05,251.5,253.6,384611
JLHL,2026-10-01,253.6,261.9,248.6,259.85,143186
JLHL,2026-10-05,258.55,263.85,248.85,253.9,495948
JMA,2026-09-28,88.2,89.69,85.5,87.81,8631
JMA,2026-09-29,88.97,90.5,85.34,89.34,7272
JMA,2026-09-30,89.1,91.34,87.06,89.6,7776
JMA,2026-10-01,89.6,89.6,87.2,87.64,7446
JMA,2026-10-05,86.26,89.6,86.26,87.07,3845
JMFINANCIL,2026-09-29,124.1,126.7,123.19,125.78,2566558
JMFINANCIL,2026-09-30,125.25,129.65,125.25,129.02,2299895
JMFINANCIL,2026-10-01,128.8,128.8,122.44,123.4,1953202
JMFINANCIL,2026-10-02,123.4,123.4,123.4,123.4,0
JMFINANCIL,2026-10-05,125.0,126.37,122.7,123.1,1028560
JNKINDIA,2026-09-29,422.85,464.0,413.7,451.75,713779
JNKINDIA,2026-09-30,459.95,462.9,434.8,438.2,239632
JNKINDIA,2026-10-01,440.0,441.6,416.5,432.7,180043
JNKINDIA,2026-10-02,432.7,432.7,432.7,432.7,0
JNKINDIA,2026-10-05,432.7,446.65,430.45,432.2,70571
JNPR,2026-09-28,267.55,275.15,261.95,269.95,1111652
JNPR,2026-09-29,265.0,275.0,263.25,272.3,899121
JNPR,2026-09-30,270.5,282.75,269.85,273.3,1056639
JNPR,2026-10-01,273.3,276.15,263.0,268.25,469197
JNPR,2026-10-05,270.9,280.9,269.0,271.3,1216951
JOCIL,2026-09-29,146.4,148.47,143.1,145.17,1114
JOCIL,2026-09-30,162.0,162.0,146.0,146.86,5784
JOCIL,2026-10-01,151.9,151.9,144.38,145.22,952
JOCIL,2026-10-02,145.22,145.22,145.22,145.22,0
JOCIL,2026-10-05,149.99,149.99,145.65,147.84,2559
JPOLYINVST,2026-09-29,927.8,976.9,909.1,950.0,6912
JPOLYINVST,2026-09-30,950.0,959.5,930.05,933.4,1705
JPOLYINVST,2026-10-01,938.3,941.95,902.55,911.0,5263
JPOLYINVST,2026-10-02,911.0,911.0,911.0,911.0,0
JPOLYINVST,2026-10-05,900.0,925.0,885.0,891.2,5572
JPPOWER,2026-09-29,15.55,15.62,15.15,15.26,34858936
JPPOWER,2026-09-30,15.25,15.58,15.0,15.13,29140693
JPPOWER,2026-10-01,15.05,15.15,14.61,14.8,41402005
JPPOWER,2026-10-02,14.8,14.8,14.8,14.8,0
JPPOWER,2026-10-05,15.0,15.1,14.86,14.91,31282813
JSFB,2026-09-29,500.0,506.65,486.95,503.7,605661
JSFB,2026-09-30,506.0,509.0,486.0,489.3,428503
JSFB,2026-10-01,488.0,493.15,465.7,482.4,795611
JSFB,2026-10-02,482.4,482.4,482.4,482.4,0
JSFB,2026-10-05,487.45,501.85,483.25,498.6,673840
JSIPL,2026-09-29,153.14,153.14,153.14,153.14,238715
JSIPL,2026-09-30,159.99,160.79,157.73,160.79,902237
JSIPL,2026-10-01,166.9,168.82,164.01,168.82,282671
JSIPL,2026-10-02,168.82,168.82,168.82,168.82,0
JSIPL,2026-10-05,177.26,177.26,177.26,177.26,40204
JSL,2026-09-28,752.75,756.0,738.5,745.7,1278713
JSL,2026-09-29,746.9,750.0,726.0,738.3,614585
JSL,2026-09-30,735.7,749.85,733.0,747.4,860756
JSL,2026-10-01,736.1,745.4,728.35,732.7,764831
JSL,2026-10-05,735.0,747.0,728.9,742.0,393852
JSLL,2026-09-29,501.9,515.85,486.6,509.45,1183266
JSLL,2026-09-30,509.45,512.9,494.6,500.8,559788
JSLL,2026-10-01,500.0,502.0,474.0,480.8,905116
JSLL,2026-10-02,480.8,480.8,480.8,480.8,0
JSLL,2026-10-05,483.9,486.25,445.65,449.9,1610523
JSWCEMENT,2026-09-29,112.49,112.99,111.02,112.58,1286428
JSWCEMENT,2026-09-30,113.6,114.03,112.3,113.38,1945111
JSWCEMENT,2026-10-01,113.92,113.94,109.62,111.6,1956465
JSWCEMENT,2026-10-02,111.6,111.6,111.6,111.6,0
JSWCEMENT,2026-10-05,112.0,113.31,109.86,111.09,1631122
JSWDULUX,2026-09-28,3229.8999,3230.0,3149.7,3169.8,22945
JSWDULUX,2026-09-29,3169.8,3169.8,3005.2,3034.3999,187186
JSWDULUX,2026-09-30,3069.0,3091.3,3035.7,3079.0,14235
JSWDULUX,2026-10-01,3071.0,3071.0,2960.1001,3020.6001,22765
JSWDULUX,2026-10-05,3048.3999,3058.5,2928.8999,2964.8,48638
JSWENERGY,2026-09-29,495.0,501.15,489.1,501.15,1639218
JSWENERGY,2026-09-30,498.0,500.45,489.5,494.7,1797485
JSWENERGY,2026-10-01,493.0,493.0,475.1,485.0,1851516
JSWENERGY,2026-10-02,485.0,485.0,485.0,485.0,0
JSWENERGY,2026-10-05,485.85,491.8,483.25,491.8,1014257
JSWHL,2026-09-28,11265.0,11265.0,10913.0,11026.0,1311
JSWHL,2026-09-29,10920.0,11169.0,10881.0,11000.0,1807
JSWHL,2026-09-30,11000.0,11409.0,11000.0,11346.0,51678
JSWHL,2026-10-01,11293.0,11361.0,11130.0,11258.0,3211
JSWHL,2026-10-05,11205.0,11417.0,11108.0,11350.0,1708
JSWINFRA,2026-09-29,347.25,353.3,342.05,350.0,2469980
JSWINFRA,2026-09-30,352.0,358.5,348.7,356.6,2191121
JSWINFRA,2026-10-01,355.9,361.5,340.95,357.45,3430947
JSWINFRA,2026-10-02,357.45,357.45,357.45,357.45,0
JSWINFRA,2026-10-05,357.5,364.0,356.05,359.4,2349162
JSWSTEEL,2026-09-29,1260.7,1272.4,1246.6,1272.4,2499215
JSWSTEEL,2026-09-30,1272.4,1275.9,1253.4,1253.4,1329600
JSWSTEEL,2026-10-01,1253.0,1256.4,1214.8,1233.0,3158301
JSWSTEEL,2026-10-02,1233.0,1233.0,1233.0,1233.0,0
JSWSTEEL,2026-10-05,1233.0,1252.4,1228.7,1235.3,1047395
JTEKTINDIA,2026-09-29,116.55,117.76,114.2,115.84,66051
JTEKTINDIA,2026-09-30,115.84,117.3,115.84,116.58,54853
JTEKTINDIA,2026-10-01,116.8,117.8,114.7,115.84,131859
JTEKTINDIA,2026-10-02,115.84,115.84,115.84,115.84,0
JTEKTINDIA,2026-10-05,116.3,117.86,113.07,113.68,114675
JTLIND,2026-09-29,88.5,90.5,85.98,88.88,2186784
JTLIND,2026-09-30,88.99,91.11,87.8,88.28,1732287
JTLIND,2026-10-01,88.4,88.4,83.27,86.23,2529585
JTLIND,2026-10-02,86.23,86.23,86.23,86.23,0
JTLIND,2026-10-05,87.0,88.43,84.56,84.98,1489386
JUBLCPL,2026-09-28,2243.0,2248.7,2099.3999,2117.3,6532
JUBLCPL,2026-09-29,2124.6001,2154.7,2094.2,2107.3999,6652
JUBLCPL,2026-09-30,2122.6001,2141.5,2050.0,2061.2,4910
JUBLCPL,2026-10-01,2061.1001,2090.0,1980.0,2037.3,4880
JUBLCPL,2026-10-05,2010.0,2072.3999,1991.0,2021.8,8012
JUBLFOOD,2026-09-28,484.5,485.6,476.5,478.7,1167993
JUBLFOOD,2026-09-29,478.5,478.55,460.2,463.0,2376051
JUBLFOOD,2026-09-30,463.4,466.25,451.1,456.7,797358
JUBLFOOD,2026-10-01,453.0,453.65,437.95,443.4,1560787
JUBLFOOD,2026-10-05,442.8,447.75,438.8,445.7,949356
JUBLINGREA,2026-09-28,664.0,673.5,646.45,654.8,658767
JUBLINGREA,2026-09-29,657.1,657.2,635.2,639.1,250387
JUBLINGREA,2026-09-30,639.5,677.4,639.5,653.2,605507
JUBLINGREA,2026-10-01,653.0,653.0,626.3,638.0,244199
JUBLINGREA,2026-10-05,638.0,645.85,625.0,632.2,218343
JUBLPHARMA,2026-09-28,1077.9,1077.9,1044.15,1060.45,95393
JUBLPHARMA,2026-09-29,1058.0,1089.65,1036.2,1048.2,1060299
JUBLPHARMA,2026-09-30,1052.1,1063.1,1021.6,1028.8,460073
JUBLPHARMA,2026-10-01,1026.0,1028.6,980.3,999.3,336042
JUBLPHARMA,2026-10-05,999.8,1012.0,972.1,981.6,203076
JUNIPER,2026-09-28,217.44,217.44,211.49,214.76,125660
JUNIPER,2026-09-29,216.62,216.62,212.35,213.95,93329
JUNIPER,2026-09-30,214.0,218.0,212.15,213.42,90330
JUNIPER,2026-10-01,213.95,218.4,210.91,214.99,188659
JUNIPER,2026-10-05,217.9,218.6,214.21,216.0,53063
JUSTDIAL,2026-09-28,666.95,669.05,655.5,658.95,59714
JUSTDIAL,2026-09-29,662.6,665.0,642.4,656.5,97629
JUSTDIAL,2026-09-30,659.8,672.0,651.65,666.15,130940
JUSTDIAL,2026-10-01,666.15,666.15,646.3,653.15,123750
JUSTDIAL,2026-10-05,653.15,666.1,648.0,651.35,70392
JWL,2026-09-29,223.71,223.71,218.45,219.82,627200
JWL,2026-09-30,221.5,244.8,220.59,233.12,24061117
JWL,2026-10-01,229.51,229.95,220.36,223.93,2250251
JWL,2026-10-02,223.93,223.93,223.93,223.93,0
JWL,2026-10-05,224.2,226.99,218.61,223.44,1604474
JYOTHYLAB,2026-09-29,189.5,189.75,184.0,184.26,469986
JYOTHYLAB,2026-09-30,184.6,187.48,183.29,186.7,398247
JYOTHYLAB,2026-10-01,186.66,186.66,180.01,182.91,392204
JYOTHYLAB,2026-10-02,182.91,182.91,182.91,182.91,0
JYOTHYLAB,2026-10-05,182.91,183.17,180.0,180.93,276917
JYOTICNC,2026-09-29,1044.0,1076.95,1035.25,1059.3,703728
JYOTICNC,2026-09-30,1062.0,1068.35,1028.0,1039.85,430258
JYOTICNC,2026-10-01,1026.0,1044.0,997.7,1032.1,652149
JYOTICNC,2026-10-02,1032.1,1032.1,1032.1,1032.1,0
JYOTICNC,2026-10-05,1052.7,1060.0,1020.5,1029.6,397257
JYOTIRES,2026-09-28,860.0,860.0,830.05,841.9,43741
JYOTIRES,2026-09-29,854.9,855.0,831.25,840.95,7605
JYOTIRES,2026-09-30,850.0,850.0,832.0,835.45,6331
JYOTIRES,2026-10-01,843.5,847.0,830.3,840.65,5241
JYOTIRES,2026-10-05,844.9,845.0,831.05,832.9,5477
JYOTISTRUC,2026-09-28,9.03,9.19,8.7,8.75,9202902
JYOTISTRUC,2026-09-29,8.76,9.26,8.62,9.07,9980402
JYOTISTRUC,2026-09-30,8.98,9.25,8.83,8.9,4112757
JYOTISTRUC,2026-10-01,8.8,8.97,8.63,8.9,3855748
JYOTISTRUC,2026-10-05,8.9,9.06,8.65,8.67,3922535
K2INFRA,2026-09-25,43.6,43.6,41.6,42.75,16200
K2INFRA,2026-09-28,41.05,43.9,38.6,42.85,111600
K2INFRA,2026-09-29,43.0,45.0,43.0,44.9,15000
K2INFRA,2026-09-30,43.55,44.5,42.05,42.1,9600
K2INFRA,2026-10-01,41.5,43.2,41.5,42.9,10200
KABRAEXTRU,2026-09-28,888.7,888.7,840.0,863.15,601526
KABRAEXTRU,2026-09-29,831.1,841.9,820.0,829.8,317848
KABRAEXTRU,2026-09-30,835.0,838.9,788.35,805.55,221415
KABRAEXTRU,2026-10-01,810.0,823.25,765.3,765.3,120365
KABRAEXTRU,2026-10-05,754.5,803.55,747.0,799.4,142249
KAJARIACER,2026-09-28,1213.0,1217.7,1185.6,1189.5,113284
KAJARIACER,2026-09-29,1179.6,1223.7,1167.0,1190.5,2954458
KAJARIACER,2026-09-30,1227.8,1265.9,1212.8,1235.1,2882388
KAJARIACER,2026-10-01,1233.6,1262.9,1220.5,1225.1,633743
KAJARIACER,2026-10-05,1230.0,1230.0,1202.6,1214.4,629499
KAKATCEM,2026-09-28,111.9,111.9,105.4,106.84,1643
KAKATCEM,2026-09-29,105.61,107.9,105.61,107.83,418
KAKATCEM,2026-09-30,107.88,107.9,104.4,105.18,1761
KAKATCEM,2026-10-01,104.02,106.8,102.8,103.09,1238
KAKATCEM,2026-10-05,103.01,105.9,103.01,104.79,458
KALAMANDIR,2026-09-28,76.2,79.64,76.2,78.14,691738
KALAMANDIR,2026-09-29,78.99,79.5,75.37,76.19,739776
KALAMANDIR,2026-09-30,76.0,77.63,75.9,76.27,385217
KALAMANDIR,2026-10-01,76.25,76.25,73.1,74.37,488731
KALAMANDIR,2026-10-05,74.28,78.25,74.06,74.98,666777
KALPATARU,2026-09-28,286.8,286.8,272.8,275.8,74370
KALPATARU,2026-09-29,275.8,292.0,268.25,278.8,108375
KALPATARU,2026-09-30,278.8,285.0,276.0,278.7,55095
KALPATARU,2026-10-01,280.0,282.7,269.05,273.5,42743
KALPATARU,2026-10-05,271.0,279.75,270.0,272.3,17262
KALYANIFRG,2026-09-28,973.7,1019.0,939.0,990.0,2081
KALYANIFRG,2026-09-29,999.0,1025.0,981.1,1010.35,2412
KALYANIFRG,2026-09-30,1005.0,1014.5,970.3,991.05,1604
KALYANIFRG,2026-10-01,991.05,991.05,941.5,944.75,1512
KALYANIFRG,2026-10-05,972.0,972.0,912.2,920.05,1377
KALYANKJIL,2026-09-29,566.0,580.0,561.45,568.85,9165283
KALYANKJIL,2026-09-30,572.0,572.05,552.5,553.15,5559899
KALYANKJIL,2026-10-01,553.15,555.55,522.5,528.5,7831270
KALYANKJIL,2026-10-02,528.5,528.5,528.5,528.5,0
KALYANKJIL,2026-10-05,534.9,564.95,529.1,556.85,13447714
KAMAHOLD,2026-09-28,2238.1001,2238.1001,2201.0,2203.6001,1443
KAMAHOLD,2026-09-29,2217.8999,2284.8,2217.8,2241.1001,5222
KAMAHOLD,2026-09-30,2256.0,2304.8999,2251.8999,2286.8,3772
KAMAHOLD,2026-10-01,2252.0,2300.0,2230.0,2263.0,2071
KAMAHOLD,2026-10-05,2263.0,2273.8999,2225.0,2229.3,1180
KAMANWALA,2026-09-28,16.0,18.0,16.0,17.49,12369
KAMANWALA,2026-09-29,16.5,17.1,16.5,17.1,3229
KAMANWALA,2026-09-30,16.5,17.1,16.4,16.9,2326
KAMANWALA,2026-10-01,16.0,17.4,16.0,17.14,1805
KAMANWALA,2026-10-05,16.31,17.35,16.31,16.6,1172
KAMATHOTEL,2026-09-28,230.37,236.94,230.37,233.18,60159
KAMATHOTEL,2026-09-29,236.26,238.4,229.25,236.71,58707
KAMATHOTEL,2026-09-30,237.0,240.29,235.0,237.2,26647
KAMATHOTEL,2026-10-01,233.95,238.9,232.51,237.45,52906
KAMATHOTEL,2026-10-05,238.4,248.86,236.5,245.99,121399
KAMDHENU,2026-09-28,40.35,40.35,38.12,39.0,918441
KAMDHENU,2026-09-29,38.26,38.85,37.41,38.41,838480
KAMDHENU,2026-09-30,38.15,40.25,37.81,38.08,554860
KAMDHENU,2026-10-01,38.28,38.28,36.34,37.59,1112530
KAMDHENU,2026-10-05,37.5,38.2,36.4,36.73,663573
KAMOPAINTS,2026-09-28,4.29,4.3,4.05,4.12,274443
KAMOPAINTS,2026-09-29,4.18,4.18,4.06,4.1,158679
KAMOPAINTS,2026-09-30,4.11,4.24,4.05,4.14,250787
KAMOPAINTS,2026-10-01,4.2,4.2,4.06,4.1,98248
KAMOPAINTS,2026-10-05,4.1,4.22,4.0,4.11,123407
KANANIIND,2026-09-28,1.22,1.39,1.22,1.35,288592
KANANIIND,2026-09-29,1.37,1.38,1.33,1.36,60761
KANANIIND,2026-09-30,1.37,1.38,1.34,1.36,74296
KANANIIND,2026-10-01,1.37,1.37,1.33,1.34,83111
KANANIIND,2026-10-05,1.36,1.36,1.26,1.3,167592
KANCHI,2026-09-28,387.0,389.5,374.4,379.9,2736
KANCHI,2026-09-29,380.0,394.7,370.0,391.0,3227
KANCHI,2026-09-30,383.05,394.85,380.0,388.05,929
KANCHI,2026-10-01,380.0,380.0,370.55,379.8,5206
KANCHI,2026-10-05,379.85,385.1,367.7,378.7,772
KANCOTEA,2026-09-28,55.55,55.55,54.55,54.55,2
KANCOTEA,2026-09-29,54.9,54.9,53.9,54.55,142
KANCOTEA,2026-09-30,54.89,54.89,50.53,53.9,52
KANCOTEA,2026-10-01,53.5,53.5,51.95,53.0,183
KANCOTEA,2026-10-05,51.4,52.95,48.6,51.69,111
KANDARP,2026-09-25,79.05,79.5,73.15,73.15,18000
KANDARP,2026-09-28,73.0,73.0,69.5,69.5,6000
KANDARP,2026-09-29,66.35,66.35,66.05,66.05,12000
KANDARP,2026-09-30,68.95,68.95,62.75,62.75,6000
KANDARP,2026-10-01,59.65,59.65,59.65,59.65,7000
KANOHAR,2026-09-29,819.0,877.8,805.0,862.75,3500592
KANOHAR,2026-09-30,869.0,884.0,841.1,856.75,2079818
KANOHAR,2026-10-01,852.0,919.95,831.85,906.35,5002996
KANOHAR,2026-10-02,906.35,906.35,906.35,906.35,0
KANOHAR,2026-10-05,916.0,1047.8,916.0,1020.25,17161082
KANORICHEM,2026-09-28,200.99,206.0,190.07,202.55,59287
KANORICHEM,2026-09-29,204.9,204.9,195.0,199.94,34921
KANORICHEM,2026-09-30,201.0,202.44,190.2,198.77,40917
KANORICHEM,2026-10-01,199.98,201.7,188.84,189.02,35879
KANORICHEM,2026-10-05,189.0,192.5,179.57,182.71,28822
KANPRPLA,2026-09-29,261.85,262.0,243.45,245.2,17259
KANPRPLA,2026-09-30,249.0,253.4,246.45,249.0,5949
KANPRPLA,2026-10-01,252.97,253.41,241.0,245.55,12538
KANPRPLA,2026-10-02,245.55,245.55,245.55,245.55,0
KANPRPLA,2026-10-05,246.0,260.0,246.0,252.24,26865
KANSAINER,2026-09-28,181.52,183.26,176.56,177.48,151243
KANSAINER,2026-09-29,178.06,182.59,173.6,181.33,670486
KANSAINER,2026-09-30,182.9,183.54,177.1,177.99,178729
KANSAINER,2026-10-01,178.0,178.0,173.13,175.27,242728
KANSAINER,2026-10-05,175.4,177.59,175.17,176.97,241526
KAPSTON,2026-09-28,547.9,549.0,535.7,537.8,221302
KAPSTON,2026-09-29,549.6,568.95,539.1,555.7,642974
KAPSTON,2026-09-30,569.0,569.0,545.25,550.35,494511
KAPSTON,2026-10-01,550.35,557.6,533.0,542.35,107028
KAPSTON,2026-10-05,552.3,555.9,545.3,548.6,68741
KARAMTARA,2026-09-28,358.55,364.3,352.25,357.8,1700000
KARAMTARA,2026-09-29,357.45,363.0,346.35,359.45,1239083
KARAMTARA,2026-09-30,364.0,395.35,361.35,395.35,5878325
KARAMTARA,2026-10-01,390.0,429.35,387.0,410.95,11786236
KARAMTARA,2026-10-05,410.95,434.0,405.25,416.3,2128131
KARMAENG,2026-09-28,39.69,39.7,38.6,39.14,1640
KARMAENG,2026-09-29,38.95,39.14,35.11,37.9,7088
KARMAENG,2026-09-30,39.0,39.0,37.1,37.43,1021
KARMAENG,2026-10-01,39.0,39.0,35.6,36.33,10243
KARMAENG,2026-10-05,35.8,36.6,34.0,35.9,9516
KARNIKA,2026-09-25,123.9,123.9,121.65,123.0,145000
KARNIKA,2026-09-28,124.0,124.85,123.1,124.1,20000
KARNIKA,2026-09-29,124.0,126.0,123.9,125.0,20000
KARNIKA,2026-09-30,115.35,125.5,115.35,123.0,73000
KARNIKA,2026-10-01,123.1,123.7,121.0,123.7,32000
KARURVYSYA,2026-09-29,320.75,325.4,312.7,318.15,2868750
KARURVYSYA,2026-09-30,318.1,327.0,311.4,324.8,3398416
KARURVYSYA,2026-10-01,323.7,328.7,320.9,325.3,3073268
KARURVYSYA,2026-10-02,325.3,325.3,325.3,325.3,0
KARURVYSYA,2026-10-05,326.1,330.9,320.55,324.7,1950191
KAUSHALYA,2026-09-28,812.0,845.95,804.0,845.45,283
KAUSHALYA,2026-09-29,841.0,841.0,836.5,836.5,14
KAUSHALYA,2026-09-30,840.65,843.9,821.0,837.0,66
KAUSHALYA,2026-10-01,836.95,836.95,834.0,834.0,3
KAUSHALYA,2026-10-05,825.0,834.0,805.0,813.35,33
KAVDEFENCE,2026-09-28,82.7,82.7,78.65,79.03,142753
KAVDEFENCE,2026-09-29,79.0,80.8,75.7,76.89,112418
KAVDEFENCE,2026-09-30,77.94,80.5,76.0,79.48,100996
KAVDEFENCE,2026-10-01,79.0,79.89,75.66,77.6,118018
KAVDEFENCE,2026-10-05,77.67,81.48,77.6,81.48,143167
KAYA,2026-09-28,324.85,325.0,303.6,309.6,4127
KAYA,2026-09-29,309.65,309.65,305.0,307.2,1348
KAYA,2026-09-30,303.05,315.0,301.0,307.2,3614
KAYA,2026-10-01,310.0,313.45,292.6,298.15,6532
KAYA,2026-10-05,292.05,310.0,292.05,306.7,2943
KAYNES,2026-09-29,3650.0,3707.2,3500.0,3511.5,1474271
KAYNES,2026-09-30,3520.3999,3611.0,3501.0,3501.0,720015
KAYNES,2026-10-01,3510.0,3549.6001,3337.2,3399.0,964281
KAYNES,2026-10-02,3399.0,3399.0,3399.0,3399.0,0
KAYNES,2026-10-05,3433.0,3474.0,3371.0,3394.8,706676
KCEIL,2026-09-25,84.25,84.25,75.15,78.75,23500
KCEIL,2026-09-28,78.75,82.0,76.75,76.9,15500
KCEIL,2026-09-29,78.0,81.0,78.0,80.5,9000
KCEIL,2026-09-30,78.9,85.1,78.9,82.5,26000
KCEIL,2026-10-01,82.5,82.5,78.05,79.4,11500
KCK,2026-09-25,13.8,14.05,13.6,14.0,47500
KCK,2026-09-28,13.95,14.5,13.9,14.2,47500
KCK,2026-09-29,14.4,14.4,14.15,14.3,50000
KCK,2026-09-30,14.5,14.75,14.0,14.25,225000
KCK,2026-10-01,14.65,14.8,14.0,14.1,117500
KCP,2026-09-28,161.5,161.5,156.21,157.28,87597
KCP,2026-09-29,156.51,157.84,153.21,156.19,62111
KCP,2026-09-30,155.6,158.59,153.91,154.15,80241
KCP,2026-10-01,154.0,155.0,150.1,154.17,92889
KCP,2026-10-05,154.99,158.69,153.01,155.61,159679
KCPSUGIND,2026-09-28,30.59,30.6,29.16,29.27,78571
KCPSUGIND,2026-09-29,29.48,29.7,28.2,29.23,75837
KCPSUGIND,2026-09-30,29.43,29.43,27.77,28.04,118676
KCPSUGIND,2026-10-01,28.0,28.0,26.64,26.71,133953
KCPSUGIND,2026-10-05,26.6,27.0,25.38,25.42,187313
KDDL,2026-09-28,4035.0,4116.5,3950.0,4014.1001,41785
KDDL,2026-09-29,4014.1001,4069.8999,3874.0,3931.6001,23844
KDDL,2026-09-30,3980.0,4010.8,3857.2,3886.8999,16959
KDDL,2026-10-01,3886.5,4019.8,3847.7,3911.2,36409
KDDL,2026-10-05,3980.7,4032.6001,3877.0,3943.3999,28095
KDGREEN,2026-09-28,49.5,51.0,46.06,46.76,56641
KDGREEN,2026-09-29,48.8,48.88,46.16,48.53,29728
KDGREEN,2026-09-30,49.0,49.0,46.82,47.72,19545
KDGREEN,2026-10-01,48.24,49.5,46.0,46.76,42907
KDGREEN,2026-10-05,49.7,49.7,46.81,48.29,19026
KDL,2026-09-25,57.85,57.85,57.85,57.85,10500
KDL,2026-09-28,55.0,55.0,55.0,55.0,3150
KDL,2026-09-29,52.25,52.25,52.25,52.25,2700
KDL,2026-09-30,49.65,49.65,49.65,49.65,5100
KDL,2026-10-01,47.2,47.2,47.2,47.2,3900
KEC,2026-09-29,390.35,390.35,375.1,378.35,1237151
KEC,2026-09-30,380.0,384.35,375.1,377.25,715246
KEC,2026-10-01,378.0,381.45,367.5,372.35,624895
KEC,2026-10-02,372.35,372.35,372.35,372.35,0
KEC,2026-10-05,374.9,380.7,369.0,370.55,489498
KECL,2026-09-28,125.6,126.8,119.33,120.07,115959
KECL,2026-09-29,119.15,122.9,118.0,121.4,121001
KECL,2026-09-30,122.44,124.9,119.15,120.64,118696
KECL,2026-10-01,120.64,123.89,117.5,120.43,134808
KECL,2026-10-05,119.0,129.89,119.0,125.42,432117
KEEPLEARN,2026-09-29,1.92,1.92,1.82,1.84,26860
KEEPLEARN,2026-09-30,1.84,1.89,1.82,1.85,39242
KEEPLEARN,2026-10-01,1.89,1.89,1.77,1.84,17203
KEEPLEARN,2026-10-02,1.84,1.84,1.84,1.84,0
KEEPLEARN,2026-10-05,1.87,1.87,1.72,1.79,22959
KEI,2026-09-29,4500.0,4521.0,4457.5,4461.0,622806
KEI,2026-09-30,4504.5,4536.5,4450.0,4455.0,182773
KEI,2026-10-01,4455.0,4558.0,4424.2002,4502.0,320912
KEI,2026-10-02,4502.0,4502.0,4502.0,4502.0,0
KEI,2026-10-05,4539.0,4652.7998,4510.0,4638.2002,275897
KELLTONTEC,2026-09-28,13.35,13.39,13.05,13.09,1178339
KELLTONTEC,2026-09-29,13.14,13.26,12.65,13.05,1990721
KELLTONTEC,2026-09-30,13.0,13.24,12.82,12.85,1210486
KELLTONTEC,2026-10-01,12.8,12.9,12.2,12.42,2047721
KELLTONTEC,2026-10-05,12.5,12.87,12.12,12.18,1591413
KENNAMET,2026-09-28,4207.0,4238.7002,4106.0,4134.1001,14285
KENNAMET,2026-09-29,4167.8999,4172.8999,4012.5,4039.6001,30755
KENNAMET,2026-09-30,4079.0,4170.0,3958.1001,4131.0,116894
KENNAMET,2026-10-01,4132.0,4322.8999,4132.0,4277.5,40122
KENNAMET,2026-10-05,4346.7002,4355.5,4162.2998,4193.7002,15124
KERNEX,2026-09-28,1700.0,1747.0,1655.0,1713.8,165356
KERNEX,2026-09-29,1713.8,1763.0,1682.8,1744.1,139115
KERNEX,2026-09-30,1750.0,1762.5,1671.0,1686.0,228842
KERNEX,2026-10-01,1684.0,1691.8,1600.5,1643.5,158148
KERNEX,2026-10-05,1661.0,1677.9,1620.0,1661.8,104377
KESORAMIND,2026-09-28,11.38,11.38,11.0,11.02,516769
KESORAMIND,2026-09-29,10.87,11.24,10.52,10.84,995639
KESORAMIND,2026-09-30,11.08,11.1,10.56,10.92,547872
KESORAMIND,2026-10-01,10.7,10.92,10.42,10.73,601028
KESORAMIND,2026-10-05,10.69,10.99,10.2,10.25,1052838
KEYFINSERV,2026-09-28,221.0,248.95,221.0,223.7,1948
KEYFINSERV,2026-09-29,230.0,237.6,225.0,233.0,1236
KEYFINSERV,2026-09-30,247.8,247.8,234.7,242.95,1823
KEYFINSERV,2026-10-01,246.4,246.4,230.75,244.05,984
KEYFINSERV,2026-10-05,244.05,244.05,237.01,237.01,205
KFINTECH,2026-09-29,880.2,889.45,838.2,838.2,1459780
KFINTECH,2026-09-30,840.0,853.8,837.4,840.0,489013
KFINTECH,2026-10-01,841.75,849.5,815.7,832.0,857914
KFINTECH,2026-10-02,832.0,832.0,832.0,832.0,0
KFINTECH,2026-10-05,836.15,872.3,835.0,867.5,977572
KHADIM,2026-09-28,118.0,118.0,115.74,118.0,21522
KHADIM,2026-09-29,115.64,116.5,115.64,115.64,33392
KHADIM,2026-09-30,114.17,116.1,114.15,114.17,10847
KHADIM,2026-10-01,113.4,113.6,113.0,113.4,11912
KHADIM,2026-10-05,112.6,115.4,112.0,115.4,26480
KHAICHEM,2026-09-28,50.0,51.8,48.6,49.51,324044
KHAICHEM,2026-09-29,49.3,50.35,49.0,49.22,86844
KHAICHEM,2026-09-30,50.4,50.4,48.7,48.76,107547
KHAICHEM,2026-10-01,49.13,49.89,48.0,49.22,125316
KHAICHEM,2026-10-05,50.0,50.5,47.5,48.03,136524
KHAITANLTD,2026-09-28,145.1,149.39,145.1,146.69,605
KHAITANLTD,2026-09-29,144.0,153.8,135.4,150.01,4152
KHAITANLTD,2026-09-30,154.79,154.79,146.25,146.25,1789
KHAITANLTD,2026-10-01,147.71,149.4,144.0,147.19,900
KHAITANLTD,2026-10-05,146.46,148.97,142.4,144.31,970
KHANDSE,2026-09-28,18.45,18.46,17.0,17.5,3378
KHANDSE,2026-09-29,17.4,18.4,16.86,17.06,11517
KHANDSE,2026-09-30,17.49,17.49,16.9,17.2,1628
KHANDSE,2026-10-01,16.81,17.91,16.67,16.76,5474
KHANDSE,2026-10-05,16.71,17.69,16.35,16.92,3208
KHFM,2026-09-25,40.2,43.9,40.2,42.25,23250
KHFM,2026-09-28,40.5,40.5,40.0,40.15,17050
KHFM,2026-09-29,40.95,40.95,40.95,40.95,1550
KHFM,2026-09-30,42.05,42.25,40.45,40.45,4650
KHFM,2026-10-01,41.95,41.95,41.95,41.95,1550
KICL,2026-09-28,4930.0,4975.0,4852.0,4869.5,766
KICL,2026-09-29,4940.0,4940.0,4750.5,4773.0,1097
KICL,2026-09-30,4837.0,4893.5,4761.5,4799.0,1070
KICL,2026-10-01,4715.7002,4853.2998,4531.0,4693.2002,6414
KICL,2026-10-05,4635.0,4774.0,4635.0,4709.7998,1022
KILITCH,2026-09-28,224.0,224.0,213.5,217.05,30944
KILITCH,2026-09-29,224.0,224.0,216.0,216.76,14819
KILITCH,2026-09-30,217.9,221.5,208.33,213.32,33773
KILITCH,2026-10-01,211.4,221.0,207.0,218.51,22964
KILITCH,2026-10-05,229.0,248.3,220.0,233.74,246614
KIMS,2026-09-28,775.2,783.4,760.75,766.45,339252
KIMS,2026-09-29,766.0,781.75,759.35,769.9,403013
KIMS,2026-09-30,769.95,777.95,722.6,746.4,2363878
KIMS,2026-10-01,742.0,742.0,722.4,736.25,900776
KIMS,2026-10-05,739.0,747.85,700.05,705.45,850780
KINGFA,2026-09-28,6195.5,6417.0,6195.5,6384.0,10603
KINGFA,2026-09-29,6384.0,6594.5,6376.5,6524.5,22165
KINGFA,2026-09-30,6550.0,6601.0,6380.5,6482.5,19393
KINGFA,2026-10-01,6482.5,6628.0,6357.5,6586.5,16414
KINGFA,2026-10-05,6586.0,6700.0,6528.5,6669.0,8689
KIOCL,2026-09-28,342.45,342.5,328.4,331.0,74732
KIOCL,2026-09-29,332.1,338.0,328.0,336.1,57228
KIOCL,2026-09-30,337.25,344.0,330.0,332.3,54237
KIOCL,2026-10-01,332.3,332.3,321.0,323.85,71413
KIOCL,2026-10-05,324.0,330.6,321.55,322.65,35861
KIRANVYPAR,2026-09-28,195.0,195.0,180.55,185.17,12146
KIRANVYPAR,2026-09-29,185.0,195.0,169.82,189.66,29509
KIRANVYPAR,2026-09-30,187.15,187.15,187.15,187.15,10
KIRANVYPAR,2026-10-01,189.02,189.02,177.0,179.21,1302
KIRANVYPAR,2026-10-05,180.65,185.0,173.1,179.99,2295
KIRIINDUS,2026-09-29,542.0,560.0,538.5,543.45,476341
KIRIINDUS,2026-09-30,544.1,553.3,540.0,541.3,396704
KIRIINDUS,2026-10-01,541.5,553.8,532.5,544.6,555859
KIRIINDUS,2026-10-02,544.6,544.6,544.6,544.6,0
KIRIINDUS,2026-10-05,546.9,557.95,542.0,542.4,364409
KIRLFER,2026-09-28,478.1,481.35,465.3,468.95,44237
KIRLFER,2026-09-29,469.4,476.8,461.0,474.4,99857
KIRLFER,2026-09-30,474.4,481.7,468.3,470.0,42951
KIRLFER,2026-10-01,472.0,472.0,460.25,465.85,105289
KIRLFER,2026-10-05,465.05,467.25,463.5,465.0,67483
KIRLOSBROS,2026-09-28,1780.6,1780.6,1720.7,1732.3,27047
KIRLOSBROS,2026-09-29,1732.3,1936.1,1714.1,1848.3,457358
KIRLOSBROS,2026-09-30,1828.0,1847.5,1745.0,1774.9,321866
KIRLOSBROS,2026-10-01,1770.0,1777.0,1738.7,1767.6,131484
KIRLOSBROS,2026-10-05,1769.8,1790.6,1736.2,1742.4,29626
KIRLOSENG,2026-09-28,2138.1001,2160.0,2086.3,2141.2,388047
KIRLOSENG,2026-09-29,2141.2,2444.0,2124.3,2402.0,5298949
KIRLOSENG,2026-09-30,2358.0,2360.0,2241.3,2304.2,1822978
KIRLOSENG,2026-10-01,2310.7,2319.0,2211.6001,2242.7,719348
KIRLOSENG,2026-10-05,2265.0,2339.7,2231.6001,2243.7,511901
KIRLOSIND,2026-09-28,3562.0,3599.1001,3500.1001,3520.5,3239
KIRLOSIND,2026-09-29,3543.0,3640.0,3465.1001,3578.6001,7323
KIRLOSIND,2026-09-30,3600.0,3659.7,3545.2,3570.7,4008
KIRLOSIND,2026-10-01,3581.1001,3581.1001,3460.0,3471.3999,5877
KIRLOSIND,2026-10-05,3470.0,3575.0,3434.0,3467.0,6729
KIRLPNU,2026-09-28,690.3,691.0,676.6,678.65,59000
KIRLPNU,2026-09-29,675.3,690.0,669.6,684.4,133945
KIRLPNU,2026-09-30,682.6,702.0,674.65,676.7,75891
KIRLPNU,2026-10-01,676.7,691.4,667.85,681.95,97672
KIRLPNU,2026-10-05,685.0,694.0,668.0,677.6,63113
KISSHT,2026-09-28,347.0,348.35,337.9,344.9,930341
KISSHT,2026-09-29,345.05,362.55,340.05,358.65,2096454
KISSHT,2026-09-30,356.0,372.0,352.2,369.55,2404648
KISSHT,2026-10-01,367.7,386.25,354.9,371.15,3578605
KISSHT,2026-10-05,377.15,388.15,370.05,379.2,1755354
KITEX,2026-09-28,116.59,118.58,115.0,116.13,316717
KITEX,2026-09-29,115.98,116.63,114.36,115.56,260341
KITEX,2026-09-30,115.51,121.18,115.2,119.55,552200
KITEX,2026-10-01,118.77,119.89,114.68,116.68,245777
KITEX,2026-10-05,118.65,123.63,117.2,118.02,568407
KJMCFIN,2026-09-28,61.49,61.5,58.11,58.12,183
KJMCFIN,2026-09-29,58.12,60.0,57.8,59.0,3969
KJMCFIN,2026-09-30,60.0,60.0,58.0,60.0,380
KJMCFIN,2026-10-01,58.5,62.6,58.05,58.38,809
KJMCFIN,2026-10-05,58.09,61.0,57.51,58.25,32
KKCL,2026-09-28,467.2,467.25,453.5,462.15,24616
KKCL,2026-09-29,462.05,471.35,455.0,467.1,34175
KKCL,2026-09-30,467.1,472.25,458.0,460.35,7446
KKCL,2026-10-01,461.7,479.8,441.55,475.65,30350
KKCL,2026-10-05,487.0,487.0,455.6,470.4,76937
KKVAPOW,2026-09-25,311.25,311.25,310.5,310.85,342
KKVAPOW,2026-09-28,310.85,310.85,310.85,310.85,0
KKVAPOW,2026-09-29,310.85,310.85,310.85,310.85,0
KKVAPOW,2026-09-30,310.85,310.85,310.85,310.85,0
KKVAPOW,2026-10-01,296.1,305.0,296.1,305.0,342
KLL,2026-09-25,46.0,47.3,43.7,44.45,121600
KLL,2026-09-28,44.45,44.45,42.25,42.25,19200
KLL,2026-09-29,40.2,43.65,40.15,41.95,40800
KLL,2026-09-30,41.8,41.8,39.9,39.9,16800
KLL,2026-10-01,41.75,41.75,37.95,38.0,26400
KMCSHIL,2026-09-28,155.7,177.79,152.3,165.33,1370878
KMCSHIL,2026-09-29,165.32,165.32,160.0,161.98,300278
KMCSHIL,2026-09-30,163.98,175.4,156.26,171.14,2691889
KMCSHIL,2026-10-01,172.7,178.6,166.95,171.94,796289
KMCSHIL,2026-10-05,172.58,175.55,166.15,169.38,266435
KMEW,2026-09-29,2965.1001,3099.8999,2892.7,3064.8,644521
KMEW,2026-09-30,3106.3,3170.0,2986.0,3041.5,217728
KMEW,2026-10-01,3020.0,3063.8999,2899.8,2950.1001,138291
KMEW,2026-10-02,2950.1001,2950.1001,2950.1001,2950.1001,0
KMEW,2026-10-05,2950.0,3033.0,2921.7,2992.5,95247
KMSUGAR,2026-09-28,33.74,34.45,32.5,32.67,750856
KMSUGAR,2026-09-29,32.67,33.0,31.01,31.86,282268
KMSUGAR,2026-09-30,31.99,34.03,31.99,33.68,822756
KMSUGAR,2026-10-01,27.1,28.45,26.9,27.74,237020
KMSUGAR,2026-10-05,26.6,28.15,26.36,26.96,169637
KNACK,2026-09-29,177.05,183.0,176.0,176.58,468586
KNACK,2026-09-30,175.75,182.0,175.75,180.0,582310
KNACK,2026-10-01,181.58,183.5,178.01,180.67,634416
KNACK,2026-10-02,180.67,180.67,180.67,180.67,0
KNACK,2026-10-05,181.05,189.99,175.0,188.91,3812054
KNAGRI,2026-09-28,208.7,209.9,202.05,205.05,2151
KNAGRI,2026-09-29,205.98,205.98,195.3,199.92,4172
KNAGRI,2026-09-30,204.9,204.9,192.0,198.13,3274
KNAGRI,2026-10-01,201.0,201.0,195.07,200.5,3523
KNAGRI,2026-10-05,204.98,210.0,198.0,198.83,3725
KNRCON,2026-09-29,117.39,120.9,115.64,119.33,879023
KNRCON,2026-09-30,118.38,120.6,118.08,118.58,458300
KNRCON,2026-10-01,116.0,117.78,112.5,113.29,1901783
KNRCON,2026-10-02,113.29,113.29,113.29,113.29,0
KNRCON,2026-10-05,116.0,116.16,111.16,111.89,801628
KODYTECH,2026-09-25,1501.0,1539.0,1500.0,1515.0,2600
KODYTECH,2026-09-28,1539.0,1543.0,1453.0,1490.0,4000
KODYTECH,2026-09-29,1460.0,1493.0,1455.0,1479.0,1600
KODYTECH,2026-09-30,1499.0,1552.9,1476.0,1536.85,10500
KODYTECH,2026-10-01,1545.0,1550.0,1475.0,1518.9,6000
KOHINOOR,2026-09-29,30.29,31.45,29.27,30.99,264191
KOHINOOR,2026-09-30,30.35,32.3,30.35,30.58,105851
KOHINOOR,2026-10-01,30.52,30.98,29.6,30.03,168205
KOHINOOR,2026-10-02,30.03,30.03,30.03,30.03,0
KOHINOOR,2026-10-05,30.03,30.52,28.4,28.95,109794
KOKUYOCMLN,2026-09-28,76.03,76.6,74.26,74.64,25382
KOKUYOCMLN,2026-09-29,74.6,75.8,74.0,74.72,16933
KOKUYOCMLN,2026-09-30,75.0,76.6,74.0,75.87,53215
KOKUYOCMLN,2026-10-01,75.98,76.05,74.2,74.77,17633
KOKUYOCMLN,2026-10-05,76.55,76.55,74.0,75.82,25087
KOLTEPATIL,2026-09-29,425.5,431.9,418.0,427.05,42087
KOLTEPATIL,2026-09-30,430.2,431.9,423.75,424.85,34307
KOLTEPATIL,2026-10-01,424.85,426.1,413.35,418.8,65771
KOLTEPATIL,2026-10-02,418.8,418.8,418.8,418.8,0
KOLTEPATIL,2026-10-05,421.0,432.0,413.45,430.45,49735
KONSTELEC,2026-09-25,57.3,60.85,57.3,59.85,6000
KONSTELEC,2026-09-28,57.0,60.0,57.0,59.1,4000
KONSTELEC,2026-09-29,60.0,60.0,59.0,59.25,3000
KONSTELEC,2026-09-30,57.55,57.55,56.3,56.45,20000
KONSTELEC,2026-10-01,56.0,56.0,53.65,53.65,15000
KONTOR,2026-09-25,57.95,57.95,57.95,57.95,600
KONTOR,2026-09-28,51.55,51.55,51.25,51.4,1200
KONTOR,2026-09-29,51.4,51.4,51.4,51.4,0
KONTOR,2026-09-30,51.4,51.4,51.4,51.4,0
KONTOR,2026-10-01,51.4,51.4,50.0,50.0,1200
KOPRAN,2026-09-28,285.0,293.5,274.77,277.97,1132745
KOPRAN,2026-09-29,277.86,292.3,275.77,290.9,1181235
KOPRAN,2026-09-30,293.8,295.83,277.01,278.32,487875
KOPRAN,2026-10-01,279.15,284.4,264.2,282.05,714330
KOPRAN,2026-10-05,285.3,288.0,267.35,268.7,401238
KORE,2026-09-25,163.05,180.15,163.05,180.15,20250
KORE,2026-09-28,189.15,189.15,189.15,189.15,11500
KORE,2026-09-29,198.15,198.6,180.1,188.2,34750
KORE,2026-09-30,197.5,197.6,179.5,183.45,37000
KORE,2026-10-01,179.5,190.85,179.5,183.8,4000
KOTAKBANK,2026-09-28,402.0,403.7,395.75,401.55,15062655
KOTAKBANK,2026-09-29,401.25,409.25,394.7,406.0,32613940
KOTAKBANK,2026-09-30,406.1,419.15,405.95,417.0,32537029
KOTAKBANK,2026-10-01,426.0,435.6,416.05,418.35,76637247
KOTAKBANK,2026-10-05,418.0,424.45,413.75,416.0,21965853
KOTARISUG,2026-09-28,27.0,28.25,26.5,26.75,28420
KOTARISUG,2026-09-29,27.37,27.37,25.5,26.12,29867
KOTARISUG,2026-09-30,25.96,26.88,25.8,26.08,23944
KOTARISUG,2026-10-01,26.0,26.98,25.12,25.68,31052
KOTARISUG,2026-10-05,25.25,26.2,25.25,25.83,15963
KOTHARIPET,2026-09-28,134.1,134.11,130.55,130.84,25142
KOTHARIPET,2026-09-29,131.22,133.84,127.35,128.97,55694
KOTHARIPET,2026-09-30,130.51,132.39,129.0,129.43,43927
KOTHARIPET,2026-10-01,129.1,130.39,125.06,126.58,44925
KOTHARIPET,2026-10-05,126.07,129.9,125.0,125.53,39985
KOTHARIPRO,2026-09-28,69.35,69.35,65.15,66.01,5845
KOTHARIPRO,2026-09-29,64.6,66.64,64.6,65.09,3197
KOTHARIPRO,2026-09-30,66.5,66.5,65.0,65.35,4794
KOTHARIPRO,2026-10-01,65.35,65.44,63.25,63.77,6914
KOTHARIPRO,2026-10-05,66.87,66.87,63.01,63.44,12806
KOTIC,2026-09-28,150.42,152.57,150.42,151.06,19828
KOTIC,2026-09-29,149.07,154.65,147.42,150.12,10324
KOTIC,2026-09-30,150.29,154.0,135.36,152.7,126637
KOTIC,2026-10-01,148.66,152.94,145.66,147.1,11789
KOTIC,2026-10-05,147.09,151.5,144.0,148.68,11415
KOTYARK,2026-09-29,26.95,30.9,24.55,29.39,1583442
KOTYARK,2026-09-30,29.08,30.9,29.07,29.83,288722
KOTYARK,2026-10-01,29.83,29.83,27.31,28.23,197856
KOTYARK,2026-10-02,28.23,28.23,28.23,28.23,0
KOTYARK,2026-10-05,28.75,29.5,27.81,28.26,145196
KOVAI,2026-09-28,6085.0,6155.0,5993.0,6025.0,4394
KOVAI,2026-09-29,6079.5,6079.5,5974.0,6013.5,3341
KOVAI,2026-09-30,6013.5,6075.5,5981.0,6007.0,3797
KOVAI,2026-10-01,6027.0,6050.0,5848.0,5993.5,10377
KOVAI,2026-10-05,6010.0,6034.5,5940.0,5963.0,4350
KPEL,2026-09-28,219.14,229.4,219.14,220.54,360797
KPEL,2026-09-29,220.0,225.0,215.64,224.03,215474
KPEL,2026-09-30,225.5,229.2,219.13,220.41,231806
KPEL,2026-10-01,221.89,230.0,215.6,218.0,348580
KPEL,2026-10-05,217.2,222.37,211.12,213.74,293797
KPIGREEN,2026-09-29,356.0,373.5,351.5,371.25,3575742
KPIGREEN,2026-09-30,386.4,386.9,355.5,358.95,4386433
KPIGREEN,2026-10-01,361.35,362.95,339.15,345.6,1572284
KPIGREEN,2026-10-02,345.6,345.6,345.6,345.6,0
KPIGREEN,2026-10-05,345.6,348.9,320.0,321.85,1547466
KPIL,2026-09-28,1420.0,1424.8,1368.0,1375.6,184926
KPIL,2026-09-29,1378.0,1390.0,1345.1,1365.1,186265
KPIL,2026-09-30,1366.9,1385.2,1366.9,1380.6,71593
KPIL,2026-10-01,1381.8,1386.4,1345.1,1356.4,115268
KPIL,2026-10-05,1357.0,1396.6,1356.4,1378.8,130981
KPITTECH,2026-09-29,510.25,519.7,495.5,519.7,3351279
KPITTECH,2026-09-30,510.95,518.0,499.1,499.1,1625467
KPITTECH,2026-10-01,502.9,509.4,484.5,492.0,1989750
KPITTECH,2026-10-02,492.0,492.0,492.0,492.0,0
KPITTECH,2026-10-05,499.85,508.95,489.0,489.5,1394781
KPL,2026-09-28,3672.3,3730.0,3556.8,3576.8999,29057
KPL,2026-09-29,3565.3999,3691.3999,3558.8999,3625.1001,18009
KPL,2026-09-30,3699.0,3699.0,3611.1001,3641.3999,14030
KPL,2026-10-01,3641.3999,3643.1001,3470.0,3564.3999,41775
KPL,2026-10-05,3564.0,3664.0,3529.0,3644.2,23014
KPRMILL,2026-09-28,1106.3,1112.0,1087.2,1101.2,85203
KPRMILL,2026-09-29,1099.8,1102.9,1066.3,1081.5,160547
KPRMILL,2026-09-30,1081.5,1113.3,1076.4,1103.3,165794
KPRMILL,2026-10-01,1091.8,1099.1,1057.5,1071.0,104769
KPRMILL,2026-10-05,1072.0,1080.4,1052.0,1072.6,109665
KRBL,2026-09-29,382.0,390.0,379.25,386.2,320487
KRBL,2026-09-30,386.3,393.7,379.5,381.6,243341
KRBL,2026-10-01,381.6,381.7,366.0,375.9,470715
KRBL,2026-10-02,375.9,375.9,375.9,375.9,0
KRBL,2026-10-05,375.9,384.2,375.0,382.15,178218
KREBSBIO,2026-09-29,58.75,58.75,55.2,56.42,6270
KREBSBIO,2026-09-30,55.4,63.69,55.33,60.2,50966
KREBSBIO,2026-10-01,60.5,71.75,59.0,68.05,610828
KREBSBIO,2026-10-02,68.05,68.05,68.05,68.05,0
KREBSBIO,2026-10-05,66.12,67.0,62.2,63.96,100565
KRIDHANINF,2026-09-28,1.79,1.93,1.79,1.89,87551
KRIDHANINF,2026-09-29,1.9,1.9,1.83,1.88,17885
KRIDHANINF,2026-09-30,1.89,1.97,1.85,1.88,56032
KRIDHANINF,2026-10-01,1.89,1.96,1.84,1.85,104582
KRIDHANINF,2026-10-05,1.85,1.93,1.83,1.89,34177
KRISHANA,2026-09-28,187.24,187.49,182.2,186.42,613298
KRISHANA,2026-09-29,186.99,186.99,183.5,185.19,331174
KRISHANA,2026-09-30,186.0,193.0,185.19,188.23,1098163
KRISHANA,2026-10-01,186.9,188.1,179.0,184.59,1805453
KRISHANA,2026-10-05,186.2,186.53,178.41,185.83,1043482
KRISHCA,2026-09-25,219.0,219.0,205.0,206.85,93500
KRISHCA,2026-09-28,205.5,232.15,202.55,226.55,68500
KRISHCA,2026-09-29,228.8,230.5,221.0,224.2,20500
KRISHCA,2026-09-30,224.7,224.7,210.0,220.15,20000
KRISHCA,2026-10-01,220.15,220.15,202.0,215.75,33500
KRISHIVAL,2026-09-28,415.0,415.0,411.25,413.65,211393
KRISHIVAL,2026-09-29,414.0,415.0,400.25,403.95,18076
KRISHIVAL,2026-09-30,414.0,415.25,400.25,401.85,15013
KRISHIVAL,2026-10-01,405.0,407.0,392.0,394.5,10666
KRISHIVAL,2026-10-05,399.0,414.2,399.0,406.5,21443
KRISHNADEF,2026-09-28,1011.8,1018.8,983.7,995.8,55894
KRISHNADEF,2026-09-29,995.8,1030.0,986.6,1013.0,49354
KRISHNADEF,2026-09-30,1009.0,1047.0,1008.0,1032.8,60180
KRISHNADEF,2026-10-01,1026.0,1052.0,991.4,1000.9,66116
KRISHNADEF,2026-10-05,1020.0,1201.0,1006.8,1201.0,1437554
KRITI,2026-09-29,60.27,62.5,60.27,62.41,7772
KRITI,2026-09-30,63.8,63.8,60.46,61.0,10030
KRITI,2026-10-01,62.0,62.0,58.3,60.77,7823
KRITI,2026-10-02,60.77,60.77,60.77,60.77,0
KRITI,2026-10-05,62.0,62.0,58.12,60.92,3625
KRITIKA,2026-09-28,5.13,5.13,4.98,5.0,91647
KRITIKA,2026-09-29,5.12,5.12,4.62,5.01,160481
KRITIKA,2026-09-30,5.1,5.1,4.81,4.91,120247
KRITIKA,2026-10-01,4.91,5.04,4.9,4.91,85581
KRITIKA,2026-10-05,4.91,5.04,4.69,4.78,171751
KRITINUT,2026-09-28,77.35,79.0,73.62,75.54,46060
KRITINUT,2026-09-29,75.99,75.99,71.91,72.52,40415
KRITINUT,2026-09-30,72.65,73.89,68.9,69.81,60590
KRITINUT,2026-10-01,71.01,71.01,66.32,66.53,44496
KRITINUT,2026-10-05,68.74,69.85,66.55,69.26,18547
KRN,2026-09-29,1409.0,1455.0,1362.1,1443.1,385834
KRN,2026-09-30,1456.0,1481.0,1424.0,1436.5,184949
KRN,2026-10-01,1430.1,1436.0,1390.0,1414.7,168444
KRN,2026-10-02,1414.7,1414.7,1414.7,1414.7,0
KRN,2026-10-05,1426.0,1441.1,1373.0,1392.7,222245
KRONOX,2026-09-28,216.9,216.9,198.3,216.9,377726
KRONOX,2026-09-29,227.74,227.74,210.2,217.04,496174
KRONOX,2026-09-30,217.2,221.0,208.0,216.38,123311
KRONOX,2026-10-01,215.3,215.3,205.57,205.77,72814
KRONOX,2026-10-05,213.0,213.0,195.49,196.81,87005
KROSS,2026-09-28,267.0,271.79,258.3,260.23,518981
KROSS,2026-09-29,260.0,267.93,251.94,261.83,849539
KROSS,2026-09-30,262.0,268.0,258.12,263.05,623813
KROSS,2026-10-01,263.95,267.9,252.05,258.4,670329
KROSS,2026-10-05,260.0,264.15,252.1,253.6,413784
KRSNAA,2026-09-28,551.75,551.75,531.7,534.05,66624
KRSNAA,2026-09-29,540.0,559.0,529.0,553.6,158426
KRSNAA,2026-09-30,549.65,564.45,543.0,559.95,68107
KRSNAA,2026-10-01,559.95,559.95,539.05,554.85,77525
KRSNAA,2026-10-05,555.0,564.1,551.3,559.35,50372
KRYSTAL,2026-09-29,621.4,624.0,612.0,619.75,3889
KRYSTAL,2026-09-30,624.0,635.0,616.25,626.2,8802
KRYSTAL,2026-10-01,626.2,626.2,602.25,610.2,5346
KRYSTAL,2026-10-02,610.2,610.2,610.2,610.2,0
KRYSTAL,2026-10-05,607.0,683.95,607.0,654.65,41594
KSB,2026-09-28,814.05,815.1,797.25,801.25,56073
KSB,2026-09-29,801.25,855.0,796.55,824.8,755002
KSB,2026-09-30,860.0,900.0,841.0,856.1,5216083
KSB,2026-10-01,850.0,855.0,803.0,806.45,403813
KSB,2026-10-05,806.45,822.0,800.0,803.95,168357
KSCL,2026-09-29,770.0,785.0,731.25,742.1,375646
KSCL,2026-09-30,746.5,752.8,720.0,725.65,229047
KSCL,2026-10-01,725.65,739.4,703.35,715.1,156961
KSCL,2026-10-02,715.1,715.1,715.1,715.1,0
KSCL,2026-10-05,722.55,726.0,698.0,701.55,106240
KSE,2026-09-28,183.7,183.7,177.07,179.32,7569
KSE,2026-09-29,179.9,180.9,176.0,177.99,5760
KSE,2026-09-30,178.99,180.38,177.0,177.81,4570
KSE,2026-10-01,179.98,179.98,174.0,174.84,6272
KSE,2026-10-05,177.01,177.01,173.0,174.6,12774
KSHINTL,2026-09-28,1042.85,1046.7,975.6,984.55,321967
KSHINTL,2026-09-29,988.0,1035.0,985.25,1028.4,216731
KSHINTL,2026-09-30,1036.7,1040.2,1000.0,1001.1,165317
KSHINTL,2026-10-01,1005.0,1034.0,989.0,1028.2,214036
KSHINTL,2026-10-05,1031.6,1079.5,1027.3,1036.7,320114
KSHITIJPOL,2026-09-28,4.57,4.57,4.57,4.57,94196
KSHITIJPOL,2026-09-29,4.35,4.35,4.35,4.35,110597
KSHITIJPOL,2026-09-30,4.14,4.14,4.14,4.14,164889
KSHITIJPOL,2026-10-01,3.94,3.94,3.94,3.94,150511
KSHITIJPOL,2026-10-05,3.75,3.75,3.75,3.75,681473
KSL,2026-09-28,970.0,980.0,940.55,952.35,126983
KSL,2026-09-29,953.0,976.8,934.0,964.35,77343
KSL,2026-09-30,964.35,989.6,957.25,965.4,76255
KSL,2026-10-01,965.6,965.6,890.1,913.0,248373
KSL,2026-10-05,913.0,932.85,910.05,921.3,52793
KSOLVES,2026-09-28,253.95,254.65,243.0,245.5,76933
KSOLVES,2026-09-29,245.6,249.6,243.05,247.4,25013
KSOLVES,2026-09-30,247.4,251.5,245.0,248.8,19655
KSOLVES,2026-10-01,247.0,250.38,237.5,241.14,60635
KSOLVES,2026-10-05,244.14,251.0,243.0,248.86,42314
KSR,2026-09-28,38.75,38.87,36.57,37.1,17709
KSR,2026-09-29,37.1,38.15,35.25,37.56,18811
KSR,2026-09-30,37.69,39.43,37.69,39.32,39624
KSR,2026-10-01,39.43,40.85,37.36,37.38,15719
KSR,2026-10-05,37.38,38.9,37.38,38.35,9977
KTKBANK,2026-09-29,322.0,326.1,317.35,324.25,1248849
KTKBANK,2026-09-30,324.4,332.15,322.55,329.0,1004306
KTKBANK,2026-10-01,329.1,330.2,316.65,321.6,3306218
KTKBANK,2026-10-02,321.6,321.6,321.6,321.6,0
KTKBANK,2026-10-05,325.0,329.9,322.3,326.75,1078432
KUANTUM,2026-09-29,76.94,79.59,76.0,76.73,117773
KUANTUM,2026-09-30,77.06,78.08,76.0,76.35,68177
KUANTUM,2026-10-01,76.58,78.5,73.5,76.71,115445
KUANTUM,2026-10-02,76.71,76.71,76.71,76.71,0
KUANTUM,2026-10-05,77.05,78.8,75.01,76.43,126357
KUSUMGAR,2026-09-28,615.0,631.65,609.9,617.35,265287
KUSUMGAR,2026-09-29,619.9,628.85,600.05,606.25,228768
KUSUMGAR,2026-09-30,608.6,616.95,597.0,600.95,82582
KUSUMGAR,2026-10-01,601.0,602.9,577.0,592.55,165663
KUSUMGAR,2026-10-05,600.6,608.9,593.0,602.0,509162
KWIL,2026-09-29,40.09,41.8,39.61,41.0,14145023
KWIL,2026-09-30,41.22,41.22,39.0,39.22,9990414
KWIL,2026-10-01,39.22,39.59,37.61,38.36,8923982
KWIL,2026-10-02,38.36,38.36,38.36,38.36,0
KWIL,2026-10-05,38.73,39.22,37.71,37.88,7027970
LADDERUP,2026-09-28,52.04,52.45,52.0,52.45,35
LADDERUP,2026-09-29,50.35,52.4,50.1,50.25,518
LADDERUP,2026-09-30,50.75,51.98,49.0,51.98,1817
LADDERUP,2026-10-01,50.01,51.7,49.56,50.27,703
LADDERUP,2026-10-05,51.28,52.69,51.28,52.16,387
LAGNAM,2026-09-28,74.99,74.99,72.0,73.02,1174
LAGNAM,2026-09-29,73.99,73.99,71.12,72.02,12935
LAGNAM,2026-09-30,72.15,74.9,72.02,72.24,1580
LAGNAM,2026-10-01,75.78,75.78,71.5,71.9,1327
LAGNAM,2026-10-05,71.9,72.5,69.81,71.1,2247
LAHOTIOV,2026-09-28,40.8,40.8,39.2,40.2,5179
LAHOTIOV,2026-09-29,41.0,41.0,39.19,39.26,4167
LAHOTIOV,2026-09-30,40.0,42.0,40.0,41.25,7759
LAHOTIOV,2026-10-01,41.0,41.0,39.2,39.26,1923
LAHOTIOV,2026-10-05,38.95,40.0,38.9,39.98,479
LAKPRE,2026-09-28,5.09,5.09,5.09,5.09,0
LAKPRE,2026-09-29,5.34,5.34,4.84,5.24,520
LAKPRE,2026-09-30,5.34,5.34,4.98,5.25,107
LAKPRE,2026-10-01,5.25,5.25,5.25,5.25,1
LAKPRE,2026-10-05,5.25,5.25,5.25,5.25,299
LAKSHMIMIL,2026-09-28,7704.0,7710.0,7689.0,7689.5,18
LAKSHMIMIL,2026-09-29,7600.0,7799.5,7500.5,7620.0,65
LAKSHMIMIL,2026-09-30,7650.0,7874.0,7620.0,7632.5,38
LAKSHMIMIL,2026-10-01,7620.0,7839.0,7526.0,7819.5,11
LAKSHMIMIL,2026-10-05,7917.5,7996.5,7505.0,7855.0,17
LAL,2026-09-28,8.61,8.98,8.51,8.69,32309
LAL,2026-09-29,8.76,8.76,8.53,8.55,4755
LAL,2026-09-30,8.55,8.9,8.4,8.42,7950
LAL,2026-10-01,8.45,8.78,8.4,8.45,48289
LAL,2026-10-05,8.31,8.59,8.31,8.45,20120
LALITHAA,2026-09-29,358.0,375.0,357.35,375.0,6239745
LALITHAA,2026-09-30,384.0,393.75,375.5,381.9,6734536
LALITHAA,2026-10-01,386.05,395.0,367.3,387.85,7022551
LALITHAA,2026-10-02,387.85,387.85,387.85,387.85,0
LALITHAA,2026-10-05,390.8,406.0,385.65,392.6,3852094
LALPATHLAB,2026-09-28,1952.3,1965.2,1907.5,1942.1,137296
LALPATHLAB,2026-09-29,1943.6,1971.4,1930.6,1950.4,401450
LALPATHLAB,2026-09-30,1946.0,1994.0,1865.0,1987.0,525994
LALPATHLAB,2026-10-01,1975.7,2027.6,1936.2,2005.1,542969
LALPATHLAB,2026-10-05,2005.9,2026.0,1960.0,1971.3,350211
LAMBODHARA,2026-09-28,141.0,141.0,131.86,135.19,37259
LAMBODHARA,2026-09-29,137.79,137.99,131.5,135.41,14809
LAMBODHARA,2026-09-30,135.4,136.45,128.1,129.28,9370
LAMBODHARA,2026-10-01,130.28,135.89,125.66,128.64,16329
LAMBODHARA,2026-10-05,130.0,135.0,125.5,126.51,20982
LANCER,2026-09-28,11.62,12.0,11.43,11.62,198626
LANCER,2026-09-29,11.41,11.95,10.68,11.41,178590
LANCER,2026-09-30,11.64,11.79,11.31,11.45,136799
LANCER,2026-10-01,11.69,11.69,11.0,11.05,244904
LANCER,2026-10-05,11.34,11.34,11.05,11.15,101261
LANCORHOL,2026-09-28,33.69,33.69,32.0,32.16,84785
LANCORHOL,2026-09-29,32.1,33.76,31.7,33.58,119497
LANCORHOL,2026-09-30,33.45,33.5,32.06,32.83,61310
LANCORHOL,2026-10-01,32.64,33.6,31.36,31.59,83240
LANCORHOL,2026-10-05,31.44,33.0,31.0,31.22,51866
LANDMARK,2026-09-28,490.95,490.95,475.0,475.9,68767
LANDMARK,2026-09-29,484.0,537.85,475.0,487.0,16779945
LANDMARK,2026-09-30,479.9,495.5,471.0,475.7,949666
LANDMARK,2026-10-01,471.75,473.0,456.05,463.25,205673
LANDMARK,2026-10-05,465.0,475.0,456.0,470.7,196654
LANDSMILL,2026-09-28,0.72,0.74,0.66,0.74,15983718
LANDSMILL,2026-09-29,0.85,0.88,0.76,0.88,18968243
LANDSMILL,2026-09-30,0.96,0.96,0.96,0.96,5502985
LANDSMILL,2026-10-01,0.96,1.05,0.87,1.05,35042099
LANDSMILL,2026-10-05,1.08,1.14,0.98,1.03,20240417
LAOPALA,2026-09-29,156.0,157.99,153.01,156.71,79146
LAOPALA,2026-09-30,156.8,158.69,155.31,156.18,57031
LAOPALA,2026-10-01,156.18,158.4,153.45,156.11,104311
LAOPALA,2026-10-02,156.11,156.11,156.11,156.11,0
LAOPALA,2026-10-05,156.5,159.53,154.0,154.47,96190
LASA,2026-09-29,5.6,5.6,5.6,5.6,0
LASA,2026-09-30,5.6,5.6,5.6,5.6,0
LASA,2026-10-01,5.6,5.6,5.6,5.6,0
LASA,2026-10-02,5.6,5.6,5.6,5.6,0
LASA,2026-10-05,5.32,5.32,5.32,5.32,59554
LASERPOWER,2026-09-28,272.05,273.95,261.5,262.4,474329
LASERPOWER,2026-09-29,263.9,273.7,257.15,270.45,755964
LASERPOWER,2026-09-30,269.75,277.0,262.25,263.85,490611
LASERPOWER,2026-10-01,263.8,265.1,254.15,262.75,1298164
LASERPOWER,2026-10-05,267.55,270.0,258.0,267.75,523993
LATENTVIEW,2026-09-29,241.5,244.5,234.25,235.5,1133664
LATENTVIEW,2026-09-30,235.5,243.8,234.75,236.0,300979
LATENTVIEW,2026-10-01,236.2,239.2,230.0,234.48,421557
LATENTVIEW,2026-10-02,234.48,234.48,234.48,234.48,0
LATENTVIEW,2026-10-05,238.0,245.0,233.49,235.68,521787
LATTEYS,2026-09-28,20.45,21.1,20.26,20.75,60947
LATTEYS,2026-09-29,20.75,20.95,20.33,20.59,29919
LATTEYS,2026-09-30,20.89,21.49,20.6,20.91,64502
LATTEYS,2026-10-01,21.11,21.43,20.51,20.91,60087
LATTEYS,2026-10-05,20.91,21.43,20.36,20.4,23814
LAURUSLABS,2026-09-29,2020.7,2024.9,1979.0,1979.0,2431575
LAURUSLABS,2026-09-30,1993.0,2001.6,1955.1,1980.0,1397926
LAURUSLABS,2026-10-01,1973.6,2006.9,1952.1,1984.0,1459687
LAURUSLABS,2026-10-02,1984.0,1984.0,1984.0,1984.0,0
LAURUSLABS,2026-10-05,1994.0,2002.0,1955.1,1971.4,1374138
LAXMICOT,2026-09-28,13.2,13.4,13.01,13.25,8426
LAXMICOT,2026-09-29,13.1,13.4,12.69,12.85,9658
LAXMICOT,2026-09-30,12.84,13.5,12.84,13.01,18035
LAXMICOT,2026-10-01,13.0,13.6,13.0,13.3,4850
LAXMICOT,2026-10-05,13.3,13.3,12.71,12.91,13776
LAXMIDENTL,2026-09-28,197.1,198.76,191.07,192.7,52776
LAXMIDENTL,2026-09-29,193.26,194.9,191.22,192.49,34056
LAXMIDENTL,2026-09-30,194.38,196.97,190.35,191.42,66468
LAXMIDENTL,2026-10-01,191.5,195.7,189.45,193.87,61062
LAXMIDENTL,2026-10-05,195.76,200.0,189.0,190.54,40315
LAXMIINDIA,2026-09-28,124.75,124.75,117.52,118.26,91596
LAXMIINDIA,2026-09-29,118.84,121.0,114.51,118.84,141482
LAXMIINDIA,2026-09-30,118.84,121.5,118.71,121.1,68302
LAXMIINDIA,2026-10-01,121.0,121.0,116.63,119.02,51642
LAXMIINDIA,2026-10-05,118.11,121.19,112.1,112.94,134952
LCCINFOTEC,2026-09-28,4.27,4.27,4.02,4.02,172891
LCCINFOTEC,2026-09-29,4.06,4.16,3.82,3.9,165072
LCCINFOTEC,2026-09-30,3.9,4.05,3.76,4.02,79585
LCCINFOTEC,2026-10-01,4.1,4.21,3.85,3.9,17024
LCCINFOTEC,2026-10-05,3.99,4.08,3.71,3.71,34658
LCCPROJECT,2026-09-28,149.0,151.45,144.25,149.35,1692610
LCCPROJECT,2026-09-29,149.5,152.5,148.12,150.82,1143036
LCCPROJECT,2026-09-30,151.0,156.5,150.71,154.36,1848088
LCCPROJECT,2026-10-01,156.69,156.69,148.4,151.47,1009923
LCCPROJECT,2026-10-05,152.0,152.53,145.56,148.44,698295
LCL,2026-09-28,595.7,599.95,567.0,570.2,312247
LCL,2026-09-29,571.35,589.1,564.25,581.65,282585
LCL,2026-09-30,580.0,587.65,553.45,557.15,296716
LCL,2026-10-01,558.0,559.45,537.25,553.6,187699
LCL,2026-10-05,555.0,585.0,555.0,578.95,422806
LEAPIND,2026-09-29,135.0,139.6,133.94,137.44,1202434
LEAPIND,2026-09-30,137.44,142.4,136.51,137.78,814776
LEAPIND,2026-10-01,138.02,138.03,133.7,137.03,1240296
LEAPIND,2026-10-02,137.03,137.03,137.03,137.03,0
LEAPIND,2026-10-05,137.5,144.9,137.5,141.35,2945969
LEENEE,2026-09-29,7.54,7.9,7.3,7.58,7840
LEENEE,2026-09-30,7.84,7.84,7.28,7.58,5848
LEENEE,2026-10-01,7.22,7.8,7.22,7.59,1967
LEENEE,2026-10-02,7.59,7.59,7.59,7.59,0
LEENEE,2026-10-05,7.58,7.7,7.22,7.49,5617
LEMERITE,2026-09-28,21.5,21.6,20.01,20.01,238132
LEMERITE,2026-09-29,19.15,20.3,19.01,19.95,618998
LEMERITE,2026-09-30,19.9,20.38,19.0,19.93,598289
LEMERITE,2026-10-01,20.2,20.2,18.94,19.28,622057
LEMERITE,2026-10-05,19.9,20.18,18.73,20.04,177611
LEMONTREE,2026-09-29,103.82,104.7,102.0,104.17,1918428
LEMONTREE,2026-09-30,104.2,105.4,103.7,104.25,2167934
LEMONTREE,2026-10-01,104.25,111.6,104.25,107.67,32197118
LEMONTREE,2026-10-02,107.67,107.67,107.67,107.67,0
LEMONTREE,2026-10-05,108.18,108.64,106.8,107.86,3295164
LENSKART,2026-09-29,655.2,682.6,648.3,674.6,6208921
LENSKART,2026-09-30,684.35,698.1,672.4,685.05,6800271
LENSKART,2026-10-01,677.0,694.5,674.5,691.15,5044066
LENSKART,2026-10-02,691.15,691.15,691.15,691.15,0
LENSKART,2026-10-05,691.5,697.95,676.3,692.75,2961163
LEXUS,2026-09-28,13.12,13.12,12.02,12.18,22028
LEXUS,2026-09-29,12.44,12.44,11.32,11.82,25447
LEXUS,2026-09-30,11.82,12.38,11.51,11.76,15553
LEXUS,2026-10-01,11.97,11.97,9.58,10.56,173028
LEXUS,2026-10-05,11.0,11.15,10.15,10.81,22196
LFIC,2026-09-28,133.5,133.72,129.3,131.49,1660
LFIC,2026-09-29,130.0,132.9,129.06,129.51,1151
LFIC,2026-09-30,130.55,132.02,129.0,131.22,1406
LFIC,2026-10-01,129.03,137.9,127.5,133.82,384
LFIC,2026-10-05,129.01,132.0,127.6,128.62,1828
LGBBROSLTD,2026-09-28,1743.9,1752.5,1723.8,1730.6,30315
LGBBROSLTD,2026-09-29,1730.4,1742.5,1699.8,1730.1,26837
LGBBROSLTD,2026-09-30,1736.6,1761.0,1729.1,1730.1,9738
LGBBROSLTD,2026-10-01,1736.6,1738.7,1681.0,1711.1,50389
LGBBROSLTD,2026-10-05,1700.0,1716.8,1650.0,1663.5,27778
LGEINDIA,2026-09-29,1724.0,1743.9,1704.1,1739.2,622387
LGEINDIA,2026-09-30,1740.0,1740.0,1704.0,1723.5,421274
LGEINDIA,2026-10-01,1718.1,1743.1,1692.7,1721.8,560330
LGEINDIA,2026-10-02,1721.8,1721.8,1721.8,1721.8,0
LGEINDIA,2026-10-05,1715.0,1825.0,1715.0,1770.9,3145126
LGHL,2026-09-28,183.95,185.0,181.0,181.28,7788
LGHL,2026-09-29,184.92,185.0,178.0,178.72,7220
LGHL,2026-09-30,184.99,208.95,180.0,200.04,71282
LGHL,2026-10-01,204.04,224.82,200.15,219.47,148758
LGHL,2026-10-05,220.0,230.0,211.0,213.99,49302
LIBAS,2026-09-28,12.95,12.95,11.1,11.47,196682
LIBAS,2026-09-29,11.52,12.29,11.21,11.98,62782
LIBAS,2026-09-30,11.63,12.05,11.42,11.87,30725
LIBAS,2026-10-01,11.84,11.84,11.15,11.29,18202
LIBAS,2026-10-05,11.06,11.58,11.06,11.21,16049
LIBERTSHOE,2026-09-29,229.06,229.06,221.05,225.54,15992
LIBERTSHOE,2026-09-30,229.0,229.0,220.46,221.01,30337
LIBERTSHOE,2026-10-01,221.01,221.01,214.02,216.78,16325
LIBERTSHOE,2026-10-02,216.78,216.78,216.78,216.78,0
LIBERTSHOE,2026-10-05,217.87,219.94,211.01,212.42,20788
LICHSGFIN,2026-09-28,568.0,574.7,562.5,564.15,2923229
LICHSGFIN,2026-09-29,564.55,566.75,548.5,548.5,2870480
LICHSGFIN,2026-09-30,555.1,565.0,530.2,530.2,5474497
LICHSGFIN,2026-10-01,530.4,531.7,499.25,509.0,5986497
LICHSGFIN,2026-10-05,513.5,514.9,501.9,505.0,1494878
LICI,2026-09-29,400.0,401.0,390.0,390.0,9662972
LICI,2026-09-30,395.0,398.95,391.9,395.2,6311852
LICI,2026-10-01,394.0,396.75,386.0,391.85,5862855
LICI,2026-10-02,391.85,391.85,391.85,391.85,0
LICI,2026-10-05,392.5,394.8,385.5,388.7,6242567
LIKHITHA,2026-09-28,230.74,232.0,221.94,228.63,53337
LIKHITHA,2026-09-29,228.63,228.63,221.0,222.85,23060
LIKHITHA,2026-09-30,221.13,243.82,220.24,234.29,271910
LIKHITHA,2026-10-01,233.0,234.48,215.0,225.62,84998
LIKHITHA,2026-10-05,223.67,232.8,223.0,227.43,34535
LINC,2026-09-28,93.23,93.23,88.37,89.65,54257
LINC,2026-09-29,89.86,91.73,88.0,88.84,132429
LINC,2026-09-30,88.84,90.78,88.12,88.63,16141
LINC,2026-10-01,89.7,89.7,85.47,86.54,25684
LINC,2026-10-05,87.0,88.65,85.55,87.53,17881
LINCOLN,2026-09-29,583.0,595.9,582.0,584.3,15006
LINCOLN,2026-09-30,590.0,593.4,584.0,585.65,19291
LINCOLN,2026-10-01,584.0,585.65,572.25,582.05,61905
LINCOLN,2026-10-02,582.05,582.05,582.05,582.05,0
LINCOLN,2026-10-05,582.35,589.45,565.0,567.2,28961
LINDEINDIA,2026-09-28,6200.0,6370.5,6145.0,6191.0,33696
LINDEINDIA,2026-09-29,6190.0,6335.0,6175.0,6199.5,32043
LINDEINDIA,2026-09-30,6241.0,6366.0,6180.5,6323.0,28491
LINDEINDIA,2026-10-01,6380.5,6466.0,6187.0,6247.5,42491
LINDEINDIA,2026-10-05,6247.0,6322.5,5991.0,6041.0,43739
LKPSEC,2026-09-28,15.02,15.44,13.62,13.76,48874
LKPSEC,2026-09-29,13.9,14.44,13.7,14.27,4705
LKPSEC,2026-09-30,14.7,14.7,13.65,14.14,7198
LKPSEC,2026-10-01,14.3,14.83,13.93,14.56,13996
LKPSEC,2026-10-05,14.6,14.7,14.0,14.26,7059
LLOYDS,2026-09-25,59.0,63.0,58.7,63.0,12000
LLOYDS,2026-09-28,60.0,60.0,60.0,60.0,1000
LLOYDS,2026-09-29,57.1,60.0,57.0,60.0,8000
LLOYDS,2026-09-30,62.0,62.0,62.0,62.0,1000
LLOYDS,2026-10-01,62.0,62.0,58.9,59.45,11000
LLOYDSENGG,2026-09-29,95.97,103.45,95.1,102.19,39990276
LLOYDSENGG,2026-09-30,102.72,104.2,97.51,98.64,20659896
LLOYDSENGG,2026-10-01,98.14,99.25,94.65,98.31,15406969
LLOYDSENGG,2026-10-02,98.31,98.31,98.31,98.31,0
LLOYDSENGG,2026-10-05,99.35,103.4,98.75,102.2,20393622
LLOYDSENT,2026-09-29,76.3,80.4,75.12,79.13,4987982
LLOYDSENT,2026-09-30,79.7,82.1,78.68,79.23,4337499
LLOYDSENT,2026-10-01,79.0,79.07,75.7,77.95,3290009
LLOYDSENT,2026-10-02,77.95,77.95,77.95,77.95,0
LLOYDSENT,2026-10-05,77.17,80.8,77.17,79.63,3820423
LLOYDSME,2026-09-28,1834.9,1839.8,1807.0,1836.3,289529
LLOYDSME,2026-09-29,1840.3,1908.1,1822.7,1902.2,459165
LLOYDSME,2026-09-30,1902.5,1918.8,1870.0,1884.0,333292
LLOYDSME,2026-10-01,1878.5,1883.8,1767.0,1776.8,982427
LLOYDSME,2026-10-05,1780.1,1818.0,1780.1,1802.5,781536
LMW,2026-09-28,17176.0,17176.0,16858.0,16966.0,3440
LMW,2026-09-29,16967.0,17111.0,16761.0,16957.0,2629
LMW,2026-09-30,16961.0,17054.0,16800.0,16862.0,1450
LMW,2026-10-01,16862.0,16862.0,16257.0,16548.0,3047
LMW,2026-10-05,16465.0,16625.0,16301.0,16530.0,2863
LODHA,2026-09-28,1164.0,1165.0,1115.1,1117.1,1158114
LODHA,2026-09-29,1121.0,1128.0,1096.3,1106.6,7960815
LODHA,2026-09-30,1103.0,1135.0,1091.8,1135.0,1779057
LODHA,2026-10-01,1116.0,1129.0,1083.3,1105.6,2249380
LODHA,2026-10-05,1102.6,1140.2,1101.8,1132.5,1495653
LOKESHMACH,2026-09-28,340.3,341.85,325.0,326.1,27420
LOKESHMACH,2026-09-29,335.0,347.65,319.0,341.55,34155
LOKESHMACH,2026-09-30,345.0,369.5,341.75,365.9,76813
LOKESHMACH,2026-10-01,366.2,411.45,360.15,400.8,991506
LOKESHMACH,2026-10-05,407.0,451.0,393.6,446.25,1537371
LORDSCHLO,2026-09-28,160.0,160.0,146.74,148.2,86362
LORDSCHLO,2026-09-29,151.0,151.0,139.01,140.34,26426
LORDSCHLO,2026-09-30,143.0,144.7,137.15,138.54,11305
LORDSCHLO,2026-10-01,143.0,143.0,134.25,138.81,7956
LORDSCHLO,2026-10-05,138.9,141.9,136.0,137.66,11752
LOTUSCHO,2026-09-28,574.95,574.95,551.5,564.2,2604
LOTUSCHO,2026-09-29,556.1,567.0,544.0,554.55,5152
LOTUSCHO,2026-09-30,554.55,564.95,546.1,550.35,1679
LOTUSCHO,2026-10-01,542.1,563.95,536.0,540.35,2353
LOTUSCHO,2026-10-05,565.85,565.85,526.1,536.8,1183
LOTUSDEV,2026-09-29,206.0,217.8,202.15,214.15,910440
LOTUSDEV,2026-09-30,218.0,224.85,215.0,224.53,1330015
LOTUSDEV,2026-10-01,219.98,235.75,213.31,230.07,1685413
LOTUSDEV,2026-10-02,230.07,230.07,230.07,230.07,0
LOTUSDEV,2026-10-05,234.0,240.4,227.9,237.89,3260516
LOTUSEYE,2026-09-28,115.07,117.73,114.0,114.78,5720
LOTUSEYE,2026-09-29,115.0,117.0,112.62,113.2,11294
LOTUSEYE,2026-09-30,114.9,115.9,113.51,115.89,4479
LOTUSEYE,2026-10-01,116.6,116.6,114.65,115.68,5854
LOTUSEYE,2026-10-05,116.0,117.9,114.6,115.61,3544
LOVABLE,2026-09-28,69.68,72.01,68.5,70.21,14532
LOVABLE,2026-09-29,70.99,71.78,69.75,71.0,8575
LOVABLE,2026-09-30,71.0,72.45,69.8,71.05,3749
LOVABLE,2026-10-01,69.25,70.9,67.3,68.29,10164
LOVABLE,2026-10-05,70.0,70.4,68.41,68.8,6735
LOYALTEX,2026-09-29,210.1,212.99,206.25,207.28,475
LOYALTEX,2026-09-30,206.3,213.95,206.3,209.67,787
LOYALTEX,2026-10-01,209.95,215.0,207.0,207.5,156
LOYALTEX,2026-10-02,207.5,207.5,207.5,207.5,0
LOYALTEX,2026-10-05,207.5,207.5,206.5,206.5,116
LPDC,2026-09-28,6.51,6.59,6.36,6.41,26765
LPDC,2026-09-29,6.14,6.53,6.14,6.22,66105
LPDC,2026-09-30,6.2,6.44,6.11,6.18,50182
LPDC,2026-10-01,6.35,6.48,6.12,6.21,12938
LPDC,2026-10-05,6.41,6.41,6.2,6.3,13911
LRRPL,2026-09-25,97.0,97.0,93.5,93.5,10500
LRRPL,2026-09-28,96.0,98.15,95.0,98.15,40500
LRRPL,2026-09-29,103.0,103.05,103.0,103.05,28500
LRRPL,2026-09-30,108.0,108.2,108.0,108.2,12000
LRRPL,2026-10-01,110.0,113.6,107.0,109.95,27000
LT,2026-09-29,3768.0,3791.8,3740.2,3749.1001,2546475
LT,2026-09-30,3756.2,3786.5,3730.0,3760.0,2396040
LT,2026-10-01,3726.0,3737.3,3655.8999,3693.3999,2220932
LT,2026-10-02,3693.3999,3693.3999,3693.3999,3693.3999,0
LT,2026-10-05,3717.0,3750.0,3707.8,3750.0,2323437
LTF,2026-09-29,279.5,281.3,269.45,271.05,13974932
LTF,2026-09-30,272.0,273.25,264.9,265.0,6415013
LTF,2026-10-01,264.05,271.8,261.75,264.35,7097076
LTF,2026-10-02,264.35,264.35,264.35,264.35,0
LTF,2026-10-05,267.55,267.7,263.0,263.75,4100927
LTFOODS,2026-09-28,422.0,422.0,405.3,408.5,439195
LTFOODS,2026-09-29,407.0,413.8,401.2,402.8,351308
LTFOODS,2026-09-30,405.65,409.4,399.0,400.4,356756
LTFOODS,2026-10-01,399.0,402.75,389.1,399.15,813144
LTFOODS,2026-10-05,399.0,408.5,397.1,405.8,370391
LTM,2026-09-28,4098.8999,4132.3999,4018.2,4091.3999,408185
LTM,2026-09-29,4091.3999,4183.6001,3936.0,3936.0,1014142
LTM,2026-09-30,3979.8999,4138.0,3979.8999,4045.0,463734
LTM,2026-10-01,4001.7,4079.3999,3945.5,4007.0,479221
LTM,2026-10-05,4031.0,4073.0,3946.2,4010.0,216261
LTTS,2026-09-29,3211.6001,3227.3,3051.8,3081.6001,114793
LTTS,2026-09-30,3100.0,3254.8999,3100.0,3228.6001,146167
LTTS,2026-10-01,3199.1001,3280.0,3165.0,3267.8,80220
LTTS,2026-10-02,3267.8,3267.8,3267.8,3267.8,0
LTTS,2026-10-05,3305.1001,3305.8,3201.0,3219.5,62578
LUMAXIND,2026-09-28,5750.0,5752.5,5560.0,5676.0,9100
LUMAXIND,2026-09-29,5651.0,5861.5,5607.0,5691.5,25442
LUMAXIND,2026-09-30,5650.0,5750.0,5523.0,5568.5,12677
LUMAXIND,2026-10-01,5510.0,5600.0,5357.0,5550.0,16937
LUMAXIND,2026-10-05,5504.5,5595.5,5430.0,5439.0,7726
LUMAXTECH,2026-09-28,2041.0,2057.3999,2014.4,2032.0,78664
LUMAXTECH,2026-09-29,2032.0,2035.9,1972.3,2011.7,79524
LUMAXTECH,2026-09-30,2034.8,2099.0,2007.4,2076.7,137712
LUMAXTECH,2026-10-01,2063.8999,2063.8999,1948.1,1978.9,238440
LUMAXTECH,2026-10-05,1955.0,2001.1,1948.0,1967.6,60434
LUMINO,2026-09-28,105.5,107.98,103.56,104.79,4543583
LUMINO,2026-09-29,104.61,106.45,103.53,104.4,3576565
LUMINO,2026-09-30,104.4,106.19,101.7,102.46,3888707
LUMINO,2026-10-01,102.46,103.6,94.5,96.48,11824903
LUMINO,2026-10-05,98.4,100.68,97.54,98.88,5682856
LUPIN,2026-09-28,2087.8999,2098.6001,2056.0,2062.0,529550
LUPIN,2026-09-29,2076.0,2097.1001,2052.1001,2052.1001,942745
LUPIN,2026-09-30,2065.0,2071.7,2027.0,2030.2,1085192
LUPIN,2026-10-01,2030.3,2044.1,2004.2,2031.2,825892
LUPIN,2026-10-05,2015.4,2029.0,1996.3,2011.0,571453
LUXIND,2026-09-29,1112.1,1130.9,1094.5,1103.6,19114
LUXIND,2026-09-30,1103.6,1134.5,1101.0,1107.0,11916
LUXIND,2026-10-01,1100.0,1103.9,1070.2,1092.0,16586
LUXIND,2026-10-02,1092.0,1092.0,1092.0,1092.0,0
LUXIND,2026-10-05,1092.0,1220.0,1092.0,1183.9,58898
LXCHEM,2026-09-29,177.56,178.99,172.72,176.49,922542
LXCHEM,2026-09-30,176.0,182.2,176.0,177.36,710755
LXCHEM,2026-10-01,177.37,184.48,171.07,181.39,1470337
LXCHEM,2026-10-02,181.39,181.39,181.39,181.39,0
LXCHEM,2026-10-05,182.0,183.94,176.8,177.08,843634
LYKALABS,2026-09-28,84.14,85.85,84.14,84.14,1850
LYKALABS,2026-09-29,82.46,82.46,82.46,82.46,1191
LYKALABS,2026-09-30,83.21,84.1,83.21,83.21,27299
LYKALABS,2026-10-01,81.55,81.7,81.55,81.55,2701
LYKALABS,2026-10-05,81.6,82.98,77.48,77.48,36896
M&M,2026-09-29,2986.0,2991.0,2947.8,2947.8,3270487
M&M,2026-09-30,2925.0,2986.0,2925.0,2950.0,2332540
M&M,2026-10-01,2926.0,2927.3999,2812.0,2860.0,5453321
M&M,2026-10-02,2860.0,2860.0,2860.0,2860.0,0
M&M,2026-10-05,2857.5,2874.0,2825.1001,2857.6001,3307236
M&MFIN,2026-09-29,327.0,331.35,325.3,328.05,1791118
M&MFIN,2026-09-30,328.75,333.25,322.65,324.85,920944
M&MFIN,2026-10-01,323.95,325.4,315.45,319.75,3088333
M&MFIN,2026-10-02,319.75,319.75,319.75,319.75,0
M&MFIN,2026-10-05,324.7,340.3,321.0,326.2,3956735
MAANALU,2026-09-28,101.95,103.42,99.01,100.86,82234
MAANALU,2026-09-29,102.9,102.9,99.76,100.62,25135
MAANALU,2026-09-30,102.63,102.63,99.81,100.17,29710
MAANALU,2026-10-01,100.0,102.4,96.0,99.34,65004
MAANALU,2026-10-05,103.4,106.5,101.1,104.98,139433
MACPOWER,2026-09-28,2170.0,2226.0,2116.0,2194.6001,148082
MACPOWER,2026-09-29,2190.0,2190.0,2085.3,2128.1001,55501
MACPOWER,2026-09-30,2165.5,2183.6001,2080.0,2096.0,40395
MACPOWER,2026-10-01,2135.0,2234.7,2060.1001,2144.8,97223
MACPOWER,2026-10-05,2180.0,2251.0,2121.0,2160.5,64476
MADHAV,2026-09-28,36.49,36.49,34.2,35.82,3862
MADHAV,2026-09-29,35.1,35.5,34.2,34.81,107
MADHAV,2026-09-30,34.81,35.89,34.1,34.16,4441
MADHAV,2026-10-01,35.5,36.45,33.61,34.49,2418
MADHAV,2026-10-05,34.49,35.19,33.7,34.08,5497
MADHAVBAUG,2026-09-25,160.05,162.0,160.0,161.25,5200
MADHAVBAUG,2026-09-28,160.0,169.25,160.0,165.0,19600
MADHAVBAUG,2026-09-29,172.9,173.25,165.0,167.8,18800
MADHAVBAUG,2026-09-30,170.0,175.0,166.0,172.5,48000
MADHAVBAUG,2026-10-01,172.0,179.1,170.0,177.55,11600
MADHAVIPL,2026-09-29,7.4,7.6,7.21,7.41,57075
MADHAVIPL,2026-09-30,7.38,7.58,7.21,7.31,97889
MADHAVIPL,2026-10-01,7.31,7.49,6.93,7.31,58715
MADHAVIPL,2026-10-02,7.31,7.31,7.31,7.31,0
MADHAVIPL,2026-10-05,7.32,7.39,7.13,7.26,54097
MADHUCON,2026-09-28,4.27,4.27,3.99,3.99,65062
MADHUCON,2026-09-29,4.14,4.14,3.88,4.05,18329
MADHUCON,2026-09-30,4.1,4.25,3.91,4.19,39757
MADHUCON,2026-10-01,4.29,4.29,3.99,3.99,53394
MADHUCON,2026-10-05,3.99,4.1,3.84,3.88,32001
MADHUSUDAN,2026-09-25,229.0,235.5,229.0,235.5,18000
MADHUSUDAN,2026-09-28,246.45,246.5,241.5,241.75,22000
MADHUSUDAN,2026-09-29,233.25,245.9,233.25,240.0,18000
MADHUSUDAN,2026-09-30,240.0,245.25,235.0,236.25,16000
MADHUSUDAN,2026-10-01,230.25,236.0,230.25,234.65,7000
MADRASFERT,2026-09-28,60.18,60.21,59.02,59.18,40427
MADRASFERT,2026-09-29,60.4,60.4,58.11,58.55,29421
MADRASFERT,2026-09-30,58.5,59.69,58.5,58.77,34224
MADRASFERT,2026-10-01,58.55,58.55,57.06,57.46,18994
MADRASFERT,2026-10-05,57.26,58.49,57.26,57.61,26758
MAFATIND,2026-09-29,115.3,116.99,115.2,115.29,17637
MAFATIND,2026-09-30,117.98,118.99,115.75,117.54,19676
MAFATIND,2026-10-01,117.8,118.49,114.0,114.38,19878
MAFATIND,2026-10-02,114.38,114.38,114.38,114.38,0
MAFATIND,2026-10-05,115.0,116.73,106.41,109.26,85412
MAGADSUGAR,2026-09-28,556.95,572.85,536.5,541.2,59339
MAGADSUGAR,2026-09-29,544.85,545.1,528.1,536.7,12714
MAGADSUGAR,2026-09-30,540.65,548.4,527.3,531.25,16452
MAGADSUGAR,2026-10-01,533.1,533.1,504.05,511.75,32778
MAGADSUGAR,2026-10-05,513.0,558.95,513.0,539.4,93291
MAGNUM,2026-09-28,18.83,19.54,18.71,18.88,8647
MAGNUM,2026-09-29,19.0,19.0,18.52,18.57,6746
MAGNUM,2026-09-30,18.51,19.15,18.4,18.48,13633
MAGNUM,2026-10-01,18.4,18.98,18.16,18.62,1812
MAGNUM,2026-10-05,18.36,18.99,17.92,18.26,36427
MAGSON,2026-09-25,185.0,185.0,180.0,180.0,271000
MAGSON,2026-09-28,175.0,181.55,175.0,179.6,258000
MAGSON,2026-09-29,179.6,180.15,175.0,180.1,250000
MAGSON,2026-09-30,180.0,180.0,179.0,180.0,209000
MAGSON,2026-10-01,179.5,180.5,178.0,179.35,24000
MAHABANK,2026-09-29,80.7,80.74,79.16,79.16,23053186
MAHABANK,2026-09-30,80.0,81.5,79.37,79.37,19568168
MAHABANK,2026-10-01,79.37,81.13,78.87,80.5,9608211
MAHABANK,2026-10-02,80.5,80.5,80.5,80.5,0
MAHABANK,2026-10-05,81.01,82.4,79.85,80.9,13114830
MAHAPEXLTD,2026-09-28,51.51,53.84,50.52,51.08,12763
MAHAPEXLTD,2026-09-29,50.65,52.5,50.21,50.82,5068
MAHAPEXLTD,2026-09-30,50.37,52.0,50.37,51.0,6541
MAHAPEXLTD,2026-10-01,50.52,51.5,49.1,50.18,11656
MAHAPEXLTD,2026-10-05,53.3,53.3,50.12,50.46,2377
MAHASTEEL,2026-09-28,1229.9,1240.0,1191.1,1224.6,1425
MAHASTEEL,2026-09-29,1193.9,1211.0,1180.2,1201.6,347
MAHASTEEL,2026-09-30,1195.6,1209.0,1167.0,1189.0,987
MAHASTEEL,2026-10-01,1142.2,1199.9,1131.1,1182.5,3755
MAHASTEEL,2026-10-05,1179.9,1195.0,1139.0,1167.1,877
MAHEPC,2026-09-29,98.9,98.9,95.3,96.78,12834
MAHEPC,2026-09-30,97.01,98.48,96.3,96.74,10903
MAHEPC,2026-10-01,97.07,97.9,95.0,96.3,13455
MAHEPC,2026-10-02,96.3,96.3,96.3,96.3,0
MAHEPC,2026-10-05,96.3,98.0,96.3,96.75,5017
MAHESHWARI,2026-09-28,74.49,76.0,71.21,71.61,10397
MAHESHWARI,2026-09-29,72.0,74.5,70.8,73.53,15307
MAHESHWARI,2026-09-30,74.0,74.0,73.05,73.43,13129
MAHESHWARI,2026-10-01,75.68,75.68,69.5,69.95,11065
MAHESHWARI,2026-10-05,70.0,73.0,70.0,72.48,11965
MAHICKRA,2026-09-25,304.8,304.8,304.8,304.8,750
MAHICKRA,2026-09-28,301.0,301.0,301.0,301.0,750
MAHICKRA,2026-09-29,299.95,300.0,285.1,295.0,2250
MAHICKRA,2026-09-30,285.0,285.0,280.0,280.0,2250
MAHICKRA,2026-10-01,273.0,294.95,273.0,289.0,18000
MAHLIFE,2026-09-28,355.0,363.95,348.1,363.1,130765
MAHLIFE,2026-09-29,361.0,364.1,354.4,361.0,88650
MAHLIFE,2026-09-30,357.2,362.7,353.05,360.3,92476
MAHLIFE,2026-10-01,357.1,364.85,345.85,351.15,103902
MAHLIFE,2026-10-05,351.5,358.5,346.75,351.1,150442
MAHLOG,2026-09-28,420.15,433.9,416.65,421.8,461716
MAHLOG,2026-09-29,420.1,436.4,415.8,425.7,458867
MAHLOG,2026-09-30,427.0,439.75,423.25,435.85,367227
MAHLOG,2026-10-01,429.8,433.0,410.2,416.4,243388
MAHLOG,2026-10-05,416.75,419.4,405.25,406.75,140892
MAHSCOOTER,2026-09-28,13100.0,13100.0,12721.0,12804.0,2210
MAHSCOOTER,2026-09-29,12804.0,12804.0,12110.0,12341.0,33036
MAHSCOOTER,2026-09-30,12300.0,12645.0,12300.0,12576.0,5414
MAHSCOOTER,2026-10-01,12686.0,12686.0,12180.0,12380.0,7480
MAHSCOOTER,2026-10-05,12441.0,12622.0,12353.0,12507.0,5117
MAHSEAMLES,2026-09-29,710.8,726.65,698.0,721.85,534025
MAHSEAMLES,2026-09-30,725.0,768.0,721.95,737.65,1572414
MAHSEAMLES,2026-10-01,732.0,734.4,682.0,698.75,458963
MAHSEAMLES,2026-10-02,698.75,698.75,698.75,698.75,0
MAHSEAMLES,2026-10-05,700.0,705.95,680.55,685.05,197651
MAITHANALL,2026-09-28,960.85,960.9,935.7,939.0,53140
MAITHANALL,2026-09-29,940.0,941.45,921.55,928.2,39509
MAITHANALL,2026-09-30,930.0,955.05,918.1,925.25,52211
MAITHANALL,2026-10-01,911.0,934.85,901.0,927.0,75762
MAITHANALL,2026-10-05,927.0,930.0,904.5,905.6,35120
MAITREYA,2026-09-25,116.5,116.5,111.05,112.0,5600
MAITREYA,2026-09-28,115.0,120.5,110.6,112.15,5600
MAITREYA,2026-09-29,108.0,109.5,107.3,109.05,2000
MAITREYA,2026-09-30,114.0,114.0,114.0,114.0,400
MAITREYA,2026-10-01,114.0,121.0,112.0,117.4,2800
MAJESAUT,2026-09-28,366.1,374.7,360.0,362.75,2259
MAJESAUT,2026-09-29,366.35,366.35,355.6,364.65,704
MAJESAUT,2026-09-30,364.0,369.95,355.0,367.8,2477
MAJESAUT,2026-10-01,369.5,369.95,357.65,366.2,1143
MAJESAUT,2026-10-05,375.0,375.0,360.05,365.8,867
MAKERSL,2026-09-28,186.01,192.99,180.0,181.13,1042
MAKERSL,2026-09-29,180.05,188.3,179.99,181.38,1347
MAKERSL,2026-09-30,181.4,189.49,178.0,181.75,1070
MAKERSL,2026-10-01,185.0,187.4,175.0,183.5,4971
MAKERSL,2026-10-05,180.5,187.49,175.0,177.4,822
MAKS,2026-09-28,15.0,15.0,15.0,15.0,0
MAKS,2026-09-29,15.0,15.0,15.0,15.0,0
MAKS,2026-09-30,15.0,15.0,15.0,15.0,0
MAKS,2026-10-01,15.0,15.0,15.0,15.0,0
MAKS,2026-10-02,15.0,15.0,15.0,15.0,0
MAL,2026-09-25,41.75,41.75,41.75,41.75,0
MAL,2026-09-28,41.75,41.75,41.75,41.75,0
MAL,2026-09-29,40.05,40.05,40.05,40.05,1600
MAL,2026-09-30,38.2,41.9,38.2,41.0,9600
MAL,2026-10-01,41.0,41.5,41.0,41.0,4800
MALLCOM,2026-09-28,951.75,961.7,930.0,937.9,2381
MALLCOM,2026-09-29,937.7,949.55,935.0,939.65,535
MALLCOM,2026-09-30,939.6,965.5,936.2,938.95,1522
MALLCOM,2026-10-01,938.45,945.0,920.0,935.2,3251
MALLCOM,2026-10-05,920.1,939.85,910.1,911.65,6306
MALUPAPER,2026-09-28,32.5,32.5,31.66,31.9,1775
MALUPAPER,2026-09-29,31.7,32.29,31.25,31.68,6545
MALUPAPER,2026-09-30,32.3,32.59,31.45,31.47,12910
MALUPAPER,2026-10-01,31.45,31.5,30.47,31.04,7568
MALUPAPER,2026-10-05,31.01,32.85,30.7,31.19,16905
MAMATA,2026-09-28,413.3,413.5,399.1,401.2,616273
MAMATA,2026-09-29,400.0,407.95,392.0,399.5,54563
MAMATA,2026-09-30,406.0,412.15,396.0,398.8,29583
MAMATA,2026-10-01,399.6,404.9,389.3,399.9,63090
MAMATA,2026-10-05,403.0,405.9,392.8,402.95,57051
MANAKALUCO,2026-09-28,35.99,36.01,34.0,34.39,47731
MANAKALUCO,2026-09-29,35.4,35.4,34.1,34.71,34937
MANAKALUCO,2026-09-30,34.5,35.22,34.1,34.32,20753
MANAKALUCO,2026-10-01,34.55,34.55,33.0,33.76,43425
MANAKALUCO,2026-10-05,34.95,34.95,33.5,33.66,33311
MANAKCOAT,2026-09-28,131.4,132.29,124.57,125.54,752268
MANAKCOAT,2026-09-29,125.54,128.59,125.13,127.29,216998
MANAKCOAT,2026-09-30,126.28,129.19,126.0,126.98,218743
MANAKCOAT,2026-10-01,126.1,127.5,124.5,126.59,539492
MANAKCOAT,2026-10-05,129.7,129.98,125.1,126.17,157959
MANAKSIA,2026-09-28,63.9,64.7,58.25,60.19,52835
MANAKSIA,2026-09-29,60.02,62.4,58.53,61.66,78476
MANAKSIA,2026-09-30,61.0,62.7,59.11,59.99,43003
MANAKSIA,2026-10-01,59.63,60.75,58.22,59.56,30068
MANAKSIA,2026-10-05,60.0,60.68,57.4,57.99,44912
MANAKSTEEL,2026-09-28,105.5,110.33,105.5,110.13,43958
MANAKSTEEL,2026-09-29,109.9,115.63,107.2,112.57,45890
MANAKSTEEL,2026-09-30,110.3,116.0,108.05,110.33,18922
MANAKSTEEL,2026-10-01,110.33,113.11,104.82,108.89,23191
MANAKSTEEL,2026-10-05,108.89,108.89,103.45,103.7,19076
MANALIPETC,2026-09-29,82.09,82.44,78.82,80.18,1173799
MANALIPETC,2026-09-30,80.65,82.75,80.18,80.98,828103
MANALIPETC,2026-10-01,81.05,81.06,75.56,78.15,1364744
MANALIPETC,2026-10-02,78.15,78.15,78.15,78.15,0
MANALIPETC,2026-10-05,80.53,91.9,80.1,87.19,30033782
MANAPPURAM,2026-09-29,312.5,317.8,308.55,316.45,9763639
MANAPPURAM,2026-09-30,316.45,322.65,312.95,315.85,3430831
MANAPPURAM,2026-10-01,315.85,317.45,303.35,308.9,7653852
MANAPPURAM,2026-10-02,308.9,308.9,308.9,308.9,0
MANAPPURAM,2026-10-05,311.0,314.45,308.55,310.7,3951162
MANAV,2026-09-23,40.75,40.75,40.75,40.75,0
MANAV,2026-09-29,40.75,40.75,40.75,40.75,0
MANAV,2026-09-30,40.75,40.75,40.75,40.75,0
MANAV,2026-10-01,40.75,40.75,40.75,40.75,0
MANAV,2026-10-02,40.75,40.75,40.75,40.75,0
MANBA,2026-09-28,137.2,142.0,137.2,137.68,148229
MANBA,2026-09-29,137.11,140.89,136.5,136.52,206749
MANBA,2026-09-30,137.6,138.95,136.0,136.84,93564
MANBA,2026-10-01,137.3,139.7,136.0,139.01,229896
MANBA,2026-10-05,142.49,143.5,138.24,138.6,86785
MANCREDIT,2026-09-28,220.15,221.21,215.1,217.4,130047
MANCREDIT,2026-09-29,216.0,220.0,213.82,217.36,150144
MANCREDIT,2026-09-30,215.19,224.9,215.19,220.73,132906
MANCREDIT,2026-10-01,218.9,224.4,216.2,218.97,98616
MANCREDIT,2026-10-05,217.25,223.5,215.85,221.1,128353
MANDEEP,2026-09-25,18.0,18.05,18.0,18.05,12000
MANDEEP,2026-09-28,18.05,18.05,18.05,18.05,0
MANDEEP,2026-09-29,17.8,17.8,17.8,17.8,2000
MANDEEP,2026-09-30,18.25,18.25,18.15,18.15,14000
MANDEEP,2026-10-01,17.5,18.4,17.25,18.4,18000
MANGALAM,2026-09-28,32.34,32.4,30.5,30.9,35269
MANGALAM,2026-09-29,30.5,32.19,30.11,31.39,30962
MANGALAM,2026-09-30,31.39,31.93,29.51,30.74,42421
MANGALAM,2026-10-01,30.6,30.89,28.85,29.15,34164
MANGALAM,2026-10-05,29.8,30.12,28.0,29.19,52253
MANGLMCEM,2026-09-28,1022.2,1025.3,995.8,1000.5,31479
MANGLMCEM,2026-09-29,1000.0,1023.0,981.7,985.8,47664
MANGLMCEM,2026-09-30,982.6,1021.8,982.6,993.2,85822
MANGLMCEM,2026-10-01,989.9,998.8,968.0,984.65,188691
MANGLMCEM,2026-10-05,984.0,1007.4,974.2,990.8,85465
MANIKA,2026-09-28,41.99,43.0,40.55,41.37,1018884
MANIKA,2026-09-29,41.0,42.2,40.0,41.83,315655
MANIKA,2026-09-30,42.0,43.52,40.99,42.34,934281
MANIKA,2026-10-01,42.0,43.1,41.0,41.98,397420
MANIKA,2026-10-05,41.98,43.5,41.0,43.11,672015
MANINDS,2026-09-28,1020.0,1030.9,943.7,953.35,1294722
MANINDS,2026-09-29,950.1,970.2,900.15,959.6,1000872
MANINDS,2026-09-30,962.0,992.95,898.25,907.35,1072563
MANINDS,2026-10-01,907.05,930.5,868.4,921.55,998005
MANINDS,2026-10-05,931.0,940.0,883.1,888.25,452704
MANINFRA,2026-09-28,130.96,131.95,126.1,127.43,4320307
MANINFRA,2026-09-29,126.95,130.0,125.11,127.9,2651032
MANINFRA,2026-09-30,128.0,129.4,125.28,126.86,1599762
MANINFRA,2026-10-01,125.6,126.49,123.01,124.3,1251549
MANINFRA,2026-10-05,124.9,126.36,122.07,123.78,1016360
MANIPALHOS,2026-09-29,719.9,760.0,717.1,747.75,1423408
MANIPALHOS,2026-09-30,749.8,752.3,703.15,708.3,2679610
MANIPALHOS,2026-10-01,701.6,710.1,683.0,696.0,977241
MANIPALHOS,2026-10-02,696.0,696.0,696.0,696.0,0
MANIPALHOS,2026-10-05,696.0,701.3,662.35,667.0,780056
MANKIND,2026-09-29,2436.8,2559.0,2436.8,2545.0,1973968
MANKIND,2026-09-30,2545.0,2552.0,2455.0,2503.8,1311278
MANKIND,2026-10-01,2500.0,2535.0,2476.1001,2535.0,427905
MANKIND,2026-10-02,2535.0,2535.0,2535.0,2535.0,0
MANKIND,2026-10-05,2533.1001,2539.3,2464.7,2479.0,527032
MANOMAY,2026-09-28,230.0,230.0,224.34,228.58,218432
MANOMAY,2026-09-29,230.9,238.0,229.18,236.46,363665
MANOMAY,2026-09-30,238.5,244.9,234.17,240.66,491051
MANOMAY,2026-10-01,245.0,245.43,235.3,240.08,323589
MANOMAY,2026-10-05,240.0,245.0,233.0,237.09,248015
MANORAMA,2026-09-29,1865.1,1895.4,1832.5,1863.5,162648
MANORAMA,2026-09-30,1865.0,1879.4,1844.8,1852.8,123908
MANORAMA,2026-10-01,1830.1,1924.9,1824.0,1880.3,485712
MANORAMA,2026-10-02,1880.3,1880.3,1880.3,1880.3,0
MANORAMA,2026-10-05,1880.3,1959.0,1879.9,1944.9,299321
MANORG,2026-09-28,452.55,454.9,446.3,446.55,6970
MANORG,2026-09-29,452.15,459.7,445.0,447.7,4540
MANORG,2026-09-30,447.05,456.4,445.35,452.25,6490
MANORG,2026-10-01,456.9,456.9,429.65,436.8,5487
MANORG,2026-10-05,449.7,449.95,424.0,432.3,2059
MANUGRAPH,2026-09-28,18.83,18.83,18.83,18.83,14299
MANUGRAPH,2026-09-29,17.89,17.89,17.89,17.89,15910
MANUGRAPH,2026-09-30,17.0,17.88,17.0,17.32,133871
MANUGRAPH,2026-10-01,17.17,17.17,16.46,16.46,45086
MANUGRAPH,2026-10-05,16.69,16.69,15.64,16.3,61654
MANYAVAR,2026-09-28,526.0,543.25,520.25,541.3,165833
MANYAVAR,2026-09-29,540.0,540.0,529.05,531.7,127295
MANYAVAR,2026-09-30,534.25,541.0,527.9,535.1,127982
MANYAVAR,2026-10-01,530.0,535.0,514.75,519.2,106163
MANYAVAR,2026-10-05,522.6,527.9,507.65,521.3,917319
MAPMYINDIA,2026-09-29,870.1,873.9,840.0,845.2,329311
MAPMYINDIA,2026-09-30,854.0,873.4,849.1,858.1,121081
MAPMYINDIA,2026-10-01,860.0,870.0,833.15,845.75,92181
MAPMYINDIA,2026-10-02,845.75,845.75,845.75,845.75,0
MAPMYINDIA,2026-10-05,854.45,880.0,853.05,873.4,124043
MARALOVER,2026-09-28,58.32,61.1,57.0,59.37,18325
MARALOVER,2026-09-29,61.29,64.75,60.0,61.09,23652
MARALOVER,2026-09-30,61.5,61.74,57.0,60.31,23420
MARALOVER,2026-10-01,58.75,59.7,56.25,57.7,20740
MARALOVER,2026-10-05,58.01,61.0,57.1,57.59,5615
MARATHON,2026-09-28,404.0,409.9,391.85,392.8,75974
MARATHON,2026-09-29,389.65,400.0,382.2,384.9,56359
MARATHON,2026-09-30,385.15,394.4,384.15,389.15,29572
MARATHON,2026-10-01,388.75,393.95,373.2,388.1,84020
MARATHON,2026-10-05,396.5,396.5,377.1,380.3,42873
MARC,2026-09-25,149.95,152.0,144.1,148.05,3600
MARC,2026-09-28,148.0,148.0,148.0,148.0,2400
MARC,2026-09-29,147.9,148.0,147.9,147.95,2400
MARC,2026-09-30,147.95,147.95,147.95,147.95,0
MARC,2026-10-01,141.0,144.95,141.0,144.95,6000
MARCO,2026-09-28,28.2,28.2,28.2,28.2,1500
MARCO,2026-09-29,30.85,30.85,28.65,29.25,25500
MARCO,2026-09-30,29.95,29.95,29.95,29.95,1500
MARCO,2026-10-01,29.95,29.95,29.95,29.95,0
MARCO,2026-10-02,29.95,29.95,29.95,29.95,0
MARICO,2026-09-28,815.0,815.0,804.2,813.25,1076911
MARICO,2026-09-29,805.1,809.1,787.15,787.15,1626109
MARICO,2026-09-30,789.85,799.25,786.0,786.0,2455494
MARICO,2026-10-01,786.0,791.0,766.25,781.35,1777571
MARICO,2026-10-05,783.7,814.0,780.0,790.0,3353812
MARINE,2026-09-29,429.3,444.5,423.0,438.25,1949017
MARINE,2026-09-30,440.4,446.05,416.65,429.55,1225757
MARINE,2026-10-01,425.0,439.5,419.3,436.55,1481138
MARINE,2026-10-02,436.55,436.55,436.55,436.55,0
MARINE,2026-10-05,441.0,474.9,441.0,469.15,5426250
MARINETRAN,2026-09-28,13.85,13.85,13.85,13.85,0
MARINETRAN,2026-09-29,14.5,14.5,14.5,14.5,4000
MARINETRAN,2026-09-30,14.5,14.5,14.5,14.5,0
MARINETRAN,2026-10-01,14.5,14.5,14.5,14.5,0
MARINETRAN,2026-10-02,14.5,14.5,14.5,14.5,0
MARKOLINES,2026-09-28,172.97,173.75,167.55,168.21,91766
MARKOLINES,2026-09-29,168.61,168.78,165.1,167.82,83177
MARKOLINES,2026-09-30,169.59,170.2,166.4,167.72,473817
MARKOLINES,2026-10-01,168.08,169.49,161.21,167.26,208712
MARKOLINES,2026-10-05,169.76,173.0,167.45,169.29,308259
MARKSANS,2026-09-29,333.0,347.4,332.95,342.75,4594619
MARKSANS,2026-09-30,344.0,345.9,321.0,322.3,3253271
MARKSANS,2026-10-01,322.05,332.5,318.15,325.6,2445782
MARKSANS,2026-10-02,325.6,325.6,325.6,325.6,0
MARKSANS,2026-10-05,327.2,333.0,324.6,331.65,1566583
MARSONS,2026-09-29,120.13,121.9,117.5,117.96,1466921
MARSONS,2026-09-30,117.85,119.25,114.11,115.44,1066194
MARSONS,2026-10-01,114.77,116.99,113.66,114.26,1908792
MARSONS,2026-10-02,114.26,114.26,114.26,114.26,0
MARSONS,2026-10-05,114.8,117.8,113.4,114.3,1836935
MARUTI,2026-09-28,12065.0,12116.0,11944.0,12008.0,301830
MARUTI,2026-09-29,12046.0,12046.0,11831.0,11877.0,519770
MARUTI,2026-09-30,11901.0,12065.0,11879.0,11967.0,430286
MARUTI,2026-10-01,11900.0,11907.0,11305.0,11386.0,885820
MARUTI,2026-10-05,11386.0,11544.0,11305.0,11532.0,757011
MASFIN,2026-09-29,279.0,287.0,273.15,281.4,224150
MASFIN,2026-09-30,278.45,284.95,274.65,282.7,197774
MASFIN,2026-10-01,282.7,282.7,268.95,272.85,188700
MASFIN,2026-10-02,272.85,272.85,272.85,272.85,0
MASFIN,2026-10-05,272.4,276.95,266.55,267.75,115766
MASKINVEST,2026-09-28,145.0,145.0,140.25,141.71,330
MASKINVEST,2026-09-29,148.0,148.79,141.71,147.18,57
MASKINVEST,2026-09-30,154.0,154.0,142.0,150.95,468
MASKINVEST,2026-10-01,144.2,145.63,143.41,143.41,84
MASKINVEST,2026-10-05,149.9,149.9,142.37,142.37,83
MASON,2026-09-25,107.35,113.0,107.0,113.0,22500
MASON,2026-09-28,111.0,111.0,107.0,108.0,8000
MASON,2026-09-29,106.7,108.5,104.0,107.25,9000
MASON,2026-09-30,106.75,109.65,103.05,107.85,22000
MASON,2026-10-01,108.0,108.0,105.0,105.0,4000
MASTEK,2026-09-29,1559.8,1569.0,1518.0,1523.4,56384
MASTEK,2026-09-30,1515.0,1583.8,1514.6,1562.8,139740
MASTEK,2026-10-01,1554.2,1586.6,1536.0,1555.6,72494
MASTEK,2026-10-02,1555.6,1555.6,1555.6,1555.6,0
MASTEK,2026-10-05,1591.4,1633.9,1590.0,1608.2,118393
MASTER,2026-09-25,404.0,404.0,395.0,395.0,1500
MASTER,2026-09-28,382.4,392.0,381.0,392.0,2000
MASTER,2026-09-29,395.0,399.0,375.0,390.0,3500
MASTER,2026-09-30,390.0,390.0,390.0,390.0,0
MASTER,2026-10-01,380.0,404.0,380.0,404.0,1500
MASTERTR,2026-09-28,84.8,84.8,82.58,83.13,137320
MASTERTR,2026-09-29,82.5,83.66,81.95,83.11,120809
MASTERTR,2026-09-30,83.72,84.14,81.55,82.14,223611
MASTERTR,2026-10-01,82.01,82.9,80.3,81.66,184334
MASTERTR,2026-10-05,81.66,83.22,80.68,81.13,200223
MATRIMONY,2026-09-28,536.1,536.1,515.0,521.35,8006
MATRIMONY,2026-09-29,524.9,530.95,511.0,519.25,11775
MATRIMONY,2026-09-30,519.5,529.8,519.05,523.8,4149
MATRIMONY,2026-10-01,515.4,516.9,489.1,497.0,19572
MATRIMONY,2026-10-05,506.95,518.0,485.6,514.05,11558
MAWANASUG,2026-09-29,146.5,147.65,141.7,145.05,302819
MAWANASUG,2026-09-30,143.55,150.79,143.55,145.01,253411
MAWANASUG,2026-10-01,143.0,144.99,135.0,138.84,169840
MAWANASUG,2026-10-02,138.84,138.84,138.84,138.84,0
MAWANASUG,2026-10-05,139.48,151.0,139.48,145.96,597094
MAXESTATES,2026-09-28,590.85,592.6,569.1,571.85,91772
MAXESTATES,2026-09-29,574.9,576.95,559.4,569.25,80560
MAXESTATES,2026-09-30,569.25,594.5,565.5,587.1,107816
MAXESTATES,2026-10-01,582.0,585.8,551.6,566.25,96922
MAXESTATES,2026-10-05,573.8,576.15,557.85,563.4,70328
MAXHEALTH,2026-09-29,993.0,1000.1,979.0,982.1,2611378
MAXHEALTH,2026-09-30,963.0,976.3,907.7,929.8,13817675
MAXHEALTH,2026-10-01,919.85,950.0,902.05,940.95,5464461
MAXHEALTH,2026-10-02,940.95,940.95,940.95,940.95,0
MAXHEALTH,2026-10-05,937.4,939.8,912.0,917.0,3127962
MAXIND,2026-09-28,146.11,157.8,142.16,155.35,133306
MAXIND,2026-09-29,153.27,162.0,152.75,160.24,144805
MAXIND,2026-09-30,162.45,164.2,158.22,160.83,111095
MAXIND,2026-10-01,159.51,164.35,154.65,162.78,73481
MAXIND,2026-10-05,161.97,161.97,149.01,150.13,68363
MAXPOSURE,2026-09-25,36.7,39.1,36.7,38.75,8000
MAXPOSURE,2026-09-28,39.1,39.1,37.55,37.55,8000
MAXPOSURE,2026-09-29,37.25,38.2,37.0,37.95,8000
MAXPOSURE,2026-09-30,37.25,37.25,36.15,36.15,8000
MAXPOSURE,2026-10-01,36.0,36.0,36.0,36.0,1000
MAYURUNIQ,2026-09-28,729.5,729.5,710.0,717.05,69158
MAYURUNIQ,2026-09-29,717.05,739.5,708.95,727.25,74060
MAYURUNIQ,2026-09-30,730.0,752.45,725.05,734.35,148388
MAYURUNIQ,2026-10-01,723.15,731.45,701.8,711.55,79848
MAYURUNIQ,2026-10-05,715.4,718.45,694.3,706.55,98146
MAZDA,2026-09-28,287.0,294.05,273.05,285.15,49420
MAZDA,2026-09-29,285.55,294.8,272.5,288.9,46614
MAZDA,2026-09-30,290.0,303.3,290.0,303.3,42578
MAZDA,2026-10-01,307.95,310.0,288.15,288.15,32502
MAZDA,2026-10-05,284.0,294.45,281.0,282.9,18727
MAZDOCK,2026-09-29,2136.0,2137.3999,2087.1001,2087.1001,738710
MAZDOCK,2026-09-30,2083.3999,2140.0,2081.1001,2113.0,510455
MAZDOCK,2026-10-01,2110.0,2115.6001,2031.2,2064.0,648362
MAZDOCK,2026-10-02,2064.0,2064.0,2064.0,2064.0,0
MAZDOCK,2026-10-05,2075.0,2093.8999,2055.3999,2074.0,364228
MBAPL,2026-09-28,168.8,169.6,165.3,166.81,569002
MBAPL,2026-09-29,166.0,170.5,164.02,166.84,1701743
MBAPL,2026-09-30,167.0,173.5,167.0,170.63,1417308
MBAPL,2026-10-01,170.63,172.0,163.27,165.83,867077
MBAPL,2026-10-05,168.31,168.31,160.5,163.66,719951
MBECL,2026-09-28,465.52,465.52,465.52,465.52,2040
MBECL,2026-09-29,474.83,474.83,472.32,474.83,3657
MBECL,2026-09-30,484.32,484.32,484.32,484.32,3776
MBECL,2026-10-01,494.0,494.0,494.0,494.0,4423
MBECL,2026-10-05,503.85,503.85,503.85,503.85,2932
MBEL,2026-09-28,258.6,259.75,251.0,251.85,65234
MBEL,2026-09-29,250.35,254.95,245.8,251.5,90202
MBEL,2026-09-30,254.15,256.0,248.0,249.0,53598
MBEL,2026-10-01,248.18,254.4,246.0,251.75,116191
MBEL,2026-10-05,256.08,257.15,246.0,247.63,91048
MBLINFRA,2026-09-28,21.12,21.6,20.5,20.8,46168
MBLINFRA,2026-09-29,20.8,21.84,20.71,21.77,141641
MBLINFRA,2026-09-30,22.5,22.85,21.96,22.85,53197
MBLINFRA,2026-10-01,22.85,23.95,22.22,23.11,94794
MBLINFRA,2026-10-05,23.5,24.2,22.5,23.9,28371
MCL,2026-09-29,58.02,58.79,57.06,57.64,44594
MCL,2026-09-30,58.0,59.63,56.58,56.74,56806
MCL,2026-10-01,58.15,58.15,53.45,54.64,92121
MCL,2026-10-02,54.64,54.64,54.64,54.64,0
MCL,2026-10-05,55.73,55.98,51.15,52.08,105418
MCLEODRUSS,2026-09-28,43.5,45.23,43.11,43.67,684216
MCLEODRUSS,2026-09-29,42.92,44.18,42.92,43.56,185587
MCLEODRUSS,2026-09-30,45.55,45.73,44.5,44.74,624727
MCLEODRUSS,2026-10-01,44.05,44.95,42.51,42.51,306748
MCLEODRUSS,2026-10-05,42.0,42.99,41.2,41.58,120678
MCLOUD,2026-09-28,24.92,24.92,23.7,23.95,641144
MCLOUD,2026-09-29,23.96,26.2,23.52,25.12,10129306
MCLOUD,2026-09-30,25.43,25.79,24.9,25.06,2323995
MCLOUD,2026-10-01,25.0,25.0,24.0,24.25,969374
MCLOUD,2026-10-05,24.74,24.77,24.08,24.54,1090964
MCON,2026-09-25,43.0,43.0,41.3,41.5,10000
MCON,2026-09-28,40.15,40.15,39.5,39.5,4000
MCON,2026-09-29,38.75,40.95,38.75,40.95,8000
MCON,2026-09-30,40.95,40.95,40.95,40.95,1000
MCON,2026-10-01,40.15,40.35,40.0,40.25,6000
MCX,2026-09-29,3248.0,3344.0,3232.0,3232.0,2094968
MCX,2026-09-30,3280.1001,3345.0,3255.0,3300.3999,2066935
MCX,2026-10-01,3300.0,3331.3,3193.6001,3204.0,2002629
MCX,2026-10-02,3204.0,3204.0,3204.0,3204.0,0
MCX,2026-10-05,3220.0,3258.7,3150.0,3181.7,1386833
MDL,2026-09-28,64.9,64.9,64.9,64.9,0
MDL,2026-09-29,64.9,64.9,64.9,64.9,0
MDL,2026-09-30,57.05,64.9,57.05,64.9,2000
MDL,2026-10-01,64.9,64.9,64.9,64.9,0
MDL,2026-10-02,64.9,64.9,64.9,64.9,0
MEDANTA,2026-09-29,1440.8,1452.5,1402.0,1415.1,205609
MEDANTA,2026-09-30,1426.7,1429.1,1352.4,1365.0,457701
MEDANTA,2026-10-01,1356.9,1386.1,1336.2,1357.3,363086
MEDANTA,2026-10-02,1357.3,1357.3,1357.3,1357.3,0
MEDANTA,2026-10-05,1362.0,1369.1,1321.4,1332.6,224984
MEDIASSIST,2026-09-29,308.0,310.35,303.0,306.7,251204
MEDIASSIST,2026-09-30,307.0,314.85,301.1,302.25,211883
MEDIASSIST,2026-10-01,302.5,304.95,291.25,298.5,541713
MEDIASSIST,2026-10-02,298.5,298.5,298.5,298.5,0
MEDIASSIST,2026-10-05,301.0,301.9,293.4,297.2,183948
MEDICAMEQ,2026-09-28,315.0,330.3,313.0,326.95,41391
MEDICAMEQ,2026-09-29,330.0,330.0,317.5,322.0,24859
MEDICAMEQ,2026-09-30,320.9,329.85,310.1,321.75,20688
MEDICAMEQ,2026-10-01,316.0,323.0,306.7,318.6,30246
MEDICAMEQ,2026-10-05,318.7,319.9,307.5,308.0,17453
MEDICAPQ,2026-09-28,25.08,25.4,24.11,25.22,1728
MEDICAPQ,2026-09-29,25.97,26.48,25.97,26.48,6188
MEDICAPQ,2026-09-30,25.95,27.0,25.25,25.6,903
MEDICAPQ,2026-10-01,26.8,26.8,24.32,26.05,1811
MEDICAPQ,2026-10-05,25.98,25.98,24.75,24.75,2646
MEDICO,2026-09-28,26.2,26.21,20.89,22.3,3562547
MEDICO,2026-09-29,22.51,23.69,20.47,21.84,1914068
MEDICO,2026-09-30,22.4,23.64,21.17,21.53,1169517
MEDICO,2026-10-01,21.84,22.49,21.02,21.86,361586
MEDICO,2026-10-05,22.4,22.59,21.5,21.68,196397
MEDIORG,2026-09-28,22.95,22.95,22.95,22.95,4000
MEDIORG,2026-09-29,23.95,24.05,23.95,24.05,24000
MEDIORG,2026-09-30,24.05,24.05,24.05,24.05,0
MEDIORG,2026-10-01,24.05,24.05,24.05,24.05,0
MEDIORG,2026-10-02,24.05,24.05,24.05,24.05,0
MEDPLUS,2026-09-28,654.9,661.5,647.0,653.0,113837
MEDPLUS,2026-09-29,656.0,657.55,652.0,654.0,90377
MEDPLUS,2026-09-30,659.0,661.75,654.5,654.9,70747
MEDPLUS,2026-10-01,652.15,658.45,642.6,654.3,134611
MEDPLUS,2026-10-05,651.3,655.55,640.1,644.4,163503
MEESHO,2026-09-29,216.83,226.41,211.77,223.21,31046538
MEESHO,2026-09-30,223.0,230.68,219.19,227.75,15536460
MEESHO,2026-10-01,224.75,226.65,217.3,218.69,6218981
MEESHO,2026-10-02,218.69,218.69,218.69,218.69,0
MEESHO,2026-10-05,220.66,227.89,219.6,226.5,9583072
MEGAFLEX,2026-09-25,99.0,99.0,99.0,99.0,0
MEGAFLEX,2026-09-28,103.95,103.95,103.95,103.95,1000
MEGAFLEX,2026-09-29,103.95,103.95,103.95,103.95,0
MEGAFLEX,2026-09-30,103.95,103.95,103.95,103.95,0
MEGAFLEX,2026-10-01,109.1,109.1,109.1,109.1,1000
MEGASTAR,2026-09-29,262.0,271.9,236.05,253.15,19735
MEGASTAR,2026-09-30,252.2,260.55,248.0,249.05,3858
MEGASTAR,2026-10-01,245.0,268.0,240.03,267.18,6106
MEGASTAR,2026-10-02,267.18,267.18,267.18,267.18,0
MEGASTAR,2026-10-05,263.0,280.0,250.8,267.87,8718
MEGATHERM,2026-09-25,246.5,250.0,240.0,244.95,25200
MEGATHERM,2026-09-28,238.1,258.95,238.1,251.2,9200
MEGATHERM,2026-09-29,251.2,252.95,246.0,248.0,8800
MEGATHERM,2026-09-30,250.0,251.0,248.0,249.0,6000
MEGATHERM,2026-10-01,249.0,250.75,242.0,243.6,12800
MEIL,2026-09-28,276.95,276.95,264.5,269.35,37332
MEIL,2026-09-29,269.35,269.35,261.2,266.4,37214
MEIL,2026-09-30,268.65,269.0,263.35,264.85,18704
MEIL,2026-10-01,264.85,266.8,258.6,262.1,40132
MEIL,2026-10-05,264.0,264.85,255.0,256.65,27694
MENNPIS,2026-09-28,71.75,73.95,71.0,72.05,20699
MENNPIS,2026-09-29,71.0,72.8,70.25,72.04,11658
MENNPIS,2026-09-30,73.39,73.39,70.17,72.28,17849
MENNPIS,2026-10-01,72.89,72.89,70.3,71.21,14736
MENNPIS,2026-10-05,71.2,71.2,70.03,70.55,6676
MENONBE,2026-09-28,311.8,315.05,288.4,290.85,104870
MENONBE,2026-09-29,289.5,304.45,275.0,291.1,161630
MENONBE,2026-09-30,296.55,303.0,292.0,296.2,70127
MENONBE,2026-10-01,295.65,295.95,281.0,288.4,66161
MENONBE,2026-10-05,287.1,292.6,268.15,286.0,224618
MEP,2026-09-28,0.67,0.67,0.67,0.67,5378
MEP,2026-09-29,0.68,0.68,0.68,0.68,2709
MEP,2026-09-30,0.69,0.69,0.67,0.67,135026
MEP,2026-10-01,0.68,0.68,0.66,0.67,57369
MEP,2026-10-05,0.68,0.68,0.66,0.66,82693
MERCANTILE,2026-09-28,22.27,23.36,21.31,23.16,135
MERCANTILE,2026-09-29,22.02,22.7,22.0,22.14,434
MERCANTILE,2026-09-30,22.03,23.46,22.0,22.99,3619
MERCANTILE,2026-10-01,22.0,23.4,22.0,22.98,1264
MERCANTILE,2026-10-05,22.99,23.98,22.01,22.45,9195
MERCURYEV,2026-09-28,39.62,39.68,38.5,38.93,154119
MERCURYEV,2026-09-29,38.37,38.92,36.27,38.69,192944
MERCURYEV,2026-09-30,38.18,39.25,38.13,38.17,65295
MERCURYEV,2026-10-01,37.91,38.8,36.3,37.06,385240
MERCURYEV,2026-10-05,37.22,37.96,36.15,36.81,148224
METROBRAND,2026-09-28,856.6,879.95,856.6,875.15,24456
METROBRAND,2026-09-29,879.0,881.9,856.05,872.15,17677
METROBRAND,2026-09-30,872.05,875.0,832.0,841.75,53574
METROBRAND,2026-10-01,838.0,846.9,815.0,833.5,39313
METROBRAND,2026-10-05,847.0,847.0,807.15,812.5,30069
METROGLOBL,2026-09-28,127.0,132.0,126.99,130.0,611
METROGLOBL,2026-09-29,131.99,132.0,127.1,131.9,461
METROGLOBL,2026-09-30,131.99,134.8,131.0,133.9,513
METROGLOBL,2026-10-01,133.89,133.89,130.0,131.52,208
METROGLOBL,2026-10-05,134.8,134.8,130.01,132.97,821
METROPOLIS,2026-09-29,572.85,580.85,560.2,562.3,249077
METROPOLIS,2026-09-30,560.0,561.25,536.65,541.7,572003
METROPOLIS,2026-10-01,537.95,549.0,526.3,537.9,446423
METROPOLIS,2026-10-02,537.9,537.9,537.9,537.9,0
METROPOLIS,2026-10-05,534.85,559.5,532.0,553.6,264357
MFML,2026-09-28,19.72,19.72,16.75,18.46,5644
MFML,2026-09-29,18.11,19.51,18.11,18.46,1442
MFML,2026-09-30,18.46,19.84,18.37,18.63,14210
MFML,2026-10-01,19.79,19.79,17.87,18.72,1926
MFML,2026-10-05,18.8,19.24,18.0,18.16,1351
MFSL,2026-09-28,1452.0,1460.9,1432.1,1444.0,455773
MFSL,2026-09-29,1459.9,1459.9,1381.0,1392.4,955322
MFSL,2026-09-30,1386.5,1395.1,1344.3,1373.4,931017
MFSL,2026-10-01,1367.9,1403.1,1364.4,1392.0,1151973
MFSL,2026-10-05,1385.3,1385.3,1341.0,1348.0,2004748
MGEL,2026-09-28,15.93,16.28,15.73,15.97,385336
MGEL,2026-09-29,16.08,16.2,15.55,16.11,591494
MGEL,2026-09-30,16.14,16.19,15.61,15.89,235063
MGEL,2026-10-01,15.95,16.5,15.18,15.34,442161
MGEL,2026-10-05,15.68,15.99,15.43,15.79,178288
MGL,2026-09-28,1070.1,1071.9,1041.0,1048.8,135973
MGL,2026-09-29,1048.8,1063.5,1035.0,1050.5,113670
MGL,2026-09-30,1048.0,1067.1,1039.0,1058.0,217105
MGL,2026-10-01,1050.0,1056.3,1024.2,1045.4,226314
MGL,2026-10-05,1043.2,1053.8,1036.0,1043.7,66059
MHHL,2026-09-28,30.4,33.15,30.4,33.15,13500
MHHL,2026-09-29,32.5,32.5,32.5,32.5,1500
MHHL,2026-09-30,31.6,31.6,31.2,31.35,12000
MHHL,2026-10-01,31.35,31.35,31.35,31.35,0
MHHL,2026-10-02,31.35,31.35,31.35,31.35,0
MHLXMIRU,2026-09-28,172.0,178.95,171.0,173.55,12567
MHLXMIRU,2026-09-29,174.41,179.0,172.08,176.39,10221
MHLXMIRU,2026-09-30,176.39,182.24,176.3,179.21,4203
MHLXMIRU,2026-10-01,182.79,182.79,170.25,175.0,7842
MHLXMIRU,2026-10-05,176.0,176.0,166.3,171.0,9298
MHRIL,2026-09-28,200.7,200.7,194.0,195.92,201611
MHRIL,2026-09-29,195.92,196.82,192.85,194.49,55373
MHRIL,2026-09-30,195.9,197.07,192.85,194.25,48568
MHRIL,2026-10-01,194.5,199.49,192.0,194.85,153366
MHRIL,2026-10-05,196.3,198.0,192.56,194.81,46600
MICEL,2026-09-28,35.38,35.38,35.38,35.38,176836
MICEL,2026-09-29,36.0,36.0,34.68,36.0,167265
MICEL,2026-09-30,36.72,36.72,36.22,36.72,194181
MICEL,2026-10-01,36.0,36.8,36.0,36.0,111299
MICEL,2026-10-05,35.81,35.81,35.28,35.28,58661
MICROPRO,2026-09-25,18.25,18.25,18.25,18.25,0
MICROPRO,2026-09-28,18.0,18.0,18.0,18.0,1600
MICROPRO,2026-09-29,18.0,18.0,18.0,18.0,1600
MICROPRO,2026-09-30,17.45,17.5,17.45,17.5,4800
MICROPRO,2026-10-01,16.7,18.2,16.7,16.75,4800
MIDHANI,2026-09-29,412.3,427.0,406.05,419.1,937182
MIDHANI,2026-09-30,421.8,442.35,419.75,437.65,1995574
MIDHANI,2026-10-01,438.0,439.45,415.3,433.6,835967
MIDHANI,2026-10-02,433.6,433.6,433.6,433.6,0
MIDHANI,2026-10-05,433.6,444.9,425.2,440.1,947160
MIDWESTLTD,2026-09-28,929.5,959.9,892.3,899.9,42567
MIDWESTLTD,2026-09-29,895.1,901.1,869.0,877.0,60800
MIDWESTLTD,2026-09-30,884.9,919.0,878.0,895.0,74483
MIDWESTLTD,2026-10-01,903.2,930.0,860.0,904.15,35185
MIDWESTLTD,2026-10-05,938.85,942.65,908.7,914.75,102438
MIIL,2026-09-28,708.0,708.75,683.05,686.65,81192
MIIL,2026-09-29,697.0,702.0,676.65,692.05,59879
MIIL,2026-09-30,697.0,699.4,672.1,682.05,86940
MIIL,2026-10-01,683.0,693.45,661.0,677.05,61981
MIIL,2026-10-05,690.0,705.0,665.1,670.4,67578
MILKYMIST,2026-09-29,306.2,320.25,305.0,317.99,1348570
MILKYMIST,2026-09-30,323.0,323.0,310.0,316.46,676275
MILKYMIST,2026-10-01,316.0,319.7,302.1,308.45,900488
MILKYMIST,2026-10-02,308.45,308.45,308.45,308.45,0
MILKYMIST,2026-10-05,308.45,315.0,295.0,304.0,732239
MILTON,2026-09-28,35.1,35.1,35.1,35.1,0
MILTON,2026-09-29,35.1,35.1,35.1,35.1,0
MILTON,2026-09-30,36.0,36.0,35.5,35.5,4400
MILTON,2026-10-01,35.5,35.5,35.5,35.5,0
MILTON,2026-10-02,35.5,35.5,35.5,35.5,0
MINALIND,2026-09-28,4.59,4.59,4.59,4.59,2335
MINALIND,2026-09-29,4.5,4.5,4.5,4.5,1928
MINALIND,2026-09-30,4.41,4.41,4.41,4.41,686
MINALIND,2026-10-01,4.33,4.33,4.33,4.33,960
MINALIND,2026-10-05,4.25,4.25,4.25,4.25,1822
MINDACORP,2026-09-28,678.5,678.75,668.15,673.0,126782
MINDACORP,2026-09-29,670.0,678.25,661.0,672.75,509602
MINDACORP,2026-09-30,672.75,698.15,672.75,692.85,255045
MINDACORP,2026-10-01,692.0,694.45,649.35,667.35,497785
MINDACORP,2026-10-05,666.0,669.85,637.05,647.85,380693
MINDTECK,2026-09-29,152.61,156.5,150.8,153.34,18274
MINDTECK,2026-09-30,153.9,156.39,151.1,153.15,15052
MINDTECK,2026-10-01,154.54,154.74,147.56,150.93,18244
MINDTECK,2026-10-02,150.93,150.93,150.93,150.93,0
MINDTECK,2026-10-05,154.8,158.5,150.01,151.31,22115
MIRZAINT,2026-09-28,29.29,29.79,28.5,28.68,86548
MIRZAINT,2026-09-29,29.0,29.0,28.0,28.09,100699
MIRZAINT,2026-09-30,28.3,28.48,27.9,27.94,82196
MIRZAINT,2026-10-01,27.7,28.36,27.5,27.65,57360
MIRZAINT,2026-10-05,28.0,28.42,27.63,27.83,48425
MITCON,2026-09-28,88.7,88.7,78.25,83.2,98698
MITCON,2026-09-29,82.0,85.5,79.0,82.66,82800
MITCON,2026-09-30,84.89,85.0,81.1,82.95,7346
MITCON,2026-10-01,81.0,82.51,80.01,80.34,6241
MITCON,2026-10-05,80.0,83.7,79.5,81.14,4453
MITTAL,2026-09-28,0.72,0.73,0.71,0.71,1274918
MITTAL,2026-09-29,0.72,0.73,0.71,0.72,626550
MITTAL,2026-09-30,0.73,0.73,0.72,0.72,528176
MITTAL,2026-10-01,0.73,0.73,0.68,0.7,1038530
MITTAL,2026-10-05,0.7,0.71,0.7,0.7,705178
MKEXIM,2026-09-28,70.4,70.4,66.86,69.35,17191
MKEXIM,2026-09-29,69.99,69.99,65.65,66.72,9728
MKEXIM,2026-09-30,69.95,69.95,64.72,66.84,6295
MKEXIM,2026-10-01,65.22,68.0,63.99,66.51,13691
MKEXIM,2026-10-05,69.5,69.5,63.98,66.32,5982
MKPL,2026-09-28,3.84,4.05,3.84,3.97,114270
MKPL,2026-09-29,4.04,4.04,3.9,3.92,133265
MKPL,2026-09-30,4.0,4.05,3.92,3.99,69786
MKPL,2026-10-01,4.03,4.03,3.88,3.9,94971
MKPL,2026-10-05,4.02,4.02,3.88,3.9,130482
MLKFOOD,2026-09-29,84.06,85.0,80.0,84.24,8471
MLKFOOD,2026-09-30,84.24,85.99,81.0,83.36,6097
MLKFOOD,2026-10-01,85.8,85.8,82.5,84.13,10413
MLKFOOD,2026-10-02,84.13,84.13,84.13,84.13,0
MLKFOOD,2026-10-05,82.56,85.7,82.56,84.59,3096
MMFL,2026-09-28,616.0,618.7,595.75,604.5,70817
MMFL,2026-09-29,604.0,617.5,596.2,612.5,48405
MMFL,2026-09-30,614.9,627.5,592.0,598.6,61917
MMFL,2026-10-01,600.65,609.0,564.0,571.95,186619
MMFL,2026-10-05,573.0,579.0,548.0,552.5,106475
MMP,2026-09-28,461.5,463.95,440.3,452.25,66556
MMP,2026-09-29,452.25,461.65,442.7,447.55,88251
MMP,2026-09-30,447.0,477.3,447.0,474.85,139843
MMP,2026-10-01,475.0,485.0,447.6,449.6,108870
MMP,2026-10-05,465.0,476.75,447.65,468.05,70165
MMTC,2026-09-29,56.1,57.68,55.72,56.76,1284719
MMTC,2026-09-30,57.82,58.48,56.7,56.91,1298784
MMTC,2026-10-01,57.3,57.37,55.11,56.29,926056
MMTC,2026-10-02,56.29,56.29,56.29,56.29,0
MMTC,2026-10-05,57.56,57.69,56.0,56.33,943031
MMWL,2026-09-28,15.09,15.78,14.34,14.56,73110
MMWL,2026-09-29,14.9,14.9,13.99,14.12,4355
MMWL,2026-09-30,14.82,14.82,14.02,14.82,28234
MMWL,2026-10-01,15.25,15.56,15.23,15.56,428810
MMWL,2026-10-05,16.33,16.33,16.32,16.33,120682
MOBIKWIK,2026-09-29,198.25,199.18,192.82,194.93,715786
MOBIKWIK,2026-09-30,194.95,202.39,194.95,196.32,603060
MOBIKWIK,2026-10-01,196.0,201.5,191.0,196.23,992146
MOBIKWIK,2026-10-02,196.23,196.23,196.23,196.23,0
MOBIKWIK,2026-10-05,196.02,205.27,196.02,201.79,1321942
MODINATUR,2026-09-28,347.6,347.95,338.1,338.6,1101
MODINATUR,2026-09-29,339.7,347.9,333.25,339.65,2579
MODINATUR,2026-09-30,341.0,348.0,333.0,336.0,2947
MODINATUR,2026-10-01,339.95,340.05,315.1,324.45,6136
MODINATUR,2026-10-05,328.5,328.8,324.0,325.05,3235
MODIRUBBER,2026-09-28,124.9,124.9,118.0,121.0,1779
MODIRUBBER,2026-09-29,120.9,122.5,111.0,121.89,5863
MODIRUBBER,2026-09-30,122.5,122.5,117.0,120.21,987
MODIRUBBER,2026-10-01,118.3,121.99,117.0,119.72,1615
MODIRUBBER,2026-10-05,122.11,122.11,118.2,121.85,318
MODIS,2026-09-28,363.25,365.0,357.0,362.85,37031
MODIS,2026-09-29,360.1,373.0,356.1,367.15,59405
MODIS,2026-09-30,369.5,373.0,366.25,372.35,42478
MODIS,2026-10-01,370.85,373.0,362.0,367.85,31166
MODIS,2026-10-05,370.0,384.0,364.35,372.25,22397
MODISONLTD,2026-09-28,444.1,456.4,426.1,429.7,92931
MODISONLTD,2026-09-29,427.75,449.95,423.75,447.75,53456
MODISONLTD,2026-09-30,458.2,468.5,446.2,462.95,59779
MODISONLTD,2026-10-01,462.95,486.05,462.9,486.05,96311
MODISONLTD,2026-10-05,486.5,497.0,461.75,467.95,91895
MODTHREAD,2026-09-28,47.98,47.98,45.99,47.75,843
MODTHREAD,2026-09-29,47.8,47.98,47.19,47.19,2325
MODTHREAD,2026-09-30,48.9,48.9,47.5,48.64,54
MODTHREAD,2026-10-01,48.64,48.64,45.02,45.66,2556
MODTHREAD,2026-10-05,45.91,47.89,45.9,46.58,2245
MOHITE,2026-09-28,2.42,2.46,2.36,2.4,18783
MOHITE,2026-09-29,2.46,2.54,2.37,2.53,25190
MOHITE,2026-09-30,2.53,2.6,2.25,2.52,151942
MOHITE,2026-10-01,2.53,2.59,2.4,2.49,63921
MOHITE,2026-10-05,2.42,2.54,2.42,2.43,10131
MOHITIND,2026-09-28,23.4,23.44,22.56,22.89,4850
MOHITIND,2026-09-29,23.0,23.48,22.63,22.97,11464
MOHITIND,2026-09-30,23.4,24.0,22.25,22.67,14977
MOHITIND,2026-10-01,23.79,23.79,22.16,22.78,10445
MOHITIND,2026-10-05,22.9,23.5,22.63,22.64,2569
MOIL,2026-09-28,242.05,245.1,238.0,242.05,515276
MOIL,2026-09-29,242.75,244.5,237.1,243.96,474777
MOIL,2026-09-30,244.0,245.88,235.0,237.76,392618
MOIL,2026-10-01,238.0,239.39,230.01,232.66,545882
MOIL,2026-10-05,235.2,243.5,235.2,236.49,690783
MOKSH,2026-09-28,9.88,10.04,9.42,9.8,70877
MOKSH,2026-09-29,10.0,10.0,9.51,9.6,71208
MOKSH,2026-09-30,9.55,9.83,9.45,9.51,34960
MOKSH,2026-10-01,9.51,9.78,9.03,9.19,122811
MOKSH,2026-10-05,9.16,9.64,9.16,9.31,30725
MOL,2026-09-29,56.9,57.88,56.05,57.27,538823
MOL,2026-09-30,57.23,58.73,56.02,56.31,370257
MOL,2026-10-01,55.97,56.43,54.13,55.13,739103
MOL,2026-10-02,55.13,55.13,55.13,55.13,0
MOL,2026-10-05,54.93,56.99,53.31,54.83,1229458
MOLBIO,2026-09-28,1243.0,1273.8,1212.3,1237.5,736077
MOLBIO,2026-09-29,1231.2,1275.0,1221.0,1255.6,435362
MOLBIO,2026-09-30,1314.9,1369.2,1274.4,1308.9,3130442
MOLBIO,2026-10-01,1313.0,1564.3,1312.1,1513.1,8751936
MOLBIO,2026-10-05,1501.8,1558.3,1472.6,1503.4,3049643
MOLDTECH,2026-09-28,196.27,205.0,193.0,197.29,22385
MOLDTECH,2026-09-29,202.0,207.15,197.65,201.49,34982
MOLDTECH,2026-09-30,205.0,208.0,201.0,206.16,34867
MOLDTECH,2026-10-01,210.0,211.0,202.16,204.78,30948
MOLDTECH,2026-10-05,207.9,214.95,207.0,213.5,77012
MOLDTKPAC,2026-09-28,668.0,671.3,645.15,649.4,41940
MOLDTKPAC,2026-09-29,650.0,653.05,637.0,642.95,52648
MOLDTKPAC,2026-09-30,643.0,668.25,643.0,660.6,39184
MOLDTKPAC,2026-10-01,660.6,665.2,648.8,658.85,94944
MOLDTKPAC,2026-10-05,669.0,684.0,665.45,680.7,81041
MOMSBELIEF,2026-09-28,233.8,235.01,221.1,223.01,97668
MOMSBELIEF,2026-09-29,234.0,267.61,232.0,255.96,2681284
MOMSBELIEF,2026-09-30,255.96,256.89,230.6,234.64,300642
MOMSBELIEF,2026-10-01,231.0,236.98,220.82,226.92,213669
MOMSBELIEF,2026-10-05,227.0,237.0,220.0,228.74,244611
MONARCH,2026-09-28,365.45,365.45,348.0,350.1,66457
MONARCH,2026-09-29,348.05,352.05,334.75,343.05,93763
MONARCH,2026-09-30,339.15,349.2,336.0,337.85,30720
MONARCH,2026-10-01,336.0,357.0,325.0,342.7,201449
MONARCH,2026-10-05,347.05,351.05,341.5,348.65,61652
MONEYBOXX,2026-09-28,49.05,50.16,48.65,48.65,17686
MONEYBOXX,2026-09-29,49.84,51.08,46.22,51.08,101060
MONEYBOXX,2026-09-30,53.39,53.39,50.1,52.28,31574
MONEYBOXX,2026-10-01,53.99,54.89,52.8,54.0,44265
MONEYBOXX,2026-10-05,51.72,56.0,51.3,54.76,29652
MONEYVIEW,2026-10-01,55.0,62.0,50.27,53.88,655464953
MONEYVIEW,2026-10-02,53.88,53.88,53.88,53.88,0
MONEYVIEW,2026-10-05,55.85,59.0,50.56,51.51,218474338
MONOPHARMA,2026-09-28,8.2,9.0,8.2,9.0,46000
MONOPHARMA,2026-09-29,8.55,8.55,8.55,8.55,4000
MONOPHARMA,2026-09-30,8.55,8.55,8.55,8.55,2000
MONOPHARMA,2026-10-01,8.55,8.55,8.55,8.55,0
MONOPHARMA,2026-10-02,8.55,8.55,8.55,8.55,0
MONTECARLO,2026-09-29,515.75,519.85,509.0,516.75,32099
MONTECARLO,2026-09-30,517.95,535.0,517.95,527.45,39094
MONTECARLO,2026-10-01,525.0,525.0,514.0,522.85,26728
MONTECARLO,2026-10-02,522.85,522.85,522.85,522.85,0
MONTECARLO,2026-10-05,518.0,525.15,515.05,516.9,19032
MORARJEE,2026-09-29,7.92,7.92,7.92,7.92,0
MORARJEE,2026-09-30,7.92,7.92,7.92,7.92,0
MORARJEE,2026-10-01,7.92,7.92,7.92,7.92,0
MORARJEE,2026-10-02,7.92,7.92,7.92,7.92,0
MORARJEE,2026-10-05,7.53,7.53,7.53,7.53,80
MOREPENLAB,2026-09-28,121.15,126.22,119.42,120.71,19123218
MOREPENLAB,2026-09-29,120.8,122.69,117.37,118.8,12759041
MOREPENLAB,2026-09-30,119.34,128.1,117.8,125.99,26169666
MOREPENLAB,2026-10-01,125.9,135.29,125.16,133.72,37973409
MOREPENLAB,2026-10-05,134.5,137.64,130.46,135.29,18239381
MOS,2026-09-25,8.0,8.0,7.7,8.0,2092000
MOS,2026-09-28,8.25,8.3,7.6,7.6,584000
MOS,2026-09-29,7.35,7.35,7.25,7.25,208000
MOS,2026-09-30,6.9,6.9,6.9,6.9,160000
MOS,2026-10-01,6.6,6.6,6.6,6.6,52000
MOSCHIP,2026-09-29,199.61,201.49,195.3,198.47,1162679
MOSCHIP,2026-09-30,199.04,205.49,199.04,201.25,1416715
MOSCHIP,2026-10-01,201.0,202.43,194.08,198.03,1364614
MOSCHIP,2026-10-02,198.03,198.03,198.03,198.03,0
MOSCHIP,2026-10-05,201.0,201.85,194.81,195.84,799333
MOTHERSON,2026-09-29,162.08,163.24,158.56,158.56,14156331
MOTHERSON,2026-09-30,160.35,164.1,160.35,163.26,15307995
MOTHERSON,2026-10-01,161.35,162.27,153.81,157.03,23039471
MOTHERSON,2026-10-02,157.03,157.03,157.03,157.03,0
MOTHERSON,2026-10-05,157.0,159.39,154.76,156.5,14480075
MOTILALOFS,2026-09-29,1002.0,1013.8,995.5,996.2,873780
MOTILALOFS,2026-09-30,999.9,1016.5,994.0,994.0,766759
MOTILALOFS,2026-10-01,994.0,996.7,965.05,989.9,1607962
MOTILALOFS,2026-10-02,989.9,989.9,989.9,989.9,0
MOTILALOFS,2026-10-05,991.0,1018.9,987.9,1011.1,445092
MOTISONS,2026-09-28,18.0,18.36,17.31,18.04,45802394
MOTISONS,2026-09-29,18.08,18.2,17.5,17.62,38419101
MOTISONS,2026-09-30,17.62,18.28,17.52,18.0,39407577
MOTISONS,2026-10-01,18.0,18.3,17.47,17.88,28260057
MOTISONS,2026-10-05,18.0,18.41,17.55,17.74,24287302
MOTOGENFIN,2026-09-28,26.44,26.44,25.65,25.7,5130
MOTOGENFIN,2026-09-29,26.65,26.65,25.5,25.57,14323
MOTOGENFIN,2026-09-30,25.5,25.77,25.2,25.5,7018
MOTOGENFIN,2026-10-01,25.95,25.98,24.26,25.08,93418
MOTOGENFIN,2026-10-05,25.48,25.48,24.36,24.53,2838
MOXSH,2026-09-25,95.0,95.0,95.0,95.0,0
MOXSH,2026-09-28,95.0,95.0,95.0,95.0,0
MOXSH,2026-09-29,95.0,95.0,95.0,95.0,0
MOXSH,2026-09-30,94.0,94.0,90.3,90.3,3200
MOXSH,2026-10-01,87.2,93.3,86.0,93.3,6400
MPDL,2026-09-28,26.65,26.7,26.65,26.65,1612
MPDL,2026-09-29,26.52,27.98,25.32,27.98,1986
MPDL,2026-09-30,26.75,29.37,26.59,29.35,3970
MPDL,2026-10-01,27.89,28.25,27.89,27.89,732
MPDL,2026-10-05,27.89,27.89,26.5,27.33,2161
MPHASIS,2026-09-28,2241.3,2245.6001,2207.5,2237.5,310054
MPHASIS,2026-09-29,2238.0,2238.8999,2154.3999,2154.3999,420858
MPHASIS,2026-09-30,2164.5,2252.6001,2144.8,2154.3999,701536
MPHASIS,2026-10-01,2160.1001,2265.0,2160.1001,2250.2,1178274
MPHASIS,2026-10-05,2277.8,2342.0,2239.2,2297.1001,1107590
MPIMANIPAL,2026-09-29,393.7,458.0,388.7,417.4,13139195
MPIMANIPAL,2026-09-30,425.05,438.8,400.15,409.15,3225179
MPIMANIPAL,2026-10-01,411.0,420.5,392.05,401.4,1620525
MPIMANIPAL,2026-10-02,401.4,401.4,401.4,401.4,0
MPIMANIPAL,2026-10-05,415.0,430.0,381.2,389.7,2163634
MPSLTD,2026-09-28,2641.1001,2688.6001,2616.5,2631.7,8672
MPSLTD,2026-09-29,2611.0,2684.8,2601.1001,2634.7,12743
MPSLTD,2026-09-30,2648.0,2796.0,2622.1001,2699.0,44086
MPSLTD,2026-10-01,2695.0,2714.3,2570.0,2628.3999,17856
MPSLTD,2026-10-05,2628.3999,2675.8999,2600.8,2637.3999,7943
MRF,2026-09-28,124005.0,124035.0,123195.0,123425.0,1620
MRF,2026-09-29,123550.0,124290.0,122750.0,123080.0,2824
MRF,2026-09-30,123000.0,125800.0,123000.0,125280.0,4133
MRF,2026-10-01,125100.0,125100.0,122745.0,123715.0,3448
MRF,2026-10-05,123915.0,124490.0,122755.0,123330.0,3098
MRPL,2026-09-29,169.5,177.49,168.06,171.65,15901075
MRPL,2026-09-30,172.5,180.8,162.5,169.29,30852898
MRPL,2026-10-01,167.27,168.2,161.5,164.76,12948377
MRPL,2026-10-02,164.76,164.76,164.76,164.76,0
MRPL,2026-10-05,164.79,173.7,163.25,172.43,13082595
MSL,2026-09-28,136.0,136.0,134.0,136.0,40
MSL,2026-09-29,136.0,136.0,136.0,136.0,0
MSL,2026-09-30,137.85,137.85,137.4,137.4,34
MSL,2026-10-01,128.95,145.0,127.4,144.99,498
MSL,2026-10-05,144.0,150.9,140.0,148.45,522
MSPL,2026-09-29,32.76,34.85,32.64,33.55,1388148
MSPL,2026-09-30,33.83,34.95,32.83,33.0,2560393
MSPL,2026-10-01,32.99,33.31,31.66,32.52,1038333
MSPL,2026-10-02,32.52,32.52,32.52,32.52,0
MSPL,2026-10-05,32.04,32.8,31.52,31.65,893166
MSTCLTD,2026-09-28,743.8,743.8,705.1,710.4,141919
MSTCLTD,2026-09-29,711.95,719.95,705.5,713.05,158293
MSTCLTD,2026-09-30,715.0,733.05,712.2,714.75,219386
MSTCLTD,2026-10-01,715.5,717.75,690.25,705.8,208381
MSTCLTD,2026-10-05,705.0,705.6,687.5,693.75,201121
MSUMI,2026-09-29,34.8,34.87,33.93,34.36,8000741
MSUMI,2026-09-30,34.2,34.83,34.0,34.07,6241303
MSUMI,2026-10-01,33.9,33.98,33.07,33.53,16228437
MSUMI,2026-10-02,33.53,33.53,33.53,33.53,0
MSUMI,2026-10-05,33.53,33.7,32.7,32.89,8274064
MTARTECH,2026-09-28,6950.0,7121.0,6750.0,7072.5,100584
MTARTECH,2026-09-29,6851.0,7426.0,6840.0,7426.0,352250
MTARTECH,2026-09-30,7797.0,7797.0,7797.0,7797.0,190323
MTARTECH,2026-10-01,8186.5,8186.5,7525.5,7797.0,283715
MTARTECH,2026-10-05,7705.0,7800.0,7595.0,7654.0,122650
MTEDUCARE,2026-09-28,1.65,1.78,1.64,1.76,10873
MTEDUCARE,2026-09-29,1.75,1.75,1.68,1.7,6614
MTEDUCARE,2026-09-30,1.64,1.78,1.64,1.72,19570
MTEDUCARE,2026-10-01,1.65,1.75,1.64,1.67,45826
MTEDUCARE,2026-10-05,1.71,1.71,1.61,1.68,9166
MTNL,2026-09-29,22.62,23.32,22.57,23.18,691310
MTNL,2026-09-30,23.25,23.48,22.82,22.97,376141
MTNL,2026-10-01,23.1,26.94,22.71,24.66,44121423
MTNL,2026-10-02,24.66,24.66,24.66,24.66,0
MTNL,2026-10-05,24.6,24.6,23.0,23.19,3516200
MUFIN,2026-09-29,129.5,133.99,127.9,132.15,2236803
MUFIN,2026-09-30,131.97,133.65,130.01,131.51,589751
MUFIN,2026-10-01,130.8,131.72,127.53,130.59,699328
MUFIN,2026-10-02,130.59,130.59,130.59,130.59,0
MUFIN,2026-10-05,131.3,134.43,130.6,132.89,1067885
MUFTI,2026-09-28,72.0,72.28,68.6,69.49,226314
MUFTI,2026-09-29,69.01,70.19,68.51,69.28,40683
MUFTI,2026-09-30,68.75,74.0,68.75,72.31,123298
MUFTI,2026-10-01,72.0,72.18,69.5,70.24,60635
MUFTI,2026-10-05,70.24,70.76,69.2,69.7,42543
MUKANDLTD,2026-09-29,170.4,174.2,165.41,172.49,821432
MUKANDLTD,2026-09-30,176.0,184.8,174.25,180.13,1438322
MUKANDLTD,2026-10-01,178.11,183.96,170.05,172.66,858946
MUKANDLTD,2026-10-02,172.66,172.66,172.66,172.66,0
MUKANDLTD,2026-10-05,174.4,189.9,173.76,182.2,1971183
MUKESHB,2026-09-28,127.0,127.0,127.0,127.0,100
MUKESHB,2026-09-29,127.0,127.0,127.0,127.0,0
MUKESHB,2026-09-30,126.0,126.0,126.0,126.0,56
MUKESHB,2026-10-01,125.0,128.8,125.0,128.8,713
MUKESHB,2026-10-05,128.0,128.0,128.0,128.0,9
MUKKA,2026-09-28,27.4,27.46,26.51,26.91,161037
MUKKA,2026-09-29,26.91,26.99,26.25,26.33,140377
MUKKA,2026-09-30,26.33,26.88,25.66,25.98,205991
MUKKA,2026-10-01,26.1,26.1,24.75,25.7,278076
MUKKA,2026-10-05,25.7,26.98,25.1,26.67,272385
MUKTAARTS,2026-09-28,57.99,57.99,55.0,57.12,7840
MUKTAARTS,2026-09-29,56.89,56.89,55.11,56.57,513
MUKTAARTS,2026-09-30,56.5,57.5,55.4,57.09,4149
MUKTAARTS,2026-10-01,55.15,58.79,53.11,55.92,1911
MUKTAARTS,2026-10-05,55.92,56.5,54.0,54.89,2425
MUNJALAU,2026-09-29,105.71,107.9,104.12,106.48,155908
MUNJALAU,2026-09-30,106.3,115.7,106.0,112.86,9221059
MUNJALAU,2026-10-01,110.76,110.76,102.58,104.07,1200123
MUNJALAU,2026-10-02,104.07,104.07,104.07,104.07,0
MUNJALAU,2026-10-05,105.9,106.88,103.65,105.56,353413
MUNJALSHOW,2026-09-29,124.26,127.3,122.36,126.32,46785
MUNJALSHOW,2026-09-30,126.0,127.75,125.0,126.44,28696
MUNJALSHOW,2026-10-01,126.0,126.4,121.9,124.53,36914
MUNJALSHOW,2026-10-02,124.53,124.53,124.53,124.53,0
MUNJALSHOW,2026-10-05,125.0,126.7,123.23,124.03,15447
MURUDCERA,2026-09-29,28.05,28.3,27.86,28.0,33172
MURUDCERA,2026-09-30,28.0,29.0,28.0,28.51,17394
MURUDCERA,2026-10-01,28.87,28.87,27.51,28.06,8347
MURUDCERA,2026-10-02,28.06,28.06,28.06,28.06,0
MURUDCERA,2026-10-05,27.55,28.84,27.55,28.01,13934
MUTHOOTCAP,2026-09-28,226.16,228.46,220.8,221.17,3472
MUTHOOTCAP,2026-09-29,221.17,226.75,216.44,217.07,19275
MUTHOOTCAP,2026-09-30,219.32,221.5,216.52,218.9,5699
MUTHOOTCAP,2026-10-01,219.0,225.67,211.59,218.08,8616
MUTHOOTCAP,2026-10-05,220.86,220.86,211.01,219.33,8382
MUTHOOTFIN,2026-09-29,2748.0,2764.1001,2706.5,2736.8,1190791
MUTHOOTFIN,2026-09-30,2747.8999,2783.8999,2737.1001,2737.1001,459482
MUTHOOTFIN,2026-10-01,2729.8999,2765.6001,2676.8999,2697.1001,553592
MUTHOOTFIN,2026-10-02,2697.1001,2697.1001,2697.1001,2697.1001,0
MUTHOOTFIN,2026-10-05,2711.0,2747.8,2700.0,2716.3999,499788
MUTHOOTMF,2026-09-28,182.0,182.98,178.5,178.84,130103
MUTHOOTMF,2026-09-29,178.96,180.55,175.44,177.64,151414
MUTHOOTMF,2026-09-30,177.73,181.78,177.58,178.4,99224
MUTHOOTMF,2026-10-01,178.0,178.01,171.57,174.09,202480
MUTHOOTMF,2026-10-05,177.58,183.49,174.52,176.38,141785
MVELECTRO,2026-09-29,789.9,859.0,781.3,838.05,1626209
MVELECTRO,2026-09-30,840.3,843.4,811.55,818.15,433635
MVELECTRO,2026-10-01,814.75,859.0,798.15,836.95,1336521
MVELECTRO,2026-10-02,836.95,836.95,836.95,836.95,0
MVELECTRO,2026-10-05,855.8,920.6,850.0,897.55,3364393
MVGJL,2026-09-28,226.99,227.0,215.0,215.94,280855
MVGJL,2026-09-29,216.3,219.54,207.0,212.6,172011
MVGJL,2026-09-30,214.33,216.47,205.1,207.16,143718
MVGJL,2026-10-01,206.2,214.0,199.05,206.69,313628
MVGJL,2026-10-05,212.94,216.99,200.4,204.36,257195
MVKAGRO,2026-09-25,230.9,230.9,224.5,230.9,1148700
MVKAGRO,2026-09-28,242.4,242.4,242.4,242.4,123600
MVKAGRO,2026-09-29,240.0,253.9,230.3,248.05,283800
MVKAGRO,2026-09-30,248.0,249.05,238.8,246.55,137400
MVKAGRO,2026-10-01,238.15,246.65,234.25,240.35,48300
MWL,2026-09-28,43.07,43.9,42.5,43.46,329028
MWL,2026-09-29,43.76,44.89,43.06,43.4,396017
MWL,2026-09-30,43.6,43.95,42.9,43.38,283085
MWL,2026-10-01,43.0,43.58,42.5,43.13,408526
MWL,2026-10-05,41.7,42.74,40.96,41.53,1175803
MYSORPETRO,2026-09-28,128.35,130.0,123.25,128.76,2459
MYSORPETRO,2026-09-29,123.5,129.99,122.5,127.82,4048
MYSORPETRO,2026-09-30,124.0,124.88,122.0,122.25,6396
MYSORPETRO,2026-10-01,122.25,122.25,117.51,119.4,4287
MYSORPETRO,2026-10-05,119.4,119.4,115.0,115.88,2067
NACLIND,2026-09-29,136.86,137.96,129.75,132.45,1047618
NACLIND,2026-09-30,132.1,136.99,132.1,132.86,449680
NACLIND,2026-10-01,133.48,134.0,126.51,130.41,525450
NACLIND,2026-10-02,130.41,130.41,130.41,130.41,0
NACLIND,2026-10-05,130.41,132.41,128.4,130.29,220568
NAGAFERT,2026-09-29,1.69,1.69,1.69,1.69,0
NAGAFERT,2026-09-30,1.69,1.69,1.69,1.69,0
NAGAFERT,2026-10-01,1.69,1.69,1.69,1.69,0
NAGAFERT,2026-10-02,1.69,1.69,1.69,1.69,0
NAGAFERT,2026-10-05,1.64,1.69,1.61,1.61,632707
NAGREEKCAP,2026-09-28,27.1,28.9,26.08,26.32,5962
NAGREEKCAP,2026-09-29,25.5,27.5,25.5,26.05,3154
NAGREEKCAP,2026-09-30,26.05,28.0,25.2,26.03,3598
NAGREEKCAP,2026-10-01,26.03,27.2,24.56,25.34,9411
NAGREEKCAP,2026-10-05,24.57,25.87,24.57,25.49,7710
NAGREEKEXP,2026-09-28,22.56,23.46,22.15,22.31,19605
NAGREEKEXP,2026-09-29,21.42,22.75,20.99,22.09,35608
NAGREEKEXP,2026-09-30,21.72,22.69,21.5,21.7,10252
NAGREEKEXP,2026-10-01,21.65,22.84,20.83,21.29,6492
NAGREEKEXP,2026-10-05,21.29,21.97,20.1,20.87,18915
NAHARCAP,2026-09-28,255.0,256.0,243.1,243.75,1224
NAHARCAP,2026-09-29,249.5,249.5,230.0,237.6,8969
NAHARCAP,2026-09-30,232.0,248.6,231.0,244.9,3816
NAHARCAP,2026-10-01,245.49,245.5,236.85,237.31,5098
NAHARCAP,2026-10-05,233.6,238.03,230.0,233.82,2513
NAHARINDUS,2026-09-29,130.05,132.99,126.24,130.17,34383
NAHARINDUS,2026-09-30,131.16,133.19,129.0,130.13,13521
NAHARINDUS,2026-10-01,131.44,131.95,126.01,127.74,16476
NAHARINDUS,2026-10-02,127.74,127.74,127.74,127.74,0
NAHARINDUS,2026-10-05,128.0,130.0,126.1,127.08,10196
NAHARPOLY,2026-09-28,229.9,231.42,219.2,221.85,8751
NAHARPOLY,2026-09-29,224.94,235.0,221.11,230.27,3674
NAHARPOLY,2026-09-30,232.97,232.97,224.05,225.27,3942
NAHARPOLY,2026-10-01,228.79,230.0,217.02,225.64,6510
NAHARPOLY,2026-10-05,222.81,230.01,220.21,222.21,2606
NAHARSPING,2026-09-28,278.0,278.0,265.0,267.3,9962
NAHARSPING,2026-09-29,278.0,278.55,259.2,261.75,46373
NAHARSPING,2026-09-30,265.95,271.7,259.2,260.05,15466
NAHARSPING,2026-10-01,260.9,263.0,250.0,255.5,19419
NAHARSPING,2026-10-05,255.5,260.7,249.2,250.15,26885
NAMAN,2026-09-25,48.45,48.6,48.45,48.6,13600
NAMAN,2026-09-28,46.2,46.2,46.2,46.2,2400
NAMAN,2026-09-29,48.5,48.5,48.0,48.5,7200
NAMAN,2026-09-30,48.5,50.8,48.5,50.7,10400
NAMAN,2026-10-01,48.2,48.2,48.2,48.2,12000
NARMADA,2026-09-29,13.05,13.3,12.65,12.75,210383
NARMADA,2026-09-30,12.75,13.19,12.6,12.71,465925
NARMADA,2026-10-01,12.71,12.81,12.05,12.31,289831
NARMADA,2026-10-02,12.31,12.31,12.31,12.31,0
NARMADA,2026-10-05,12.35,13.2,12.01,12.3,752647
NATCAPSUQ,2026-09-28,168.0,168.5,164.0,165.2,8538
NATCAPSUQ,2026-09-29,162.01,164.59,162.0,163.14,2460
NATCAPSUQ,2026-09-30,164.95,168.85,164.95,165.8,1477
NATCAPSUQ,2026-10-01,168.6,168.6,161.9,162.16,3126
NATCAPSUQ,2026-10-05,164.0,166.5,163.1,165.15,1789
NATCOPHARM,2026-09-29,825.6705,844.0695,821.0089,836.2338,641581
NATCOPHARM,2026-09-30,838.1183,842.0858,814.413,820.7609,620084
NATCOPHARM,2026-10-01,814.95,827.1,804.0,821.3,717435
NATCOPHARM,2026-10-02,821.3,821.3,821.3,821.3,0
NATCOPHARM,2026-10-05,825.0,827.45,801.4,821.5,571712
NATHBIOGEN,2026-09-28,148.75,149.01,141.0,144.12,32596
NATHBIOGEN,2026-09-29,145.0,147.0,141.0,142.22,8389
NATHBIOGEN,2026-09-30,145.3,145.44,142.35,142.81,2506
NATHBIOGEN,2026-10-01,145.0,145.0,135.7,137.74,9469
NATHBIOGEN,2026-10-05,140.0,142.44,133.0,134.29,15278
NATIONALUM,2026-09-29,346.45,346.95,341.0,346.65,7334608
NATIONALUM,2026-09-30,345.05,348.95,340.95,340.95,5109676
NATIONALUM,2026-10-01,335.0,338.85,329.5,334.9,4672624
NATIONALUM,2026-10-02,334.9,334.9,334.9,334.9,0
NATIONALUM,2026-10-05,335.9,344.1,334.3,340.0,5169746
NATIONSTD,2026-09-28,116.0,117.98,112.53,114.48,11712
NATIONSTD,2026-09-29,115.62,116.75,113.02,114.54,4773
NATIONSTD,2026-09-30,117.8,117.8,113.5,113.87,6077
NATIONSTD,2026-10-01,116.15,116.16,111.0,114.91,7143
NATIONSTD,2026-10-05,116.05,116.05,112.0,112.51,5158
NAUKRI,2026-09-29,1238.1,1251.3,1232.3,1245.0,1242585
NAUKRI,2026-09-30,1235.0,1246.0,1204.5,1219.5,1589054
NAUKRI,2026-10-01,1215.1,1221.2,1180.3,1200.0,2219568
NAUKRI,2026-10-02,1200.0,1200.0,1200.0,1200.0,0
NAUKRI,2026-10-05,1220.3,1241.0,1198.4,1201.7,2021519
NAVA,2026-09-28,550.0,554.55,543.15,547.0,267941
NAVA,2026-09-29,543.9,553.55,540.2,545.95,263953
NAVA,2026-09-30,547.0,565.5,547.0,559.35,374867
NAVA,2026-10-01,554.55,558.75,543.8,552.5,336721
NAVA,2026-10-05,555.0,564.85,552.0,556.7,302296
NAVINFLUOR,2026-09-28,8582.5,8582.5,8385.5,8432.5,44157
NAVINFLUOR,2026-09-29,8434.5,8483.5,8211.0,8234.5,136712
NAVINFLUOR,2026-09-30,8334.0,8417.5,8200.5,8245.0,161189
NAVINFLUOR,2026-10-01,8197.5,8262.0,8035.0,8136.5,94936
NAVINFLUOR,2026-10-05,8217.5,8333.5,8115.0,8272.0,133642
NAVKARCORP,2026-09-28,88.5,88.87,86.33,86.86,365136
NAVKARCORP,2026-09-29,86.86,87.99,85.5,86.6,317322
NAVKARCORP,2026-09-30,87.0,88.05,84.11,84.88,591236
NAVKARCORP,2026-10-01,85.3,87.74,83.1,85.07,539258
NAVKARCORP,2026-10-05,85.5,86.96,84.0,84.94,213039
NAVKARURB,2026-09-29,0.91,0.91,0.84,0.86,1504717
NAVKARURB,2026-09-30,0.88,0.9,0.84,0.86,1280895
NAVKARURB,2026-10-01,0.86,0.88,0.83,0.85,889780
NAVKARURB,2026-10-02,0.85,0.85,0.85,0.85,0
NAVKARURB,2026-10-05,0.87,0.87,0.82,0.83,491182
NAVNETEDUL,2026-09-28,122.76,125.48,120.55,121.73,91090
NAVNETEDUL,2026-09-29,121.5,122.9,120.35,121.42,84166
NAVNETEDUL,2026-09-30,121.2,123.63,121.2,122.52,77676
NAVNETEDUL,2026-10-01,124.24,124.24,120.5,123.87,272365
NAVNETEDUL,2026-10-05,126.2,126.2,122.5,122.97,82595
NAZARA,2026-09-28,376.0,383.1,371.15,379.65,2307584
NAZARA,2026-09-29,379.0,391.1,372.0,388.4,2459398
NAZARA,2026-09-30,386.2,401.9,386.2,392.85,2088636
NAZARA,2026-10-01,391.0,397.45,374.0,384.7,1314362
NAZARA,2026-10-05,388.45,393.45,379.1,385.8,2285364
NBCC,2026-09-29,80.16,80.67,78.01,78.01,8592936
NBCC,2026-09-30,78.83,79.99,78.5,78.5,6032283
NBCC,2026-10-01,78.3,78.86,76.07,77.4,6195124
NBCC,2026-10-02,77.4,77.4,77.4,77.4,0
NBCC,2026-10-05,78.11,78.27,75.75,76.2,7593129
NBIFIN,2026-09-28,1952.6,1954.2,1925.0,1948.2,100
NBIFIN,2026-09-29,1965.2,1966.0,1860.0,1876.6,239
NBIFIN,2026-09-30,1900.3,1916.9,1863.1,1897.5,352
NBIFIN,2026-10-01,1882.3,1885.0,1854.9,1857.9,80
NBIFIN,2026-10-05,1855.2,1855.2,1815.0,1819.0,458
NCC,2026-09-29,133.83,137.3,126.65,128.27,28505185
NCC,2026-09-30,128.5,130.42,128.0,128.88,2665171
NCC,2026-10-01,129.5,131.12,127.45,130.06,6751497
NCC,2026-10-02,130.06,130.06,130.06,130.06,0
NCC,2026-10-05,130.1,131.39,127.72,128.79,1624082
NCLIND,2026-09-28,179.66,179.76,175.0,175.81,27646
NCLIND,2026-09-29,176.68,178.99,174.0,176.86,43191
NCLIND,2026-09-30,177.37,177.37,173.02,174.18,23631
NCLIND,2026-10-01,174.0,175.5,166.1,170.03,54129
NCLIND,2026-10-05,169.55,172.5,167.51,168.85,43662
NDGL,2026-09-28,2604.5,2605.0,2480.0,2509.1001,601
NDGL,2026-09-29,2500.0,2540.0,2470.0,2478.1001,119
NDGL,2026-09-30,2478.1001,2500.0,2466.0,2484.0,281
NDGL,2026-10-01,2484.0,2500.0,2383.0,2411.0,182
NDGL,2026-10-05,2422.0,2430.0,2330.0,2354.3,492
NDL,2026-09-28,2.66,2.73,2.62,2.67,980887
NDL,2026-09-29,2.73,2.75,2.57,2.62,1455788
NDL,2026-09-30,2.65,2.65,2.6,2.61,635500
NDL,2026-10-01,2.6,2.63,2.51,2.54,935999
NDL,2026-10-05,2.63,2.67,2.58,2.59,942759
NDLVENTURE,2026-09-28,120.0,123.8,120.0,121.43,4949
NDLVENTURE,2026-09-29,121.43,123.15,119.08,121.49,5638
NDLVENTURE,2026-09-30,124.9,125.87,121.21,123.95,11631
NDLVENTURE,2026-10-01,120.12,126.93,120.12,125.24,8923
NDLVENTURE,2026-10-05,123.0,126.7,122.27,123.17,5077
NDRAUTO,2026-09-29,719.4,746.3,716.05,739.9,20057
NDRAUTO,2026-09-30,748.9,749.3,710.0,717.7,7470
NDRAUTO,2026-10-01,719.8,722.85,693.0,715.85,16545
NDRAUTO,2026-10-02,715.85,715.85,715.85,715.85,0
NDRAUTO,2026-10-05,710.4,721.0,695.0,706.8,11897
NDTV,2026-09-28,70.85,70.95,68.51,69.11,45424
NDTV,2026-09-29,69.11,70.25,68.6,69.06,61864
NDTV,2026-09-30,70.0,70.2,68.16,69.14,38185
NDTV,2026-10-01,69.0,69.03,67.85,68.08,63707
NDTV,2026-10-05,68.47,69.12,66.95,67.19,64220
NEAGI,2026-09-28,3486.1001,3486.1001,3305.1001,3400.0,104
NEAGI,2026-09-29,3483.5,3483.5,3483.5,3483.5,2
NEAGI,2026-09-30,3483.5,3483.5,3483.5,3483.5,0
NEAGI,2026-10-01,3325.0,3325.0,3309.3999,3309.3999,8
NEAGI,2026-10-05,3292.8999,3292.8999,3292.8999,3292.8999,5
NECCLTD,2026-09-28,19.95,19.95,18.32,18.44,47745
NECCLTD,2026-09-29,18.55,18.55,18.0,18.08,37057
NECCLTD,2026-09-30,18.17,18.5,18.08,18.42,79006
NECCLTD,2026-10-01,18.88,18.94,18.0,18.41,47266
NECCLTD,2026-10-05,19.55,19.55,17.68,19.12,129283
NECLIFE,2026-09-28,10.65,11.2,10.56,10.72,76851
NECLIFE,2026-09-29,10.63,11.08,10.63,10.71,93379
NECLIFE,2026-09-30,10.7,10.95,10.3,10.5,126810
NECLIFE,2026-10-01,10.63,10.85,10.17,10.23,140521
NECLIFE,2026-10-05,10.43,10.58,10.18,10.48,302353
NELCAST,2026-09-29,115.0,121.0,112.6,118.93,251768
NELCAST,2026-09-30,119.0,124.7,118.8,123.4,394628
NELCAST,2026-10-01,123.15,126.38,118.0,121.03,273249
NELCAST,2026-10-02,121.03,121.03,121.03,121.03,0
NELCAST,2026-10-05,119.83,123.3,118.18,121.43,153030
NELCO,2026-09-29,922.0,933.45,894.0,922.3,268542
NELCO,2026-09-30,923.0,944.85,913.5,914.5,112087
NELCO,2026-10-01,914.5,927.35,884.5,889.2,268150
NELCO,2026-10-02,889.2,889.2,889.2,889.2,0
NELCO,2026-10-05,897.0,915.0,880.05,885.1,129029
NEOGEN,2026-09-29,2388.1001,2458.5,2370.0,2435.3,157182
NEOGEN,2026-09-30,2445.3,2480.0,2403.0,2451.6001,147004
NEOGEN,2026-10-01,2451.6001,2474.5,2359.2,2407.1001,103868
NEOGEN,2026-10-02,2407.1001,2407.1001,2407.1001,2407.1001,0
NEOGEN,2026-10-05,2419.0,2447.8999,2300.0,2311.2,116983
NEPHROCARE,2026-09-25,96.0,96.0,85.2,93.55,20000
NEPHROCARE,2026-09-28,92.0,95.5,86.35,87.75,17600
NEPHROCARE,2026-09-29,86.1,91.7,86.1,90.55,7200
NEPHROCARE,2026-09-30,88.0,93.25,88.0,90.65,12000
NEPHROCARE,2026-10-01,90.65,91.95,87.0,89.65,11600
NEPHROPLUS,2026-09-28,696.65,696.65,667.25,674.0,306073
NEPHROPLUS,2026-09-29,679.95,679.95,660.0,663.4,599435
NEPHROPLUS,2026-09-30,665.3,669.8,655.0,659.75,391732
NEPHROPLUS,2026-10-01,661.95,662.0,636.85,648.95,238798
NEPHROPLUS,2026-10-05,653.5,658.0,635.0,637.65,135563
NESCO,2026-09-28,1070.3,1094.9,1040.4,1086.4,101738
NESCO,2026-09-29,1082.3,1082.3,1030.1,1040.5,172385
NESCO,2026-09-30,1035.0,1054.2,1035.0,1046.9,24923
NESCO,2026-10-01,1032.3,1042.0,1017.6,1028.2,38262
NESCO,2026-10-05,1045.0,1051.5,1027.1,1036.6,31885
NESTLEIND,2026-09-28,1350.0,1356.8,1343.9,1346.0,702425
NESTLEIND,2026-09-29,1341.0,1349.1,1333.6,1345.7,1748621
NESTLEIND,2026-09-30,1341.5,1345.5,1310.0,1310.0,1278279
NESTLEIND,2026-10-01,1301.9,1320.9,1295.0,1307.7,1626876
NESTLEIND,2026-10-05,1305.4,1311.3,1292.9,1297.1,1675704
NETWEB,2026-09-29,4550.0,4664.0,4453.0,4613.0,822138
NETWEB,2026-09-30,4625.0,4684.5,4530.0,4548.0,586472
NETWEB,2026-10-01,4545.0,4620.0,4463.7998,4520.2998,752580
NETWEB,2026-10-02,4520.2998,4520.2998,4520.2998,4520.2998,0
NETWEB,2026-10-05,4543.0,4790.0,4535.0,4765.1001,1646842
NETWORK18,2026-09-29,25.98,26.02,25.28,25.88,2746331
NETWORK18,2026-09-30,26.01,26.52,25.75,25.87,2299453
NETWORK18,2026-10-01,25.56,25.98,25.02,25.43,3188680
NETWORK18,2026-10-02,25.43,25.43,25.43,25.43,0
NETWORK18,2026-10-05,25.52,26.02,25.3,25.44,2117185
NEUEON,2026-09-28,15.1,15.1,15.1,15.1,21666
NEUEON,2026-09-29,15.85,15.85,14.35,14.35,37784
NEUEON,2026-09-30,13.85,15.06,13.64,15.06,77987
NEUEON,2026-10-01,15.12,15.81,14.7,15.26,38428
NEUEON,2026-10-05,15.26,15.26,14.5,14.5,62778
NEULANDLAB,2026-09-28,21890.0,21920.0,21395.0,21440.0,18960
NEULANDLAB,2026-09-29,21690.0,21920.0,21170.0,21375.0,83910
NEULANDLAB,2026-09-30,21375.0,21600.0,21200.0,21350.0,51295
NEULANDLAB,2026-10-01,21285.0,21670.0,20715.0,21505.0,70377
NEULANDLAB,2026-10-05,21500.0,21960.0,21090.0,21875.0,62813
NEWGEN,2026-09-29,480.0,493.4,465.4,473.0,2459936
NEWGEN,2026-09-30,474.9,481.2,465.55,467.85,443488
NEWGEN,2026-10-01,465.2,477.95,452.95,456.35,629816
NEWGEN,2026-10-02,456.35,456.35,456.35,456.35,0
NEWGEN,2026-10-05,464.8,472.55,456.35,458.75,657395
NEWJAISA,2026-09-25,17.0,17.65,17.0,17.65,7500
NEWJAISA,2026-09-28,18.05,18.5,17.0,18.4,60000
NEWJAISA,2026-09-29,17.7,19.25,17.5,18.0,124500
NEWJAISA,2026-09-30,18.9,18.9,17.85,17.95,61500
NEWJAISA,2026-10-01,17.95,17.95,17.1,17.1,27000
NEXTMEDIA,2026-09-28,3.7,3.8,3.57,3.68,11289
NEXTMEDIA,2026-09-29,3.54,3.76,3.54,3.7,12395
NEXTMEDIA,2026-09-30,3.78,3.78,3.64,3.73,7958
NEXTMEDIA,2026-10-01,3.79,3.79,3.55,3.58,27941
NEXTMEDIA,2026-10-05,3.58,3.58,3.45,3.57,13843
NFL,2026-09-29,65.44,65.44,63.7,64.79,751312
NFL,2026-09-30,65.25,65.94,64.72,65.2,682231
NFL,2026-10-01,65.15,65.15,62.81,63.85,633608
NFL,2026-10-02,63.85,63.85,63.85,63.85,0
NFL,2026-10-05,63.99,64.45,63.12,63.28,487718
NGIL,2026-09-29,40.38,41.75,39.2,39.72,20795
NGIL,2026-09-30,41.0,41.98,39.07,39.11,36513
NGIL,2026-10-01,39.11,41.42,36.26,38.43,83230
NGIL,2026-10-02,38.43,38.43,38.43,38.43,0
NGIL,2026-10-05,38.5,41.35,35.99,36.83,37292
NGLFINE,2026-09-29,2736.0,2948.0,2715.1001,2870.8999,22597
NGLFINE,2026-09-30,2893.8999,2944.7,2823.1001,2909.5,4054
NGLFINE,2026-10-01,2885.7,2972.0,2851.0,2924.0,15235
NGLFINE,2026-10-02,2924.0,2924.0,2924.0,2924.0,0
NGLFINE,2026-10-05,2930.0,3045.0,2841.0,2988.3,7251
NH,2026-09-28,1861.2,1861.4,1814.0,1820.1,142536
NH,2026-09-29,1820.1,1863.0,1761.0,1789.9,966399
NH,2026-09-30,1776.0,1813.7,1730.1,1791.4,341005
NH,2026-10-01,1774.9,1774.9,1714.1,1741.4,258740
NH,2026-10-05,1744.9,1749.6,1709.6,1722.4,92681
NHPC,2026-09-29,74.05,74.7,73.3,73.32,11242484
NHPC,2026-09-30,73.56,73.99,72.8,72.81,7849564
NHPC,2026-10-01,72.75,72.9,70.25,71.75,10903143
NHPC,2026-10-02,71.75,71.75,71.75,71.75,0
NHPC,2026-10-05,71.75,72.83,71.1,72.0,4447161
NIACL,2026-09-29,170.0,171.95,160.05,168.29,4230836
NIACL,2026-09-30,167.91,169.29,165.7,167.02,1160229
NIACL,2026-10-01,166.92,166.96,158.29,160.21,1814930
NIACL,2026-10-02,160.21,160.21,160.21,160.21,0
NIACL,2026-10-05,160.21,163.0,157.7,158.36,1226665
NIBE,2026-09-28,1260.0,1266.1,1225.0,1237.4,39680
NIBE,2026-09-29,1237.4,1265.4,1226.8,1238.5,37110
NIBE,2026-09-30,1251.0,1262.1,1230.5,1236.4,44693
NIBE,2026-10-01,1235.9,1240.0,1198.0,1234.5,51473
NIBE,2026-10-05,1236.0,1253.3,1214.0,1221.3,28920
NIBL,2026-09-28,33.48,33.48,31.04,31.65,7324
NIBL,2026-09-29,31.31,32.5,30.91,31.52,15737
NIBL,2026-09-30,32.18,32.88,31.0,31.85,5959
NIBL,2026-10-01,32.49,32.8,30.65,31.32,10565
NIBL,2026-10-05,32.98,32.98,31.32,31.33,6562
NICCOPAR,2026-09-28,82.45,82.45,80.5,80.5,833
NICCOPAR,2026-09-29,80.5,83.0,80.5,81.0,1332
NICCOPAR,2026-09-30,83.9,83.9,81.05,81.36,354
NICCOPAR,2026-10-01,78.6,82.95,77.28,79.5,543
NICCOPAR,2026-10-05,82.65,82.65,80.0,80.1,277
NIDAN,2026-09-25,13.15,13.3,13.0,13.3,6000
NIDAN,2026-09-28,12.65,12.95,12.5,12.55,15000
NIDAN,2026-09-29,12.9,12.9,12.9,12.9,2000
NIDAN,2026-09-30,12.95,12.95,12.55,12.55,6000
NIDAN,2026-10-01,12.6,12.95,12.5,12.9,11000
NIITLTD,2026-09-29,87.0,87.23,85.49,86.37,152140
NIITLTD,2026-09-30,86.45,87.84,85.62,86.17,132517
NIITLTD,2026-10-01,86.15,86.33,83.01,84.94,165934
NIITLTD,2026-10-02,84.94,84.94,84.94,84.94,0
NIITLTD,2026-10-05,84.99,87.1,82.57,83.89,122628
NIITMTS,2026-09-28,212.1,212.2,204.65,205.39,107682
NIITMTS,2026-09-29,206.07,209.98,202.72,204.96,58070
NIITMTS,2026-09-30,206.67,208.8,203.02,204.51,94153
NIITMTS,2026-10-01,204.51,207.69,185.0,191.08,870142
NIITMTS,2026-10-05,190.02,203.26,190.02,199.62,170084
NILAINFRA,2026-09-28,7.1,7.1,6.8,6.83,97149
NILAINFRA,2026-09-29,6.76,7.04,6.66,6.71,92036
NILAINFRA,2026-09-30,6.77,6.99,6.66,6.71,117718
NILAINFRA,2026-10-01,6.83,6.9,6.5,6.57,159229
NILAINFRA,2026-10-05,6.73,6.95,6.65,6.71,190485
NILASPACES,2026-09-29,11.1,11.35,10.88,11.16,584546
NILASPACES,2026-09-30,11.27,11.64,11.11,11.19,471707
NILASPACES,2026-10-01,11.34,11.34,10.85,11.22,559126
NILASPACES,2026-10-02,11.22,11.22,11.22,11.22,0
NILASPACES,2026-10-05,11.48,11.48,10.81,11.0,433053
NILE,2026-09-29,1280.0,1305.0,1250.0,1264.7,7248
NILE,2026-09-30,1265.0,1293.3,1203.5,1219.5,10843
NILE,2026-10-01,1219.0,1295.3,1211.1,1243.2,6776
NILE,2026-10-02,1243.2,1243.2,1243.2,1243.2,0
NILE,2026-10-05,1297.0,1297.0,1212.6,1226.0,4135
NILKAMAL,2026-09-29,1930.9,1969.9,1891.0,1898.9,23084
NILKAMAL,2026-09-30,1901.0,1935.0,1896.5,1901.7,8647
NILKAMAL,2026-10-01,1901.7,1904.0,1840.0,1871.8,24018
NILKAMAL,2026-10-02,1871.8,1871.8,1871.8,1871.8,0
NILKAMAL,2026-10-05,1860.0,1899.3,1820.1,1829.5,17730
NIMBSPROJ,2026-09-28,193.04,202.39,193.04,198.75,30246
NIMBSPROJ,2026-09-29,194.95,198.8,188.82,194.12,22967
NIMBSPROJ,2026-09-30,192.08,198.3,184.42,192.19,34060
NIMBSPROJ,2026-10-01,195.11,195.8,182.59,189.45,41570
NIMBSPROJ,2026-10-05,190.8,195.0,180.1,187.32,37323
NINSYS,2026-09-29,715.8,741.45,696.6,737.15,5977
NINSYS,2026-09-30,737.05,774.0,723.0,766.35,15354
NINSYS,2026-10-01,787.0,804.65,778.3,804.65,18078
NINSYS,2026-10-02,804.65,804.65,804.65,804.65,0
NINSYS,2026-10-05,830.0,844.85,808.0,842.0,16316
NIPPOBATRY,2026-09-28,322.5,325.0,317.0,323.2,999
NIPPOBATRY,2026-09-29,322.7,325.0,317.3,322.7,640
NIPPOBATRY,2026-09-30,331.8,331.8,320.0,327.4,1726
NIPPOBATRY,2026-10-01,325.5,325.5,311.3,314.45,1179
NIPPOBATRY,2026-10-05,322.0,323.95,317.0,318.75,2579
NIRAJ,2026-09-28,29.4,29.4,27.7,27.9,7949
NIRAJ,2026-09-29,28.46,28.9,27.8,28.36,81568
NIRAJ,2026-09-30,27.7,28.95,27.25,27.66,66899
NIRAJ,2026-10-01,28.4,28.4,27.11,27.74,2960
NIRAJ,2026-10-05,28.29,28.5,27.32,27.92,26158
NIRAJISPAT,2026-09-28,289.0,303.0,288.55,301.0,204
NIRAJISPAT,2026-09-29,301.0,301.0,301.0,301.0,0
NIRAJISPAT,2026-09-30,301.0,301.0,299.95,301.0,65
NIRAJISPAT,2026-10-01,300.0,300.0,300.0,300.0,2
NIRAJISPAT,2026-10-05,300.0,300.0,300.0,300.0,1
NIRLON,2026-09-28,605.05,614.9,605.0,608.0,2031
NIRLON,2026-09-29,605.1,609.0,591.05,605.85,6431
NIRLON,2026-09-30,610.0,610.0,601.0,605.0,1909
NIRLON,2026-10-01,617.95,625.4,604.8,606.8,6734
NIRLON,2026-10-05,615.45,619.55,612.1,615.4,3982
NIRMAN,2026-09-25,26.5,27.25,26.0,26.2,18000
NIRMAN,2026-09-28,26.5,27.05,26.2,26.5,10200
NIRMAN,2026-09-29,26.9,26.9,26.0,26.5,4200
NIRMAN,2026-09-30,26.4,27.0,25.25,26.5,20100
NIRMAN,2026-10-01,25.0,26.95,25.0,25.45,30600
NITCO,2026-09-28,87.96,88.0,84.12,84.61,247437
NITCO,2026-09-29,84.05,87.5,82.6,86.75,1505725
NITCO,2026-09-30,86.01,89.29,85.74,88.12,905412
NITCO,2026-10-01,86.63,86.97,83.5,84.18,766183
NITCO,2026-10-05,84.99,85.33,82.13,82.69,555424
NITINSPIN,2026-09-28,616.0,616.0,592.65,596.45,35619
NITINSPIN,2026-09-29,593.1,617.0,592.0,606.15,75325
NITINSPIN,2026-09-30,610.6,615.95,595.7,598.3,46740
NITINSPIN,2026-10-01,595.0,598.0,579.0,594.6,128807
NITINSPIN,2026-10-05,597.6,612.5,595.3,604.75,83708
NITIRAJ,2026-09-28,213.48,234.2,211.6,218.87,793
NITIRAJ,2026-09-29,219.65,219.65,203.0,215.74,2040
NITIRAJ,2026-09-30,215.0,215.0,201.47,209.26,1020
NITIRAJ,2026-10-01,205.2,212.97,200.0,200.9,995
NITIRAJ,2026-10-05,205.0,205.0,200.31,202.14,353
NITTAGELA,2026-09-28,1702.0,1790.0,1699.1,1718.2,3566
NITTAGELA,2026-09-29,1718.2,1718.2,1674.2,1702.8,2116
NITTAGELA,2026-09-30,1710.6,1735.0,1651.5,1678.6,2312
NITTAGELA,2026-10-01,1660.0,1729.0,1645.0,1664.3,3600
NITTAGELA,2026-10-05,1716.3,1719.0,1665.0,1668.9,1183
NIVABUPA,2026-09-28,77.4,77.57,74.72,75.73,863602
NIVABUPA,2026-09-29,75.25,75.69,71.98,73.28,8812877
NIVABUPA,2026-09-30,73.05,75.8,72.82,74.81,3744324
NIVABUPA,2026-10-01,74.55,74.79,72.15,72.98,908237
NIVABUPA,2026-10-05,72.98,77.3,72.6,75.85,2935416
NKIND,2026-09-25,59.0,60.9,59.0,60.36,21
NKIND,2026-09-28,59.75,63.0,55.4,61.07,888
NKIND,2026-09-29,60.9,62.0,57.0,61.99,527
NKIND,2026-09-30,63.7,63.7,56.11,58.2,317
NKIND,2026-10-01,58.2,62.94,53.6,59.96,2305
NLCINDIA,2026-09-29,256.85,260.8,251.2,255.75,2549158
NLCINDIA,2026-09-30,258.55,263.5,255.4,261.7,1940444
NLCINDIA,2026-10-01,261.2,261.25,251.85,253.2,1597038
NLCINDIA,2026-10-02,253.2,253.2,253.2,253.2,0
NLCINDIA,2026-10-05,255.45,257.65,251.15,252.45,620352
NMDC,2026-09-29,77.4,77.86,76.02,77.0,19014554
NMDC,2026-09-30,77.0,77.79,76.54,76.54,15817494
NMDC,2026-10-01,76.45,76.97,73.71,74.64,17077400
NMDC,2026-10-02,74.64,74.64,74.64,74.64,0
NMDC,2026-10-05,75.0,75.51,73.06,73.74,11989948
NOCIL,2026-09-28,188.05,188.05,174.0,175.17,1513112
NOCIL,2026-09-29,175.0,175.0,166.64,169.31,2487591
NOCIL,2026-09-30,170.24,175.9,170.1,171.11,1017979
NOCIL,2026-10-01,171.0,173.49,163.8,168.85,1286680
NOCIL,2026-10-05,167.6,171.14,164.65,165.83,540544
NOIDATOLL,2026-09-28,3.97,4.0,3.57,3.58,324907
NOIDATOLL,2026-09-29,3.64,3.88,3.59,3.65,469676
NOIDATOLL,2026-09-30,3.6,3.87,3.6,3.85,96546
NOIDATOLL,2026-10-01,3.87,3.87,3.47,3.56,317389
NOIDATOLL,2026-10-05,3.77,3.77,3.55,3.56,182994
NORBTEAEXP,2026-09-28,70.12,70.12,66.62,66.62,3033
NORBTEAEXP,2026-09-29,68.0,68.0,64.03,64.9,3670
NORBTEAEXP,2026-09-30,64.8,68.12,61.72,66.25,4585
NORBTEAEXP,2026-10-01,64.1,69.5,62.95,69.04,9225
NORBTEAEXP,2026-10-05,69.04,70.76,65.59,65.59,2311
NORTHARC,2026-09-28,300.0,300.0,289.9,291.1,859984
NORTHARC,2026-09-29,291.15,295.15,287.05,290.75,1241312
NORTHARC,2026-09-30,290.0,297.05,285.55,287.35,672623
NORTHARC,2026-10-01,288.0,291.55,281.05,288.7,765513
NORTHARC,2026-10-05,292.7,295.0,288.4,289.45,326239
NOVAAGRI,2026-09-28,23.5,23.5,21.5,22.48,39405
NOVAAGRI,2026-09-29,22.48,22.98,22.2,22.28,34484
NOVAAGRI,2026-09-30,22.5,22.85,22.1,22.43,45494
NOVAAGRI,2026-10-01,22.15,22.66,22.0,22.22,64818
NOVAAGRI,2026-10-05,22.22,22.98,22.0,22.39,50586
NOVARTIND,2026-09-29,1952.9,1990.0,1905.0,1924.1,21732
NOVARTIND,2026-09-30,1924.1,2030.7,1910.0,1919.0,24059
NOVARTIND,2026-10-01,1954.9,1986.3,1900.0,1965.0,40666
NOVARTIND,2026-10-02,1965.0,1965.0,1965.0,1965.0,0
NOVARTIND,2026-10-05,2027.7,2161.5,1955.0,1967.8,192487
NPST,2026-09-28,1812.6,1813.0,1625.1,1635.0,110142
NPST,2026-09-29,1634.4,1662.6,1524.0,1653.0,122885
NPST,2026-09-30,1663.5,1800.0,1641.0,1764.8,117252
NPST,2026-10-01,1760.0,1789.0,1694.2,1766.5,65044
NPST,2026-10-05,1766.5,1850.0,1761.6,1833.5,70247
NRAIL,2026-09-28,680.95,706.4,633.0,647.6,61627
NRAIL,2026-09-29,668.45,685.0,640.0,660.5,15189
NRAIL,2026-09-30,670.4,679.45,651.05,669.45,9700
NRAIL,2026-10-01,674.7,680.0,637.2,659.5,22172
NRAIL,2026-10-05,680.0,680.0,650.05,661.35,31425
NRBBEARING,2026-09-28,533.0,559.9,524.2,541.5,1413609
NRBBEARING,2026-09-29,541.5,549.3,531.8,541.05,366094
NRBBEARING,2026-09-30,542.0,555.0,527.55,534.05,557714
NRBBEARING,2026-10-01,530.0,552.0,512.45,542.6,677742
NRBBEARING,2026-10-05,549.0,556.85,533.55,535.7,405981
NRL,2026-09-28,158.47,158.47,158.47,158.47,25179
NRL,2026-09-29,160.0,160.0,155.31,160.0,168734
NRL,2026-09-30,159.8,163.1,159.8,159.8,40280
NRL,2026-10-01,156.61,156.61,156.61,156.61,56197
NRL,2026-10-05,154.74,157.0,153.48,157.0,88836
NSIL,2026-09-28,5495.0,5510.0,5381.0,5398.5,6793
NSIL,2026-09-29,5350.5,5400.0,5340.0,5350.0,1228
NSIL,2026-09-30,5374.0,5439.5,5312.0,5324.0,940
NSIL,2026-10-01,5325.0,5375.0,5105.0,5163.5,2211
NSIL,2026-10-05,5269.5,5269.5,5150.0,5199.5,1514
NSLNISP,2026-09-29,41.88,42.42,41.21,41.79,5493176
NSLNISP,2026-09-30,42.0,42.35,41.15,41.32,4305677
NSLNISP,2026-10-01,41.1,41.71,40.15,40.95,7092056
NSLNISP,2026-10-02,40.95,40.95,40.95,40.95,0
NSLNISP,2026-10-05,41.0,41.3,40.31,40.5,3000968
NTCIND,2026-09-28,139.7,139.7,132.4,132.52,429
NTCIND,2026-09-29,132.52,138.8,130.0,136.46,519
NTCIND,2026-09-30,135.7,138.0,132.5,134.54,769
NTCIND,2026-10-01,130.0,137.8,126.62,129.51,738
NTCIND,2026-10-05,126.0,137.7,126.0,135.97,1573
NTPC,2026-09-28,326.6,326.6,320.2,321.1,5982092
NTPC,2026-09-29,320.5,325.0,317.55,323.5,11956206
NTPC,2026-09-30,323.5,323.95,318.9,322.75,6908628
NTPC,2026-10-01,320.8,320.95,313.05,315.1,10094465
NTPC,2026-10-05,316.05,323.55,316.05,321.8,9457613
NTPCGREEN,2026-09-29,91.5,92.19,89.65,89.99,2417700
NTPCGREEN,2026-09-30,89.99,93.92,89.91,93.37,3214816
NTPCGREEN,2026-10-01,93.4,93.4,89.05,91.09,2099127
NTPCGREEN,2026-10-02,91.09,91.09,91.09,91.09,0
NTPCGREEN,2026-10-05,91.1,91.57,89.55,90.09,1231775
NUCLEUS,2026-09-28,679.55,679.7,658.8,661.5,14417
NUCLEUS,2026-09-29,661.6,661.6,647.7,652.55,22285
NUCLEUS,2026-09-30,647.7,662.9,647.0,650.25,15978
NUCLEUS,2026-10-01,650.8,655.55,638.05,646.95,12071
NUCLEUS,2026-10-05,648.1,652.45,636.05,637.75,10735
NURECA,2026-09-28,354.95,365.0,344.2,362.55,20759
NURECA,2026-09-29,371.0,371.0,351.65,361.5,10127
NURECA,2026-09-30,355.0,376.0,355.0,366.6,22080
NURECA,2026-10-01,367.85,375.0,348.3,349.85,5659
NURECA,2026-10-05,348.0,348.0,333.2,339.05,7906
NUVAMA,2026-09-28,1651.0,1668.9,1605.1,1640.6,516479
NUVAMA,2026-09-29,1635.0,1677.2,1615.7,1652.1,295343
NUVAMA,2026-09-30,1655.4,1688.6,1645.5,1652.5,206395
NUVAMA,2026-10-01,1665.0,1738.6,1652.9,1701.4,856086
NUVAMA,2026-10-05,1709.4,1865.0,1706.0,1820.8,4036832
NUVOCO,2026-09-28,335.4,337.6,324.15,325.85,220322
NUVOCO,2026-09-29,327.0,337.0,321.5,330.2,442330
NUVOCO,2026-09-30,333.15,344.05,331.0,337.8,197279
NUVOCO,2026-10-01,332.0,336.7,316.5,322.1,1125207
NUVOCO,2026-10-05,324.0,329.45,322.0,326.1,179658
NYKAA,2026-09-29,325.5,329.8,319.25,327.35,4395026
NYKAA,2026-09-30,327.0,330.55,320.0,320.0,3980003
NYKAA,2026-10-01,317.0,324.95,316.0,324.95,7907193
NYKAA,2026-10-02,324.95,324.95,324.95,324.95,0
NYKAA,2026-10-05,335.0,344.55,335.0,339.55,19341790
OAL,2026-09-28,533.45,558.0,521.8,553.15,99966
OAL,2026-09-29,555.0,555.0,530.2,541.85,18459
OAL,2026-09-30,542.0,553.0,527.2,533.25,15746
OAL,2026-10-01,531.45,549.0,510.8,532.2,64420
OAL,2026-10-05,540.0,540.0,495.4,515.1,56880
OBCL,2026-09-28,57.6,59.9,55.5,56.9,1582
OBCL,2026-09-29,58.4,58.69,54.51,54.68,7991
OBCL,2026-09-30,56.0,59.5,54.7,55.34,14378
OBCL,2026-10-01,55.34,55.97,54.0,54.39,4435
OBCL,2026-10-05,55.79,57.8,55.4,55.85,2034
OBEROIRLTY,2026-09-28,1854.9,1855.0,1821.1,1830.0,364239
OBEROIRLTY,2026-09-29,1825.0,1826.6,1761.5,1762.9,395959
OBEROIRLTY,2026-09-30,1760.0,1796.3,1751.5,1765.7,573434
OBEROIRLTY,2026-10-01,1765.8,1780.5,1726.6,1754.6,282807
OBEROIRLTY,2026-10-05,1754.6,1793.7,1749.2,1751.2,419718
OCCLLTD,2026-09-29,172.3,180.0,165.8,178.52,155325
OCCLLTD,2026-09-30,184.0,187.44,182.17,187.44,146245
OCCLLTD,2026-10-01,191.79,195.5,181.3,193.49,182487
OCCLLTD,2026-10-02,193.49,193.49,193.49,193.49,0
OCCLLTD,2026-10-05,202.9,202.9,185.0,197.79,98621
ODIGMA,2026-09-28,20.63,21.49,20.62,20.87,14090
ODIGMA,2026-09-29,20.8,21.9,20.5,21.41,29726
ODIGMA,2026-09-30,21.11,22.04,21.11,21.35,8003
ODIGMA,2026-10-01,21.6,21.6,20.53,21.11,11756
ODIGMA,2026-10-05,21.11,21.5,20.51,20.66,7462
ODYCORP,2026-09-28,7.23,7.23,6.8,6.86,9064
ODYCORP,2026-09-29,6.85,7.09,6.8,7.08,4156
ODYCORP,2026-09-30,7.07,7.08,6.67,6.97,6337
ODYCORP,2026-10-01,7.11,7.11,6.67,6.91,3157
ODYCORP,2026-10-05,6.97,7.13,6.8,6.85,18370
OFSS,2026-09-29,10800.0,10876.0,10406.0,10406.0,181154
OFSS,2026-09-30,10525.0,10869.0,10500.0,10630.0,272759
OFSS,2026-10-01,10575.0,10661.0,10263.0,10420.0,194062
OFSS,2026-10-02,10420.0,10420.0,10420.0,10420.0,0
OFSS,2026-10-05,10525.0,10655.0,10364.0,10470.0,158183
OIL,2026-09-28,476.0,476.45,463.4,468.0,1767496
OIL,2026-09-29,466.5,467.8,459.4,459.45,2140454
OIL,2026-09-30,458.0,462.25,446.25,448.65,3069066
OIL,2026-10-01,446.0,447.75,434.65,444.0,2266203
OIL,2026-10-05,444.0,450.65,441.05,446.5,2225280
OILCOUNTUB,2026-09-28,73.64,73.64,73.64,73.64,66867
OILCOUNTUB,2026-09-29,75.11,75.11,75.11,75.11,56606
OILCOUNTUB,2026-09-30,76.61,76.61,76.61,76.61,21905
OILCOUNTUB,2026-10-01,78.14,78.14,78.14,78.14,58523
OILCOUNTUB,2026-10-05,79.7,79.7,79.7,79.7,38723
OLAELEC,2026-09-29,37.84,38.48,36.3,37.42,118182493
OLAELEC,2026-09-30,37.51,38.25,36.71,36.92,57479402
OLAELEC,2026-10-01,36.92,37.3,36.33,37.08,54910840
OLAELEC,2026-10-02,37.08,37.08,37.08,37.08,0
OLAELEC,2026-10-05,37.08,37.27,36.52,36.68,35609938
OLECTRA,2026-09-29,1179.0,1183.0,1134.0,1136.9,359867
OLECTRA,2026-09-30,1136.0,1167.0,1130.0,1134.2,391576
OLECTRA,2026-10-01,1128.0,1128.4,1076.2,1096.2,623533
OLECTRA,2026-10-02,1096.2,1096.2,1096.2,1096.2,0
OLECTRA,2026-10-05,1108.0,1115.5,1069.9,1078.4,409750
OLIL,2026-09-25,424.0,430.0,418.85,426.45,80000
OLIL,2026-09-28,422.0,438.0,418.6,433.8,109200
OLIL,2026-09-29,422.0,455.4,420.05,455.3,58400
OLIL,2026-09-30,428.0,455.5,428.0,448.55,12800
OLIL,2026-10-01,468.0,468.0,444.0,454.5,6000
OMAXAUTO,2026-09-28,202.0,212.8,196.0,200.55,107657
OMAXAUTO,2026-09-29,197.12,208.0,196.36,198.48,70700
OMAXAUTO,2026-09-30,200.0,207.5,198.02,200.32,53737
OMAXAUTO,2026-10-01,200.32,205.0,190.81,201.14,92836
OMAXAUTO,2026-10-05,200.14,210.78,197.52,201.44,59335
OMAXE,2026-09-28,110.0,116.04,108.01,110.27,1131311
OMAXE,2026-09-29,110.1,112.09,108.46,109.48,449814
OMAXE,2026-09-30,109.48,113.0,109.13,109.76,497588
OMAXE,2026-10-01,109.5,109.69,105.35,108.78,343801
OMAXE,2026-10-05,109.5,110.25,105.99,107.43,322612
OMFREIGHT,2026-09-28,87.5,90.0,87.5,89.01,2094
OMFREIGHT,2026-09-29,89.01,93.46,86.51,93.46,21769
OMFREIGHT,2026-09-30,93.49,94.0,90.0,94.0,12358
OMFREIGHT,2026-10-01,94.0,98.3,90.46,97.5,26984
OMFREIGHT,2026-10-05,103.99,103.99,96.0,100.95,47465
OMFURN,2026-09-28,51.45,51.45,51.45,51.45,2400
OMFURN,2026-09-29,51.0,51.0,51.0,51.0,1200
OMFURN,2026-09-30,51.0,51.0,51.0,51.0,0
OMFURN,2026-10-01,51.0,51.0,51.0,51.0,0
OMFURN,2026-10-02,51.0,51.0,51.0,51.0,0
OMINFRAL,2026-09-28,79.19,81.3,77.42,78.75,105658
OMINFRAL,2026-09-29,78.91,78.91,77.5,77.67,35469
OMINFRAL,2026-09-30,77.5,79.88,76.35,77.11,46370
OMINFRAL,2026-10-01,77.0,77.8,73.9,76.08,79076
OMINFRAL,2026-10-05,76.08,77.55,74.0,74.84,46344
OMNI,2026-09-29,526.0,565.75,519.05,560.4,851262
OMNI,2026-09-30,555.0,580.0,552.0,564.05,1008108
OMNI,2026-10-01,560.0,614.0,560.0,608.65,2667824
OMNI,2026-10-02,608.65,608.65,608.65,608.65,0
OMNI,2026-10-05,620.0,644.0,611.65,632.15,1584512
OMPOWER,2026-09-28,168.84,168.84,162.0,162.71,80156
OMPOWER,2026-09-29,163.19,163.99,159.0,163.18,69412
OMPOWER,2026-09-30,164.0,166.73,153.5,156.95,202294
OMPOWER,2026-10-01,156.72,161.38,155.05,157.74,66367
OMPOWER,2026-10-05,160.0,160.0,150.2,152.06,76219
ONDOOR,2026-09-25,265.1,283.5,260.0,265.45,15900
ONDOOR,2026-09-28,265.0,265.0,259.0,259.0,1500
ONDOOR,2026-09-29,254.0,261.0,253.0,257.65,2700
ONDOOR,2026-09-30,248.4,266.7,210.0,262.05,12900
ONDOOR,2026-10-01,267.0,267.0,260.0,262.25,3600
ONEGLOBAL,2026-09-28,564.65,564.65,542.0,544.95,11427
ONEGLOBAL,2026-09-29,551.0,551.0,525.0,534.15,7975
ONEGLOBAL,2026-09-30,535.0,552.75,520.0,527.9,6160
ONEGLOBAL,2026-10-01,546.95,546.95,510.65,525.4,7766
ONEGLOBAL,2026-10-05,545.9,550.0,528.95,547.2,9461
ONELIFECAP,2026-09-28,37.8,37.85,35.2,37.52,396733
ONELIFECAP,2026-09-29,38.3,39.2,37.4,38.97,75446
ONELIFECAP,2026-09-30,39.14,40.5,38.9,40.08,49109
ONELIFECAP,2026-10-01,41.0,42.0,39.5,41.57,179179
ONELIFECAP,2026-10-05,43.59,43.64,42.4,43.52,175125
ONEPOINT,2026-09-29,69.73,74.0,68.07,71.62,7409814
ONEPOINT,2026-09-30,71.55,74.4,70.62,73.39,6743812
ONEPOINT,2026-10-01,72.99,74.5,72.99,74.37,6251994
ONEPOINT,2026-10-02,74.37,74.37,74.37,74.37,0
ONEPOINT,2026-10-05,75.1,81.0,74.3,78.33,10495734
ONESOURCE,2026-09-28,1602.6,1617.4,1560.0,1565.8,262280
ONESOURCE,2026-09-29,1570.0,1605.0,1562.7,1583.3,463289
ONESOURCE,2026-09-30,1587.0,1600.0,1506.1,1521.6,194917
ONESOURCE,2026-10-01,1516.0,1542.2,1433.6,1508.0,608709
ONESOURCE,2026-10-05,1510.0,1516.5,1470.5,1488.3,151296
ONGC,2026-09-29,230.0,231.7,227.8,230.0,13380638
ONGC,2026-09-30,230.21,231.57,223.6,225.8,11131417
ONGC,2026-10-01,224.75,224.99,220.6,222.37,13099985
ONGC,2026-10-02,222.37,222.37,222.37,222.37,0
ONGC,2026-10-05,222.5,226.69,222.42,224.9,19420879
ONIDA,2026-09-29,31.51,32.65,31.1,31.75,313966
ONIDA,2026-09-30,31.76,32.74,31.5,32.03,293561
ONIDA,2026-10-01,32.0,33.25,30.63,31.34,396392
ONIDA,2026-10-02,31.34,31.34,31.34,31.34,0
ONIDA,2026-10-05,31.35,32.13,30.5,31.06,347326
ONIXSOLAR,2026-09-28,343.95,354.7,323.0,339.8,699217
ONIXSOLAR,2026-09-29,344.0,352.95,339.8,344.5,162654
ONIXSOLAR,2026-09-30,337.0,350.9,335.0,343.05,149626
ONIXSOLAR,2026-10-01,349.95,349.95,336.1,339.7,175792
ONIXSOLAR,2026-10-05,340.0,344.85,322.75,334.6,247853
ONMOBILE,2026-09-28,52.81,52.81,50.6,50.84,24213
ONMOBILE,2026-09-29,50.22,51.05,49.0,50.1,44803
ONMOBILE,2026-09-30,49.84,52.3,49.84,50.62,23929
ONMOBILE,2026-10-01,49.7,50.75,48.1,48.78,42008
ONMOBILE,2026-10-05,48.54,49.3,48.0,48.23,19962
ONWARDTEC,2026-09-28,292.0,292.0,282.5,285.0,9257
ONWARDTEC,2026-09-29,292.0,292.0,281.45,287.4,24567
ONWARDTEC,2026-09-30,287.5,294.8,285.75,288.35,10723
ONWARDTEC,2026-10-01,293.95,293.95,285.2,291.3,37991
ONWARDTEC,2026-10-05,291.0,293.0,285.4,290.75,24399
OPTIEMUS,2026-09-29,810.9,810.9,781.15,796.2,744867
OPTIEMUS,2026-09-30,800.0,827.0,759.05,767.75,716846
OPTIEMUS,2026-10-01,767.0,816.6,756.0,803.7,655634
OPTIEMUS,2026-10-02,803.7,803.7,803.7,803.7,0
OPTIEMUS,2026-10-05,817.0,833.9,781.5,786.2,500498
OPTIFIN,2026-09-28,14.99,14.99,14.01,14.53,46758
OPTIFIN,2026-09-29,14.53,15.88,13.61,14.82,73034
OPTIFIN,2026-09-30,14.8,15.8,14.5,15.45,71103
OPTIFIN,2026-10-01,15.79,15.79,13.81,14.47,82720
OPTIFIN,2026-10-05,14.61,15.44,14.47,14.66,85029
ORBTEXP,2026-09-28,239.0,245.0,223.25,227.15,15250
ORBTEXP,2026-09-29,233.6,267.0,225.11,262.01,93205
ORBTEXP,2026-09-30,272.85,282.85,254.0,258.51,115278
ORBTEXP,2026-10-01,256.5,261.0,240.4,243.65,15582
ORBTEXP,2026-10-05,245.0,249.5,236.05,240.4,7504
ORCHASP,2026-09-28,1.38,1.4,1.33,1.34,490303
ORCHASP,2026-09-29,1.34,1.35,1.31,1.33,86228
ORCHASP,2026-09-30,1.33,1.37,1.31,1.32,80375
ORCHASP,2026-10-01,1.35,1.35,1.22,1.28,204474
ORCHASP,2026-10-05,1.34,1.34,1.22,1.24,202245
ORCHPHARMA,2026-09-29,1023.4,1040.9,991.6,1014.9,146800
ORCHPHARMA,2026-09-30,1014.9,1034.4,990.0,997.0,58886
ORCHPHARMA,2026-10-01,997.65,1012.15,964.65,990.0,92412
ORCHPHARMA,2026-10-02,990.0,990.0,990.0,990.0,0
ORCHPHARMA,2026-10-05,990.45,1003.2,960.0,965.9,68202
ORIANA,2026-09-25,311.0,343.5,305.05,330.75,1268250
ORIANA,2026-09-28,334.0,338.8,299.6,309.85,542625
ORIANA,2026-09-29,306.3,324.5,292.95,317.2,505875
ORIANA,2026-09-30,315.55,327.0,311.0,314.75,255750
ORIANA,2026-10-01,312.0,320.9,296.2,303.45,323250
ORICONENT,2026-09-28,53.1,53.4,47.04,52.36,72719
ORICONENT,2026-09-29,53.0,53.87,50.59,51.83,1200606
ORICONENT,2026-09-30,52.9,52.9,50.71,51.34,55211
ORICONENT,2026-10-01,51.34,52.78,48.4,49.98,47960
ORICONENT,2026-10-05,49.98,53.0,49.43,52.44,93292
ORIENTALTL,2026-09-28,5.24,5.24,4.89,4.94,49554
ORIENTALTL,2026-09-29,5.13,5.13,4.85,4.86,72604
ORIENTALTL,2026-09-30,4.82,5.0,4.81,4.83,75934
ORIENTALTL,2026-10-01,4.78,4.95,4.78,4.81,36188
ORIENTALTL,2026-10-05,5.03,5.03,4.77,4.83,42532
ORIENTBELL,2026-09-29,393.95,405.4,390.05,402.6,39951
ORIENTBELL,2026-09-30,404.9,408.25,396.05,398.55,23214
ORIENTBELL,2026-10-01,399.75,410.0,390.0,398.55,18312
ORIENTBELL,2026-10-02,398.55,398.55,398.55,398.55,0
ORIENTBELL,2026-10-05,408.6,428.8,402.5,417.1,86469
ORIENTCABL,2026-10-05,450.0,464.85,405.0,405.0,13566765
ORIENTCEM,2026-09-28,121.75,122.84,119.11,119.43,462604
ORIENTCEM,2026-09-29,119.4,122.0,116.7,118.42,704241
ORIENTCEM,2026-09-30,119.38,120.29,118.08,118.77,189008
ORIENTCEM,2026-10-01,119.53,119.53,114.3,115.91,316838
ORIENTCEM,2026-10-05,116.09,119.0,115.24,116.16,147810
ORIENTCER,2026-09-28,48.8,48.8,45.12,45.86,141474
ORIENTCER,2026-09-29,45.54,46.4,45.01,45.6,46273
ORIENTCER,2026-09-30,46.39,46.6,44.5,44.9,43434
ORIENTCER,2026-10-01,45.0,46.09,43.95,44.12,109527
ORIENTCER,2026-10-05,44.5,45.7,42.3,43.61,123904
ORIENTELEC,2026-09-28,161.1,162.26,158.98,160.0,166211
ORIENTELEC,2026-09-29,160.78,165.0,155.0,156.62,300753
ORIENTELEC,2026-09-30,156.9,159.46,156.6,158.11,128698
ORIENTELEC,2026-10-01,156.51,159.0,152.07,154.46,187771
ORIENTELEC,2026-10-05,155.8,160.99,151.65,157.71,258174
ORIENTHOT,2026-09-28,142.11,142.11,137.5,138.03,670774
ORIENTHOT,2026-09-29,138.03,141.5,136.5,139.34,1048759
ORIENTHOT,2026-09-30,138.99,143.8,138.0,142.36,511057
ORIENTHOT,2026-10-01,142.36,143.6,138.61,140.0,627946
ORIENTHOT,2026-10-05,139.6,141.8,137.61,140.87,149684
ORIENTLTD,2026-09-28,80.25,80.25,79.1,79.9,1178
ORIENTLTD,2026-09-29,77.0,79.9,77.0,79.9,5758
ORIENTLTD,2026-09-30,76.02,78.23,76.02,78.23,781
ORIENTLTD,2026-10-01,78.23,78.26,76.26,77.92,2086
ORIENTLTD,2026-10-05,75.1,77.92,75.1,75.52,547
ORIENTPPR,2026-09-28,16.63,16.79,16.57,16.61,108847
ORIENTPPR,2026-09-29,16.65,16.74,16.25,16.43,124950
ORIENTPPR,2026-09-30,16.31,16.67,16.31,16.45,116994
ORIENTPPR,2026-10-01,16.53,16.53,16.1,16.23,149320
ORIENTPPR,2026-10-05,16.11,16.49,16.03,16.17,124998
ORIENTTECH,2026-09-28,234.31,237.57,233.1,233.81,69753
ORIENTTECH,2026-09-29,233.81,234.76,228.26,231.5,81882
ORIENTTECH,2026-09-30,231.5,239.0,230.76,231.53,89355
ORIENTTECH,2026-10-01,231.53,232.37,225.36,229.25,78325
ORIENTTECH,2026-10-05,232.0,237.8,221.2,222.47,148888
ORIRAIL,2026-09-28,122.33,127.9,119.25,126.15,74813
ORIRAIL,2026-09-29,124.5,127.0,121.44,122.81,80038
ORIRAIL,2026-09-30,123.69,134.9,121.42,127.31,625276
ORIRAIL,2026-10-01,127.21,127.21,123.02,124.15,124938
ORIRAIL,2026-10-05,126.5,126.5,121.0,122.39,42451
ORISSAMINE,2026-09-28,3753.0,3753.1001,3650.0,3667.6001,4393
ORISSAMINE,2026-09-29,3667.6001,3749.8999,3586.2,3673.3,8027
ORISSAMINE,2026-09-30,3700.0,3743.8,3626.0,3651.5,5117
ORISSAMINE,2026-10-01,3680.0,3681.0,3500.0,3538.6001,11663
ORISSAMINE,2026-10-05,3538.6001,3627.3999,3492.8999,3522.2,5321
ORKLAINDIA,2026-09-28,554.9,559.75,547.05,554.3,52237
ORKLAINDIA,2026-09-29,550.1,550.75,530.15,540.05,191761
ORKLAINDIA,2026-09-30,540.15,547.0,540.1,543.0,47004
ORKLAINDIA,2026-10-01,540.15,542.75,530.05,537.2,93795
ORKLAINDIA,2026-10-05,548.35,548.35,535.1,539.2,43916
ORTEL,2026-09-28,1.71,1.71,1.7,1.7,51
ORTEL,2026-09-29,1.7,1.7,1.7,1.7,0
ORTEL,2026-09-30,1.7,1.7,1.7,1.7,0
ORTEL,2026-10-01,1.7,1.7,1.7,1.7,0
ORTEL,2026-10-02,1.7,1.7,1.7,1.7,0
ORTINGLOBE,2026-09-28,14.66,15.2,14.65,14.65,3622
ORTINGLOBE,2026-09-29,15.0,15.21,13.92,14.72,24048
ORTINGLOBE,2026-09-30,15.2,15.2,14.25,14.32,7318
ORTINGLOBE,2026-10-01,14.32,15.03,14.11,14.52,1329
ORTINGLOBE,2026-10-05,14.36,14.84,13.82,13.82,25484
OSIAHYPER,2026-09-28,2.19,2.29,2.18,2.29,553227
OSIAHYPER,2026-09-29,2.4,2.4,2.22,2.33,457146
OSIAHYPER,2026-09-30,2.32,2.35,2.22,2.26,177632
OSIAHYPER,2026-10-01,2.26,2.3,2.15,2.2,257872
OSIAHYPER,2026-10-05,2.09,2.19,2.09,2.09,474149
OSWALAGRO,2026-09-28,34.0,34.49,33.12,33.67,8685
OSWALAGRO,2026-09-29,33.01,35.5,33.01,34.9,136463
OSWALAGRO,2026-09-30,34.75,34.97,33.7,33.95,89147
OSWALAGRO,2026-10-01,34.55,34.96,32.7,33.11,17403
OSWALAGRO,2026-10-05,33.15,33.7,32.7,32.98,38246
OSWALGREEN,2026-09-28,20.09,20.09,19.55,19.57,40660
OSWALGREEN,2026-09-29,19.35,19.84,19.1,19.41,88692
OSWALGREEN,2026-09-30,19.5,20.95,19.5,20.32,240885
OSWALGREEN,2026-10-01,20.3,20.99,19.17,19.28,103836
OSWALGREEN,2026-10-05,19.5,19.7,19.0,19.14,121806
OSWALPUMPS,2026-09-29,268.55,270.7,265.35,266.25,271978
OSWALPUMPS,2026-09-30,265.3,274.8,264.5,266.75,331888
OSWALPUMPS,2026-10-01,265.75,268.25,259.2,264.25,337150
OSWALPUMPS,2026-10-02,264.25,264.25,264.25,264.25,0
OSWALPUMPS,2026-10-05,265.0,268.45,261.6,265.1,278244
OSWALSEEDS,2026-09-28,13.27,13.27,12.3,12.45,71063
OSWALSEEDS,2026-09-29,12.5,12.8,12.05,12.52,77507
OSWALSEEDS,2026-09-30,12.64,12.69,12.11,12.34,63193
OSWALSEEDS,2026-10-01,12.5,12.5,12.02,12.39,68859
OSWALSEEDS,2026-10-05,12.22,12.6,12.15,12.18,66839
OWAIS,2026-09-25,74.5,74.5,72.65,72.65,1800
OWAIS,2026-09-28,71.2,71.2,71.2,71.2,1400
OWAIS,2026-09-29,69.8,69.8,69.8,69.8,1400
OWAIS,2026-09-30,68.45,68.45,68.45,68.45,2600
OWAIS,2026-10-01,69.8,69.8,67.1,67.1,18300
PACEDIGITK,2026-09-29,160.92,163.35,158.8,162.3,418674
PACEDIGITK,2026-09-30,161.82,164.58,159.2,159.98,350071
PACEDIGITK,2026-10-01,165.99,177.9,162.88,167.35,22773380
PACEDIGITK,2026-10-02,167.35,167.35,167.35,167.35,0
PACEDIGITK,2026-10-05,168.0,169.86,162.26,164.04,915203
PACIFICI,2026-09-28,142.0,142.0,135.0,135.14,215
PACIFICI,2026-09-29,135.0,135.0,130.2,132.96,59
PACIFICI,2026-09-30,135.0,135.0,134.5,134.5,286
PACIFICI,2026-10-01,140.0,140.0,130.01,135.99,538
PACIFICI,2026-10-05,144.99,148.95,138.0,139.5,1376
PAGEIND,2026-09-29,37130.0,37400.0,36580.0,36580.0,25120
PAGEIND,2026-09-30,36695.0,37150.0,36210.0,36385.0,83553
PAGEIND,2026-10-01,36485.0,37135.0,36055.0,36660.0,40495
PAGEIND,2026-10-02,36660.0,36660.0,36660.0,36660.0,0
PAGEIND,2026-10-05,37000.0,37830.0,36520.0,37465.0,24628
PAISALO,2026-09-29,79.08,80.23,77.01,78.59,8530685
PAISALO,2026-09-30,78.0,79.1,75.62,76.41,7129862
PAISALO,2026-10-01,77.0,80.9,77.0,79.9,15551279
PAISALO,2026-10-02,79.9,79.9,79.9,79.9,0
PAISALO,2026-10-05,80.5,81.59,78.95,81.13,13369295
PAKKA,2026-09-29,72.7,73.39,72.02,72.83,97327
PAKKA,2026-09-30,75.19,75.2,72.0,72.89,64593
PAKKA,2026-10-01,73.0,74.0,71.55,72.26,38359
PAKKA,2026-10-02,72.26,72.26,72.26,72.26,0
PAKKA,2026-10-05,73.0,73.2,69.43,69.79,146654
PALASHSECU,2026-09-28,88.0,88.91,86.1,88.9,849
PALASHSECU,2026-09-29,86.0,88.0,84.1,84.25,1544
PALASHSECU,2026-09-30,84.25,84.25,84.25,84.25,0
PALASHSECU,2026-10-01,84.6,85.38,84.5,84.5,1349
PALASHSECU,2026-10-05,84.1,90.0,83.1,87.94,2831
PALREDTEC,2026-09-28,47.3,47.3,46.0,46.05,3126
PALREDTEC,2026-09-29,45.82,46.05,44.0,45.99,2263
PALREDTEC,2026-09-30,45.44,45.9,43.7,43.86,12703
PALREDTEC,2026-10-01,43.99,43.99,41.67,41.77,6761
PALREDTEC,2026-10-05,41.78,43.74,41.0,43.67,407
PANACEABIO,2026-09-28,374.6,374.6,364.3,366.45,47469
PANACEABIO,2026-09-29,366.45,380.0,362.05,375.25,64320
PANACEABIO,2026-09-30,375.2,379.6,364.0,366.0,50560
PANACEABIO,2026-10-01,362.0,364.95,350.05,359.05,65446
PANACEABIO,2026-10-05,360.1,362.1,347.7,350.25,51467
PANACHE,2026-09-28,515.0,525.0,514.5,515.0,1360
PANACHE,2026-09-29,506.05,515.0,506.05,506.05,3831
PANACHE,2026-09-30,516.15,516.15,516.15,516.15,28758
PANACHE,2026-10-01,516.15,516.15,505.95,516.15,3328
PANACHE,2026-10-05,541.95,541.95,531.5,541.95,16255
PANAMAPET,2026-09-28,473.4,483.4,463.3,467.35,97078
PANAMAPET,2026-09-29,472.45,489.8,463.35,480.5,160114
PANAMAPET,2026-09-30,484.8,499.8,482.2,484.25,222411
PANAMAPET,2026-10-01,484.3,488.95,475.2,487.1,164733
PANAMAPET,2026-10-05,491.0,497.0,480.0,482.2,109018
PANCHMAHQ,2026-09-25,339.0,339.0,288.55,290.1,526
PANCHMAHQ,2026-09-28,307.0,307.0,286.0,298.0,89
PANCHMAHQ,2026-09-29,290.0,290.0,290.0,290.0,16
PANCHMAHQ,2026-09-30,306.5,306.5,275.5,294.95,49
PANCHMAHQ,2026-10-01,277.0,303.0,277.0,287.5,182
PANORAMA,2026-09-29,57.5,59.3,52.77,57.77,1380319
PANORAMA,2026-09-30,59.0,62.15,55.0,58.29,1206378
PANORAMA,2026-10-01,57.02,62.2,57.01,60.91,809424
PANORAMA,2026-10-02,60.91,60.91,60.91,60.91,0
PANORAMA,2026-10-05,65.51,69.5,62.01,63.5,13683999
PANSARI,2026-09-28,288.0,291.85,282.55,289.0,721
PANSARI,2026-09-29,273.15,283.0,271.0,274.55,528
PANSARI,2026-09-30,274.65,275.0,270.0,274.0,804
PANSARI,2026-10-01,274.0,274.0,260.0,260.0,110
PANSARI,2026-10-05,260.0,264.0,250.6,254.3,828
PAR,2026-09-28,133.7,133.7,128.9,130.05,5929
PAR,2026-09-29,132.6,132.6,124.21,125.32,12353
PAR,2026-09-30,125.32,128.95,124.0,126.64,8540
PAR,2026-10-01,126.64,126.64,122.0,123.95,7530
PAR,2026-10-05,123.95,126.95,118.01,125.79,11159
PARACABLES,2026-09-28,58.81,59.8,55.73,56.35,1945984
PARACABLES,2026-09-29,56.35,58.6,55.33,57.85,1550828
PARACABLES,2026-09-30,58.58,59.39,56.0,56.36,1234180
PARACABLES,2026-10-01,56.82,58.47,55.1,56.51,1716908
PARACABLES,2026-10-05,58.0,58.0,55.52,56.08,726507
PARADEEP,2026-09-28,155.5,157.07,153.4,155.7,1861368
PARADEEP,2026-09-29,155.47,156.17,151.6,154.08,2094420
PARADEEP,2026-09-30,153.5,158.4,153.5,154.28,1932116
PARADEEP,2026-10-01,154.45,154.5,148.5,151.22,1745429
PARADEEP,2026-10-05,151.85,154.21,150.0,153.6,1604697
PARAGMILK,2026-09-29,277.0,280.5,265.1,268.55,2258239
PARAGMILK,2026-09-30,269.4,274.5,268.0,271.65,893163
PARAGMILK,2026-10-01,271.45,271.45,258.0,264.0,916684
PARAGMILK,2026-10-02,264.0,264.0,264.0,264.0,0
PARAGMILK,2026-10-05,267.0,283.4,267.0,281.0,2320736
PARAGON,2026-09-25,51.95,51.95,50.2,50.6,22800
PARAGON,2026-09-28,50.6,50.95,49.05,50.5,14400
PARAGON,2026-09-29,48.1,50.0,48.1,48.25,10800
PARAGON,2026-09-30,50.0,50.95,50.0,50.5,7200
PARAGON,2026-10-01,51.0,51.0,49.0,49.05,7200
PARAS,2026-09-28,1320.9,1332.8,1287.0,1315.0,626024
PARAS,2026-09-29,1315.0,1336.9,1288.1,1325.0,699385
PARAS,2026-09-30,1325.0,1346.0,1303.0,1311.0,529254
PARAS,2026-10-01,1308.0,1315.0,1255.0,1276.0,562208
PARAS,2026-10-05,1276.1,1297.8,1252.5,1266.2,532007
PARASPETRO,2026-09-28,2.1,2.1,2.02,2.03,139046
PARASPETRO,2026-09-29,2.03,2.09,2.03,2.07,106545
PARASPETRO,2026-09-30,2.09,2.12,2.04,2.07,45657
PARASPETRO,2026-10-01,2.05,2.08,2.0,2.02,42137
PARASPETRO,2026-10-05,2.02,2.09,2.0,2.06,91167
PARIN,2026-09-28,767.0,767.0,703.0,720.1,78720
PARIN,2026-09-29,735.0,735.0,695.0,720.35,31415
PARIN,2026-09-30,724.95,724.95,702.6,710.9,26781
PARIN,2026-10-01,729.95,729.95,683.55,703.85,28292
PARIN,2026-10-05,710.6,719.0,694.55,701.5,5691
PARKHOSPS,2026-09-28,283.7,287.75,275.7,276.5,352758
PARKHOSPS,2026-09-29,277.75,277.75,271.7,275.45,868008
PARKHOSPS,2026-09-30,275.45,279.5,268.4,274.95,877385
PARKHOSPS,2026-10-01,272.3,274.2,268.5,270.8,436458
PARKHOSPS,2026-10-05,270.35,274.0,261.0,267.75,1099856
PARKHOTELS,2026-09-28,103.76,106.3,102.0,103.57,449144
PARKHOTELS,2026-09-29,103.78,104.25,100.62,102.02,314706
PARKHOTELS,2026-09-30,102.0,107.5,99.97,105.92,488392
PARKHOTELS,2026-10-01,105.0,105.52,101.33,103.55,174623
PARKHOTELS,2026-10-05,105.1,105.11,100.6,103.83,194819
PARNAXLAB,2026-09-28,117.63,117.63,110.0,112.78,8002
PARNAXLAB,2026-09-29,118.0,118.0,105.0,113.37,32458
PARNAXLAB,2026-09-30,112.0,117.74,109.99,111.73,2982
PARNAXLAB,2026-10-01,112.85,116.93,111.99,113.14,600
PARNAXLAB,2026-10-05,113.0,117.9,111.12,113.23,972
PARSVNATH,2026-09-28,2.01,2.01,2.01,2.01,56873
PARSVNATH,2026-09-29,2.05,2.05,2.05,2.05,142367
PARSVNATH,2026-09-30,2.09,2.09,2.09,2.09,57122
PARSVNATH,2026-10-01,2.13,2.13,2.13,2.13,15431
PARSVNATH,2026-10-05,2.17,2.17,2.17,2.17,20570
PARTYCRUS,2026-09-25,99.0,99.0,98.95,98.95,2000
PARTYCRUS,2026-09-28,98.95,98.95,98.95,98.95,1000
PARTYCRUS,2026-09-29,98.95,98.95,98.95,98.95,0
PARTYCRUS,2026-09-30,98.5,98.5,98.5,98.5,1000
PARTYCRUS,2026-10-01,98.0,98.0,98.0,98.0,2000
PASHUPATI,2026-09-28,80.15,80.15,77.0,77.27,61852
PASHUPATI,2026-09-29,77.27,92.72,75.6,92.72,219755
PASHUPATI,2026-09-30,111.26,111.26,74.18,75.4,2778737
PASHUPATI,2026-10-01,79.0,79.42,76.2,78.99,817313
PASHUPATI,2026-10-05,80.0,81.6,72.39,74.03,574927
PASUPTAC,2026-09-29,72.0,75.5,71.05,75.2,212785
PASUPTAC,2026-09-30,76.1,76.89,71.87,72.73,180671
PASUPTAC,2026-10-01,71.51,73.85,68.17,69.64,243098
PASUPTAC,2026-10-02,69.64,69.64,69.64,69.64,0
PASUPTAC,2026-10-05,69.0,71.45,66.33,67.51,150318
PATANJALI,2026-09-29,390.0,391.6,368.9,371.4,3725050
PATANJALI,2026-09-30,369.7,372.25,363.0,363.0,1344954
PATANJALI,2026-10-01,363.5,366.05,348.55,355.15,4327803
PATANJALI,2026-10-02,355.15,355.15,355.15,355.15,0
PATANJALI,2026-10-05,356.0,358.8,348.85,355.7,7070094
PATELENG,2026-09-29,27.11,27.15,26.21,26.45,1584797
PATELENG,2026-09-30,26.41,27.45,26.35,26.45,1520750
PATELENG,2026-10-01,26.4,26.5,25.56,25.92,1951626
PATELENG,2026-10-02,25.92,25.92,25.92,25.92,0
PATELENG,2026-10-05,26.04,26.41,25.56,25.73,1542421
PATELRMART,2026-09-28,206.77,206.9,202.0,204.0,21074
PATELRMART,2026-09-29,204.0,215.25,202.55,213.59,90056
PATELRMART,2026-09-30,215.0,219.6,210.5,211.52,55798
PATELRMART,2026-10-01,210.0,214.0,206.0,211.0,51861
PATELRMART,2026-10-05,213.65,224.0,210.89,222.9,133406
PATINTLOG,2026-09-29,13.3,14.35,13.1,13.51,390223
PATINTLOG,2026-09-30,13.57,13.8,13.0,13.11,72397
PATINTLOG,2026-10-01,13.37,13.6,13.05,13.23,105462
PATINTLOG,2026-10-02,13.23,13.23,13.23,13.23,0
PATINTLOG,2026-10-05,13.23,13.4,12.75,13.02,53255
PAUSHAKLTD,2026-09-29,655.0,679.45,647.35,668.3,27031
PAUSHAKLTD,2026-09-30,672.5,680.9,651.2,665.25,26250
PAUSHAKLTD,2026-10-01,657.15,662.05,634.0,650.3,23637
PAUSHAKLTD,2026-10-02,650.3,650.3,650.3,650.3,0
PAUSHAKLTD,2026-10-05,654.0,672.0,645.0,657.45,22958
PAVNAIND,2026-09-28,15.16,16.0,15.16,15.53,61983
PAVNAIND,2026-09-29,15.31,16.0,15.05,15.77,28866
PAVNAIND,2026-09-30,15.34,16.1,15.34,15.46,40169
PAVNAIND,2026-10-01,15.82,15.82,15.11,15.36,29071
PAVNAIND,2026-10-05,15.94,15.94,15.3,15.45,12433
PAYTM,2026-09-29,1635.8,1691.7,1624.4,1683.0,3925804
PAYTM,2026-09-30,1701.0,1708.0,1667.1,1678.0,2424277
PAYTM,2026-10-01,1671.9,1690.0,1629.0,1656.0,1936812
PAYTM,2026-10-02,1656.0,1656.0,1656.0,1656.0,0
PAYTM,2026-10-05,1656.0,1694.0,1654.9,1684.0,2267650
PBMPOLY,2026-09-28,70.8,70.8,58.0,59.66,4143
PBMPOLY,2026-09-29,61.0,61.0,61.0,61.0,965
PBMPOLY,2026-09-30,59.47,69.8,57.16,60.32,2085
PBMPOLY,2026-10-01,56.2,64.98,56.2,58.85,672
PBMPOLY,2026-10-05,60.32,60.32,57.0,58.02,333
PCBL,2026-09-29,330.5,334.9,328.55,330.45,671406
PCBL,2026-09-30,330.45,339.8,330.15,331.1,1026589
PCBL,2026-10-01,330.0,331.65,315.75,321.5,878765
PCBL,2026-10-02,321.5,321.5,321.5,321.5,0
PCBL,2026-10-05,322.85,327.2,318.6,320.35,457281
PCCL,2026-09-25,448.0,450.0,445.0,445.3,9600
PCCL,2026-09-28,450.0,450.0,447.95,448.95,2000
PCCL,2026-09-29,440.0,440.0,440.0,440.0,400
PCCL,2026-09-30,430.1,438.0,430.1,434.9,4400
PCCL,2026-10-01,434.95,434.95,400.0,406.0,9200
PCJEWELLER,2026-09-29,13.52,13.68,13.01,13.23,261661117
PCJEWELLER,2026-09-30,13.29,13.74,13.11,13.2,227698090
PCJEWELLER,2026-10-01,13.2,13.29,12.56,12.82,241052557
PCJEWELLER,2026-10-02,12.82,12.82,12.82,12.82,0
PCJEWELLER,2026-10-05,13.0,13.32,12.86,13.06,199713384
PDMJEPAPER,2026-09-28,95.23,96.67,93.0,93.78,153447
PDMJEPAPER,2026-09-29,94.16,96.0,90.86,94.67,172693
PDMJEPAPER,2026-09-30,94.5,99.8,94.0,97.22,344257
PDMJEPAPER,2026-10-01,95.9,98.68,94.5,95.56,205004
PDMJEPAPER,2026-10-05,96.29,97.68,94.25,95.85,124748
PDSL,2026-09-28,355.0,359.15,347.9,349.5,103408
PDSL,2026-09-29,349.5,364.9,344.15,348.95,597046
PDSL,2026-09-30,350.0,357.0,349.85,352.3,61453
PDSL,2026-10-01,350.0,354.95,344.1,347.55,72513
PDSL,2026-10-05,351.1,354.9,339.15,342.3,94367
PEARLPOLY,2026-09-28,18.03,18.03,17.55,17.64,3650
PEARLPOLY,2026-09-29,17.5,17.5,16.8,16.92,8476
PEARLPOLY,2026-09-30,17.63,17.76,17.09,17.75,7471
PEARLPOLY,2026-10-01,18.0,18.49,17.01,17.09,5375
PEARLPOLY,2026-10-05,17.78,17.78,16.62,17.22,4266
PENIND,2026-09-28,185.0,190.0,181.5,182.17,1179459
PENIND,2026-09-29,183.47,184.9,178.56,180.28,775949
PENIND,2026-09-30,183.0,187.25,182.1,184.0,783073
PENIND,2026-10-01,184.3,184.5,172.0,173.62,1220227
PENIND,2026-10-05,175.53,180.54,174.42,178.71,571025
PENINLAND,2026-09-29,15.51,15.84,15.2,15.48,115681
PENINLAND,2026-09-30,15.21,15.99,15.0,15.05,247368
PENINLAND,2026-10-01,15.15,15.25,14.5,14.62,183619
PENINLAND,2026-10-02,14.62,14.62,14.62,14.62,0
PENINLAND,2026-10-05,14.81,14.95,14.22,14.5,133469
PENTAGON,2026-09-25,90.0,90.5,90.0,90.5,2000
PENTAGON,2026-09-28,86.0,86.0,86.0,86.0,1000
PENTAGON,2026-09-29,86.0,86.0,86.0,86.0,0
PENTAGON,2026-09-30,85.0,85.0,85.0,85.0,1000
PENTAGON,2026-10-01,80.8,80.8,80.8,80.8,1000
PERFECT,2026-09-28,8.1,8.1,8.1,8.1,0
PERFECT,2026-09-29,8.1,8.1,8.1,8.1,0
PERFECT,2026-09-30,8.1,8.1,8.1,8.1,0
PERFECT,2026-10-01,8.1,8.1,8.1,8.1,0
PERFECT,2026-10-02,8.1,8.1,8.1,8.1,0
PERMAGN,2026-09-28,840.5,845.95,820.05,825.7,2240
PERMAGN,2026-09-29,822.0,842.1,818.05,837.1,1604
PERMAGN,2026-09-30,840.0,841.75,825.05,832.05,1822
PERMAGN,2026-10-01,832.05,879.0,821.2,861.3,3064
PERMAGN,2026-10-05,880.0,903.8,837.6,859.0,4426
PERNIASPOP,2026-09-28,538.7,539.95,510.2,517.85,48711
PERNIASPOP,2026-09-29,517.4,534.9,512.2,530.75,63013
PERNIASPOP,2026-09-30,527.0,556.0,526.95,547.9,97340
PERNIASPOP,2026-10-01,536.1,551.0,524.0,544.7,72414
PERNIASPOP,2026-10-05,525.0,535.0,518.0,523.75,111092
PERSISTENT,2026-09-29,5328.0,5348.5,5162.0,5162.0,294063
PERSISTENT,2026-09-30,5200.0,5397.0,5200.0,5279.0,611251
PERSISTENT,2026-10-01,5276.0,5396.0,5250.5,5367.0,506268
PERSISTENT,2026-10-02,5367.0,5367.0,5367.0,5367.0,0
PERSISTENT,2026-10-05,5448.0,5620.0,5387.5,5530.0,768988
PETRONET,2026-09-28,286.95,293.05,285.75,289.85,2937411
PETRONET,2026-09-29,284.7,288.5,281.75,282.95,2819999
PETRONET,2026-09-30,285.1,288.9,284.0,284.5,2419296
PETRONET,2026-10-01,284.5,287.5,283.45,285.5,1678508
PETRONET,2026-10-05,287.5,294.0,286.5,290.0,2861005
PFC,2026-09-29,330.25,330.6,320.8,324.1,13111275
PFC,2026-09-30,325.85,332.5,325.0,325.5,9986223
PFC,2026-10-01,325.85,326.5,313.35,318.0,9777829
PFC,2026-10-02,318.0,318.0,318.0,318.0,0
PFC,2026-10-05,320.1,323.35,317.7,322.0,11353503
PFIZER,2026-09-28,4001.0,4028.8999,3952.0,3968.0,21087
PFIZER,2026-09-29,3966.1001,3988.0,3888.6001,3912.8999,174412
PFIZER,2026-09-30,3916.0,3933.8,3833.5,3875.3,39848
PFIZER,2026-10-01,3894.5,3894.6001,3792.1001,3858.8999,34585
PFIZER,2026-10-05,3858.8999,3878.0,3809.6001,3842.2,49211
PFOCUS,2026-09-29,316.75,321.4,310.0,317.5,3725970
PFOCUS,2026-09-30,318.65,326.0,313.35,316.0,3709507
PFOCUS,2026-10-01,315.05,319.2,297.0,301.55,3922858
PFOCUS,2026-10-02,301.55,301.55,301.55,301.55,0
PFOCUS,2026-10-05,303.0,303.2,282.65,285.65,4184306
PFS,2026-09-28,26.37,29.6,26.2,27.12,39757233
PFS,2026-09-29,27.04,28.99,26.41,28.0,4112305
PFS,2026-09-30,28.0,29.49,27.65,29.08,2963292
PFS,2026-10-01,29.5,30.21,28.15,28.81,1867391
PFS,2026-10-05,28.81,29.5,28.0,28.19,774041
PGEL,2026-09-29,504.55,509.95,493.15,493.15,1964023
PGEL,2026-09-30,499.9,506.0,493.45,493.45,825728
PGEL,2026-10-01,494.95,496.65,476.1,481.1,1012842
PGEL,2026-10-02,481.1,481.1,481.1,481.1,0
PGEL,2026-10-05,487.55,500.8,485.0,487.7,1475580
PGHH,2026-09-28,7049.0,7112.0,6875.0,6888.5,22679
PGHH,2026-09-29,6900.0,6946.0,6804.0,6871.5,25253
PGHH,2026-09-30,6904.0,6956.5,6782.0,6798.5,44984
PGHH,2026-10-01,6798.5,6798.5,6579.0,6639.0,23880
PGHH,2026-10-05,6636.0,6785.0,6611.0,6768.0,11455
PGHL,2026-09-28,5400.0,5490.0,5300.0,5399.5,9829
PGHL,2026-09-29,5403.0,5880.0,5400.5,5696.0,91841
PGHL,2026-09-30,5644.5,5696.0,5503.5,5563.0,10902
PGHL,2026-10-01,5515.0,5534.0,5325.0,5360.0,8710
PGHL,2026-10-05,5360.0,5403.5,5280.0,5300.0,8910
PGIL,2026-09-28,1329.1,1357.9,1288.8,1296.1,208612
PGIL,2026-09-29,1294.0,1333.0,1276.8,1290.4,153191
PGIL,2026-09-30,1297.5,1324.6,1280.0,1282.1,87275
PGIL,2026-10-01,1282.1,1286.0,1233.7,1263.0,115643
PGIL,2026-10-05,1267.5,1289.3,1255.0,1266.5,114063
PGINVIT,2026-09-29,102.32,102.38,101.51,102.03,1117239
PGINVIT,2026-09-30,102.2,102.5,101.97,102.41,978488
PGINVIT,2026-10-01,102.41,102.42,101.25,101.84,1827847
PGINVIT,2026-10-02,101.84,101.84,101.84,101.84,0
PGINVIT,2026-10-05,101.9,102.25,101.0,102.1,1522715
PHANTOMFX,2026-09-25,88.0,91.4,85.1,90.0,33300
PHANTOMFX,2026-09-28,90.0,91.9,86.0,87.75,18600
PHANTOMFX,2026-09-29,87.0,89.0,83.0,88.0,15000
PHANTOMFX,2026-09-30,88.25,90.0,86.95,88.25,17400
PHANTOMFX,2026-10-01,88.0,89.3,84.0,86.2,18300
PHOENIXLTD,2026-09-28,1973.1,1973.1,1940.1,1952.2,154647
PHOENIXLTD,2026-09-29,1946.3,1957.3,1916.7,1929.0,381228
PHOENIXLTD,2026-09-30,1940.4,1963.4,1916.2,1935.0,421345
PHOENIXLTD,2026-10-01,1935.0,1963.1,1911.8,1930.0,555494
PHOENIXLTD,2026-10-05,1911.1,1954.9,1909.2,1935.0,430721
PHOENXINTL,2026-09-28,29.0,30.19,27.8,29.3,10285
PHOENXINTL,2026-09-29,29.3,29.3,27.8,28.05,2269
PHOENXINTL,2026-09-30,28.4,29.55,28.16,28.71,3924
PHOENXINTL,2026-10-01,28.71,28.71,28.0,28.15,2283
PHOENXINTL,2026-10-05,29.0,29.0,27.85,28.15,2758
PICCADIL,2026-09-28,610.35,611.2,598.7,600.5,74499
PICCADIL,2026-09-29,606.4,607.85,591.55,602.85,84778
PICCADIL,2026-09-30,606.9,613.25,588.55,592.35,87459
PICCADIL,2026-10-01,592.45,593.85,571.0,581.05,108548
PICCADIL,2026-10-05,581.0,595.0,579.1,588.45,144930
PIDILITIND,2026-09-29,1493.0,1500.4,1461.0,1461.0,1073488
PIDILITIND,2026-09-30,1481.0,1496.9,1465.1,1465.1,940925
PIDILITIND,2026-10-01,1468.1,1486.9,1456.8,1464.0,867267
PIDILITIND,2026-10-02,1464.0,1464.0,1464.0,1464.0,0
PIDILITIND,2026-10-05,1464.2,1487.7,1458.2,1487.7,843401
PIGL,2026-09-28,100.47,101.0,95.15,96.0,102154
PIGL,2026-09-29,95.9,98.99,94.9,96.92,41941
PIGL,2026-09-30,96.7,98.71,95.5,96.34,34714
PIGL,2026-10-01,96.0,97.3,92.26,93.87,40347
PIGL,2026-10-05,93.87,96.98,93.0,94.55,27104
PIIND,2026-09-28,2398.3999,2398.3999,2318.5,2349.0,113053
PIIND,2026-09-29,2327.5,2339.0,2288.8,2288.8,186578
PIIND,2026-09-30,2290.0,2322.8,2270.0,2310.0,174009
PIIND,2026-10-01,2302.3999,2302.3999,2220.0,2236.0,125263
PIIND,2026-10-05,2243.8999,2287.8999,2199.6001,2220.0,210114
PILANIINVS,2026-09-28,4052.0,4052.0,3950.0,3997.5,1441
PILANIINVS,2026-09-29,4024.0,4127.5,3965.0,4027.7,2381
PILANIINVS,2026-09-30,4050.0,4127.0,3901.8,3956.5,5707
PILANIINVS,2026-10-01,3970.1001,3974.0,3865.0,3892.3,2414
PILANIINVS,2026-10-05,3975.0,4033.0,3933.0,3984.7,3139
PILITA,2026-09-28,8.07,8.07,7.51,7.59,17396
PILITA,2026-09-29,7.48,7.71,7.3,7.34,31206
PILITA,2026-09-30,7.7,7.7,7.17,7.52,45283
PILITA,2026-10-01,7.26,7.67,7.26,7.45,19070
PILITA,2026-10-05,7.4,7.5,7.31,7.39,19487
PINELABS,2026-09-29,172.75,172.9,167.7,171.55,18280064
PINELABS,2026-09-30,172.0,176.75,169.14,171.79,19780220
PINELABS,2026-10-01,171.7,174.7,165.25,167.59,13924916
PINELABS,2026-10-02,167.59,167.59,167.59,167.59,0
PINELABS,2026-10-05,169.5,171.48,166.27,167.16,9150895
PIONEEREMB,2026-09-28,21.35,21.84,20.85,21.15,2199
PIONEEREMB,2026-09-29,21.15,21.59,20.3,20.79,4907
PIONEEREMB,2026-09-30,21.0,21.25,20.45,20.59,7008
PIONEEREMB,2026-10-01,20.5,20.7,19.66,20.07,23487
PIONEEREMB,2026-10-05,19.86,20.98,19.86,20.13,2014
PIONRINV,2026-09-28,77.1,77.1,77.0,77.0,2698
PIONRINV,2026-09-29,77.77,77.77,77.0,77.5,343
PIONRINV,2026-09-30,75.95,80.8,75.95,75.95,711
PIONRINV,2026-10-01,75.95,79.74,73.0,73.0,5113
PIONRINV,2026-10-05,70.0,70.0,69.35,69.35,11338
PIRAMALFIN,2026-09-28,2142.0,2170.0,2054.8999,2149.0,328989
PIRAMALFIN,2026-09-29,2142.0,2174.3999,2057.2,2127.5,1703600
PIRAMALFIN,2026-09-30,2098.0,2127.5,2012.0,2043.9,230032
PIRAMALFIN,2026-10-01,2020.0,2045.4,1978.0,2023.3,303300
PIRAMALFIN,2026-10-05,2024.0,2046.0,1986.5,2002.6,185520
PITTIENG,2026-09-28,1171.4,1171.4,1130.0,1136.8,71436
PITTIENG,2026-09-29,1136.0,1152.2,1115.7,1131.4,51812
PITTIENG,2026-09-30,1132.0,1154.8,1131.3,1139.5,35903
PITTIENG,2026-10-01,1136.6,1139.4,1092.2,1123.8,63727
PITTIENG,2026-10-05,1128.0,1143.1,1117.6,1127.3,44959
PIXTRANS,2026-09-28,1733.0,1748.7,1711.6,1724.8,7437
PIXTRANS,2026-09-29,1714.1,1750.0,1714.1,1728.1,10656
PIXTRANS,2026-09-30,1732.3,1762.0,1725.0,1726.9,4070
PIXTRANS,2026-10-01,1726.9,1893.0,1725.0,1809.3,1455118
PIXTRANS,2026-10-05,1818.3,1860.0,1815.0,1834.2,82916
PKTEA,2026-09-28,1001.35,1001.35,975.0,994.6,1669
PKTEA,2026-09-29,965.0,1012.95,965.0,993.7,1251
PKTEA,2026-09-30,1000.0,1043.35,972.0,1043.35,18800
PKTEA,2026-10-01,1087.0,1087.0,992.0,1037.7,1076
PKTEA,2026-10-05,1004.1,1043.9,992.0,1033.0,178
PLADAINFO,2026-09-28,13.05,13.05,13.05,13.05,0
PLADAINFO,2026-09-29,13.0,13.0,13.0,13.0,3000
PLADAINFO,2026-09-30,13.0,13.0,13.0,13.0,0
PLADAINFO,2026-10-01,13.0,13.0,13.0,13.0,0
PLADAINFO,2026-10-02,13.0,13.0,13.0,13.0,0
PLASTIBLEN,2026-09-28,209.0,209.0,199.0,199.86,99546
PLASTIBLEN,2026-09-29,198.04,205.99,196.27,204.5,44950
PLASTIBLEN,2026-09-30,205.85,207.0,199.23,200.29,39036
PLASTIBLEN,2026-10-01,203.96,204.0,191.06,193.62,37312
PLASTIBLEN,2026-10-05,195.0,203.45,195.0,197.79,39677
PLATIND,2026-09-28,210.0,212.89,204.0,205.91,32636
PLATIND,2026-09-29,205.1,209.04,202.5,205.7,44189
PLATIND,2026-09-30,207.02,210.89,205.41,206.85,27227
PLATIND,2026-10-01,207.0,207.0,200.0,202.0,51510
PLATIND,2026-10-05,205.1,207.0,198.5,203.83,525747
PLAZACABLE,2026-09-28,61.89,61.89,56.96,57.05,73774
PLAZACABLE,2026-09-29,56.05,59.9,56.05,59.9,77690
PLAZACABLE,2026-09-30,61.88,61.88,59.05,59.15,59674
PLAZACABLE,2026-10-01,59.9,59.9,56.2,57.12,58747
PLAZACABLE,2026-10-05,56.02,57.99,54.5,55.32,82221
PML,2026-09-28,475.15,494.05,475.15,488.1,97
PML,2026-09-29,481.3,483.0,461.0,472.7,245
PML,2026-09-30,498.95,498.95,465.0,465.85,1277
PML,2026-10-01,467.0,504.0,460.7,472.65,599
PML,2026-10-05,479.6,493.95,473.0,486.95,92
PNB,2026-09-29,112.55,113.98,110.56,111.75,25885049
PNB,2026-09-30,111.8,114.9,111.8,113.06,15255055
PNB,2026-10-01,113.06,113.38,109.37,109.57,11365686
PNB,2026-10-02,109.57,109.57,109.57,109.57,0
PNB,2026-10-05,110.65,113.58,110.5,112.35,12282429
PNBGILTS,2026-09-28,74.25,76.0,71.35,73.28,295139
PNBGILTS,2026-09-29,73.2,73.2,70.9,71.89,377184
PNBGILTS,2026-09-30,72.0,78.9,72.0,73.99,2682738
PNBGILTS,2026-10-01,73.5,73.85,70.8,71.63,407422
PNBGILTS,2026-10-05,72.0,73.85,71.3,71.72,311935
PNBHOUSING,2026-09-29,1078.5,1123.5,1073.4,1098.2,907413
PNBHOUSING,2026-09-30,1098.0,1132.5,1095.9,1120.0,1164222
PNBHOUSING,2026-10-01,1116.1,1121.5,1079.1,1092.0,1090171
PNBHOUSING,2026-10-02,1092.0,1092.0,1092.0,1092.0,0
PNBHOUSING,2026-10-05,1092.0,1116.0,1088.3,1105.8,638892
PNC,2026-09-29,16.98,17.5,15.7,17.4,27003
PNC,2026-09-30,17.4,18.5,16.4,17.65,10929
PNC,2026-10-01,17.75,18.8,17.48,18.09,16348
PNC,2026-10-02,18.09,18.09,18.09,18.09,0
PNC,2026-10-05,18.27,18.27,16.6,17.22,8826
PNCINFRA,2026-09-28,135.96,138.4,130.1,131.26,1951752
PNCINFRA,2026-09-29,131.25,132.54,128.32,129.8,1025015
PNCINFRA,2026-09-30,130.05,134.89,130.05,133.18,790721
PNCINFRA,2026-10-01,132.0,139.65,131.99,138.16,1668999
PNCINFRA,2026-10-05,140.23,140.23,136.45,137.03,400718
PNGJL,2026-09-28,617.0,617.8,582.0,585.35,751318
PNGJL,2026-09-29,585.35,592.2,572.7,585.05,379690
PNGJL,2026-09-30,585.0,599.0,581.55,590.15,257823
PNGJL,2026-10-01,588.05,589.45,574.1,581.95,419974
PNGJL,2026-10-05,586.95,587.1,571.75,573.3,514114
PNGSREVA,2026-09-29,506.05,520.0,502.25,513.4,81209
PNGSREVA,2026-09-30,517.6,524.95,508.7,511.65,78605
PNGSREVA,2026-10-01,512.0,526.7,490.05,504.4,82022
PNGSREVA,2026-10-02,504.4,504.4,504.4,504.4,0
PNGSREVA,2026-10-05,507.55,539.85,505.1,535.3,481628
POCL,2026-09-28,468.95,470.0,450.0,452.65,274088
POCL,2026-09-29,453.0,467.15,444.6,461.6,270171
POCL,2026-09-30,464.2,466.65,450.0,452.65,373694
POCL,2026-10-01,450.0,456.6,432.65,437.0,333775
POCL,2026-10-05,441.6,448.95,437.0,439.55,208063
PODDARMENT,2026-09-28,274.75,275.9,256.5,257.8,8918
PODDARMENT,2026-09-29,257.65,266.0,253.7,259.05,12257
PODDARMENT,2026-09-30,259.2,266.7,255.6,257.15,2926
PODDARMENT,2026-10-01,258.5,267.75,250.4,253.65,4370
PODDARMENT,2026-10-05,254.05,264.0,251.0,251.95,1050
POEL,2026-09-28,145.06,146.5,139.4,141.35,30931
POEL,2026-09-29,144.91,144.91,139.52,139.89,30180
POEL,2026-09-30,139.89,144.86,136.15,137.42,35690
POEL,2026-10-01,139.03,143.68,136.0,136.45,36731
POEL,2026-10-05,141.13,141.95,136.0,136.27,26509
POKARNA,2026-09-28,728.85,734.45,714.1,718.15,38600
POKARNA,2026-09-29,718.0,729.9,711.0,718.05,55054
POKARNA,2026-09-30,724.4,737.75,702.25,705.7,79843
POKARNA,2026-10-01,707.8,709.45,684.55,699.1,77946
POKARNA,2026-10-05,702.6,719.8,690.45,699.2,43352
POLICYBZR,2026-09-29,1162.1,1162.3,1077.0,1081.0,19346053
POLICYBZR,2026-09-30,1087.0,1098.0,1031.4,1063.9,8915211
POLICYBZR,2026-10-01,1050.0,1058.4,963.9,980.0,14061779
POLICYBZR,2026-10-02,980.0,980.0,980.0,980.0,0
POLICYBZR,2026-10-05,984.9,1006.3,945.1,976.2,13249741
POLYCAB,2026-09-29,8195.0,8256.0,8102.5,8102.5,1645809
POLYCAB,2026-09-30,8102.5,8177.0,8026.0,8026.0,494724
POLYCAB,2026-10-01,8030.0,8131.0,7883.0,7990.0,463691
POLYCAB,2026-10-02,7990.0,7990.0,7990.0,7990.0,0
POLYCAB,2026-10-05,7990.0,8186.0,7980.5,8080.0,424158
POLYMED,2026-09-28,1724.4,1724.4,1611.2,1636.7,216866
POLYMED,2026-09-29,1636.7,1668.5,1626.8,1644.7,168312
POLYMED,2026-09-30,1639.9,1684.5,1625.8,1673.8,118032
POLYMED,2026-10-01,1662.1,1662.2,1620.1,1638.1,91694
POLYMED,2026-10-05,1630.0,1639.1,1595.1,1619.6,126764
POLYPLEX,2026-09-28,1086.2,1090.0,1055.0,1063.1,30720
POLYPLEX,2026-09-29,1061.0,1078.3,1050.0,1061.3,51486
POLYPLEX,2026-09-30,1066.6,1117.5,1050.0,1055.0,38586
POLYPLEX,2026-10-01,1055.0,1070.3,1010.0,1028.0,41338
POLYPLEX,2026-10-05,1028.0,1041.1,1015.0,1020.5,28871
POLYSIL,2026-09-25,62.55,62.55,59.4,60.9,177500
POLYSIL,2026-09-28,61.2,61.75,57.9,57.9,43000
POLYSIL,2026-09-29,55.55,59.6,55.05,58.6,49500
POLYSIL,2026-09-30,58.9,60.9,56.6,60.65,11000
POLYSIL,2026-10-01,61.25,61.25,57.9,58.6,5500
POLYSPIN,2026-09-28,32.0,32.0,29.05,31.78,373
POLYSPIN,2026-09-29,32.0,32.0,28.0,31.46,772
POLYSPIN,2026-09-30,30.0,31.39,29.3,31.22,918
POLYSPIN,2026-10-01,29.25,31.14,29.25,29.5,321
POLYSPIN,2026-10-05,28.0,32.36,28.0,28.87,766
PONNIERODE,2026-09-28,400.8,411.0,384.0,390.0,53905
PONNIERODE,2026-09-29,391.05,392.0,382.0,384.15,14553
PONNIERODE,2026-09-30,382.3,394.2,370.05,372.2,21766
PONNIERODE,2026-10-01,379.0,380.0,358.9,372.35,39422
PONNIERODE,2026-10-05,375.15,386.7,366.3,368.4,53786
POONAWALLA,2026-09-28,461.55,461.8,442.05,445.15,1095558
POONAWALLA,2026-09-29,446.0,450.05,437.4,443.0,1017550
POONAWALLA,2026-09-30,445.1,453.9,442.2,443.85,687449
POONAWALLA,2026-10-01,442.0,446.45,427.1,433.4,762919
POONAWALLA,2026-10-05,438.05,453.9,436.5,451.95,1364897
POWERGRID,2026-09-29,262.3,269.2,259.55,261.5,25174350
POWERGRID,2026-09-30,261.5,262.0,258.1,260.5,9769840
POWERGRID,2026-10-01,258.2,259.0,252.35,254.55,10976701
POWERGRID,2026-10-02,254.55,254.55,254.55,254.55,0
POWERGRID,2026-10-05,255.4,259.5,255.4,257.0,7327971
POWERICA,2026-09-28,584.55,594.25,555.0,562.95,142642
POWERICA,2026-09-29,564.9,605.0,557.05,599.75,755551
POWERICA,2026-09-30,607.0,620.85,598.0,600.6,308631
POWERICA,2026-10-01,600.05,609.45,574.05,589.15,241996
POWERICA,2026-10-05,589.05,600.35,584.0,587.15,100209
POWERINDIA,2026-09-28,30995.0,30995.0,30000.0,30260.0,64781
POWERINDIA,2026-09-29,30250.0,30930.0,29865.0,30735.0,387016
POWERINDIA,2026-09-30,30680.0,31050.0,30200.0,30630.0,88522
POWERINDIA,2026-10-01,30690.0,31615.0,30520.0,31290.0,145146
POWERINDIA,2026-10-05,31500.0,32015.0,31380.0,31500.0,72070
POWERMECH,2026-09-29,2399.0,2459.5,2380.7,2397.2,153659
POWERMECH,2026-09-30,2488.8999,2535.0,2442.0,2490.5,293610
POWERMECH,2026-10-01,2475.6001,2490.0,2430.2,2476.2,52512
POWERMECH,2026-10-02,2476.2,2476.2,2476.2,2476.2,0
POWERMECH,2026-10-05,2476.1001,2492.3999,2410.1001,2431.5,37067
PPAP,2026-09-28,247.0,251.5,235.0,235.8,6941
PPAP,2026-09-29,237.0,237.0,226.3,234.3,6025
PPAP,2026-09-30,232.0,242.0,231.95,234.45,5803
PPAP,2026-10-01,235.12,239.8,228.25,228.49,6650
PPAP,2026-10-05,225.11,232.45,225.0,228.56,4634
PPL,2026-09-29,251.0,255.0,238.35,251.5,31728
PPL,2026-09-30,249.45,255.2,245.1,253.35,11802
PPL,2026-10-01,253.35,253.35,240.7,243.55,20982
PPL,2026-10-02,243.55,243.55,243.55,243.55,0
PPL,2026-10-05,243.95,269.9,243.65,253.1,117672
PPLPHARMA,2026-09-29,206.8,212.05,206.66,209.07,5062059
PPLPHARMA,2026-09-30,209.0,210.4,205.21,206.52,2240520
PPLPHARMA,2026-10-01,205.7,206.7,195.73,197.97,3574489
PPLPHARMA,2026-10-02,197.97,197.97,197.97,197.97,0
PPLPHARMA,2026-10-05,197.97,201.65,194.28,194.89,1898343
PRABHA,2026-09-28,231.0,231.0,218.97,223.39,56039
PRABHA,2026-09-29,223.0,227.68,215.6,224.41,87334
PRABHA,2026-09-30,226.0,229.8,220.15,222.03,44247
PRABHA,2026-10-01,218.98,229.8,215.05,218.31,153237
PRABHA,2026-10-05,216.43,222.0,213.82,214.9,72081
PRADPME,2026-09-28,504.0,504.0,473.0,476.85,11243
PRADPME,2026-09-29,489.5,489.5,470.05,473.75,2766
PRADPME,2026-09-30,473.0,483.7,460.0,460.35,13662
PRADPME,2026-10-01,460.45,465.0,441.3,449.25,13939
PRADPME,2026-10-05,465.0,479.0,450.05,470.65,8630
PRAENG,2026-09-29,23.0,23.0,21.4,21.76,64641
PRAENG,2026-09-30,22.88,22.88,21.0,21.18,46147
PRAENG,2026-10-01,21.2,21.47,19.8,20.09,78026
PRAENG,2026-10-02,20.09,20.09,20.09,20.09,0
PRAENG,2026-10-05,20.0,20.5,18.21,19.01,96275
PRAJIND,2026-09-28,315.55,315.65,310.4,311.95,307499
PRAJIND,2026-09-29,310.65,313.75,306.4,307.75,341879
PRAJIND,2026-09-30,307.75,312.5,304.5,305.85,391097
PRAJIND,2026-10-01,304.9,305.15,297.05,303.25,401299
PRAJIND,2026-10-05,303.3,309.75,303.1,304.05,392327
PRAKASH,2026-09-28,118.81,119.89,114.2,115.68,596566
PRAKASH,2026-09-29,115.66,122.8,114.4,121.62,1059864
PRAKASH,2026-09-30,120.85,129.0,120.62,123.72,750601
PRAKASH,2026-10-01,123.5,123.55,116.78,118.69,543685
PRAKASH,2026-10-05,119.0,121.22,116.76,119.72,413992
PRAKASHSTL,2026-09-28,3.62,3.71,3.58,3.61,80219
PRAKASHSTL,2026-09-29,3.64,3.64,3.46,3.59,76849
PRAKASHSTL,2026-09-30,3.64,3.64,3.55,3.59,86867
PRAKASHSTL,2026-10-01,3.62,3.62,3.51,3.56,120526
PRAKASHSTL,2026-10-05,3.51,3.62,3.51,3.51,45515
PRAMARA,2026-09-25,102.6,102.6,102.6,102.6,15500
PRAMARA,2026-09-28,107.7,107.7,106.95,107.7,30500
PRAMARA,2026-09-29,111.3,113.05,110.95,113.05,54500
PRAMARA,2026-09-30,116.5,116.5,107.4,107.45,35000
PRAMARA,2026-10-01,103.5,103.5,102.1,102.1,5000
PRANAV,2026-09-29,101.39,102.38,98.78,100.18,1894008
PRANAV,2026-09-30,101.5,103.15,97.25,100.1,2087332
PRANAV,2026-10-01,99.3,100.24,96.21,97.21,1294606
PRANAV,2026-10-02,97.21,97.21,97.21,97.21,0
PRANAV,2026-10-05,100.0,100.5,91.8,93.21,2359841
PRASOLCHEM,2026-09-29,799.9,840.15,692.8,840.15,3815494
PRASOLCHEM,2026-09-30,868.25,914.9,812.3,839.1,2133289
PRASOLCHEM,2026-10-01,825.0,829.0,792.6,814.05,557879
PRASOLCHEM,2026-10-02,814.05,814.05,814.05,814.05,0
PRASOLCHEM,2026-10-05,822.7,827.25,782.15,789.05,288218
PRATHAM,2026-09-25,121.25,126.0,121.25,126.0,3200
PRATHAM,2026-09-28,121.25,124.95,121.25,122.0,2400
PRATHAM,2026-09-29,120.05,120.25,120.0,120.0,6000
PRATHAM,2026-09-30,120.0,126.0,120.0,125.95,8400
PRATHAM,2026-10-01,127.0,135.0,125.05,127.5,10000
PRAVEG,2026-09-29,246.15,253.95,241.05,242.6,23598
PRAVEG,2026-09-30,244.35,248.0,240.5,241.8,18438
PRAVEG,2026-10-01,242.0,243.49,230.0,238.1,135198
PRAVEG,2026-10-02,238.1,238.1,238.1,238.1,0
PRAVEG,2026-10-05,239.1,243.8,230.25,232.42,178581
PRAXIS,2026-09-28,4.8,4.9,4.7,4.84,133429
PRAXIS,2026-09-29,5.0,5.0,4.73,4.83,95061
PRAXIS,2026-09-30,4.7,4.89,4.59,4.59,50073
PRAXIS,2026-10-01,4.72,4.72,4.37,4.39,105275
PRAXIS,2026-10-05,4.39,4.59,4.22,4.41,29052
PRECAM,2026-09-28,120.79,120.79,116.0,116.78,102692
PRECAM,2026-09-29,115.9,118.69,114.01,117.16,77134
PRECAM,2026-09-30,117.65,120.19,116.3,116.78,78594
PRECAM,2026-10-01,116.25,117.85,108.35,109.9,438255
PRECAM,2026-10-05,109.9,112.65,107.7,108.91,135478
PRECISION,2026-09-28,6.8,6.8,6.8,6.8,0
PRECISION,2026-09-29,6.8,6.8,6.8,6.8,0
PRECISION,2026-09-30,7.0,7.0,6.7,6.8,10000
PRECISION,2026-10-01,6.8,6.8,6.8,6.8,0
PRECISION,2026-10-02,6.8,6.8,6.8,6.8,0
PRECOT,2026-09-28,659.6,660.0,610.05,617.8,6871
PRECOT,2026-09-29,613.0,644.7,582.05,638.55,13331
PRECOT,2026-09-30,650.0,650.1,615.0,627.7,2044
PRECOT,2026-10-01,628.15,649.7,615.15,638.35,4756
PRECOT,2026-10-05,648.7,649.0,594.6,605.1,7150
PRECWIRE,2026-09-28,500.0,500.0,472.7,480.65,492667
PRECWIRE,2026-09-29,480.0,513.7,476.55,500.15,1563376
PRECWIRE,2026-09-30,497.5,509.0,490.25,492.45,310956
PRECWIRE,2026-10-01,491.85,508.2,484.1,501.4,696872
PRECWIRE,2026-10-05,506.0,524.0,504.85,507.4,934416
PREMCO,2026-09-28,395.35,405.0,393.0,395.4,731
PREMCO,2026-09-29,396.8,403.8,396.8,398.3,279
PREMCO,2026-09-30,398.3,405.0,398.05,400.85,806
PREMCO,2026-10-01,401.0,401.0,393.0,399.95,185
PREMCO,2026-10-05,399.95,399.95,394.1,398.8,196
PREMEXPLN,2026-09-28,680.35,680.35,671.55,677.05,383780
PREMEXPLN,2026-09-29,675.0,679.4,673.55,675.3,178136
PREMEXPLN,2026-09-30,676.0,685.7,676.0,684.1,494973
PREMEXPLN,2026-10-01,685.95,685.95,676.1,682.05,165290
PREMEXPLN,2026-10-05,682.05,688.95,682.05,685.05,155880
PREMIER,2026-09-28,2.82,2.89,2.66,2.7,9244
PREMIER,2026-09-29,2.75,2.75,2.66,2.66,1589
PREMIER,2026-09-30,2.75,2.77,2.73,2.73,2674
PREMIER,2026-10-01,2.84,2.84,2.6,2.6,22500
PREMIER,2026-10-05,2.73,2.73,2.47,2.52,38122
PREMIERENE,2026-09-29,906.0,917.6,853.6,870.0,3053623
PREMIERENE,2026-09-30,868.3,883.0,865.2,870.1,1144007
PREMIERENE,2026-10-01,871.0,888.4,860.1,878.05,1259157
PREMIERENE,2026-10-02,878.05,878.05,878.05,878.05,0
PREMIERENE,2026-10-05,885.45,893.6,864.0,891.95,985692
PREMIERPOL,2026-09-29,95.49,97.38,91.11,95.89,448654
PREMIERPOL,2026-09-30,97.89,97.89,92.0,92.76,208407
PREMIERPOL,2026-10-01,92.0,92.59,88.05,90.64,337345
PREMIERPOL,2026-10-02,90.64,90.64,90.64,90.64,0
PREMIERPOL,2026-10-05,91.02,106.05,89.81,101.54,5042542
PRESSTONIC,2026-09-25,48.55,52.5,48.0,52.5,320000
PRESSTONIC,2026-09-28,53.75,53.75,49.0,50.25,205600
PRESSTONIC,2026-09-29,47.75,48.0,47.75,47.8,50400
PRESSTONIC,2026-09-30,47.8,50.0,46.05,47.65,36000
PRESSTONIC,2026-10-01,47.05,47.55,45.3,46.3,28000
PRESTIGE,2026-09-29,1465.0,1465.0,1417.5,1417.5,746201
PRESTIGE,2026-09-30,1425.0,1493.0,1420.5,1481.9,1284002
PRESTIGE,2026-10-01,1475.6,1500.9,1445.0,1486.1,1381292
PRESTIGE,2026-10-02,1486.1,1486.1,1486.1,1486.1,0
PRESTIGE,2026-10-05,1484.4,1499.6,1445.0,1445.0,745266
PRICOLLTD,2026-09-29,752.0,758.25,741.0,749.35,283435
PRICOLLTD,2026-09-30,752.0,763.9,742.15,747.6,240483
PRICOLLTD,2026-10-01,745.0,746.6,692.7,734.5,940627
PRICOLLTD,2026-10-02,734.5,734.5,734.5,734.5,0
PRICOLLTD,2026-10-05,743.35,746.9,699.0,704.45,697878
PRIMESECU,2026-09-28,305.0,305.0,296.05,301.85,8733
PRIMESECU,2026-09-29,298.95,304.5,293.05,302.5,18619
PRIMESECU,2026-09-30,300.25,302.9,291.1,298.45,5435
PRIMESECU,2026-10-01,291.0,304.85,290.55,301.5,43023
PRIMESECU,2026-10-05,301.5,305.0,295.0,298.8,15156
PRIMO,2026-09-28,26.0,29.8,25.8,28.13,4154950
PRIMO,2026-09-29,28.99,29.12,25.94,27.38,1302676
PRIMO,2026-09-30,27.9,28.0,26.4,26.64,448253
PRIMO,2026-10-01,26.96,26.96,24.67,25.41,449481
PRIMO,2026-10-05,26.85,26.9,25.55,26.08,414021
PRINCEPIPE,2026-09-28,262.0,263.95,255.45,257.75,104953
PRINCEPIPE,2026-09-29,258.0,259.9,251.8,255.85,75234
PRINCEPIPE,2026-09-30,257.75,261.7,255.0,255.75,55165
PRINCEPIPE,2026-10-01,255.25,255.25,243.2,246.9,178385
PRINCEPIPE,2026-10-05,246.9,251.0,243.2,247.45,125575
PRIORITY,2026-09-29,295.65,302.0,279.87,293.64,379091
PRIORITY,2026-09-30,305.0,326.8,297.8,301.6,517501
PRIORITY,2026-10-01,297.0,298.9,280.25,290.45,271376
PRIORITY,2026-10-02,290.45,290.45,290.45,290.45,0
PRIORITY,2026-10-05,294.0,315.9,287.05,291.2,508895
PRISMX,2026-09-28,0.53,0.54,0.52,0.53,168482
PRISMX,2026-09-29,0.54,0.55,0.52,0.53,142967
PRISMX,2026-09-30,0.54,0.55,0.52,0.52,270697
PRISMX,2026-10-01,0.53,0.53,0.51,0.52,136581
PRISMX,2026-10-05,0.52,0.52,0.49,0.5,477178
PRITI,2026-09-28,32.6,34.99,30.79,31.33,29594
PRITI,2026-09-29,32.0,32.48,30.5,32.14,6072
PRITI,2026-09-30,32.98,32.98,32.0,32.71,5984
PRITI,2026-10-01,31.5,33.0,30.65,32.79,30728
PRITI,2026-10-05,30.91,32.95,30.91,32.04,2125
PRITIKA,2026-09-28,63.5,63.5,62.5,62.5,46000
PRITIKA,2026-09-29,62.5,65.95,57.65,62.7,12000
PRITIKA,2026-09-30,62.7,62.7,62.7,62.7,0
PRITIKA,2026-10-01,62.7,62.7,62.7,62.7,0
PRITIKA,2026-10-02,62.7,62.7,62.7,62.7,0
PRITIKAUTO,2026-09-28,18.0,18.98,17.35,18.87,1141258
PRITIKAUTO,2026-09-29,19.85,19.85,17.56,18.4,1329969
PRITIKAUTO,2026-09-30,19.0,19.0,16.91,17.08,394236
PRITIKAUTO,2026-10-01,17.0,17.0,15.8,16.11,373086
PRITIKAUTO,2026-10-05,16.05,16.73,15.85,16.02,138075
PRIVISCL,2026-09-28,3637.2,3637.2,3556.2,3605.3,81986
PRIVISCL,2026-09-29,3607.2,3705.0,3568.7,3605.5,418867
PRIVISCL,2026-09-30,3605.0,3624.0,3557.3,3586.6001,102693
PRIVISCL,2026-10-01,3572.0,3585.8,3471.6001,3573.0,135556
PRIVISCL,2026-10-05,3570.0,3593.0,3424.1001,3442.2,186747
PRIZOR,2026-09-25,1128.1,1128.1,1107.0,1128.1,7200
PRIZOR,2026-09-28,1128.1,1139.0,1111.2,1128.1,10400
PRIZOR,2026-09-29,1150.65,1150.65,1132.0,1150.65,4000
PRIZOR,2026-09-30,1173.5,1173.5,1173.5,1173.5,5200
PRIZOR,2026-10-01,1194.0,1196.95,1194.0,1194.0,10400
PRLIND,2026-09-25,46.1,46.15,45.0,45.95,13000
PRLIND,2026-09-28,45.2,45.95,45.2,45.95,11000
PRLIND,2026-09-29,45.0,45.2,45.0,45.2,3000
PRLIND,2026-09-30,45.25,45.25,45.25,45.25,1000
PRLIND,2026-10-01,45.25,45.25,44.0,44.0,9000
PROLIFE,2026-09-25,80.0,80.0,80.0,80.0,3500
PROLIFE,2026-09-28,80.0,80.0,80.0,80.0,0
PROLIFE,2026-09-29,76.0,76.0,76.0,76.0,500
PROLIFE,2026-09-30,76.0,76.0,76.0,76.0,0
PROLIFE,2026-10-01,76.0,76.0,76.0,76.0,1500
PROPEQUITY,2026-09-25,192.0,197.05,192.0,192.85,3000
PROPEQUITY,2026-09-28,192.85,192.85,192.85,192.85,0
PROPEQUITY,2026-09-29,192.85,192.85,192.85,192.85,0
PROPEQUITY,2026-09-30,192.85,192.85,192.85,192.85,600
PROPEQUITY,2026-10-01,186.1,186.1,184.0,184.0,4200
PROSTARM,2026-09-29,136.33,138.58,133.0,135.83,164167
PROSTARM,2026-09-30,134.71,138.5,134.05,134.66,156328
PROSTARM,2026-10-01,136.56,143.0,133.12,135.41,766410
PROSTARM,2026-10-02,135.41,135.41,135.41,135.41,0
PROSTARM,2026-10-05,136.8,140.2,131.15,132.0,374129
PROTEAN,2026-09-28,690.7,719.0,675.0,691.5,2689437
PROTEAN,2026-09-29,690.0,699.4,661.35,666.65,859577
PROTEAN,2026-09-30,666.65,684.4,651.65,659.3,574562
PROTEAN,2026-10-01,657.6,677.95,630.85,639.75,610264
PROTEAN,2026-10-05,643.0,657.65,635.0,639.05,346308
PROV,2026-09-25,1920.5,1920.5,1920.5,1920.5,0
PROV,2026-09-28,1920.5,1920.5,1920.5,1920.5,0
PROV,2026-09-29,1920.0,1959.0,1920.0,1949.5,560
PROV,2026-09-30,1949.5,1949.5,1949.5,1949.5,0
PROV,2026-10-01,1945.0,1950.0,1940.0,1940.0,240
PROZONER,2026-09-28,57.84,57.99,55.59,56.26,940009
PROZONER,2026-09-29,56.05,56.81,55.41,56.2,817910
PROZONER,2026-09-30,56.1,57.7,55.85,56.52,1330700
PROZONER,2026-10-01,56.81,57.17,51.89,52.53,242456
PROZONER,2026-10-05,53.0,53.69,49.52,50.54,267154
PRSMJOHNSN,2026-09-28,116.75,118.2,114.94,115.15,245697
PRSMJOHNSN,2026-09-29,115.09,115.15,108.2,109.27,1164484
PRSMJOHNSN,2026-09-30,109.89,111.29,108.25,108.74,221376
PRSMJOHNSN,2026-10-01,109.11,109.3,103.0,103.61,478189
PRSMJOHNSN,2026-10-05,104.47,104.59,101.7,102.06,214904
PRUDENT,2026-09-28,3060.7,3186.8999,3038.8,3171.3,27084
PRUDENT,2026-09-29,3170.0,3170.0,3060.0,3098.7,98288
PRUDENT,2026-09-30,3105.7,3150.0,3084.2,3129.2,30361
PRUDENT,2026-10-01,3129.2,3130.0,3060.0,3119.1001,26057
PRUDENT,2026-10-05,3128.7,3153.5,3082.8999,3108.1001,12341
PRUDMOULI,2026-09-29,13.98,13.98,13.5,13.98,2209
PRUDMOULI,2026-09-30,14.0,14.0,12.6,13.39,6380
PRUDMOULI,2026-10-01,13.5,13.85,13.22,13.49,725
PRUDMOULI,2026-10-02,13.49,13.49,13.49,13.49,0
PRUDMOULI,2026-10-05,13.63,14.0,13.45,13.87,15810
PSB,2026-09-28,21.82,21.82,21.26,21.31,806110
PSB,2026-09-29,21.31,21.32,20.95,21.11,1263412
PSB,2026-09-30,21.1,21.47,21.09,21.33,1167887
PSB,2026-10-01,21.28,21.3,20.8,20.96,752976
PSB,2026-10-05,21.06,21.38,20.92,21.02,907370
PSPPROJECT,2026-09-28,806.65,806.65,775.0,779.1,74336
PSPPROJECT,2026-09-29,778.0,793.5,772.1,782.65,68855
PSPPROJECT,2026-09-30,787.0,803.9,763.95,767.0,62418
PSPPROJECT,2026-10-01,767.0,770.4,731.05,747.1,75324
PSPPROJECT,2026-10-05,759.65,782.0,754.8,764.55,58824
PTC,2026-09-29,155.2,156.09,153.53,155.75,1273851
PTC,2026-09-30,156.0,156.39,154.7,155.56,1233686
PTC,2026-10-01,155.05,155.44,153.14,154.79,1221503
PTC,2026-10-02,154.79,154.79,154.79,154.79,0
PTC,2026-10-05,156.45,157.9,155.0,157.52,3047215
PTCIL,2026-09-28,21820.0,22040.0,21510.0,21685.0,8445
PTCIL,2026-09-29,21685.0,22690.0,21555.0,22535.0,19622
PTCIL,2026-09-30,22535.0,23245.0,22035.0,22190.0,20719
PTCIL,2026-10-01,22195.0,22435.0,21720.0,22025.0,14332
PTCIL,2026-10-05,22025.0,22620.0,21665.0,22530.0,18624
PTL,2026-09-28,38.25,38.44,36.5,37.9,35756
PTL,2026-09-29,37.99,38.84,37.03,38.2,28735
PTL,2026-09-30,38.25,38.5,37.6,37.87,40263
PTL,2026-10-01,37.99,38.24,37.61,37.87,23708
PTL,2026-10-05,37.88,38.5,37.88,38.21,20109
PULZ,2026-09-28,19.5,21.4,19.5,21.2,16000
PULZ,2026-09-29,21.0,21.65,21.0,21.65,8000
PULZ,2026-09-30,21.65,21.65,21.65,21.65,0
PULZ,2026-10-01,21.65,21.65,21.65,21.65,0
PULZ,2026-10-02,21.65,21.65,21.65,21.65,0
PUNJABCHEM,2026-09-28,1071.6,1090.0,1047.0,1054.6,4987
PUNJABCHEM,2026-09-29,1078.9,1078.9,1024.4,1035.8,3891
PUNJABCHEM,2026-09-30,1025.9,1059.8,1025.9,1054.5,2439
PUNJABCHEM,2026-10-01,1044.9,1053.9,1009.2,1040.9,6287
PUNJABCHEM,2026-10-05,1040.0,1080.0,1032.1,1036.9,1385
PURVA,2026-09-28,212.4,212.65,209.0,209.99,73425
PURVA,2026-09-29,208.8,210.88,199.5,204.84,240427
PURVA,2026-09-30,205.0,211.2,204.54,206.34,81705
PURVA,2026-10-01,206.34,210.0,197.41,204.64,167683
PURVA,2026-10-05,205.0,209.8,201.41,206.93,126827
PURVFLEXI,2026-09-28,42.0,42.0,42.0,42.0,1600
PURVFLEXI,2026-09-29,43.6,43.6,40.0,41.15,6400
PURVFLEXI,2026-09-30,40.0,40.0,40.0,40.0,3200
PURVFLEXI,2026-10-01,40.0,40.0,40.0,40.0,0
PURVFLEXI,2026-10-02,40.0,40.0,40.0,40.0,0
PVP,2026-09-28,58.85,59.99,58.85,58.85,1150587
PVP,2026-09-29,57.3,57.94,55.91,55.91,2985074
PVP,2026-09-30,54.5,56.88,53.12,53.12,2852031
PVP,2026-10-01,51.4,51.7,50.47,50.47,953113
PVP,2026-10-05,47.95,47.95,47.95,47.95,150380
PVRINOX,2026-09-29,1230.0,1230.0,1181.2,1190.1,816749
PVRINOX,2026-09-30,1197.9,1262.6,1187.0,1242.7,711172
PVRINOX,2026-10-01,1236.6,1236.6,1189.0,1215.3,321029
PVRINOX,2026-10-02,1215.3,1215.3,1215.3,1215.3,0
PVRINOX,2026-10-05,1236.8,1249.9,1216.0,1231.4,279083
PVSL,2026-09-28,100.0,100.0,97.5,97.66,24606
PVSL,2026-09-29,97.2,102.5,95.23,97.01,24960
PVSL,2026-09-30,95.02,99.96,95.0,95.5,15961
PVSL,2026-10-01,98.5,100.0,88.61,89.86,89730
PVSL,2026-10-05,89.1,92.19,89.1,91.08,15818
PWL,2026-09-29,128.07,128.32,124.39,125.15,5275797
PWL,2026-09-30,126.05,126.7,122.0,123.48,5681880
PWL,2026-10-01,123.0,123.8,117.71,120.17,5922570
PWL,2026-10-02,120.17,120.17,120.17,120.17,0
PWL,2026-10-05,120.71,133.47,120.71,131.1,28246518
PYRAMID,2026-09-28,162.35,163.7,159.87,161.11,22336
PYRAMID,2026-09-29,159.5,162.24,155.05,156.54,38974
PYRAMID,2026-09-30,156.54,162.9,154.98,156.01,21871
PYRAMID,2026-10-01,160.92,160.92,151.13,154.34,49241
PYRAMID,2026-10-05,152.9,160.0,151.8,157.88,75463
QFIL,2026-09-25,52.35,52.35,52.35,52.35,3000
QFIL,2026-09-28,52.35,52.35,52.35,52.35,0
QFIL,2026-09-29,49.75,52.35,49.75,52.35,3000
QFIL,2026-09-30,52.35,52.35,52.35,52.35,0
QFIL,2026-10-01,49.75,49.75,49.75,49.75,1000
QMSMEDI,2026-09-28,206.47,206.47,201.0,206.47,182528
QMSMEDI,2026-09-29,216.79,216.79,205.0,216.79,191841
QMSMEDI,2026-09-30,215.4,215.4,205.96,205.96,169995
QMSMEDI,2026-10-01,203.9,203.9,195.67,195.67,70416
QMSMEDI,2026-10-05,194.7,194.7,185.89,185.89,18972
QPOWER,2026-09-28,1517.0,1593.6,1496.2,1592.7,365360
QPOWER,2026-09-29,1608.0,1638.0,1552.3,1614.3,378939
QPOWER,2026-09-30,1610.1,1675.0,1572.3,1584.8,267707
QPOWER,2026-10-01,1587.0,1609.9,1515.0,1564.6,317871
QPOWER,2026-10-05,1569.8,1640.0,1569.8,1620.2,336588
QUADFUTURE,2026-09-29,535.0,554.0,521.1,542.15,682032
QUADFUTURE,2026-09-30,545.6,567.2,540.3,547.45,852162
QUADFUTURE,2026-10-01,546.0,549.3,520.2,531.4,403649
QUADFUTURE,2026-10-02,531.4,531.4,531.4,531.4,0
QUADFUTURE,2026-10-05,536.0,546.95,524.0,529.25,319071
QUADPRO,2026-09-28,4.2,4.2,4.1,4.2,168000
QUADPRO,2026-09-29,4.4,4.4,4.4,4.4,84000
QUADPRO,2026-09-30,4.2,4.2,4.2,4.2,36000
QUADPRO,2026-10-01,4.2,4.2,4.2,4.2,0
QUADPRO,2026-10-02,4.2,4.2,4.2,4.2,0
QUESS,2026-09-28,342.0,350.0,335.3,340.9,675128
QUESS,2026-09-29,339.75,343.0,335.9,342.1,190530
QUESS,2026-09-30,342.1,346.0,332.05,334.95,513187
QUESS,2026-10-01,332.5,342.0,326.6,336.2,369564
QUESS,2026-10-05,337.6,345.95,335.1,341.85,262862
QUESTLAB,2026-09-25,93.45,98.5,86.55,87.05,50400
QUESTLAB,2026-09-28,86.55,86.55,85.05,85.75,7200
QUESTLAB,2026-09-29,83.6,90.0,81.0,89.0,28800
QUESTLAB,2026-09-30,86.0,102.4,86.0,100.2,220800
QUESTLAB,2026-10-01,101.5,101.5,91.4,91.85,39600
QUICKHEAL,2026-09-29,143.82,148.29,141.7,145.92,77600
QUICKHEAL,2026-09-30,146.0,149.79,143.35,144.49,78444
QUICKHEAL,2026-10-01,144.5,148.0,137.08,138.15,155260
QUICKHEAL,2026-10-02,138.15,138.15,138.15,138.15,0
QUICKHEAL,2026-10-05,140.0,141.18,137.21,137.91,67554
QUICKTOUCH,2026-09-25,16.5,16.5,15.2,15.5,12500
QUICKTOUCH,2026-09-28,15.5,15.5,15.5,15.5,0
QUICKTOUCH,2026-09-29,15.5,15.5,14.75,14.75,2000
QUICKTOUCH,2026-09-30,14.8,14.8,14.75,14.75,1500
QUICKTOUCH,2026-10-01,15.45,15.45,15.25,15.25,1000
QUINT,2026-09-28,80.15,86.0,80.15,80.15,56231
QUINT,2026-09-29,76.15,76.15,76.15,76.15,1264
QUINT,2026-09-30,72.35,72.35,72.35,72.35,1949
QUINT,2026-10-01,68.74,70.9,68.74,68.74,37062
QUINT,2026-10-05,66.0,66.0,65.31,65.31,3378
QUINTEGRA,2026-09-28,1.17,1.17,1.17,1.17,12583
QUINTEGRA,2026-09-29,1.22,1.22,1.22,1.22,1020
QUINTEGRA,2026-09-30,1.28,1.28,1.28,1.28,298
QUINTEGRA,2026-10-01,1.34,1.34,1.34,1.34,298
QUINTEGRA,2026-10-05,1.4,1.4,1.4,1.4,41644
RACE,2026-09-28,118.01,128.0,118.01,121.7,104606
RACE,2026-09-29,121.7,123.13,117.9,119.85,49879
RACE,2026-09-30,124.0,124.0,118.0,118.02,26073
RACE,2026-10-01,120.0,120.5,110.34,113.18,97878
RACE,2026-10-05,117.0,117.0,108.12,108.95,26720
RACLGEAR,2026-09-28,1696.0,1696.0,1601.2,1613.1,29357
RACLGEAR,2026-09-29,1606.6,1626.0,1535.3,1588.6,42673
RACLGEAR,2026-09-30,1581.4,1616.8,1570.2,1594.8,32646
RACLGEAR,2026-10-01,1587.9,1594.8,1505.0,1538.2,34375
RACLGEAR,2026-10-05,1539.8,1575.0,1522.6,1550.4,17316
RADAAN,2026-09-28,3.0,3.11,2.9,3.02,84822
RADAAN,2026-09-29,3.02,3.09,2.9,2.96,22851
RADAAN,2026-09-30,2.96,3.07,2.91,3.0,28286
RADAAN,2026-10-01,3.07,3.07,2.92,2.98,15462
RADAAN,2026-10-05,2.98,3.01,2.86,2.99,27071
RADHIKAJWE,2026-09-28,69.98,69.98,67.2,69.38,135553
RADHIKAJWE,2026-09-29,68.35,69.23,67.55,68.69,113961
RADHIKAJWE,2026-09-30,69.29,70.9,68.11,70.23,173131
RADHIKAJWE,2026-10-01,70.84,70.84,68.1,68.98,148396
RADHIKAJWE,2026-10-05,69.0,69.0,67.21,67.82,102302
RADIANTCMS,2026-09-28,35.85,36.0,34.9,35.7,219661
RADIANTCMS,2026-09-29,35.4,36.48,35.02,35.65,169177
RADIANTCMS,2026-09-30,35.2,36.01,35.2,35.41,62571
RADIANTCMS,2026-10-01,35.2,36.0,35.15,35.89,87383
RADIANTCMS,2026-10-05,35.75,35.98,34.7,34.92,108257
RADICO,2026-09-29,4478.0,4478.0,4364.0,4364.0,238687
RADICO,2026-09-30,4408.8999,4516.0,4365.1001,4366.0,387850
RADICO,2026-10-01,4366.5,4394.2002,4234.7998,4237.0,426809
RADICO,2026-10-02,4237.0,4237.0,4237.0,4237.0,0
RADICO,2026-10-05,4242.0,4307.0,4238.5,4289.1001,395032
RADIOCITY,2026-09-28,6.12,6.12,5.84,5.99,16625
RADIOCITY,2026-09-29,5.99,6.05,5.92,6.01,192865
RADIOCITY,2026-09-30,6.01,6.02,5.9,5.99,80434
RADIOCITY,2026-10-01,5.99,6.12,5.41,5.88,76812
RADIOCITY,2026-10-05,5.76,6.1,5.76,5.9,28659
RADIOWALLA,2026-09-28,28.6,28.6,28.6,28.6,0
RADIOWALLA,2026-09-29,29.15,29.15,29.15,29.15,14400
RADIOWALLA,2026-09-30,28.6,28.6,28.6,28.6,1600
RADIOWALLA,2026-10-01,28.6,28.6,28.6,28.6,0
RADIOWALLA,2026-10-02,28.6,28.6,28.6,28.6,0
RAILTEL,2026-09-29,255.0,261.95,252.05,259.25,637058
RAILTEL,2026-09-30,259.1,281.0,258.65,265.65,6564878
RAILTEL,2026-10-01,263.2,263.2,252.65,257.2,851720
RAILTEL,2026-10-02,257.2,257.2,257.2,257.2,0
RAILTEL,2026-10-05,258.0,260.4,251.15,252.3,495278
RAIN,2026-09-29,215.95,217.44,210.1,215.41,2705102
RAIN,2026-09-30,213.5,219.99,212.3,213.94,2138947
RAIN,2026-10-01,214.0,216.83,204.76,208.52,4313649
RAIN,2026-10-02,208.52,208.52,208.52,208.52,0
RAIN,2026-10-05,209.03,213.57,206.32,208.02,1705460
RAINBOW,2026-09-28,1374.2,1384.1,1347.6,1372.6,145801
RAINBOW,2026-09-29,1374.8,1385.7,1351.1,1367.8,229899
RAINBOW,2026-09-30,1360.8,1383.0,1305.1,1314.3,363556
RAINBOW,2026-10-01,1304.3,1306.4,1266.2,1279.8,219253
RAINBOW,2026-10-05,1285.8,1299.9,1263.6,1269.3,137076
RAJESHEXPO,2026-09-28,67.43,67.43,65.0,65.15,157554
RAJESHEXPO,2026-09-29,65.8,66.0,62.0,63.38,173192
RAJESHEXPO,2026-09-30,63.01,65.88,60.25,64.7,332577
RAJESHEXPO,2026-10-01,64.5,65.34,61.47,64.03,571446
RAJESHEXPO,2026-10-05,64.0,64.03,61.25,62.35,155392
RAJMET,2026-09-28,3.14,3.15,3.08,3.08,260389
RAJMET,2026-09-29,3.1,3.12,3.04,3.06,201847
RAJMET,2026-09-30,3.11,3.16,3.06,3.12,208256
RAJMET,2026-10-01,3.12,3.12,3.04,3.08,179253
RAJMET,2026-10-05,3.06,3.1,3.06,3.06,178433
RAJOOENG,2026-09-29,53.89,54.4,52.8,53.32,110899
RAJOOENG,2026-09-30,53.32,54.5,52.61,53.43,208140
RAJOOENG,2026-10-01,52.62,54.5,52.25,53.21,194043
RAJOOENG,2026-10-02,53.21,53.21,53.21,53.21,0
RAJOOENG,2026-10-05,54.95,56.25,53.57,54.97,581746
RAJPALAYAM,2026-09-28,760.0,779.2,757.0,758.05,732
RAJPALAYAM,2026-09-29,758.0,776.0,757.0,757.8,1623
RAJPALAYAM,2026-09-30,760.2,775.0,741.2,749.15,7143
RAJPALAYAM,2026-10-01,752.85,773.95,730.0,738.0,1650
RAJPALAYAM,2026-10-05,715.0,750.0,715.0,734.35,410
RAJRATAN,2026-09-28,472.5,472.5,458.0,460.95,49986
RAJRATAN,2026-09-29,461.0,473.6,453.5,466.15,52250
RAJRATAN,2026-09-30,465.0,470.75,458.5,461.6,36265
RAJRATAN,2026-10-01,461.75,461.8,441.8,453.55,58422
RAJRATAN,2026-10-05,453.55,460.7,450.9,454.6,46941
RAJRILTD,2026-09-29,21.0,21.0,20.39,20.46,4921
RAJRILTD,2026-09-30,20.12,20.84,20.12,20.17,9852
RAJRILTD,2026-10-01,20.5,20.57,19.77,20.0,20055
RAJRILTD,2026-10-02,20.0,20.0,20.0,20.0,0
RAJRILTD,2026-10-05,20.35,20.4,19.6,19.62,26292
RAJSREESUG,2026-09-28,31.75,32.34,30.68,30.84,81728
RAJSREESUG,2026-09-29,31.46,31.46,30.01,30.58,21238
RAJSREESUG,2026-09-30,30.66,31.78,28.5,28.87,201576
RAJSREESUG,2026-10-01,28.96,29.1,27.05,27.73,83235
RAJSREESUG,2026-10-05,27.73,29.3,27.51,28.39,62346
RAJTV,2026-09-28,11.29,11.29,11.0,11.14,120440
RAJTV,2026-09-29,11.49,11.6,10.59,10.59,130949
RAJTV,2026-09-30,10.58,11.09,10.08,10.88,58444
RAJTV,2026-10-01,11.21,11.21,10.34,10.8,42590
RAJTV,2026-10-05,10.34,11.14,10.34,10.64,7371
RALLIS,2026-09-29,199.75,200.85,196.76,199.96,628858
RALLIS,2026-09-30,199.7,200.86,198.05,199.73,503038
RALLIS,2026-10-01,199.45,200.3,197.41,199.69,606641
RALLIS,2026-10-02,199.69,199.69,199.69,199.69,0
RALLIS,2026-10-05,200.0,200.88,197.0,197.16,299393
RAMANEWS,2026-09-28,31.0,31.6,30.0,31.11,20198
RAMANEWS,2026-09-29,30.19,31.58,30.17,30.31,10643
RAMANEWS,2026-09-30,30.65,31.48,30.01,30.27,6718
RAMANEWS,2026-10-01,30.27,30.5,29.12,29.38,15982
RAMANEWS,2026-10-05,29.07,30.29,29.07,29.36,7460
RAMAPHO,2026-09-28,122.9,124.98,119.01,120.0,24851
RAMAPHO,2026-09-29,122.4,122.4,119.31,120.33,9762
RAMAPHO,2026-09-30,120.72,122.41,119.5,120.09,14729
RAMAPHO,2026-10-01,121.29,128.0,118.02,120.05,41090
RAMAPHO,2026-10-05,123.43,123.43,118.75,119.07,9567
RAMASTEEL,2026-09-28,4.4,4.4,4.4,4.4,3786918
RAMASTEEL,2026-09-29,4.48,4.48,4.32,4.48,2009991
RAMASTEEL,2026-09-30,4.56,4.56,4.47,4.56,3775009
RAMASTEEL,2026-10-01,4.47,4.51,4.47,4.47,501360
RAMASTEEL,2026-10-05,4.39,4.39,4.39,4.39,224049
RAMBHAJO,2026-09-29,266.7,291.53,263.21,290.97,1672071
RAMBHAJO,2026-09-30,296.0,300.0,282.5,285.98,654381
RAMBHAJO,2026-10-01,284.0,298.45,281.3,288.75,785400
RAMBHAJO,2026-10-02,288.75,288.75,288.75,288.75,0
RAMBHAJO,2026-10-05,297.2,317.5,294.0,305.1,1851970
RAMCOCEM,2026-09-28,867.55,869.75,845.7,848.65,76181
RAMCOCEM,2026-09-29,849.7,850.0,822.05,844.25,339013
RAMCOCEM,2026-09-30,849.9,869.0,842.05,845.55,205668
RAMCOCEM,2026-10-01,845.05,845.55,816.15,830.85,82325
RAMCOCEM,2026-10-05,832.0,845.65,823.45,837.1,93347
RAMCOIND,2026-09-28,316.1,319.0,306.45,310.9,80799
RAMCOIND,2026-09-29,310.9,313.7,305.0,310.1,85458
RAMCOIND,2026-09-30,310.05,323.7,305.15,307.6,172756
RAMCOIND,2026-10-01,307.4,307.45,292.85,302.3,143152
RAMCOIND,2026-10-05,302.5,308.9,296.6,298.5,64263
RAMCOSYS,2026-09-28,580.0,582.45,560.0,563.8,33612
RAMCOSYS,2026-09-29,563.5,563.95,550.0,553.7,40081
RAMCOSYS,2026-09-30,556.0,572.3,552.2,554.6,42408
RAMCOSYS,2026-10-01,554.5,558.0,526.9,546.25,79897
RAMCOSYS,2026-10-05,546.0,562.8,546.0,555.3,39282
RAMKY,2026-09-28,308.0,311.6,303.0,306.25,23372
RAMKY,2026-09-29,309.05,309.05,290.15,294.05,113032
RAMKY,2026-09-30,291.05,301.0,274.5,279.1,161267
RAMKY,2026-10-01,278.5,280.8,264.5,274.6,171591
RAMKY,2026-10-05,278.7,284.8,274.8,280.95,30641
RAMRAT,2026-09-29,568.2,590.0,564.6,583.8,258622
RAMRAT,2026-09-30,589.7,597.0,578.65,582.4,193834
RAMRAT,2026-10-01,582.4,620.0,574.8,616.55,1005993
RAMRAT,2026-10-02,616.55,616.55,616.55,616.55,0
RAMRAT,2026-10-05,626.0,662.85,626.0,635.2,1507421
RANASUG,2026-09-28,14.39,14.61,13.78,13.86,278831
RANASUG,2026-09-29,13.62,14.0,13.6,13.67,98422
RANASUG,2026-09-30,13.67,13.87,13.19,13.24,334802
RANASUG,2026-10-01,13.1,13.4,13.05,13.08,200795
RANASUG,2026-10-05,13.1,13.69,13.1,13.62,325565
RANEHOLDIN,2026-09-28,1580.6,1607.7,1534.5,1584.4,18617
RANEHOLDIN,2026-09-29,1565.6,1575.1,1531.0,1541.3,11509
RANEHOLDIN,2026-09-30,1544.0,1555.0,1526.7,1529.8,9347
RANEHOLDIN,2026-10-01,1530.1,1532.5,1481.3,1518.7,7421
RANEHOLDIN,2026-10-05,1512.3,1554.9,1512.3,1550.8,6828
RATEGAIN,2026-09-28,827.0,834.0,814.05,828.7,175709
RATEGAIN,2026-09-29,827.0,833.0,817.0,830.0,203669
RATEGAIN,2026-09-30,835.0,870.0,823.4,851.55,381974
RATEGAIN,2026-10-01,854.0,881.0,828.05,840.65,373023
RATEGAIN,2026-10-05,840.65,858.5,835.2,849.45,304666
RATNAMANI,2026-09-28,2756.1001,2784.0,2724.1001,2748.3999,20543
RATNAMANI,2026-09-29,2722.5,2918.3999,2722.5,2833.3,72241
RATNAMANI,2026-09-30,2822.5,2833.0,2715.1001,2725.5,42223
RATNAMANI,2026-10-01,2725.5,2725.5,2584.3999,2619.3999,45999
RATNAMANI,2026-10-05,2619.3999,2619.5,2550.0,2564.8999,36107
RATNAVEER,2026-09-28,335.7,340.45,329.0,330.95,5822738
RATNAVEER,2026-09-29,332.3,335.5,323.8,331.15,4872949
RATNAVEER,2026-09-30,332.65,344.4,328.2,330.75,6063423
RATNAVEER,2026-10-01,332.4,354.5,330.05,345.45,11559546
RATNAVEER,2026-10-05,347.6,357.7,337.2,339.35,3922010
RAYMOND,2026-09-29,1183.4,1203.85,1162.5,1185.75,1469467
RAYMOND,2026-09-30,1185.75,1241.0,1185.4,1213.05,1545036
RAYMOND,2026-10-01,1205.0,1209.9,1167.0,1197.2,1191490
RAYMOND,2026-10-02,1197.2,1197.2,1197.2,1197.2,0
RAYMOND,2026-10-05,1198.0,1316.9,1198.0,1300.7,2241963
RAYMONDLSL,2026-09-29,672.15,672.15,654.0,660.55,136756
RAYMONDLSL,2026-09-30,664.45,669.25,638.2,642.05,195234
RAYMONDLSL,2026-10-01,639.7,640.8,615.0,627.7,198109
RAYMONDLSL,2026-10-02,627.7,627.7,627.7,627.7,0
RAYMONDLSL,2026-10-05,631.0,640.0,621.85,628.85,185665
RAYMONDREL,2026-09-29,670.1,685.15,652.0,672.55,1056909
RAYMONDREL,2026-09-30,676.0,684.9,666.6,669.95,620734
RAYMONDREL,2026-10-01,664.0,667.95,633.6,648.45,853435
RAYMONDREL,2026-10-02,648.45,648.45,648.45,648.45,0
RAYMONDREL,2026-10-05,655.35,696.7,655.35,691.85,2022158
RBA,2026-09-29,92.0,92.35,90.32,91.98,1645563
RBA,2026-09-30,92.25,92.45,90.0,91.58,1853911
RBA,2026-10-01,91.49,93.75,89.5,92.22,3782272
RBA,2026-10-02,92.22,92.22,92.22,92.22,0
RBA,2026-10-05,92.0,95.98,91.45,93.99,4841004
RBLBANK,2026-09-29,406.0,407.8,401.45,402.0,4214429
RBLBANK,2026-09-30,405.0,412.35,403.35,403.35,3855694
RBLBANK,2026-10-01,405.05,417.8,405.05,411.4,5387538
RBLBANK,2026-10-02,411.4,411.4,411.4,411.4,0
RBLBANK,2026-10-05,418.05,419.9,410.2,416.55,4238401
RBMINFRA,2026-09-25,267.9,277.0,258.0,262.85,14600
RBMINFRA,2026-09-28,262.85,282.0,252.0,258.6,36600
RBMINFRA,2026-09-29,256.05,264.0,230.0,241.4,26600
RBMINFRA,2026-09-30,236.5,246.8,235.0,240.9,28600
RBMINFRA,2026-10-01,247.8,247.8,235.0,242.0,14200
RBS,2026-09-25,82.0,84.5,80.0,83.6,9600
RBS,2026-09-28,82.0,82.0,77.0,82.0,6400
RBS,2026-09-29,82.0,84.9,82.0,84.9,4000
RBS,2026-09-30,83.0,83.9,80.0,82.5,21600
RBS,2026-10-01,81.0,81.0,81.0,81.0,800
RBZJEWEL,2026-09-28,189.91,189.91,187.51,189.91,80764
RBZJEWEL,2026-09-29,199.4,199.4,184.3,197.78,339612
RBZJEWEL,2026-09-30,197.0,207.66,197.0,207.23,238976
RBZJEWEL,2026-10-01,202.8,202.8,196.87,196.87,123782
RBZJEWEL,2026-10-05,187.03,200.3,187.03,187.03,96544
RCDL,2026-09-25,17.05,17.05,17.05,17.05,18000
RCDL,2026-09-28,17.9,17.9,17.9,17.9,33000
RCDL,2026-09-29,18.4,18.75,18.0,18.75,417000
RCDL,2026-09-30,18.55,18.55,17.85,17.85,69000
RCDL,2026-10-01,17.0,17.0,17.0,17.0,9000
RCF,2026-09-29,109.55,109.67,107.15,108.11,1140274
RCF,2026-09-30,108.2,111.9,108.2,109.97,2028734
RCF,2026-10-01,109.5,109.5,106.25,106.8,978326
RCF,2026-10-02,106.8,106.8,106.8,106.8,0
RCF,2026-10-05,106.99,108.47,106.3,106.69,704178
RCOM,2026-09-28,0.94,0.94,0.89,0.89,3367794
RCOM,2026-09-29,0.87,0.9,0.85,0.86,3809581
RCOM,2026-09-30,0.85,0.86,0.83,0.84,3639203
RCOM,2026-10-01,0.84,0.88,0.83,0.86,2611580
RCOM,2026-10-05,0.86,0.87,0.85,0.85,2585769
RECLTD,2026-09-29,302.2,303.15,292.2,292.45,39781303
RECLTD,2026-09-30,294.0,301.75,293.0,299.0,6842344
RECLTD,2026-10-01,298.05,298.2,286.2,287.75,9069239
RECLTD,2026-10-02,287.75,287.75,287.75,287.75,0
RECLTD,2026-10-05,288.0,296.8,287.3,295.65,8639552
REDINGTON,2026-09-29,404.75,411.1,401.05,405.45,2957867
REDINGTON,2026-09-30,405.45,413.5,404.4,407.0,4204334
REDINGTON,2026-10-01,407.0,409.45,392.5,397.95,2795102
REDINGTON,2026-10-02,397.95,397.95,397.95,397.95,0
REDINGTON,2026-10-05,400.45,416.9,400.45,412.75,10144724
REDTAPE,2026-09-29,119.91,119.91,115.33,117.48,1234073
REDTAPE,2026-09-30,118.0,119.2,116.5,117.6,211189
REDTAPE,2026-10-01,117.6,117.6,114.1,115.29,257321
REDTAPE,2026-10-02,115.29,115.29,115.29,115.29,0
REDTAPE,2026-10-05,115.2,115.9,113.34,113.85,239207
REFEX,2026-09-29,274.45,276.6,270.6,272.05,158081
REFEX,2026-09-30,272.05,279.75,264.0,265.25,312704
REFEX,2026-10-01,262.55,273.0,262.55,271.3,342794
REFEX,2026-10-02,271.3,271.3,271.3,271.3,0
REFEX,2026-10-05,272.2,275.95,267.05,271.3,451891
REFRACTORY,2026-09-25,40.25,40.25,36.45,37.9,40000
REFRACTORY,2026-09-28,39.75,39.75,37.0,38.9,24000
REFRACTORY,2026-09-29,38.5,40.8,37.0,40.8,39000
REFRACTORY,2026-09-30,40.25,42.45,38.85,40.65,7000
REFRACTORY,2026-10-01,40.05,40.05,38.65,38.65,12000
REGAAL,2026-09-28,89.98,90.74,86.6,88.56,330994
REGAAL,2026-09-29,89.79,90.99,87.5,88.64,233388
REGAAL,2026-09-30,89.47,91.19,87.6,88.08,119212
REGAAL,2026-10-01,87.12,88.19,83.98,85.99,276524
REGAAL,2026-10-05,85.75,87.44,85.05,85.78,116458
REGENCERAM,2026-09-28,33.39,33.73,31.0,32.64,899
REGENCERAM,2026-09-29,36.92,39.16,31.2,32.51,246224
REGENCERAM,2026-09-30,33.4,34.1,31.11,32.38,32772
REGENCERAM,2026-10-01,32.11,33.9,31.2,31.98,6327
REGENCERAM,2026-10-05,32.0,33.0,31.2,32.53,9583
RELAXO,2026-09-28,299.0,299.0,290.0,290.75,113003
RELAXO,2026-09-29,291.1,296.3,286.55,291.5,115867
RELAXO,2026-09-30,291.55,297.45,290.8,291.2,115881
RELAXO,2026-10-01,293.15,293.15,280.5,285.35,135396
RELAXO,2026-10-05,285.2,288.45,280.8,281.95,79688
RELCHEMQ,2026-09-28,115.75,120.0,114.02,115.51,2471
RELCHEMQ,2026-09-29,114.55,118.99,112.0,113.09,3263
RELCHEMQ,2026-09-30,115.0,116.85,113.18,116.23,1280
RELCHEMQ,2026-10-01,117.5,117.5,113.0,114.36,1621
RELCHEMQ,2026-10-05,113.27,116.5,111.57,113.27,1711
RELIABLE,2026-09-28,148.5,149.74,142.15,144.24,135820
RELIABLE,2026-09-29,146.69,147.0,142.0,145.17,59849
RELIABLE,2026-09-30,148.07,148.07,141.77,144.28,60326
RELIABLE,2026-10-01,146.0,146.0,139.23,140.73,13042
RELIABLE,2026-10-05,141.96,144.89,140.75,142.39,13416
RELIANCE,2026-09-29,1193.8,1198.3,1181.8,1182.0,24191416
RELIANCE,2026-09-30,1182.0,1196.5,1181.7,1187.0,16376789
RELIANCE,2026-10-01,1180.1,1183.9,1160.8,1167.7,16771221
RELIANCE,2026-10-02,1167.7,1167.7,1167.7,1167.7,0
RELIANCE,2026-10-05,1171.2,1193.0,1171.2,1186.4,14254907
RELIGARE,2026-09-28,242.0,242.0,233.05,234.32,222631
RELIGARE,2026-09-29,234.0,236.24,228.94,232.05,1613223
RELIGARE,2026-09-30,232.6,235.0,228.0,228.91,1077320
RELIGARE,2026-10-01,229.05,230.39,223.1,224.59,840922
RELIGARE,2026-10-05,224.85,227.29,222.36,223.44,435896
RELINFRA,2026-09-28,44.3,44.3,44.3,44.3,34209
RELINFRA,2026-09-29,43.43,43.43,43.42,43.42,40398
RELINFRA,2026-09-30,42.56,44.28,42.56,44.27,736701
RELINFRA,2026-10-01,46.48,46.48,46.48,46.48,674431
RELINFRA,2026-10-05,48.8,48.8,48.8,48.8,114094
RELTD,2026-09-28,149.99,150.51,145.65,148.07,84194
RELTD,2026-09-29,147.51,151.0,145.02,149.12,114620
RELTD,2026-09-30,149.12,151.5,146.51,149.67,173979
RELTD,2026-10-01,149.01,149.99,141.0,146.98,127548
RELTD,2026-10-05,147.01,148.39,138.5,144.18,285987
REMSONSIND,2026-09-28,122.29,130.0,116.0,120.39,1550404
REMSONSIND,2026-09-29,119.95,119.95,110.1,111.56,807024
REMSONSIND,2026-09-30,113.43,124.8,112.97,113.93,869570
REMSONSIND,2026-10-01,116.99,119.58,110.1,112.55,356718
REMSONSIND,2026-10-05,114.8,116.55,108.37,109.71,252132
REMUS,2026-09-25,943.0,958.45,927.0,946.0,2700
REMUS,2026-09-28,946.0,946.0,899.55,919.5,4200
REMUS,2026-09-29,900.0,939.0,882.0,925.05,4200
REMUS,2026-09-30,940.3,945.0,900.0,903.2,5400
REMUS,2026-10-01,913.85,914.0,858.0,861.85,6100
RENTOMOJO,2026-09-29,489.0,507.9,485.55,502.15,2191503
RENTOMOJO,2026-09-30,505.1,532.4,505.1,510.35,2511330
RENTOMOJO,2026-10-01,505.0,531.25,500.0,524.6,2741569
RENTOMOJO,2026-10-02,524.6,524.6,524.6,524.6,0
RENTOMOJO,2026-10-05,529.7,538.6,508.1,510.95,1564388
RENUKA,2026-09-28,23.5,23.84,22.78,22.91,14572179
RENUKA,2026-09-29,22.73,22.88,22.36,22.54,7648950
RENUKA,2026-09-30,22.6,23.02,21.73,21.89,8847058
RENUKA,2026-10-01,21.87,22.05,20.95,21.34,18593657
RENUKA,2026-10-05,21.61,22.36,21.61,21.76,9958053
REPCOHOME,2026-09-28,345.0,348.8,340.0,346.75,82568
REPCOHOME,2026-09-29,344.0,345.0,339.05,343.65,53494
REPCOHOME,2026-09-30,345.0,346.25,340.0,341.7,51214
REPCOHOME,2026-10-01,341.05,342.0,332.4,337.75,69261
REPCOHOME,2026-10-05,337.05,342.45,327.05,329.25,77171
REPL,2026-09-28,60.9,61.8,60.6,61.2,895
REPL,2026-09-29,61.0,61.19,60.0,61.14,715
REPL,2026-09-30,64.13,64.13,59.0,59.35,5329
REPL,2026-10-01,59.0,59.85,57.99,57.99,1515
REPL,2026-10-05,58.06,59.99,55.0,56.24,3152
REPRO,2026-09-28,301.0,345.9,301.0,333.8,416771
REPRO,2026-09-29,333.0,333.0,310.1,317.05,46679
REPRO,2026-09-30,320.0,327.95,311.0,318.6,25861
REPRO,2026-10-01,315.0,322.7,296.2,303.9,24042
REPRO,2026-10-05,302.05,309.9,291.1,294.25,14473
RESPONIND,2026-09-28,161.24,165.0,157.51,161.6,712573
RESPONIND,2026-09-29,162.4,172.69,160.22,168.09,1341506
RESPONIND,2026-09-30,168.02,176.59,163.35,165.38,390374
RESPONIND,2026-10-01,164.5,166.39,157.55,162.59,272136
RESPONIND,2026-10-05,160.04,163.21,157.45,158.17,150776
RETAIL,2026-09-28,23.0,24.07,22.13,24.07,125527
RETAIL,2026-09-29,28.88,28.88,28.8,28.88,117010
RETAIL,2026-09-30,31.76,31.76,31.76,31.76,45112
RETAIL,2026-10-01,34.93,34.93,34.93,34.93,35473
RETAIL,2026-10-05,36.39,36.39,33.19,33.19,27744
RGL,2026-09-29,163.69,166.0,160.56,164.27,348391
RGL,2026-09-30,165.9,167.6,163.28,165.02,340639
RGL,2026-10-01,165.02,166.87,160.0,162.5,658380
RGL,2026-10-02,162.5,162.5,162.5,162.5,0
RGL,2026-10-05,161.7,165.21,160.0,161.52,294768
RHETAN,2026-09-29,16.69,16.7,16.69,16.69,11749535
RHETAN,2026-09-30,17.52,17.52,17.51,17.51,9861676
RHETAN,2026-10-01,16.64,16.64,16.64,16.64,234814
RHETAN,2026-10-02,16.64,16.64,16.64,16.64,0
RHETAN,2026-10-05,15.81,15.81,15.81,15.81,135708
RHFL,2026-09-28,1.68,1.68,1.58,1.6,1230814
RHFL,2026-09-29,1.6,1.64,1.53,1.59,674508
RHFL,2026-09-30,1.59,1.6,1.56,1.58,367909
RHFL,2026-10-01,1.6,1.63,1.56,1.59,417024
RHFL,2026-10-05,1.62,1.63,1.54,1.56,597958
RHIM,2026-09-28,387.5,391.65,380.1,386.6,431637
RHIM,2026-09-29,386.6,399.6,379.35,393.2,714917
RHIM,2026-09-30,393.9,398.9,383.75,384.85,469409
RHIM,2026-10-01,386.0,390.4,377.7,384.85,421822
RHIM,2026-10-05,384.85,387.45,371.65,372.75,289249
RHL,2026-09-28,170.56,173.0,162.95,163.9,29821
RHL,2026-09-29,164.9,165.0,162.99,164.99,1539
RHL,2026-09-30,165.5,169.9,164.99,165.18,501
RHL,2026-10-01,165.0,165.99,160.3,162.92,2514
RHL,2026-10-05,165.0,169.0,161.0,164.8,1002
RICOAUTO,2026-09-28,132.0,132.23,127.1,127.36,579322
RICOAUTO,2026-09-29,127.0,127.01,123.51,126.22,583280
RICOAUTO,2026-09-30,126.5,129.18,125.65,126.92,579784
RICOAUTO,2026-10-01,126.5,126.5,119.34,121.63,864413
RICOAUTO,2026-10-05,121.63,124.0,119.41,120.52,847041
RIIL,2026-09-28,704.0,704.0,680.0,685.6,50453
RIIL,2026-09-29,684.05,684.05,670.0,677.05,38584
RIIL,2026-09-30,676.0,687.45,673.0,677.35,39546
RIIL,2026-10-01,677.05,677.05,657.55,666.85,37803
RIIL,2026-10-05,671.5,681.75,657.0,664.1,36561
RILINFRA,2026-09-25,33.0,33.5,32.25,32.8,11600
RILINFRA,2026-09-28,32.8,36.9,32.5,34.1,11500
RILINFRA,2026-09-29,33.8,33.8,32.85,33.1,6300
RILINFRA,2026-09-30,33.45,33.65,31.7,32.45,8600
RILINFRA,2026-10-01,33.0,33.25,31.15,31.8,16100
RIR,2026-09-29,186.21,191.0,182.75,188.08,588043
RIR,2026-09-30,190.0,197.9,183.11,184.1,2667403
RIR,2026-10-01,184.9,186.0,172.89,176.97,747746
RIR,2026-10-02,176.97,176.97,176.97,176.97,0
RIR,2026-10-05,178.87,179.56,172.93,174.61,406622
RISHABH,2026-09-29,717.5,728.85,699.65,723.85,83308
RISHABH,2026-09-30,723.9,729.7,695.0,703.0,122457
RISHABH,2026-10-01,700.0,719.0,668.55,698.8,192446
RISHABH,2026-10-02,698.8,698.8,698.8,698.8,0
RISHABH,2026-10-05,709.3,714.0,680.0,686.2,99703
RITCO,2026-09-28,286.0,286.0,274.1,277.2,62156
RITCO,2026-09-29,278.15,287.5,271.75,280.85,73429
RITCO,2026-09-30,282.95,284.95,274.05,280.25,51847
RITCO,2026-10-01,277.0,280.15,267.1,276.7,77829
RITCO,2026-10-05,281.85,288.6,277.25,284.35,107523
RITES,2026-09-29,196.11,196.11,191.25,192.31,387673
RITES,2026-09-30,192.6,218.9,192.6,209.05,50416237
RITES,2026-10-01,211.03,216.99,203.33,209.48,21390228
RITES,2026-10-02,209.48,209.48,209.48,209.48,0
RITES,2026-10-05,211.56,212.0,203.59,205.74,1278686
RITEZONE,2026-09-25,17.75,17.75,17.6,17.6,8000
RITEZONE,2026-09-28,17.6,17.6,17.6,17.6,0
RITEZONE,2026-09-29,17.1,17.1,16.75,16.75,14400
RITEZONE,2026-09-30,17.55,17.55,17.55,17.55,6400
RITEZONE,2026-10-01,18.25,18.25,17.0,17.0,3200
RKDL,2026-09-28,18.6,18.6,18.01,18.02,6443
RKDL,2026-09-29,18.03,18.5,17.8,18.36,7635
RKDL,2026-09-30,18.47,18.47,17.6,18.17,2815
RKDL,2026-10-01,17.9,18.47,17.0,17.24,35422
RKDL,2026-10-05,17.15,17.98,16.85,17.05,18146
RKEC,2026-09-28,23.8,25.7,22.1,22.78,140522
RKEC,2026-09-29,22.5,25.9,21.39,23.61,139704
RKEC,2026-09-30,23.97,26.94,21.62,23.09,229395
RKEC,2026-10-01,23.09,23.09,21.94,21.94,28175
RKEC,2026-10-05,21.93,21.94,20.85,20.85,31418
RKFORGE,2026-09-28,701.2,715.45,690.15,703.1,773078
RKFORGE,2026-09-29,703.0,723.45,700.0,714.65,843189
RKFORGE,2026-09-30,719.9,724.0,699.1,702.3,529472
RKFORGE,2026-10-01,699.75,709.3,677.1,695.45,862927
RKFORGE,2026-10-05,695.45,704.05,692.0,700.45,291847
RKSWAMY,2026-09-28,89.0,91.83,88.0,88.5,28611
RKSWAMY,2026-09-29,89.93,93.41,87.01,89.48,25503
RKSWAMY,2026-09-30,92.87,92.87,87.51,90.09,20350
RKSWAMY,2026-10-01,90.09,90.09,86.02,86.46,28240
RKSWAMY,2026-10-05,89.5,89.5,85.23,86.07,15497
RMC,2026-09-28,219.79,219.79,208.0,208.96,25844
RMC,2026-09-29,209.59,214.15,206.02,210.37,16004
RMC,2026-09-30,213.77,223.19,207.96,209.58,40748
RMC,2026-10-01,212.8,212.8,198.0,202.57,50103
RMC,2026-10-05,203.9,209.98,190.0,194.15,83250
RMDRIP,2026-09-28,23.5,23.99,22.65,23.29,477950
RMDRIP,2026-09-29,23.5,23.69,23.5,23.52,239321
RMDRIP,2026-09-30,23.5,23.79,23.5,23.51,283668
RMDRIP,2026-10-01,23.51,24.51,22.78,23.49,653279
RMDRIP,2026-10-05,23.69,23.69,22.57,23.36,295204
RML,2026-09-28,1328.9,1359.9,1302.6,1325.9,46931
RML,2026-09-29,1334.8,1407.1,1298.5,1380.9,66084
RML,2026-09-30,1397.4,1405.0,1348.5,1351.9,51913
RML,2026-10-01,1374.0,1396.1,1304.2,1343.2,58263
RML,2026-10-05,1356.0,1384.9,1348.9,1372.2,36712
RNBDENIMS,2026-09-28,9.04,9.28,8.86,9.14,142113
RNBDENIMS,2026-09-29,9.14,9.19,8.95,9.04,57626
RNBDENIMS,2026-09-30,9.04,9.2,9.0,9.11,82555
RNBDENIMS,2026-10-01,9.18,9.18,8.97,9.03,102533
RNBDENIMS,2026-10-05,9.03,9.29,8.72,8.97,144309
ROCKINGDCE,2026-09-25,218.55,222.5,217.0,222.5,1750
ROCKINGDCE,2026-09-28,214.1,214.1,210.0,212.65,3000
ROCKINGDCE,2026-09-29,221.45,221.45,215.9,215.9,2000
ROCKINGDCE,2026-09-30,216.0,225.0,216.0,221.95,750
ROCKINGDCE,2026-10-01,211.95,219.95,211.95,219.2,750
ROHLTD,2026-09-28,306.0,306.0,294.45,299.05,24609
ROHLTD,2026-09-29,298.1,310.2,296.1,306.35,14020
ROHLTD,2026-09-30,306.35,306.35,297.0,299.85,7843
ROHLTD,2026-10-01,305.6,305.6,297.5,298.65,7190
ROHLTD,2026-10-05,305.0,305.0,294.0,295.1,19878
ROLEXRINGS,2026-09-28,197.87,198.45,190.51,193.45,3173757
ROLEXRINGS,2026-09-29,194.0,196.81,189.15,190.58,2165701
ROLEXRINGS,2026-09-30,192.11,193.99,188.25,190.09,1052365
ROLEXRINGS,2026-10-01,191.0,197.25,186.9,196.36,5245978
ROLEXRINGS,2026-10-05,199.0,199.0,189.1,189.77,2142083
ROLLT,2026-09-28,5.51,5.52,5.51,5.51,535604
ROLLT,2026-09-29,5.24,5.24,5.24,5.24,172065
ROLLT,2026-09-30,4.98,4.98,4.98,4.98,407225
ROLLT,2026-10-01,4.74,4.74,4.74,4.74,286900
ROLLT,2026-10-05,4.66,4.97,4.65,4.97,716180
ROML,2026-09-28,42.79,43.39,42.0,42.91,2889
ROML,2026-09-29,42.82,43.75,41.5,41.91,1934
ROML,2026-09-30,41.56,43.53,41.56,43.38,1171
ROML,2026-10-01,42.6,43.48,41.41,43.34,1318
ROML,2026-10-05,44.4,44.4,42.14,43.0,5073
ROSSARI,2026-09-29,437.0,438.1,426.0,427.7,74365
ROSSARI,2026-09-30,430.0,434.6,416.0,417.95,70439
ROSSARI,2026-10-01,419.35,434.9,413.1,427.55,65352
ROSSARI,2026-10-02,427.55,427.55,427.55,427.55,0
ROSSARI,2026-10-05,430.0,435.9,417.8,430.9,57876
ROSSELLIND,2026-09-28,52.24,52.24,51.0,51.18,13497
ROSSELLIND,2026-09-29,50.1,51.98,50.1,51.03,19856
ROSSELLIND,2026-09-30,51.44,51.89,50.31,50.87,17079
ROSSELLIND,2026-10-01,51.98,51.98,49.96,50.22,15225
ROSSELLIND,2026-10-05,49.97,51.4,48.98,50.1,30670
ROSSTECH,2026-09-28,1405.0,1410.8,1342.2,1398.8,151249
ROSSTECH,2026-09-29,1409.9,1490.0,1375.8,1481.7,315207
ROSSTECH,2026-09-30,1480.0,1525.0,1455.2,1503.2,253108
ROSSTECH,2026-10-01,1487.1,1536.8,1467.2,1522.3,247467
ROSSTECH,2026-10-05,1525.0,1624.9,1508.7,1607.2,314581
ROTO,2026-09-29,62.9,64.01,62.18,63.26,332694
ROTO,2026-09-30,63.73,65.55,63.57,64.58,473626
ROTO,2026-10-01,64.0,64.57,60.77,62.66,377971
ROTO,2026-10-02,62.66,62.66,62.66,62.66,0
ROTO,2026-10-05,62.89,63.94,61.81,62.26,252108
ROUTE,2026-09-28,463.0,464.4,452.0,453.45,137363
ROUTE,2026-09-29,452.5,454.05,444.1,447.2,97047
ROUTE,2026-09-30,446.0,456.55,444.05,445.0,67891
ROUTE,2026-10-01,445.0,446.2,431.7,436.4,177583
ROUTE,2026-10-05,438.35,446.65,429.5,431.1,160190
ROXHITECH,2026-09-25,47.0,47.0,46.1,46.1,8000
ROXHITECH,2026-09-28,47.0,47.8,46.3,47.8,20800
ROXHITECH,2026-09-29,45.6,47.6,45.6,46.55,14400
ROXHITECH,2026-09-30,46.55,53.9,46.55,51.1,81600
ROXHITECH,2026-10-01,53.0,53.9,49.85,52.05,107200
RPEL,2026-09-28,1689.0,1729.5,1659.3,1703.9,54965
RPEL,2026-09-29,1700.0,1722.1,1665.0,1718.1,42157
RPEL,2026-09-30,1737.8,1824.0,1731.0,1809.0,153483
RPEL,2026-10-01,1845.0,1888.0,1750.0,1818.9,180052
RPEL,2026-10-05,1848.5,1880.0,1773.1,1825.3,83683
RPGLIFE,2026-09-28,3055.0,3087.8999,2930.7,2955.1001,46167
RPGLIFE,2026-09-29,2935.0,3125.0,2926.3,3089.2,96080
RPGLIFE,2026-09-30,3103.6001,3112.8,2986.0,3037.1001,46586
RPGLIFE,2026-10-01,3036.5,3037.1001,2874.8999,2930.7,36208
RPGLIFE,2026-10-05,2983.5,2983.5,2832.6001,2896.3999,23011
RPOWER,2026-09-29,19.9,20.15,19.45,19.77,32861231
RPOWER,2026-09-30,19.77,20.39,19.63,19.69,19097261
RPOWER,2026-10-01,19.65,19.99,19.09,19.41,28326462
RPOWER,2026-10-02,19.41,19.41,19.41,19.41,0
RPOWER,2026-10-05,19.44,20.55,19.44,20.09,44727097
RPPINFRA,2026-09-28,53.01,53.63,51.15,51.52,39950
RPPINFRA,2026-09-29,50.55,52.34,50.25,50.8,33805
RPPINFRA,2026-09-30,50.2,52.28,50.2,51.49,40361
RPPINFRA,2026-10-01,50.66,53.28,50.55,52.6,61267
RPPINFRA,2026-10-05,53.25,53.25,50.41,50.82,37515
RPPL,2026-09-28,19.3,19.85,18.71,18.83,24802
RPPL,2026-09-29,18.85,19.74,18.85,19.49,58159
RPPL,2026-09-30,19.6,19.88,18.9,18.97,58148
RPPL,2026-10-01,19.2,19.91,18.03,19.6,132848
RPPL,2026-10-05,18.95,18.99,18.62,18.72,29382
RPSGVENT,2026-09-28,848.0,858.95,833.0,842.05,50604
RPSGVENT,2026-09-29,848.0,848.0,828.0,833.85,25190
RPSGVENT,2026-09-30,837.05,873.9,835.0,850.5,40383
RPSGVENT,2026-10-01,846.25,846.25,816.05,829.85,19862
RPSGVENT,2026-10-05,848.0,849.0,820.95,833.9,23182
RPTECH,2026-09-28,893.0,893.0,866.2,883.95,253607
RPTECH,2026-09-29,883.95,935.0,871.55,925.35,557981
RPTECH,2026-09-30,930.15,1004.7,930.15,953.5,1657051
RPTECH,2026-10-01,956.0,976.65,926.15,953.15,377963
RPTECH,2026-10-05,963.5,978.0,935.1,943.45,268548
RRECL,2026-09-28,111.2,132.0,111.2,119.32,3262
RRECL,2026-09-29,122.3,131.0,118.0,129.19,1323
RRECL,2026-09-30,139.99,139.99,134.95,134.95,431
RRECL,2026-10-01,135.0,135.0,122.11,131.46,341
RRECL,2026-10-05,130.0,135.0,130.0,134.62,252
RRIL,2026-09-28,15.93,15.93,15.3,15.66,17719
RRIL,2026-09-29,15.36,15.66,15.3,15.48,27693
RRIL,2026-09-30,15.3,15.71,15.17,15.36,25713
RRIL,2026-10-01,15.42,15.86,15.09,15.11,11914
RRIL,2026-10-05,15.47,15.49,15.15,15.21,8335
RRKABEL,2026-09-28,2530.3999,2536.5,2445.2,2459.8,140717
RRKABEL,2026-09-29,2459.8,2546.5,2440.3,2523.2,240700
RRKABEL,2026-09-30,2530.0,2537.0,2477.0,2518.6001,254650
RRKABEL,2026-10-01,2524.0,2571.5,2465.0,2518.2,377828
RRKABEL,2026-10-05,2541.5,2654.8999,2533.1001,2648.0,635473
RSDFIN,2026-09-28,99.17,99.17,91.0,91.0,1647
RSDFIN,2026-09-29,91.0,91.0,87.0,87.0,42
RSDFIN,2026-09-30,87.0,87.0,87.0,87.0,0
RSDFIN,2026-10-01,83.01,91.35,83.01,91.35,306
RSDFIN,2026-10-05,93.18,95.89,92.0,94.0,72
RSL,2026-09-28,182.41,182.41,165.92,167.41,799193
RSL,2026-09-29,168.54,168.9,164.0,165.45,635959
RSL,2026-09-30,166.88,171.0,166.31,168.36,279565
RSL,2026-10-01,170.0,178.0,167.0,174.43,591855
RSL,2026-10-05,175.51,183.87,174.75,175.57,256813
RSSOFTWARE,2026-09-28,32.0,32.0,29.9,30.85,7956
RSSOFTWARE,2026-09-29,31.0,31.0,29.53,29.97,4580
RSSOFTWARE,2026-09-30,31.0,31.0,29.7,29.73,9352
RSSOFTWARE,2026-10-01,30.5,30.5,29.75,30.04,15166
RSSOFTWARE,2026-10-05,30.9,30.9,29.7,29.79,11665
RSWM,2026-09-28,216.15,217.94,208.5,211.35,45351
RSWM,2026-09-29,209.29,215.29,206.58,212.37,57039
RSWM,2026-09-30,210.25,215.5,207.0,208.6,45977
RSWM,2026-10-01,206.5,211.68,199.04,202.21,47256
RSWM,2026-10-05,204.35,209.99,201.44,203.03,30003
RSYSTEMS,2026-09-29,290.0,305.98,285.2,298.69,67292815
RSYSTEMS,2026-09-30,300.0,303.7,269.51,279.9,12512625
RSYSTEMS,2026-10-01,271.0,273.45,255.45,263.6,5804697
RSYSTEMS,2026-10-02,263.6,263.6,263.6,263.6,0
RSYSTEMS,2026-10-05,264.0,264.5,248.0,249.9,2005620
RTNINDIA,2026-09-28,26.91,26.95,26.1,26.2,934636
RTNINDIA,2026-09-29,26.29,26.35,25.25,25.66,3231261
RTNINDIA,2026-09-30,26.0,27.58,25.45,26.06,5394562
RTNINDIA,2026-10-01,26.0,26.0,25.0,25.32,1283688
RTNINDIA,2026-10-05,25.55,25.8,25.1,25.46,839752
RTNPOWER,2026-09-29,6.86,6.91,6.71,6.87,16028573
RTNPOWER,2026-09-30,6.8,6.98,6.8,6.89,10508623
RTNPOWER,2026-10-01,6.82,6.83,6.66,6.74,13429275
RTNPOWER,2026-10-02,6.74,6.74,6.74,6.74,0
RTNPOWER,2026-10-05,6.74,6.83,6.69,6.73,10445792
RTSPOWR,2026-09-28,116.3,125.5,116.3,125.5,114320
RTSPOWR,2026-09-29,136.77,138.05,116.05,118.18,274598
RTSPOWR,2026-09-30,118.18,121.8,107.2,109.87,31060
RTSPOWR,2026-10-01,109.0,115.75,109.0,114.1,26525
RTSPOWR,2026-10-05,109.0,109.0,108.4,108.4,2430
RUBFILA,2026-09-28,63.79,64.8,62.1,62.37,37446
RUBFILA,2026-09-29,62.37,64.5,61.61,63.85,41304
RUBFILA,2026-09-30,64.3,64.64,62.8,63.05,32520
RUBFILA,2026-10-01,63.95,64.0,62.5,63.25,44696
RUBFILA,2026-10-05,63.63,64.99,62.64,63.18,50488
RUBICON,2026-09-28,1676.3,1685.9,1575.1,1592.8,215205
RUBICON,2026-09-29,1593.6,1646.4,1583.2,1609.0,701771
RUBICON,2026-09-30,1601.2,1635.0,1577.7,1619.4,228306
RUBICON,2026-10-01,1635.7,1670.0,1605.2,1630.9,153955
RUBICON,2026-10-05,1646.0,1646.0,1560.3,1608.5,159913
RUBYMILLS,2026-09-28,492.1,522.0,486.8,510.6,95953
RUBYMILLS,2026-09-29,510.6,510.65,485.0,491.8,22908
RUBYMILLS,2026-09-30,495.9,509.7,495.9,499.75,15683
RUBYMILLS,2026-10-01,501.2,515.95,486.35,499.65,24508
RUBYMILLS,2026-10-05,507.9,507.9,486.75,494.2,8646
RUCHINFRA,2026-09-28,5.09,5.3,5.02,5.09,62490
RUCHINFRA,2026-09-29,5.19,5.19,5.03,5.05,47504
RUCHINFRA,2026-09-30,4.81,5.68,4.81,4.91,142608
RUCHINFRA,2026-10-01,4.71,4.94,4.71,4.84,115415
RUCHINFRA,2026-10-05,4.96,4.97,4.85,4.85,32153
RUCHIRA,2026-09-28,104.96,108.5,102.45,106.92,37463
RUCHIRA,2026-09-29,107.8,107.8,104.0,104.29,20128
RUCHIRA,2026-09-30,104.27,106.9,102.01,103.25,15631
RUCHIRA,2026-10-01,102.22,103.53,100.0,101.31,19579
RUCHIRA,2026-10-05,101.77,105.0,101.41,103.39,11460
RUDRA,2026-09-28,19.45,19.79,18.52,18.55,39079
RUDRA,2026-09-29,18.55,18.6,18.01,18.03,30405
RUDRA,2026-09-30,18.39,19.15,18.0,18.77,20494
RUDRA,2026-10-01,19.0,19.0,18.0,18.23,38615
RUDRA,2026-10-05,18.53,18.92,18.0,18.0,12942
RULKA,2026-09-25,105.9,106.1,102.0,102.6,3900
RULKA,2026-09-28,104.7,108.7,104.35,107.3,27600
RULKA,2026-09-29,105.0,110.5,105.0,107.4,6900
RULKA,2026-09-30,107.45,111.85,107.45,110.3,4200
RULKA,2026-10-01,112.25,112.25,107.3,107.3,2400
RUNWALENTR,2026-10-05,305.0,307.75,281.2,301.45,13471588
RUPA,2026-09-28,135.6,135.6,132.0,132.75,109412
RUPA,2026-09-29,132.98,133.57,130.0,132.39,100141
RUPA,2026-09-30,132.1,133.88,130.0,130.52,90771
RUPA,2026-10-01,130.52,134.99,129.0,130.58,187383
RUPA,2026-10-05,130.11,132.58,126.67,128.4,182253
RUSHIL,2026-09-28,16.0,16.48,15.9,15.96,182263
RUSHIL,2026-09-29,15.84,16.45,15.84,16.13,250310
RUSHIL,2026-09-30,16.0,16.29,16.0,16.14,107116
RUSHIL,2026-10-01,15.95,16.29,15.6,15.9,172107
RUSHIL,2026-10-05,15.68,16.1,15.37,15.46,122478
RUSTOMJEE,2026-09-28,364.0,364.45,351.0,359.9,43367
RUSTOMJEE,2026-09-29,357.1,367.2,355.1,362.95,94347
RUSTOMJEE,2026-09-30,362.95,366.35,359.55,361.2,15536
RUSTOMJEE,2026-10-01,361.6,363.7,357.5,361.25,71241
RUSTOMJEE,2026-10-05,361.25,372.3,355.55,368.5,73016
RVHL,2026-09-28,39.32,39.32,37.22,38.66,3014
RVHL,2026-09-29,38.2,39.48,37.7,38.28,12470
RVHL,2026-09-30,37.8,39.0,37.8,38.2,5964
RVHL,2026-10-01,39.0,39.0,37.14,37.23,9907
RVHL,2026-10-05,36.81,37.99,36.81,37.46,2957
RVNL,2026-09-29,202.0,202.0,195.32,197.9,7345733
RVNL,2026-09-30,198.7,209.65,198.25,201.76,17689293
RVNL,2026-10-01,201.5,202.45,194.05,197.0,6247340
RVNL,2026-10-02,197.0,197.0,197.0,197.0,0
RVNL,2026-10-05,198.0,199.9,195.34,196.95,2937181
RVTH,2026-09-28,671.0,671.0,625.0,633.25,1741
RVTH,2026-09-29,635.0,680.0,633.25,664.9,592
RVTH,2026-09-30,664.0,700.0,641.9,669.8,900
RVTH,2026-10-01,698.9,803.75,680.0,776.7,43662
RVTH,2026-10-05,797.9,803.0,721.1,726.45,4345
S&SPOWER,2026-09-28,308.0,316.0,300.6,311.1,4286
S&SPOWER,2026-09-29,298.2,311.0,298.05,301.25,5052
S&SPOWER,2026-09-30,301.0,309.4,295.0,298.15,12222
S&SPOWER,2026-10-01,295.0,304.4,291.5,294.1,2068
S&SPOWER,2026-10-05,294.1,298.7,280.0,294.55,5690
SAAKSHI,2026-09-25,365.7,365.7,365.7,365.7,6600
SAAKSHI,2026-09-28,360.0,360.0,358.4,360.0,10200
SAAKSHI,2026-09-29,367.0,367.2,360.0,367.0,10200
SAAKSHI,2026-09-30,365.0,365.0,363.5,365.0,4200
SAAKSHI,2026-10-01,365.0,365.0,357.75,365.0,3600
SAATVIKGL,2026-09-28,424.05,430.0,417.65,422.4,87172
SAATVIKGL,2026-09-29,420.0,422.0,404.35,414.5,186910
SAATVIKGL,2026-09-30,415.5,421.6,410.0,413.55,33023
SAATVIKGL,2026-10-01,411.0,413.25,396.8,405.55,46236
SAATVIKGL,2026-10-05,403.55,407.4,399.0,400.85,51181
SAB,2026-09-28,170.0,170.0,170.0,170.0,0
SAB,2026-09-29,170.0,170.0,170.0,170.0,0
SAB,2026-09-30,170.0,170.0,170.0,170.0,0
SAB,2026-10-01,170.0,170.0,170.0,170.0,0
SAB,2026-10-02,170.0,170.0,170.0,170.0,0
SADBHAV,2026-09-28,7.46,7.54,7.15,7.19,251664
SADBHAV,2026-09-29,7.19,7.19,6.9,6.93,369279
SADBHAV,2026-09-30,7.1,7.27,7.09,7.15,138349
SADBHAV,2026-10-01,6.99,7.1,6.8,6.8,443913
SADBHAV,2026-10-05,6.82,6.99,6.61,6.86,124754
SADBHIN,2026-09-28,2.7,2.7,2.54,2.57,108546
SADBHIN,2026-09-29,2.57,2.6,2.5,2.56,87828
SADBHIN,2026-09-30,2.55,2.62,2.51,2.6,90108
SADBHIN,2026-10-01,2.71,2.71,2.52,2.62,129836
SADBHIN,2026-10-05,2.6,2.63,2.56,2.61,151589
SADHAV,2026-09-25,106.7,106.7,104.0,104.0,1800
SADHAV,2026-09-28,103.0,110.0,103.0,110.0,13200
SADHAV,2026-09-29,106.35,110.0,106.35,110.0,15600
SADHAV,2026-09-30,107.45,118.5,106.1,117.65,63000
SADHAV,2026-10-01,116.0,118.0,112.5,117.15,16800
SADHNANIQ,2026-09-28,2.75,2.85,2.68,2.68,1894800
SADHNANIQ,2026-09-29,2.63,2.69,2.55,2.59,1588892
SADHNANIQ,2026-09-30,2.6,2.68,2.49,2.53,1260041
SADHNANIQ,2026-10-01,2.58,2.58,2.42,2.47,1219515
SADHNANIQ,2026-10-05,2.52,2.59,2.47,2.59,1003078
SAFARI,2026-09-29,1464.5,1464.5,1412.5,1430.9,31021
SAFARI,2026-09-30,1439.9,1439.9,1418.1,1429.6,58651
SAFARI,2026-10-01,1429.6,1433.7,1368.0,1378.8,29387
SAFARI,2026-10-02,1378.8,1378.8,1378.8,1378.8,0
SAFARI,2026-10-05,1389.5,1389.5,1300.0,1308.6,51092
SAGARDEEP,2026-09-28,23.65,23.95,23.02,23.29,8880
SAGARDEEP,2026-09-29,23.18,23.6,22.76,23.44,6760
SAGARDEEP,2026-09-30,23.98,23.98,22.83,23.13,8443
SAGARDEEP,2026-10-01,23.01,23.66,22.05,22.52,10991
SAGARDEEP,2026-10-05,22.52,23.19,22.0,22.1,8473
SAGCEM,2026-09-28,151.65,152.92,148.01,149.64,38616
SAGCEM,2026-09-29,149.0,150.92,146.6,147.45,29148
SAGCEM,2026-09-30,146.15,150.28,146.15,148.64,22428
SAGCEM,2026-10-01,148.3,155.02,146.02,150.01,66762
SAGCEM,2026-10-05,150.01,153.51,147.01,148.68,13697
SAGILITY,2026-09-29,43.45,43.47,42.11,42.54,11366184
SAGILITY,2026-09-30,42.69,43.4,42.38,42.58,11436383
SAGILITY,2026-10-01,42.53,43.43,42.27,43.17,11692520
SAGILITY,2026-10-02,43.17,43.17,43.17,43.17,0
SAGILITY,2026-10-05,43.25,43.82,42.21,42.57,17899984
SAHAJSOLAR,2026-09-25,87.15,90.2,84.5,90.0,39200
SAHAJSOLAR,2026-09-28,87.5,90.5,87.1,89.8,12000
SAHAJSOLAR,2026-09-29,88.4,91.9,87.0,87.9,16800
SAHAJSOLAR,2026-09-30,89.9,89.9,88.2,89.0,8000
SAHAJSOLAR,2026-10-01,89.5,89.5,86.2,86.55,10000
SAHANA,2026-09-25,879.0,888.0,860.0,861.3,26250
SAHANA,2026-09-28,869.95,869.95,806.0,817.45,27600
SAHANA,2026-09-29,825.0,829.7,790.0,806.0,19650
SAHANA,2026-09-30,811.05,827.45,810.1,810.1,5700
SAHANA,2026-10-01,810.1,837.0,782.05,794.55,10650
SAHLIBHFI,2026-09-28,79.19,79.19,75.01,75.61,15680
SAHLIBHFI,2026-09-29,78.09,79.15,76.87,78.37,17549
SAHLIBHFI,2026-09-30,80.0,80.99,78.1,78.84,9062
SAHLIBHFI,2026-10-01,81.9,81.9,75.95,78.74,24376
SAHLIBHFI,2026-10-05,78.74,78.74,75.99,76.7,34289
SAHYADRI,2026-09-28,355.05,364.15,350.0,351.3,5276
SAHYADRI,2026-09-29,353.5,353.9,346.1,349.2,3181
SAHYADRI,2026-09-30,350.0,356.95,341.0,346.75,7745
SAHYADRI,2026-10-01,351.7,360.0,340.7,355.65,11323
SAHYADRI,2026-10-05,363.0,369.85,348.35,361.4,10662
SAICAPI,2026-09-28,156.95,156.95,136.0,155.85,6
SAICAPI,2026-09-29,154.45,155.85,153.99,155.09,138
SAICAPI,2026-09-30,156.09,156.09,145.1,146.5,180
SAICAPI,2026-10-01,146.5,155.0,142.0,155.0,133
SAICAPI,2026-10-05,155.0,155.0,147.1,155.0,232
SAIFL,2026-09-25,4.25,4.25,4.15,4.25,140000
SAIFL,2026-09-28,4.3,4.3,4.15,4.15,164000
SAIFL,2026-09-29,4.15,4.25,4.1,4.25,124000
SAIFL,2026-09-30,4.25,4.25,4.15,4.2,96000
SAIFL,2026-10-01,4.15,4.15,3.9,4.1,136000
SAIL,2026-09-29,182.53,186.86,181.21,181.82,21241634
SAIL,2026-09-30,181.85,186.0,180.26,181.49,15646382
SAIL,2026-10-01,180.5,181.67,170.67,174.5,26206885
SAIL,2026-10-02,174.5,174.5,174.5,174.5,0
SAIL,2026-10-05,174.21,180.44,173.28,176.95,11407529
SAILIFE,2026-09-29,1576.0,1594.5,1550.0,1559.9,356685
SAILIFE,2026-09-30,1565.7,1577.9,1516.4,1524.5,537181
SAILIFE,2026-10-01,1516.0,1556.9,1493.1,1541.2,584535
SAILIFE,2026-10-02,1541.2,1541.2,1541.2,1541.2,0
SAILIFE,2026-10-05,1549.5,1557.9,1501.0,1511.3,325814
SAIPARENT,2026-09-28,507.6,518.0,492.1,509.95,95528
SAIPARENT,2026-09-29,504.7,514.05,501.0,502.5,64324
SAIPARENT,2026-09-30,500.05,539.95,500.05,529.3,352158
SAIPARENT,2026-10-01,529.35,533.35,515.0,523.65,68291
SAIPARENT,2026-10-05,520.65,520.65,494.0,498.7,143341
SAKAR,2026-09-28,1136.0,1146.0,1075.0,1089.65,99939
SAKAR,2026-09-29,1087.0,1129.0,1081.65,1121.85,47204
SAKAR,2026-09-30,1116.4,1143.8,1082.0,1093.05,58262
SAKAR,2026-10-01,1080.2,1108.0,1042.5,1075.0,97461
SAKAR,2026-10-05,1075.0,1094.0,985.0,1006.8,204017
SAKHTISUG,2026-09-28,19.0,19.75,18.32,18.42,253816
SAKHTISUG,2026-09-29,18.75,18.75,17.86,18.11,85154
SAKHTISUG,2026-09-30,18.45,18.48,18.0,18.01,79469
SAKHTISUG,2026-10-01,18.1,18.35,17.36,17.58,87103
SAKHTISUG,2026-10-05,17.51,18.35,17.5,17.8,106089
SAKSOFT,2026-09-28,142.47,144.0,141.0,141.81,166026
SAKSOFT,2026-09-29,142.5,142.68,139.0,139.78,179876
SAKSOFT,2026-09-30,140.0,143.67,136.61,139.43,169137
SAKSOFT,2026-10-01,139.9,141.97,135.09,139.33,241189
SAKSOFT,2026-10-05,139.65,144.0,138.56,140.72,259830
SAKUMA,2026-09-28,1.67,1.67,1.59,1.61,863913
SAKUMA,2026-09-29,1.61,1.61,1.53,1.55,1090164
SAKUMA,2026-09-30,1.57,1.58,1.52,1.56,797045
SAKUMA,2026-10-01,1.56,1.58,1.5,1.54,1283553
SAKUMA,2026-10-05,1.58,1.59,1.53,1.54,807962
SALASAR,2026-09-29,4.51,4.54,3.82,4.16,22936188
SALASAR,2026-09-30,4.16,4.3,3.8,4.08,14749412
SALASAR,2026-10-01,4.08,4.15,4.0,4.13,3680794
SALASAR,2026-10-02,4.13,4.13,4.13,4.13,0
SALASAR,2026-10-05,4.22,4.22,4.01,4.04,3745201
SALONA,2026-09-28,286.9,286.9,265.85,272.95,260
SALONA,2026-09-29,270.0,270.0,260.2,266.95,441
SALONA,2026-09-30,267.1,267.1,256.0,260.7,116
SALONA,2026-10-01,273.95,273.95,253.15,254.35,126
SALONA,2026-10-05,254.8,274.7,254.8,268.25,388
SALSTEEL,2026-09-28,96.0,96.9,90.25,93.03,1006262
SALSTEEL,2026-09-29,95.3,97.68,92.0,97.08,1208259
SALSTEEL,2026-09-30,99.87,101.53,97.0,99.06,1173619
SALSTEEL,2026-10-01,98.89,102.4,94.11,98.92,1173063
SALSTEEL,2026-10-05,98.92,100.42,93.98,93.98,697076
SALZERELEC,2026-09-28,536.05,539.1,527.55,535.55,26255
SALZERELEC,2026-09-29,537.15,544.45,530.15,535.65,36625
SALZERELEC,2026-09-30,535.7,546.0,530.35,536.4,18504
SALZERELEC,2026-10-01,535.9,537.5,520.05,530.9,37128
SALZERELEC,2026-10-05,526.85,535.9,520.2,525.05,33922
SAMBANDAM,2026-09-28,110.0,110.0,106.24,106.24,696
SAMBANDAM,2026-09-29,106.24,110.15,105.0,109.98,212
SAMBANDAM,2026-09-30,109.98,114.7,105.1,111.4,576
SAMBANDAM,2026-10-01,111.0,111.0,107.1,107.1,19
SAMBANDAM,2026-10-05,107.1,107.1,102.15,102.15,93
SAMBHAAV,2026-09-28,5.63,6.09,5.63,5.8,12526
SAMBHAAV,2026-09-29,5.6,6.09,5.56,5.92,95530
SAMBHAAV,2026-09-30,5.93,6.24,5.56,5.74,155497
SAMBHAAV,2026-10-01,5.74,5.74,5.36,5.42,72564
SAMBHAAV,2026-10-05,5.88,5.88,5.22,5.3,100521
SAMBHV,2026-09-29,154.0,163.8,152.5,162.24,8688235
SAMBHV,2026-09-30,162.45,167.31,160.11,164.9,5951525
SAMBHV,2026-10-01,163.61,165.79,155.85,161.45,3619878
SAMBHV,2026-10-02,161.45,161.45,161.45,161.45,0
SAMBHV,2026-10-05,163.0,171.7,162.41,164.66,5203406
SAMHI,2026-09-29,149.55,150.85,145.55,149.34,888234
SAMHI,2026-09-30,149.35,155.0,149.35,153.68,803682
SAMHI,2026-10-01,153.3,155.49,149.35,154.37,1073954
SAMHI,2026-10-02,154.37,154.37,154.37,154.37,0
SAMHI,2026-10-05,154.35,155.99,150.0,150.41,397768
SAMMAANCAP,2026-09-29,139.08,139.2,135.68,136.48,4111952
SAMMAANCAP,2026-09-30,136.94,141.19,136.0,136.54,4575005
SAMMAANCAP,2026-10-01,136.4,137.3,130.0,132.48,6813037
SAMMAANCAP,2026-10-02,132.48,132.48,132.48,132.48,0
SAMMAANCAP,2026-10-05,135.05,138.75,132.51,133.11,7143240
SAMPANN,2026-09-28,24.61,25.3,24.0,24.29,12206
SAMPANN,2026-09-29,25.25,25.25,23.75,23.82,18697
SAMPANN,2026-09-30,24.7,24.7,23.56,24.17,3944
SAMPANN,2026-10-01,24.7,24.7,23.56,24.01,11004
SAMPANN,2026-10-05,24.01,24.79,23.82,23.91,5459
SANATHAN,2026-09-28,526.0,530.35,515.0,517.55,74280
SANATHAN,2026-09-29,525.95,530.95,510.2,515.0,88348
SANATHAN,2026-09-30,524.0,527.75,505.0,508.15,99234
SANATHAN,2026-10-01,510.0,513.2,488.8,504.35,80531
SANATHAN,2026-10-05,511.0,532.3,506.5,528.35,103855
SANDESH,2026-09-29,1020.1,1049.4,1001.0,1029.6,218
SANDESH,2026-09-30,1023.1,1037.4,990.6,999.3,1002
SANDESH,2026-10-01,1000.4,1000.4,980.1,990.05,302
SANDESH,2026-10-02,990.05,990.05,990.05,990.05,0
SANDESH,2026-10-05,991.55,1022.0,990.0,1013.95,496
SANDHAR,2026-09-29,579.2,585.4,568.85,582.7,68787
SANDHAR,2026-09-30,583.0,599.95,583.0,585.9,133185
SANDHAR,2026-10-01,590.0,591.15,550.0,563.85,194894
SANDHAR,2026-10-02,563.85,563.85,563.85,563.85,0
SANDHAR,2026-10-05,568.0,572.75,552.0,555.3,100180
SANDUMA,2026-09-28,186.09,186.4,180.5,181.51,530234
SANDUMA,2026-09-29,181.9,184.0,178.53,182.69,448066
SANDUMA,2026-09-30,181.27,184.69,181.0,182.18,268845
SANDUMA,2026-10-01,181.0,182.85,175.0,177.67,662436
SANDUMA,2026-10-05,177.7,181.48,176.25,177.35,512910
SANGAMIND,2026-09-28,622.0,634.0,609.05,629.3,89480
SANGAMIND,2026-09-29,633.55,658.9,625.05,645.55,157857
SANGAMIND,2026-09-30,642.35,650.55,619.85,626.9,27711
SANGAMIND,2026-10-01,625.0,638.5,612.05,634.55,50667
SANGAMIND,2026-10-05,670.0,670.0,627.0,631.75,37447
SANGANI,2026-09-25,53.5,53.65,53.5,53.65,3000
SANGANI,2026-09-28,53.65,53.65,53.65,53.65,0
SANGANI,2026-09-29,55.5,56.3,55.5,56.3,15000
SANGANI,2026-09-30,54.0,57.0,54.0,57.0,4500
SANGANI,2026-10-01,54.15,54.25,54.15,54.15,7500
SANGHVIMOV,2026-09-28,458.9,460.05,442.45,444.3,182956
SANGHVIMOV,2026-09-29,444.0,459.6,437.4,454.0,249409
SANGHVIMOV,2026-09-30,457.1,471.9,452.4,455.2,204771
SANGHVIMOV,2026-10-01,451.65,456.95,414.9,429.5,698178
SANGHVIMOV,2026-10-05,430.35,443.0,405.1,409.9,665788
SANOFI,2026-09-29,3103.5,3112.1001,3061.2,3072.1001,10918
SANOFI,2026-09-30,3080.0,3175.0,3051.6001,3057.0,15072
SANOFI,2026-10-01,3050.1001,3056.3,3001.1001,3037.3999,18669
SANOFI,2026-10-02,3037.3999,3037.3999,3037.3999,3037.3999,0
SANOFI,2026-10-05,3040.0,3069.0,3016.8,3024.2,7594
SANOFICONR,2026-09-28,3964.7,3997.5,3834.8999,3976.2,8695
SANOFICONR,2026-09-29,3971.1001,3971.1001,3813.0,3867.0,41560
SANOFICONR,2026-09-30,3853.7,3919.0,3796.0,3802.8,6012
SANOFICONR,2026-10-01,3818.0,3818.0,3691.0,3787.2,9812
SANOFICONR,2026-10-05,3787.2,3787.8999,3729.2,3752.7,4708
SANSERA,2026-09-29,4380.0,4550.0,4154.6001,4362.2002,1016129
SANSERA,2026-09-30,4450.0,4571.0,4317.2998,4537.5,247139
SANSERA,2026-10-01,4465.2002,4465.5,4196.6001,4276.6001,454154
SANSERA,2026-10-02,4276.6001,4276.6001,4276.6001,4276.6001,0
SANSERA,2026-10-05,4282.5,4348.0,4212.7002,4291.2998,300321
SANSTAR,2026-09-28,108.74,110.0,106.12,106.9,176706
SANSTAR,2026-09-29,106.5,107.08,104.62,105.9,123874
SANSTAR,2026-09-30,105.2,108.14,104.15,104.94,61552
SANSTAR,2026-10-01,105.2,106.8,101.21,103.0,104636
SANSTAR,2026-10-05,105.0,107.19,102.85,104.73,124409
SANWARIA,2026-09-28,0.2,0.2,0.19,0.19,589914
SANWARIA,2026-09-29,0.2,0.2,0.19,0.19,456837
SANWARIA,2026-09-30,0.19,0.2,0.19,0.19,577796
SANWARIA,2026-10-01,0.2,0.2,0.18,0.19,330160
SANWARIA,2026-10-05,0.2,0.2,0.19,0.19,296075
SAPPHIRE,2026-09-28,223.0,223.0,214.61,216.68,398448
SAPPHIRE,2026-09-29,216.0,224.13,206.1,211.05,4093215
SAPPHIRE,2026-09-30,211.48,216.92,209.45,212.08,448922
SAPPHIRE,2026-10-01,210.95,210.95,204.35,209.82,546541
SAPPHIRE,2026-10-05,210.0,213.51,208.29,212.64,417142
SAPPL,2026-09-28,276.9,295.0,274.1,279.95,8496
SAPPL,2026-09-29,293.0,298.0,276.0,293.55,2179
SAPPL,2026-09-30,296.0,305.0,280.0,300.1,6609
SAPPL,2026-10-01,305.0,314.9,298.2,308.5,12198
SAPPL,2026-10-05,315.0,335.0,305.9,327.1,9600
SARDAEN,2026-09-29,500.45,504.75,493.0,500.35,260686
SARDAEN,2026-09-30,500.35,507.75,495.1,497.3,213966
SARDAEN,2026-10-01,495.0,498.95,488.0,494.75,208385
SARDAEN,2026-10-02,494.75,494.75,494.75,494.75,0
SARDAEN,2026-10-05,495.0,503.5,490.0,501.0,207207
SAREGAMA,2026-09-28,496.85,496.9,487.05,489.6,136802
SAREGAMA,2026-09-29,489.85,502.4,473.0,493.45,1317275
SAREGAMA,2026-09-30,498.9,518.65,495.35,506.55,643873
SAREGAMA,2026-10-01,506.5,506.5,488.0,494.75,237859
SAREGAMA,2026-10-05,497.95,500.05,488.85,497.1,171908
SARLAPOLY,2026-09-28,100.85,100.85,97.11,97.7,33426
SARLAPOLY,2026-09-29,98.7,98.7,95.3,95.67,22199
SARLAPOLY,2026-09-30,96.86,99.23,93.5,93.96,28986
SARLAPOLY,2026-10-01,93.96,94.66,91.35,92.02,37841
SARLAPOLY,2026-10-05,93.3,96.03,92.4,95.1,62596
SAROJA,2026-09-28,38.9,38.9,38.9,38.9,0
SAROJA,2026-09-29,38.9,38.9,38.9,38.9,0
SAROJA,2026-09-30,40.8,40.8,40.8,40.8,1600
SAROJA,2026-10-01,40.8,40.8,40.8,40.8,0
SAROJA,2026-10-02,40.8,40.8,40.8,40.8,0
SARTELE,2026-09-25,96.95,98.15,89.0,91.65,111000
SARTELE,2026-09-28,92.0,92.0,83.8,84.8,100000
SARTELE,2026-09-29,88.0,93.0,88.0,91.95,121000
SARTELE,2026-09-30,92.95,107.0,92.95,101.85,329000
SARTELE,2026-10-01,101.85,102.0,95.0,96.85,75000
SARVESHWAR,2026-09-29,3.55,3.59,3.4,3.44,1542269
SARVESHWAR,2026-09-30,3.45,3.56,3.45,3.49,1207657
SARVESHWAR,2026-10-01,3.52,3.69,3.41,3.44,1535950
SARVESHWAR,2026-10-02,3.44,3.44,3.44,3.44,0
SARVESHWAR,2026-10-05,3.41,3.5,3.41,3.46,1300127
SASKEN,2026-09-28,1700.0,1711.1,1650.2,1658.2,17178
SASKEN,2026-09-29,1681.0,1690.0,1611.7,1658.8,29675
SASKEN,2026-09-30,1680.0,1709.8,1650.0,1672.7,12713
SASKEN,2026-10-01,1707.8,1727.0,1636.4,1720.5,33306
SASKEN,2026-10-05,1750.0,1784.0,1675.4,1683.2,20074
SATIA,2026-09-28,66.5,68.99,66.13,68.1,191667
SATIA,2026-09-29,68.1,69.0,66.96,68.48,127525
SATIA,2026-09-30,68.7,71.26,68.7,69.7,198881
SATIA,2026-10-01,69.7,69.89,67.5,68.34,125480
SATIA,2026-10-05,68.0,69.0,68.0,68.51,70953
SATIN,2026-09-29,235.5,244.0,231.56,237.69,386081
SATIN,2026-09-30,239.3,239.3,230.15,232.2,386106
SATIN,2026-10-01,230.01,231.62,224.1,227.47,233798
SATIN,2026-10-02,227.47,227.47,227.47,227.47,0
SATIN,2026-10-05,226.15,230.97,215.0,216.29,1194660
SATIPOLY,2026-09-25,32.1,33.0,32.0,33.0,1500
SATIPOLY,2026-09-28,33.0,34.25,32.9,33.0,8000
SATIPOLY,2026-09-29,33.0,33.8,33.0,33.8,1500
SATIPOLY,2026-09-30,33.8,33.8,33.8,33.8,0
SATIPOLY,2026-10-01,32.25,32.5,32.25,32.5,1000
SAURASHCEM,2026-09-29,53.4,54.49,53.4,54.1,93956
SAURASHCEM,2026-09-30,53.94,55.5,53.55,54.53,54035
SAURASHCEM,2026-10-01,54.53,55.0,52.45,53.37,70178
SAURASHCEM,2026-10-02,53.37,53.37,53.37,53.37,0
SAURASHCEM,2026-10-05,53.32,53.95,50.4,51.4,127808
SAYAJIHOTL,2026-09-29,302.0,305.95,302.0,304.0,7
SAYAJIHOTL,2026-09-30,304.0,304.0,304.0,304.0,0
SAYAJIHOTL,2026-10-01,304.0,304.0,304.0,304.0,0
SAYAJIHOTL,2026-10-02,304.0,304.0,304.0,304.0,0
SAYAJIHOTL,2026-10-05,328.6,328.95,302.0,306.5,335
SAYAJIIND,2026-09-28,125.95,125.95,114.21,116.09,1116
SAYAJIIND,2026-09-29,112.01,120.95,110.5,118.7,4247
SAYAJIIND,2026-09-30,121.0,121.0,116.5,119.9,2055
SAYAJIIND,2026-10-01,115.0,119.79,113.91,119.5,1785
SAYAJIIND,2026-10-05,118.95,120.0,118.95,120.0,806
SBC,2026-09-29,54.31,55.26,53.93,54.73,14185608
SBC,2026-09-30,54.99,59.5,54.81,58.29,35616365
SBC,2026-10-01,58.99,59.5,56.97,58.54,31458938
SBC,2026-10-02,58.54,58.54,58.54,58.54,0
SBC,2026-10-05,59.57,63.14,57.36,62.04,32139550
SBCL,2026-09-28,1146.6,1156.9,1095.0,1110.2,177554
SBCL,2026-09-29,1096.8,1129.3,1090.8,1111.3,154486
SBCL,2026-09-30,1140.0,1148.9,1060.0,1071.7,233735
SBCL,2026-10-01,1080.9,1103.9,1034.1,1066.4,295016
SBCL,2026-10-05,1087.3,1108.0,1070.0,1076.5,139325
SBFC,2026-09-28,89.0,89.3,86.4,86.82,944832
SBFC,2026-09-29,86.78,88.3,83.61,84.46,5969074
SBFC,2026-09-30,85.4,86.36,84.7,85.48,642934
SBFC,2026-10-01,84.68,85.4,83.05,84.19,1235866
SBFC,2026-10-05,84.19,87.18,82.4,82.83,3511188
SBGLP,2026-09-28,23.51,24.38,22.82,23.67,17722
SBGLP,2026-09-29,23.9,24.2,21.0,22.98,107126
SBGLP,2026-09-30,23.18,23.89,22.3,22.84,49077
SBGLP,2026-10-01,22.51,23.3,22.51,22.75,32857
SBGLP,2026-10-05,22.56,23.93,22.56,23.11,35623
SBICARD,2026-09-29,593.05,594.0,581.0,581.0,1392600
SBICARD,2026-09-30,585.15,591.25,578.05,578.05,582328
SBICARD,2026-10-01,579.05,582.5,560.15,563.2,962872
SBICARD,2026-10-02,563.2,563.2,563.2,563.2,0
SBICARD,2026-10-05,565.25,577.15,561.25,566.0,778398
SBIFUNDS,2026-09-29,523.35,524.0,516.5,517.8,788800
SBIFUNDS,2026-09-30,517.8,524.45,514.0,516.05,1541375
SBIFUNDS,2026-10-01,514.95,516.0,497.0,500.35,2817122
SBIFUNDS,2026-10-02,500.35,500.35,500.35,500.35,0
SBIFUNDS,2026-10-05,501.95,503.4,494.0,495.4,986442
SBILIFE,2026-09-28,1742.0,1752.8,1725.0,1728.1,1337514
SBILIFE,2026-09-29,1731.6,1746.0,1711.0,1735.0,1598671
SBILIFE,2026-09-30,1724.0,1729.5,1681.0,1696.4,1813203
SBILIFE,2026-10-01,1676.3,1730.3,1674.8,1721.6,3329860
SBILIFE,2026-10-05,1721.6,1741.4,1709.5,1709.5,1322081
SBIN,2026-09-29,960.9,968.1,953.0,964.7,26781498
SBIN,2026-09-30,964.7,972.8,959.5,959.5,8010571
SBIN,2026-10-01,953.1,965.4,945.8,954.1,7390452
SBIN,2026-10-02,954.1,954.1,954.1,954.1,0
SBIN,2026-10-05,959.0,969.45,956.0,958.0,8165087
SCANSTL,2026-09-28,53.75,53.75,50.36,50.36,26390
SCANSTL,2026-09-29,52.07,52.07,48.15,49.64,17619
SCANSTL,2026-09-30,50.73,50.73,48.22,49.37,14776
SCANSTL,2026-10-01,49.0,49.0,47.3,48.19,10547
SCANSTL,2026-10-05,48.7,49.85,45.79,47.15,93029
SCHAEFFLER,2026-09-28,4002.0,4009.8999,3941.0,3955.5,22236
SCHAEFFLER,2026-09-29,3955.5,3955.5,3900.0,3920.0,91928
SCHAEFFLER,2026-09-30,3950.0,3960.0,3877.3,3897.1001,63788
SCHAEFFLER,2026-10-01,3900.1001,3909.0,3765.5,3885.6001,43557
SCHAEFFLER,2026-10-05,3888.6001,3908.6001,3825.3,3845.0,38172
SCHAND,2026-09-29,147.5,149.05,142.78,147.29,40487
SCHAND,2026-09-30,143.52,148.73,143.52,148.08,17383
SCHAND,2026-10-01,148.08,148.08,142.05,143.57,32819
SCHAND,2026-10-02,143.57,143.57,143.57,143.57,0
SCHAND,2026-10-05,147.5,147.5,139.1,140.5,23644
SCHNEIDER,2026-09-29,1193.8,1214.0,1182.4,1192.7,159472
SCHNEIDER,2026-09-30,1197.3,1226.8,1190.0,1203.4,249878
SCHNEIDER,2026-10-01,1203.0,1294.3,1195.5,1275.4,1444982
SCHNEIDER,2026-10-02,1275.4,1275.4,1275.4,1275.4,0
SCHNEIDER,2026-10-05,1286.8,1318.8,1261.0,1268.1,444623
SCI,2026-09-29,270.7,275.95,267.25,272.9,1448173
SCI,2026-09-30,273.0,275.95,269.75,270.5,1048767
SCI,2026-10-01,269.0,271.85,261.15,267.05,1466021
SCI,2026-10-02,267.05,267.05,267.05,267.05,0
SCI,2026-10-05,272.0,292.6,271.45,290.6,24814404
SCILAL,2026-09-29,36.9,36.91,36.4,36.69,179920
SCILAL,2026-09-30,36.69,37.34,36.6,36.86,117368
SCILAL,2026-10-01,36.89,37.06,36.3,36.65,196994
SCILAL,2026-10-02,36.65,36.65,36.65,36.65,0
SCILAL,2026-10-05,37.0,37.49,36.26,37.26,287269
SCML,2026-09-25,75.0,75.0,75.0,75.0,1000
SCML,2026-09-28,75.0,76.0,75.0,75.3,7000
SCML,2026-09-29,70.65,75.0,70.65,74.65,17000
SCML,2026-09-30,78.0,84.0,78.0,82.0,26000
SCML,2026-10-01,82.0,88.0,82.0,83.5,26000
SCODATUBES,2026-09-28,137.6,137.6,129.03,130.53,414826
SCODATUBES,2026-09-29,130.02,132.47,128.7,130.14,241476
SCODATUBES,2026-09-30,127.75,127.9,124.03,124.87,553569
SCODATUBES,2026-10-01,124.78,124.78,119.4,123.0,599705
SCODATUBES,2026-10-05,123.0,127.9,120.98,124.62,278884
SCPL,2026-09-28,644.0,646.0,620.3,628.5,4243
SCPL,2026-09-29,633.0,658.0,620.35,641.05,5479
SCPL,2026-09-30,637.1,648.5,625.05,629.15,1092
SCPL,2026-10-01,638.0,646.0,615.0,620.45,6507
SCPL,2026-10-05,633.7,633.7,610.35,617.85,3408
SDBL,2026-09-29,80.5,80.5,77.86,79.05,2249578
SDBL,2026-09-30,78.96,80.69,77.5,78.17,1674455
SDBL,2026-10-01,78.1,78.17,73.5,74.94,938787
SDBL,2026-10-02,74.94,74.94,74.94,74.94,0
SDBL,2026-10-05,75.4,76.0,72.82,73.21,717652
SEAMECLTD,2026-09-28,1719.0,1719.0,1673.0,1684.3,29302
SEAMECLTD,2026-09-29,1684.2,1686.8,1644.0,1653.2,46114
SEAMECLTD,2026-09-30,1685.0,1739.7,1609.7,1641.6,71134
SEAMECLTD,2026-10-01,1617.8,1652.5,1559.2,1594.7,102750
SEAMECLTD,2026-10-05,1594.7,1611.9,1552.4,1577.9,48124
SECL,2026-09-25,3.0,3.0,3.0,3.0,0
SECL,2026-09-29,3.0,3.0,3.0,3.0,0
SECL,2026-09-30,3.0,3.0,3.0,3.0,0
SECL,2026-10-01,3.0,3.0,3.0,3.0,0
SECL,2026-10-02,3.0,3.0,3.0,3.0,0
SECMARK,2026-09-28,148.4,148.4,133.69,141.28,1009
SECMARK,2026-09-29,141.28,143.7,133.41,142.75,28
SECMARK,2026-09-30,141.4,142.3,140.0,140.0,175
SECMARK,2026-10-01,145.8,145.8,133.2,137.48,1185
SECMARK,2026-10-05,142.0,142.0,134.1,137.41,1258
SECURKLOUD,2026-09-28,17.05,17.6,16.7,17.14,26065
SECURKLOUD,2026-09-29,17.44,17.44,16.62,17.06,23462
SECURKLOUD,2026-09-30,17.05,17.16,16.45,16.61,17158
SECURKLOUD,2026-10-01,17.0,17.0,16.2,16.77,5131
SECURKLOUD,2026-10-05,16.98,17.03,15.8,16.13,45723
SEDEMAC,2026-09-29,3523.8999,3596.0,3450.6001,3485.6001,437207
SEDEMAC,2026-09-30,3499.0,3587.0,3460.8,3494.5,178976
SEDEMAC,2026-10-01,3495.0,3524.8999,3328.0,3432.8,134911
SEDEMAC,2026-10-02,3432.8,3432.8,3432.8,3432.8,0
SEDEMAC,2026-10-05,3607.8,3650.0,3355.0,3372.3,233050
SEIL,2026-09-28,195.49,195.5,187.5,190.06,129601
SEIL,2026-09-29,188.0,195.0,185.41,188.92,121217
SEIL,2026-09-30,187.84,191.49,187.21,189.64,129978
SEIL,2026-10-01,188.7,188.99,178.26,186.68,184080
SEIL,2026-10-05,183.1,188.18,181.82,183.52,48887
SEJALLTD,2026-09-28,693.0,693.0,657.0,664.6,5054
SEJALLTD,2026-09-29,664.6,664.6,645.0,648.75,5509
SEJALLTD,2026-09-30,656.9,680.0,656.8,674.0,6126
SEJALLTD,2026-10-01,673.95,673.95,640.3,656.5,8644
SEJALLTD,2026-10-05,657.2,661.5,638.1,651.2,6161
SEKURITIND,2026-09-28,111.93,111.93,106.25,108.12,24682
SEKURITIND,2026-09-29,107.62,112.0,107.62,109.55,19727
SEKURITIND,2026-09-30,111.44,114.0,110.03,110.93,18760
SEKURITIND,2026-10-01,111.99,115.19,108.0,109.19,26220
SEKURITIND,2026-10-05,108.3,113.2,108.01,108.72,20206
SEL,2026-09-25,339.05,371.0,338.55,343.25,3000
SEL,2026-09-28,341.0,341.0,332.1,332.1,400
SEL,2026-09-29,325.0,325.0,325.0,325.0,1600
SEL,2026-09-30,325.0,325.0,312.15,313.35,1000
SEL,2026-10-01,298.05,322.15,297.7,310.1,5400
SELMC,2026-09-29,25.09,25.09,25.09,25.09,0
SELMC,2026-09-30,25.09,25.09,25.09,25.09,0
SELMC,2026-10-01,25.09,25.09,25.09,25.09,0
SELMC,2026-10-02,25.09,25.09,25.09,25.09,0
SELMC,2026-10-05,24.02,24.97,23.84,23.84,24005
SEMAC,2026-09-29,245.0,245.0,237.0,243.95,808
SEMAC,2026-09-30,254.85,254.85,231.8,232.85,6426
SEMAC,2026-10-01,243.8,243.99,235.8,241.99,1668
SEMAC,2026-10-02,241.99,241.99,241.99,241.99,0
SEMAC,2026-10-05,242.4,242.4,237.0,239.04,321
SENCO,2026-09-29,321.75,331.5,320.9,328.3,1459192
SENCO,2026-09-30,329.0,332.7,320.0,320.95,502576
SENCO,2026-10-01,320.95,321.95,311.55,317.4,538846
SENCO,2026-10-02,317.4,317.4,317.4,317.4,0
SENCO,2026-10-05,317.4,319.9,312.9,316.95,767941
SENORES,2026-09-28,1349.8,1374.7,1340.0,1351.8,122013
SENORES,2026-09-29,1352.5,1435.0,1352.5,1403.7,506799
SENORES,2026-09-30,1403.7,1413.0,1370.0,1385.8,268540
SENORES,2026-10-01,1387.0,1398.0,1319.4,1349.6,363714
SENORES,2026-10-05,1355.0,1375.0,1300.1,1321.2,272677
SEPC,2026-09-28,5.12,5.14,4.92,4.96,8906290
SEPC,2026-09-29,5.0,5.15,4.92,5.1,10955991
SEPC,2026-09-30,5.15,5.19,5.01,5.02,5233528
SEPC,2026-10-01,5.17,5.17,4.95,5.08,12035116
SEPC,2026-10-05,5.2,5.23,5.07,5.11,5170218
SERVICE,2026-09-25,66.35,66.35,66.35,66.35,2000
SERVICE,2026-09-28,66.35,66.35,66.35,66.35,0
SERVICE,2026-09-29,66.35,66.35,66.35,66.35,0
SERVICE,2026-09-30,69.65,69.65,69.05,69.2,16000
SERVICE,2026-10-01,67.0,68.9,67.0,68.75,18000
SERVOTECH,2026-09-29,72.75,74.0,69.76,71.34,811420
SERVOTECH,2026-09-30,71.1,72.19,70.04,70.25,364902
SERVOTECH,2026-10-01,70.15,71.39,68.0,69.2,577923
SERVOTECH,2026-10-02,69.2,69.2,69.2,69.2,0
SERVOTECH,2026-10-05,70.0,72.7,69.77,71.93,744174
SESHAPAPER,2026-09-28,248.73,249.04,241.55,242.23,12802
SESHAPAPER,2026-09-29,241.07,245.16,241.0,242.53,8410
SESHAPAPER,2026-09-30,244.26,246.19,234.81,240.47,62115
SESHAPAPER,2026-10-01,242.04,242.04,234.0,236.35,24836
SESHAPAPER,2026-10-05,238.55,240.0,233.0,234.76,80921
SETCO,2026-09-28,19.0,19.0,18.4,18.52,57495
SETCO,2026-09-29,18.43,19.2,18.1,18.67,61709
SETCO,2026-09-30,18.67,19.25,18.21,18.31,61697
SETCO,2026-10-01,18.31,18.75,18.0,18.13,67983
SETCO,2026-10-05,18.18,18.72,17.52,17.6,31576
SETL,2026-09-29,434.7,437.65,416.1,428.95,717715
SETL,2026-09-30,428.95,436.95,415.0,422.8,407519
SETL,2026-10-01,418.0,421.65,401.7,416.95,714646
SETL,2026-10-02,416.95,416.95,416.95,416.95,0
SETL,2026-10-05,421.7,437.75,417.15,430.05,821094
SETUINFRA,2026-09-28,0.56,0.56,0.54,0.54,42048
SETUINFRA,2026-09-29,0.55,0.55,0.53,0.53,5024
SETUINFRA,2026-09-30,0.52,0.52,0.52,0.52,12422
SETUINFRA,2026-10-01,0.52,0.52,0.51,0.51,18233
SETUINFRA,2026-10-05,0.5,0.5,0.5,0.5,22010
SEYAIND,2026-09-28,14.14,14.14,13.6,13.6,5595
SEYAIND,2026-09-29,13.87,13.87,13.33,13.33,639
SEYAIND,2026-09-30,13.59,13.59,13.07,13.45,7911
SEYAIND,2026-10-01,13.34,13.34,13.19,13.19,2912
SEYAIND,2026-10-05,13.45,13.45,12.93,13.12,1065
SFL,2026-09-28,640.0,642.4,623.0,629.3,112029
SFL,2026-09-29,630.0,638.95,616.95,631.5,150092
SFL,2026-09-30,637.3,645.1,630.0,634.1,76853
SFL,2026-10-01,634.1,637.8,613.9,616.65,197639
SFL,2026-10-05,622.85,634.85,615.7,620.45,140174
SGFIN,2026-09-29,589.75,604.45,573.7,595.3,246626
SGFIN,2026-09-30,595.3,613.2,593.2,604.35,293138
SGFIN,2026-10-01,605.0,635.0,600.85,631.85,1112628
SGFIN,2026-10-02,631.85,631.85,631.85,631.85,0
SGFIN,2026-10-05,659.35,697.0,647.6,677.95,3245313
SGIL,2026-09-28,670.0,670.0,636.0,650.75,7433
SGIL,2026-09-29,656.7,669.45,634.8,657.35,10083
SGIL,2026-09-30,633.3,669.0,633.3,666.2,4759
SGIL,2026-10-01,640.05,657.95,602.1,613.85,18436
SGIL,2026-10-05,605.0,632.3,596.0,603.0,4999
SGL,2026-09-28,9.64,9.64,8.68,9.12,10634
SGL,2026-09-29,9.55,9.55,8.85,9.35,13277
SGL,2026-09-30,9.43,9.43,8.42,8.56,84208
SGL,2026-10-01,8.56,8.8,8.49,8.5,13676
SGL,2026-10-05,8.56,8.84,8.56,8.84,22642
SGLRES,2026-09-28,2.29,2.42,2.28,2.35,56530
SGLRES,2026-09-29,2.3,2.42,2.25,2.33,27251
SGLRES,2026-09-30,2.28,2.43,2.22,2.38,78563
SGLRES,2026-10-01,2.49,2.49,2.27,2.27,91325
SGLRES,2026-10-05,2.22,2.38,2.18,2.23,57778
SGMART,2026-09-28,725.05,746.0,720.0,729.5,121001
SGMART,2026-09-29,729.8,770.5,725.9,755.95,491934
SGMART,2026-09-30,760.85,769.05,743.0,750.75,125096
SGMART,2026-10-01,748.45,771.0,728.15,742.2,314856
SGMART,2026-10-05,750.0,758.3,730.9,737.65,397450
SGRL,2026-09-28,673.0,694.0,651.05,680.05,19140
SGRL,2026-09-29,675.0,688.95,645.0,665.75,20692
SGRL,2026-09-30,665.85,704.0,665.85,687.15,13348
SGRL,2026-10-01,683.15,700.0,671.15,694.25,8511
SGRL,2026-10-05,700.0,709.3,669.05,680.4,12588
SHADOWFAX,2026-09-29,274.05,284.9,270.5,280.85,4932256
SHADOWFAX,2026-09-30,282.0,289.8,278.15,280.25,7428809
SHADOWFAX,2026-10-01,278.0,278.9,267.2,273.15,2716747
SHADOWFAX,2026-10-02,273.15,273.15,273.15,273.15,0
SHADOWFAX,2026-10-05,274.05,290.5,274.05,289.05,5956547
SHAH,2026-09-28,3.22,3.24,3.17,3.18,630279
SHAH,2026-09-29,3.2,3.2,3.11,3.15,858603
SHAH,2026-09-30,3.15,3.17,3.09,3.14,678623
SHAH,2026-10-01,3.09,3.1,2.96,3.03,1378111
SHAH,2026-10-05,3.03,3.1,2.99,3.07,511995
SHAHALLOYS,2026-09-28,90.1,94.0,88.19,89.39,19620
SHAHALLOYS,2026-09-29,89.0,90.0,88.25,89.35,9153
SHAHALLOYS,2026-09-30,87.0,90.89,86.16,86.77,9770
SHAHALLOYS,2026-10-01,85.1,88.98,82.44,85.37,22591
SHAHALLOYS,2026-10-05,85.1,85.1,81.3,82.0,19540
SHAILY,2026-09-28,3149.8999,3159.1001,3022.2,3033.5,115998
SHAILY,2026-09-29,3046.5,3091.0,3011.8999,3040.8,109791
SHAILY,2026-09-30,3042.7,3125.0,3042.7,3063.0,80016
SHAILY,2026-10-01,3045.0,3074.3999,2972.8,3009.1001,95844
SHAILY,2026-10-05,3020.0,3079.0,2979.3,3012.8,105773
SHAKTIPUMP,2026-09-29,463.0,463.4,455.8,458.0,263497
SHAKTIPUMP,2026-09-30,459.95,471.0,458.6,461.35,477179
SHAKTIPUMP,2026-10-01,461.0,463.05,447.4,454.1,358429
SHAKTIPUMP,2026-10-02,454.1,454.1,454.1,454.1,0
SHAKTIPUMP,2026-10-05,455.95,463.5,441.15,443.4,431828
SHALBY,2026-09-28,146.5,146.99,142.15,143.25,66372
SHALBY,2026-09-29,143.73,144.4,141.0,142.01,57757
SHALBY,2026-09-30,142.0,145.88,135.0,138.65,263673
SHALBY,2026-10-01,137.53,138.0,129.41,133.55,213871
SHALBY,2026-10-05,133.0,135.49,132.51,134.01,36205
SHALPAINTS,2026-09-28,76.78,79.0,74.01,74.4,58777
SHALPAINTS,2026-09-29,74.87,78.12,71.16,78.09,127726
SHALPAINTS,2026-09-30,77.99,81.99,77.99,80.62,101983
SHALPAINTS,2026-10-01,81.7,81.7,77.6,78.34,72361
SHALPAINTS,2026-10-05,78.34,79.02,74.76,75.17,150287
SHANKARA,2026-09-28,132.0,132.0,126.0,127.34,36443
SHANKARA,2026-09-29,128.61,131.6,124.77,127.47,23889
SHANKARA,2026-09-30,133.9,133.9,125.0,126.48,39804
SHANKARA,2026-10-01,126.0,131.9,122.83,124.4,76990
SHANKARA,2026-10-05,124.0,124.0,117.0,118.16,107711
SHANKESH,2026-09-28,91.35,94.55,89.97,90.42,3144312
SHANKESH,2026-09-29,90.5,91.0,88.11,88.8,1519099
SHANKESH,2026-09-30,89.8,94.44,89.24,90.25,3014634
SHANKESH,2026-10-01,89.88,91.09,86.58,87.93,1673043
SHANKESH,2026-10-05,89.24,91.3,87.5,88.24,1386109
SHANTHALA,2026-09-25,15.45,15.45,15.4,15.4,6000
SHANTHALA,2026-09-28,15.45,15.45,14.0,14.05,16800
SHANTHALA,2026-09-29,14.05,14.05,14.05,14.05,0
SHANTHALA,2026-09-30,14.15,14.35,13.0,13.5,10800
SHANTHALA,2026-10-01,14.0,14.0,13.6,13.6,12000
SHANTI,2026-09-28,5.5,5.87,5.5,5.67,13320
SHANTI,2026-09-29,5.67,5.95,5.26,5.57,47911
SHANTI,2026-09-30,5.57,5.83,5.3,5.49,46100
SHANTI,2026-10-01,5.49,5.74,5.31,5.5,29909
SHANTI,2026-10-05,5.07,5.69,5.07,5.44,17641
SHANTIGEAR,2026-09-28,666.55,669.8,633.25,633.3,55362
SHANTIGEAR,2026-09-29,625.0,625.0,601.65,601.65,81490
SHANTIGEAR,2026-09-30,604.8,604.8,571.6,579.9,120371
SHANTIGEAR,2026-10-01,570.0,608.85,568.6,573.65,149908
SHANTIGEAR,2026-10-05,582.6,599.0,572.05,591.75,58856
SHANTIGOLD,2026-09-29,310.0,314.99,296.85,306.85,3338239
SHANTIGOLD,2026-09-30,308.0,321.0,306.15,308.6,3315946
SHANTIGOLD,2026-10-01,309.0,311.95,292.1,303.55,2237991
SHANTIGOLD,2026-10-02,303.55,303.55,303.55,303.55,0
SHANTIGOLD,2026-10-05,310.0,323.5,308.5,316.6,3136803
SHARDACROP,2026-09-28,741.15,750.0,727.0,729.1,140897
SHARDACROP,2026-09-29,721.0,737.15,716.0,721.45,120611
SHARDACROP,2026-09-30,719.15,734.85,719.15,723.5,58845
SHARDACROP,2026-10-01,720.0,720.3,697.6,709.2,128905
SHARDACROP,2026-10-05,712.5,729.7,711.25,720.1,91626
SHARDAMOTR,2026-09-28,950.0,978.0,936.0,945.1,62487
SHARDAMOTR,2026-09-29,948.0,976.5,931.0,971.25,50632
SHARDAMOTR,2026-09-30,964.75,986.85,953.05,956.95,37174
SHARDAMOTR,2026-10-01,962.8,977.0,916.65,928.8,56275
SHARDAMOTR,2026-10-05,929.9,938.6,910.3,918.6,27384
SHARDUL,2026-09-28,56.0,56.6,54.6,55.56,10416
SHARDUL,2026-09-29,56.6,56.6,55.01,55.54,3166
SHARDUL,2026-09-30,56.18,57.8,55.0,56.98,25684
SHARDUL,2026-10-01,57.5,58.22,57.03,57.98,68518
SHARDUL,2026-10-05,58.4,58.6,57.0,58.11,38922
SHAREINDIA,2026-09-28,209.7,209.99,203.78,206.1,894901
SHAREINDIA,2026-09-29,206.1,213.12,202.22,205.68,1274403
SHAREINDIA,2026-09-30,206.58,208.9,202.5,205.01,703869
SHAREINDIA,2026-10-01,202.5,209.31,199.12,205.09,1139127
SHAREINDIA,2026-10-05,208.2,219.0,204.51,206.06,2810714
SHBAJRG,2026-09-28,168.99,173.69,165.9,169.72,12576
SHBAJRG,2026-09-29,169.99,172.0,165.0,169.16,13884
SHBAJRG,2026-09-30,168.0,171.9,157.11,159.79,25638
SHBAJRG,2026-10-01,161.95,183.0,160.0,172.33,42622
SHBAJRG,2026-10-05,174.05,176.0,161.71,164.79,11077
SHEETAL,2026-09-25,358.0,359.0,358.0,358.8,3000
SHEETAL,2026-09-28,340.75,357.0,340.75,357.0,4000
SHEETAL,2026-09-29,356.95,357.0,351.05,354.0,2000
SHEETAL,2026-09-30,360.0,360.0,354.4,357.15,6000
SHEETAL,2026-10-01,355.0,359.0,355.0,359.0,1000
SHEKHAWATI,2026-09-28,28.75,28.75,28.7,28.75,45637
SHEKHAWATI,2026-09-29,30.18,30.18,30.18,30.18,29954
SHEKHAWATI,2026-09-30,31.68,31.68,31.68,31.68,19430
SHEKHAWATI,2026-10-01,33.26,33.26,30.1,30.1,138399
SHEKHAWATI,2026-10-05,28.6,28.6,28.6,28.6,4882
SHEMAROO,2026-09-28,128.0,129.8,121.1,121.65,30464
SHEMAROO,2026-09-29,121.7,123.0,116.56,117.95,3375
SHEMAROO,2026-09-30,118.15,122.0,116.55,117.12,14665
SHEMAROO,2026-10-01,118.5,118.95,115.21,115.21,5349
SHEMAROO,2026-10-05,116.36,117.89,109.99,110.56,17297
SHERA,2026-09-25,178.5,180.2,176.0,177.9,27000
SHERA,2026-09-28,181.35,193.0,178.0,190.7,183000
SHERA,2026-09-29,190.0,197.0,185.25,195.3,157000
SHERA,2026-09-30,196.2,204.0,196.2,198.0,136000
SHERA,2026-10-01,195.0,199.9,189.95,190.0,44000
SHERVANI,2026-09-29,325.0,325.0,325.0,325.0,10
SHERVANI,2026-09-30,325.0,335.0,325.0,335.0,3
SHERVANI,2026-10-01,335.0,335.0,335.0,335.0,0
SHERVANI,2026-10-02,335.0,335.0,335.0,335.0,0
SHERVANI,2026-10-05,315.0,315.05,299.25,315.0,64
SHIGAN,2026-09-28,60.5,60.55,60.5,60.55,3000
SHIGAN,2026-09-29,63.8,63.8,58.3,58.3,3000
SHIGAN,2026-09-30,62.5,62.6,62.5,62.6,57000
SHIGAN,2026-10-01,62.6,62.6,62.6,62.6,0
SHIGAN,2026-10-02,62.6,62.6,62.6,62.6,0
SHILCTECH,2026-09-29,4061.0,4143.8999,4003.0,4032.7,42437
SHILCTECH,2026-09-30,4050.0,4105.6001,4036.3999,4084.0,9905
SHILCTECH,2026-10-01,4084.0,4100.0,3985.2,4033.0,12506
SHILCTECH,2026-10-02,4033.0,4033.0,4033.0,4033.0,0
SHILCTECH,2026-10-05,4035.0,4078.3,3969.0,4032.8999,13865
SHILGRAVQ,2026-09-28,149.0,149.0,138.0,143.36,15555
SHILGRAVQ,2026-09-29,143.36,148.8,138.0,139.82,4090
SHILGRAVQ,2026-09-30,142.0,149.8,139.82,146.05,3356
SHILGRAVQ,2026-10-01,145.9,145.9,137.0,139.35,4206
SHILGRAVQ,2026-10-05,137.65,148.1,137.0,142.87,773
SHILPAMED,2026-09-28,1018.0,1039.0,998.0,1025.25,678050
SHILPAMED,2026-09-29,1033.1,1071.1,1018.7,1055.75,875494
SHILPAMED,2026-09-30,1060.0,1075.0,1033.5,1047.2,492219
SHILPAMED,2026-10-01,1044.0,1095.0,1034.6,1064.1,1687680
SHILPAMED,2026-10-05,1069.0,1081.9,1020.2,1031.2,870690
SHINDL,2026-09-28,160.3,162.02,158.51,160.03,140272
SHINDL,2026-09-29,159.49,160.99,158.05,160.1,126506
SHINDL,2026-09-30,160.32,160.39,158.16,159.6,66280
SHINDL,2026-10-01,158.12,160.0,154.0,159.12,82053
SHINDL,2026-10-05,159.04,159.59,155.25,158.41,77098
SHIPROCKET,2026-09-29,120.5,122.1,118.75,119.99,2378663
SHIPROCKET,2026-09-30,120.0,123.97,119.51,120.16,1916192
SHIPROCKET,2026-10-01,119.74,121.0,118.2,119.98,1945076
SHIPROCKET,2026-10-02,119.98,119.98,119.98,119.98,0
SHIPROCKET,2026-10-05,120.99,124.5,120.05,123.0,3116897
SHIVAAGRO,2026-09-28,39.31,40.24,36.0,38.99,3315
SHIVAAGRO,2026-09-29,39.0,39.9,38.0,39.13,4117
SHIVAAGRO,2026-09-30,41.0,41.15,37.61,39.47,5236
SHIVAAGRO,2026-10-01,39.6,39.6,36.61,39.22,8935
SHIVAAGRO,2026-10-05,39.0,39.0,38.4,38.7,949
SHIVACEM,2026-09-28,15.69,15.69,15.09,15.21,62830
SHIVACEM,2026-09-29,15.01,15.49,14.7,14.91,104609
SHIVACEM,2026-09-30,14.5,14.5,13.0,13.76,694858
SHIVACEM,2026-10-01,13.76,13.94,12.8,13.34,296434
SHIVACEM,2026-10-05,13.3,13.3,12.45,12.7,216275
SHIVALIK,2026-09-28,410.8,431.6,404.0,407.95,81065
SHIVALIK,2026-09-29,411.0,419.55,401.7,411.35,66902
SHIVALIK,2026-09-30,414.8,423.0,400.0,403.45,45380
SHIVALIK,2026-10-01,399.0,403.45,373.55,394.05,99182
SHIVALIK,2026-10-05,400.8,401.95,374.2,375.3,46656
SHIVAMAUTO,2026-09-28,17.12,17.82,16.9,17.22,34830
SHIVAMAUTO,2026-09-29,17.3,17.99,16.51,16.7,59079
SHIVAMAUTO,2026-09-30,17.5,18.54,16.85,17.04,113889
SHIVAMAUTO,2026-10-01,17.04,17.31,16.71,17.07,35302
SHIVAMAUTO,2026-10-05,17.41,17.41,16.6,16.67,40659
SHIVAMILLS,2026-09-28,58.0,60.9,58.0,60.55,551
SHIVAMILLS,2026-09-29,58.06,60.0,57.53,60.0,3075
SHIVAMILLS,2026-09-30,61.5,61.5,58.0,58.14,580
SHIVAMILLS,2026-10-01,60.0,60.0,56.27,56.59,1434
SHIVAMILLS,2026-10-05,58.0,59.41,57.0,59.32,1618
SHIVATEX,2026-09-28,169.36,169.75,165.05,165.91,1718
SHIVATEX,2026-09-29,175.0,175.0,165.45,168.97,1956
SHIVATEX,2026-09-30,168.0,173.78,165.01,166.87,623
SHIVATEX,2026-10-01,166.87,172.6,166.03,172.6,780
SHIVATEX,2026-10-05,169.0,171.0,165.01,165.01,4797
SHIVAUM,2026-09-28,515.05,550.0,512.0,544.2,27387
SHIVAUM,2026-09-29,544.0,548.8,542.0,545.4,13192
SHIVAUM,2026-09-30,545.05,559.1,545.0,557.15,122580
SHIVAUM,2026-10-01,559.5,559.5,551.5,554.6,2431
SHIVAUM,2026-10-05,535.5,563.9,525.05,558.95,20380
SHK,2026-09-28,143.32,143.32,136.42,137.78,147035
SHK,2026-09-29,137.02,142.28,136.23,140.33,276049
SHK,2026-09-30,139.96,142.78,139.65,141.02,181372
SHK,2026-10-01,141.0,141.35,135.0,137.86,208064
SHK,2026-10-05,138.0,140.89,136.0,137.42,195849
SHOPERSTOP,2026-09-28,428.9,428.9,413.05,421.8,124030
SHOPERSTOP,2026-09-29,417.45,423.15,405.55,418.95,121522
SHOPERSTOP,2026-09-30,410.0,426.0,410.0,415.0,26629
SHOPERSTOP,2026-10-01,412.75,414.5,384.3,404.7,137363
SHOPERSTOP,2026-10-05,397.15,407.35,395.2,395.5,40206
SHRADDHA,2026-09-29,151.55,151.55,146.11,147.91,3246
SHRADDHA,2026-09-30,148.64,159.7,143.1,152.31,10595
SHRADDHA,2026-10-01,159.0,159.0,146.32,155.1,25371
SHRADDHA,2026-10-02,155.1,155.1,155.1,155.1,0
SHRADDHA,2026-10-05,160.1,179.0,157.1,164.79,91009
SHRADHA,2026-09-29,30.25,30.25,29.55,29.58,667
SHRADHA,2026-09-30,31.3,31.38,30.0,30.5,845
SHRADHA,2026-10-01,29.5,33.0,29.5,29.89,6515
SHRADHA,2026-10-02,29.89,29.89,29.89,29.89,0
SHRADHA,2026-10-05,29.89,31.02,28.5,29.36,8474
SHREDIGCEM,2026-09-28,68.5,68.5,65.32,66.61,63384
SHREDIGCEM,2026-09-29,66.24,67.19,65.21,66.41,31536
SHREDIGCEM,2026-09-30,66.99,67.19,65.5,65.92,32697
SHREDIGCEM,2026-10-01,66.0,67.35,65.0,66.69,90765
SHREDIGCEM,2026-10-05,66.69,67.2,65.57,66.33,52935
SHREECEM,2026-09-28,22305.0,22340.0,22055.0,22170.0,17002
SHREECEM,2026-09-29,22170.0,22360.0,21550.0,21900.0,450209
SHREECEM,2026-09-30,21900.0,22400.0,21900.0,22345.0,20963
SHREECEM,2026-10-01,22250.0,22275.0,21355.0,21900.0,59306
SHREECEM,2026-10-05,21750.0,22100.0,21720.0,21990.0,39075
SHREEJISPG,2026-09-28,755.0,761.9,741.5,752.8,798667
SHREEJISPG,2026-09-29,755.0,767.1,754.0,763.3,864463
SHREEJISPG,2026-09-30,764.0,774.0,764.0,770.4,359788
SHREEJISPG,2026-10-01,774.0,780.0,761.25,775.35,1026808
SHREEJISPG,2026-10-05,779.8,788.1,768.8,779.85,915858
SHREEKARNI,2026-09-25,378.0,385.0,372.9,385.0,2850
SHREEKARNI,2026-09-28,362.0,378.0,362.0,377.4,1350
SHREEKARNI,2026-09-29,378.0,378.0,378.0,378.0,300
SHREEKARNI,2026-09-30,380.0,388.0,380.0,382.0,900
SHREEKARNI,2026-10-01,385.0,385.0,378.0,378.0,450
SHREEOSFM,2026-09-25,51.9,53.6,51.9,51.95,3000
SHREEOSFM,2026-09-28,51.9,52.0,51.9,52.0,3000
SHREEOSFM,2026-09-29,51.95,52.0,51.0,51.0,3000
SHREEOSFM,2026-09-30,51.0,51.9,51.0,51.7,4000
SHREEOSFM,2026-10-01,53.4,56.0,53.4,55.1,30000
SHREEPUSHK,2026-09-28,510.1,510.1,492.05,496.85,33403
SHREEPUSHK,2026-09-29,492.4,494.95,476.55,481.9,30375
SHREEPUSHK,2026-09-30,480.9,505.05,480.9,492.75,70018
SHREEPUSHK,2026-10-01,494.45,499.95,480.0,491.5,40500
SHREEPUSHK,2026-10-05,500.0,506.9,491.85,494.55,43640
SHREERAMA,2026-09-28,44.2,45.92,43.0,43.39,46907
SHREERAMA,2026-09-29,43.03,43.95,43.01,43.71,39201
SHREERAMA,2026-09-30,43.22,45.4,43.22,43.73,26435
SHREERAMA,2026-10-01,43.4,44.23,42.8,43.16,37590
SHREERAMA,2026-10-05,44.0,44.6,42.72,43.09,38309
SHREMINVIT,2026-09-25,102.0,102.0,102.0,102.0,100000
SHREMINVIT,2026-09-28,102.01,102.01,102.0,102.0,100000
SHREMINVIT,2026-09-29,102.0,102.0,102.0,102.0,0
SHREMINVIT,2026-09-30,102.0,102.0,102.0,102.0,0
SHREMINVIT,2026-10-01,107.95,107.95,103.0,103.0,50000
SHRENIK,2026-09-28,0.29,0.3,0.28,0.29,424028
SHRENIK,2026-09-29,0.3,0.3,0.28,0.29,311187
SHRENIK,2026-09-30,0.3,0.3,0.28,0.29,268021
SHRENIK,2026-10-01,0.3,0.3,0.28,0.28,249886
SHRENIK,2026-10-05,0.28,0.29,0.28,0.28,650128
SHREYANIND,2026-09-29,130.29,130.29,129.0,129.0,5110
SHREYANIND,2026-09-30,129.95,133.99,129.0,130.45,4801
SHREYANIND,2026-10-01,129.99,133.5,122.0,126.29,10571
SHREYANIND,2026-10-02,126.29,126.29,126.29,126.29,0
SHREYANIND,2026-10-05,125.66,129.65,125.66,129.0,8211
SHRIKRISH,2026-09-28,34.15,38.8,34.15,35.2,4271
SHRIKRISH,2026-09-29,36.0,36.11,36.0,36.1,129
SHRIKRISH,2026-09-30,35.2,35.2,33.17,33.89,2386
SHRIKRISH,2026-10-01,37.24,37.27,34.02,35.96,1257
SHRIKRISH,2026-10-05,34.15,35.85,32.56,34.05,3897
SHRINGARMS,2026-09-28,215.05,227.0,215.05,218.04,962367
SHRINGARMS,2026-09-29,219.78,221.4,214.5,215.91,319671
SHRINGARMS,2026-09-30,216.85,231.0,216.79,224.6,2130481
SHRINGARMS,2026-10-01,224.8,228.0,216.41,221.31,1103142
SHRINGARMS,2026-10-05,222.85,223.28,218.11,219.36,290081
SHRIPISTON,2026-09-29,4647.5,4841.1001,4558.6001,4749.2002,272659
SHRIPISTON,2026-09-30,4774.3999,4774.3999,4620.2998,4653.7002,75703
SHRIPISTON,2026-10-01,4600.0,4673.7998,4350.0,4490.5,186749
SHRIPISTON,2026-10-02,4490.5,4490.5,4490.5,4490.5,0
SHRIPISTON,2026-10-05,4550.0,4567.1001,4369.0,4398.7998,75521
SHRIRAMFIN,2026-09-29,975.0,986.2,967.9,971.5,6176420
SHRIRAMFIN,2026-09-30,972.2,987.0,965.1,982.7,5552495
SHRIRAMFIN,2026-10-01,973.5,975.0,936.0,945.0,5599670
SHRIRAMFIN,2026-10-02,945.0,945.0,945.0,945.0,0
SHRIRAMFIN,2026-10-05,964.0,973.5,954.0,971.4,5092892
SHRIRAMPPS,2026-09-28,71.29,72.0,69.9,70.09,240054
SHRIRAMPPS,2026-09-29,70.01,70.1,68.51,69.86,219843
SHRIRAMPPS,2026-09-30,70.15,70.64,68.51,69.21,334575
SHRIRAMPPS,2026-10-01,69.0,69.53,65.59,67.36,414796
SHRIRAMPPS,2026-10-05,67.45,68.34,66.4,67.52,309049
SHRITECH,2026-09-25,62.0,62.0,62.0,62.0,4000
SHRITECH,2026-09-28,62.0,62.0,62.0,62.0,0
SHRITECH,2026-09-29,60.15,62.0,60.0,60.0,8000
SHRITECH,2026-09-30,61.4,61.5,61.4,61.5,4000
SHRITECH,2026-10-01,59.0,59.0,58.8,58.8,6000
SHRJAGP,2026-09-28,688.0,688.0,635.0,637.25,474
SHRJAGP,2026-09-29,637.7,637.7,620.1,634.35,251
SHRJAGP,2026-09-30,635.0,693.0,635.0,665.6,758
SHRJAGP,2026-10-01,665.0,704.9,660.05,673.0,868
SHRJAGP,2026-10-05,684.0,708.9,680.0,685.0,716
SHUBHLAXMI,2026-09-25,19.7,19.7,19.7,19.7,0
SHUBHLAXMI,2026-09-28,19.05,19.05,19.05,19.05,3000
SHUBHLAXMI,2026-09-29,18.2,18.2,18.15,18.15,4000
SHUBHLAXMI,2026-09-30,18.15,18.15,18.15,18.15,0
SHUBHLAXMI,2026-10-01,17.3,17.3,17.25,17.25,4000
SHUKRAPHAR,2026-09-29,60.25,62.49,59.0,60.3,8970388
SHUKRAPHAR,2026-09-30,60.96,63.36,60.77,62.09,6037718
SHUKRAPHAR,2026-10-01,62.0,65.4,61.0,61.8,7563030
SHUKRAPHAR,2026-10-02,61.8,61.8,61.8,61.8,0
SHUKRAPHAR,2026-10-05,62.84,73.88,62.5,70.49,55171960
SHYAMCENT,2026-09-28,5.02,5.02,4.94,4.96,20931
SHYAMCENT,2026-09-29,4.96,5.09,4.95,4.99,48331
SHYAMCENT,2026-09-30,4.85,5.09,4.85,4.97,11943
SHYAMCENT,2026-10-01,4.97,5.21,4.89,5.0,223042
SHYAMCENT,2026-10-05,5.45,5.45,4.9,5.07,93969
SHYAMMETL,2026-09-29,1064.0,1085.7,1056.0,1074.0,236237
SHYAMMETL,2026-09-30,1076.9,1078.5,1055.0,1065.0,235248
SHYAMMETL,2026-10-01,1072.5,1075.7,1027.1,1047.8,475311
SHYAMMETL,2026-10-02,1047.8,1047.8,1047.8,1047.8,0
SHYAMMETL,2026-10-05,1054.0,1057.6,1015.0,1020.2,527412
SHYAMTEL,2026-09-28,11.5,11.5,10.35,11.16,3289
SHYAMTEL,2026-09-29,11.14,11.46,10.3,10.86,15046
SHYAMTEL,2026-09-30,10.81,11.34,10.81,10.99,2507
SHYAMTEL,2026-10-01,10.7,11.23,10.24,10.32,3810
SHYAMTEL,2026-10-05,10.79,11.3,10.5,10.93,6059
SICAGEN,2026-09-28,52.9,53.8,51.55,52.12,5699
SICAGEN,2026-09-29,51.86,52.4,50.5,51.18,7947
SICAGEN,2026-09-30,51.2,52.88,51.2,51.74,5078
SICAGEN,2026-10-01,51.76,52.45,50.5,50.96,16580
SICAGEN,2026-10-05,51.4,53.3,50.1,52.37,8560
SICALLOG,2026-09-28,94.5,94.5,89.0,89.14,63135
SICALLOG,2026-09-29,90.98,91.5,87.01,89.12,24853
SICALLOG,2026-09-30,89.12,91.74,89.0,91.19,15134
SICALLOG,2026-10-01,92.0,92.0,87.0,87.08,35305
SICALLOG,2026-10-05,87.77,91.4,87.2,88.68,20373
SIDDHIKA,2026-09-25,218.35,218.35,218.35,218.35,500
SIDDHIKA,2026-09-28,218.35,218.35,207.45,208.8,7500
SIDDHIKA,2026-09-29,208.8,208.8,208.8,208.8,0
SIDDHIKA,2026-09-30,218.0,219.0,214.0,214.0,4000
SIDDHIKA,2026-10-01,214.3,214.3,214.25,214.25,2500
SIEL,2026-09-28,28.75,30.5,28.75,30.5,20
SIEL,2026-09-29,30.5,30.5,30.5,30.5,11
SIEL,2026-09-30,30.5,30.6,28.99,29.01,204
SIEL,2026-10-01,30.0,30.46,29.85,30.46,328
SIEL,2026-10-05,31.0,31.0,30.05,31.0,209
SIEMENS,2026-09-29,3769.6001,3814.6001,3710.0,3710.0,344496
SIEMENS,2026-09-30,3721.1001,3789.1001,3720.0,3725.6001,183302
SIEMENS,2026-10-01,3725.7,3804.0,3709.5,3804.0,243713
SIEMENS,2026-10-02,3804.0,3804.0,3804.0,3804.0,0
SIEMENS,2026-10-05,3804.0,3842.0,3700.0,3701.1001,184140
SIGACHI,2026-09-28,29.4,29.45,28.57,28.77,1687256
SIGACHI,2026-09-29,28.98,29.95,28.05,28.76,4607371
SIGACHI,2026-09-30,28.83,29.46,28.74,28.8,1852936
SIGACHI,2026-10-01,28.8,29.4,28.0,28.34,2213562
SIGACHI,2026-10-05,28.49,28.93,28.06,28.72,1604708
SIGIND,2026-09-28,68.0,71.0,67.01,69.04,6216
SIGIND,2026-09-29,70.99,70.99,67.1,68.37,6858
SIGIND,2026-09-30,70.0,70.0,65.5,68.73,12504
SIGIND,2026-10-01,71.7,71.7,65.3,67.42,18489
SIGIND,2026-10-05,69.99,69.99,64.05,64.06,31422
SIGMA,2026-09-28,47.0,47.0,44.5,44.74,58662
SIGMA,2026-09-29,44.06,44.74,43.07,43.9,65048
SIGMA,2026-09-30,44.5,45.83,43.55,44.25,48186
SIGMA,2026-10-01,45.8,46.5,44.51,44.91,119958
SIGMA,2026-10-05,46.0,46.15,43.31,43.83,100748
SIGMAADV,2026-09-28,939.0,960.0,900.0,930.4,304695
SIGMAADV,2026-09-29,915.0,976.9,904.85,976.9,564099
SIGMAADV,2026-09-30,990.25,1025.7,990.05,1025.7,370551
SIGMAADV,2026-10-01,1076.9,1076.9,1076.9,1076.9,542861
SIGMAADV,2026-10-05,1130.7,1130.7,1036.0,1130.6,835410
SIGNATURE,2026-09-28,805.0,828.0,761.25,780.35,1645065
SIGNATURE,2026-09-29,775.95,775.95,751.0,754.45,298048
SIGNATURE,2026-09-30,750.0,761.85,721.05,727.15,331497
SIGNATURE,2026-10-01,726.0,745.0,713.0,737.45,227926
SIGNATURE,2026-10-05,736.8,744.8,732.0,738.2,337538
SIGNORIA,2026-09-28,145.0,145.0,145.0,145.0,0
SIGNORIA,2026-09-29,145.0,145.0,145.0,145.0,0
SIGNORIA,2026-09-30,145.0,145.0,143.0,143.0,2000
SIGNORIA,2026-10-01,143.0,143.0,143.0,143.0,0
SIGNORIA,2026-10-02,143.0,143.0,143.0,143.0,0
SIGNPOST,2026-09-28,273.8,273.8,263.5,264.4,38998
SIGNPOST,2026-09-29,262.05,265.7,255.6,257.85,36505
SIGNPOST,2026-09-30,257.0,268.85,256.95,262.0,48744
SIGNPOST,2026-10-01,262.25,265.0,254.1,259.4,72245
SIGNPOST,2026-10-05,265.7,265.7,256.2,260.85,16214
SIKA,2026-09-28,1050.65,1050.65,1011.0,1021.35,16383
SIKA,2026-09-29,1032.0,1032.0,999.2,1025.45,24835
SIKA,2026-09-30,1033.95,1039.0,1010.0,1014.35,12197
SIKA,2026-10-01,1014.3,1029.9,991.0,1018.2,34402
SIKA,2026-10-05,1028.2,1038.0,1015.0,1022.6,16720
SIKKO,2026-09-28,6.51,6.7,6.5,6.53,501739
SIKKO,2026-09-29,6.53,6.61,6.28,6.51,488459
SIKKO,2026-09-30,6.58,6.58,6.27,6.33,283323
SIKKO,2026-10-01,6.3,6.45,6.02,6.22,459887
SIKKO,2026-10-05,6.22,6.32,5.91,6.21,382053
SIL,2026-09-28,16.95,16.95,16.26,16.63,24249
SIL,2026-09-29,16.5,16.89,15.9,16.42,36876
SIL,2026-09-30,16.6,16.79,15.5,15.69,158905
SIL,2026-10-01,15.7,16.25,15.62,15.83,44356
SIL,2026-10-05,15.51,16.48,15.51,15.98,16385
SILGO,2026-09-28,70.1,70.1,66.65,68.31,24934
SILGO,2026-09-29,69.03,71.52,68.5,70.49,113792
SILGO,2026-09-30,70.49,71.09,69.69,70.21,50805
SILGO,2026-10-01,68.8,70.78,68.39,70.17,10640
SILGO,2026-10-05,70.89,71.7,68.75,69.49,5571
SILINV,2026-09-28,450.0,454.9,440.0,444.7,2338
SILINV,2026-09-29,440.0,453.0,432.2,436.6,1251
SILINV,2026-09-30,435.0,444.9,431.0,431.45,1394
SILINV,2026-10-01,430.0,439.7,411.0,424.55,1793
SILINV,2026-10-05,418.8,451.0,418.8,445.75,3970
SILKFLEX,2026-09-25,272.05,285.65,271.0,285.65,18000
SILKFLEX,2026-09-28,287.0,292.8,279.1,287.45,12000
SILKFLEX,2026-09-29,287.45,287.45,287.45,287.45,0
SILKFLEX,2026-09-30,273.5,280.5,273.1,273.1,40000
SILKFLEX,2026-10-01,273.0,286.75,273.0,286.75,35000
SILVERTUC,2026-09-28,156.65,156.65,145.24,145.8,388655
SILVERTUC,2026-09-29,145.0,147.27,139.26,140.59,260831
SILVERTUC,2026-09-30,141.5,144.8,138.86,140.49,261015
SILVERTUC,2026-10-01,142.49,142.5,136.41,138.68,256017
SILVERTUC,2026-10-05,138.5,142.0,136.77,137.41,66178
SIMBHALS,2026-09-28,6.31,6.43,6.2,6.43,28322
SIMBHALS,2026-09-29,6.43,6.43,6.31,6.31,14392
SIMBHALS,2026-09-30,6.19,6.43,6.19,6.4,14489
SIMBHALS,2026-10-01,6.6,6.72,6.6,6.72,5019
SIMBHALS,2026-10-05,7.05,7.05,7.05,7.05,4750
SIMPLEXINF,2026-09-29,241.15,245.75,237.3,242.85,67083
SIMPLEXINF,2026-09-30,242.9,255.0,241.0,245.5,73280
SIMPLEXINF,2026-10-01,245.7,253.0,234.8,245.01,700626
SIMPLEXINF,2026-10-02,245.01,245.01,245.01,245.01,0
SIMPLEXINF,2026-10-05,254.9,263.0,248.11,249.61,280280
SIMPLXREA,2026-09-28,125.4,131.67,119.13,126.69,369
SIMPLXREA,2026-09-29,130.88,130.88,130.88,130.88,1
SIMPLXREA,2026-09-30,130.85,130.85,125.88,130.0,89
SIMPLXREA,2026-10-01,124.65,124.65,123.5,123.5,314
SIMPLXREA,2026-10-05,124.0,129.0,117.36,117.43,99
SINCLAIR,2026-09-28,80.27,80.27,78.06,78.47,10223
SINCLAIR,2026-09-29,78.5,79.15,77.0,77.43,15996
SINCLAIR,2026-09-30,77.04,79.65,76.51,78.63,7388
SINCLAIR,2026-10-01,80.0,80.5,76.55,76.71,16873
SINCLAIR,2026-10-05,76.75,78.95,75.12,75.87,24830
SINDHUTRAD,2026-09-28,23.87,23.87,23.05,23.24,235226
SINDHUTRAD,2026-09-29,22.99,23.19,22.65,22.86,152237
SINDHUTRAD,2026-09-30,22.92,23.27,22.7,22.89,154892
SINDHUTRAD,2026-10-01,22.9,22.94,21.93,22.23,247880
SINDHUTRAD,2026-10-05,22.13,22.82,21.82,22.13,361160
SINGERIND,2026-09-28,77.05,78.98,76.0,77.43,80119
SINGERIND,2026-09-29,76.2,77.68,75.21,76.79,60317
SINGERIND,2026-09-30,78.2,78.2,75.2,77.31,76015
SINGERIND,2026-10-01,75.76,78.0,73.9,74.66,79656
SINGERIND,2026-10-05,74.05,77.07,74.05,74.6,56846
SINTERCOM,2026-09-28,79.0,80.3,76.02,76.78,46818
SINTERCOM,2026-09-29,77.5,77.5,74.7,76.96,2593
SINTERCOM,2026-09-30,80.3,80.3,77.01,79.91,1109
SINTERCOM,2026-10-01,79.91,79.91,74.0,75.87,1933
SINTERCOM,2026-10-05,75.9,75.9,75.9,75.9,1
SIRCA,2026-09-29,406.0,413.0,401.0,408.05,147126
SIRCA,2026-09-30,409.0,416.3,409.0,410.1,138309
SIRCA,2026-10-01,410.0,410.1,397.0,401.55,129849
SIRCA,2026-10-02,401.55,401.55,401.55,401.55,0
SIRCA,2026-10-05,401.6,404.8,400.15,401.7,122332
SIS,2026-09-28,418.4,418.4,378.5,394.2,1838678
SIS,2026-09-29,394.2,424.4,394.15,418.65,413495
SIS,2026-09-30,416.4,424.0,415.8,419.1,321349
SIS,2026-10-01,419.1,419.85,407.2,412.85,85848
SIS,2026-10-05,413.45,419.9,411.6,414.7,57546
SITINET,2026-09-28,0.29,0.29,0.27,0.27,849807
SITINET,2026-09-29,0.27,0.28,0.27,0.27,434860
SITINET,2026-09-30,0.28,0.28,0.27,0.27,378627
SITINET,2026-10-01,0.27,0.28,0.27,0.27,248430
SITINET,2026-10-05,0.27,0.28,0.26,0.26,1109765
SIYSIL,2026-09-28,540.0,540.0,528.05,533.35,16765
SIYSIL,2026-09-29,534.9,543.95,525.15,541.4,28804
SIYSIL,2026-09-30,543.9,543.9,538.0,539.95,14052
SIYSIL,2026-10-01,538.0,538.0,525.0,531.55,28509
SIYSIL,2026-10-05,535.8,544.0,531.5,540.15,20499
SJLOGISTIC,2026-09-25,320.5,321.0,315.0,316.05,11500
SJLOGISTIC,2026-09-28,322.0,322.0,314.2,317.0,23500
SJLOGISTIC,2026-09-29,319.0,324.7,314.1,322.55,30500
SJLOGISTIC,2026-09-30,325.0,325.0,307.55,310.1,43000
SJLOGISTIC,2026-10-01,317.9,318.95,307.6,311.5,25250
SJS,2026-09-29,2262.5,2377.1001,2260.0,2309.8,271747
SJS,2026-09-30,2300.0,2319.6001,2252.2,2258.0,89175
SJS,2026-10-01,2250.0,2258.0,2090.8,2159.8,310025
SJS,2026-10-02,2159.8,2159.8,2159.8,2159.8,0
SJS,2026-10-05,2159.8,2175.0,2022.2,2039.6,380923
SJVN,2026-09-29,61.1,61.35,59.42,59.83,10622257
SJVN,2026-09-30,59.98,60.3,59.01,59.32,2571072
SJVN,2026-10-01,59.25,59.27,56.73,57.91,4376261
SJVN,2026-10-02,57.91,57.91,57.91,57.91,0
SJVN,2026-10-05,58.3,58.5,57.01,57.16,2071448
SKFINDIA,2026-09-29,1512.0,1536.4,1476.2,1514.0,164121
SKFINDIA,2026-09-30,1513.0,1524.6,1500.3,1509.9,30500
SKFINDIA,2026-10-01,1510.0,1510.0,1443.2,1450.2,62968
SKFINDIA,2026-10-02,1450.2,1450.2,1450.2,1450.2,0
SKFINDIA,2026-10-05,1420.0,1458.9,1420.0,1445.9,43200
SKFINDUS,2026-09-28,2899.0,2922.2,2850.0,2881.7,38212
SKFINDUS,2026-09-29,2881.0,2881.0,2721.3,2789.0,190210
SKFINDUS,2026-09-30,2780.0,2842.8999,2735.0,2767.8999,172115
SKFINDUS,2026-10-01,2760.0,2760.0,2662.0,2734.2,35509
SKFINDUS,2026-10-05,2759.8999,2759.8999,2670.1001,2729.5,21506
SKIL,2026-09-29,0.97,0.97,0.97,0.97,0
SKIL,2026-09-30,0.97,0.97,0.97,0.97,0
SKIL,2026-10-01,0.97,0.97,0.97,0.97,0
SKIL,2026-10-02,0.97,0.97,0.97,0.97,0
SKIL,2026-10-05,1.01,1.01,1.01,1.01,41651
SKIPPER,2026-09-28,553.0,555.0,533.9,535.65,376724
SKIPPER,2026-09-29,533.5,544.5,529.65,541.55,508233
SKIPPER,2026-09-30,541.9,548.65,528.25,531.15,260601
SKIPPER,2026-10-01,532.2,554.45,526.6,541.2,1034814
SKIPPER,2026-10-05,543.0,551.9,534.0,538.9,402505
SKMEGGPROD,2026-09-28,220.0,220.0,209.4,211.35,207652
SKMEGGPROD,2026-09-29,211.5,220.7,208.3,219.1,184627
SKMEGGPROD,2026-09-30,220.95,223.9,210.1,211.15,187953
SKMEGGPROD,2026-10-01,210.95,210.95,201.1,205.29,216666
SKMEGGPROD,2026-10-05,204.0,206.38,199.3,201.4,170126
SKP,2026-09-25,167.5,169.0,158.0,159.25,21500
SKP,2026-09-28,159.0,163.55,159.0,162.55,65500
SKP,2026-09-29,163.0,167.0,163.0,166.95,34500
SKP,2026-09-30,166.95,166.95,165.0,165.8,1500
SKP,2026-10-01,152.0,163.4,152.0,163.0,55500
SKYGOLD,2026-09-29,799.65,831.85,795.0,820.85,1433357
SKYGOLD,2026-09-30,824.95,838.45,806.0,810.7,695736
SKYGOLD,2026-10-01,810.7,817.9,776.5,810.65,1141277
SKYGOLD,2026-10-02,810.65,810.65,810.65,810.65,0
SKYGOLD,2026-10-05,818.0,839.0,814.0,825.9,1050336
SKYWAYS,2026-09-28,126.5,127.5,118.0,119.21,2746192
SKYWAYS,2026-09-29,119.5,119.7,114.85,115.31,2023181
SKYWAYS,2026-09-30,116.0,117.79,112.31,113.26,2306221
SKYWAYS,2026-10-01,114.4,114.4,108.51,110.29,1680019
SKYWAYS,2026-10-05,111.7,113.42,108.85,109.48,1316032
SLONE,2026-09-25,170.0,173.0,164.55,171.8,17200
SLONE,2026-09-28,170.0,170.0,163.25,168.25,6400
SLONE,2026-09-29,167.0,167.4,167.0,167.4,800
SLONE,2026-09-30,167.4,167.4,167.4,167.4,0
SLONE,2026-10-01,165.0,165.0,160.0,161.0,2400
SMARTLINK,2026-09-28,215.11,215.11,205.25,208.53,5335
SMARTLINK,2026-09-29,209.0,216.94,203.0,203.47,2095
SMARTLINK,2026-09-30,203.0,213.47,203.0,211.91,6158
SMARTLINK,2026-10-01,209.0,218.99,209.0,212.1,6005
SMARTLINK,2026-10-05,220.0,222.7,216.71,222.7,4925
SMARTWORKS,2026-09-28,528.0,529.3,509.0,511.65,43089
SMARTWORKS,2026-09-29,509.65,517.25,499.7,514.25,190804
SMARTWORKS,2026-09-30,528.95,538.65,515.15,519.85,108747
SMARTWORKS,2026-10-01,519.95,529.45,499.45,510.65,53593
SMARTWORKS,2026-10-05,515.0,515.0,496.1,497.8,70592
SMCGLOBAL,2026-09-28,86.04,100.98,84.86,97.23,26689199
SMCGLOBAL,2026-09-29,97.0,107.0,89.4,92.98,24531586
SMCGLOBAL,2026-09-30,93.0,96.24,91.17,94.48,6836896
SMCGLOBAL,2026-10-01,95.0,102.68,93.5,99.06,9500246
SMCGLOBAL,2026-10-05,100.0,118.8,96.22,114.5,84936173
SMLMAH,2026-09-28,6849.0,6884.0,6485.0,6515.5,67169
SMLMAH,2026-09-29,6575.0,6660.0,6485.5,6616.5,34312
SMLMAH,2026-09-30,6620.0,6709.5,6468.0,6578.0,48022
SMLMAH,2026-10-01,6550.0,6581.0,6249.5,6251.0,72958
SMLMAH,2026-10-05,6390.0,6459.0,6280.0,6354.0,41005
SMLT,2026-09-29,60.9,60.9,58.23,59.31,1905
SMLT,2026-09-30,63.4,63.4,59.0,61.82,11905
SMLT,2026-10-01,67.0,74.18,66.0,74.18,112524
SMLT,2026-10-02,74.18,74.18,74.18,74.18,0
SMLT,2026-10-05,82.4,88.79,77.0,78.72,519788
SMSPHARMA,2026-09-28,474.05,476.0,460.0,462.15,387779
SMSPHARMA,2026-09-29,462.0,482.8,453.65,479.4,613848
SMSPHARMA,2026-09-30,483.9,485.0,467.5,476.6,372222
SMSPHARMA,2026-10-01,473.0,481.9,456.35,471.3,393944
SMSPHARMA,2026-10-05,479.0,489.0,472.5,477.85,534879
SMVD,2026-09-28,14.6,14.6,14.6,14.6,0
SMVD,2026-09-29,15.3,15.3,15.3,15.3,4040
SMVD,2026-09-30,15.3,15.3,15.3,15.3,0
SMVD,2026-10-01,15.3,15.3,15.3,15.3,0
SMVD,2026-10-02,15.3,15.3,15.3,15.3,0
SNOWMAN,2026-09-28,34.5,36.0,34.06,35.09,212441
SNOWMAN,2026-09-29,35.2,35.39,34.3,34.69,111336
SNOWMAN,2026-09-30,34.51,35.99,34.25,34.64,120284
SNOWMAN,2026-10-01,34.6,34.64,33.76,34.11,105331
SNOWMAN,2026-10-05,34.11,34.5,33.51,33.99,74732
SOBHA,2026-09-28,1228.4,1233.6,1205.1,1218.7,51564
SOBHA,2026-09-29,1221.4,1227.8,1192.0,1216.5,101240
SOBHA,2026-09-30,1201.0,1239.0,1198.0,1221.6,121889
SOBHA,2026-10-01,1214.0,1227.6,1176.6,1213.1,86762
SOBHA,2026-10-05,1214.0,1229.8,1187.8,1198.2,136038
SOFTTECH,2026-09-28,501.0,501.0,482.0,495.0,2982
SOFTTECH,2026-09-29,505.0,510.0,484.55,502.85,16051
SOFTTECH,2026-09-30,522.0,522.0,492.5,493.5,17609
SOFTTECH,2026-10-01,475.35,492.45,468.85,474.3,3354
SOFTTECH,2026-10-05,477.25,487.45,455.35,462.15,4795
SOLARA,2026-09-29,735.0,767.9,730.1,749.85,423670
SOLARA,2026-09-30,759.0,759.0,720.0,725.4,177501
SOLARA,2026-10-01,726.0,736.95,698.0,714.85,244820
SOLARA,2026-10-02,714.85,714.85,714.85,714.85,0
SOLARA,2026-10-05,720.0,724.8,673.1,676.9,290504
SOLARINDS,2026-09-28,19750.0,19750.0,18970.0,19150.0,159878
SOLARINDS,2026-09-29,19125.0,19400.0,18650.0,18650.0,226436
SOLARINDS,2026-09-30,19030.0,19820.0,19030.0,19700.0,302167
SOLARINDS,2026-10-01,19588.0,19673.0,18786.0,19400.0,204788
SOLARINDS,2026-10-05,19450.0,19616.0,19275.0,19540.0,114854
SOLARWORLD,2026-09-29,131.03,132.53,126.2,128.98,305013
SOLARWORLD,2026-09-30,128.75,137.56,128.0,129.28,320705
SOLARWORLD,2026-10-01,129.71,132.9,123.35,125.55,444801
SOLARWORLD,2026-10-02,125.55,125.55,125.55,125.55,0
SOLARWORLD,2026-10-05,127.0,128.08,122.92,123.94,221817
SOLEX,2026-09-28,705.2,719.5,686.05,695.45,38106
SOLEX,2026-09-29,695.45,698.6,678.8,688.55,38674
SOLEX,2026-09-30,694.7,704.7,675.05,678.85,27975
SOLEX,2026-10-01,677.5,680.0,655.0,670.95,24793
SOLEX,2026-10-05,683.75,692.65,676.0,682.2,47108
SOMANYCERA,2026-09-29,614.45,624.95,610.7,613.85,68751
SOMANYCERA,2026-09-30,614.0,622.0,606.55,617.75,64566
SOMANYCERA,2026-10-01,617.7,619.0,597.2,614.2,95859
SOMANYCERA,2026-10-02,614.2,614.2,614.2,614.2,0
SOMANYCERA,2026-10-05,614.0,627.8,608.25,610.9,85158
SOMATEX,2026-09-28,81.8,81.8,79.4,80.35,4765
SOMATEX,2026-09-29,80.0,81.99,77.8,81.52,15615
SOMATEX,2026-09-30,79.35,81.7,79.05,79.16,1858
SOMATEX,2026-10-01,79.95,79.95,75.3,75.76,8587
SOMATEX,2026-10-05,77.78,77.78,74.5,75.65,5686
SOMICONVEY,2026-09-28,89.2,91.79,89.0,89.18,7058
SOMICONVEY,2026-09-29,91.68,91.68,88.26,88.62,5800
SOMICONVEY,2026-09-30,88.1,89.98,87.5,89.31,5523
SOMICONVEY,2026-10-01,90.99,90.99,82.0,83.73,13867
SOMICONVEY,2026-10-05,84.25,88.75,82.9,83.43,78797
SONA,2026-09-28,100.1,100.6,96.95,96.95,513848
SONA,2026-09-29,96.1,99.99,96.1,98.41,378373
SONA,2026-09-30,97.98,99.7,95.2,96.03,197715
SONA,2026-10-01,95.5,97.0,91.5,92.47,238440
SONA,2026-10-05,91.0,93.45,88.1,92.6,144823
SONACOMS,2026-09-29,808.0,827.8,797.7,815.65,4300310
SONACOMS,2026-09-30,821.95,837.0,816.4,830.0,2734579
SONACOMS,2026-10-01,828.0,828.55,783.65,805.0,3497748
SONACOMS,2026-10-02,805.0,805.0,805.0,805.0,0
SONACOMS,2026-10-05,803.75,803.75,785.6,797.0,2049996
SONAL,2026-09-28,85.0,92.0,83.32,92.0,127
SONAL,2026-09-29,87.5,91.75,87.4,91.72,508
SONAL,2026-09-30,90.0,90.18,87.5,87.56,94
SONAL,2026-10-01,87.56,87.56,87.56,87.56,0
SONAL,2026-10-02,87.56,87.56,87.56,87.56,0
SONAMAC,2026-09-25,31.0,31.0,31.0,31.0,1000
SONAMAC,2026-09-28,31.0,31.0,31.0,31.0,2000
SONAMAC,2026-09-29,31.0,31.0,31.0,31.0,0
SONAMAC,2026-09-30,30.6,31.05,30.55,31.05,3000
SONAMAC,2026-10-01,30.0,31.95,29.5,29.85,22000
SONAMLTD,2026-09-28,70.0,70.82,68.0,69.54,73220
SONAMLTD,2026-09-29,69.57,71.9,67.75,68.4,90979
SONAMLTD,2026-09-30,68.47,70.25,68.0,68.15,117828
SONAMLTD,2026-10-01,68.5,69.95,65.96,68.95,33183
SONAMLTD,2026-10-05,70.2,70.2,67.0,69.94,84663
SONATSOFTW,2026-09-29,272.05,276.2,258.2,260.85,2520359
SONATSOFTW,2026-09-30,260.85,267.4,257.0,258.25,817817
SONATSOFTW,2026-10-01,258.55,264.95,249.2,254.05,852770
SONATSOFTW,2026-10-02,254.05,254.05,254.05,254.05,0
SONATSOFTW,2026-10-05,258.85,263.2,252.3,254.0,963732
SONUINFRA,2026-09-25,42.75,44.0,42.75,44.0,21000
SONUINFRA,2026-09-28,46.1,46.1,41.85,44.0,16500
SONUINFRA,2026-09-29,41.8,45.8,41.8,45.8,12000
SONUINFRA,2026-09-30,45.0,45.0,43.55,43.55,7500
SONUINFRA,2026-10-01,41.6,42.0,41.6,41.6,9000
SOTAC,2026-09-25,90.05,90.05,90.05,90.05,0
SOTAC,2026-09-28,90.05,90.05,90.05,90.05,0
SOTAC,2026-09-29,90.05,90.05,90.05,90.05,0
SOTAC,2026-09-30,90.05,90.05,90.05,90.05,0
SOTAC,2026-10-01,90.05,90.05,90.05,90.05,1200
SOTL,2026-09-29,703.5,721.0,694.1,717.0,192685
SOTL,2026-09-30,860.4,860.4,711.4,718.8,2590903
SOTL,2026-10-01,718.0,734.6,704.2,729.5,296616
SOTL,2026-10-02,729.5,729.5,729.5,729.5,0
SOTL,2026-10-05,735.0,736.0,716.8,727.2,200693
SOUTHBANK,2026-09-29,48.54,49.41,47.85,48.71,10559473
SOUTHBANK,2026-09-30,48.9,49.67,48.0,48.24,15754423
SOUTHBANK,2026-10-01,47.89,48.25,46.8,47.44,12229088
SOUTHBANK,2026-10-02,47.44,47.44,47.44,47.44,0
SOUTHBANK,2026-10-05,48.45,48.7,47.8,48.54,10708341
SOUTHWEST,2026-09-29,188.8,197.05,182.82,183.41,110534
SOUTHWEST,2026-09-30,183.5,186.28,180.35,182.49,62445
SOUTHWEST,2026-10-01,182.49,185.0,177.54,181.7,122218
SOUTHWEST,2026-10-02,181.7,181.7,181.7,181.7,0
SOUTHWEST,2026-10-05,186.0,201.0,179.45,195.58,377507
SPAL,2026-09-28,971.1,971.1,944.1,948.5,13590
SPAL,2026-09-29,950.0,953.8,930.6,935.8,19945
SPAL,2026-09-30,940.0,970.0,940.0,964.6,35667
SPAL,2026-10-01,964.6,966.15,905.8,935.6,57570
SPAL,2026-10-05,965.15,969.65,930.05,937.9,26626
SPANDANA,2026-09-28,225.5,229.01,221.1,228.35,192055
SPANDANA,2026-09-29,228.35,231.3,225.1,226.67,96391
SPANDANA,2026-09-30,226.68,231.0,219.01,220.76,304252
SPANDANA,2026-10-01,220.97,221.03,214.0,216.34,186398
SPANDANA,2026-10-05,217.0,218.57,211.02,213.52,162492
SPARC,2026-09-28,209.0,211.67,201.62,202.85,1280826
SPARC,2026-09-29,204.5,211.0,203.3,208.85,1452486
SPARC,2026-09-30,208.85,210.65,196.0,197.19,1366000
SPARC,2026-10-01,197.19,197.89,189.01,194.13,1071707
SPARC,2026-10-05,194.56,201.59,190.2,191.26,837747
SPCENET,2026-09-28,3.35,3.44,3.23,3.29,330820
SPCENET,2026-09-29,3.23,3.36,3.15,3.19,569986
SPCENET,2026-09-30,3.16,3.35,3.15,3.18,450589
SPCENET,2026-10-01,3.24,3.35,3.17,3.24,420090
SPCENET,2026-10-05,3.33,3.38,3.13,3.22,490373
SPCL,2026-09-25,65.25,65.95,65.15,65.65,9000
SPCL,2026-09-28,65.15,68.0,64.0,67.1,18600
SPCL,2026-09-29,64.15,66.5,64.15,64.9,11400
SPCL,2026-09-30,64.55,64.55,61.35,62.35,24000
SPCL,2026-10-01,63.0,63.75,61.1,61.95,16800
SPECIALITY,2026-09-28,153.0,154.0,150.5,150.89,13417
SPECIALITY,2026-09-29,151.0,156.0,148.0,153.99,15975
SPECIALITY,2026-09-30,153.0,154.85,151.0,154.1,15753
SPECIALITY,2026-10-01,157.5,158.0,149.0,153.5,25371
SPECIALITY,2026-10-05,157.0,157.0,151.0,154.91,17708
SPECTRUM,2026-09-28,3510.0,3665.8999,3373.0,3578.7,7291
SPECTRUM,2026-09-29,3624.0,3757.0,3595.0,3720.8999,28315
SPECTRUM,2026-09-30,3830.0,3879.8,3650.1001,3846.1001,13516
SPECTRUM,2026-10-01,3980.0,3980.0,3656.0,3853.3999,8519
SPECTRUM,2026-10-05,3898.2,3958.5,3660.8,3839.1001,7191
SPECTSTM,2026-09-25,56.8,62.8,54.0,60.35,39200
SPECTSTM,2026-09-28,57.0,57.0,54.25,55.5,39200
SPECTSTM,2026-09-29,57.95,61.9,57.95,60.0,6400
SPECTSTM,2026-09-30,54.05,61.5,53.95,61.5,80800
SPECTSTM,2026-10-01,57.05,59.9,57.0,59.9,2400
SPELS,2026-09-29,124.89,124.89,124.89,124.89,0
SPELS,2026-09-30,124.89,124.89,124.89,124.89,0
SPELS,2026-10-01,124.89,124.89,124.89,124.89,0
SPELS,2026-10-02,124.89,124.89,124.89,124.89,0
SPELS,2026-10-05,118.65,118.65,118.65,118.65,13961
SPENCERS,2026-09-28,28.5,28.52,27.11,27.41,17383
SPENCERS,2026-09-29,27.41,27.99,27.06,27.4,21309
SPENCERS,2026-09-30,27.4,27.59,26.5,26.71,37693
SPENCERS,2026-10-01,27.0,27.0,25.99,26.24,37655
SPENCERS,2026-10-05,26.2,26.8,25.52,26.39,14869
SPIC,2026-09-29,62.53,63.9,62.06,63.47,215758
SPIC,2026-09-30,63.47,64.24,63.43,63.94,140574
SPIC,2026-10-01,63.7,63.7,61.5,62.23,234104
SPIC,2026-10-02,62.23,62.23,62.23,62.23,0
SPIC,2026-10-05,62.05,63.72,61.44,62.19,238526
SPLIL,2026-09-28,31.4,31.4,29.7,29.87,8849
SPLIL,2026-09-29,29.76,30.5,29.6,29.89,1527
SPLIL,2026-09-30,30.5,30.5,28.72,29.24,5213
SPLIL,2026-10-01,29.6,29.6,28.11,28.5,3855
SPLIL,2026-10-05,29.6,29.6,28.01,28.94,8177
SPLPETRO,2026-09-29,867.0,881.9,820.05,831.85,902463
SPLPETRO,2026-09-30,834.9,855.0,801.65,808.2,247547
SPLPETRO,2026-10-01,808.2,810.0,764.9,780.45,227873
SPLPETRO,2026-10-02,780.45,780.45,780.45,780.45,0
SPLPETRO,2026-10-05,780.45,805.0,768.3,798.35,205144
SPMLINFRA,2026-09-28,163.0,165.44,160.23,161.42,114032
SPMLINFRA,2026-09-29,160.0,165.0,158.98,162.07,105856
SPMLINFRA,2026-09-30,161.0,164.91,159.5,161.02,99740
SPMLINFRA,2026-10-01,161.86,167.3,155.41,159.31,255283
SPMLINFRA,2026-10-05,159.31,165.9,156.1,158.29,153588
SPORTKING,2026-09-29,208.0,213.9,203.31,212.16,247793
SPORTKING,2026-09-30,212.2,217.61,208.1,210.5,121292
SPORTKING,2026-10-01,210.88,211.77,202.16,208.54,166056
SPORTKING,2026-10-02,208.54,208.54,208.54,208.54,0
SPORTKING,2026-10-05,205.1,208.54,192.0,193.53,613909
SPRL,2026-09-25,120.35,120.35,120.35,120.35,0
SPRL,2026-09-28,120.35,120.35,120.35,120.35,0
SPRL,2026-09-29,132.65,132.65,132.65,132.65,800
SPRL,2026-09-30,139.25,139.25,139.25,139.25,1600
SPRL,2026-10-01,146.2,146.2,146.2,146.2,1600
SRD,2026-09-28,39.19,39.89,38.5,39.03,13752
SRD,2026-09-29,39.05,39.5,37.98,38.78,27031
SRD,2026-09-30,39.4,39.74,37.95,38.54,52650
SRD,2026-10-01,38.01,38.88,38.01,38.08,3040
SRD,2026-10-05,38.3,38.98,37.4,37.7,17406
SREEL,2026-09-28,308.7,308.7,295.0,296.09,10379
SREEL,2026-09-29,299.22,301.0,286.12,288.86,9417
SREEL,2026-09-30,291.74,295.0,282.0,287.59,18887
SREEL,2026-10-01,294.2,301.95,284.0,292.6,20973
SREEL,2026-10-05,298.85,298.85,282.2,290.8,9154
SRF,2026-09-28,2527.3,2527.3,2487.3999,2491.5,183054
SRF,2026-09-29,2491.8,2498.7,2417.8999,2420.1001,290746
SRF,2026-09-30,2450.3,2502.1001,2450.3,2472.5,292029
SRF,2026-10-01,2472.5,2494.8999,2431.7,2486.2,352530
SRF,2026-10-05,2484.8999,2495.0,2442.0,2460.0,204467
SRGHFL,2026-09-29,137.2,139.45,135.05,138.7,3048
SRGHFL,2026-09-30,135.1,144.6,135.1,136.4,16267
SRGHFL,2026-10-01,135.14,138.5,135.0,135.77,5172
SRGHFL,2026-10-02,135.77,135.77,135.77,135.77,0
SRGHFL,2026-10-05,137.0,138.65,128.99,128.99,6758
SRHHYPOLTD,2026-09-29,570.0,595.95,560.1,575.5,37670
SRHHYPOLTD,2026-09-30,581.35,583.45,563.0,563.9,17963
SRHHYPOLTD,2026-10-01,564.0,569.3,532.75,543.6,25322
SRHHYPOLTD,2026-10-02,543.6,543.6,543.6,543.6,0
SRHHYPOLTD,2026-10-05,548.0,554.95,532.9,537.3,19380
SRIKPRIND,2026-09-28,28.0,28.0,25.95,27.78,3487
SRIKPRIND,2026-09-29,27.78,27.78,26.4,27.48,923
SRIKPRIND,2026-09-30,26.11,28.0,26.11,26.25,1518
SRIKPRIND,2026-10-01,27.55,27.55,24.94,27.49,2861
SRIKPRIND,2026-10-05,27.49,27.75,26.12,26.12,3726
SRIVASAVI,2026-09-25,86.5,86.5,85.95,85.95,2000
SRIVASAVI,2026-09-28,84.2,84.25,81.7,81.7,19000
SRIVASAVI,2026-09-29,77.65,77.65,77.65,77.65,5000
SRIVASAVI,2026-09-30,77.65,77.65,77.65,77.65,1000
SRIVASAVI,2026-10-01,77.65,77.65,73.8,73.8,21000
SRM,2026-09-28,412.1,414.2,404.05,407.35,37997
SRM,2026-09-29,408.55,415.2,400.4,408.25,37125
SRM,2026-09-30,413.0,416.9,400.75,404.4,42098
SRM,2026-10-01,401.3,408.55,391.65,398.75,48009
SRM,2026-10-05,405.25,405.6,394.1,398.65,35369
SRTL,2026-09-28,38.25,38.33,37.0,37.2,13453
SRTL,2026-09-29,37.75,38.0,36.5,37.35,12493
SRTL,2026-09-30,37.75,37.75,36.63,37.26,7793
SRTL,2026-10-01,37.57,37.57,35.93,36.4,23749
SRTL,2026-10-05,36.01,37.28,36.0,36.1,12343
SSDL,2026-09-28,77.5,86.0,76.0,81.52,1315517
SSDL,2026-09-29,86.52,86.78,82.19,83.92,411654
SSDL,2026-09-30,80.88,80.88,74.3,75.81,224216
SSDL,2026-10-01,74.11,74.51,68.12,69.39,175616
SSDL,2026-10-05,69.38,76.0,68.41,69.75,141385
SSFL,2026-09-25,282.7,288.1,280.05,288.1,7000
SSFL,2026-09-28,288.1,301.95,282.0,282.0,7500
SSFL,2026-09-29,282.0,282.0,277.05,282.0,4500
SSFL,2026-09-30,279.2,289.9,279.2,280.1,5500
SSFL,2026-10-01,282.0,284.95,280.6,284.95,3000
SSRETAIL,2026-09-29,742.15,775.75,691.0,746.85,16835075
SSRETAIL,2026-09-30,756.05,761.6,725.3,749.5,13357301
SSRETAIL,2026-10-01,738.05,745.0,692.3,714.35,8031732
SSRETAIL,2026-10-02,714.35,714.35,714.35,714.35,0
SSRETAIL,2026-10-05,712.05,712.05,666.4,677.15,6132724
SSWL,2026-09-29,390.85,404.7,378.6,400.65,2695286
SSWL,2026-09-30,405.4,413.75,403.2,408.1,1299841
SSWL,2026-10-01,409.0,419.8,378.2,390.8,3280912
SSWL,2026-10-02,390.8,390.8,390.8,390.8,0
SSWL,2026-10-05,393.5,412.4,385.2,410.55,1790927
STALLION,2026-09-28,228.02,228.95,219.3,221.54,121061
STALLION,2026-09-29,224.0,224.85,210.47,219.58,299520
STALLION,2026-09-30,221.1,230.55,221.1,230.55,312277
STALLION,2026-10-01,230.8,239.2,224.0,231.81,417129
STALLION,2026-10-05,231.0,235.0,220.22,224.61,232370
STANLEY,2026-09-29,133.35,145.0,133.34,137.58,340920
STANLEY,2026-09-30,136.34,141.99,135.25,136.31,136853
STANLEY,2026-10-01,136.01,141.49,133.22,136.22,224510
STANLEY,2026-10-02,136.22,136.22,136.22,136.22,0
STANLEY,2026-10-05,136.22,139.05,133.72,135.11,63052
STAR,2026-09-28,1175.8,1186.0,1148.2,1151.4,115834
STAR,2026-09-29,1143.1,1182.5,1131.0,1172.6,229635
STAR,2026-09-30,1167.0,1174.5,1110.0,1120.0,447494
STAR,2026-10-01,1108.4,1122.0,1076.0,1084.8,340843
STAR,2026-10-05,1087.0,1109.9,1077.6,1086.7,108277
STARCEMENT,2026-09-28,187.18,187.18,182.0,182.42,115025
STARCEMENT,2026-09-29,182.33,182.33,175.2,178.1,649952
STARCEMENT,2026-09-30,179.67,183.15,179.08,181.96,123938
STARCEMENT,2026-10-01,179.43,181.33,175.5,178.39,171575
STARCEMENT,2026-10-05,178.0,179.28,175.26,176.03,78392
STARHEALTH,2026-09-29,550.0,561.65,535.9,538.1,631624
STARHEALTH,2026-09-30,538.1,542.8,531.35,534.65,240982
STARHEALTH,2026-10-01,536.45,543.0,523.05,537.7,1268853
STARHEALTH,2026-10-02,537.7,537.7,537.7,537.7,0
STARHEALTH,2026-10-05,535.25,541.6,531.1,535.25,407562
STARPAPER,2026-09-28,155.06,157.25,151.11,151.52,2005
STARPAPER,2026-09-29,152.0,153.8,150.0,153.03,7247
STARPAPER,2026-09-30,153.06,158.0,150.03,152.52,6486
STARPAPER,2026-10-01,152.52,156.4,150.01,151.81,5035
STARPAPER,2026-10-05,151.0,155.51,150.02,152.01,2960
STARTECK,2026-09-28,269.0,315.0,261.95,314.0,14621
STARTECK,2026-09-29,340.0,350.0,315.6,335.4,57813
STARTECK,2026-09-30,334.8,334.8,301.9,306.95,7138
STARTECK,2026-10-01,313.9,313.9,288.05,290.95,1606
STARTECK,2026-10-05,298.0,302.95,265.7,275.45,769
STCINDIA,2026-09-28,108.49,109.29,106.8,106.91,12115
STCINDIA,2026-09-29,107.7,107.95,105.0,106.98,12618
STCINDIA,2026-09-30,108.99,112.0,108.1,109.14,20049
STCINDIA,2026-10-01,110.0,110.0,105.1,105.96,11515
STCINDIA,2026-10-05,106.01,107.5,105.0,105.27,12995
STEAMHOUSE,2026-09-28,111.0,111.65,106.85,107.57,3252011
STEAMHOUSE,2026-09-29,107.52,114.0,106.0,110.86,4482102
STEAMHOUSE,2026-09-30,111.4,113.85,110.3,110.94,3547240
STEAMHOUSE,2026-10-01,111.25,111.94,103.11,106.51,4239910
STEAMHOUSE,2026-10-05,109.1,110.71,105.85,107.66,2975863
STEELCAS,2026-09-28,379.5,380.05,365.35,370.75,197288
STEELCAS,2026-09-29,368.0,380.6,363.1,371.8,208433
STEELCAS,2026-09-30,372.8,380.1,366.1,377.2,169841
STEELCAS,2026-10-01,374.9,377.0,343.95,356.45,349563
STEELCAS,2026-10-05,359.9,365.4,346.55,363.7,151453
STEELCITY,2026-09-28,80.82,82.34,80.01,81.88,5130
STEELCITY,2026-09-29,80.52,82.39,80.52,82.18,3684
STEELCITY,2026-09-30,82.11,82.78,80.73,81.35,3777
STEELCITY,2026-10-01,82.39,82.39,80.0,80.11,6534
STEELCITY,2026-10-05,81.99,83.8,81.5,82.52,5484
STEELXIND,2026-09-29,11.11,11.29,10.94,11.19,4198763
STEELXIND,2026-09-30,11.2,11.74,11.2,11.42,7015322
STEELXIND,2026-10-01,11.4,11.45,11.07,11.22,4501675
STEELXIND,2026-10-02,11.22,11.22,11.22,11.22,0
STEELXIND,2026-10-05,11.23,11.56,11.1,11.12,5966946
STEL,2026-09-28,619.3,626.05,600.05,608.7,4923
STEL,2026-09-29,611.8,618.45,592.75,597.95,1691
STEL,2026-09-30,615.4,622.0,561.25,570.1,11379
STEL,2026-10-01,551.3,580.5,551.3,574.15,2660
STEL,2026-10-05,592.0,592.0,559.8,567.7,1993
STERTOOLS,2026-09-29,226.0,226.0,215.28,221.24,27442
STERTOOLS,2026-09-30,221.98,229.8,215.0,218.31,18805
STERTOOLS,2026-10-01,221.0,234.9,215.0,224.28,121325
STERTOOLS,2026-10-02,224.28,224.28,224.28,224.28,0
STERTOOLS,2026-10-05,225.5,229.0,218.0,218.78,27222
STLNETWORK,2026-09-29,51.0,51.09,49.46,49.46,16727248
STLNETWORK,2026-09-30,51.93,51.93,48.48,48.97,26400187
STLNETWORK,2026-10-01,48.82,50.35,46.53,47.18,13627273
STLNETWORK,2026-10-02,47.18,47.18,47.18,47.18,0
STLNETWORK,2026-10-05,47.0,47.0,44.83,44.84,13766834
STLSTRINF,2026-09-28,24.0,24.3,22.86,23.8,5237
STLSTRINF,2026-09-29,23.0,24.5,22.5,23.0,4936
STLSTRINF,2026-09-30,23.01,24.44,22.12,22.25,7368
STLSTRINF,2026-10-01,22.25,23.81,21.26,21.52,7360
STLSTRINF,2026-10-05,22.99,22.99,21.25,22.1,904
STLTECH,2026-09-29,803.0,866.6,792.1,866.6,3661693
STLTECH,2026-09-30,909.9,909.9,909.9,909.9,1691349
STLTECH,2026-10-01,955.35,955.35,889.0,955.35,5594054
STLTECH,2026-10-02,955.35,955.35,955.35,955.35,0
STLTECH,2026-10-05,952.4,1003.1,932.0,1001.25,3877431
STOVEKRAFT,2026-09-29,796.0,820.1,795.0,813.65,55896
STOVEKRAFT,2026-09-30,809.6,823.8,791.1,794.95,70280
STOVEKRAFT,2026-10-01,796.0,816.7,787.05,809.15,170167
STOVEKRAFT,2026-10-02,809.15,809.15,809.15,809.15,0
STOVEKRAFT,2026-10-05,815.0,827.3,802.7,806.4,49778
STUDDS,2026-09-28,413.2,413.2,396.0,398.0,50079
STUDDS,2026-09-29,400.0,400.0,395.0,395.65,27815
STUDDS,2026-09-30,398.5,404.0,389.45,393.85,55228
STUDDS,2026-10-01,397.0,407.0,389.15,399.85,48629
STUDDS,2026-10-05,396.8,410.85,395.15,403.1,45692
STYL,2026-09-28,377.0,381.15,365.05,370.35,99818
STYL,2026-09-29,373.75,383.35,360.3,368.8,243419
STYL,2026-09-30,372.15,377.8,368.2,369.95,48584
STYL,2026-10-01,369.0,375.0,357.45,366.0,122778
STYL,2026-10-05,365.35,368.65,356.0,358.55,43034
STYLAMIND,2026-09-29,3281.3,3410.0,3252.1001,3336.3999,99369
STYLAMIND,2026-09-30,3317.2,3348.0,3287.7,3308.7,14001
STYLAMIND,2026-10-01,3308.2,3317.8,3158.1001,3219.8999,52489
STYLAMIND,2026-10-02,3219.8999,3219.8999,3219.8999,3219.8999,0
STYLAMIND,2026-10-05,3268.0,3341.0,3218.1001,3325.2,37896
STYLEBAAZA,2026-09-29,395.15,407.95,385.0,405.0,2149007
STYLEBAAZA,2026-09-30,409.0,409.0,384.75,384.75,1886372
STYLEBAAZA,2026-10-01,391.0,391.1,365.55,368.35,1627432
STYLEBAAZA,2026-10-02,368.35,368.35,368.35,368.35,0
STYLEBAAZA,2026-10-05,365.1,374.9,354.05,359.9,640771
STYRENIX,2026-09-28,2069.0,2074.7,2031.6,2036.4,22249
STYRENIX,2026-09-29,2035.4,2035.4,1969.7,2000.8,85384
STYRENIX,2026-09-30,2001.0,2044.6,1993.4,2015.5,21522
STYRENIX,2026-10-01,2005.2,2072.0,1950.3,2055.0,55786
STYRENIX,2026-10-05,2064.8999,2066.1001,1996.1,2015.0,40885
SUBEXLTD,2026-09-28,21.42,21.54,20.2,20.33,10752314
SUBEXLTD,2026-09-29,20.31,20.65,19.73,20.35,8281592
SUBEXLTD,2026-09-30,20.6,20.89,19.6,19.73,10266212
SUBEXLTD,2026-10-01,19.7,19.9,18.46,19.34,10635459
SUBEXLTD,2026-10-05,19.5,20.24,19.11,19.21,8964942
SUBROS,2026-09-28,720.0,720.0,694.8,700.3,37760
SUBROS,2026-09-29,702.65,712.7,689.0,702.2,45674
SUBROS,2026-09-30,702.2,710.45,693.0,699.35,18044
SUBROS,2026-10-01,699.0,699.0,677.05,684.9,33612
SUBROS,2026-10-05,680.1,697.5,672.9,675.85,34316
SUDARCOLOR,2026-09-28,390.0,396.85,386.0,387.9,4042
SUDARCOLOR,2026-09-29,394.9,394.9,380.55,383.7,1632
SUDARCOLOR,2026-09-30,380.9,390.0,375.0,376.95,2873
SUDARCOLOR,2026-10-01,377.0,383.0,362.5,368.1,4435
SUDARCOLOR,2026-10-05,365.1,379.85,365.1,365.65,2203
SUDARSCHEM,2026-09-28,1216.0,1225.3,1193.1,1199.6,94601
SUDARSCHEM,2026-09-29,1205.0,1209.8,1166.5,1197.3,146487
SUDARSCHEM,2026-09-30,1203.8,1241.6,1195.0,1203.9,406263
SUDARSCHEM,2026-10-01,1198.2,1249.7,1184.5,1241.5,425401
SUDARSCHEM,2026-10-05,1245.0,1260.0,1224.1,1229.2,131105
SUDEEPPHRM,2026-09-28,1192.0,1192.0,1124.1,1138.8,146912
SUDEEPPHRM,2026-09-29,1138.8,1195.7,1138.8,1195.2,314140
SUDEEPPHRM,2026-09-30,1195.1,1249.8,1181.5,1205.8,176078
SUDEEPPHRM,2026-10-01,1222.2,1237.3,1171.1,1199.8,205622
SUDEEPPHRM,2026-10-05,1220.0,1247.9,1155.1,1173.4,159643
SUKHJITS,2026-09-28,160.05,161.45,157.0,157.1,8219
SUKHJITS,2026-09-29,159.05,159.84,156.69,157.95,7250
SUKHJITS,2026-09-30,158.01,158.62,155.05,156.42,5663
SUKHJITS,2026-10-01,155.05,158.09,150.3,150.93,15465
SUKHJITS,2026-10-05,155.8,155.89,149.08,150.98,6500
SULA,2026-09-28,135.0,135.99,133.0,133.5,161627
SULA,2026-09-29,133.5,135.0,131.55,131.77,176993
SULA,2026-09-30,132.0,134.67,132.0,133.3,137957
SULA,2026-10-01,133.3,133.5,130.0,130.94,255283
SULA,2026-10-05,132.0,133.73,131.41,132.33,130185
SUMEDHA,2026-09-28,42.75,45.99,40.1,43.96,3643
SUMEDHA,2026-09-29,43.92,45.03,43.0,43.63,394
SUMEDHA,2026-09-30,44.5,46.9,44.0,45.48,1311
SUMEDHA,2026-10-01,45.95,45.95,43.0,43.42,4643
SUMEDHA,2026-10-05,43.0,43.75,40.15,42.0,2721
SUMEETINDS,2026-09-29,11.28,11.5,11.06,11.2,655070
SUMEETINDS,2026-09-30,11.45,11.66,10.71,10.92,833546
SUMEETINDS,2026-10-01,10.71,10.91,10.38,10.38,781688
SUMEETINDS,2026-10-02,10.38,10.38,10.38,10.38,0
SUMEETINDS,2026-10-05,10.6,10.89,10.4,10.89,599994
SUMICHEM,2026-09-29,435.0,435.1,424.6,431.15,221398
SUMICHEM,2026-09-30,430.0,445.9,430.0,433.25,261894
SUMICHEM,2026-10-01,426.25,432.15,408.2,417.6,886386
SUMICHEM,2026-10-02,417.6,417.6,417.6,417.6,0
SUMICHEM,2026-10-05,418.45,428.4,411.15,414.7,290766
SUMIT,2026-09-28,51.5,51.5,47.09,49.52,35655
SUMIT,2026-09-29,51.0,51.0,47.07,49.97,19588
SUMIT,2026-09-30,49.97,52.0,49.0,49.59,12830
SUMIT,2026-10-01,50.0,50.0,44.0,47.76,13580
SUMIT,2026-10-05,51.5,51.5,48.1,50.64,53151
SUMMITSEC,2026-09-28,1400.0,1409.0,1330.1,1337.4,9444
SUMMITSEC,2026-09-29,1352.7,1352.7,1312.1,1322.6,1753
SUMMITSEC,2026-09-30,1330.4,1336.4,1305.0,1318.9,2412
SUMMITSEC,2026-10-01,1301.0,1329.9,1301.0,1315.5,1213
SUMMITSEC,2026-10-05,1315.0,1340.9,1305.0,1314.8,1590
SUNCLAY,2026-09-28,1253.8,1253.8,1228.0,1229.9,14053
SUNCLAY,2026-09-29,1245.2,1272.0,1228.0,1231.5,6088
SUNCLAY,2026-09-30,1239.7,1249.2,1225.0,1228.9,4681
SUNCLAY,2026-10-01,1233.0,1237.1,1168.1,1183.0,12518
SUNCLAY,2026-10-05,1192.2,1209.0,1172.0,1174.8,5222
SUNDARAM,2026-09-28,1.15,1.15,1.12,1.13,160962
SUNDARAM,2026-09-29,1.13,1.15,1.1,1.1,586450
SUNDARAM,2026-09-30,1.1,1.12,1.05,1.09,613063
SUNDARAM,2026-10-01,1.09,1.1,1.04,1.08,874908
SUNDARAM,2026-10-05,1.11,1.11,1.07,1.09,354338
SUNDARMFIN,2026-09-29,4462.7998,4462.7998,4310.1001,4334.7998,51607
SUNDARMFIN,2026-09-30,4325.0,4407.7998,4315.0,4355.0,54266
SUNDARMFIN,2026-10-01,4354.0,4414.7002,4286.0,4395.8999,39347
SUNDARMFIN,2026-10-02,4395.8999,4395.8999,4395.8999,4395.8999,0
SUNDARMFIN,2026-10-05,4400.0,4428.8999,4222.2998,4268.3999,52587
SUNDRMBRAK,2026-09-28,734.0,734.0,692.0,698.8,2691
SUNDRMBRAK,2026-09-29,681.0,694.5,669.0,671.75,1060
SUNDRMBRAK,2026-09-30,684.0,684.0,672.6,676.05,396
SUNDRMBRAK,2026-10-01,677.4,680.4,665.0,669.95,2427
SUNDRMBRAK,2026-10-05,693.4,728.0,678.0,681.3,1510
SUNDRMFAST,2026-09-29,1169.8,1170.9,1132.8,1143.2,696456
SUNDRMFAST,2026-09-30,1146.4,1159.0,1135.0,1139.3,74514
SUNDRMFAST,2026-10-01,1139.3,1142.9,1106.1,1123.6,145775
SUNDRMFAST,2026-10-02,1123.6,1123.6,1123.6,1123.6,0
SUNDRMFAST,2026-10-05,1128.9,1138.0,1110.1,1115.6,72126
SUNDROP,2026-09-28,764.4,764.4,739.75,740.2,20187
SUNDROP,2026-09-29,734.0,753.0,715.95,750.75,23591
SUNDROP,2026-09-30,758.25,761.9,740.0,745.2,6739
SUNDROP,2026-10-01,747.4,759.0,728.7,753.15,30756
SUNDROP,2026-10-05,749.4,758.0,740.3,748.6,12847
SUNFLAG,2026-09-29,459.4,469.0,435.15,464.3,2158845
SUNFLAG,2026-09-30,465.0,471.0,447.6,456.05,624779
SUNFLAG,2026-10-01,443.4,454.8,433.25,433.5,420955
SUNFLAG,2026-10-02,433.5,433.5,433.5,433.5,0
SUNFLAG,2026-10-05,442.0,455.15,412.2,455.0,820271
SUNLOC,2026-09-28,70.9,70.9,70.9,70.9,1
SUNLOC,2026-09-29,68.0,68.0,68.0,68.0,2
SUNLOC,2026-09-30,74.8,74.8,68.7,68.8,336
SUNLOC,2026-10-01,74.0,74.0,70.1,70.1,1432
SUNLOC,2026-10-05,73.9,73.9,66.01,68.0,221
SUNPHARMA,2026-09-29,1853.9,1865.0,1836.6,1865.0,3083083
SUNPHARMA,2026-09-30,1861.3,1863.6,1814.2,1816.6,2401495
SUNPHARMA,2026-10-01,1815.0,1828.7,1792.6,1801.0,2314700
SUNPHARMA,2026-10-02,1801.0,1801.0,1801.0,1801.0,0
SUNPHARMA,2026-10-05,1785.0,1802.9,1776.7,1779.7,1290843
SUNRAKSHAK,2026-09-28,366.0,367.85,357.0,359.65,8487
SUNRAKSHAK,2026-09-29,366.9,368.3,357.0,365.6,4961
SUNRAKSHAK,2026-09-30,365.9,367.4,355.05,358.9,12756
SUNRAKSHAK,2026-10-01,358.9,363.2,350.05,358.9,5267
SUNRAKSHAK,2026-10-05,361.35,370.0,350.0,356.05,15697
SUNREST,2026-09-25,37.5,37.5,37.5,37.5,1600
SUNREST,2026-09-28,36.0,36.25,36.0,36.25,3200
SUNREST,2026-09-29,38.0,38.0,38.0,38.0,1600
SUNREST,2026-09-30,38.0,38.0,38.0,38.0,0
SUNREST,2026-10-01,35.55,35.6,35.5,35.5,6400
SUNSHIEL,2026-09-28,1172.5,1172.5,1104.5,1113.5,3467
SUNSHIEL,2026-09-29,1134.9,1139.0,1080.0,1087.5,3514
SUNSHIEL,2026-09-30,1094.8,1114.6,1034.8,1054.0,15883
SUNSHIEL,2026-10-01,1054.0,1074.0,1025.7,1059.0,3157
SUNSHIEL,2026-10-05,1088.0,1100.0,1070.1,1097.0,1725
SUNSHINE,2026-09-29,449.85,457.05,431.4,445.05,1277165
SUNSHINE,2026-09-30,447.95,467.0,443.3,453.65,290474
SUNSHINE,2026-10-01,452.95,459.7,447.5,453.0,528270
SUNSHINE,2026-10-02,453.0,453.0,453.0,453.0,0
SUNSHINE,2026-10-05,453.55,467.85,443.35,447.55,155851
SUNTECK,2026-09-28,281.0,282.15,275.1,276.75,163885
SUNTECK,2026-09-29,276.0,285.45,268.55,280.3,327510
SUNTECK,2026-09-30,278.6,284.0,276.0,277.4,67009
SUNTECK,2026-10-01,277.0,281.6,270.8,279.45,137778
SUNTECK,2026-10-05,280.9,282.25,276.6,278.15,85315
SUNTV,2026-09-28,510.6,533.0,506.1,519.9,1271129
SUNTV,2026-09-29,519.6,559.95,510.45,553.25,3444850
SUNTV,2026-09-30,555.0,663.9,554.05,605.0,34672457
SUNTV,2026-10-01,588.0,610.0,574.15,599.9,6014245
SUNTV,2026-10-05,597.0,635.8,595.2,626.85,4762760
SUPERHOUSE,2026-09-28,166.0,166.7,160.0,160.77,3797
SUPERHOUSE,2026-09-29,160.77,164.87,159.0,159.9,1609
SUPERHOUSE,2026-09-30,161.7,164.49,159.22,160.05,3513
SUPERHOUSE,2026-10-01,162.94,162.94,151.06,154.66,6988
SUPERHOUSE,2026-10-05,154.66,158.0,154.0,155.88,2166
SUPERSPIN,2026-09-28,7.88,8.3,7.72,7.86,40000
SUPERSPIN,2026-09-29,7.54,8.0,7.54,7.7,32653
SUPERSPIN,2026-09-30,7.7,8.08,7.5,7.71,30674
SUPERSPIN,2026-10-01,7.74,7.97,7.5,7.51,86739
SUPERSPIN,2026-10-05,7.51,7.79,7.25,7.26,13257
SUPRAJIT,2026-09-28,486.0,487.0,479.1,483.6,40072
SUPRAJIT,2026-09-29,481.2,495.0,475.55,492.1,94276
SUPRAJIT,2026-09-30,495.0,495.0,479.0,481.2,43215
SUPRAJIT,2026-10-01,480.0,484.75,470.3,481.05,89227
SUPRAJIT,2026-10-05,483.0,483.05,458.15,461.5,78522
SUPREME,2026-09-28,31.0,33.0,30.95,31.55,110319
SUPREME,2026-09-29,30.2,31.75,29.06,29.77,58980
SUPREME,2026-09-30,29.84,30.89,29.48,30.42,12129
SUPREME,2026-10-01,30.53,31.87,30.25,31.08,8886
SUPREME,2026-10-05,32.0,32.5,30.5,30.91,6225
SUPREMEENG,2026-09-28,4.0,4.0,4.0,4.0,223181
SUPREMEENG,2026-09-29,4.08,4.08,4.08,4.08,260877
SUPREMEENG,2026-09-30,4.16,4.16,4.16,4.16,233489
SUPREMEENG,2026-10-01,4.24,4.24,4.24,4.24,245495
SUPREMEENG,2026-10-05,4.32,4.32,4.32,4.32,331848
SUPREMEIND,2026-09-29,3499.0,3499.0,3444.0,3445.8,129446
SUPREMEIND,2026-09-30,3462.0,3545.0,3446.1001,3451.0,139486
SUPREMEIND,2026-10-01,3437.0,3440.0,3286.8999,3380.0,167968
SUPREMEIND,2026-10-02,3380.0,3380.0,3380.0,3380.0,0
SUPREMEIND,2026-10-05,3391.0,3430.8999,3370.0,3398.8999,53297
SUPREMEINF,2026-09-28,81.29,83.0,78.0,79.72,35228
SUPREMEINF,2026-09-29,82.4,82.4,76.16,77.83,32183
SUPREMEINF,2026-09-30,84.75,84.75,73.15,73.9,95895
SUPREMEINF,2026-10-01,75.9,75.9,65.5,66.94,282079
SUPREMEINF,2026-10-05,66.0,67.65,60.61,61.59,87421
SUPREMEPWR,2026-09-25,203.0,217.95,202.7,210.5,59000
SUPREMEPWR,2026-09-28,208.2,208.2,204.0,204.95,39500
SUPREMEPWR,2026-09-29,203.0,210.0,203.0,208.0,29500
SUPREMEPWR,2026-09-30,210.0,216.85,206.35,209.15,47500
SUPREMEPWR,2026-10-01,208.1,215.0,207.15,208.4,58000
SUPRIYA,2026-09-28,982.05,1007.55,965.3,984.75,441132
SUPRIYA,2026-09-29,986.0,1019.8,971.0,985.05,548198
SUPRIYA,2026-09-30,995.25,995.95,945.2,950.25,229715
SUPRIYA,2026-10-01,942.45,948.25,913.3,931.0,209232
SUPRIYA,2026-10-05,938.65,944.95,882.2,899.55,349024
SUPTANERY,2026-09-28,9.14,9.14,9.14,9.14,52387
SUPTANERY,2026-09-29,9.0,9.59,8.69,8.86,430883
SUPTANERY,2026-09-30,8.7,8.79,8.42,8.48,210580
SUPTANERY,2026-10-01,8.1,8.87,8.06,8.06,158149
SUPTANERY,2026-10-05,7.9,8.19,7.66,7.69,301168
SURAJEST,2026-09-29,217.89,217.89,207.01,209.06,102634
SURAJEST,2026-09-30,209.0,214.82,203.24,207.69,91950
SURAJEST,2026-10-01,207.74,208.2,196.67,200.15,106451
SURAJEST,2026-10-02,200.15,200.15,200.15,200.15,0
SURAJEST,2026-10-05,200.0,215.0,200.0,208.4,145545
SURAJLTD,2026-09-28,198.15,198.15,192.0,193.45,610
SURAJLTD,2026-09-29,198.0,198.01,193.02,193.14,1326
SURAJLTD,2026-09-30,196.0,196.0,195.0,195.0,7
SURAJLTD,2026-10-01,195.0,195.0,190.0,193.51,590
SURAJLTD,2026-10-05,193.5,195.02,191.25,191.5,1033
SURAKSHA,2026-09-29,343.5,359.4,340.0,355.05,88441
SURAKSHA,2026-09-30,356.0,357.6,350.1,355.4,121095
SURAKSHA,2026-10-01,355.4,355.4,336.3,350.15,93480
SURAKSHA,2026-10-02,350.15,350.15,350.15,350.15,0
SURAKSHA,2026-10-05,353.95,354.0,330.5,331.85,69134
SURANASOL,2026-09-28,25.77,25.78,24.86,25.13,16832
SURANASOL,2026-09-29,24.83,25.01,24.3,24.51,46832
SURANASOL,2026-09-30,24.4,25.0,24.25,24.87,18686
SURANASOL,2026-10-01,24.56,24.87,23.61,24.15,31097
SURANASOL,2026-10-05,24.45,24.55,24.0,24.07,19944
SURANAT&P,2026-09-29,15.89,16.0,15.52,15.87,28165
SURANAT&P,2026-09-30,16.2,16.2,15.81,15.84,15359
SURANAT&P,2026-10-01,16.3,16.3,15.75,15.98,29325
SURANAT&P,2026-10-02,15.98,15.98,15.98,15.98,0
SURANAT&P,2026-10-05,16.0,16.19,15.59,15.65,41243
SURANI,2026-09-25,100.0,100.0,91.25,93.1,9400
SURANI,2026-09-28,89.0,105.0,89.0,98.45,6200
SURANI,2026-09-29,98.45,98.45,98.45,98.45,400
SURANI,2026-09-30,98.45,98.45,98.3,98.45,3200
SURANI,2026-10-01,100.0,104.0,100.0,100.05,4000
SURYALA,2026-09-28,387.0,388.0,376.25,382.0,2025
SURYALA,2026-09-29,382.0,387.7,376.05,376.65,309
SURYALA,2026-09-30,380.0,385.0,376.35,377.0,350
SURYALA,2026-10-01,379.95,387.7,377.35,377.5,838
SURYALA,2026-10-05,377.5,379.85,376.2,377.15,220
SURYALAXMI,2026-09-28,57.28,57.74,55.21,56.5,2180
SURYALAXMI,2026-09-29,57.0,57.56,56.11,56.63,770
SURYALAXMI,2026-09-30,58.85,60.4,58.0,58.8,6614
SURYALAXMI,2026-10-01,58.8,58.8,55.75,56.07,3228
SURYALAXMI,2026-10-05,56.5,59.66,56.5,57.5,2555
SURYAROSNI,2026-09-28,227.36,227.97,219.01,220.1,511823
SURYAROSNI,2026-09-29,220.0,224.89,218.55,220.75,377814
SURYAROSNI,2026-09-30,220.75,225.5,220.74,221.37,298508
SURYAROSNI,2026-10-01,220.0,229.66,212.71,220.67,1421013
SURYAROSNI,2026-10-05,221.9,226.06,219.76,220.41,530488
SURYODAY,2026-09-28,149.12,149.12,144.12,144.99,140150
SURYODAY,2026-09-29,145.22,146.18,143.33,144.68,140702
SURYODAY,2026-09-30,144.68,147.56,144.15,145.16,143795
SURYODAY,2026-10-01,143.18,145.25,141.09,143.55,176795
SURYODAY,2026-10-05,145.0,150.19,144.04,146.86,549969
SUTLEJTEX,2026-09-28,38.0,38.0,36.9,37.0,15732
SUTLEJTEX,2026-09-29,38.3,38.3,36.35,36.41,5544
SUTLEJTEX,2026-09-30,36.55,38.23,36.55,37.5,24675
SUTLEJTEX,2026-10-01,37.5,38.0,35.7,36.24,17823
SUTLEJTEX,2026-10-05,37.5,40.39,35.52,36.97,80117
SUVEN,2026-09-29,321.6,331.8,320.0,324.75,1068199
SUVEN,2026-09-30,326.0,328.5,315.6,320.2,402663
SUVEN,2026-10-01,319.0,319.35,301.1,308.3,713418
SUVEN,2026-10-02,308.3,308.3,308.3,308.3,0
SUVEN,2026-10-05,309.0,316.0,305.2,306.3,303251
SUVIDHAA,2026-09-28,2.23,2.27,2.19,2.21,80732
SUVIDHAA,2026-09-29,2.2,2.26,2.02,2.09,169861
SUVIDHAA,2026-09-30,2.1,2.21,2.04,2.09,104823
SUVIDHAA,2026-10-01,2.14,2.14,2.01,2.07,96333
SUVIDHAA,2026-10-05,2.12,2.14,2.09,2.1,61791
SUYOG,2026-09-29,643.8,710.0,625.8,689.95,60550
SUYOG,2026-09-30,710.0,725.0,670.0,695.1,70242
SUYOG,2026-10-01,685.95,765.0,660.0,689.9,98151
SUYOG,2026-10-02,689.9,689.9,689.9,689.9,0
SUYOG,2026-10-05,690.05,694.95,653.9,664.25,9336
SUZLON,2026-09-29,39.66,39.87,38.9,39.5,61795397
SUZLON,2026-09-30,39.51,39.99,39.2,39.49,47026942
SUZLON,2026-10-01,39.49,39.63,38.4,38.91,53247107
SUZLON,2026-10-02,38.91,38.91,38.91,38.91,0
SUZLON,2026-10-05,39.0,39.46,38.75,38.92,51123556
SVGLOBAL,2026-09-28,153.3,159.8,140.06,144.06,2213
SVGLOBAL,2026-09-29,157.0,157.0,142.0,143.2,1243
SVGLOBAL,2026-09-30,143.19,146.5,135.11,137.18,1595
SVGLOBAL,2026-10-01,138.05,146.99,128.2,132.93,270
SVGLOBAL,2026-10-05,145.9,145.9,134.06,135.7,3764
SVLL,2026-09-28,875.0,875.0,802.0,821.35,1758
SVLL,2026-09-29,821.35,828.0,810.0,813.35,39361
SVLL,2026-09-30,813.5,835.05,805.0,805.8,2386
SVLL,2026-10-01,751.0,805.0,751.0,786.75,723
SVLL,2026-10-05,786.75,859.95,786.75,822.2,763
SVPGLOB,2026-09-28,3.27,3.27,3.13,3.16,29750
SVPGLOB,2026-09-29,3.15,3.28,3.01,3.15,52099
SVPGLOB,2026-09-30,3.16,3.3,3.0,3.13,23663
SVPGLOB,2026-10-01,3.13,3.19,2.98,3.1,25217
SVPGLOB,2026-10-05,3.1,3.17,2.95,3.03,54165
SWANCORP,2026-09-28,293.0,294.7,288.6,289.7,538365
SWANCORP,2026-09-29,288.75,289.5,282.5,284.05,542922
SWANCORP,2026-09-30,283.95,288.7,279.4,280.2,919733
SWANCORP,2026-10-01,277.5,279.45,267.95,272.8,731886
SWANCORP,2026-10-05,276.9,276.9,261.7,262.9,1059544
SWANDEF,2026-09-28,2650.0,2739.8,2592.2,2631.3,6744
SWANDEF,2026-09-29,2631.0,2750.0,2575.0,2704.3999,9537
SWANDEF,2026-09-30,2715.0,2791.2,2663.0,2756.6001,19651
SWANDEF,2026-10-01,2756.6001,2756.6001,2625.1001,2718.2,22327
SWANDEF,2026-10-05,2700.0,2744.8999,2600.0,2728.8,13839
SWARAJ,2026-09-28,355.5,355.5,340.2,355.45,293116
SWARAJ,2026-09-29,358.0,373.2,350.1,373.2,99000
SWARAJ,2026-09-30,379.0,391.85,365.0,388.6,66614
SWARAJ,2026-10-01,395.0,395.0,374.0,377.55,38533
SWARAJ,2026-10-05,375.0,380.0,362.0,369.8,69431
SWARAJENG,2026-09-28,3526.0,3596.7,3506.0,3552.5,12522
SWARAJENG,2026-09-29,3552.5,3561.8,3527.0,3548.2,5922
SWARAJENG,2026-09-30,3550.0,3583.6001,3501.0,3546.2,4835
SWARAJENG,2026-10-01,3536.5,3588.8,3507.3,3542.7,11335
SWARAJENG,2026-10-05,3559.8999,3573.3,3510.0,3532.2,8535
SWARNSAR,2026-09-28,42.85,43.27,39.0,40.18,13314
SWARNSAR,2026-09-29,38.6,43.9,38.0,41.29,13331
SWARNSAR,2026-09-30,41.29,41.94,39.1,39.96,3258
SWARNSAR,2026-10-01,38.03,40.0,38.0,38.44,7288
SWARNSAR,2026-10-05,38.55,40.74,38.55,40.14,5190
SWASTIK,2026-09-25,18.6,18.6,18.6,18.6,1200
SWASTIK,2026-09-28,19.5,19.5,19.5,19.5,3600
SWASTIK,2026-09-29,20.45,20.45,19.75,19.75,3600
SWASTIK,2026-09-30,20.0,20.0,19.5,19.5,2400
SWASTIK,2026-10-01,19.75,19.75,19.0,19.0,3600
SWASTIKAIN,2026-09-30,200.0,210.0,200.0,210.0,3274663
SWASTIKAIN,2026-10-01,202.5,220.5,199.5,215.53,2043335
SWASTIKAIN,2026-10-05,208.1,215.0,204.76,208.47,435634
SWELECTES,2026-09-29,592.15,592.15,572.0,582.65,7730
SWELECTES,2026-09-30,586.95,616.65,580.0,597.9,44503
SWELECTES,2026-10-01,595.0,600.65,577.05,592.9,32383
SWELECTES,2026-10-02,592.9,592.9,592.9,592.9,0
SWELECTES,2026-10-05,587.8,611.0,587.8,600.1,22535
SWIGGY,2026-09-29,255.5,255.95,251.0,253.7,13619762
SWIGGY,2026-09-30,255.95,257.0,250.0,250.1,9125415
SWIGGY,2026-10-01,248.45,249.1,235.5,238.0,13785398
SWIGGY,2026-10-02,238.0,238.0,238.0,238.0,0
SWIGGY,2026-10-05,239.2,246.3,237.4,238.8,11179271
SWISSMLTRY,2026-09-28,14.2,14.49,13.9,14.01,121392
SWISSMLTRY,2026-09-29,14.25,14.25,13.8,13.95,65877
SWISSMLTRY,2026-09-30,14.23,14.28,13.75,13.88,53388
SWISSMLTRY,2026-10-01,14.0,14.18,13.85,13.95,62623
SWISSMLTRY,2026-10-05,14.39,14.39,13.91,14.16,31419
SWSOLAR,2026-09-29,170.1,171.63,168.2,171.08,708082
SWSOLAR,2026-09-30,170.75,177.6,170.1,171.18,1116546
SWSOLAR,2026-10-01,169.88,170.61,163.02,164.82,1363945
SWSOLAR,2026-10-02,164.82,164.82,164.82,164.82,0
SWSOLAR,2026-10-05,165.0,167.44,163.0,163.72,914130
SYMBIOTEC,2026-09-29,1051.0,1149.85,1045.05,1144.2,2887817
SYMBIOTEC,2026-09-30,1158.0,1196.8,1138.2,1176.75,2016189
SYMBIOTEC,2026-10-01,1194.0,1246.0,1161.1,1198.0,3713662
SYMBIOTEC,2026-10-02,1198.0,1198.0,1198.0,1198.0,0
SYMBIOTEC,2026-10-05,1205.2,1230.0,1155.0,1169.7,730965
SYMPHONY,2026-09-28,591.0,623.3,578.05,585.95,181193
SYMPHONY,2026-09-29,586.0,589.85,574.6,580.4,41970
SYMPHONY,2026-09-30,580.15,590.0,576.1,582.45,18960
SYMPHONY,2026-10-01,581.35,583.0,565.2,571.7,41980
SYMPHONY,2026-10-05,571.7,579.85,557.0,559.45,58122
SYNCOMF,2026-09-28,20.17,23.42,20.17,22.2,82454897
SYNCOMF,2026-09-29,22.46,26.64,22.03,26.18,237186557
SYNCOMF,2026-09-30,27.49,27.49,24.5,25.08,99577808
SYNCOMF,2026-10-01,25.1,25.1,22.68,23.96,44387615
SYNCOMF,2026-10-05,24.01,24.7,22.7,23.14,20335584
SYNGENE,2026-09-29,376.0,376.95,365.0,367.2,582282
SYNGENE,2026-09-30,367.2,373.3,363.1,365.3,345192
SYNGENE,2026-10-01,365.3,365.3,353.3,361.3,530462
SYNGENE,2026-10-02,361.3,361.3,361.3,361.3,0
SYNGENE,2026-10-05,361.0,364.45,355.55,357.4,327748
SYNOPTICS,2026-09-25,49.45,49.45,49.25,49.45,1800
SYNOPTICS,2026-09-28,48.45,48.45,48.45,48.45,600
SYNOPTICS,2026-09-29,48.45,48.45,48.45,48.45,0
SYNOPTICS,2026-09-30,48.45,48.45,48.45,48.45,0
SYNOPTICS,2026-10-01,50.85,50.85,50.85,50.85,1800
SYRMA,2026-09-28,1733.3,1781.9,1723.9,1746.4,1859395
SYRMA,2026-09-29,1745.0,1746.4,1685.0,1692.6,1111808
SYRMA,2026-09-30,1686.0,1820.0,1686.0,1782.9,3788979
SYRMA,2026-10-01,1782.9,1822.6,1710.1,1717.9,1874242
SYRMA,2026-10-05,1739.7,1757.7,1692.3,1700.4,846180
SYSTANGO,2026-09-25,224.65,224.65,221.05,222.85,16800
SYSTANGO,2026-09-28,225.0,225.1,218.0,219.35,19200
SYSTANGO,2026-09-29,218.0,223.8,216.3,223.25,7600
SYSTANGO,2026-09-30,222.9,225.15,218.0,220.65,17200
SYSTANGO,2026-10-01,217.0,220.65,215.0,219.3,16000
SYSTMTXC,2026-09-28,77.0,79.05,77.0,77.0,7026
SYSTMTXC,2026-09-29,75.46,75.5,75.46,75.46,24858
SYSTMTXC,2026-09-30,75.46,75.9,75.01,75.46,3567
SYSTMTXC,2026-10-01,73.96,75.0,73.96,73.96,5731
SYSTMTXC,2026-10-05,73.96,73.96,72.5,73.5,8692
TAALTECH,2026-09-29,1084.9,1084.9,1025.0,1044.4,31867
TAALTECH,2026-09-30,1053.6,1057.9,990.1,1001.0,28224
TAALTECH,2026-10-01,999.4,1000.0,925.1,944.0,40666
TAALTECH,2026-10-02,944.0,944.0,944.0,944.0,0
TAALTECH,2026-10-05,965.0,976.3,922.1,929.7,16399
TAC,2026-09-25,451.1,474.8,446.05,446.85,53400
TAC,2026-09-28,446.85,452.9,424.55,427.6,78200
TAC,2026-09-29,416.6,439.0,406.25,419.7,132800
TAC,2026-09-30,417.5,424.5,398.75,403.6,123400
TAC,2026-10-01,405.7,411.7,383.45,386.4,131400
TAINWALCHM,2026-09-28,209.2,213.77,205.1,206.26,2793
TAINWALCHM,2026-09-29,205.1,209.0,202.51,205.36,1735
TAINWALCHM,2026-09-30,209.99,209.99,204.0,205.19,1091
TAINWALCHM,2026-10-01,209.8,209.8,200.37,203.29,2767
TAINWALCHM,2026-10-05,202.3,205.45,195.5,197.18,2743
TAJGVK,2026-09-28,325.0,325.05,314.6,315.25,55042
TAJGVK,2026-09-29,316.2,319.0,310.8,316.55,38238
TAJGVK,2026-09-30,316.55,327.7,314.8,320.2,36962
TAJGVK,2026-10-01,320.45,321.0,310.0,314.9,45698
TAJGVK,2026-10-05,314.8,325.0,312.35,315.3,33436
TAKE,2026-09-28,14.74,14.74,14.74,14.74,69774
TAKE,2026-09-29,14.01,14.01,14.01,14.01,53056
TAKE,2026-09-30,13.31,14.59,13.31,13.31,843488
TAKE,2026-10-01,12.65,12.65,12.65,12.65,139867
TAKE,2026-10-05,12.65,12.9,12.02,12.06,1017472
TALBROAUTO,2026-09-28,457.35,463.8,426.6,437.85,490697
TALBROAUTO,2026-09-29,437.85,447.4,431.1,433.2,261069
TALBROAUTO,2026-09-30,432.9,440.45,426.8,429.85,126449
TALBROAUTO,2026-10-01,429.95,437.6,410.55,419.7,208135
TALBROAUTO,2026-10-05,421.0,422.45,408.0,416.45,115228
TAMBOLIIN,2026-09-28,291.0,301.0,286.0,300.95,2212
TAMBOLIIN,2026-09-29,297.95,297.95,286.0,292.15,2953
TAMBOLIIN,2026-09-30,299.9,305.0,291.35,294.7,1034
TAMBOLIIN,2026-10-01,297.6,297.6,282.35,290.0,1797
TAMBOLIIN,2026-10-05,291.0,303.0,287.05,296.05,7199
TANAA,2026-09-28,349.9,372.0,348.05,352.85,68391
TANAA,2026-09-29,355.6,365.0,326.9,335.0,53123
TANAA,2026-09-30,334.0,355.0,332.5,338.55,40704
TANAA,2026-10-01,340.0,347.95,319.75,324.15,45363
TANAA,2026-10-05,329.0,339.9,311.3,314.35,45802
TANLA,2026-09-29,497.7,498.4,488.45,490.65,273875
TANLA,2026-09-30,491.85,503.0,490.35,492.15,265486
TANLA,2026-10-01,492.0,499.25,480.8,487.75,338612
TANLA,2026-10-02,487.75,487.75,487.75,487.75,0
TANLA,2026-10-05,492.05,496.0,486.1,488.0,178184
TAPIFRUIT,2026-09-28,43.5,43.5,43.5,43.5,750
TAPIFRUIT,2026-09-29,43.5,43.5,43.5,43.5,0
TAPIFRUIT,2026-09-30,43.5,43.5,43.5,43.5,0
TAPIFRUIT,2026-10-01,43.5,43.5,43.5,43.5,0
TAPIFRUIT,2026-10-02,43.5,43.5,43.5,43.5,0
TARACHAND,2026-09-28,48.6,48.69,47.11,47.44,26021
TARACHAND,2026-09-29,47.51,49.0,46.5,47.27,62680
TARACHAND,2026-09-30,48.0,48.0,46.53,47.72,42702
TARACHAND,2026-10-01,48.0,48.0,45.61,46.35,41077
TARACHAND,2026-10-05,47.5,47.9,46.25,46.47,69725
TARAPUR,2026-09-28,12.19,12.19,11.5,11.87,10829
TARAPUR,2026-09-29,11.87,12.4,10.8,12.03,23557
TARAPUR,2026-09-30,12.6,12.6,12.0,12.16,12032
TARAPUR,2026-10-01,11.76,12.25,11.76,12.2,10649
TARAPUR,2026-10-05,12.1,12.18,11.13,11.58,19202
TARC,2026-09-28,130.32,130.32,126.0,126.53,214141
TARC,2026-09-29,127.24,128.92,125.33,127.02,308230
TARC,2026-09-30,128.0,128.29,125.26,125.96,140774
TARC,2026-10-01,126.38,127.21,123.65,125.58,360964
TARC,2026-10-05,125.21,126.99,122.4,122.84,267733
TARIL,2026-09-29,272.0,275.85,266.6,272.85,1066716
TARIL,2026-09-30,274.85,278.0,268.0,270.1,783795
TARIL,2026-10-01,271.1,298.6,271.1,280.8,57280414
TARIL,2026-10-02,280.8,280.8,280.8,280.8,0
TARIL,2026-10-05,287.6,297.9,283.25,285.45,13448683
TARMAT,2026-09-28,55.84,60.17,54.4,56.87,45209
TARMAT,2026-09-29,55.0,59.4,55.0,57.03,19634
TARMAT,2026-09-30,57.03,61.0,55.5,59.4,48224
TARMAT,2026-10-01,59.99,61.0,56.34,57.23,43187
TARMAT,2026-10-05,57.6,58.6,55.02,56.2,10805
TARSONS,2026-09-28,332.75,345.0,325.05,338.0,169662
TARSONS,2026-09-29,339.9,342.0,327.55,330.35,116179
TARSONS,2026-09-30,330.35,334.0,319.95,320.3,121512
TARSONS,2026-10-01,321.4,333.0,315.05,329.4,198052
TARSONS,2026-10-05,329.5,343.45,327.05,335.95,109871
TASTYBITE,2026-09-28,9912.0,9916.0,9517.0,9633.0,2106
TASTYBITE,2026-09-29,9665.0,9665.0,9491.0,9611.0,1178
TASTYBITE,2026-09-30,9703.0,9759.0,9415.0,9487.0,1318
TASTYBITE,2026-10-01,9505.0,9550.0,9292.5,9453.5,2596
TASTYBITE,2026-10-05,9415.0,9509.0,9300.0,9377.5,753
TATACAP,2026-09-29,326.0,333.3,321.55,331.35,3110270
TATACAP,2026-09-30,331.35,331.35,324.8,327.95,1709693
TATACAP,2026-10-01,327.1,327.25,313.55,319.3,2467983
TATACAP,2026-10-02,319.3,319.3,319.3,319.3,0
TATACAP,2026-10-05,319.3,322.85,317.0,317.6,1021767
TATACHEM,2026-09-29,632.5,640.5,609.8,613.85,3290504
TATACHEM,2026-09-30,615.0,628.75,610.2,611.45,1113198
TATACHEM,2026-10-01,611.5,619.0,600.15,607.8,1216894
TATACHEM,2026-10-02,607.8,607.8,607.8,607.8,0
TATACHEM,2026-10-05,607.8,629.9,603.5,617.4,953155
TATACOMM,2026-09-28,1660.0,1666.0,1637.0,1655.3,145808
TATACOMM,2026-09-29,1642.2,1674.1,1630.0,1654.7,215427
TATACOMM,2026-09-30,1640.1,1668.1,1640.1,1656.2,137552
TATACOMM,2026-10-01,1640.0,1697.9,1617.5,1683.0,140782
TATACOMM,2026-10-05,1683.0,1697.6,1647.7,1677.2,88150
TATACONSUM,2026-09-29,961.7,969.0,953.9,967.7,2410899
TATACONSUM,2026-09-30,966.0,968.1,949.5,949.5,1708408
TATACONSUM,2026-10-01,952.0,964.8,945.0,957.0,1829307
TATACONSUM,2026-10-02,957.0,957.0,957.0,957.0,0
TATACONSUM,2026-10-05,953.85,962.0,945.0,953.75,1540341
TATAELXSI,2026-09-29,3190.0,3211.7,3106.1001,3211.7,522063
TATAELXSI,2026-09-30,3150.0,3203.0,3085.0,3088.8999,356864
TATAELXSI,2026-10-01,3099.8999,3164.3999,3046.2,3092.8,333513
TATAELXSI,2026-10-02,3092.8,3092.8,3092.8,3092.8,0
TATAELXSI,2026-10-05,3130.5,3148.3999,3070.1001,3105.0,237392
TATAINVEST,2026-09-28,650.0,670.95,640.0,644.45,499514
TATAINVEST,2026-09-29,635.0,637.0,621.1,625.45,508671
TATAINVEST,2026-09-30,630.0,636.0,616.15,620.05,313002
TATAINVEST,2026-10-01,615.1,617.45,604.0,615.05,283865
TATAINVEST,2026-10-05,618.05,628.4,614.0,621.75,257312
TATAPOWER,2026-09-29,358.0,360.7,353.95,359.0,10743181
TATAPOWER,2026-09-30,357.95,362.05,356.55,359.0,5401745
TATAPOWER,2026-10-01,352.95,357.15,346.4,350.15,4222986
TATAPOWER,2026-10-02,350.15,350.15,350.15,350.15,0
TATAPOWER,2026-10-05,350.15,353.95,348.0,351.5,2763239
TATASTEEL,2026-09-29,184.78,189.0,184.24,188.0,28159048
TATASTEEL,2026-09-30,189.0,189.55,184.3,184.3,32381754
TATASTEEL,2026-10-01,184.37,186.55,175.75,178.0,47659952
TATASTEEL,2026-10-02,178.0,178.0,178.0,178.0,0
TATASTEEL,2026-10-05,179.28,181.28,177.02,178.14,20426029
TATATECH,2026-09-29,701.5,706.2,683.7,686.75,584827
TATATECH,2026-09-30,686.75,719.75,686.75,707.5,891561
TATATECH,2026-10-01,705.0,714.5,690.05,698.8,648223
TATATECH,2026-10-02,698.8,698.8,698.8,698.8,0
TATATECH,2026-10-05,705.4,716.7,695.0,697.55,615981
TATVA,2026-09-29,1768.0,1830.0,1727.4,1806.4,88197
TATVA,2026-09-30,1811.9,1825.0,1776.1,1784.2,55095
TATVA,2026-10-01,1790.0,1795.0,1682.9,1743.2,64302
TATVA,2026-10-02,1743.2,1743.2,1743.2,1743.2,0
TATVA,2026-10-05,1755.0,1814.0,1740.0,1799.0,54250
TBI,2026-09-25,73.9,75.0,71.1,71.95,24000
TBI,2026-09-28,72.0,73.0,69.15,69.7,14400
TBI,2026-09-29,70.4,76.0,69.0,75.9,102600
TBI,2026-09-30,75.05,77.0,71.5,72.0,31800
TBI,2026-10-01,70.15,71.1,65.0,67.55,55800
TBOTEK,2026-09-29,1650.0,1698.3,1633.0,1684.7,113052
TBOTEK,2026-09-30,1670.5,1729.9,1660.0,1685.2,446861
TBOTEK,2026-10-01,1686.1,1738.8,1660.0,1671.5,304392
TBOTEK,2026-10-02,1671.5,1671.5,1671.5,1671.5,0
TBOTEK,2026-10-05,1684.8,1700.0,1643.2,1657.0,52113
TBZ,2026-09-28,653.0,653.0,622.85,630.75,675540
TBZ,2026-09-29,608.0,645.0,599.25,625.8,502282
TBZ,2026-09-30,625.8,651.0,620.1,635.05,175552
TBZ,2026-10-01,635.05,640.0,610.0,623.45,121799
TBZ,2026-10-05,604.0,625.0,592.3,597.9,202037
TCC,2026-09-28,52.0,52.11,48.16,49.35,451046
TCC,2026-09-29,49.2,50.82,48.18,50.09,319661
TCC,2026-09-30,50.1,54.55,48.15,49.93,2215816
TCC,2026-10-01,49.5,49.9,46.5,47.47,752515
TCC,2026-10-05,47.83,49.0,46.19,47.07,459771
TCI,2026-09-28,883.95,897.5,856.5,864.85,129472
TCI,2026-09-29,867.2,880.0,846.0,868.7,426394
TCI,2026-09-30,874.0,884.9,863.85,872.5,148301
TCI,2026-10-01,874.95,884.0,866.3,877.1,48610
TCI,2026-10-05,885.0,889.9,866.0,878.75,71245
TCIEXP,2026-09-28,498.0,499.45,482.3,486.0,15696
TCIEXP,2026-09-29,499.2,583.2,495.25,531.85,5534726
TCIEXP,2026-09-30,533.1,552.0,508.6,521.65,794380
TCIEXP,2026-10-01,513.9,513.9,496.1,504.75,93406
TCIEXP,2026-10-05,502.3,506.4,484.0,494.2,55221
TCIFINANCE,2026-09-28,14.86,15.45,14.5,14.75,3936
TCIFINANCE,2026-09-29,14.75,15.3,14.02,14.48,13901
TCIFINANCE,2026-09-30,14.98,14.98,14.5,14.78,8014
TCIFINANCE,2026-10-01,14.92,15.0,14.38,14.69,30489
TCIFINANCE,2026-10-05,14.5,15.49,13.55,14.3,29696
TCL,2026-09-25,130.0,131.0,123.95,124.0,68000
TCL,2026-09-28,128.8,130.0,125.25,128.15,88800
TCL,2026-09-29,125.0,132.0,124.0,131.1,49600
TCL,2026-09-30,120.0,140.0,120.0,139.7,75200
TCL,2026-10-01,141.0,143.0,134.05,140.15,187200
TCPLPACK,2026-09-28,4106.7998,4106.7998,3965.0,3987.8,6403
TCPLPACK,2026-09-29,3999.8999,4202.2002,3826.0,4117.3999,13649
TCPLPACK,2026-09-30,4117.3999,4179.2002,4050.0,4102.6001,5095
TCPLPACK,2026-10-01,4090.0,4090.0,3856.0,3927.1001,3730
TCPLPACK,2026-10-05,3988.0,4090.0,3890.1001,3933.6001,3139
TCS,2026-09-29,2065.0,2085.1001,2032.4,2032.4,4437783
TCS,2026-09-30,2069.0,2101.0,2050.6001,2050.6001,3656425
TCS,2026-10-01,2052.6001,2093.8999,2045.1,2075.0,3428501
TCS,2026-10-02,2075.0,2075.0,2075.0,2075.0,0
TCS,2026-10-05,2114.0,2140.8999,2063.6001,2114.3999,5270768
TDPOWERSYS,2026-09-29,719.0,799.0,714.0,777.35,7602887
TDPOWERSYS,2026-09-30,783.0,801.0,770.15,786.05,2612869
TDPOWERSYS,2026-10-01,779.9,812.85,772.9,792.15,5370306
TDPOWERSYS,2026-10-02,792.15,792.15,792.15,792.15,0
TDPOWERSYS,2026-10-05,801.0,856.1,796.0,812.9,12561061
TEAMGTY,2026-09-28,241.45,242.65,235.0,235.01,272
TEAMGTY,2026-09-29,242.95,242.95,235.0,235.0,640
TEAMGTY,2026-09-30,235.0,235.01,235.0,235.0,165
TEAMGTY,2026-10-01,241.9,241.9,235.1,235.1,205
TEAMGTY,2026-10-05,241.95,241.97,235.0,236.15,634
TEAMLEASE,2026-09-28,1178.8,1184.0,1135.4,1140.2,16754
TEAMLEASE,2026-09-29,1144.0,1163.9,1117.9,1148.6,27808
TEAMLEASE,2026-09-30,1148.6,1159.9,1131.5,1148.6,9039
TEAMLEASE,2026-10-01,1148.6,1185.0,1125.0,1179.4,15313
TEAMLEASE,2026-10-05,1180.7,1194.6,1117.6,1134.6,31212
TECHLABS,2026-09-25,119.3,119.3,114.4,117.85,19875
TECHLABS,2026-09-28,118.4,118.4,112.55,114.9,19500
TECHLABS,2026-09-29,113.1,116.9,110.0,112.8,12125
TECHLABS,2026-09-30,114.0,116.2,113.0,113.05,21375
TECHLABS,2026-10-01,110.0,116.0,109.0,110.45,23875
TECHM,2026-09-29,1542.3,1557.5,1510.5,1510.5,3218354
TECHM,2026-09-30,1524.6,1559.5,1518.0,1524.0,2794174
TECHM,2026-10-01,1540.0,1554.8,1512.0,1533.0,2663224
TECHM,2026-10-02,1533.0,1533.0,1533.0,1533.0,0
TECHM,2026-10-05,1543.7,1561.0,1509.7,1535.9,3346008
TECHNOCRAF,2026-09-29,478.5,492.0,477.0,480.85,1003368
TECHNOCRAF,2026-09-30,482.5,487.1,470.5,476.55,677585
TECHNOCRAF,2026-10-01,475.3,484.45,461.1,478.1,775166
TECHNOCRAF,2026-10-02,478.1,478.1,478.1,478.1,0
TECHNOCRAF,2026-10-05,481.0,484.0,465.0,471.1,429819
TECHNOE,2026-09-28,1006.2,1015.0,977.9,981.85,104260
TECHNOE,2026-09-29,979.9,1027.6,966.2,1010.15,271404
TECHNOE,2026-09-30,1006.2,1027.35,1001.5,1008.75,133810
TECHNOE,2026-10-01,1009.7,1019.8,977.6,998.6,159231
TECHNOE,2026-10-05,999.0,1003.9,972.3,978.6,138228
TECHNVISN,2026-09-28,4076.0,4244.5,3916.0,3966.0,361
TECHNVISN,2026-09-29,3966.0,3989.0,3799.5,3896.5,174
TECHNVISN,2026-09-30,3896.5,4090.0,3702.0,3961.5,417
TECHNVISN,2026-10-01,3961.5,3961.5,3763.5,3763.5,830
TECHNVISN,2026-10-05,3763.5,3879.7,3575.3999,3821.8999,697
TECILCHEM,2026-09-28,8.85,9.37,8.85,9.12,21546
TECILCHEM,2026-09-29,9.8,9.8,8.92,9.21,7526
TECILCHEM,2026-09-30,9.2,9.46,8.75,9.02,6287
TECILCHEM,2026-10-01,9.02,9.3,9.0,9.25,6820
TECILCHEM,2026-10-05,9.29,10.15,8.9,9.56,21261
TEGA,2026-09-28,2090.0,2090.0,2005.1,2011.5,267932
TEGA,2026-09-29,2013.4,2089.8999,1988.6,2060.6001,342283
TEGA,2026-09-30,2080.2,2198.0,2062.6001,2106.7,1493714
TEGA,2026-10-01,2106.7,2132.0,2034.0,2093.3999,408456
TEGA,2026-10-05,2119.5,2131.7,2020.0,2064.1001,261404
TEJASNET,2026-09-29,491.1,495.9,480.65,490.4,1223062
TEJASNET,2026-09-30,488.5,496.9,482.25,486.2,935883
TEJASNET,2026-10-01,483.25,491.7,461.1,464.8,1792351
TEJASNET,2026-10-02,464.8,464.8,464.8,464.8,0
TEJASNET,2026-10-05,469.0,481.95,461.45,463.2,1053307
TEMBO,2026-09-28,58.75,59.54,57.56,57.75,1014268
TEMBO,2026-09-29,57.75,58.51,57.0,57.99,680807
TEMBO,2026-09-30,58.0,58.56,57.05,57.67,736216
TEMBO,2026-10-01,57.67,58.56,56.25,57.16,955699
TEMBO,2026-10-05,57.7,57.7,54.9,55.18,857206
TEMPSENS,2026-09-29,531.1,549.0,524.0,529.3,1354439
TEMPSENS,2026-09-30,529.65,537.95,523.0,526.75,700380
TEMPSENS,2026-10-01,525.45,527.95,500.0,505.25,1399930
TEMPSENS,2026-10-02,505.25,505.25,505.25,505.25,0
TEMPSENS,2026-10-05,513.0,519.2,486.0,493.95,1503141
TENNIND,2026-09-29,503.9,513.5,498.5,508.6,903915
TENNIND,2026-09-30,514.5,516.75,506.25,508.25,502623
TENNIND,2026-10-01,506.3,506.3,487.45,495.4,707391
TENNIND,2026-10-02,495.4,495.4,495.4,495.4,0
TENNIND,2026-10-05,499.95,499.95,485.4,487.0,277605
TERAI,2026-09-29,115.8,115.8,115.8,115.8,1
TERAI,2026-09-30,115.75,117.0,114.0,116.75,118
TERAI,2026-10-01,116.75,116.75,116.75,116.75,0
TERAI,2026-10-02,116.75,116.75,116.75,116.75,0
TERAI,2026-10-05,116.0,116.0,116.0,116.0,1
TERASOFT,2026-09-28,216.55,221.95,212.55,215.7,15523
TERASOFT,2026-09-29,215.0,225.0,206.0,209.25,31347
TERASOFT,2026-09-30,210.0,215.95,204.0,207.2,33412
TERASOFT,2026-10-01,207.95,217.89,194.11,207.91,74848
TERASOFT,2026-10-05,212.0,232.0,208.0,227.86,54214
TEXINFRA,2026-09-28,118.0,118.0,115.91,116.56,55544
TEXINFRA,2026-09-29,116.0,116.8,114.71,115.54,40220
TEXINFRA,2026-09-30,115.13,125.0,115.13,119.41,649299
TEXINFRA,2026-10-01,119.41,122.71,116.11,119.39,344580
TEXINFRA,2026-10-05,120.0,123.35,118.51,120.53,207029
TEXMOPIPES,2026-09-29,55.5,55.51,52.3,53.72,154189
TEXMOPIPES,2026-09-30,52.75,58.59,52.75,55.08,182461
TEXMOPIPES,2026-10-01,55.55,56.0,53.0,53.7,93086
TEXMOPIPES,2026-10-02,53.7,53.7,53.7,53.7,0
TEXMOPIPES,2026-10-05,53.7,55.0,50.15,50.37,276688
TEXRAIL,2026-09-29,123.1,126.95,120.28,125.67,3055571
TEXRAIL,2026-09-30,125.75,135.4,125.75,131.73,16021545
TEXRAIL,2026-10-01,131.0,132.45,124.07,126.86,4419603
TEXRAIL,2026-10-02,126.86,126.86,126.86,126.86,0
TEXRAIL,2026-10-05,128.0,128.99,116.51,117.18,5444925
TFCILTD,2026-09-29,139.68,141.43,138.2,138.92,18454638
TFCILTD,2026-09-30,139.1,148.5,139.1,141.91,31904742
TFCILTD,2026-10-01,141.99,144.7,137.0,138.79,6063974
TFCILTD,2026-10-02,138.79,138.79,138.79,138.79,0
TFCILTD,2026-10-05,139.6,141.47,138.32,139.65,15041651
TFL,2026-09-28,11.75,12.0,11.65,11.67,754
TFL,2026-09-29,11.65,11.89,11.47,11.64,2822
TFL,2026-09-30,11.89,12.19,11.62,11.63,2612
TFL,2026-10-01,11.64,12.39,10.8,11.82,6820
TFL,2026-10-05,11.38,12.25,11.38,11.72,2430
TGBHOTELS,2026-09-28,9.85,9.85,9.12,9.16,71505
TGBHOTELS,2026-09-29,9.16,9.34,9.09,9.13,20980
TGBHOTELS,2026-09-30,9.48,10.24,9.1,9.6,33333
TGBHOTELS,2026-10-01,9.55,9.8,9.15,9.42,3582
TGBHOTELS,2026-10-05,9.78,9.9,9.18,9.51,13800
TGL,2026-09-25,14.2,14.2,14.2,14.2,7200
TGL,2026-09-28,13.95,13.95,13.95,13.95,3600
TGL,2026-09-29,13.7,13.7,13.7,13.7,3600
TGL,2026-09-30,13.45,13.45,13.45,13.45,3600
TGL,2026-10-01,13.2,13.2,13.2,13.2,1000
TGVSL,2026-09-28,127.45,130.49,121.0,121.88,1510621
TGVSL,2026-09-29,121.89,125.0,117.51,122.47,923146
TGVSL,2026-09-30,123.6,125.0,120.0,121.48,424592
TGVSL,2026-10-01,121.8,123.78,114.52,116.38,320394
TGVSL,2026-10-05,123.12,127.5,120.25,121.99,1302405
THACKER,2026-09-25,951.0,1001.0,951.0,975.0,4
THACKER,2026-09-28,975.0,975.0,950.0,975.0,43
THACKER,2026-09-29,999.0,1085.0,975.0,996.8,18
THACKER,2026-09-30,997.0,997.0,910.0,954.3,218
THACKER,2026-10-01,970.0,970.0,900.1,935.0,215
THAKDEV,2026-09-28,134.99,145.0,134.99,141.37,1757
THAKDEV,2026-09-29,135.0,137.0,135.0,135.0,21
THAKDEV,2026-09-30,135.0,135.0,135.0,135.0,223
THAKDEV,2026-10-01,140.0,140.0,128.56,128.74,154
THAKDEV,2026-10-05,128.74,135.06,128.74,135.06,63
THANGAMAYL,2026-09-28,5100.0,5137.0,5001.5,5011.5,38858
THANGAMAYL,2026-09-29,5010.0,5262.0,4916.5,5204.5,177094
THANGAMAYL,2026-09-30,5210.5,5240.0,5050.0,5062.0,38301
THANGAMAYL,2026-10-01,5087.5,5102.5,4811.5,4861.0,73885
THANGAMAYL,2026-10-05,4870.0,4934.0,4721.0,4747.0,77084
THEINVEST,2026-09-29,93.0,94.86,90.0,90.53,9698
THEINVEST,2026-09-30,92.34,94.74,91.25,93.45,3646
THEINVEST,2026-10-01,92.25,94.8,90.0,90.33,3064
THEINVEST,2026-10-02,90.33,90.33,90.33,90.33,0
THEINVEST,2026-10-05,92.15,93.96,89.51,90.1,8379
THEJO,2026-09-28,2185.0,2185.0,2141.6001,2146.5,4516
THEJO,2026-09-29,2158.2,2169.8999,2086.2,2110.3,9710
THEJO,2026-09-30,2113.8999,2226.8,2100.2,2175.3999,11455
THEJO,2026-10-01,2175.0,2189.8,2065.0,2071.3999,21919
THEJO,2026-10-05,2071.3999,2122.0,2065.8999,2095.2,2088
THELEELA,2026-09-28,546.15,555.0,536.15,547.9,378363
THELEELA,2026-09-29,549.45,572.15,522.15,533.6,1415534
THELEELA,2026-09-30,532.0,586.95,532.0,573.8,1251659
THELEELA,2026-10-01,577.0,581.1,557.7,568.95,222623
THELEELA,2026-10-05,566.7,581.2,562.5,577.6,365030
THEMISMED,2026-09-28,116.9,126.0,115.68,116.85,241898
THEMISMED,2026-09-29,118.0,121.04,116.02,119.95,106694
THEMISMED,2026-09-30,120.9,122.19,115.25,116.46,468486
THEMISMED,2026-10-01,116.85,117.97,110.5,113.19,69276
THEMISMED,2026-10-05,115.0,115.0,111.02,112.89,58862
THERMAX,2026-09-29,3369.0,3375.8999,3269.1001,3291.0,164479
THERMAX,2026-09-30,3280.0,3424.5,3276.0,3392.2,406098
THERMAX,2026-10-01,3375.0,3378.8,3312.0,3360.6001,290287
THERMAX,2026-10-02,3360.6001,3360.6001,3360.6001,3360.6001,0
THERMAX,2026-10-05,3364.8999,3400.7,3212.0,3228.2,187112
THOMASCOOK,2026-09-28,103.5,104.35,101.56,102.18,313618
THOMASCOOK,2026-09-29,102.0,105.45,101.01,103.92,749468
THOMASCOOK,2026-09-30,103.03,104.58,102.0,102.39,582675
THOMASCOOK,2026-10-01,102.39,102.48,98.6,100.7,539181
THOMASCOOK,2026-10-05,100.7,101.95,99.21,99.61,303755
THOMASCOTT,2026-09-29,255.0,270.5,244.55,250.35,143024
THOMASCOTT,2026-09-30,255.0,276.4,240.85,267.35,115936
THOMASCOTT,2026-10-01,267.35,316.95,264.65,300.2,725256
THOMASCOTT,2026-10-02,300.2,300.2,300.2,300.2,0
THOMASCOTT,2026-10-05,302.0,309.0,272.0,278.85,107168
THYROCARE,2026-09-28,563.25,564.15,546.6,548.3,475888
THYROCARE,2026-09-29,549.95,555.55,545.0,547.1,105491
THYROCARE,2026-09-30,547.0,550.6,532.7,534.15,237351
THYROCARE,2026-10-01,531.8,538.55,519.3,533.6,223853
THYROCARE,2026-10-05,539.9,544.8,532.15,542.05,207102
TI,2026-09-28,575.25,578.95,560.0,561.65,541005
TI,2026-09-29,560.0,562.0,550.0,550.85,606083
TI,2026-09-30,551.0,565.3,536.25,540.65,864319
TI,2026-10-01,537.0,551.4,535.0,542.55,568428
TI,2026-10-05,543.0,553.15,538.0,540.35,282972
TICL,2026-09-28,6.74,6.74,6.74,6.74,76024
TICL,2026-09-29,7.07,7.07,6.91,7.07,247850
TICL,2026-09-30,7.42,7.42,7.42,7.42,17843
TICL,2026-10-01,7.79,7.79,7.69,7.79,103321
TICL,2026-10-05,8.0,8.17,8.0,8.17,145462
TIGERLOGS,2026-09-28,26.01,27.5,25.93,26.4,80603
TIGERLOGS,2026-09-29,27.16,27.16,25.8,26.17,80402
TIGERLOGS,2026-09-30,26.94,27.0,25.8,26.25,123268
TIGERLOGS,2026-10-01,25.85,26.0,24.8,25.69,90744
TIGERLOGS,2026-10-05,26.05,26.6,25.82,26.3,16487
TIIL,2026-09-29,2920.3999,2980.5,2914.6001,2926.3999,24064
TIIL,2026-09-30,2950.0,2985.1001,2862.3,2900.8999,29702
TIIL,2026-10-01,2901.8,2925.0,2822.0,2893.8,31635
TIIL,2026-10-02,2893.8,2893.8,2893.8,2893.8,0
TIIL,2026-10-05,2882.1001,2920.0,2800.0,2815.3,14101
TIINDIA,2026-09-29,2455.3,2455.3,2397.8,2413.0,392266
TIINDIA,2026-09-30,2419.3999,2449.6001,2373.2,2375.0,690294
TIINDIA,2026-10-01,2386.8,2405.2,2307.3,2340.0,471021
TIINDIA,2026-10-02,2340.0,2340.0,2340.0,2340.0,0
TIINDIA,2026-10-05,2346.0,2368.8999,2293.8,2320.0,687174
TIJARIA,2026-09-28,6.71,7.14,6.59,6.66,42428
TIJARIA,2026-09-29,6.66,6.85,6.44,6.54,6809
TIJARIA,2026-09-30,6.57,6.86,6.25,6.6,106200
TIJARIA,2026-10-01,6.59,6.7,6.27,6.45,18058
TIJARIA,2026-10-05,6.58,6.69,6.26,6.62,12637
TIL,2026-09-28,256.0,257.0,247.0,252.32,54792
TIL,2026-09-29,250.9,255.0,242.65,249.03,78502
TIL,2026-09-30,249.25,259.0,247.5,252.69,72482
TIL,2026-10-01,252.85,254.0,240.15,250.05,100134
TIL,2026-10-05,248.0,252.5,240.0,242.15,42944
TIMESCAN,2026-09-25,41.4,41.4,41.4,41.4,0
TIMESCAN,2026-09-28,41.4,41.4,41.4,41.4,0
TIMESCAN,2026-09-29,39.35,40.0,39.35,40.0,6000
TIMESCAN,2026-09-30,40.0,40.0,40.0,40.0,0
TIMESCAN,2026-10-01,40.0,40.0,40.0,40.0,2000
TIMETECHNO,2026-09-29,183.25,185.9,180.94,183.92,4160921
TIMETECHNO,2026-09-30,183.75,188.4,181.41,182.36,3950098
TIMETECHNO,2026-10-01,181.15,182.29,176.3,179.68,2060984
TIMETECHNO,2026-10-02,179.68,179.68,179.68,179.68,0
TIMETECHNO,2026-10-05,180.3,181.88,177.5,178.71,1107750
TIMEX,2026-09-29,702.65,747.0,683.1,729.1,986170
TIMEX,2026-09-30,729.1,746.4,713.2,719.55,317889
TIMEX,2026-10-01,714.65,737.0,700.0,729.5,428304
TIMEX,2026-10-02,729.5,729.5,729.5,729.5,0
TIMEX,2026-10-05,733.15,744.8,724.5,734.6,462142
TIMKEN,2026-09-28,3200.1001,3221.1001,3134.5,3180.5,19209
TIMKEN,2026-09-29,3180.6001,3213.8,3065.0,3086.2,51275
TIMKEN,2026-09-30,3116.6001,3145.0,3075.0,3136.0,76082
TIMKEN,2026-10-01,3112.6001,3122.2,3083.1001,3098.8,44275
TIMKEN,2026-10-05,3110.0,3149.8999,3103.8,3132.3,21117
TINNARUBR,2026-09-28,975.0,975.7,940.4,947.4,31390
TINNARUBR,2026-09-29,954.9,968.85,919.45,955.2,37917
TINNARUBR,2026-09-30,954.0,977.55,941.5,952.1,24523
TINNARUBR,2026-10-01,959.0,959.0,911.05,938.85,34386
TINNARUBR,2026-10-05,938.85,951.2,922.75,930.15,30521
TIPSFILMS,2026-09-28,346.0,375.0,326.6,331.8,26667
TIPSFILMS,2026-09-29,345.0,369.4,335.1,339.55,38117
TIPSFILMS,2026-09-30,348.95,348.95,306.35,318.25,24583
TIPSFILMS,2026-10-01,318.25,319.9,311.0,315.4,2857
TIPSFILMS,2026-10-05,313.05,316.65,306.35,312.25,2993
TIPSMUSIC,2026-09-28,668.9,670.4,651.6,657.35,201981
TIPSMUSIC,2026-09-29,657.35,659.0,639.2,647.2,276147
TIPSMUSIC,2026-09-30,649.0,663.0,648.95,657.85,184367
TIPSMUSIC,2026-10-01,648.3,653.0,630.1,644.2,245089
TIPSMUSIC,2026-10-05,653.3,653.95,635.7,639.1,152414
TIRUMALCHM,2026-09-29,155.01,157.29,150.0,152.39,355416
TIRUMALCHM,2026-09-30,152.7,155.83,150.74,151.39,243364
TIRUMALCHM,2026-10-01,151.74,151.74,143.12,146.26,463985
TIRUMALCHM,2026-10-02,146.26,146.26,146.26,146.26,0
TIRUMALCHM,2026-10-05,146.2,150.09,141.4,143.35,279997
TIRUPATI,2026-09-28,292.5,292.5,292.5,292.5,0
TIRUPATI,2026-09-29,277.9,277.9,277.9,277.9,125
TIRUPATI,2026-09-30,277.9,277.9,277.9,277.9,0
TIRUPATI,2026-10-01,277.9,277.9,277.9,277.9,0
TIRUPATI,2026-10-02,277.9,277.9,277.9,277.9,0
TIRUPATIFL,2026-09-28,76.72,76.72,76.72,76.72,79804
TIRUPATIFL,2026-09-29,75.19,75.19,75.19,75.19,135045
TIRUPATIFL,2026-09-30,76.69,76.69,76.69,76.69,333265
TIRUPATIFL,2026-10-01,75.16,76.52,75.16,75.16,139143
TIRUPATIFL,2026-10-05,73.66,73.66,73.66,73.66,20721
TITAGARH,2026-09-29,817.0,829.75,808.15,819.35,308740
TITAGARH,2026-09-30,819.3,850.9,814.1,818.15,933675
TITAGARH,2026-10-01,811.0,813.9,792.2,805.1,373180
TITAGARH,2026-10-02,805.1,805.1,805.1,805.1,0
TITAGARH,2026-10-05,809.0,812.95,795.65,809.65,364258
TITAN,2026-09-29,4808.0,4818.5,4675.0,4675.0,1188414
TITAN,2026-09-30,4683.0,4698.0,4587.0,4587.0,927060
TITAN,2026-10-01,4574.8999,4621.7998,4491.0,4515.7002,694098
TITAN,2026-10-02,4515.7002,4515.7002,4515.7002,4515.7002,0
TITAN,2026-10-05,4515.8999,4610.0,4505.7998,4580.0,731987
TMB,2026-09-29,861.75,871.65,845.1,863.55,169572
TMB,2026-09-30,861.25,878.2,861.25,871.3,119178
TMB,2026-10-01,870.0,885.0,853.45,872.05,205835
TMB,2026-10-02,872.05,872.05,872.05,872.05,0
TMB,2026-10-05,872.5,917.6,870.0,886.25,420110
TMCV,2026-09-29,430.6,434.8,426.5,430.15,4991805
TMCV,2026-09-30,430.15,438.15,418.7,421.65,10915749
TMCV,2026-10-01,416.25,420.0,404.1,415.5,7408903
TMCV,2026-10-02,415.5,415.5,415.5,415.5,0
TMCV,2026-10-05,415.5,428.85,412.7,426.8,8038049
TMPV,2026-09-29,279.0,281.4,272.2,280.95,18903507
TMPV,2026-09-30,281.0,287.05,280.1,283.5,11539983
TMPV,2026-10-01,280.0,281.3,273.35,279.4,15258191
TMPV,2026-10-02,279.4,279.4,279.4,279.4,0
TMPV,2026-10-05,280.1,289.8,278.95,288.65,13512719
TNPETRO,2026-09-28,133.79,134.39,123.5,124.99,1372872
TNPETRO,2026-09-29,125.61,128.28,123.0,125.67,826447
TNPETRO,2026-09-30,125.77,129.99,123.15,124.08,945747
TNPETRO,2026-10-01,124.08,125.71,118.5,123.18,929005
TNPETRO,2026-10-05,124.5,127.48,122.5,122.75,631575
TNPL,2026-09-29,146.22,152.9,143.78,151.8,327768
TNPL,2026-09-30,150.62,152.9,149.75,150.61,68064
TNPL,2026-10-01,151.0,151.0,146.21,147.63,135559
TNPL,2026-10-02,147.63,147.63,147.63,147.63,0
TNPL,2026-10-05,148.3,151.87,146.04,146.49,73341
TNTELE,2026-09-28,9.99,11.89,9.6,11.89,172414
TNTELE,2026-09-29,13.5,14.26,13.11,14.26,510371
TNTELE,2026-09-30,13.11,13.2,12.84,12.84,217122
TNTELE,2026-10-01,11.56,11.56,11.56,11.56,37038
TNTELE,2026-10-05,11.0,11.0,10.99,10.99,6468
TOKYOPLAST,2026-09-28,74.0,74.0,72.0,72.62,1495
TOKYOPLAST,2026-09-29,74.3,74.9,72.0,73.5,1109
TOKYOPLAST,2026-09-30,73.5,74.9,71.01,73.2,1509
TOKYOPLAST,2026-10-01,72.1,75.88,70.1,71.01,1264
TOKYOPLAST,2026-10-05,71.1,73.87,69.1,71.06,1544
TOLINS,2026-09-28,87.52,88.5,86.0,86.91,28721
TOLINS,2026-09-29,86.2,86.99,85.0,86.21,36061
TOLINS,2026-09-30,86.15,88.49,85.01,85.86,41099
TOLINS,2026-10-01,87.17,87.17,84.0,84.59,47501
TOLINS,2026-10-05,86.0,87.5,84.01,85.12,31946
TORNTPHARM,2026-09-28,4980.0,4996.5,4852.5,4869.0,402847
TORNTPHARM,2026-09-29,4884.5,4948.0,4833.5,4894.0,725626
TORNTPHARM,2026-09-30,4935.0,4935.0,4786.0,4800.0,397999
TORNTPHARM,2026-10-01,4800.0,4810.5,4717.2998,4767.2998,357701
TORNTPHARM,2026-10-05,4767.2998,4795.0,4710.0,4772.0,332059
TORNTPOWER,2026-09-29,1237.3,1243.9,1211.5,1220.2,224598
TORNTPOWER,2026-09-30,1230.0,1256.4,1230.0,1245.9,187402
TORNTPOWER,2026-10-01,1237.8,1249.0,1212.0,1242.9,156392
TORNTPOWER,2026-10-02,1242.9,1242.9,1242.9,1242.9,0
TORNTPOWER,2026-10-05,1245.4,1249.1,1226.0,1234.2,191786
TOTAL,2026-09-28,70.5,72.0,68.8,70.34,7278
TOTAL,2026-09-29,69.95,71.5,68.8,71.38,5418
TOTAL,2026-09-30,71.9,72.0,68.12,69.54,3994
TOTAL,2026-10-01,70.4,70.62,68.12,70.24,1179
TOTAL,2026-10-05,67.2,72.0,67.2,69.23,5853
TOUCHWOOD,2026-09-28,60.06,60.14,59.2,60.13,456
TOUCHWOOD,2026-09-29,59.7,60.0,58.12,59.99,1035
TOUCHWOOD,2026-09-30,59.01,60.0,57.0,59.22,2223
TOUCHWOOD,2026-10-01,60.0,60.0,57.0,57.14,1063
TOUCHWOOD,2026-10-05,66.4,66.4,57.9,58.53,6095
TOYAMSL,2026-09-28,0.83,0.83,0.77,0.77,1282866
TOYAMSL,2026-09-29,0.75,0.77,0.74,0.74,1663494
TOYAMSL,2026-09-30,0.72,0.75,0.71,0.72,2003449
TOYAMSL,2026-10-01,0.75,0.75,0.69,0.69,408079
TOYAMSL,2026-10-05,0.7,0.71,0.66,0.66,1201891
TPHQ,2026-09-28,0.51,0.52,0.5,0.5,552842
TPHQ,2026-09-29,0.5,0.52,0.5,0.51,703705
TPHQ,2026-09-30,0.52,0.52,0.49,0.5,1294657
TPHQ,2026-10-01,0.51,0.51,0.49,0.5,770436
TPHQ,2026-10-05,0.5,0.51,0.49,0.49,702101
TPLPLASTEH,2026-09-28,66.4,66.5,64.15,64.9,90395
TPLPLASTEH,2026-09-29,64.1,67.5,63.15,65.26,97097
TPLPLASTEH,2026-09-30,68.67,78.0,68.0,71.14,2013255
TPLPLASTEH,2026-10-01,69.9,70.75,67.83,68.89,188764
TPLPLASTEH,2026-10-05,68.91,70.19,67.02,67.86,175395
TRACXN,2026-09-28,32.65,33.5,31.6,32.33,329033
TRACXN,2026-09-29,32.98,33.0,31.7,32.94,229392
TRACXN,2026-09-30,32.55,33.2,32.16,32.91,152016
TRACXN,2026-10-01,32.9,32.9,31.59,31.71,129732
TRACXN,2026-10-05,31.7,32.49,31.11,31.61,130560
TRANSCOR,2026-09-28,25.0,25.0,23.5,24.39,1343
TRANSCOR,2026-09-29,24.39,24.9,23.52,23.85,6605
TRANSCOR,2026-09-30,23.74,25.0,23.52,24.22,10425
TRANSCOR,2026-10-01,24.22,24.68,21.0,24.18,4834
TRANSCOR,2026-10-05,24.49,24.9,23.52,24.6,1443
TRANSPEK,2026-09-28,1312.0,1365.0,1275.0,1304.2,535
TRANSPEK,2026-09-29,1348.0,1355.0,1305.1,1352.5,1187
TRANSPEK,2026-09-30,1352.5,1352.5,1320.9,1340.2,635
TRANSPEK,2026-10-01,1312.2,1359.9,1312.2,1349.0,635
TRANSPEK,2026-10-05,1300.0,1360.0,1281.6,1313.9,883
TRANSRAILL,2026-09-29,451.95,459.0,437.3,451.65,766338
TRANSRAILL,2026-09-30,448.8,498.0,448.8,476.4,6739028
TRANSRAILL,2026-10-01,479.0,488.4,462.85,474.9,1761167
TRANSRAILL,2026-10-02,474.9,474.9,474.9,474.9,0
TRANSRAILL,2026-10-05,476.7,476.85,460.0,462.75,454795
TRANSTEEL,2026-09-25,85.95,86.95,84.0,85.7,21000
TRANSTEEL,2026-09-28,84.0,84.95,84.0,84.5,6000
TRANSTEEL,2026-09-29,84.0,85.55,79.7,80.15,61000
TRANSTEEL,2026-09-30,82.3,82.3,80.0,80.05,41000
TRANSTEEL,2026-10-01,82.8,82.8,77.6,79.4,31000
TRANSWIND,2026-09-08,11.3,11.3,11.3,11.3,0
TRANSWIND,2026-09-29,11.3,11.3,11.3,11.3,0
TRANSWIND,2026-09-30,11.3,11.3,11.3,11.3,0
TRANSWIND,2026-10-01,11.3,11.3,11.3,11.3,0
TRANSWIND,2026-10-02,11.3,11.3,11.3,11.3,0
TRANSWORLD,2026-09-28,162.78,163.0,162.78,162.78,1690
TRANSWORLD,2026-09-29,163.0,165.9,159.6,163.0,1512
TRANSWORLD,2026-09-30,162.0,162.99,160.3,162.0,6816
TRANSWORLD,2026-10-01,159.0,162.79,159.0,159.0,1405
TRANSWORLD,2026-10-05,157.0,159.91,152.0,154.29,5446
TRAVELFOOD,2026-09-28,1213.1,1220.9,1195.3,1203.0,22331
TRAVELFOOD,2026-09-29,1213.5,1213.5,1171.0,1196.6,356445
TRAVELFOOD,2026-09-30,1196.6,1208.3,1184.0,1200.3,28635
TRAVELFOOD,2026-10-01,1200.0,1222.1,1176.1,1208.1,32897
TRAVELFOOD,2026-10-05,1208.1,1215.6,1185.0,1204.3,52265
TREEHOUSE,2026-09-28,6.14,6.14,5.8,5.88,5475
TREEHOUSE,2026-09-29,5.88,5.93,5.46,5.81,19318
TREEHOUSE,2026-09-30,5.81,5.99,5.72,5.78,28154
TREEHOUSE,2026-10-01,5.94,5.94,5.65,5.68,9476
TREEHOUSE,2026-10-05,5.69,5.99,5.5,5.8,29426
TREJHARA,2026-09-28,144.79,146.98,137.05,139.74,34089
TREJHARA,2026-09-29,144.95,144.95,132.98,135.7,44520
TREJHARA,2026-09-30,141.5,141.5,136.69,138.84,10186
TREJHARA,2026-10-01,143.49,143.49,127.03,131.66,29254
TREJHARA,2026-10-05,131.66,139.35,129.05,131.36,16833
TREL,2026-09-28,28.8,29.1,27.8,28.89,143807
TREL,2026-09-29,28.89,28.94,27.7,28.4,112132
TREL,2026-09-30,28.8,29.9,27.87,28.89,205678
TREL,2026-10-01,29.15,29.47,26.37,27.29,135689
TREL,2026-10-05,27.29,28.23,26.51,26.99,52412
TRENT,2026-09-29,2626.0,2642.7,2580.3999,2635.0,1548590
TRENT,2026-09-30,2651.1001,2669.8999,2618.0,2621.6001,785465
TRENT,2026-10-01,2615.0,2624.0,2545.8,2580.0,896919
TRENT,2026-10-02,2580.0,2580.0,2580.0,2580.0,0
TRENT,2026-10-05,2580.0,2608.3,2572.8,2580.0,802316
TRF,2026-09-29,210.07,210.73,202.0,202.9,24268
TRF,2026-09-30,207.75,209.0,196.55,197.82,18651
TRF,2026-10-01,202.0,202.0,191.19,192.33,7150
TRF,2026-10-02,192.33,192.33,192.33,192.33,0
TRF,2026-10-05,197.9,198.2,193.01,194.02,14980
TRIDENT,2026-09-28,23.01,23.07,22.86,22.93,2151775
TRIDENT,2026-09-29,22.93,22.99,22.28,22.49,3025645
TRIDENT,2026-09-30,22.49,22.79,22.35,22.44,2060666
TRIDENT,2026-10-01,22.44,22.5,22.0,22.16,2837617
TRIDENT,2026-10-05,22.15,22.33,21.8,21.84,3961987
TRIDHYA,2026-09-28,7.0,7.0,7.0,7.0,3000
TRIDHYA,2026-09-29,6.8,6.8,6.8,6.8,3000
TRIDHYA,2026-09-30,6.8,6.8,6.8,6.8,0
TRIDHYA,2026-10-01,6.8,6.8,6.8,6.8,0
TRIDHYA,2026-10-02,6.8,6.8,6.8,6.8,0
TRIGYN,2026-09-28,56.62,58.0,52.8,53.12,117283
TRIGYN,2026-09-29,53.6,53.8,52.34,53.03,30084
TRIGYN,2026-09-30,53.8,54.44,52.5,53.1,15509
TRIGYN,2026-10-01,53.5,53.5,51.36,51.8,36496
TRIGYN,2026-10-05,51.54,52.8,51.02,51.45,18889
TRITONV,2026-09-28,1114.3,1120.3,1080.1,1093.3,695
TRITONV,2026-09-29,1080.4,1093.3,1060.1,1075.4,967
TRITONV,2026-09-30,1087.5,1099.9,1076.1,1083.8,476
TRITONV,2026-10-01,1080.1,1109.6,1061.3,1078.0,1489
TRITONV,2026-10-05,1099.0,1100.0,1048.3,1063.2,1226
TRITURBINE,2026-09-28,555.35,559.0,544.15,551.65,312561
TRITURBINE,2026-09-29,547.0,550.85,535.8,543.55,643808
TRITURBINE,2026-09-30,542.0,548.45,537.7,539.4,332296
TRITURBINE,2026-10-01,536.0,541.25,526.0,530.0,473633
TRITURBINE,2026-10-05,535.0,540.0,525.05,526.1,208383
TRIVENI,2026-09-28,250.0,251.75,236.4,242.4,601490
TRIVENI,2026-09-29,242.0,243.75,236.95,239.15,773286
TRIVENI,2026-09-30,239.9,243.5,235.0,235.7,310906
TRIVENI,2026-10-01,234.95,241.98,228.61,230.92,557909
TRIVENI,2026-10-05,237.0,241.7,235.06,237.22,744584
TRU,2026-09-28,4.05,4.28,4.05,4.11,69501
TRU,2026-09-29,4.06,4.18,4.05,4.06,50438
TRU,2026-09-30,4.02,4.16,4.02,4.1,25979
TRU,2026-10-01,4.12,4.4,4.06,4.22,61921
TRU,2026-10-05,4.05,4.33,4.05,4.15,41076
TRUALT,2026-09-28,446.0,465.0,440.55,458.15,648345
TRUALT,2026-09-29,459.9,464.0,452.7,458.4,258126
TRUALT,2026-09-30,458.4,472.5,447.05,468.65,396825
TRUALT,2026-10-01,469.9,469.9,439.8,444.3,290950
TRUALT,2026-10-05,444.65,457.15,436.95,442.3,100918
TRUST,2026-09-25,26.15,26.9,23.8,26.55,30000
TRUST,2026-09-28,27.0,27.0,27.0,27.0,600
TRUST,2026-09-29,25.8,26.05,25.35,25.65,7800
TRUST,2026-09-30,25.55,26.95,25.55,26.95,4200
TRUST,2026-10-01,26.9,27.35,26.7,27.1,19200
TSFINV,2026-09-28,456.85,456.85,432.6,434.7,48385
TSFINV,2026-09-29,434.7,435.95,412.6,421.45,522272
TSFINV,2026-09-30,422.0,434.8,415.9,417.15,59183
TSFINV,2026-10-01,416.0,417.0,402.25,409.15,111572
TSFINV,2026-10-05,410.0,415.0,403.6,409.0,69621
TTKHLTCARE,2026-09-28,1023.0,1038.9,1004.2,1013.6,16905
TTKHLTCARE,2026-09-29,1016.6,1042.6,1000.0,1033.7,10420
TTKHLTCARE,2026-09-30,1041.3,1050.6,1012.6,1023.0,7751
TTKHLTCARE,2026-10-01,1021.0,1022.9,990.0,1013.0,10794
TTKHLTCARE,2026-10-05,1022.9,1037.0,991.0,1007.4,17885
TTKPRESTIG,2026-09-28,520.05,521.75,511.6,513.85,26198
TTKPRESTIG,2026-09-29,515.35,551.5,515.35,533.75,484427
TTKPRESTIG,2026-09-30,529.5,536.15,513.2,515.85,51023
TTKPRESTIG,2026-10-01,512.6,519.75,497.0,506.4,63610
TTKPRESTIG,2026-10-05,508.5,519.45,508.5,512.95,25083
TTL,2026-09-28,7.13,7.5,7.03,7.33,286275
TTL,2026-09-29,7.33,8.25,7.12,7.71,878500
TTL,2026-09-30,7.7,8.44,7.35,8.07,1258014
TTL,2026-10-01,8.11,8.3,7.71,7.85,236186
TTL,2026-10-05,8.0,8.0,7.65,7.77,116374
TTML,2026-09-29,35.71,35.9,33.93,35.18,11819456
TTML,2026-09-30,34.86,35.67,34.02,34.3,3429419
TTML,2026-10-01,35.44,35.55,34.15,34.82,8582189
TTML,2026-10-02,34.82,34.82,34.82,34.82,0
TTML,2026-10-05,34.6,34.8,33.91,34.33,2248833
TUNWAL,2026-09-25,25.1,25.7,25.1,25.45,48000
TUNWAL,2026-09-28,25.05,25.9,25.05,25.7,70000
TUNWAL,2026-09-29,25.6,26.05,25.35,25.85,70000
TUNWAL,2026-09-30,25.85,25.9,25.4,25.9,72000
TUNWAL,2026-10-01,25.5,26.0,25.3,25.9,78000
TURTLEMINT,2026-09-28,90.0,90.2,81.11,83.29,6374645
TURTLEMINT,2026-09-29,84.0,84.05,78.8,79.52,2538324
TURTLEMINT,2026-09-30,79.0,82.0,75.6,76.44,2617903
TURTLEMINT,2026-10-01,76.02,76.4,69.25,69.79,2761679
TURTLEMINT,2026-10-05,71.0,71.49,65.85,68.04,3623391
TUTIALKA,2026-09-28,55.78,56.7,54.06,55.22,5515
TUTIALKA,2026-09-29,55.0,55.85,52.56,54.74,7605
TUTIALKA,2026-09-30,55.8,56.0,54.0,54.4,2819
TUTIALKA,2026-10-01,54.11,55.68,53.0,53.98,4106
TUTIALKA,2026-10-05,55.92,55.92,52.01,52.27,5920
TVSELECT,2026-09-28,389.7,390.0,377.0,378.85,20459
TVSELECT,2026-09-29,378.85,379.65,367.1,374.3,25816
TVSELECT,2026-09-30,372.05,440.55,371.15,416.15,2795681
TVSELECT,2026-10-01,415.1,415.1,384.4,397.4,222377
TVSELECT,2026-10-05,397.15,401.75,387.2,391.7,41956
TVSHLTD,2026-09-28,12522.0,12663.0,12350.0,12436.0,3166
TVSHLTD,2026-09-29,12436.0,12497.0,12050.0,12298.0,10491
TVSHLTD,2026-09-30,12300.0,12450.0,12045.0,12107.0,8540
TVSHLTD,2026-10-01,12116.0,12117.0,11661.0,11886.0,21777
TVSHLTD,2026-10-05,11950.0,12021.0,11708.0,11813.0,4718
TVSMOTOR,2026-09-29,4075.0,4149.0,4037.2,4091.1001,765737
TVSMOTOR,2026-09-30,4100.0,4174.7002,4084.1001,4106.0,605529
TVSMOTOR,2026-10-01,4090.0,4100.0,3930.1001,4021.0,1234692
TVSMOTOR,2026-10-02,4021.0,4021.0,4021.0,4021.0,0
TVSMOTOR,2026-10-05,4026.0,4040.5,3919.0,4031.0,706602
TVSSCS,2026-09-29,128.3,132.62,125.74,131.3,838113
TVSSCS,2026-09-30,131.0,134.4,130.05,130.57,488937
TVSSCS,2026-10-01,130.0,130.86,126.0,128.42,767101
TVSSCS,2026-10-02,128.42,128.42,128.42,128.42,0
TVSSCS,2026-10-05,128.32,130.99,126.95,127.27,402736
TVSSRICHAK,2026-09-28,4634.5,4634.5,4460.0,4490.5,4956
TVSSRICHAK,2026-09-29,4445.0,4495.0,4370.0,4435.0,5321
TVSSRICHAK,2026-09-30,4466.5,4520.0,4402.5,4437.5,4983
TVSSRICHAK,2026-10-01,4426.0,4461.8999,4255.0,4349.2998,5576
TVSSRICHAK,2026-10-05,4323.2998,4430.7002,4256.0,4277.2998,3583
TVTODAY,2026-09-29,105.2,106.75,102.0,103.84,13158
TVTODAY,2026-09-30,106.0,106.0,103.3,104.19,13484
TVTODAY,2026-10-01,106.0,106.0,99.35,101.65,76841
TVTODAY,2026-10-02,101.65,101.65,101.65,101.65,0
TVTODAY,2026-10-05,103.7,103.7,101.0,101.49,52602
TVVISION,2026-09-28,3.05,3.06,2.78,2.96,51872
TVVISION,2026-09-29,3.03,3.05,2.82,2.82,76042
TVVISION,2026-09-30,2.82,2.85,2.68,2.68,41298
TVVISION,2026-10-01,2.68,2.81,2.55,2.55,112735
TVVISION,2026-10-05,2.67,2.67,2.43,2.64,40218
UBL,2026-09-28,1258.8,1258.8,1215.2,1217.4,42919
UBL,2026-09-29,1213.0,1228.2,1169.5,1210.2,116267
UBL,2026-09-30,1210.3,1213.8,1151.0,1158.1,322312
UBL,2026-10-01,1158.1,1194.8,1140.3,1188.8,143713
UBL,2026-10-05,1180.2,1192.6,1171.5,1183.3,56186
UCAL,2026-09-28,142.56,143.0,139.01,141.44,12716
UCAL,2026-09-29,141.44,142.85,138.51,139.0,3213
UCAL,2026-09-30,139.0,142.45,139.0,140.15,5043
UCAL,2026-10-01,142.0,142.0,137.01,140.4,20204
UCAL,2026-10-05,139.0,143.3,137.0,137.43,6507
UCL,2026-09-28,221.4,221.4,221.4,221.4,0
UCL,2026-09-29,221.4,221.4,221.4,221.4,0
UCL,2026-09-30,210.35,210.35,210.35,210.35,4000
UCL,2026-10-01,210.35,210.35,210.35,210.35,0
UCL,2026-10-02,210.35,210.35,210.35,210.35,0
UCOBANK,2026-09-28,23.87,23.87,23.23,23.33,3548489
UCOBANK,2026-09-29,23.4,23.45,22.97,23.05,4035725
UCOBANK,2026-09-30,23.05,23.5,23.05,23.28,2802505
UCOBANK,2026-10-01,23.22,23.35,22.81,22.93,3788182
UCOBANK,2026-10-05,23.05,23.9,22.96,23.16,7009829
UDAYJEW,2026-09-28,164.0,168.9,160.5,167.02,48894
UDAYJEW,2026-09-29,173.03,173.03,166.0,168.37,19048
UDAYJEW,2026-09-30,177.9,177.9,165.19,166.94,13109
UDAYJEW,2026-10-01,167.06,169.19,155.2,159.06,25228
UDAYJEW,2026-10-05,166.0,166.0,155.9,160.27,11218
UDS,2026-09-28,208.5,208.52,203.1,207.84,107421
UDS,2026-09-29,207.84,208.98,202.56,207.79,53770
UDS,2026-09-30,209.0,211.92,205.27,208.57,59154
UDS,2026-10-01,208.57,209.79,204.31,208.55,160461
UDS,2026-10-05,209.6,211.98,208.43,210.82,77975
UEL,2026-09-28,183.01,191.99,183.0,190.14,21311
UEL,2026-09-29,193.6,193.6,183.05,184.75,11518
UEL,2026-09-30,186.5,189.4,182.01,184.92,12717
UEL,2026-10-01,186.5,186.5,175.68,183.67,19845
UEL,2026-10-05,183.67,183.68,175.4,176.87,7614
UFBL,2026-09-28,697.1,709.8,671.2,677.85,57172
UFBL,2026-09-29,677.85,689.45,666.25,674.15,78748
UFBL,2026-09-30,666.7,700.0,642.2,678.8,31677
UFBL,2026-10-01,674.85,700.0,661.2,692.75,29335
UFBL,2026-10-05,696.7,704.9,658.5,662.1,33217
UFLEX,2026-09-28,669.0,669.0,638.0,641.95,116083
UFLEX,2026-09-29,640.15,660.9,636.8,647.7,162208
UFLEX,2026-09-30,656.0,671.0,652.0,657.85,159191
UFLEX,2026-10-01,663.9,664.85,640.2,649.85,150979
UFLEX,2026-10-05,651.15,669.35,636.5,639.2,112112
UFO,2026-09-28,59.8,60.85,58.7,58.87,23097
UFO,2026-09-29,58.99,60.48,56.3,58.93,64364
UFO,2026-09-30,59.98,59.98,58.0,58.12,11186
UFO,2026-10-01,59.69,59.79,55.35,56.49,34623
UFO,2026-10-05,57.02,58.6,56.33,57.18,21649
UGARSUGAR,2026-09-28,66.0,66.77,61.67,62.29,3580364
UGARSUGAR,2026-09-29,62.0,62.41,57.2,57.81,1013983
UGARSUGAR,2026-09-30,56.5,60.0,55.9,57.26,301755
UGARSUGAR,2026-10-01,56.9,57.0,54.9,56.04,161635
UGARSUGAR,2026-10-05,56.0,58.84,56.0,58.84,182107
UGROCAP,2026-09-28,82.02,82.38,80.2,80.29,232002
UGROCAP,2026-09-29,80.53,82.19,79.2,81.07,434421
UGROCAP,2026-09-30,81.67,84.56,81.15,83.68,277232
UGROCAP,2026-10-01,82.86,83.44,80.8,82.35,149035
UGROCAP,2026-10-05,83.9,83.9,81.0,81.89,145752
UJJIVANSFB,2026-09-29,63.05,65.4,62.56,65.26,12425218
UJJIVANSFB,2026-09-30,65.98,68.3,65.7,67.5,28889413
UJJIVANSFB,2026-10-01,66.99,67.6,65.04,65.6,9369954
UJJIVANSFB,2026-10-02,65.6,65.6,65.6,65.6,0
UJJIVANSFB,2026-10-05,66.98,67.65,65.92,66.59,16279797
ULTRACEMCO,2026-09-28,11155.0,11155.0,10978.0,11025.0,331811
ULTRACEMCO,2026-09-29,11010.0,11027.0,10826.0,10829.0,514924
ULTRACEMCO,2026-09-30,10829.0,10971.0,10800.0,10956.0,257558
ULTRACEMCO,2026-10-01,10810.0,10879.0,10612.0,10710.0,570684
ULTRACEMCO,2026-10-05,10736.0,10940.0,10731.0,10850.0,314507
ULTRAMAR,2026-09-29,423.9,423.9,412.3,418.5,18454
ULTRAMAR,2026-09-30,420.0,428.95,408.1,409.4,1302805
ULTRAMAR,2026-10-01,409.0,418.45,398.2,406.15,298654
ULTRAMAR,2026-10-02,406.15,406.15,406.15,406.15,0
ULTRAMAR,2026-10-05,409.0,409.55,403.5,404.8,92729
UMA,2026-09-28,15.7,15.7,15.65,15.65,8000
UMA,2026-09-29,17.85,17.95,16.25,17.75,28000
UMA,2026-09-30,17.75,17.75,17.75,17.75,0
UMA,2026-10-01,17.75,17.75,17.75,17.75,0
UMA,2026-10-02,17.75,17.75,17.75,17.75,0
UMAEXPORTS,2026-09-28,21.64,21.64,20.8,21.64,37283
UMAEXPORTS,2026-09-29,22.06,22.06,21.6,22.06,9758
UMAEXPORTS,2026-09-30,21.62,22.06,21.62,21.62,7137
UMAEXPORTS,2026-10-01,22.05,22.05,21.99,22.05,49382
UMAEXPORTS,2026-10-05,22.16,22.16,21.0,21.16,32939
UMESLTD,2026-09-28,4.7,4.72,4.45,4.59,17026
UMESLTD,2026-09-29,4.71,4.71,4.35,4.41,14937
UMESLTD,2026-09-30,4.69,4.69,4.15,4.49,22388
UMESLTD,2026-10-01,4.53,4.58,4.3,4.57,6153
UMESLTD,2026-10-05,4.8,4.8,4.28,4.37,7898
UNICHEMLAB,2026-09-28,546.2,558.0,526.6,536.4,117693
UNICHEMLAB,2026-09-29,537.0,608.0,530.0,568.4,4127586
UNICHEMLAB,2026-09-30,569.0,579.2,542.1,545.5,217861
UNICHEMLAB,2026-10-01,542.5,548.9,523.05,535.05,102131
UNICHEMLAB,2026-10-05,536.2,545.0,512.0,531.45,116755
UNIDT,2026-09-28,247.4,248.63,228.66,229.31,45792
UNIDT,2026-09-29,229.31,234.59,222.68,229.83,29891
UNIDT,2026-09-30,231.0,236.0,220.5,222.06,43999
UNIDT,2026-10-01,225.0,257.8,211.2,239.65,130454
UNIDT,2026-10-05,242.9,242.9,227.61,229.93,36656
UNIECOM,2026-09-28,84.5,84.5,81.99,82.18,159709
UNIECOM,2026-09-29,82.81,83.16,81.01,82.45,161740
UNIECOM,2026-09-30,82.89,84.5,82.25,83.9,194948
UNIECOM,2026-10-01,84.15,84.15,80.2,82.58,204430
UNIECOM,2026-10-05,82.52,83.69,81.11,81.54,133818
UNIENTER,2026-09-28,90.1,92.5,88.67,89.07,4648
UNIENTER,2026-09-29,89.07,91.98,88.67,89.01,7461
UNIENTER,2026-09-30,91.1,91.1,88.67,88.75,5499
UNIENTER,2026-10-01,89.2,89.99,86.6,87.02,9036
UNIENTER,2026-10-05,90.0,90.0,86.0,86.17,3395
UNIHEALTH,2026-09-25,635.1,687.95,583.1,638.85,80000
UNIHEALTH,2026-09-28,645.0,660.0,638.85,641.95,9500
UNIHEALTH,2026-09-29,646.9,647.95,615.0,626.4,18000
UNIHEALTH,2026-09-30,626.0,626.0,593.0,600.45,51000
UNIHEALTH,2026-10-01,578.0,589.95,540.0,581.2,53000
UNIINFO,2026-09-28,11.0,11.39,11.0,11.3,1586
UNIINFO,2026-09-29,11.1,11.3,11.0,11.08,1610
UNIINFO,2026-09-30,11.03,11.35,10.61,10.94,1270
UNIINFO,2026-10-01,11.25,11.25,10.4,10.85,4175
UNIINFO,2026-10-05,11.2,11.2,10.46,10.62,2024
UNIMECH,2026-09-29,1622.0,1710.0,1591.6,1675.0,595622
UNIMECH,2026-09-30,1721.0,1753.9,1705.1,1724.0,274093
UNIMECH,2026-10-01,1723.9,1779.8,1693.2,1773.0,403902
UNIMECH,2026-10-02,1773.0,1773.0,1773.0,1773.0,0
UNIMECH,2026-10-05,1790.0,1850.2,1756.0,1845.1,344309
UNIONBANK,2026-09-29,172.0,172.44,166.0,166.0,19452924
UNIONBANK,2026-09-30,169.98,172.6,169.95,171.0,16921657
UNIONBANK,2026-10-01,169.69,172.19,164.81,167.59,7875995
UNIONBANK,2026-10-02,167.59,167.59,167.59,167.59,0
UNIONBANK,2026-10-05,169.0,171.09,165.68,167.97,7966548
UNIPARTS,2026-09-28,845.0,851.45,832.5,837.1,98322
UNIPARTS,2026-09-29,837.1,847.5,829.55,843.55,47603
UNIPARTS,2026-09-30,849.0,859.0,829.55,836.0,63990
UNIPARTS,2026-10-01,830.9,834.9,801.7,819.3,141001
UNIPARTS,2026-10-05,818.0,847.1,812.25,826.05,84284
UNITDSPR,2026-09-28,1420.1,1420.1,1406.0,1415.4,338629
UNITDSPR,2026-09-29,1408.0,1414.2,1356.1,1363.0,8761343
UNITDSPR,2026-09-30,1371.0,1376.5,1337.6,1354.0,976345
UNITDSPR,2026-10-01,1340.1,1346.9,1316.5,1335.1,1003620
UNITDSPR,2026-10-05,1335.4,1377.9,1329.7,1369.0,1272551
UNITECH,2026-09-28,4.1,4.11,3.91,3.95,4125053
UNITECH,2026-09-29,3.95,4.0,3.81,3.92,3452169
UNITECH,2026-09-30,3.95,3.99,3.9,3.96,3132347
UNITECH,2026-10-01,3.95,3.99,3.85,3.93,3179973
UNITECH,2026-10-05,3.95,3.99,3.88,3.9,1338911
UNITEDPOLY,2026-09-28,47.25,47.25,45.0,45.28,54846
UNITEDPOLY,2026-09-29,46.23,47.1,45.0,46.87,136680
UNITEDPOLY,2026-09-30,46.93,47.56,46.26,47.47,555562
UNITEDPOLY,2026-10-01,48.0,48.0,46.5,47.05,98775
UNITEDPOLY,2026-10-05,47.13,50.23,43.5,48.43,3171395
UNITEDTEA,2026-09-28,425.2,432.35,423.9,425.05,3156
UNITEDTEA,2026-09-29,425.1,429.65,421.05,421.6,2379
UNITEDTEA,2026-09-30,405.2,433.75,405.2,427.9,313
UNITEDTEA,2026-10-01,432.2,432.2,412.7,416.95,10435
UNITEDTEA,2026-10-05,414.9,428.95,414.9,415.0,1641
UNIVAFOODS,2026-09-29,9.48,9.48,9.48,9.48,0
UNIVAFOODS,2026-09-30,9.48,9.48,9.48,9.48,0
UNIVAFOODS,2026-10-01,9.48,9.48,9.48,9.48,0
UNIVAFOODS,2026-10-02,9.48,9.48,9.48,9.48,0
UNIVAFOODS,2026-10-05,9.48,9.48,9.48,9.48,3084
UNIVASTU,2026-09-28,137.0,137.6,131.31,132.79,77387
UNIVASTU,2026-09-29,132.79,132.79,126.16,126.63,68022
UNIVASTU,2026-09-30,123.5,132.96,123.5,132.96,57992
UNIVASTU,2026-10-01,136.85,138.4,127.16,134.25,65638
UNIVASTU,2026-10-05,135.9,135.9,127.55,127.77,46796
UNIVCABLES,2026-09-29,1427.1,1479.9,1404.4,1468.4,81266
UNIVCABLES,2026-09-30,1470.0,1484.0,1433.3,1443.0,41248
UNIVCABLES,2026-10-01,1447.8,1462.0,1400.0,1451.3,81588
UNIVCABLES,2026-10-02,1451.3,1451.3,1451.3,1451.3,0
UNIVCABLES,2026-10-05,1459.9,1536.8,1456.0,1520.2,214759
UNIVPHOTO,2026-09-28,549.95,552.65,520.05,524.3,587
UNIVPHOTO,2026-09-29,524.3,524.3,500.0,513.8,195
UNIVPHOTO,2026-09-30,500.0,536.0,489.0,512.75,465
UNIVPHOTO,2026-10-01,496.3,520.0,487.3,490.0,483
UNIVPHOTO,2026-10-05,514.5,514.5,471.15,488.2,231
UNOMINDA,2026-09-28,1211.5,1214.2,1167.2,1173.0,605484
UNOMINDA,2026-09-29,1173.3,1179.0,1149.5,1162.0,546120
UNOMINDA,2026-09-30,1159.1,1184.1,1159.1,1170.0,527106
UNOMINDA,2026-10-01,1170.0,1170.0,1099.1,1111.0,788650
UNOMINDA,2026-10-05,1111.0,1126.0,1086.2,1101.0,952438
UPHOT,2026-09-25,1500.0,1500.0,1500.0,1500.0,8
UPHOT,2026-09-28,1503.0,1503.0,1503.0,1503.0,10
UPHOT,2026-09-29,1515.0,1530.0,1515.0,1530.0,35
UPHOT,2026-09-30,1530.0,1530.0,1530.0,1530.0,0
UPHOT,2026-10-01,1530.0,1530.0,1530.0,1530.0,26
UPL,2026-09-29,546.0,547.55,532.6,538.0,3270756
UPL,2026-09-30,539.25,544.9,535.25,539.75,3114983
UPL,2026-10-01,535.7,537.65,511.2,516.8,2466891
UPL,2026-10-02,516.8,516.8,516.8,516.8,0
UPL,2026-10-05,520.5,526.8,496.05,502.5,5330366
URAVIDEF,2026-09-28,102.5,103.0,102.15,102.5,2247
URAVIDEF,2026-09-29,104.55,104.55,101.99,104.55,1254
URAVIDEF,2026-09-30,105.05,106.5,105.0,105.05,335
URAVIDEF,2026-10-01,103.0,105.05,102.95,103.0,423
URAVIDEF,2026-10-05,103.0,103.0,101.16,101.16,463
URBAN,2026-09-25,120.8,120.95,117.45,118.85,12800
URBAN,2026-09-28,119.0,121.0,118.0,118.0,6400
URBAN,2026-09-29,118.0,122.9,117.4,122.8,10400
URBAN,2026-09-30,121.95,125.65,120.0,124.0,10400
URBAN,2026-10-01,119.0,119.8,117.2,118.15,8000
URBANCO,2026-09-28,168.99,171.25,160.0,161.21,5015852
URBANCO,2026-09-29,161.0,164.89,158.6,163.71,3747128
URBANCO,2026-09-30,163.4,164.29,155.85,157.48,3304372
URBANCO,2026-10-01,156.41,158.87,151.31,156.34,3669838
URBANCO,2026-10-05,157.0,160.56,157.0,159.59,2694736
URJA,2026-09-28,8.66,8.85,8.66,8.75,647638
URJA,2026-09-29,8.75,9.0,8.55,8.9,675563
URJA,2026-09-30,8.88,8.93,8.67,8.77,428412
URJA,2026-10-01,8.75,8.89,8.51,8.61,520756
URJA,2026-10-05,8.56,9.0,8.51,8.69,478430
USASEEDS,2026-09-25,89.5,89.5,89.5,89.5,0
USASEEDS,2026-09-28,85.05,85.1,85.05,85.1,856
USASEEDS,2026-09-29,84.0,89.0,80.85,89.0,2568
USASEEDS,2026-09-30,90.0,93.45,89.0,89.0,1712
USASEEDS,2026-10-01,84.55,88.95,84.55,88.95,856
USHAMART,2026-09-29,506.0,509.35,495.15,498.9,418393
USHAMART,2026-09-30,498.95,505.35,493.5,498.65,808936
USHAMART,2026-10-01,494.4,495.8,481.0,491.7,431464
USHAMART,2026-10-02,491.7,491.7,491.7,491.7,0
USHAMART,2026-10-05,492.0,518.0,492.0,510.5,1068924
USK,2026-09-28,19.85,19.85,18.9,19.31,40086
USK,2026-09-29,19.7,20.21,19.06,19.57,21138
USK,2026-09-30,20.3,20.3,18.3,19.14,35344
USK,2026-10-01,19.3,19.5,17.77,18.39,51053
USK,2026-10-05,18.97,19.1,18.12,18.53,20205
UTIAMC,2026-09-29,895.0,907.9,872.05,877.6,119110
UTIAMC,2026-09-30,873.25,894.55,873.25,882.4,50373
UTIAMC,2026-10-01,880.05,886.25,870.05,883.7,65757
UTIAMC,2026-10-02,883.7,883.7,883.7,883.7,0
UTIAMC,2026-10-05,883.7,898.0,879.85,890.3,58676
UTKARSHBNK,2026-09-28,13.99,13.99,13.5,13.59,3298049
UTKARSHBNK,2026-09-29,13.56,14.0,13.26,13.91,5856546
UTKARSHBNK,2026-09-30,13.97,14.0,13.68,13.76,4363721
UTKARSHBNK,2026-10-01,13.79,13.79,13.22,13.43,3995033
UTKARSHBNK,2026-10-05,13.43,13.68,13.12,13.22,2903955
UTLSOLAR,2026-09-28,418.0,421.75,400.05,409.05,344148
UTLSOLAR,2026-09-29,405.05,420.0,395.05,407.7,276123
UTLSOLAR,2026-09-30,403.0,410.15,396.9,398.45,205502
UTLSOLAR,2026-10-01,397.7,404.4,384.1,401.65,236989
UTLSOLAR,2026-10-05,401.65,420.95,392.6,412.15,326269
UTTAMSUGAR,2026-09-28,294.0,309.55,288.0,294.75,703248
UTTAMSUGAR,2026-09-29,293.65,293.9,284.0,290.8,181656
UTTAMSUGAR,2026-09-30,291.0,300.5,286.9,288.4,153061
UTTAMSUGAR,2026-10-01,287.95,288.0,272.25,276.1,186895
UTTAMSUGAR,2026-10-05,280.65,298.0,279.0,294.7,362201
UWCSL,2026-09-23,122.45,122.45,122.45,122.45,0
UWCSL,2026-09-29,122.45,122.45,122.45,122.45,0
UWCSL,2026-09-30,122.45,122.45,122.45,122.45,0
UWCSL,2026-10-01,122.45,122.45,122.45,122.45,0
UWCSL,2026-10-02,122.45,122.45,122.45,122.45,0
UYFINCORP,2026-09-28,19.63,20.0,19.4,19.79,169428
UYFINCORP,2026-09-29,19.79,20.77,19.51,20.77,383165
UYFINCORP,2026-09-30,21.8,21.8,21.8,21.8,415001
UYFINCORP,2026-10-01,22.89,22.89,21.85,22.86,414760
UYFINCORP,2026-10-05,23.29,24.0,23.0,23.98,495147
V2RETAIL,2026-09-29,211.93,211.93,207.0,209.43,697065
V2RETAIL,2026-09-30,210.09,210.94,207.11,208.74,821359
V2RETAIL,2026-10-01,208.0,208.94,197.71,201.39,1693991
V2RETAIL,2026-10-02,201.39,201.39,201.39,201.39,0
V2RETAIL,2026-10-05,183.99,183.99,162.33,169.28,18473874
VADILALIND,2026-09-28,7572.0,7587.0,7350.5,7397.5,5916
VADILALIND,2026-09-29,7440.0,7543.0,7224.0,7277.0,9371
VADILALIND,2026-09-30,7281.0,7494.5,7155.5,7253.0,11949
VADILALIND,2026-10-01,7289.5,7289.5,7100.0,7187.0,6060
VADILALIND,2026-10-05,7187.0,7299.5,7000.0,7111.0,6718
VADILENT,2026-09-28,10280.0,10300.0,10200.0,10201.0,18
VADILENT,2026-09-29,10200.0,10200.0,10200.0,10200.0,2
VADILENT,2026-09-30,10200.0,10200.0,10151.0,10151.0,5
VADILENT,2026-10-01,10050.0,10050.0,9910.0,9910.0,86
VADILENT,2026-10-05,9960.0,9960.0,9860.0,9860.0,9
VAIBHAVGBL,2026-09-29,199.0,204.49,198.16,202.89,268287
VAIBHAVGBL,2026-09-30,203.25,209.38,203.25,204.32,184844
VAIBHAVGBL,2026-10-01,203.25,205.78,196.88,203.53,254791
VAIBHAVGBL,2026-10-02,203.53,203.53,203.53,203.53,0
VAIBHAVGBL,2026-10-05,205.0,208.99,198.15,199.43,211892
VAISHALI,2026-09-28,8.62,8.7,8.4,8.5,67874
VAISHALI,2026-09-29,8.6,8.94,8.33,8.39,239530
VAISHALI,2026-09-30,8.75,8.99,8.31,8.35,199730
VAISHALI,2026-10-01,8.49,8.52,8.38,8.38,226659
VAISHALI,2026-10-05,8.95,8.95,8.22,8.28,217178
VAKRANGEE,2026-09-28,5.27,5.28,5.1,5.18,1085217
VAKRANGEE,2026-09-29,5.27,5.27,5.08,5.18,869571
VAKRANGEE,2026-09-30,5.15,5.24,5.05,5.14,1066328
VAKRANGEE,2026-10-01,5.13,5.16,5.07,5.12,839936
VAKRANGEE,2026-10-05,5.12,5.7,5.12,5.21,741358
VALIANTLAB,2026-09-28,126.0,126.0,118.63,118.97,89589
VALIANTLAB,2026-09-29,121.85,122.8,115.0,122.19,52840
VALIANTLAB,2026-09-30,122.76,127.88,121.25,126.23,92323
VALIANTLAB,2026-10-01,128.7,130.0,120.1,125.08,163055
VALIANTLAB,2026-10-05,128.85,128.85,119.05,124.58,70647
VALIANTORG,2026-09-29,395.0,409.95,380.9,404.6,59107
VALIANTORG,2026-09-30,409.95,467.0,407.0,455.1,606539
VALIANTORG,2026-10-01,469.0,480.6,440.0,477.15,551682
VALIANTORG,2026-10-02,477.15,477.15,477.15,477.15,0
VALIANTORG,2026-10-05,477.15,503.0,471.05,475.65,461753
VAML,2026-09-29,420.15,479.0,416.55,434.45,56303173
VAML,2026-09-30,431.0,433.75,410.5,412.9,13904115
VAML,2026-10-01,412.0,413.85,398.75,402.75,6985636
VAML,2026-10-02,402.75,402.75,402.75,402.75,0
VAML,2026-10-05,403.5,410.95,391.45,396.6,10726817
VARDHACRLC,2026-09-29,44.01,44.81,43.25,44.24,12623
VARDHACRLC,2026-09-30,44.24,44.49,43.27,43.64,16798
VARDHACRLC,2026-10-01,44.39,45.8,43.0,44.34,61608
VARDHACRLC,2026-10-02,44.34,44.34,44.34,44.34,0
VARDHACRLC,2026-10-05,45.7,45.7,44.11,44.47,39997
VARDMNPOLY,2026-09-29,5.96,6.09,5.45,5.81,311301
VARDMNPOLY,2026-09-30,5.81,5.95,5.72,5.8,175113
VARDMNPOLY,2026-10-01,5.81,5.89,5.65,5.7,135098
VARDMNPOLY,2026-10-02,5.7,5.7,5.7,5.7,0
VARDMNPOLY,2026-10-05,5.6,5.75,5.48,5.55,297132
VARMORA,2026-09-29,155.0,163.77,148.1,152.19,51633016
VARMORA,2026-09-30,145.0,147.67,136.54,139.65,11245606
VARMORA,2026-10-01,139.0,142.99,132.21,134.3,3139608
VARMORA,2026-10-02,134.3,134.3,134.3,134.3,0
VARMORA,2026-10-05,135.0,138.2,132.11,134.88,1992329
VARROC,2026-09-29,846.0,848.85,826.95,837.4,339439
VARROC,2026-09-30,837.3,867.0,834.0,862.95,266860
VARROC,2026-10-01,856.0,860.15,815.6,830.6,261699
VARROC,2026-10-02,830.6,830.6,830.6,830.6,0
VARROC,2026-10-05,835.0,843.8,817.0,820.0,169871
VASA,2026-09-28,3.55,3.55,3.55,3.55,0
VASA,2026-09-29,3.55,3.55,3.55,3.55,0
VASA,2026-09-30,3.4,3.55,3.4,3.55,8000
VASA,2026-10-01,3.55,3.55,3.55,3.55,0
VASA,2026-10-02,3.55,3.55,3.55,3.55,0
VASCONEQ,2026-09-28,35.05,36.08,34.05,34.96,1507212
VASCONEQ,2026-09-29,35.05,35.23,33.01,33.97,707643
VASCONEQ,2026-09-30,34.2,34.94,33.5,33.67,337424
VASCONEQ,2026-10-01,33.9,34.0,32.05,32.58,712339
VASCONEQ,2026-10-05,33.0,33.7,32.05,32.27,452259
VASUPRADA,2026-09-28,99.9,99.9,95.0,95.0,953
VASUPRADA,2026-09-29,95.0,95.0,95.0,95.0,0
VASUPRADA,2026-09-30,95.0,95.0,95.0,95.0,0
VASUPRADA,2026-10-01,94.1,99.75,94.1,95.52,4200
VASUPRADA,2026-10-05,96.0,96.25,96.0,96.25,93
VASWANI,2026-09-28,45.99,45.99,43.56,44.62,22598
VASWANI,2026-09-29,45.0,47.0,44.4,44.51,39639
VASWANI,2026-09-30,45.58,45.58,44.47,44.57,8219
VASWANI,2026-10-01,43.85,45.49,43.85,44.36,2864
VASWANI,2026-10-05,44.2,45.28,44.01,44.13,8389
VBL,2026-09-29,428.65,432.9,425.15,430.0,8308533
VBL,2026-09-30,428.0,436.4,427.5,432.0,8815664
VBL,2026-10-01,428.0,430.8,415.35,425.3,8516414
VBL,2026-10-02,425.3,425.3,425.3,425.3,0
VBL,2026-10-05,426.3,440.2,426.3,439.6,4643552
VCL,2026-09-28,1.32,1.32,1.32,1.32,208332
VCL,2026-09-29,1.26,1.26,1.26,1.26,208383
VCL,2026-09-30,1.22,1.32,1.2,1.31,2183545
VCL,2026-10-01,1.29,1.37,1.29,1.37,598905
VCL,2026-10-05,1.43,1.43,1.43,1.43,264937
VEDAVAAG,2026-09-28,23.03,23.44,22.4,22.93,89113
VEDAVAAG,2026-09-29,23.38,23.38,21.66,22.06,54384
VEDAVAAG,2026-09-30,22.06,22.96,21.81,22.24,43880
VEDAVAAG,2026-10-01,22.79,22.79,20.93,22.16,46023
VEDAVAAG,2026-10-05,22.16,22.59,21.46,22.33,27473
VEDL,2026-09-29,259.0,260.5,256.1,260.0,9517563
VEDL,2026-09-30,260.0,260.5,255.15,259.0,8639213
VEDL,2026-10-01,256.35,257.2,247.25,252.05,10131800
VEDL,2026-10-02,252.05,252.05,252.05,252.05,0
VEDL,2026-10-05,253.3,256.6,252.05,255.05,7161255
VEDPOWER,2026-09-29,32.17,34.8,31.8,34.25,35097382
VEDPOWER,2026-09-30,34.25,34.3,32.7,32.84,17056090
VEDPOWER,2026-10-01,32.91,33.0,31.95,32.77,18705111
VEDPOWER,2026-10-02,32.77,32.77,32.77,32.77,0
VEDPOWER,2026-10-05,32.8,33.15,31.49,31.87,15572832
VEEDOL,2026-09-28,1390.0,1390.0,1355.6,1364.1,10896
VEEDOL,2026-09-29,1364.1,1366.1,1352.0,1356.5,6638
VEEDOL,2026-09-30,1344.1,1380.7,1344.1,1373.3,8913
VEEDOL,2026-10-01,1372.9,1373.3,1338.0,1356.6,9354
VEEDOL,2026-10-05,1357.0,1365.9,1339.1,1350.4,6337
VEEGALAND,2026-09-29,139.0,141.9,138.05,141.17,98618
VEEGALAND,2026-09-30,141.2,143.8,141.0,142.41,204231
VEEGALAND,2026-10-01,142.39,143.46,139.55,141.79,121565
VEEGALAND,2026-10-02,141.79,141.79,141.79,141.79,0
VEEGALAND,2026-10-05,144.09,149.75,142.42,144.74,1476381
VEEKAYEM,2026-09-25,97.15,97.15,97.15,97.15,0
VEEKAYEM,2026-09-28,97.0,101.7,97.0,101.4,2000
VEEKAYEM,2026-09-29,96.35,105.95,96.35,102.45,4000
VEEKAYEM,2026-09-30,97.35,107.55,97.35,105.2,19500
VEEKAYEM,2026-10-01,100.25,109.0,100.0,104.0,11000
VELJAN,2026-09-28,2080.0,2149.3,1990.0,2044.2,524
VELJAN,2026-09-29,2000.0,2094.0,1942.0,2082.7,766
VELJAN,2026-09-30,2083.0,2186.8,2020.0,2186.8,2070
VELJAN,2026-10-01,2235.0,2296.1001,2235.0,2296.1001,2631
VELJAN,2026-10-05,2350.0,2410.8999,2296.1001,2410.8999,4185
VENKEYS,2026-09-28,1652.8,1685.4,1625.0,1632.8,35873
VENKEYS,2026-09-29,1625.0,1640.7,1599.0,1633.0,27001
VENKEYS,2026-09-30,1639.9,1649.3,1571.1,1588.1,31231
VENKEYS,2026-10-01,1587.9,1652.1,1532.2,1613.0,57612
VENKEYS,2026-10-05,1618.1,1664.0,1593.0,1642.7,51707
VENTIVE,2026-09-28,575.0,575.0,555.5,558.9,29803
VENTIVE,2026-09-29,556.0,563.4,548.8,559.85,20278
VENTIVE,2026-09-30,559.0,574.55,557.0,558.4,9729
VENTIVE,2026-10-01,564.85,564.85,548.0,552.2,26555
VENTIVE,2026-10-05,546.0,557.9,544.5,548.0,8979
VENUSPIPES,2026-09-28,2166.5,2249.0,2090.0,2132.6001,261075
VENUSPIPES,2026-09-29,2125.1001,2225.0,2101.0,2195.8,163257
VENUSPIPES,2026-09-30,2197.0,2244.3999,2135.5,2147.1001,125771
VENUSPIPES,2026-10-01,2153.1001,2237.8999,2133.0,2204.8999,161732
VENUSPIPES,2026-10-05,2204.8999,2279.1001,2193.8,2206.3999,141164
VENUSREM,2026-09-29,1629.8,1710.6,1629.8,1710.6,44957
VENUSREM,2026-09-30,1738.9,1796.1,1730.0,1796.1,28419
VENUSREM,2026-10-01,1877.0,1880.0,1715.0,1796.7,116523
VENUSREM,2026-10-02,1796.7,1796.7,1796.7,1796.7,0
VENUSREM,2026-10-05,1758.0,1819.0,1710.0,1778.0,21176
VERANDA,2026-09-28,232.9,244.02,230.0,238.02,433989
VERANDA,2026-09-29,239.86,239.91,220.0,223.31,2104745
VERANDA,2026-09-30,223.0,224.95,216.9,220.75,1426488
VERANDA,2026-10-01,222.8,228.08,212.2,213.8,522323
VERANDA,2026-10-05,214.0,218.99,207.6,212.76,368190
VERITAAS,2026-09-25,26.7,26.7,26.7,26.7,2400
VERITAAS,2026-09-28,28.0,28.0,28.0,28.0,4800
VERITAAS,2026-09-29,28.0,28.0,28.0,28.0,0
VERITAAS,2026-09-30,30.85,30.85,30.85,30.85,1200
VERITAAS,2026-10-01,32.35,32.35,30.05,31.6,7200
VERTOZ,2026-09-28,37.29,37.95,35.55,36.17,20615
VERTOZ,2026-09-29,36.17,37.29,34.98,35.64,40122
VERTOZ,2026-09-30,35.64,36.1,35.25,35.59,25530
VERTOZ,2026-10-01,34.8,36.45,34.7,35.66,20836
VERTOZ,2026-10-05,36.99,36.99,34.43,34.73,40182
VESUVIUS,2026-09-28,388.0,396.95,383.0,385.4,86994
VESUVIUS,2026-09-29,386.55,433.8,385.6,400.2,2664864
VESUVIUS,2026-09-30,404.95,453.8,403.75,424.2,8173574
VESUVIUS,2026-10-01,422.0,422.2,401.0,404.1,306434
VESUVIUS,2026-10-05,404.1,412.65,387.95,389.4,190945
VETO,2026-09-28,153.89,155.9,147.0,147.7,243862
VETO,2026-09-29,147.7,150.99,143.25,146.25,109301
VETO,2026-09-30,146.25,150.01,140.0,142.72,117752
VETO,2026-10-01,141.6,143.31,134.91,136.79,94273
VETO,2026-10-05,137.0,140.95,135.35,136.65,45573
VGCL,2026-09-28,48.12,48.54,46.02,46.58,1321
VGCL,2026-09-29,46.85,47.66,46.58,47.5,1959
VGCL,2026-09-30,49.5,49.5,47.0,48.66,4089
VGCL,2026-10-01,49.4,49.4,46.23,47.89,1904
VGCL,2026-10-05,45.65,48.37,45.65,48.02,906
VGL,2026-09-28,69.35,69.35,63.15,64.26,82614
VGL,2026-09-29,64.8,66.29,63.0,64.73,35195
VGL,2026-09-30,63.5,66.28,63.5,64.05,39842
VGL,2026-10-01,64.98,67.9,62.12,63.11,65923
VGL,2026-10-05,63.4,65.22,63.4,63.6,33259
VGUARD,2026-09-28,306.85,308.3,298.8,307.25,383502
VGUARD,2026-09-29,305.4,310.65,302.8,307.05,269210
VGUARD,2026-09-30,307.05,307.75,295.25,296.45,995389
VGUARD,2026-10-01,297.05,299.8,290.15,294.55,359135
VGUARD,2026-10-05,297.3,302.7,295.3,296.55,204357
VHL,2026-09-28,3355.0,3391.6001,3320.0,3329.3,650
VHL,2026-09-29,3310.3,3366.7,3273.0,3305.3,284
VHL,2026-09-30,3302.0,3430.0,3302.0,3400.8,1023
VHL,2026-10-01,3400.8,3450.0,3300.0,3435.3,1027
VHL,2026-10-05,3481.0,3525.7,3375.0,3517.8,1500
VHLTD,2026-09-28,126.7,129.9,122.2,128.28,31292
VHLTD,2026-09-29,129.0,132.0,127.6,130.38,57692
VHLTD,2026-09-30,132.1,132.1,129.4,129.66,3118
VHLTD,2026-10-01,134.0,134.0,124.45,127.7,16427
VHLTD,2026-10-05,131.99,131.99,124.0,126.05,7505
VIAZ,2026-09-25,75.55,75.55,75.5,75.5,4000
VIAZ,2026-09-28,76.45,79.0,76.45,79.0,16000
VIAZ,2026-09-29,82.0,82.0,79.0,80.5,8000
VIAZ,2026-09-30,82.0,84.4,80.05,83.35,34000
VIAZ,2026-10-01,86.85,86.85,81.75,84.0,24000
VIDHIING,2026-09-28,349.0,358.35,340.0,354.0,15153
VIDHIING,2026-09-29,357.0,361.15,345.0,359.4,27204
VIDHIING,2026-09-30,359.9,364.8,346.05,357.6,22528
VIDHIING,2026-10-01,354.4,355.0,347.1,350.25,25543
VIDHIING,2026-10-05,356.5,357.0,350.0,354.0,14038
VIDYAWIRES,2026-09-29,92.9,94.9,89.41,93.54,1523338
VIDYAWIRES,2026-09-30,94.23,96.9,93.42,94.41,1597875
VIDYAWIRES,2026-10-01,93.92,93.92,89.69,90.97,1066713
VIDYAWIRES,2026-10-02,90.97,90.97,90.97,90.97,0
VIDYAWIRES,2026-10-05,90.95,95.35,90.95,91.27,1296809
VIJAYA,2026-09-28,1513.3,1513.3,1480.1,1501.4,104599
VIJAYA,2026-09-29,1497.7,1512.9,1460.2,1475.0,80593
VIJAYA,2026-09-30,1486.3,1490.0,1435.0,1437.7,71365
VIJAYA,2026-10-01,1435.0,1442.6,1399.2,1428.0,188777
VIJAYA,2026-10-05,1425.0,1444.9,1405.4,1422.2,157254
VIJIFIN,2026-09-28,16.09,16.09,16.09,16.09,79940
VIJIFIN,2026-09-29,15.77,15.77,15.77,15.77,86783
VIJIFIN,2026-09-30,15.46,15.46,15.46,15.46,368359
VIJIFIN,2026-10-01,15.16,15.16,15.16,15.16,22956
VIJIFIN,2026-10-05,14.41,14.41,14.41,14.41,38311
VIJSOLX,2026-09-28,656.8,656.8,636.1,636.1,40
VIJSOLX,2026-09-29,636.9,650.0,636.9,649.3,11
VIJSOLX,2026-09-30,628.65,647.0,622.45,625.1,232
VIJSOLX,2026-10-01,626.0,645.0,623.3,623.3,1064
VIJSOLX,2026-10-05,625.05,644.8,625.05,636.95,33
VIKASECO,2026-09-28,1.05,1.05,1.03,1.03,1619424
VIKASECO,2026-09-29,1.03,1.04,1.01,1.02,2234550
VIKASECO,2026-09-30,1.02,1.05,1.02,1.03,1096252
VIKASECO,2026-10-01,1.03,1.03,1.01,1.01,1556275
VIKASECO,2026-10-05,1.03,1.03,1.02,1.02,1522386
VIKASLIFE,2026-09-28,1.23,1.26,1.22,1.23,1637074
VIKASLIFE,2026-09-29,1.22,1.24,1.21,1.21,1887874
VIKASLIFE,2026-09-30,1.22,1.23,1.21,1.21,2060239
VIKASLIFE,2026-10-01,1.21,1.22,1.18,1.2,2801015
VIKASLIFE,2026-10-05,1.21,1.23,1.21,1.21,2377351
VIKRAMSOLR,2026-09-29,163.92,164.99,160.0,160.05,4651540
VIKRAMSOLR,2026-09-30,161.0,162.28,160.0,160.01,1243665
VIKRAMSOLR,2026-10-01,160.2,160.46,151.6,154.35,2528456
VIKRAMSOLR,2026-10-02,154.35,154.35,154.35,154.35,0
VIKRAMSOLR,2026-10-05,155.0,157.39,151.79,152.52,969664
VIKRAN,2026-09-28,58.82,59.07,57.01,57.26,941790
VIKRAN,2026-09-29,57.25,63.0,56.5,60.88,6766925
VIKRAN,2026-09-30,60.33,61.73,59.0,59.71,1472938
VIKRAN,2026-10-01,59.43,59.9,57.13,58.27,860999
VIKRAN,2026-10-05,59.0,59.56,56.9,57.19,1023192
VILAS,2026-09-25,390.1,399.7,383.1,395.0,25500
VILAS,2026-09-28,389.05,392.95,375.1,376.85,15500
VILAS,2026-09-29,373.1,381.0,363.0,365.55,40250
VILAS,2026-09-30,367.8,404.0,357.7,399.4,84750
VILAS,2026-10-01,405.0,407.95,386.0,398.75,47750
VILINBIO,2026-09-28,51.5,51.5,51.5,51.5,0
VILINBIO,2026-09-29,53.85,53.85,53.85,53.85,4000
VILINBIO,2026-09-30,56.25,56.5,56.25,56.5,20000
VILINBIO,2026-10-01,56.5,56.5,56.5,56.5,0
VILINBIO,2026-10-02,56.5,56.5,56.5,56.5,0
VIMTALABS,2026-09-28,595.1,603.5,582.1,585.35,79991
VIMTALABS,2026-09-29,585.0,599.0,583.05,591.4,171430
VIMTALABS,2026-09-30,596.0,620.0,596.0,600.3,220346
VIMTALABS,2026-10-01,598.85,598.85,575.1,584.35,118361
VIMTALABS,2026-10-05,585.0,604.0,570.5,571.75,96743
VINATIORGA,2026-09-29,1195.0,1210.9,1172.4,1174.3,67018
VINATIORGA,2026-09-30,1182.0,1192.8,1165.0,1168.3,45076
VINATIORGA,2026-10-01,1173.5,1221.0,1143.6,1208.1,60315
VINATIORGA,2026-10-02,1208.1,1208.1,1208.1,1208.1,0
VINATIORGA,2026-10-05,1207.0,1207.9,1171.6,1175.8,43727
VINCOFE,2026-09-28,184.98,184.98,179.38,179.97,872679
VINCOFE,2026-09-29,179.0,184.0,174.68,182.56,1354650
VINCOFE,2026-09-30,182.5,187.3,179.0,179.96,817945
VINCOFE,2026-10-01,179.5,182.39,173.63,178.95,1031758
VINCOFE,2026-10-05,178.8,186.0,175.41,182.59,1009071
VINDHYATEL,2026-09-29,2592.1001,2691.5,2508.1001,2653.3,59364
VINDHYATEL,2026-09-30,2666.3,2788.7,2620.2,2662.8999,65292
VINDHYATEL,2026-10-01,2665.0,2667.0,2565.5,2617.0,30792
VINDHYATEL,2026-10-02,2617.0,2617.0,2617.0,2617.0,0
VINDHYATEL,2026-10-05,2611.7,2670.5,2553.5,2577.3,37719
VINEETLAB,2026-09-28,35.15,36.3,34.31,35.33,51893
VINEETLAB,2026-09-29,35.89,37.08,34.85,36.72,917482
VINEETLAB,2026-09-30,36.52,38.49,35.0,37.16,128547
VINEETLAB,2026-10-01,37.39,37.39,35.5,35.91,50068
VINEETLAB,2026-10-05,36.4,37.7,35.49,37.57,95641
VINNY,2026-09-28,0.95,0.96,0.91,0.91,181618
VINNY,2026-09-29,0.91,0.92,0.89,0.9,301852
VINNY,2026-09-30,0.92,0.92,0.88,0.89,551566
VINNY,2026-10-01,0.91,0.92,0.89,0.9,135375
VINNY,2026-10-05,0.91,0.91,0.9,0.9,202872
VINSYS,2026-09-25,573.8,573.8,573.8,573.8,0
VINSYS,2026-09-28,580.0,580.0,576.0,576.0,1250
VINSYS,2026-09-29,580.0,581.0,577.0,577.0,750
VINSYS,2026-09-30,577.0,590.0,575.0,589.0,2000
VINSYS,2026-10-01,580.0,580.0,577.0,579.5,1750
VINYAS,2026-09-25,1515.0,1549.95,1515.0,1527.3,5500
VINYAS,2026-09-28,1475.0,1515.0,1463.2,1493.0,3900
VINYAS,2026-09-29,1460.0,1494.8,1460.0,1490.9,12800
VINYAS,2026-09-30,1475.0,1523.95,1433.5,1455.95,11100
VINYAS,2026-10-01,1450.0,1498.0,1310.0,1375.15,26500
VINYLINDIA,2026-09-28,219.85,222.0,215.55,218.59,8544
VINYLINDIA,2026-09-29,215.5,221.8,212.0,214.68,11038
VINYLINDIA,2026-09-30,218.45,222.0,215.0,219.03,3507
VINYLINDIA,2026-10-01,218.0,220.8,213.0,214.23,3116
VINYLINDIA,2026-10-05,214.23,220.0,214.0,214.15,2875
VIPCLOTHNG,2026-09-28,21.7,21.7,20.7,21.09,17110
VIPCLOTHNG,2026-09-29,21.78,21.8,20.21,20.44,34950
VIPCLOTHNG,2026-09-30,20.44,21.4,20.41,20.51,12182
VIPCLOTHNG,2026-10-01,20.5,20.79,19.7,20.11,34037
VIPCLOTHNG,2026-10-05,20.11,21.94,20.11,20.19,14474
VIPIND,2026-09-28,301.0,301.0,295.15,296.25,114218
VIPIND,2026-09-29,295.65,296.8,289.15,293.2,126136
VIPIND,2026-09-30,293.0,297.0,289.05,290.95,167259
VIPIND,2026-10-01,288.1,290.2,277.85,280.75,382593
VIPIND,2026-10-05,282.95,288.75,279.0,284.3,190746
VIPULLTD,2026-09-28,10.36,10.87,10.0,10.87,160221
VIPULLTD,2026-09-29,11.41,11.41,10.85,11.36,222174
VIPULLTD,2026-09-30,11.0,11.83,11.0,11.0,832267
VIPULLTD,2026-10-01,11.18,11.18,10.45,10.59,86714
VIPULLTD,2026-10-05,10.46,10.55,10.35,10.49,68050
VIRAT,2026-09-28,380.0,380.0,355.5,358.4,7137
VIRAT,2026-09-29,365.0,374.9,331.6,340.2,8054
VIRAT,2026-09-30,364.95,374.2,333.0,339.2,25393
VIRAT,2026-10-01,340.0,340.0,323.95,335.8,9885
VIRAT,2026-10-05,336.15,349.9,336.0,345.0,5210
VIRINCHI,2026-09-28,13.82,14.18,13.71,13.72,33201
VIRINCHI,2026-09-29,13.72,14.0,13.16,13.37,78601
VIRINCHI,2026-09-30,13.39,13.7,13.11,13.47,60617
VIRINCHI,2026-10-01,13.53,13.7,13.0,13.29,44029
VIRINCHI,2026-10-05,13.3,13.6,12.55,12.78,63452
VIRTUALG,2026-09-28,0.45,0.46,0.44,0.44,347661
VIRTUALG,2026-09-29,0.45,0.45,0.42,0.43,268134
VIRTUALG,2026-09-30,0.44,0.45,0.42,0.44,382994
VIRTUALG,2026-10-01,0.45,0.45,0.43,0.44,155914
VIRTUALG,2026-10-05,0.44,0.45,0.43,0.43,146059
VISACHROME,2026-09-28,35.0,35.0,32.87,33.36,7943
VISACHROME,2026-09-29,33.36,35.02,31.81,35.02,1571547
VISACHROME,2026-09-30,35.98,36.77,35.5,36.77,1439494
VISACHROME,2026-10-01,38.59,38.6,35.61,35.91,87413
VISACHROME,2026-10-05,37.64,37.64,34.12,34.12,24497
VISAKAIND,2026-09-28,89.0,90.0,87.0,87.21,133056
VISAKAIND,2026-09-29,87.91,88.01,83.0,87.07,123072
VISAKAIND,2026-09-30,86.68,87.88,83.0,83.58,104474
VISAKAIND,2026-10-01,83.72,84.0,81.02,83.58,112131
VISAKAIND,2026-10-05,83.47,83.75,81.11,81.57,71853
VISAMAN,2026-09-25,30.2,30.2,30.2,30.2,5000
VISAMAN,2026-09-28,28.7,28.7,28.7,28.7,370000
VISAMAN,2026-09-29,27.3,30.1,27.3,30.1,202000
VISAMAN,2026-09-30,30.25,30.25,28.6,28.6,46000
VISAMAN,2026-10-01,27.2,27.2,27.2,27.2,4000
VISHAL,2026-09-28,18.0,18.23,17.61,17.86,34187
VISHAL,2026-09-29,17.78,18.2,17.25,17.92,37725
VISHAL,2026-09-30,18.45,18.45,17.52,17.66,15318
VISHAL,2026-10-01,17.95,17.95,17.2,17.38,47525
VISHAL,2026-10-05,18.18,18.18,17.0,17.31,28507
VISHNU,2026-09-28,687.25,695.0,683.0,691.95,42782
VISHNU,2026-09-29,688.05,696.8,669.8,673.9,153858
VISHNU,2026-09-30,678.0,694.0,658.35,664.5,96048
VISHNU,2026-10-01,669.95,676.95,640.05,658.25,95244
VISHNU,2026-10-05,661.55,669.65,645.1,647.75,83979
VISHNUINFR,2026-09-25,150.0,150.0,147.8,147.8,8500
VISHNUINFR,2026-09-28,143.3,144.0,135.05,143.5,80500
VISHNUINFR,2026-09-29,142.0,148.5,141.5,148.5,67500
VISHNUINFR,2026-09-30,148.0,150.1,145.0,147.6,144000
VISHNUINFR,2026-10-01,147.8,149.0,145.25,148.7,5000
VISHWARAJ,2026-09-29,5.43,5.43,5.24,5.26,206295
VISHWARAJ,2026-09-30,5.27,5.37,5.26,5.26,190214
VISHWARAJ,2026-10-01,5.25,5.29,5.1,5.18,156177
VISHWARAJ,2026-10-02,5.18,5.18,5.18,5.18,0
VISHWARAJ,2026-10-05,5.29,5.32,5.2,5.23,195509
VISHWAS,2026-09-25,40.4,40.4,40.4,40.4,0
VISHWAS,2026-09-28,40.4,40.4,40.4,40.4,0
VISHWAS,2026-09-29,42.4,42.4,42.4,42.4,3200
VISHWAS,2026-09-30,42.4,42.4,42.4,42.4,0
VISHWAS,2026-10-01,40.45,44.45,40.45,44.45,8000
VISL,2026-09-29,31.4,32.99,31.1,32.85,21043260
VISL,2026-09-30,34.4,34.49,31.82,32.3,67267019
VISL,2026-10-01,32.0,32.34,30.69,31.17,23116178
VISL,2026-10-02,31.17,31.17,31.17,31.17,0
VISL,2026-10-05,30.99,31.32,30.16,30.74,14830747
VITAL,2026-09-28,53.5,55.62,53.5,54.06,4497
VITAL,2026-09-29,53.5,53.9,51.5,52.82,5574
VITAL,2026-09-30,51.8,53.9,51.8,53.9,9302
VITAL,2026-10-01,53.9,53.9,51.35,53.46,1975
VITAL,2026-10-05,50.8,53.89,50.8,51.05,3115
VIVIANA,2026-09-29,709.3,724.95,700.0,704.7,16300
VIVIANA,2026-09-30,704.7,714.0,700.05,704.35,13835
VIVIANA,2026-10-01,685.0,787.75,685.0,774.5,140440
VIVIANA,2026-10-02,774.5,774.5,774.5,774.5,0
VIVIANA,2026-10-05,819.9,825.0,765.0,815.65,82294
VIVIDHA,2026-09-28,0.53,0.54,0.52,0.52,105712
VIVIDHA,2026-09-29,0.52,0.53,0.51,0.52,325093
VIVIDHA,2026-09-30,0.52,0.53,0.51,0.51,265809
VIVIDHA,2026-10-01,0.52,0.54,0.49,0.5,606973
VIVIDHA,2026-10-05,0.51,0.54,0.5,0.51,580904
VIVIMEDLAB,2026-09-28,5.66,5.66,5.44,5.66,30714
VIVIMEDLAB,2026-09-29,5.77,5.77,5.55,5.55,13423
VIVIMEDLAB,2026-09-30,5.44,5.65,5.44,5.44,15749
VIVIMEDLAB,2026-10-01,5.71,5.71,5.71,5.71,23364
VIVIMEDLAB,2026-10-05,5.99,5.99,5.99,5.99,103501
VIVO,2026-09-22,151.05,151.05,151.05,151.05,0
VIVO,2026-09-29,151.05,151.05,151.05,151.05,0
VIVO,2026-09-30,151.05,151.05,151.05,151.05,0
VIVO,2026-10-01,151.05,151.05,151.05,151.05,0
VIVO,2026-10-02,151.05,151.05,151.05,151.05,0
VIVOBIOT,2026-09-28,17.39,17.39,16.1,16.26,10869
VIVOBIOT,2026-09-29,17.44,17.44,16.11,17.05,39020
VIVOBIOT,2026-09-30,17.24,17.24,16.11,17.06,12331
VIVOBIOT,2026-10-01,16.9,17.99,16.5,17.13,18186
VIVOBIOT,2026-10-05,17.0,17.83,14.6,15.14,78951
VIYASH,2026-09-29,239.5,245.9,235.8,238.05,4039716
VIYASH,2026-09-30,238.8,242.5,235.05,235.8,1248944
VIYASH,2026-10-01,234.8,235.7,226.24,231.75,3532864
VIYASH,2026-10-02,231.75,231.75,231.75,231.75,0
VIYASH,2026-10-05,234.0,235.0,228.0,229.07,1200304
VLEGOV,2026-09-28,10.95,10.95,10.26,10.34,36569
VLEGOV,2026-09-29,10.33,10.44,10.15,10.2,41646
VLEGOV,2026-09-30,10.25,10.55,9.86,9.99,169457
VLEGOV,2026-10-01,10.3,10.3,9.5,9.6,101558
VLEGOV,2026-10-05,9.42,9.99,9.13,9.32,135280
VLSFINANCE,2026-09-28,239.65,239.65,234.25,237.4,2385
VLSFINANCE,2026-09-29,237.38,237.4,230.9,234.96,7305
VLSFINANCE,2026-09-30,230.8,237.0,230.8,234.09,9330
VLSFINANCE,2026-10-01,233.1,245.0,227.0,230.87,8899
VLSFINANCE,2026-10-05,229.0,234.84,229.0,231.16,10797
VMARCIND,2026-09-25,327.0,329.75,320.8,322.45,93000
VMARCIND,2026-09-28,325.0,327.0,303.5,310.8,253500
VMARCIND,2026-09-29,310.9,323.9,303.25,316.6,147000
VMARCIND,2026-09-30,316.6,337.95,316.6,334.8,282000
VMARCIND,2026-10-01,335.0,335.0,316.0,325.0,136500
VMART,2026-09-28,765.2,769.8,747.3,766.5,62516
VMART,2026-09-29,766.4,769.8,748.65,760.05,65456
VMART,2026-09-30,760.05,784.8,740.2,753.7,170425
VMART,2026-10-01,759.95,761.15,736.6,746.1,47930
VMART,2026-10-05,751.0,775.0,744.4,770.95,81244
VMM,2026-09-29,100.81,104.3,98.0,104.3,15659999
VMM,2026-09-30,102.18,102.6,99.92,101.0,16476797
VMM,2026-10-01,100.01,100.5,98.42,99.5,11791052
VMM,2026-10-02,99.5,99.5,99.5,99.5,0
VMM,2026-10-05,100.6,100.6,98.1,98.25,5980303
VMSTMT,2026-09-29,48.02,49.99,48.02,48.99,105910
VMSTMT,2026-09-30,49.15,49.9,49.0,49.12,74544
VMSTMT,2026-10-01,49.12,50.5,46.11,46.65,162379
VMSTMT,2026-10-02,46.65,46.65,46.65,46.65,0
VMSTMT,2026-10-05,46.95,48.0,42.5,44.34,117745
VOEPL,2026-09-29,495.15,511.95,491.9,497.95,45543
VOEPL,2026-09-30,491.55,509.8,488.75,493.15,54039
VOEPL,2026-10-01,503.85,503.85,482.1,493.0,39897
VOEPL,2026-10-02,493.0,493.0,493.0,493.0,0
VOEPL,2026-10-05,520.0,553.85,493.0,506.1,2133658
VOGL,2026-09-29,33.3,34.35,32.93,33.96,40629240
VOGL,2026-09-30,34.1,34.38,33.0,33.11,19780131
VOGL,2026-10-01,33.1,33.1,31.39,31.98,26250953
VOGL,2026-10-02,31.98,31.98,31.98,31.98,0
VOGL,2026-10-05,31.95,32.14,30.63,30.87,23982297
VOITHPAPR,2026-09-28,1441.0,1464.0,1427.0,1435.3,57
VOITHPAPR,2026-09-29,1435.0,1460.5,1405.5,1408.2,242
VOITHPAPR,2026-09-30,1446.0,1465.0,1420.0,1449.9,225
VOITHPAPR,2026-10-01,1450.0,1458.8,1400.0,1407.3,226
VOITHPAPR,2026-10-05,1416.0,1448.0,1392.3,1437.2,245
VOLTAMP,2026-09-29,10513.0,10669.0,10443.0,10624.0,10908
VOLTAMP,2026-09-30,10601.0,10796.0,10462.0,10500.0,16517
VOLTAMP,2026-10-01,10509.0,10575.0,10285.0,10426.0,16047
VOLTAMP,2026-10-02,10426.0,10426.0,10426.0,10426.0,0
VOLTAMP,2026-10-05,10452.0,10638.0,10421.0,10561.0,14532
VOLTAS,2026-09-28,1124.9,1144.5,1120.2,1135.5,933414
VOLTAS,2026-09-29,1135.2,1137.9,1090.0,1090.0,1279969
VOLTAS,2026-09-30,1094.0,1097.8,1066.0,1070.0,1028057
VOLTAS,2026-10-01,1070.0,1078.6,1040.6,1053.2,638996
VOLTAS,2026-10-05,1055.0,1072.1,1052.9,1061.3,436296
VPRPL,2026-09-28,32.2,32.23,30.66,31.09,849427
VPRPL,2026-09-29,31.0,32.8,28.89,28.99,2626247
VPRPL,2026-09-30,28.55,29.82,28.55,29.62,376950
VPRPL,2026-10-01,29.68,29.68,27.93,28.39,507617
VPRPL,2026-10-05,28.45,29.17,28.45,28.78,346485
VR,2026-09-28,95.5,95.5,95.5,95.5,400
VR,2026-09-29,95.5,95.5,95.5,95.5,400
VR,2026-09-30,95.95,95.95,95.8,95.95,1200
VR,2026-10-01,95.95,95.95,95.95,95.95,0
VR,2026-10-02,95.95,95.95,95.95,95.95,0
VRAJ,2026-09-28,127.0,129.0,123.61,124.66,15278
VRAJ,2026-09-29,125.53,127.69,123.2,125.16,11399
VRAJ,2026-09-30,123.1,126.14,123.1,123.85,8306
VRAJ,2026-10-01,123.45,124.5,118.96,121.76,23186
VRAJ,2026-10-05,123.35,124.08,121.25,122.18,11031
VRLLOG,2026-09-28,288.4,288.5,285.0,287.0,128046
VRLLOG,2026-09-29,285.5,288.4,281.5,282.4,166349
VRLLOG,2026-09-30,283.95,290.15,283.95,287.15,133472
VRLLOG,2026-10-01,284.55,289.7,282.8,285.05,147978
VRLLOG,2026-10-05,285.6,286.6,283.1,285.0,97202
VSCL,2026-09-25,20.25,20.25,20.25,20.25,0
VSCL,2026-09-28,19.5,19.5,19.5,19.5,3000
VSCL,2026-09-29,19.5,19.5,19.5,19.5,0
VSCL,2026-09-30,19.5,19.5,19.5,19.5,0
VSCL,2026-10-01,20.45,20.45,20.4,20.4,6000
VSSL,2026-09-28,414.6,418.0,403.8,407.75,108982
VSSL,2026-09-29,410.5,410.5,397.8,405.85,64367
VSSL,2026-09-30,405.8,414.0,395.0,401.05,104397
VSSL,2026-10-01,402.4,402.4,375.35,383.3,164787
VSSL,2026-10-05,381.0,388.35,375.85,386.1,140447
VSTIND,2026-09-28,205.4,206.09,203.1,204.0,90130
VSTIND,2026-09-29,204.68,204.8,202.05,202.96,92063
VSTIND,2026-09-30,203.0,204.4,202.4,203.16,81303
VSTIND,2026-10-01,203.3,204.17,200.1,201.14,142755
VSTIND,2026-10-05,204.5,204.5,200.1,200.92,101204
VSTL,2026-09-28,113.76,114.89,110.5,111.23,5590
VSTL,2026-09-29,111.45,111.95,110.05,110.81,3440
VSTL,2026-09-30,110.9,114.0,110.51,112.09,5238
VSTL,2026-10-01,111.9,111.9,108.09,108.85,8447
VSTL,2026-10-05,109.98,110.45,108.05,109.04,5008
VSTTILLERS,2026-09-29,4285.7998,4488.0,4232.2002,4427.3999,9068
VSTTILLERS,2026-09-30,4398.5,4421.1001,4311.2998,4390.0,7416
VSTTILLERS,2026-10-01,4350.0,4630.0,4260.0,4339.7998,47446
VSTTILLERS,2026-10-02,4339.7998,4339.7998,4339.7998,4339.7998,0
VSTTILLERS,2026-10-05,4365.0,4379.6001,4175.7002,4235.1001,10200
VTL,2026-09-28,554.3,554.8,538.6,540.55,268457
VTL,2026-09-29,540.5,545.2,526.7,529.55,501166
VTL,2026-09-30,531.65,542.7,524.65,534.6,615004
VTL,2026-10-01,534.6,534.6,516.55,529.25,260173
VTL,2026-10-05,532.0,538.9,527.65,529.9,102054
VTMLTD,2026-09-28,42.44,43.11,37.45,38.07,348137
VTMLTD,2026-09-29,38.54,41.77,37.75,39.93,179086
VTMLTD,2026-09-30,41.49,42.0,38.5,38.88,74347
VTMLTD,2026-10-01,39.26,39.85,36.57,38.15,102484
VTMLTD,2026-10-05,40.4,41.4,37.3,38.27,46362
WAAREEENER,2026-09-29,2455.0,2460.0,2380.0,2380.0,724573
WAAREEENER,2026-09-30,2390.0,2401.3999,2364.8999,2374.3999,402951
WAAREEENER,2026-10-01,2374.0,2380.8999,2301.1001,2340.0,841593
WAAREEENER,2026-10-02,2340.0,2340.0,2340.0,2340.0,0
WAAREEENER,2026-10-05,2352.0,2363.5,2323.7,2346.5,341571
WAAREEINDO,2026-09-29,218.6,221.4,208.45,210.65,172505
WAAREEINDO,2026-09-30,214.4,215.0,205.55,209.95,89461
WAAREEINDO,2026-10-01,209.95,212.0,199.46,203.39,240812
WAAREEINDO,2026-10-02,203.39,203.39,203.39,203.39,0
WAAREEINDO,2026-10-05,203.01,213.3,203.01,204.89,141493
WAAREERTL,2026-09-28,833.3,835.0,822.95,826.05,81752
WAAREERTL,2026-09-29,824.9,827.7,812.85,821.4,94415
WAAREERTL,2026-09-30,820.75,837.95,818.35,819.95,82105
WAAREERTL,2026-10-01,819.95,822.85,798.0,808.8,129374
WAAREERTL,2026-10-05,809.95,831.0,807.2,809.1,124123
WABAG,2026-09-29,1977.2,2099.8,1956.8,2093.8,703056
WABAG,2026-09-30,2077.8999,2141.8999,2051.0,2061.3999,394972
WABAG,2026-10-01,2058.3,2058.3,1960.0,2004.9,398624
WABAG,2026-10-02,2004.9,2004.9,2004.9,2004.9,0
WABAG,2026-10-05,2015.0,2032.8,1967.0,1999.5,683349
WAKEFIT,2026-09-28,142.3,142.3,137.8,138.57,195762
WAKEFIT,2026-09-29,139.01,145.1,136.7,144.06,435263
WAKEFIT,2026-09-30,144.06,144.93,140.8,143.82,215953
WAKEFIT,2026-10-01,146.0,146.08,138.3,139.88,172897
WAKEFIT,2026-10-05,140.12,144.5,137.3,138.12,586265
WALCHANNAG,2026-09-28,211.0,211.01,202.0,203.03,303356
WALCHANNAG,2026-09-29,202.15,206.23,198.95,203.24,432314
WALCHANNAG,2026-09-30,204.4,210.84,199.1,200.24,460410
WALCHANNAG,2026-10-01,200.1,201.59,191.53,196.08,612063
WALCHANNAG,2026-10-05,198.0,201.4,193.05,195.05,591564
WALPAR,2026-09-25,27.95,27.95,25.8,27.45,16000
WALPAR,2026-09-28,28.75,28.8,26.1,26.25,20000
WALPAR,2026-09-29,24.95,27.4,24.95,27.4,4000
WALPAR,2026-09-30,27.4,28.45,27.4,28.45,8000
WALPAR,2026-10-01,29.0,29.0,27.4,27.4,4000
WANBURY,2026-09-29,221.8,229.95,216.05,216.95,242042
WANBURY,2026-09-30,218.55,220.55,196.05,199.5,1016479
WANBURY,2026-10-01,199.6,203.0,191.0,197.99,563970
WANBURY,2026-10-02,197.99,197.99,197.99,197.99,0
WANBURY,2026-10-05,198.8,198.99,187.0,190.46,517094
WARDINMOBI,2026-09-28,5.64,5.64,5.4,5.43,213653
WARDINMOBI,2026-09-29,5.54,5.54,5.16,5.49,314645
WARDINMOBI,2026-09-30,5.64,5.64,5.41,5.45,275407
WARDINMOBI,2026-10-01,5.51,5.51,5.25,5.31,253655
WARDINMOBI,2026-10-05,5.31,5.55,5.07,5.17,91237
WATERBASE,2026-09-28,45.02,46.35,44.25,44.56,21954
WATERBASE,2026-09-29,44.16,50.3,44.16,46.86,47588
WATERBASE,2026-09-30,47.5,47.5,46.06,46.7,14225
WATERBASE,2026-10-01,45.77,47.39,44.76,45.4,21523
WATERBASE,2026-10-05,47.0,47.0,45.21,45.57,3851
WCIL,2026-09-29,92.2,95.5,89.51,94.91,231054
WCIL,2026-09-30,95.0,96.5,93.0,93.16,165294
WCIL,2026-10-01,92.2,93.73,91.51,93.01,72195
WCIL,2026-10-02,93.01,93.01,93.01,93.01,0
WCIL,2026-10-05,95.0,95.0,87.25,89.27,330348
WEALTH,2026-09-29,846.75,918.0,837.8,887.5,5500
WEALTH,2026-09-30,899.95,920.0,865.0,907.85,2780
WEALTH,2026-10-01,895.0,931.0,882.5,889.95,4145
WEALTH,2026-10-02,889.95,889.95,889.95,889.95,0
WEALTH,2026-10-05,900.0,913.0,851.5,864.0,705
WEBELSOLAR,2026-09-29,71.99,71.99,69.5,70.62,1776300
WEBELSOLAR,2026-09-30,70.4,73.07,70.32,70.56,914986
WEBELSOLAR,2026-10-01,70.4,70.99,67.04,68.7,2357402
WEBELSOLAR,2026-10-02,68.7,68.7,68.7,68.7,0
WEBELSOLAR,2026-10-05,69.2,69.6,67.21,68.06,1356882
WEIZMANIND,2026-09-28,76.0,76.0,72.5,72.54,1098
WEIZMANIND,2026-09-29,72.5,72.5,69.51,70.86,3367
WEIZMANIND,2026-09-30,71.25,71.25,70.86,70.88,1033
WEIZMANIND,2026-10-01,70.99,73.89,69.0,71.45,999
WEIZMANIND,2026-10-05,70.35,72.73,68.5,69.4,100
WEL,2026-09-29,73.75,74.94,71.0,72.57,346612
WEL,2026-09-30,71.85,73.84,71.81,72.63,224981
WEL,2026-10-01,74.0,74.0,71.21,71.7,186921
WEL,2026-10-02,71.7,71.7,71.7,71.7,0
WEL,2026-10-05,72.88,74.39,72.01,73.3,187482
WELCORP,2026-09-29,2712.3,2900.0,2680.5,2842.0,3094471
WELCORP,2026-09-30,2802.0,2835.8,2700.8999,2717.0,1718055
WELCORP,2026-10-01,2708.0,2731.3,2539.2,2605.8,2309126
WELCORP,2026-10-02,2605.8,2605.8,2605.8,2605.8,0
WELCORP,2026-10-05,2649.8999,2672.8999,2450.0,2497.5,2352647
WELENT,2026-09-28,755.5,762.0,734.25,749.5,586516
WELENT,2026-09-29,749.5,769.5,736.05,744.3,531075
WELENT,2026-09-30,741.0,764.4,740.0,742.7,169996
WELENT,2026-10-01,736.0,749.3,717.55,724.45,396051
WELENT,2026-10-05,724.45,734.3,716.7,723.1,154919
WELINV,2026-09-28,2451.0,2499.0,2451.0,2451.0,99
WELINV,2026-09-29,2435.0,2451.0,2402.1001,2435.0,48
WELINV,2026-09-30,2482.0,2483.3,2428.0,2482.0,30
WELINV,2026-10-01,2478.0,2481.8999,2478.0,2478.0,54
WELINV,2026-10-05,2500.0,2500.0,2478.0,2478.0,4
WELSPLSOL,2026-09-28,55.5,55.63,53.05,53.81,347359
WELSPLSOL,2026-09-29,53.11,54.46,52.35,52.69,344119
WELSPLSOL,2026-09-30,53.08,56.75,53.08,53.98,999336
WELSPLSOL,2026-10-01,54.17,54.18,51.5,52.58,821620
WELSPLSOL,2026-10-05,52.25,53.4,52.02,52.5,332103
WELSPUNLIV,2026-09-29,226.21,228.5,222.62,225.21,1833544
WELSPUNLIV,2026-09-30,225.45,232.49,225.01,227.33,3089710
WELSPUNLIV,2026-10-01,226.7,244.89,226.2,239.17,22516675
WELSPUNLIV,2026-10-02,239.17,239.17,239.17,239.17,0
WELSPUNLIV,2026-10-05,241.5,243.0,228.01,230.27,5875615
WENDT,2026-09-28,8650.0,8650.0,8450.0,8459.0,5304
WENDT,2026-09-29,8490.5,8651.0,8340.0,8395.0,8552
WENDT,2026-09-30,8371.0,8599.0,8270.0,8351.5,6714
WENDT,2026-10-01,8350.0,8350.0,7950.0,8116.0,14731
WENDT,2026-10-05,8130.0,8255.0,8001.0,8016.5,6045
WESTLIFE,2026-09-28,577.95,587.15,562.05,579.85,91864
WESTLIFE,2026-09-29,579.85,602.0,570.2,596.6,286746
WESTLIFE,2026-09-30,600.0,600.0,586.65,589.85,58873
WESTLIFE,2026-10-01,585.3,607.5,578.55,588.05,119967
WESTLIFE,2026-10-05,591.0,606.5,586.0,590.95,106325
WEWIN,2026-09-28,48.0,50.0,47.99,48.59,18241
WEWIN,2026-09-29,48.59,48.59,47.5,48.1,2401
WEWIN,2026-09-30,48.5,51.5,48.5,50.81,18452
WEWIN,2026-10-01,50.81,53.0,49.75,51.65,8010
WEWIN,2026-10-05,52.1,52.1,50.55,51.0,3493
WEWORK,2026-09-28,646.65,664.9,635.5,650.65,132927
WEWORK,2026-09-29,645.65,679.8,641.3,667.15,204957
WEWORK,2026-09-30,674.7,674.7,658.3,660.45,116352
WEWORK,2026-10-01,661.25,668.6,643.55,659.6,303711
WEWORK,2026-10-05,656.4,664.2,645.05,651.0,62860
WHBRADY,2026-09-28,491.0,491.0,491.0,491.0,1
WHBRADY,2026-09-29,491.0,491.0,491.0,491.0,2
WHBRADY,2026-09-30,491.0,491.0,491.0,491.0,1
WHBRADY,2026-10-01,471.0,495.0,461.0,465.05,207
WHBRADY,2026-10-05,488.0,488.0,456.3,464.4,93
WHEELS,2026-09-28,2320.0,2394.0,2264.7,2323.8,342438
WHEELS,2026-09-29,2300.0,2300.0,2191.0,2204.0,138348
WHEELS,2026-09-30,2239.8,2255.8,2177.5,2221.0,134353
WHEELS,2026-10-01,2225.0,2274.0,2104.1001,2241.3,183997
WHEELS,2026-10-05,2260.0,2266.6001,2150.2,2206.6001,78184
WHIRLPOOL,2026-09-29,912.55,912.55,873.0,888.2,1761949
WHIRLPOOL,2026-09-30,879.3,942.8,862.25,890.25,3226987
WHIRLPOOL,2026-10-01,880.0,897.1,852.5,861.65,1044003
WHIRLPOOL,2026-10-02,861.65,861.65,861.65,861.65,0
WHIRLPOOL,2026-10-05,867.6,888.7,850.1,871.75,825507
WILLAMAGOR,2026-09-28,23.91,23.91,22.0,22.11,2385
WILLAMAGOR,2026-09-29,23.45,23.45,21.21,22.31,4087
WILLAMAGOR,2026-09-30,24.0,24.0,22.01,22.99,8070
WILLAMAGOR,2026-10-01,23.4,23.4,20.53,21.19,10397
WILLAMAGOR,2026-10-05,21.99,22.82,21.01,21.67,4778
WINDLAS,2026-09-29,1090.05,1123.95,1085.0,1096.25,109383
WINDLAS,2026-09-30,1107.5,1139.9,1081.0,1091.3,56202
WINDLAS,2026-10-01,1091.3,1101.3,1052.6,1082.4,63775
WINDLAS,2026-10-02,1082.4,1082.4,1082.4,1082.4,0
WINDLAS,2026-10-05,1082.4,1094.1,1009.0,1017.9,109660
WINDMACHIN,2026-09-28,298.0,303.0,294.65,300.25,53475
WINDMACHIN,2026-09-29,298.1,304.9,290.95,300.0,158312
WINDMACHIN,2026-09-30,298.1,304.6,294.0,300.2,112850
WINDMACHIN,2026-10-01,301.2,303.05,284.6,293.15,99959
WINDMACHIN,2026-10-05,293.0,299.45,284.65,286.2,29987
WINNY,2026-09-28,32.45,32.45,32.45,32.45,0
WINNY,2026-09-29,32.45,32.45,32.45,32.45,0
WINNY,2026-09-30,32.45,32.45,32.45,32.45,0
WINNY,2026-10-01,32.45,32.45,32.45,32.45,0
WINNY,2026-10-02,32.45,32.45,32.45,32.45,0
WINSOL,2026-09-25,105.0,109.45,104.0,107.3,14800
WINSOL,2026-09-28,111.0,111.0,106.45,106.45,6400
WINSOL,2026-09-29,100.85,110.8,100.85,108.75,21200
WINSOL,2026-09-30,109.95,110.0,109.95,109.95,2800
WINSOL,2026-10-01,106.5,106.5,106.0,106.0,1600
WIPL,2026-09-28,175.0,175.0,163.6,166.74,1034
WIPL,2026-09-29,166.7,169.9,163.22,163.72,418
WIPL,2026-09-30,165.01,169.0,164.05,164.8,151
WIPL,2026-10-01,168.39,168.5,161.0,161.0,936
WIPL,2026-10-05,163.0,167.4,160.5,160.81,2277
WIPRO,2026-09-29,161.0,162.43,156.79,156.79,164453787
WIPRO,2026-09-30,157.01,161.73,157.01,158.5,15966068
WIPRO,2026-10-01,158.61,160.95,157.25,159.35,18521731
WIPRO,2026-10-02,159.35,159.35,159.35,159.35,0
WIPRO,2026-10-05,163.0,164.3,161.43,162.14,30838863
WOCKPHARMA,2026-09-29,2199.0,2255.0,2148.0,2194.2,1274737
WOCKPHARMA,2026-09-30,2201.1001,2213.6001,2106.2,2116.3,823461
WOCKPHARMA,2026-10-01,2110.0,2124.0,2035.6,2083.8999,784540
WOCKPHARMA,2026-10-02,2083.8999,2083.8999,2083.8999,2083.8999,0
WOCKPHARMA,2026-10-05,2083.8999,2093.8999,2003.0,2063.5,803153
WOMANCART,2026-09-25,101.0,102.4,99.0,99.6,20400
WOMANCART,2026-09-28,101.55,101.55,96.35,99.2,14000
WOMANCART,2026-09-29,100.25,100.25,95.7,98.4,9200
WOMANCART,2026-09-30,97.5,99.9,95.05,95.95,16400
WOMANCART,2026-10-01,97.7,97.9,94.1,96.35,6400
WONDERLA,2026-09-29,504.0,504.95,491.25,501.45,43971
WONDERLA,2026-09-30,498.0,506.4,498.0,500.3,25602
WONDERLA,2026-10-01,498.0,501.9,488.0,495.1,79594
WONDERLA,2026-10-02,495.1,495.1,495.1,495.1,0
WONDERLA,2026-10-05,495.1,503.0,495.1,499.7,22858
WORTHPERI,2026-09-28,145.03,148.6,142.25,146.86,19885
WORTHPERI,2026-09-29,143.16,147.0,142.05,144.85,20329
WORTHPERI,2026-09-30,146.8,148.5,143.0,146.02,9508
WORTHPERI,2026-10-01,146.5,147.0,142.0,143.74,1747
WORTHPERI,2026-10-05,139.0,143.5,139.0,143.41,2658
WPIL,2026-09-28,431.5,432.0,420.0,422.35,37076
WPIL,2026-09-29,422.35,438.9,416.0,431.5,53460
WPIL,2026-09-30,432.95,447.0,428.0,438.85,95293
WPIL,2026-10-01,437.7,440.0,421.1,430.65,28634
WPIL,2026-10-05,440.05,449.0,433.0,447.2,157161
WSI,2026-09-28,55.3,56.7,54.36,55.7,14401
WSI,2026-09-29,55.97,56.31,55.11,55.62,8869
WSI,2026-09-30,55.62,56.55,53.98,54.04,43225
WSI,2026-10-01,54.5,55.59,52.8,53.2,39222
WSI,2026-10-05,52.2,54.19,50.1,50.66,54043
WSTCSTPAPR,2026-09-28,730.0,744.2,712.8,722.35,120599
WSTCSTPAPR,2026-09-29,724.0,724.9,694.0,703.45,169050
WSTCSTPAPR,2026-09-30,700.3,749.0,700.3,736.6,270128
WSTCSTPAPR,2026-10-01,738.7,744.5,702.95,727.65,145287
WSTCSTPAPR,2026-10-05,733.0,739.9,710.2,717.75,205992
WTICAB,2026-09-25,97.0,98.5,94.0,96.0,18000
WTICAB,2026-09-28,95.0,97.85,95.0,97.5,9000
WTICAB,2026-09-29,95.0,98.2,95.0,98.0,9500
WTICAB,2026-09-30,98.0,99.0,94.0,95.05,17500
WTICAB,2026-10-01,94.1,97.95,93.0,95.0,13500
XCHANGING,2026-09-29,60.89,60.89,59.2,60.22,37926
XCHANGING,2026-09-30,61.2,61.89,60.05,61.24,41413
XCHANGING,2026-10-01,61.0,61.42,59.4,59.73,58010
XCHANGING,2026-10-02,59.73,59.73,59.73,59.73,0
XCHANGING,2026-10-05,60.45,61.0,57.28,58.13,111368
XELPMOC,2026-09-28,97.47,98.0,87.36,89.57,240719
XELPMOC,2026-09-29,89.2,91.9,83.56,85.53,34299
XELPMOC,2026-09-30,88.0,88.0,79.0,80.24,40713
XELPMOC,2026-10-01,79.55,95.0,79.55,93.67,244539
XELPMOC,2026-10-05,96.0,100.52,88.3,89.86,68559
XPROINDIA,2026-09-28,1206.7,1206.7,1134.1,1142.2,40786
XPROINDIA,2026-09-29,1142.2,1170.0,1121.2,1160.4,43568
XPROINDIA,2026-09-30,1170.0,1181.9,1145.5,1161.9,28334
XPROINDIA,2026-10-01,1161.9,1168.6,1115.0,1136.2,42823
XPROINDIA,2026-10-05,1129.1,1158.9,1125.0,1139.0,13727
XTGLOBAL,2026-09-29,29.0,31.0,29.0,29.43,25775
XTGLOBAL,2026-09-30,30.29,30.29,28.8,29.19,29401
XTGLOBAL,2026-10-01,29.6,29.6,28.11,28.69,19992
XTGLOBAL,2026-10-02,28.69,28.69,28.69,28.69,0
XTGLOBAL,2026-10-05,29.0,29.4,28.0,28.09,21393
XTRANET,2026-09-28,298.0,308.83,285.76,285.76,995113
XTRANET,2026-09-29,285.97,285.97,271.48,271.48,730316
XTRANET,2026-09-30,271.9,285.05,262.2,285.05,712037
XTRANET,2026-10-01,291.0,294.65,270.8,272.4,796522
XTRANET,2026-10-05,272.6,286.0,266.0,286.0,670462
YASHO,2026-09-28,4250.1001,4250.1001,4080.2,4117.8999,27243
YASHO,2026-09-29,4100.0,4117.5,3965.0,4061.3,21869
YASHO,2026-09-30,4081.7,4098.0,3975.8,4005.3999,16391
YASHO,2026-10-01,3945.0,4133.2998,3942.0,4036.0,22593
YASHO,2026-10-05,4036.0,4190.0,4005.8999,4042.8999,23769
YASHOPTICS,2026-09-25,131.0,134.9,131.0,134.45,5600
YASHOPTICS,2026-09-28,136.0,136.9,130.0,131.25,16800
YASHOPTICS,2026-09-29,131.25,131.25,130.0,130.0,10400
YASHOPTICS,2026-09-30,131.5,133.0,130.0,131.25,17600
YASHOPTICS,2026-10-01,133.0,137.9,132.0,135.4,68800
YATHARTH,2026-09-29,1091.0,1117.5,1085.0,1108.0,309227
YATHARTH,2026-09-30,1100.0,1106.0,1020.0,1032.5,875912
YATHARTH,2026-10-01,1012.0,1059.0,1012.0,1033.7,508885
YATHARTH,2026-10-02,1033.7,1033.7,1033.7,1033.7,0
YATHARTH,2026-10-05,1028.6,1039.7,995.0,1003.0,435155
YATRA,2026-09-28,104.0,104.99,101.05,101.67,710535
YATRA,2026-09-29,102.2,102.32,98.52,101.37,769697
YATRA,2026-09-30,102.39,104.29,99.1,99.89,669290
YATRA,2026-10-01,100.0,104.0,97.4,98.83,2022495
YATRA,2026-10-05,100.0,102.87,98.56,100.81,1078497
YCCL,2026-09-28,8.1,8.1,8.0,8.0,6000
YCCL,2026-09-29,8.0,8.0,8.0,8.0,0
YCCL,2026-09-30,8.5,8.5,8.5,8.5,3000
YCCL,2026-10-01,8.5,8.5,8.5,8.5,0
YCCL,2026-10-02,8.5,8.5,8.5,8.5,0
YESBANK,2026-09-29,21.18,21.33,20.71,20.71,137347987
YESBANK,2026-09-30,20.98,21.4,20.85,20.95,94081938
YESBANK,2026-10-01,20.95,21.17,20.51,20.75,80611659
YESBANK,2026-10-02,20.75,20.75,20.75,20.75,0
YESBANK,2026-10-05,21.05,21.23,20.91,21.06,61113748
YOGI,2026-09-28,167.9,168.45,162.0,162.0,1262
YOGI,2026-09-29,162.0,162.0,156.0,156.67,850
YOGI,2026-09-30,161.7,161.7,156.5,160.56,638
YOGI,2026-10-01,160.5,164.0,155.0,159.35,2356
YOGI,2026-10-05,162.85,162.85,158.0,160.0,320
YUDIZ,2026-09-28,23.0,23.0,23.0,23.0,0
YUDIZ,2026-09-29,22.0,22.0,21.9,21.9,2400
YUDIZ,2026-09-30,22.95,22.95,22.95,22.95,1600
YUDIZ,2026-10-01,22.95,22.95,22.95,22.95,0
YUDIZ,2026-10-02,22.95,22.95,22.95,22.95,0
YUKEN,2026-09-28,1149.0,1149.0,1088.05,1125.85,14989
YUKEN,2026-09-29,1121.7,1141.0,1103.1,1130.7,15657
YUKEN,2026-09-30,1138.95,1139.0,1088.95,1131.1,10732
YUKEN,2026-10-01,1134.4,1152.0,1072.1,1141.4,15046
YUKEN,2026-10-05,1141.4,1145.5,1093.6,1129.0,18275
ZAGGLE,2026-09-28,177.75,178.48,175.16,175.55,653784
ZAGGLE,2026-09-29,175.0,176.26,172.25,173.84,563415
ZAGGLE,2026-09-30,173.8,178.75,172.52,173.18,641899
ZAGGLE,2026-10-01,172.5,176.39,168.87,171.73,843126
ZAGGLE,2026-10-05,172.0,175.5,169.29,170.32,621488
ZEAL,2026-09-25,82.3,82.3,82.3,82.3,0
ZEAL,2026-09-28,74.25,80.8,74.2,76.25,5400
ZEAL,2026-09-29,79.95,79.95,72.55,75.45,1800
ZEAL,2026-09-30,76.0,76.0,76.0,76.0,600
ZEAL,2026-10-01,76.0,76.0,68.55,68.55,1200
ZEEL,2026-09-29,76.5,76.85,73.31,74.14,15872606
ZEEL,2026-09-30,74.09,76.39,73.95,74.47,13100562
ZEEL,2026-10-01,74.7,74.7,71.64,71.92,13789871
ZEEL,2026-10-02,71.92,71.92,71.92,71.92,0
ZEEL,2026-10-05,72.09,74.57,72.09,73.57,15449821
ZEELEARN,2026-09-28,6.97,6.98,6.6,6.65,317212
ZEELEARN,2026-09-29,6.78,6.85,6.01,6.25,562426
ZEELEARN,2026-09-30,6.36,6.68,6.36,6.5,269367
ZEELEARN,2026-10-01,6.55,6.55,6.22,6.3,249693
ZEELEARN,2026-10-05,6.19,6.55,5.27,6.21,552686
ZEEMEDIA,2026-09-28,7.53,7.58,7.25,7.29,791762
ZEEMEDIA,2026-09-29,7.29,7.3,7.01,7.18,936126
ZEEMEDIA,2026-09-30,7.2,7.37,7.17,7.21,587340
ZEEMEDIA,2026-10-01,7.33,7.33,7.05,7.2,764827
ZEEMEDIA,2026-10-05,7.27,7.33,7.1,7.15,557866
ZENITHDRUG,2026-09-25,43.2,45.0,42.8,42.8,12000
ZENITHDRUG,2026-09-28,42.8,42.8,42.8,42.8,0
ZENITHDRUG,2026-09-29,42.8,45.35,42.8,44.5,7200
ZENITHDRUG,2026-09-30,44.5,44.5,44.5,44.5,800
ZENITHDRUG,2026-10-01,42.8,42.8,41.85,42.05,4000
ZENITHEXPO,2026-09-28,203.0,203.0,203.0,203.0,34
ZENITHEXPO,2026-09-29,203.0,203.0,193.4,199.53,53
ZENITHEXPO,2026-09-30,199.0,199.0,199.0,199.0,7
ZENITHEXPO,2026-10-01,205.0,205.0,200.0,203.04,79
ZENITHEXPO,2026-10-05,195.01,195.01,192.89,194.9,823
ZENITHSTL,2026-09-28,5.25,5.29,5.1,5.17,50666
ZENITHSTL,2026-09-29,5.22,5.23,5.03,5.19,78952
ZENITHSTL,2026-09-30,5.34,5.43,5.18,5.3,56981
ZENITHSTL,2026-10-01,5.07,5.4,5.0,5.1,57191
ZENITHSTL,2026-10-05,5.28,5.28,5.04,5.15,57566
ZENSARTECH,2026-09-29,436.9,438.9,427.5,429.0,677413
ZENSARTECH,2026-09-30,429.4,438.95,420.15,422.1,994997
ZENSARTECH,2026-10-01,422.5,438.0,421.05,434.35,1843893
ZENSARTECH,2026-10-02,434.35,434.35,434.35,434.35,0
ZENSARTECH,2026-10-05,441.05,459.35,435.05,451.5,3269410
ZENTEC,2026-09-28,1675.0,1678.4,1638.2,1642.8,181301
ZENTEC,2026-09-29,1642.0,1649.2,1606.0,1619.8,305781
ZENTEC,2026-09-30,1625.0,1647.2,1601.0,1605.2,185419
ZENTEC,2026-10-01,1605.2,1610.0,1550.0,1576.1,251378
ZENTEC,2026-10-05,1585.0,1606.0,1571.6,1599.5,212581
ZFCVINDIA,2026-09-29,2325.0,2331.3999,2285.0,2297.8,85803
ZFCVINDIA,2026-09-30,2298.0,2352.8999,2291.0,2341.0,141190
ZFCVINDIA,2026-10-01,2335.0,2336.0,2230.0,2241.0,154904
ZFCVINDIA,2026-10-02,2241.0,2241.0,2241.0,2241.0,0
ZFCVINDIA,2026-10-05,2250.0,2269.8,2194.0,2201.3,121895
ZFSTEERING,2026-09-28,750.15,750.15,720.1,729.7,2404
ZFSTEERING,2026-09-29,750.0,750.0,708.65,710.85,3274
ZFSTEERING,2026-09-30,720.1,731.95,711.3,714.5,896
ZFSTEERING,2026-10-01,715.0,729.9,702.05,708.4,1845
ZFSTEERING,2026-10-05,711.0,724.0,700.1,703.65,1443
ZIMLAB,2026-09-28,141.94,141.94,133.85,137.55,114414
ZIMLAB,2026-09-29,137.55,138.1,132.0,134.89,123508
ZIMLAB,2026-09-30,134.99,140.98,134.68,137.97,87891
ZIMLAB,2026-10-01,138.94,138.94,132.1,137.02,129941
ZIMLAB,2026-10-05,137.3,139.49,131.0,137.1,78444
ZODIAC,2026-09-28,223.0,224.39,218.1,219.2,7976
ZODIAC,2026-09-29,227.99,227.99,201.35,208.6,44250
ZODIAC,2026-09-30,208.61,219.6,208.61,216.32,10246
ZODIAC,2026-10-01,217.49,219.79,210.7,216.91,8175
ZODIAC,2026-10-05,216.91,219.89,212.0,215.1,5592
ZODIACLOTH,2026-09-28,70.27,70.27,68.35,69.0,1706
ZODIACLOTH,2026-09-29,68.05,69.99,68.01,68.23,1648
ZODIACLOTH,2026-09-30,68.23,70.55,68.23,69.03,9810
ZODIACLOTH,2026-10-01,68.71,68.71,66.32,66.71,1851
ZODIACLOTH,2026-10-05,69.69,69.69,66.2,67.67,5362
ZOTA,2026-09-29,1315.6,1346.9,1291.0,1300.2,53539
ZOTA,2026-09-30,1309.4,1331.7,1276.0,1294.7,44545
ZOTA,2026-10-01,1299.8,1334.5,1249.6,1267.8,225359
ZOTA,2026-10-02,1267.8,1267.8,1267.8,1267.8,0
ZOTA,2026-10-05,1280.0,1313.9,1247.4,1297.4,58725
ZSARACOM,2026-09-28,10307.0,10307.0,9820.0,10008.0,30
ZSARACOM,2026-09-29,10058.0,10299.0,9834.0,10233.0,30
ZSARACOM,2026-09-30,10199.0,10287.0,10100.0,10140.0,30
ZSARACOM,2026-10-01,10320.0,10320.0,9900.0,10017.0,23
ZSARACOM,2026-10-05,10000.0,10000.0,9605.0,9787.0,29
ZTECH,2026-09-25,429.0,447.9,429.0,441.6,24000
ZTECH,2026-09-28,430.0,439.6,421.0,428.05,14700
ZTECH,2026-09-29,429.0,437.5,425.0,431.25,8700
ZTECH,2026-09-30,431.25,434.95,427.0,430.75,5700
ZTECH,2026-10-01,426.0,437.15,426.0,437.05,8700
ZUARI,2026-09-29,215.4,222.47,213.16,221.66,56240
ZUARI,2026-09-30,220.76,224.1,218.6,220.33,86644
ZUARI,2026-10-01,220.5,220.5,210.96,212.88,68426
ZUARI,2026-10-02,212.88,212.88,212.88,212.88,0
ZUARI,2026-10-05,213.05,217.73,210.0,211.46,63262
ZUARIIND,2026-09-28,292.0,292.85,271.55,276.85,67041
ZUARIIND,2026-09-29,278.5,283.85,272.55,281.85,56493
ZUARIIND,2026-09-30,279.25,287.5,279.25,282.2,73300
ZUARIIND,2026-10-01,282.2,289.0,278.0,281.85,109193
ZUARIIND,2026-10-05,284.9,291.05,281.8,283.95,75632
ZYDUSLIFE,2026-09-28,1210.7,1228.6,1201.2,1215.0,3986338
ZYDUSLIFE,2026-09-29,1217.6,1232.1,1200.5,1200.5,2372609
ZYDUSLIFE,2026-09-30,1204.8,1210.5,1149.1,1162.0,1614233
ZYDUSLIFE,2026-10-01,1151.0,1158.0,1123.7,1145.7,2547369
ZYDUSLIFE,2026-10-05,1145.7,1151.0,1128.1,1139.0,1592856
ZYDUSWELL,2026-09-28,523.6,525.4,514.0,524.4,159657
ZYDUSWELL,2026-09-29,523.55,528.8,503.05,506.1,308220
ZYDUSWELL,2026-09-30,507.0,518.6,500.2,512.8,258147
ZYDUSWELL,2026-10-01,512.2,515.25,490.2,493.25,151840
ZYDUSWELL,2026-10-05,499.75,502.1,482.0,483.8,126108
