symbol,swing_high_20d,swing_low_20d,swing_low_50d,base_high,base_low,base_length_days,breakout_20d_high,volume_20d_avg,volume_ratio_vs_20d,consolidation_atr_pct,pct_from_base_high,bars_available
20MICRONS,233.53,193.86,182.0,,,,False,231675.35,0.616,4.249,,4426
21STCENMGM,46.49,37.36,30.6,,,,False,5450.0,0.035,8.284,,2144
360ONE,1222.9,1042.4,1042.4,,,,False,775337.75,0.819,6.209,,1734
3BBLACKBIO,1588.9,1099.5,1099.5,,,,False,22197.7,1.106,6.019,,105
3IINFOLTD,25.1,21.7,18.0,,,,True,256370.95,2.262,3.757,,5286
3MINDIA,35100.0,31500.0,31500.0,,,,False,3695.25,7.462,4.514,,6011
3PLAND,33.97,28.51,28.51,,,,False,3933.9,0.368,3.716,,4565
5PAISA,413.25,307.2,307.2,,,,False,50457.0,0.661,8.767,,2185
63MOONS,945.0,739.1,662.0,,,,False,419872.0,0.64,5.025,,5246
A2ZINFRA,17.12,14.06,12.0,,,,False,340085.9,0.752,4.019,,3883
AAATECH,98.4,90.81,85.0,98.4,90.81,20.0,False,31738.2,7.268,2.658,-5.955,1446
AADHARHFC,488.0,440.15,440.15,,,,False,327679.6,0.48,3.773,,584
AAKASH,9.98,8.06,8.06,,,,False,158108.55,0.381,4.233,,2062
AAREYDRUGS,101.29,74.6,73.41,,,,False,231940.3,2.084,5.846,,1265
AARNAV,36.9,28.32,24.5,,,,False,13423.2,1.051,4.782,,137
AARON,144.0,120.6,111.15,,,,False,11227.15,1.304,3.325,,1975
AARTECH,53.48,46.5,44.85,,,,False,82334.95,0.229,3.285,,789
AARTIDRUGS,444.0,409.8,386.9,444.0,409.8,20.0,False,146959.85,0.938,2.422,-4.437,5696
AARTIIND,551.75,459.55,459.55,,,,False,733206.95,0.711,6.183,,6017
AARTIPHARM,894.7,765.0,650.8,,,,False,413969.65,0.915,4.01,,900
AARTISURF,623.0,487.0,361.6,,,,False,19452.7,0.972,5.159,,1532
AARVI,161.0,139.25,138.0,,,,False,23067.1,0.391,4.109,,2210
AASTHA,88.37,71.72,70.0,,,,False,867977.3,0.41,3.409,,52
AATMAJ,20.5,18.05,16.7,,,,False,3200.0,5.0,5.669,,794
AAVAS,1407.9,1234.2,1234.2,,,,False,134847.2,0.457,4.636,,1965
ABAN,17.39,14.08,12.89,,,,False,16950.5,0.823,7.672,,5982
ABANSENT,30.0,26.52,25.05,30.0,26.52,20.0,False,8233.85,0.57,2.415,-10.0,104
ABB,7699.0,6905.5,6715.5,,,,False,159931.3,0.723,5.125,,6017
ABBOTINDIA,26745.0,25135.0,25135.0,,,,False,7678.5,0.739,3.146,,5986
ABCAPITAL,416.45,378.0,378.0,,,,False,2625896.9,0.49,4.403,,2238
ABCOTS,225.0,200.1,196.81,225.0,200.1,20.0,False,9167.9,0.15,2.345,-9.053,1148
ABDL,655.0,584.3,580.0,,,,True,363581.5,3.999,4.106,,552
ABFRL,55.28,48.71,48.71,,,,False,4362292.85,1.847,4.059,,3251
ABINFRA,14.44,10.61,9.78,,,,False,7105992.45,0.032,6.492,,1765
ABLBL,87.86,82.11,82.11,87.86,82.11,20.0,False,543383.45,0.986,2.995,-6.214,310
ABMINTLLTD,63.15,48.2,39.15,,,,False,1257.3,0.174,10.315,,2524
ABMKNO,197.0,168.3,168.3,,,,False,968.6,0.53,3.616,,104
ABREL,1486.0,1207.0,1207.0,,,,False,205232.0,0.818,7.18,,7708
ABSLAMC,1116.9,990.3,973.3,,,,False,224080.05,0.752,3.193,,1224
ABSMARINE,347.75,235.0,212.9,,,,False,102000.0,0.686,5.225,,578
ACC,1338.1,1219.1,1219.1,,,,False,112488.5,0.763,5.984,,6014
ACCELYA,1150.0,1106.1,1085.9,1150.0,1106.1,20.0,False,4617.9,1.181,2.778,-2.948,6014
ACCENTMIC,731.7,578.05,482.2,,,,False,64775.0,2.177,6.534,,679
ACCORD,198.35,188.45,120.95,,,,False,200.0,0.0,14.0,,2009
ACCURACY,4.75,4.06,4.06,,,,False,53277.6,1.31,3.378,,2023
ACE,1192.0,1073.8,957.8,,,,False,272827.15,1.559,3.029,,4930
ACEINTEG,19.8,16.81,16.81,19.8,16.81,20.0,False,3935.4,0.572,2.643,-11.061,2267
ACGL,1961.9,1702.0,1702.0,,,,False,689.0,0.652,3.875,,21
ACI,522.9,446.0,446.0,,,,False,500258.5,0.472,4.448,,947
ACL,46.95,41.5,41.5,,,,False,13738.1,1.045,4.393,,3913
ACMESOLAR,430.5,376.3,344.7,,,,False,2401305.3,0.562,3.449,,460
ACSTECH,61.5,48.42,39.15,,,,False,303909.25,0.622,4.71,,104
ACUTAAS,3488.0,3120.0,3025.0,3488.0,3120.0,20.0,False,293722.9,0.828,2.986,-4.108,1242
ADANIENSOL,1637.0,1337.0,1337.0,,,,False,3917850.35,0.241,5.998,,2751
ADANIENT,3173.7,2830.5,2830.5,,,,False,2117573.4,0.361,3.656,,6016
ADANIGREEN,1346.8,1214.9,1214.9,,,,False,1415936.65,0.441,3.432,,2041
ADANIPORTS,1791.4,1593.1,1593.1,,,,False,2390680.7,0.443,4.55,,4640
ADANIPOWER,217.4,198.0,198.0,,,,False,20290406.85,0.597,3.178,,4217
ADDIND,94.6,71.05,71.05,,,,False,1149.2,0.045,3.182,,21
ADFFOODS,285.7,248.8,248.8,,,,False,118630.7,1.346,3.902,,3953
ADL,83.0,68.4,66.0,,,,False,1091.25,0.566,3.062,,1475
ADOR,1766.4,1487.1,1272.1,,,,False,63968.75,0.422,4.114,,6013
ADROITINFO,11.49,9.6,8.36,11.49,9.6,20.0,False,30195.9,1.939,2.83,-2.524,2699
ADSL,111.89,94.02,94.02,,,,False,86832.25,1.317,5.269,,4725
ADVAIT,2244.8999,1941.5,1941.5,,,,False,58694.6,0.659,3.489,,165
ADVANCE,124.9,108.6,106.31,,,,False,169812.95,2.111,3.439,,235
ADVANIHOTR,53.14,46.75,46.75,,,,False,22161.65,1.424,4.736,,4747
ADVENTHTL,145.0,123.75,123.75,,,,False,214069.55,0.587,4.578,,213
ADVENZYMES,311.0,282.05,282.05,,,,False,218261.1,0.822,3.729,,2505
ADVIKCA,1.26,0.91,0.91,,,,False,357635.95,1.292,5.765,,22
AEGISLOG,1449.0,1180.0,1164.4,,,,False,813058.65,2.402,4.604,,6011
AEGISVOPAK,311.0,258.3,258.3,,,,False,1161520.5,1.654,4.339,,326
AEPL,18.5,14.11,13.3,,,,False,126435.7,0.475,3.059,,129
AEQUS,271.21,213.41,213.41,,,,False,2187864.25,0.783,7.277,,194
AEROENTER,159.6,108.0,108.0,,,,False,1171556.6,1.471,5.198,,948
AEROFLEX,584.15,456.85,398.15,,,,False,1600273.7,3.023,4.425,,755
AERONEU,87.7,63.72,63.72,,,,False,47915.05,2.018,4.671,,909
AEROPLANE,209.44,170.05,163.47,,,,False,809453.0,0.758,4.69,,117
AETHER,1717.0,1552.7,1400.2,1717.0,1552.7,20.0,False,227360.7,0.7,2.84,-6.634,1064
AFCONS,304.55,225.35,225.35,,,,False,2405289.15,1.844,5.738,,467
AFFLE,1748.2,1489.2,1419.1,,,,False,374197.65,0.333,5.472,,1761
AFFORDABLE,172.36,153.61,153.61,172.36,153.61,20.0,False,18362.95,1.113,2.562,-5.842,471
AFIL,10.39,8.31,8.31,,,,False,538112.65,0.691,5.589,,555
AFSL,217.9,201.0,201.0,217.9,201.0,20.0,False,10385.55,0.817,2.728,-7.747,922
AGARIND,503.85,407.95,407.95,,,,False,38366.2,1.218,5.978,,3039
AGARWALEYE,528.8,484.15,463.0,528.8,484.15,20.0,False,433705.8,0.56,2.901,-4.501,400
AGARWALFT,36.8,26.7,26.7,,,,False,4200.0,0.0,9.685,,877
AGI,806.8,701.5,657.5,,,,False,216653.0,0.736,3.388,,6015
AGIIL,310.2,255.8,255.8,,,,False,1190618.3,0.816,4.332,,543
AGL,16.38,12.64,12.03,,,,False,6228791.05,0.341,4.907,,54
AGNI,16.5,14.45,14.45,,,,False,9875.0,0.0,4.906,,1019
AGRITECH,108.04,96.1,96.1,108.04,96.1,20.0,False,2658.4,0.54,2.7,-9.2,3117
AGROPHOS,27.7,21.0,21.0,,,,False,35364.8,0.365,3.73,,2352
AGSTRA,2.1,1.85,1.85,2.1,1.85,20.0,False,145395.7,0.427,2.672,-8.095,1146
AGUL,53.65,45.75,45.75,,,,False,700.0,0.0,11.344,,841
AHCL,22.94,14.22,13.81,,,,False,23237939.85,1.982,8.074,,261
AHIMSA,28.5,25.75,24.7,,,,False,17400.0,0.0,770.0,,2333
AHLADA,43.71,32.7,32.7,,,,False,26847.9,1.704,5.123,,1960
AHLEAST,144.9,133.0,133.0,144.9,133.0,20.0,False,2328.9,0.36,2.703,-6.101,3975
AHLUCONT,709.7,565.05,565.05,,,,False,107178.3,0.894,7.225,,4141
AHLWEST,562.9,487.0,487.0,562.9,487.0,20.0,False,642.45,2.218,2.73,-5.729,3979
AIAENG,4535.7998,3778.0,3778.0,,,,False,44566.6,2.985,7.211,,5122
AIIL,579.0,503.0,498.55,,,,False,656823.0,0.287,3.703,,600
AILIMITED,22.25,16.35,16.35,,,,False,3900.0,1.538,7.829,,1284
AIMTRON,1800.0,1541.05,1225.05,,,,False,32890.0,1.915,4.068,,566
AIRAN,18.05,14.18,14.18,,,,False,143516.2,1.574,3.493,,2262
AIROLAM,91.7,83.53,83.53,91.7,83.53,20.0,False,3196.7,3.467,2.245,-3.446,2210
AISL,59.95,52.35,52.35,59.95,52.35,20.0,False,3930.0,0.458,2.849,-5.088,2177
AJANTPHARM,3789.0,3425.0,3254.8,,,,False,67896.25,1.713,3.84,,6012
AJAXENGG,612.9,545.5,512.05,,,,False,68403.4,1.114,3.54,,392
AJMERA,121.34,109.33,109.33,121.34,109.33,20.0,False,327029.0,0.809,2.964,-6.453,4929
AJOONI,4.04,3.08,3.08,,,,False,380792.55,1.217,6.653,,2148
AKASH,26.0,24.11,24.0,26.0,24.11,20.0,False,5378.4,0.817,1.938,-7.0,2350
AKCAPIT,1780.0,1644.2,1621.4,1780.0,1644.2,20.0,False,1495.7,0.703,1.968,-3.629,104
AKG,10.75,8.41,8.06,,,,False,35299.85,0.087,4.08,,1961
AKI,8.34,3.95,3.95,,,,False,659236.75,0.213,8.184,,853
AKIKO,438.95,362.0,276.0,,,,False,21320.0,0.113,5.837,,549
AKSHAR,0.44,0.4,0.39,0.44,0.4,20.0,False,1146195.9,0.478,2.154,-4.545,1071
AKSHARCHEM,472.0,292.05,222.51,,,,False,20257.3,0.588,7.325,,2342
AKSHOPTFBR,9.01,6.71,5.34,,,,False,513869.9,0.501,4.673,,6012
AKUMS,796.55,733.15,646.6,796.55,733.15,20.0,False,337689.35,0.698,2.584,-3.082,526
ALANKIT,8.42,7.5,7.5,8.42,7.5,20.0,False,99583.8,1.221,2.788,-8.076,2771
ALBERTDAVD,931.85,824.75,678.0,,,,False,8315.05,0.575,3.784,,2536
ALEMBICLTD,117.72,88.0,83.0,,,,False,2907960.2,0.243,5.839,,6021
ALFREDHE,3100.0,2750.0,2750.0,,,,False,65.4,0.107,3.052,,21
ALGOQUANT,69.0,62.04,57.0,,,,False,1193498.6,0.947,3.28,,175
ALICON,763.9,647.65,618.05,,,,False,27283.5,1.131,3.923,,4924
ALIVUS,1493.8,1317.6,1086.1,1493.8,1317.6,20.0,False,181269.35,0.845,2.954,-8.247,1266
ALKALI,93.95,63.01,63.01,,,,False,39266.55,0.445,5.261,,4405
ALKEM,5489.5,5051.0,5051.0,,,,False,132833.3,2.29,4.369,,2653
ALKYLAMINE,2115.0,1740.0,1740.0,,,,False,109192.55,0.598,5.174,,4640
ALLCARGO,13.72,10.08,7.75,,,,False,30030482.0,0.45,5.7,,4996
ALLDIGI,823.9,783.2,750.0,823.9,783.2,20.0,False,5581.55,0.533,2.473,-3.811,5272
ALLETEC,149.9,116.05,116.05,,,,False,25080.0,0.494,4.73,,921
ALLTIME,225.76,197.13,197.13,225.76,197.13,20.0,False,148104.65,0.305,2.942,-8.567,272
ALMONDZ,20.0,13.45,12.35,,,,False,364165.8,1.47,5.181,,4504
ALOKINDS,11.75,7.06,7.06,,,,False,35096970.45,0.417,8.106,,7708
ALPA,65.3,59.4,59.4,65.3,59.4,20.0,False,12557.1,1.176,2.114,-6.401,4715
ALPEXSOLAR,950.05,781.15,741.0,,,,False,63000.0,0.713,4.233,,638
ALPHAGEO,367.98,280.0,190.5,,,,False,17726.45,0.194,5.557,,4777
ALPINETEX,64.9,49.15,49.15,,,,False,288068.9,1.182,3.915,,41
ALUFLUOR,509.9,430.0,430.0,,,,False,7091.85,0.945,5.405,,21
ALUWIND,52.9,45.25,40.0,,,,False,17850.0,0.252,4.616,,606
AMAGI,627.6,548.05,521.05,,,,False,694290.3,0.389,4.007,,164
AMAL,822.0,673.55,673.55,,,,False,8716.65,2.019,5.516,,21
AMANTA,209.95,167.8,150.01,,,,False,75355.75,0.165,10.468,,253
AMARJOTHI,166.0,141.65,88.4,,,,False,2326.9,0.871,3.969,,26
AMBALALSA,49.9,37.15,30.15,,,,False,61673.35,0.672,5.854,,104
AMBER,7794.0,6826.5,6826.5,,,,False,179108.05,0.797,6.409,,2135
AMBICAAGAR,28.35,23.85,23.2,28.35,23.85,20.0,False,42341.3,0.124,2.672,-13.333,5490
AMBIKCO,1699.0,1536.7,1536.7,,,,False,10691.15,1.052,5.15,,4595
AMBUJACEM,422.8,379.55,379.55,,,,False,1660220.4,0.622,7.136,,6015
AMDIND,74.39,51.73,43.1,,,,False,152522.2,2.786,4.502,,4812
AMEYA,126.5,103.15,102.85,,,,True,5750.0,4.174,6.733,,993
AMIABLE,78.0,61.2,59.55,,,,False,480.0,0.0,8.743,,947
AMJLAND,39.98,36.0,36.0,39.98,36.0,20.0,False,11140.75,0.174,2.756,-8.879,6014
AMNPLST,196.0,160.0,160.0,,,,False,4976.75,0.55,5.232,,705
AMRUTANJAN,548.0,476.5,476.5,,,,False,155937.25,0.351,4.786,,4167
ANANDRATHI,2255.0,2145.1001,2002.1,2255.0,2145.1001,20.0,False,204817.0,1.363,2.466,-2.164,1180
ANANTRAJ,649.0,571.35,548.1,,,,False,2817782.85,1.047,3.894,,4929
ANDHRAPAP,79.79,59.33,59.27,,,,False,3577249.1,0.215,4.534,,7709
ANDHRSUGAR,104.84,91.21,80.61,,,,False,730481.95,0.426,3.582,,6014
ANDREWYU,30.49,24.51,24.51,,,,False,120155.45,0.495,5.062,,605
ANGELONE,310.0,275.25,275.25,,,,False,6533076.15,0.441,3.486,,1477
ANIKINDS,48.99,39.96,39.13,,,,False,12084.55,1.462,3.218,,4522
ANKITMETAL,1.98,1.51,1.4,,,,False,26068.35,0.073,9.139,,3332
ANLON,699.95,611.0,588.0,,,,False,4320.0,0.833,3.956,,907
ANMOL,18.55,9.67,9.55,,,,False,376960.25,0.919,6.884,,1311
ANNAPURNA,163.8,132.21,120.75,,,,False,48199.15,0.486,4.74,,981
ANNU,75.6,52.67,52.67,,,,False,1217153.2,0.077,6.305,,10
ANSALAPI,3.5,3.2,2.51,,,,False,21994.35,0.72,3.889,,5092
ANSALBU,92.4,70.64,70.64,92.4,70.64,20.0,False,4341.5,0.656,2.549,-13.301,21
ANTELOPUS,1218.3,773.7,773.7,,,,False,3750143.5,1.152,4.656,,4930
ANTGRAPHIC,0.86,0.7,0.7,,,,False,289046.25,0.399,3.93,,6014
ANTHEM,977.55,868.9,732.0,,,,False,861578.1,1.187,3.338,,290
ANUHPHR,99.5,75.5,75.4,,,,False,275456.5,0.513,4.786,,434
ANUP,1846.4,1582.0,1582.0,,,,False,23094.15,0.968,5.17,,1865
ANURAS,1273.9,1115.8,1115.8,,,,False,276883.75,1.574,5.766,,1357
APARINDS,18132.0,16015.0,13282.0,,,,False,110963.25,0.976,3.127,,5486
APCL,107.7,96.15,96.15,,,,False,5408.25,0.986,3.838,,2334
APCOTEXIND,665.0,560.85,491.1,,,,False,148290.65,1.062,4.207,,5981
APEX,423.8,341.05,341.05,,,,False,183952.05,0.825,6.21,,2235
APLAPOLLO,2281.0,2041.3,1783.0,,,,False,661678.75,1.399,3.84,,3645
APLLTD,859.0,792.6,787.4,859.0,792.6,20.0,False,122388.05,1.115,2.554,-3.923,3699
APOLLO,427.95,361.4,361.4,,,,False,6430775.7,1.883,4.533,,2140
APOLLOHOSP,9024.0,8591.5,8507.5,,,,False,251212.9,0.927,3.277,,6014
APOLLOPIPE,668.8,496.5,464.0,,,,False,418975.5,0.884,7.28,,1700
APOLLOTYRE,467.4,402.15,402.15,,,,False,861122.4,3.132,6.17,,6146
APOLSINHOT,1260.4,1140.4,1140.4,,,,False,905.85,0.797,3.32,,2861
APOORVA,28.36,24.04,24.04,,,,True,292.63,0.075,5.125,,19
APS,280.5,228.0,228.0,,,,False,17737.5,1.015,5.326,,656
APTECHT,95.0,85.5,85.5,,,,False,52005.25,0.402,3.122,,5951
APTUS,261.96,235.36,235.36,,,,False,1384341.9,2.289,3.942,,1257
AQYLON,26.53,19.66,19.66,,,,False,1750113.25,0.348,5.202,,6016
ARABIAN,89.75,75.05,67.25,,,,False,4400.0,0.455,7.109,,726
ARCHIDPLY,124.78,94.1,78.2,,,,False,60685.65,0.19,5.886,,4489
ARCHIES,14.18,12.06,12.06,,,,False,17847.3,0.203,3.443,,5980
ARCL,275.5,216.89,216.89,,,,True,1681.55,11.77,4.159,,21
ARDEE,63.93,46.5,46.5,,,,False,4665812.3,0.787,7.008,,26
ARE&M,937.8,789.0,789.0,,,,False,377064.15,1.083,7.687,,6017
ARENTERP,39.8,30.05,30.05,,,,False,1303.5,0.373,4.657,,2189
ARFIN,98.86,80.84,80.84,,,,False,1108915.45,0.654,4.696,,288
ARIES,524.75,430.5,328.9,,,,False,126365.3,0.111,3.132,,4606
ARIHANT,1065.0,841.0,764.0,,,,False,3364.6,0.288,3.897,,3840
ARIHANTACA,500.0,385.0,385.0,,,,True,820.0,0.0,9.328,,915
ARIHANTCAP,83.5,73.09,69.07,,,,False,283227.2,2.045,3.755,,1304
ARIHANTSUP,269.7,209.05,209.05,,,,False,23118.95,0.114,5.854,,2341
ARIS,153.25,115.75,106.05,,,,False,2057582.65,0.294,5.587,,309
ARISTO,113.4,103.0,95.1,,,,True,520.0,6.154,9.455,,896
ARKADE,134.6,114.5,114.5,,,,False,295966.15,0.384,5.058,,493
ARMANFIN,2084.8999,1806.6,1688.0,,,,False,31073.15,2.153,3.748,,2537
AROGRANITE,26.5,21.0,21.0,,,,False,8972.05,1.539,4.537,,4787
ARROWGREEN,952.75,677.0,645.0,,,,True,44227.75,7.043,6.918,,2801
ARSHIYA,0.96,0.68,0.68,,,,False,274345.3,0.302,6.323,,4138
ARSSBL,546.05,470.55,470.55,,,,False,172755.75,1.512,5.167,,242
ARTEMISMED,362.0,306.6,262.0,,,,False,446666.65,1.195,3.832,,1623
ARTNIRMAN,45.95,38.0,37.02,,,,False,1317.1,0.696,4.728,,2350
ARVEE,224.99,160.0,147.15,,,,False,16637.4,0.202,4.756,,2114
ARVIND,607.15,511.8,504.95,,,,False,811413.8,1.209,3.87,,6016
ARVINDFASN,463.0,414.95,414.95,,,,False,220847.75,1.131,3.515,,1862
ARVSMART,707.85,546.05,546.05,,,,False,83211.35,1.276,7.528,,2731
ARYAMAN,674.95,570.0,570.0,,,,False,241.05,0.705,4.912,,21
ASAHIINDIA,995.0,920.0,862.5,,,,False,154609.1,0.957,3.165,,6019
ASAHISONG,392.55,337.0,253.05,,,,False,13199.2,0.621,3.641,,3712
ASAL,512.5,431.05,431.05,,,,False,15323.15,0.884,5.828,,6015
ASALCBR,735.0,644.55,644.55,,,,False,26135.75,1.552,4.38,,1634
ASHAPURMIN,610.0,505.9,505.9,,,,False,352156.05,0.966,5.591,,7708
ASHIANA,372.2,332.95,332.95,,,,False,29746.2,1.61,4.43,,3755
ASHIKAG,451.0,396.0,390.05,,,,False,44948.55,0.856,3.155,,104
ASHIMASYN,19.7,16.1,14.25,,,,False,102294.85,0.275,3.587,,6013
ASHOKA,129.0,107.37,107.37,,,,False,5987958.15,0.128,5.858,,3932
ASHOKAMET,19.4,13.0,13.0,,,,False,145730.2,1.026,5.385,,799
ASHOKLEY,181.84,154.75,147.59,,,,False,11600315.2,0.89,6.555,,6016
ASIANENE,565.7,448.6,318.6,,,,False,573034.7,1.285,3.675,,1184
ASIANHOTNR,423.8,291.9,280.2,,,,False,100157.85,0.336,4.671,,6011
ASIANPAINT,2678.7,2397.3999,2397.3999,,,,False,514160.65,1.151,5.724,,6014
ASIANTILES,51.22,43.1,42.5,,,,False,4858096.4,0.172,4.743,,4705
ASIANTNE,10.99,8.22,8.22,,,,False,14163.85,0.779,3.138,,21
ASKAUTOLTD,663.5,596.5,464.0,663.5,596.5,20.0,False,302875.7,0.691,2.809,-6.873,705
ASMS,7.38,6.66,6.66,7.38,6.66,20.0,False,176133.25,1.331,2.471,-7.046,5103
ASPINWALL,269.06,234.95,226.38,,,,False,2669.95,0.855,3.045,,2536
ASPIRE,14.25,12.5,12.5,,,,False,22300.0,0.0,3.769,,610
ASSAMENT,857.75,705.0,705.0,,,,False,13.8,0.072,4.949,,22
ASTAR,619.0,485.0,485.0,,,,False,78.45,2.511,7.167,,94
ASTEC,779.35,540.0,540.0,,,,False,391988.55,0.087,5.778,,4152
ASTERDM,798.8,729.05,729.05,,,,False,2198399.75,0.447,4.15,,2117
ASTRAL,1581.0,1357.6,1311.6,,,,False,1133644.85,0.462,6.826,,4813
ASTRAMICRO,1794.0,1537.1,1537.1,,,,False,328232.3,1.274,4.198,,5407
ASTRAZEN,7738.5,6600.0,6600.0,,,,False,12261.7,1.387,8.105,,6015
ASTRON,3.41,2.86,2.86,,,,False,26712.6,2.68,3.117,,2154
ATALREAL,36.14,12.38,12.38,,,,False,11629625.0,0.597,10.267,,1442
ATAM,65.0,50.0,50.0,,,,True,24643.8,6.823,4.083,,832
ATGL,667.9,576.4,576.4,,,,False,568633.85,1.475,6.318,,1947
ATHERENERG,1744.0,1421.7,1158.0,,,,False,5077794.6,0.705,4.588,,345
ATL,28.18,23.12,22.18,,,,False,325563.2,0.716,3.616,,765
ATLANTAA,41.9,35.01,34.5,,,,False,42376.75,0.641,3.632,,4929
ATLANTAELE,1958.0,1623.9,1493.0,,,,False,149497.0,0.527,4.313,,241
ATLASCYCLE,116.0,90.23,90.23,,,,False,73129.4,0.147,4.255,,6011
ATMASTCO,152.45,126.05,126.05,,,,False,16960.0,0.873,4.2,,632
ATUL,6678.0,5995.0,5992.0,,,,False,27624.8,0.619,4.85,,6013
ATULAUTO,500.0,427.2,427.2,,,,False,95372.25,0.664,6.374,,3266
AUBANK,1144.1,1015.1,960.0,,,,False,1431950.05,0.707,5.694,,2273
AUGMONT,1019.8,812.1,812.1,,,,False,3048268.69,0.24,3.777,,13
AURIONPRO,725.95,663.0,663.0,725.95,663.0,20.0,False,201924.0,0.478,2.816,-5.228,5157
AUROIMPEX,29.2,23.75,23.75,,,,True,7440.0,0.645,5.47,,820
AUROPHARMA,1717.0,1598.8,1512.0,,,,False,739011.95,0.707,3.016,,7699
AURUM,239.39,215.4,205.35,,,,False,105024.8,0.856,3.465,,2737
AURUS,4.99,4.48,4.26,4.99,4.48,20.0,False,17679.95,1.385,2.341,-3.206,3176
AUSOMENT,166.59,139.25,114.0,,,,False,8480.65,0.665,3.732,,6002
AUSTENG,139.0,111.5,110.0,,,,False,3535.1,0.674,3.055,,21
AUTOAXLES,1794.7,1646.0,1646.0,,,,False,5358.7,0.492,3.295,,6013
AUTOIND,98.4,75.9,75.9,,,,False,270519.6,0.945,4.983,,4845
AVADHSUGAR,884.8,696.15,495.0,,,,False,384764.75,0.259,4.614,,2256
AVALON,2424.0,1980.0,1629.4,,,,False,486464.6,1.922,3.281,,849
AVANCE,0.92,0.79,0.79,,,,False,5001771.05,0.87,4.789,,22
AVANTEL,165.7,138.8,138.8,,,,False,863737.65,1.424,4.989,,532
AVANTIFEED,873.55,759.75,759.75,,,,False,285960.9,0.659,4.433,,4124
AVG,200.0,162.36,162.36,,,,False,13680.65,0.849,5.055,,2075
AVL,632.8,570.6,570.6,,,,False,244864.1,0.545,3.223,,463
AVONMORE,14.67,12.85,9.05,14.67,12.85,20.0,False,302183.3,0.928,2.388,-10.975,914
AVPINFRA,64.9,56.15,54.5,,,,False,42520.0,1.091,3.945,,617
AVROIND,9.8,7.47,7.47,,,,False,529869.5,0.391,3.519,,2001
AVTNPL,97.0,83.57,68.31,97.0,83.57,20.0,False,342996.2,0.37,2.871,-11.629,4856
AWFIS,304.5,244.1,244.1,,,,False,1655998.4,0.375,4.455,,575
AWHCL,393.85,337.55,337.55,,,,False,72786.05,2.637,5.666,,1415
AWL,204.82,180.47,180.47,,,,False,3250598.25,0.26,6.459,,1142
AXISBANK,1300.0,1219.9,1208.6,,,,False,4306602.95,1.347,3.341,,6950
AXISCADES,1939.0,1548.0,1416.1,,,,False,173753.0,0.912,4.871,,6014
AXITA,8.53,7.24,7.21,,,,False,1073979.25,0.461,7.167,,1051
AXTEL,458.8,385.0,385.0,,,,False,6015.65,0.715,3.454,,21
AYE,195.0,164.28,158.55,,,,False,1992143.85,0.365,3.353,,147
AYMSYNTEX,330.0,241.55,222.72,,,,False,214659.25,1.483,3.926,,2739
AZAD,2942.2,2555.0,2240.0,,,,False,376100.6,1.818,3.646,,676
AZADIND,98.99,81.5,81.5,,,,False,31074.6,0.932,3.224,,21
BABAFP,25.9,20.7,20.7,,,,False,5360.0,1.493,4.32,,700
BAFNAPH,318.5,232.95,200.3,,,,False,11810.15,0.553,9.761,,3415
BAGFILMS,5.06,4.18,4.16,,,,False,120289.6,0.257,3.656,,5677
BAHETI,881.0,770.0,693.0,,,,False,22162.5,2.166,3.751,,931
BAIDFIN,12.95,9.53,9.36,,,,False,165088.9,0.336,4.45,,902
BAJAJCON,533.0,447.85,447.85,,,,False,985953.2,0.497,4.085,,3971
BAJAJELEC,357.9,319.05,319.05,,,,False,138027.85,0.676,4.433,,4656
BAJAJFINSV,2032.5,1832.9,1822.0,,,,False,557453.95,1.101,5.404,,5983
BAJAJHCARE,340.0,313.05,313.05,340.0,313.05,20.0,False,118952.1,0.803,2.458,-5.559,1193
BAJAJHFL,86.82,81.71,81.71,,,,False,2786535.15,0.899,3.602,,501
BAJAJHIND,26.0,19.27,16.58,,,,False,66100212.1,0.246,6.974,,6016
BAJAJHLDNG,11644.0,10811.0,10132.0,,,,False,41231.35,0.62,4.026,,5983
BAJAJINDEF,249.0,213.0,212.66,,,,False,24420.2,0.539,5.118,,389
BAJAJST,378.0,343.0,343.0,378.0,343.0,20.0,False,9740.75,1.121,2.683,-6.971,103
BAJEL,198.5,165.0,165.0,,,,False,255183.15,0.477,4.683,,681
BAJFINANCE,1107.0,1005.5,994.1,,,,False,4813585.15,0.871,5.538,,6014
BALAJEE,27.4,24.24,24.24,,,,False,27949.75,0.886,3.251,,500
BALAJITELE,100.2,88.36,80.95,,,,False,355913.5,0.595,3.519,,6016
BALAMINES,2629.8,2050.1001,1977.3,,,,False,272363.4,0.607,5.211,,4802
BALAXI,26.99,21.5,21.5,,,,False,62660.35,0.313,3.253,,2668
BALKRISHNA,18.0,15.9,15.9,18.0,15.9,20.0,False,13831.7,0.458,2.42,-8.167,2752
BALKRISIND,2394.6001,2100.1001,1982.1,,,,False,767909.2,0.198,4.94,,5094
BALMLAWRIE,182.49,160.7,160.7,,,,False,168866.5,0.938,6.832,,6014
BALPHARMA,124.6,82.05,76.99,,,,False,123642.15,1.014,5.475,,5027
BALRAMCHIN,780.95,636.8,558.8,,,,False,7697440.55,0.122,4.401,,6017
BALUFORGE,650.0,470.0,422.6,,,,False,2401035.2,0.417,6.614,,596
BANARBEADS,128.8,107.0,101.0,,,,False,4724.0,0.226,3.652,,3631
BANARISUG,4338.0,3196.5,3196.5,,,,False,7587.7,0.424,7.527,,6013
BANCOINDIA,649.0,578.05,578.05,,,,False,95195.55,1.516,4.71,,4869
BANDHANBNK,180.74,159.24,159.24,,,,False,8277636.0,0.998,4.448,,2097
BANG,36.3,28.11,26.3,,,,False,168398.8,0.078,4.172,,4580
BANKA,84.6,74.11,74.11,84.6,74.11,20.0,False,4171.1,0.068,2.517,-8.002,2112
BANKBARODA,247.15,232.33,232.33,,,,False,7849494.25,0.738,3.808,,6014
BANKINDIA,147.9,136.85,135.44,,,,False,5293228.65,0.95,4.071,,6014
BANSALWIRE,331.0,292.55,292.55,,,,False,62988.2,1.526,4.599,,545
BANSWRAS,125.0,107.56,107.56,,,,False,30190.1,0.553,4.023,,4796
BASF,3974.0,3485.0,3458.0,,,,False,16841.65,0.908,5.742,,6014
BASILIC,202.0,164.0,164.0,,,,False,29160.0,0.165,5.18,,743
BASML,25.89,23.01,23.01,,,,False,41874.35,1.36,3.363,,5144
BATAINDIA,726.85,626.3,626.3,,,,False,148912.9,1.073,9.502,,6014
BATLIBOI,94.97,81.0,81.0,,,,False,35582.15,1.093,3.537,,111
BAWEJA,26.25,21.7,21.7,,,,False,11440.0,0.629,4.55,,646
BAYERCROP,4105.0,3885.3,3885.3,,,,False,14525.9,0.921,3.925,,4125
BBL,2460.6001,2131.5,2131.5,,,,False,22419.5,1.02,5.226,,4892
BBOX,834.35,709.15,709.15,,,,False,467882.5,1.126,3.471,,6016
BBTC,1639.0,1393.0,1393.0,,,,False,799546.75,0.045,4.712,,6014
BBTCL,260.0,217.78,208.0,,,,False,11997.85,0.095,4.478,,1946
BCG,11.18,8.9,7.7,,,,False,9012631.15,0.56,5.494,,2811
BCLIND,39.1,32.1,32.1,,,,False,783638.05,0.966,6.167,,1370
BCONCEPTS,176.43,148.0,148.0,176.43,148.0,20.0,False,13529.0,0.66,2.934,-14.595,2141
BCPL,74.0,66.55,66.55,74.0,66.55,20.0,False,10864.95,0.293,2.488,-9.014,120
BDL,1393.7,1095.0,1095.0,,,,False,1230422.85,1.389,8.793,,2099
BEACON,88.95,77.55,77.55,,,,False,14600.0,1.164,3.126,,568
BEARDSELL,28.2,23.57,23.57,,,,False,16344.95,1.53,3.487,,4123
BECTORFOOD,265.65,214.21,165.0,,,,False,1357611.15,1.623,5.196,,1420
BEDMUTHA,118.0,98.2,98.2,,,,False,4825.35,3.43,3.961,,3929
BEEKAY,449.8,390.2,385.35,449.8,390.2,20.0,False,4178.65,0.53,2.796,-4.002,104
BEL,416.0,382.1,382.1,,,,False,9708586.1,1.044,4.516,,6014
BELLACASA,267.58,216.0,214.68,,,,False,12424.2,1.196,3.937,,290
BELRISE,241.12,222.75,222.75,,,,False,2941169.5,0.985,3.143,,328
BEML,2205.0,1861.5,1668.1,,,,False,429102.55,0.985,4.397,,6014
BENARAS,11499.0,9965.0,9965.0,,,,False,144.25,1.969,3.782,,21
BENGALASM,6700.0,6105.0,6090.5,6700.0,6105.0,20.0,False,980.0,0.308,2.581,-5.687,104
BEPL,136.0,118.32,96.2,,,,False,1938957.75,0.665,3.343,,5309
BERGEPAINT,539.55,444.15,444.15,,,,False,241289.75,0.677,8.738,,6016
BESTAGRO,21.2,16.55,14.65,,,,False,957305.55,0.629,4.289,,1379
BETA,2451.0,2002.6,1980.0,,,,False,21958.05,0.637,4.081,,2206
BEWLTD,55.0,47.95,47.95,,,,False,21200.0,0.708,3.924,,1224
BFINVEST,488.0,425.55,425.55,,,,False,27923.45,0.527,4.25,,3868
BFUTILITIE,585.8,495.35,495.35,,,,False,305677.9,0.104,3.35,,4784
BGLOBAL,3.31,3.01,2.96,,,,False,5178.95,4.278,5.753,,3733
BGRENERGY,269.75,218.0,218.0,,,,False,57514.5,0.868,3.819,,4613
BHAGCHEM,292.0,242.0,242.0,,,,False,56180.2,1.592,6.143,,1217
BHAGERIA,342.0,200.0,194.0,,,,False,171029.25,0.504,7.902,,2605
BHAGYANGR,432.2,363.55,357.0,,,,False,165699.35,1.984,3.857,,6013
BHANDARI,3.13,2.92,2.8,3.13,2.92,20.0,False,135774.95,1.111,2.279,-4.792,2383
BHARATCOAL,35.7,31.81,31.81,,,,False,5319560.05,0.715,5.043,,167
BHARATFORG,2104.8999,1850.4,1850.4,,,,False,859001.8,0.743,4.923,,7708
BHARATGEAR,106.48,99.05,99.05,106.48,99.05,20.0,False,12719.9,1.105,2.836,-6.508,6014
BHARATRAS,1321.8,1101.0,1101.0,,,,False,13586.0,1.21,5.901,,6014
BHARATSE,238.14,198.36,198.36,,,,False,155018.8,0.699,4.533,,370
BHARATWIRE,191.8,163.62,163.62,,,,False,128166.6,0.923,4.409,,2588
BHARTIARTL,1954.9,1811.9,1811.9,,,,False,5133076.1,0.57,4.728,,6014
BHARTIHEXA,1631.4,1472.6,1472.6,,,,False,67900.3,0.768,4.131,,605
BHEL,442.65,406.0,379.3,,,,False,6111191.1,1.16,3.057,,7709
BI,111.51,85.0,57.5,,,,False,109026.75,0.375,4.653,,104
BIGBLOC,44.72,38.0,38.0,,,,False,40667.7,1.12,4.419,,2482
BIKAJI,635.9,532.75,532.75,,,,False,190040.3,0.366,6.291,,950
BIL,1150.0,827.4,680.0,,,,False,28863.75,0.431,4.734,,6013
BILVYAPAR,4.46,3.85,3.8,4.46,3.85,20.0,False,6569.5,0.877,2.818,-6.726,5984
BIMETAL,679.0,575.8,575.8,,,,False,574.8,1.425,3.314,,109
BIOCON,421.6,373.5,373.5,,,,False,2757539.25,0.639,5.552,,5553
BIOFILCHEM,37.8,30.12,30.12,,,,False,113713.7,0.103,4.041,,2260
BIRDYS,89.9,81.95,81.95,,,,False,480.0,0.0,8.976,,595
BIRLACABLE,411.95,261.0,175.65,,,,False,391777.2,1.875,6.553,,6012
BIRLACORPN,899.9,789.9,789.9,,,,False,44250.35,1.955,5.156,,6014
BIRLAMONEY,132.73,115.62,115.62,,,,False,34063.2,0.877,4.154,,4588
BIRLANU,1625.0,1345.0,1237.6,,,,False,9185.4,1.214,5.959,,7709
BIRLAPREC,63.49,35.65,33.3,,,,False,463183.75,0.273,5.946,,104
BLACKBUCK,644.0,570.1,516.6,,,,False,864924.15,1.032,3.565,,453
BLACKROSE,117.97,103.55,94.0,,,,False,19026.5,0.452,3.551,,104
BLAL,171.42,158.0,158.0,,,,False,23359.15,0.521,4.015,,847
BLBLIMITED,17.5,14.6,14.6,17.5,14.6,20.0,False,222516.5,0.98,2.942,-7.829,5983
BLEL,548.0,415.0,415.0,,,,False,3140981.0,0.188,6.728,,21
BLIL,73.4,67.0,67.0,,,,False,82511.0,0.596,5.934,,104
BLISSGVS,728.0,546.8,443.0,,,,False,396464.9,1.041,4.798,,3988
BLKASHYAP,62.45,49.89,49.89,,,,False,958593.45,0.39,3.888,,5061
BLS,280.14,221.34,221.34,,,,False,2773966.05,0.329,9.792,,2538
BLSE,331.3,300.0,254.05,,,,False,382534.4,1.098,3.223,,650
BLUECHIP,2.18,1.9,1.65,,,,False,9346.0,0.105,16.333,,6010
BLUECLOUDS,23.99,18.85,18.85,,,,False,2051485.95,0.694,7.839,,21
BLUECOAST,25.48,20.75,20.75,,,,False,1407.2,0.589,3.368,,6630
BLUEDART,5159.5,4740.8999,4716.1001,,,,False,8324.8,1.219,4.374,,6013
BLUEJET,615.6,543.75,543.75,,,,False,429499.0,2.592,4.692,,714
BLUEPEBBLE,88.15,59.2,59.2,,,,False,5520.0,0.435,5.908,,608
BLUESTARCO,1565.1,1432.3,1432.3,1565.1,1432.3,20.0,False,501046.7,1.049,2.848,-3.904,6014
BLUESTONE,904.0,770.1,565.0,,,,False,688360.95,1.172,3.262,,270
BLUSPRING,139.8,112.75,100.9,,,,False,658572.95,0.873,3.003,,318
BMETRICS,40.0,31.05,31.05,,,,False,3680.0,1.087,4.247,,1207
BMWVENTLTD,59.0,50.16,50.16,,,,False,81798.75,7.977,4.684,,241
BNAGROCHEM,249.0,199.9,199.9,,,,False,10951.55,0.06,4.901,,104
BNALTD,415.7,355.1,317.0,,,,False,833.75,0.035,4.536,,93
BODALCHEM,189.68,72.5,57.3,,,,False,4975322.5,0.366,8.602,,3718
BOHRAIND,16.0,11.6,11.6,,,,False,20841.95,0.031,4.005,,2262
BOMDYEING,121.9,105.01,105.01,,,,False,1097263.4,0.469,5.212,,7709
BONLON,44.4,36.25,36.25,,,,False,15369.9,0.23,3.231,,141
BORANA,339.0,290.0,290.0,,,,False,24775.95,1.56,3.556,,327
BOROLTD,289.0,234.23,226.37,,,,False,1301209.35,0.101,5.147,,1529
BORORENEW,557.15,443.0,443.0,,,,False,431098.4,1.649,7.498,,2057
BOROSCI,138.1,115.54,115.54,,,,False,55312.8,1.058,4.356,,568
BOSCHLTD,50000.0,46410.0,39705.0,50000.0,46410.0,20.0,False,35287.15,0.986,2.959,-4.89,6014
BPCL,326.35,296.0,296.0,,,,False,4470323.6,0.99,4.174,,7708
BPL,52.85,45.3,45.3,,,,False,52091.95,0.805,4.193,,6014
BPLPHARMA,1649.0,1216.3,1201.1,,,,False,2174.85,0.237,5.907,,21
BRAHMINFRA,184.0,142.1,142.1,,,,False,17995.2,0.31,5.555,,21
BRIGADE,735.0,588.85,500.0,,,,False,827152.8,0.32,4.59,,4618
BRIGHOTEL,62.92,55.75,55.75,,,,False,142904.7,0.71,6.231,,281
BRIGHTBR,270.0,221.0,221.0,,,,False,2492.85,0.235,3.621,,21
BRITANNIA,5555.0,4933.0,4933.0,,,,False,260080.05,0.965,7.164,,7711
BRNL,17.79,16.05,16.05,,,,False,20549.15,1.451,3.485,,2225
BROOKS,71.4,58.75,57.5,71.4,58.75,20.0,False,30103.95,1.712,2.933,-14.538,3709
BSE,3474.5,3131.5,3131.5,3474.5,3131.5,20.0,False,4246782.6,0.681,2.983,-6.749,2380
BSHSL,94.2,83.4,83.11,94.2,83.4,20.0,False,7783.7,1.517,2.58,-10.0,2064
BSL,132.98,117.2,117.2,,,,False,5895.65,0.292,3.9,,6014
BSOFT,314.0,274.2,270.2,,,,False,1600615.95,0.787,4.232,,6018
BTML,9.09,6.42,5.25,,,,False,767238.4,0.138,4.581,,1445
BTTL,47.4,40.18,40.18,,,,False,4693.75,0.695,3.776,,104
BUILDPRO,1360.0,1200.0,1055.3,,,,False,75858.45,0.568,3.283,,172
BURNPUR,22.63,11.13,11.13,,,,False,136010.3,0.552,9.404,,4613
BUTTERFLY,660.6,566.0,566.0,,,,False,16687.0,0.842,4.997,,3060
BVCL,48.0,40.0,39.25,,,,False,92695.95,0.147,3.634,,4640
BYKE,33.0,29.7,29.7,33.0,29.7,20.0,False,35232.85,0.885,2.432,-9.788,3630
CADSYS,50.8,44.1,44.1,,,,False,225.0,0.0,14.0,,2209
CALSOFT,43.13,25.7,20.26,,,,False,413214.75,0.157,7.816,,6015
CAMLINFINE,111.38,97.1,97.1,,,,False,590165.7,0.644,4.53,,2881
CAMPUS,233.28,207.92,207.92,,,,False,421103.85,1.05,5.907,,1083
CAMS,786.4,681.0,681.0,,,,False,1266006.9,0.67,5.189,,1477
CANARYS,27.95,21.15,17.6,,,,False,86400.0,1.528,3.942,,722
CANBK,131.43,121.81,121.5,,,,False,11893191.25,1.173,4.675,,5889
CANFINHOME,852.35,766.85,766.85,,,,False,255456.6,1.134,4.93,,6013
CANHLIFE,162.9,145.65,139.94,162.9,145.65,20.0,False,1193600.45,0.457,2.754,-5.513,229
CANTABIL,255.0,228.11,225.13,,,,False,245446.75,0.928,4.228,,3931
CAPACITE,231.7,185.25,185.25,,,,False,444776.55,0.654,6.656,,2222
CAPILLARY,524.1,438.15,438.15,,,,False,190774.1,2.697,5.538,,207
CAPITALSFB,297.3,267.15,267.15,,,,False,20669.75,0.327,3.98,,641
CAPLIPOINT,2877.3,2459.8,2382.5,,,,False,257375.8,0.825,3.682,,3021
CAPTRUST,21.79,17.55,12.0,,,,False,24318.15,1.154,5.082,,2389
CARBORUNIV,1207.0,1018.1,1018.1,,,,False,195909.85,0.495,4.743,,6014
CARERATING,1809.0,1590.2,1590.2,,,,False,64638.4,0.437,4.092,,3390
CARRARO,572.6,506.1,492.25,,,,False,137397.65,0.474,3.597,,427
CARTRADE,3254.0,2786.3999,2635.6001,,,,False,451346.8,0.924,3.769,,1259
CARYSIL,1211.0,1091.3,1083.1,1211.0,1091.3,20.0,False,85059.1,0.878,2.94,-7.647,1405
CASTROLIND,191.8,184.1,182.9,,,,False,1889312.9,0.719,3.212,,5986
CBAZAAR,5.0,4.5,4.5,,,,False,3200.0,0.0,17.5,,688
CCAVENUE,16.47,14.84,14.84,16.47,14.84,20.0,False,12840467.4,0.825,2.486,-6.982,2586
CCCL,15.89,13.52,13.52,,,,False,164729.2,1.035,5.066,,4665
CCHHL,13.35,12.07,12.07,13.35,12.07,20.0,False,17101.7,0.629,2.306,-6.367,2870
CCL,1140.3,1043.6,1043.6,,,,False,155489.4,0.666,3.019,,5511
CDSL,1445.0,1284.0,1284.0,,,,False,1423955.9,0.741,4.97,,2281
CEATLTD,3633.8,3241.3,3241.3,,,,False,47957.6,1.013,6.478,,4594
CEIGALL,393.8,310.0,302.3,,,,False,719618.0,0.547,6.766,,525
CEINSYS,788.2,665.0,665.0,,,,False,64453.95,0.901,4.372,,144
CELEBRITY,7.17,6.46,6.37,7.17,6.46,20.0,False,18429.05,0.589,2.395,-6.137,5103
CELLECOR,34.85,30.0,28.6,,,,False,414150.0,0.188,3.378,,731
CELLO,367.7,319.45,319.45,,,,False,221512.95,0.957,6.064,,708
CELLPOINT,16.5,14.25,14.25,16.5,14.25,20.0,False,3720.0,1.613,2.986,-6.061,796
CEMPRO,1355.0,1196.0,1153.8,,,,False,230184.15,2.405,3.304,,6014
CENTENKA,635.0,535.8,507.0,,,,False,625836.45,0.082,4.373,,6927
CENTEXT,23.13,18.67,18.1,,,,False,374859.55,1.689,3.609,,6015
CENTRALBK,31.57,29.89,29.89,,,,False,5629524.55,1.124,3.775,,4708
CENTRUM,24.55,20.92,20.92,,,,False,232710.35,0.646,4.274,,2092
CENTUM,4450.0,3255.1001,3255.1001,,,,False,98527.6,0.914,5.59,,5700
CENTURYPLY,780.0,689.1,689.1,,,,False,55334.4,2.62,5.787,,5057
CERA,5938.5,5512.0,5512.0,,,,False,5802.55,1.612,4.07,,4655
CEREBRAINT,3.02,2.4,2.4,,,,False,88100.6,0.444,5.261,,3263
CESC,160.2,140.7,140.7,,,,False,1710367.75,0.972,4.992,,6014
CEWATER,289.9,251.0,251.0,,,,False,137493.45,0.694,3.605,,430
CFEL,52.8,28.16,28.16,,,,False,110593.0,0.6,7.532,,21
CGCL,287.45,217.0,217.0,,,,False,8012468.45,0.951,5.627,,3920
CGPOWER,931.0,838.55,814.85,,,,False,2370474.65,0.794,3.777,,6017
CGRAPHICS,166.0,134.5,123.15,,,,False,33280.0,1.755,5.113,,604
CGVAK,163.7,136.62,136.62,,,,False,2844.8,0.699,3.486,,21
CHALET,939.95,828.15,785.05,,,,False,227190.1,0.367,4.5,,1882
CHAMBLFERT,446.9,401.4,401.4,,,,False,618606.2,0.975,6.026,,6014
CHAVDA,143.2,120.85,86.0,,,,False,49650.0,0.121,6.052,,733
CHEMBOND,236.8,163.0,161.6,,,,False,33908.8,0.615,4.469,,1693
CHEMBONDCH,290.0,243.6,216.4,,,,False,10489.7,0.645,3.079,,287
CHEMCON,228.2,184.01,171.0,,,,False,40723.45,0.913,4.903,,1476
CHEMCRUX,88.7,78.05,78.05,88.7,78.05,20.0,False,3741.95,0.806,2.884,-8.523,21
CHEMFAB,399.5,347.75,347.75,399.5,347.75,20.0,False,4777.95,0.553,2.568,-10.388,2075
CHEMPLASTS,196.95,161.0,161.0,,,,False,1149152.3,0.149,4.092,,1257
CHENNPETRO,1677.5,1325.1,1099.0,,,,False,1763870.3,0.773,5.096,,6014
CHEVIOT,1244.1,1101.0,1044.0,,,,False,1896.9,0.629,4.02,,1052
CHOICEIN,819.0,722.5,722.5,,,,False,355086.85,0.554,6.066,,1099
CHOLAFIN,1925.0,1756.3,1660.4,,,,False,1079580.5,1.216,3.781,,6014
CHOLAHLDNG,1583.0,1437.0,1400.1,,,,False,105368.75,0.815,3.633,,6016
CIEINDIA,410.2,366.9,366.9,,,,False,234059.0,1.158,6.192,,4699
CIFL,21.78,18.56,18.56,,,,False,157966.85,2.379,3.583,,353
CINELINE,104.4,85.01,75.42,,,,False,52668.4,0.515,4.37,,4834
CINEVISTA,15.09,13.6,13.6,15.09,13.6,20.0,False,9434.35,2.866,1.94,-8.019,6015
CIPLA,1443.6,1344.3,1344.3,,,,False,800654.8,1.139,5.183,,7711
CLCIND,50.0,45.0,45.0,,,,False,1610.35,0.163,6.506,,5516
CLEAN,874.8,806.25,715.5,874.8,806.25,20.0,False,351271.95,0.991,2.707,-6.264,1280
CLEANMAX,1442.0,1171.0,1171.0,,,,False,288705.95,0.713,4.269,,137
CLEDUCATE,66.41,54.29,53.76,,,,False,19699.8,0.506,3.584,,2338
CLSEL,324.8,274.1,259.05,,,,False,276077.55,0.727,3.902,,1325
CLSL,92.25,74.35,47.0,,,,False,13200.0,0.303,5.869,,751
CMICABLES,2.63,2.41,2.41,,,,True,3263.45,7.151,8.105,,2426
CMLL,554.9,460.0,460.0,,,,False,389709.75,0.976,5.588,,38
CMNL,127.0,104.0,91.0,,,,False,15825.0,2.085,4.384,,903
CMPDI,247.5,199.99,199.99,,,,False,1818377.4,0.708,5.155,,120
CMRGREEN,234.8,205.25,205.25,,,,False,541361.65,0.648,3.853,,70
CMRSL,79.4,65.0,59.65,,,,False,3160.0,0.0,6.834,,973
CMSINFO,254.0,220.99,220.99,,,,False,1188361.15,4.666,4.317,,1168
CNL,1328.0,1050.0,774.0,,,,False,35065.6,0.797,4.572,,2258
COALINDIA,436.3,395.8,395.8,,,,False,10845930.4,0.65,4.574,,3917
COASTCORP,43.09,35.6,35.6,,,,False,101845.05,0.722,4.512,,1223
COCHINSHIP,1577.9,1290.9,1290.9,,,,False,1113417.4,1.099,6.416,,2251
COCKERILL,8885.0,7762.5,7762.5,,,,False,8439.15,2.172,3.595,,106
COFFEEDAY,35.34,28.06,28.06,,,,False,698378.8,0.747,3.941,,2688
COFORGE,2021.2,1717.0,1427.8,,,,False,2687699.85,1.337,4.766,,5452
COHANCE,484.0,416.2,411.0,,,,False,1112665.35,0.288,4.868,,1619
COLPAL,1914.9,1782.1,1782.1,,,,False,417293.5,3.511,3.382,,6017
COMFINTE,7.1,5.82,5.21,,,,False,148797.05,0.982,4.856,,104
COMMITTED,362.0,324.4,297.85,,,,False,5920.0,0.27,3.689,,719
COMPEAU,420.0,318.0,318.0,,,,False,2245.0,0.398,6.437,,21
COMPINFO,1.15,1.01,1.01,1.15,1.01,20.0,False,20812.85,0.759,2.0,-6.087,3938
COMPUSOFT,15.0,12.31,12.31,,,,False,38558.45,0.428,5.931,,3588
COMSYN,314.85,266.04,173.2,314.85,266.04,20.0,False,405068.5,2.073,2.875,-6.384,657
CONCOR,524.4,480.7,452.05,,,,False,1100595.35,0.403,3.947,,6014
CONCORDBIO,1615.0,1411.6,1238.0,,,,False,122881.15,0.861,4.283,,764
CONFIPET,91.65,69.92,68.25,,,,False,4490034.6,0.589,4.772,,1462
CONSOFINVT,317.8,260.05,229.88,,,,False,10146.9,0.191,4.445,,6013
CONTI,11.65,10.15,10.15,,,,False,79158.75,0.126,4.828,,2072
CONTROLPR,614.3,563.0,560.0,614.3,563.0,20.0,False,28028.4,1.424,2.936,-3.712,2529
COOLCAPS,26.25,19.0,19.0,,,,False,83875.0,0.313,5.075,,1096
CORALFINAC,36.45,31.53,30.0,,,,False,76175.7,0.098,3.316,,2342
CORDELIA,115.49,82.055,78.2,,,,False,4013586.05,0.615,6.728,,56
CORDSCABLE,394.9,235.1,197.0,,,,False,417780.55,0.815,4.731,,4585
COROMANDEL,2062.7,1890.0,1890.0,,,,False,132423.85,0.671,4.467,,5986
CORONA,2292.3999,2020.2,1984.9,,,,False,53901.25,0.533,3.694,,190
COSMOFIRST,996.0,842.5,811.55,,,,False,79629.4,0.713,5.437,,6927
COUNCODOS,7.18,6.13,4.81,,,,False,87259.0,0.416,3.722,,6014
CPCAP,143.05,111.0,105.15,,,,False,34207.3,1.243,4.223,,3936
CPEDU,208.72,172.1,170.0,,,,False,6210.95,0.49,4.013,,257
CPL,69.74,61.45,61.45,,,,False,125833.7,0.159,3.134,,39
CPPLUS,3900.0,3251.0,3251.0,,,,False,236527.95,1.333,3.899,,279
CPS,1265.0,1060.0,975.0,,,,False,4177.5,0.072,6.827,,744
CRAFTSMAN,11999.0,10350.0,8955.5,,,,False,54587.25,1.042,3.358,,1355
CRAMC,267.5,226.6,226.6,,,,False,388215.0,1.121,6.979,,230
CRAVATEX,372.5,300.0,300.0,,,,False,388.7,0.8,4.573,,21
CRAYONS,28.2,22.8,22.8,,,,False,4250.0,0.471,7.875,,811
CREATIVEYE,6.77,5.16,5.16,,,,False,19191.1,0.224,3.853,,6010
CREDITACC,1543.0,1348.6,1348.6,,,,False,259236.85,0.728,4.525,,1994
CREST,390.0,345.25,345.25,,,,False,5188.55,2.854,3.106,,4865
CRESTO,17.25,14.35,14.35,17.25,14.35,20.0,False,23312.8,0.56,2.938,-5.275,2137
CRISIL,4872.0,4437.0,3855.0,,,,False,55582.75,1.298,3.308,,6016
CRIZAC,192.0,159.95,159.95,,,,False,318075.4,0.668,4.049,,299
CROMPTON,259.0,222.3,222.3,,,,False,4118785.55,0.866,6.519,,2561
CROWN,119.9,100.11,100.11,,,,False,14290.75,0.692,3.639,,2348
CRSL,3.56,2.14,2.14,,,,False,1202901.1,0.226,8.424,,20
CSBBANK,355.55,295.0,295.0,,,,False,964509.1,8.862,4.972,,1685
CSLFINANCE,258.0,210.5,209.7,,,,False,63193.3,1.214,4.739,,1028
CSM,103.45,76.26,76.26,,,,False,655813.1,9.266,4.719,,55
CTE,53.99,38.11,29.0,,,,False,29274.05,0.178,5.523,,4838
CUB,248.85,211.34,200.74,,,,False,2193737.05,0.989,4.338,,6017
CUBEXTUB,82.0,74.5,74.05,82.0,74.5,20.0,False,43213.35,0.547,2.759,-8.427,4597
CUMMINSIND,5347.0,4844.0,4844.0,,,,False,454432.2,0.879,4.3,,6013
CUPID,291.9,265.45,196.0,291.9,265.45,20.0,False,12398870.45,0.7,2.964,-4.077,2475
CURAA,84.0,60.0,60.0,,,,False,834.0,0.194,4.51,,6010
CYBERMEDIA,28.99,16.05,14.55,,,,False,182623.8,0.184,5.704,,5248
CYBERTECH,146.0,131.0,131.0,,,,False,11582.7,0.67,4.073,,6013
CYIENT,1219.0,860.0,814.45,,,,False,1721252.35,0.284,7.635,,4970
CYIENTDLM,1009.0,702.5,512.15,,,,False,787075.55,1.087,6.368,,792
DABUR,402.1,368.05,368.05,,,,False,2102816.35,0.853,5.393,,6014
DAICHI,380.0,315.0,289.55,,,,False,5369.7,0.252,3.835,,103
DALBHARAT,1925.0,1671.8,1671.8,,,,False,266394.75,0.219,4.972,,1914
DALMIASUG,520.0,386.85,348.25,,,,False,496397.0,0.294,6.388,,6012
DAMCAPITAL,155.24,134.39,134.39,,,,False,272915.15,0.847,5.05,,430
DAMODARIND,29.78,26.51,26.51,29.78,26.51,20.0,False,3071.45,1.909,2.677,-5.306,2523
DANGEE,3.1,2.54,2.54,,,,False,54503.05,0.714,3.111,,1974
DATAMATICS,857.5,732.05,732.05,,,,False,130401.7,0.534,4.213,,5531
DATAPATTNS,5000.0,4140.0,3899.0,,,,False,849066.7,1.268,4.945,,1173
DAVANGERE,3.44,1.74,1.74,,,,False,34153397.2,0.561,9.119,,656
DBCORP,210.78,182.51,182.51,,,,False,66972.45,0.7,6.466,,4126
DBEIL,7.71,6.01,6.01,,,,False,325152.2,0.374,3.796,,471
DBL,439.7,390.0,381.55,,,,False,422079.0,0.734,3.964,,2495
DBOL,139.0,110.65,97.01,,,,False,379203.45,0.224,4.99,,996
DBREALTY,111.38,93.9,93.9,,,,False,1461359.8,0.942,4.981,,4093
DBSTOCKBRO,33.99,27.31,27.31,,,,False,21248.4,0.058,5.488,,3588
DCAL,188.0,158.5,158.5,,,,False,303984.6,0.605,4.369,,5542
DCBBANK,234.8,182.99,180.0,,,,False,3467167.0,0.263,7.755,,4910
DCG,93.95,51.3,48.35,,,,False,61680.0,1.518,5.583,,600
DCI,464.0,251.15,251.15,,,,False,536757.55,0.702,7.103,,1656
DCM,83.9,74.8,74.8,,,,False,18396.25,0.878,3.612,,6011
DCMFINSERV,5.8,4.78,4.7,5.8,4.78,20.0,False,12175.8,1.511,2.95,-11.379,5979
DCMNVL,198.58,170.0,135.0,,,,False,20744.5,0.409,3.572,,1778
DCMSHRIRAM,1119.5,975.2,969.1,,,,False,99835.75,0.458,5.782,,6012
DCMSIL,82.0,67.0,67.0,,,,False,84313.1,0.78,3.65,,145
DCMSRIND,55.75,37.06,37.06,,,,False,344296.2,0.718,7.707,,1172
DCW,49.3,43.19,42.5,,,,False,1745813.15,0.488,3.21,,6014
DCXINDIA,178.89,156.12,156.12,,,,False,386448.75,1.987,4.46,,955
DDEVPLSTIK,285.0,245.6,245.6,,,,False,95186.1,0.907,5.44,,416
DECCANCE,625.75,535.0,525.0,,,,False,35662.45,0.73,4.811,,5984
DECNGOLD,250.8,211.15,182.6,,,,False,1562261.55,0.722,4.286,,105
DEEDEV,710.0,577.5,577.5,,,,False,273752.5,1.13,3.615,,555
DEEM,44.6,38.4,38.4,,,,False,1900.0,1.053,4.822,,632
DEEP,49.17,34.2,34.2,,,,False,48575.8,0.686,4.716,,21
DEEPA,222.0,164.79,164.79,,,,False,11474028.29,0.3,4.353,,7
DEEPAKFERT,1508.0,1269.1,1269.1,,,,False,243275.75,0.714,6.339,,7709
DEEPAKNTR,1820.0,1546.2,1546.2,,,,False,334606.6,1.324,5.834,,3942
DEEPINDS,825.0,626.05,450.15,,,,False,523394.55,1.352,5.044,,1339
DELAPLEX,113.8,80.0,80.0,,,,False,17160.0,0.629,4.078,,647
DELHIVERY,471.95,414.6,414.6,,,,False,1772719.0,1.707,5.401,,1072
DELPHIFX,6.85,5.3,5.3,,,,False,110427.2,0.858,4.033,,3755
DELTACORP,62.44,51.66,51.66,,,,False,966127.3,2.687,6.02,,4656
DELTAMAGNT,60.45,52.2,52.2,60.45,52.2,20.0,False,3304.1,2.193,2.542,-9.214,6012
DEN,29.24,26.12,26.12,,,,False,322329.6,0.719,4.342,,4151
DENEERS,187.85,165.5,156.05,,,,False,16050.0,0.449,3.448,,827
DENORA,859.5,766.0,766.0,,,,False,3316.25,0.523,3.306,,6012
DENTA,296.45,262.9,262.9,296.45,262.9,20.0,False,113173.25,2.653,2.814,-4.857,408
DENTALKART,424.95,380.0,366.0,424.95,380.0,20.0,False,18075.0,1.77,2.995,-9.083,811
DEVIT,27.7,23.1,23.1,,,,False,39899.7,0.601,4.463,,2260
DEVX,36.9,31.5,31.5,,,,False,128773.95,0.859,3.212,,250
DEVYANI,155.95,133.75,107.0,,,,False,2729920.65,0.486,5.628,,1262
DGCONTENT,29.07,23.54,23.1,,,,False,27891.7,0.109,3.247,,1795
DHABRIYA,603.0,478.55,478.55,,,,False,15836.2,0.203,5.195,,21
DHAMPURSUG,199.92,150.1,127.15,,,,False,1501594.25,0.443,6.389,,6014
DHANBANK,34.83,29.05,29.05,,,,False,618983.95,0.826,5.954,,5556
DHANLAXMI,27.8,23.2,21.85,,,,False,4600.0,0.0,9.2,,435
DHANUKA,1030.0,931.2,931.2,,,,False,20215.75,1.914,3.904,,3753
DHARAN,0.17,0.13,0.13,,,,False,13016382.0,0.583,3.111,,2093
DHARMAJ,278.0,256.9,253.1,,,,False,49728.1,0.984,4.319,,934
DHATRE,5.17,3.8,3.8,5.17,3.8,20.0,False,48949.7,0.635,2.829,-20.503,21
DHOOTTRANS,1735.3,1355.0,1131.0,,,,False,4421264.0,1.396,3.589,,23
DHRUV,26.13,21.04,21.04,,,,False,6862.5,1.545,4.337,,1192
DHTL,34.2,29.9,29.9,,,,False,1760.0,0.909,6.404,,649
DHUNINV,1151.75,948.5,841.0,,,,False,4593.5,0.093,5.025,,3823
DIACABS,404.0,316.0,216.8,,,,True,993804.1,1.599,5.013,,3943
DIAMINESQ,263.45,233.02,229.5,,,,False,6153.35,1.148,3.888,,734
DIAMONDYD,1199.8,1076.3,1062.3,,,,False,14633.3,0.418,3.721,,2212
DICIND,638.95,547.3,490.0,,,,False,7399.4,0.49,3.03,,6011
DIFFNKG,519.9,387.05,356.75,,,,False,720598.6,0.156,4.588,,485
DIGIDRIVE,18.8,17.02,17.0,18.8,17.02,20.0,False,15256.9,2.612,2.297,-8.404,666
DIGIKORE,43.0,30.25,30.25,,,,False,78160.0,0.394,3.83,,728
DIGISPICE,17.72,15.8,15.8,17.72,15.8,20.0,False,74101.8,1.848,2.55,-7.167,4517
DIGITIDE,104.15,82.6,82.6,,,,False,240639.7,0.783,5.509,,317
DIGJAMLMTD,73.19,48.35,39.2,,,,False,112320.1,0.038,6.632,,6014
DISAQ,12400.0,11152.0,11152.0,12400.0,11152.0,20.0,False,351.4,0.273,2.984,-5.266,103
DISHTV,2.86,2.33,2.33,,,,False,1202804.45,2.753,5.338,,4793
DIVGIITTS,1329.8,1062.0,890.0,,,,False,156782.6,0.918,3.445,,867
DIVISLAB,9615.0,8457.5,6740.5,,,,False,468010.0,1.877,5.343,,5834
DIXON,15000.0,12850.0,12850.0,,,,False,376300.9,1.437,6.022,,2227
DJML,115.25,67.57,67.57,,,,False,394845.65,0.241,9.507,,937
DKEGL,80.0,63.55,60.0,,,,False,4650.0,0.645,8.01,,1202
DLF,691.05,611.5,611.5,,,,False,3305366.9,0.673,4.693,,4740
DLINKINDIA,456.9,406.3,406.3,,,,False,84628.5,0.671,4.72,,4136
DMART,4070.0,3650.0,3650.0,,,,False,442402.4,1.05,6.503,,2350
DMCC,311.95,256.9,242.55,,,,False,73064.0,1.203,4.25,,1187
DNAMEDIA,2.89,2.26,2.26,,,,False,49616.7,1.691,3.073,,2167
DODLA,1160.0,1056.3,1019.1,,,,False,30297.05,0.452,3.321,,1293
DOLATALGO,78.82,66.21,64.96,,,,False,198542.9,0.642,5.948,,1754
DOLLAR,277.8,259.05,248.05,277.8,259.05,20.0,False,74097.45,0.904,2.314,-3.96,2327
DOLLEX,39.95,31.6,28.0,,,,False,83957.3,0.32,3.99,,918
DOLPHIN,741.4,555.25,365.0,,,,False,84907.85,0.417,4.155,,4921
DOMS,2279.8999,2061.3,2061.3,,,,False,39894.85,0.507,5.17,,679
DONEAR,94.49,82.01,82.0,,,,False,24951.05,0.428,3.898,,4871
DPABHUSHAN,1568.3,1290.0,1079.0,,,,False,26115.7,0.674,5.557,,2201
DPEL,655.0,553.2,512.0,,,,False,40675.0,1.278,7.262,,550
DPSCLTD,7.71,6.84,6.84,7.71,6.84,20.0,False,84336.35,0.549,2.517,-8.301,4541
DPWIRES,163.97,141.39,141.39,,,,False,5895.5,0.969,4.389,,2210
DRAGARWQ,5500.0,5104.0,4813.5,5500.0,5104.0,20.0,False,1400.0,2.251,2.594,-4.191,104
DRCSYSTEMS,14.45,12.4,12.36,,,,False,58375.85,0.712,3.089,,1365
DREAMFOLKS,71.0,64.4,64.4,,,,False,48544.45,1.261,3.025,,999
DREDGECORP,1204.0,961.1,961.1,,,,False,96499.35,0.471,6.735,,5612
DRONE,40.8,31.7,31.7,,,,False,57750.0,0.719,4.881,,777
DRREDDY,1197.2,1130.0,1101.0,,,,False,1116226.45,1.004,3.658,,7709
DSFCL,27.6,23.45,23.12,,,,False,50519.3,0.981,4.186,,146
DSKULKARNI,21.84,15.38,8.6,,,,True,120.35,0.989,21.381,,7707
DSSL,1184.0,990.0,990.0,,,,False,30977.35,0.724,4.507,,4615
DTIL,193.79,133.2,126.0,,,,False,48868.0,0.062,7.345,,2879
DTL,135.0,115.0,115.0,,,,False,720.0,0.0,93.333,,550
DUCOL,128.9,101.0,100.0,,,,False,11000.0,0.582,4.873,,900
DUCON,2.5783,1.45,1.45,,,,False,2087214.95,0.952,6.029,,3439
DUGLOBAL,28.5,21.3,21.3,,,,False,23375.0,0.107,4.941,,1236
DURLAX,69.0,57.25,45.75,,,,False,116200.0,0.843,3.388,,553
DVL,304.0,261.37,233.22,,,,False,24868.25,0.624,3.82,,4606
DWARKESH,59.9,40.32,36.07,,,,False,7050267.65,0.3,8.192,,5362
DYCL,560.0,416.65,351.95,,,,False,1292384.15,0.3,4.632,,1026
DYNAMATECH,12300.0,11215.0,10057.0,12300.0,11215.0,20.0,False,15964.5,1.801,2.623,-1.813,4937
DYNAMIC,155.8,131.4,130.1,,,,False,7975.0,0.313,4.035,,1206
DYNPRO,248.0,218.0,218.0,248.0,218.0,20.0,False,21733.05,0.45,2.909,-7.242,2266
E2E,650.0,550.9,377.6,,,,False,659772.1,1.632,3.338,,2054
EASEMYTRIP,6.41,5.74,5.74,,,,False,14720256.85,1.013,4.531,,1362
EASTSILK,66.66,54.9,46.27,,,,False,938.6,0.161,3.024,,6014
EASTWEST,2.68,2.2,2.2,,,,False,41765.35,0.247,3.818,,21
EBGNG,712.0,572.0,483.05,,,,False,884397.5,1.158,3.609,,283
EBIX,22.83,17.7,16.03,,,,False,66030.6,0.408,4.212,,21
ECLERX,2062.0,1785.2,1465.4,,,,False,223938.4,0.816,3.635,,4618
ECORECO,478.0,415.1,415.1,,,,False,10049.25,1.136,3.662,,21
ECOSMOBLTY,124.19,105.29,105.29,,,,False,85787.25,0.534,4.763,,508
EDELWEISS,140.9,122.76,113.35,140.9,122.76,20.0,False,9415166.8,0.649,2.837,-10.05,4629
EDUCOMP,0.95,0.85,0.85,,,,False,9275.9,5.235,6.667,,5103
EFACTOR,222.0,155.55,150.0,,,,False,7680.0,1.198,6.385,,725
EFCIL,211.5,176.98,171.42,,,,False,395711.05,0.496,4.827,,269
EFFWA,380.0,292.1,292.1,,,,False,21860.0,1.372,4.362,,541
EFORCE,22.3,19.0,19.0,22.3,19.0,20.0,False,12600.0,0.381,2.64,-14.798,673
EICHERMOT,8140.0,7406.0,7140.0,,,,False,427035.1,0.741,4.847,,7708
EIDPARRY,865.4,685.5,685.5,,,,False,802600.95,0.392,8.097,,6016
EIEL,215.74,188.0,188.0,,,,False,1564937.75,0.317,3.802,,450
EIFFL,305.1,250.0,247.0,,,,False,3404.55,0.043,7.879,,2338
EIHAHOTELS,310.0,278.1,278.1,,,,False,14912.45,1.166,3.602,,4548
EIHOTEL,307.95,280.3,280.3,,,,False,256302.2,2.619,3.32,,7712
EIMCOELECO,2348.8,2124.2,1731.0,2348.8,2124.2,20.0,False,38790.75,1.503,2.706,-3.053,6011
EKC,114.49,96.49,96.49,,,,False,123901.7,1.508,7.529,,5123
EKI,82.5,67.0,67.0,,,,False,13807.95,1.678,4.039,,21
ELANTAS,14890.0,11130.0,9151.0,,,,False,5106.55,0.625,4.828,,104
ELCIDIN,110000.0,102210.0,102210.0,110000.0,102210.0,20.0,False,9.5,2.526,2.691,-2.618,104
ELDEHSG,848.0,745.0,701.55,,,,False,1063.0,0.837,3.845,,1097
ELECON,459.3,402.4,402.4,,,,False,658212.9,0.248,4.634,,4927
ELECTCAST,87.78,71.51,69.52,,,,False,2571398.85,0.48,5.286,,6014
ELECTHERM,1075.0,916.05,916.05,,,,False,21762.95,0.312,5.46,,4707
ELGIEQUIP,653.4,590.1,565.4,,,,False,505335.6,1.056,3.323,,6014
ELGIRUBCO,64.66,54.1,54.0,64.66,54.1,20.0,False,58740.5,0.615,2.967,-12.341,4617
ELIN,106.75,83.97,83.97,,,,False,216372.3,0.859,5.654,,918
ELITECON,17.22,7.08,7.08,,,,False,5564800.0,0.517,19.262,,105
ELLEN,390.6,308.35,252.55,,,,False,896493.8,2.701,4.269,,304
ELPROINTL,177.95,171.9,167.26,177.95,171.9,20.0,False,15909.3,0.457,2.484,-2.495,104
EMAMILTD,413.5,361.15,361.15,,,,False,1711362.45,0.844,4.826,,4967
EMAMIPAP,124.0,105.1,84.42,,,,False,38215.2,0.982,3.373,,477
EMAMIREAL,74.6,65.3,65.3,,,,False,14725.35,0.605,3.153,,5983
EMBDL,65.34,53.31,53.31,,,,False,2842340.8,0.574,5.754,,5430
EMCURE,2014.3,1830.1,1751.0,,,,False,131250.8,1.89,3.645,,546
EMIL,196.4,167.54,124.59,,,,False,1955442.85,1.082,3.09,,971
EMKAY,278.9,234.61,228.0,,,,False,37014.2,0.409,3.681,,5033
EMKAYTOOLS,101.0,87.2,85.5,101.0,87.2,20.0,False,1237.5,0.97,2.932,-6.188,2346
EMMBI,94.99,80.1,80.1,,,,False,8840.2,0.439,3.585,,4091
EMMIL,130.0,116.0,113.25,130.0,116.0,20.0,False,7762.5,0.29,2.617,-8.538,580
EMMVEE,349.7,315.9,306.0,,,,False,1946078.1,0.701,3.109,,210
EMPIND,1248.0,1002.1,1002.1,,,,False,6210.95,0.202,7.091,,21
EMPOWER,2.49,1.73,1.73,,,,True,11699091.6,3.741,7.238,,105
EMSLIMITED,413.05,355.35,355.35,,,,False,864847.85,0.278,4.031,,740
EMUDHRA,677.0,489.0,430.05,,,,True,1689554.85,17.907,6.832,,1065
ENDURANCE,3072.0,2582.0,2548.6001,,,,False,102631.8,0.704,6.43,,2453
ENERGYDEV,16.94,14.0,14.0,,,,False,25720.25,1.3,4.62,,4653
ENFUSE,188.0,145.0,145.0,,,,False,960.0,1.25,10.497,,616
ENGINERSIN,289.65,235.34,219.44,,,,False,5849676.15,0.378,5.247,,7266
ENIL,108.95,99.0,99.0,108.95,99.0,20.0,False,43132.3,0.176,2.678,-7.903,5080
ENKEIWHEL,425.0,378.5,378.5,425.0,378.5,20.0,False,3850.05,0.064,2.592,-8.188,21
ENRIN,3529.0,2968.0,2968.0,,,,False,392079.2,0.848,6.451,,313
ENSER,16.8,14.0,11.25,,,,False,66000.0,0.152,3.322,,615
ENTERO,1920.0,1380.6,1164.7,,,,False,422204.55,0.56,6.485,,640
EPACK,211.61,175.04,175.04,,,,False,411521.55,0.861,6.512,,654
EPACKPEB,250.9,213.22,213.22,,,,False,495916.9,0.864,3.497,,239
EPIGRAL,1264.8,1054.1,969.0,,,,False,77036.15,0.281,4.896,,1257
EPL,274.03,228.0,221.24,,,,False,10165684.35,0.189,4.797,,6016
EQUIPPP,24.5,21.28,20.16,24.5,21.28,20.0,False,15085.3,3.21,2.537,-0.449,4801
EQUITASBNK,78.8,70.82,70.61,,,,False,1466566.5,1.485,4.954,,1457
ERIS,1362.0,1265.1,1265.1,1362.0,1265.1,20.0,False,55324.4,0.273,2.887,-4.317,2279
ESABINDIA,6370.0,5606.0,5521.0,,,,False,4491.95,0.855,5.694,,6012
ESAFSFB,44.99,37.11,32.41,,,,False,607109.65,0.763,4.799,,705
ESCONET,260.0,160.2,117.0,,,,False,68740.0,0.169,5.882,,633
ESCORTS,3112.8999,2791.1001,2791.1001,,,,False,60282.65,1.061,4.555,,7708
ESDS,1827.4,756.0,756.0,,,,False,6805899.11,0.254,7.243,,9
ESFL,135.5,113.0,108.3,,,,False,14526.0,1.487,4.784,,788
ESSARSHPNG,18.97,15.45,15.45,,,,False,279773.2,0.813,4.289,,3663
ESSENTIA,1.25,1.03,1.03,,,,False,4437799.35,0.402,4.738,,3226
ESTER,98.69,85.05,84.66,,,,False,74369.7,0.542,4.632,,3762
ETERNAL,332.95,310.8,275.55,,,,False,34009888.85,0.332,3.106,,1278
ETHOSLTD,2936.6001,2520.0,2427.0,,,,False,35087.15,1.354,4.903,,1066
EUREKAFORB,440.3,385.0,385.0,,,,False,137767.9,1.587,4.2,,503
EUROBOND,165.8,144.01,144.01,165.8,144.01,20.0,False,5302.65,0.312,2.976,-9.626,1159
EUROPRATIK,271.9,233.5,233.5,,,,False,179301.0,0.856,3.821,,246
EUROTEXIND,14.0,11.98,11.98,,,,False,342.35,3.894,14.0,,5979
EVEREADY,369.4,315.0,315.0,,,,False,149762.25,0.41,3.704,,6015
EVERESTIND,450.0,390.0,390.0,,,,False,7768.95,0.293,3.757,,6012
EXCELINDUS,1148.55,940.1,876.0,,,,False,67534.5,0.191,7.454,,6013
EXCELSOFT,84.7,66.9,66.9,,,,False,1816558.05,1.52,4.721,,204
EXICOM,189.17,154.5,140.0,,,,False,1755051.5,1.035,3.364,,630
EXIDEIND,467.95,405.1,405.1,,,,False,2110170.3,1.032,5.774,,6017
EXPLEOSOL,926.9,842.0,787.0,926.9,842.0,20.0,False,45726.8,0.972,2.937,-5.076,4172
EXXARO,7.42,6.0,5.99,,,,False,1100898.45,0.116,3.063,,1259
FABTECH,154.45,142.52,142.52,154.45,142.52,20.0,False,85878.1,0.647,2.86,-5.691,236
FACT,920.0,740.05,740.05,,,,False,1955845.4,0.039,8.5,,6013
FAIRCHEMOR,690.0,585.2,585.2,,,,False,8633.85,0.926,5.007,,1417
FALCONTECH,13.2,11.5,10.1,,,,False,3780.0,0.317,4.907,,553
FAZE3Q,507.0,445.0,445.0,,,,False,22256.55,1.525,3.653,,948
FCL,62.4,43.21,35.13,,,,False,23742054.1,1.24,5.874,,2885
FCSSOFT,1.55,1.4,1.39,,,,False,2098839.65,0.66,3.088,,5180
FDC,358.8,328.8,328.8,358.8,328.8,20.0,False,147229.65,1.619,2.916,-2.397,6014
FEDDERSHOL,52.25,39.04,39.0,,,,True,1434022.85,3.477,8.891,,104
FEDERALBNK,364.2,337.6,323.4,,,,False,4913292.8,0.582,4.373,,7711
FEDFINA,169.0,148.41,147.2,,,,False,877308.65,0.974,3.67,,694
FEL,0.42,0.36,0.36,,,,False,190037.0,0.368,4.0,,6014
FELDVR,2.47,2.0,2.0,,,,False,3494.4,0.762,3.635,,4875
FELIX,228.4,171.35,171.35,,,,False,86900.0,1.91,5.061,,2164
FERMENTA,537.75,450.0,375.05,,,,False,92178.3,1.209,3.57,,105
FIBERWEB,28.0,25.07,25.07,28.0,25.07,20.0,False,33940.5,0.664,2.434,-6.857,1133
FIDEL,158.0,130.0,130.0,,,,True,7450.0,0.94,4.373,,1043
FIEMIND,2253.5,1913.7,1913.7,,,,False,64086.5,1.007,6.795,,4914
FILATEX,91.3,70.74,57.79,,,,False,4415784.6,1.127,4.462,,3713
FILATFASH,0.19,0.17,0.17,0.19,0.17,20.0,False,26236438.15,0.451,1.75,-5.263,590
FINCABLES,1498.0,1186.5,956.2,,,,False,1152105.55,1.097,4.392,,6017
FINEORG,5387.5,4985.5,4692.0,,,,False,28027.6,1.308,3.313,,2030
FINKURVE,83.1,64.62,57.55,,,,False,223853.75,1.878,3.188,,236
FINOPB,151.82,131.83,130.21,,,,False,237022.55,2.128,3.606,,1201
FINPIPE,166.5,148.05,148.05,,,,False,450684.65,0.861,5.317,,6012
FIRSTCRY,201.7,165.01,165.01,,,,False,4639844.0,1.282,5.018,,524
FISCHER,39.95,32.96,32.96,,,,False,587489.25,0.624,4.516,,297
FIVESTAR,558.0,489.5,489.5,,,,False,611441.35,0.899,4.339,,948
FLAIR,254.25,228.0,228.0,,,,False,88028.55,0.768,4.023,,693
FLEXITUFF,2.89,2.0,2.0,,,,False,84999.8,0.133,7.244,,3677
FLFL,1.31,1.1,1.1,1.31,1.1,20.0,False,47464.65,1.479,2.579,-14.504,3197
FLUOROCHEM,4887.8999,4439.6001,3827.3,4887.8999,4439.6001,20.0,False,144394.5,0.724,2.776,-7.249,1717
FMGOETZE,641.1,431.2,431.2,,,,False,3892871.35,0.074,6.097,,6011
FMNL,11.15,8.1,8.1,,,,False,42494.2,0.097,4.792,,3876
FOCUS,72.0,59.25,59.25,,,,False,45111.9,0.308,5.583,,2257
FONEBOX,131.25,90.0,70.5,,,,True,10050.0,2.488,10.167,,649
FOODSIN,59.7,49.15,49.15,,,,False,95033.1,1.462,3.768,,1198
FORCEMOT,18339.0,17150.0,17002.0,18339.0,17150.0,20.0,False,66966.0,0.849,2.729,-5.213,1715
FORTIS,941.9,861.4,861.4,,,,False,882223.6,1.241,4.787,,4781
FOSECOIND,7040.0,5257.0,4952.0,,,,True,26592.1,6.719,6.241,,6013
FRACTAL,873.9,735.0,735.0,,,,False,310724.45,0.537,6.848,,148
FREDUN,1536.0,1195.2,1195.2,,,,False,42687.5,7.185,4.189,,21
FROG,301.5,210.55,162.3,,,,False,33220.0,3.444,5.401,,968
FRONTSP,1322.4,1178.1,1178.1,,,,False,14677.15,1.524,3.908,,104
FSL,292.0,246.65,237.55,,,,False,2539169.4,1.748,4.541,,4831
FUSION,208.2,182.13,182.13,,,,False,569098.7,0.929,3.919,,952
GABRIEL,1475.0,1268.2,1228.0,,,,False,279981.35,0.984,3.664,,5289
GAEL,184.99,152.64,137.7,,,,False,988180.0,1.073,6.042,,6017
GAIL,177.5,168.72,167.27,177.5,168.72,20.0,False,5940028.85,0.665,2.767,-3.859,7382
GAJA,191.65,137.5,137.5,,,,False,6184605.69,0.089,6.883,,16
GALAPREC,1122.0,969.0,961.1,,,,False,33993.75,0.909,4.071,,505
GALAXYSURF,2528.3999,2078.7,1900.0,,,,False,40463.55,0.651,5.348,,2125
GALLANTT,599.0,521.5,513.1,,,,False,68481.3,2.148,4.232,,5048
GANDHAR,278.0,246.3,187.0,,,,False,937250.3,0.948,3.379,,694
GANDHITUBE,914.5,850.0,844.55,,,,False,5931.6,1.661,3.233,,4843
GANECOS,1111.8,962.5,962.5,,,,False,82546.8,0.554,4.041,,2850
GANESHBE,135.85,112.01,94.3,,,,False,190924.2,0.567,3.344,,1239
GANESHCP,180.0,160.42,159.1,180.0,160.42,20.0,False,187645.55,0.326,2.731,-9.406,240
GANESHHOU,858.45,726.3,726.3,,,,False,28480.05,0.891,5.584,,4823
GANGAFORGE,2.26,1.53,1.53,,,,False,5206567.6,0.258,8.047,,2011
GANGESSECU,126.25,113.0,112.57,,,,False,3027.7,0.133,3.131,,2257
GARFIBRES,852.0,745.0,696.35,,,,False,61310.9,0.723,3.657,,5985
GARUDA,198.39,170.7,167.1,,,,False,1126273.45,0.399,3.749,,480
GATECH,1.11,0.67,0.46,,,,False,37506074.35,0.162,11.623,,2508
GATECHDVR,0.58,0.46,0.38,,,,False,637699.2,0.969,4.421,,2208
GATEWAY,55.63,51.51,51.51,,,,False,863885.9,0.425,3.355,,1114
GAUDIUMIVF,133.89,109.19,107.84,,,,False,153621.3,0.883,3.36,,138
GAYAHWS,2.18,1.72,1.72,,,,False,271945.9,0.757,3.766,,2032
GAYAPROJ,27.33,20.35,18.41,,,,False,1090452.25,1.415,5.384,,3719
GCSL,616.9,470.0,452.05,,,,False,691083.35,1.513,7.672,,257
GEECEE,382.0,334.05,327.0,,,,False,3450.1,1.096,3.484,,4923
GEEKAYWIRE,31.72,22.18,22.12,,,,False,303948.0,1.777,4.122,,2242
GEMAROMA,182.0,154.0,154.0,,,,False,84233.2,0.772,4.449,,264
GENCON,47.85,38.11,37.91,,,,False,391883.7,0.931,3.42,,1383
GENESYS,323.23,177.55,168.5,,,,False,2925690.95,0.348,6.607,,5869
GENSOL,19.16,16.4,16.4,,,,False,53995.6,0.644,3.297,,797
GENUSPAPER,14.2,10.87,10.87,,,,False,159618.05,0.738,4.126,,2861
GENUSPOWER,353.5,291.0,291.0,,,,False,3279394.9,0.601,4.842,,5232
GEOJITFSL,86.5,75.36,72.1,,,,False,413380.4,0.55,4.092,,5235
GESHIP,1426.9,1291.5,1261.0,,,,False,906396.5,0.813,4.052,,6017
GFLLIMITED,63.99,51.23,43.93,,,,False,178619.95,0.285,3.941,,6014
GFSTEELS,23.08,15.0,13.61,,,,True,1334.55,2.195,14.0,,6919
GGBL,248.0,206.0,206.0,,,,False,33810.0,0.896,4.269,,542
GHCL,458.0,415.0,415.0,,,,False,129385.9,0.993,5.766,,7708
GHCLTEXTIL,144.59,117.03,105.56,,,,False,722449.35,0.762,4.57,,810
GICHSGFIN,148.38,132.94,132.94,,,,False,79346.55,0.807,4.346,,6927
GICL,25.4,22.65,15.61,25.4,22.65,20.0,False,207209.5,0.738,2.284,-2.795,2349
GICRE,363.0,337.0,337.0,,,,False,1170265.05,0.281,3.161,,2202
GILLANDERS,109.55,88.8,84.12,,,,False,10784.5,0.292,3.88,,4138
GILLETTE,7582.5,7180.0,7180.0,,,,False,14511.3,0.543,3.512,,6014
GINNIFILA,46.0,40.1,40.1,,,,False,36352.55,0.379,3.746,,6012
GIPCL,211.71,167.24,154.06,,,,False,1012560.7,0.484,6.611,,6014
GIRIRAJ,101.4,68.8,52.3,,,,False,52625.0,0.309,6.406,,2076
GKB,74.0,60.3,60.3,,,,False,2605.25,0.352,3.654,,26
GKENERGY,144.35,119.61,119.61,,,,False,631018.8,0.568,5.956,,243
GKSL,183.05,150.16,126.36,,,,False,706660.7,0.715,4.157,,180
GKWLIMITED,1629.0,1503.8,1503.8,1629.0,1503.8,20.0,False,1781.5,0.141,2.205,-2.443,6014
GLAND,3042.0,2776.1001,2351.1001,,,,False,588936.15,1.271,3.066,,1442
GLASSWALL,,,,,,,,,,,,1
GLAXO,3120.7,2755.8999,2386.2,,,,False,169641.45,0.504,4.147,,6013
GLENMARK,2537.6001,2252.1001,2162.0,,,,False,479517.0,1.413,4.675,,6017
GLFL,6.17,4.97,4.97,,,,False,6931.55,0.823,3.401,,6011
GLOBAL,131.98,104.4,81.6,,,,False,175196.55,1.224,4.498,,2351
GLOBALE,12.25,10.65,10.03,12.25,10.65,20.0,False,4760.7,0.06,2.256,-9.224,513
GLOBALPET,174.7,151.0,142.1,,,,False,6375.0,0.118,5.624,,788
GLOBALVECT,154.95,125.5,125.5,,,,False,7657.85,1.244,5.397,,4907
GLOBE,2.09,1.75,1.75,,,,False,391075.25,0.46,4.713,,2018
GLOBECIVIL,49.48,41.0,37.3,,,,False,77525.5,0.793,3.377,,303
GLOBUSSPR,928.05,810.25,810.25,,,,False,91437.55,0.63,5.063,,4192
GLOSTERLTD,629.0,570.0,570.0,,,,False,1012.4,0.459,3.192,,595
GLOTTIS,68.6,56.5,56.5,,,,False,47865.1,0.73,5.819,,237
GMBREW,951.0,852.55,852.55,,,,False,26561.55,1.098,4.687,,6014
GMDCLTD,601.0,535.05,535.05,,,,False,1012987.8,0.792,4.673,,6017
GMMPFAUDLR,1384.8,981.0,748.95,,,,False,424721.8,1.382,6.752,,2111
GMRAIRPORT,103.38,91.99,91.99,,,,False,12245006.8,0.72,4.709,,4956
GMRP&UI,99.8,86.8,86.8,,,,False,1770904.95,1.293,3.121,,1112
GNA,584.25,504.2,450.05,,,,False,264970.6,0.794,3.616,,2468
GNFC,606.25,528.8,492.1,,,,False,556798.5,0.661,5.111,,6014
GNRL,117.8,94.21,88.2,,,,False,285213.4,0.324,4.887,,104
GOACARBON,484.0,347.0,347.0,,,,False,111470.15,0.335,5.934,,4761
GOCLCORP,448.0,382.55,378.0,,,,False,395231.3,0.505,4.16,,4650
GOCOLORS,363.0,298.0,298.0,,,,False,152737.85,0.52,5.759,,1189
GODAVARIB,258.87,224.0,224.0,,,,False,546807.5,17.202,3.866,,469
GODFRYPHLP,2163.8999,1895.0,1895.0,,,,False,171178.55,0.976,6.676,,6924
GODIGIT,265.55,248.0,244.2,265.55,248.0,20.0,False,181263.75,0.858,2.65,-5.517,579
GODREJAGRO,695.6,566.6,534.3,,,,False,1049524.7,0.119,5.1,,2208
GODREJCP,948.0,855.15,855.15,,,,False,1517513.55,0.941,5.519,,6017
GODREJIND,1250.0,1078.0,1078.0,,,,False,124340.3,3.729,4.898,,6017
GODREJPROP,2095.0,1647.6,1647.6,,,,False,692238.05,1.131,6.681,,4128
GOKEX,809.9,705.95,705.95,,,,False,195364.85,1.398,4.434,,5284
GOKUL,46.8,38.71,38.15,,,,False,230457.2,0.683,4.019,,4510
GOKULAGRO,259.8,213.01,200.0,,,,False,767681.85,0.29,6.889,,2599
GOLDENTOBC,25.9,23.77,22.91,25.9,23.77,20.0,False,2001.0,1.818,1.638,-8.224,6011
GOLDIAM,370.0,317.0,314.0625,,,,False,417887.95,0.978,4.874,,5197
GOLDKART,107.1,81.7,81.7,,,,True,750.0,0.0,15.197,,1700
GOLDSTAR,8.75,7.15,6.55,,,,False,66937.5,2.017,5.818,,2204
GOLDTECH,53.8,40.7,40.7,,,,False,17264.05,1.587,6.815,,6012
GOODLUCK,539.0,430.1,422.5667,,,,False,718857.0,0.743,4.775,,2480
GOODYEAR,780.0,708.1,708.1,,,,False,4186.6,0.764,4.548,,6348
GOPAL,294.0,248.0,248.0,,,,False,174461.55,0.675,6.932,,622
GOYALALUM,6.55,5.81,5.81,,,,False,53172.75,0.604,3.622,,956
GOYALSALT,110.0,101.0,101.0,,,,False,5880.0,0.0,5.575,,723
GPECO,446.9,355.0,355.0,,,,False,17680.0,0.532,5.115,,555
GPIL,255.0,231.24,228.31,,,,False,1417510.85,0.874,3.415,,5038
GPPL,173.8,158.01,146.6,,,,False,2158306.8,0.653,3.692,,3955
GPTHEALTH,165.4,148.61,147.94,,,,False,107006.05,1.269,3.44,,630
GPTINFRA,119.13,106.41,106.41,,,,False,189493.45,0.606,3.178,,2519
GRADIENTE,3.04,2.34,2.34,,,,False,1825567.75,0.148,5.104,,93
GRANDOAK,40.99,33.41,33.04,,,,False,5274.65,0.323,3.632,,104
GRANULES,923.65,816.0,814.2,,,,False,1438359.2,1.843,3.646,,5244
GRAPHISAD,27.8,24.15,24.15,,,,False,13260.0,1.357,3.006,,683
GRAPHITE,874.35,678.5,570.0,,,,False,3641242.9,0.83,4.945,,6015
GRASIM,3371.0,3159.1001,3060.0,,,,False,1066763.4,0.806,3.62,,6014
GRAUWEIL,77.47,65.0,65.0,,,,False,435240.8,1.189,4.306,,690
GRAVISSHO,49.9,27.9,27.9,,,,False,82457.8,1.145,6.78,,103
GRAVITA,1858.5,1601.3,1575.0,,,,False,167468.5,0.597,5.59,,3910
GRCL,614.85,505.0,475.25,,,,False,1700.0,0.0,4.973,,889
GREAVESCOT,199.99,178.71,178.71,,,,False,737876.6,1.287,4.059,,5986
GREENCHEF,73.5,48.6,45.3,,,,False,30280.0,1.083,5.123,,789
GREENLAM,258.7,221.67,221.67,,,,False,58093.8,0.505,6.032,,2852
GREENPANEL,166.0,148.51,148.51,,,,False,393426.2,1.578,3.144,,1714
GREENPLY,312.5,275.0,275.0,,,,False,140510.0,0.707,3.634,,6013
GREENPOWER,10.49,8.88,8.88,,,,False,4240238.8,0.591,4.765,,3936
GRETEX,300.0,210.0,210.0,,,,False,487.5,3.077,12.293,,2346
GRINDWELL,2110.3999,1813.6,1813.6,,,,False,22808.6,0.938,5.823,,4939
GRINFRA,915.0,815.6,815.6,,,,False,19587.7,1.295,4.541,,1281
GRMOVER,92.29,79.34,79.34,,,,False,1132772.45,0.952,4.32,,999
GROBTEA,1054.0,908.15,850.0,,,,False,318.8,0.041,4.927,,2517
GROWW,205.21,185.35,185.35,,,,False,52815553.0,2.802,3.931,,214
GRPLTD,2100.0,1885.5,1826.0,2100.0,1885.5,20.0,False,2153.3,1.013,2.853,-5.748,2863
GRSE,2677.1001,2290.0,2290.0,,,,False,334815.25,1.28,6.538,,1955
GRWRHITECH,7443.0,6392.0,6392.0,,,,False,62274.75,1.014,4.298,,1144
GSFC,165.85,147.15,147.15,,,,False,1132594.55,0.938,5.619,,7709
GSLSU,38.35,24.45,23.06,,,,False,145937.55,0.235,8.118,,860
GSMFOILS,134.8,79.7,79.7,,,,False,600550.0,1.23,8.913,,570
GSPCROP,667.95,464.95,366.9,,,,False,483652.3,1.042,6.325,,122
GSS,13.5,9.6,9.6,,,,False,67088.0,0.427,5.2,,4568
GSTL,15.3,10.45,10.45,,,,False,9750.0,0.41,7.301,,1051
GTECJAINX,30.45,24.8,24.8,,,,False,6098.8,0.891,3.122,,2248
GTL,7.7,6.71,6.71,,,,False,221202.1,0.653,3.465,,6013
GTLINFRA,1.27,1.11,1.11,,,,False,33191465.4,0.76,5.209,,5983
GTPL,61.59,53.25,50.85,,,,False,91471.25,0.546,3.589,,2279
GUFICBIO,467.8,395.05,362.5,,,,False,133128.85,0.847,4.081,,5415
GUJALKALI,760.0,665.15,578.05,,,,False,145592.35,0.61,3.782,,6927
GUJAPOLLO,371.0,332.2,300.5,371.0,332.2,20.0,False,17704.8,2.866,2.541,-8.868,4760
GUJENERGY,272.9,240.36,240.36,,,,False,1550234.25,0.698,4.864,,2718
GUJRAFFIA,43.45,39.1,36.02,43.45,39.1,20.0,False,1973.5,1.19,2.436,-7.411,1921
GUJTHEM,470.05,364.0,341.65,,,,False,778527.4,0.505,4.643,,387
GULFOILLUB,1173.9,1010.3,974.0,,,,False,68645.3,0.367,5.299,,2994
GULFPETRO,71.4,57.96,35.75,,,,False,215928.1,0.748,4.148,,5430
GULPOLY,202.2,165.06,165.06,,,,False,188254.55,0.721,8.335,,2876
GVKPIL,2.36,2.04,2.04,,,,False,840502.3,2.43,6.054,,5074
GVPIL,698.95,597.75,597.75,,,,False,190005.15,0.675,4.207,,6014
GVPTECH,9.39,6.6,6.38,,,,False,196203.75,0.204,3.774,,2349
GVT&D,4825.0,4025.0,3962.2,,,,False,997680.75,0.719,4.891,,5987
GYFTR,193.9,148.72,139.69,,,,False,89131.65,0.224,4.958,,48
HAL,5097.3999,4615.7998,4331.0,,,,False,744309.05,0.913,4.474,,2095
HALDER,310.0,257.0,212.6,310.0,257.0,20.0,False,24509.4,0.882,2.514,-7.758,165
HALDYNGL,149.79,125.0,115.11,,,,False,50502.1,1.031,3.944,,104
HALEOSLABS,1568.5,1437.0,1395.1,1568.5,1437.0,20.0,False,971.75,2.186,2.409,-3.864,2244
HAMPTON,9.65,7.05,7.05,,,,False,122308.15,2.569,3.447,,21
HAPPSTMNDS,457.3,322.85,322.85,,,,False,2812494.2,0.339,9.579,,1488
HAPPYFORGE,2470.0,2060.6001,1510.0,,,,False,86885.3,1.936,4.057,,677
HARDWYN,10.36,7.61,7.61,,,,False,1716053.4,1.649,7.922,,1097
HARIOMPIPE,378.0,332.5,332.5,,,,False,87127.15,1.203,3.578,,1097
HARRMALAYA,208.52,176.44,176.44,,,,False,14424.8,0.313,4.663,,6013
HARSHA,470.95,407.85,395.0,,,,False,163661.2,1.159,3.877,,984
HATHWAY,11.1,9.8,9.8,,,,False,1453035.3,0.87,5.796,,4092
HATSUN,1349.7,927.55,864.5,,,,False,151605.1,0.583,7.268,,3022
HAVELLS,1299.1,1081.1,1081.1,,,,False,839309.85,0.866,7.703,,6015
HAVISHA,1.64,1.25,1.07,,,,False,46218.75,0.391,4.105,,2083
HAWKINCOOK,8640.0,7930.0,7930.0,,,,False,1769.1,0.929,3.29,,103
HAZOOR,22.49,17.44,17.44,,,,False,526640.83,0.368,3.994,,18
HBESD,81.99,60.51,60.51,,,,False,801.85,0.398,5.5,,104
HBLENGINE,772.8,648.0,648.0,,,,False,1936535.1,0.429,5.44,,4863
HBPOR,65.0,48.6,48.6,,,,False,971.85,1.443,4.781,,21
HBSL,57.0,50.55,46.25,57.0,50.55,20.0,False,2716.4,0.555,2.483,-8.351,6013
HCC,26.03,19.99,19.63,,,,False,42284490.75,0.516,6.637,,7712
HCG,775.0,644.95,626.1,,,,False,148374.1,1.629,4.746,,2588
HCLTECH,1368.0,1195.7,1121.0,,,,False,2178400.1,1.4,4.451,,5988
HDBFS,712.1,662.4,657.0,,,,False,737417.0,0.399,3.858,,304
HDFCAMC,2698.0,2360.0,2360.0,,,,False,739200.45,0.652,6.508,,2006
HDFCBANK,739.75,681.9,681.9,,,,False,28306261.9,0.971,4.025,,7712
HDFCLIFE,563.5,508.7,508.7,,,,False,3172544.85,1.251,4.462,,2185
HDIL,1.56,1.45,1.45,1.56,1.45,20.0,False,141011.5,0.59,1.77,-5.769,4724
HEADSUP,7.67,6.21,6.0,7.67,6.21,20.0,False,15700.45,5.87,2.863,-10.169,2413
HEALTHX,327.9,285.0,285.0,,,,False,4989.45,0.708,3.233,,3936
HECPROJECT,140.2,111.4,111.4,,,,False,14245.9,0.971,4.325,,2346
HEG,753.9,214.1,214.1,,,,False,1741151.5,1.929,10.136,,6014
HEIDELBERG,162.75,139.95,139.95,,,,False,214334.85,1.358,6.323,,7709
HEMIPROP,133.88,115.2,115.2,,,,False,262282.0,0.61,7.394,,1464
HERANBA,186.8,158.23,158.23,,,,False,64089.75,0.564,4.67,,1370
HERITGFOOD,425.0,349.3,319.1,,,,False,913447.9,0.849,4.256,,6014
HEROMOTOCO,5740.5,5166.0,4828.0,,,,False,534401.7,0.984,4.511,,6014
HESTERBIO,2540.8999,2130.0,2067.2,,,,False,8603.55,0.531,3.843,,2845
HEXAGON,72.05,62.5,60.07,,,,False,347183.1,2.514,3.191,,68
HEXATRADEX,167.0,154.0,154.0,,,,False,1923.5,0.736,3.372,,3555
HEXT,574.85,496.0,496.0,,,,False,441173.9,0.368,5.378,,391
HFCL,256.7,210.91,181.05,,,,False,11479381.55,0.652,3.959,,5983
HGINFRA,521.0,460.1,460.1,,,,False,56386.85,0.964,5.667,,2109
HGM,54.2,42.0,42.0,,,,False,9748.0,0.247,3.371,,4927
HGS,414.9,375.15,375.15,,,,False,14179.8,0.66,3.751,,5983
HIGREEN,136.0,119.25,119.25,,,,False,13400.0,1.015,4.252,,730
HIKAL,257.0,195.0,195.0,,,,False,3535808.95,0.514,4.035,,6014
HILINFRA,47.49,40.1,40.1,,,,False,74038.95,1.066,4.075,,273
HILTON,20.75,17.01,17.01,,,,False,79914.25,0.907,4.83,,4769
HIMATSEIDE,74.99,63.25,63.25,,,,False,370911.7,0.953,6.809,,6014
HINDADH,394.0,342.0,342.0,,,,False,4967.2,0.628,3.165,,21
HINDALCO,1061.8,956.4,935.1,,,,False,2925306.5,1.176,5.154,,7712
HINDALUMI,103.0,92.0,92.0,103.0,92.0,20.0,False,3963.15,0.562,2.937,-8.903,22
HINDCOMPOS,432.5,367.0,367.0,,,,False,4128.2,0.521,4.891,,6014
HINDCON,25.75,20.9,19.66,,,,False,39257.85,0.395,3.152,,2105
HINDCOPPER,586.75,477.5,469.0,,,,False,14300060.5,0.507,7.124,,4125
HINDOILEXP,201.44,153.51,149.92,,,,False,2872466.55,0.338,4.988,,7708
HINDPETRO,381.7,340.1,340.1,,,,False,3904558.95,0.97,5.275,,7708
HINDUNILVR,2051.8999,1926.2,1926.2,,,,False,1172429.5,0.864,4.462,,7712
HINDWAREAP,203.41,171.0,171.0,,,,False,108473.65,0.738,5.437,,1668
HINDZINC,632.0,560.9,514.95,,,,False,6738773.0,0.431,4.341,,5987
HIRECT,1329.5,1156.7,1001.0,,,,False,62280.5,0.854,3.597,,4867
HISARMETAL,167.6,148.0,144.0,167.6,148.0,20.0,False,1681.7,0.121,2.739,-7.22,2397
HITECH,82.97,71.76,71.76,,,,False,893087.8,0.498,4.255,,2611
HITECHCORP,345.0,325.1,310.0,345.0,325.1,20.0,False,11599.5,0.709,2.702,-4.203,4620
HITECHGEAR,592.0,526.0,523.0,592.0,526.0,20.0,False,3170.55,1.485,2.572,-10.895,5786
HLEGLAS,433.8,305.0,303.5,,,,False,405790.85,2.877,6.264,,1379
HLVLTD,7.0,6.22,6.22,,,,False,197997.5,4.118,3.085,,6016
HMAAGRO,24.99,19.09,19.09,,,,False,4587059.9,2.519,5.744,,795
HMT,70.45,58.9,55.84,,,,False,23083.05,0.338,3.484,,6011
HMVL,95.75,76.0,76.0,,,,False,13757.0,0.335,5.968,,3989
HNDFDS,677.75,593.5,529.65,,,,False,111979.7,0.766,4.247,,1754
HOACFOODS,1010.0,772.0,670.0,,,,False,4143.75,1.176,7.299,,575
HOLMARC,114.1,97.0,97.0,,,,True,8475.0,2.566,3.63,,733
HOMEFIRST,1248.1,1100.6,1100.6,,,,False,172758.8,0.835,4.195,,1392
HONASA,493.5,449.35,437.3,493.5,449.35,20.0,False,815416.0,0.903,2.67,-4.904,708
HONAUT,37190.0,33500.0,33500.0,,,,False,2760.75,0.86,4.301,,6014
HONDAPOWER,2118.0,1890.0,1890.0,,,,False,3195.75,0.576,4.866,,6011
HORIZONIND,60.25,52.46,52.46,,,,False,10039764.17,0.268,3.874,,18
HPAL,39.82,33.6,32.11,,,,False,78906.5,0.66,3.52,,1171
HPIL,139.2,114.4,114.4,,,,False,2852.2,0.146,5.757,,1634
HPL,325.0,274.05,274.05,,,,False,80467.35,1.452,6.05,,2463
HRHNEXT,29.75,23.45,23.45,,,,False,17025.0,0.969,5.234,,667
HRYNSHP,104.05,91.0,91.0,,,,False,1102.55,0.062,3.02,,21
HSCL,767.6,632.5,632.5,,,,False,6233194.1,0.741,7.722,,4825
HTEL,86.45,71.1,71.1,,,,False,2598858.42,1.486,3.221,,12
HTMEDIA,28.25,22.75,22.75,,,,False,125534.6,1.961,4.268,,5191
HUBTOWN,205.7,169.11,169.11,,,,False,611317.15,0.623,5.361,,4841
HUDCO,192.0,167.11,167.11,,,,False,1611302.95,0.611,5.292,,2309
HUHTAMAKI,279.0,238.65,202.61,,,,False,223179.45,0.843,3.453,,6016
HYBRIDFIN,18.04,16.2,16.2,18.04,16.2,20.0,False,5330.0,0.536,2.931,-10.144,936
HYUNDAI,2281.0,2095.8,1895.4,,,,False,662140.15,1.107,3.446,,476
IBLFL,62.5,55.15,55.0,,,,False,6200.0,0.645,6.953,,658
IBULLSLTD,28.81,24.29,24.29,,,,False,15941501.0,3.829,3.585,,3720
ICDSLTD,77.69,39.5,37.51,,,,False,24413.9,0.116,6.921,,1287
ICEMAKE,760.0,668.2,668.2,,,,False,18453.05,2.352,3.958,,2168
ICICIAMC,3313.5,2933.3,2933.3,,,,False,637638.95,0.46,5.715,,187
ICICIBANK,1454.0,1348.0,1348.0,,,,False,8704374.5,1.106,4.89,,6014
ICICIGI,1650.0,1423.1,1423.1,,,,False,916857.55,0.49,8.244,,2220
ICICIPRULI,525.75,455.3,455.3,,,,False,1230994.35,0.624,4.917,,2466
ICIL,474.65,408.05,371.3,474.65,408.05,20.0,False,724795.7,0.661,2.811,-8.996,5188
ICRA,5173.7002,4578.1001,4578.1001,,,,False,33029.8,0.514,4.686,,4794
IDBI,96.25,79.05,79.05,,,,False,20788231.5,0.625,4.954,,7712
IDEA,15.79,13.92,12.6,,,,False,407570427.65,0.755,3.591,,4820
IDEAFORGE,846.0,684.0,684.0,,,,False,289492.25,0.984,5.951,,793
IDFCFIRSTB,88.1,82.5,77.91,,,,False,15368428.4,0.929,3.615,,2685
IEML,44.8,39.5,37.8,44.8,39.5,20.0,False,36850.0,2.347,2.429,-8.036,577
IEX,125.05,110.35,110.35,,,,False,3427855.75,0.963,7.033,,2204
IFBAGRO,1035.0,842.6,842.6,,,,False,5293.5,0.596,6.251,,6013
IFBIND,1420.0,1235.5,1235.5,,,,False,29117.25,0.595,5.154,,6015
IFCI,107.5,73.01,68.15,,,,False,121007010.0,0.943,5.16,,6014
IFGLEXPOR,227.99,192.91,192.39,,,,False,57621.0,0.294,3.67,,5616
IGARASHI,476.9,402.05,402.05,,,,False,714300.3,0.713,4.882,,6017
IGCL,74.8,62.63,62.63,,,,False,118228.25,1.023,4.662,,301
IGIL,349.5,307.05,307.05,,,,False,448543.85,0.458,4.832,,429
IGL,159.5,146.22,146.22,,,,False,1799742.9,0.57,4.285,,5626
IGPL,590.0,469.0,418.05,,,,False,120722.35,0.461,5.48,,4844
IIFL,705.0,567.4,517.8,,,,False,3509664.2,0.354,5.143,,5270
IIFLCAPS,342.95,332.9,332.05,342.95,332.9,20.0,False,340411.65,1.55,2.373,-2.143,1732
IITL,164.46,137.3,120.65,164.46,137.3,20.0,False,112557.65,1.759,2.975,-10.148,3969
IKIO,238.8,185.0,181.03,,,,False,893495.35,0.561,3.971,,807
IKS,1876.2,1712.1,1686.4,,,,False,132757.35,0.973,3.172,,434
IL&FSENGG,40.05,34.0,26.51,,,,False,64900.4,0.566,3.665,,4659
IL&FSTRANS,2.33,1.83,1.83,,,,False,57134.4,3.333,3.955,,4068
IMAGICAA,62.0,47.21,45.01,,,,False,3230589.85,0.652,5.38,,2832
IMFA,1482.0,1199.8,1199.8,,,,False,108364.75,0.965,7.042,,3989
IMPAL,1180.2,1050.0,1046.0,1180.2,1050.0,20.0,False,2991.8,0.716,2.779,-9.761,5168
IMPEXFERRO,5.38,3.78,2.08,,,,True,39127.35,1.545,16.842,,5338
INA,98.29,84.2,84.2,,,,False,672402.9,1.472,3.407,,133
INCREDIBLE,36.12,30.51,30.51,,,,False,5342.85,0.462,3.05,,2523
INDBANK,32.89,25.01,25.01,,,,False,86164.8,0.93,6.105,,4426
INDGN,615.5,557.25,481.95,,,,False,694507.4,0.295,3.458,,586
INDHOTEL,737.9,701.55,701.55,737.9,701.55,20.0,False,1517668.4,0.684,2.294,-3.32,6017
INDIACEM,379.5,331.65,331.65,,,,False,85739.05,0.725,6.429,,7708
INDIAGLYCO,1219.0,217.0,217.0,,,,False,262710.55,0.151,11.837,,5987
INDIAMART,1775.0,1624.1,1624.1,,,,False,78713.35,4.639,3.619,,1786
INDIANB,906.7,833.8,774.95,,,,False,993252.15,0.779,3.873,,4826
INDIANCARD,225.01,205.22,205.22,225.01,205.22,20.0,False,1379.45,0.336,2.349,-4.466,6012
INDIANHUME,412.5,341.25,330.3,,,,False,54600.25,0.416,4.797,,6014
INDIASHLTR,688.7,620.15,620.15,,,,False,92229.8,0.728,3.662,,678
INDIGO,5280.0,4701.5,4701.5,,,,False,597988.0,0.885,5.276,,2682
INDIGOPNTS,1209.0,1047.2,1020.2,,,,False,76135.4,1.057,4.093,,1393
INDIGRID,177.25,173.1,173.1,,,,False,575579.7,0.807,3.071,,2292
INDIQUBE,209.9,184.49,162.5,,,,False,78084.15,0.756,3.139,,281
INDNIPPON,1564.0,1034.1,1010.0,,,,False,264777.95,0.717,6.476,,6014
INDOAMIN,130.0,117.7,117.7,130.0,117.7,20.0,False,43124.1,0.729,2.805,-5.338,1086
INDOBORAX,542.8,431.0,361.05,,,,False,598818.7,0.188,4.494,,1108
INDOCO,287.8,216.0,214.06,,,,False,1772381.7,0.363,3.703,,5353
INDOFARM,150.19,130.0,130.0,,,,False,200188.65,0.545,3.597,,423
INDOKEM,657.0,555.0,555.0,657.0,555.0,20.0,False,4179.25,2.157,2.954,-7.679,21
INDOMIM,1028.5,839.05,700.0,,,,False,2101863.1,1.277,4.528,,35
INDORAMA,96.5,56.02,45.1,,,,False,1741088.95,2.094,5.825,,5983
INDOSTAR,264.75,222.62,222.62,,,,False,144773.6,0.833,4.805,,2061
INDOTECH,4030.0,3198.8999,2901.6001,,,,False,23663.65,2.0,5.681,,5061
INDOTHAI,62.8,33.97,33.97,,,,False,3858273.2,0.035,12.633,,3671
INDOUS,90.88,70.0,70.0,,,,False,14373.4,0.267,4.349,,489
INDOWIND,9.49,7.99,7.9,,,,False,122159.7,0.389,4.884,,4688
INDPRUD,6450.0,6080.0,6010.0,6450.0,6080.0,20.0,False,57.1,0.298,2.439,-3.256,99
INDRAMEDCO,378.25,344.1,344.1,,,,False,167105.45,1.028,4.46,,7360
INDSWFTLAB,404.0,316.61,215.0,,,,False,1029630.2,1.59,4.146,,6013
INDTERRAIN,33.61,28.0,27.5,,,,False,25707.05,9.898,4.158,,3829
INDUSINDBK,1022.0,944.5,944.5,,,,False,1347495.95,1.282,3.738,,6015
INDUSTOWER,390.85,367.35,363.5,390.85,367.35,20.0,False,4482283.2,0.904,2.719,-3.902,3389
INFINIUM,285.5,217.0,202.0,,,,False,11325.0,0.751,4.241,,844
INFOBEAN,183.0,148.03,148.03,,,,False,772274.65,0.237,4.39,,2264
INFOLLION,163.95,151.05,151.0,163.95,151.05,20.0,False,13620.0,0.617,2.567,-4.453,807
INFOMEDIA,5.98,4.82,4.82,5.98,4.82,20.0,False,11193.9,0.866,2.89,-8.027,6012
INFY,1156.0,1026.5,1013.9,,,,False,8022937.65,0.777,4.288,,7712
INGERRAND,4955.0,4225.0,4220.0,,,,False,28171.3,1.199,4.998,,6014
INM,165.0,141.05,141.05,,,,False,1260.0,0.0,7.281,,632
INNOVACAP,1236.1,1011.0,925.2,,,,False,101267.65,1.176,4.379,,674
INNOVANA,339.9,291.05,290.0,339.9,291.05,20.0,False,21276.1,1.03,2.689,-11.356,2163
INNOVISION,296.7,246.2,246.2,,,,False,101013.2,0.124,3.76,,124
INOXGREEN,179.5,158.73,158.73,179.5,158.73,20.0,False,1291372.1,1.223,2.692,-3.56,946
INOXINDIA,2339.5,1879.8,1790.0,,,,False,541442.95,1.306,3.475,,678
INOXWIND,77.85,68.0,68.0,,,,False,11459313.85,0.484,4.471,,2830
INSECTICID,645.0,564.4,564.4,,,,False,38915.65,0.386,3.263,,4764
INSPIRE,9.5,7.75,7.65,,,,False,4000.0,0.0,8.033,,727
INSPIRISYS,96.48,78.2,78.2,,,,False,4397.9,1.328,3.484,,4906
INTELLECT,716.45,649.0,649.0,,,,False,311112.6,0.875,3.585,,2903
INTENTECH,90.78,76.0,76.0,,,,False,18664.9,0.569,4.263,,2345
INTERARCH,1788.0,1625.0,1625.0,,,,False,52799.8,0.876,3.142,,513
INTLCONV,83.28,74.2,72.09,83.28,74.2,20.0,False,57015.75,0.405,2.905,-9.474,1241
INVENTURE,0.99,0.72,0.72,,,,False,1145645.25,0.363,9.45,,3728
INVPRECQ,1405.8,1257.0,782.2,,,,False,3923.05,1.148,6.837,,104
IOB,33.64,31.83,31.83,,,,False,2019549.95,0.894,3.148,,6014
IOC,141.15,131.7,131.7,,,,False,7077094.5,1.423,3.769,,7634
IOLCP,219.04,158.35,143.55,,,,False,5540960.95,1.556,4.973,,3916
IONEXCHANG,461.0,360.75,360.75,,,,False,621064.7,0.555,5.27,,1131
IPCALAB,2001.5,1880.4,1674.4,2001.5,1880.4,20.0,False,224067.8,1.505,2.801,-2.538,7708
IPL,152.28,132.01,132.01,,,,False,1496940.3,18.985,5.705,,1290
IPRINGLTD,187.0,133.02,133.02,,,,False,8877.9,0.109,3.715,,26
IPSL,216.0,183.5,183.5,,,,False,275.0,0.0,10.557,,951
IRB,20.6,18.66,18.66,,,,False,15819437.75,0.628,3.518,,4578
IRBINVIT,65.0,63.05,60.66,65.0,63.05,20.0,False,587668.85,0.763,2.542,-1.677,2278
IRCON,128.0,107.54,107.54,,,,False,1325148.3,1.06,7.895,,1971
IRCTC,495.0,446.5,446.5,,,,False,684228.1,1.943,8.132,,1720
IREDA,121.14,107.4,107.4,,,,False,3859133.2,0.799,7.062,,696
IRFC,87.25,78.16,78.16,,,,False,7203072.85,1.365,6.587,,1396
IRIS,273.99,228.91,228.91,,,,False,25679.95,0.884,3.514,,1203
IRISDOREME,65.0,54.23,41.28,,,,False,1136854.15,0.637,4.227,,1935
IRMENERGY,300.95,258.45,250.3,,,,False,74091.1,0.81,4.422,,717
ISFT,99.15,73.4,70.76,,,,False,124801.65,1.024,5.486,,4060
ISGEC,830.0,749.5,722.5,,,,False,50756.3,0.727,3.647,,1332
ISHAN,0.6,0.45,0.45,,,,False,206400.0,2.558,8.4,,982
ISHANCH,50.48,41.71,41.71,,,,False,62883.15,0.516,3.349,,369
ISTLTD,749.95,605.0,605.0,,,,False,808.5,0.21,4.311,,21
ITALIANE,36.1,29.35,29.15,,,,False,7800.0,0.256,5.462,,642
ITC,273.95,255.5,255.5,,,,False,13360457.95,1.138,3.474,,7709
ITCHOTELS,167.9,149.85,149.85,,,,False,1306036.65,1.252,5.87,,407
ITDC,736.6,627.1,627.1,,,,False,643346.45,0.151,3.693,,2403
ITI,281.85,251.65,251.65,,,,False,142054.6,1.283,5.48,,6014
ITL,378.95,311.1,311.1,,,,False,3052.45,0.067,4.631,,21
IVALUE,297.6,219.6,219.6,,,,False,210792.85,1.298,7.17,,244
IVC,10.99,7.56,7.56,,,,False,790478.35,0.624,5.643,,6018
IVP,222.0,174.05,148.0,,,,False,19128.1,0.379,5.272,,6010
IWP,36.5,32.8,31.3,36.5,32.8,20.0,False,11209.45,0.326,2.327,-5.479,104
IXIGO,173.79,155.76,155.76,,,,False,1258405.0,0.452,3.091,,563
IZMO,989.0,818.4,818.4,,,,False,153477.35,0.536,3.543,,4841
J&KBANK,153.87,142.8,142.8,,,,False,1818086.2,1.788,3.17,,5983
JAGRAN,63.0,60.8,60.8,63.0,60.8,20.0,False,187791.1,0.903,2.181,-2.825,5076
JAGSNPHARM,249.57,217.81,214.24,,,,False,90794.95,0.622,3.941,,6016
JAIBALAJI,74.2,61.01,57.1,,,,False,969719.0,0.84,4.53,,5639
JAICORPLTD,105.6,90.42,90.42,,,,False,318374.55,0.754,6.156,,6016
JAINAM,235.0,203.3,203.3,,,,False,1300.0,0.0,5.353,,1211
JAINREC,307.5,271.35,271.35,,,,False,1169676.35,0.408,3.507,,239
JAIPURKURT,27.99,23.91,23.91,,,,False,11982.5,0.609,3.453,,2347
JAKHARIA,60.5,60.5,60.5,,,,True,0.0,,,,2006
JALAN,1.95,1.7,1.5,,,,False,8400.0,0.0,23.333,,2295
JAMNAAUTO,139.4,117.38,117.38,,,,False,1769638.15,1.407,5.11,,3893
JARO,478.2,433.0,433.0,,,,False,133309.7,0.861,3.185,,239
JASH,528.0,454.1,454.1,,,,False,132539.95,0.864,3.998,,2206
JAYAGROGN,265.0,217.0,201.23,,,,False,39074.35,0.94,3.414,,6014
JAYBARMARU,129.85,108.1,108.1,,,,False,237588.25,1.027,4.521,,6016
JAYKAY,173.5,133.7853,132.2146,,,,False,606020.1,0.451,4.092,,199
JAYNECOIND,105.17,85.22,82.52,,,,False,7103966.5,0.343,5.367,,6015
JAYSREETEA,112.7,89.0,79.27,,,,False,151080.0,0.214,5.849,,6012
JBMA,685.0,585.0,585.0,,,,False,931758.85,0.302,5.998,,5373
JENBURPH,1069.9,960.3,960.3,,,,False,1365.55,0.418,3.857,,22
JETFREIGHT,23.1,19.7,19.56,,,,False,141654.25,0.483,4.312,,2352
JFLLIFE,12.75,9.7,9.7,,,,False,21900.0,1.096,12.746,,995
JGCHEM,675.0,544.95,427.0,,,,False,602627.95,0.461,3.518,,623
JHS,9.39,7.66,7.0,,,,False,87880.6,1.498,3.005,,4911
JINDALPHOT,1154.0,980.4,980.4,,,,False,6443.75,1.533,4.193,,5295
JINDALPOLY,800.0,620.1,617.6,,,,True,58744.95,7.214,5.393,,6014
JINDALSAW,320.0,268.95,246.5,,,,False,3515781.3,0.692,4.564,,6014
JINDALSTEL,1196.4,1058.0,1010.1,,,,False,733420.5,0.623,4.371,,6740
JINDRILL,704.4,576.05,544.9,,,,False,656308.8,0.417,3.917,,5433
JINDWORLD,61.99,34.57,28.21,,,,False,35867841.05,0.172,5.862,,3904
JIOFIN,247.25,224.84,224.84,,,,False,10402678.45,1.146,5.767,,763
JISLDVREQS,23.34,20.11,19.6,23.34,20.11,20.0,False,50525.1,0.387,2.88,-7.926,3652
JISLJALEQS,32.94,27.5,26.11,,,,False,4804662.35,0.235,4.066,,6132
JITFINFRA,335.4,272.6,272.6,,,,False,20053.6,1.182,5.415,,2363
JIWANRAM,5.55,4.0,4.0,,,,False,16500.0,1.091,9.234,,738
JKCEMENT,5349.0,4676.0,4676.0,,,,False,34619.65,1.79,5.448,,5064
JKIL,519.85,466.0,466.0,,,,False,54913.6,0.924,4.845,,4586
JKIPL,109.8,89.42,89.42,,,,False,46266.1,0.251,4.446,,239
JKLAKSHMI,563.85,495.2,495.2,,,,False,142770.1,0.399,6.05,,4999
JKPAPER,429.7,377.3,350.0,,,,False,582071.1,1.217,3.355,,5246
JKTYRE,386.85,339.55,339.55,,,,False,363778.9,1.306,7.007,,5507
JLHL,324.0,270.65,270.65,,,,False,124566.2,0.942,5.331,,742
JMA,103.7,86.4,85.0,,,,False,31694.05,0.342,3.067,,2843
JMFINANCIL,136.3,118.05,117.7,,,,False,2651816.15,0.843,4.847,,4921
JNKINDIA,469.25,394.9,380.35,,,,False,110581.2,2.762,4.012,,593
JNPR,282.0,246.2,232.11,,,,False,1609999.9,0.618,3.533,,30
JOCIL,174.0,132.8,132.8,,,,False,11959.3,0.202,4.483,,4423
JPOLYINVST,1065.0,938.0,938.0,,,,False,15739.9,0.208,3.295,,3170
JPPOWER,17.47,15.28,15.28,,,,False,32215806.75,1.26,4.985,,5291
JSFB,606.95,477.4,439.0,,,,False,990712.25,0.611,6.179,,643
JSL,794.0,696.05,694.7,,,,False,910805.55,1.507,4.223,,5655
JSLL,536.0,485.1,485.1,,,,False,458486.75,1.059,3.042,,1085
JSWCEMENT,128.28,115.03,115.03,,,,False,1019621.6,1.283,6.381,,273
JSWDULUX,3238.5,3041.0,2862.0,3238.5,3041.0,20.0,False,20772.55,0.516,2.859,-4.832,6013
JSWENERGY,553.7,503.05,503.05,,,,False,1956199.65,0.998,4.223,,4128
JSWHL,12210.0,10787.0,10530.0,,,,False,7353.95,0.392,3.475,,5244
JSWINFRA,349.2,317.9,310.1,,,,False,2208522.15,1.198,3.421,,734
JSWSTEEL,1351.0,1227.0,1218.0,,,,False,1647312.7,1.095,4.999,,5794
JTEKTINDIA,131.44,114.82,114.82,,,,False,147256.6,0.475,5.748,,5616
JTLIND,94.0,72.69,70.1,,,,False,4456166.55,0.842,4.639,,1173
JUBLCPL,2395.0,2041.0,1760.3,,,,False,9532.65,0.423,3.299,,393
JUBLFOOD,527.85,461.6,408.55,,,,False,958256.2,0.445,6.459,,4104
JUBLINGREA,737.0,622.8,622.8,,,,False,277062.6,0.927,5.861,,1361
JUBLPHARMA,1041.0,853.35,847.85,,,,False,395832.0,0.389,5.96,,6015
JUNIPER,233.99,194.0,190.0,,,,False,265747.3,1.698,5.459,,634
JUSTDIAL,734.0,637.3,540.1,,,,False,267393.65,0.398,4.11,,3281
JWL,253.95,225.65,225.65,,,,False,649542.8,1.22,4.331,,3929
JYOTHYLAB,215.5,190.22,188.6,,,,False,1151190.15,0.439,4.894,,4624
JYOTICNC,1058.85,912.95,738.9,,,,False,1118279.85,0.868,3.477,,662
JYOTIRES,911.0,821.2,821.2,,,,False,10193.4,0.895,3.581,,21
JYOTISTRUC,11.07,8.9,8.9,,,,False,5571543.55,1.44,5.396,,7711
K2INFRA,52.7,44.8,44.8,,,,False,16770.0,1.825,3.511,,605
KABRAEXTRU,741.9,506.1,281.0,,,,False,387174.35,1.682,5.657,,6016
KAJARIACER,1274.5,1179.1,1158.4,1274.5,1179.1,20.0,False,181259.85,0.863,2.865,-4.598,6013
KAKATCEM,120.72,106.7,102.35,,,,False,3482.95,0.47,3.388,,6012
KALAMANDIR,92.0,76.7,76.7,,,,False,361158.0,1.295,8.403,,737
KALPATARU,294.2,250.0,250.0,,,,False,50356.9,0.548,6.285,,303
KALYANIFRG,1192.25,650.35,574.7,,,,False,22446.05,0.121,5.797,,4620
KALYANKJIL,635.95,556.5,377.85,,,,False,8160879.15,0.917,3.587,,1357
KAMAHOLD,2455.0,2241.1001,2241.1001,,,,False,4440.85,0.758,5.329,,104
KAMANWALA,19.51,15.0,15.0,,,,False,32059.7,0.0,4.751,,21
KAMATHOTEL,241.11,187.52,165.21,,,,False,127326.5,0.564,4.222,,6011
KAMDHENU,40.95,32.71,31.0,,,,False,815619.4,1.331,4.229,,5028
KAMOPAINTS,5.15,4.02,4.02,,,,False,266233.35,0.576,5.493,,901
KANANIIND,1.6,1.31,1.31,,,,False,151303.15,1.127,3.53,,3642
KANCHI,435.0,359.95,338.05,,,,False,3320.55,0.208,3.86,,104
KANCOTEA,58.7,50.9,46.2,58.7,50.9,20.0,False,455.85,0.024,2.801,-5.792,22
KANDARP,104.0,68.35,68.35,,,,False,20000.0,1.0,6.135,,979
KANOHAR,,,,,,,,,,,,1
KANORICHEM,187.02,150.05,122.1,,,,True,52094.75,4.109,4.689,,6017
KANPRPLA,283.14,233.55,188.6,,,,False,39480.35,0.698,3.3,,1412
KANSAINER,208.05,181.06,181.06,,,,False,288549.9,0.962,6.19,,6011
KAPSTON,597.85,500.0,350.6,,,,False,69993.2,0.628,3.555,,2081
KARMAENG,43.88,36.61,36.6,43.88,36.61,20.0,False,12290.9,9.083,2.823,-11.759,3754
KARNIKA,124.0,109.0,90.25,,,,False,68000.0,0.515,3.918,,721
KARURVYSYA,358.65,322.75,291.5,,,,False,1605239.5,1.443,4.649,,7709
KAUSHALYA,908.0,820.0,820.0,908.0,820.0,20.0,False,192.35,0.27,2.858,-8.309,4624
KAVDEFENCE,80.0,54.7,54.16,,,,False,622867.35,2.362,4.119,,4595
KAYA,393.0,300.3,235.0,,,,False,32134.35,0.322,5.367,,2739
KAYNES,4117.8999,3293.0,3131.0,,,,False,994008.9,0.727,6.351,,948
KCEIL,87.55,74.0,74.0,,,,False,19475.0,0.257,5.366,,665
KCK,15.5,13.75,11.65,15.5,13.75,20.0,False,118750.0,2.232,2.565,-3.548,1023
KCP,180.4,149.05,148.98,,,,False,246296.0,0.227,6.329,,6012
KCPSUGIND,36.47,28.88,21.45,,,,False,189043.35,1.098,4.774,,6012
KDDL,4099.6001,3510.0,3027.1001,,,,False,52266.95,0.575,5.155,,2578
KDGREEN,61.49,45.81,45.81,,,,False,184311.25,0.191,3.905,,21
KDL,110.0,84.95,84.05,,,,False,31665.0,0.677,3.68,,803
KEC,441.4,389.15,389.15,,,,False,1230178.75,0.659,3.995,,5982
KECL,138.95,115.05,107.5,,,,False,125180.05,0.643,3.879,,4084
KEEPLEARN,2.24,1.75,1.51,,,,False,41057.0,1.081,3.43,,1355
KEI,5779.0,4447.0,4447.0,,,,False,622386.5,0.493,6.919,,5058
KELLTONTEC,15.7,13.3,13.3,,,,False,6053139.5,0.463,3.78,,2607
KENNAMET,5136.0,3617.0,2712.3999,,,,False,58000.15,1.077,5.39,,1177
KERNEX,2006.9,1593.0,1593.0,,,,False,248550.2,0.859,4.604,,5121
KESORAMIND,13.0,10.89,10.17,,,,False,332353.55,2.995,7.693,,7712
KEYFINSERV,274.95,233.0,233.0,,,,False,834.3,0.911,4.159,,6012
KFINTECH,992.4,872.5,848.45,,,,False,855713.05,0.454,5.617,,921
KHADIM,125.54,93.56,87.4,,,,False,82588.2,1.537,8.448,,2187
KHAICHEM,58.9,49.41,46.53,,,,False,204758.2,0.776,4.363,,1456
KHAITANLTD,178.0,136.41,123.5,,,,False,5562.2,0.686,3.841,,6010
KHANDSE,18.58,16.1,15.6,18.58,16.1,20.0,False,2727.7,0.516,1.822,-5.813,6011
KHFM,52.8,41.3,41.3,,,,False,6122.5,0.253,4.879,,1822
KICL,5439.5,4746.0,4746.0,,,,False,1098.85,4.586,4.78,,4416
KILITCH,194.0,156.0,156.0,,,,False,28965.75,0.317,4.992,,3941
KIMS,809.0,748.3,748.3,,,,False,501761.8,0.619,3.28,,1295
KINGFA,6347.0,5675.5,4891.0,,,,False,14473.7,1.307,3.4,,4123
KIOCL,396.45,323.55,323.55,,,,False,82875.05,2.177,6.87,,2426
KIRANVYPAR,212.0,182.6,181.0,,,,False,4945.75,0.754,3.225,,103
KIRIINDUS,603.95,434.0,379.95,,,,False,2051546.95,0.389,4.994,,4542
KIRLFER,475.7,428.3,428.0,,,,False,140859.25,0.994,3.955,,1120
KIRLOSBROS,1978.0,1698.2,1698.2,,,,False,36004.0,0.863,6.6,,5047
KIRLOSENG,2317.1001,1934.0,1934.0,,,,False,420965.65,1.125,3.976,,5983
KIRLOSIND,4055.0,3550.8,3550.1001,,,,False,37439.35,0.407,4.121,,6014
KIRLPNU,772.8,676.55,676.55,,,,False,157926.15,0.902,4.438,,841
KISSHT,350.5,284.65,284.65,,,,False,1471894.55,1.273,4.525,,94
KITEX,134.95,116.9,116.9,,,,False,475077.85,0.861,4.361,,3449
KJMCFIN,84.5,55.35,55.35,,,,False,3619.3,0.185,6.922,,21
KKCL,527.2,480.75,480.75,527.2,480.75,20.0,False,31277.85,1.071,2.999,-7.9,5043
KKVAPOW,428.85,350.4,350.4,,,,False,68.4,0.0,21.835,,518
KLL,26.8,21.0,21.0,,,,False,14200.0,0.507,4.627,,664
KMCSHIL,154.0,128.48,128.48,,,,True,537389.35,16.913,4.263,,22
KMEW,3175.0,2488.8,2250.3999,,,,False,96651.75,2.493,4.902,,445
KMSUGAR,36.5,28.2,26.3,,,,False,534803.25,0.208,5.417,,4616
KNACK,210.94,171.1,171.1,,,,False,746104.05,1.08,7.063,,50
KNAGRI,230.0,163.55,163.55,,,,False,15825.2,0.576,7.576,,1096
KNRCON,134.44,115.02,115.02,,,,False,1690408.65,1.04,4.006,,4583
KODYTECH,1596.0,1350.0,1055.0,,,,False,16010.0,0.362,4.041,,732
KOHINOOR,38.47,28.64,22.0,,,,False,326796.4,0.975,6.205,,6011
KOKUYOCMLN,85.5,76.1,76.1,,,,False,40852.7,0.672,4.329,,4473
KOLTEPATIL,499.95,413.2,354.1,,,,False,164637.7,0.306,5.574,,4626
KONSTELEC,66.0,53.2,46.1,,,,False,51200.0,0.137,3.5,,651
KONTOR,62.95,49.5,49.5,,,,False,6390.0,0.0,6.595,,723
KOPRAN,274.78,188.0,166.0,,,,False,1964994.2,7.24,5.165,,6014
KORE,181.85,97.15,97.15,,,,False,34200.0,0.307,5.247,,992
KOTAKBANK,429.1,393.15,368.4,,,,False,12639845.45,0.862,5.782,,6276
KOTARISUG,39.94,26.52,24.11,,,,False,466072.15,0.061,7.917,,5376
KOTHARIPET,150.75,128.0,124.61,,,,False,96340.15,0.691,3.377,,6014
KOTHARIPRO,71.8,63.0,63.0,,,,False,7288.85,1.254,3.798,,6013
KOTIC,159.97,123.12,123.12,,,,False,60043.0,0.439,3.766,,104
KOTYARK,38.08,30.05,30.05,,,,False,173249.15,0.909,4.513,,1198
KOVAI,6444.0,5891.0,5670.5,,,,False,4896.4,0.825,3.578,,3508
KPEL,271.0,206.52,206.52,,,,False,295787.2,0.706,6.839,,455
KPIGREEN,323.65,271.9,271.9,,,,False,822448.6,0.799,6.848,,1276
KPIL,1452.7,1345.6,1258.2,1452.7,1345.6,20.0,False,147099.45,0.685,2.763,-4.254,6013
KPITTECH,613.45,545.6,543.0,,,,False,1430340.85,0.581,4.742,,1836
KPL,3798.8999,3137.0,2490.3999,,,,False,47640.55,1.721,3.246,,104
KPRMILL,1197.9,1080.0,1015.0,,,,False,241248.9,0.672,3.122,,4702
KRBL,452.8,383.5,339.5,,,,False,1001160.5,0.386,4.476,,6123
KREBSBIO,66.66,52.86,50.81,,,,False,15897.75,0.318,3.375,,2445
KRIDHANINF,2.25,1.85,1.85,,,,False,60577.0,1.052,3.66,,2661
KRISHANA,206.39,171.21,129.65,,,,False,737506.65,1.62,5.751,,2363
KRISHCA,172.7,154.0,154.0,,,,False,21750.0,0.621,3.442,,816
KRISHIVAL,421.5,352.1,350.6,,,,False,29542.8,0.22,11.988,,1094
KRISHNADEF,1143.7,965.3,965.3,,,,False,97644.1,1.023,4.217,,1090
KRITI,68.69,58.0,58.0,,,,False,28385.5,0.341,3.389,,3662
KRITIKA,5.84,5.0,5.0,,,,False,108237.5,1.058,3.831,,1948
KRITINUT,92.0,79.0,70.0,,,,False,11652.75,0.846,3.428,,975
KRN,1687.0,1438.3,1150.0,,,,False,208183.95,1.338,3.299,,489
KRONOX,223.42,149.53,142.8,,,,False,1804640.6,0.028,7.137,,566
KROSS,243.29,199.25,179.0,,,,False,912981.1,0.607,4.785,,501
KRSNAA,575.5,525.0,520.8,,,,False,55071.8,0.779,3.175,,1261
KRYSTAL,694.0,600.25,600.0,,,,False,66286.15,2.636,3.757,,617
KSB,843.0,762.0,762.0,,,,False,161830.2,0.891,3.548,,6014
KSCL,793.6,685.4,685.4,,,,False,92926.15,0.618,6.575,,4676
KSE,200.0,173.31,173.31,,,,False,29282.15,0.316,4.479,,26
KSHINTL,1198.0,931.25,793.0,,,,False,274740.1,1.448,4.79,,185
KSHITIJPOL,3.83,2.77,2.27,,,,True,1936046.25,1.195,5.476,,1952
KSL,992.6,816.0,816.0,,,,False,148281.25,0.734,3.736,,4418
KSOLVES,284.95,249.0,249.0,,,,False,30919.2,1.153,3.863,,1517
KSR,46.62,27.0,26.51,,,,True,128363.5,0.671,7.727,,200
KTKBANK,345.9,309.95,263.0,,,,False,2439913.7,0.855,3.918,,6573
KUANTUM,81.28,70.35,70.35,,,,False,153730.7,0.321,3.453,,1711
KUSUMGAR,622.7,533.0,533.0,,,,False,295948.15,0.494,4.883,,45
KWIL,50.68,37.75,30.13,,,,False,37951178.7,0.473,6.685,,148
LADDERUP,80.98,42.7,42.7,,,,False,7714.35,1.309,6.421,,22
LAGNAM,78.5,69.13,69.13,,,,False,6885.35,0.142,3.061,,1964
LAHOTIOV,46.95,37.64,37.64,,,,False,13199.75,0.124,3.551,,102
LAKPRE,6.28,4.1,4.1,,,,False,3706.2,0.409,5.683,,4927
LAKSHMIMIL,8499.0,7540.0,7540.0,,,,False,35.22,0.284,3.705,,18
LAL,10.29,8.43,7.56,10.29,8.43,20.0,False,56318.4,7.778,2.932,-14.772,851
LALITHAA,343.9,240.35,240.35,,,,False,18342120.33,0.008,6.119,,18
LALPATHLAB,2038.6,1855.7,1650.9,,,,False,246688.3,6.328,3.46,,2655
LAMBODHARA,147.19,105.5,104.51,,,,False,95066.2,1.035,5.397,,2870
LANCER,13.8,10.1,10.1,,,,False,570455.9,0.426,4.792,,268
LANCORHOL,41.75,26.93,23.73,,,,False,514282.2,0.199,5.332,,623
LANDMARK,553.85,454.05,415.2,,,,False,88077.6,1.271,5.103,,923
LANDSMILL,0.77,0.55,0.55,,,,False,3028041.65,0.426,6.553,,4228
LAOPALA,182.05,155.0,155.0,,,,False,188054.0,1.791,5.889,,4815
LASA,7.5,6.2,6.2,,,,False,28249.95,0.648,5.056,,2221
LASERPOWER,343.5,266.2,250.0,,,,False,909892.65,0.556,5.656,,44
LATENTVIEW,292.0,251.05,251.05,,,,False,612392.65,3.39,5.398,,1196
LATTEYS,23.5,20.06,19.26,23.5,20.06,20.0,False,53531.75,0.39,2.739,-12.128,2034
LAURUSLABS,1981.8,1790.0,1460.0,,,,False,3559618.55,0.807,3.696,,2413
LAXMICOT,16.15,11.36,11.36,,,,False,40825.5,0.669,4.763,,2259
LAXMIDENTL,205.0,189.45,189.45,205.0,189.45,20.0,False,80216.7,0.633,2.584,-4.668,414
LAXMIINDIA,137.4,117.25,105.0,137.4,117.25,20.0,False,268901.65,0.739,2.823,-12.773,278
LCCINFOTEC,4.12,2.88,2.88,,,,False,115207.25,0.339,3.55,,6008
LCL,604.7,504.4,461.0,,,,False,618246.85,0.802,4.233,,35
LEAPIND,172.29,128.55,128.55,,,,False,5228941.5,0.424,6.195,,24
LEENEE,11.48,7.4,6.81,,,,False,49043.05,0.196,5.852,,21
LEMERITE,23.77,19.06,19.06,,,,False,217850.9,0.953,4.249,,1072
LEMONTREE,110.5,100.88,100.88,,,,False,2717416.4,0.636,4.562,,2090
LENSKART,703.5,626.15,529.5,,,,False,12043413.6,0.579,4.415,,216
LEXUS,15.23,12.58,12.58,15.23,12.58,20.0,False,27462.05,0.694,2.58,-11.228,2240
LFIC,166.98,128.9,128.9,,,,False,13299.35,0.862,4.39,,4005
LGBBROSLTD,1750.0,1555.6,1504.0,,,,False,29727.25,1.31,5.11,,4617
LGEINDIA,1727.1,1599.0,1484.8,,,,False,541985.1,0.362,3.468,,232
LGHL,199.0,168.0,168.0,199.0,168.0,20.0,False,12896.2,3.823,2.487,-6.01,1581
LIBAS,12.0,9.55,9.28,,,,False,94356.8,2.054,3.264,,2351
LIBERTSHOE,250.95,215.0,215.0,,,,False,21566.1,1.319,4.754,,6012
LICHSGFIN,579.4,485.45,485.45,,,,False,4143288.55,0.891,5.536,,6014
LICI,428.15,386.5,385.9,,,,False,8132450.05,0.863,5.631,,1077
LIKHITHA,239.95,200.0,200.0,,,,False,124273.9,3.048,3.177,,1468
LINC,100.0,89.5,89.5,,,,False,13971.7,2.08,3.1,,2849
LINCOLN,648.4,586.1,569.7,,,,False,36255.85,0.912,3.72,,2656
LINDEINDIA,6782.5,6024.5,6024.5,,,,False,20987.9,0.574,6.418,,6560
LKPSEC,18.43,14.01,14.01,,,,False,14392.1,2.432,3.904,,21
LLOYDS,64.55,55.05,55.05,,,,False,3800.0,0.526,5.352,,971
LLOYDSENGG,93.7,77.68,77.68,,,,False,5121032.25,0.848,5.845,,2514
LLOYDSENT,79.98,65.91,65.91,,,,False,2375073.9,0.804,6.048,,477
LLOYDSME,1931.0,1741.0,1729.3,,,,False,315934.8,0.93,4.695,,787
LMW,20120.0,16800.0,15500.0,,,,False,5476.45,1.387,4.95,,6014
LODHA,1306.9,1047.5,1047.5,,,,False,1478903.15,0.814,5.796,,1344
LOKESHMACH,385.8,296.1,296.1,,,,False,60757.75,0.908,3.78,,5029
LORDSCHLO,149.0,129.68,129.68,,,,False,13579.7,0.492,3.191,,754
LOTUSCHO,671.0,560.0,560.0,,,,False,4266.95,0.632,3.715,,21
LOTUSDEV,220.4,163.95,137.01,,,,False,1684300.0,1.137,5.726,,279
LOTUSEYE,119.97,105.0,105.0,,,,False,13497.9,0.77,3.687,,4483
LOVABLE,76.0,68.16,68.16,76.0,68.16,20.0,False,14370.65,1.167,2.64,-8.224,3820
LOYALTEX,257.79,200.0,190.0,,,,False,853.5,0.183,4.038,,1013
LPDC,7.75,6.02,5.81,,,,False,60630.7,0.214,3.426,,4462
LRRPL,93.0,83.0,80.0,,,,False,4800.0,1.25,5.932,,879
LT,4125.2998,3799.8999,3720.0,,,,False,1318872.25,1.546,5.569,,6017
LTF,327.3,293.8,293.8,,,,False,3524337.25,0.51,4.11,,3724
LTFOODS,490.7,408.95,368.0,,,,False,2730150.85,0.117,6.235,,4873
LTM,4700.0,4233.0,3715.3999,,,,False,391871.5,0.587,3.416,,2513
LTTS,3675.0,3293.0,3131.2,,,,False,89913.1,0.519,4.583,,2469
LUMAXIND,6609.5,5555.0,5020.5,,,,False,21076.75,0.555,4.186,,6012
LUMAXTECH,2148.7,1893.7,1384.4,,,,False,149030.1,0.742,3.268,,4854
LUMINO,122.0,98.05,98.05,,,,False,46247463.5,0.198,3.114,,10
LUPIN,2237.8999,2033.5,2033.5,,,,False,699607.2,1.129,5.793,,6225
LUXIND,1239.8,1030.0,1030.0,,,,False,19305.9,1.889,5.959,,2670
LXCHEM,186.0,162.0,150.8,,,,False,926744.65,1.43,3.359,,1358
LYKALABS,84.8,70.5,58.0,,,,False,18964.3,0.557,7.82,,7709
M&M,3456.3999,3029.5,3029.5,,,,False,1690531.2,1.414,6.561,,7710
M&MFIN,397.5,341.0,317.6,,,,False,1732800.45,0.644,5.728,,5062
MAANALU,127.95,101.8,101.8,,,,False,62395.55,1.18,4.89,,5240
MACPOWER,2050.0,1732.2,1270.0,2050.0,1732.2,20.0,False,45008.5,1.179,2.998,-7.824,2098
MADHAV,37.7,33.7,32.1,37.7,33.7,20.0,False,3430.0,0.11,2.616,-8.488,4620
MADHAVBAUG,184.8,147.0,147.0,,,,False,6180.0,0.259,7.454,,1116
MADHAVIPL,8.47,7.0,6.95,,,,False,149985.65,0.689,4.342,,104
MADHUCON,5.53,3.95,3.95,,,,False,25992.75,1.61,4.778,,4921
MADHUSUDAN,249.65,209.35,209.35,,,,False,21000.0,1.286,4.403,,732
MADRASFERT,72.1,59.57,59.57,,,,False,127807.85,0.379,6.466,,6011
MAFATIND,126.61,119.02,119.02,126.61,119.02,20.0,False,29505.5,0.733,2.1,-4.897,103
MAGADSUGAR,634.95,494.1,476.4,,,,False,66095.5,0.385,5.134,,2259
MAGNUM,20.24,18.4,18.12,20.24,18.4,20.0,False,25276.85,4.06,2.086,-6.423,4683
MAGSON,213.9,171.95,168.0,,,,False,11350.0,10.396,10.304,,789
MAHABANK,87.5,79.2,77.2,,,,False,17054751.5,1.097,3.558,,5550
MAHAPEXLTD,63.4,50.76,42.0,,,,False,24292.9,1.008,3.149,,2089
MAHASTEEL,1421.0,1105.0,718.25,,,,False,18860.1,0.396,3.431,,2523
MAHEPC,109.19,101.0,101.0,109.19,101.0,20.0,False,17743.75,0.588,2.797,-7.336,1633
MAHESHWARI,76.81,69.35,69.35,,,,False,13286.9,0.65,3.079,,2351
MAHICKRA,308.8,251.05,235.0,,,,False,22125.0,0.0,4.686,,2061
MAHLIFE,386.65,339.0,339.0,,,,False,103681.55,0.749,4.411,,6013
MAHLOG,414.5,380.0,379.45,,,,False,117305.55,1.047,3.201,,2189
MAHSCOOTER,13974.0,12750.0,12278.0,,,,False,3773.6,0.867,3.911,,6012
MAHSEAMLES,738.6,608.2,557.2,,,,False,484587.5,0.448,4.605,,6017
MAITHANALL,1195.0,964.55,955.35,,,,False,148842.9,0.475,4.894,,3751
MAITREYA,130.5,110.0,110.0,130.5,110.0,20.0,False,3420.0,0.351,2.348,-11.111,707
MAJESAUT,379.8,341.2,337.0,379.8,341.2,20.0,False,3345.9,0.358,2.817,-4.502,104
MAKERSL,236.0,150.0,150.0,,,,False,13529.05,0.028,6.887,,21
MAKS,17.4,12.65,12.65,,,,False,4800.0,0.312,6.65,,980
MAL,51.1,29.3,29.05,,,,False,44720.0,6.476,11.018,,727
MALLCOM,1050.0,905.15,905.15,,,,False,5021.6,0.236,3.565,,1143
MALUPAPER,35.95,30.2,28.2,,,,False,31890.8,0.904,3.276,,5047
MAMATA,439.95,388.0,375.1,,,,False,53274.2,1.052,3.728,,430
MANAKALUCO,41.8,34.0,34.0,,,,False,82448.9,1.002,4.228,,2836
MANAKCOAT,133.28,118.0,112.02,133.28,118.0,20.0,False,447707.15,0.853,2.785,-5.492,2833
MANAKSIA,73.4,56.0,54.73,,,,False,104707.1,0.982,4.755,,4610
MANAKSTEEL,120.76,85.0,65.11,,,,False,191955.3,0.391,5.815,,2834
MANALIPETC,93.0,70.47,60.2,,,,False,10755031.5,0.245,3.987,,6017
MANAPPURAM,372.55,312.3,312.3,,,,False,5136971.05,0.607,6.328,,4007
MANAV,40.75,26.9,22.35,,,,True,4600.0,0.0,18.644,,2220
MANBA,135.99,125.55,125.55,135.99,125.55,20.0,False,77265.45,1.209,2.656,-3.912,488
MANCREDIT,261.5,210.99,209.49,,,,False,129985.65,1.027,4.87,,520
MANDEEP,18.75,16.15,16.15,,,,False,15500.0,0.0,8.988,,581
MANGALAM,38.25,26.34,25.7,,,,False,89614.55,0.635,5.06,,5265
MANGLMCEM,1120.0,861.3,861.3,,,,False,295919.7,0.183,6.738,,6011
MANINDS,944.0,643.0,507.55,,,,False,1564307.05,1.327,5.929,,5242
MANINFRA,131.0,105.24,95.52,,,,False,2733161.15,0.893,5.717,,4081
MANIPALHOS,815.0,690.4,625.45,,,,False,1622289.25,0.788,4.783,,31
MANKIND,2423.8999,2222.0,2222.0,,,,False,293372.1,2.218,4.126,,834
MANOMAY,240.51,207.02,170.0,,,,False,176808.15,0.73,3.744,,904
MANORAMA,2149.5,1795.1,1510.0,,,,False,265000.95,0.996,4.558,,1044
MANORG,535.0,433.0,429.1,,,,False,13275.55,0.714,4.105,,1207
MANUGRAPH,17.16,13.82,12.84,,,,False,13166.15,1.492,3.696,,4935
MANYAVAR,604.0,521.65,381.85,,,,False,546284.7,0.449,3.958,,1134
MAPMYINDIA,1033.0,865.6,865.6,,,,False,187634.05,0.499,5.393,,1175
MARALOVER,68.89,51.15,50.05,,,,False,46426.2,0.689,4.356,,6011
MARATHON,467.4,348.3,344.05,,,,False,499853.35,0.195,6.065,,2465
MARC,151.0,120.15,87.4,,,,False,13140.0,0.0,6.66,,176
MARCO,36.95,28.5,28.05,,,,False,9825.0,1.679,4.585,,731
MARICO,862.15,791.25,791.25,,,,False,1765019.45,1.834,4.168,,7624
MARINE,450.0,352.65,241.0,,,,False,983526.8,1.246,3.869,,1953
MARINETRAN,18.15,15.3,13.5,,,,False,3000.0,1.333,24.938,,680
MARKOLINES,180.8,159.53,159.53,,,,False,258187.9,1.748,3.52,,230
MARKSANS,349.95,301.1,239.65,,,,False,2245642.55,1.008,3.649,,6000
MARSONS,144.28,107.55,100.25,,,,False,3848929.15,0.525,4.319,,130
MARUTI,13826.0,12159.0,12159.0,,,,False,357265.9,0.876,7.196,,5750
MASFIN,310.2,282.0,282.0,,,,False,299649.7,0.478,3.169,,2205
MASKINVEST,160.0,137.0,137.0,160.0,137.0,20.0,False,273.45,0.618,2.817,-11.0,2453
MASON,126.0,105.0,105.0,,,,False,53925.0,0.093,5.439,,550
MASTEK,1933.9,1593.8,1591.0,,,,False,452899.0,0.193,3.923,,6017
MASTER,488.0,415.0,345.0,,,,False,1225.0,0.0,9.467,,729
MASTERTR,100.0,77.37,76.59,,,,False,1165236.85,0.426,4.612,,443
MATRIMONY,561.95,492.0,412.85,,,,False,19005.7,2.153,4.302,,2222
MAWANASUG,164.0,122.81,104.0,,,,False,580767.1,0.504,5.76,,4322
MAXESTATES,579.0,479.0,378.0,,,,False,323575.65,0.408,3.611,,713
MAXHEALTH,1048.0,974.0,974.0,,,,False,1908867.6,0.838,3.341,,1506
MAXIND,157.4,135.3,135.3,,,,False,71156.5,1.25,3.9,,1499
MAXPOSURE,32.0,28.5,28.5,,,,False,17750.0,0.225,3.368,,654
MAYURUNIQ,801.65,701.7,701.7,,,,False,112967.9,1.005,3.639,,3448
MAZDA,278.0,230.5,210.0,,,,False,19402.25,1.15,3.555,,2444
MAZDOCK,2656.8,2190.0,2190.0,,,,False,601284.35,0.907,7.562,,1472
MBAPL,174.94,152.16,117.05,,,,False,889563.7,1.738,4.021,,2477
MBECL,364.26,65.4,65.4,,,,True,2888.9,9.76,13.232,,4922
MBEL,284.95,249.65,249.65,,,,False,109393.9,1.115,4.117,,279
MBLINFRA,25.0,21.85,21.85,25.0,21.85,20.0,False,30820.75,0.859,2.356,-11.44,4121
MCL,64.0,54.46,51.15,,,,False,61106.55,0.859,3.403,,2352
MCLEODRUSS,51.94,40.36,40.36,,,,False,271301.35,1.526,6.257,,5981
MCLOUD,31.0,24.84,24.84,,,,False,2719257.85,0.388,7.11,,399
MCON,48.5,40.0,39.25,,,,False,5300.0,1.321,4.741,,860
MCX,3400.0,3006.0,2565.5,,,,False,2123316.8,0.929,3.797,,3586
MDL,62.0,51.0,51.0,,,,False,2500.0,0.4,14.737,,2094
MEDANTA,1544.0,1380.1,1295.9,,,,False,288679.6,0.788,3.088,,948
MEDIASSIST,369.8,308.0,308.0,,,,False,223191.3,0.53,5.9,,657
MEDICAMEQ,354.4,220.0,215.0,,,,True,104464.0,2.384,5.468,,1212
MEDICAPQ,36.8,21.0,20.33,,,,False,37856.65,0.557,5.157,,21
MEDICO,43.7,34.11,34.11,,,,False,410904.05,0.34,3.641,,1068
MEDIORG,26.75,22.55,22.1,,,,False,8800.0,0.909,5.654,,551
MEDPLUS,695.0,645.0,645.0,,,,False,176962.7,0.645,3.027,,1172
MEESHO,223.1,195.58,173.5,,,,False,17023325.35,0.551,3.771,,194
MEGAFLEX,101.0,91.0,90.75,,,,False,1300.0,0.0,7.368,,985
MEGASTAR,318.9,266.9,266.9,,,,False,2998.25,0.33,3.892,,1134
MEGATHERM,284.0,188.0,188.0,,,,True,35000.0,2.343,6.036,,646
MEIL,308.0,258.0,258.0,,,,False,117174.7,0.381,4.596,,263
MENNPIS,85.8,69.55,68.0,,,,False,104967.4,0.257,3.644,,104
MENONBE,324.0,249.39,161.65,,,,False,99951.25,0.532,3.845,,2849
MEP,0.75,0.65,0.5,,,,False,99988.5,0.267,7.0,,2811
MERCANTILE,29.37,21.0,21.0,,,,False,139532.25,0.043,3.333,,104
MERCURYEV,44.05,34.0,33.75,,,,False,859282.75,1.282,3.571,,76
METROBRAND,961.9,896.5,896.5,,,,False,51568.85,0.473,3.101,,1173
METROGLOBL,151.0,128.7,127.0,,,,False,2072.55,0.665,3.2,,104
METROPOLIS,607.5,536.6,536.6,,,,False,295979.75,1.246,4.133,,1838
MFML,19.9,17.3,17.3,19.9,17.3,20.0,False,3162.65,0.221,2.295,-2.814,512
MFSL,1604.9,1423.6,1423.6,,,,False,494291.2,1.881,4.774,,7709
MGEL,17.08,13.0,13.0,,,,False,1226069.1,0.185,3.958,,1678
MGL,1173.2,1047.0,1047.0,,,,False,239828.8,0.413,5.147,,2524
MHHL,37.0,29.5,29.5,,,,False,3600.0,0.0,10.096,,2030
MHLXMIRU,192.5,148.77,133.21,,,,False,8329.55,2.391,7.065,,1148
MHRIL,225.65,188.21,188.21,,,,False,132002.7,0.787,7.298,,4242
MICEL,42.5,34.3,34.3,,,,False,176727.55,0.334,8.599,,4765
MICROPRO,19.85,17.65,17.1,,,,False,2720.0,1.765,3.85,,702
MIDHANI,482.4,387.45,386.6,,,,False,2924367.0,0.555,4.91,,2093
MIDWESTLTD,1189.0,951.6,951.6,,,,False,24595.7,0.583,5.895,,224
MIIL,742.9,640.5,640.5,,,,False,82863.5,1.7,3.444,,22
MILKYMIST,304.7,181.5,165.0,,,,False,23596606.75,0.569,7.236,,22
MILTON,42.5,34.7,31.8,,,,False,35090.0,0.063,6.598,,2202
MINALIND,5.89,2.01,1.71,,,,False,139688.45,0.052,20.733,,21
MINDACORP,756.6,661.8,650.0,,,,False,259169.8,0.663,5.531,,3579
MINDTECK,179.4,151.8,151.8,,,,False,29105.1,0.71,4.222,,2503
MIRZAINT,32.97,28.51,28.51,,,,False,106957.9,0.777,3.893,,6016
MITCON,88.85,73.7,69.0,,,,False,7181.3,0.523,3.938,,2349
MITTAL,1.05,0.75,0.75,,,,False,1857948.8,0.786,4.516,,2082
MKEXIM,68.69,53.62,52.0,,,,False,20239.7,0.699,3.477,,21
MKPL,4.7,3.68,3.68,,,,False,92786.2,1.385,5.877,,2258
MLKFOOD,93.0,75.0,75.0,,,,False,7325.25,0.35,3.803,,21
MMFL,687.7,578.2,489.3,,,,False,134594.5,0.812,3.897,,4871
MMP,498.0,366.6,263.0,,,,False,143372.1,0.448,4.349,,2073
MMTC,67.58,59.07,59.07,,,,False,3667210.65,0.321,5.423,,4124
MMWL,16.48,13.09,12.96,,,,False,33435.9,0.707,4.012,,105
MOBIKWIK,220.22,184.06,184.06,,,,False,2065472.95,4.988,4.334,,437
MODINATUR,388.0,323.0,323.0,,,,False,11960.8,0.514,3.994,,190
MODIRUBBER,145.0,115.41,111.21,,,,False,7607.2,0.168,4.076,,2036
MODIS,420.0,339.5,336.7,,,,False,56491.1,0.597,7.559,,210
MODISONLTD,546.0,372.75,248.5,,,,False,274008.5,0.292,5.191,,1333
MODTHREAD,62.1,47.35,43.21,,,,False,16098.95,0.075,4.085,,639
MOHITE,3.3,2.21,2.21,,,,False,125009.35,0.638,3.787,,21
MOHITIND,25.85,22.01,22.01,25.85,22.01,20.0,False,13299.65,0.316,2.322,-10.135,3331
MOIL,270.0,234.06,234.06,,,,False,873814.65,0.831,5.841,,3890
MOKSH,11.5,9.66,9.66,,,,False,179504.9,0.401,3.119,,2149
MOL,68.8,56.95,45.66,,,,False,1751132.7,0.471,3.66,,1259
MOLBIO,1686.8,1020.05,926.35,,,,False,3825682.2,2.116,5.553,,23
MOLDTECH,227.0,172.14,122.38,,,,False,62779.45,0.3,4.726,,2520
MOLDTKPAC,736.0,633.0,633.0,,,,False,83950.0,0.478,5.62,,2858
MOMSBELIEF,239.0,208.03,208.03,,,,False,486396.17,0.649,2.197,,6
MONARCH,398.9,341.85,341.05,,,,False,116054.7,2.326,4.679,,1162
MONEYBOXX,68.66,35.85,35.85,,,,False,120941.3,0.133,6.661,,229
MONOPHARMA,9.0,7.85,7.5,,,,False,8200.0,0.0,5.279,,746
MONTECARLO,584.0,525.0,494.95,,,,False,64741.15,0.774,3.806,,2901
MORARJEE,10.19,8.76,8.36,,,,False,1224.75,2.582,13.903,,4634
MOREPENLAB,122.55,88.3,51.38,,,,False,22676919.75,1.739,4.086,,7709
MOS,12.5,5.7,5.7,,,,False,362400.0,1.656,14.646,,843
MOSCHIP,224.0,195.02,195.02,,,,False,2112038.45,0.779,4.363,,402
MOTHERSON,171.8,156.4,140.0,,,,False,10300533.3,0.851,3.782,,6015
MOTILALOFS,1060.2,942.15,835.1,,,,False,964839.25,0.799,4.217,,4693
MOTISONS,17.7,15.02,13.21,,,,False,39981194.75,2.341,3.041,,678
MOTOGENFIN,34.4,24.61,24.61,,,,False,55677.1,0.154,4.959,,5999
MOXSH,112.0,86.0,86.0,,,,False,1280.0,0.0,11.03,,915
MPDL,45.29,23.26,23.26,,,,False,5371.25,0.15,9.687,,20
MPHASIS,2523.0,2273.3,2192.1001,,,,False,407612.25,0.39,3.536,,6014
MPSLTD,2974.0,2473.0,1951.0,,,,False,19324.15,0.764,5.34,,6012
MPTODAY,46.0,40.0,40.0,,,,False,400.0,0.0,22.703,,2213
MRF,135800.0,124615.0,124615.0,,,,False,3775.65,1.313,5.154,,6013
MRPL,191.9,164.0,147.15,,,,False,10029780.3,0.727,3.756,,7709
MSL,160.0,120.0,120.0,,,,False,449.25,3.31,5.159,,21
MSPL,37.48,31.8,31.8,,,,False,821601.25,0.684,3.787,,5223
MSTCLTD,805.0,671.0,570.0,,,,False,408340.55,0.609,3.554,,1848
MSUMI,39.73,34.76,34.76,,,,False,10301175.5,2.98,6.174,,1110
MTARTECH,7945.0,6600.0,5194.0,,,,False,101109.0,1.398,4.324,,1366
MTEDUCARE,1.96,1.61,1.61,1.96,1.61,20.0,False,41618.85,0.327,2.722,-11.224,3561
MTNL,28.26,23.3,23.3,,,,False,754535.05,0.791,6.868,,7710
MUFIN,141.5,125.02,122.05,,,,False,739400.8,0.98,4.669,,710
MUFTI,79.17,70.1,70.1,,,,False,84877.4,0.513,3.736,,676
MUKANDLTD,146.5,129.91,129.01,,,,False,88010.65,1.529,3.788,,6014
MUKESHB,147.0,127.0,127.0,,,,False,22295.75,0.0,5.486,,20
MUKKA,33.29,24.3,21.5,,,,False,1599622.05,0.847,4.261,,627
MUKTAARTS,61.75,54.98,49.0,61.75,54.98,20.0,False,3191.15,0.028,2.48,-9.879,6012
MUNJALAU,120.99,98.96,98.01,,,,False,675279.15,0.438,4.971,,5708
MUNJALSHOW,135.09,123.31,123.31,,,,False,24062.9,0.657,4.102,,6014
MURUDCERA,32.09,28.0,28.0,32.09,28.0,20.0,False,16436.7,0.698,2.975,-10.876,5515
MUTHOOTCAP,260.0,216.54,212.01,,,,False,11507.1,2.998,4.209,,2733
MUTHOOTFIN,3246.5,2722.3,2671.0,,,,False,924778.25,0.683,6.19,,3793
MUTHOOTMF,221.0,183.6,183.6,,,,False,274893.4,0.789,5.324,,676
MVELECTRO,948.0,516.55,516.55,,,,False,7245485.4,0.597,5.456,,30
MVGJL,233.99,146.15,146.15,,,,False,651826.95,1.031,5.3,,732
MVKAGRO,309.0,152.05,152.05,,,,False,355680.0,1.069,11.919,,623
MWL,48.0,35.91,34.5,,,,False,1666432.7,0.711,4.218,,1027
MYSORPETRO,182.03,112.88,111.0,,,,False,48639.8,0.071,9.293,,21
NACLIND,185.41,144.0,144.0,,,,False,366188.35,2.114,7.174,,2337
NAGAFERT,2.26,1.86,1.86,,,,False,122549.8,2.344,19.31,,5981
NAGREEKCAP,28.29,22.0,21.81,,,,True,9386.4,6.994,3.575,,5114
NAGREEKEXP,25.0,20.7,20.1,,,,False,62186.25,0.501,3.284,,5116
NAHARCAP,265.0,242.2,240.0,265.0,242.2,20.0,False,3163.05,0.556,2.888,-5.642,4565
NAHARINDUS,154.0,117.01,112.5,,,,False,78210.8,0.468,6.751,,5122
NAHARPOLY,253.6,225.0,225.0,,,,False,8728.25,0.787,3.251,,6014
NAHARSPING,307.95,255.0,255.0,,,,False,38412.0,0.455,4.801,,6015
NAMAN,44.0,37.0,37.0,,,,False,2800.0,0.571,7.452,,610
NARMADA,15.15,13.25,13.01,15.15,13.25,20.0,False,557443.7,0.389,2.445,-9.109,2067
NATCAPSUQ,234.0,148.01,137.25,,,,False,43939.6,0.288,6.818,,393
NATCOPHARM,900.0,801.0,801.0,,,,False,355825.05,1.384,5.384,,7710
NATHBIOGEN,160.39,141.3,141.3,,,,False,11407.05,0.29,4.32,,3118
NATIONALUM,405.0,350.1,332.0,,,,False,4886026.95,0.751,5.138,,6842
NATIONSTD,140.34,98.27,98.27,,,,False,79842.65,0.284,6.223,,103
NAUKRI,1390.1,1244.8,1140.0,,,,False,1163220.25,0.677,3.797,,4892
NAVA,586.4,533.9,533.9,,,,False,243188.95,1.193,3.428,,6013
NAVINFLUOR,8949.5,8090.0,7368.0,,,,False,121507.25,0.819,4.163,,4763
NAVKARCORP,99.41,84.8,84.8,,,,False,277809.95,6.78,5.613,,2723
NAVKARURB,1.0,0.83,0.83,,,,False,730593.05,1.351,3.306,,413
NAVNETEDUL,138.51,122.1,122.1,,,,False,102433.95,0.568,5.871,,6016
NAZARA,380.0,343.1,293.5,380.0,343.1,20.0,False,1805275.55,0.592,2.924,-7.592,1355
NBCC,90.5,79.72,79.72,,,,False,4535787.7,1.29,6.542,,3564
NBIFIN,2075.0,1920.0,1852.0,2075.0,1920.0,20.0,False,2220.25,2.33,2.345,-3.923,2418
NCC,153.86,133.78,133.78,,,,False,3059024.35,0.639,4.496,,5985
NCLIND,184.0,168.6,168.6,,,,False,61975.4,0.626,3.195,,4802
NDGL,3100.0,2601.0,2600.0,,,,False,245.25,0.29,4.687,,2482
NDL,3.2,2.24,2.24,,,,False,2529358.65,0.568,6.027,,5114
NDLVENTURE,131.5,115.0,113.95,131.5,115.0,20.0,False,16461.5,2.235,2.538,-11.293,6012
NDRAUTO,800.5,653.3,653.3,,,,False,17433.65,0.933,7.125,,1521
NDTV,76.79,68.75,68.75,,,,False,83804.9,0.479,3.073,,5523
NEAGI,3600.0,3256.0,3001.0,,,,False,39.0,0.256,3.748,,78
NECCLTD,19.95,14.1,14.1,,,,False,174334.45,0.207,5.784,,2605
NECLIFE,13.5,10.05,9.98,,,,False,321316.25,0.703,6.232,,5226
NELCAST,121.01,102.32,102.32,,,,False,119756.75,0.553,4.442,,4744
NELCO,1019.0,895.6,841.2,,,,False,292357.45,0.765,3.155,,6014
NEOGEN,2411.0,2086.3999,1920.0,,,,False,170542.85,1.403,3.224,,1825
NEPHROCARE,107.7,75.0,60.0,,,,False,42080.0,0.656,4.044,,546
NEPHROPLUS,781.5,669.0,618.0,,,,False,226195.85,0.637,3.848,,187
NESCO,1140.0,1015.0,1001.6,,,,False,59004.8,0.441,3.506,,4547
NESTLEIND,1514.8,1362.0,1362.0,,,,False,1248645.85,1.307,5.266,,5987
NETWEB,5813.0,4388.0,4115.0,,,,False,1874808.8,0.943,7.025,,779
NETWORK18,31.68,25.71,25.71,,,,False,7305522.15,0.654,6.862,,5987
NEUEON,17.45,10.7,10.7,,,,False,49927.65,0.712,8.348,,4424
NEULANDLAB,24225.0,21855.0,18055.0,,,,False,40229.6,1.262,3.244,,4424
NEWGEN,575.9,487.3,461.25,,,,False,1343604.65,0.395,4.519,,2136
NEWJAISA,18.3,16.7,13.35,,,,False,9900.0,5.0,5.6,,726
NEXTMEDIA,5.52,3.16,3.16,,,,False,124531.75,0.113,6.798,,6011
NFL,75.38,65.3,65.3,,,,False,872177.9,0.625,9.248,,4867
NGIL,42.69,31.57,31.57,,,,False,22355.05,0.369,4.465,,1256
NGLFINE,3206.6001,2505.1001,2505.1001,,,,False,11807.45,0.993,4.621,,1038
NH,1949.6,1790.0,1781.0,,,,False,236151.35,1.698,3.657,,2646
NHPC,77.89,74.3,74.3,77.89,74.3,20.0,False,9481080.25,1.017,2.544,-3.184,4209
NIACL,242.6,179.15,161.76,,,,False,11637268.15,0.264,4.38,,2189
NIBE,1544.8,1188.0,1188.0,,,,False,58711.45,0.869,8.132,,399
NIBL,36.69,29.6,29.6,,,,False,35379.0,0.171,3.624,,3313
NICCOPAR,98.99,72.08,72.0,,,,False,22015.35,0.07,4.808,,21
NIDAN,15.9,12.55,12.45,,,,False,14350.0,0.07,3.065,,1186
NIITLTD,108.0,84.86,84.86,,,,False,452361.25,0.778,6.271,,6146
NIITMTS,240.0,218.23,218.23,240.0,218.23,20.0,False,198419.2,0.448,2.569,-6.754,767
NILAINFRA,7.8,6.4,6.4,,,,False,194987.75,0.799,4.656,,2801
NILASPACES,13.74,11.81,11.38,,,,False,1555942.95,1.24,3.303,,1911
NILE,1560.1,1430.0,1430.0,,,,False,2804.6,0.483,3.118,,105
NILKAMAL,2149.5,1832.5,1277.2,,,,False,110040.9,0.373,4.065,,6922
NIMBSPROJ,184.8,141.04,141.04,,,,False,81297.15,0.527,4.774,,115
NINSYS,747.0,687.05,683.15,747.0,687.05,20.0,False,3568.0,1.18,2.813,-5.04,882
NIPPOBATRY,338.45,315.15,315.15,338.45,315.15,20.0,False,1435.65,0.817,2.557,-4.402,6011
NIRAJ,30.8,25.7,25.7,,,,False,39591.0,0.339,3.732,,1476
NIRAJISPAT,429.65,202.0,181.0,,,,False,602.3,0.008,9.005,,623
NIRLON,656.0,591.8,591.8,,,,False,8943.6,0.215,4.566,,103
NIRMAN,34.85,27.0,27.0,,,,False,20790.0,0.664,6.209,,854
NITCO,109.25,83.25,83.25,,,,False,1629922.65,0.42,7.572,,5058
NITINSPIN,665.5,575.25,518.45,,,,False,173631.5,0.705,4.208,,5089
NITIRAJ,241.0,182.03,176.05,,,,False,5742.15,0.739,4.188,,2349
NITTAGELA,1807.0,1552.5,1546.2,,,,False,4223.6,2.666,3.415,,105
NIVABUPA,84.21,78.36,78.36,,,,False,639257.35,1.706,3.119,,458
NKIND,67.92,49.66,49.66,,,,False,20146.7,0.059,3.326,,2585
NLCINDIA,282.3,254.3,254.3,,,,False,1431601.65,2.172,4.159,,6499
NMDC,89.1,79.45,79.45,,,,False,14486383.3,0.656,5.184,,4573
NOCIL,200.49,161.1,158.8,,,,False,1389895.15,1.028,5.484,,6014
NOIDATOLL,4.5,3.9,3.9,,,,False,79358.4,0.534,3.088,,5898
NORBTEAEXP,73.0,61.4,60.01,,,,False,1206.1,1.066,3.342,,6012
NORTHARC,319.6,280.45,273.15,,,,False,2753266.85,0.272,3.395,,495
NOVAAGRI,25.6,21.8,21.7,,,,False,51615.05,0.871,3.459,,651
NOVARTIND,2588.8,1402.0,1402.0,,,,False,231179.6,0.53,7.566,,894
NPST,1934.0,1545.6,1416.3,,,,True,198732.05,15.237,4.371,,1238
NRAIL,685.0,487.0,408.3,,,,False,38967.4,0.806,4.802,,2339
NRBBEARING,519.0,441.2,382.4,,,,False,375308.25,1.348,3.835,,6016
NRL,139.0,113.0,93.0,,,,False,89636.5,0.898,4.96,,1162
NSIL,5837.0,5312.5,5261.0,,,,False,2017.55,0.579,4.132,,6015
NSLNISP,49.4,39.3,39.3,,,,False,11871462.55,0.346,5.593,,885
NTCIND,147.0,126.3,126.3,147.0,126.3,20.0,False,2561.7,0.448,2.703,-7.007,21
NTPC,344.45,321.0,321.0,,,,False,7585170.45,0.864,5.07,,5403
NTPCGREEN,93.85,85.16,85.16,,,,False,1695521.7,1.075,7.216,,452
NUCLEUS,758.9,689.0,682.0,,,,False,23954.05,0.397,5.128,,5889
NURECA,350.7,290.2,225.03,,,,False,8546.45,1.445,3.526,,1375
NUVAMA,1903.9,1649.8,1578.6,,,,False,289195.7,1.023,3.979,,738
NUVOCO,354.8,307.95,307.8,,,,False,371038.15,0.803,4.358,,1258
NYKAA,349.55,323.55,317.05,,,,False,4124400.35,1.203,3.189,,1204
OAL,559.8,332.15,332.15,,,,False,157001.0,0.184,5.783,,1596
OBCL,59.91,46.51,46.51,,,,False,16256.45,1.166,6.797,,1099
OBEROIRLTY,1932.8,1660.0,1660.0,,,,False,381008.75,1.574,6.205,,3927
OCCLLTD,168.99,144.06,117.8,,,,False,40577.25,1.035,4.301,,468
ODIGMA,23.99,21.2,21.2,23.99,21.2,20.0,False,18293.85,0.322,2.396,-10.713,438
ODYCORP,8.48,6.11,6.11,8.48,6.11,20.0,False,73874.8,0.163,2.855,-16.156,21
OFSS,12540.0,11355.0,9937.0,,,,False,222007.85,1.106,3.585,,6015
OIL,514.45,458.7,420.8,,,,False,2174305.65,0.596,4.307,,4190
OILCOUNTUB,70.59,57.61,51.49,,,,False,35181.0,2.068,6.15,,6012
OLAELEC,42.25,36.05,36.05,,,,False,54785589.25,0.773,3.447,,526
OLECTRA,1369.6,1155.0,1155.0,,,,False,364055.65,0.728,5.918,,6014
OLIL,443.85,382.05,382.05,,,,True,25500.0,0.078,3.205,,723
OMAXAUTO,204.0,161.21,161.21,,,,False,55838.65,0.91,4.876,,5842
OMAXE,138.89,97.86,80.8,,,,False,7229377.65,0.1,4.259,,4714
OMFREIGHT,95.5,83.5,83.5,,,,False,6546.45,0.615,3.113,,235
OMFURN,59.5,52.05,52.05,,,,False,14700.0,0.0,7.902,,2201
OMINFRAL,88.0,77.43,77.43,,,,False,58416.15,0.683,3.109,,3762
OMNI,615.0,513.0,482.6,,,,False,581027.8,0.49,4.095,,135
OMPOWER,179.0,160.05,158.01,179.0,160.05,20.0,False,98433.8,0.976,2.874,-7.922,108
ONDOOR,340.0,231.2,187.2,,,,False,16410.0,0.457,5.875,,709
ONEGLOBAL,580.0,494.0,494.0,580.0,494.0,20.0,False,19960.45,0.431,2.924,-9.526,21
ONELIFECAP,34.49,29.17,29.17,34.49,29.17,20.0,False,25050.7,0.168,2.56,-6.263,3680
ONEPOINT,61.38,53.55,51.78,,,,False,1081755.9,1.795,3.298,,2157
ONESOURCE,1657.5,1478.0,1478.0,,,,False,328552.5,0.436,3.298,,411
ONGC,243.16,230.79,230.79,,,,False,10322182.05,0.847,3.042,,7709
ONIDA,38.9,31.62,31.62,,,,False,431442.15,0.612,5.3,,6014
ONIXSOLAR,464.2,262.45,262.45,,,,False,410202.6,0.88,9.485,,21
ONMOBILE,59.33,46.28,46.28,,,,False,45435.65,1.336,10.927,,4581
ONWARDTEC,298.0,274.8,269.35,298.0,274.8,20.0,False,30671.65,0.534,2.424,-6.51,6011
OPTIEMUS,622.1,537.4,535.1,,,,False,356770.2,1.176,3.549,,2253
OPTIFIN,16.0,11.51,11.41,,,,False,84934.7,0.537,3.274,,21
ORBTEXP,245.97,223.01,216.0,245.97,223.01,20.0,False,3636.4,2.088,2.264,-8.692,3175
ORCHASP,1.71,1.25,1.25,,,,False,357234.4,1.483,4.025,,398
ORCHPHARMA,1062.0,923.7,923.7,,,,False,69943.7,0.786,3.561,,6013
ORIANA,1379.9,1174.95,1174.95,,,,False,60716.25,1.424,4.423,,764
ORICONENT,59.7,51.16,50.75,,,,False,65729.9,0.666,3.603,,2754
ORIENTALTL,5.64,4.7,4.7,,,,False,92578.35,0.67,3.409,,4820
ORIENTBELL,434.95,335.9,308.05,,,,False,55814.25,0.859,4.93,,4835
ORIENTCEM,135.1,120.6,120.6,,,,False,262879.45,2.783,4.861,,3252
ORIENTCER,48.89,42.5,39.5,48.89,42.5,20.0,False,121236.35,0.439,2.82,-8.325,5123
ORIENTELEC,187.81,166.0,166.0,,,,False,133572.5,0.892,4.296,,2065
ORIENTHOT,146.2,124.0,119.12,,,,False,4009157.6,0.281,6.146,,6013
ORIENTLTD,86.5,77.7,67.01,86.5,77.7,20.0,False,2541.5,0.047,2.563,-7.514,6014
ORIENTPPR,19.28,16.45,16.45,,,,False,337903.35,0.791,3.835,,6016
ORIENTTECH,274.5,229.0,229.0,,,,False,545247.15,0.442,4.557,,514
ORIRAIL,142.0,102.8,102.8,,,,False,291083.95,0.451,5.555,,21
ORISSAMINE,4780.0,3795.5,3551.0,,,,False,9404.65,1.333,7.372,,3942
ORKLAINDIA,616.45,546.65,541.35,,,,False,108875.8,0.751,4.66,,218
ORTEL,2.12,1.76,1.52,,,,False,2938.6,15.683,20.16,,2840
ORTINGLOBE,17.58,14.6,14.0,,,,False,13327.4,0.874,3.351,,2732
OSIAHYPER,3.05,2.3,2.3,,,,False,472253.8,1.105,5.44,,1832
OSWALAGRO,38.75,32.36,32.36,,,,False,33342.5,0.928,4.621,,1980
OSWALGREEN,21.49,18.55,18.55,,,,False,121920.75,2.417,4.158,,6014
OSWALPUMPS,308.3,266.45,266.45,,,,False,515313.0,0.531,4.454,,311
OSWALSEEDS,17.0,11.0,9.66,,,,False,297605.25,1.784,5.021,,2027
OWAIS,84.0,58.1,58.1,,,,False,25785.0,0.535,9.962,,627
PACEDIGITK,184.88,150.25,150.25,,,,False,606218.6,1.084,6.545,,239
PACIFICI,160.0,129.0,129.0,,,,False,1068.65,1.103,4.049,,21
PAGEIND,36540.0,34000.0,34000.0,,,,False,21869.4,1.531,3.164,,4812
PAISALO,85.6,65.11,65.0,,,,False,13469202.35,1.559,6.709,,4264
PAKKA,92.0,72.05,69.1,,,,False,144087.3,0.342,6.41,,790
PALASHSECU,94.38,84.0,84.0,94.38,84.0,20.0,False,1538.65,0.009,2.933,-6.76,2258
PALREDTEC,60.1,47.61,42.6,,,,False,6199.7,0.329,3.959,,5567
PANACEABIO,420.4,361.95,361.95,,,,False,109876.1,0.977,4.07,,6017
PANACHE,554.95,509.65,403.3,,,,False,5961.35,1.156,3.856,,2320
PANAMAPET,505.0,436.85,409.3,,,,False,264442.0,0.709,3.75,,3691
PANCHMAHQ,320.0,253.95,253.95,,,,False,268.35,0.671,3.648,,21
PANORAMA,56.2,40.0,40.0,,,,False,438921.0,0.951,3.603,,21
PANSARI,377.0,275.0,275.0,,,,False,923.15,0.897,6.578,,2344
PAR,180.0,98.02,87.61,,,,False,175226.4,0.11,6.607,,1807
PARACABLES,70.9,58.28,58.28,,,,False,1978239.3,0.75,3.709,,4864
PARADEEP,168.0,145.0,132.9,,,,False,6424774.05,0.295,4.273,,1068
PARAGMILK,276.75,206.0,205.0,,,,False,1909549.8,1.314,5.43,,2557
PARAGON,64.9,46.0,46.0,,,,False,28020.0,0.514,6.041,,708
PARAS,1585.0,1252.0,1152.4,,,,False,1234396.75,0.991,5.272,,1230
PARASPETRO,2.39,2.04,1.96,2.39,2.04,20.0,False,184891.4,0.269,2.882,-10.879,5987
PARIN,740.0,675.0,660.0,740.0,675.0,20.0,False,6525.0,2.299,2.248,-3.959,1944
PARKHOSPS,293.25,266.5,266.5,,,,False,568106.1,1.51,3.021,,188
PARKHOTELS,120.59,105.0,105.0,,,,False,148803.7,0.889,5.037,,645
PARNAXLAB,149.5,104.0,104.0,,,,False,3406.3,0.588,3.864,,21
PARSVNATH,1.78,1.35,1.35,,,,True,1812276.05,3.169,15.05,,4885
PARTYCRUS,103.8,76.0,71.6,,,,False,6600.0,1.97,5.509,,1355
PASHUPATI,98.32,79.1,79.1,,,,False,89428.55,2.482,5.0,,2229
PASUPTAC,72.8,60.1,56.3,,,,False,100862.0,1.584,4.505,,1222
PATANJALI,367.4,335.75,328.2,,,,True,3107752.1,9.279,4.669,,6014
PATELENG,29.55,25.38,25.38,,,,False,2144832.15,0.92,5.657,,5326
PATELRMART,240.98,201.25,201.25,,,,False,83905.65,1.724,5.939,,266
PATINTLOG,14.0,12.42,12.42,14.0,12.42,20.0,False,63766.3,1.494,2.836,-1.571,4606
PAUSHAKLTD,826.75,675.05,523.1,,,,False,56834.1,1.13,3.649,,199
PAVNAIND,19.31,14.51,14.51,,,,False,102231.1,1.32,3.448,,1358
PAYTM,1855.5,1587.1,1223.3,,,,False,4512917.0,3.415,4.146,,1198
PBMPOLY,72.2,56.53,56.53,,,,False,425.6,0.0,3.96,,20
PCBL,346.0,310.25,298.25,,,,False,1457941.35,0.589,3.537,,6014
PCCL,451.05,310.0,242.0,,,,False,29780.0,0.457,6.26,,549
PCJEWELLER,14.44,9.55,8.98,,,,False,347063005.8,1.517,5.557,,3390
PDMJEPAPER,108.99,86.0,81.5,,,,False,605653.65,0.606,3.444,,2588
PDSL,376.85,325.15,325.15,,,,False,124323.1,0.641,4.545,,2940
PEARLPOLY,16.86,14.91,14.91,16.86,14.91,20.0,False,10986.4,1.77,2.932,-4.211,6014
PENIND,182.5,152.0,149.0,,,,False,541771.2,0.913,4.872,,3902
PENINLAND,18.3,14.18,14.18,,,,False,129547.2,1.17,4.655,,6017
PENTAGON,100.1,49.6,49.15,,,,False,14750.0,0.475,10.158,,788
PERFECT,8.1,8.1,8.1,,,,True,0.0,,,,2663
PERMAGN,929.0,821.0,784.05,,,,False,6352.8,0.486,3.218,,21
PERNIASPOP,588.9,511.5,511.5,,,,False,1478408.38,0.124,2.203,,8
PERSISTENT,5910.0,5370.5,4705.0,,,,False,482495.2,0.854,3.168,,4067
PETRONET,300.6,278.25,267.35,,,,False,1830150.2,0.378,3.634,,5562
PFC,375.1,336.3,336.3,,,,False,8359540.95,0.727,5.159,,4830
PFIZER,5030.0,3955.5,3955.5,,,,False,68264.85,0.546,11.223,,6013
PFOCUS,333.6,277.5,233.79,,,,False,1128321.0,2.082,4.578,,4998
PFS,28.42,25.9,25.9,,,,False,461718.55,0.846,3.021,,3817
PGEL,613.7,513.0,513.0,,,,False,927212.85,0.829,7.054,,3696
PGHH,8352.0,7475.0,7475.0,,,,False,12037.2,0.7,6.41,,5983
PGHL,5919.5,5302.5,5302.5,,,,False,10447.35,1.298,4.98,,6011
PGIL,2495.0,1107.75,1107.75,,,,False,136102.3,3.231,8.607,,4833
PGINVIT,103.6,99.45,94.04,,,,False,1088577.9,1.064,4.456,,1323
PHANTOMFX,145.0,92.5,92.5,,,,False,39705.0,3.982,7.733,,962
PHOENIXLTD,1971.0,1820.2,1820.2,,,,False,364105.5,1.3,3.641,,4789
PHOENXINTL,35.64,27.5,27.5,,,,False,3452.95,0.515,3.677,,21
PICCADIL,723.0,572.0,572.0,,,,False,185201.25,0.962,8.032,,303
PIDILITIND,1687.7,1521.1,1521.1,,,,False,615094.9,0.932,5.074,,6014
PIGL,109.73,95.5,95.5,109.73,95.5,20.0,False,66703.05,1.125,2.8,-7.282,2067
PIIND,2536.5,2191.0,2191.0,,,,False,220005.7,0.73,6.092,,3766
PILANIINVS,4452.0,4021.3,4021.3,,,,False,2308.7,1.615,3.886,,3673
PILITA,8.4,7.48,7.48,8.4,7.48,20.0,False,74122.2,0.182,2.264,-7.262,5980
PINELABS,206.38,155.1,138.29,,,,False,40052175.1,2.808,4.938,,212
PIONEEREMB,22.9,20.01,20.01,,,,False,12794.85,1.081,3.188,,5022
PIONRINV,88.99,72.5,72.5,,,,False,1539.25,0.357,3.914,,104
PIRAMALFIN,2326.3999,2050.0,1970.5,,,,False,442158.3,0.918,4.184,,216
PITTIENG,1228.0,1037.4,900.0,,,,False,240500.2,0.568,3.695,,4841
PIXTRANS,1934.7,1709.9,1636.1,,,,False,15196.75,0.607,4.775,,1086
PKTEA,1169.0,700.0,605.0,,,,False,9441.9,0.538,4.956,,4005
PLADAINFO,11.9,9.1,9.05,,,,True,2550.0,2.353,19.6,,723
PLASTIBLEN,197.69,180.86,171.97,197.69,180.86,20.0,False,24307.45,0.511,2.436,-7.557,4867
PLATIND,239.5,205.0,205.0,,,,False,71065.65,0.374,3.759,,629
PLAZACABLE,66.0,48.25,40.55,,,,False,143216.15,0.706,4.513,,725
PML,515.0,475.0,451.55,515.0,475.0,20.0,False,177.25,1.016,2.382,-3.67,104
PNB,119.1,113.16,100.8,119.1,113.16,20.0,False,12094485.05,1.529,2.822,-1.931,6016
PNBGILTS,85.5,74.03,74.03,,,,False,419299.15,1.496,3.328,,6017
PNBHOUSING,1211.5,1125.4,1024.2,1211.5,1125.4,20.0,False,840336.35,1.176,2.862,-6.397,2441
PNC,19.69,15.72,15.72,,,,False,11644.3,0.26,3.243,,6011
PNCINFRA,214.0,116.4,116.4,,,,False,1549436.6,12.103,11.139,,2799
PNGJL,634.7,563.1,563.1,,,,False,526219.45,0.528,3.857,,500
PNGSREVA,589.0,481.7,391.85,,,,False,177230.15,0.754,3.77,,136
POCL,518.0,427.6,427.6,,,,False,401778.65,3.103,4.954,,3938
PODDARMENT,333.4,242.35,221.7,,,,False,25510.1,0.066,4.832,,2429
POEL,168.97,136.11,136.11,,,,False,29029.7,0.741,5.39,,21
POKARNA,991.5,740.0,740.0,,,,False,136197.2,0.518,7.242,,2523
POLICYBZR,1875.0,1710.1,1502.1,1875.0,1710.1,20.0,False,1005284.65,2.043,2.965,-2.555,1200
POLYCAB,9445.0,8072.0,8072.0,,,,False,408663.4,0.604,5.536,,1837
POLYMED,1858.0,1681.7,1605.6,1858.0,1681.7,20.0,False,155868.25,0.746,2.994,-8.256,3649
POLYPLEX,1215.3,1054.6,1011.1,,,,False,53312.55,1.086,5.134,,6014
POLYSIL,89.65,47.25,47.25,,,,False,104625.0,0.0,11.033,,637
POLYSPIN,33.88,27.53,27.53,,,,False,728.9,0.069,4.39,,21
PONNIERODE,455.0,343.1,301.1,,,,False,82727.7,0.281,5.771,,6011
POONAWALLA,506.0,428.1,428.1,,,,False,788650.05,0.861,7.242,,5540
POWERGRID,275.95,261.7,261.7,,,,False,8499692.15,0.839,3.482,,4676
POWERICA,583.45,490.65,490.65,,,,False,171349.6,0.659,3.882,,117
POWERINDIA,34975.0,29645.0,29645.0,,,,False,81489.5,1.148,6.394,,1605
POWERMECH,2600.1001,2270.1001,2270.1001,,,,False,54679.95,0.762,4.024,,2731
PPAP,277.85,222.0,222.0,,,,False,12386.6,0.87,5.216,,4606
PPL,295.8,254.0,250.1,,,,False,29004.0,0.81,4.028,,1797
PPLPHARMA,231.93,198.86,166.25,,,,False,4173479.05,0.71,4.693,,970
PRABHA,262.8,198.02,137.91,,,,False,1015544.95,0.173,4.293,,373
PRADPME,543.9,445.9,445.9,,,,False,5737.85,1.542,5.534,,104
PRAENG,26.68,18.54,18.54,,,,False,118280.3,0.25,4.651,,4861
PRAJIND,363.6,310.0,300.8,,,,False,746841.55,0.555,5.975,,6014
PRAKASH,133.9,115.01,115.01,,,,False,347618.8,1.03,5.479,,6014
PRAKASHSTL,4.06,3.48,3.48,4.06,3.48,20.0,False,138004.6,0.924,2.859,-7.882,3965
PRAMARA,126.0,82.5,82.5,,,,False,22425.0,0.713,6.233,,740
PRANAV,,,,,,,,,,,,2
PRASOLCHEM,,,,,,,,,,,,1
PRATHAM,130.55,115.1,111.0,,,,True,5520.0,1.884,4.905,,618
PRAVEG,281.0,252.2,221.15,281.0,252.2,20.0,False,69209.5,0.421,2.438,-9.609,104
PRAXIS,5.77,4.15,4.15,,,,False,166169.1,0.51,6.499,,2132
PRECAM,134.95,111.61,111.61,,,,False,128648.95,0.982,4.867,,2623
PRECISION,8.25,6.45,6.2,,,,False,16300.0,0.245,6.904,,1132
PRECOT,750.4,643.0,643.0,,,,False,4030.25,0.145,3.738,,5200
PRECWIRE,524.9,405.45,352.3,,,,False,1046575.15,0.418,4.548,,6014
PREMCO,409.95,370.05,360.0,,,,False,680.0,1.625,3.34,,104
PREMEXPLN,702.5,661.1,636.4,,,,False,207201.45,0.911,4.032,,2535
PREMIER,2.98,2.56,2.56,2.98,2.56,20.0,False,10063.9,0.79,2.227,-6.376,6179
PREMIERENE,1072.4,888.1,888.1,,,,False,1206255.4,3.146,7.291,,510
PREMIERPOL,98.8,79.0,60.41,,,,False,362720.8,0.717,3.972,,3475
PRESSTONIC,39.4,28.4,24.0,,,,False,46440.0,1.034,5.176,,679
PRESTIGE,1651.3,1409.1,1409.1,,,,False,462134.8,1.078,4.462,,3923
PRICOLLTD,823.0,721.0,597.0,,,,False,347593.2,0.84,4.079,,6015
PRIMESECU,296.45,272.0,268.65,296.45,272.0,20.0,False,28861.15,0.65,2.318,-4.284,6014
PRIMO,24.67,19.26,19.26,,,,False,227750.05,0.893,4.063,,351
PRINCEPIPE,303.0,251.8,251.5,,,,False,185669.55,0.557,5.904,,1667
PRIORITY,245.0,209.61,209.61,,,,False,454426.56,0.396,2.913,,9
PRISMX,0.63,0.47,0.47,,,,False,174926.0,0.449,4.392,,21
PRITI,35.95,31.0,31.0,,,,False,7119.85,1.547,3.556,,2023
PRITIKA,64.0,56.05,51.15,,,,True,6500.0,0.308,5.92,,930
PRITIKAUTO,18.18,14.23,14.23,,,,False,144709.15,1.04,5.707,,1264
PRIVISCL,3599.3,3303.3,3303.3,3599.3,3303.3,20.0,False,65252.4,0.95,2.838,-3.295,2809
PRIZOR,1248.85,832.0,800.9,,,,False,20680.0,0.271,15.854,,536
PRLIND,45.65,37.6,37.6,,,,False,56800.0,0.423,3.354,,579
PROLIFE,90.95,76.0,71.25,,,,False,625.0,0.0,18.2,,2347
PROPEQUITY,230.0,196.0,196.0,,,,False,2190.0,1.37,5.794,,1089
PROSTARM,143.95,124.03,119.24,,,,False,190603.15,1.061,3.484,,323
PROTEAN,572.9,483.55,483.55,,,,False,235045.25,1.097,5.416,,400
PROV,1940.0,1658.0,1540.0,,,,False,584.0,0.137,6.378,,810
PROZONER,53.75,41.03,40.69,,,,False,311155.35,1.069,4.375,,3456
PRSMJOHNSN,117.59,106.26,97.1,,,,False,2769068.3,0.191,4.925,,6011
PRUDENT,4105.5,3190.2,2762.0,,,,False,30783.85,0.474,4.567,,1072
PRUDMOULI,17.6,13.12,12.45,,,,False,19245.85,0.624,4.474,,676
PSB,23.87,22.09,22.09,,,,False,1027950.85,0.872,4.581,,3880
PSPPROJECT,943.15,796.75,796.75,,,,False,39185.75,0.968,5.578,,2301
PTC,159.35,150.25,150.25,,,,False,1568761.15,1.144,3.026,,5553
PTCIL,24125.0,19134.0,16922.0,,,,False,44777.55,0.573,4.946,,810
PTL,39.3,37.75,37.75,39.3,37.75,20.0,False,33172.8,0.762,2.134,-3.181,4846
PULZ,24.7,21.35,21.35,,,,False,9500.0,0.211,4.69,,2174
PUNJABCHEM,1196.9,1020.1,1020.1,,,,False,9310.35,0.629,5.47,,4817
PURVA,236.0,200.25,200.25,,,,False,1108217.65,0.332,4.319,,4699
PURVFLEXI,51.55,43.55,42.1,,,,False,14120.0,0.34,4.291,,626
PVP,71.9,39.46,26.42,,,,False,3253171.5,0.105,7.705,,7641
PVRINOX,1284.5,1125.7,970.0,,,,False,739630.0,0.617,3.357,,5109
PVSL,118.67,97.3,90.61,,,,False,31192.15,0.324,4.557,,619
PWL,137.7,112.39,112.39,,,,False,13743036.3,0.481,4.709,,210
PYRAMID,168.0,150.0,150.0,,,,False,48316.05,0.905,3.857,,754
QFIL,63.0,60.0,60.0,,,,True,100.0,0.0,14.0,,859
QMSMEDI,167.0,133.5,103.0,,,,False,32606.8,0.886,4.832,,973
QPOWER,1570.0,1267.3,1060.6,,,,False,313683.25,1.573,3.957,,389
QUADFUTURE,519.6,336.5,334.45,,,,False,2986446.5,0.378,6.969,,419
QUADPRO,3.0,2.4,2.3,,,,True,6000.0,0.0,14.0,,1216
QUESS,388.75,324.0,284.35,,,,False,836475.65,0.447,3.419,,2519
QUESTLAB,89.45,75.0,75.0,,,,False,24300.0,2.815,4.834,,576
QUICKHEAL,172.0,134.2,134.2,,,,False,211933.9,1.633,4.455,,2615
QUICKTOUCH,18.15,14.7,14.7,,,,False,5800.0,0.172,5.337,,834
QUINT,57.88,35.58,35.58,,,,True,17901.4,2.318,6.921,,103
QUINTEGRA,1.33,1.1,1.1,,,,False,4552.7,7.0,9.471,,6011
RACE,114.38,90.0,90.0,,,,False,17297.05,2.137,5.377,,832
RACLGEAR,1892.0,1381.7,1232.5,,,,False,129346.65,2.001,5.058,,442
RADAAN,3.16,2.56,2.56,,,,False,28371.9,0.329,3.043,,5837
RADHIKAJWE,97.5,65.19,56.5,,,,False,3852467.7,0.024,4.899,,1031
RADIANTCMS,45.25,33.99,33.56,,,,False,493009.75,1.318,5.197,,917
RADICO,4734.7002,4298.7998,4011.3,,,,False,220939.75,1.261,4.597,,5764
RADIOCITY,7.33,5.9,5.82,,,,False,80884.6,0.241,3.895,,2350
RADIOWALLA,31.75,24.0,24.0,,,,False,7120.0,0.674,7.978,,606
RAILTEL,291.75,248.0,248.0,,,,False,554322.1,0.88,7.661,,1376
RAIN,230.0,191.04,191.04,,,,False,4320562.15,1.029,4.208,,5987
RAINBOW,1487.6,1409.4,1405.5,1487.6,1409.4,20.0,False,82128.55,0.674,2.298,-2.044,1080
RAJESHEXPO,86.6,75.0,75.0,,,,False,122892.2,0.74,3.42,,6016
RAJMET,4.18,3.06,3.06,,,,False,683822.95,0.18,9.064,,1953
RAJOOENG,57.0,46.51,46.51,,,,False,227180.65,0.746,3.689,,327
RAJPALAYAM,843.0,735.6,735.6,,,,False,1588.65,1.854,4.538,,109
RAJRATAN,534.8,460.6,458.8,,,,False,93645.2,1.165,3.653,,1569
RAJRILTD,23.71,20.58,19.92,,,,False,19632.15,0.132,4.687,,4860
RAJSREESUG,42.0,30.51,29.0,,,,False,144608.0,0.524,5.708,,6011
RAJTV,10.79,7.7,7.7,,,,False,54826.25,0.96,5.862,,4814
RAJVIR,5.6,5.32,5.32,,,,False,55.7,0.018,,,5177
RALLIS,215.5,196.81,196.81,,,,False,679148.8,0.975,4.104,,6013
RAMANEWS,34.5,30.0,27.12,34.5,30.0,20.0,False,24112.9,0.55,2.707,-12.58,6014
RAMAPHO,129.7,113.86,113.86,,,,False,27975.95,1.671,4.355,,1017
RAMASTEEL,4.41,3.68,3.68,,,,False,1782102.0,1.528,6.51,,2733
RAMBHAJO,289.0,173.26,165.0,,,,False,2873351.8,0.116,5.63,,55
RAMCOCEM,944.0,849.2,849.2,,,,False,263172.45,1.029,4.436,,6013
RAMCOIND,360.05,305.8,305.8,,,,False,133038.35,0.94,5.394,,6014
RAMCOSYS,620.0,537.15,537.15,,,,False,121249.85,0.517,3.703,,5982
RAMKY,401.15,308.85,308.85,,,,False,44183.8,0.892,8.369,,3933
RAMRAT,602.45,471.5,400.75,,,,False,513223.3,0.209,4.182,,1022
RANASUG,16.45,13.86,11.52,,,,False,927187.5,0.354,4.46,,5326
RANEHOLDIN,1740.0,1538.1,1538.1,,,,False,16518.6,0.453,3.794,,6015
RATEGAIN,1009.0,833.25,833.25,,,,False,387847.9,0.363,5.442,,1176
RATNAMANI,2890.0,2278.6001,2154.6001,,,,False,160646.4,0.211,4.814,,5027
RATNAVEER,316.0,249.603,173.01,,,,False,5841316.3,2.035,3.947,,747
RAYMOND,1122.0,611.0,571.45,,,,False,5063673.45,2.501,7.341,,7709
RAYMONDLSL,740.5,628.25,628.25,,,,False,324853.9,0.5,3.245,,508
RAYMONDREL,615.0,501.05,501.05,,,,False,522373.45,0.976,4.138,,305
RBA,111.15,93.1,63.57,,,,False,3641228.45,0.685,5.042,,1427
RBLBANK,420.4,375.0,347.85,,,,False,3429048.9,0.76,4.891,,2485
RBMINFRA,334.95,221.0,221.0,,,,False,35110.0,0.934,5.616,,911
RBS,95.8,79.5,72.0,,,,False,8840.0,1.991,4.203,,596
RBZJEWEL,204.7,134.94,133.5,,,,False,1927507.6,0.044,4.861,,675
RCDL,22.0,13.75,13.75,,,,False,54192.6,0.775,6.715,,711
RCF,128.55,107.27,107.27,,,,False,2127087.8,0.487,7.653,,6014
RCOM,1.09,0.78,0.78,,,,False,3460713.35,1.016,9.234,,5981
RECLTD,338.6,308.5,308.5,,,,False,4710885.95,0.987,4.844,,4567
REDINGTON,403.25,335.6,255.7,,,,False,6840628.05,0.825,4.652,,4835
REDTAPE,132.75,113.1,113.1,,,,False,2056019.75,1.04,4.005,,768
REFEX,299.9,258.1,258.1,,,,False,223833.75,1.162,5.291,,4147
REFRACTORY,28.75,23.15,23.15,,,,False,12300.0,0.569,4.368,,583
REGAAL,103.0,77.71,75.0,,,,False,345996.65,0.35,6.667,,268
REGENCERAM,41.38,32.0,30.0,,,,False,5354.65,0.493,3.651,,6013
RELAXO,391.5,309.15,309.15,,,,False,175451.7,1.458,7.119,,3762
RELCHEMQ,129.5,108.6,108.6,,,,False,11656.55,3.636,3.156,,1070
RELIABLE,143.5,123.55,123.55,,,,False,45021.15,1.277,3.101,,2204
RELIANCE,1333.0,1235.3,1235.3,,,,False,10348718.5,0.969,4.683,,7709
RELIGARE,261.59,223.25,223.25,,,,False,1307288.95,0.339,4.543,,4642
RELINFRA,64.42,51.54,51.54,,,,False,263163.35,0.3,8.185,,7711
RELTD,171.34,143.41,143.41,,,,False,162003.4,0.358,4.064,,532
REMSONSIND,104.6,80.1,75.23,,,,False,136498.3,0.528,3.898,,6016
REMUS,987.5,854.0,705.0,,,,False,9090.0,0.715,4.111,,816
RENUKA,27.68,22.4,21.5,,,,False,31364742.5,0.392,4.611,,5154
REPCOHOME,372.0,340.65,340.65,,,,False,101289.05,0.683,3.238,,3324
REPL,68.0,56.55,56.55,,,,False,5433.45,1.338,3.461,,2011
REPRO,334.8,285.2,285.2,,,,False,22404.2,0.9,3.658,,5418
RESPONIND,176.8,142.98,142.98,,,,False,3124790.85,0.126,3.478,,3919
RETAIL,18.78,15.81,15.81,18.78,15.81,20.0,False,4104.4,0.85,2.266,-10.65,554
RGL,163.45,124.69,107.82,,,,False,3557848.5,0.165,4.302,,4628
RHETAN,28.9,19.1,19.1,,,,False,13724050.5,0.009,6.512,,243
RHFL,1.98,1.7,1.7,,,,False,583344.8,0.796,3.698,,2222
RHIM,387.55,360.5,360.5,,,,False,202168.1,0.609,3.354,,3584
RHL,179.8,164.2,164.2,179.8,164.2,20.0,False,3428.35,0.235,2.425,-3.648,842
RICOAUTO,136.25,123.48,123.48,136.25,123.48,20.0,False,866220.75,1.043,2.813,-7.626,6013
RIIL,814.0,681.0,681.0,,,,False,101927.6,0.38,7.685,,7708
RILINFRA,38.25,31.0,31.0,,,,False,15460.0,0.783,4.765,,1044
RIR,203.83,154.0,154.0,,,,False,974116.85,1.052,4.433,,45
RISHABH,852.0,657.05,597.0,,,,False,383015.15,0.97,4.798,,746
RITCO,331.15,280.1,252.0,,,,False,101723.2,0.79,3.844,,1096
RITES,223.17,202.92,202.92,,,,False,293135.85,0.962,5.301,,2029
RITEZONE,22.5,16.75,16.75,,,,False,2480.0,0.0,11.181,,948
RKDL,19.3,17.32,17.32,19.3,17.32,20.0,False,11126.8,1.58,2.918,-7.047,3881
RKEC,24.6,18.27,18.27,,,,False,45011.25,0.951,4.396,,2211
RKFORGE,767.25,659.1,550.05,,,,False,705161.75,0.72,4.155,,5534
RKSWAMY,100.22,86.83,86.83,,,,False,34072.75,0.947,3.906,,624
RMC,264.45,194.1,194.1,,,,False,51515.05,0.777,5.653,,117
RMDRIP,24.75,16.72,16.72,,,,False,532305.65,2.601,8.556,,2214
RML,1440.0,1072.0,1028.7,,,,False,206463.55,0.354,5.562,,5196
RNBDENIMS,11.93,7.72,7.72,,,,False,352125.45,0.384,6.683,,259
ROCKINGDCE,254.8,154.0,149.9,,,,False,10687.5,0.187,6.05,,690
ROHLTD,315.0,292.0,292.0,315.0,292.0,20.0,False,16395.85,0.786,2.669,-6.0,5086
ROLEXRINGS,189.4,160.74,134.55,,,,False,1576198.2,0.604,4.193,,1266
ROLLT,5.19,3.43,1.95,,,,True,705287.25,1.322,6.588,,2430
ROML,45.44,39.55,39.55,,,,False,3875.0,0.398,4.105,,4220
ROSSARI,528.6,428.3,428.3,,,,False,83477.5,0.692,8.321,,1528
ROSSELLIND,73.0,54.5,53.5,,,,False,201810.4,0.09,5.624,,3447
ROSSTECH,1420.0,1032.75,890.0,,,,True,384294.25,8.811,6.241,,441
ROTO,67.45,60.15,60.15,67.45,60.15,20.0,False,347900.35,0.768,2.747,-7.887,1093
ROUTE,534.4,471.3,471.3,,,,False,176653.2,1.604,4.975,,1486
ROXHITECH,55.9,43.7,33.95,,,,False,30400.0,0.947,7.378,,701
RPEL,1943.7,1500.0,1202.7,,,,False,153638.75,1.593,3.767,,525
RPGLIFE,2961.8999,2490.1001,2366.8,,,,False,16536.2,0.857,3.831,,5983
RPOWER,23.8,20.51,20.51,,,,False,19688471.05,0.96,5.794,,4588
RPPINFRA,65.39,53.0,53.0,,,,False,198002.0,0.497,3.69,,3895
RPPL,24.39,19.15,19.15,,,,False,43181.05,0.533,4.754,,1962
RPSGVENT,895.9,803.15,803.15,,,,False,28435.3,0.463,3.499,,1890
RPTECH,891.9,703.7,703.7,,,,False,575849.4,0.535,5.156,,644
RRECL,151.99,121.2,121.2,151.99,121.2,20.0,False,616.55,1.147,2.699,-10.803,21
RRIL,18.48,15.06,15.06,,,,False,28679.4,0.374,4.047,,104
RRKABEL,2983.8,2340.2,2175.0,,,,False,615211.35,0.743,6.064,,740
RSDFIN,116.79,86.96,65.6,,,,False,1913.15,0.027,4.603,,97
RSL,193.09,161.91,125.79,,,,False,490060.95,1.042,4.756,,126
RSSOFTWARE,33.94,27.29,27.29,,,,False,41884.9,0.657,4.396,,6013
RSWM,228.57,191.0,185.0,,,,False,47030.15,0.546,4.085,,6013
RSYSTEMS,260.0,235.37,224.75,260.0,235.37,20.0,False,181634.7,0.772,2.862,-7.408,5036
RTNINDIA,31.29,26.0,26.0,,,,False,1650062.4,1.619,6.066,,3488
RTNPOWER,8.13,6.95,6.95,,,,False,23666272.75,1.23,4.734,,4170
RTSPOWR,100.0,68.88,68.88,,,,False,2587.2,1.057,4.413,,21
RUBFILA,72.0,62.25,62.25,72.0,62.25,20.0,False,50002.35,1.41,2.943,-9.667,522
RUBICON,1899.0,1695.2,1320.0,1899.0,1695.2,20.0,False,288664.8,1.441,2.69,-6.967,228
RUBYMILLS,499.05,372.0,339.0,,,,False,26471.3,3.428,3.884,,6010
RUCHINFRA,6.63,5.16,5.16,,,,False,104417.35,0.703,4.252,,5969
RUCHIRA,113.97,100.12,99.91,,,,False,56694.65,0.415,3.987,,4870
RUDRA,22.97,19.55,16.01,,,,False,158796.05,0.375,3.616,,185
RULKA,115.0,100.15,93.05,,,,False,7665.0,0.235,3.284,,575
RUPA,160.0,130.0,130.0,,,,False,92950.6,1.261,9.337,,3649
RUSHIL,17.54,15.06,15.0,,,,False,309151.45,1.231,4.114,,3749
RUSTOMJEE,385.45,331.9,331.9,,,,False,73215.35,0.454,5.394,,944
RVHL,43.9,37.11,37.11,,,,False,11825.5,0.211,3.102,,1421
RVNL,231.38,195.15,195.15,,,,False,4415724.9,1.072,7.769,,1841
RVTH,799.0,613.5,613.5,,,,False,1710.75,0.499,4.9,,501
S&SPOWER,367.0,270.1,270.0,,,,False,6058.4,0.467,4.64,,1601
SAAKSHI,362.65,274.35,265.1,,,,True,23040.0,1.641,5.963,,728
SAATVIKGL,435.0,384.7,384.7,,,,False,167841.0,7.414,3.673,,244
SAB,192.6,165.0,165.0,,,,False,71.05,0.07,6.671,,19
SABAR,9.5,6.65,3.95,,,,True,19000.0,0.0,12.871,,984
SADBHAV,9.25,7.45,7.45,,,,False,306355.45,0.448,4.118,,5070
SADBHIN,2.92,2.42,2.17,,,,False,121018.9,1.344,4.321,,2716
SADHAV,121.0,105.0,105.0,121.0,105.0,20.0,False,19200.0,1.844,2.852,-11.074,627
SADHNANIQ,3.02,2.67,2.59,,,,False,1093235.7,0.753,7.101,,836
SAFARI,1556.8,1469.3,1469.3,1556.8,1469.3,20.0,False,32311.95,0.968,1.985,-2.332,1737
SAGARDEEP,26.99,22.85,22.85,,,,False,9283.15,0.13,4.564,,2270
SAGCEM,169.95,141.52,141.52,,,,False,59367.55,0.995,5.166,,4845
SAGILITY,47.49,41.97,40.07,,,,False,24699851.85,0.476,4.779,,461
SAHAJSOLAR,109.9,92.0,92.0,,,,False,15280.0,0.89,4.746,,538
SAHANA,954.95,775.15,741.6667,,,,False,26317.5,0.872,6.269,,805
SAHLIBHFI,91.95,66.6,66.6,,,,False,144885.75,0.125,4.287,,111
SAHYADRI,408.95,332.3,270.05,,,,False,21597.8,0.405,3.646,,852
SAICAPI,170.05,133.5,133.5,170.05,133.5,20.0,False,660.3,1.26,2.798,-6.592,21
SAIFL,5.15,4.3,4.3,,,,False,233600.0,0.959,4.175,,669
SAIL,200.96,170.5,158.01,,,,False,24543547.9,0.402,5.135,,7712
SAILIFE,1697.0,1420.3,1200.0,,,,False,862053.45,0.929,4.686,,437
SAIPARENT,578.95,471.25,471.25,,,,False,109893.85,0.928,6.26,,116
SAKAR,1211.0,856.3,785.6,,,,False,200117.6,0.822,5.12,,2351
SAKHTISUG,23.29,18.31,16.11,,,,False,457089.3,0.256,4.917,,6013
SAKSOFT,168.19,137.62,137.62,,,,False,261821.75,0.862,6.154,,5275
SAKUMA,1.9,1.44,1.44,,,,False,1056786.0,0.484,5.699,,5066
SALASAR,6.09,4.71,4.71,,,,False,6519488.0,0.818,4.979,,2264
SALONA,287.3,250.1,200.0,287.3,250.1,20.0,False,881.9,1.319,2.653,-8.11,3976
SALSTEEL,86.25,67.6,51.06,,,,False,635076.75,0.905,3.908,,5387
SALZERELEC,577.15,520.0,520.0,,,,False,45887.5,4.289,3.219,,2670
SAMBANDAM,161.9,106.25,106.25,,,,False,9369.0,0.043,10.705,,18
SAMBHAAV,6.9,5.51,5.51,,,,False,32905.35,0.396,3.271,,6013
SAMBHV,135.9,122.2,111.5,135.9,122.2,20.0,False,1759979.2,1.262,2.506,-5.519,302
SAMHI,172.5,148.92,148.92,,,,False,1583644.35,2.869,3.861,,740
SAMMAANCAP,161.0,139.96,139.96,,,,False,5491718.05,0.89,4.765,,3247
SAMPANN,27.75,23.56,23.56,,,,False,18612.65,0.388,3.473,,3486
SANATHAN,492.7,425.05,425.05,,,,False,106159.95,0.898,3.313,,429
SANDESH,1100.05,980.0,949.0,,,,False,1249.1,0.893,3.086,,6012
SANDHAR,704.9,577.0,575.0,,,,False,169629.15,1.85,6.573,,2095
SANDUMA,213.45,178.2,178.2,,,,False,553016.25,1.12,6.578,,750
SANGAMIND,609.5,550.5,541.0,,,,False,26482.2,0.354,3.359,,6012
SANGANI,57.0,49.55,42.2,,,,False,5850.0,0.0,3.597,,760
SANGHVIMOV,507.95,395.3,393.45,,,,False,312155.5,0.89,6.226,,4849
SANGINITA,68.31,45.97,45.97,,,,True,504438.1,0.091,10.125,,2351
SANOFI,3372.0,3069.3,3069.3,,,,False,18238.1,0.995,5.768,,6012
SANOFICONR,4345.7998,3971.0,3971.0,,,,False,4826.05,0.408,3.362,,500
SANSERA,4183.6001,3733.7,3100.8999,4183.6001,3733.7,20.0,False,166099.9,1.381,2.885,-5.077,1235
SANSTAR,114.9,104.9,103.15,114.9,104.9,20.0,False,196068.45,0.989,2.312,-1.819,535
SANWARIA,0.21,0.18,0.18,0.21,0.18,20.0,False,719249.65,1.147,2.0,-4.762,5054
SAPPHIRE,258.78,219.31,171.9,,,,False,993866.8,0.243,4.358,,1197
SAPPL,303.3,270.0,269.95,303.3,270.0,20.0,False,1285.9,0.447,1.912,-9.446,102
SARDAEN,555.0,489.5,487.9,,,,False,599788.5,0.465,4.322,,4147
SAREGAMA,523.8,475.0,443.35,523.8,475.0,20.0,False,428718.6,0.888,2.598,-7.111,6012
SARLAPOLY,105.0,93.5,93.5,,,,False,57459.5,1.367,3.153,,4851
SAROJA,41.95,32.8,28.0,,,,False,5200.0,0.308,8.031,,742
SARTELE,111.0,77.15,77.15,,,,False,97725.0,0.578,8.012,,706
SARVESHWAR,4.17,3.3,3.11,,,,False,2948946.5,0.582,4.366,,2102
SASKEN,1977.0,1650.1,1650.1,,,,False,20254.9,1.38,4.031,,5187
SATIA,70.5,56.4,53.0,,,,False,184188.45,0.55,4.698,,1775
SATIN,233.0,210.0,210.0,,,,False,204167.95,1.024,3.102,,2730
SATIPOLY,44.85,36.9,32.35,,,,False,1975.0,0.506,6.87,,536
SAURASHCEM,60.0,51.8,51.8,,,,False,85546.45,1.429,4.038,,633
SAYAJIHOTL,365.2,286.5,280.3,,,,False,384.8,0.27,3.576,,110
SAYAJIIND,124.0,106.5,106.5,,,,False,1419.05,0.739,4.868,,21
SBC,49.38,38.89,33.56,,,,False,8010748.15,1.14,7.524,,1196
SBCL,1215.7,957.1,701.8,,,,False,361894.35,1.463,3.804,,1297
SBFC,104.39,91.52,88.56,,,,False,2987789.05,0.205,3.685,,764
SBGLP,26.0,19.2,19.2,,,,False,52394.45,0.762,3.287,,888
SBICARD,675.0,612.6,579.9,,,,False,3344216.15,0.391,3.093,,1615
SBIFUNDS,579.0,525.3,525.3,,,,False,1433729.7,0.657,5.64,,42
SBILIFE,1801.7,1652.9,1652.9,,,,False,842739.8,0.991,4.46,,2217
SBIN,1062.3,968.0,968.0,,,,False,7192522.15,1.197,5.311,,7710
SCANSTL,66.45,53.27,39.47,,,,False,33836.85,1.181,4.504,,104
SCHAEFFLER,4202.6001,3818.1001,3818.1001,,,,False,46360.1,0.733,5.016,,6014
SCHAND,139.75,127.73,127.73,139.75,127.73,20.0,False,30842.4,1.339,2.695,-4.63,2315
SCHNEIDER,1271.7,1134.9,1134.9,,,,False,279839.6,1.087,3.031,,3579
SCI,303.7,262.8,260.2,,,,False,1920601.45,0.777,4.699,,6014
SCILAL,40.78,36.8,36.8,,,,False,171722.45,1.053,4.306,,619
SCML,86.75,74.0,74.0,,,,False,24600.0,0.081,4.468,,721
SCODATUBES,138.07,118.6,118.6,,,,False,187117.2,1.241,3.645,,323
SCPL,690.0,608.3,454.4,690.0,608.3,20.0,False,15292.75,0.349,2.832,-7.942,945
SDBL,77.5,66.1,64.1,,,,False,496910.6,0.954,4.683,,3076
SEAMECLTD,1849.0,1564.8,1323.6,,,,False,121258.3,0.701,4.409,,6011
SECMARK,179.5,123.3,120.0,,,,False,12634.65,0.772,3.865,,722
SECURKLOUD,19.28,15.6,15.6,,,,False,22186.25,2.613,4.025,,3117
SEDEMAC,3368.8999,2794.8,2560.0,,,,False,140960.85,1.985,4.513,,131
SEIL,215.6,178.4,178.4,,,,False,274765.55,1.372,5.792,,104
SEJALLTD,714.95,587.45,587.45,,,,False,11094.7,10.163,4.45,,4150
SEKURITIND,124.18,105.05,105.05,,,,False,25381.2,0.674,5.595,,21
SEL,369.0,290.0,186.0,,,,True,3560.0,0.955,6.333,,749
SELMC,31.89,26.5,26.0,,,,False,28614.4,0.218,3.167,,4705
SEMAC,303.95,261.05,261.05,,,,False,958.8,0.211,4.088,,5205
SENCO,377.75,325.65,325.65,,,,False,924848.4,0.512,5.023,,788
SENORES,1599.0,1355.6,1279.7,,,,False,206290.95,1.081,4.809,,430
SEPC,6.26,5.0,5.0,,,,False,17462067.4,0.379,6.891,,4580
SERVICE,73.0,60.0,52.0,,,,False,25000.0,0.16,3.987,,775
SERVOTECH,83.95,71.0,71.0,,,,False,346031.85,2.592,5.207,,2242
SESHAPAPER,255.0,225.1,215.05,,,,False,59920.4,0.587,3.518,,6012
SETCO,18.58,16.41,16.41,18.58,16.41,20.0,False,56197.9,0.627,2.141,-8.773,2523
SETL,468.15,293.0,255.0,,,,False,1294997.95,0.05,8.033,,418
SETUINFRA,0.7,0.42,0.39,,,,False,75249.75,0.118,10.051,,3688
SEYAIND,12.93,11.9,11.9,12.93,11.9,20.0,False,7676.25,0.831,2.612,-2.398,1776
SFL,707.0,627.8,627.8,,,,False,280337.65,0.566,3.68,,2418
SGFIN,715.0,600.0,584.15,,,,False,173015.55,1.311,5.662,,280
SGIL,628.5,545.0,526.0,,,,False,9766.65,0.536,3.861,,1272
SGL,10.95,9.4,9.4,10.95,9.4,20.0,False,7850.7,0.649,2.747,-11.963,5044
SGLRES,2.62,2.27,2.27,2.62,2.27,20.0,False,44271.9,0.321,1.984,-6.87,21
SGMART,860.6,678.1,596.4,,,,False,349191.3,2.002,4.926,,252
SGRL,722.0,490.0,490.0,,,,False,25844.3,0.556,4.95,,22
SHADOWFAX,268.65,234.0,195.31,,,,False,3715973.75,0.562,3.848,,161
SHAH,4.36,2.56,2.56,,,,False,11452313.5,0.072,7.221,,3918
SHAHALLOYS,116.85,74.01,64.5,,,,False,217409.9,0.078,5.179,,5246
SHAILY,3487.7,3040.0,2627.8999,,,,False,123434.15,1.051,4.025,,1105
SHAKTIPUMP,524.45,455.0,455.0,,,,False,1068648.35,0.666,4.773,,3676
SHALBY,158.4,131.81,131.81,,,,False,83869.25,2.919,5.661,,2165
SHALPAINTS,89.0,76.6,48.0,,,,False,138270.75,1.06,3.118,,4572
SHANKARA,152.0,140.52,127.25,,,,False,99402.15,0.433,5.448,,2337
SHANKESH,115.9,87.25,87.25,,,,False,14443606.71,0.375,3.92,,17
SHANTHALA,17.0,14.1,14.1,,,,False,1980.0,0.0,12.687,,709
SHANTI,7.57,5.9,5.83,,,,False,29431.35,0.587,3.142,,2252
SHANTIGEAR,743.0,385.4,384.0,,,,False,1126154.0,0.189,8.445,,6014
SHANTIGOLD,280.75,233.41,204.02,,,,False,2180802.0,0.506,4.019,,282
SHARDACROP,803.7,740.05,740.05,,,,False,153934.85,0.828,3.341,,2957
SHARDAMOTR,974.4,865.0,816.45,,,,False,56849.85,1.448,3.874,,2725
SHARDUL,56.4,51.06,26.0,,,,False,17685.65,1.986,3.317,,104
SHAREINDIA,212.33,167.2,165.0,,,,False,5600647.9,0.331,5.2,,1486
SHBAJRG,178.0,147.98,147.98,,,,False,2750.45,0.55,4.256,,103
SHEETAL,360.0,315.0,285.0,,,,True,8375.0,0.657,4.907,,684
SHEKHAWATI,21.3,14.61,11.37,,,,True,51814.85,3.459,6.207,,3868
SHEMAROO,137.0,114.55,113.45,,,,False,9164.05,0.615,4.662,,2950
SHERA,197.7,171.0,143.0,,,,False,62100.0,1.095,3.01,,880
SHERVANI,374.0,303.35,303.35,,,,False,592.9,0.056,3.868,,20
SHIGAN,80.4,60.2,58.0,,,,False,6075.0,0.247,6.222,,1104
SHILCTECH,4279.0,3846.1001,3784.8999,,,,False,17247.6,0.709,3.725,,206
SHILGRAVQ,179.7,143.0,143.0,,,,False,8800.9,0.092,3.725,,21
SHILPAMED,980.1,808.35,595.4,,,,False,1275071.55,0.931,3.765,,4148
SHINDL,175.0,156.2,144.0,,,,False,221814.95,0.58,3.428,,104
SHIPROCKET,156.9,120.31,120.31,,,,False,20317399.6,0.474,4.622,,21
SHIVAAGRO,45.0,36.5,36.5,45.0,36.5,20.0,False,4983.75,0.305,2.59,-11.356,21
SHIVACEM,17.14,15.0,15.0,17.14,15.0,20.0,False,56387.1,1.585,2.96,-9.568,22
SHIVALIK,411.8,254.0,211.15,,,,False,101744.15,2.844,5.888,,1184
SHIVAMAUTO,18.5,15.15,15.15,,,,False,45880.8,0.619,3.234,,4891
SHIVAMILLS,63.49,58.21,56.1,63.49,58.21,20.0,False,1334.2,0.284,1.743,-5.717,2113
SHIVATEX,192.3,160.1,142.0,192.3,160.1,20.0,False,12580.2,1.404,2.874,-7.592,6012
SHIVAUM,484.9,400.0,365.0,,,,False,67888.15,0.028,4.501,,1711
SHK,162.9,131.0,126.2,,,,False,317542.45,1.892,7.333,,2681
SHOPERSTOP,442.0,368.25,335.2,,,,False,164261.55,0.427,4.153,,5266
SHRADDHA,179.0,142.0,142.0,,,,False,7295.65,0.5,3.811,,21
SHRADHA,36.0,29.5,26.5,,,,False,21175.05,5.1,3.447,,2164
SHREDIGCEM,79.9,65.0,65.0,,,,False,123941.75,0.689,4.245,,1755
SHREECEM,25255.0,21665.0,21665.0,,,,False,23559.0,0.901,6.871,,6273
SHREEJISPG,721.5,609.85,503.0,,,,False,1142241.35,0.673,4.411,,266
SHREEKARNI,412.4,320.0,317.1,,,,False,10852.5,0.442,5.868,,620
SHREEOSFM,62.65,52.95,52.95,,,,False,5450.0,0.734,3.651,,676
SHREEPUSHK,545.2,381.9,368.1,,,,False,151654.05,0.816,5.813,,2722
SHREERAMA,49.91,40.64,37.62,,,,False,111503.1,0.482,3.214,,6608
SHREMINVIT,102.01,99.9,99.9,,,,False,112500.0,0.0,11.362,,1233
SHRENIK,0.31,0.27,0.27,0.31,0.27,20.0,False,435595.35,0.741,2.667,-6.452,2266
SHREYANIND,138.5,121.76,121.76,,,,False,7376.1,0.386,3.456,,6018
SHRIKRISH,42.87,33.85,33.85,42.87,33.85,20.0,False,759.45,0.03,2.992,-20.69,100
SHRINGARMS,233.5,205.17,205.17,,,,False,343700.1,0.673,4.747,,249
SHRIPISTON,4785.7998,4150.0,4088.0,,,,False,75314.35,0.833,4.573,,2540
SHRIRAMFIN,1142.0,972.6,972.6,,,,False,3862288.6,1.87,5.992,,6017
SHRIRAMPPS,80.5,69.25,69.25,,,,False,410528.65,0.886,4.976,,1176
SHRITECH,70.1,56.7,56.7,,,,False,3700.0,4.324,11.652,,768
SHRJAGP,723.75,590.05,590.05,,,,False,875.9,0.34,3.507,,21
SHUBHLAXMI,19.9,16.25,16.25,,,,False,1650.0,0.606,10.323,,1921
SHUKRAPHAR,58.2,42.6,40.06,,,,False,2453764.5,0.932,5.227,,24
SHYAMCENT,5.24,4.78,4.75,5.24,4.78,20.0,False,63405.0,0.345,2.051,-5.344,2751
SHYAMMETL,1111.0,982.8,916.1,,,,False,449952.65,0.347,3.77,,1297
SHYAMTEL,15.45,10.32,10.32,,,,False,14518.8,0.19,5.825,,6013
SICAGEN,59.9,51.67,46.55,,,,False,38256.95,0.353,3.54,,4818
SICALLOG,114.7,91.3,85.61,,,,False,37693.35,0.391,4.141,,6010
SIDDHIKA,235.0,202.4,202.4,,,,False,2925.0,0.171,5.16,,1319
SIEL,44.54,28.1,28.1,,,,False,3034.9,0.02,9.04,,21
SIEMENS,4149.3999,3682.3999,3426.0,,,,False,339609.1,0.39,5.173,,6926
SIGACHI,38.77,29.0,21.75,,,,False,5791433.1,0.915,4.362,,1200
SIGIND,74.99,66.0,43.2,74.99,66.0,20.0,False,25481.25,0.154,2.388,-9.401,3274
SIGMA,51.2,41.21,36.12,,,,False,169434.35,1.807,4.228,,1447
SIGMAADV,867.0,655.25,474.85,,,,False,320916.0,0.781,5.009,,4729
SIGNATURE,812.0,742.85,742.85,,,,False,207817.55,0.893,3.101,,734
SIGNORIA,166.0,157.7,129.45,,,,False,4500.0,0.0,6.021,,620
SIGNPOST,285.0,240.15,240.15,,,,False,305451.25,0.212,3.027,,641
SIKA,1111.0,962.5,962.5,1111.0,962.5,20.0,False,61898.15,1.002,2.971,-5.293,104
SIKKO,5.99,4.88,3.63,,,,False,535609.85,4.353,3.393,,2258
SIL,22.3,16.32,15.61,,,,False,95462.85,0.845,6.556,,6012
SILGO,76.9,67.3,66.55,,,,False,174376.05,0.23,3.066,,1948
SILINV,498.0,433.2,409.0,,,,False,2821.3,0.366,3.112,,6012
SILKFLEX,302.7,194.0,184.1,,,,False,43600.0,0.436,7.081,,581
SILVERTUC,197.9,143.97,143.97,,,,False,517889.55,0.715,6.195,,2174
SIMBHALS,9.3,6.9,6.47,,,,False,16472.0,0.363,13.884,,4991
SIMPLEXINF,282.59,233.05,223.85,,,,False,132156.3,1.249,3.721,,5573
SIMPLXREA,149.98,116.1,116.1,,,,False,107.65,0.019,5.267,,20
SINCLAIR,86.9,73.84,71.41,,,,False,41617.35,0.537,3.728,,605
SINDHUTRAD,25.95,22.8,22.8,,,,False,3040258.9,0.2,3.052,,803
SINGERIND,89.87,69.0,63.75,,,,False,122697.7,0.901,4.82,,122
SINTERCOM,90.0,73.3,73.3,,,,False,14979.1,0.194,3.169,,2120
SIRCA,455.0,399.8,385.0,,,,False,378529.45,0.596,5.326,,2043
SIS,441.0,410.2,410.2,441.0,410.2,20.0,False,337867.7,1.366,2.798,-5.692,2250
SITINET,0.3,0.27,0.27,0.3,0.27,20.0,False,690958.55,0.346,2.333,-6.667,4857
SIYSIL,652.0,508.35,508.35,,,,False,51033.4,0.822,8.695,,6067
SJLOGISTIC,366.7,310.25,292.5,,,,False,51700.0,0.537,5.482,,677
SJS,2582.8999,2241.7,2104.0,,,,False,124639.9,0.781,4.555,,1199
SJVN,68.33,63.2,63.2,,,,False,1797733.8,0.868,3.741,,4036
SKFINDIA,1683.2,1488.0,1425.5,,,,False,38968.25,1.588,6.201,,5984
SKFINDUS,3131.0,2655.8,2578.1001,,,,False,60044.7,0.854,4.079,,193
SKIL,0.91,0.78,0.78,,,,True,12897.0,8.517,9.1,,4598
SKIPPER,616.8,513.7,503.3,,,,False,1663114.6,0.398,4.112,,2797
SKMEGGPROD,277.3,224.1,224.1,,,,False,260422.6,0.951,5.11,,6012
SKP,175.0,145.0,145.0,,,,False,25975.0,1.405,4.391,,1020
SKYGOLD,868.8,733.0,592.85,,,,False,844110.1,0.835,3.65,,915
SKYWAYS,136.45,106.82,106.82,,,,False,10389363.08,0.18,3.542,,12
SLONE,196.0,140.0,115.25,,,,False,6600.0,0.727,6.892,,584
SMARTLINK,241.81,203.61,173.0,,,,False,7015.35,2.003,3.257,,6013
SMARTWORKS,567.9,500.5,450.4,,,,False,101543.05,0.686,4.499,,292
SMCGLOBAL,95.0,77.66,68.67,,,,False,2641141.5,0.363,4.848,,1376
SMLMAH,6654.0,5079.0,3766.0,,,,False,108658.5,0.767,4.913,,6014
SMLT,71.74,58.25,58.25,,,,False,6482.7,2.589,4.21,,1192
SMSPHARMA,482.0,349.25,349.25,,,,False,1164259.3,0.689,5.158,,4826
SMVD,17.05,15.3,11.55,,,,False,3636.0,1.111,28.824,,2145
SNOWMAN,38.5,34.15,34.15,,,,False,117570.15,1.092,3.899,,2965
SOBHA,1314.3,1173.1,1173.1,,,,False,75442.55,1.033,4.517,,4871
SOFTTECH,485.0,412.45,401.0,,,,True,4782.5,2.016,4.204,,2052
SOLARA,774.0,551.95,471.55,,,,False,946585.55,0.771,5.712,,2034
SOLARINDS,22700.0,18480.0,17028.0,,,,False,212395.05,2.472,5.669,,5050
SOLARWORLD,156.08,128.16,128.16,,,,False,259322.25,1.054,5.246,,241
SOLEX,848.6,651.2,651.2,,,,False,38170.25,0.53,6.264,,2125
SOMANYCERA,576.8,507.0,476.1,,,,False,152829.4,0.678,4.097,,6015
SOMATEX,97.38,76.76,76.76,,,,False,13369.35,0.273,4.186,,6011
SOMICONVEY,106.0,82.65,80.16,,,,False,62947.3,0.453,4.775,,2514
SONACOMS,844.0,767.0,658.7,,,,False,1519653.6,1.704,3.819,,1298
SONAL,94.0,82.5,82.5,,,,False,102.9,1.409,5.577,,78
SONAMAC,35.95,31.15,30.2,,,,False,4800.0,1.042,3.208,,620
SONAMLTD,80.32,60.74,52.2,,,,False,267004.05,0.138,3.766,,2030
SONATSOFTW,318.15,257.8,257.8,,,,False,1329750.05,1.588,5.082,,6014
SONUINFRA,53.05,33.3,33.3,,,,False,47400.0,3.228,9.685,,1063
SOTL,850.1,666.95,541.1,,,,False,1195788.65,0.179,4.031,,6013
SOUTHBANK,48.44,44.26,43.82,,,,False,8404497.25,1.071,3.586,,6939
SOUTHWEST,244.4,193.72,193.72,,,,False,307746.35,0.931,4.949,,2121
SPAL,1093.8,867.8,867.8,,,,False,112166.65,0.584,4.575,,2496
SPANDANA,254.3,222.35,222.35,,,,False,110764.55,1.372,5.441,,1755
SPARC,209.9,182.0,182.0,,,,False,863558.3,0.78,3.482,,5876
SPCENET,3.69,3.06,3.06,,,,False,896527.25,0.529,3.675,,3169
SPCL,67.5,58.95,58.95,,,,False,17310.0,1.386,3.868,,550
SPECIALITY,150.0,131.2,121.0,,,,False,33255.45,0.458,3.088,,3529
SPECTRUM,3173.6001,2050.0,1831.5,,,,False,12052.85,1.635,8.091,,1954
SPECTSTM,64.95,56.0,56.0,,,,False,2960.0,0.0,5.496,,797
SPELS,157.0,138.37,138.37,,,,False,37329.6,0.462,3.714,,21
SPENCERS,31.69,27.0,27.0,,,,False,46318.3,0.407,3.672,,1890
SPIC,73.3,65.1,63.8,,,,False,573666.8,0.803,4.559,,6013
SPLIL,35.3,28.55,28.55,,,,False,11497.85,0.61,3.798,,5217
SPLPETRO,843.8,688.05,678.35,,,,False,329310.6,0.532,5.215,,6014
SPMLINFRA,197.9,163.54,163.54,,,,False,195973.7,0.625,5.152,,6016
SPORTKING,239.4,196.22,168.04,,,,False,404664.55,0.624,4.26,,1006
SPRL,107.0,101.95,88.8,,,,False,1880.0,0.0,141.4,,1098
SRD,41.85,37.85,36.0,41.85,37.85,20.0,False,28983.05,1.562,2.923,-4.205,481
SREEL,400.0,239.0,203.73,,,,False,82196.0,0.13,7.331,,3136
SRF,2648.0,2444.5,2444.5,,,,False,197364.85,0.81,4.704,,6014
SRGHFL,278.0,126.4,126.4,,,,False,29155.4,12.011,9.58,,759
SRHHYPOLTD,542.25,466.0,466.0,,,,False,18603.55,0.926,3.861,,4780
SRIKPRIND,36.8,19.4,19.4,,,,False,46219.8,0.171,6.34,,21
SRIVASAVI,84.0,70.0,70.0,,,,False,10200.0,1.176,5.529,,868
SRM,498.4,406.35,406.35,,,,False,89014.8,1.029,5.049,,611
SRTL,41.0,35.87,35.87,,,,False,40754.2,0.368,3.272,,137
SSDL,72.7,55.0,51.53,,,,False,61434.25,0.187,5.035,,518
SSFL,329.3,215.65,215.65,,,,True,12600.0,1.667,7.651,,758
SSWL,384.15,287.85,235.07,,,,False,2493319.95,0.711,4.787,,5255
STALLION,235.0,201.6,178.2,,,,False,364331.5,0.778,3.266,,411
STANLEY,143.91,134.01,133.45,,,,False,83254.2,1.066,3.267,,554
STAR,1223.0,970.0,931.3,,,,False,623949.5,0.638,5.134,,6020
STARCEMENT,198.61,180.12,180.12,,,,False,374600.75,0.679,3.073,,2287
STARHEALTH,588.45,531.05,531.05,,,,False,336891.45,1.751,3.406,,1183
STARPAPER,172.5,142.21,136.0,,,,False,23417.1,0.436,3.518,,6014
STARTECK,290.0,230.0,230.0,,,,False,2864.2,0.007,5.34,,1084
STCINDIA,125.5,110.1,110.1,,,,False,36937.5,0.303,6.244,,5818
STEELCAS,364.0,292.2,292.2,,,,False,88446.7,3.29,4.808,,1195
STEELCITY,93.0,80.2,73.0,,,,False,25813.15,0.255,3.497,,2350
STEELXIND,12.9,10.25,10.06,,,,False,7572534.9,0.8,4.349,,2267
STEL,689.95,575.0,520.05,,,,False,5497.45,0.842,3.874,,3851
STERTOOLS,229.9,209.0,209.0,,,,False,11979.05,1.13,3.277,,5090
STLNETWORK,39.06,24.6,23.0,,,,True,4066797.2,3.774,8.439,,260
STLSTRINF,27.9,14.59,14.59,,,,True,10897.55,12.454,5.361,,21
STLTECH,912.0,601.0,492.25,,,,False,1700884.95,1.5,7.033,,6423
STOVEKRAFT,877.0,748.5,726.3,,,,False,167887.5,0.652,4.168,,1388
STUDDS,455.0,402.55,402.55,,,,False,39873.25,1.272,4.597,,216
STYL,414.0,345.0,334.25,,,,False,122715.9,0.871,3.814,,241
STYLAMIND,3763.8999,3169.8,2984.0,,,,False,36499.65,0.93,4.983,,1271
STYLEBAAZA,447.1,362.05,262.65,,,,False,1355709.9,0.526,5.858,,507
STYRENIX,2170.0,1964.4,1964.4,,,,False,38964.8,0.841,3.269,,5982
SUBEXLTD,21.85,15.26,11.5,,,,False,11089512.6,1.377,5.177,,5706
SUBROS,747.95,666.2,666.2,,,,False,33385.15,0.913,4.679,,5228
SUDARCOLOR,409.0,370.0,335.1,409.0,370.0,20.0,False,8094.3,0.334,2.975,-9.413,6014
SUDARSCHEM,1347.0,1125.0,906.0,,,,False,467936.85,0.355,4.422,,5319
SUDEEPPHRM,1378.0,1085.6,793.0,,,,False,274835.7,1.945,4.349,,201
SUKHJITS,165.67,155.15,153.7,165.67,155.15,20.0,False,25618.55,1.729,2.407,-3.893,955
SULA,150.5,132.06,132.06,,,,False,422530.45,7.497,4.425,,926
SUMEDHA,45.5,37.05,36.6,,,,False,3380.95,1.349,3.85,,21
SUMEETINDS,13.89,9.73,9.73,,,,False,2188376.75,0.762,8.745,,3891
SUMICHEM,556.7,446.75,446.75,,,,False,189252.65,0.969,8.14,,1648
SUMIT,57.0,47.7,43.32,,,,False,32885.95,0.904,3.519,,1969
SUMMITSEC,1465.0,1370.0,1370.0,1465.0,1370.0,20.0,False,3598.65,0.487,2.399,-5.003,4151
SUNCLAY,1350.0,1198.3,1184.6,,,,False,6461.95,2.116,3.253,,671
SUNDARAM,1.36,1.16,1.03,,,,False,455145.3,0.25,4.912,,4025
SUNDARMFIN,4864.7998,4466.0,4343.0,,,,False,42686.4,1.21,3.86,,6013
SUNDRMBRAK,862.95,681.0,681.0,,,,False,1315.15,0.531,6.763,,5983
SUNDRMFAST,1347.2,1187.1,927.6,,,,False,248720.4,2.145,3.647,,6014
SUNDROP,685.0,640.1,623.25,685.0,640.1,20.0,False,15091.85,0.531,2.83,-4.65,6012
SUNFLAG,365.5,325.0,323.3,,,,False,163159.1,1.309,3.459,,5174
SUNLOC,82.0,67.5,67.5,,,,False,607.65,0.036,5.429,,21
SUNPHARMA,1984.8,1828.0,1828.0,,,,False,1393628.05,0.983,4.927,,7712
SUNRAKSHAK,382.4,350.1,350.1,,,,False,8640.2,1.092,3.127,,21
SUNREST,45.0,35.0,32.6701,,,,False,9600.0,1.5,6.747,,697
SUNSHIEL,1284.8,1130.0,1130.0,1284.8,1130.0,20.0,False,2697.95,0.774,2.43,-5.526,21
SUNSHINE,524.95,326.25,326.25,,,,False,4323390.0,0.857,4.544,,17
SUNTECK,320.0,272.0,272.0,,,,False,164527.6,1.315,6.222,,4160
SUNTV,485.5,447.7,447.7,485.5,447.7,20.0,False,511710.85,0.591,2.877,-4.748,5039
SUPERHOUSE,189.0,162.1,150.7,189.0,162.1,20.0,False,11623.05,0.45,2.865,-11.386,2954
SUPERSPIN,7.68,5.93,5.0,,,,False,38289.9,0.499,5.147,,5486
SUPRAJIT,529.25,465.0,465.0,,,,False,86588.85,3.791,4.011,,5328
SUPREME,43.5,31.68,31.68,,,,False,38522.25,0.615,5.505,,401
SUPREMEENG,3.45,2.45,1.56,,,,True,467257.5,1.242,17.073,,1972
SUPREMEIND,3710.0,3270.0,3180.0,,,,False,179479.45,0.472,4.959,,6014
SUPREMEINF,92.25,79.35,74.72,,,,False,61013.6,0.49,3.131,,4665
SUPREMEPWR,247.0,195.9,180.0,,,,False,70600.0,1.013,5.249,,670
SUPRIYA,933.15,774.3,740.45,,,,False,271881.65,0.705,5.039,,1170
SUPTANERY,16.21,7.17,7.15,,,,False,370451.0,0.132,13.061,,21
SURAJEST,210.09,166.0,166.0,,,,False,161042.7,0.28,6.009,,677
SURAJLTD,216.85,192.0,192.0,,,,False,2592.1,0.019,3.154,,510
SURAKSHA,349.0,295.85,240.4,,,,False,109298.75,0.905,4.174,,443
SURANASOL,27.75,24.61,24.61,,,,False,37298.5,0.438,3.413,,5982
SURANAT&P,16.9,15.5,15.5,16.9,15.5,20.0,False,46159.6,0.638,2.32,-6.154,6014
SURANI,118.0,76.0,76.0,,,,False,6660.0,0.781,6.255,,6921
SURYALA,424.95,371.05,371.0,424.95,371.05,20.0,False,875.5,0.113,2.988,-8.966,104
SURYALAXMI,65.6,53.45,53.45,,,,False,6789.15,0.388,3.909,,6014
SURYAROSNI,225.29,206.72,206.72,,,,False,439149.85,0.697,3.445,,6013
SURYODAY,160.88,142.01,142.01,,,,False,349373.05,0.419,5.02,,1356
SUTLEJTEX,42.93,36.5,36.31,,,,False,36463.65,1.339,3.197,,5982
SUVEN,403.35,324.0,290.5,,,,False,898270.3,0.58,4.387,,5672
SUVIDHAA,2.75,1.77,1.77,,,,False,197047.95,0.772,3.843,,1353
SUYOG,805.05,639.0,639.0,,,,False,32256.1,0.534,5.586,,517
SUZLON,47.55,41.76,41.76,,,,False,38209057.6,1.702,5.257,,5162
SVGLOBAL,172.81,114.3,114.3,,,,False,17452.15,0.033,3.374,,21
SVLL,838.0,761.0,651.0,,,,False,2272.75,0.725,3.017,,2038
SVPGLOB,3.92,3.33,3.33,3.92,3.33,20.0,False,32365.0,0.801,2.888,-13.01,1281
SWANCORP,315.35,273.65,273.65,,,,False,3753032.25,0.318,3.729,,3532
SWANDEF,2742.0,2280.0,2125.0,,,,False,25913.8,0.681,3.4,,4180
SWARAJ,384.4,302.5,302.5,,,,False,116815.15,0.202,6.243,,1096
SWARAJENG,3699.0,3501.0,3501.0,3699.0,3501.0,20.0,False,7910.85,1.338,2.906,-4.709,6011
SWARNSAR,45.7,32.0,32.0,,,,False,33100.8,0.356,4.85,,21
SWASTIK,21.85,16.65,14.15,,,,False,4740.0,0.253,9.516,,971
SWELECTES,623.9,533.1,533.1,,,,False,26828.9,0.353,4.139,,5027
SWIGGY,293.0,261.35,242.51,,,,False,24353033.0,0.385,4.067,,460
SWISSMLTRY,18.5,13.87,13.11,,,,False,192810.4,0.493,5.186,,21
SWSOLAR,203.38,173.01,173.01,,,,False,813866.2,1.201,5.308,,1755
SYLVANPLY,58.7,49.0,48.2,,,,False,2800.0,2.143,6.376,,552
SYMBIOTEC,1193.7,934.2,934.2,,,,False,4549512.25,0.168,3.414,,12
SYMPHONY,653.0,562.1,562.1,,,,False,309609.45,0.186,4.713,,3766
SYNCOMF,22.59,15.4,12.79,,,,False,13772535.4,0.764,4.793,,950
SYNGENE,419.5,374.2,374.2,,,,False,514057.95,0.521,5.512,,2743
SYNOPTICS,63.8,44.65,44.65,,,,False,1320.0,0.455,12.92,,785
SYRMA,1660.0,1392.6,1257.0,,,,False,1533056.5,1.097,4.269,,1006
SYSTANGO,239.95,209.0,202.55,239.95,209.0,20.0,False,20760.0,1.291,2.897,-5.772,863
SYSTMTXC,72.53,55.21,55.21,,,,False,13130.0,0.796,7.676,,238
TAALTECH,5550.0,4180.7002,3734.1001,,,,False,11395.8,1.23,4.828,,104
TAC,485.9,403.0,384.0,,,,False,36770.0,1.12,4.405,,606
TAINWALCHM,238.9,205.0,192.26,,,,False,6087.75,0.41,4.827,,6012
TAJGVK,356.0,318.55,318.55,,,,False,69390.85,0.725,3.678,,5985
TAKE,23.37,12.52,12.52,,,,False,335547.15,3.277,13.072,,4702
TALBROAUTO,443.45,394.5,380.7,,,,False,235582.5,0.883,3.107,,4926
TAMBOLIIN,318.85,238.0,205.0,,,,False,12498.3,0.471,5.922,,104
TANAA,322.0,238.0,238.0,,,,False,14529.2,0.392,6.355,,21
TANLA,592.55,484.0,484.0,,,,False,488327.65,1.083,7.018,,4862
TAPIFRUIT,52.0,49.0,46.75,,,,False,487.5,0.0,13.548,,982
TARACHAND,49.99,46.32,46.01,49.99,46.32,20.0,False,49287.5,0.678,2.248,-6.521,2095
TARAPUR,16.06,12.1,12.1,,,,False,35216.8,0.782,4.213,,4034
TARC,136.49,116.57,115.1,,,,False,681919.8,0.641,3.686,,1422
TARIL,326.95,269.55,269.55,,,,False,1811686.5,0.536,7.031,,4619
TARMAT,67.0,49.06,47.3,,,,False,85875.3,0.179,4.923,,4737
TARSONS,353.9,287.1,278.0,,,,False,139596.6,0.769,4.854,,1192
TASTYBITE,10544.0,9603.0,8420.5,10544.0,9603.0,20.0,False,4096.2,0.595,2.685,-5.766,2346
TATACAP,378.0,342.1,335.65,,,,False,889083.65,1.371,4.891,,234
TATACHEM,788.0,600.0,600.0,,,,False,1834594.65,13.89,6.725,,7712
TATACOMM,1819.8,1640.2,1640.2,,,,False,246645.3,1.285,4.244,,6014
TATACONSUM,1074.7,986.0,986.0,,,,False,1073691.65,1.465,5.787,,7709
TATAELXSI,3777.6001,3355.1001,3353.8999,,,,False,176681.15,1.053,5.017,,6014
TATAINVEST,750.5,616.1,616.1,,,,False,2015229.45,2.41,5.701,,7712
TATAPOWER,379.9,347.0,347.0,,,,False,5186000.1,0.559,4.8,,7709
TATASTEEL,190.26,180.28,180.0,190.26,180.28,20.0,False,29725651.5,0.992,2.1,-3.816,7712
TATATECH,850.0,745.0,690.0,,,,False,996814.4,0.945,3.97,,695
TATVA,1750.0,1520.0,1183.2,,,,False,51538.55,2.115,3.282,,1274
TBI,91.0,58.0,58.0,,,,False,97800.0,1.233,5.388,,565
TBOTEK,1750.0,1600.0,1400.1,1750.0,1600.0,20.0,False,145282.1,0.585,2.718,-6.777,584
TBZ,583.05,248.0,203.28,,,,False,4218057.55,0.371,8.303,,3546
TCC,58.97,39.37,39.37,,,,False,7611966.2,0.23,4.113,,137
TCI,919.4,825.0,825.0,,,,False,18385.75,1.069,3.556,,6015
TCIEXP,569.95,480.0,480.0,,,,False,32147.05,0.661,4.982,,2412
TCIFINANCE,16.1,14.2,14.11,16.1,14.2,20.0,False,11210.4,1.336,2.42,-7.516,5780
TCL,147.45,98.0,98.0,,,,False,71560.0,0.827,6.455,,633
TCPLPACK,4290.7998,3655.0,2868.2,,,,False,8862.45,1.138,3.865,,2205
TCS,2399.3,2172.0,2016.0,,,,False,2490376.6,1.11,3.611,,5985
TDPOWERSYS,817.55,680.0,680.0,,,,False,2057304.75,2.071,3.609,,3708
TEAMGTY,249.5,223.22,210.0,249.5,223.22,20.0,False,2793.25,0.02,2.541,-2.798,6013
TEAMLEASE,1309.2,1213.1,1213.1,1309.2,1213.1,20.0,False,17425.25,0.304,2.515,-6.202,2618
TECHLABS,140.75,110.15,110.15,,,,False,16937.5,0.812,4.18,,670
TECHM,1649.0,1498.0,1399.0,,,,False,1874066.25,0.785,3.429,,4950
TECHNOCRAF,459.8,314.0,284.0,,,,False,1789704.15,0.796,6.929,,24
TECHNOE,1041.5,936.0,936.0,,,,False,136634.0,1.232,3.781,,4805
TECHNVISN,5550.0,4362.0,3222.8,,,,False,402.0,0.46,4.492,,102
TECILCHEM,11.55,8.0,8.0,,,,False,43820.05,0.173,4.307,,844
TEGA,1837.0,1534.6,1473.0,,,,False,328612.35,0.685,4.121,,1180
TEJASNET,622.8,495.5,488.05,,,,False,5651285.45,0.47,3.996,,2284
TEMBO,61.2,54.25,54.25,,,,False,1779180.25,0.544,3.224,,1988
TEMPSENS,634.85,517.25,517.25,,,,False,8199678.86,0.336,3.194,,14
TENNIND,578.9,497.8,497.8,,,,False,994808.4,0.4,5.904,,209
TERAI,140.0,103.0,103.0,140.0,103.0,20.0,False,388.3,1.192,2.944,-9.171,21
TERASOFT,355.65,230.0,230.0,,,,False,25773.15,0.855,7.563,,2403
TEXINFRA,121.8,106.31,103.5,,,,False,230226.25,0.752,3.799,,5441
TEXMOPIPES,64.5,43.8,42.0,,,,False,350613.0,0.899,5.365,,4081
TEXRAIL,123.9,103.55,102.1,,,,False,2571888.9,0.516,4.454,,5443
TFCILTD,147.65,127.1,74.5,,,,False,10016173.85,1.169,4.395,,6014
TFL,12.97,11.1,10.21,12.97,11.1,20.0,False,11951.85,0.532,2.317,-6.168,4825
TGBHOTELS,10.49,8.55,8.4,10.49,8.55,20.0,False,29512.05,0.605,2.632,-10.391,4772
TGL,18.75,14.1,14.1,,,,False,23120.0,0.026,8.087,,601
TGVSL,114.24,101.01,101.01,,,,False,172531.05,0.693,3.695,,21
THACKER,1107.0,950.0,950.0,,,,False,27.85,0.251,3.271,,96
THAKDEV,157.99,125.35,116.35,,,,False,250.9,0.096,4.693,,87
THANGAMAYL,5722.5,4783.5,4611.0,,,,False,90185.8,1.036,5.546,,4096
THEINVEST,100.8,91.89,91.89,100.8,91.89,20.0,False,5149.7,1.858,2.348,-5.625,2255
THEJO,2250.0,1995.0,1825.1,,,,False,10438.1,0.455,3.806,,2515
THELEELA,582.85,513.15,461.05,,,,False,603694.75,0.385,3.717,,324
THEMISMED,140.6,102.01,101.25,,,,False,504470.2,0.121,5.64,,4804
THERMAX,4066.0,3481.6001,3481.6001,,,,False,114063.55,2.155,5.682,,6016
THOMASCOOK,120.87,100.1,97.08,,,,False,2517162.45,0.26,5.474,,6014
THOMASCOTT,295.3,221.8,221.8,,,,False,50399.75,1.904,5.837,,3611
THYROCARE,620.0,532.75,505.5,,,,False,315570.4,0.834,5.299,,2564
TI,594.55,500.65,425.3,,,,False,575020.4,0.988,4.823,,3995
TICL,10.15,6.42,6.42,,,,False,86922.7,0.939,8.464,,4581
TIGERLOGS,32.45,26.52,25.03,,,,False,182195.8,0.405,4.444,,249
TIIL,3565.3,2988.3999,2436.7,,,,False,41826.85,0.902,4.295,,4835
TIINDIA,2967.6001,2482.0,2482.0,,,,False,184307.35,1.02,7.566,,2196
TIJARIA,9.8,5.3,4.09,,,,False,209958.9,0.181,6.195,,3681
TIL,258.55,226.65,202.24,,,,False,104132.85,0.838,3.272,,6013
TIMESCAN,40.95,37.3,37.3,,,,False,2700.0,0.0,34.067,,1146
TIMETECHNO,195.3,172.05,172.05,,,,False,2378263.55,0.753,4.842,,4756
TIMEX,687.8,560.1,515.0,,,,False,384215.45,0.757,4.32,,104
TIMKEN,3321.0,3069.5,3035.1001,3321.0,3069.5,20.0,False,35261.35,1.144,2.732,-2.481,5986
TINNARUBR,1111.0,940.0,888.0,,,,False,52083.65,1.142,3.528,,354
TIPSFILMS,375.9,312.35,308.0,,,,False,4486.1,0.361,6.385,,976
TIPSMUSIC,674.4,628.2,611.85,674.4,628.2,20.0,False,198484.25,1.084,2.701,-2.943,6014
TIRUMALCHM,166.39,144.44,143.5,,,,False,616217.5,0.46,4.189,,6014
TIRUPATI,355.0,295.0,295.0,,,,False,287.5,0.0,11.2,,2208
TIRUPATIFL,74.0,63.76,62.54,,,,False,193676.9,1.285,3.168,,2207
TITAGARH,904.8,789.45,789.45,,,,False,651911.25,1.211,3.694,,4542
TITAN,5186.7002,4845.0,4524.3999,,,,False,471298.1,0.798,4.591,,7712
TMB,954.2,840.1,756.0,,,,False,171964.05,1.52,4.171,,992
TMCV,487.8,416.0,398.0,,,,False,6765887.8,0.752,5.571,,214
TMPV,324.55,296.5,296.5,,,,False,8108242.35,1.513,4.147,,9015
TNPETRO,146.99,108.3,93.0,,,,False,3307984.7,0.287,4.158,,6014
TNPL,166.0,138.2,136.01,,,,False,416296.4,0.526,4.638,,5982
TNTELE,9.8,8.4,8.3,,,,False,17913.15,0.3,4.016,,6923
TOKYOPLAST,80.29,72.22,72.22,80.29,72.22,20.0,False,1480.0,1.507,2.245,-4.845,6012
TOLINS,98.49,85.15,85.15,,,,False,35852.75,1.704,5.493,,500
TORNTPHARM,5066.0,4755.5,4695.1001,,,,False,278485.85,2.326,3.078,,6017
TORNTPOWER,1327.4,1199.0,1199.0,,,,False,458420.1,0.849,3.632,,4888
TOTAL,79.0,66.01,45.0,,,,False,15464.0,0.154,3.079,,2250
TOUCHWOOD,64.99,57.6,57.6,,,,False,1029.55,0.337,3.153,,2160
TOYAMSL,0.71,0.6,0.6,,,,True,672429.8,5.036,4.053,,21
TPHQ,0.72,0.49,0.4,,,,False,3232881.1,0.227,8.944,,5862
TPLPLASTEH,84.5,63.42,63.42,,,,False,151051.65,0.974,7.175,,2803
TRACXN,33.04,27.6,27.6,,,,False,230796.55,0.378,4.929,,969
TRANSCOR,27.0,21.0,21.0,,,,False,3490.4,0.677,3.641,,21
TRANSPEK,1475.0,1115.0,952.3,,,,False,5062.9,0.202,5.418,,104
TRANSRAILL,478.8,400.65,400.65,,,,False,410987.1,1.206,6.857,,431
TRANSTEEL,96.0,71.15,71.15,,,,False,232750.0,0.55,5.15,,706
TRANSWORLD,190.96,151.0,151.0,,,,False,7820.75,0.218,11.785,,6013
TRAVELFOOD,1416.5,1190.1,1190.1,,,,False,62110.4,0.466,5.023,,295
TREEHOUSE,6.99,5.6,5.52,,,,False,20880.85,1.019,3.169,,3713
TREJHARA,173.0,133.55,128.4,,,,False,18978.55,0.568,5.453,,1908
TREL,27.99,25.15,23.37,27.99,25.15,20.0,False,117650.15,1.157,2.061,-3.43,766
TRENT,2978.0,2723.8999,2723.8999,,,,False,580983.15,1.067,4.657,,6014
TRF,238.0,210.0,210.0,,,,False,10461.8,1.295,3.722,,4125
TRIDENT,24.95,22.8,22.8,,,,False,2224990.85,1.519,6.118,,6014
TRIDHYA,8.6,6.65,6.65,,,,False,4800.0,1.25,9.927,,785
TRIGYN,64.82,50.82,49.61,,,,False,63870.5,0.68,4.117,,6013
TRITONV,1219.3,1020.0,1020.0,,,,False,3354.0,0.631,4.479,,21
TRITURBINE,604.05,532.1,532.1,,,,False,562248.5,0.783,3.875,,3674
TRIVENI,314.9,235.7,220.05,,,,False,1253856.25,1.445,7.237,,5125
TRU,4.59,3.9,3.9,4.59,3.9,20.0,False,137232.75,0.713,2.768,-12.636,1080
TRUALT,479.45,400.0,400.0,,,,False,160340.25,2.834,5.719,,238
TRUST,36.75,23.8,23.8,,,,False,30690.0,0.352,4.097,,607
TSFINV,449.5,397.2,397.2,,,,False,62500.3,1.076,4.195,,2097
TTKHLTCARE,1247.0,1059.0,880.6,,,,False,54501.45,0.339,3.22,,4123
TTKPRESTIG,614.7,527.45,527.45,,,,False,62904.4,0.963,5.341,,6016
TTL,7.25,6.1,5.5,7.25,6.1,20.0,False,353765.45,0.127,2.8,-11.31,4829
TTML,40.5,34.62,34.62,,,,False,3936410.95,0.477,5.081,,6454
TUNWAL,26.85,24.3,24.3,,,,False,48900.0,0.777,3.699,,535
TURTLEMINT,160.0,125.2,110.41,,,,False,1146323.4,0.332,4.77,,57
TUTIALKA,62.9,52.0,52.0,,,,False,15077.85,0.634,3.196,,21
TVSELECT,453.15,387.6,387.6,,,,False,23865.75,1.004,4.601,,6013
TVSHLTD,14170.0,12376.0,12376.0,,,,False,5721.5,1.112,4.535,,5981
TVSMOTOR,4484.5,4002.0,3549.8999,,,,False,834820.4,0.526,4.258,,6515
TVSSCS,141.0,120.9,120.4,,,,False,3245562.7,0.168,4.513,,760
TVSSRICHAK,5760.0,4627.0,3850.0,,,,False,34540.9,0.585,5.17,,4836
TVTODAY,118.94,102.48,102.48,,,,False,32302.3,1.108,4.781,,5610
TVVISION,4.12,2.5,2.5,,,,False,66346.35,2.676,7.636,,2472
UBL,1386.8,1225.2,1225.2,,,,False,132893.25,0.556,5.473,,4475
UCAL,163.8,130.67,109.35,,,,False,23602.75,0.396,4.472,,6924
UCL,260.0,239.95,172.5,,,,False,4900.0,0.0,18.902,,1993
UCOBANK,26.44,23.58,23.58,,,,False,4053254.5,1.074,6.246,,5682
UDAYJEW,180.89,115.04,115.04,,,,False,79188.6,0.156,5.288,,21
UDS,240.3,187.16,182.37,,,,False,467874.75,0.413,5.115,,731
UEL,245.8,157.1,117.51,,,,False,22335.85,0.832,7.978,,3678
UFBL,850.0,650.0,623.1,,,,False,58599.0,0.542,4.764,,1348
UFLEX,723.5,603.55,428.5,,,,False,360116.0,0.654,3.993,,6013
UFO,69.6,59.5,59.5,,,,False,34755.7,0.823,4.461,,2805
UGARSUGAR,62.1,48.49,38.72,,,,False,1538528.55,0.608,3.41,,3969
UGROCAP,91.85,81.27,81.27,,,,False,214525.6,1.068,4.559,,1263
UJJIVANSFB,73.94,61.4,59.22,,,,False,14491985.15,0.587,5.217,,1678
ULTRACEMCO,11820.0,10639.0,10639.0,,,,False,244100.6,0.97,6.14,,5984
ULTRAMAR,448.65,390.3,365.0,,,,False,95940.05,0.471,3.324,,104
UMA,19.95,14.6,14.4,,,,False,12800.0,0.0,7.202,,917
UMAEXPORTS,27.25,20.83,19.01,,,,False,31912.25,0.085,11.703,,1099
UMESLTD,6.39,4.08,4.08,,,,False,71960.5,5.047,5.085,,4614
UNICHEMLAB,591.25,497.8,477.7,,,,False,156864.95,0.417,3.354,,6016
UNIDT,241.99,202.98,202.98,241.99,202.98,20.0,False,18223.15,1.94,2.889,-9.595,1479
UNIECOM,91.5,79.65,79.65,,,,False,257017.0,0.705,4.016,,524
UNIENTER,98.98,88.05,88.05,,,,False,5241.65,0.432,3.321,,6012
UNIHEALTH,770.0,661.0,650.0,,,,False,11700.0,0.855,4.327,,735
UNIINFO,11.85,10.39,10.39,11.85,10.39,20.0,False,3100.25,0.047,2.555,-3.291,2102
UNIMECH,1652.8,1421.2,1152.3,,,,False,233474.95,1.969,3.337,,428
UNIONBANK,192.33,174.74,154.45,,,,False,7969938.4,1.203,4.182,,5955
UNIPARTS,915.95,800.05,641.05,,,,False,185495.75,1.417,3.291,,933
UNITDSPR,1563.4,1368.1,1351.0,,,,False,558711.3,0.422,6.571,,6014
UNITECH,4.55,3.67,3.67,,,,True,6929958.1,2.054,4.066,,6017
UNITEDPOLY,45.05,33.45,27.55,,,,False,138163.9,1.041,5.18,,2348
UNITEDTEA,474.9,415.1,415.1,,,,False,3456.0,0.325,5.179,,4121
UNIVAFOODS,9.48,8.59,8.57,,,,True,492.35,4.47,27.689,,5174
UNIVASTU,178.98,138.11,90.01,,,,False,91441.55,0.512,5.105,,2032
UNIVCABLES,1748.6,1338.4,1077.0,,,,False,151681.45,0.865,5.079,,6014
UNIVPHOTO,595.05,438.0,337.15,,,,True,3239.3,6.01,6.235,,1632
UNOMINDA,1307.5,1159.7,1101.1,,,,False,614914.2,0.597,5.151,,4844
UPHOT,1550.0,1320.0,1320.0,,,,False,102.55,0.273,4.664,,21
UPL,591.0,550.6,550.6,,,,False,2005317.6,1.518,3.954,,6015
URAVIDEF,127.0,101.0,101.0,,,,False,5771.75,0.232,6.303,,2082
URBAN,152.0,115.0,115.0,,,,False,24000.0,0.2,5.624,,797
URBANCO,183.97,145.0,126.8,,,,False,14038744.85,0.764,5.114,,251
URJA,9.69,8.72,8.72,,,,False,570816.35,1.04,4.367,,2344
USASEEDS,99.4,84.4,76.5,,,,False,1112.8,0.0,3.767,,1012
USHAMART,529.3,464.15,464.15,,,,False,849246.95,1.242,5.049,,6146
USK,22.5,20.11,20.11,22.5,20.11,20.0,False,16429.9,0.808,2.633,-9.733,854
UTIAMC,923.0,866.0,866.0,,,,False,114522.5,0.977,3.674,,1471
UTKARSHBNK,16.49,13.76,13.76,,,,False,17514033.8,0.791,3.865,,783
UTLSOLAR,494.25,400.5,350.65,,,,False,284460.45,1.4,4.837,,208
UTTAMSUGAR,359.3,244.1,219.42,,,,False,512804.0,0.475,7.832,,5047
UWCSL,123.0,100.8,91.55,,,,False,500.0,0.0,13.722,,1937
UYFINCORP,21.1,18.87,15.3,21.1,18.87,20.0,False,91766.8,1.714,2.476,-8.531,485
V2RETAIL,226.3,204.71,204.71,,,,False,1052734.35,1.448,3.731,,4740
VADILALIND,8020.0,6745.0,6195.0,,,,False,20531.2,0.646,4.602,,3763
VADILENT,12598.0,9401.0,9401.0,,,,False,48.85,0.205,4.699,,20
VAIBHAVGBL,232.5,204.05,204.05,,,,False,216752.9,0.907,4.854,,5553
VAISHALI,9.42,7.75,6.96,,,,False,138832.85,1.029,3.326,,2241
VAKRANGEE,6.08,5.13,5.13,,,,False,1050737.2,1.226,5.175,,5050
VALIANTLAB,129.9,88.4,58.08,,,,False,227988.6,0.489,6.387,,730
VALIANTORG,414.0,284.45,259.05,,,,False,58826.8,0.992,6.532,,1474
VAML,467.6,401.15,401.15,,,,False,6633619.1,0.817,5.556,,68
VARDHACRLC,45.6,41.4,41.4,,,,False,32848.15,1.621,3.185,,5688
VARDMNPOLY,6.4,5.68,5.68,,,,False,154325.05,0.496,3.804,,5981
VARROC,896.0,795.6,629.55,896.0,795.6,20.0,False,367255.95,1.193,2.629,-5.006,2025
VASA,4.25,3.55,3.55,,,,False,1000.0,0.0,14.0,,2123
VASCONEQ,32.51,28.25,28.25,,,,False,250109.4,1.035,4.016,,4099
VASUPRADA,111.38,94.0,94.0,,,,False,124.4,0.032,9.748,,22
VASWANI,50.5,43.35,43.35,,,,False,26672.7,0.748,3.223,,3674
VBL,447.9,396.2,396.2,,,,False,7074057.3,0.493,5.754,,2441
VCL,2.45,1.44,0.97,,,,False,1307191.35,0.36,9.752,,1094
VEDAVAAG,25.69,16.98,16.98,,,,False,104240.95,0.597,4.891,,21
VEDL,291.0,252.5,249.7,,,,False,10529862.05,0.55,5.379,,7712
VEDPOWER,38.35,30.78,30.78,,,,False,12385765.6,1.088,8.465,,68
VEEDOL,1563.0,1361.0,1361.0,,,,False,8669.9,0.673,6.722,,4854
VEEKAYEM,114.5,89.95,89.95,,,,False,5350.0,0.561,3.662,,1004
VELJAN,1950.0,1750.3,1573.0,1950.0,1750.3,20.0,False,654.15,3.256,2.706,-2.431,104
VENKEYS,1814.9,1499.1,1399.1,,,,False,137129.8,0.655,4.68,,6013
VENTIVE,610.0,554.85,554.85,,,,False,35756.85,0.815,3.177,,429
VENUSPIPES,2044.4,1538.0,1527.1,,,,False,212260.9,1.03,5.531,,1071
VENUSREM,1841.9,1475.0,1446.9,,,,False,26118.0,1.482,4.335,,4869
VERANDA,265.85,211.2,211.2,,,,False,796561.5,0.198,6.17,,1099
VERITAAS,33.3,26.4,26.4,,,,False,1500.0,3.2,8.625,,579
VERTEXPLUS,69.35,48.0,42.35,,,,True,5010.0,0.359,10.889,,865
VERTOZ,42.3,34.81,34.0,,,,False,56987.65,0.505,3.339,,2178
VESUVIUS,449.5,391.6,391.6,,,,False,78074.85,1.43,5.749,,6013
VETO,132.0,121.06,116.55,132.0,121.06,20.0,False,31031.4,0.705,2.696,-3.076,2816
VGCL,62.95,48.15,48.15,,,,False,8028.2,0.194,3.879,,21
VGL,71.0,51.35,51.35,,,,False,204852.45,4.395,4.519,,4893
VGUARD,349.3,316.05,288.8,,,,False,505907.6,0.875,3.781,,4565
VHL,3696.0,3342.1001,3301.0,3696.0,3342.1001,20.0,False,697.95,0.47,2.837,-8.095,6013
VHLTD,127.6663,114.55,112.9802,,,,False,54880.8,1.308,3.041,,4705
VIAZ,76.5,67.0,57.8,,,,True,4100.0,0.0,3.614,,874
VIDHIING,365.0,307.4,290.6,,,,False,46649.95,0.85,4.082,,2604
VIDYAWIRES,94.57,82.0,82.0,,,,False,911743.45,1.102,3.821,,194
VIJAYA,1578.0,1380.0,1291.0,,,,False,136823.5,1.151,3.945,,1241
VIJIFIN,17.24,13.13,7.36,,,,False,157245.75,1.703,12.321,,2518
VIJSOLX,719.9,610.0,610.0,,,,False,494.85,0.224,4.105,,21
VIKASECO,1.16,1.03,1.03,,,,False,2080823.8,0.831,4.233,,3646
VIKASLIFE,1.38,1.18,1.18,,,,False,2622052.35,0.829,4.375,,1825
VIKRAMSOLR,178.15,161.0,155.38,,,,False,2027455.35,1.091,4.044,,266
VIKRAN,63.54,53.85,53.85,,,,False,1148738.1,0.807,5.416,,260
VILAS,373.9,325.0,325.0,,,,False,28725.0,1.662,4.386,,570
VILINBIO,60.95,41.1,38.6,,,,False,30800.0,0.13,9.008,,792
VIMTALABS,672.0,580.0,526.75,,,,False,285526.7,1.004,3.764,,5123
VINATIORGA,1368.0,1242.8,1242.8,,,,False,43373.05,0.889,3.953,,4234
VINCOFE,189.4,150.0,143.4,,,,False,3531539.05,0.549,4.764,,478
VINDHYATEL,2952.6001,2325.6001,1752.0,,,,False,94827.7,0.751,4.384,,6014
VINEETLAB,40.0,34.41,31.5,40.0,34.41,20.0,False,99102.35,0.833,2.913,-10.275,1303
VINNY,1.08,0.95,0.95,,,,False,261982.35,0.912,4.333,,1949
VINSYS,610.9,570.85,466.0,,,,False,5712.5,1.707,5.013,,762
VINYAS,1730.0,1312.05,1200.0,,,,False,21410.0,0.402,5.125,,725
VINYLINDIA,241.9,213.28,213.28,,,,False,6028.15,0.68,4.354,,4614
VIPCLOTHNG,22.43,19.55,19.55,22.43,19.55,20.0,False,67895.6,0.211,2.897,-8.605,4716
VIPIND,325.45,286.5,286.5,,,,False,387582.1,0.68,4.439,,6013
VIPULLTD,16.39,12.47,10.9,,,,False,91014.9,0.191,14.713,,4123
VIRAT,494.4,320.0,268.05,,,,False,16603.5,0.379,4.963,,21
VIRINCHI,16.0,13.6,13.6,,,,False,74442.4,0.906,3.14,,838
VIRTUALG,0.6,0.42,0.42,,,,False,679426.0,0.546,5.727,,20
VISACHROME,42.49,31.86,31.86,,,,False,245357.15,0.285,4.314,,5060
VISAKAIND,97.9,85.11,77.06,,,,False,201799.05,0.715,3.671,,6013
VISAMAN,107.6,45.25,45.25,,,,False,27650.0,0.217,16.819,,551
VISHAL,21.94,17.35,17.35,,,,False,193480.65,0.125,3.899,,1105
VISHNU,744.0,620.1,580.3,,,,False,167663.9,0.67,4.326,,2851
VISHNUINFR,162.8,145.05,145.05,162.8,145.05,20.0,False,11950.0,1.381,2.955,-8.108,724
VISHWARAJ,7.09,5.21,5.06,,,,False,1277468.75,0.176,6.613,,1716
VISHWAS,44.2,36.25,36.25,,,,False,2160.0,1.481,13.741,,613
VISL,40.38,30.28,29.25,,,,False,24494077.15,0.634,6.769,,68
VITAL,59.0,48.1,45.9,,,,False,13758.95,0.041,3.36,,950
VIVIANA,830.0,685.0,661.0,,,,False,20727.85,1.572,3.459,,988
VIVIDHA,0.59,0.45,0.45,,,,False,214663.95,0.248,4.356,,3290
VIVIMEDLAB,7.21,5.4,4.75,,,,False,84565.15,0.06,11.414,,5202
VIVO,164.0,146.1,77.35,,,,False,1600.0,0.0,14.785,,1154
VIVOBIOT,20.44,16.0,16.0,,,,False,21944.15,0.328,3.61,,21
VIYASH,280.0,236.85,236.85,,,,False,9583758.3,0.665,5.958,,2602
VLEGOV,11.8,9.22,9.22,,,,False,97516.25,0.616,3.935,,765
VLSFINANCE,255.1,231.95,231.95,,,,False,11107.5,0.707,3.91,,6015
VMARCIND,406.0,302.0,248.0,,,,False,350550.0,0.638,4.322,,1318
VMART,868.9,761.0,682.65,,,,False,112356.7,0.46,4.264,,3349
VMM,115.4,98.9,98.9,,,,False,17518882.0,0.544,6.119,,437
VMSTMT,50.9,43.75,42.5,,,,True,57379.25,5.207,4.988,,245
VOEPL,593.45,471.0,434.35,,,,False,226939.2,0.337,4.47,,56
VOGL,43.3,33.91,32.12,,,,False,38856563.75,0.451,6.454,,68
VOITHPAPR,1574.0,1410.0,1410.0,,,,False,403.15,0.588,3.623,,21
VOLTAMP,11699.0,9950.5,9078.0,,,,False,41385.45,0.684,3.842,,4933
VOLTAS,1245.0,1131.0,1131.0,,,,False,702886.05,0.664,4.569,,6017
VPRPL,39.0,30.76,25.04,,,,False,684063.7,1.524,3.146,,752
VR,143.75,99.0,98.0,,,,False,460.0,0.87,14.536,,622
VRAJ,129.49,119.49,112.0,129.49,119.49,20.0,False,15377.15,0.584,2.465,-5.591,551
VRLLOG,304.9,280.9,227.38,,,,False,140174.9,1.303,3.335,,2814
VSCL,23.1,19.8,19.8,,,,False,4650.0,1.29,6.462,,2294
VSSL,423.85,341.3,268.65,,,,False,562253.15,0.683,4.299,,3539
VSTIND,215.0,201.0,201.0,,,,False,101694.3,1.059,5.293,,6015
VSTL,126.0,105.14,101.0,,,,False,15273.95,0.443,4.334,,638
VSTTILLERS,4490.0,3950.0,3950.0,,,,False,6399.75,1.21,6.517,,3762
VTL,637.85,543.35,543.35,,,,False,1564623.4,0.35,4.782,,6014
VTMLTD,61.9,39.15,22.95,,,,False,67401.7,5.76,5.297,,27
WAAREEENER,2727.0,2491.3,2491.3,,,,False,504618.35,1.237,4.001,,472
WAAREEINDO,297.5,241.1,241.1,,,,False,86493.4,0.858,5.202,,3941
WAAREERTL,894.7,792.85,792.85,,,,False,103520.95,1.544,5.525,,359
WABAG,2319.0,1948.9,1856.0,,,,False,869027.55,1.006,4.172,,3933
WAKEFIT,159.95,132.04,120.02,,,,False,1180935.9,0.36,4.348,,190
WALCHANNAG,231.76,192.36,192.36,,,,False,627778.4,1.298,4.571,,6014
WALPAR,34.85,22.4,22.4,,,,False,4600.0,0.0,10.962,,1268
WANBURY,273.7,219.0,219.0,,,,False,129522.6,1.24,5.747,,4845
WARDINMOBI,6.99,4.69,4.69,,,,False,302711.4,0.547,5.561,,21
WATERBASE,54.0,45.6,44.11,,,,False,26822.75,0.641,4.147,,1092
WCIL,93.39,81.76,81.76,,,,False,110531.0,2.569,4.096,,495
WEALTH,880.6,810.2,810.2,,,,False,1483.3,1.742,3.389,,2348
WEBELSOLAR,84.5,71.1,71.1,,,,False,2019674.15,0.905,4.33,,4777
WEIZMANIND,78.45,69.1,69.1,,,,False,1095.0,2.342,3.128,,6012
WEL,179.2,68.04,68.04,,,,False,9064790.8,0.048,10.952,,1751
WELCORP,2784.8,1968.2,1525.0,,,,False,3407600.0,0.86,6.212,,6541
WELENT,825.0,565.2,557.1,,,,False,1123795.25,0.526,7.299,,5403
WELINV,2367.1001,1790.0,1710.0,,,,False,3062.65,0.025,10.332,,5642
WELSPLSOL,61.99,48.0,46.78,,,,False,1550217.2,0.638,5.143,,104
WELSPUNLIV,216.0,172.56,152.98,,,,False,5328036.85,0.584,5.881,,5641
WENDT,9100.0,7920.0,7300.0,,,,False,16508.05,0.993,3.437,,4963
WESTLIFE,602.35,520.2,443.75,,,,False,459639.1,0.087,3.826,,1754
WEWIN,47.49,40.5,40.5,,,,False,1451.05,0.349,3.468,,2023
WEWORK,710.1,646.6,646.6,710.1,646.6,20.0,False,276868.2,0.351,2.847,-4.788,233
WHBRADY,589.9,477.0,477.0,,,,False,79.5,0.025,17.369,,22
WHEELS,2498.0,1411.0,1342.0,,,,False,826187.35,0.291,7.276,,6013
WHIRLPOOL,858.7,729.9,729.9,,,,False,509243.55,0.715,6.409,,5986
WILLAMAGOR,27.0,23.5,23.5,27.0,23.5,20.0,False,3448.55,0.044,2.334,-8.926,6012
WINDLAS,1181.9,950.3,808.05,,,,False,191516.6,0.593,5.408,,1261
WINDMACHIN,326.0,283.8,265.6,,,,False,82302.75,0.954,3.753,,5982
WINNY,33.7,29.45,29.45,,,,False,200.0,0.0,22.885,,555
WINSOL,125.0,107.15,106.0,,,,False,4840.0,0.165,3.609,,582
WIPL,172.9,160.0,157.0,172.9,160.0,20.0,False,1493.4,0.638,2.526,-2.834,2328
WIPRO,184.5,165.16,165.16,,,,False,8797182.8,1.254,4.729,,7712
WOCKPHARMA,2272.8999,1825.0,1792.4,,,,False,1105142.3,1.143,4.973,,6016
WOMANCART,133.75,97.3,88.0,,,,False,27020.0,0.696,4.993,,712
WONDERLA,555.0,472.0,456.2,,,,False,139777.9,0.39,4.807,,3051
WORTHPERI,160.0,141.05,128.36,,,,False,11340.45,0.977,3.184,,2216
WPIL,468.0,418.0,415.0,,,,False,59747.0,0.516,3.642,,104
WSI,63.8,54.01,53.8,,,,False,63222.05,2.678,3.098,,4718
WSTCSTPAPR,734.0,599.8,509.0,,,,False,298946.3,0.983,4.577,,6016
WTICAB,113.9,99.0,99.0,,,,False,19825.0,1.059,3.146,,638
XCHANGING,66.5,60.0,60.0,,,,False,95745.45,0.959,3.251,,5316
XELPMOC,84.94,72.1,72.1,,,,False,14014.0,0.799,3.341,,1882
XPROINDIA,1408.7,1084.9,995.4,,,,False,167942.7,0.185,4.889,,5539
XTGLOBAL,35.0,27.5,27.05,,,,False,103785.35,0.203,3.348,,499
XTRANET,304.8,154.26,122.5,,,,False,3412349.0,0.663,5.973,,35
YASHO,4525.0,3773.0,2912.1001,,,,False,43264.8,0.995,3.596,,759
YASHOPTICS,131.9,108.0,106.05,,,,True,14840.0,5.283,4.29,,605
YATHARTH,1024.85,844.0,794.95,,,,False,461202.6,0.562,4.832,,771
YATRA,119.7,101.67,101.26,,,,False,1509739.1,1.102,3.72,,736
YCCL,9.65,8.0,8.0,,,,False,4500.0,2.0,5.923,,768
YESBANK,24.1,21.82,21.82,,,,False,66271463.3,3.1,4.092,,5230
YOGI,180.0,130.01,130.01,,,,False,1028.55,1.132,6.067,,21
YUDIZ,26.95,22.25,22.25,,,,False,3280.0,0.488,3.964,,760
YUKEN,1153.85,882.55,695.0,,,,True,33322.75,2.008,4.546,,1248
ZAGGLE,203.95,174.6,154.36,,,,False,2955855.1,0.265,4.954,,740
ZEAL,93.55,60.6,60.5,,,,False,5100.0,1.412,7.064,,764
ZEEL,110.63,77.11,77.11,,,,False,26854760.1,1.333,7.785,,6014
ZEELEARN,8.23,6.3,6.3,,,,False,264466.85,1.112,5.05,,3887
ZEEMEDIA,9.64,7.15,6.89,,,,False,2659110.05,0.525,5.464,,5981
ZENITHDRUG,51.0,39.8,39.8,,,,False,9840.0,0.65,4.519,,630
ZENITHEXPO,217.68,192.0,190.4,,,,False,307.1,0.124,4.041,,6011
ZENITHSTL,6.5,5.2,4.66,,,,False,126740.25,0.498,3.268,,4784
ZENSARTECH,496.4,421.0,421.0,,,,False,3279028.4,3.215,4.633,,6014
ZENTEC,1960.6,1585.6,1585.6,,,,False,344610.25,1.232,6.263,,2836
ZFCVINDIA,2675.5,2446.8999,2260.0,,,,False,91906.15,0.293,3.346,,5983
ZFSTEERING,794.95,652.2,650.05,,,,False,11601.9,0.52,5.189,,105
ZIMLAB,144.49,112.76,106.0,,,,False,135507.85,0.772,3.657,,943
ZODIAC,273.9,220.0,220.0,,,,False,14210.45,0.735,6.052,,1738
ZODIACLOTH,77.14,67.21,67.21,,,,False,4398.9,0.915,4.317,,6011
ZOTA,1159.3,1022.0,1022.0,,,,False,67383.9,0.472,3.667,,2314
ZSARACOM,13300.0,9801.0,9801.0,,,,False,66.7,0.84,5.563,,103
ZTECH,514.0,400.0,400.0,,,,False,21300.0,1.606,5.328,,567
ZUARI,243.5,204.11,204.11,,,,False,125822.8,0.586,5.447,,3409
ZUARIIND,297.0,246.8,246.8,,,,False,112759.25,1.393,4.96,,6012
ZYDUSLIFE,1198.9,1086.0,1086.0,,,,False,1188987.35,0.58,4.037,,6584
ZYDUSWELL,581.0,490.0,490.0,,,,False,615836.55,0.267,5.231,,4161
