symbol,date,open,high,low,close,volume
HAVELLS,2002-07-01,1.646,1.646,1.606,1.61,13593600
HAVELLS,2002-07-02,1.643,1.643,1.501,1.597,13536000
HAVELLS,2002-07-03,1.643,1.643,1.622,1.624,12928000
HAVELLS,2002-07-04,1.625,1.625,1.501,1.569,16505600
HAVELLS,2002-07-05,1.641,1.641,1.563,1.563,14464000
HAVELLS,2002-07-08,1.643,1.643,1.579,1.584,16492800
HAVELLS,2002-07-09,1.641,1.641,1.6,1.63,18873600
HAVELLS,2002-07-10,1.641,1.668,1.625,1.668,18457600
HAVELLS,2002-07-11,1.685,1.688,1.588,1.588,23718400
HAVELLS,2002-07-12,1.646,1.646,1.613,1.613,13120000
HAVELLS,2002-07-15,1.65,1.65,1.572,1.609,13664000
HAVELLS,2002-07-16,1.613,1.613,1.578,1.61,13536000
HAVELLS,2002-07-17,1.646,1.687,1.576,1.584,13824000
HAVELLS,2002-07-18,1.624,1.625,1.6,1.625,13504000
HAVELLS,2002-07-19,1.625,1.625,1.6,1.625,13248000
HAVELLS,2002-07-22,1.65,1.65,1.525,1.541,17408000
HAVELLS,2002-07-23,1.625,1.625,1.525,1.528,18912000
HAVELLS,2002-07-24,1.659,1.659,1.563,1.584,12992000
HAVELLS,2002-07-25,1.588,1.588,1.575,1.575,12832000
HAVELLS,2002-07-26,1.65,1.65,1.559,1.563,13152000
HAVELLS,2002-07-29,1.625,1.625,1.5,1.531,13568000
HAVELLS,2002-07-30,1.625,1.625,1.5,1.514,14784000
HAVELLS,2002-07-31,1.625,1.625,1.556,1.562,13004800
HAVELLS,2002-08-01,1.624,1.624,1.551,1.553,14611200
HAVELLS,2002-08-02,1.62,1.62,1.525,1.6,14886400
HAVELLS,2002-08-05,1.625,1.625,1.563,1.619,13939200
HAVELLS,2002-08-06,1.625,1.625,1.588,1.625,12960000
HAVELLS,2002-08-07,1.624,1.624,1.588,1.622,13088000
HAVELLS,2002-08-08,1.624,1.624,1.564,1.569,40160000
HAVELLS,2002-08-09,1.624,1.624,1.475,1.581,13824000
HAVELLS,2002-08-12,1.623,1.623,1.575,1.608,12940800
HAVELLS,2002-08-13,1.622,1.622,1.575,1.619,6528000
HAVELLS,2002-08-14,1.62,1.623,1.581,1.623,12928000
HAVELLS,2002-08-15,1.623,1.623,1.623,1.623,0
HAVELLS,2002-08-16,1.624,1.624,1.584,1.606,12992000
HAVELLS,2002-08-19,1.625,1.625,1.575,1.581,12864000
HAVELLS,2002-08-20,1.619,1.619,1.569,1.588,12934400
HAVELLS,2002-08-21,1.625,1.625,1.588,1.594,12864000
HAVELLS,2002-08-22,1.625,1.625,1.55,1.55,12960000
HAVELLS,2002-08-23,1.624,1.624,1.575,1.579,12960000
HAVELLS,2002-08-26,1.624,1.624,1.576,1.597,13753600
HAVELLS,2002-08-27,1.563,1.617,1.55,1.601,14854400
HAVELLS,2002-08-28,1.624,1.624,1.513,1.563,14489600
HAVELLS,2002-08-29,1.623,1.623,1.545,1.563,13248000
HAVELLS,2002-08-30,1.624,1.624,1.519,1.575,13030400
HAVELLS,2002-09-02,1.619,1.619,1.563,1.563,12876800
HAVELLS,2002-09-03,1.613,1.613,1.526,1.538,14758400
HAVELLS,2002-09-04,1.625,1.625,1.538,1.55,13043200
HAVELLS,2002-09-05,1.613,1.613,1.563,1.613,12940800
HAVELLS,2002-09-06,1.594,1.594,1.525,1.526,14124800
HAVELLS,2002-09-09,1.624,1.624,1.513,1.513,13024000
HAVELLS,2002-09-10,1.513,1.513,1.513,1.513,0
HAVELLS,2002-09-11,1.588,1.588,1.531,1.559,13568000
HAVELLS,2002-09-12,1.594,1.594,1.569,1.569,12864000
HAVELLS,2002-09-13,1.624,1.624,1.525,1.544,13568000
HAVELLS,2002-09-16,1.613,1.613,1.55,1.553,12864000
HAVELLS,2002-09-17,1.55,1.561,1.475,1.544,13568000
HAVELLS,2002-09-18,1.588,1.588,1.516,1.516,12979200
HAVELLS,2002-09-19,1.55,1.55,1.5,1.544,12960000
HAVELLS,2002-09-20,1.544,1.544,1.513,1.513,13337600
HAVELLS,2002-09-23,1.6,1.6,1.5,1.501,13600000
HAVELLS,2002-09-24,1.563,1.563,1.475,1.475,13958400
HAVELLS,2002-09-25,1.55,1.55,1.531,1.531,13024000
HAVELLS,2002-09-26,1.55,1.55,1.504,1.504,14144000
HAVELLS,2002-09-27,1.55,1.55,1.5,1.533,13299200
HAVELLS,2002-09-30,1.613,1.613,1.5,1.525,13222400
HAVELLS,2002-10-01,1.6,1.6,1.547,1.547,12832000
HAVELLS,2002-10-02,1.547,1.547,1.547,1.547,0
HAVELLS,2002-10-03,1.6,1.6,1.438,1.469,13696000
HAVELLS,2002-10-04,1.55,1.55,1.531,1.538,12864000
HAVELLS,2002-10-07,1.549,1.549,1.531,1.538,12864000
HAVELLS,2002-10-08,1.559,1.559,1.519,1.531,12947200
HAVELLS,2002-10-09,1.531,1.531,1.394,1.53,13472000
HAVELLS,2002-10-10,1.531,1.531,1.476,1.531,12928000
HAVELLS,2002-10-11,1.525,1.536,1.525,1.536,12864000
HAVELLS,2002-10-14,1.536,1.536,1.536,1.536,0
HAVELLS,2002-10-15,1.536,1.536,1.536,1.536,0
HAVELLS,2002-10-16,1.55,1.55,1.5,1.544,13491200
HAVELLS,2002-10-17,1.55,1.55,1.4,1.428,17273600
HAVELLS,2002-10-18,1.559,1.559,1.438,1.486,13190400
HAVELLS,2002-10-21,1.5,1.5,1.429,1.429,14720000
HAVELLS,2002-10-22,1.5,1.5,1.438,1.438,13177600
HAVELLS,2002-10-23,1.5,1.5,1.439,1.439,13024000
HAVELLS,2002-10-24,1.5,1.5,1.444,1.494,13312000
HAVELLS,2002-10-25,1.5,1.5,1.438,1.488,12928000
HAVELLS,2002-10-28,1.5,1.5,1.475,1.5,12864000
HAVELLS,2002-10-29,1.5,1.5,1.469,1.498,13664000
HAVELLS,2002-10-30,1.5,1.5,1.475,1.481,12864000
HAVELLS,2002-10-31,1.5,1.5,1.438,1.438,14080000
HAVELLS,2002-11-01,1.5,1.5,1.438,1.438,13760000
HAVELLS,2002-11-04,1.5,1.5,1.438,1.463,13184000
HAVELLS,2002-11-05,1.5,1.5,1.438,1.438,13120000
HAVELLS,2002-11-06,1.438,1.438,1.438,1.438,0
HAVELLS,2002-11-07,1.5,1.5,1.463,1.469,12928000
HAVELLS,2002-11-08,1.498,1.498,1.456,1.456,704000
HAVELLS,2002-11-11,1.5,1.5,1.438,1.475,384000
HAVELLS,2002-11-12,1.5,1.5,1.431,1.461,1017600
HAVELLS,2002-11-13,1.474,1.474,1.401,1.453,1030400
HAVELLS,2002-11-14,1.499,1.499,1.408,1.41,1132800
HAVELLS,2002-11-15,1.5,1.5,1.463,1.463,64000
HAVELLS,2002-11-18,1.5,1.5,1.438,1.441,646400
HAVELLS,2002-11-19,1.441,1.441,1.441,1.441,0
HAVELLS,2002-11-20,1.5,1.5,1.5,1.5,64000
HAVELLS,2002-11-21,1.5,1.5,1.45,1.45,672000
HAVELLS,2002-11-22,1.474,1.474,1.401,1.406,1664000
HAVELLS,2002-11-25,1.475,1.475,1.46,1.46,128000
HAVELLS,2002-11-26,1.5,1.5,1.46,1.46,128000
HAVELLS,2002-11-27,1.5,1.5,1.4,1.4,435200
HAVELLS,2002-11-28,1.5,1.5,1.401,1.463,531200
HAVELLS,2002-11-29,1.5,1.5,1.413,1.413,576000
HAVELLS,2002-12-02,1.438,1.475,1.438,1.475,128000
HAVELLS,2002-12-03,1.5,1.5,1.475,1.475,307200
HAVELLS,2002-12-04,1.5,1.5,1.438,1.474,160000
HAVELLS,2002-12-05,1.5,1.5,1.439,1.481,512000
HAVELLS,2002-12-06,1.5,1.5,1.496,1.496,128000
HAVELLS,2002-12-09,1.513,1.513,1.5,1.5,128000
HAVELLS,2002-12-10,1.512,1.512,1.438,1.438,716800
HAVELLS,2002-12-11,1.494,1.494,1.376,1.418,473600
HAVELLS,2002-12-12,1.5,1.5,1.475,1.475,128000
HAVELLS,2002-12-13,1.5,1.5,1.5,1.5,64000
HAVELLS,2002-12-16,1.5,1.5,1.438,1.438,128000
HAVELLS,2002-12-17,1.5,1.5,1.5,1.5,64000
HAVELLS,2002-12-18,1.499,1.501,1.388,1.441,3788800
HAVELLS,2002-12-19,1.5,1.5,1.487,1.487,128000
HAVELLS,2002-12-20,1.5,1.5,1.389,1.391,2182400
HAVELLS,2002-12-23,1.5,1.5,1.378,1.394,2720000
HAVELLS,2002-12-24,1.5,1.5,1.256,1.364,6790400
HAVELLS,2002-12-25,1.364,1.364,1.364,1.364,0
HAVELLS,2002-12-26,1.471,1.471,1.413,1.419,1088000
HAVELLS,2002-12-27,1.5,1.5,1.375,1.376,800000
HAVELLS,2002-12-30,1.438,1.438,1.376,1.377,403200
HAVELLS,2002-12-31,1.5,1.5,1.413,1.413,128000
HAVELLS,2003-01-01,1.5,1.5,1.376,1.376,352000
HAVELLS,2003-01-02,1.493,1.493,1.375,1.375,1132800
HAVELLS,2003-01-03,1.474,1.474,1.381,1.408,6528000
HAVELLS,2003-01-06,1.496,1.496,1.375,1.378,2995200
HAVELLS,2003-01-07,1.474,1.474,1.378,1.4,6880000
HAVELLS,2003-01-08,1.461,1.461,1.461,1.461,64000
HAVELLS,2003-01-09,1.488,1.488,1.388,1.459,736000
HAVELLS,2003-01-10,1.442,1.443,1.442,1.442,160000
HAVELLS,2003-01-13,1.475,1.475,1.475,1.475,64000
HAVELLS,2003-01-14,1.475,1.475,1.375,1.375,384000
HAVELLS,2003-01-15,1.463,1.463,1.446,1.449,396800
HAVELLS,2003-01-16,1.444,1.444,1.388,1.388,288000
HAVELLS,2003-01-17,1.471,1.471,1.4,1.439,608000
HAVELLS,2003-01-20,1.461,1.461,1.375,1.396,1708800
HAVELLS,2003-01-21,1.438,1.438,1.375,1.424,172800
HAVELLS,2003-01-22,1.458,1.458,1.375,1.379,2944000
HAVELLS,2003-01-23,1.45,1.45,1.338,1.423,1945600
HAVELLS,2003-01-24,1.438,1.438,1.375,1.414,6848000
HAVELLS,2003-01-27,1.45,1.45,1.39,1.41,10368000
HAVELLS,2003-01-28,1.45,1.45,1.388,1.443,281600
HAVELLS,2003-01-29,1.449,1.449,1.425,1.425,128000
HAVELLS,2003-01-30,1.449,1.475,1.426,1.463,10022400
HAVELLS,2003-01-31,1.45,1.473,1.389,1.433,5644800
HAVELLS,2003-02-03,1.484,1.484,1.449,1.449,128000
HAVELLS,2003-02-04,1.474,1.475,1.393,1.474,6611200
HAVELLS,2003-02-05,1.487,1.487,1.375,1.375,448000
HAVELLS,2003-02-06,1.484,1.484,1.39,1.469,3980800
HAVELLS,2003-02-07,1.474,1.474,1.401,1.456,1344000
HAVELLS,2003-02-10,1.461,1.461,1.458,1.458,128000
HAVELLS,2003-02-11,1.463,1.463,1.376,1.376,608000
HAVELLS,2003-02-12,1.438,1.438,1.425,1.425,128000
HAVELLS,2003-02-13,1.425,1.425,1.425,1.425,0
HAVELLS,2003-02-14,1.413,1.449,1.375,1.378,1548800
HAVELLS,2003-02-17,1.376,1.458,1.376,1.458,748800
HAVELLS,2003-02-18,1.461,1.461,1.426,1.426,96000
HAVELLS,2003-02-19,1.471,1.471,1.438,1.456,153600
HAVELLS,2003-02-20,1.484,1.484,1.388,1.393,396800
HAVELLS,2003-02-21,1.45,1.45,1.45,1.45,32000
HAVELLS,2003-02-24,1.462,1.462,1.453,1.454,64000
HAVELLS,2003-02-25,1.475,1.475,1.341,1.372,1472000
HAVELLS,2003-02-26,1.449,1.45,1.375,1.438,1024000
HAVELLS,2003-02-27,1.438,1.456,1.438,1.456,64000
HAVELLS,2003-02-28,1.484,1.484,1.39,1.39,8064000
HAVELLS,2003-03-03,1.438,1.438,1.375,1.418,416000
HAVELLS,2003-03-04,1.425,1.425,1.289,1.351,6636800
HAVELLS,2003-03-05,1.375,1.434,1.296,1.434,6675200
HAVELLS,2003-03-06,1.45,1.45,1.433,1.433,128000
HAVELLS,2003-03-07,1.449,1.449,1.375,1.375,1024000
HAVELLS,2003-03-10,1.438,1.438,1.325,1.332,1497600
HAVELLS,2003-03-11,1.381,1.436,1.313,1.313,1920000
HAVELLS,2003-03-12,1.381,1.381,1.338,1.338,518400
HAVELLS,2003-03-13,1.375,1.375,1.313,1.313,832000
HAVELLS,2003-03-14,1.313,1.313,1.313,1.313,0
HAVELLS,2003-03-17,1.375,1.375,1.265,1.298,832000
HAVELLS,2003-03-18,1.298,1.298,1.298,1.298,0
HAVELLS,2003-03-19,1.375,1.375,1.35,1.35,192000
HAVELLS,2003-03-20,1.4,1.4,1.35,1.363,582400
HAVELLS,2003-03-21,1.375,1.375,1.27,1.284,1024000
HAVELLS,2003-03-24,1.438,1.438,1.313,1.313,4608000
HAVELLS,2003-03-25,1.343,1.343,1.188,1.318,5286400
HAVELLS,2003-03-26,1.375,1.449,1.276,1.443,4025600
HAVELLS,2003-03-27,1.425,1.487,1.375,1.418,1638400
HAVELLS,2003-03-28,1.438,1.438,1.375,1.396,1184000
HAVELLS,2003-03-31,1.438,1.488,1.4,1.463,11699200
HAVELLS,2003-04-01,1.499,1.499,1.4,1.438,1376000
HAVELLS,2003-04-02,1.45,1.45,1.449,1.45,128000
HAVELLS,2003-04-03,1.45,1.45,1.45,1.45,64000
HAVELLS,2003-04-04,1.45,1.45,1.406,1.444,192000
HAVELLS,2003-04-07,1.45,1.474,1.4,1.429,204800
HAVELLS,2003-04-08,1.475,1.475,1.375,1.383,3424000
HAVELLS,2003-04-09,1.383,1.383,1.383,1.383,0
HAVELLS,2003-04-10,1.438,1.438,1.438,1.438,64000
HAVELLS,2003-04-11,1.413,1.413,1.413,1.413,64000
HAVELLS,2003-04-14,1.413,1.413,1.413,1.413,0
HAVELLS,2003-04-15,1.493,1.493,1.493,1.493,64000
HAVELLS,2003-04-16,1.353,1.375,1.344,1.349,4096000
HAVELLS,2003-04-17,1.375,1.375,1.344,1.344,640000
HAVELLS,2003-04-18,1.344,1.344,1.344,1.344,0
HAVELLS,2003-04-21,1.375,1.437,1.344,1.384,640000
HAVELLS,2003-04-22,1.413,1.413,1.376,1.376,339200
HAVELLS,2003-04-23,1.4,1.4,1.376,1.376,416000
HAVELLS,2003-04-24,1.419,1.425,1.419,1.425,64000
HAVELLS,2003-04-25,1.425,1.425,1.338,1.338,640000
HAVELLS,2003-04-28,1.375,1.375,1.375,1.375,64000
HAVELLS,2003-04-29,1.388,1.397,1.363,1.394,396800
HAVELLS,2003-04-30,1.4,1.4,1.313,1.374,780800
HAVELLS,2003-05-01,1.374,1.374,1.374,1.374,0
HAVELLS,2003-05-02,1.375,1.4,1.363,1.396,358400
HAVELLS,2003-05-05,1.388,1.388,1.388,1.388,160000
HAVELLS,2003-05-06,1.381,1.381,1.381,1.381,76800
HAVELLS,2003-05-07,1.391,1.459,1.388,1.413,37651200
HAVELLS,2003-05-08,1.413,1.413,1.341,1.344,58368000
HAVELLS,2003-05-09,1.375,1.375,1.339,1.375,460800
HAVELLS,2003-05-12,1.381,1.381,1.381,1.381,416000
HAVELLS,2003-05-13,1.375,1.375,1.35,1.35,416000
HAVELLS,2003-05-14,1.363,1.403,1.313,1.331,50131200
HAVELLS,2003-05-15,1.369,1.375,1.369,1.374,4320000
HAVELLS,2003-05-16,1.375,1.375,1.328,1.362,48089600
HAVELLS,2003-05-19,1.375,1.406,1.363,1.375,1664000
HAVELLS,2003-05-20,1.375,1.41,1.363,1.41,41344000
HAVELLS,2003-05-21,1.4,1.4,1.363,1.363,800000
HAVELLS,2003-05-22,1.375,1.375,1.364,1.366,416000
HAVELLS,2003-05-23,1.364,1.403,1.364,1.375,192000
HAVELLS,2003-05-26,1.424,1.424,1.424,1.424,64000
HAVELLS,2003-05-27,1.413,1.413,1.313,1.318,832000
HAVELLS,2003-05-28,1.415,1.415,1.415,1.415,96000
HAVELLS,2003-05-29,1.413,1.413,1.313,1.338,2265600
HAVELLS,2003-05-30,1.363,1.389,1.363,1.389,192000
HAVELLS,2003-06-02,1.39,1.411,1.35,1.411,704000
HAVELLS,2003-06-03,1.413,1.413,1.329,1.356,1862400
HAVELLS,2003-06-04,1.375,1.381,1.375,1.375,1600000
HAVELLS,2003-06-05,1.388,1.388,1.388,1.388,96000
HAVELLS,2003-06-06,1.388,1.411,1.381,1.411,1152000
HAVELLS,2003-06-09,1.394,1.394,1.35,1.375,819200
HAVELLS,2003-06-10,1.375,1.412,1.375,1.412,384000
HAVELLS,2003-06-11,1.388,1.403,1.351,1.399,1984000
HAVELLS,2003-06-12,1.4,1.425,1.391,1.394,2348800
HAVELLS,2003-06-13,1.4,1.438,1.394,1.418,5568000
HAVELLS,2003-06-16,1.413,1.438,1.403,1.419,1376000
HAVELLS,2003-06-17,1.486,1.486,1.414,1.466,2028800
HAVELLS,2003-06-18,1.563,1.563,1.426,1.5,1036800
HAVELLS,2003-06-19,1.498,1.498,1.439,1.463,966400
HAVELLS,2003-06-20,1.493,1.493,1.451,1.488,44800
HAVELLS,2003-06-23,1.451,1.451,1.45,1.45,326400
HAVELLS,2003-06-24,1.463,1.463,1.45,1.456,1952000
HAVELLS,2003-06-25,1.463,1.463,1.463,1.463,6182400
HAVELLS,2003-06-26,1.524,1.524,1.376,1.433,2700800
HAVELLS,2003-06-27,1.45,1.45,1.438,1.438,704000
HAVELLS,2003-06-30,1.45,1.45,1.389,1.395,1510400
HAVELLS,2003-07-01,1.413,1.425,1.413,1.414,1184000
HAVELLS,2003-07-02,1.438,1.438,1.376,1.381,8678400
HAVELLS,2003-07-03,1.406,1.424,1.376,1.424,2988800
HAVELLS,2003-07-04,1.413,1.443,1.381,1.443,58124800
HAVELLS,2003-07-07,1.434,1.45,1.434,1.438,2963200
HAVELLS,2003-07-08,1.441,1.459,1.425,1.426,2720000
HAVELLS,2003-07-09,1.426,1.447,1.4,1.403,23500800
HAVELLS,2003-07-10,1.413,1.444,1.392,1.4,1843200
HAVELLS,2003-07-11,1.449,1.451,1.407,1.438,7808000
HAVELLS,2003-07-14,1.438,1.448,1.438,1.448,1068800
HAVELLS,2003-07-15,1.437,1.463,1.425,1.456,7987200
HAVELLS,2003-07-16,1.438,1.45,1.375,1.425,7449600
HAVELLS,2003-07-17,1.4,1.488,1.376,1.469,25920000
HAVELLS,2003-07-18,1.45,1.475,1.419,1.424,7078400
HAVELLS,2003-07-21,1.449,1.519,1.449,1.45,8640000
HAVELLS,2003-07-22,1.475,1.563,1.453,1.536,43456000
HAVELLS,2003-07-23,1.513,1.688,1.513,1.681,16076800
HAVELLS,2003-07-24,1.675,1.825,1.675,1.789,144230400
HAVELLS,2003-07-25,1.879,1.879,1.813,1.876,330208000
HAVELLS,2003-07-28,1.924,1.969,1.9,1.969,301619200
HAVELLS,2003-07-29,1.963,1.988,1.871,1.96,166124800
HAVELLS,2003-07-30,1.944,2.058,1.944,2.055,244115200
HAVELLS,2003-07-31,2.063,2.088,1.956,1.963,384249600
HAVELLS,2003-08-01,1.95,1.95,1.875,1.906,170073600
HAVELLS,2003-08-04,1.961,1.993,1.893,1.948,261094400
HAVELLS,2003-08-05,1.878,2.013,1.878,1.896,292038400
HAVELLS,2003-08-06,1.938,1.991,1.938,1.991,122316800
HAVELLS,2003-08-07,2.059,2.075,2.025,2.072,357472000
HAVELLS,2003-08-08,2.075,2.125,2.053,2.091,371769600
HAVELLS,2003-08-11,2.121,2.374,2.091,2.233,495123200
HAVELLS,2003-08-12,2.306,2.4,2.213,2.222,483750400
HAVELLS,2003-08-13,2.313,2.413,2.253,2.286,922297600
HAVELLS,2003-08-14,2.288,2.336,2.163,2.198,640448000
HAVELLS,2003-08-15,2.198,2.198,2.198,2.198,0
HAVELLS,2003-08-18,2.281,2.281,2.078,2.101,712537600
HAVELLS,2003-08-19,2.12,2.138,2.066,2.099,430841600
HAVELLS,2003-08-20,2.124,2.213,2.106,2.156,550464000
HAVELLS,2003-08-21,2.131,2.15,1.95,2.021,1279020800
HAVELLS,2003-08-22,2.051,2.173,2.051,2.121,825446400
HAVELLS,2003-08-25,2.151,2.311,2.088,2.138,700128000
HAVELLS,2003-08-26,2.172,2.298,2.151,2.229,497196800
HAVELLS,2003-08-27,2.25,2.438,2.2,2.216,428416000
HAVELLS,2003-08-28,2.249,2.258,2.194,2.209,455456000
HAVELLS,2003-08-29,2.249,2.294,2.213,2.231,531795200
HAVELLS,2003-09-01,2.238,2.256,2.106,2.126,402918400
HAVELLS,2003-09-02,2.15,2.176,2.125,2.166,342361600
HAVELLS,2003-09-03,2.174,2.188,2.128,2.141,216230400
HAVELLS,2003-09-04,2.138,2.174,2.1,2.131,311520000
HAVELLS,2003-09-05,2.305,2.375,2.138,2.235,604537600
HAVELLS,2003-09-08,2.28,2.398,2.28,2.344,1234272000
HAVELLS,2003-09-09,2.374,2.404,2.279,2.295,957574400
HAVELLS,2003-09-10,2.313,2.338,2.275,2.297,708838400
HAVELLS,2003-09-11,2.313,2.35,2.278,2.305,570566400
HAVELLS,2003-09-12,2.331,2.338,2.231,2.247,442707200
HAVELLS,2003-09-15,2.313,2.313,2.188,2.205,331628800
HAVELLS,2003-09-16,2.263,2.325,2.206,2.253,433984000
HAVELLS,2003-09-17,2.278,2.312,2.241,2.27,434476800
HAVELLS,2003-09-18,2.275,2.288,2.225,2.244,256908800
HAVELLS,2003-09-19,2.238,2.311,2.213,2.228,293132800
HAVELLS,2003-09-22,2.287,2.463,2.287,2.399,968352000
HAVELLS,2003-09-23,2.377,2.439,2.363,2.424,564083200
HAVELLS,2003-09-24,2.446,2.524,2.388,2.424,616160000
HAVELLS,2003-09-25,2.431,2.431,2.369,2.381,373273600
HAVELLS,2003-09-26,2.385,2.387,2.356,2.359,249049600
HAVELLS,2003-09-29,2.375,2.563,2.363,2.486,543545600
HAVELLS,2003-09-30,2.538,2.573,2.5,2.524,541747200
HAVELLS,2003-10-01,2.537,2.564,2.494,2.513,299737600
HAVELLS,2003-10-02,2.513,2.513,2.513,2.513,0
HAVELLS,2003-10-03,2.529,2.563,2.519,2.529,327910400
HAVELLS,2003-10-06,2.563,2.734,2.539,2.689,1127059200
HAVELLS,2003-10-07,2.725,2.827,2.675,2.721,1340812800
HAVELLS,2003-10-08,2.75,2.831,2.734,2.81,699436800
HAVELLS,2003-10-09,2.814,3.088,2.814,2.944,783270400
HAVELLS,2003-10-10,2.999,3.031,2.925,2.961,968883200
HAVELLS,2003-10-13,2.993,3.048,2.926,2.954,475577600
HAVELLS,2003-10-14,2.984,2.984,2.771,2.783,510572800
HAVELLS,2003-10-15,2.846,2.919,2.728,2.816,291385600
HAVELLS,2003-10-16,2.844,2.925,2.814,2.851,561977600
HAVELLS,2003-10-17,2.856,2.9,2.838,2.853,312096000
HAVELLS,2003-10-20,2.875,2.875,2.504,2.723,299385600
HAVELLS,2003-10-21,2.761,2.874,2.688,2.696,682604800
HAVELLS,2003-10-22,2.763,2.875,2.675,2.697,843737600
HAVELLS,2003-10-23,2.738,2.738,2.625,2.645,369785600
HAVELLS,2003-10-24,2.65,2.713,2.625,2.664,719430400
HAVELLS,2003-10-27,2.75,2.763,2.588,2.623,302329600
HAVELLS,2003-10-28,2.631,2.672,2.5,2.536,278214400
HAVELLS,2003-10-29,2.588,2.631,2.55,2.589,232339200
HAVELLS,2003-10-30,2.675,2.7,2.589,2.671,535596800
HAVELLS,2003-10-31,2.688,2.75,2.663,2.737,573529600
HAVELLS,2003-11-03,2.706,2.825,2.7,2.746,609510400
HAVELLS,2003-11-04,2.738,2.76,2.638,2.671,365510400
HAVELLS,2003-11-05,2.671,2.738,2.638,2.668,327193600
HAVELLS,2003-11-06,2.713,2.788,2.678,2.728,469414400
HAVELLS,2003-11-07,2.775,2.863,2.738,2.813,566131200
HAVELLS,2003-11-10,2.75,3.125,2.75,2.815,157529600
HAVELLS,2003-11-11,2.875,2.884,2.784,2.814,397804800
HAVELLS,2003-11-12,2.864,2.875,2.751,2.779,487942400
HAVELLS,2003-11-13,2.789,2.825,2.725,2.766,492761600
HAVELLS,2003-11-14,2.763,2.776,2.675,2.693,543436800
HAVELLS,2003-11-17,2.749,2.775,2.675,2.704,447955200
HAVELLS,2003-11-18,2.724,2.738,2.675,2.696,429830400
HAVELLS,2003-11-19,2.725,2.75,2.65,2.674,543180800
HAVELLS,2003-11-20,2.688,2.75,2.663,2.682,382745600
HAVELLS,2003-11-21,2.563,2.725,2.563,2.692,438643200
HAVELLS,2003-11-24,2.863,2.938,2.776,2.813,960793600
HAVELLS,2003-11-25,2.904,2.904,2.814,2.838,879545600
HAVELLS,2003-11-26,2.838,2.838,2.838,2.838,0
HAVELLS,2003-11-27,2.874,2.938,2.813,2.828,587776000
HAVELLS,2003-11-28,2.875,2.888,2.819,2.832,583993600
HAVELLS,2003-12-01,2.87,2.975,2.863,2.92,830976000
HAVELLS,2003-12-02,2.938,2.959,2.85,2.89,628294400
HAVELLS,2003-12-03,2.875,2.946,2.851,2.896,636358400
HAVELLS,2003-12-04,2.875,2.975,2.875,2.93,645356800
HAVELLS,2003-12-05,2.938,3.35,2.916,3.141,1276435200
HAVELLS,2003-12-08,3.171,3.3,3.15,3.196,698118400
HAVELLS,2003-12-09,3.2,3.31,3.175,3.259,572550400
HAVELLS,2003-12-10,3.263,3.369,3.213,3.282,404198400
HAVELLS,2003-12-11,3.313,3.358,3.264,3.305,435769600
HAVELLS,2003-12-12,3.313,3.683,3.301,3.601,1037497600
HAVELLS,2003-12-15,3.751,3.751,3.551,3.586,869619200
HAVELLS,2003-12-16,3.563,3.685,3.538,3.593,553286400
HAVELLS,2003-12-17,3.663,3.688,3.563,3.618,615008000
HAVELLS,2003-12-18,3.669,3.729,3.59,3.667,537516800
HAVELLS,2003-12-19,3.738,3.848,3.671,3.697,652601600
HAVELLS,2003-12-22,3.713,3.775,3.676,3.708,597056000
HAVELLS,2003-12-23,3.75,3.762,3.626,3.656,317798400
HAVELLS,2003-12-24,3.563,3.713,3.563,3.646,417203200
HAVELLS,2003-12-25,3.646,3.646,3.646,3.646,0
HAVELLS,2003-12-26,3.713,3.713,3.588,3.623,323193600
HAVELLS,2003-12-29,3.688,3.763,3.688,3.724,317491200
HAVELLS,2003-12-30,3.75,3.9,3.75,3.815,207942400
HAVELLS,2003-12-31,3.875,3.924,3.775,3.826,529292800
HAVELLS,2004-01-01,3.9,4.045,3.829,4.014,739385600
HAVELLS,2004-01-02,4.075,4.223,4.045,4.119,628374400
HAVELLS,2004-01-05,4.145,4.193,4.003,4.033,359062400
HAVELLS,2004-01-06,4.05,4.056,3.9,3.928,293145600
HAVELLS,2004-01-07,3.99,3.99,3.758,3.815,279161600
HAVELLS,2004-01-08,3.86,3.993,3.85,3.908,303948800
HAVELLS,2004-01-09,4.0,4.081,3.9,3.924,198806400
HAVELLS,2004-01-12,3.946,3.975,3.801,3.855,176371200
HAVELLS,2004-01-13,3.875,3.938,3.825,3.854,167552000
HAVELLS,2004-01-14,3.878,3.975,3.85,3.855,169801600
HAVELLS,2004-01-15,3.935,3.975,3.8,3.843,259305600
HAVELLS,2004-01-16,3.875,3.913,3.675,3.733,322844800
HAVELLS,2004-01-19,3.703,3.863,3.703,3.793,132204800
HAVELLS,2004-01-20,3.821,3.875,3.268,3.656,224323200
HAVELLS,2004-01-21,3.57,3.725,3.375,3.403,209900800
HAVELLS,2004-01-22,3.543,3.75,3.201,3.298,173584000
HAVELLS,2004-01-23,3.368,3.559,3.275,3.45,467689600
HAVELLS,2004-01-26,3.45,3.45,3.45,3.45,0
HAVELLS,2004-01-27,3.6,3.625,3.428,3.458,283932800
HAVELLS,2004-01-28,3.475,3.496,3.35,3.374,158566400
HAVELLS,2004-01-29,3.384,3.413,3.345,3.371,213120000
HAVELLS,2004-01-30,3.424,3.424,3.173,3.214,218300800
HAVELLS,2004-02-02,3.214,3.214,3.214,3.214,0
HAVELLS,2004-02-03,3.223,3.275,2.926,3.033,98320000
HAVELLS,2004-02-04,3.088,3.096,2.9,3.015,106144000
HAVELLS,2004-02-05,3.05,3.088,3.006,3.029,89020800
HAVELLS,2004-02-06,3.024,3.048,2.883,2.924,92272000
HAVELLS,2004-02-09,2.95,3.125,2.913,3.038,103788800
HAVELLS,2004-02-10,3.075,3.075,2.98,3.033,56681600
HAVELLS,2004-02-11,3.088,3.088,2.853,2.963,619564800
HAVELLS,2004-02-12,3.024,3.025,2.925,2.969,69030400
HAVELLS,2004-02-13,2.989,3.4,2.988,3.283,547641600
HAVELLS,2004-02-16,3.375,3.42,3.203,3.256,319084800
HAVELLS,2004-02-17,3.306,3.323,3.219,3.229,74892800
HAVELLS,2004-02-18,3.251,3.313,3.138,3.168,82310400
HAVELLS,2004-02-19,3.175,3.199,3.051,3.086,87337600
HAVELLS,2004-02-20,3.088,3.125,3.038,3.089,94707200
HAVELLS,2004-02-23,3.1,3.125,3.0,3.01,91904000
HAVELLS,2004-02-24,3.0,3.113,3.0,3.071,108208000
HAVELLS,2004-02-25,3.05,3.099,3.0,3.021,103654400
HAVELLS,2004-02-26,3.075,3.098,2.961,2.98,104857600
HAVELLS,2004-02-27,3.074,3.074,2.944,2.971,101456000
HAVELLS,2004-03-01,3.015,3.038,2.975,2.983,80288000
HAVELLS,2004-03-02,2.983,2.983,2.983,2.983,0
HAVELLS,2004-03-03,3.021,3.375,3.02,3.055,1159683200
HAVELLS,2004-03-04,3.081,3.085,2.975,2.984,89369600
HAVELLS,2004-03-05,2.975,3.018,2.975,2.999,87667200
HAVELLS,2004-03-08,3.056,3.075,3.0,3.018,81036800
HAVELLS,2004-03-09,3.025,3.038,2.925,2.988,94969600
HAVELLS,2004-03-10,2.975,3.036,2.966,2.973,73971200
HAVELLS,2004-03-11,3.0,3.016,2.953,2.959,66659200
HAVELLS,2004-03-12,2.95,2.981,2.926,2.941,42032000
HAVELLS,2004-03-15,3.07,3.07,2.85,2.89,65404800
HAVELLS,2004-03-16,2.875,2.875,2.626,2.736,122089600
HAVELLS,2004-03-17,2.706,2.784,2.679,2.704,68297600
HAVELLS,2004-03-18,2.744,2.925,2.676,2.729,72092800
HAVELLS,2004-03-19,2.8,2.8,2.704,2.72,64201600
HAVELLS,2004-03-22,2.738,2.74,2.651,2.661,70563200
HAVELLS,2004-03-23,2.688,2.825,2.613,2.635,37568000
HAVELLS,2004-03-24,2.669,2.669,2.575,2.594,26032000
HAVELLS,2004-03-25,2.65,2.685,2.613,2.631,52537600
HAVELLS,2004-03-26,2.675,2.7,2.634,2.659,48480000
HAVELLS,2004-03-29,2.718,2.748,2.675,2.714,108780800
HAVELLS,2004-03-30,2.75,2.863,2.729,2.779,77660800
HAVELLS,2004-03-31,2.799,2.799,2.731,2.743,33264000
HAVELLS,2004-04-01,2.82,2.949,2.784,2.854,196457600
HAVELLS,2004-04-02,2.898,2.925,2.85,2.864,68121600
HAVELLS,2004-04-05,2.875,2.936,2.863,2.884,124118400
HAVELLS,2004-04-06,2.935,2.968,2.875,2.898,48121600
HAVELLS,2004-04-07,2.925,2.996,2.853,2.953,119936000
HAVELLS,2004-04-08,2.978,3.048,2.931,3.014,81884800
HAVELLS,2004-04-09,3.014,3.014,3.014,3.014,0
HAVELLS,2004-04-12,3.093,3.15,2.975,3.009,74342400
HAVELLS,2004-04-13,3.025,3.075,2.996,3.018,74624000
HAVELLS,2004-04-14,3.018,3.018,3.018,3.018,0
HAVELLS,2004-04-15,3.013,3.075,2.983,3.029,308048000
HAVELLS,2004-04-16,3.05,3.118,3.031,3.06,124080000
HAVELLS,2004-04-19,3.119,3.121,3.003,3.036,66720000
HAVELLS,2004-04-20,3.074,3.074,3.0,3.005,47056000
HAVELLS,2004-04-21,3.0,3.075,2.988,3.03,68070400
HAVELLS,2004-04-22,3.094,3.094,3.015,3.026,49225600
HAVELLS,2004-04-23,3.025,3.075,3.003,3.021,68192000
HAVELLS,2004-04-27,3.0,3.025,2.876,2.901,26345600
HAVELLS,2004-04-28,2.974,2.974,2.775,2.846,33494400
HAVELLS,2004-04-29,2.905,2.905,2.838,2.855,17747200
HAVELLS,2004-04-30,2.95,2.95,2.839,2.85,41939200
HAVELLS,2004-05-03,2.909,2.909,2.775,2.789,59299200
HAVELLS,2004-05-04,2.911,2.913,2.844,2.864,40592000
HAVELLS,2004-05-05,2.876,2.935,2.861,2.895,43312000
HAVELLS,2004-05-06,2.95,3.125,2.921,3.099,115977600
HAVELLS,2004-05-07,3.241,3.3,3.153,3.194,276038400
HAVELLS,2004-05-10,3.225,3.273,3.1,3.179,199030400
HAVELLS,2004-05-11,3.138,3.163,2.975,3.008,108614400
HAVELLS,2004-05-12,3.05,3.125,3.0,3.016,109468800
HAVELLS,2004-05-13,3.0,3.138,2.963,2.996,82838400
HAVELLS,2004-05-14,3.0,3.0,2.65,2.715,84454400
HAVELLS,2004-05-17,2.649,2.656,2.325,2.491,33369600
HAVELLS,2004-05-18,2.723,2.725,2.425,2.656,37702400
HAVELLS,2004-05-19,2.838,2.85,2.6,2.8,53507200
HAVELLS,2004-05-20,2.85,2.89,2.756,2.779,65036800
HAVELLS,2004-05-21,2.8,2.85,2.7,2.781,46396800
HAVELLS,2004-05-24,2.85,2.9,2.814,2.843,49081600
HAVELLS,2004-05-25,2.838,2.868,2.825,2.84,33177600
HAVELLS,2004-05-26,2.885,2.925,2.808,2.86,65292800
HAVELLS,2004-05-27,2.9,2.9,2.751,2.785,35072000
HAVELLS,2004-05-28,2.75,2.845,2.625,2.666,79408000
HAVELLS,2004-05-31,2.625,2.648,2.55,2.585,29500800
HAVELLS,2004-06-01,2.65,2.699,2.625,2.646,47843200
HAVELLS,2004-06-02,2.625,2.675,2.61,2.646,59683200
HAVELLS,2004-06-03,2.669,2.92,2.604,2.681,194323200
HAVELLS,2004-06-04,2.749,2.75,2.556,2.628,59331200
HAVELLS,2004-06-07,2.678,2.723,2.628,2.645,110688000
HAVELLS,2004-06-08,2.65,2.748,2.643,2.684,212406400
HAVELLS,2004-06-09,2.775,2.775,2.69,2.715,172960000
HAVELLS,2004-06-10,2.7,2.761,2.7,2.714,168790400
HAVELLS,2004-06-11,2.763,2.763,2.65,2.664,137392000
HAVELLS,2004-06-14,2.681,2.691,2.6,2.606,132505600
HAVELLS,2004-06-15,2.625,2.644,2.575,2.601,90160000
HAVELLS,2004-06-16,2.675,2.675,2.608,2.621,129107200
HAVELLS,2004-06-17,2.629,2.65,2.605,2.623,82489600
HAVELLS,2004-06-18,2.663,2.736,2.619,2.645,130099200
HAVELLS,2004-06-21,2.675,2.675,2.603,2.626,74176000
HAVELLS,2004-06-22,2.625,2.648,2.6,2.615,107948800
HAVELLS,2004-06-23,2.675,2.675,2.563,2.574,181264000
HAVELLS,2004-06-24,2.663,2.663,2.539,2.554,161580800
HAVELLS,2004-06-25,2.6,2.625,2.566,2.609,135142400
HAVELLS,2004-06-28,2.673,2.693,2.625,2.664,78163200
HAVELLS,2004-06-29,2.718,2.738,2.611,2.64,353840000
HAVELLS,2004-06-30,2.65,2.683,2.608,2.624,222486400
HAVELLS,2004-07-01,2.675,2.675,2.614,2.626,43491200
HAVELLS,2004-07-02,2.625,2.724,2.6,2.636,157171200
HAVELLS,2004-07-05,2.663,2.799,2.65,2.753,196784000
HAVELLS,2004-07-06,2.813,2.873,2.755,2.783,232006400
HAVELLS,2004-07-07,2.811,2.923,2.75,2.785,475404800
HAVELLS,2004-07-08,2.776,2.836,2.654,2.675,193619200
HAVELLS,2004-07-09,2.669,2.725,2.6,2.698,65171200
HAVELLS,2004-07-12,2.723,2.8,2.713,2.754,243004800
HAVELLS,2004-07-13,2.785,2.825,2.7,2.746,101827200
HAVELLS,2004-07-14,2.799,2.85,2.748,2.791,446320000
HAVELLS,2004-07-15,2.823,2.863,2.763,2.801,182940800
HAVELLS,2004-07-16,2.846,3.07,2.806,2.971,438121600
HAVELLS,2004-07-19,3.063,3.298,3.05,3.19,954681600
HAVELLS,2004-07-20,3.244,3.275,3.129,3.161,752339200
HAVELLS,2004-07-21,3.238,3.275,3.15,3.198,295587200
HAVELLS,2004-07-22,3.25,3.275,3.156,3.176,287292800
HAVELLS,2004-07-23,3.2,3.213,3.038,3.056,268915200
HAVELLS,2004-07-26,3.1,3.211,3.038,3.131,319180800
HAVELLS,2004-07-27,3.16,3.18,3.075,3.081,254547200
HAVELLS,2004-07-28,3.106,3.125,3.065,3.095,106704000
HAVELLS,2004-07-29,3.125,3.225,3.098,3.125,246905600
HAVELLS,2004-07-30,3.188,3.188,3.113,3.129,142489600
HAVELLS,2004-08-02,3.168,3.168,3.065,3.091,79388800
HAVELLS,2004-08-03,3.125,3.175,3.075,3.114,122284800
HAVELLS,2004-08-04,3.113,3.138,3.081,3.099,68713600
HAVELLS,2004-08-05,3.145,3.6,3.089,3.11,50617600
HAVELLS,2004-08-06,3.125,3.299,3.125,3.164,954172800
HAVELLS,2004-08-09,3.15,3.25,3.15,3.22,331936000
HAVELLS,2004-08-10,3.278,3.278,3.19,3.21,139299200
HAVELLS,2004-08-11,3.238,3.249,3.126,3.166,713840000
HAVELLS,2004-08-12,3.22,3.238,3.155,3.183,209174400
HAVELLS,2004-08-13,3.188,3.249,3.153,3.166,289932800
HAVELLS,2004-08-16,3.125,3.244,3.125,3.195,221462400
HAVELLS,2004-08-17,3.224,3.375,3.224,3.269,1547686400
HAVELLS,2004-08-18,3.288,3.424,3.275,3.365,2530716800
HAVELLS,2004-08-19,3.425,3.563,3.411,3.501,2422092800
HAVELLS,2004-08-20,3.538,3.649,3.456,3.491,2550451200
HAVELLS,2004-08-23,3.5,3.545,3.418,3.449,1397881600
HAVELLS,2004-08-24,3.473,3.6,3.456,3.538,2235001600
HAVELLS,2004-08-25,3.544,3.544,3.45,3.468,733660800
HAVELLS,2004-08-26,3.498,3.599,3.469,3.569,1285568000
HAVELLS,2004-08-27,3.595,3.683,3.569,3.625,1641529600
HAVELLS,2004-08-30,3.66,3.716,3.613,3.633,877523200
HAVELLS,2004-08-31,3.63,3.655,3.575,3.6,745638400
HAVELLS,2004-09-01,3.61,3.765,3.591,3.655,1413120000
HAVELLS,2004-09-02,3.688,3.724,3.505,3.549,904572800
HAVELLS,2004-09-03,3.575,3.621,3.55,3.604,405673600
HAVELLS,2004-09-06,3.638,3.7,3.621,3.666,495497600
HAVELLS,2004-09-07,3.654,3.71,3.615,3.644,258268800
HAVELLS,2004-09-08,3.67,3.725,3.628,3.65,297436800
HAVELLS,2004-09-09,3.671,3.831,3.629,3.798,953891200
HAVELLS,2004-09-10,3.801,3.918,3.801,3.894,756700800
HAVELLS,2004-09-13,3.906,3.985,3.863,3.904,605763200
HAVELLS,2004-09-14,3.125,3.9475,3.125,3.9125,246540800
HAVELLS,2004-09-15,3.938,4.003,3.734,3.829,406768000
HAVELLS,2004-09-16,3.863,3.975,3.825,3.956,275699200
HAVELLS,2004-09-17,3.995,4.026,3.89,3.903,365580800
HAVELLS,2004-09-20,3.931,3.99,3.839,3.865,170822400
HAVELLS,2004-09-21,3.91,4.038,3.9,3.95,390083200
HAVELLS,2004-09-22,3.978,4.05,3.956,3.971,403548800
HAVELLS,2004-09-23,4.02,4.02,3.858,3.88,202812800
HAVELLS,2004-09-24,3.888,3.888,3.82,3.835,163980800
HAVELLS,2004-09-27,3.863,3.918,3.829,3.841,108684800
HAVELLS,2004-09-28,3.874,3.894,3.825,3.835,89920000
HAVELLS,2004-09-29,3.875,3.9,3.839,3.878,91193600
HAVELLS,2004-09-30,3.879,4.025,3.879,4.001,260390400
HAVELLS,2004-10-01,4.038,4.038,3.935,3.974,167776000
HAVELLS,2004-10-04,4.045,4.045,3.913,3.944,160771200
HAVELLS,2004-10-05,3.966,3.975,3.913,3.931,98688000
HAVELLS,2004-10-06,3.956,4.225,3.925,4.139,711187200
HAVELLS,2004-10-07,4.188,4.336,4.155,4.244,492502400
HAVELLS,2004-10-08,4.273,4.313,4.178,4.238,269945600
HAVELLS,2004-10-11,4.368,4.5,4.3,4.323,280678400
HAVELLS,2004-10-12,4.388,4.513,4.26,4.439,467062400
HAVELLS,2004-10-14,4.425,4.481,4.316,4.424,271056000
HAVELLS,2004-10-15,4.423,4.638,4.386,4.565,395910400
HAVELLS,2004-10-18,4.6,4.734,4.419,4.464,322720000
HAVELLS,2004-10-19,4.5,4.551,4.463,4.479,164563200
HAVELLS,2004-10-20,4.518,4.518,4.354,4.373,104528000
HAVELLS,2004-10-21,4.408,4.451,4.313,4.403,77888000
HAVELLS,2004-10-22,4.403,4.403,4.403,4.403,0
HAVELLS,2004-10-25,4.488,4.523,4.256,4.301,146361600
HAVELLS,2004-10-26,4.349,4.4,4.25,4.374,73516800
HAVELLS,2004-10-27,4.343,4.4,4.3,4.336,50803200
HAVELLS,2004-10-28,4.371,4.469,4.333,4.356,94032000
HAVELLS,2004-10-29,4.388,4.425,4.344,4.371,51427200
HAVELLS,2004-11-01,4.325,4.325,4.073,4.289,306268800
HAVELLS,2004-11-02,4.35,4.588,4.325,4.46,307433600
HAVELLS,2004-11-03,4.545,4.545,4.426,4.451,106835200
HAVELLS,2004-11-04,4.495,4.495,4.325,4.345,145193600
HAVELLS,2004-11-05,4.438,4.445,4.35,4.364,57846400
HAVELLS,2004-11-08,4.496,4.5,4.375,4.395,142761600
HAVELLS,2004-11-09,4.488,4.488,4.325,4.334,64976000
HAVELLS,2004-11-10,4.37,4.385,4.3,4.313,86691200
HAVELLS,2004-11-11,4.421,4.421,4.303,4.319,69113600
HAVELLS,2004-11-12,4.325,4.36,4.303,4.339,29356800
HAVELLS,2004-11-15,4.339,4.339,4.339,4.339,0
HAVELLS,2004-11-16,4.373,4.375,4.188,4.22,127264000
HAVELLS,2004-11-17,4.263,4.4,4.203,4.309,182608000
HAVELLS,2004-11-18,4.338,4.381,4.3,4.341,89584000
HAVELLS,2004-11-19,4.35,4.425,4.338,4.368,200441600
HAVELLS,2004-11-22,4.35,4.4,4.253,4.363,39616000
HAVELLS,2004-11-23,4.413,4.538,4.375,4.45,231721600
HAVELLS,2004-11-24,4.475,4.685,4.475,4.639,288198400
HAVELLS,2004-11-25,4.543,4.835,4.543,4.63,325644800
HAVELLS,2004-11-26,4.63,4.63,4.63,4.63,0
HAVELLS,2004-11-29,4.625,4.796,4.575,4.589,108630400
HAVELLS,2004-11-30,4.6,4.67,4.475,4.508,115001600
HAVELLS,2004-12-01,4.55,4.55,4.384,4.469,74384000
HAVELLS,2004-12-02,4.5,4.625,4.5,4.58,81465600
HAVELLS,2004-12-03,4.625,5.371,4.555,5.041,554054400
HAVELLS,2004-12-06,5.1,5.348,5.0,5.079,375081600
HAVELLS,2004-12-07,5.125,5.125,4.968,5.073,97814400
HAVELLS,2004-12-08,5.075,5.271,5.025,5.206,221814400
HAVELLS,2004-12-09,5.25,5.6,5.226,5.509,420649600
HAVELLS,2004-12-10,5.575,5.743,5.401,5.513,297392000
HAVELLS,2004-12-13,5.525,5.668,5.5,5.53,155369600
HAVELLS,2004-12-14,5.591,6.224,5.563,6.058,409027200
HAVELLS,2004-12-15,6.2,6.425,5.95,6.043,363852800
HAVELLS,2004-12-16,6.094,6.151,5.83,5.879,224454400
HAVELLS,2004-12-17,5.775,6.75,5.754,6.381,512192000
HAVELLS,2004-12-20,6.499,6.62,6.153,6.284,246016000
HAVELLS,2004-12-21,6.343,6.498,6.15,6.188,145094400
HAVELLS,2004-12-22,6.25,6.318,6.125,6.146,98649600
HAVELLS,2004-12-23,6.15,6.226,6.091,6.119,51926400
HAVELLS,2004-12-24,6.199,6.225,6.078,6.095,50358400
HAVELLS,2004-12-27,6.095,6.389,5.66,6.339,124204800
HAVELLS,2004-12-28,6.474,6.474,6.225,6.308,74025600
HAVELLS,2004-12-29,6.365,6.375,6.133,6.191,74556800
HAVELLS,2004-12-30,6.236,6.323,6.026,6.053,62716800
HAVELLS,2004-12-31,6.148,7.25,6.075,6.975,515283200
HAVELLS,2005-01-03,7.125,7.125,6.7,6.816,247347200
HAVELLS,2005-01-04,6.875,6.973,6.728,6.794,118422400
HAVELLS,2005-01-05,6.75,6.84,5.81,6.159,244652800
HAVELLS,2005-01-06,6.25,6.31,5.938,6.008,231420800
HAVELLS,2005-01-07,6.068,6.2,6.003,6.076,74716800
HAVELLS,2005-01-10,6.131,6.225,5.908,5.994,71705600
HAVELLS,2005-01-11,6.063,6.085,5.825,5.876,106339200
HAVELLS,2005-01-12,5.834,5.925,5.39,5.514,78188800
HAVELLS,2005-01-13,5.685,5.875,5.55,5.825,99062400
HAVELLS,2005-01-14,5.875,6.023,5.7,5.791,49308800
HAVELLS,2005-01-17,5.843,5.856,5.575,5.694,51196800
HAVELLS,2005-01-18,5.744,5.938,5.713,5.855,36224000
HAVELLS,2005-01-19,5.825,5.975,5.683,5.894,170553600
HAVELLS,2005-01-20,5.853,5.919,5.605,5.641,49638400
HAVELLS,2005-01-24,5.625,5.725,5.6,5.634,15465600
HAVELLS,2005-01-25,5.65,5.845,5.525,5.75,158300800
HAVELLS,2005-01-27,5.875,6.9,5.875,6.228,356134400
HAVELLS,2005-01-28,6.295,6.3,5.9,6.004,377049600
HAVELLS,2005-01-31,6.078,6.57,6.078,6.434,250614400
HAVELLS,2005-02-01,6.45,7.286,6.45,6.989,1418979200
HAVELLS,2005-02-02,7.069,7.338,7.0,7.108,407062400
HAVELLS,2005-02-03,7.178,7.353,7.075,7.155,136809600
HAVELLS,2005-02-04,7.204,7.245,6.925,7.046,113065600
HAVELLS,2005-02-07,7.025,7.213,7.003,7.129,111401600
HAVELLS,2005-02-08,7.125,7.903,6.983,7.733,1544480000
HAVELLS,2005-02-09,7.8,7.938,7.45,7.5,278032000
HAVELLS,2005-02-10,7.575,7.773,7.5,7.535,163849600
HAVELLS,2005-02-11,7.599,7.9,7.598,7.704,330227200
HAVELLS,2005-02-14,7.75,7.788,7.525,7.569,92268800
HAVELLS,2005-02-15,7.625,7.718,7.4,7.665,246323200
HAVELLS,2005-02-16,7.528,7.699,7.279,7.371,104768000
HAVELLS,2005-02-17,7.35,7.623,7.25,7.311,123686400
HAVELLS,2005-02-18,7.35,7.5,7.0,7.055,108665600
HAVELLS,2005-02-21,7.055,7.235,6.778,6.841,116054400
HAVELLS,2005-02-22,6.875,7.0,6.798,6.855,148192000
HAVELLS,2005-02-23,6.924,6.925,6.8,6.861,76275200
HAVELLS,2005-02-24,6.925,7.1,6.801,6.861,138489600
HAVELLS,2005-02-25,6.968,7.0,6.653,6.729,91132800
HAVELLS,2005-02-28,6.75,7.075,6.725,6.92,183468800
HAVELLS,2005-03-01,6.888,7.05,6.859,6.913,108838400
HAVELLS,2005-03-02,6.975,7.314,6.925,7.176,280630400
HAVELLS,2005-03-03,7.274,7.625,7.25,7.438,186931200
HAVELLS,2005-03-04,7.47,7.613,7.276,7.355,205510400
HAVELLS,2005-03-07,7.35,7.55,7.326,7.349,95379200
HAVELLS,2005-03-08,7.375,7.475,7.125,7.248,62563200
HAVELLS,2005-03-09,7.225,7.35,6.878,6.969,96384000
HAVELLS,2005-03-10,6.988,7.25,6.879,6.925,133660800
HAVELLS,2005-03-11,6.975,7.085,6.756,6.818,119619200
HAVELLS,2005-03-14,6.838,6.925,6.688,6.749,75868800
HAVELLS,2005-03-15,6.825,6.825,6.663,6.684,64816000
HAVELLS,2005-03-16,6.725,7.498,6.695,6.769,73904000
HAVELLS,2005-03-17,6.8,6.813,6.625,6.666,30979200
HAVELLS,2005-03-18,6.725,6.775,6.53,6.685,45436800
HAVELLS,2005-03-21,6.8,6.848,6.625,6.666,42969600
HAVELLS,2005-03-22,6.706,6.706,6.381,6.415,40016000
HAVELLS,2005-03-23,6.475,6.535,6.2,6.266,47945600
HAVELLS,2005-03-24,6.293,6.293,5.95,6.133,78310400
HAVELLS,2005-03-28,6.225,6.438,6.175,6.391,45094400
HAVELLS,2005-03-29,6.376,6.376,6.238,6.284,59795200
HAVELLS,2005-03-30,6.325,6.575,6.281,6.506,56496000
HAVELLS,2005-03-31,6.55,6.695,6.175,6.61,231523200
HAVELLS,2005-04-01,6.675,6.723,6.539,6.628,38278400
HAVELLS,2005-04-04,6.706,6.838,6.626,6.783,47596800
HAVELLS,2005-04-05,6.85,6.85,6.533,6.76,57347200
HAVELLS,2005-04-06,6.744,6.75,6.641,6.671,12425600
HAVELLS,2005-04-07,6.625,6.75,6.625,6.664,14172800
HAVELLS,2005-04-08,6.69,6.813,6.5,6.54,23779200
HAVELLS,2005-04-11,6.551,6.575,6.35,6.363,32585600
HAVELLS,2005-04-12,6.475,6.548,6.455,6.483,25417600
HAVELLS,2005-04-13,6.583,6.685,6.325,6.353,30224000
HAVELLS,2005-04-15,6.353,6.7,6.213,6.606,78256000
HAVELLS,2005-04-18,6.575,6.625,6.313,6.544,62588800
HAVELLS,2005-04-19,6.873,6.873,6.443,6.53,44828800
HAVELLS,2005-04-20,6.538,6.725,6.438,6.521,56204800
HAVELLS,2005-04-21,6.7,6.85,6.525,6.7,62297600
HAVELLS,2005-04-22,6.745,7.055,6.725,6.958,341344000
HAVELLS,2005-04-25,7.0,7.275,6.975,7.041,382691200
HAVELLS,2005-04-26,7.098,7.661,7.028,7.575,450928000
HAVELLS,2005-04-27,7.623,7.9,7.425,7.615,342368000
HAVELLS,2005-04-28,7.475,7.85,7.475,7.696,176761600
HAVELLS,2005-04-29,7.675,7.844,7.575,7.734,176713600
HAVELLS,2005-05-02,7.75,7.986,7.725,7.814,252371200
HAVELLS,2005-05-03,7.8,8.025,7.726,7.963,181500800
HAVELLS,2005-05-04,7.963,8.2,7.963,8.155,227177600
HAVELLS,2005-05-05,8.2,8.3,8.008,8.13,251638400
HAVELLS,2005-05-06,8.225,8.75,7.65,8.546,681417600
HAVELLS,2005-05-09,8.6,8.805,8.506,8.588,175715200
HAVELLS,2005-05-10,8.601,8.925,8.526,8.763,208940800
HAVELLS,2005-05-11,8.864,8.95,8.75,8.788,175321600
HAVELLS,2005-05-12,8.875,9.675,8.85,9.395,3072937600
HAVELLS,2005-05-13,9.57,9.935,9.45,9.673,1357888000
HAVELLS,2005-05-16,9.745,9.875,9.625,9.65,385180800
HAVELLS,2005-05-17,9.796,9.796,9.358,9.454,262640000
HAVELLS,2005-05-18,9.454,9.698,9.375,9.6,158473600
HAVELLS,2005-05-19,9.725,9.791,9.426,9.466,96051200
HAVELLS,2005-05-20,9.503,9.575,9.375,9.386,83788800
HAVELLS,2005-05-23,9.255,9.875,9.255,9.57,125769600
HAVELLS,2005-05-24,9.6,9.625,9.405,9.455,41644800
HAVELLS,2005-05-25,9.599,9.625,9.501,9.58,87702400
HAVELLS,2005-05-26,9.625,9.7,9.575,9.654,60451200
HAVELLS,2005-05-27,10.0,10.0,9.613,9.631,50473600
HAVELLS,2005-05-30,9.625,9.688,9.525,9.593,34985600
HAVELLS,2005-05-31,9.673,9.673,9.425,9.455,40086400
HAVELLS,2005-06-01,9.25,9.619,9.25,9.465,61619200
HAVELLS,2005-06-02,9.525,9.65,9.253,9.608,55257600
HAVELLS,2005-06-03,9.925,9.925,9.525,9.725,57718400
HAVELLS,2005-06-06,9.7,10.398,9.625,10.224,384243200
HAVELLS,2005-06-07,10.125,10.455,10.125,10.231,176707200
HAVELLS,2005-06-08,10.295,10.324,10.15,10.27,82182400
HAVELLS,2005-06-09,10.125,10.31,10.125,10.204,30560000
HAVELLS,2005-06-10,10.299,10.423,10.175,10.23,66281600
HAVELLS,2005-06-13,10.253,10.369,10.2,10.224,30406400
HAVELLS,2005-06-14,10.2,10.288,10.175,10.19,24576000
HAVELLS,2005-06-15,10.244,10.45,10.2,10.375,56358400
HAVELLS,2005-06-16,10.4,10.65,10.4,10.495,139587200
HAVELLS,2005-06-17,10.525,10.525,10.025,10.198,68240000
HAVELLS,2005-06-20,10.48,10.48,10.0,10.07,49939200
HAVELLS,2005-06-21,10.099,10.241,10.099,10.126,22918400
HAVELLS,2005-06-22,10.125,10.2,9.601,9.904,45638400
HAVELLS,2005-06-23,10.024,10.175,9.875,10.001,57440000
HAVELLS,2005-06-24,9.869,10.05,9.869,10.0,21094400
HAVELLS,2005-06-27,9.7,10.15,9.7,9.89,28243200
HAVELLS,2005-06-28,9.925,9.925,9.55,9.66,68396800
HAVELLS,2005-06-29,9.675,9.738,9.55,9.644,34252800
HAVELLS,2005-06-30,9.743,9.875,9.603,9.748,39366400
HAVELLS,2005-07-01,9.774,9.774,9.633,9.705,13744000
HAVELLS,2005-07-04,9.89,9.89,9.651,9.759,25411200
HAVELLS,2005-07-05,9.9,9.9,9.625,9.703,24067200
HAVELLS,2005-07-06,9.75,9.945,9.704,9.915,32291200
HAVELLS,2005-07-07,10.12,10.12,9.775,9.843,28262400
HAVELLS,2005-07-08,9.825,9.938,9.714,9.751,20531200
HAVELLS,2005-07-11,9.801,9.945,9.775,9.795,17753600
HAVELLS,2005-07-12,9.868,9.95,9.826,9.849,12041600
HAVELLS,2005-07-13,9.999,10.475,9.843,10.225,109923200
HAVELLS,2005-07-14,10.45,10.45,10.003,10.143,22793600
HAVELLS,2005-07-15,10.2,10.25,10.0,10.181,35958400
HAVELLS,2005-07-18,10.1,10.294,10.0,10.068,46940800
HAVELLS,2005-07-19,10.075,10.2,10.058,10.109,17094400
HAVELLS,2005-07-20,10.256,11.5,10.178,10.946,300723200
HAVELLS,2005-07-21,11.375,13.136,11.3,12.95,988825600
HAVELLS,2005-07-22,13.136,13.25,12.375,12.521,742937600
HAVELLS,2005-07-25,12.535,12.775,12.498,12.63,342880000
HAVELLS,2005-07-26,12.713,13.85,12.259,13.579,561075200
HAVELLS,2005-07-27,13.695,14.938,13.39,14.916,1147139200
HAVELLS,2005-07-28,14.9163,14.9163,14.9163,14.9163,0
HAVELLS,2005-07-29,15.366,16.093,14.651,15.224,858441600
HAVELLS,2005-08-01,15.275,16.0,15.179,15.421,347180800
HAVELLS,2005-08-02,15.493,15.723,15.198,15.303,247897600
HAVELLS,2005-08-03,15.36,15.5,15.014,15.124,239062400
HAVELLS,2005-08-04,15.1,15.883,15.0,15.218,110711200
HAVELLS,2005-08-05,15.25,15.9,15.1,15.5,86486400
HAVELLS,2005-08-08,15.6,15.75,15.155,15.238,33666400
HAVELLS,2005-08-09,15.25,15.383,15.015,15.078,21761600
HAVELLS,2005-08-10,15.0,15.3,15.0,15.14,13860800
HAVELLS,2005-08-11,15.25,15.425,14.9,15.065,21317600
HAVELLS,2005-08-12,15.2,15.238,14.805,14.895,15636800
HAVELLS,2005-08-16,15.04,15.195,14.6,14.703,16428800
HAVELLS,2005-08-17,14.8,14.85,14.418,14.523,17450400
HAVELLS,2005-08-18,14.988,14.995,14.25,14.363,22654400
HAVELLS,2005-08-19,14.65,14.685,14.005,14.095,16493600
HAVELLS,2005-08-22,14.25,14.435,14.1,14.33,20460800
HAVELLS,2005-08-23,14.49,14.65,14.163,14.34,16712800
HAVELLS,2005-08-24,14.388,14.5,14.105,14.395,14035200
HAVELLS,2005-08-25,14.395,14.945,14.375,14.678,17285600
HAVELLS,2005-08-26,14.95,15.198,14.6,14.675,28036000
HAVELLS,2005-08-29,14.75,14.845,14.25,14.735,14280800
HAVELLS,2005-08-30,14.975,14.975,14.628,14.698,14076000
HAVELLS,2005-08-31,14.848,14.92,14.5,14.73,13307200
HAVELLS,2005-09-01,14.6,15.468,14.6,15.468,26935200
HAVELLS,2005-09-02,15.875,16.243,15.64,16.243,104686400
HAVELLS,2005-09-05,17.055,17.055,17.055,17.055,15488000
HAVELLS,2005-09-06,17.91,17.91,17.91,17.91,14652800
HAVELLS,2005-09-08,18.808,18.808,17.253,17.735,174010400
HAVELLS,2005-09-09,17.8,18.0,17.0,17.12,77307200
HAVELLS,2005-09-12,17.25,17.835,17.108,17.208,53636800
HAVELLS,2005-09-13,17.445,17.445,16.7,16.948,29772000
HAVELLS,2005-09-14,16.85,17.1,16.75,16.853,25917600
HAVELLS,2005-09-15,17.095,17.25,16.905,17.18,21492800
HAVELLS,2005-09-16,16.7,17.2,16.325,16.62,40223200
HAVELLS,2005-09-19,16.62,17.24,16.62,17.135,68195200
HAVELLS,2005-09-20,17.11,17.2,16.7,16.765,23150400
HAVELLS,2005-09-21,16.6,17.2,15.928,17.028,51802400
HAVELLS,2005-09-22,16.925,16.925,16.178,16.178,25344800
HAVELLS,2005-09-23,16.195,16.453,15.37,15.628,51452800
HAVELLS,2005-09-26,16.0,16.41,15.863,16.41,22958400
HAVELLS,2005-09-27,16.9,17.233,16.9,17.233,32317600
HAVELLS,2005-09-28,17.945,18.095,17.503,17.638,99484800
HAVELLS,2005-09-29,17.75,18.07,17.05,17.183,30674400
HAVELLS,2005-09-30,17.338,17.95,16.905,17.488,81909600
HAVELLS,2005-10-03,17.015,18.12,17.015,17.998,98726400
HAVELLS,2005-10-04,18.275,18.898,18.15,18.453,172345600
HAVELLS,2005-10-05,18.745,18.75,18.1,18.525,115568000
HAVELLS,2005-10-06,18.25,19.45,18.25,18.963,144987200
HAVELLS,2005-10-07,18.925,19.25,18.608,18.755,40920000
HAVELLS,2005-10-10,18.3,18.9,18.113,18.753,46341600
HAVELLS,2005-10-11,18.75,18.75,18.105,18.28,20089600
HAVELLS,2005-10-13,18.41,18.65,17.76,18.063,16415200
HAVELLS,2005-10-14,18.275,18.275,17.4,17.533,15100800
HAVELLS,2005-10-17,17.735,18.25,16.253,18.055,40088800
HAVELLS,2005-10-18,18.088,18.3,17.003,17.26,23842400
HAVELLS,2005-10-19,16.853,17.65,16.5,16.768,25090400
HAVELLS,2005-10-20,17.225,17.65,16.6,17.01,35187200
HAVELLS,2005-10-21,16.75,17.495,16.6,17.023,43460000
HAVELLS,2005-10-24,17.32,17.5,17.0,17.098,34676800
HAVELLS,2005-10-25,17.005,17.25,17.005,17.05,7941600
HAVELLS,2005-10-26,17.23,17.4,16.953,17.0,8810400
HAVELLS,2005-10-27,17.2,17.485,17.005,17.13,20025600
HAVELLS,2005-10-28,17.15,17.25,16.555,16.858,27253600
HAVELLS,2005-10-31,17.1,17.35,17.0,17.223,16664000
HAVELLS,2005-11-02,17.9,17.9,17.15,17.358,6027200
HAVELLS,2005-11-04,17.358,17.358,17.358,17.358,0
HAVELLS,2005-11-07,17.45,17.45,17.05,17.133,14087200
HAVELLS,2005-11-08,17.3,17.43,17.05,17.215,13194400
HAVELLS,2005-11-09,17.485,17.485,16.9,17.008,10724800
HAVELLS,2005-11-10,17.22,17.22,16.85,16.893,8935200
HAVELLS,2005-11-11,17.195,17.263,17.025,17.148,10045600
HAVELLS,2005-11-14,17.485,18.863,17.385,18.863,112053600
HAVELLS,2005-11-16,19.25,20.35,19.113,19.263,273765600
HAVELLS,2005-11-17,19.49,19.7,19.195,19.52,93188800
HAVELLS,2005-11-18,19.6,19.703,18.8,18.948,44331200
HAVELLS,2005-11-21,19.148,19.35,18.28,18.368,48461600
HAVELLS,2005-11-22,18.315,18.548,18.105,18.238,23429600
HAVELLS,2005-11-23,18.398,18.493,17.85,17.965,41563200
HAVELLS,2005-11-24,18.195,19.223,18.03,18.7,64321600
HAVELLS,2005-11-25,18.85,18.985,17.9,18.463,42816000
HAVELLS,2005-11-28,18.75,18.8,18.35,18.48,35284800
HAVELLS,2005-11-29,18.5,18.5,17.95,18.398,15952800
HAVELLS,2005-11-30,18.565,18.733,18.055,18.225,24155200
HAVELLS,2005-12-01,18.35,18.6,17.975,18.195,21240800
HAVELLS,2005-12-02,18.415,18.575,18.15,18.243,14596000
HAVELLS,2005-12-05,18.485,18.485,18.063,18.105,13380800
HAVELLS,2005-12-06,18.24,18.6,18.113,18.388,25060000
HAVELLS,2005-12-07,18.413,18.825,18.25,18.32,20908000
HAVELLS,2005-12-08,18.575,19.09,18.278,18.945,40232800
HAVELLS,2005-12-09,19.155,19.69,19.1,19.25,86109600
HAVELLS,2005-12-12,19.25,19.488,18.75,18.878,19923200
HAVELLS,2005-12-13,19.083,19.3,18.755,19.115,14080800
HAVELLS,2005-12-14,19.125,19.248,18.658,19.085,32929600
HAVELLS,2005-12-15,19.2,19.2,18.7,18.81,9275200
HAVELLS,2005-12-16,18.65,19.5,18.6,19.285,16370400
HAVELLS,2005-12-19,19.285,19.8,19.0,19.65,42182400
HAVELLS,2005-12-20,19.75,20.1,19.353,19.945,49451200
HAVELLS,2005-12-21,19.928,20.815,19.928,20.32,102702400
HAVELLS,2005-12-22,20.15,20.65,20.15,20.348,28716000
HAVELLS,2005-12-23,20.425,20.748,19.78,20.01,24597600
HAVELLS,2005-12-26,18.765,21.05,18.765,20.043,59078400
HAVELLS,2005-12-27,19.6,20.485,19.6,20.023,17556800
HAVELLS,2005-12-28,20.385,20.385,19.75,19.865,8381600
HAVELLS,2005-12-29,20.335,20.335,19.75,19.9,13121600
HAVELLS,2005-12-30,20.0,20.075,19.7,19.815,14944800
HAVELLS,2006-01-02,20.125,20.745,19.913,20.473,15852400
HAVELLS,2006-01-03,20.745,20.75,20.5,20.605,10350000
HAVELLS,2006-01-04,20.8,20.985,20.355,20.54,5290000
HAVELLS,2006-01-05,20.468,20.55,20.205,20.373,5009600
HAVELLS,2006-01-06,20.253,20.745,20.225,20.283,3066400
HAVELLS,2006-01-09,20.25,20.525,20.248,20.34,2403200
HAVELLS,2006-01-10,20.35,20.4,19.5,20.073,7025200
HAVELLS,2006-01-12,20.05,20.195,19.815,20.085,3272400
HAVELLS,2006-01-13,20.125,20.24,20.055,20.173,3270000
HAVELLS,2006-01-16,20.173,20.25,20.005,20.09,4076000
HAVELLS,2006-01-17,20.47,20.473,19.855,19.998,6467600
HAVELLS,2006-01-18,19.95,20.05,19.5,19.643,2994800
HAVELLS,2006-01-19,19.995,20.32,19.75,20.195,5224400
HAVELLS,2006-01-20,20.25,20.64,20.0,20.21,9218400
HAVELLS,2006-01-23,20.45,20.735,20.395,20.678,7618000
HAVELLS,2006-01-24,20.65,21.94,20.65,21.355,40513200
HAVELLS,2006-01-25,21.59,21.79,19.903,20.078,49245600
HAVELLS,2006-01-27,20.425,20.5,19.95,20.033,18980400
HAVELLS,2006-01-30,20.4,20.485,19.4,19.568,14488800
HAVELLS,2006-01-31,19.625,20.0,19.35,19.558,12587200
HAVELLS,2006-02-01,19.84,19.84,19.0,19.263,18036400
HAVELLS,2006-02-02,19.748,19.748,19.0,19.055,6408800
HAVELLS,2006-02-03,19.5,19.5,18.85,18.963,7459600
HAVELLS,2006-02-06,19.005,19.6,18.85,19.493,22936800
HAVELLS,2006-02-07,19.6,19.938,19.4,19.783,14821600
HAVELLS,2006-02-08,20.0,20.0,19.6,19.768,25203200
HAVELLS,2006-02-10,19.95,20.5,19.75,20.333,27553600
HAVELLS,2006-02-13,20.45,21.45,20.263,21.305,30692800
HAVELLS,2006-02-14,21.35,21.85,20.7,20.925,16630400
HAVELLS,2006-02-15,21.0,21.25,20.128,20.3,8665600
HAVELLS,2006-02-16,20.598,21.15,20.455,20.888,10070000
HAVELLS,2006-02-17,21.1,21.195,20.775,21.01,18181600
HAVELLS,2006-02-20,20.263,21.1,20.25,20.743,14836400
HAVELLS,2006-02-21,20.998,21.2,20.455,20.625,5776400
HAVELLS,2006-02-22,20.75,20.79,20.075,20.25,7569200
HAVELLS,2006-02-23,20.5,21.05,20.5,20.838,8220400
HAVELLS,2006-02-24,20.75,21.05,20.65,20.878,9788000
HAVELLS,2006-02-27,20.75,21.15,20.75,21.0,10250400
HAVELLS,2006-02-28,21.15,22.22,21.05,21.705,30458000
HAVELLS,2006-03-01,22.225,22.25,21.65,21.835,18753600
HAVELLS,2006-03-02,21.85,23.6,21.603,22.683,24970800
HAVELLS,2006-03-03,22.0,23.4,22.0,22.86,12831600
HAVELLS,2006-03-06,23.125,24.56,22.95,24.033,29143600
HAVELLS,2006-03-07,24.345,26.263,24.0,25.133,73688800
HAVELLS,2006-03-08,25.6,25.685,23.4,23.785,45287600
HAVELLS,2006-03-09,24.005,25.1,23.28,24.778,36173200
HAVELLS,2006-03-10,25.245,25.5,24.3,24.423,23946800
HAVELLS,2006-03-13,24.75,25.25,24.3,24.508,20416000
HAVELLS,2006-03-14,24.75,26.9,24.5,26.438,86010800
HAVELLS,2006-03-16,28.37,28.37,26.0,26.353,80691600
HAVELLS,2006-03-17,26.648,26.648,25.35,25.51,26565200
HAVELLS,2006-03-20,25.7,26.898,25.7,26.768,32753200
HAVELLS,2006-03-21,26.775,27.45,24.675,26.765,39216400
HAVELLS,2006-03-22,26.988,27.25,26.55,26.903,31773200
HAVELLS,2006-03-23,27.23,27.23,26.5,26.723,16916400
HAVELLS,2006-03-24,27.198,29.0,26.75,28.035,37891200
HAVELLS,2006-03-27,28.265,29.385,26.75,27.033,33373600
HAVELLS,2006-03-28,27.433,27.725,26.005,26.405,30700800
HAVELLS,2006-03-29,27.395,27.395,25.6,25.723,28800000
HAVELLS,2006-03-30,26.315,28.248,26.053,27.68,34282800
HAVELLS,2006-03-31,28.1,28.1,27.0,27.28,20524400
HAVELLS,2006-04-03,27.75,29.75,27.75,28.873,32013200
HAVELLS,2006-04-04,29.2,29.2,28.008,28.74,14462800
HAVELLS,2006-04-05,28.8,30.398,28.365,29.845,26805600
HAVELLS,2006-04-07,29.95,31.75,29.75,30.828,56450800
HAVELLS,2006-04-10,31.0,33.225,30.9,31.958,32324400
HAVELLS,2006-04-12,32.66,32.66,30.063,30.395,29167200
HAVELLS,2006-04-13,30.25,31.25,29.255,29.935,17189200
HAVELLS,2006-04-17,30.25,30.995,29.5,30.055,11094000
HAVELLS,2006-04-18,30.095,30.885,28.8,29.643,13534800
HAVELLS,2006-04-19,30.4,30.485,29.015,29.33,14800400
HAVELLS,2006-04-20,29.325,30.048,29.325,29.54,5685200
HAVELLS,2006-04-21,29.795,30.898,29.553,30.635,13088400
HAVELLS,2006-04-24,31.038,31.35,30.598,30.748,9077200
HAVELLS,2006-04-25,31.39,31.4,29.5,29.775,7355200
HAVELLS,2006-04-26,30.3,30.7,29.753,30.403,4996000
HAVELLS,2006-04-27,30.75,30.94,29.575,30.098,4818000
HAVELLS,2006-04-28,27.685,30.1,25.05,29.843,8363200
HAVELLS,2006-05-02,30.75,30.785,30.055,30.21,3915200
HAVELLS,2006-05-03,30.21,32.5,28.6,31.8,37371600
HAVELLS,2006-05-04,32.15,32.15,30.55,30.76,10431600
HAVELLS,2006-05-05,31.35,31.35,30.513,30.693,6071600
HAVELLS,2006-05-08,32.0,33.75,31.75,32.07,50282400
HAVELLS,2006-05-09,32.5,32.865,32.055,32.678,20429600
HAVELLS,2006-05-10,32.3,33.743,32.3,33.308,24384400
HAVELLS,2006-05-11,33.495,37.45,33.0,35.555,89786400
HAVELLS,2006-05-12,35.85,37.2,33.11,35.835,41338400
HAVELLS,2006-05-15,36.25,37.4,35.7,36.088,33524000
HAVELLS,2006-05-16,36.75,37.25,32.5,35.235,31734800
HAVELLS,2006-05-17,35.5,38.7,35.5,37.55,68811200
HAVELLS,2006-05-18,37.4,39.22,33.5,34.67,170485600
HAVELLS,2006-05-19,36.9,37.763,33.283,33.868,72949600
HAVELLS,2006-05-22,34.998,35.778,28.75,31.313,39166400
HAVELLS,2006-05-23,31.25,31.25,29.81,30.715,31582400
HAVELLS,2006-05-24,32.385,33.75,30.7,32.17,25200800
HAVELLS,2006-05-25,31.5,32.435,31.25,31.438,16139600
HAVELLS,2006-05-26,32.0,33.498,31.71,31.895,17729200
HAVELLS,2006-05-29,32.5,32.7,31.9,32.268,11050400
HAVELLS,2006-05-30,32.5,32.7,31.655,32.06,10299200
HAVELLS,2006-05-31,28.8,31.945,28.8,30.508,25259200
HAVELLS,2006-06-01,31.5,31.5,29.26,29.853,11146400
HAVELLS,2006-06-02,29.853,29.853,28.0,28.943,17160000
HAVELLS,2006-06-05,28.943,30.5,27.25,29.368,11293600
HAVELLS,2006-06-06,28.1,28.748,28.0,28.203,11609600
HAVELLS,2006-06-07,28.225,28.225,24.613,24.953,16196400
HAVELLS,2006-06-08,23.5,23.998,20.5,21.955,21691600
HAVELLS,2006-06-09,21.955,25.25,19.515,24.843,28979600
HAVELLS,2006-06-12,26.2,26.25,23.55,23.728,19592400
HAVELLS,2006-06-13,23.25,23.25,21.855,22.098,9840800
HAVELLS,2006-06-14,25.75,25.75,22.1,22.993,20889200
HAVELLS,2006-06-15,23.95,25.0,22.55,24.05,17025200
HAVELLS,2006-06-16,24.935,26.248,23.515,24.003,28756400
HAVELLS,2006-06-19,24.025,26.67,22.84,26.263,28966000
HAVELLS,2006-06-20,26.4,28.72,25.008,27.025,42115200
HAVELLS,2006-06-21,26.4,29.0,25.17,27.773,21507600
HAVELLS,2006-06-22,28.65,29.693,28.0,29.115,24888000
HAVELLS,2006-06-23,28.325,30.003,27.658,29.105,25762400
HAVELLS,2006-06-26,29.5,30.2,28.05,28.418,20597200
HAVELLS,2006-06-27,28.25,28.8,26.7,27.045,18145200
HAVELLS,2006-06-28,27.045,27.095,26.1,26.34,10759600
HAVELLS,2006-06-29,27.35,27.378,24.515,26.623,12148400
HAVELLS,2006-06-30,27.885,28.445,27.25,27.565,13914400
HAVELLS,2006-07-03,28.25,28.34,27.625,27.855,7474400
HAVELLS,2006-07-04,28.0,28.75,28.0,28.45,15424800
HAVELLS,2006-07-05,28.45,29.65,28.25,29.375,15375600
HAVELLS,2006-07-06,29.95,31.1,29.7,30.555,40219200
HAVELLS,2006-07-07,31.1,31.955,30.0,30.425,35935600
HAVELLS,2006-07-10,30.005,31.0,29.65,30.273,20514400
HAVELLS,2006-07-11,30.735,31.0,30.15,30.318,12502000
HAVELLS,2006-07-12,30.005,30.838,29.25,30.663,16874400
HAVELLS,2006-07-13,30.75,31.488,30.5,30.805,18558400
HAVELLS,2006-07-14,30.85,31.248,30.0,31.0,14137600
HAVELLS,2006-07-17,31.35,31.625,30.513,30.645,18685200
HAVELLS,2006-07-18,31.0,31.235,29.573,29.735,16734800
HAVELLS,2006-07-19,30.22,30.445,28.0,28.4,21858800
HAVELLS,2006-07-20,29.99,30.9,28.505,28.68,928310
HAVELLS,2006-07-21,28.7,28.7,27.3,27.56,359050
HAVELLS,2006-07-24,26.9,27.0,25.7,26.75,328000
HAVELLS,2006-07-25,27.395,27.725,26.3,26.585,208500
HAVELLS,2006-07-26,25.6,27.48,25.6,26.79,300480
HAVELLS,2006-07-27,26.79,27.49,26.7,27.05,232320
HAVELLS,2006-07-28,27.05,27.395,27.0,27.16,249290
HAVELLS,2006-07-31,27.88,30.8,27.305,29.78,1344760
HAVELLS,2006-08-01,29.8,29.97,28.57,28.785,473700
HAVELLS,2006-08-02,28.7,29.8,28.6,29.52,409060
HAVELLS,2006-08-03,29.79,30.47,29.5,29.735,386430
HAVELLS,2006-08-04,30.0,30.0,28.61,29.05,330310
HAVELLS,2006-08-07,29.1,29.36,28.5,28.665,208480
HAVELLS,2006-08-08,30.8,30.8,28.56,28.74,324240
HAVELLS,2006-08-09,28.51,29.135,28.3,28.445,426900
HAVELLS,2006-08-10,28.685,28.87,27.8,28.015,690750
HAVELLS,2006-08-11,28.15,28.87,27.7,28.53,827190
HAVELLS,2006-08-14,28.78,29.445,28.78,29.105,607670
HAVELLS,2006-08-16,29.48,30.55,29.48,29.615,1200720
HAVELLS,2006-08-17,29.9,30.17,28.805,28.91,429110
HAVELLS,2006-08-18,28.91,29.1,28.7,28.865,266800
HAVELLS,2006-08-21,29.0,29.35,28.715,28.905,244800
HAVELLS,2006-08-22,29.2,29.3,28.55,28.675,348380
HAVELLS,2006-08-23,28.8,28.98,28.2,28.435,172110
HAVELLS,2006-08-24,28.5,28.5,28.105,28.46,1164880
HAVELLS,2006-08-25,28.6,30.3,28.51,29.265,975620
HAVELLS,2006-08-28,29.32,29.59,29.02,29.22,194950
HAVELLS,2006-08-29,29.3,29.5,28.83,28.92,229180
HAVELLS,2006-08-30,28.99,29.15,28.33,28.435,256050
HAVELLS,2006-08-31,28.96,29.0,28.225,28.33,172850
HAVELLS,2006-09-01,28.6,28.6,27.8,27.935,436600
HAVELLS,2006-09-04,28.0,28.505,27.5,28.265,490760
HAVELLS,2006-09-05,28.42,28.63,27.86,27.96,471250
HAVELLS,2006-09-06,28.2,29.33,28.1,28.745,902210
HAVELLS,2006-09-07,27.41,29.65,27.41,28.865,1159080
HAVELLS,2006-09-08,28.97,29.3,28.42,28.525,472670
HAVELLS,2006-09-11,28.87,29.4,27.8,28.055,733690
HAVELLS,2006-09-12,28.2,28.495,27.5,27.84,459790
HAVELLS,2006-09-13,28.49,29.0,27.8,27.95,734370
HAVELLS,2006-09-14,28.0,28.5,27.755,27.855,461670
HAVELLS,2006-09-15,28.0,28.1,27.4,27.685,573130
HAVELLS,2006-09-18,28.0,28.2,27.55,27.61,285830
HAVELLS,2006-09-19,28.0,28.0,27.61,27.725,292760
HAVELLS,2006-09-20,27.7,28.45,27.3,28.125,417880
HAVELLS,2006-09-21,28.0,29.0,27.91,28.08,628090
HAVELLS,2006-09-22,28.2,28.7,27.805,28.37,613420
HAVELLS,2006-09-25,28.4,28.6,28.0,28.07,243560
HAVELLS,2006-09-26,28.295,28.36,27.725,27.785,236750
HAVELLS,2006-09-27,28.2,29.3,27.995,29.105,1013620
HAVELLS,2006-09-28,29.35,30.495,29.14,30.0,1978290
HAVELLS,2006-09-29,30.0,31.1,30.0,30.555,1264330
HAVELLS,2006-10-03,30.6,32.22,30.555,31.71,1610820
HAVELLS,2006-10-04,31.71,32.5,30.85,31.435,873900
HAVELLS,2006-10-05,31.7,34.47,30.15,33.03,29135170
HAVELLS,2006-10-06,33.2,33.84,33.1,33.27,1798610
HAVELLS,2006-10-09,33.0,33.2,32.1,32.52,605440
HAVELLS,2006-10-10,32.9,33.0,31.815,32.075,508730
HAVELLS,2006-10-11,32.1,32.49,31.225,31.425,361450
HAVELLS,2006-10-12,31.6,31.9,30.4,31.535,364520
HAVELLS,2006-10-13,31.7,31.995,31.11,31.27,507920
HAVELLS,2006-10-16,31.87,32.3,31.3,31.595,469190
HAVELLS,2006-10-17,31.8,31.9,30.95,31.16,287720
HAVELLS,2006-10-18,31.0,31.59,30.25,31.135,299900
HAVELLS,2006-10-19,30.73,32.7,30.73,32.015,970480
HAVELLS,2006-10-20,32.4,32.67,31.62,31.9,349240
HAVELLS,2006-10-23,32.2,32.475,31.13,31.84,287290
HAVELLS,2006-10-26,32.3,33.3,31.91,32.315,1121290
HAVELLS,2006-10-27,32.9,33.19,31.75,31.85,679200
HAVELLS,2006-10-30,31.99,32.19,31.755,31.855,378850
HAVELLS,2006-10-31,32.195,32.34,30.8,31.065,596170
HAVELLS,2006-11-01,31.4,31.465,30.8,30.84,392120
HAVELLS,2006-11-02,31.37,31.37,30.715,30.84,359180
HAVELLS,2006-11-03,31.0,31.2,30.8,31.0,341700
HAVELLS,2006-11-06,31.195,31.35,30.155,30.385,596820
HAVELLS,2006-11-07,30.9,32.88,30.34,32.09,2561400
HAVELLS,2006-11-08,32.3,32.77,30.9,31.245,1462170
HAVELLS,2006-11-09,31.6,31.6,30.7,30.84,467050
HAVELLS,2006-11-10,30.71,31.5,30.71,31.325,903090
HAVELLS,2006-11-13,31.3,31.77,30.935,31.075,387060
HAVELLS,2006-11-14,31.1,31.6,30.2,30.46,886200
HAVELLS,2006-11-15,30.5,30.95,30.0,30.26,650310
HAVELLS,2006-11-16,30.77,32.71,30.3,32.38,4075810
HAVELLS,2006-11-17,32.5,32.89,31.5,31.9,2189100
HAVELLS,2006-11-20,31.5,31.5,30.5,31.21,773460
HAVELLS,2006-11-21,31.5,32.35,31.2,31.885,930910
HAVELLS,2006-11-22,31.97,32.4,31.5,31.89,1015940
HAVELLS,2006-11-23,30.61,32.2,30.61,31.295,428860
HAVELLS,2006-11-24,31.1,31.8,31.1,31.64,425200
HAVELLS,2006-11-27,30.915,33.28,30.915,32.815,2765440
HAVELLS,2006-11-28,32.94,32.97,31.9,32.525,1206970
HAVELLS,2006-11-29,32.69,33.9,32.69,32.925,1757850
HAVELLS,2006-11-30,33.39,34.0,33.1,33.42,1198560
HAVELLS,2006-12-01,34.8,34.8,33.0,33.455,662840
HAVELLS,2006-12-04,33.68,34.9,33.5,34.01,1609550
HAVELLS,2006-12-05,34.46,34.5,33.405,33.91,989840
HAVELLS,2006-12-06,33.5,34.4,32.6,33.07,925740
HAVELLS,2006-12-07,33.38,35.2,32.72,34.3,3596360
HAVELLS,2006-12-08,34.58,34.58,33.0,33.485,817350
HAVELLS,2006-12-11,33.485,34.4,33.0,33.235,779450
HAVELLS,2006-12-12,32.9,33.6,31.8,32.38,860740
HAVELLS,2006-12-13,32.495,32.86,31.13,32.5,511310
HAVELLS,2006-12-14,32.89,33.355,32.4,33.025,305940
HAVELLS,2006-12-15,33.49,33.69,32.825,33.285,258640
HAVELLS,2006-12-18,33.5,34.0,33.05,33.57,346950
HAVELLS,2006-12-19,33.8,33.85,33.32,33.63,367080
HAVELLS,2006-12-20,33.7,34.35,33.185,34.015,456400
HAVELLS,2006-12-21,34.015,37.47,33.525,36.9,2411920
HAVELLS,2006-12-22,37.3,38.0,36.2,36.895,1808580
HAVELLS,2006-12-26,37.5,38.6,37.01,37.39,1980490
HAVELLS,2006-12-27,37.7,38.3,37.425,37.68,807070
HAVELLS,2006-12-28,37.7,38.05,35.09,37.12,387960
HAVELLS,2006-12-29,37.35,38.0,37.01,37.26,418070
HAVELLS,2007-01-02,37.35,38.05,37.35,37.99,623860
HAVELLS,2007-01-03,37.8,38.6,37.535,37.95,619080
HAVELLS,2007-01-04,38.015,38.295,37.4,37.61,321610
HAVELLS,2007-01-05,37.8,37.995,37.4,37.485,146430
HAVELLS,2007-01-08,37.325,37.97,37.2,37.285,167980
HAVELLS,2007-01-09,37.4,37.7,36.3,36.915,186900
HAVELLS,2007-01-10,37.4,39.09,37.0,38.025,661970
HAVELLS,2007-01-11,38.1,38.8,38.08,38.665,427910
HAVELLS,2007-01-12,38.7,46.4,38.63,46.4,5565870
HAVELLS,2007-01-15,49.8,53.785,47.01,47.43,19411870
HAVELLS,2007-01-16,47.8,48.19,45.3,46.19,6075240
HAVELLS,2007-01-17,46.5,47.77,45.925,46.165,2245870
HAVELLS,2007-01-18,46.56,47.0,44.5,45.105,1092850
HAVELLS,2007-01-19,45.5,46.49,44.805,45.695,1341970
HAVELLS,2007-01-22,46.99,47.675,45.7,45.905,1806190
HAVELLS,2007-01-23,45.0,46.185,42.805,43.4,939690
HAVELLS,2007-01-24,43.98,44.93,43.1,43.96,896890
HAVELLS,2007-01-25,44.645,44.795,44.11,44.295,599210
HAVELLS,2007-01-29,44.6,51.12,43.8,48.17,8841600
HAVELLS,2007-01-31,48.37,50.3,48.17,48.86,5018180
HAVELLS,2007-02-01,49.47,49.86,48.105,48.44,1925330
HAVELLS,2007-02-02,48.7,49.0,47.31,47.625,1468450
HAVELLS,2007-02-05,47.9,49.85,47.1,49.35,1938920
HAVELLS,2007-02-06,49.5,53.3,49.5,51.285,6035530
HAVELLS,2007-02-07,51.4,52.8,47.76,50.96,2297180
HAVELLS,2007-02-08,51.97,51.97,48.73,49.155,1954240
HAVELLS,2007-02-09,49.475,49.475,46.565,47.21,1711000
HAVELLS,2007-02-12,47.63,49.87,45.055,45.62,2221730
HAVELLS,2007-02-13,45.75,47.44,44.2,45.595,1221150
HAVELLS,2007-02-14,44.2,46.49,44.0,44.71,1224520
HAVELLS,2007-02-15,45.445,46.5,45.445,45.905,789590
HAVELLS,2007-02-19,46.25,52.4,45.81,50.49,5985000
HAVELLS,2007-02-20,50.87,51.475,47.81,48.73,2259260
HAVELLS,2007-02-21,49.0,50.6,47.5,50.07,2005490
HAVELLS,2007-02-22,50.0,50.44,48.25,48.52,1030260
HAVELLS,2007-02-23,48.75,49.3,46.8,47.195,1264220
HAVELLS,2007-02-26,47.6,48.0,46.105,47.26,803180
HAVELLS,2007-02-27,47.9,48.395,46.61,47.42,579680
HAVELLS,2007-02-28,43.8,46.875,38.155,45.595,934460
HAVELLS,2007-03-01,45.5,47.49,44.7,44.95,942730
HAVELLS,2007-03-02,45.21,48.685,44.52,44.995,3014190
HAVELLS,2007-03-05,43.0,44.5,41.11,41.65,923000
HAVELLS,2007-03-06,42.39,44.95,40.11,41.02,966570
HAVELLS,2007-03-07,42.9,42.9,40.4,41.015,746300
HAVELLS,2007-03-08,41.4,42.8,40.205,42.545,916170
HAVELLS,2007-03-09,43.04,43.5,41.705,43.22,776590
HAVELLS,2007-03-12,50.54,50.54,42.1,44.58,1077450
HAVELLS,2007-03-13,45.2,48.4,44.99,47.185,5124810
HAVELLS,2007-03-14,46.0,46.5,44.32,44.96,1094130
HAVELLS,2007-03-15,45.7,46.9,44.6,45.085,800540
HAVELLS,2007-03-16,45.5,45.7,44.0,44.655,421740
HAVELLS,2007-03-19,45.4,45.5,44.23,44.505,435620
HAVELLS,2007-03-20,45.2,45.6,44.3,44.535,610110
HAVELLS,2007-03-21,44.8,44.99,44.005,44.3,410010
HAVELLS,2007-03-22,45.0,46.3,44.12,44.59,1913200
HAVELLS,2007-03-23,44.8,44.8,42.59,43.73,1156450
HAVELLS,2007-03-26,44.0,44.5,43.81,44.035,596670
HAVELLS,2007-03-28,44.1,44.1,43.255,43.54,319090
HAVELLS,2007-03-29,43.9,44.15,43.0,43.235,320830
HAVELLS,2007-03-30,43.8,44.0,43.4,43.65,282480
HAVELLS,2007-04-02,43.0,43.0,40.73,41.53,696510
HAVELLS,2007-04-03,41.8,42.7,41.6,42.425,435580
HAVELLS,2007-04-04,43.0,44.0,42.05,43.45,301820
HAVELLS,2007-04-05,42.1,44.28,42.1,43.75,309210
HAVELLS,2007-04-09,44.0,44.725,43.905,44.25,417850
HAVELLS,2007-04-10,44.85,44.9,44.125,44.71,392470
HAVELLS,2007-04-11,50.0,50.0,44.255,44.76,427920
HAVELLS,2007-04-12,44.5,45.2,44.0,44.975,289060
HAVELLS,2007-04-13,45.5,45.5,43.8,44.845,385030
HAVELLS,2007-04-16,45.2,46.4,45.13,46.045,607330
HAVELLS,2007-04-17,46.0,47.58,45.4,46.775,710600
HAVELLS,2007-04-18,47.4,47.6,46.4,46.91,492590
HAVELLS,2007-04-19,46.0,47.0,45.4,46.845,345680
HAVELLS,2007-04-20,47.4,47.7,46.5,46.6,310890
HAVELLS,2007-04-23,47.0,47.7,46.225,46.555,274950
HAVELLS,2007-04-24,46.6,47.5,46.55,47.125,370560
HAVELLS,2007-04-25,47.8,47.8,46.5,47.055,194490
HAVELLS,2007-04-26,47.4,47.7,46.2,46.33,163220
HAVELLS,2007-04-27,45.9,46.9,45.4,45.595,133890
HAVELLS,2007-04-30,46.47,46.47,45.02,45.73,96920
HAVELLS,2007-05-03,46.38,47.2,46.05,46.96,217120
HAVELLS,2007-05-04,47.0,47.45,46.8,47.065,1395990
HAVELLS,2007-05-07,47.4,47.7,46.6,47.095,452930
HAVELLS,2007-05-08,47.095,47.1,46.5,46.74,361200
HAVELLS,2007-05-09,46.75,47.0,46.0,46.405,238660
HAVELLS,2007-05-10,47.0,47.49,46.82,46.955,302430
HAVELLS,2007-05-11,46.5,47.2,46.5,46.795,474420
HAVELLS,2007-05-14,47.99,48.005,47.1,47.455,397840
HAVELLS,2007-05-15,47.94,50.5,47.71,49.825,3447240
HAVELLS,2007-05-16,50.0,50.58,48.5,49.14,1518930
HAVELLS,2007-05-17,49.705,49.705,48.4,48.94,547150
HAVELLS,2007-05-18,49.0,49.0,48.3,48.61,222090
HAVELLS,2007-05-21,48.7,50.5,48.7,49.66,746140
HAVELLS,2007-05-22,50.1,50.4,49.0,49.64,655140
HAVELLS,2007-05-23,49.7,49.835,48.915,49.135,152270
HAVELLS,2007-05-24,49.05,49.475,48.3,48.745,255140
HAVELLS,2007-05-25,49.0,49.5,47.5,48.845,190430
HAVELLS,2007-05-28,49.4,49.54,48.8,48.975,177800
HAVELLS,2007-05-29,48.4,49.5,48.4,48.93,231670
HAVELLS,2007-05-30,49.6,51.9,48.9,49.47,1891910
HAVELLS,2007-05-31,50.0,50.67,48.6,48.875,317810
HAVELLS,2007-06-01,49.19,49.57,47.8,48.475,269610
HAVELLS,2007-06-04,48.5,49.3,47.6,47.79,258500
HAVELLS,2007-06-05,48.16,48.16,46.8,47.1,398330
HAVELLS,2007-06-06,47.5,47.995,46.8,47.065,322930
HAVELLS,2007-06-07,47.4,47.8,46.5,47.125,138390
HAVELLS,2007-06-08,46.1,47.295,46.1,46.6,135530
HAVELLS,2007-06-11,47.09,47.585,46.1,46.455,97060
HAVELLS,2007-06-12,46.6,46.89,45.5,46.1,128280
HAVELLS,2007-06-13,46.315,46.985,45.75,46.595,68280
HAVELLS,2007-06-14,47.19,48.0,46.8,46.975,290960
HAVELLS,2007-06-15,47.6,47.6,46.91,47.04,78210
HAVELLS,2007-06-18,47.7,47.7,46.805,47.52,146660
HAVELLS,2007-06-19,48.2,48.23,46.8,47.24,228580
HAVELLS,2007-06-20,47.485,47.485,46.6,46.945,120120
HAVELLS,2007-06-21,47.3,51.2,47.205,49.08,1728220
HAVELLS,2007-06-22,49.695,49.695,48.0,48.38,278100
HAVELLS,2007-06-25,48.0,49.0,47.8,48.595,163820
HAVELLS,2007-06-26,48.89,49.0,47.6,47.785,227380
HAVELLS,2007-06-27,50.0,50.0,46.885,47.07,339250
HAVELLS,2007-06-28,47.69,49.475,47.3,48.925,641830
HAVELLS,2007-06-29,49.2,50.47,48.0,48.24,158050
HAVELLS,2007-07-02,48.9,48.9,47.5,47.68,232670
HAVELLS,2007-07-03,48.2,48.7,48.05,48.435,174430
HAVELLS,2007-07-04,46.51,49.775,46.51,49.065,340950
HAVELLS,2007-07-05,49.065,50.6,48.12,49.52,491230
HAVELLS,2007-07-06,48.5,49.9,46.55,49.35,354990
HAVELLS,2007-07-09,49.5,49.5,48.31,48.49,266950
HAVELLS,2007-07-10,48.33,48.8,47.3,47.785,272130
HAVELLS,2007-07-11,47.11,48.5,47.1,47.915,141820
HAVELLS,2007-07-12,48.47,49.5,47.3,47.455,553040
HAVELLS,2007-07-13,48.08,48.47,47.0,47.165,543170
HAVELLS,2007-07-16,47.1,48.4,47.1,48.07,172940
HAVELLS,2007-07-17,48.5,48.715,47.82,48.09,296610
HAVELLS,2007-07-18,48.39,49.5,47.66,48.97,594710
HAVELLS,2007-07-19,49.77,54.0,49.205,52.93,6278730
HAVELLS,2007-07-20,53.725,56.6,53.5,53.935,6297120
HAVELLS,2007-07-23,54.47,55.44,52.265,52.735,1561770
HAVELLS,2007-07-24,53.29,53.29,49.63,50.45,1689040
HAVELLS,2007-07-25,48.1,52.39,48.1,51.115,1342490
HAVELLS,2007-07-26,51.3,53.235,51.1,52.105,1741270
HAVELLS,2007-07-27,50.5,51.2,48.52,49.465,1090010
HAVELLS,2007-07-30,49.75,50.8,49.0,49.91,445320
HAVELLS,2007-07-31,50.67,51.7,49.6,49.895,651530
HAVELLS,2007-08-01,49.66,50.0,48.1,48.43,398740
HAVELLS,2007-08-02,48.995,49.5,48.25,49.045,369490
HAVELLS,2007-08-03,49.3,50.37,48.7,48.98,354640
HAVELLS,2007-08-06,46.51,48.5,46.51,48.03,299990
HAVELLS,2007-08-07,49.67,49.67,47.8,48.08,191370
HAVELLS,2007-08-08,48.11,49.3,46.9,47.625,700050
HAVELLS,2007-08-09,48.8,48.8,47.1,47.47,310070
HAVELLS,2007-08-10,46.5,47.0,46.0,46.92,321340
HAVELLS,2007-08-13,49.1,49.2,46.7,46.91,243710
HAVELLS,2007-08-14,47.7,47.7,47.13,47.43,145510
HAVELLS,2007-08-16,46.2,46.4,44.0,45.15,384840
HAVELLS,2007-08-17,44.8,46.2,44.0,45.68,470460
HAVELLS,2007-08-20,48.5,48.5,46.0,46.18,227530
HAVELLS,2007-08-21,46.5,47.38,44.51,44.735,158720
HAVELLS,2007-08-22,44.51,45.78,43.605,44.155,471650
HAVELLS,2007-08-23,44.5,44.895,35.475,42.09,380210
HAVELLS,2007-08-24,43.4,43.5,42.0,43.24,193170
HAVELLS,2007-08-27,44.5,48.7,44.4,45.705,210340
HAVELLS,2007-08-28,46.0,47.37,45.25,46.85,303570
HAVELLS,2007-08-29,45.25,46.85,45.25,46.28,171360
HAVELLS,2007-08-30,46.765,48.09,46.01,46.09,167110
HAVELLS,2007-08-31,47.1,51.3,47.1,50.89,3029660
HAVELLS,2007-09-03,51.4,54.085,51.4,52.575,2774340
HAVELLS,2007-09-04,52.5,53.0,51.48,51.785,1086010
HAVELLS,2007-09-05,52.3,53.44,50.9,52.16,1259160
HAVELLS,2007-09-06,51.99,53.74,50.9,51.155,3616320
HAVELLS,2007-09-07,51.52,52.2,50.8,51.19,1534600
HAVELLS,2007-09-10,50.785,51.85,50.25,51.055,1157440
HAVELLS,2007-09-11,48.04,51.8,48.04,50.665,536480
HAVELLS,2007-09-12,50.6,51.98,50.31,51.125,779810
HAVELLS,2007-09-13,51.11,52.92,51.11,51.705,1497210
HAVELLS,2007-09-14,51.795,52.6,50.52,50.76,540890
HAVELLS,2007-09-17,51.0,51.4,50.66,51.095,556270
HAVELLS,2007-09-18,46.04,51.895,46.04,51.715,412590
HAVELLS,2007-09-19,52.6,52.6,51.51,51.86,671380
HAVELLS,2007-09-20,52.3,52.3,51.01,51.105,480240
HAVELLS,2007-09-21,51.25,51.585,50.3,50.405,696550
HAVELLS,2007-09-24,51.9,52.9,50.6,50.9,535210
HAVELLS,2007-09-25,51.47,51.47,50.035,50.685,475820
HAVELLS,2007-09-26,51.25,51.295,50.4,50.625,248030
HAVELLS,2007-09-27,50.9,51.1,49.115,49.695,1022090
HAVELLS,2007-09-28,49.8,51.2,49.705,50.455,744350
HAVELLS,2007-10-01,49.5,51.37,49.5,50.325,510600
HAVELLS,2007-10-03,50.945,51.4,49.4,50.14,504920
HAVELLS,2007-10-04,50.0,52.8,49.605,52.185,3098900
HAVELLS,2007-10-05,52.845,54.005,52.31,52.72,3593250
HAVELLS,2007-10-08,53.5,53.69,49.0,49.865,956440
HAVELLS,2007-10-09,49.865,51.0,48.6,50.825,567120
HAVELLS,2007-10-10,51.47,52.2,50.6,51.43,854030
HAVELLS,2007-10-11,51.01,54.945,50.655,53.445,1610630
HAVELLS,2007-10-12,53.99,59.9,52.7,58.07,6095460
HAVELLS,2007-10-15,59.48,64.235,58.515,63.44,7287570
HAVELLS,2007-10-16,63.97,71.8,63.1,69.985,9195110
HAVELLS,2007-10-17,64.0,71.49,60.0,70.43,5081540
HAVELLS,2007-10-18,71.0,74.67,60.4,63.395,5908620
HAVELLS,2007-10-19,63.77,64.7,59.0,60.91,2973300
HAVELLS,2007-10-22,60.0,65.28,59.0,61.715,2639360
HAVELLS,2007-10-23,63.27,63.99,62.3,62.745,1447380
HAVELLS,2007-10-24,63.57,64.065,61.2,61.55,1538920
HAVELLS,2007-10-25,62.4,64.3,60.0,60.645,4764760
HAVELLS,2007-10-26,61.2,65.735,61.2,64.96,3044170
HAVELLS,2007-10-29,65.9,68.88,65.9,67.305,2707730
HAVELLS,2007-10-30,60.1,68.5,60.1,65.46,1730460
HAVELLS,2007-10-31,65.5,66.5,63.5,63.885,1356020
HAVELLS,2007-11-01,64.57,65.7,60.8,61.39,1169660
HAVELLS,2007-11-02,61.39,62.625,60.0,62.19,632810
HAVELLS,2007-11-05,62.4,68.48,61.6,66.965,2327590
HAVELLS,2007-11-06,68.87,70.6,65.61,66.585,3607560
HAVELLS,2007-11-07,68.47,68.47,63.615,64.645,971700
HAVELLS,2007-11-08,63.0,65.8,61.825,63.295,825010
HAVELLS,2007-11-12,63.97,64.25,60.505,63.185,575170
HAVELLS,2007-11-13,63.89,64.97,63.0,63.48,736690
HAVELLS,2007-11-14,64.97,65.87,63.8,64.16,796340
HAVELLS,2007-11-15,64.57,65.7,63.3,64.735,725310
HAVELLS,2007-11-16,63.5,65.455,63.4,63.78,743720
HAVELLS,2007-11-19,64.77,65.39,63.15,65.045,656970
HAVELLS,2007-11-20,65.1,67.475,64.51,65.07,824350
HAVELLS,2007-11-21,65.05,66.385,60.8,62.1,393600
HAVELLS,2007-11-22,62.69,62.69,58.5,60.0,492500
HAVELLS,2007-11-23,61.27,61.7,60.415,60.835,227520
HAVELLS,2007-11-26,62.47,63.005,61.5,61.94,150680
HAVELLS,2007-11-27,61.6,61.9,58.52,61.425,224540
HAVELLS,2007-11-28,62.0,63.6,61.425,61.815,437140
HAVELLS,2007-11-29,63.59,63.59,60.0,60.565,1182570
HAVELLS,2007-11-30,61.205,63.4,60.8,62.52,465010
HAVELLS,2007-12-03,63.77,63.77,62.5,62.865,325640
HAVELLS,2007-12-04,63.37,63.8,61.3,62.135,652790
HAVELLS,2007-12-05,62.99,66.65,62.505,66.215,1027950
HAVELLS,2007-12-06,67.2,68.77,65.0,65.785,2006600
HAVELLS,2007-12-07,69.4,70.4,65.25,67.3,1041670
HAVELLS,2007-12-10,69.8,69.8,65.7,66.455,512960
HAVELLS,2007-12-11,67.4,67.4,65.0,65.55,553760
HAVELLS,2007-12-12,64.7,67.9,64.695,66.57,741580
HAVELLS,2007-12-13,67.0,67.2,65.61,65.95,328850
HAVELLS,2007-12-14,66.06,69.5,65.7,68.64,1515150
HAVELLS,2007-12-17,69.5,70.3,63.62,64.86,2002980
HAVELLS,2007-12-18,65.0,65.5,63.305,64.9,455730
HAVELLS,2007-12-19,65.11,66.495,63.61,64.195,281670
HAVELLS,2007-12-20,66.0,66.22,64.0,64.705,381720
HAVELLS,2007-12-24,65.8,66.0,64.7,65.305,209050
HAVELLS,2007-12-26,65.9,66.5,62.0,65.48,221480
HAVELLS,2007-12-27,65.4,66.3,63.04,63.375,1603560
HAVELLS,2007-12-28,63.9,70.79,63.3,69.07,4624700
HAVELLS,2007-12-31,73.0,73.0,69.2,69.81,3223000
HAVELLS,2008-01-01,70.49,71.27,69.365,69.8,1177450
HAVELLS,2008-01-02,69.99,70.6,68.505,69.65,1454130
HAVELLS,2008-01-03,69.0,71.05,68.805,70.19,1477600
HAVELLS,2008-01-04,71.45,71.9,68.8,69.645,1320740
HAVELLS,2008-01-07,69.6,71.1,68.5,69.595,778180
HAVELLS,2008-01-08,71.0,71.0,66.655,67.36,595640
HAVELLS,2008-01-09,67.51,67.95,65.4,66.67,340510
HAVELLS,2008-01-10,67.4,67.995,63.8,64.27,562760
HAVELLS,2008-01-11,65.4,65.4,62.5,64.07,415370
HAVELLS,2008-01-14,63.605,64.88,63.605,64.045,392580
HAVELLS,2008-01-15,64.3,65.465,63.14,63.57,545520
HAVELLS,2008-01-16,63.0,64.5,62.0,62.575,1060160
HAVELLS,2008-01-17,63.8,64.1,62.56,62.925,384340
HAVELLS,2008-01-18,63.09,65.4,61.75,64.9,1559270
HAVELLS,2008-01-21,64.5,64.8,54.02,60.3,1809080
HAVELLS,2008-01-22,54.875,57.5,38.55,52.675,2479540
HAVELLS,2008-01-23,55.4,59.8,50.715,56.955,1103590
HAVELLS,2008-01-24,61.48,61.48,52.5,54.0,739210
HAVELLS,2008-01-25,57.47,57.47,54.0,56.63,295220
HAVELLS,2008-01-28,56.63,57.0,54.105,56.0,331520
HAVELLS,2008-01-29,57.9,57.9,55.0,56.03,405660
HAVELLS,2008-01-30,56.2,57.4,55.1,55.995,424270
HAVELLS,2008-01-31,58.5,58.5,54.8,56.18,1652170
HAVELLS,2008-02-01,58.2,58.2,55.715,56.045,121760
HAVELLS,2008-02-04,57.2,57.95,56.0,56.215,274340
HAVELLS,2008-02-05,56.01,56.595,55.9,56.01,244870
HAVELLS,2008-02-06,56.0,57.1,55.0,56.715,185140
HAVELLS,2008-02-07,56.715,57.5,55.8,56.015,172870
HAVELLS,2008-02-08,56.2,56.29,54.5,54.815,423550
HAVELLS,2008-02-11,54.6,56.0,50.5,54.785,301460
HAVELLS,2008-02-12,52.2,55.5,52.0,54.935,357970
HAVELLS,2008-02-13,55.1,56.995,54.105,56.325,323950
HAVELLS,2008-02-14,57.39,58.0,56.045,57.07,180590
HAVELLS,2008-02-15,56.3,57.99,56.015,57.465,82850
HAVELLS,2008-02-18,58.8,58.8,57.51,57.96,81550
HAVELLS,2008-02-19,58.2,59.5,57.87,59.15,142260
HAVELLS,2008-02-20,58.26,59.5,57.005,57.625,109320
HAVELLS,2008-02-21,57.81,58.765,56.5,56.865,82840
HAVELLS,2008-02-22,55.9,57.0,53.3,56.345,135050
HAVELLS,2008-02-25,56.5,57.5,55.2,56.9,140990
HAVELLS,2008-02-26,56.8,57.69,56.0,56.655,172850
HAVELLS,2008-02-27,57.8,57.8,56.0,56.03,83740
HAVELLS,2008-02-28,55.63,56.38,55.01,55.87,900630
HAVELLS,2008-02-29,55.305,56.65,54.5,55.79,94970
HAVELLS,2008-03-03,50.73,55.7,50.73,53.07,194600
HAVELLS,2008-03-04,53.0,53.2,50.2,52.665,206220
HAVELLS,2008-03-05,51.5,53.5,51.1,53.05,124340
HAVELLS,2008-03-07,51.0,51.99,49.31,50.18,279610
HAVELLS,2008-03-10,46.0,49.4,46.0,47.39,703440
HAVELLS,2008-03-11,46.26,49.5,46.26,48.35,344570
HAVELLS,2008-03-12,49.18,50.7,47.165,47.445,170310
HAVELLS,2008-03-13,47.2,47.79,46.0,47.225,306420
HAVELLS,2008-03-14,47.2,48.0,46.0,47.395,187550
HAVELLS,2008-03-17,45.0,46.0,39.225,40.73,428550
HAVELLS,2008-03-18,41.44,42.6,40.5,42.295,485910
HAVELLS,2008-03-19,45.8,45.8,42.0,42.61,247840
HAVELLS,2008-03-24,42.0,42.495,40.7,41.1,167070
HAVELLS,2008-03-25,41.9,44.0,41.6,43.155,214640
HAVELLS,2008-03-26,42.305,45.98,42.305,44.865,257060
HAVELLS,2008-03-27,44.7,46.4,44.425,45.54,371710
HAVELLS,2008-03-28,45.6,47.4,44.0,46.06,238090
HAVELLS,2008-03-31,47.5,47.995,45.15,46.735,216640
HAVELLS,2008-04-01,48.72,50.5,47.0,47.55,246640
HAVELLS,2008-04-02,49.0,49.6,47.5,47.64,113710
HAVELLS,2008-04-03,47.81,48.0,47.02,47.45,46750
HAVELLS,2008-04-04,47.2,47.495,45.6,46.38,458010
HAVELLS,2008-04-07,46.4,46.895,45.6,46.34,106400
HAVELLS,2008-04-08,46.99,48.865,46.34,48.005,193100
HAVELLS,2008-04-09,48.1,48.88,47.005,47.735,97130
HAVELLS,2008-04-10,47.6,50.58,47.305,47.85,752550
HAVELLS,2008-04-11,48.23,48.89,47.5,47.72,131180
HAVELLS,2008-04-15,47.2,48.6,47.08,48.11,111830
HAVELLS,2008-04-16,47.625,48.98,47.015,48.105,133420
HAVELLS,2008-04-17,48.8,49.0,47.505,48.015,147320
HAVELLS,2008-04-21,48.33,50.2,48.33,49.01,285610
HAVELLS,2008-04-22,49.2,50.5,48.5,48.955,382600
HAVELLS,2008-04-23,49.0,49.355,48.4,48.57,165070
HAVELLS,2008-04-24,48.8,49.3,47.52,48.01,1087200
HAVELLS,2008-04-25,48.205,48.97,47.925,48.36,1175940
HAVELLS,2008-04-28,48.53,48.99,47.905,48.045,122120
HAVELLS,2008-04-29,48.5,51.0,48.2,50.58,494940
HAVELLS,2008-04-30,50.7,52.3,50.12,51.045,872840
HAVELLS,2008-05-02,51.0,52.3,42.45,49.97,258960
HAVELLS,2008-05-05,50.3,50.9,47.11,50.18,83950
HAVELLS,2008-05-06,50.2,51.365,48.01,48.195,518340
HAVELLS,2008-05-07,48.0,48.895,47.055,47.145,260840
HAVELLS,2008-05-08,46.0,47.69,46.0,47.355,65090
HAVELLS,2008-05-09,47.5,48.17,45.505,46.07,132270
HAVELLS,2008-05-12,46.07,46.5,44.4,44.83,136880
HAVELLS,2008-05-13,45.4,46.57,45.4,46.35,293390
HAVELLS,2008-05-14,46.6,47.49,45.8,47.065,119700
HAVELLS,2008-05-15,47.0,49.26,47.0,48.805,239120
HAVELLS,2008-05-16,49.5,49.75,47.8,48.135,144330
HAVELLS,2008-05-20,48.39,48.7,47.825,48.365,163470
HAVELLS,2008-05-21,48.2,49.2,46.8,48.79,370770
HAVELLS,2008-05-22,48.775,49.8,47.6,48.04,934410
HAVELLS,2008-05-23,49.4,49.6,47.0,47.085,285040
HAVELLS,2008-05-26,46.5,48.275,44.41,47.585,320510
HAVELLS,2008-05-27,48.79,48.8,47.1,48.04,461760
HAVELLS,2008-05-28,48.025,48.45,47.52,48.03,228570
HAVELLS,2008-05-29,48.0,48.475,47.4,47.71,632690
HAVELLS,2008-05-30,48.47,48.48,47.45,47.84,111030
HAVELLS,2008-06-02,48.79,48.8,47.0,47.365,459890
HAVELLS,2008-06-03,47.3,47.69,47.0,47.12,70450
HAVELLS,2008-06-04,47.0,47.15,45.0,45.17,139580
HAVELLS,2008-06-05,39.17,45.94,39.17,45.35,124650
HAVELLS,2008-06-06,45.5,46.59,44.1,44.41,131480
HAVELLS,2008-06-09,41.73,44.48,41.73,43.9,233720
HAVELLS,2008-06-10,43.895,43.93,42.0,42.355,86770
HAVELLS,2008-06-11,44.98,44.98,42.4,42.535,2502760
HAVELLS,2008-06-12,41.535,42.4,41.535,42.115,94820
HAVELLS,2008-06-13,42.4,42.9,41.7,42.075,166280
HAVELLS,2008-06-16,42.495,43.385,42.2,42.72,284630
HAVELLS,2008-06-17,42.8,43.15,42.31,42.955,189910
HAVELLS,2008-06-18,42.9,43.43,42.7,42.795,221580
HAVELLS,2008-06-19,42.495,42.825,41.8,42.045,94690
HAVELLS,2008-06-20,42.5,42.5,40.01,40.18,166810
HAVELLS,2008-06-23,39.5,39.9,37.615,37.935,289650
HAVELLS,2008-06-24,37.71,37.9,36.5,36.845,304380
HAVELLS,2008-06-25,36.215,36.995,33.505,36.095,310280
HAVELLS,2008-06-26,37.435,37.7,36.2,36.97,572700
HAVELLS,2008-06-27,36.895,36.895,34.0,34.965,360730
HAVELLS,2008-06-30,34.805,35.8,33.535,34.06,111380
HAVELLS,2008-07-01,34.2,34.78,32.04,32.325,98390
HAVELLS,2008-07-02,31.0,34.25,31.0,33.98,194740
HAVELLS,2008-07-03,33.7,33.9,31.73,33.25,95130
HAVELLS,2008-07-04,32.9,34.9,32.73,33.675,141560
HAVELLS,2008-07-07,33.605,34.885,33.605,34.485,70230
HAVELLS,2008-07-08,33.5,34.9,33.5,34.35,344550
HAVELLS,2008-07-09,35.31,36.0,35.055,35.41,194300
HAVELLS,2008-07-10,35.795,37.68,35.0,36.345,4243070
HAVELLS,2008-07-11,37.69,37.95,35.51,35.84,140990
HAVELLS,2008-07-14,35.47,36.5,34.35,36.035,102490
HAVELLS,2008-07-15,35.795,37.3,35.0,35.1,2716910
HAVELLS,2008-07-16,35.7,36.19,35.2,35.84,209000
HAVELLS,2008-07-17,36.1,37.49,36.0,36.075,105720
HAVELLS,2008-07-18,37.3,39.385,36.0,38.065,192040
HAVELLS,2008-07-21,38.5,38.845,37.12,37.335,64390
HAVELLS,2008-07-22,37.335,38.605,37.005,37.975,140130
HAVELLS,2008-07-23,40.39,44.99,38.5,41.275,312200
HAVELLS,2008-07-24,41.6,42.45,39.41,40.41,464040
HAVELLS,2008-07-25,38.8,40.37,38.6,38.825,65210
HAVELLS,2008-07-28,38.205,40.44,38.205,39.01,333190
HAVELLS,2008-07-29,37.6,39.275,37.5,38.145,2329030
HAVELLS,2008-07-30,38.89,39.445,38.32,38.555,91930
HAVELLS,2008-07-31,38.25,38.8,35.1,35.815,681660
HAVELLS,2008-08-01,35.815,36.87,35.2,36.455,234350
HAVELLS,2008-08-04,36.8,37.775,36.4,37.07,231010
HAVELLS,2008-08-05,37.47,37.84,37.18,37.565,107730
HAVELLS,2008-08-06,38.76,39.0,37.4,37.61,512700
HAVELLS,2008-08-07,37.76,40.2,37.71,37.84,567840
HAVELLS,2008-08-08,38.0,38.49,36.8,36.925,227970
HAVELLS,2008-08-11,37.59,38.0,37.455,37.765,172350
HAVELLS,2008-08-12,38.0,38.005,36.995,37.26,94440
HAVELLS,2008-08-13,36.7,37.6,36.6,37.07,72950
HAVELLS,2008-08-14,36.7,37.48,36.6,36.805,56970
HAVELLS,2008-08-18,36.7,37.39,36.065,36.555,46000
HAVELLS,2008-08-19,36.0,36.82,35.8,36.04,43250
HAVELLS,2008-08-20,36.2,36.54,36.0,36.1,57710
HAVELLS,2008-08-21,36.21,36.51,35.6,35.835,48290
HAVELLS,2008-08-22,35.75,36.295,35.7,35.94,73770
HAVELLS,2008-08-25,36.39,36.785,35.505,35.66,65480
HAVELLS,2008-08-26,35.1,35.7,34.53,35.035,217330
HAVELLS,2008-08-27,35.305,35.8,35.0,35.525,101980
HAVELLS,2008-08-28,35.41,35.41,34.7,34.955,291900
HAVELLS,2008-08-29,35.2,36.4,35.2,35.995,64760
HAVELLS,2008-09-01,35.52,35.96,33.5,35.23,62770
HAVELLS,2008-09-02,34.8,35.895,34.8,35.48,130140
HAVELLS,2008-09-04,35.6,36.0,35.4,35.54,41610
HAVELLS,2008-09-05,34.83,36.97,34.2,35.585,103460
HAVELLS,2008-09-08,36.88,37.5,35.51,36.145,179830
HAVELLS,2008-09-09,36.0,36.2,35.555,35.82,40450
HAVELLS,2008-09-10,35.79,35.88,34.62,34.86,83860
HAVELLS,2008-09-11,34.11,35.0,34.11,34.645,50700
HAVELLS,2008-09-12,34.5,35.85,33.695,33.98,68930
HAVELLS,2008-09-15,34.38,34.38,31.55,31.915,179170
HAVELLS,2008-09-16,31.6,31.89,31.075,31.545,106010
HAVELLS,2008-09-17,31.6,31.7,30.8,31.01,108740
HAVELLS,2008-09-18,31.01,31.1,28.7,29.89,300660
HAVELLS,2008-09-19,31.99,31.99,29.7,30.355,2473180
HAVELLS,2008-09-22,31.44,31.44,30.4,30.51,194160
HAVELLS,2008-09-23,30.4,30.5,29.6,30.1,174440
HAVELLS,2008-09-24,29.8,30.5,29.8,30.24,40700
HAVELLS,2008-09-25,30.3,30.55,28.56,29.025,615250
HAVELLS,2008-09-26,30.29,30.29,29.0,29.15,183990
HAVELLS,2008-09-29,29.5,29.5,28.0,28.82,166260
HAVELLS,2008-09-30,28.82,30.7,27.2,29.795,151530
HAVELLS,2008-10-01,31.0,31.0,29.41,29.89,54130
HAVELLS,2008-10-03,30.0,30.0,29.01,29.3,58910
HAVELLS,2008-10-06,29.0,29.875,27.5,27.725,113390
HAVELLS,2008-10-07,27.7,28.1,25.56,26.155,133130
HAVELLS,2008-10-08,25.2,25.215,23.2,24.29,197420
HAVELLS,2008-10-10,23.85,23.85,21.06,21.63,171790
HAVELLS,2008-10-13,21.63,23.3,21.63,22.035,2384470
HAVELLS,2008-10-14,23.5,24.925,23.05,23.975,171170
HAVELLS,2008-10-15,23.975,26.8,22.7,24.755,255280
HAVELLS,2008-10-16,23.225,24.915,22.02,24.62,434430
HAVELLS,2008-10-17,24.7,25.0,23.0,23.605,98940
HAVELLS,2008-10-20,23.6,24.005,22.8,22.965,79530
HAVELLS,2008-10-21,22.55,24.3,22.55,23.355,56570
HAVELLS,2008-10-22,23.78,23.78,23.0,23.275,52640
HAVELLS,2008-10-23,22.4,22.6,21.6,21.745,99690
HAVELLS,2008-10-24,21.1,21.1,17.51,18.385,153470
HAVELLS,2008-10-27,18.0,19.2,13.625,14.91,5597930
HAVELLS,2008-10-29,17.3,18.58,14.7,15.4,437720
HAVELLS,2008-10-31,15.6,17.6,15.5,17.305,170960
HAVELLS,2008-11-03,19.4,19.7,17.81,18.255,164460
HAVELLS,2008-11-04,18.1,18.95,17.3,18.695,126950
HAVELLS,2008-11-05,19.35,19.9,17.57,17.81,223050
HAVELLS,2008-11-06,17.0,17.3,16.725,16.905,95700
HAVELLS,2008-11-07,17.5,17.53,16.7,16.96,164000
HAVELLS,2008-11-10,17.11,17.995,17.11,17.37,191640
HAVELLS,2008-11-11,17.55,18.2,16.8,17.04,202110
HAVELLS,2008-11-12,16.695,17.0,15.81,16.445,101450
HAVELLS,2008-11-14,17.625,17.795,16.3,16.51,60690
HAVELLS,2008-11-17,16.8,16.97,15.5,15.585,101030
HAVELLS,2008-11-18,15.66,15.66,14.405,15.165,73890
HAVELLS,2008-11-19,14.805,15.5,14.3,14.57,124210
HAVELLS,2008-11-20,14.1,14.3,13.71,14.3,78190
HAVELLS,2008-11-21,14.1,14.495,14.0,14.3,57270
HAVELLS,2008-11-24,15.0,15.0,14.1,14.255,43840
HAVELLS,2008-11-25,14.695,14.695,13.17,13.37,158050
HAVELLS,2008-11-26,13.235,13.51,12.1,12.255,342010
HAVELLS,2008-11-27,12.255,12.255,12.255,12.255,0
HAVELLS,2008-11-28,12.345,12.6,11.36,11.58,419560
HAVELLS,2008-12-01,11.9,12.1,11.16,11.27,237180
HAVELLS,2008-12-02,11.0,11.0,10.505,10.675,231040
HAVELLS,2008-12-03,10.97,11.0,10.66,10.705,159840
HAVELLS,2008-12-04,11.0,11.2,10.8,10.985,2242450
HAVELLS,2008-12-05,11.1,11.8,11.1,11.405,1898650
HAVELLS,2008-12-08,12.4,12.45,11.505,11.635,295450
HAVELLS,2008-12-10,11.79,12.19,11.68,11.725,479790
HAVELLS,2008-12-11,11.995,12.46,11.8,11.955,317760
HAVELLS,2008-12-12,11.9,12.695,11.63,12.41,566900
HAVELLS,2008-12-15,12.8,13.505,12.7,12.92,785870
HAVELLS,2008-12-16,12.8,13.99,12.8,13.44,583510
HAVELLS,2008-12-17,13.88,13.88,12.51,12.725,419250
HAVELLS,2008-12-18,12.9,13.395,12.62,13.22,328630
HAVELLS,2008-12-19,13.9,13.99,12.925,13.205,491980
HAVELLS,2008-12-22,13.78,13.79,13.05,13.135,371030
HAVELLS,2008-12-23,13.4,13.4,12.7,12.795,214160
HAVELLS,2008-12-24,12.71,12.79,12.22,12.41,243580
HAVELLS,2008-12-26,12.3,12.69,12.0,12.16,165940
HAVELLS,2008-12-29,12.33,12.33,11.8,12.195,109750
HAVELLS,2008-12-30,12.26,12.49,11.41,12.37,173540
HAVELLS,2008-12-31,12.5,13.195,11.89,12.255,663390
HAVELLS,2009-01-02,13.2,13.4,12.81,12.995,605960
HAVELLS,2009-01-05,13.2,14.29,13.2,13.77,1693010
HAVELLS,2009-01-06,13.6,14.59,13.6,14.105,2231140
HAVELLS,2009-01-07,14.36,14.56,13.0,13.21,732970
HAVELLS,2009-01-09,12.52,13.245,12.0,12.9,516910
HAVELLS,2009-01-12,12.91,13.2,12.25,12.705,246730
HAVELLS,2009-01-13,12.41,13.1,12.41,12.62,158780
HAVELLS,2009-01-14,12.805,12.88,12.3,12.38,257760
HAVELLS,2009-01-15,12.2,12.7,12.0,12.56,193580
HAVELLS,2009-01-16,12.88,12.88,12.2,12.265,202060
HAVELLS,2009-01-19,12.3,12.5,12.15,12.225,165990
HAVELLS,2009-01-20,12.2,12.485,11.735,11.855,220550
HAVELLS,2009-01-21,11.8,12.15,11.245,11.465,235930
HAVELLS,2009-01-22,11.725,11.8,10.82,10.985,218330
HAVELLS,2009-01-23,11.085,11.215,10.705,11.04,158310
HAVELLS,2009-01-27,11.025,11.38,10.81,10.95,168360
HAVELLS,2009-01-28,11.68,11.68,11.02,11.495,200750
HAVELLS,2009-01-29,11.795,11.9,11.255,11.44,366000
HAVELLS,2009-01-30,11.4,11.75,11.0,11.605,983790
HAVELLS,2009-02-02,11.425,11.595,11.2,11.28,404530
HAVELLS,2009-02-03,11.395,11.49,11.21,11.26,211510
HAVELLS,2009-02-04,11.395,11.7,11.32,11.445,1644280
HAVELLS,2009-02-05,11.8,11.8,11.33,11.58,217170
HAVELLS,2009-02-06,12.14,12.14,11.51,11.6,603890
HAVELLS,2009-02-09,11.705,11.95,11.7,11.86,94800
HAVELLS,2009-02-10,11.9,12.17,11.9,11.97,91780
HAVELLS,2009-02-11,11.7,12.2,11.63,12.09,47750
HAVELLS,2009-02-12,12.1,12.895,12.0,12.105,335800
HAVELLS,2009-02-13,12.43,12.575,12.0,12.19,221360
HAVELLS,2009-02-16,12.0,12.345,11.6,11.7,310700
HAVELLS,2009-02-17,11.625,11.76,11.27,11.435,299190
HAVELLS,2009-02-18,11.69,11.7,11.105,11.275,336870
HAVELLS,2009-02-19,11.31,11.555,11.235,11.295,125750
HAVELLS,2009-02-20,11.1,11.4,11.055,11.165,131650
HAVELLS,2009-02-24,10.825,11.13,10.805,10.99,139230
HAVELLS,2009-02-25,11.39,11.39,10.755,10.88,644890
HAVELLS,2009-02-26,10.98,11.09,10.44,10.67,633440
HAVELLS,2009-02-27,10.795,10.795,10.46,10.61,194820
HAVELLS,2009-03-02,10.6,11.65,10.4,11.425,546590
HAVELLS,2009-03-03,11.425,11.425,11.0,11.09,149640
HAVELLS,2009-03-04,11.0,11.2,10.72,10.87,140330
HAVELLS,2009-03-05,10.8,11.0,10.625,10.715,79720
HAVELLS,2009-03-06,10.0,10.75,10.0,10.645,189360
HAVELLS,2009-03-09,10.325,10.8,10.325,10.71,109860
HAVELLS,2009-03-12,11.05,11.1,10.6,10.975,50330
HAVELLS,2009-03-13,11.65,11.65,11.12,11.34,112880
HAVELLS,2009-03-16,11.7,11.9,11.505,11.775,108410
HAVELLS,2009-03-17,11.5,12.1,11.43,11.63,884560
HAVELLS,2009-03-18,11.5,12.8,11.25,12.585,1020470
HAVELLS,2009-03-19,12.87,13.6,12.8,12.96,805690
HAVELLS,2009-03-20,12.9,13.45,12.55,12.82,297940
HAVELLS,2009-03-23,12.575,13.3,12.55,12.84,541130
HAVELLS,2009-03-24,13.1,13.28,12.505,12.63,438640
HAVELLS,2009-03-25,12.555,13.09,12.55,12.765,492870
HAVELLS,2009-03-26,13.0,15.75,13.0,14.945,8058650
HAVELLS,2009-03-27,15.24,16.0,15.1,15.53,3839840
HAVELLS,2009-03-30,15.27,15.27,14.005,14.16,573090
HAVELLS,2009-03-31,14.26,14.5,14.1,14.435,293150
HAVELLS,2009-04-01,14.38,15.27,14.12,14.77,609160
HAVELLS,2009-04-02,15.27,15.79,14.8,15.515,832720
HAVELLS,2009-04-06,15.8,15.96,14.8,15.31,302780
HAVELLS,2009-04-08,15.2,16.53,14.76,16.395,1100350
HAVELLS,2009-04-09,16.77,17.2,16.25,16.43,641380
HAVELLS,2009-04-13,15.8,16.79,15.8,16.63,298780
HAVELLS,2009-04-15,16.2,17.84,16.2,16.885,827080
HAVELLS,2009-04-16,17.19,17.69,16.07,16.39,366690
HAVELLS,2009-04-17,16.4,16.8,15.7,15.93,180740
HAVELLS,2009-04-20,16.5,16.555,15.735,15.935,163150
HAVELLS,2009-04-21,16.5,16.5,15.4,15.495,235250
HAVELLS,2009-04-22,15.7,15.94,14.225,14.97,391860
HAVELLS,2009-04-23,15.1,15.3,14.7,14.92,171920
HAVELLS,2009-04-24,14.7,15.4,14.7,15.275,262800
HAVELLS,2009-04-27,15.5,16.69,15.2,15.58,866430
HAVELLS,2009-04-28,15.8,16.68,14.5,14.795,394060
HAVELLS,2009-04-29,12.125,15.295,12.125,15.1,372980
HAVELLS,2009-04-30,15.1,15.1,15.1,15.1,0
HAVELLS,2009-05-04,15.99,16.3,15.525,15.89,380300
HAVELLS,2009-05-05,16.06,16.67,16.05,16.32,707790
HAVELLS,2009-05-06,16.4,22.6,16.32,22.23,37981780
HAVELLS,2009-05-07,25.5,25.67,22.03,23.855,66327820
HAVELLS,2009-05-08,23.49,23.965,22.1,22.415,8391800
HAVELLS,2009-05-11,22.28,24.69,21.14,23.695,26307510
HAVELLS,2009-05-12,22.6,23.78,22.4,22.62,6554820
HAVELLS,2009-05-13,22.4,23.685,22.0,22.4,3832220
HAVELLS,2009-05-14,21.86,22.295,21.6,21.735,1478800
HAVELLS,2009-05-15,21.83,22.97,21.75,21.94,2015180
HAVELLS,2009-05-18,24.0,24.9,23.6,23.945,8600
HAVELLS,2009-05-19,24.8,25.0,21.2,23.08,3088480
HAVELLS,2009-05-20,23.1,26.4,23.1,24.97,5809320
HAVELLS,2009-05-21,25.5,27.2,25.0,26.375,4975270
HAVELLS,2009-05-22,26.3,28.495,26.1,26.89,3259030
HAVELLS,2009-05-25,27.4,28.8,26.8,28.085,2395290
HAVELLS,2009-05-26,28.31,29.29,26.615,27.11,1555490
HAVELLS,2009-05-27,27.3,28.0,26.6,27.34,902640
HAVELLS,2009-05-28,27.68,27.79,26.51,26.9,851780
HAVELLS,2009-05-29,27.2,27.85,26.95,27.175,668640
HAVELLS,2009-06-01,27.5,28.4,27.23,27.77,1024650
HAVELLS,2009-06-02,28.6,33.495,28.48,30.685,6313290
HAVELLS,2009-06-03,31.39,31.65,30.06,30.69,1487320
HAVELLS,2009-06-04,30.5,31.5,29.3,30.84,1206740
HAVELLS,2009-06-05,31.28,31.795,28.465,29.31,1260110
HAVELLS,2009-06-08,27.54,30.7,27.54,27.99,1236930
HAVELLS,2009-06-09,27.7,29.49,27.0,29.165,1150780
HAVELLS,2009-06-10,29.7,31.6,29.5,29.69,2212550
HAVELLS,2009-06-11,29.6,30.5,29.105,29.435,752380
HAVELLS,2009-06-12,29.115,30.5,28.5,28.845,779720
HAVELLS,2009-06-15,28.25,28.7,23.625,27.445,587690
HAVELLS,2009-06-16,25.8,29.315,25.8,28.535,1424300
HAVELLS,2009-06-17,28.535,29.79,26.36,27.02,1217010
HAVELLS,2009-06-18,27.29,28.3,26.025,26.545,795960
HAVELLS,2009-06-19,26.7,27.67,26.105,26.525,417970
HAVELLS,2009-06-22,26.605,27.3,26.01,26.16,481840
HAVELLS,2009-06-23,24.2,26.38,24.2,25.985,513290
HAVELLS,2009-06-24,26.6,26.89,25.72,26.25,537530
HAVELLS,2009-06-25,26.25,27.69,24.8,26.55,1247620
HAVELLS,2009-06-26,27.095,27.4,26.305,26.91,620180
HAVELLS,2009-06-29,27.6,28.9,27.5,28.065,1143030
HAVELLS,2009-06-30,28.44,28.44,25.33,25.905,752590
HAVELLS,2009-07-01,25.795,26.485,25.32,26.05,619240
HAVELLS,2009-07-02,26.38,30.5,26.15,29.98,15821090
HAVELLS,2009-07-03,29.7,29.7,28.45,28.79,4343160
HAVELLS,2009-07-06,28.7,29.44,27.205,27.585,1390330
HAVELLS,2009-07-07,27.6,27.8,26.21,26.765,695950
HAVELLS,2009-07-08,25.215,27.6,25.2,25.79,1043290
HAVELLS,2009-07-09,25.7,26.68,25.5,26.14,809550
HAVELLS,2009-07-10,21.555,26.6,21.555,25.665,496100
HAVELLS,2009-07-13,25.0,25.495,24.315,25.045,529450
HAVELLS,2009-07-14,25.21,26.4,25.21,26.15,325880
HAVELLS,2009-07-15,26.25,27.9,26.25,27.455,701450
HAVELLS,2009-07-16,26.265,28.26,26.265,27.62,406930
HAVELLS,2009-07-17,26.615,28.49,26.615,28.095,491520
HAVELLS,2009-07-20,28.645,29.0,28.11,28.78,426930
HAVELLS,2009-07-21,26.855,28.595,26.855,28.275,288320
HAVELLS,2009-07-22,27.05,30.165,27.05,28.37,1250200
HAVELLS,2009-07-23,28.6,29.195,28.35,28.545,448160
HAVELLS,2009-07-24,28.3,31.59,28.3,30.48,5199880
HAVELLS,2009-07-27,30.5,31.6,30.1,31.025,1638820
HAVELLS,2009-07-28,31.2,31.49,30.14,30.575,840480
HAVELLS,2009-07-29,31.01,31.79,29.255,29.825,1981020
HAVELLS,2009-07-30,29.69,30.49,29.5,30.0,817610
HAVELLS,2009-07-31,30.925,30.925,29.72,29.97,534040
HAVELLS,2009-08-03,30.47,30.595,29.625,30.065,469340
HAVELLS,2009-08-04,30.48,30.645,29.52,29.67,520400
HAVELLS,2009-08-05,29.71,30.395,29.505,29.635,368370
HAVELLS,2009-08-06,29.4,29.99,28.7,28.81,420880
HAVELLS,2009-08-07,28.8,29.0,28.04,28.22,327820
HAVELLS,2009-08-10,28.51,28.95,27.3,27.585,383140
HAVELLS,2009-08-11,27.7,28.125,27.3,27.665,305780
HAVELLS,2009-08-12,26.9,27.3,26.01,27.155,253410
HAVELLS,2009-08-13,27.97,28.67,27.705,28.46,426300
HAVELLS,2009-08-14,27.81,30.4,27.81,29.52,1215120
HAVELLS,2009-08-17,29.0,29.4,28.0,28.04,813710
HAVELLS,2009-08-18,27.015,28.5,27.015,28.255,285050
HAVELLS,2009-08-19,27.6,28.99,27.6,27.655,373470
HAVELLS,2009-08-20,27.9,30.0,27.9,28.54,911730
HAVELLS,2009-08-21,28.6,28.75,28.255,28.525,290500
HAVELLS,2009-08-24,28.8,29.905,28.8,29.07,637070
HAVELLS,2009-08-25,28.71,29.86,28.71,29.335,569500
HAVELLS,2009-08-26,29.47,31.4,29.2,30.1,2268210
HAVELLS,2009-08-27,30.2,30.505,29.615,29.775,566680
HAVELLS,2009-08-28,29.205,30.99,29.205,29.925,1686780
HAVELLS,2009-08-31,29.8,30.385,29.3,29.69,555480
HAVELLS,2009-09-01,29.85,30.78,29.17,29.385,1332720
HAVELLS,2009-09-02,29.545,29.9,28.8,28.96,441500
HAVELLS,2009-09-03,28.9,29.55,28.8,28.875,252060
HAVELLS,2009-09-04,28.8,29.42,28.8,29.2,313890
HAVELLS,2009-09-07,29.795,30.2,29.4,29.845,676320
HAVELLS,2009-09-08,30.29,30.29,29.505,29.65,507820
HAVELLS,2009-09-09,29.5,32.3,29.5,30.695,6992630
HAVELLS,2009-09-10,31.1,31.47,29.6,29.995,1564210
HAVELLS,2009-09-11,30.1,32.285,29.62,31.325,9187120
HAVELLS,2009-09-14,31.5,32.49,30.7,31.66,5668760
HAVELLS,2009-09-15,31.54,32.77,31.4,32.175,5484730
HAVELLS,2009-09-16,32.575,32.725,31.8,32.045,2998430
HAVELLS,2009-09-17,32.185,32.29,31.135,31.395,1414930
HAVELLS,2009-09-18,30.81,32.59,30.81,31.835,3558920
HAVELLS,2009-09-22,32.4,32.4,31.5,31.65,706760
HAVELLS,2009-09-23,31.885,32.475,30.665,30.92,1556870
HAVELLS,2009-09-24,30.85,31.59,30.605,31.02,869570
HAVELLS,2009-09-25,30.7,31.42,30.4,30.935,654610
HAVELLS,2009-09-29,31.05,32.08,31.015,31.17,1233980
HAVELLS,2009-09-30,31.0,31.56,31.0,31.28,559640
HAVELLS,2009-10-01,31.01,31.5,30.91,31.1,486240
HAVELLS,2009-10-05,30.9,31.35,30.4,30.49,632310
HAVELLS,2009-10-06,30.545,30.895,29.605,30.175,601540
HAVELLS,2009-10-07,30.24,32.185,30.24,31.35,4455230
HAVELLS,2009-10-08,31.55,32.645,31.55,32.19,4966310
HAVELLS,2009-10-09,32.5,33.79,32.31,32.545,8588040
HAVELLS,2009-10-12,32.6,33.15,31.52,31.935,1874200
HAVELLS,2009-10-13,31.9,31.9,31.9,31.9,0
HAVELLS,2009-10-14,32.3,32.64,31.615,31.735,1861120
HAVELLS,2009-10-15,32.1,33.34,32.0,32.35,4203040
HAVELLS,2009-10-16,32.01,33.175,32.01,32.74,1625200
HAVELLS,2009-10-20,32.9,34.375,32.5,33.63,5662030
HAVELLS,2009-10-21,33.8,34.8,33.625,34.4,5233760
HAVELLS,2009-10-22,34.75,35.27,33.25,33.71,2251080
HAVELLS,2009-10-23,34.47,34.47,33.315,33.425,1020730
HAVELLS,2009-10-26,33.52,33.76,31.6,31.71,1284150
HAVELLS,2009-10-27,31.7,31.7,31.0,31.41,1104160
HAVELLS,2009-10-28,32.0,32.595,30.9,32.01,1632860
HAVELLS,2009-10-29,30.5,32.1,30.5,31.22,721910
HAVELLS,2009-10-30,31.51,32.265,30.055,30.41,1858290
HAVELLS,2009-11-03,30.6,30.78,28.08,28.515,943630
HAVELLS,2009-11-04,28.85,30.095,28.55,29.78,799560
HAVELLS,2009-11-05,30.0,30.635,29.1,30.535,574490
HAVELLS,2009-11-06,30.7,31.48,30.54,30.795,578870
HAVELLS,2009-11-09,30.5,31.8,30.5,31.56,1012480
HAVELLS,2009-11-10,31.805,32.205,31.55,31.925,650640
HAVELLS,2009-11-11,32.15,32.38,31.615,32.275,650230
HAVELLS,2009-11-12,32.79,33.2,31.95,32.14,289400
HAVELLS,2009-11-13,32.02,32.38,31.705,32.03,309430
HAVELLS,2009-11-16,32.1,32.7,31.9,32.15,370850
HAVELLS,2009-11-17,32.02,32.77,31.8,32.23,626630
HAVELLS,2009-11-18,32.225,32.6,32.02,32.335,300580
HAVELLS,2009-11-19,32.525,32.78,31.7,31.95,515180
HAVELLS,2009-11-20,31.2,35.9,31.2,33.985,10712010
HAVELLS,2009-11-23,34.345,34.755,33.28,33.87,2722010
HAVELLS,2009-11-24,33.85,34.35,33.225,34.005,895690
HAVELLS,2009-11-25,34.3,34.8,34.1,34.195,719920
HAVELLS,2009-11-26,34.37,36.36,34.15,35.225,5479140
HAVELLS,2009-11-27,34.62,34.9,33.2,34.645,1347220
HAVELLS,2009-11-30,34.85,37.3,34.85,36.67,2630650
HAVELLS,2009-12-01,37.0,40.785,36.8,40.085,8687050
HAVELLS,2009-12-02,40.49,41.1,39.01,39.315,2949890
HAVELLS,2009-12-03,39.67,39.8,38.19,38.695,950470
HAVELLS,2009-12-04,38.11,41.3,38.0,39.63,1891360
HAVELLS,2009-12-07,40.19,41.0,39.71,39.94,1289230
HAVELLS,2009-12-08,40.48,42.58,40.0,41.035,6554260
HAVELLS,2009-12-09,39.535,41.67,38.02,40.64,1232350
HAVELLS,2009-12-10,40.935,41.48,40.6,41.14,1056030
HAVELLS,2009-12-11,41.4,41.8,40.62,41.005,1773140
HAVELLS,2009-12-14,40.8,43.78,40.6,43.18,7285890
HAVELLS,2009-12-15,43.5,44.7,43.0,43.28,4688760
HAVELLS,2009-12-16,43.27,48.59,42.525,47.59,11067350
HAVELLS,2009-12-17,47.525,50.8,47.525,50.01,24687500
HAVELLS,2009-12-18,49.995,59.58,48.81,56.79,61247110
HAVELLS,2009-12-21,56.5,60.27,56.5,57.255,35016160
HAVELLS,2009-12-22,57.2,58.59,51.58,51.835,24507030
HAVELLS,2009-12-23,51.8,54.55,50.51,53.205,29174340
HAVELLS,2009-12-24,53.4,54.0,52.25,52.695,8739670
HAVELLS,2009-12-29,53.77,54.37,51.835,53.03,9087320
HAVELLS,2009-12-30,48.165,53.64,48.165,52.535,4485620
HAVELLS,2009-12-31,52.0,53.44,51.21,51.465,3400860
HAVELLS,2010-01-04,52.0,54.17,51.6,53.38,6658340
HAVELLS,2010-01-05,53.8,55.07,53.4,53.575,5546130
HAVELLS,2010-01-06,53.6,54.035,52.65,53.61,2410470
HAVELLS,2010-01-07,53.9,54.775,53.2,53.96,4401130
HAVELLS,2010-01-08,54.0,54.25,52.6,52.96,1508430
HAVELLS,2010-01-11,53.6,53.8,53.05,53.295,1056200
HAVELLS,2010-01-12,53.2,54.55,53.0,53.575,2612100
HAVELLS,2010-01-13,53.0,53.89,52.75,53.04,1072790
HAVELLS,2010-01-14,53.2,53.78,52.225,52.48,1178310
HAVELLS,2010-01-15,52.51,53.2,51.15,51.39,1434640
HAVELLS,2010-01-18,51.5,52.8,51.405,51.745,922760
HAVELLS,2010-01-19,51.845,52.89,51.8,52.19,1786420
HAVELLS,2010-01-20,52.3,62.63,52.0,60.98,62482250
HAVELLS,2010-01-21,60.85,63.375,55.11,56.485,34383600
HAVELLS,2010-01-22,55.0,59.8,52.75,57.685,23527080
HAVELLS,2010-01-25,57.04,59.73,53.24,58.19,35944040
HAVELLS,2010-01-27,56.98,60.455,54.52,55.735,26085060
HAVELLS,2010-01-28,56.0,58.25,55.325,55.695,16009600
HAVELLS,2010-01-29,55.73,56.8,53.64,55.335,10586010
HAVELLS,2010-02-01,55.47,58.14,54.505,56.525,13229760
HAVELLS,2010-02-02,57.38,58.08,55.14,55.6,6581410
HAVELLS,2010-02-03,56.0,57.07,55.5,55.765,4176440
HAVELLS,2010-02-04,56.0,58.3,55.26,55.7,11016320
HAVELLS,2010-02-05,55.155,55.155,52.665,53.205,3588670
HAVELLS,2010-02-08,54.5,55.37,52.525,53.025,4155040
HAVELLS,2010-02-09,53.1,56.07,53.1,54.84,6650320
HAVELLS,2010-02-10,55.5,56.3,54.01,54.375,6579410
HAVELLS,2010-02-11,54.7,55.67,53.5,54.235,4006160
HAVELLS,2010-02-15,54.82,55.37,53.61,53.845,2309890
HAVELLS,2010-02-16,54.1,54.97,53.62,53.995,2583920
HAVELLS,2010-02-17,54.5,55.01,53.61,53.875,2790240
HAVELLS,2010-02-18,54.5,57.585,54.32,56.18,24086620
HAVELLS,2010-02-19,55.87,56.025,53.805,54.07,5399550
HAVELLS,2010-02-22,55.0,55.59,53.005,53.385,3061990
HAVELLS,2010-02-23,53.45,54.2,52.625,53.005,3473150
HAVELLS,2010-02-24,53.0,53.49,51.505,51.845,2861980
HAVELLS,2010-02-25,52.035,52.7,51.34,51.82,2791350
HAVELLS,2010-02-26,52.1,52.8,51.5,51.88,2683280
HAVELLS,2010-03-02,52.85,53.39,52.3,52.985,2343130
HAVELLS,2010-03-03,53.3,54.2,53.0,53.28,2697670
HAVELLS,2010-03-04,53.59,54.1,53.2,53.375,1561810
HAVELLS,2010-03-05,53.8,55.3,53.55,53.93,5810170
HAVELLS,2010-03-08,54.505,55.07,53.75,54.04,2583700
HAVELLS,2010-03-09,54.4,54.4,53.0,53.22,1298290
HAVELLS,2010-03-10,53.8,55.76,53.255,55.155,9191720
HAVELLS,2010-03-11,55.6,56.84,54.26,54.755,10112120
HAVELLS,2010-03-12,55.365,55.44,54.26,54.46,1903120
HAVELLS,2010-03-15,54.5,55.14,53.8,53.96,1847270
HAVELLS,2010-03-16,54.01,54.8,54.01,54.31,1342640
HAVELLS,2010-03-17,54.6,55.595,54.27,54.56,3613180
HAVELLS,2010-03-18,54.9,57.695,54.84,56.05,18276480
HAVELLS,2010-03-19,56.0,57.3,55.44,56.72,5756150
HAVELLS,2010-03-22,56.455,57.25,51.5,56.415,3921960
HAVELLS,2010-03-23,56.8,60.27,56.69,58.685,27239570
HAVELLS,2010-03-25,58.5,59.72,57.83,58.42,4270350
HAVELLS,2010-03-26,58.775,59.87,58.43,58.775,3187880
HAVELLS,2010-03-29,59.0,59.27,56.83,57.185,2992250
HAVELLS,2010-03-30,57.95,59.77,57.31,58.41,7070540
HAVELLS,2010-03-31,58.5,61.14,58.5,59.725,20443880
HAVELLS,2010-04-01,60.015,63.04,60.0,62.205,13826450
HAVELLS,2010-04-05,62.975,63.435,61.615,62.66,7026350
HAVELLS,2010-04-06,62.7,62.88,61.23,61.7,2677020
HAVELLS,2010-04-07,62.1,62.54,61.055,61.5,3412570
HAVELLS,2010-04-08,61.5,61.785,60.615,60.955,1941600
HAVELLS,2010-04-09,61.2,65.84,60.5,64.88,17326270
HAVELLS,2010-04-12,65.5,67.36,63.415,65.42,19183920
HAVELLS,2010-04-13,65.08,67.0,65.0,65.64,9253080
HAVELLS,2010-04-15,66.0,66.43,62.635,63.83,4878680
HAVELLS,2010-04-16,63.5,64.145,61.8,62.42,3704110
HAVELLS,2010-04-19,61.5,61.68,59.72,60.135,4496610
HAVELLS,2010-04-20,60.7,62.4,60.415,60.735,6258140
HAVELLS,2010-04-21,61.5,62.17,61.0,61.335,4210710
HAVELLS,2010-04-22,60.505,63.74,53.0,62.445,11547540
HAVELLS,2010-04-23,62.5,63.97,61.905,62.79,6729990
HAVELLS,2010-04-26,63.2,63.44,62.3,62.495,1753240
HAVELLS,2010-04-27,62.6,63.29,61.635,62.325,3365480
HAVELLS,2010-04-28,61.02,62.37,60.7,60.915,2470090
HAVELLS,2010-04-29,61.01,62.1,60.99,61.495,1833830
HAVELLS,2010-04-30,62.1,62.39,61.01,61.325,1337120
HAVELLS,2010-05-03,61.0,61.89,60.4,61.08,1274530
HAVELLS,2010-05-04,61.8,62.3,59.2,60.255,2805160
HAVELLS,2010-05-05,59.6,60.9,57.0,60.08,2296180
HAVELLS,2010-05-06,61.2,62.5,59.7,61.65,4574200
HAVELLS,2010-05-07,60.25,60.975,58.8,59.18,1858720
HAVELLS,2010-05-10,60.49,61.9,60.2,61.405,2515140
HAVELLS,2010-05-11,61.9,63.25,61.0,61.205,4225270
HAVELLS,2010-05-12,61.51,62.4,60.5,60.855,1796520
HAVELLS,2010-05-13,61.47,62.1,60.9,61.24,1872000
HAVELLS,2010-05-14,60.75,61.8,59.5,60.16,1037110
HAVELLS,2010-05-17,59.125,59.68,58.525,58.935,1678030
HAVELLS,2010-05-18,59.05,60.3,58.505,58.775,1668110
HAVELLS,2010-05-19,58.1,58.8,55.82,56.22,1146740
HAVELLS,2010-05-20,56.77,57.65,56.2,57.345,1191030
HAVELLS,2010-05-21,56.97,56.97,55.335,55.855,731830
HAVELLS,2010-05-24,57.0,58.0,55.9,55.985,845640
HAVELLS,2010-05-25,55.5,55.995,54.2,54.475,590550
HAVELLS,2010-05-26,55.1,55.995,54.6,55.345,871480
HAVELLS,2010-05-27,55.66,56.4,55.01,55.405,912350
HAVELLS,2010-05-28,56.1,56.74,55.57,55.82,810810
HAVELLS,2010-05-31,56.2,57.98,55.55,56.86,2141550
HAVELLS,2010-06-01,56.59,57.9,56.51,56.94,1190540
HAVELLS,2010-06-02,57.3,57.6,56.03,56.77,416540
HAVELLS,2010-06-03,57.47,64.69,57.3,63.715,34436780
HAVELLS,2010-06-04,63.65,64.88,62.2,63.05,24740220
HAVELLS,2010-06-07,61.5,63.39,60.0,61.895,12352940
HAVELLS,2010-06-08,62.48,63.94,61.39,61.985,7980650
HAVELLS,2010-06-09,62.29,62.9,61.02,61.475,3141920
HAVELLS,2010-06-10,62.1,63.35,61.835,62.315,5849650
HAVELLS,2010-06-11,63.27,64.15,62.3,62.86,6731650
HAVELLS,2010-06-14,62.555,63.85,62.025,62.835,2522100
HAVELLS,2010-06-15,63.07,64.15,62.505,62.72,3595150
HAVELLS,2010-06-16,63.07,63.9,62.25,62.52,2975630
HAVELLS,2010-06-17,62.97,63.28,62.11,62.7,1932340
HAVELLS,2010-06-18,62.6,63.19,61.5,61.66,1086370
HAVELLS,2010-06-21,62.16,63.79,62.16,63.46,3516790
HAVELLS,2010-06-22,63.19,65.57,62.7,64.01,8490110
HAVELLS,2010-06-23,63.52,64.5,63.3,63.475,2013840
HAVELLS,2010-06-24,63.6,64.2,62.71,63.21,1610260
HAVELLS,2010-06-25,62.81,63.595,62.015,62.47,1430340
HAVELLS,2010-06-28,61.74,63.495,61.74,63.22,1438750
HAVELLS,2010-06-29,63.19,63.57,61.185,61.98,1181640
HAVELLS,2010-06-30,61.54,63.1,60.61,62.805,2461180
HAVELLS,2010-07-01,62.1,62.9,61.9,62.06,666830
HAVELLS,2010-07-02,62.37,64.38,62.3,63.015,5406630
HAVELLS,2010-07-05,63.015,65.3,62.515,63.985,6679310
HAVELLS,2010-07-06,64.0,65.1,63.37,63.775,2235330
HAVELLS,2010-07-07,64.01,64.58,62.81,63.11,2469850
HAVELLS,2010-07-08,63.8,64.19,63.1,63.325,1071760
HAVELLS,2010-07-09,63.605,64.0,62.8,63.095,2087660
HAVELLS,2010-07-12,63.58,63.66,62.645,62.865,1097750
HAVELLS,2010-07-13,63.1,63.44,62.5,63.075,1168760
HAVELLS,2010-07-14,63.44,65.18,63.25,63.965,6559210
HAVELLS,2010-07-15,64.1,66.1,64.1,64.955,9822020
HAVELLS,2010-07-16,65.055,65.535,64.01,64.445,2388130
HAVELLS,2010-07-19,63.77,65.37,63.77,64.615,2289300
HAVELLS,2010-07-20,64.98,65.4,64.415,64.6,2102900
HAVELLS,2010-07-21,64.82,67.775,64.7,67.315,11835200
HAVELLS,2010-07-22,67.5,69.2,67.49,68.08,6733390
HAVELLS,2010-07-23,68.5,68.735,67.1,67.925,1982050
HAVELLS,2010-07-26,67.91,69.3,67.15,67.99,3266360
HAVELLS,2010-07-27,68.0,68.59,67.455,67.685,1429680
HAVELLS,2010-07-28,67.98,68.0,65.72,66.13,2277650
HAVELLS,2010-07-29,66.6,68.195,65.76,66.97,2898310
HAVELLS,2010-07-30,67.4,67.4,65.555,65.96,803860
HAVELLS,2010-08-02,66.34,67.51,66.11,66.735,1286260
HAVELLS,2010-08-03,66.55,68.9,66.55,68.545,2679280
HAVELLS,2010-08-04,68.59,71.65,68.05,70.62,11280970
HAVELLS,2010-08-05,70.86,71.19,68.925,69.375,2378660
HAVELLS,2010-08-06,69.3,71.9,69.2,70.515,4676370
HAVELLS,2010-08-09,71.54,73.2,71.03,72.665,4898230
HAVELLS,2010-08-10,72.8,72.88,71.3,71.875,1990290
HAVELLS,2010-08-11,70.7,72.19,69.5,69.92,1942480
HAVELLS,2010-08-12,69.62,71.335,68.81,70.495,1833370
HAVELLS,2010-08-13,70.55,78.2,69.0,75.51,9564740
HAVELLS,2010-08-16,76.0,78.8,75.535,76.0,3677040
HAVELLS,2010-08-17,76.25,82.385,74.255,81.295,15673460
HAVELLS,2010-08-18,81.94,83.18,78.34,79.3,8011310
HAVELLS,2010-08-19,79.77,81.4,78.435,80.625,3837990
HAVELLS,2010-08-20,79.21,80.88,78.0,79.825,2597090
HAVELLS,2010-08-23,79.895,81.2,78.875,79.64,2713610
HAVELLS,2010-08-24,79.7,81.6,79.2,80.39,4136910
HAVELLS,2010-08-25,80.0,80.49,78.2,78.575,1801970
HAVELLS,2010-08-26,79.0,80.36,78.02,78.58,2104120
HAVELLS,2010-08-27,79.0,84.9,78.155,81.22,40055050
HAVELLS,2010-08-30,82.45,83.46,79.505,80.6,13588090
HAVELLS,2010-08-31,79.5,80.49,78.6,79.27,3135650
HAVELLS,2010-09-01,79.785,81.79,78.7,80.08,4283420
HAVELLS,2010-09-02,80.605,81.145,79.3,79.665,2230170
HAVELLS,2010-09-03,80.05,81.1,79.01,79.895,2844250
HAVELLS,2010-09-06,80.5,81.195,79.26,79.935,2904400
HAVELLS,2010-09-07,80.47,81.19,79.8,80.05,3124200
HAVELLS,2010-09-08,80.27,80.7,79.26,79.585,1452780
HAVELLS,2010-09-09,80.0,80.5,79.3,79.63,1186010
HAVELLS,2010-09-13,80.0,80.435,79.215,79.39,1052910
HAVELLS,2010-09-14,79.97,80.185,79.01,79.225,1178330
HAVELLS,2010-09-15,79.01,80.945,79.01,79.6,2718520
HAVELLS,2010-09-16,79.995,81.1,79.5,80.145,2573880
HAVELLS,2010-09-17,80.5,81.2,79.2,79.56,2373390
HAVELLS,2010-09-20,79.7,80.38,79.505,79.74,735560
HAVELLS,2010-09-21,79.95,80.2,78.5,78.89,902310
HAVELLS,2010-09-22,78.9,79.4,77.1,77.62,1078180
HAVELLS,2010-09-23,77.65,78.395,76.805,77.54,926570
HAVELLS,2010-09-24,77.7,80.9,77.275,80.52,3037180
HAVELLS,2010-09-27,81.21,82.3,79.55,79.99,2535270
HAVELLS,2010-09-28,80.5,80.84,78.635,79.35,1037510
HAVELLS,2010-09-29,79.7,80.47,78.7,79.075,793700
HAVELLS,2010-09-30,79.5,80.99,78.605,80.155,2276090
HAVELLS,2010-10-01,80.6,83.65,80.6,83.265,8733400
HAVELLS,2010-10-04,83.92,86.9,82.5,85.915,8766600
HAVELLS,2010-10-05,86.4,89.19,86.4,87.34,7080830
HAVELLS,2010-10-06,88.3,88.9,86.22,86.92,2493570
HAVELLS,2010-10-07,87.355,87.49,84.605,85.055,1917070
HAVELLS,2010-10-08,86.93,87.58,84.0,85.27,1444805
HAVELLS,2010-10-11,86.74,87.2,84.1,84.71,814575
HAVELLS,2010-10-12,85.0,85.0,82.81,83.74,411780
HAVELLS,2010-10-13,84.21,84.68,82.6,83.24,467095
HAVELLS,2010-10-14,84.0,84.0,82.0,82.39,393170
HAVELLS,2010-10-15,82.5,86.0,81.6,83.14,1614570
HAVELLS,2010-10-18,83.4,83.54,80.75,81.64,543080
HAVELLS,2010-10-19,82.0,84.2,80.25,81.08,877295
HAVELLS,2010-10-20,81.6,84.2,81.42,83.05,1863420
HAVELLS,2010-10-21,83.51,84.2,82.22,83.24,1026025
HAVELLS,2010-10-22,83.94,83.94,81.8,82.48,607950
HAVELLS,2010-10-25,83.35,83.36,81.82,82.88,1884555
HAVELLS,2010-10-26,82.9,83.05,82.0,82.38,1875865
HAVELLS,2010-10-27,82.92,82.92,81.85,82.29,372080
HAVELLS,2010-10-28,82.6,82.6,81.2,81.67,481255
HAVELLS,2010-10-29,81.88,83.0,80.63,82.88,1277935
HAVELLS,2010-11-01,83.83,84.6,81.32,82.39,5854635
HAVELLS,2010-11-02,82.8,83.22,82.2,82.58,1186755
HAVELLS,2010-11-03,83.0,83.3,81.9,82.17,799000
HAVELLS,2010-11-04,82.78,82.8,81.8,82.24,625485
HAVELLS,2010-11-08,82.53,82.8,81.03,81.48,479325
HAVELLS,2010-11-09,81.24,82.58,80.8,80.94,593260
HAVELLS,2010-11-10,81.2,83.96,80.4,82.18,2498385
HAVELLS,2010-11-11,82.4,83.85,80.8,81.13,1767915
HAVELLS,2010-11-12,81.36,81.88,78.7,79.11,608550
HAVELLS,2010-11-15,79.33,80.44,77.44,78.93,475575
HAVELLS,2010-11-16,78.8,79.6,75.66,77.09,578515
HAVELLS,2010-11-18,77.94,78.38,73.0,75.56,646955
HAVELLS,2010-11-19,76.54,76.54,72.6,73.36,370760
HAVELLS,2010-11-22,74.01,78.8,72.05,78.08,1596565
HAVELLS,2010-11-23,78.5,78.5,75.1,76.66,854610
HAVELLS,2010-11-24,77.02,79.3,76.41,77.5,1452700
HAVELLS,2010-11-25,73.66,78.14,73.66,74.94,504780
HAVELLS,2010-11-26,75.2,77.6,71.56,76.33,1212460
HAVELLS,2010-11-29,76.4,78.08,73.83,74.98,856505
HAVELLS,2010-11-30,74.6,77.4,74.01,76.37,559985
HAVELLS,2010-12-01,77.8,82.97,77.8,79.4,2380020
HAVELLS,2010-12-02,80.0,81.6,79.42,80.01,895165
HAVELLS,2010-12-03,79.8,80.4,75.79,76.83,679785
HAVELLS,2010-12-06,77.6,81.0,77.09,79.79,2029830
HAVELLS,2010-12-07,80.94,81.36,76.6,78.07,2711200
HAVELLS,2010-12-08,78.18,78.18,75.31,75.9,1177885
HAVELLS,2010-12-09,76.77,78.26,73.26,74.28,1675145
HAVELLS,2010-12-10,74.28,76.38,72.4,74.46,865980
HAVELLS,2010-12-13,75.0,76.4,74.7,75.98,674590
HAVELLS,2010-12-14,76.4,78.2,75.4,77.8,916530
HAVELLS,2010-12-15,76.18,77.79,76.02,76.23,420530
HAVELLS,2010-12-16,76.4,77.3,74.1,75.16,496045
HAVELLS,2010-12-20,75.2,77.09,75.2,76.09,386830
HAVELLS,2010-12-21,76.41,78.85,76.41,77.75,632800
HAVELLS,2010-12-22,78.0,78.6,77.01,77.71,1043150
HAVELLS,2010-12-23,76.9,79.5,76.9,78.38,1137825
HAVELLS,2010-12-24,76.66,79.7,76.66,78.77,671915
HAVELLS,2010-12-27,78.8,81.88,78.8,80.18,1621030
HAVELLS,2010-12-28,80.8,81.03,79.6,79.99,540820
HAVELLS,2010-12-29,80.0,80.19,78.6,78.9,595605
HAVELLS,2010-12-30,78.9,79.68,78.23,78.47,907305
HAVELLS,2010-12-31,78.94,80.2,78.55,79.26,1372400
HAVELLS,2011-01-03,79.99,80.38,79.4,79.56,340205
HAVELLS,2011-01-04,79.21,80.38,77.2,78.8,749935
HAVELLS,2011-01-05,78.47,80.01,76.52,77.82,402850
HAVELLS,2011-01-06,78.0,78.98,77.65,78.21,569595
HAVELLS,2011-01-07,77.65,78.2,75.2,75.64,276610
HAVELLS,2011-01-10,75.71,76.39,71.02,71.47,679780
HAVELLS,2011-01-11,71.78,73.7,71.02,73.0,588605
HAVELLS,2011-01-12,73.8,74.74,72.42,74.19,394835
HAVELLS,2011-01-13,73.4,76.17,73.4,75.58,656575
HAVELLS,2011-01-14,75.92,76.0,72.65,73.34,327495
HAVELLS,2011-01-17,73.89,74.15,72.27,72.89,216995
HAVELLS,2011-01-18,73.0,74.99,72.27,73.99,1169380
HAVELLS,2011-01-19,74.0,74.0,72.85,73.06,272205
HAVELLS,2011-01-20,72.8,73.59,72.65,73.1,202980
HAVELLS,2011-01-21,72.6,73.99,72.4,73.26,282550
HAVELLS,2011-01-24,73.2,73.87,72.44,73.5,617185
HAVELLS,2011-01-25,73.39,73.8,73.02,73.46,190345
HAVELLS,2011-01-27,73.8,73.94,69.06,70.24,543075
HAVELLS,2011-01-28,70.4,70.96,65.22,69.99,1005370
HAVELLS,2011-01-31,68.43,69.9,65.25,69.12,296365
HAVELLS,2011-02-01,69.8,69.8,66.42,67.2,244955
HAVELLS,2011-02-02,68.53,68.53,64.67,65.28,382890
HAVELLS,2011-02-03,65.04,65.99,64.32,64.85,684350
HAVELLS,2011-02-04,65.0,68.3,63.0,64.2,1623660
HAVELLS,2011-02-07,65.36,67.6,64.2,67.14,1294970
HAVELLS,2011-02-08,67.22,67.98,63.03,63.76,726735
HAVELLS,2011-02-09,64.0,64.19,60.99,61.33,394740
HAVELLS,2011-02-10,61.8,62.2,58.01,58.79,999420
HAVELLS,2011-02-11,58.2,61.0,58.0,60.56,707025
HAVELLS,2011-02-14,61.2,64.98,61.2,64.78,1240270
HAVELLS,2011-02-15,65.68,67.58,63.8,66.46,1772120
HAVELLS,2011-02-16,65.94,67.78,64.85,66.86,453715
HAVELLS,2011-02-17,67.39,68.92,66.0,67.25,1358180
HAVELLS,2011-02-18,67.6,68.18,65.26,65.61,689060
HAVELLS,2011-02-21,65.96,65.96,63.6,65.12,355680
HAVELLS,2011-02-22,65.58,65.58,63.12,64.72,218655
HAVELLS,2011-02-23,63.6,65.54,63.2,63.96,187145
HAVELLS,2011-02-24,63.96,67.0,62.0,63.15,2387640
HAVELLS,2011-02-25,63.9,64.94,62.6,64.05,559265
HAVELLS,2011-02-28,64.01,65.0,62.69,63.4,364660
HAVELLS,2011-03-01,64.4,70.4,63.27,69.19,3791965
HAVELLS,2011-03-03,68.99,71.9,68.42,70.68,2446170
HAVELLS,2011-03-04,71.02,71.8,69.71,70.05,704025
HAVELLS,2011-03-07,69.4,69.4,67.6,67.87,405315
HAVELLS,2011-03-08,68.0,70.36,66.6,69.05,975405
HAVELLS,2011-03-09,69.8,70.32,68.88,69.21,327840
HAVELLS,2011-03-10,69.76,70.42,67.63,68.83,501305
HAVELLS,2011-03-11,70.2,73.29,68.7,69.65,3688925
HAVELLS,2011-03-14,69.5,70.81,68.42,69.18,725680
HAVELLS,2011-03-15,67.6,69.38,64.4,68.66,728745
HAVELLS,2011-03-16,69.39,71.3,69.36,70.87,851805
HAVELLS,2011-03-17,70.57,73.76,70.43,71.7,2645420
HAVELLS,2011-03-18,72.8,73.88,69.6,69.92,705895
HAVELLS,2011-03-21,70.93,70.93,68.66,69.57,576285
HAVELLS,2011-03-22,70.4,72.9,70.23,72.52,1639995
HAVELLS,2011-03-23,73.7,75.5,72.8,75.06,2869895
HAVELLS,2011-03-24,75.41,75.41,73.54,73.81,1010245
HAVELLS,2011-03-25,73.83,74.53,72.31,72.76,980715
HAVELLS,2011-03-28,73.11,73.6,70.8,71.25,1325500
HAVELLS,2011-03-29,71.45,72.44,70.63,70.94,1660275
HAVELLS,2011-03-30,71.71,73.19,71.71,72.8,1091220
HAVELLS,2011-03-31,73.76,76.78,72.8,74.14,3903405
HAVELLS,2011-04-01,74.74,75.95,74.61,75.46,853030
HAVELLS,2011-04-04,75.62,79.96,75.6,79.38,3304040
HAVELLS,2011-04-05,79.4,80.16,77.64,78.03,1098720
HAVELLS,2011-04-06,77.08,80.39,77.0,77.41,1445045
HAVELLS,2011-04-07,77.93,78.98,77.6,78.08,1236520
HAVELLS,2011-04-08,78.57,79.14,77.05,77.42,602045
HAVELLS,2011-04-11,77.27,77.94,76.05,76.55,535775
HAVELLS,2011-04-13,76.0,78.5,75.81,78.28,1226740
HAVELLS,2011-04-15,77.62,81.98,77.62,81.0,3642030
HAVELLS,2011-04-18,81.56,83.19,78.2,79.03,2679475
HAVELLS,2011-04-19,78.0,79.87,63.6,78.02,1016360
HAVELLS,2011-04-20,79.0,81.0,78.66,79.88,1221895
HAVELLS,2011-04-21,80.74,82.46,80.02,81.79,1940035
HAVELLS,2011-04-25,83.0,83.0,80.61,80.99,692630
HAVELLS,2011-04-26,81.01,83.38,79.66,82.83,1733195
HAVELLS,2011-04-27,83.2,84.54,81.82,82.3,2019160
HAVELLS,2011-04-28,82.84,83.79,80.27,81.05,2581165
HAVELLS,2011-04-29,81.37,81.89,78.22,79.4,1196125
HAVELLS,2011-05-02,79.94,80.28,77.62,78.05,552915
HAVELLS,2011-05-03,78.07,80.0,77.01,77.35,1194095
HAVELLS,2011-05-04,77.0,77.73,75.44,75.73,761065
HAVELLS,2011-05-05,75.8,77.12,72.6,73.22,1120860
HAVELLS,2011-05-06,73.96,77.8,73.4,76.73,1536495
HAVELLS,2011-05-09,77.17,78.56,76.01,77.17,1323055
HAVELLS,2011-05-10,77.2,78.17,75.83,76.08,906365
HAVELLS,2011-05-11,76.4,77.97,76.33,77.3,690400
HAVELLS,2011-05-12,76.8,78.3,76.54,76.84,827520
HAVELLS,2011-05-13,77.16,80.1,76.42,79.3,5171940
HAVELLS,2011-05-16,79.31,80.57,78.1,79.0,2535080
HAVELLS,2011-05-17,79.2,80.2,77.5,78.0,813215
HAVELLS,2011-05-18,78.49,78.65,76.48,76.82,527120
HAVELLS,2011-05-19,77.2,77.78,75.2,75.45,614235
HAVELLS,2011-05-20,76.14,77.0,75.46,76.44,545345
HAVELLS,2011-05-23,76.16,77.2,75.4,75.6,557855
HAVELLS,2011-05-24,75.99,76.7,75.25,76.43,645590
HAVELLS,2011-05-25,62.52,76.2,62.52,75.89,800515
HAVELLS,2011-05-26,76.78,77.89,76.22,76.95,1189275
HAVELLS,2011-05-27,77.38,79.7,77.08,79.24,2213560
HAVELLS,2011-05-30,79.8,82.8,79.8,81.83,3456110
HAVELLS,2011-05-31,82.4,83.2,81.47,81.89,1954540
HAVELLS,2011-06-01,82.02,84.76,82.0,83.15,3779710
HAVELLS,2011-06-02,81.13,84.15,81.13,82.41,1477280
HAVELLS,2011-06-03,82.8,83.3,81.34,81.88,864940
HAVELLS,2011-06-06,82.58,82.58,81.23,81.88,485760
HAVELLS,2011-06-07,82.0,85.77,82.0,85.42,5660450
HAVELLS,2011-06-08,86.0,87.1,85.0,86.56,3970185
HAVELLS,2011-06-09,86.96,87.2,85.0,85.47,1616245
HAVELLS,2011-06-10,85.63,86.8,84.4,85.7,2224095
HAVELLS,2011-06-13,85.7,85.8,84.62,85.21,942070
HAVELLS,2011-06-14,85.5,88.65,84.07,88.16,4085450
HAVELLS,2011-06-15,88.08,90.25,86.73,87.54,4183515
HAVELLS,2011-06-16,86.24,87.15,85.06,85.45,1312615
HAVELLS,2011-06-17,85.4,87.8,85.0,85.42,2517715
HAVELLS,2011-06-20,85.65,86.3,80.52,82.02,1292970
HAVELLS,2011-06-21,82.34,83.0,80.01,81.0,1561045
HAVELLS,2011-06-22,81.81,83.08,80.3,80.67,1478820
HAVELLS,2011-06-23,80.32,80.32,75.2,76.02,4579330
HAVELLS,2011-06-24,77.01,79.0,76.8,78.5,4332790
HAVELLS,2011-06-27,76.2,78.14,76.2,77.07,1847505
HAVELLS,2011-06-28,77.94,78.96,76.82,77.18,3248390
HAVELLS,2011-06-29,77.0,78.98,77.0,78.04,3553160
HAVELLS,2011-06-30,78.56,78.56,76.22,76.9,3160860
HAVELLS,2011-07-01,77.55,77.99,76.7,77.21,970435
HAVELLS,2011-07-04,77.4,77.98,77.0,77.32,908285
HAVELLS,2011-07-05,77.5,79.7,76.4,78.76,6426140
HAVELLS,2011-07-06,79.2,80.56,79.0,79.41,6219735
HAVELLS,2011-07-07,79.43,80.76,79.08,80.19,4589665
HAVELLS,2011-07-08,80.24,80.77,78.65,79.17,3715370
HAVELLS,2011-07-11,79.21,79.8,77.1,77.49,1497700
HAVELLS,2011-07-12,77.0,77.29,75.82,76.16,1464385
HAVELLS,2011-07-13,76.98,78.1,76.42,77.59,3162690
HAVELLS,2011-07-14,76.94,78.54,76.94,77.45,1332865
HAVELLS,2011-07-15,77.47,78.26,77.1,77.62,679855
HAVELLS,2011-07-18,77.74,78.6,77.31,77.45,1478175
HAVELLS,2011-07-19,77.5,78.6,77.5,77.77,1140440
HAVELLS,2011-07-20,78.34,78.4,72.88,73.21,3265900
HAVELLS,2011-07-21,73.2,75.57,71.2,74.59,3399360
HAVELLS,2011-07-22,74.38,75.19,74.05,74.59,1155825
HAVELLS,2011-07-25,74.7,75.1,73.85,74.76,1301190
HAVELLS,2011-07-26,74.61,75.18,73.2,73.81,874150
HAVELLS,2011-07-27,74.15,74.18,72.6,72.91,825610
HAVELLS,2011-07-28,72.0,73.5,71.19,72.51,3221625
HAVELLS,2011-07-29,72.79,73.77,72.3,72.61,2165005
HAVELLS,2011-08-01,73.2,74.34,69.58,70.9,2228485
HAVELLS,2011-08-02,71.8,73.6,71.28,72.09,3378885
HAVELLS,2011-08-03,71.28,72.94,70.8,72.11,1155265
HAVELLS,2011-08-04,72.54,73.12,70.6,71.0,890380
HAVELLS,2011-08-05,68.06,70.8,67.59,70.32,1387760
HAVELLS,2011-08-08,68.32,71.9,68.2,71.31,1278240
HAVELLS,2011-08-09,69.54,71.94,68.48,69.71,1100070
HAVELLS,2011-08-10,70.79,71.4,69.3,69.65,578005
HAVELLS,2011-08-11,67.8,71.0,67.8,70.65,1196390
HAVELLS,2011-08-12,70.8,71.1,68.91,69.33,919850
HAVELLS,2011-08-16,70.39,70.39,69.03,69.41,1209320
HAVELLS,2011-08-17,69.9,71.96,67.7,68.13,1935100
HAVELLS,2011-08-18,68.4,68.68,65.21,65.73,1632170
HAVELLS,2011-08-19,65.18,65.8,62.9,65.22,2263605
HAVELLS,2011-08-22,65.54,66.8,63.91,65.71,985020
HAVELLS,2011-08-23,64.2,66.96,64.2,66.32,2804155
HAVELLS,2011-08-24,64.3,68.6,64.3,67.0,1208695
HAVELLS,2011-08-25,67.93,68.95,63.22,65.18,1678660
HAVELLS,2011-08-26,64.47,64.79,62.67,63.06,741485
HAVELLS,2011-08-29,63.41,65.31,63.4,64.83,599235
HAVELLS,2011-08-30,65.42,69.55,65.42,67.01,860150
HAVELLS,2011-09-02,67.41,68.09,65.98,66.8,845010
HAVELLS,2011-09-05,66.4,67.77,66.0,67.31,453475
HAVELLS,2011-09-06,67.58,70.92,66.89,70.64,1201155
HAVELLS,2011-09-07,71.32,72.65,70.7,72.07,1183905
HAVELLS,2011-09-08,72.6,72.61,71.52,71.83,330625
HAVELLS,2011-09-09,71.61,72.19,69.08,69.44,900605
HAVELLS,2011-09-12,68.02,69.6,67.65,68.46,890655
HAVELLS,2011-09-13,72.4,72.4,69.24,69.66,1398795
HAVELLS,2011-09-14,70.0,70.5,68.75,70.04,553720
HAVELLS,2011-09-15,69.4,72.6,68.8,72.41,1051025
HAVELLS,2011-09-16,73.0,75.0,71.2,71.76,2251440
HAVELLS,2011-09-19,71.76,72.79,71.02,72.1,478490
HAVELLS,2011-09-20,70.6,73.75,70.4,73.2,520880
HAVELLS,2011-09-21,73.2,74.38,72.9,74.05,1130790
HAVELLS,2011-09-22,72.25,74.7,71.4,73.64,2113530
HAVELLS,2011-09-23,73.25,73.25,71.31,71.95,782080
HAVELLS,2011-09-26,72.03,72.03,70.72,71.79,309430
HAVELLS,2011-09-27,72.86,73.8,72.21,73.48,362755
HAVELLS,2011-09-28,73.8,74.8,71.6,72.33,934810
HAVELLS,2011-09-29,71.94,73.2,70.32,71.95,883060
HAVELLS,2011-09-30,71.28,73.8,68.7,73.09,678660
HAVELLS,2011-10-03,73.0,73.0,69.54,70.79,660890
HAVELLS,2011-10-04,70.8,70.8,68.47,69.01,1295445
HAVELLS,2011-10-05,68.99,69.4,67.2,68.45,581115
HAVELLS,2011-10-07,70.0,70.82,68.06,68.8,509575
HAVELLS,2011-10-10,68.35,70.4,68.35,69.16,1697365
HAVELLS,2011-10-11,70.81,70.81,68.41,68.62,1058395
HAVELLS,2011-10-12,68.72,70.0,68.62,69.87,318845
HAVELLS,2011-10-13,70.16,70.5,69.07,69.64,482675
HAVELLS,2011-10-14,69.47,69.73,67.81,68.51,467070
HAVELLS,2011-10-17,69.15,70.8,68.81,70.34,428380
HAVELLS,2011-10-18,70.4,71.47,69.86,71.22,999225
HAVELLS,2011-10-19,71.92,73.3,71.92,73.05,759570
HAVELLS,2011-10-20,72.74,73.6,72.1,72.53,475745
HAVELLS,2011-10-21,72.1,73.03,70.4,70.75,441390
HAVELLS,2011-10-24,71.0,71.99,70.46,71.01,315870
HAVELLS,2011-10-25,70.61,72.4,70.61,71.96,561470
HAVELLS,2011-10-28,73.0,74.39,72.44,72.83,335180
HAVELLS,2011-10-31,73.36,73.97,70.7,71.09,790060
HAVELLS,2011-11-01,70.8,76.96,70.8,76.14,7108355
HAVELLS,2011-11-02,76.14,78.38,76.14,76.43,2730660
HAVELLS,2011-11-03,76.59,77.6,75.73,77.27,1424740
HAVELLS,2011-11-04,77.8,84.74,77.06,83.71,7442440
HAVELLS,2011-11-08,84.2,84.6,81.74,83.31,3676715
HAVELLS,2011-11-09,83.65,86.16,82.62,83.24,4066665
HAVELLS,2011-11-11,82.0,85.41,81.99,84.36,2375455
HAVELLS,2011-11-14,85.0,86.0,83.2,83.89,1346120
HAVELLS,2011-11-15,83.0,85.37,82.12,84.01,1422985
HAVELLS,2011-11-16,83.93,84.95,83.0,84.01,1989725
HAVELLS,2011-11-17,84.02,84.45,79.63,82.07,1622395
HAVELLS,2011-11-18,81.19,81.9,78.49,80.57,1287725
HAVELLS,2011-11-21,81.0,81.0,75.87,76.34,981235
HAVELLS,2011-11-22,76.23,80.74,76.23,80.12,1589600
HAVELLS,2011-11-23,80.34,80.34,77.76,79.08,992265
HAVELLS,2011-11-24,78.1,81.98,78.1,81.11,1388975
HAVELLS,2011-11-25,82.4,82.4,78.42,78.99,532000
HAVELLS,2011-11-28,79.25,81.2,78.8,80.4,1065945
HAVELLS,2011-11-29,80.23,84.74,80.21,83.31,2867670
HAVELLS,2011-11-30,83.54,84.54,82.05,82.75,1603525
HAVELLS,2011-12-01,83.7,86.96,83.45,83.94,3874180
HAVELLS,2011-12-02,83.44,85.78,82.91,85.1,1739760
HAVELLS,2011-12-05,84.97,86.2,84.1,85.27,704475
HAVELLS,2011-12-07,85.6,88.3,85.4,87.36,2715660
HAVELLS,2011-12-08,88.28,89.05,87.33,88.13,2954865
HAVELLS,2011-12-09,87.22,87.65,86.42,86.98,1892890
HAVELLS,2011-12-12,87.39,87.93,86.64,86.95,1068505
HAVELLS,2011-12-13,85.05,86.59,84.78,85.63,815715
HAVELLS,2011-12-14,86.42,86.96,85.4,85.82,1551675
HAVELLS,2011-12-15,85.39,85.39,78.64,79.81,2420795
HAVELLS,2011-12-16,78.84,81.8,77.3,78.14,2207680
HAVELLS,2011-12-19,78.38,78.38,73.2,76.67,1090595
HAVELLS,2011-12-20,77.99,77.99,73.47,74.12,655695
HAVELLS,2011-12-21,75.07,77.22,75.07,76.53,1176315
HAVELLS,2011-12-22,75.8,77.99,75.4,76.93,904875
HAVELLS,2011-12-23,77.94,77.94,76.02,77.03,689445
HAVELLS,2011-12-26,77.33,80.36,77.1,79.73,2636765
HAVELLS,2011-12-27,79.59,80.8,78.26,78.58,1013470
HAVELLS,2011-12-28,78.17,78.18,76.61,77.14,705805
HAVELLS,2011-12-29,76.97,78.18,76.12,76.95,1066250
HAVELLS,2011-12-30,77.08,78.14,76.91,77.04,228770
HAVELLS,2012-01-02,77.04,77.9,76.95,77.07,218225
HAVELLS,2012-01-03,77.06,81.0,77.06,80.33,798575
HAVELLS,2012-01-04,89.34,89.34,79.82,82.01,871070
HAVELLS,2012-01-05,81.8,83.6,81.4,82.11,552240
HAVELLS,2012-01-06,81.82,82.94,80.64,82.42,457705
HAVELLS,2012-01-09,81.01,83.48,81.01,82.84,511245
HAVELLS,2012-01-10,82.7,84.9,82.7,83.64,656405
HAVELLS,2012-01-11,83.88,84.95,81.66,82.74,599990
HAVELLS,2012-01-12,82.4,89.4,81.6,87.84,3395655
HAVELLS,2012-01-13,89.0,90.0,85.0,85.31,2038055
HAVELLS,2012-01-16,84.99,84.99,83.6,84.54,631525
HAVELLS,2012-01-17,84.82,87.5,84.81,86.68,751805
HAVELLS,2012-01-18,86.98,88.98,85.36,86.08,875565
HAVELLS,2012-01-19,84.99,87.28,84.99,86.02,498100
HAVELLS,2012-01-20,86.4,87.54,84.3,84.91,614805
HAVELLS,2012-01-23,84.24,87.3,84.24,85.95,1020760
HAVELLS,2012-01-24,85.61,86.5,84.9,85.31,570340
HAVELLS,2012-01-25,85.51,88.2,85.28,86.48,1758355
HAVELLS,2012-01-27,87.6,88.89,85.45,85.79,1551605
HAVELLS,2012-01-30,84.43,89.6,84.43,88.74,4327610
HAVELLS,2012-01-31,90.28,96.96,89.8,96.19,10533955
HAVELLS,2012-02-01,96.0,97.2,94.4,96.65,3522720
HAVELLS,2012-02-02,97.48,101.3,96.02,100.09,3994330
HAVELLS,2012-02-03,99.6,100.95,97.67,98.36,1738985
HAVELLS,2012-02-06,99.08,100.38,97.22,97.89,1390995
HAVELLS,2012-02-07,97.53,98.5,96.05,97.05,2244980
HAVELLS,2012-02-08,97.75,98.72,95.61,97.11,2292630
HAVELLS,2012-02-09,96.42,97.81,96.0,97.3,1430405
HAVELLS,2012-02-10,97.9,100.15,96.6,97.18,1843475
HAVELLS,2012-02-13,97.78,98.56,96.2,97.24,931835
HAVELLS,2012-02-14,97.59,102.16,97.13,101.53,3877020
HAVELLS,2012-02-15,102.4,112.14,102.14,111.01,7151860
HAVELLS,2012-02-16,110.78,111.8,107.44,108.5,2357635
HAVELLS,2012-02-17,109.56,112.69,105.28,106.21,2062890
HAVELLS,2012-02-21,106.0,111.58,106.0,109.23,1595705
HAVELLS,2012-02-22,109.91,110.12,104.05,105.16,1673550
HAVELLS,2012-02-23,104.68,104.93,97.83,102.43,3009225
HAVELLS,2012-02-24,104.0,104.81,101.06,103.68,1122640
HAVELLS,2012-02-27,103.1,103.6,98.43,100.67,765585
HAVELLS,2012-02-28,101.14,107.74,100.2,105.56,3331675
HAVELLS,2012-02-29,107.94,120.34,106.8,108.52,2218445
HAVELLS,2012-03-01,108.4,109.14,105.6,106.61,733460
HAVELLS,2012-03-02,107.58,110.26,104.38,105.94,1733460
HAVELLS,2012-03-05,105.4,106.0,102.63,103.65,983480
HAVELLS,2012-03-06,101.2,107.46,100.6,105.18,1928350
HAVELLS,2012-03-07,104.02,109.89,104.02,109.34,2589445
HAVELLS,2012-03-09,110.95,113.36,110.59,112.27,1913490
HAVELLS,2012-03-12,113.54,116.96,111.61,116.15,3265540
HAVELLS,2012-03-13,116.81,121.76,116.8,118.94,3601835
HAVELLS,2012-03-14,119.64,120.78,117.07,118.3,1497120
HAVELLS,2012-03-15,118.65,120.18,116.42,117.35,1629140
HAVELLS,2012-03-16,117.46,118.48,114.04,115.56,1059735
HAVELLS,2012-03-19,115.07,118.58,114.6,117.71,1459160
HAVELLS,2012-03-20,117.6,120.6,117.6,119.37,1959260
HAVELLS,2012-03-21,120.2,122.79,119.99,121.96,3706360
HAVELLS,2012-03-22,121.96,123.16,115.6,116.38,1692735
HAVELLS,2012-03-23,117.58,118.38,111.14,113.57,2059895
HAVELLS,2012-03-26,113.98,114.9,111.47,112.4,948165
HAVELLS,2012-03-27,114.0,114.95,110.34,111.86,1456230
HAVELLS,2012-03-28,111.43,113.26,111.03,111.97,1652620
HAVELLS,2012-03-29,111.6,112.1,109.99,111.74,870015
HAVELLS,2012-03-30,112.02,115.36,112.0,114.42,1766950
HAVELLS,2012-04-02,113.95,120.34,113.95,119.08,2331865
HAVELLS,2012-04-03,118.8,121.16,117.15,117.72,1818510
HAVELLS,2012-04-04,117.62,117.88,115.06,115.86,1379980
HAVELLS,2012-04-09,114.0,117.09,114.0,115.17,1071140
HAVELLS,2012-04-10,114.48,116.8,113.16,116.06,782535
HAVELLS,2012-04-11,114.0,116.0,112.33,112.74,985595
HAVELLS,2012-04-12,113.53,114.8,112.75,113.48,710480
HAVELLS,2012-04-13,114.0,115.4,111.45,112.18,639270
HAVELLS,2012-04-16,112.45,117.77,112.0,117.09,2237045
HAVELLS,2012-04-17,117.79,118.0,115.97,116.81,1111215
HAVELLS,2012-04-18,117.94,119.22,115.83,116.41,1427930
HAVELLS,2012-04-19,116.92,117.89,116.01,117.4,643890
HAVELLS,2012-04-20,116.94,119.84,115.22,115.8,1796660
HAVELLS,2012-04-23,115.84,118.1,114.24,114.54,1313125
HAVELLS,2012-04-24,115.67,115.67,110.26,111.48,1502345
HAVELLS,2012-04-25,110.54,114.4,110.54,113.65,1143975
HAVELLS,2012-04-26,114.4,114.54,111.39,112.13,839550
HAVELLS,2012-04-27,110.03,113.54,109.21,110.83,1168685
HAVELLS,2012-04-30,110.94,111.98,108.24,111.06,746680
HAVELLS,2012-05-02,111.3,113.45,111.3,111.81,860825
HAVELLS,2012-05-03,111.93,111.93,110.05,111.26,553015
HAVELLS,2012-05-04,109.46,111.8,107.6,108.12,806430
HAVELLS,2012-05-07,110.2,113.98,105.05,112.59,1006940
HAVELLS,2012-05-08,113.8,114.36,110.54,112.7,1648960
HAVELLS,2012-05-09,112.02,114.8,106.69,109.13,1453830
HAVELLS,2012-05-10,109.22,111.48,108.22,109.22,877530
HAVELLS,2012-05-11,109.0,109.98,106.85,108.64,897320
HAVELLS,2012-05-14,109.2,109.6,107.82,108.53,527680
HAVELLS,2012-05-15,107.99,108.83,104.74,106.46,1526630
HAVELLS,2012-05-16,104.41,105.37,103.6,104.44,992035
HAVELLS,2012-05-17,104.99,107.18,104.33,105.36,1005280
HAVELLS,2012-05-18,104.0,105.2,102.86,104.02,484305
HAVELLS,2012-05-21,104.94,108.97,104.41,107.74,942060
HAVELLS,2012-05-22,109.0,109.68,106.8,107.18,653035
HAVELLS,2012-05-23,106.07,114.4,106.06,113.6,3061165
HAVELLS,2012-05-24,113.6,115.87,112.17,114.93,1963945
HAVELLS,2012-05-25,113.26,115.4,113.26,114.06,821550
HAVELLS,2012-05-28,114.86,120.28,114.44,119.55,3023755
HAVELLS,2012-05-29,120.3,120.59,116.01,117.51,1963480
HAVELLS,2012-05-30,117.1,119.58,108.6,109.34,6034295
HAVELLS,2012-05-31,109.41,113.89,108.0,111.81,3262475
HAVELLS,2012-06-01,111.34,112.6,105.32,105.7,1155515
HAVELLS,2012-06-04,104.01,107.68,102.65,107.07,1724795
HAVELLS,2012-06-05,108.1,111.9,107.21,110.87,1557000
HAVELLS,2012-06-06,111.2,112.72,110.76,111.58,1203145
HAVELLS,2012-06-07,112.69,113.14,109.76,111.92,944600
HAVELLS,2012-06-08,111.13,114.85,111.13,112.62,2329405
HAVELLS,2012-06-11,113.93,113.99,107.91,108.66,1673205
HAVELLS,2012-06-12,108.81,111.0,108.51,110.53,1071700
HAVELLS,2012-06-13,110.93,111.92,109.76,110.18,782375
HAVELLS,2012-06-14,109.36,111.0,107.02,107.98,739615
HAVELLS,2012-06-15,108.09,109.86,108.0,108.4,1011290
HAVELLS,2012-06-18,109.74,110.2,105.94,106.91,921255
HAVELLS,2012-06-19,106.91,108.49,104.48,107.81,1608180
HAVELLS,2012-06-20,106.8,109.96,106.8,109.34,1144410
HAVELLS,2012-06-21,109.97,110.2,107.4,109.21,863280
HAVELLS,2012-06-22,108.1,112.74,107.44,111.26,2621840
HAVELLS,2012-06-25,111.35,113.2,110.8,111.3,1069685
HAVELLS,2012-06-26,111.75,112.78,110.84,111.7,583035
HAVELLS,2012-06-27,112.04,113.98,111.42,113.63,1521075
HAVELLS,2012-06-28,114.52,115.2,113.8,114.78,1180750
HAVELLS,2012-06-29,116.88,116.88,115.4,116.64,856865
HAVELLS,2012-07-02,117.47,117.79,115.4,116.41,664015
HAVELLS,2012-07-03,118.0,118.0,116.0,116.49,373670
HAVELLS,2012-07-04,116.49,116.49,114.22,115.13,560820
HAVELLS,2012-07-05,115.41,117.69,114.12,115.61,919645
HAVELLS,2012-07-06,116.0,116.16,113.85,114.33,540500
HAVELLS,2012-07-09,112.54,114.28,111.62,112.55,382270
HAVELLS,2012-07-10,112.6,117.78,112.53,117.33,1516035
HAVELLS,2012-07-11,117.34,118.88,116.0,117.05,1625330
HAVELLS,2012-07-12,116.0,116.9,114.89,115.33,713970
HAVELLS,2012-07-13,115.87,118.82,115.76,117.62,1279400
HAVELLS,2012-07-16,117.7,118.6,116.44,116.99,701455
HAVELLS,2012-07-17,117.11,118.36,115.66,116.27,525650
HAVELLS,2012-07-18,114.55,117.3,114.23,116.01,605300
HAVELLS,2012-07-19,116.94,120.8,115.7,119.96,2894940
HAVELLS,2012-07-20,120.15,122.75,120.0,121.33,3630085
HAVELLS,2012-07-23,121.33,122.31,118.41,120.67,1892130
HAVELLS,2012-07-24,120.74,121.6,119.2,119.8,840110
HAVELLS,2012-07-25,119.78,119.78,117.5,118.53,472565
HAVELLS,2012-07-26,118.8,118.97,112.0,114.02,2156155
HAVELLS,2012-07-27,116.14,117.36,109.94,110.68,2072840
HAVELLS,2012-07-30,110.22,114.38,108.6,110.99,3618235
HAVELLS,2012-07-31,111.28,112.22,106.56,107.34,3512955
HAVELLS,2012-08-01,107.6,109.9,106.42,109.26,1662600
HAVELLS,2012-08-02,110.2,111.44,109.36,110.05,1366120
HAVELLS,2012-08-03,109.74,111.0,108.25,109.94,845020
HAVELLS,2012-08-06,109.94,111.96,108.65,109.09,1835035
HAVELLS,2012-08-07,109.94,110.58,108.8,109.66,1054570
HAVELLS,2012-08-08,110.2,110.5,107.74,108.06,1083705
HAVELLS,2012-08-09,108.06,109.26,107.4,107.83,756050
HAVELLS,2012-08-10,107.8,109.56,106.8,108.96,1128070
HAVELLS,2012-08-13,109.17,111.1,109.03,110.8,1017000
HAVELLS,2012-08-14,111.33,112.7,110.25,110.7,1097920
HAVELLS,2012-08-16,110.7,111.61,109.73,110.97,691650
HAVELLS,2012-08-17,111.25,111.77,109.88,110.19,598930
HAVELLS,2012-08-21,110.19,110.68,108.02,108.25,926495
HAVELLS,2012-08-22,108.2,110.4,107.32,109.71,1044975
HAVELLS,2012-08-23,109.8,110.51,108.44,109.1,863330
HAVELLS,2012-08-24,109.09,109.19,108.13,108.54,284980
HAVELLS,2012-08-27,108.93,109.68,108.08,108.55,425180
HAVELLS,2012-08-28,108.55,108.78,105.68,106.87,709300
HAVELLS,2012-08-29,107.84,107.84,105.9,107.33,461760
HAVELLS,2012-08-30,106.84,109.36,106.2,107.53,716345
HAVELLS,2012-08-31,107.69,110.12,107.37,108.77,830330
HAVELLS,2012-09-03,108.82,110.79,108.5,109.95,924295
HAVELLS,2012-09-04,110.92,112.58,110.26,111.18,1246660
HAVELLS,2012-09-05,111.18,113.32,110.14,111.01,1291970
HAVELLS,2012-09-06,111.27,111.8,110.42,110.76,377755
HAVELLS,2012-09-07,112.89,115.28,111.12,113.96,1894170
HAVELLS,2012-09-10,115.41,116.38,114.6,115.74,934080
HAVELLS,2012-09-11,115.18,117.3,114.15,116.14,640860
HAVELLS,2012-09-12,117.0,117.2,113.71,114.63,1013525
HAVELLS,2012-09-13,114.63,116.13,114.24,114.69,383295
HAVELLS,2012-09-14,115.94,118.26,115.2,116.95,1159605
HAVELLS,2012-09-17,118.6,121.0,117.2,120.59,2269040
HAVELLS,2012-09-18,120.59,121.18,117.8,118.15,749460
HAVELLS,2012-09-20,117.0,117.98,115.4,116.74,507665
HAVELLS,2012-09-21,117.53,122.0,117.02,121.1,1182565
HAVELLS,2012-09-24,121.87,125.77,120.65,123.77,2058215
HAVELLS,2012-09-25,124.98,127.33,123.82,124.3,2505070
HAVELLS,2012-09-26,124.4,126.35,123.2,124.02,920330
HAVELLS,2012-09-27,124.0,125.4,122.41,123.47,926560
HAVELLS,2012-09-28,124.26,126.88,124.21,124.9,1274310
HAVELLS,2012-10-01,123.0,126.22,123.0,124.89,509335
HAVELLS,2012-10-03,124.88,130.54,124.86,130.22,3013380
HAVELLS,2012-10-04,131.0,131.26,128.7,129.76,1641695
HAVELLS,2012-10-05,130.23,131.2,126.28,128.75,845630
HAVELLS,2012-10-08,128.76,132.8,128.7,132.21,2883380
HAVELLS,2012-10-09,133.0,134.36,131.8,133.47,2065415
HAVELLS,2012-10-10,132.77,133.39,128.62,129.43,839300
HAVELLS,2012-10-11,128.6,131.6,128.6,130.7,720545
HAVELLS,2012-10-12,131.21,133.38,130.4,131.14,604525
HAVELLS,2012-10-15,131.47,131.69,128.42,128.95,827165
HAVELLS,2012-10-16,129.94,131.58,128.92,129.54,694765
HAVELLS,2012-10-17,141.67,141.67,127.11,128.52,808210
HAVELLS,2012-10-18,129.0,132.39,128.51,131.56,854850
HAVELLS,2012-10-19,131.6,131.76,129.22,130.08,298800
HAVELLS,2012-10-22,130.02,130.58,129.03,129.45,245690
HAVELLS,2012-10-23,129.59,130.74,129.05,129.6,164275
HAVELLS,2012-10-25,129.22,129.74,122.85,123.87,2484765
HAVELLS,2012-10-29,124.8,125.95,116.56,117.29,3322420
HAVELLS,2012-10-30,118.8,118.8,112.82,113.64,3231235
HAVELLS,2012-10-31,113.65,116.4,113.44,115.39,1349005
HAVELLS,2012-11-01,115.94,117.76,114.63,116.8,1418720
HAVELLS,2012-11-02,117.42,118.2,116.08,116.7,532520
HAVELLS,2012-11-05,116.59,117.49,114.82,116.34,932085
HAVELLS,2012-11-06,115.21,116.94,115.21,116.16,324505
HAVELLS,2012-11-07,116.31,120.12,115.82,119.04,1518135
HAVELLS,2012-11-08,118.04,120.38,117.06,118.07,1133995
HAVELLS,2012-11-09,118.21,121.3,118.2,119.09,1995780
HAVELLS,2012-11-12,119.09,119.88,117.61,118.29,901920
HAVELLS,2012-11-15,117.92,117.95,115.25,116.15,521575
HAVELLS,2012-11-16,117.4,117.4,114.62,115.09,425495
HAVELLS,2012-11-19,113.6,116.08,113.43,114.24,394175
HAVELLS,2012-11-20,114.31,116.59,114.2,115.83,872765
HAVELLS,2012-11-21,116.49,118.29,115.22,117.46,947385
HAVELLS,2012-11-22,117.22,120.2,116.47,119.39,987695
HAVELLS,2012-11-23,119.4,119.78,115.9,116.89,853500
HAVELLS,2012-11-26,116.87,117.27,112.93,114.43,2989935
HAVELLS,2012-11-27,114.83,116.0,113.6,114.76,1171015
HAVELLS,2012-11-29,114.83,115.94,114.02,115.43,1834430
HAVELLS,2012-11-30,115.43,116.45,114.37,114.76,1330245
HAVELLS,2012-12-03,114.91,117.68,114.02,116.93,2610255
HAVELLS,2012-12-04,117.2,121.26,117.2,120.41,3827040
HAVELLS,2012-12-05,120.92,122.7,120.8,121.16,2024890
HAVELLS,2012-12-06,121.94,123.4,119.48,122.01,1893605
HAVELLS,2012-12-07,122.94,122.94,118.66,120.86,960905
HAVELLS,2012-12-10,121.94,124.18,120.96,123.54,1901400
HAVELLS,2012-12-11,124.01,124.39,121.18,121.8,929650
HAVELLS,2012-12-12,122.4,123.0,120.47,120.91,576495
HAVELLS,2012-12-13,121.75,121.96,119.44,120.06,841235
HAVELLS,2012-12-14,120.1,122.3,119.31,121.26,858955
HAVELLS,2012-12-17,121.91,123.71,121.65,123.15,916165
HAVELLS,2012-12-18,123.58,124.96,122.88,123.61,1105310
HAVELLS,2012-12-19,124.51,125.4,122.39,123.12,942615
HAVELLS,2012-12-20,123.93,125.2,122.32,124.92,1219105
HAVELLS,2012-12-21,124.77,127.6,124.2,126.91,3991950
HAVELLS,2012-12-24,127.54,129.3,127.52,128.78,2128180
HAVELLS,2012-12-26,128.7,129.2,127.55,127.83,532465
HAVELLS,2012-12-27,128.15,128.96,124.4,125.62,1154255
HAVELLS,2012-12-28,126.87,127.98,125.8,127.57,504480
HAVELLS,2012-12-31,127.58,128.4,126.44,127.32,764900
HAVELLS,2013-01-01,127.93,128.21,127.16,127.76,367420
HAVELLS,2013-01-02,128.6,130.6,127.8,129.81,1158155
HAVELLS,2013-01-03,129.9,130.56,128.2,128.87,785635
HAVELLS,2013-01-04,129.02,129.02,127.0,127.35,868150
HAVELLS,2013-01-07,127.87,131.43,127.87,129.18,805090
HAVELLS,2013-01-08,129.33,130.2,128.0,129.85,501135
HAVELLS,2013-01-09,130.61,136.94,130.49,136.11,6075415
HAVELLS,2013-01-10,136.94,137.66,135.01,135.93,1678830
HAVELLS,2013-01-11,135.99,135.99,133.25,134.64,792030
HAVELLS,2013-01-14,135.34,136.56,134.0,134.37,853240
HAVELLS,2013-01-15,134.88,138.94,134.0,137.97,2277730
HAVELLS,2013-01-16,138.0,139.94,136.2,136.92,1189335
HAVELLS,2013-01-17,137.42,137.8,132.8,133.58,1094970
HAVELLS,2013-01-18,134.03,134.91,130.01,132.3,1050855
HAVELLS,2013-01-21,132.68,133.79,130.44,132.68,461870
HAVELLS,2013-01-22,132.67,135.47,132.0,132.93,1030220
HAVELLS,2013-01-23,134.34,134.82,127.07,131.44,7254090
HAVELLS,2013-01-24,131.95,131.95,128.49,129.66,786495
HAVELLS,2013-01-25,129.37,132.87,128.79,131.95,582110
HAVELLS,2013-01-28,132.93,132.93,130.4,131.02,348730
HAVELLS,2013-01-29,130.75,131.4,128.22,129.19,833985
HAVELLS,2013-01-30,130.46,131.76,128.76,130.9,968035
HAVELLS,2013-01-31,131.94,132.8,130.6,131.66,969110
HAVELLS,2013-02-01,131.94,133.45,130.4,130.82,783530
HAVELLS,2013-02-04,130.43,134.27,130.43,133.57,1550780
HAVELLS,2013-02-05,133.59,134.2,129.44,131.32,2115505
HAVELLS,2013-02-06,128.02,131.32,128.02,130.4,931355
HAVELLS,2013-02-07,131.15,133.65,129.94,133.43,1229350
HAVELLS,2013-02-08,132.99,134.67,132.42,134.04,902910
HAVELLS,2013-02-11,134.41,138.17,134.4,137.09,1671935
HAVELLS,2013-02-12,137.25,137.9,135.3,137.01,705910
HAVELLS,2013-02-13,136.68,139.8,136.31,136.78,1813285
HAVELLS,2013-02-14,136.93,139.8,136.6,139.11,1407425
HAVELLS,2013-02-15,139.42,141.2,137.83,139.49,1681720
HAVELLS,2013-02-18,139.94,139.94,136.22,136.79,687960
HAVELLS,2013-02-19,136.42,136.64,133.42,135.01,801905
HAVELLS,2013-02-20,135.93,137.44,135.26,136.79,463555
HAVELLS,2013-02-21,136.71,136.78,128.87,131.51,1536510
HAVELLS,2013-02-22,132.96,133.56,130.16,131.56,686750
HAVELLS,2013-02-25,132.8,132.8,127.0,129.69,1086015
HAVELLS,2013-02-26,129.4,129.7,127.02,127.93,517260
HAVELLS,2013-02-27,128.94,130.63,123.99,128.91,1214330
HAVELLS,2013-02-28,129.54,132.46,118.44,127.58,1962250
HAVELLS,2013-03-01,127.63,127.63,123.3,124.74,982650
HAVELLS,2013-03-04,124.03,124.3,121.24,123.24,598100
HAVELLS,2013-03-05,123.97,124.09,118.33,123.69,1781890
HAVELLS,2013-03-06,124.19,126.4,123.6,124.94,697915
HAVELLS,2013-03-07,124.1,127.2,120.31,125.88,1177610
HAVELLS,2013-03-08,125.58,126.87,125.0,126.23,560050
HAVELLS,2013-03-11,127.52,127.8,126.0,126.51,223405
HAVELLS,2013-03-12,126.61,127.4,124.79,125.94,469605
HAVELLS,2013-03-13,125.61,126.77,124.2,125.32,685655
HAVELLS,2013-03-14,125.15,126.6,122.2,126.02,667350
HAVELLS,2013-03-15,126.59,128.98,126.2,127.5,1102185
HAVELLS,2013-03-18,126.0,129.53,125.4,127.39,540765
HAVELLS,2013-03-19,127.64,128.56,124.03,125.38,451790
HAVELLS,2013-03-20,125.42,125.88,120.6,122.26,806290
HAVELLS,2013-03-21,128.88,128.88,120.0,121.26,654130
HAVELLS,2013-03-22,121.84,121.84,115.36,119.04,1063435
HAVELLS,2013-03-25,121.16,121.85,119.2,120.06,434395
HAVELLS,2013-03-26,119.01,123.5,119.01,122.14,599015
HAVELLS,2013-03-28,122.14,133.98,111.4,128.76,5001695
HAVELLS,2013-04-01,127.56,129.0,124.26,125.99,822055
HAVELLS,2013-04-02,126.49,127.0,124.8,125.71,601515
HAVELLS,2013-04-03,125.0,126.96,121.39,123.33,475580
HAVELLS,2013-04-04,122.2,123.48,120.01,120.41,686980
HAVELLS,2013-04-05,119.8,121.78,119.6,120.67,503450
HAVELLS,2013-04-08,120.6,123.78,120.24,122.05,376115
HAVELLS,2013-04-09,123.2,126.21,123.2,123.83,778530
HAVELLS,2013-04-10,124.6,126.0,122.71,124.7,448315
HAVELLS,2013-04-11,125.6,128.79,124.8,128.13,521055
HAVELLS,2013-04-12,126.8,129.3,126.22,127.35,367340
HAVELLS,2013-04-15,127.35,128.77,124.6,125.43,389340
HAVELLS,2013-04-16,124.61,126.8,124.06,125.66,288235
HAVELLS,2013-04-17,125.66,127.78,124.8,126.34,326860
HAVELLS,2013-04-18,125.2,127.2,125.2,126.45,185620
HAVELLS,2013-04-22,126.49,130.58,126.49,129.56,632440
HAVELLS,2013-04-23,129.6,131.0,128.47,129.02,392575
HAVELLS,2013-04-25,130.4,135.56,126.47,130.06,5087515
HAVELLS,2013-04-26,130.85,132.54,126.81,128.11,719130
HAVELLS,2013-04-29,129.38,132.18,128.65,131.57,704155
HAVELLS,2013-04-30,132.0,132.8,130.46,131.69,423745
HAVELLS,2013-05-02,131.2,136.59,131.16,136.06,1550515
HAVELLS,2013-05-03,137.0,138.4,134.23,135.59,1370555
HAVELLS,2013-05-06,134.52,137.37,134.52,136.4,717425
HAVELLS,2013-05-07,136.4,136.89,133.25,134.93,660705
HAVELLS,2013-05-08,135.2,136.57,134.33,135.64,352835
HAVELLS,2013-05-09,135.8,138.94,135.2,136.26,952515
HAVELLS,2013-05-10,136.2,138.2,135.01,135.39,444045
HAVELLS,2013-05-13,135.0,136.0,131.64,132.54,260395
HAVELLS,2013-05-14,131.42,133.5,130.76,131.78,209805
HAVELLS,2013-05-15,131.2,137.15,131.2,136.32,615015
HAVELLS,2013-05-16,136.59,138.8,136.19,137.67,676440
HAVELLS,2013-05-17,138.0,139.0,135.81,137.82,613525
HAVELLS,2013-05-20,138.0,138.7,135.44,136.2,364905
HAVELLS,2013-05-21,137.0,137.48,134.24,135.04,236550
HAVELLS,2013-05-22,136.12,137.89,134.61,137.06,288465
HAVELLS,2013-05-23,137.36,138.96,134.71,135.5,492755
HAVELLS,2013-05-24,135.6,137.0,133.67,135.3,245395
HAVELLS,2013-05-27,134.2,140.4,134.2,139.51,832335
HAVELLS,2013-05-28,139.57,150.4,139.38,144.07,8533195
HAVELLS,2013-05-29,144.78,144.85,140.22,141.63,2056220
HAVELLS,2013-05-30,141.02,150.36,140.0,145.0,36223620
HAVELLS,2013-05-31,147.0,148.0,144.3,147.77,2360140
HAVELLS,2013-06-03,147.0,151.48,146.0,147.88,1720405
HAVELLS,2013-06-04,147.6,148.86,145.02,145.44,1015010
HAVELLS,2013-06-05,145.4,145.82,143.2,144.96,661525
HAVELLS,2013-06-06,143.6,144.94,142.44,142.85,734780
HAVELLS,2013-06-07,142.8,147.34,142.8,144.35,1377475
HAVELLS,2013-06-10,144.9,146.77,142.64,143.69,690295
HAVELLS,2013-06-11,142.23,144.07,140.4,142.75,1998240
HAVELLS,2013-06-12,141.4,151.32,141.4,150.06,2822675
HAVELLS,2013-06-13,150.0,151.17,147.7,148.81,1380745
HAVELLS,2013-06-14,149.05,150.88,146.86,147.8,909180
HAVELLS,2013-06-17,147.8,149.52,147.47,147.97,1089370
HAVELLS,2013-06-18,147.96,150.88,147.8,148.68,1523870
HAVELLS,2013-06-19,148.8,153.2,148.61,151.94,2292715
HAVELLS,2013-06-20,150.6,151.36,145.55,147.08,1412250
HAVELLS,2013-06-21,146.5,148.29,144.05,145.48,889950
HAVELLS,2013-06-24,145.6,146.16,138.85,139.42,1131625
HAVELLS,2013-06-25,139.0,139.56,133.21,134.94,2448465
HAVELLS,2013-06-26,137.0,137.0,133.54,134.95,796940
HAVELLS,2013-06-27,136.4,143.6,134.9,142.47,2328945
HAVELLS,2013-06-28,143.14,147.94,142.79,147.05,1056910
HAVELLS,2013-07-01,146.4,149.94,145.6,149.18,804535
HAVELLS,2013-07-02,147.65,150.59,145.93,147.37,739950
HAVELLS,2013-07-03,146.2,146.4,143.91,145.13,431410
HAVELLS,2013-07-04,145.44,147.47,141.46,143.2,1246690
HAVELLS,2013-07-05,144.77,145.69,141.72,142.75,641940
HAVELLS,2013-07-08,142.99,151.97,140.5,150.19,1804125
HAVELLS,2013-07-09,150.82,158.94,150.82,156.76,3883815
HAVELLS,2013-07-10,156.64,160.34,154.4,155.93,2250390
HAVELLS,2013-07-11,156.3,159.0,154.63,155.69,1978900
HAVELLS,2013-07-12,156.4,156.96,152.59,153.53,1107855
HAVELLS,2013-07-15,153.56,158.0,153.56,157.29,1310080
HAVELLS,2013-07-16,157.0,159.79,153.8,157.35,1319590
HAVELLS,2013-07-17,157.45,161.16,157.2,159.58,1640950
HAVELLS,2013-07-18,160.0,163.49,160.0,161.48,1562465
HAVELLS,2013-07-19,161.48,161.96,154.73,156.16,1139150
HAVELLS,2013-07-22,155.3,156.0,151.65,152.98,891270
HAVELLS,2013-07-23,152.8,154.58,151.4,153.87,988125
HAVELLS,2013-07-24,152.6,153.98,150.65,153.03,555010
HAVELLS,2013-07-25,153.2,156.69,152.6,153.33,1258835
HAVELLS,2013-07-26,154.0,155.0,148.37,150.8,940905
HAVELLS,2013-07-29,150.64,153.26,148.2,151.01,914460
HAVELLS,2013-07-30,152.32,153.8,125.76,131.88,12773300
HAVELLS,2013-07-31,129.68,130.45,119.94,121.69,7712230
HAVELLS,2013-08-01,122.94,126.0,119.44,124.94,3268325
HAVELLS,2013-08-02,125.98,128.6,121.4,123.92,1874650
HAVELLS,2013-08-05,125.0,125.12,119.44,121.88,1816000
HAVELLS,2013-08-06,121.2,124.29,120.0,120.94,2462590
HAVELLS,2013-08-07,121.02,122.88,120.0,120.21,1036775
HAVELLS,2013-08-08,120.4,122.8,118.49,121.51,4575010
HAVELLS,2013-08-12,121.66,127.33,121.66,126.62,1251700
HAVELLS,2013-08-13,127.2,129.58,125.9,127.87,753990
HAVELLS,2013-08-14,128.4,128.74,123.8,124.55,1224145
HAVELLS,2013-08-16,123.99,124.58,120.44,120.88,891395
HAVELLS,2013-08-19,119.54,122.0,118.42,121.08,1339000
HAVELLS,2013-08-20,119.2,124.39,119.2,123.54,908795
HAVELLS,2013-08-21,124.2,128.18,121.42,121.75,772835
HAVELLS,2013-08-22,120.11,124.84,119.84,123.16,608925
HAVELLS,2013-08-23,124.0,124.92,121.46,123.44,762255
HAVELLS,2013-08-26,124.0,125.2,122.4,123.94,510240
HAVELLS,2013-08-27,124.0,124.4,120.43,121.33,926290
HAVELLS,2013-08-28,120.8,121.68,117.91,118.48,1750225
HAVELLS,2013-08-29,118.4,127.1,117.2,124.86,2785275
HAVELLS,2013-08-30,124.0,126.77,119.61,120.48,1158395
HAVELLS,2013-09-02,120.04,124.6,120.04,122.98,956270
HAVELLS,2013-09-03,122.8,123.44,119.12,119.88,2838500
HAVELLS,2013-09-04,120.0,123.0,119.0,120.9,855405
HAVELLS,2013-09-05,121.69,123.78,120.03,120.69,830785
HAVELLS,2013-09-06,121.78,123.8,120.42,122.62,940305
HAVELLS,2013-09-10,122.6,126.4,122.6,123.73,1731745
HAVELLS,2013-09-11,122.41,130.54,122.41,129.31,1741920
HAVELLS,2013-09-12,130.4,132.89,124.07,124.56,2654765
HAVELLS,2013-09-13,124.8,126.6,122.91,124.61,2015235
HAVELLS,2013-09-16,125.0,128.4,124.41,125.21,1448160
HAVELLS,2013-09-17,125.2,125.96,121.3,122.07,1153100
HAVELLS,2013-09-18,122.0,123.09,121.31,122.53,3341000
HAVELLS,2013-09-19,124.4,127.8,124.4,126.54,1561295
HAVELLS,2013-09-20,127.0,127.0,122.2,125.91,1121600
HAVELLS,2013-09-23,123.6,126.0,123.6,124.52,1044615
HAVELLS,2013-09-24,123.2,126.32,123.2,125.05,659125
HAVELLS,2013-09-25,124.45,128.2,124.45,126.91,1938420
HAVELLS,2013-09-26,127.38,129.28,123.41,124.37,2454970
HAVELLS,2013-09-27,124.99,127.8,124.0,126.63,1806220
HAVELLS,2013-09-30,125.41,128.94,124.4,127.17,1311245
HAVELLS,2013-10-01,127.2,132.6,126.78,130.13,2096040
HAVELLS,2013-10-03,131.4,136.66,131.4,134.0,2293295
HAVELLS,2013-10-04,134.16,135.98,132.9,133.95,809285
HAVELLS,2013-10-07,134.11,136.99,133.2,135.64,1057715
HAVELLS,2013-10-08,136.18,137.96,135.42,135.95,1109385
HAVELLS,2013-10-09,136.0,136.81,134.81,136.25,642925
HAVELLS,2013-10-10,136.2,140.6,135.6,139.83,1725650
HAVELLS,2013-10-11,141.2,142.92,139.38,142.24,1447990
HAVELLS,2013-10-14,142.21,144.92,141.5,143.43,667410
HAVELLS,2013-10-15,143.6,144.46,137.4,137.71,1046235
HAVELLS,2013-10-17,137.4,139.87,135.0,138.82,1139150
HAVELLS,2013-10-18,139.0,142.02,138.04,140.66,865555
HAVELLS,2013-10-21,140.9,142.49,140.9,142.05,613400
HAVELLS,2013-10-22,142.05,143.37,140.03,140.4,529995
HAVELLS,2013-10-23,140.9,142.37,138.06,139.03,514700
HAVELLS,2013-10-24,138.3,142.18,138.3,139.82,545935
HAVELLS,2013-10-25,139.04,141.36,139.04,140.26,351705
HAVELLS,2013-10-28,140.31,141.09,137.82,138.48,345105
HAVELLS,2013-10-29,138.4,141.19,135.21,139.99,1288040
HAVELLS,2013-10-30,140.0,152.59,140.0,150.17,10274520
HAVELLS,2013-10-31,151.46,153.49,146.44,147.93,3024945
HAVELLS,2013-11-01,148.94,151.8,147.61,151.22,1722050
HAVELLS,2013-11-05,148.6,150.98,147.95,149.1,606585
HAVELLS,2013-11-06,148.93,153.18,148.93,150.11,1224595
HAVELLS,2013-11-07,150.02,151.31,147.46,148.28,424060
HAVELLS,2013-11-08,148.4,148.4,144.9,146.15,978220
HAVELLS,2013-11-11,146.0,147.7,144.2,145.43,288680
HAVELLS,2013-11-12,145.43,148.6,144.6,147.72,770520
HAVELLS,2013-11-13,148.4,149.98,146.47,148.02,1190690
HAVELLS,2013-11-14,149.36,151.4,147.41,149.11,1265780
HAVELLS,2013-11-18,149.28,152.6,149.28,151.83,1163490
HAVELLS,2013-11-19,152.0,152.47,150.0,151.25,936140
HAVELLS,2013-11-20,151.21,153.59,149.6,150.24,1366960
HAVELLS,2013-11-21,149.68,150.58,148.0,148.65,924220
HAVELLS,2013-11-22,149.74,150.4,148.0,149.19,607650
HAVELLS,2013-11-25,149.98,151.99,149.0,151.2,831655
HAVELLS,2013-11-26,151.2,151.96,149.25,149.69,482420
HAVELLS,2013-11-27,152.0,159.6,150.04,150.61,1774725
HAVELLS,2013-11-28,151.6,151.61,148.82,149.66,536720
HAVELLS,2013-11-29,148.6,153.9,148.6,150.78,1709015
HAVELLS,2013-12-02,151.38,151.9,149.72,150.18,345535
HAVELLS,2013-12-03,150.3,152.0,150.0,150.35,1098350
HAVELLS,2013-12-04,151.0,151.2,149.58,150.02,915995
HAVELLS,2013-12-05,151.0,151.0,150.28,150.72,494235
HAVELLS,2013-12-06,149.6,151.92,149.6,150.83,918255
HAVELLS,2013-12-09,152.4,152.98,143.57,150.61,901545
HAVELLS,2013-12-10,150.02,151.15,148.23,150.13,294210
HAVELLS,2013-12-11,150.2,150.2,147.66,148.5,278030
HAVELLS,2013-12-12,148.2,148.2,145.6,147.04,586045
HAVELLS,2013-12-13,145.4,146.93,145.4,146.37,279255
HAVELLS,2013-12-16,146.2,148.26,145.63,147.62,372780
HAVELLS,2013-12-17,147.62,150.31,145.95,147.91,889930
HAVELLS,2013-12-18,147.74,150.8,147.0,150.28,932640
HAVELLS,2013-12-19,151.06,152.8,149.01,150.84,934215
HAVELLS,2013-12-20,150.0,153.49,150.0,152.85,706590
HAVELLS,2013-12-23,154.2,158.8,153.25,157.39,1519435
HAVELLS,2013-12-24,158.02,158.91,155.52,156.14,756195
HAVELLS,2013-12-26,156.12,162.8,155.27,160.77,1225825
HAVELLS,2013-12-27,161.6,163.39,160.02,160.57,707545
HAVELLS,2013-12-30,160.4,161.0,157.34,157.65,673235
HAVELLS,2013-12-31,158.0,159.28,157.29,158.18,626410
HAVELLS,2014-01-01,159.0,159.2,157.7,158.63,176530
HAVELLS,2014-01-02,158.4,162.7,158.4,160.42,1084170
HAVELLS,2014-01-03,159.67,163.68,159.14,163.01,1711965
HAVELLS,2014-01-06,163.0,166.77,163.0,166.05,1732975
HAVELLS,2014-01-07,166.05,169.0,166.0,166.64,1313745
HAVELLS,2014-01-08,167.2,168.4,166.02,167.46,858225
HAVELLS,2014-01-09,167.5,168.91,163.28,163.95,1205895
HAVELLS,2014-01-10,164.18,165.0,161.08,161.9,619800
HAVELLS,2014-01-13,162.0,162.93,159.8,160.57,307805
HAVELLS,2014-01-14,160.5,163.99,157.38,158.48,888660
HAVELLS,2014-01-15,159.28,160.6,154.62,155.29,918740
HAVELLS,2014-01-16,156.2,158.34,154.47,157.5,709275
HAVELLS,2014-01-17,158.6,158.7,156.02,156.44,304690
HAVELLS,2014-01-20,156.44,163.5,155.24,162.65,1005840
HAVELLS,2014-01-21,163.74,163.8,160.02,160.61,792270
HAVELLS,2014-01-22,160.7,161.54,155.4,156.29,1622315
HAVELLS,2014-01-23,156.41,157.67,153.62,155.29,954440
HAVELLS,2014-01-24,154.24,155.38,151.06,151.7,744875
HAVELLS,2014-01-27,150.55,150.55,144.03,145.05,625050
HAVELLS,2014-01-28,145.14,149.48,144.0,149.02,1047270
HAVELLS,2014-01-29,150.14,156.9,148.8,153.96,4945665
HAVELLS,2014-01-30,153.4,156.6,152.06,154.08,2104560
HAVELLS,2014-01-31,154.4,157.34,154.2,155.74,971430
HAVELLS,2014-02-03,154.72,156.52,152.62,154.75,677015
HAVELLS,2014-02-04,151.5,155.94,151.5,153.68,710755
HAVELLS,2014-02-05,154.27,157.54,154.27,155.7,1360810
HAVELLS,2014-02-06,156.8,158.4,155.43,157.29,4042515
HAVELLS,2014-02-07,158.0,158.73,155.53,156.59,825220
HAVELLS,2014-02-10,154.06,156.16,153.51,154.14,757835
HAVELLS,2014-02-11,153.6,157.13,153.6,156.68,933345
HAVELLS,2014-02-12,156.9,158.4,156.32,156.94,1448000
HAVELLS,2014-02-13,156.88,157.16,152.8,153.32,470340
HAVELLS,2014-02-14,154.6,154.8,151.81,154.02,434860
HAVELLS,2014-02-17,154.4,155.0,151.4,152.5,256375
HAVELLS,2014-02-18,152.0,152.9,150.27,150.97,1099890
HAVELLS,2014-02-19,151.04,153.89,150.67,153.2,1447140
HAVELLS,2014-02-20,153.19,155.18,152.81,154.24,1518100
HAVELLS,2014-02-21,155.0,156.4,153.28,154.18,2565065
HAVELLS,2014-02-24,153.58,154.56,151.54,152.08,703085
HAVELLS,2014-02-25,152.9,155.8,152.9,155.48,884565
HAVELLS,2014-02-26,155.44,156.19,152.42,153.45,1103195
HAVELLS,2014-02-28,153.52,155.39,152.0,153.76,3074295
HAVELLS,2014-03-03,154.0,154.88,152.13,152.73,382605
HAVELLS,2014-03-04,152.22,155.18,152.22,153.87,1153325
HAVELLS,2014-03-05,154.05,156.79,153.6,154.42,873760
HAVELLS,2014-03-06,156.5,162.0,154.92,161.04,2586405
HAVELLS,2014-03-07,162.3,166.0,161.2,162.58,1555000
HAVELLS,2014-03-10,161.64,168.48,161.13,167.47,1312560
HAVELLS,2014-03-11,169.2,170.7,165.0,165.99,994695
HAVELLS,2014-03-12,167.6,170.98,167.53,170.1,1294310
HAVELLS,2014-03-13,170.58,172.38,168.54,169.19,805685
HAVELLS,2014-03-14,168.8,169.0,163.0,168.11,1264390
HAVELLS,2014-03-18,168.4,173.8,166.82,172.39,1751420
HAVELLS,2014-03-19,173.6,175.59,170.68,174.68,1622825
HAVELLS,2014-03-20,174.04,174.8,169.4,170.2,685300
HAVELLS,2014-03-21,170.2,173.6,170.0,172.88,737260
HAVELLS,2014-03-24,172.12,181.22,172.12,179.61,1170260
HAVELLS,2014-03-25,181.0,183.85,178.41,182.91,1124990
HAVELLS,2014-03-26,183.8,184.0,180.05,181.35,529480
HAVELLS,2014-03-27,181.0,184.97,178.25,179.63,1041670
HAVELLS,2014-03-28,180.2,182.9,178.62,181.88,657105
HAVELLS,2014-03-31,182.0,187.99,181.82,186.78,859805
HAVELLS,2014-04-01,187.94,188.68,182.24,182.82,1413580
HAVELLS,2014-04-02,183.2,184.37,179.6,180.15,879950
HAVELLS,2014-04-03,181.6,183.6,179.53,180.15,781300
HAVELLS,2014-04-04,180.2,182.4,177.9,178.57,1035745
HAVELLS,2014-04-07,178.6,180.17,176.1,177.73,811685
HAVELLS,2014-04-09,177.73,182.12,177.6,180.51,2714735
HAVELLS,2014-04-10,181.49,184.6,180.62,183.63,2612555
HAVELLS,2014-04-11,182.4,186.4,182.4,183.93,1891715
HAVELLS,2014-04-15,185.98,187.78,183.8,186.72,1080420
HAVELLS,2014-04-16,186.98,190.7,184.46,185.51,1022430
HAVELLS,2014-04-17,185.99,188.88,184.6,186.48,1071710
HAVELLS,2014-04-21,187.34,188.0,184.0,184.37,404680
HAVELLS,2014-04-22,185.0,187.81,185.0,186.49,520085
HAVELLS,2014-04-23,186.03,189.0,182.23,183.6,1410400
HAVELLS,2014-04-24,183.6,183.6,183.6,183.6,0
HAVELLS,2014-04-25,183.64,186.98,183.3,183.92,725480
HAVELLS,2014-04-28,184.13,191.27,184.12,190.45,1820515
HAVELLS,2014-04-29,191.18,192.54,187.23,188.07,1627060
HAVELLS,2014-04-30,187.01,189.8,185.0,186.28,730980
HAVELLS,2014-05-02,186.42,187.58,183.36,184.42,425820
HAVELLS,2014-05-05,183.53,185.47,182.51,183.08,258670
HAVELLS,2014-05-06,183.4,184.46,180.4,181.64,324895
HAVELLS,2014-05-07,180.6,183.24,180.28,180.86,308200
HAVELLS,2014-05-08,180.32,183.14,180.32,181.72,266700
HAVELLS,2014-05-09,180.32,186.9,180.32,185.84,1002010
HAVELLS,2014-05-12,186.8,190.0,185.4,189.46,791135
HAVELLS,2014-05-13,190.0,192.4,186.6,190.98,745035
HAVELLS,2014-05-14,192.0,196.0,190.4,192.5,1402225
HAVELLS,2014-05-15,193.6,194.2,188.52,189.87,727335
HAVELLS,2014-05-16,191.1,193.8,187.58,188.07,1083070
HAVELLS,2014-05-19,189.98,195.0,188.07,194.11,1181770
HAVELLS,2014-05-20,194.79,198.2,190.0,192.77,2618185
HAVELLS,2014-05-21,194.76,194.76,189.12,192.32,609290
HAVELLS,2014-05-22,192.32,194.4,189.01,189.64,589360
HAVELLS,2014-05-23,190.39,192.37,184.16,187.15,1554730
HAVELLS,2014-05-26,189.08,190.4,186.49,187.29,1122530
HAVELLS,2014-05-27,188.78,194.4,187.6,193.0,1340755
HAVELLS,2014-05-28,194.6,197.0,185.71,188.24,4065555
HAVELLS,2014-05-29,186.38,193.0,186.22,190.28,648310
HAVELLS,2014-05-30,190.45,195.4,188.3,194.08,866695
HAVELLS,2014-06-02,195.38,197.6,192.4,196.6,844895
HAVELLS,2014-06-03,197.9,213.89,197.22,211.24,2504620
HAVELLS,2014-06-04,213.55,215.0,209.01,213.51,909700
HAVELLS,2014-06-05,215.49,239.69,211.0,236.58,3881300
HAVELLS,2014-06-06,238.95,239.6,232.31,234.0,2992705
HAVELLS,2014-06-09,232.0,240.8,229.13,229.91,1343880
HAVELLS,2014-06-10,231.0,231.6,224.04,225.65,2142740
HAVELLS,2014-06-11,226.4,240.44,226.4,234.7,2600180
HAVELLS,2014-06-12,236.0,241.6,231.01,234.75,4101335
HAVELLS,2014-06-13,236.0,236.67,225.3,228.26,578495
HAVELLS,2014-06-16,227.3,249.96,225.99,230.73,793725
HAVELLS,2014-06-17,229.0,237.22,229.0,231.8,710720
HAVELLS,2014-06-18,234.0,235.0,226.2,227.8,2155930
HAVELLS,2014-06-19,227.8,230.93,222.41,223.51,532865
HAVELLS,2014-06-20,223.5,223.93,217.61,220.56,742465
HAVELLS,2014-06-23,220.4,227.82,218.0,220.09,1887460
HAVELLS,2014-06-24,222.4,224.76,221.71,223.66,590610
HAVELLS,2014-06-25,224.78,226.4,222.2,223.17,1065960
HAVELLS,2014-06-26,224.0,224.96,218.92,220.53,1296510
HAVELLS,2014-06-27,222.8,238.6,222.0,234.81,2884585
HAVELLS,2014-06-30,236.2,238.0,231.6,234.5,3141940
HAVELLS,2014-07-01,236.37,237.78,233.22,234.31,2658235
HAVELLS,2014-07-02,237.75,238.4,235.0,237.34,906705
HAVELLS,2014-07-03,238.34,241.59,236.23,238.65,1413050
HAVELLS,2014-07-04,240.4,243.7,236.9,239.82,1645075
HAVELLS,2014-07-07,242.4,246.51,241.53,244.86,1528235
HAVELLS,2014-07-08,245.8,245.98,234.96,237.37,951830
HAVELLS,2014-07-09,238.0,241.95,234.97,237.88,820850
HAVELLS,2014-07-10,238.44,244.4,236.0,241.69,1388490
HAVELLS,2014-07-11,242.41,249.6,240.44,242.94,1608745
HAVELLS,2014-07-14,244.57,244.99,239.07,242.29,780510
HAVELLS,2014-07-15,244.57,245.58,238.04,244.39,1958740
HAVELLS,2014-07-16,243.4,247.0,242.52,244.32,610695
HAVELLS,2014-07-17,243.24,258.0,242.4,256.14,1704660
HAVELLS,2014-07-18,258.5,259.05,253.62,255.47,891975
HAVELLS,2014-07-21,257.4,257.79,250.52,251.63,700655
HAVELLS,2014-07-22,251.63,257.2,249.4,253.24,916485
HAVELLS,2014-07-23,255.6,255.6,250.2,252.72,1283560
HAVELLS,2014-07-24,253.96,253.98,251.0,252.13,809075
HAVELLS,2014-07-25,252.05,253.74,243.72,247.28,795345
HAVELLS,2014-07-28,248.0,249.28,237.61,242.2,1989245
HAVELLS,2014-07-30,239.07,242.68,232.37,233.45,1296895
HAVELLS,2014-07-31,233.45,241.48,230.31,239.59,1108250
HAVELLS,2014-08-01,235.4,238.0,231.6,232.13,620560
HAVELLS,2014-08-04,230.83,233.79,228.0,231.43,617035
HAVELLS,2014-08-05,232.1,240.73,231.44,239.25,1343775
HAVELLS,2014-08-06,239.96,241.35,235.02,235.81,711840
HAVELLS,2014-08-07,233.82,235.75,231.0,233.75,979260
HAVELLS,2014-08-08,232.43,237.07,231.21,236.19,923055
HAVELLS,2014-08-11,237.01,238.83,231.6,233.97,1463675
HAVELLS,2014-08-12,234.22,237.78,234.22,236.11,346390
HAVELLS,2014-08-13,236.24,238.9,234.1,235.4,582000
HAVELLS,2014-08-14,235.23,245.0,234.4,244.59,1145930
HAVELLS,2014-08-18,245.8,251.7,245.5,247.86,987375
HAVELLS,2014-08-19,249.94,254.92,249.0,253.86,1401775
HAVELLS,2014-08-20,254.98,257.0,249.53,250.23,865805
HAVELLS,2014-08-21,250.6,253.58,250.2,251.72,648430
HAVELLS,2014-08-22,252.0,252.99,249.4,251.49,320035
HAVELLS,2014-08-25,252.26,252.99,248.0,248.78,610125
HAVELLS,2014-08-26,251.0,279.5,245.4,272.4,3675939
HAVELLS,2014-08-27,280.0,296.3,277.0,294.55,6297291
HAVELLS,2014-08-28,297.5,298.0,281.2,284.2,3220125
HAVELLS,2014-09-01,285.25,287.0,277.1,279.35,1662135
HAVELLS,2014-09-02,280.0,282.1,274.0,275.2,1957839
HAVELLS,2014-09-03,276.0,281.7,274.6,276.1,2620327
HAVELLS,2014-09-04,277.9,278.3,270.1,274.55,1361053
HAVELLS,2014-09-05,275.1,279.5,271.8,273.1,2084465
HAVELLS,2014-09-08,274.85,289.7,270.8,285.95,3686103
HAVELLS,2014-09-09,288.9,294.85,285.1,287.0,4073069
HAVELLS,2014-09-10,285.0,291.55,283.45,287.1,2108380
HAVELLS,2014-09-11,288.4,294.9,286.35,290.85,2375923
HAVELLS,2014-09-12,293.9,296.0,289.3,291.0,1847206
HAVELLS,2014-09-15,290.0,290.2,284.5,285.6,1233369
HAVELLS,2014-09-16,285.8,287.0,271.05,272.4,1707180
HAVELLS,2014-09-17,274.95,278.1,262.0,267.35,1619547
HAVELLS,2014-09-18,267.35,275.6,262.1,272.3,3219017
HAVELLS,2014-09-19,274.05,275.3,268.2,270.35,1418042
HAVELLS,2014-09-22,267.6,273.9,264.8,270.9,1174470
HAVELLS,2014-09-23,269.6,272.4,260.0,261.3,1026538
HAVELLS,2014-09-24,259.05,261.0,251.1,256.7,1267227
HAVELLS,2014-09-25,255.05,258.4,246.2,249.95,1557244
HAVELLS,2014-09-26,250.0,263.0,242.05,261.55,2365244
HAVELLS,2014-09-29,262.95,266.0,260.1,263.5,787455
HAVELLS,2014-09-30,260.9,267.8,260.2,264.85,1047914
HAVELLS,2014-10-01,264.0,266.0,258.0,259.5,619194
HAVELLS,2014-10-07,261.0,271.8,261.0,265.75,1518767
HAVELLS,2014-10-08,264.0,269.9,263.2,268.85,706175
HAVELLS,2014-10-09,271.0,275.5,267.4,273.95,1422135
HAVELLS,2014-10-10,272.0,272.8,265.0,266.35,818818
HAVELLS,2014-10-13,266.0,269.9,264.05,267.25,578286
HAVELLS,2014-10-14,269.4,269.8,265.55,266.7,595623
HAVELLS,2014-10-15,266.7,266.7,266.7,266.7,0
HAVELLS,2014-10-16,264.05,266.2,256.1,258.75,684280
HAVELLS,2014-10-17,260.0,269.0,260.0,267.55,771890
HAVELLS,2014-10-20,270.95,275.75,269.2,274.1,1243647
HAVELLS,2014-10-21,276.0,283.0,274.8,278.5,1417754
HAVELLS,2014-10-22,281.65,285.3,267.05,268.7,3387018
HAVELLS,2014-10-27,274.0,275.0,267.0,269.7,749316
HAVELLS,2014-10-28,271.0,271.75,265.0,267.1,993406
HAVELLS,2014-10-29,268.55,280.4,268.0,279.5,2373672
HAVELLS,2014-10-30,280.0,282.75,277.0,279.8,1525599
HAVELLS,2014-10-31,280.9,286.4,280.4,285.4,1277740
HAVELLS,2014-11-03,285.95,292.8,285.95,290.75,1207015
HAVELLS,2014-11-05,291.8,293.3,286.0,289.6,1055836
HAVELLS,2014-11-07,290.8,291.0,278.85,289.05,1000638
HAVELLS,2014-11-10,287.5,305.8,285.5,304.3,2627142
HAVELLS,2014-11-11,307.65,309.7,302.5,304.4,1622355
HAVELLS,2014-11-12,303.0,307.4,300.65,302.5,909272
HAVELLS,2014-11-13,302.0,304.7,296.15,300.8,738733
HAVELLS,2014-11-14,301.0,310.95,301.0,308.0,1522168
HAVELLS,2014-11-17,308.9,312.4,305.1,306.75,1221882
HAVELLS,2014-11-18,305.15,309.5,304.1,306.85,635023
HAVELLS,2014-11-19,308.0,316.9,300.65,306.05,2281766
HAVELLS,2014-11-20,306.45,308.3,301.5,306.4,684481
HAVELLS,2014-11-21,306.8,314.45,305.25,311.8,1217295
HAVELLS,2014-11-24,314.95,315.85,305.6,307.8,1128792
HAVELLS,2014-11-25,307.7,308.65,297.35,304.05,922523
HAVELLS,2014-11-26,304.05,310.8,298.4,307.9,1264934
HAVELLS,2014-11-27,307.4,312.35,305.95,309.9,1300907
HAVELLS,2014-11-28,307.7,321.9,307.7,319.45,1237463
HAVELLS,2014-12-01,320.9,326.5,320.9,324.15,1258678
HAVELLS,2014-12-02,324.7,324.8,315.0,321.25,1058367
HAVELLS,2014-12-03,325.4,337.75,325.4,332.45,2693692
HAVELLS,2014-12-04,335.0,335.8,324.6,326.85,1292586
HAVELLS,2014-12-05,328.45,328.6,318.1,320.4,810222
HAVELLS,2014-12-08,321.45,326.9,317.0,322.3,1541130
HAVELLS,2014-12-09,322.6,335.85,322.6,333.25,4244989
HAVELLS,2014-12-10,334.0,346.9,307.75,310.2,8401293
HAVELLS,2014-12-11,303.85,303.85,278.65,280.4,14171314
HAVELLS,2014-12-12,282.0,284.0,262.4,265.8,22548392
HAVELLS,2014-12-15,262.7,271.8,260.65,267.9,5490530
HAVELLS,2014-12-16,267.0,269.45,250.0,252.95,3922082
HAVELLS,2014-12-17,254.9,268.5,251.0,259.75,5141621
HAVELLS,2014-12-18,267.8,271.0,261.95,269.45,8975744
HAVELLS,2014-12-19,270.9,272.45,265.5,268.35,4303928
HAVELLS,2014-12-22,265.7,271.35,265.35,269.4,2044300
HAVELLS,2014-12-23,268.2,274.85,266.6,268.05,3622050
HAVELLS,2014-12-24,267.5,270.8,262.6,265.15,3654607
HAVELLS,2014-12-26,266.3,270.95,265.1,269.9,1209588
HAVELLS,2014-12-29,271.0,277.9,267.4,271.05,8936385
HAVELLS,2014-12-30,272.85,279.0,272.0,274.25,4891833
HAVELLS,2014-12-31,274.85,278.0,274.05,275.35,1685454
HAVELLS,2015-01-01,275.75,277.4,273.55,276.3,1042050
HAVELLS,2015-01-02,276.3,277.9,273.5,275.1,1471143
HAVELLS,2015-01-05,275.9,280.75,274.55,277.8,2167401
HAVELLS,2015-01-06,277.4,277.4,260.3,262.65,2786525
HAVELLS,2015-01-07,263.0,268.45,256.1,266.25,2122221
HAVELLS,2015-01-08,267.3,274.5,267.3,273.8,1570782
HAVELLS,2015-01-09,275.7,275.7,269.2,273.1,1733358
HAVELLS,2015-01-12,274.9,274.9,268.1,270.85,1060034
HAVELLS,2015-01-13,271.0,273.3,268.5,270.35,1623957
HAVELLS,2015-01-14,269.0,270.9,258.95,263.65,2123170
HAVELLS,2015-01-15,265.0,268.8,263.1,266.25,2913614
HAVELLS,2015-01-16,266.0,274.15,265.0,271.65,1758970
HAVELLS,2015-01-19,273.1,277.9,269.45,271.6,1211700
HAVELLS,2015-01-20,272.3,274.3,270.0,271.3,769630
HAVELLS,2015-01-21,272.2,273.6,268.25,272.1,1133422
HAVELLS,2015-01-22,273.0,281.5,272.0,280.2,2371577
HAVELLS,2015-01-23,284.0,284.9,275.0,280.2,2536747
HAVELLS,2015-01-27,281.5,283.0,273.0,276.3,1147451
HAVELLS,2015-01-28,277.0,278.9,264.0,268.45,2231856
HAVELLS,2015-01-29,264.0,266.8,259.25,263.1,4001604
HAVELLS,2015-01-30,265.0,265.5,257.35,258.45,1672149
HAVELLS,2015-02-02,258.5,259.4,249.5,250.25,3067615
HAVELLS,2015-02-03,251.2,251.6,242.2,247.65,4337167
HAVELLS,2015-02-04,248.9,254.4,243.0,250.65,3557301
HAVELLS,2015-02-05,251.9,255.9,246.2,249.0,2565696
HAVELLS,2015-02-06,249.4,250.7,243.0,244.4,2025770
HAVELLS,2015-02-09,244.4,251.9,240.05,246.85,1814927
HAVELLS,2015-02-10,246.4,252.8,244.5,249.85,1711428
HAVELLS,2015-02-11,251.1,261.65,250.7,260.5,1697080
HAVELLS,2015-02-12,261.9,266.35,258.0,261.85,3366830
HAVELLS,2015-02-13,263.0,271.0,263.0,269.7,1477640
HAVELLS,2015-02-16,271.25,272.3,264.5,267.15,860832
HAVELLS,2015-02-18,268.0,270.0,264.65,268.85,627863
HAVELLS,2015-02-19,270.0,273.8,268.0,272.7,1138597
HAVELLS,2015-02-20,273.1,276.9,269.7,271.45,1182074
HAVELLS,2015-02-23,271.75,272.9,265.65,268.7,986044
HAVELLS,2015-02-24,268.7,275.0,267.2,274.45,1506429
HAVELLS,2015-02-25,276.6,278.65,265.55,268.2,2216601
HAVELLS,2015-02-26,267.95,268.65,262.85,263.8,1549534
HAVELLS,2015-02-27,265.45,274.7,265.45,273.9,1105777
HAVELLS,2015-03-02,272.5,280.25,270.05,278.55,1334769
HAVELLS,2015-03-03,279.75,288.5,276.2,283.0,2032666
HAVELLS,2015-03-04,285.9,289.95,271.9,278.25,1938459
HAVELLS,2015-03-05,279.0,281.9,273.4,276.75,571934
HAVELLS,2015-03-09,276.15,285.65,271.5,284.4,1597199
HAVELLS,2015-03-10,285.0,290.9,281.95,286.65,1154212
HAVELLS,2015-03-11,288.0,291.3,281.4,283.1,1603729
HAVELLS,2015-03-12,284.5,294.9,283.5,294.2,1468191
HAVELLS,2015-03-13,295.5,299.3,289.3,294.25,2694057
HAVELLS,2015-03-16,294.0,301.35,286.55,295.15,2217917
HAVELLS,2015-03-17,296.9,299.85,292.6,298.7,1631895
HAVELLS,2015-03-18,298.7,299.25,291.7,296.8,2291214
HAVELLS,2015-03-19,299.9,305.75,297.8,299.65,1786061
HAVELLS,2015-03-20,299.0,302.0,294.1,300.4,1328149
HAVELLS,2015-03-23,300.4,315.85,299.9,313.75,2728886
HAVELLS,2015-03-24,314.5,315.7,302.75,304.55,1572199
HAVELLS,2015-03-25,305.8,308.65,299.1,303.6,1690102
HAVELLS,2015-03-26,303.5,313.0,300.0,308.85,1905101
HAVELLS,2015-03-27,309.85,310.4,298.9,303.25,1870496
HAVELLS,2015-03-30,305.0,309.5,303.6,308.65,795726
HAVELLS,2015-03-31,309.5,310.55,302.3,305.25,723425
HAVELLS,2015-04-01,304.0,309.45,303.5,304.85,580787
HAVELLS,2015-04-06,305.1,310.4,302.75,304.15,1406302
HAVELLS,2015-04-07,304.95,305.7,301.3,302.65,640602
HAVELLS,2015-04-08,304.4,304.4,292.25,293.7,1022645
HAVELLS,2015-04-09,294.4,294.8,283.4,284.85,1709240
HAVELLS,2015-04-10,286.0,294.4,285.3,292.5,2582514
HAVELLS,2015-04-13,292.95,297.25,290.15,293.9,1028282
HAVELLS,2015-04-15,295.2,296.55,288.1,289.7,1151958
HAVELLS,2015-04-16,290.85,292.75,286.3,288.15,938691
HAVELLS,2015-04-17,288.4,290.55,285.0,285.7,957354
HAVELLS,2015-04-20,285.0,294.9,282.25,290.9,1301665
HAVELLS,2015-04-21,295.4,296.0,286.5,288.5,1338084
HAVELLS,2015-04-22,289.85,291.85,281.4,289.55,1000321
HAVELLS,2015-04-23,291.0,298.4,288.3,288.75,920184
HAVELLS,2015-04-24,290.0,290.1,276.5,279.55,902525
HAVELLS,2015-04-27,280.0,280.0,266.2,269.45,2196270
HAVELLS,2015-04-28,268.6,278.95,266.6,276.75,2015471
HAVELLS,2015-04-29,278.0,284.4,277.0,280.9,906594
HAVELLS,2015-04-30,280.8,282.2,277.0,279.8,2073775
HAVELLS,2015-05-04,281.4,287.85,280.0,287.15,560922
HAVELLS,2015-05-05,285.0,293.85,285.0,291.2,815861
HAVELLS,2015-05-06,289.7,294.9,272.65,279.85,1280899
HAVELLS,2015-05-07,278.0,290.4,270.0,280.65,902482
HAVELLS,2015-05-08,285.1,287.8,275.95,278.7,703016
HAVELLS,2015-05-11,277.0,293.65,269.5,285.75,5061107
HAVELLS,2015-05-12,283.0,294.25,279.7,284.65,1924738
HAVELLS,2015-05-13,285.4,288.5,275.1,279.85,2145572
HAVELLS,2015-05-14,280.1,280.7,275.95,276.9,790611
HAVELLS,2015-05-15,277.5,278.5,269.2,270.65,1520517
HAVELLS,2015-05-18,271.4,271.7,265.0,270.25,1438844
HAVELLS,2015-05-19,270.25,275.4,269.05,270.85,1251139
HAVELLS,2015-05-20,274.4,274.4,268.1,269.7,866746
HAVELLS,2015-05-21,269.95,272.3,267.75,269.1,1010899
HAVELLS,2015-05-22,269.8,271.9,266.4,268.05,1738878
HAVELLS,2015-05-25,268.1,269.95,264.95,266.95,673364
HAVELLS,2015-05-26,267.0,271.35,267.0,269.8,892044
HAVELLS,2015-05-27,269.5,273.9,268.6,270.95,880398
HAVELLS,2015-05-28,271.0,272.9,267.3,271.35,602620
HAVELLS,2015-05-29,272.45,276.5,270.7,275.75,1680703
HAVELLS,2015-06-01,275.0,279.65,274.25,276.8,782209
HAVELLS,2015-06-02,276.8,279.5,272.85,274.8,919391
HAVELLS,2015-06-03,273.5,276.25,269.65,274.35,1147242
HAVELLS,2015-06-04,273.8,280.3,271.1,276.85,791012
HAVELLS,2015-06-05,277.05,282.0,275.5,277.95,583483
HAVELLS,2015-06-08,277.8,277.8,270.05,272.35,724985
HAVELLS,2015-06-09,269.95,273.0,257.1,270.4,1445869
HAVELLS,2015-06-10,272.0,274.75,267.35,270.0,865826
HAVELLS,2015-06-11,272.2,273.95,265.0,266.05,422233
HAVELLS,2015-06-12,265.6,272.3,261.35,266.65,619359
HAVELLS,2015-06-15,269.65,271.35,263.7,265.75,451432
HAVELLS,2015-06-16,266.9,272.4,263.7,271.1,695957
HAVELLS,2015-06-17,270.45,274.35,266.35,270.45,1037008
HAVELLS,2015-06-18,273.2,280.75,272.0,277.75,1360194
HAVELLS,2015-06-19,278.4,287.7,277.0,285.55,761342
HAVELLS,2015-06-22,289.8,290.95,284.2,286.25,1329299
HAVELLS,2015-06-23,287.35,292.0,286.45,290.95,891144
HAVELLS,2015-06-24,291.05,291.4,285.9,287.1,941226
HAVELLS,2015-06-25,287.4,289.45,278.1,282.8,1447798
HAVELLS,2015-06-26,282.8,288.5,277.7,287.2,727745
HAVELLS,2015-06-29,281.0,283.4,273.0,281.7,653548
HAVELLS,2015-06-30,281.0,284.5,271.75,282.65,1391668
HAVELLS,2015-07-01,283.35,289.8,280.75,287.6,574301
HAVELLS,2015-07-02,289.0,292.85,286.0,286.75,700477
HAVELLS,2015-07-03,288.0,288.5,281.45,283.35,570494
HAVELLS,2015-07-06,278.0,288.8,277.35,287.05,645536
HAVELLS,2015-07-07,286.25,302.0,286.25,299.25,1354933
HAVELLS,2015-07-08,297.0,305.5,295.75,301.6,1499742
HAVELLS,2015-07-09,303.4,303.4,297.0,298.25,690940
HAVELLS,2015-07-10,300.0,300.9,295.0,297.55,570678
HAVELLS,2015-07-13,299.0,299.5,295.3,297.6,632480
HAVELLS,2015-07-14,299.9,302.9,297.15,299.15,841874
HAVELLS,2015-07-15,300.0,304.8,297.6,299.7,740982
HAVELLS,2015-07-16,301.0,303.5,299.0,301.2,497443
HAVELLS,2015-07-17,303.0,310.0,302.35,307.7,1325307
HAVELLS,2015-07-20,308.9,312.8,307.1,310.15,1049309
HAVELLS,2015-07-21,312.65,312.65,295.3,297.45,664276
HAVELLS,2015-07-22,296.05,303.0,295.45,300.1,628018
HAVELLS,2015-07-23,301.0,308.8,298.6,304.25,837914
HAVELLS,2015-07-24,304.2,305.55,296.1,298.05,492885
HAVELLS,2015-07-27,290.0,290.0,278.0,283.05,2064366
HAVELLS,2015-07-28,283.0,284.8,274.5,275.4,937075
HAVELLS,2015-07-29,276.0,279.9,272.25,273.2,681882
HAVELLS,2015-07-30,274.6,280.0,274.0,278.4,740314
HAVELLS,2015-07-31,280.8,283.15,277.35,279.1,627460
HAVELLS,2015-08-03,279.0,279.5,275.25,277.15,570059
HAVELLS,2015-08-04,278.85,280.1,271.7,272.6,639251
HAVELLS,2015-08-05,274.65,279.8,271.2,277.65,799374
HAVELLS,2015-08-06,280.2,280.2,275.1,277.1,555311
HAVELLS,2015-08-07,275.45,280.65,275.05,277.55,719636
HAVELLS,2015-08-10,277.55,281.4,275.6,277.8,486969
HAVELLS,2015-08-11,277.95,279.5,273.0,275.75,418453
HAVELLS,2015-08-12,274.0,274.6,268.5,270.45,605985
HAVELLS,2015-08-13,271.95,276.9,263.1,271.65,1170014
HAVELLS,2015-08-14,274.0,275.7,270.0,270.8,627385
HAVELLS,2015-08-17,271.0,271.05,266.0,266.9,482238
HAVELLS,2015-08-18,268.0,276.0,267.15,274.9,537037
HAVELLS,2015-08-19,275.0,275.2,268.05,269.25,534277
HAVELLS,2015-08-20,269.25,270.95,265.1,266.15,700207
HAVELLS,2015-08-21,263.5,269.5,255.0,266.0,506030
HAVELLS,2015-08-24,259.35,264.55,243.9,247.35,1168021
HAVELLS,2015-08-25,251.0,261.15,245.5,256.55,1597619
HAVELLS,2015-08-26,255.7,262.0,251.45,259.05,1193260
HAVELLS,2015-08-27,267.75,268.8,259.45,263.4,1323827
HAVELLS,2015-08-28,266.5,270.0,262.55,264.85,695441
HAVELLS,2015-08-31,265.0,266.8,257.5,260.15,823294
HAVELLS,2015-09-01,258.8,268.7,255.15,258.45,790014
HAVELLS,2015-09-02,260.0,265.7,256.1,257.15,383966
HAVELLS,2015-09-03,259.9,264.5,256.9,257.8,357378
HAVELLS,2015-09-04,258.0,259.15,245.5,257.4,1271069
HAVELLS,2015-09-07,255.1,265.5,255.1,261.0,591491
HAVELLS,2015-09-08,261.0,263.4,256.05,259.15,517227
HAVELLS,2015-09-09,262.3,268.5,261.3,267.3,619489
HAVELLS,2015-09-10,264.0,264.0,257.45,259.95,722147
HAVELLS,2015-09-11,262.35,262.75,257.5,259.8,497202
HAVELLS,2015-09-14,260.2,263.95,259.45,261.35,308960
HAVELLS,2015-09-15,262.4,264.9,259.5,261.05,395474
HAVELLS,2015-09-16,262.0,262.9,252.0,253.5,1019498
HAVELLS,2015-09-18,254.45,257.8,250.35,251.35,1004460
HAVELLS,2015-09-21,251.0,256.9,250.5,253.75,573582
HAVELLS,2015-09-22,255.95,256.55,248.45,250.4,678929
HAVELLS,2015-09-23,247.8,252.25,246.4,251.15,417030
HAVELLS,2015-09-24,251.9,252.25,247.65,249.65,490673
HAVELLS,2015-09-28,250.0,253.0,243.5,245.9,540529
HAVELLS,2015-09-29,244.8,252.45,239.5,250.6,888282
HAVELLS,2015-09-30,252.7,253.1,248.55,252.25,375581
HAVELLS,2015-10-01,253.25,256.5,250.0,251.5,489543
HAVELLS,2015-10-05,251.85,261.3,251.2,259.3,1042163
HAVELLS,2015-10-06,261.0,261.6,251.7,255.3,764142
HAVELLS,2015-10-07,255.05,259.0,254.5,258.1,640451
HAVELLS,2015-10-08,256.25,259.9,253.4,255.5,389813
HAVELLS,2015-10-09,258.9,263.0,256.0,260.45,599456
HAVELLS,2015-10-12,259.65,263.55,257.05,259.0,412988
HAVELLS,2015-10-13,261.0,267.4,258.0,265.85,632114
HAVELLS,2015-10-14,265.4,265.7,258.2,259.0,762524
HAVELLS,2015-10-15,260.0,261.0,253.8,256.35,1665527
HAVELLS,2015-10-16,257.95,261.0,255.8,259.95,1552696
HAVELLS,2015-10-19,260.8,262.5,257.5,259.75,568247
HAVELLS,2015-10-20,259.75,262.7,257.25,259.15,869836
HAVELLS,2015-10-21,259.5,261.4,255.25,256.65,476418
HAVELLS,2015-10-23,260.0,260.35,257.05,258.0,319023
HAVELLS,2015-10-26,258.3,258.95,256.05,257.3,285311
HAVELLS,2015-10-27,257.2,258.75,255.75,258.0,411764
HAVELLS,2015-10-28,259.8,259.8,255.0,255.75,358067
HAVELLS,2015-10-29,255.5,256.95,251.6,252.5,588408
HAVELLS,2015-10-30,252.85,256.5,252.1,253.6,335995
HAVELLS,2015-11-02,253.0,254.95,251.3,254.15,302790
HAVELLS,2015-11-03,254.2,255.55,248.5,249.3,526998
HAVELLS,2015-11-04,250.2,251.25,246.0,248.7,526834
HAVELLS,2015-11-05,247.7,249.5,241.6,243.65,571499
HAVELLS,2015-11-06,244.2,245.45,238.5,241.8,588418
HAVELLS,2015-11-09,239.0,262.85,235.3,258.2,2898664
HAVELLS,2015-11-10,258.2,263.3,256.15,259.45,1173700
HAVELLS,2015-11-13,255.2,261.3,254.8,255.95,369234
HAVELLS,2015-11-16,255.8,260.0,252.1,258.15,388170
HAVELLS,2015-11-17,259.8,261.9,256.0,256.45,601296
HAVELLS,2015-11-18,256.5,266.9,256.4,263.35,1702132
HAVELLS,2015-11-19,267.35,275.75,266.15,274.65,1921763
HAVELLS,2015-11-20,274.8,300.0,274.8,294.1,6302707
HAVELLS,2015-11-23,295.95,298.5,289.8,295.55,2656743
HAVELLS,2015-11-24,295.7,295.85,287.6,289.6,1580680
HAVELLS,2015-11-26,289.15,295.0,287.95,293.4,2405838
HAVELLS,2015-11-27,295.65,295.65,286.0,287.15,1054394
HAVELLS,2015-11-30,287.15,289.65,284.75,285.75,589370
HAVELLS,2015-12-01,288.2,298.0,287.05,294.75,2885585
HAVELLS,2015-12-02,296.15,296.65,288.0,289.1,1252223
HAVELLS,2015-12-03,288.2,302.35,285.2,299.95,13578699
HAVELLS,2015-12-04,301.95,304.45,298.1,299.9,4015650
HAVELLS,2015-12-07,301.6,302.6,293.1,295.25,841415
HAVELLS,2015-12-08,294.0,298.3,290.0,291.8,1122956
HAVELLS,2015-12-09,301.3,302.8,274.65,283.05,5070030
HAVELLS,2015-12-10,283.45,311.8,281.0,305.0,19325231
HAVELLS,2015-12-11,309.7,312.0,298.6,300.65,8123017
HAVELLS,2015-12-14,299.0,306.85,297.7,303.3,2468665
HAVELLS,2015-12-15,304.25,306.0,297.35,302.25,1462778
HAVELLS,2015-12-16,304.8,306.7,299.3,300.95,1817117
HAVELLS,2015-12-17,304.2,308.0,301.55,306.25,2272897
HAVELLS,2015-12-18,305.65,310.0,303.5,304.85,2353060
HAVELLS,2015-12-21,303.85,307.8,303.0,305.0,954101
HAVELLS,2015-12-22,306.3,308.0,302.4,303.95,849882
HAVELLS,2015-12-23,304.3,308.0,303.0,303.5,941622
HAVELLS,2015-12-24,303.05,305.9,303.05,304.95,597724
HAVELLS,2015-12-28,304.95,305.9,296.1,300.45,938705
HAVELLS,2015-12-29,302.0,303.3,298.8,301.5,747176
HAVELLS,2015-12-30,301.45,303.7,298.5,299.85,757374
HAVELLS,2015-12-31,299.8,305.75,298.15,304.7,1100377
HAVELLS,2016-01-01,305.0,322.2,304.8,320.75,3254573
HAVELLS,2016-01-04,317.5,320.45,305.7,307.2,1657583
HAVELLS,2016-01-05,309.9,313.25,302.1,308.45,1397453
HAVELLS,2016-01-06,310.95,312.6,301.6,303.4,1539736
HAVELLS,2016-01-07,301.3,301.3,291.95,295.55,1047121
HAVELLS,2016-01-08,298.0,305.25,296.25,303.05,1256524
HAVELLS,2016-01-11,301.5,301.5,293.25,295.9,995934
HAVELLS,2016-01-12,294.6,298.4,287.8,289.85,950511
HAVELLS,2016-01-13,292.3,293.6,274.7,284.25,3076906
HAVELLS,2016-01-14,280.0,291.5,268.9,288.75,2742660
HAVELLS,2016-01-15,291.0,291.5,278.6,281.0,1408185
HAVELLS,2016-01-18,280.1,281.6,272.05,276.25,1807866
HAVELLS,2016-01-19,278.1,285.75,272.9,284.4,1897772
HAVELLS,2016-01-20,279.95,289.9,276.1,286.5,1409671
HAVELLS,2016-01-21,289.95,296.7,282.95,289.3,1256623
HAVELLS,2016-01-22,293.0,300.0,290.65,298.25,1474466
HAVELLS,2016-01-25,301.5,304.8,298.0,302.05,1484949
HAVELLS,2016-01-27,300.6,303.9,291.2,300.25,3386665
HAVELLS,2016-01-28,300.0,304.8,293.85,295.45,2665346
HAVELLS,2016-01-29,296.9,298.05,292.1,296.7,1140870
HAVELLS,2016-02-01,301.0,305.8,294.1,304.05,2542521
HAVELLS,2016-02-02,305.1,311.0,302.1,305.2,2012188
HAVELLS,2016-02-03,301.0,304.4,291.6,299.2,2075622
HAVELLS,2016-02-04,301.65,307.5,293.65,298.05,1231929
HAVELLS,2016-02-05,296.0,305.0,296.0,303.8,877813
HAVELLS,2016-02-08,302.25,310.7,300.4,304.35,1016866
HAVELLS,2016-02-09,302.95,302.95,291.5,293.75,1313942
HAVELLS,2016-02-10,288.9,292.25,282.0,286.35,1032455
HAVELLS,2016-02-11,285.0,285.8,265.0,269.95,1878790
HAVELLS,2016-02-12,271.0,276.6,259.1,273.35,1691861
HAVELLS,2016-02-15,278.45,293.0,276.05,291.85,1610739
HAVELLS,2016-02-16,293.0,293.6,280.45,281.9,652246
HAVELLS,2016-02-17,281.0,283.8,272.0,282.1,1091856
HAVELLS,2016-02-18,283.5,289.0,275.25,280.55,1323939
HAVELLS,2016-02-19,278.85,283.5,277.1,281.15,966711
HAVELLS,2016-02-22,283.2,285.1,280.0,281.3,927653
HAVELLS,2016-02-23,280.7,282.35,276.6,279.4,725489
HAVELLS,2016-02-24,277.0,279.5,273.45,275.05,632801
HAVELLS,2016-02-25,275.05,275.15,269.1,270.85,947738
HAVELLS,2016-02-26,273.15,275.7,269.6,273.95,682927
HAVELLS,2016-02-29,273.95,274.9,267.15,272.2,949575
HAVELLS,2016-03-01,272.2,287.4,270.15,285.4,1541077
HAVELLS,2016-03-02,287.05,289.1,281.85,283.45,819366
HAVELLS,2016-03-03,284.0,284.65,275.0,277.25,3360859
HAVELLS,2016-03-04,277.5,283.0,277.4,280.9,1049803
HAVELLS,2016-03-08,281.7,287.5,278.8,285.15,1418658
HAVELLS,2016-03-09,285.0,287.2,281.6,285.45,1057117
HAVELLS,2016-03-10,286.2,286.2,281.05,283.45,520634
HAVELLS,2016-03-11,284.0,292.45,281.7,290.8,1575647
HAVELLS,2016-03-14,295.0,296.7,292.1,294.6,1046575
HAVELLS,2016-03-15,294.95,296.0,291.25,294.0,568008
HAVELLS,2016-03-16,293.95,296.35,286.5,289.9,540347
HAVELLS,2016-03-17,292.8,295.0,290.95,292.55,473012
HAVELLS,2016-03-18,293.1,294.1,287.2,292.2,623172
HAVELLS,2016-03-21,292.75,301.5,291.95,299.55,1056670
HAVELLS,2016-03-22,301.6,309.0,300.0,303.9,1716382
HAVELLS,2016-03-23,304.0,306.9,299.05,304.05,1399534
HAVELLS,2016-03-28,304.0,305.8,299.5,304.1,736828
HAVELLS,2016-03-29,303.0,306.8,300.8,302.1,949406
HAVELLS,2016-03-30,304.0,314.25,302.7,312.65,1679211
HAVELLS,2016-03-31,315.4,324.6,312.7,321.35,3164859
HAVELLS,2016-04-01,319.0,319.45,312.4,313.25,1430926
HAVELLS,2016-04-04,313.7,320.0,312.45,318.15,2151591
HAVELLS,2016-04-05,316.4,318.85,313.75,315.5,500757
HAVELLS,2016-04-06,318.0,331.45,315.3,327.45,1621911
HAVELLS,2016-04-07,330.95,332.4,319.0,321.5,1542439
HAVELLS,2016-04-08,320.55,333.9,318.0,332.65,2534869
HAVELLS,2016-04-11,334.0,349.4,333.5,346.95,3022860
HAVELLS,2016-04-12,347.0,347.55,337.05,339.0,1523973
HAVELLS,2016-04-13,341.5,343.8,336.5,338.0,988957
HAVELLS,2016-04-18,338.15,344.2,331.3,342.4,1036988
HAVELLS,2016-04-20,347.9,352.9,342.4,350.95,2070565
HAVELLS,2016-04-21,352.0,354.0,340.0,341.75,1455382
HAVELLS,2016-04-22,341.45,341.45,333.7,338.15,1246643
HAVELLS,2016-04-25,340.0,345.0,338.1,342.75,1036383
HAVELLS,2016-04-26,343.7,348.4,342.55,346.1,1172271
HAVELLS,2016-04-27,345.4,347.0,342.3,344.2,646469
HAVELLS,2016-04-28,345.0,346.6,333.05,337.25,2546537
HAVELLS,2016-04-29,337.6,339.35,330.45,332.2,822989
HAVELLS,2016-05-02,332.1,337.5,328.3,334.45,1091143
HAVELLS,2016-05-03,335.1,339.8,327.25,329.1,1062736
HAVELLS,2016-05-04,328.0,335.0,327.0,333.1,1969937
HAVELLS,2016-05-05,335.0,337.85,331.65,336.45,782642
HAVELLS,2016-05-06,335.95,344.9,333.65,341.1,1182589
HAVELLS,2016-05-09,343.2,345.8,339.05,340.2,2073787
HAVELLS,2016-05-10,340.25,347.5,333.05,345.65,1726735
HAVELLS,2016-05-11,340.0,349.0,335.75,340.15,5915820
HAVELLS,2016-05-12,343.7,344.75,338.3,342.25,1508259
HAVELLS,2016-05-13,346.0,366.25,345.9,359.8,8304709
HAVELLS,2016-05-16,360.7,363.4,356.75,357.6,2953151
HAVELLS,2016-05-17,360.5,372.2,358.75,366.0,2634702
HAVELLS,2016-05-18,365.8,367.7,358.65,364.1,1572800
HAVELLS,2016-05-19,365.0,365.0,352.35,356.5,1666347
HAVELLS,2016-05-20,359.9,368.8,356.25,365.5,2941080
HAVELLS,2016-05-23,369.75,369.75,361.4,366.3,2038549
HAVELLS,2016-05-24,368.35,368.8,361.6,366.9,2273857
HAVELLS,2016-05-25,368.4,376.8,367.5,373.35,1524684
HAVELLS,2016-05-26,374.8,378.4,372.85,376.85,2802034
HAVELLS,2016-05-27,375.0,377.7,372.0,374.9,1317173
HAVELLS,2016-05-30,374.5,377.8,370.35,372.45,1750460
HAVELLS,2016-05-31,373.0,378.05,355.95,364.5,22941574
HAVELLS,2016-06-01,358.5,363.4,353.25,356.65,1855916
HAVELLS,2016-06-02,358.0,365.0,352.8,363.75,1735560
HAVELLS,2016-06-03,365.0,366.75,359.55,361.25,1218055
HAVELLS,2016-06-06,357.15,361.4,357.15,360.0,742545
HAVELLS,2016-06-07,360.1,361.5,356.4,360.15,1222530
HAVELLS,2016-06-08,360.45,365.0,357.8,362.7,1168726
HAVELLS,2016-06-09,363.9,363.9,354.15,357.3,714771
HAVELLS,2016-06-10,356.5,359.9,351.2,354.4,698157
HAVELLS,2016-06-13,351.2,361.2,347.55,358.75,989007
HAVELLS,2016-06-14,360.2,365.0,357.4,359.7,1056161
HAVELLS,2016-06-15,361.45,363.0,356.0,360.15,953839
HAVELLS,2016-06-16,360.95,362.6,357.5,360.0,1268132
HAVELLS,2016-06-17,360.55,362.65,355.25,360.25,2281420
HAVELLS,2016-06-20,359.0,367.5,357.05,364.35,1436685
HAVELLS,2016-06-21,365.9,369.15,365.0,368.0,1101673
HAVELLS,2016-06-22,367.1,370.0,362.0,366.45,515691
HAVELLS,2016-06-23,364.5,369.4,361.25,367.1,394690
HAVELLS,2016-06-24,360.0,363.0,348.5,359.5,1419379
HAVELLS,2016-06-27,358.05,363.3,355.25,359.6,696659
HAVELLS,2016-06-28,361.6,362.0,356.05,357.6,476319
HAVELLS,2016-06-29,359.0,360.2,356.45,357.15,671963
HAVELLS,2016-06-30,359.0,361.4,354.6,359.9,1451729
HAVELLS,2016-07-01,358.0,374.1,357.95,366.8,1234937
HAVELLS,2016-07-04,368.0,370.5,365.35,367.4,456514
HAVELLS,2016-07-05,367.8,371.7,363.2,368.65,780963
HAVELLS,2016-07-07,369.0,370.15,355.2,356.4,1184684
HAVELLS,2016-07-08,358.0,359.4,351.6,357.4,555838
HAVELLS,2016-07-11,360.1,361.7,355.8,357.6,738199
HAVELLS,2016-07-12,357.7,359.3,354.3,356.9,698097
HAVELLS,2016-07-13,357.7,363.0,356.4,359.9,1397233
HAVELLS,2016-07-14,359.9,361.8,356.45,358.9,880307
HAVELLS,2016-07-15,363.4,364.2,357.25,359.65,1097041
HAVELLS,2016-07-18,360.5,362.6,355.2,357.7,659661
HAVELLS,2016-07-19,357.7,360.8,354.65,359.6,661303
HAVELLS,2016-07-20,360.8,368.4,360.0,366.25,2477492
HAVELLS,2016-07-21,367.5,373.0,362.6,365.05,4619396
HAVELLS,2016-07-22,367.5,379.0,366.75,375.9,6476301
HAVELLS,2016-07-25,386.5,387.0,372.7,381.3,3932524
HAVELLS,2016-07-26,383.5,384.7,368.2,371.05,1437392
HAVELLS,2016-07-27,373.0,379.5,371.2,376.65,1880602
HAVELLS,2016-07-28,377.0,385.0,376.65,380.5,2253028
HAVELLS,2016-07-29,381.1,391.75,380.55,389.65,1815859
HAVELLS,2016-08-01,391.5,407.6,390.6,404.1,2037024
HAVELLS,2016-08-02,406.0,407.95,394.2,399.9,2052533
HAVELLS,2016-08-03,400.0,400.7,385.65,389.95,1246630
HAVELLS,2016-08-04,394.95,409.4,393.05,405.25,1951382
HAVELLS,2016-08-05,408.85,411.0,404.15,406.5,1024135
HAVELLS,2016-08-08,406.0,411.0,402.15,404.05,760819
HAVELLS,2016-08-09,406.9,421.7,405.6,414.3,2930151
HAVELLS,2016-08-10,414.55,415.9,403.0,404.7,819212
HAVELLS,2016-08-11,404.9,406.05,396.6,399.8,987917
HAVELLS,2016-08-12,401.0,409.45,395.8,398.6,954738
HAVELLS,2016-08-16,399.2,411.2,396.25,410.05,1472054
HAVELLS,2016-08-17,413.4,416.7,407.45,415.5,1490193
HAVELLS,2016-08-18,415.5,417.8,408.5,409.65,713737
HAVELLS,2016-08-19,411.5,417.0,407.5,415.25,758848
HAVELLS,2016-08-22,416.95,421.0,411.8,415.75,1102828
HAVELLS,2016-08-23,418.55,418.55,408.5,411.2,850550
HAVELLS,2016-08-24,411.95,415.0,410.0,411.1,1026268
HAVELLS,2016-08-25,412.0,420.0,410.4,415.7,2117785
HAVELLS,2016-08-26,416.5,417.95,410.5,414.65,405096
HAVELLS,2016-08-29,412.2,417.8,410.25,416.2,468604
HAVELLS,2016-08-30,420.95,428.3,419.5,421.9,1261860
HAVELLS,2016-08-31,421.5,425.45,416.3,417.6,1501428
HAVELLS,2016-09-01,417.0,426.5,416.2,422.85,971310
HAVELLS,2016-09-02,423.0,429.3,422.85,427.8,807951
HAVELLS,2016-09-06,428.1,433.55,428.1,431.75,757069
HAVELLS,2016-09-07,430.35,431.95,421.45,423.2,847761
HAVELLS,2016-09-08,423.5,423.55,415.9,420.25,1359292
HAVELLS,2016-09-09,420.0,424.6,416.0,417.7,832458
HAVELLS,2016-09-12,414.0,415.0,402.6,408.45,549828
HAVELLS,2016-09-14,408.0,413.45,405.1,407.75,1525413
HAVELLS,2016-09-15,408.0,414.7,408.0,410.0,874277
HAVELLS,2016-09-16,413.9,422.0,405.4,410.3,3674530
HAVELLS,2016-09-19,410.8,416.0,407.1,413.15,737114
HAVELLS,2016-09-20,413.85,417.6,411.6,412.9,804363
HAVELLS,2016-09-21,413.95,414.0,405.1,406.4,1210920
HAVELLS,2016-09-22,409.0,411.75,406.15,409.45,956997
HAVELLS,2016-09-23,410.0,413.2,407.4,408.2,868961
HAVELLS,2016-09-26,409.0,411.9,405.15,410.2,887659
HAVELLS,2016-09-27,410.35,416.45,408.1,409.8,1099684
HAVELLS,2016-09-28,411.0,424.8,408.5,419.25,3906014
HAVELLS,2016-09-29,422.95,425.9,396.5,408.95,2403197
HAVELLS,2016-09-30,406.0,420.0,405.95,418.2,992533
HAVELLS,2016-10-03,420.0,433.0,419.0,431.2,1980927
HAVELLS,2016-10-04,435.75,455.5,434.9,452.3,4314465
HAVELLS,2016-10-05,454.65,454.65,445.0,448.55,1623542
HAVELLS,2016-10-06,449.1,459.4,445.65,448.0,983294
HAVELLS,2016-10-07,448.6,452.8,443.6,446.7,1064980
HAVELLS,2016-10-10,447.05,452.0,445.65,447.25,523876
HAVELLS,2016-10-13,446.0,446.0,435.45,439.4,1641218
HAVELLS,2016-10-14,443.45,444.0,436.45,441.85,849782
HAVELLS,2016-10-17,442.0,443.5,421.9,423.1,1323566
HAVELLS,2016-10-18,425.1,434.5,422.25,431.85,3415632
HAVELLS,2016-10-19,432.0,434.0,408.0,409.15,6376380
HAVELLS,2016-10-20,411.0,414.4,406.0,408.6,1460665
HAVELLS,2016-10-21,408.0,416.0,408.0,412.4,1111606
HAVELLS,2016-10-24,413.4,415.6,406.7,408.0,758686
HAVELLS,2016-10-25,407.1,411.2,407.1,407.95,645015
HAVELLS,2016-10-26,407.05,410.9,401.75,405.45,971121
HAVELLS,2016-10-27,405.05,410.0,400.8,407.75,1465937
HAVELLS,2016-10-28,411.0,411.4,405.3,407.1,450311
HAVELLS,2016-11-01,406.0,410.9,404.4,407.3,742038
HAVELLS,2016-11-02,406.0,414.0,399.15,408.75,1281658
HAVELLS,2016-11-03,407.3,409.4,391.4,395.75,1262241
HAVELLS,2016-11-04,394.5,397.4,380.45,386.15,905797
HAVELLS,2016-11-07,388.0,399.4,387.85,392.3,843004
HAVELLS,2016-11-08,394.0,395.65,387.1,394.3,580260
HAVELLS,2016-11-09,368.0,386.5,351.65,375.1,2819923
HAVELLS,2016-11-10,385.0,392.45,374.55,378.2,1469313
HAVELLS,2016-11-11,378.0,378.0,351.7,354.75,2120338
HAVELLS,2016-11-15,356.0,356.0,324.8,327.1,2348171
HAVELLS,2016-11-16,332.0,335.0,318.0,325.4,2450691
HAVELLS,2016-11-17,327.8,337.4,320.1,327.4,1319551
HAVELLS,2016-11-18,328.0,333.0,316.05,319.95,1077334
HAVELLS,2016-11-21,319.5,320.4,302.8,311.4,2185633
HAVELLS,2016-11-22,311.55,317.25,305.25,315.4,1149648
HAVELLS,2016-11-23,316.3,334.8,314.75,327.4,1861091
HAVELLS,2016-11-24,327.0,342.35,323.3,334.7,3235171
HAVELLS,2016-11-25,331.25,335.0,328.65,332.35,1309349
HAVELLS,2016-11-28,331.4,337.0,327.0,334.15,907372
HAVELLS,2016-11-29,337.0,347.9,332.0,343.65,1726892
HAVELLS,2016-11-30,345.6,347.9,339.55,344.35,2253643
HAVELLS,2016-12-01,345.45,347.75,333.4,334.85,653055
HAVELLS,2016-12-02,331.95,341.8,331.0,333.85,655854
HAVELLS,2016-12-05,334.0,342.3,331.5,337.2,655374
HAVELLS,2016-12-06,340.7,340.85,330.6,332.1,722918
HAVELLS,2016-12-07,331.1,334.0,327.1,330.65,729497
HAVELLS,2016-12-08,334.0,354.9,331.5,352.35,2290713
HAVELLS,2016-12-09,353.45,354.0,345.15,348.85,708629
HAVELLS,2016-12-12,348.0,348.0,336.4,338.3,694667
HAVELLS,2016-12-13,339.1,340.0,333.6,337.45,724310
HAVELLS,2016-12-14,339.7,343.6,336.1,337.45,562051
HAVELLS,2016-12-15,334.7,342.5,332.4,335.85,830188
HAVELLS,2016-12-16,337.0,338.0,320.0,321.95,1590600
HAVELLS,2016-12-19,321.0,328.9,320.55,325.35,812853
HAVELLS,2016-12-20,325.35,326.4,315.45,319.15,917260
HAVELLS,2016-12-21,320.5,324.55,318.1,322.1,570929
HAVELLS,2016-12-22,322.1,324.35,316.45,321.8,742833
HAVELLS,2016-12-23,321.0,328.8,317.65,325.55,728803
HAVELLS,2016-12-26,327.5,329.0,312.65,313.55,985546
HAVELLS,2016-12-27,313.65,323.5,310.55,322.05,989159
HAVELLS,2016-12-28,323.25,327.8,319.25,320.15,571069
HAVELLS,2016-12-29,321.2,330.0,320.65,328.35,804224
HAVELLS,2016-12-30,331.0,343.45,330.1,342.25,1848478
HAVELLS,2017-01-02,345.9,345.9,337.0,341.85,753723
HAVELLS,2017-01-03,343.0,345.35,340.0,342.85,596020
HAVELLS,2017-01-04,342.95,355.3,342.25,351.15,1529045
HAVELLS,2017-01-05,353.0,361.5,345.0,359.55,2533739
HAVELLS,2017-01-06,361.8,367.6,359.0,360.8,1869451
HAVELLS,2017-01-09,360.8,365.95,358.35,364.7,743953
HAVELLS,2017-01-10,367.95,369.7,363.9,367.55,890387
HAVELLS,2017-01-11,369.0,372.0,364.25,370.45,729433
HAVELLS,2017-01-12,371.9,372.4,362.1,363.95,804786
HAVELLS,2017-01-13,364.5,373.7,364.5,371.6,1444589
HAVELLS,2017-01-16,374.0,382.85,371.1,381.4,1911037
HAVELLS,2017-01-17,381.4,386.85,370.3,372.85,6730213
HAVELLS,2017-01-18,372.8,381.05,365.4,379.3,4042589
HAVELLS,2017-01-19,380.0,389.0,375.85,387.75,2370381
HAVELLS,2017-01-20,387.0,404.7,387.0,401.2,5887008
HAVELLS,2017-01-23,402.4,413.0,401.5,410.25,2060589
HAVELLS,2017-01-24,413.7,414.8,407.85,412.8,1506540
HAVELLS,2017-01-25,413.9,426.6,412.6,423.85,2008572
HAVELLS,2017-01-27,424.0,432.2,419.05,423.5,3373128
HAVELLS,2017-01-30,424.0,424.0,417.25,420.85,882683
HAVELLS,2017-01-31,419.5,422.8,415.1,420.05,1222730
HAVELLS,2017-02-01,421.7,428.5,416.2,427.0,962380
HAVELLS,2017-02-02,425.5,426.75,420.1,422.65,877484
HAVELLS,2017-02-03,420.2,425.3,418.25,421.2,556532
HAVELLS,2017-02-06,422.0,437.7,421.55,435.0,1367964
HAVELLS,2017-02-07,438.9,441.45,434.5,438.2,1138851
HAVELLS,2017-02-08,440.0,443.65,430.9,441.7,1014101
HAVELLS,2017-02-09,443.5,446.0,436.2,439.75,1086462
HAVELLS,2017-02-10,442.5,442.5,435.2,439.45,423606
HAVELLS,2017-02-13,438.5,438.5,430.1,435.15,635367
HAVELLS,2017-02-14,435.0,435.75,425.05,427.65,993716
HAVELLS,2017-02-15,428.2,431.55,417.5,418.9,872647
HAVELLS,2017-02-16,419.0,434.5,419.0,431.3,1276286
HAVELLS,2017-02-17,433.9,435.25,421.9,426.35,1361108
HAVELLS,2017-02-20,422.7,426.0,408.2,413.2,5044848
HAVELLS,2017-02-21,412.0,424.0,409.55,419.25,2257085
HAVELLS,2017-02-22,419.5,421.0,406.8,412.55,2591528
HAVELLS,2017-02-23,413.25,418.0,405.85,409.2,2842975
HAVELLS,2017-02-27,409.4,409.9,401.15,402.65,994287
HAVELLS,2017-02-28,402.9,407.85,396.25,406.1,2222959
HAVELLS,2017-03-01,407.8,412.8,405.6,410.35,2584648
HAVELLS,2017-03-02,410.9,431.9,410.9,420.9,6821583
HAVELLS,2017-03-03,422.35,424.2,413.6,422.05,1613500
HAVELLS,2017-03-06,422.95,426.65,420.6,423.6,874933
HAVELLS,2017-03-07,423.3,427.0,421.9,423.35,899865
HAVELLS,2017-03-08,422.0,425.4,416.7,423.95,777650
HAVELLS,2017-03-09,425.85,429.5,421.8,423.6,883398
HAVELLS,2017-03-10,426.75,428.6,420.1,422.05,540929
HAVELLS,2017-03-14,427.95,429.05,421.25,423.2,570672
HAVELLS,2017-03-15,423.75,434.0,421.25,432.4,1106569
HAVELLS,2017-03-16,432.95,437.85,432.5,436.1,684874
HAVELLS,2017-03-17,436.6,444.0,436.1,442.7,1292442
HAVELLS,2017-03-20,444.95,449.0,442.85,447.55,1061042
HAVELLS,2017-03-21,447.9,453.4,444.15,451.85,1454582
HAVELLS,2017-03-22,448.5,451.8,445.0,450.05,962476
HAVELLS,2017-03-23,451.85,455.85,450.0,453.5,731069
HAVELLS,2017-03-24,454.6,454.6,443.35,446.4,757678
HAVELLS,2017-03-27,447.5,452.0,444.4,449.15,415115
HAVELLS,2017-03-28,448.7,452.35,447.05,450.35,535768
HAVELLS,2017-03-29,451.9,464.4,444.65,460.85,1278962
HAVELLS,2017-03-30,464.0,474.5,463.0,471.0,2556202
HAVELLS,2017-03-31,472.0,472.4,462.45,465.75,941913
HAVELLS,2017-04-03,467.0,470.85,464.4,468.8,574326
HAVELLS,2017-04-05,472.8,472.8,464.0,468.75,1138150
HAVELLS,2017-04-06,468.4,468.4,459.8,462.95,1159076
HAVELLS,2017-04-07,461.9,478.5,459.2,471.35,1709454
HAVELLS,2017-04-10,475.0,475.75,466.0,472.35,886897
HAVELLS,2017-04-11,473.0,483.4,470.9,481.15,1000678
HAVELLS,2017-04-12,478.0,491.2,476.0,489.25,1611537
HAVELLS,2017-04-13,488.25,493.6,483.8,486.15,608718
HAVELLS,2017-04-17,486.1,489.6,484.0,487.45,331070
HAVELLS,2017-04-18,488.0,491.0,478.65,482.75,569391
HAVELLS,2017-04-19,481.1,489.5,480.15,485.5,551796
HAVELLS,2017-04-20,481.15,499.45,480.8,492.85,1077743
HAVELLS,2017-04-21,497.0,497.0,486.65,490.6,511768
HAVELLS,2017-04-24,487.5,494.6,482.85,484.15,842115
HAVELLS,2017-04-25,486.85,489.35,482.6,485.35,464335
HAVELLS,2017-04-26,485.0,490.05,481.5,485.0,936856
HAVELLS,2017-04-27,486.0,487.0,475.25,477.5,850960
HAVELLS,2017-04-28,475.4,488.7,474.1,483.9,973557
HAVELLS,2017-05-02,483.9,488.35,474.6,479.0,910530
HAVELLS,2017-05-03,479.5,482.5,471.45,475.7,675503
HAVELLS,2017-05-04,475.1,490.2,473.2,488.05,1086364
HAVELLS,2017-05-05,488.0,488.9,479.6,486.75,1089859
HAVELLS,2017-05-08,486.75,502.6,485.8,490.6,1279605
HAVELLS,2017-05-09,494.85,495.5,488.1,493.65,986710
HAVELLS,2017-05-10,496.0,504.8,494.9,502.15,1049660
HAVELLS,2017-05-11,506.4,526.3,498.6,513.1,5731409
HAVELLS,2017-05-12,510.05,520.3,500.4,512.95,1905916
HAVELLS,2017-05-15,514.95,517.75,508.9,514.0,745827
HAVELLS,2017-05-16,515.0,522.45,514.15,518.1,1439464
HAVELLS,2017-05-17,519.7,519.7,506.2,509.45,1418531
HAVELLS,2017-05-18,506.7,506.7,494.55,496.5,873101
HAVELLS,2017-05-19,507.0,507.0,480.2,485.7,1183057
HAVELLS,2017-05-22,488.15,488.6,474.55,476.15,1122209
HAVELLS,2017-05-23,472.0,472.65,448.1,450.1,2976038
HAVELLS,2017-05-24,452.0,459.8,438.25,440.7,2002402
HAVELLS,2017-05-25,445.6,462.8,433.6,460.25,3121852
HAVELLS,2017-05-26,459.7,475.5,455.5,473.3,1306497
HAVELLS,2017-05-29,473.2,479.0,457.55,459.7,788452
HAVELLS,2017-05-30,461.9,478.6,453.7,470.95,961552
HAVELLS,2017-05-31,474.4,491.95,473.5,487.4,1873372
HAVELLS,2017-06-01,491.65,491.65,476.45,485.1,996617
HAVELLS,2017-06-02,489.0,489.0,479.25,482.7,665127
HAVELLS,2017-06-05,484.0,489.8,479.05,485.8,726283
HAVELLS,2017-06-06,487.0,507.9,482.05,499.65,2265216
HAVELLS,2017-06-07,504.7,508.0,498.95,506.85,1396714
HAVELLS,2017-06-08,507.6,511.5,502.15,504.5,756765
HAVELLS,2017-06-09,504.4,507.9,499.2,506.35,389165
HAVELLS,2017-06-12,504.05,504.1,495.65,499.25,400580
HAVELLS,2017-06-13,498.2,503.35,494.4,497.1,499683
HAVELLS,2017-06-14,496.7,499.05,488.55,492.95,663727
HAVELLS,2017-06-15,490.25,494.45,482.6,486.45,896988
HAVELLS,2017-06-16,488.95,495.0,486.5,491.25,810556
HAVELLS,2017-06-19,491.1,495.75,479.45,481.05,554388
HAVELLS,2017-06-20,481.05,487.45,481.0,484.45,822484
HAVELLS,2017-06-21,481.7,483.7,477.5,481.1,721213
HAVELLS,2017-06-22,482.0,483.95,469.65,472.85,404034
HAVELLS,2017-06-23,472.5,473.95,457.05,463.7,620369
HAVELLS,2017-06-27,464.0,474.2,453.0,470.1,1452771
HAVELLS,2017-06-28,472.5,473.9,459.45,462.4,991285
HAVELLS,2017-06-29,463.0,468.6,446.25,449.55,1425534
HAVELLS,2017-06-30,445.0,462.45,440.85,460.0,1444601
HAVELLS,2017-07-03,460.0,467.0,455.55,464.85,1284545
HAVELLS,2017-07-04,463.45,468.45,461.15,463.05,548438
HAVELLS,2017-07-05,462.2,473.0,459.55,471.9,839200
HAVELLS,2017-07-06,472.95,479.9,472.0,476.05,681440
HAVELLS,2017-07-07,472.5,475.3,468.0,469.05,575662
HAVELLS,2017-07-10,479.9,479.9,470.1,474.5,76053
HAVELLS,2017-07-11,476.45,483.85,471.5,478.45,830983
HAVELLS,2017-07-12,480.15,485.55,470.4,478.05,690512
HAVELLS,2017-07-13,481.0,484.15,477.45,480.95,635240
HAVELLS,2017-07-14,480.2,483.25,474.25,476.95,396799
HAVELLS,2017-07-17,477.05,477.85,462.95,465.9,870810
HAVELLS,2017-07-18,462.0,466.8,455.05,459.2,1257213
HAVELLS,2017-07-19,459.9,484.2,453.9,466.7,6828700
HAVELLS,2017-07-20,469.0,469.0,459.4,463.35,865459
HAVELLS,2017-07-21,464.9,467.4,456.85,462.0,1495779
HAVELLS,2017-07-24,466.4,466.4,459.1,460.55,880885
HAVELLS,2017-07-25,463.45,463.45,453.4,457.3,1134446
HAVELLS,2017-07-26,457.25,462.35,451.3,461.4,1881730
HAVELLS,2017-07-27,461.4,463.65,456.1,461.55,711586
HAVELLS,2017-07-28,460.9,480.0,459.1,478.35,1540611
HAVELLS,2017-07-31,480.0,484.2,471.5,472.8,1303559
HAVELLS,2017-08-01,473.2,475.35,466.0,467.6,1170715
HAVELLS,2017-08-02,469.0,474.35,465.3,472.8,953913
HAVELLS,2017-08-03,476.0,489.7,471.15,486.15,2145689
HAVELLS,2017-08-04,486.95,494.55,486.8,492.55,1640640
HAVELLS,2017-08-07,495.1,499.95,492.55,494.9,882186
HAVELLS,2017-08-08,496.4,498.75,481.4,485.15,571107
HAVELLS,2017-08-09,486.8,501.9,480.6,497.95,1568312
HAVELLS,2017-08-10,496.2,497.7,454.2,463.65,2008418
HAVELLS,2017-08-11,459.3,469.9,453.85,458.65,1195720
HAVELLS,2017-08-14,464.9,478.5,461.45,476.1,711527
HAVELLS,2017-08-16,480.0,481.1,458.85,464.65,1532195
HAVELLS,2017-08-17,466.95,475.0,464.3,472.85,1425374
HAVELLS,2017-08-18,468.0,480.05,464.3,478.25,1315769
HAVELLS,2017-08-21,480.0,483.85,471.3,474.45,671549
HAVELLS,2017-08-22,475.35,480.95,468.35,473.05,852424
HAVELLS,2017-08-23,475.0,479.1,470.7,475.45,533946
HAVELLS,2017-08-24,475.0,489.9,471.0,487.15,892166
HAVELLS,2017-08-28,487.15,495.85,486.65,489.35,942081
HAVELLS,2017-08-29,488.9,490.55,477.25,481.25,596181
HAVELLS,2017-08-30,484.4,487.1,481.8,485.2,503207
HAVELLS,2017-08-31,485.55,491.4,483.45,488.35,813666
HAVELLS,2017-09-01,488.55,494.3,484.7,486.85,775580
HAVELLS,2017-09-04,490.4,495.85,483.25,492.85,827528
HAVELLS,2017-09-05,495.5,497.4,488.85,492.9,674566
HAVELLS,2017-09-06,490.25,499.0,487.55,493.0,680026
HAVELLS,2017-09-07,502.85,502.85,492.5,493.2,529326
HAVELLS,2017-09-08,492.35,494.9,484.15,488.3,430583
HAVELLS,2017-09-11,491.0,503.0,489.0,496.55,1702029
HAVELLS,2017-09-12,499.0,509.5,492.0,506.1,2314984
HAVELLS,2017-09-13,507.0,516.8,498.5,501.45,1491578
HAVELLS,2017-09-14,504.95,509.4,500.5,504.85,705891
HAVELLS,2017-09-15,504.85,508.9,499.05,506.9,1124598
HAVELLS,2017-09-18,512.75,516.85,510.1,511.45,900435
HAVELLS,2017-09-19,507.35,514.85,507.35,510.1,483923
HAVELLS,2017-09-20,514.7,519.9,511.5,515.3,1337258
HAVELLS,2017-09-21,517.0,521.45,505.65,510.1,1705503
HAVELLS,2017-09-22,509.85,509.85,490.1,495.45,1845638
HAVELLS,2017-09-25,494.0,497.75,482.45,489.95,948376
HAVELLS,2017-09-26,490.0,497.6,488.0,491.35,783722
HAVELLS,2017-09-27,494.7,496.0,470.8,476.15,706839
HAVELLS,2017-09-28,476.5,483.0,469.55,472.05,1243116
HAVELLS,2017-09-29,472.0,488.75,472.0,483.15,1071481
HAVELLS,2017-10-03,488.0,497.5,487.3,495.15,1182623
HAVELLS,2017-10-04,494.25,508.15,491.35,505.65,1338822
HAVELLS,2017-10-05,506.0,512.8,504.25,506.4,685620
HAVELLS,2017-10-06,508.8,512.5,505.0,510.15,477799
HAVELLS,2017-10-09,511.9,511.95,504.55,506.95,527153
HAVELLS,2017-10-10,505.0,534.45,505.0,533.25,2933909
HAVELLS,2017-10-11,535.0,537.5,519.3,527.45,1973917
HAVELLS,2017-10-12,528.0,532.75,522.0,531.55,1175189
HAVELLS,2017-10-13,535.1,545.75,533.45,541.1,3428350
HAVELLS,2017-10-16,544.85,547.35,538.4,544.1,1166821
HAVELLS,2017-10-17,542.6,550.4,540.05,548.35,835654
HAVELLS,2017-10-18,549.7,553.9,542.6,545.15,2771126
HAVELLS,2017-10-19,545.0,552.0,544.15,547.35,212687
HAVELLS,2017-10-23,550.0,564.6,539.05,541.45,5807670
HAVELLS,2017-10-24,536.9,536.9,499.5,503.4,6284881
HAVELLS,2017-10-25,508.0,510.0,487.1,493.85,2838373
HAVELLS,2017-10-26,495.0,497.4,480.5,484.2,3278978
HAVELLS,2017-10-27,486.1,488.75,479.5,482.4,2233079
HAVELLS,2017-10-30,487.95,495.5,485.3,489.6,1688785
HAVELLS,2017-10-31,492.9,492.9,483.1,484.75,1314775
HAVELLS,2017-11-01,486.05,494.5,486.05,491.75,1212723
HAVELLS,2017-11-02,493.0,502.5,492.6,496.2,1448884
HAVELLS,2017-11-03,500.9,501.55,491.3,493.6,895259
HAVELLS,2017-11-06,491.6,502.6,487.15,499.6,1109783
HAVELLS,2017-11-07,501.0,509.6,493.45,502.5,2293744
HAVELLS,2017-11-08,503.15,513.45,498.75,503.7,2014403
HAVELLS,2017-11-09,506.9,517.25,506.3,516.7,2515364
HAVELLS,2017-11-10,518.1,522.3,498.2,501.55,1979090
HAVELLS,2017-11-13,509.7,519.3,505.2,510.0,1722697
HAVELLS,2017-11-14,517.45,517.45,508.15,511.75,920502
HAVELLS,2017-11-15,512.1,513.95,502.3,505.4,644021
HAVELLS,2017-11-16,506.0,506.75,496.7,498.25,768840
HAVELLS,2017-11-17,503.0,511.0,501.5,507.8,696879
HAVELLS,2017-11-20,507.2,515.85,506.45,510.7,639359
HAVELLS,2017-11-21,511.65,514.0,502.95,505.8,588816
HAVELLS,2017-11-22,506.0,506.7,497.1,500.0,878501
HAVELLS,2017-11-23,500.0,512.0,494.3,505.35,1395165
HAVELLS,2017-11-24,510.3,520.1,508.4,519.5,1666883
HAVELLS,2017-11-27,519.85,527.4,510.3,520.7,1904694
HAVELLS,2017-11-28,520.0,527.9,516.5,518.95,1174457
HAVELLS,2017-11-29,520.0,525.2,516.6,521.55,782885
HAVELLS,2017-11-30,519.75,522.6,506.95,509.3,1562669
HAVELLS,2017-12-01,510.95,516.0,505.55,508.3,771250
HAVELLS,2017-12-04,510.3,515.75,503.75,511.9,870058
HAVELLS,2017-12-05,512.0,513.3,502.6,506.35,714585
HAVELLS,2017-12-06,507.15,516.7,504.4,510.15,977755
HAVELLS,2017-12-07,514.0,527.0,511.05,525.75,1870547
HAVELLS,2017-12-08,529.7,540.0,526.2,537.1,3217033
HAVELLS,2017-12-11,540.0,543.0,535.1,538.7,1069276
HAVELLS,2017-12-12,538.5,553.25,535.5,546.3,2713590
HAVELLS,2017-12-13,545.95,546.55,533.0,535.15,1093766
HAVELLS,2017-12-14,537.0,543.5,529.0,542.1,898609
HAVELLS,2017-12-15,547.0,559.0,544.0,556.1,1668396
HAVELLS,2017-12-18,552.0,561.85,536.0,551.25,1049464
HAVELLS,2017-12-19,551.6,555.35,549.2,553.95,838889
HAVELLS,2017-12-20,554.5,560.95,549.35,558.6,1057844
HAVELLS,2017-12-21,557.0,560.0,546.3,549.05,2498920
HAVELLS,2017-12-22,550.0,554.7,545.7,550.05,852548
HAVELLS,2017-12-26,549.95,556.35,548.5,550.0,560118
HAVELLS,2017-12-27,550.0,554.1,546.25,549.5,514011
HAVELLS,2017-12-28,549.95,552.5,545.5,550.5,552166
HAVELLS,2017-12-29,554.0,569.9,550.65,562.45,2126486
HAVELLS,2018-01-01,566.7,566.7,552.0,554.45,466717
HAVELLS,2018-01-02,555.0,557.65,545.3,549.25,685576
HAVELLS,2018-01-03,551.0,560.35,548.5,555.65,968648
HAVELLS,2018-01-04,558.0,563.9,552.45,562.85,1178675
HAVELLS,2018-01-05,565.0,575.9,563.8,566.05,1638665
HAVELLS,2018-01-08,566.5,571.5,560.9,563.1,893255
HAVELLS,2018-01-09,561.5,561.5,549.5,552.25,757837
HAVELLS,2018-01-10,551.75,556.35,545.0,549.7,1264788
HAVELLS,2018-01-11,549.0,554.85,546.25,548.8,550622
HAVELLS,2018-01-12,549.5,552.55,545.5,549.1,873027
HAVELLS,2018-01-15,548.0,559.9,548.0,558.5,907127
HAVELLS,2018-01-16,562.0,563.9,552.45,556.7,818384
HAVELLS,2018-01-17,555.5,560.8,543.05,559.35,575557
HAVELLS,2018-01-18,562.75,563.35,546.1,552.1,377507
HAVELLS,2018-01-19,548.0,551.1,539.6,547.6,977335
HAVELLS,2018-01-22,548.6,564.15,538.7,552.65,2573233
HAVELLS,2018-01-23,565.0,587.75,563.1,584.15,4397044
HAVELLS,2018-01-24,584.9,585.0,572.4,576.25,1348575
HAVELLS,2018-01-25,575.0,590.5,573.8,580.55,2121732
HAVELLS,2018-01-29,582.0,592.5,573.8,575.5,1633198
HAVELLS,2018-01-30,575.35,576.95,552.0,552.85,1050928
HAVELLS,2018-01-31,540.0,540.0,518.1,522.35,7290911
HAVELLS,2018-02-01,525.8,532.7,511.2,525.4,1727081
HAVELLS,2018-02-02,519.0,523.5,504.65,509.6,1090876
HAVELLS,2018-02-05,509.9,515.8,493.55,499.05,1543999
HAVELLS,2018-02-06,474.95,509.95,450.0,505.8,2052384
HAVELLS,2018-02-07,511.0,519.2,488.0,504.2,2055308
HAVELLS,2018-02-08,510.55,523.0,507.05,520.9,998079
HAVELLS,2018-02-09,503.1,521.0,503.1,515.25,891993
HAVELLS,2018-02-12,519.2,521.6,512.4,516.05,724602
HAVELLS,2018-02-14,516.5,521.2,511.7,514.4,715021
HAVELLS,2018-02-15,515.1,525.8,512.2,516.25,1296081
HAVELLS,2018-02-16,519.8,520.3,499.85,504.25,1295373
HAVELLS,2018-02-19,508.95,508.95,498.1,504.05,1196926
HAVELLS,2018-02-20,508.85,511.9,502.8,508.65,544607
HAVELLS,2018-02-21,510.85,511.6,500.2,506.35,720502
HAVELLS,2018-02-22,505.0,507.6,492.7,495.2,1700808
HAVELLS,2018-02-23,497.0,509.35,495.2,507.7,1096165
HAVELLS,2018-02-26,509.0,516.5,509.0,513.05,570423
HAVELLS,2018-02-27,514.5,519.9,507.7,512.1,738023
HAVELLS,2018-02-28,506.6,512.35,505.05,507.65,612090
HAVELLS,2018-03-01,507.65,522.3,507.65,511.25,1428365
HAVELLS,2018-03-05,511.0,511.2,501.0,507.15,905063
HAVELLS,2018-03-06,511.8,512.85,496.4,500.3,717755
HAVELLS,2018-03-07,501.7,506.0,497.15,501.2,865183
HAVELLS,2018-03-08,504.1,506.8,490.0,502.55,1052614
HAVELLS,2018-03-09,505.0,507.75,500.4,503.25,525582
HAVELLS,2018-03-12,508.0,510.3,500.55,505.2,744387
HAVELLS,2018-03-13,503.25,518.75,503.25,514.3,1185899
HAVELLS,2018-03-14,516.5,523.0,512.45,517.1,1327206
HAVELLS,2018-03-15,521.0,527.7,518.4,520.75,1590047
HAVELLS,2018-03-16,522.9,525.0,515.15,516.6,1499134
HAVELLS,2018-03-19,517.5,520.8,502.0,506.5,951135
HAVELLS,2018-03-20,502.0,502.95,494.7,499.0,1365921
HAVELLS,2018-03-21,502.0,508.0,496.4,498.8,878704
HAVELLS,2018-03-22,499.4,502.0,493.35,495.9,644334
HAVELLS,2018-03-23,489.9,496.45,486.65,492.65,814892
HAVELLS,2018-03-26,493.0,494.0,487.8,491.15,1211997
HAVELLS,2018-03-27,494.1,497.6,492.0,494.3,1454063
HAVELLS,2018-03-28,492.15,495.65,486.2,487.85,1083438
HAVELLS,2018-04-02,489.05,509.4,483.65,507.6,1443591
HAVELLS,2018-04-03,506.85,509.7,500.0,508.0,1223705
HAVELLS,2018-04-04,509.9,513.0,503.0,504.35,1906614
HAVELLS,2018-04-05,510.0,516.2,508.85,512.65,1957447
HAVELLS,2018-04-06,515.0,535.0,512.65,533.15,2912803
HAVELLS,2018-04-09,533.1,539.4,530.0,534.25,1150835
HAVELLS,2018-04-10,537.0,538.4,526.55,534.65,580111
HAVELLS,2018-04-11,535.5,536.05,527.1,530.85,641612
HAVELLS,2018-04-12,530.0,551.0,527.7,548.25,2291213
HAVELLS,2018-04-13,551.8,555.0,545.05,547.0,1717191
HAVELLS,2018-04-16,543.45,551.45,541.2,546.0,749450
HAVELLS,2018-04-17,547.2,554.25,544.95,550.25,943209
HAVELLS,2018-04-18,552.7,554.8,545.65,547.25,1129693
HAVELLS,2018-04-19,547.9,553.45,543.65,551.85,616117
HAVELLS,2018-04-20,551.9,559.2,544.7,548.25,1900497
HAVELLS,2018-04-23,549.9,551.9,543.95,546.1,899035
HAVELLS,2018-04-24,545.3,547.0,538.4,541.05,529747
HAVELLS,2018-04-25,538.8,544.65,536.55,538.55,561260
HAVELLS,2018-04-26,540.0,547.4,537.5,545.0,709321
HAVELLS,2018-04-27,547.0,556.0,544.5,549.75,827785
HAVELLS,2018-04-30,556.0,557.0,546.1,547.25,1252948
HAVELLS,2018-05-02,548.45,553.6,533.95,543.05,1079101
HAVELLS,2018-05-03,542.5,546.0,525.35,527.3,849461
HAVELLS,2018-05-04,525.0,543.35,521.35,540.4,1894666
HAVELLS,2018-05-07,544.95,552.2,541.1,548.0,1262799
HAVELLS,2018-05-08,549.05,553.1,543.3,547.95,725367
HAVELLS,2018-05-09,545.05,561.0,545.05,553.9,1983392
HAVELLS,2018-05-10,556.0,557.2,535.1,537.75,1310937
HAVELLS,2018-05-11,542.2,560.6,540.0,547.5,4733550
HAVELLS,2018-05-14,551.85,554.95,541.15,544.7,1617228
HAVELLS,2018-05-15,543.05,549.7,537.2,544.2,750908
HAVELLS,2018-05-16,542.0,548.0,537.65,546.15,798508
HAVELLS,2018-05-17,545.8,551.75,538.0,539.95,787950
HAVELLS,2018-05-18,538.0,538.0,519.4,523.25,981254
HAVELLS,2018-05-21,521.0,530.0,514.7,524.2,1135679
HAVELLS,2018-05-22,522.5,552.0,519.0,549.1,2098090
HAVELLS,2018-05-23,547.6,551.45,541.0,543.75,1282047
HAVELLS,2018-05-24,542.1,545.35,531.2,534.5,839876
HAVELLS,2018-05-25,536.05,544.4,533.25,542.55,1097538
HAVELLS,2018-05-28,547.5,564.8,545.15,563.05,2252558
HAVELLS,2018-05-29,567.2,569.45,547.2,548.7,2028620
HAVELLS,2018-05-30,547.95,559.75,536.85,558.15,1384730
HAVELLS,2018-05-31,563.0,563.0,542.9,544.15,1521311
HAVELLS,2018-06-01,544.75,549.05,533.2,539.05,890100
HAVELLS,2018-06-04,540.3,546.75,535.25,536.6,685761
HAVELLS,2018-06-05,537.0,537.0,523.1,528.55,1007325
HAVELLS,2018-06-06,527.7,534.8,522.1,533.2,981439
HAVELLS,2018-06-07,538.45,551.0,535.65,547.3,1008867
HAVELLS,2018-06-08,548.6,555.0,547.0,552.9,1075751
HAVELLS,2018-06-11,556.45,569.85,555.2,558.7,1912057
HAVELLS,2018-06-12,560.7,563.15,552.6,557.75,1111892
HAVELLS,2018-06-13,560.0,566.3,555.75,559.45,1557465
HAVELLS,2018-06-14,558.0,560.0,543.2,548.2,1050698
HAVELLS,2018-06-15,549.45,559.4,536.9,555.45,1084885
HAVELLS,2018-06-18,558.0,562.9,545.65,547.35,573195
HAVELLS,2018-06-19,547.0,547.35,537.35,539.35,533199
HAVELLS,2018-06-20,539.35,544.3,533.05,534.9,908594
HAVELLS,2018-06-21,539.6,542.8,531.3,532.85,838315
HAVELLS,2018-06-22,534.6,544.7,530.05,542.65,1151398
HAVELLS,2018-06-25,541.65,547.45,532.5,535.3,726800
HAVELLS,2018-06-26,532.0,539.4,531.05,532.85,810260
HAVELLS,2018-06-27,533.0,543.0,533.0,537.45,1431508
HAVELLS,2018-06-28,535.0,535.0,520.1,522.9,1364040
HAVELLS,2018-06-29,524.4,545.7,523.1,543.35,1415809
HAVELLS,2018-07-02,545.8,545.8,530.5,532.75,495672
HAVELLS,2018-07-03,533.0,548.0,532.65,543.5,552370
HAVELLS,2018-07-04,540.05,550.9,535.6,547.4,602897
HAVELLS,2018-07-05,545.05,553.65,541.55,545.75,942429
HAVELLS,2018-07-06,546.8,553.0,539.6,551.0,711614
HAVELLS,2018-07-09,553.0,558.8,551.2,553.4,399294
HAVELLS,2018-07-10,556.8,576.2,552.7,573.95,2061453
HAVELLS,2018-07-11,574.4,581.0,565.05,566.8,1481873
HAVELLS,2018-07-12,569.65,573.55,556.0,561.5,764724
HAVELLS,2018-07-13,561.35,567.2,555.6,560.2,531924
HAVELLS,2018-07-16,560.2,569.8,553.0,560.05,1700586
HAVELLS,2018-07-17,563.0,567.5,544.5,555.0,1471637
HAVELLS,2018-07-18,559.0,565.5,556.85,561.25,728009
HAVELLS,2018-07-19,564.9,574.9,559.2,561.75,1721971
HAVELLS,2018-07-20,563.95,572.9,554.6,560.4,2197605
HAVELLS,2018-07-23,574.95,615.0,574.95,610.05,10645909
HAVELLS,2018-07-24,613.2,625.45,595.6,598.6,4934161
HAVELLS,2018-07-25,601.0,616.0,599.25,602.8,2929858
HAVELLS,2018-07-26,602.1,631.1,602.05,614.75,3788399
HAVELLS,2018-07-27,614.6,629.0,611.0,625.05,1574084
HAVELLS,2018-07-30,624.0,628.7,617.55,625.8,744721
HAVELLS,2018-07-31,624.25,636.0,618.0,634.4,1312444
HAVELLS,2018-08-01,636.75,638.4,627.25,632.2,905532
HAVELLS,2018-08-02,632.0,643.0,624.75,637.05,1584825
HAVELLS,2018-08-03,636.05,647.0,634.45,643.45,925361
HAVELLS,2018-08-06,645.65,659.8,645.65,657.7,1711382
HAVELLS,2018-08-07,659.4,683.05,651.0,677.55,1772615
HAVELLS,2018-08-08,679.8,684.8,670.45,681.45,1602539
HAVELLS,2018-08-09,678.55,691.3,673.6,687.3,1253831
HAVELLS,2018-08-10,685.1,685.8,667.4,673.5,1299857
HAVELLS,2018-08-13,669.85,682.15,663.0,676.4,1096019
HAVELLS,2018-08-14,677.05,688.55,673.55,685.9,1262385
HAVELLS,2018-08-16,678.1,698.45,678.1,681.45,1909395
HAVELLS,2018-08-17,685.0,686.3,675.0,678.95,890011
HAVELLS,2018-08-20,680.0,698.25,680.0,690.15,1253351
HAVELLS,2018-08-21,694.95,702.9,684.4,699.7,1876676
HAVELLS,2018-08-23,699.7,708.8,692.05,707.25,1031233
HAVELLS,2018-08-24,706.4,706.4,693.4,699.7,737630
HAVELLS,2018-08-27,701.4,721.95,701.4,719.95,1175806
HAVELLS,2018-08-28,719.0,721.9,713.25,716.45,900636
HAVELLS,2018-08-29,719.8,726.75,710.9,714.0,1010022
HAVELLS,2018-08-30,710.0,722.0,706.05,719.35,1053476
HAVELLS,2018-08-31,719.0,726.9,709.05,725.25,1280453
HAVELLS,2018-09-03,722.0,728.75,707.2,716.4,1160743
HAVELLS,2018-09-04,713.85,713.85,664.95,668.8,2045160
HAVELLS,2018-09-05,670.0,670.0,646.0,660.4,2117180
HAVELLS,2018-09-06,665.7,682.7,656.0,679.0,1055587
HAVELLS,2018-09-07,684.0,684.0,667.1,673.55,975050
HAVELLS,2018-09-10,670.0,670.0,639.4,641.35,1767996
HAVELLS,2018-09-11,644.0,653.5,631.0,632.6,1848618
HAVELLS,2018-09-12,635.9,649.95,627.15,646.7,1567798
HAVELLS,2018-09-14,650.0,665.85,648.55,659.6,1144059
HAVELLS,2018-09-17,655.0,672.4,647.1,666.9,795979
HAVELLS,2018-09-18,663.4,668.0,645.1,646.65,881794
HAVELLS,2018-09-19,650.25,653.25,640.85,646.25,658508
HAVELLS,2018-09-21,646.8,659.8,626.75,635.05,2000200
HAVELLS,2018-09-24,634.0,639.8,620.5,625.85,750068
HAVELLS,2018-09-25,624.95,635.9,605.4,628.1,896553
HAVELLS,2018-09-26,633.0,649.05,620.25,646.5,1027745
HAVELLS,2018-09-27,640.0,642.0,608.1,612.6,2405928
HAVELLS,2018-09-28,617.0,619.8,581.85,594.5,1552503
HAVELLS,2018-10-01,591.4,601.65,554.15,595.15,3089537
HAVELLS,2018-10-03,595.5,623.0,586.55,612.9,2649695
HAVELLS,2018-10-04,603.2,613.6,595.2,605.7,1304505
HAVELLS,2018-10-05,605.0,605.0,586.35,594.55,1520121
HAVELLS,2018-10-08,591.0,599.55,562.05,569.9,1355705
HAVELLS,2018-10-09,572.0,582.0,553.25,563.85,1088023
HAVELLS,2018-10-10,563.0,614.0,561.45,611.2,1900322
HAVELLS,2018-10-11,592.0,598.95,570.7,579.95,1892917
HAVELLS,2018-10-12,585.0,601.35,585.0,595.75,1207151
HAVELLS,2018-10-15,602.9,603.5,578.9,599.75,1015888
HAVELLS,2018-10-16,604.9,623.65,601.05,607.95,2137524
HAVELLS,2018-10-17,614.85,619.6,579.05,586.9,3314282
HAVELLS,2018-10-19,550.0,613.0,549.85,597.15,3678245
HAVELLS,2018-10-22,605.0,610.2,585.0,589.35,1538383
HAVELLS,2018-10-23,580.0,602.9,579.2,598.85,1093430
HAVELLS,2018-10-24,598.95,608.45,592.45,601.3,1383641
HAVELLS,2018-10-25,593.05,607.95,591.1,599.3,1220249
HAVELLS,2018-10-26,599.2,610.0,588.65,602.85,1109395
HAVELLS,2018-10-29,609.4,622.0,600.1,619.5,1344827
HAVELLS,2018-10-30,623.8,639.0,622.3,634.5,1726408
HAVELLS,2018-10-31,637.6,649.5,633.75,645.8,1518363
HAVELLS,2018-11-01,647.0,662.5,641.1,645.0,1624969
HAVELLS,2018-11-02,649.0,654.4,639.0,646.15,925851
HAVELLS,2018-11-05,645.85,656.9,638.25,646.9,1101243
HAVELLS,2018-11-06,649.9,657.0,640.0,647.45,787114
HAVELLS,2018-11-07,650.0,654.25,646.0,648.25,79728
HAVELLS,2018-11-09,649.55,655.0,642.3,646.55,920574
HAVELLS,2018-11-12,649.5,658.65,644.15,651.1,1294477
HAVELLS,2018-11-13,649.0,669.7,648.0,666.15,2733001
HAVELLS,2018-11-14,669.2,677.0,666.5,672.6,1393979
HAVELLS,2018-11-15,672.8,688.5,672.0,686.05,2514715
HAVELLS,2018-11-16,687.1,687.45,664.3,674.2,937990
HAVELLS,2018-11-19,674.7,686.5,669.4,684.5,872279
HAVELLS,2018-11-20,683.9,685.5,675.05,677.7,709538
HAVELLS,2018-11-21,678.0,682.5,665.75,669.8,633805
HAVELLS,2018-11-22,668.0,672.25,659.65,661.35,677595
HAVELLS,2018-11-26,662.0,666.25,652.0,660.5,557928
HAVELLS,2018-11-27,659.3,667.8,652.4,659.25,1039081
HAVELLS,2018-11-28,656.05,673.85,656.05,668.6,884882
HAVELLS,2018-11-29,670.0,693.05,670.0,689.55,1358512
HAVELLS,2018-11-30,693.85,707.0,675.8,684.7,3589150
HAVELLS,2018-12-03,687.45,697.0,681.95,692.1,802841
HAVELLS,2018-12-04,688.15,703.45,688.15,699.3,1331606
HAVELLS,2018-12-05,693.0,698.0,685.25,694.5,575468
HAVELLS,2018-12-06,691.0,691.0,672.1,674.25,829854
HAVELLS,2018-12-07,676.2,682.85,673.65,676.7,722318
HAVELLS,2018-12-10,662.0,674.0,661.4,666.05,732912
HAVELLS,2018-12-11,660.0,696.45,660.0,691.4,818930
HAVELLS,2018-12-12,691.0,709.35,687.55,704.8,1419805
HAVELLS,2018-12-13,705.25,711.0,695.0,705.15,728547
HAVELLS,2018-12-14,700.2,715.9,700.0,711.45,1022180
HAVELLS,2018-12-17,717.85,717.85,701.0,706.35,753943
HAVELLS,2018-12-18,703.85,703.85,693.25,701.95,1072555
HAVELLS,2018-12-19,702.25,712.45,697.0,705.05,1776201
HAVELLS,2018-12-20,698.0,708.0,696.1,704.7,822019
HAVELLS,2018-12-21,704.95,716.5,689.4,691.5,1614901
HAVELLS,2018-12-24,686.95,690.9,666.1,667.9,964046
HAVELLS,2018-12-26,665.4,679.25,655.0,677.2,1032249
HAVELLS,2018-12-27,682.4,692.55,678.0,684.85,1482409
HAVELLS,2018-12-28,686.05,696.6,684.05,690.1,706888
HAVELLS,2018-12-31,693.0,697.9,688.9,691.5,485613
HAVELLS,2019-01-01,694.4,697.5,686.5,694.8,413338
HAVELLS,2019-01-02,692.0,703.0,690.0,691.8,1228486
HAVELLS,2019-01-03,693.0,697.45,677.8,681.4,914499
HAVELLS,2019-01-04,683.2,688.9,672.95,678.55,1257221
HAVELLS,2019-01-07,684.05,695.75,683.1,693.55,657814
HAVELLS,2019-01-08,694.0,696.9,667.05,669.7,1686230
HAVELLS,2019-01-09,672.0,684.35,672.0,681.75,877124
HAVELLS,2019-01-10,682.95,690.55,676.0,688.05,985376
HAVELLS,2019-01-11,688.0,690.8,681.15,688.05,526760
HAVELLS,2019-01-14,686.0,690.55,683.45,688.55,515604
HAVELLS,2019-01-15,691.25,693.5,678.35,681.1,1044052
HAVELLS,2019-01-16,682.45,689.0,680.15,683.45,676883
HAVELLS,2019-01-17,684.7,685.75,674.2,676.15,969498
HAVELLS,2019-01-18,677.55,686.0,671.45,677.5,1299538
HAVELLS,2019-01-21,679.25,685.55,673.0,677.7,813364
HAVELLS,2019-01-22,679.7,721.0,670.6,711.85,5956684
HAVELLS,2019-01-23,721.0,721.05,691.0,696.2,2677472
HAVELLS,2019-01-24,696.2,707.5,695.6,702.6,1172488
HAVELLS,2019-01-25,700.25,724.6,700.25,708.15,1994088
HAVELLS,2019-01-28,711.0,713.05,686.35,698.7,1425427
HAVELLS,2019-01-29,698.0,704.2,688.55,700.95,962384
HAVELLS,2019-01-30,704.9,708.15,696.0,703.35,861622
HAVELLS,2019-01-31,705.4,716.25,692.1,713.45,1699328
HAVELLS,2019-02-01,715.0,739.9,711.0,737.15,1938051
HAVELLS,2019-02-04,740.0,746.0,726.1,735.55,2228722
HAVELLS,2019-02-05,735.0,739.8,725.0,730.8,892725
HAVELLS,2019-02-06,735.4,744.7,726.05,737.5,1638747
HAVELLS,2019-02-07,736.9,754.25,735.1,748.15,1593897
HAVELLS,2019-02-08,749.0,753.25,740.6,743.3,1323737
HAVELLS,2019-02-11,741.0,743.25,718.1,723.35,968286
HAVELLS,2019-02-12,726.0,733.45,705.5,708.5,1247494
HAVELLS,2019-02-14,703.45,704.8,689.25,694.15,904847
HAVELLS,2019-02-15,695.8,697.95,675.25,688.65,1123000
HAVELLS,2019-02-18,690.0,690.0,665.45,686.6,1636609
HAVELLS,2019-02-19,686.0,695.6,672.4,676.95,1187555
HAVELLS,2019-02-20,680.0,699.0,674.0,695.15,1043449
HAVELLS,2019-02-21,698.5,702.95,691.1,698.75,983594
HAVELLS,2019-02-22,696.1,705.8,692.55,696.1,1011651
HAVELLS,2019-02-25,699.0,705.0,690.0,702.8,699539
HAVELLS,2019-02-26,695.0,703.9,689.35,694.3,985971
HAVELLS,2019-02-27,698.7,712.45,690.05,693.2,1294927
HAVELLS,2019-02-28,696.0,718.5,695.55,715.35,2100249
HAVELLS,2019-03-01,717.5,727.0,705.1,707.55,1371695
HAVELLS,2019-03-05,707.55,723.9,705.1,720.85,1216645
HAVELLS,2019-03-06,722.8,730.95,711.7,713.7,1222862
HAVELLS,2019-03-07,714.0,728.0,711.15,718.45,1070777
HAVELLS,2019-03-08,719.7,729.5,717.65,727.85,1194157
HAVELLS,2019-03-11,729.45,746.0,728.5,742.6,2084294
HAVELLS,2019-03-12,748.7,769.9,746.6,765.45,2541763
HAVELLS,2019-03-13,769.0,776.75,758.6,766.6,2013665
HAVELLS,2019-03-14,769.85,772.0,745.1,747.2,1976430
HAVELLS,2019-03-15,747.3,754.0,742.0,745.1,1682674
HAVELLS,2019-03-18,745.85,756.0,741.0,749.05,882292
HAVELLS,2019-03-19,754.5,768.3,742.15,765.1,979551
HAVELLS,2019-03-20,766.1,768.0,754.0,757.3,809288
HAVELLS,2019-03-22,753.6,767.9,753.6,758.05,806218
HAVELLS,2019-03-25,750.2,752.65,736.5,738.95,946512
HAVELLS,2019-03-26,741.0,761.25,741.0,757.8,963589
HAVELLS,2019-03-27,766.7,766.7,745.3,749.3,687539
HAVELLS,2019-03-28,753.0,765.0,747.6,760.55,1180707
HAVELLS,2019-04-01,775.0,783.0,767.55,775.65,1053695
HAVELLS,2019-04-02,776.7,779.55,761.2,764.45,831461
HAVELLS,2019-04-03,765.95,780.0,764.0,770.55,1148881
HAVELLS,2019-04-04,767.65,769.5,756.4,766.95,727448
HAVELLS,2019-04-05,765.0,772.4,755.1,759.8,1167646
HAVELLS,2019-04-08,758.6,766.05,755.75,764.1,783699
HAVELLS,2019-04-09,764.1,764.75,752.0,760.5,917598
HAVELLS,2019-04-10,756.0,764.95,752.9,757.5,898792
HAVELLS,2019-04-11,756.7,759.9,750.95,752.8,558868
HAVELLS,2019-04-12,745.0,750.9,738.5,742.6,1726304
HAVELLS,2019-04-15,746.8,754.45,742.05,751.85,785742
HAVELLS,2019-04-16,756.0,760.25,751.35,758.15,1088041
HAVELLS,2019-04-18,751.15,767.6,751.15,757.7,1341325
HAVELLS,2019-04-22,757.5,764.0,754.0,761.45,784837
HAVELLS,2019-04-23,762.55,766.0,755.0,761.5,648985
HAVELLS,2019-04-24,765.0,776.0,759.0,774.05,1637003
HAVELLS,2019-04-25,778.1,780.5,770.5,772.9,1084251
HAVELLS,2019-04-26,778.0,778.0,760.2,766.8,334371
HAVELLS,2019-04-30,760.0,778.25,760.0,774.65,827106
HAVELLS,2019-05-02,778.8,778.85,765.0,771.0,1287836
HAVELLS,2019-05-03,766.25,774.35,765.55,770.3,814205
HAVELLS,2019-05-06,750.0,767.85,745.0,751.0,928783
HAVELLS,2019-05-07,752.5,754.7,735.1,739.1,1054648
HAVELLS,2019-05-08,739.75,739.9,724.8,734.15,1053351
HAVELLS,2019-05-09,727.55,745.7,724.65,741.7,769103
HAVELLS,2019-05-10,735.0,742.55,725.25,739.0,1193585
HAVELLS,2019-05-13,731.9,739.0,728.5,732.25,504109
HAVELLS,2019-05-14,735.95,735.95,717.1,723.5,1345068
HAVELLS,2019-05-15,723.6,728.9,717.65,721.15,1162137
HAVELLS,2019-05-16,722.25,727.65,713.5,725.2,1334637
HAVELLS,2019-05-17,724.8,739.0,723.0,734.55,2154835
HAVELLS,2019-05-20,747.0,758.9,737.75,755.55,1914254
HAVELLS,2019-05-21,758.0,766.75,754.0,757.9,1326127
HAVELLS,2019-05-22,758.25,765.5,748.1,755.55,1314488
HAVELLS,2019-05-23,762.55,768.95,738.15,751.5,2408480
HAVELLS,2019-05-24,752.85,754.9,739.1,743.55,1289373
HAVELLS,2019-05-27,741.0,743.7,731.1,733.9,1366286
HAVELLS,2019-05-28,733.0,735.45,720.0,723.75,2310127
HAVELLS,2019-05-29,723.0,737.85,713.85,730.95,5535514
HAVELLS,2019-05-30,732.0,733.0,709.2,720.4,3946788
HAVELLS,2019-05-31,722.25,752.0,722.25,747.95,2684803
HAVELLS,2019-06-03,749.8,772.0,743.45,769.95,1983755
HAVELLS,2019-06-04,762.0,786.4,762.0,779.9,1967107
HAVELLS,2019-06-06,777.1,787.75,768.5,781.25,1696697
HAVELLS,2019-06-07,778.3,793.65,773.0,788.65,1545527
HAVELLS,2019-06-10,789.55,797.4,787.7,792.05,1193650
HAVELLS,2019-06-11,790.25,796.8,786.1,792.75,900879
HAVELLS,2019-06-12,789.0,789.0,775.55,781.9,1322564
HAVELLS,2019-06-13,781.0,786.75,777.2,783.5,762234
HAVELLS,2019-06-14,783.3,784.2,774.9,777.75,833824
HAVELLS,2019-06-17,777.0,777.0,768.3,771.05,709196
HAVELLS,2019-06-18,766.0,777.15,763.05,774.45,769415
HAVELLS,2019-06-19,775.15,788.0,775.15,784.0,871474
HAVELLS,2019-06-20,780.2,788.0,776.0,785.75,776309
HAVELLS,2019-06-21,785.75,790.8,775.55,786.15,1056822
HAVELLS,2019-06-24,781.3,791.35,781.0,785.4,770379
HAVELLS,2019-06-25,782.55,786.25,766.75,783.95,847570
HAVELLS,2019-06-26,782.8,795.9,778.6,788.15,894834
HAVELLS,2019-06-27,792.0,797.0,784.05,794.4,1279424
HAVELLS,2019-06-28,795.0,806.85,782.65,786.15,2058566
HAVELLS,2019-07-01,790.9,797.5,783.4,787.05,1283928
HAVELLS,2019-07-02,787.0,796.0,781.35,791.0,649068
HAVELLS,2019-07-03,794.0,794.9,785.15,790.45,644218
HAVELLS,2019-07-04,794.0,794.0,781.7,783.8,924125
HAVELLS,2019-07-05,788.45,788.45,762.75,765.55,1832108
HAVELLS,2019-07-08,761.5,761.95,742.15,746.55,2175311
HAVELLS,2019-07-09,750.0,752.0,724.0,738.85,1790858
HAVELLS,2019-07-10,741.8,742.0,720.0,726.55,1930823
HAVELLS,2019-07-11,730.9,732.6,704.3,719.1,3290480
HAVELLS,2019-07-12,719.05,721.75,709.5,710.45,1494283
HAVELLS,2019-07-15,713.0,720.9,706.3,719.15,894955
HAVELLS,2019-07-16,719.0,737.75,715.45,736.2,1572980
HAVELLS,2019-07-17,735.95,735.95,728.0,729.85,864861
HAVELLS,2019-07-18,726.15,734.3,712.95,717.55,1120030
HAVELLS,2019-07-19,718.2,722.7,705.1,717.05,1223141
HAVELLS,2019-07-22,710.05,726.05,706.55,722.7,687666
HAVELLS,2019-07-23,722.0,724.95,708.2,713.85,1130636
HAVELLS,2019-07-24,711.8,716.65,687.05,695.8,1865065
HAVELLS,2019-07-25,695.8,698.7,688.1,691.45,990859
HAVELLS,2019-07-26,689.0,704.0,678.5,698.25,1731276
HAVELLS,2019-07-29,674.85,680.0,647.05,665.35,5803699
HAVELLS,2019-07-30,659.95,663.8,626.05,636.35,3626875
HAVELLS,2019-07-31,633.45,649.35,622.65,645.3,1430832
HAVELLS,2019-08-01,640.6,654.0,638.35,647.75,1742201
HAVELLS,2019-08-02,640.0,652.5,633.6,646.1,1138191
HAVELLS,2019-08-05,640.0,641.7,623.25,634.65,1746630
HAVELLS,2019-08-06,633.0,650.05,632.0,646.85,1476032
HAVELLS,2019-08-07,648.75,651.75,637.25,644.55,899989
HAVELLS,2019-08-08,648.0,661.95,640.3,656.3,1157834
HAVELLS,2019-08-09,660.0,668.95,653.25,656.95,1126655
HAVELLS,2019-08-13,655.8,665.6,644.4,647.9,543712
HAVELLS,2019-08-14,650.0,659.5,642.3,654.55,735271
HAVELLS,2019-08-16,652.9,661.5,648.0,651.35,932235
HAVELLS,2019-08-19,653.8,671.95,649.0,663.7,1048662
HAVELLS,2019-08-20,666.0,686.8,666.0,677.2,3208690
HAVELLS,2019-08-21,680.3,687.0,641.5,650.65,2521998
HAVELLS,2019-08-22,647.5,665.0,643.35,657.2,1541113
HAVELLS,2019-08-23,658.0,659.4,629.0,647.2,1669934
HAVELLS,2019-08-26,665.0,672.5,635.45,652.75,1858199
HAVELLS,2019-08-27,666.0,670.0,652.0,660.45,1768474
HAVELLS,2019-08-28,663.5,671.85,660.0,666.2,999474
HAVELLS,2019-08-29,662.0,676.7,654.5,664.55,1777130
HAVELLS,2019-08-30,664.95,684.5,662.5,679.05,1109302
HAVELLS,2019-09-03,673.6,673.6,649.0,652.6,890541
HAVELLS,2019-09-04,654.0,658.55,627.7,636.0,1741506
HAVELLS,2019-09-05,637.0,654.65,636.8,651.9,982353
HAVELLS,2019-09-06,653.0,665.35,653.0,659.85,751108
HAVELLS,2019-09-09,661.0,662.95,655.5,660.8,898804
HAVELLS,2019-09-11,660.8,667.3,653.45,665.1,1408705
HAVELLS,2019-09-12,668.9,673.0,665.65,669.3,747885
HAVELLS,2019-09-13,670.35,681.5,662.55,673.1,1295505
HAVELLS,2019-09-16,669.45,677.3,665.75,671.8,530491
HAVELLS,2019-09-17,672.8,675.1,642.6,648.95,1119997
HAVELLS,2019-09-18,649.0,657.5,644.35,650.0,910391
HAVELLS,2019-09-19,650.0,651.95,634.7,645.05,1249922
HAVELLS,2019-09-20,648.0,737.4,638.6,727.65,3990259
HAVELLS,2019-09-23,738.25,762.4,721.0,731.6,1177558
HAVELLS,2019-09-24,731.0,765.75,715.2,757.0,2202687
HAVELLS,2019-09-25,751.0,751.05,726.1,730.4,1311185
HAVELLS,2019-09-26,733.95,738.6,709.05,719.75,2030386
HAVELLS,2019-09-27,722.9,732.4,710.1,713.8,1081624
HAVELLS,2019-09-30,715.9,721.25,709.05,718.3,979643
HAVELLS,2019-10-01,722.8,731.8,702.35,709.55,1603395
HAVELLS,2019-10-03,708.95,711.0,697.05,702.0,965453
HAVELLS,2019-10-04,702.0,708.9,675.35,679.2,854195
HAVELLS,2019-10-07,682.2,682.6,660.0,662.75,1111458
HAVELLS,2019-10-09,662.75,676.0,655.65,671.45,785908
HAVELLS,2019-10-10,669.8,669.8,652.05,662.65,1133005
HAVELLS,2019-10-11,662.65,667.15,654.3,660.7,884947
HAVELLS,2019-10-14,661.95,664.4,650.55,653.9,1102177
HAVELLS,2019-10-15,655.2,675.4,655.2,666.9,1402183
HAVELLS,2019-10-16,670.0,674.0,665.2,671.65,742871
HAVELLS,2019-10-17,674.0,687.15,668.75,685.8,1607024
HAVELLS,2019-10-18,686.0,694.7,679.7,689.6,1104118
HAVELLS,2019-10-22,690.0,692.95,670.5,678.2,976609
HAVELLS,2019-10-23,674.0,682.0,657.55,673.15,4148758
HAVELLS,2019-10-24,660.0,678.65,655.0,669.9,3271591
HAVELLS,2019-10-25,650.0,668.75,650.0,664.8,931283
HAVELLS,2019-10-27,666.7,674.2,664.25,667.75,140511
HAVELLS,2019-10-29,668.7,672.45,663.6,668.2,1035190
HAVELLS,2019-10-30,675.0,697.5,670.05,689.65,2432177
HAVELLS,2019-10-31,693.0,699.0,685.45,691.85,1425499
HAVELLS,2019-11-01,693.9,697.9,687.0,688.35,540561
HAVELLS,2019-11-04,689.65,697.0,685.8,693.7,830617
HAVELLS,2019-11-05,695.35,696.9,680.1,687.05,829450
HAVELLS,2019-11-06,687.1,693.9,675.25,689.25,828409
HAVELLS,2019-11-07,694.8,714.6,690.8,710.0,2760947
HAVELLS,2019-11-08,714.35,717.25,702.8,707.5,1129079
HAVELLS,2019-11-11,703.5,708.7,690.1,692.65,791314
HAVELLS,2019-11-13,693.5,704.1,671.7,674.3,1229427
HAVELLS,2019-11-14,675.9,683.55,668.15,672.2,975688
HAVELLS,2019-11-15,674.4,682.9,671.1,672.85,549025
HAVELLS,2019-11-18,673.3,677.25,663.05,667.35,874088
HAVELLS,2019-11-19,670.8,673.7,661.8,665.75,717667
HAVELLS,2019-11-20,666.0,675.6,660.45,671.65,1111197
HAVELLS,2019-11-21,671.65,675.7,651.0,653.7,1467627
HAVELLS,2019-11-22,650.0,653.3,636.0,638.55,1606769
HAVELLS,2019-11-25,638.55,669.25,637.55,665.1,2178172
HAVELLS,2019-11-26,669.0,680.5,661.45,670.7,2521989
HAVELLS,2019-11-27,672.0,680.0,663.5,677.6,1306539
HAVELLS,2019-11-28,675.1,683.55,670.05,673.6,1328679
HAVELLS,2019-11-29,673.6,677.0,660.0,667.45,823893
HAVELLS,2019-12-02,667.45,673.2,660.2,671.35,779145
HAVELLS,2019-12-03,670.0,675.6,665.35,670.0,657306
HAVELLS,2019-12-04,670.0,674.25,660.25,672.8,869810
HAVELLS,2019-12-05,674.0,676.7,666.0,670.4,717262
HAVELLS,2019-12-06,670.95,670.95,652.35,661.4,993467
HAVELLS,2019-12-09,663.6,665.0,655.75,658.4,557229
HAVELLS,2019-12-10,658.35,658.35,645.1,647.4,808226
HAVELLS,2019-12-11,645.0,645.0,631.1,635.45,1812960
HAVELLS,2019-12-12,640.1,653.5,637.75,652.3,1196192
HAVELLS,2019-12-13,653.65,660.05,650.25,654.5,895607
HAVELLS,2019-12-16,656.8,657.75,646.5,648.6,601125
HAVELLS,2019-12-17,649.0,649.15,639.5,642.4,809881
HAVELLS,2019-12-18,644.8,655.0,636.05,652.05,1325539
HAVELLS,2019-12-19,649.25,652.15,643.4,646.9,942613
HAVELLS,2019-12-20,649.9,656.25,640.0,641.2,1107531
HAVELLS,2019-12-23,641.2,652.0,632.2,649.85,1613405
HAVELLS,2019-12-24,648.75,653.1,645.2,648.1,803333
HAVELLS,2019-12-26,649.2,651.0,640.0,640.95,540646
HAVELLS,2019-12-27,643.9,650.0,640.5,646.7,662742
HAVELLS,2019-12-30,648.0,659.0,646.6,652.8,1294264
HAVELLS,2019-12-31,652.8,657.55,646.25,647.15,481645
HAVELLS,2020-01-01,649.75,653.35,645.65,649.5,492348
HAVELLS,2020-01-02,650.0,655.75,647.8,654.45,435382
HAVELLS,2020-01-03,654.0,665.65,651.15,660.5,1316546
HAVELLS,2020-01-06,660.0,660.0,642.5,647.15,569453
HAVELLS,2020-01-07,648.25,656.9,639.0,640.4,877010
HAVELLS,2020-01-08,636.5,638.0,624.5,629.45,1865051
HAVELLS,2020-01-09,635.2,641.6,632.35,639.2,1767768
HAVELLS,2020-01-10,641.5,649.0,638.0,644.95,1078909
HAVELLS,2020-01-13,646.05,654.8,646.05,651.2,703391
HAVELLS,2020-01-14,652.95,654.3,643.2,650.75,897474
HAVELLS,2020-01-15,650.3,650.3,637.1,642.35,1638831
HAVELLS,2020-01-16,643.7,649.95,638.1,639.5,1228864
HAVELLS,2020-01-17,639.5,651.6,637.7,638.7,2587519
HAVELLS,2020-01-20,640.1,643.45,622.35,625.3,3540418
HAVELLS,2020-01-21,623.0,632.65,612.85,616.95,5330031
HAVELLS,2020-01-22,604.5,618.6,588.3,600.5,13896645
HAVELLS,2020-01-23,600.5,621.0,600.5,619.85,3365852
HAVELLS,2020-01-24,620.0,627.9,614.05,622.9,1487093
HAVELLS,2020-01-27,622.0,626.6,616.8,622.15,1382244
HAVELLS,2020-01-28,622.15,625.0,609.0,616.2,1238644
HAVELLS,2020-01-29,618.0,621.05,611.45,616.0,1668628
HAVELLS,2020-01-30,616.0,617.05,603.8,606.9,912666
HAVELLS,2020-01-31,610.5,613.8,600.2,602.8,1171667
HAVELLS,2020-02-03,594.85,605.0,586.05,594.35,1615206
HAVELLS,2020-02-04,600.0,615.7,600.0,608.05,6574159
HAVELLS,2020-02-05,613.4,630.0,610.7,621.1,2174566
HAVELLS,2020-02-06,626.8,633.85,623.7,631.65,1828910
HAVELLS,2020-02-07,632.0,634.4,626.5,630.0,729667
HAVELLS,2020-02-10,627.9,629.0,616.1,622.4,601397
HAVELLS,2020-02-11,624.0,635.0,615.1,618.85,975440
HAVELLS,2020-02-12,622.75,622.75,611.6,617.65,1487002
HAVELLS,2020-02-13,617.65,621.95,612.15,617.55,897770
HAVELLS,2020-02-14,618.1,623.5,608.85,611.65,1009884
HAVELLS,2020-02-17,613.0,613.95,600.0,602.75,1035220
HAVELLS,2020-02-18,602.5,603.45,589.0,600.5,2800102
HAVELLS,2020-02-19,606.8,621.0,604.6,618.55,1864746
HAVELLS,2020-02-20,621.2,631.35,620.05,622.75,1229373
HAVELLS,2020-02-24,619.95,633.95,614.0,626.65,1965644
HAVELLS,2020-02-25,634.0,647.65,631.0,643.6,3491818
HAVELLS,2020-02-26,640.55,652.7,636.0,646.8,1824325
HAVELLS,2020-02-27,647.0,647.4,632.6,638.7,984423
HAVELLS,2020-02-28,616.0,631.8,610.0,613.05,1785458
HAVELLS,2020-03-02,620.05,647.8,620.05,627.6,2333347
HAVELLS,2020-03-03,629.0,645.0,618.0,638.55,1520126
HAVELLS,2020-03-04,641.0,642.75,619.25,632.95,1304147
HAVELLS,2020-03-05,637.9,639.5,626.7,635.3,913452
HAVELLS,2020-03-06,620.0,637.9,613.0,635.05,1574882
HAVELLS,2020-03-09,620.0,626.85,593.3,610.2,1919270
HAVELLS,2020-03-11,610.0,618.3,601.75,613.2,1335433
HAVELLS,2020-03-12,590.0,596.95,514.65,578.7,4202510
HAVELLS,2020-03-13,532.5,623.45,531.95,600.5,1997242
HAVELLS,2020-03-16,584.9,607.5,562.75,565.85,1397941
HAVELLS,2020-03-17,565.9,585.45,561.0,569.85,1352460
HAVELLS,2020-03-18,575.0,579.05,552.2,560.0,2536217
HAVELLS,2020-03-19,540.0,559.25,516.25,535.2,2727642
HAVELLS,2020-03-20,537.0,554.9,521.35,537.8,1910412
HAVELLS,2020-03-23,499.9,527.9,484.1,498.5,1711503
HAVELLS,2020-03-24,494.0,508.65,481.0,489.95,2024486
HAVELLS,2020-03-25,476.15,495.95,465.6,473.65,1615671
HAVELLS,2020-03-26,475.25,507.4,474.1,493.45,1484706
HAVELLS,2020-03-27,499.0,519.4,486.55,511.15,3822048
HAVELLS,2020-03-30,503.95,505.6,465.25,467.35,1622123
HAVELLS,2020-03-31,474.0,488.0,458.05,480.45,1862235
HAVELLS,2020-04-01,480.0,489.0,466.5,484.6,1414538
HAVELLS,2020-04-03,498.0,498.0,469.55,471.5,2044225
HAVELLS,2020-04-07,485.5,508.9,481.25,500.3,1116157
HAVELLS,2020-04-08,499.85,535.8,492.1,531.6,1811039
HAVELLS,2020-04-09,536.0,554.65,524.0,550.6,2060336
HAVELLS,2020-04-13,552.0,553.2,524.45,536.35,1516544
HAVELLS,2020-04-15,537.05,579.85,537.05,559.5,3595791
HAVELLS,2020-04-16,551.0,557.45,539.4,548.5,1966417
HAVELLS,2020-04-17,550.0,562.95,523.5,528.6,3634673
HAVELLS,2020-04-20,532.0,532.0,510.1,524.95,3578236
HAVELLS,2020-04-21,513.0,519.9,500.0,503.8,2296190
HAVELLS,2020-04-22,505.0,522.0,487.0,517.9,2874821
HAVELLS,2020-04-23,520.0,534.3,515.0,530.55,1438729
HAVELLS,2020-04-24,524.0,537.0,517.1,525.6,1707752
HAVELLS,2020-04-27,525.0,538.85,524.05,535.35,1213123
HAVELLS,2020-04-28,540.8,542.3,525.0,532.95,1209446
HAVELLS,2020-04-29,532.95,545.0,529.45,542.85,975128
HAVELLS,2020-04-30,552.25,565.75,544.7,563.5,2637280
HAVELLS,2020-05-04,547.0,552.75,518.05,524.85,1835896
HAVELLS,2020-05-05,534.8,534.9,501.05,506.6,1137980
HAVELLS,2020-05-06,509.05,518.0,492.45,508.3,2448671
HAVELLS,2020-05-07,510.3,512.25,485.0,486.85,2606691
HAVELLS,2020-05-08,494.0,497.0,485.15,487.45,3203167
HAVELLS,2020-05-11,492.0,493.4,476.75,488.45,2932826
HAVELLS,2020-05-12,484.35,485.8,471.2,480.55,2707994
HAVELLS,2020-05-13,494.0,515.0,483.8,511.2,7182888
HAVELLS,2020-05-14,510.0,510.0,493.0,500.95,2881855
HAVELLS,2020-05-15,500.75,501.95,485.5,486.85,1760644
HAVELLS,2020-05-18,489.0,491.85,472.6,475.75,2258571
HAVELLS,2020-05-19,480.2,484.0,466.0,468.2,2188259
HAVELLS,2020-05-20,464.0,495.0,447.05,469.6,6372631
HAVELLS,2020-05-21,476.7,483.65,461.1,465.85,3993490
HAVELLS,2020-05-22,463.4,474.45,455.5,459.35,2993848
HAVELLS,2020-05-26,461.7,466.8,454.15,460.7,2249584
HAVELLS,2020-05-27,463.0,480.05,454.3,470.65,2029075
HAVELLS,2020-05-28,477.0,504.5,474.1,499.75,6398891
HAVELLS,2020-05-29,500.0,503.45,485.8,496.25,3494222
HAVELLS,2020-06-01,505.0,545.0,502.05,540.35,6065981
HAVELLS,2020-06-02,543.0,553.4,536.3,549.35,3601234
HAVELLS,2020-06-03,557.0,567.4,552.1,555.35,2794968
HAVELLS,2020-06-04,555.35,570.95,551.35,567.5,2720866
HAVELLS,2020-06-05,571.05,574.9,558.9,567.85,2293104
HAVELLS,2020-06-08,569.5,572.9,544.0,546.1,2605337
HAVELLS,2020-06-09,546.0,558.35,538.55,546.4,4203476
HAVELLS,2020-06-10,545.0,560.25,539.25,558.15,2768781
HAVELLS,2020-06-11,554.1,560.55,542.2,545.2,1453086
HAVELLS,2020-06-12,529.0,554.55,525.0,551.65,1948843
HAVELLS,2020-06-15,552.0,556.65,537.2,541.55,2383481
HAVELLS,2020-06-16,552.0,555.8,544.0,552.15,1944915
HAVELLS,2020-06-17,552.0,558.7,543.3,553.5,2670354
HAVELLS,2020-06-18,553.0,553.9,542.0,548.7,2208932
HAVELLS,2020-06-19,550.0,576.9,545.5,566.35,5305605
HAVELLS,2020-06-22,570.0,582.95,562.2,576.9,3719766
HAVELLS,2020-06-23,582.0,589.4,573.7,577.3,2902092
HAVELLS,2020-06-24,577.5,586.4,570.4,582.1,2803425
HAVELLS,2020-06-25,578.9,589.9,575.4,579.4,2802811
HAVELLS,2020-06-26,581.15,593.4,580.05,585.45,2262107
HAVELLS,2020-06-29,580.1,584.8,570.55,578.2,1644982
HAVELLS,2020-06-30,578.2,588.0,575.5,579.5,1527119
HAVELLS,2020-07-01,582.45,584.3,572.05,574.4,1483752
HAVELLS,2020-07-02,578.0,584.35,576.3,581.05,1335478
HAVELLS,2020-07-03,584.0,588.95,578.1,580.05,1207054
HAVELLS,2020-07-06,580.2,589.0,578.75,582.9,1283208
HAVELLS,2020-07-07,588.0,602.9,582.4,597.75,3211876
HAVELLS,2020-07-08,595.75,605.65,580.0,582.0,2242772
HAVELLS,2020-07-09,580.0,589.7,575.1,587.45,1759847
HAVELLS,2020-07-10,588.0,588.95,578.3,580.25,922514
HAVELLS,2020-07-13,587.9,589.25,577.0,587.1,939648
HAVELLS,2020-07-14,582.2,585.5,569.25,580.25,2103458
HAVELLS,2020-07-15,583.6,586.0,573.5,575.4,1094320
HAVELLS,2020-07-16,575.6,578.15,562.2,573.45,1289259
HAVELLS,2020-07-17,575.55,592.5,572.1,590.05,2341968
HAVELLS,2020-07-20,596.15,604.85,590.55,599.35,2353046
HAVELLS,2020-07-21,600.5,608.0,578.05,579.05,2757227
HAVELLS,2020-07-22,581.0,590.2,575.0,584.65,2431985
HAVELLS,2020-07-23,585.0,612.0,583.55,605.65,3850942
HAVELLS,2020-07-24,604.0,612.65,595.2,606.7,3175101
HAVELLS,2020-07-27,606.7,609.8,587.6,595.2,3781853
HAVELLS,2020-07-28,595.0,595.2,571.0,575.9,4301660
HAVELLS,2020-07-29,581.0,586.5,568.4,570.45,3966766
HAVELLS,2020-07-30,572.9,581.5,571.0,578.5,1916099
HAVELLS,2020-07-31,578.5,590.0,575.05,583.15,1645262
HAVELLS,2020-08-03,584.0,588.75,576.7,584.7,1118103
HAVELLS,2020-08-04,588.1,596.6,584.25,588.25,2365890
HAVELLS,2020-08-05,594.8,608.0,593.2,605.5,2654207
HAVELLS,2020-08-06,609.0,611.75,594.85,606.15,2239717
HAVELLS,2020-08-07,606.15,612.0,603.3,609.55,909865
HAVELLS,2020-08-10,612.0,620.9,608.2,611.8,1743028
HAVELLS,2020-08-11,617.75,620.9,604.05,605.9,2370190
HAVELLS,2020-08-12,606.0,608.6,601.1,603.45,1237575
HAVELLS,2020-08-13,605.8,615.15,603.45,612.5,1567671
HAVELLS,2020-08-14,618.0,621.6,602.65,611.0,1786207
HAVELLS,2020-08-17,614.15,618.7,606.0,617.3,947292
HAVELLS,2020-08-18,621.3,637.0,621.0,626.55,4080491
HAVELLS,2020-08-19,629.95,631.8,623.0,629.2,1152479
HAVELLS,2020-08-20,624.0,643.55,620.9,638.4,1880315
HAVELLS,2020-08-21,643.85,643.85,630.3,632.65,1294195
HAVELLS,2020-08-24,633.35,642.7,631.5,637.45,902320
HAVELLS,2020-08-25,640.95,667.9,637.45,663.05,2956512
HAVELLS,2020-08-26,662.9,666.9,645.35,649.6,2476522
HAVELLS,2020-08-27,650.6,657.8,648.2,653.1,932791
HAVELLS,2020-08-28,658.0,659.6,637.2,639.25,1478632
HAVELLS,2020-08-31,646.0,648.35,613.0,615.55,1711609
HAVELLS,2020-09-01,627.4,628.65,608.45,620.65,1719022
HAVELLS,2020-09-02,620.65,632.65,619.0,629.65,1194125
HAVELLS,2020-09-03,632.9,647.45,630.9,645.4,1617923
HAVELLS,2020-09-04,645.0,648.4,630.65,633.9,1127590
HAVELLS,2020-09-07,639.0,653.9,631.0,648.0,2381405
HAVELLS,2020-09-08,650.95,652.45,635.7,638.55,928802
HAVELLS,2020-09-09,635.0,645.0,619.1,641.4,1278977
HAVELLS,2020-09-10,645.2,649.9,634.55,643.45,1127488
HAVELLS,2020-09-11,644.0,658.3,643.45,653.75,1792566
HAVELLS,2020-09-14,658.0,672.0,652.0,669.05,3245010
HAVELLS,2020-09-15,675.55,677.0,665.25,671.05,2016929
HAVELLS,2020-09-16,673.5,682.0,669.55,679.95,1536911
HAVELLS,2020-09-17,676.0,688.7,675.0,681.85,1440700
HAVELLS,2020-09-18,683.55,687.55,670.2,675.25,1271430
HAVELLS,2020-09-21,668.65,688.5,665.0,669.05,1907466
HAVELLS,2020-09-22,673.95,673.95,645.0,665.25,1188057
HAVELLS,2020-09-23,667.1,686.65,663.7,674.75,2029004
HAVELLS,2020-09-24,669.9,678.6,657.0,664.2,1885899
HAVELLS,2020-09-25,667.1,669.9,650.7,659.05,1729883
HAVELLS,2020-09-28,661.0,693.0,659.5,684.5,1966395
HAVELLS,2020-09-29,688.5,691.0,661.4,666.6,1533653
HAVELLS,2020-09-30,669.0,680.85,664.0,677.85,1053035
HAVELLS,2020-10-01,681.2,684.75,663.85,666.05,868753
HAVELLS,2020-10-05,669.3,674.95,665.0,669.6,750470
HAVELLS,2020-10-06,673.1,698.95,673.1,687.95,3788156
HAVELLS,2020-10-07,687.95,687.95,671.85,680.85,1065875
HAVELLS,2020-10-08,684.0,688.7,680.1,687.05,792031
HAVELLS,2020-10-09,688.3,712.85,687.2,710.2,3978161
HAVELLS,2020-10-12,712.95,712.95,700.3,705.05,1809924
HAVELLS,2020-10-13,705.0,710.4,699.2,702.05,1328451
HAVELLS,2020-10-14,698.0,705.75,694.1,697.45,2369537
HAVELLS,2020-10-15,701.9,701.9,681.15,684.15,1107005
HAVELLS,2020-10-16,689.0,701.0,681.7,697.5,1466874
HAVELLS,2020-10-19,701.3,710.0,693.0,706.0,1014098
HAVELLS,2020-10-20,705.55,712.55,699.35,709.15,976118
HAVELLS,2020-10-21,710.35,722.95,700.3,711.6,1933053
HAVELLS,2020-10-22,709.9,727.8,706.05,723.85,1357693
HAVELLS,2020-10-23,725.0,731.75,720.75,726.7,1209962
HAVELLS,2020-10-26,730.0,734.0,717.55,721.2,1386440
HAVELLS,2020-10-27,721.15,729.35,712.35,724.45,1953876
HAVELLS,2020-10-28,726.0,731.7,715.35,728.6,953186
HAVELLS,2020-10-29,725.0,736.0,716.1,725.15,3726196
HAVELLS,2020-10-30,727.5,741.0,711.8,727.9,3269125
HAVELLS,2020-11-02,730.0,790.0,730.0,781.6,8059933
HAVELLS,2020-11-03,781.6,827.0,780.5,783.3,12035236
HAVELLS,2020-11-04,781.6,814.9,772.3,808.05,4845777
HAVELLS,2020-11-05,812.55,821.9,804.0,817.85,3443427
HAVELLS,2020-11-06,817.75,825.5,812.8,818.65,2964004
HAVELLS,2020-11-09,828.0,828.6,808.0,824.0,2355138
HAVELLS,2020-11-10,831.0,844.3,816.05,841.65,3200355
HAVELLS,2020-11-11,842.9,842.9,806.0,814.8,2936135
HAVELLS,2020-11-12,818.8,823.65,807.2,811.5,2224147
HAVELLS,2020-11-13,811.4,833.9,810.1,828.4,3689109
HAVELLS,2020-11-14,831.2,833.55,822.5,827.0,132918
HAVELLS,2020-11-17,835.05,849.6,830.55,844.7,2287511
HAVELLS,2020-11-18,837.2,843.15,832.0,838.1,1517818
HAVELLS,2020-11-19,833.5,855.0,821.65,827.8,2506168
HAVELLS,2020-11-20,830.55,838.9,819.8,825.0,1488974
HAVELLS,2020-11-23,830.0,840.0,820.95,824.15,1420996
HAVELLS,2020-11-24,828.9,831.4,818.0,820.8,1392411
HAVELLS,2020-11-25,825.55,833.2,812.0,815.45,1410000
HAVELLS,2020-11-26,813.0,817.4,798.4,803.2,1936628
HAVELLS,2020-11-27,808.5,816.5,796.0,801.4,4776766
HAVELLS,2020-12-01,798.1,839.95,798.1,823.4,3766220
HAVELLS,2020-12-02,828.7,837.9,823.0,836.35,2062830
HAVELLS,2020-12-03,841.9,841.9,826.1,832.3,2794370
HAVELLS,2020-12-04,832.9,844.6,826.05,829.5,1950537
HAVELLS,2020-12-07,829.45,839.9,823.6,825.8,1252949
HAVELLS,2020-12-08,830.0,833.7,813.0,819.9,1282605
HAVELLS,2020-12-09,827.3,828.6,819.1,823.85,973862
HAVELLS,2020-12-10,820.0,835.4,819.0,827.4,1551387
HAVELLS,2020-12-11,829.6,841.45,821.2,827.45,2077418
HAVELLS,2020-12-14,829.5,830.55,822.1,826.95,628450
HAVELLS,2020-12-15,830.0,869.7,826.95,864.8,6328314
HAVELLS,2020-12-16,862.0,905.0,860.35,901.15,8084435
HAVELLS,2020-12-17,898.0,926.0,891.0,911.05,7393369
HAVELLS,2020-12-18,907.6,928.5,906.0,919.35,4348236
HAVELLS,2020-12-21,917.0,922.0,862.05,882.1,2230086
HAVELLS,2020-12-22,868.05,883.85,857.0,880.55,2460221
HAVELLS,2020-12-23,880.5,897.9,876.1,893.35,1404169
HAVELLS,2020-12-24,898.6,912.25,891.0,895.9,1528919
HAVELLS,2020-12-28,898.0,911.55,893.05,903.6,1149489
HAVELLS,2020-12-29,907.85,915.5,904.3,908.75,1536659
HAVELLS,2020-12-30,908.0,910.3,897.3,904.65,886047
HAVELLS,2020-12-31,903.0,920.0,900.55,916.15,1025422
HAVELLS,2021-01-01,919.8,928.75,904.75,909.9,2158857
HAVELLS,2021-01-04,910.55,923.3,909.25,918.8,1042065
HAVELLS,2021-01-05,921.5,938.85,911.6,935.7,1871002
HAVELLS,2021-01-06,945.0,953.65,934.05,945.9,2633011
HAVELLS,2021-01-07,955.8,977.95,946.0,971.25,2124734
HAVELLS,2021-01-08,976.1,1012.55,974.1,1007.5,3536689
HAVELLS,2021-01-11,1015.5,1026.75,1002.05,1013.8,1773737
HAVELLS,2021-01-12,1012.65,1026.0,1003.4,1018.8,1799936
HAVELLS,2021-01-13,1024.25,1041.75,1006.75,1012.45,2210980
HAVELLS,2021-01-14,1015.0,1026.0,1000.85,1003.05,2091931
HAVELLS,2021-01-15,999.0,1011.9,979.3,981.35,2598734
HAVELLS,2021-01-18,975.3,998.8,969.0,985.65,2565847
HAVELLS,2021-01-19,991.0,1024.0,984.3,1019.2,1875360
HAVELLS,2021-01-20,1024.75,1032.45,1012.0,1020.15,2370898
HAVELLS,2021-01-21,1064.95,1147.0,1052.0,1131.95,23442138
HAVELLS,2021-01-22,1142.0,1155.7,1114.5,1122.65,5718476
HAVELLS,2021-01-25,1133.25,1153.0,1098.25,1122.4,3099232
HAVELLS,2021-01-27,1129.0,1129.0,1104.0,1116.05,1899418
HAVELLS,2021-01-28,1114.0,1194.85,1106.0,1181.75,14679636
HAVELLS,2021-01-29,1181.9,1181.9,1035.05,1044.75,13643267
HAVELLS,2021-02-01,1050.0,1087.65,1033.05,1062.2,3678712
HAVELLS,2021-02-02,1073.0,1146.9,1072.0,1130.3,5829926
HAVELLS,2021-02-03,1122.5,1143.0,1104.55,1112.75,3032392
HAVELLS,2021-02-04,1113.0,1137.85,1100.1,1134.05,1829648
HAVELLS,2021-02-05,1140.0,1158.0,1106.35,1110.05,2156894
HAVELLS,2021-02-08,1115.2,1147.8,1110.55,1126.2,1714057
HAVELLS,2021-02-09,1132.0,1169.65,1130.0,1139.1,3183233
HAVELLS,2021-02-10,1144.8,1151.65,1126.0,1136.55,1389370
HAVELLS,2021-02-11,1142.8,1158.5,1133.5,1155.35,1141881
HAVELLS,2021-02-12,1158.8,1163.95,1128.05,1141.95,1437728
HAVELLS,2021-02-15,1154.9,1179.0,1137.4,1172.35,2178167
HAVELLS,2021-02-16,1173.0,1222.0,1163.5,1216.15,3715493
HAVELLS,2021-02-17,1220.4,1231.9,1183.5,1194.5,2592491
HAVELLS,2021-02-18,1194.5,1206.65,1160.0,1165.9,1891251
HAVELLS,2021-02-19,1170.5,1170.5,1129.15,1139.0,1588500
HAVELLS,2021-02-22,1141.0,1154.65,1119.75,1128.2,2542835
HAVELLS,2021-02-23,1129.95,1146.95,1120.0,1124.45,1374807
HAVELLS,2021-02-24,1135.05,1154.5,1115.05,1146.05,1114199
HAVELLS,2021-02-25,1152.1,1195.9,1152.1,1175.8,2537138
HAVELLS,2021-02-26,1161.85,1196.45,1096.0,1105.55,4164831
HAVELLS,2021-03-01,1124.0,1125.55,1096.05,1112.15,2136966
HAVELLS,2021-03-02,1120.95,1163.8,1118.05,1143.95,2632084
HAVELLS,2021-03-03,1150.55,1175.0,1143.1,1163.95,2582980
HAVELLS,2021-03-04,1155.0,1185.8,1146.4,1171.6,1896345
HAVELLS,2021-03-05,1140.0,1163.0,1110.0,1116.8,4524090
HAVELLS,2021-03-08,1129.0,1149.7,1109.15,1115.25,2094055
HAVELLS,2021-03-09,1125.9,1127.7,1089.0,1100.0,3109318
HAVELLS,2021-03-10,1100.1,1125.0,1100.1,1120.3,1891547
HAVELLS,2021-03-12,1128.4,1140.0,1097.85,1103.1,1726017
HAVELLS,2021-03-15,1112.05,1119.15,1086.55,1099.25,1573678
HAVELLS,2021-03-16,1100.0,1106.25,1076.5,1088.45,2538380
HAVELLS,2021-03-17,1088.45,1094.1,1052.5,1061.8,1149913
HAVELLS,2021-03-18,1066.95,1070.95,1015.1,1024.05,2339212
HAVELLS,2021-03-19,1010.05,1047.25,986.5,1043.95,3150876
HAVELLS,2021-03-22,1046.0,1054.65,1027.0,1037.2,1347171
HAVELLS,2021-03-23,1036.9,1057.0,1030.1,1041.4,1825941
HAVELLS,2021-03-24,1038.0,1046.9,1024.9,1028.95,1198133
HAVELLS,2021-03-25,1026.85,1035.7,1015.0,1026.15,1383782
HAVELLS,2021-03-26,1030.55,1062.45,1026.3,1050.3,1656045
HAVELLS,2021-03-30,1066.0,1078.0,1047.55,1050.55,1297976
HAVELLS,2021-03-31,1050.1,1069.5,1048.25,1050.4,950070
HAVELLS,2021-04-01,1062.75,1072.0,1046.15,1058.45,1032919
HAVELLS,2021-04-05,1060.0,1063.55,1015.45,1029.85,1017471
HAVELLS,2021-04-06,1025.0,1056.45,1023.0,1051.95,1161935
HAVELLS,2021-04-07,1052.0,1065.8,1045.5,1058.3,831141
HAVELLS,2021-04-08,1064.9,1070.0,1049.0,1059.75,1189741
HAVELLS,2021-04-09,1059.0,1099.95,1052.05,1062.25,2671765
HAVELLS,2021-04-12,1048.0,1050.8,990.0,993.7,1484884
HAVELLS,2021-04-13,993.5,1029.0,980.65,1023.75,1403988
HAVELLS,2021-04-15,1031.1,1038.0,1003.85,1010.2,1467066
HAVELLS,2021-04-16,1014.55,1032.0,1007.35,1010.45,1400671
HAVELLS,2021-04-19,982.05,1006.5,971.1,1000.95,935048
HAVELLS,2021-04-20,1010.0,1020.9,996.5,1004.8,924983
HAVELLS,2021-04-22,1008.0,1013.0,995.2,1004.6,793395
HAVELLS,2021-04-23,1005.7,1024.0,1000.3,1005.5,1796088
HAVELLS,2021-04-26,1013.8,1013.8,990.05,1000.1,1526982
HAVELLS,2021-04-27,1005.4,1036.0,1003.0,1028.5,1255019
HAVELLS,2021-04-28,1040.0,1044.0,1016.1,1019.85,844145
HAVELLS,2021-04-29,1025.0,1034.95,1005.85,1009.35,707355
HAVELLS,2021-04-30,1000.2,1035.55,982.35,990.25,1428474
HAVELLS,2021-05-03,984.9,1008.0,970.0,1004.7,1361391
HAVELLS,2021-05-04,1012.0,1017.0,981.0,985.95,1133825
HAVELLS,2021-05-05,990.0,1006.6,980.1,997.2,918327
HAVELLS,2021-05-06,998.0,1010.0,988.6,1006.75,596924
HAVELLS,2021-05-07,1013.2,1014.4,998.0,1002.0,595813
HAVELLS,2021-05-10,1005.0,1012.75,1000.55,1005.45,487919
HAVELLS,2021-05-11,998.8,1032.0,994.05,1029.65,1170319
HAVELLS,2021-05-12,1035.0,1035.05,1002.9,1007.85,859198
HAVELLS,2021-05-14,1011.3,1023.8,983.5,997.55,907626
HAVELLS,2021-05-17,1003.0,1036.95,988.0,1030.55,1742654
HAVELLS,2021-05-18,1035.0,1074.5,1020.1,1071.45,3242276
HAVELLS,2021-05-19,1072.8,1082.7,1058.0,1074.1,1982427
HAVELLS,2021-05-20,1080.0,1088.0,1066.0,1072.35,1887196
HAVELLS,2021-05-21,1072.45,1073.0,1025.0,1028.3,6665482
HAVELLS,2021-05-24,1035.0,1036.75,1013.4,1015.4,1361368
HAVELLS,2021-05-25,1020.0,1020.85,992.0,995.1,2481410
HAVELLS,2021-05-26,1003.0,1009.25,995.0,996.4,1161924
HAVELLS,2021-05-27,1001.6,1024.6,990.0,1019.8,3138650
HAVELLS,2021-05-28,1028.0,1028.9,1012.8,1018.1,916916
HAVELLS,2021-05-31,1013.0,1033.95,1011.0,1030.8,1367577
HAVELLS,2021-06-01,1032.0,1045.0,1026.05,1029.45,1215986
HAVELLS,2021-06-02,1026.0,1049.7,1024.0,1046.7,1365925
HAVELLS,2021-06-03,1051.0,1081.0,1046.1,1072.55,2154185
HAVELLS,2021-06-04,1080.0,1084.8,1055.0,1056.8,1390616
HAVELLS,2021-06-07,1060.0,1067.75,1046.65,1050.8,1031807
HAVELLS,2021-06-08,1051.1,1056.7,1035.3,1038.95,1333609
HAVELLS,2021-06-09,1044.5,1057.65,1022.05,1027.25,1554120
HAVELLS,2021-06-10,1031.0,1034.0,1020.0,1023.8,1474654
HAVELLS,2021-06-11,1025.1,1031.95,1011.5,1017.1,1400679
HAVELLS,2021-06-14,1020.0,1025.95,1001.05,1019.45,1285579
HAVELLS,2021-06-15,1025.0,1030.9,1015.5,1017.9,1308405
HAVELLS,2021-06-16,1021.0,1022.1,1005.0,1006.95,1226060
HAVELLS,2021-06-17,1000.0,1008.8,991.0,997.75,1334851
HAVELLS,2021-06-18,1001.0,1008.55,977.1,996.5,1374997
HAVELLS,2021-06-21,980.0,984.95,958.0,982.95,1796870
HAVELLS,2021-06-22,992.4,1009.8,981.05,999.7,2180170
HAVELLS,2021-06-23,1007.6,1007.6,993.3,998.5,989715
HAVELLS,2021-06-24,1000.0,1004.6,985.3,991.55,718519
HAVELLS,2021-06-25,992.0,1001.55,990.0,999.35,587103
HAVELLS,2021-06-28,1001.0,1009.8,991.0,992.3,898012
HAVELLS,2021-06-29,993.65,996.65,977.0,978.8,1104845
HAVELLS,2021-06-30,983.0,992.7,978.0,980.2,897832
HAVELLS,2021-07-01,984.8,997.2,980.2,989.0,1208575
HAVELLS,2021-07-02,995.0,998.8,984.0,985.55,760738
HAVELLS,2021-07-05,991.45,1025.0,986.9,1022.35,2689626
HAVELLS,2021-07-06,1027.45,1031.0,1015.35,1021.4,1459526
HAVELLS,2021-07-07,1021.4,1026.0,1010.5,1021.4,895906
HAVELLS,2021-07-08,1022.5,1035.9,1020.05,1028.5,1860896
HAVELLS,2021-07-09,1028.0,1028.95,1015.05,1023.35,761908
HAVELLS,2021-07-12,1026.2,1046.0,1020.15,1042.5,1314157
HAVELLS,2021-07-13,1046.95,1049.95,1027.8,1032.55,879897
HAVELLS,2021-07-14,1033.3,1035.9,1020.1,1022.7,795889
HAVELLS,2021-07-15,1027.0,1049.9,1023.0,1039.85,1205440
HAVELLS,2021-07-16,1047.0,1090.0,1044.0,1077.65,3979532
HAVELLS,2021-07-19,1075.0,1108.0,1069.25,1089.65,3216454
HAVELLS,2021-07-20,1094.95,1109.75,1061.05,1103.55,2862918
HAVELLS,2021-07-22,1142.0,1184.0,1125.5,1151.3,12956315
HAVELLS,2021-07-23,1158.9,1166.95,1139.25,1143.75,1567974
HAVELLS,2021-07-26,1139.85,1169.8,1116.5,1162.3,2308489
HAVELLS,2021-07-27,1165.0,1177.65,1151.65,1159.4,1466489
HAVELLS,2021-07-28,1162.0,1178.65,1148.15,1157.6,1736883
HAVELLS,2021-07-29,1160.0,1184.9,1158.05,1178.75,1302792
HAVELLS,2021-07-30,1179.55,1195.0,1167.65,1173.65,2076845
HAVELLS,2021-08-02,1180.0,1205.0,1175.65,1185.1,1659962
HAVELLS,2021-08-03,1198.0,1246.4,1191.35,1231.3,4940389
HAVELLS,2021-08-04,1241.9,1246.9,1222.6,1233.75,2387558
HAVELLS,2021-08-05,1240.0,1240.2,1212.1,1216.25,995267
HAVELLS,2021-08-06,1224.0,1259.95,1216.0,1232.9,2921992
HAVELLS,2021-08-09,1247.0,1254.35,1230.55,1235.5,1438802
HAVELLS,2021-08-10,1245.9,1254.7,1218.6,1223.85,1823117
HAVELLS,2021-08-11,1227.0,1243.25,1196.85,1236.75,1973876
HAVELLS,2021-08-12,1254.0,1255.6,1226.05,1231.9,2264764
HAVELLS,2021-08-13,1230.0,1257.15,1225.4,1242.15,1861705
HAVELLS,2021-08-16,1242.65,1252.4,1222.15,1225.7,843960
HAVELLS,2021-08-17,1226.0,1244.0,1216.5,1224.4,1600498
HAVELLS,2021-08-18,1228.0,1266.0,1226.25,1234.15,2658601
HAVELLS,2021-08-20,1229.0,1254.9,1224.55,1236.3,1989898
HAVELLS,2021-08-23,1242.8,1289.5,1241.35,1259.2,3835797
HAVELLS,2021-08-24,1269.9,1279.7,1241.85,1265.7,1492926
HAVELLS,2021-08-25,1264.95,1274.2,1201.0,1204.25,2460031
HAVELLS,2021-08-26,1207.7,1220.85,1191.0,1215.0,1413269
HAVELLS,2021-08-27,1218.0,1238.95,1215.0,1235.0,1169963
HAVELLS,2021-08-30,1230.0,1270.0,1230.0,1266.5,1105428
HAVELLS,2021-08-31,1270.0,1287.7,1254.55,1268.45,4863922
HAVELLS,2021-09-01,1270.0,1354.3,1266.15,1344.75,5063369
HAVELLS,2021-09-02,1350.8,1398.0,1341.75,1392.25,2971890
HAVELLS,2021-09-03,1399.0,1434.65,1387.0,1430.45,2720191
HAVELLS,2021-09-06,1430.0,1439.8,1420.45,1430.45,1244690
HAVELLS,2021-09-07,1439.8,1462.65,1430.65,1444.8,1787418
HAVELLS,2021-09-08,1444.8,1454.35,1417.95,1432.65,1078326
HAVELLS,2021-09-09,1429.0,1459.8,1414.7,1453.95,1745952
HAVELLS,2021-09-13,1456.55,1462.75,1435.05,1450.1,1437805
HAVELLS,2021-09-14,1450.3,1471.45,1450.1,1465.55,1024080
HAVELLS,2021-09-15,1466.0,1469.5,1446.45,1451.2,766614
HAVELLS,2021-09-16,1456.4,1477.0,1448.05,1453.1,1068097
HAVELLS,2021-09-17,1458.0,1482.7,1447.1,1471.9,2099188
HAVELLS,2021-09-20,1460.0,1462.3,1400.0,1407.2,1682673
HAVELLS,2021-09-21,1410.1,1427.75,1392.05,1411.1,1677219
HAVELLS,2021-09-22,1411.1,1443.4,1409.0,1420.45,1337462
HAVELLS,2021-09-23,1427.55,1454.35,1423.7,1438.25,1137902
HAVELLS,2021-09-24,1442.0,1448.9,1398.45,1414.9,972346
HAVELLS,2021-09-27,1424.0,1424.0,1385.0,1388.55,1130126
HAVELLS,2021-09-28,1389.8,1404.15,1360.65,1369.85,1033811
HAVELLS,2021-09-29,1364.0,1377.45,1351.0,1367.85,869402
HAVELLS,2021-09-30,1368.0,1382.55,1361.3,1373.1,910972
HAVELLS,2021-10-01,1373.1,1382.7,1334.25,1359.1,839100
HAVELLS,2021-10-04,1360.55,1394.45,1355.3,1389.8,802477
HAVELLS,2021-10-05,1396.0,1401.1,1382.85,1389.55,913676
HAVELLS,2021-10-06,1397.8,1410.55,1365.0,1369.4,738636
HAVELLS,2021-10-07,1376.2,1408.0,1375.25,1394.2,728717
HAVELLS,2021-10-08,1400.8,1405.3,1366.15,1371.45,566246
HAVELLS,2021-10-11,1382.45,1409.85,1369.35,1382.15,836394
HAVELLS,2021-10-12,1387.0,1427.95,1383.3,1420.25,1358251
HAVELLS,2021-10-13,1438.0,1438.0,1399.0,1409.7,1406850
HAVELLS,2021-10-14,1413.7,1479.8,1405.1,1474.1,1827348
HAVELLS,2021-10-18,1486.65,1504.45,1440.2,1454.7,1694567
HAVELLS,2021-10-19,1469.8,1482.55,1411.1,1423.8,951188
HAVELLS,2021-10-20,1430.0,1433.9,1378.15,1406.7,1193058
HAVELLS,2021-10-21,1354.0,1364.95,1210.3,1285.8,8213470
HAVELLS,2021-10-22,1290.0,1319.75,1265.4,1289.35,1631143
HAVELLS,2021-10-25,1304.8,1309.3,1272.4,1298.95,1114353
HAVELLS,2021-10-26,1309.0,1309.0,1261.8,1285.5,1374534
HAVELLS,2021-10-27,1290.0,1307.0,1275.0,1276.7,937862
HAVELLS,2021-10-28,1286.95,1286.95,1256.45,1263.75,943525
HAVELLS,2021-10-29,1251.25,1293.0,1243.75,1262.95,1421636
HAVELLS,2021-11-01,1275.55,1290.0,1260.6,1288.15,890339
HAVELLS,2021-11-02,1295.8,1303.7,1283.6,1290.75,571414
HAVELLS,2021-11-03,1301.85,1301.85,1271.0,1290.7,584243
HAVELLS,2021-11-04,1297.8,1300.0,1290.0,1294.45,56644
HAVELLS,2021-11-08,1306.8,1329.45,1285.3,1326.3,760625
HAVELLS,2021-11-09,1326.3,1339.0,1312.05,1326.9,613322
HAVELLS,2021-11-10,1320.0,1350.0,1318.2,1347.05,729602
HAVELLS,2021-11-11,1354.95,1355.45,1329.0,1345.8,825469
HAVELLS,2021-11-12,1356.45,1379.9,1346.0,1372.7,1056339
HAVELLS,2021-11-15,1378.0,1399.65,1377.1,1389.2,1020862
HAVELLS,2021-11-16,1391.5,1404.95,1360.0,1398.85,944782
HAVELLS,2021-11-17,1400.0,1402.6,1365.3,1375.25,825684
HAVELLS,2021-11-18,1370.0,1382.0,1340.35,1372.95,771508
HAVELLS,2021-11-22,1385.2,1424.35,1358.0,1377.5,2587391
HAVELLS,2021-11-23,1360.0,1410.0,1360.0,1392.3,1071227
HAVELLS,2021-11-24,1399.0,1407.6,1360.45,1372.55,995846
HAVELLS,2021-11-25,1376.0,1395.85,1361.8,1389.45,1110099
HAVELLS,2021-11-26,1379.0,1379.0,1321.05,1327.2,1219366
HAVELLS,2021-11-29,1315.0,1356.8,1291.8,1330.1,1261578
HAVELLS,2021-11-30,1331.9,1409.95,1324.0,1360.35,6604500
HAVELLS,2021-12-01,1360.3,1376.75,1320.0,1361.0,1624319
HAVELLS,2021-12-02,1361.0,1385.0,1335.0,1379.15,1539592
HAVELLS,2021-12-03,1368.15,1395.95,1368.15,1383.25,1085502
HAVELLS,2021-12-06,1385.5,1395.8,1368.25,1370.45,791805
HAVELLS,2021-12-07,1377.7,1419.0,1370.05,1410.85,1410645
HAVELLS,2021-12-08,1429.0,1429.4,1407.2,1417.95,948420
HAVELLS,2021-12-09,1418.0,1424.65,1382.0,1389.0,1065129
HAVELLS,2021-12-10,1389.0,1398.0,1376.1,1392.2,887283
HAVELLS,2021-12-13,1381.1,1394.5,1367.2,1370.0,1124454
HAVELLS,2021-12-14,1372.0,1372.95,1340.0,1352.45,1322715
HAVELLS,2021-12-15,1350.0,1364.4,1345.0,1351.35,766527
HAVELLS,2021-12-16,1359.0,1370.45,1350.35,1361.0,822094
HAVELLS,2021-12-17,1355.0,1360.0,1313.95,1319.85,1080803
HAVELLS,2021-12-20,1310.0,1310.0,1253.4,1289.65,1419970
HAVELLS,2021-12-21,1299.0,1352.0,1294.05,1338.7,1669146
HAVELLS,2021-12-22,1352.0,1375.0,1345.1,1371.45,967859
HAVELLS,2021-12-23,1375.55,1394.0,1363.85,1372.8,1260219
HAVELLS,2021-12-24,1384.8,1384.8,1354.2,1361.05,559766
HAVELLS,2021-12-27,1358.8,1377.9,1350.35,1374.7,576867
HAVELLS,2021-12-28,1375.0,1411.8,1375.0,1399.85,1138137
HAVELLS,2021-12-29,1390.0,1405.3,1388.0,1393.8,405879
HAVELLS,2021-12-30,1395.0,1398.7,1380.0,1387.1,669700
HAVELLS,2021-12-31,1376.65,1403.0,1376.65,1397.0,386452
HAVELLS,2022-01-03,1400.0,1419.0,1396.0,1406.15,278480
HAVELLS,2022-01-04,1411.75,1413.6,1387.7,1401.3,337682
HAVELLS,2022-01-05,1399.95,1410.95,1392.05,1400.1,473752
HAVELLS,2022-01-06,1390.1,1393.35,1370.3,1386.25,409359
HAVELLS,2022-01-07,1387.0,1418.95,1360.0,1368.4,947383
HAVELLS,2022-01-10,1380.0,1380.25,1349.05,1351.6,525478
HAVELLS,2022-01-11,1349.05,1365.0,1330.9,1357.85,735871
HAVELLS,2022-01-12,1365.0,1378.0,1340.0,1355.85,806492
HAVELLS,2022-01-13,1360.0,1364.9,1320.3,1326.9,895685
HAVELLS,2022-01-14,1326.9,1350.0,1313.25,1344.85,690763
HAVELLS,2022-01-17,1343.0,1343.95,1321.65,1329.05,434192
HAVELLS,2022-01-18,1326.35,1341.5,1311.0,1315.45,423878
HAVELLS,2022-01-19,1319.8,1332.65,1294.0,1308.75,1105569
HAVELLS,2022-01-20,1310.0,1322.0,1301.0,1310.3,760910
HAVELLS,2022-01-21,1282.1,1306.5,1232.1,1241.55,3375259
HAVELLS,2022-01-24,1248.0,1248.0,1150.3,1179.95,2571377
HAVELLS,2022-01-25,1170.1,1193.9,1135.05,1184.4,1764518
HAVELLS,2022-01-27,1175.0,1179.85,1117.0,1145.25,2266013
HAVELLS,2022-01-28,1151.0,1174.95,1135.65,1142.25,1082194
HAVELLS,2022-01-31,1148.3,1188.0,1148.3,1184.4,851868
HAVELLS,2022-02-01,1195.0,1199.0,1167.6,1187.8,1153750
HAVELLS,2022-02-02,1193.0,1215.0,1186.1,1209.95,746085
HAVELLS,2022-02-03,1215.0,1218.8,1197.05,1206.65,809138
HAVELLS,2022-02-04,1208.0,1222.0,1201.0,1209.55,858263
HAVELLS,2022-02-07,1212.8,1217.65,1185.1,1194.95,1031295
HAVELLS,2022-02-08,1194.8,1200.6,1175.0,1186.8,608655
HAVELLS,2022-02-09,1192.7,1229.55,1187.75,1223.9,613698
HAVELLS,2022-02-10,1229.0,1229.0,1199.8,1219.3,704743
HAVELLS,2022-02-11,1206.5,1207.0,1165.35,1174.75,1216283
HAVELLS,2022-02-14,1156.0,1165.0,1141.6,1156.05,1094621
HAVELLS,2022-02-15,1156.0,1194.0,1141.0,1189.8,1325941
HAVELLS,2022-02-16,1195.0,1217.5,1180.25,1206.4,623551
HAVELLS,2022-02-17,1210.0,1219.3,1192.5,1206.95,846963
HAVELLS,2022-02-18,1197.0,1211.45,1191.05,1201.3,632744
HAVELLS,2022-02-21,1198.0,1205.85,1179.55,1201.15,578419
HAVELLS,2022-02-22,1194.4,1208.1,1166.1,1203.45,847355
HAVELLS,2022-02-23,1207.0,1217.45,1198.35,1201.25,627290
HAVELLS,2022-02-24,1150.0,1180.25,1140.05,1147.4,1658545
HAVELLS,2022-02-25,1155.3,1191.0,1152.15,1168.4,1201568
HAVELLS,2022-02-28,1156.2,1191.8,1118.85,1185.7,1813314
HAVELLS,2022-03-02,1175.0,1184.2,1137.8,1148.85,1512687
HAVELLS,2022-03-03,1160.3,1166.2,1088.6,1104.35,1729863
HAVELLS,2022-03-04,1092.0,1096.4,1063.0,1084.0,1210864
HAVELLS,2022-03-07,1064.0,1081.0,1037.4,1072.05,1596458
HAVELLS,2022-03-08,1068.0,1084.65,1040.0,1075.35,1378391
HAVELLS,2022-03-09,1079.0,1111.0,1076.0,1092.65,1113825
HAVELLS,2022-03-10,1115.0,1134.2,1105.6,1127.7,1520340
HAVELLS,2022-03-11,1120.0,1122.8,1088.3,1092.6,1395420
HAVELLS,2022-03-14,1103.0,1103.0,1075.0,1095.7,776057
HAVELLS,2022-03-15,1099.9,1114.1,1072.6,1082.05,1158265
HAVELLS,2022-03-16,1098.0,1138.95,1096.0,1136.35,1669435
HAVELLS,2022-03-17,1159.1,1177.0,1143.65,1147.1,1955444
HAVELLS,2022-03-21,1148.6,1164.25,1131.05,1137.15,1000399
HAVELLS,2022-03-22,1139.95,1144.0,1096.0,1124.95,1207877
HAVELLS,2022-03-23,1135.0,1161.95,1132.1,1141.35,1613189
HAVELLS,2022-03-24,1135.0,1152.7,1126.65,1146.15,838633
HAVELLS,2022-03-25,1150.5,1160.0,1132.7,1148.55,778720
HAVELLS,2022-03-28,1148.55,1152.65,1114.35,1130.05,781636
HAVELLS,2022-03-29,1135.0,1157.5,1124.05,1153.6,717636
HAVELLS,2022-03-30,1165.0,1170.0,1137.0,1150.9,1059088
HAVELLS,2022-03-31,1150.9,1159.95,1145.25,1152.55,547446
HAVELLS,2022-04-01,1154.2,1176.0,1153.0,1173.1,747142
HAVELLS,2022-04-04,1178.0,1190.95,1174.35,1180.3,712219
HAVELLS,2022-04-05,1187.0,1264.95,1183.6,1258.65,3238425
HAVELLS,2022-04-06,1258.65,1264.0,1240.85,1251.85,845250
HAVELLS,2022-04-07,1251.8,1282.8,1246.0,1249.2,1208629
HAVELLS,2022-04-08,1265.5,1278.85,1252.25,1267.95,741622
HAVELLS,2022-04-11,1267.95,1286.95,1259.25,1275.2,759966
HAVELLS,2022-04-12,1272.0,1278.0,1251.05,1255.8,844897
HAVELLS,2022-04-13,1256.0,1279.35,1247.75,1273.7,602668
HAVELLS,2022-04-18,1268.95,1297.9,1260.7,1279.8,1154240
HAVELLS,2022-04-19,1281.0,1305.8,1266.95,1285.8,1033067
HAVELLS,2022-04-20,1290.0,1304.7,1277.7,1299.35,732477
HAVELLS,2022-04-21,1310.95,1329.95,1297.05,1320.75,795979
HAVELLS,2022-04-22,1319.0,1330.0,1307.8,1316.3,514639
HAVELLS,2022-04-25,1301.0,1312.55,1287.0,1301.9,691797
HAVELLS,2022-04-26,1308.2,1329.4,1296.05,1325.95,1014769
HAVELLS,2022-04-27,1313.4,1344.7,1313.0,1316.0,1444594
HAVELLS,2022-04-28,1321.0,1336.0,1307.7,1317.1,920708
HAVELLS,2022-04-29,1324.0,1326.0,1300.0,1311.8,875714
HAVELLS,2022-05-02,1295.0,1310.9,1282.85,1289.85,782353
HAVELLS,2022-05-04,1292.0,1293.95,1249.85,1253.0,1052210
HAVELLS,2022-05-05,1265.0,1288.2,1227.05,1249.1,1569668
HAVELLS,2022-05-06,1225.55,1253.75,1205.25,1238.55,1004903
HAVELLS,2022-05-09,1235.2,1236.0,1193.25,1215.5,858791
HAVELLS,2022-05-10,1199.0,1231.65,1199.0,1224.3,1059607
HAVELLS,2022-05-11,1223.3,1241.1,1203.25,1229.25,612932
HAVELLS,2022-05-12,1225.0,1237.55,1190.5,1199.55,684197
HAVELLS,2022-05-13,1215.0,1256.3,1206.0,1234.95,925407
HAVELLS,2022-05-16,1236.0,1248.95,1227.8,1236.0,335027
HAVELLS,2022-05-17,1241.05,1257.95,1230.35,1252.65,594675
HAVELLS,2022-05-18,1253.0,1276.2,1238.55,1242.5,729101
HAVELLS,2022-05-19,1218.1,1227.3,1196.3,1215.05,793986
HAVELLS,2022-05-20,1223.0,1257.15,1223.0,1229.35,586525
HAVELLS,2022-05-23,1232.0,1274.0,1230.95,1245.45,597894
HAVELLS,2022-05-24,1250.0,1256.3,1210.6,1217.7,366642
HAVELLS,2022-05-25,1220.0,1241.95,1205.15,1229.45,761679
HAVELLS,2022-05-26,1239.0,1241.0,1165.8,1172.75,1375381
HAVELLS,2022-05-27,1172.8,1192.0,1150.0,1181.35,1235041
HAVELLS,2022-05-30,1187.0,1226.9,1187.0,1217.6,615374
HAVELLS,2022-05-31,1215.0,1217.45,1195.15,1201.8,2007784
HAVELLS,2022-06-01,1197.25,1210.9,1182.6,1191.15,1027857
HAVELLS,2022-06-02,1188.0,1190.55,1169.25,1171.2,1052575
HAVELLS,2022-06-03,1181.0,1184.7,1153.15,1156.15,2326132
HAVELLS,2022-06-06,1156.15,1163.7,1142.5,1149.15,332039
HAVELLS,2022-06-07,1139.7,1149.9,1112.15,1132.85,638957
HAVELLS,2022-06-08,1134.2,1147.1,1099.5,1109.1,1469147
HAVELLS,2022-06-09,1101.5,1141.95,1092.3,1132.05,1870191
HAVELLS,2022-06-10,1124.0,1141.6,1106.6,1123.45,901223
HAVELLS,2022-06-13,1109.7,1109.7,1078.7,1092.55,500303
HAVELLS,2022-06-14,1090.0,1125.95,1086.95,1122.5,1446380
HAVELLS,2022-06-15,1125.0,1129.8,1107.0,1113.6,412426
HAVELLS,2022-06-16,1126.0,1127.8,1085.3,1093.4,478120
HAVELLS,2022-06-17,1082.0,1103.95,1063.6,1069.65,1136315
HAVELLS,2022-06-20,1069.65,1085.0,1057.45,1071.2,602545
HAVELLS,2022-06-21,1093.0,1108.5,1074.0,1105.95,590641
HAVELLS,2022-06-22,1100.0,1106.45,1090.25,1101.25,410868
HAVELLS,2022-06-23,1105.0,1111.0,1084.5,1096.65,846567
HAVELLS,2022-06-24,1104.95,1112.9,1087.05,1106.85,2337913
HAVELLS,2022-06-27,1116.55,1119.95,1097.0,1102.4,691858
HAVELLS,2022-06-28,1103.0,1109.25,1075.2,1106.55,913805
HAVELLS,2022-06-29,1085.2,1109.0,1084.0,1098.6,933631
HAVELLS,2022-06-30,1098.0,1108.0,1086.95,1098.2,1374865
HAVELLS,2022-07-01,1099.85,1120.0,1092.25,1111.25,1848135
HAVELLS,2022-07-04,1111.15,1136.1,1109.95,1133.1,693543
HAVELLS,2022-07-05,1139.4,1163.85,1135.2,1157.1,1358545
HAVELLS,2022-07-06,1162.8,1200.0,1159.0,1197.2,1415708
HAVELLS,2022-07-07,1198.95,1231.8,1194.55,1222.05,1067111
HAVELLS,2022-07-08,1224.95,1233.2,1210.15,1218.6,488079
HAVELLS,2022-07-11,1216.0,1228.2,1211.15,1224.3,355695
HAVELLS,2022-07-12,1221.8,1223.55,1212.15,1220.9,356739
HAVELLS,2022-07-13,1234.0,1243.0,1222.6,1228.55,699876
HAVELLS,2022-07-14,1234.7,1249.0,1230.4,1241.75,501292
HAVELLS,2022-07-15,1247.0,1259.8,1244.0,1255.6,377925
HAVELLS,2022-07-18,1260.5,1265.0,1248.75,1262.3,519695
HAVELLS,2022-07-19,1257.8,1276.0,1252.4,1258.7,907167
HAVELLS,2022-07-20,1270.05,1276.7,1216.5,1223.25,1405925
HAVELLS,2022-07-21,1200.0,1260.0,1197.3,1257.0,2812165
HAVELLS,2022-07-22,1249.6,1259.9,1218.4,1226.45,1380188
HAVELLS,2022-07-25,1220.15,1230.75,1190.2,1226.3,1023851
HAVELLS,2022-07-26,1220.0,1225.6,1206.65,1210.55,710968
HAVELLS,2022-07-27,1207.0,1225.7,1200.05,1221.0,693406
HAVELLS,2022-07-28,1215.0,1233.8,1202.25,1225.25,885351
HAVELLS,2022-07-29,1228.5,1252.9,1227.1,1249.35,1027274
HAVELLS,2022-08-01,1258.8,1293.0,1248.95,1287.9,1026659
HAVELLS,2022-08-02,1289.0,1307.95,1275.0,1290.2,1040083
HAVELLS,2022-08-03,1290.0,1303.75,1264.7,1279.45,912780
HAVELLS,2022-08-04,1280.45,1316.8,1272.0,1309.9,957136
HAVELLS,2022-08-05,1315.0,1321.0,1283.0,1289.4,1078846
HAVELLS,2022-08-08,1296.8,1308.0,1286.0,1304.95,576588
HAVELLS,2022-08-10,1305.0,1316.95,1295.3,1309.0,547484
HAVELLS,2022-08-11,1320.0,1324.9,1299.25,1308.2,492587
HAVELLS,2022-08-12,1310.0,1316.0,1293.8,1297.15,477595
HAVELLS,2022-08-16,1300.0,1316.0,1289.05,1301.35,781060
HAVELLS,2022-08-17,1301.35,1352.8,1290.75,1348.5,1200211
HAVELLS,2022-08-18,1348.0,1362.95,1342.65,1358.0,884432
HAVELLS,2022-08-19,1365.0,1370.0,1332.5,1350.0,864242
HAVELLS,2022-08-22,1344.0,1344.0,1282.4,1287.15,858252
HAVELLS,2022-08-23,1275.05,1297.0,1275.05,1291.65,537982
HAVELLS,2022-08-24,1290.0,1305.0,1289.8,1299.1,379795
HAVELLS,2022-08-25,1300.0,1329.35,1296.0,1311.15,548190
HAVELLS,2022-08-26,1315.3,1328.5,1308.7,1323.65,417728
HAVELLS,2022-08-29,1288.0,1347.5,1288.0,1343.5,1011777
HAVELLS,2022-08-30,1350.0,1396.45,1348.1,1391.5,1448064
HAVELLS,2022-09-01,1385.6,1399.0,1374.5,1384.95,529228
HAVELLS,2022-09-02,1395.0,1405.55,1375.0,1382.3,688481
HAVELLS,2022-09-05,1386.1,1402.0,1366.4,1379.8,459330
HAVELLS,2022-09-06,1380.0,1389.85,1370.0,1378.35,281833
HAVELLS,2022-09-07,1372.0,1388.7,1361.3,1367.4,373109
HAVELLS,2022-09-08,1372.0,1372.7,1344.25,1348.9,380987
HAVELLS,2022-09-09,1364.5,1364.5,1330.3,1346.1,321642
HAVELLS,2022-09-12,1351.65,1387.9,1348.75,1383.55,484016
HAVELLS,2022-09-13,1386.4,1390.0,1371.0,1378.55,575609
HAVELLS,2022-09-14,1369.95,1377.6,1361.6,1368.7,404187
HAVELLS,2022-09-15,1370.7,1377.7,1351.05,1358.4,458162
HAVELLS,2022-09-16,1359.8,1361.45,1294.4,1302.35,1054550
HAVELLS,2022-09-19,1305.55,1320.0,1284.4,1313.35,370467
HAVELLS,2022-09-20,1320.35,1353.35,1316.25,1319.4,580519
HAVELLS,2022-09-21,1321.0,1346.8,1311.3,1314.3,383657
HAVELLS,2022-09-22,1306.1,1327.15,1298.0,1313.4,414650
HAVELLS,2022-09-23,1313.0,1325.0,1293.0,1306.45,367687
HAVELLS,2022-09-26,1282.0,1307.1,1270.25,1292.85,679026
HAVELLS,2022-09-27,1297.45,1328.85,1280.0,1313.9,455865
HAVELLS,2022-09-28,1306.9,1325.7,1296.05,1319.3,719495
HAVELLS,2022-09-29,1326.0,1336.5,1310.0,1333.5,715783
HAVELLS,2022-09-30,1332.2,1352.85,1308.65,1348.55,617890
HAVELLS,2022-10-03,1349.05,1353.8,1317.7,1323.15,639263
HAVELLS,2022-10-04,1349.0,1368.4,1336.45,1343.3,799269
HAVELLS,2022-10-06,1352.2,1360.65,1340.35,1352.55,457774
HAVELLS,2022-10-07,1354.4,1361.3,1328.25,1350.75,568417
HAVELLS,2022-10-10,1324.0,1349.7,1320.0,1345.4,391374
HAVELLS,2022-10-11,1352.15,1352.15,1275.1,1279.4,1009006
HAVELLS,2022-10-12,1282.0,1285.8,1245.0,1270.2,1001404
HAVELLS,2022-10-13,1268.0,1268.0,1224.0,1230.95,1498795
HAVELLS,2022-10-14,1247.95,1267.55,1238.15,1253.5,929681
HAVELLS,2022-10-17,1254.0,1267.0,1223.15,1232.0,868754
HAVELLS,2022-10-18,1238.2,1262.4,1234.5,1257.05,982630
HAVELLS,2022-10-19,1263.05,1281.65,1245.0,1248.65,702501
HAVELLS,2022-10-20,1220.0,1234.95,1192.15,1209.8,3106479
HAVELLS,2022-10-21,1215.0,1218.35,1159.2,1165.95,1432485
HAVELLS,2022-10-24,1190.0,1190.0,1173.0,1175.95,217790
HAVELLS,2022-10-25,1180.0,1185.7,1161.15,1175.75,764317
HAVELLS,2022-10-27,1187.0,1190.0,1175.7,1186.5,735441
HAVELLS,2022-10-28,1180.0,1191.2,1172.0,1187.35,564137
HAVELLS,2022-10-31,1192.9,1220.0,1188.1,1216.3,718591
HAVELLS,2022-11-01,1220.0,1233.75,1215.0,1220.75,689552
HAVELLS,2022-11-02,1220.0,1234.0,1213.0,1220.2,677069
HAVELLS,2022-11-03,1216.8,1219.4,1198.0,1207.1,495954
HAVELLS,2022-11-04,1213.15,1213.15,1198.15,1208.95,542314
HAVELLS,2022-11-07,1215.0,1235.9,1210.6,1232.45,591151
HAVELLS,2022-11-09,1236.0,1240.95,1198.2,1203.05,781273
HAVELLS,2022-11-10,1185.0,1229.9,1183.1,1226.75,783233
HAVELLS,2022-11-11,1232.9,1245.85,1227.05,1236.45,625997
HAVELLS,2022-11-14,1236.45,1243.7,1229.0,1239.7,466101
HAVELLS,2022-11-15,1243.5,1247.85,1228.15,1238.85,798880
HAVELLS,2022-11-16,1238.85,1240.85,1218.0,1232.55,595800
HAVELLS,2022-11-17,1230.0,1234.7,1214.05,1223.6,389060
HAVELLS,2022-11-18,1227.45,1230.75,1211.0,1221.55,906381
HAVELLS,2022-11-21,1215.1,1242.0,1215.1,1234.6,695606
HAVELLS,2022-11-22,1233.2,1251.8,1228.35,1240.65,685087
HAVELLS,2022-11-23,1244.2,1251.15,1229.0,1240.8,575291
HAVELLS,2022-11-24,1246.0,1249.4,1233.65,1243.0,242093
HAVELLS,2022-11-25,1245.8,1254.9,1236.0,1246.5,329119
HAVELLS,2022-11-28,1245.0,1248.9,1218.5,1221.55,684369
HAVELLS,2022-11-29,1227.5,1240.7,1222.0,1234.85,298865
HAVELLS,2022-11-30,1233.0,1261.35,1216.25,1253.55,1931733
HAVELLS,2022-12-01,1259.15,1270.6,1243.6,1250.4,611094
HAVELLS,2022-12-02,1249.0,1252.9,1232.05,1238.95,444917
HAVELLS,2022-12-05,1240.0,1240.0,1217.75,1234.35,658970
HAVELLS,2022-12-06,1231.4,1245.75,1218.0,1222.45,543852
HAVELLS,2022-12-07,1224.0,1227.45,1201.2,1205.75,450207
HAVELLS,2022-12-08,1205.75,1223.7,1201.75,1212.45,526779
HAVELLS,2022-12-09,1218.55,1220.95,1180.3,1182.0,920352
HAVELLS,2022-12-12,1183.9,1184.0,1159.35,1167.0,589078
HAVELLS,2022-12-13,1178.0,1179.55,1143.75,1151.6,1338319
HAVELLS,2022-12-14,1160.4,1161.0,1150.6,1155.25,2024261
HAVELLS,2022-12-15,1159.0,1167.85,1148.55,1154.65,615540
HAVELLS,2022-12-16,1150.0,1160.0,1140.0,1153.75,712922
HAVELLS,2022-12-19,1152.05,1165.25,1149.9,1162.5,523406
HAVELLS,2022-12-20,1151.2,1177.0,1151.2,1172.25,535004
HAVELLS,2022-12-21,1178.05,1181.9,1151.4,1156.3,526005
HAVELLS,2022-12-22,1158.0,1163.05,1134.4,1138.3,697173
HAVELLS,2022-12-23,1131.0,1134.7,1024.5,1100.8,868844
HAVELLS,2022-12-26,1098.65,1118.2,1089.7,1110.55,537211
HAVELLS,2022-12-27,1117.0,1123.1,1102.6,1109.85,569944
HAVELLS,2022-12-28,1109.85,1121.7,1105.05,1110.8,237041
HAVELLS,2022-12-29,1108.0,1112.1,1098.95,1102.85,608371
HAVELLS,2022-12-30,1109.9,1116.65,1096.35,1099.95,382009
HAVELLS,2023-01-02,1103.95,1112.5,1099.0,1100.6,461228
HAVELLS,2023-01-03,1104.5,1134.0,1101.25,1127.95,998855
HAVELLS,2023-01-04,1129.0,1154.05,1120.2,1148.75,2421079
HAVELLS,2023-01-05,1154.9,1171.5,1146.0,1167.1,2453274
HAVELLS,2023-01-06,1167.1,1197.85,1167.1,1192.5,1198621
HAVELLS,2023-01-09,1203.1,1203.1,1177.0,1186.45,570085
HAVELLS,2023-01-10,1187.45,1193.05,1173.15,1181.6,509356
HAVELLS,2023-01-11,1177.0,1196.95,1175.9,1188.4,420758
HAVELLS,2023-01-12,1192.45,1198.0,1185.1,1192.6,578505
HAVELLS,2023-01-13,1191.0,1202.7,1163.0,1172.6,962496
HAVELLS,2023-01-16,1171.85,1196.8,1171.85,1178.4,929746
HAVELLS,2023-01-17,1181.35,1189.95,1172.05,1178.1,725215
HAVELLS,2023-01-18,1178.1,1210.5,1175.35,1202.8,927227
HAVELLS,2023-01-19,1200.0,1223.9,1188.4,1205.45,1825960
HAVELLS,2023-01-20,1214.0,1214.9,1136.6,1153.6,3037526
HAVELLS,2023-01-23,1160.0,1204.35,1155.0,1200.0,1252028
HAVELLS,2023-01-24,1207.0,1207.0,1183.75,1193.4,530155
HAVELLS,2023-01-25,1189.0,1195.85,1175.35,1180.5,266216
HAVELLS,2023-01-27,1181.0,1184.4,1151.3,1171.2,505303
HAVELLS,2023-01-30,1166.5,1184.65,1162.4,1176.55,457495
HAVELLS,2023-01-31,1179.95,1186.0,1158.0,1181.75,971218
HAVELLS,2023-02-01,1186.1,1213.25,1175.15,1198.0,774523
HAVELLS,2023-02-02,1191.4,1213.9,1184.9,1198.8,470914
HAVELLS,2023-02-03,1200.0,1204.45,1181.55,1196.9,353228
HAVELLS,2023-02-06,1200.0,1202.1,1176.6,1199.45,429582
HAVELLS,2023-02-07,1206.45,1217.55,1190.9,1198.95,614821
HAVELLS,2023-02-08,1200.0,1235.0,1196.05,1230.3,652437
HAVELLS,2023-02-09,1235.0,1243.3,1224.0,1234.75,666625
HAVELLS,2023-02-10,1234.8,1240.45,1196.3,1200.95,1706011
HAVELLS,2023-02-13,1200.95,1201.95,1169.1,1183.6,1262978
HAVELLS,2023-02-14,1182.3,1209.45,1177.55,1201.9,661062
HAVELLS,2023-02-15,1198.05,1221.75,1190.0,1218.15,728523
HAVELLS,2023-02-16,1224.15,1231.15,1218.95,1227.35,471441
HAVELLS,2023-02-17,1224.8,1232.0,1216.0,1227.05,736168
HAVELLS,2023-02-20,1230.0,1233.0,1212.65,1215.7,349234
HAVELLS,2023-02-21,1217.0,1224.0,1210.55,1216.7,260195
HAVELLS,2023-02-22,1213.8,1216.25,1193.75,1201.65,522972
HAVELLS,2023-02-23,1206.0,1207.0,1185.0,1200.05,480624
HAVELLS,2023-02-24,1202.0,1202.0,1178.05,1180.9,523520
HAVELLS,2023-02-27,1187.0,1187.0,1152.65,1169.35,384735
HAVELLS,2023-02-28,1175.0,1206.0,1166.95,1197.05,1124099
HAVELLS,2023-03-01,1197.05,1217.95,1192.75,1214.55,302995
HAVELLS,2023-03-02,1217.55,1217.55,1193.3,1198.05,673931
HAVELLS,2023-03-03,1202.05,1209.3,1195.0,1205.05,561235
HAVELLS,2023-03-06,1210.55,1226.55,1210.55,1225.0,417893
HAVELLS,2023-03-08,1224.0,1228.6,1201.6,1221.9,846149
HAVELLS,2023-03-09,1222.0,1225.45,1208.6,1210.2,219314
HAVELLS,2023-03-10,1204.15,1218.8,1191.2,1215.8,355348
HAVELLS,2023-03-13,1215.8,1220.1,1198.0,1205.45,404702
HAVELLS,2023-03-14,1209.7,1209.7,1165.0,1176.8,492822
HAVELLS,2023-03-15,1190.0,1193.9,1175.05,1186.4,305378
HAVELLS,2023-03-16,1185.35,1190.0,1169.0,1185.05,419044
HAVELLS,2023-03-17,1196.9,1196.9,1180.55,1193.2,520672
HAVELLS,2023-03-20,1199.0,1199.0,1162.35,1172.7,555437
HAVELLS,2023-03-21,1184.7,1207.45,1176.05,1202.35,524540
HAVELLS,2023-03-22,1203.95,1212.0,1190.55,1192.7,354856
HAVELLS,2023-03-23,1189.7,1201.45,1184.2,1190.9,178081
HAVELLS,2023-03-24,1191.4,1197.65,1174.0,1181.45,253493
HAVELLS,2023-03-27,1181.05,1189.35,1162.3,1167.9,269418
HAVELLS,2023-03-28,1170.0,1172.45,1131.8,1144.0,943699
HAVELLS,2023-03-29,1138.0,1183.55,1136.05,1179.6,607826
HAVELLS,2023-03-31,1185.6,1194.4,1177.8,1188.5,492712
HAVELLS,2023-04-03,1190.0,1198.8,1174.05,1188.95,703176
HAVELLS,2023-04-05,1188.95,1209.7,1182.05,1200.9,636055
HAVELLS,2023-04-06,1200.0,1200.95,1179.45,1194.55,554814
HAVELLS,2023-04-10,1194.55,1199.55,1162.05,1169.75,795946
HAVELLS,2023-04-11,1170.95,1182.65,1158.15,1173.0,506156
HAVELLS,2023-04-12,1174.45,1188.45,1171.25,1181.85,498818
HAVELLS,2023-04-13,1183.0,1197.45,1179.55,1186.2,622876
HAVELLS,2023-04-17,1186.2,1222.0,1175.7,1215.2,923153
HAVELLS,2023-04-18,1218.0,1222.85,1205.75,1210.0,799192
HAVELLS,2023-04-19,1214.5,1237.75,1208.65,1215.6,1049172
HAVELLS,2023-04-20,1215.0,1225.0,1201.7,1205.85,572387
HAVELLS,2023-04-21,1205.25,1222.5,1203.3,1208.65,485085
HAVELLS,2023-04-24,1208.65,1213.3,1196.7,1201.9,348301
HAVELLS,2023-04-25,1200.1,1218.0,1193.2,1215.9,394974
HAVELLS,2023-04-26,1218.0,1229.65,1212.05,1219.9,692419
HAVELLS,2023-04-27,1219.8,1228.9,1214.55,1221.2,351744
HAVELLS,2023-04-28,1221.0,1233.85,1212.45,1230.2,584411
HAVELLS,2023-05-02,1233.0,1243.0,1220.05,1225.6,680387
HAVELLS,2023-05-03,1221.5,1250.0,1211.85,1241.3,2137153
HAVELLS,2023-05-04,1244.8,1260.0,1213.7,1256.1,1145568
HAVELLS,2023-05-05,1274.7,1294.9,1256.1,1285.8,1216747
HAVELLS,2023-05-08,1285.0,1297.0,1255.6,1257.9,792674
HAVELLS,2023-05-09,1267.95,1267.95,1237.0,1239.55,658368
HAVELLS,2023-05-10,1243.05,1257.9,1227.5,1255.7,482371
HAVELLS,2023-05-11,1262.05,1286.0,1255.7,1282.05,600835
HAVELLS,2023-05-12,1284.4,1322.9,1278.0,1305.95,1404037
HAVELLS,2023-05-15,1307.95,1317.0,1294.55,1298.3,478721
HAVELLS,2023-05-16,1299.65,1303.15,1287.95,1291.15,378732
HAVELLS,2023-05-17,1292.0,1292.0,1263.2,1269.2,436672
HAVELLS,2023-05-18,1274.25,1276.75,1261.05,1264.4,261779
HAVELLS,2023-05-19,1265.0,1266.5,1251.9,1259.55,314141
HAVELLS,2023-05-22,1259.55,1277.4,1257.0,1263.75,444646
HAVELLS,2023-05-23,1264.5,1265.0,1246.55,1249.75,520570
HAVELLS,2023-05-24,1249.0,1275.95,1242.25,1273.35,561655
HAVELLS,2023-05-25,1274.0,1283.0,1267.0,1278.4,434611
HAVELLS,2023-05-26,1278.4,1292.4,1275.0,1289.15,390311
HAVELLS,2023-05-29,1294.55,1300.0,1284.0,1297.6,319481
HAVELLS,2023-05-30,1297.6,1302.0,1285.55,1288.35,408031
HAVELLS,2023-05-31,1283.5,1318.25,1280.05,1307.95,2068480
HAVELLS,2023-06-01,1310.9,1359.9,1310.4,1331.9,1247361
HAVELLS,2023-06-02,1334.0,1342.35,1326.25,1331.45,944335
HAVELLS,2023-06-05,1331.0,1353.85,1327.0,1347.2,953995
HAVELLS,2023-06-06,1349.9,1352.9,1321.9,1334.6,796420
HAVELLS,2023-06-07,1336.3,1357.0,1336.3,1345.85,785794
HAVELLS,2023-06-08,1345.0,1367.05,1341.0,1355.45,810757
HAVELLS,2023-06-09,1356.0,1364.8,1343.4,1345.85,659862
HAVELLS,2023-06-12,1346.5,1360.55,1336.15,1346.55,596601
HAVELLS,2023-06-13,1342.1,1360.0,1329.0,1350.3,1257080
HAVELLS,2023-06-14,1353.8,1366.55,1345.0,1360.95,643835
HAVELLS,2023-06-15,1361.7,1373.7,1353.25,1355.3,414903
HAVELLS,2023-06-16,1358.0,1369.0,1348.65,1350.85,844325
HAVELLS,2023-06-19,1354.0,1356.85,1332.9,1336.95,573868
HAVELLS,2023-06-20,1336.0,1349.9,1327.95,1346.8,594117
HAVELLS,2023-06-21,1350.0,1363.2,1335.0,1339.4,717308
HAVELLS,2023-06-22,1341.0,1348.4,1321.2,1325.4,377770
HAVELLS,2023-06-23,1322.45,1326.85,1278.2,1284.95,1287346
HAVELLS,2023-06-26,1279.95,1295.25,1276.0,1290.4,1013995
HAVELLS,2023-06-27,1296.9,1304.95,1283.4,1285.9,953208
HAVELLS,2023-06-28,1293.7,1300.0,1280.95,1289.45,1172777
HAVELLS,2023-06-30,1296.45,1304.9,1280.4,1282.8,1416091
HAVELLS,2023-07-03,1289.9,1334.8,1283.0,1290.6,1613382
HAVELLS,2023-07-04,1297.5,1297.5,1274.0,1277.55,635541
HAVELLS,2023-07-05,1278.0,1293.95,1273.7,1287.1,551843
HAVELLS,2023-07-06,1290.6,1327.35,1288.4,1308.75,952091
HAVELLS,2023-07-07,1310.05,1311.8,1276.0,1284.4,405412
HAVELLS,2023-07-10,1284.4,1308.75,1279.0,1291.15,643139
HAVELLS,2023-07-11,1298.15,1315.5,1290.4,1307.65,659349
HAVELLS,2023-07-12,1316.65,1323.9,1285.0,1290.7,875900
HAVELLS,2023-07-13,1295.0,1296.75,1267.0,1272.3,1516583
HAVELLS,2023-07-14,1274.2,1283.3,1258.6,1280.75,828040
HAVELLS,2023-07-17,1283.1,1302.0,1275.55,1298.5,433028
HAVELLS,2023-07-18,1327.0,1372.0,1320.4,1334.4,4395179
HAVELLS,2023-07-19,1354.0,1385.0,1343.0,1364.0,3717564
HAVELLS,2023-07-20,1367.9,1408.3,1337.8,1348.05,4310236
HAVELLS,2023-07-21,1337.85,1348.0,1281.7,1303.25,2337996
HAVELLS,2023-07-24,1304.5,1311.95,1290.6,1296.7,699741
HAVELLS,2023-07-25,1296.0,1308.9,1290.65,1304.0,518803
HAVELLS,2023-07-26,1309.35,1309.35,1296.0,1300.4,501602
HAVELLS,2023-07-27,1305.0,1319.8,1293.4,1314.75,709401
HAVELLS,2023-07-28,1321.75,1329.2,1310.75,1325.1,563551
HAVELLS,2023-07-31,1310.0,1338.0,1310.0,1334.05,567110
HAVELLS,2023-08-01,1336.0,1338.05,1318.2,1321.0,346660
HAVELLS,2023-08-02,1320.85,1335.0,1300.25,1312.15,763382
HAVELLS,2023-08-03,1307.15,1310.35,1283.55,1301.45,504649
HAVELLS,2023-08-04,1294.0,1325.6,1294.0,1313.95,588755
HAVELLS,2023-08-07,1319.95,1323.45,1312.0,1319.95,451200
HAVELLS,2023-08-08,1325.0,1340.0,1313.8,1323.55,731893
HAVELLS,2023-08-09,1332.0,1332.85,1309.4,1312.05,528665
HAVELLS,2023-08-10,1314.8,1315.45,1287.05,1290.9,388643
HAVELLS,2023-08-11,1295.8,1311.45,1291.65,1300.85,484186
HAVELLS,2023-08-14,1296.85,1298.65,1272.1,1275.7,749601
HAVELLS,2023-08-16,1280.0,1280.0,1262.95,1269.85,433375
HAVELLS,2023-08-17,1270.7,1297.95,1269.75,1296.3,733247
HAVELLS,2023-08-18,1294.95,1301.95,1282.95,1286.15,585202
HAVELLS,2023-08-21,1286.95,1292.6,1282.0,1290.4,256366
HAVELLS,2023-08-22,1297.0,1321.0,1295.75,1319.25,712933
HAVELLS,2023-08-23,1328.05,1346.15,1322.0,1339.8,1057129
HAVELLS,2023-08-24,1347.5,1350.75,1330.5,1335.4,579338
HAVELLS,2023-08-25,1331.6,1333.2,1305.75,1308.3,501479
HAVELLS,2023-08-28,1310.0,1323.0,1305.15,1315.9,483634
HAVELLS,2023-08-29,1316.7,1342.8,1311.3,1338.9,718024
HAVELLS,2023-08-30,1348.0,1364.4,1335.5,1353.95,1357809
HAVELLS,2023-08-31,1360.0,1399.0,1350.0,1384.55,1921612
HAVELLS,2023-09-01,1389.65,1389.65,1369.0,1377.75,848245
HAVELLS,2023-09-04,1379.0,1381.05,1356.05,1359.2,568970
HAVELLS,2023-09-05,1363.95,1377.45,1352.0,1359.4,611500
HAVELLS,2023-09-06,1360.0,1375.0,1348.2,1353.0,1007504
HAVELLS,2023-09-07,1354.4,1372.25,1351.6,1370.4,765717
HAVELLS,2023-09-08,1376.4,1454.0,1376.0,1450.25,4377612
HAVELLS,2023-09-11,1465.85,1465.85,1436.3,1446.05,818704
HAVELLS,2023-09-12,1455.0,1455.0,1410.0,1416.6,717778
HAVELLS,2023-09-13,1416.6,1420.7,1373.5,1398.5,1313648
HAVELLS,2023-09-14,1411.05,1411.95,1386.6,1391.9,601680
HAVELLS,2023-09-15,1395.0,1438.2,1384.5,1431.05,1526334
HAVELLS,2023-09-18,1435.0,1440.8,1415.05,1425.9,824119
HAVELLS,2023-09-20,1425.0,1427.7,1403.75,1413.2,524300
HAVELLS,2023-09-21,1413.75,1420.0,1397.4,1413.35,406806
HAVELLS,2023-09-22,1411.45,1417.85,1388.35,1392.6,350916
HAVELLS,2023-09-25,1390.0,1414.1,1377.5,1396.8,466853
HAVELLS,2023-09-26,1396.8,1409.85,1395.3,1399.8,322754
HAVELLS,2023-09-27,1394.05,1409.95,1388.0,1406.65,346769
HAVELLS,2023-09-28,1410.8,1416.6,1368.05,1375.15,1016134
HAVELLS,2023-09-29,1375.15,1395.65,1375.15,1388.95,389818
HAVELLS,2023-10-03,1385.0,1401.65,1369.0,1387.7,755516
HAVELLS,2023-10-04,1386.05,1409.4,1375.0,1393.6,678164
HAVELLS,2023-10-05,1397.95,1425.0,1393.0,1411.35,539631
HAVELLS,2023-10-06,1414.3,1419.0,1395.0,1399.45,313649
HAVELLS,2023-10-09,1390.4,1397.9,1380.0,1384.55,370048
HAVELLS,2023-10-10,1390.95,1406.0,1386.3,1399.4,563800
HAVELLS,2023-10-11,1402.95,1419.6,1386.05,1390.95,502182
HAVELLS,2023-10-12,1400.0,1400.1,1384.65,1388.1,386010
HAVELLS,2023-10-13,1387.0,1400.0,1379.85,1391.0,290082
HAVELLS,2023-10-16,1391.0,1420.0,1384.95,1414.25,622342
HAVELLS,2023-10-17,1420.0,1424.85,1379.0,1384.05,1019606
HAVELLS,2023-10-18,1384.0,1384.0,1335.5,1340.35,1969647
HAVELLS,2023-10-19,1338.0,1379.6,1331.7,1362.7,1898484
HAVELLS,2023-10-20,1330.0,1375.0,1290.0,1292.95,3033731
HAVELLS,2023-10-23,1292.0,1300.0,1277.6,1284.8,1347306
HAVELLS,2023-10-25,1287.35,1301.25,1262.6,1267.15,1025370
HAVELLS,2023-10-26,1266.0,1273.25,1240.25,1266.9,758444
HAVELLS,2023-10-27,1271.2,1282.7,1256.95,1259.9,567880
HAVELLS,2023-10-30,1261.9,1272.7,1249.55,1269.05,497634
HAVELLS,2023-10-31,1278.1,1279.65,1243.7,1246.15,1191513
HAVELLS,2023-11-01,1250.15,1254.4,1232.85,1240.75,778047
HAVELLS,2023-11-02,1250.0,1268.6,1242.0,1266.0,674945
HAVELLS,2023-11-03,1277.0,1277.0,1266.0,1271.0,422147
HAVELLS,2023-11-06,1263.5,1270.0,1252.75,1262.5,1593562
HAVELLS,2023-11-07,1265.0,1265.0,1245.05,1253.0,578997
HAVELLS,2023-11-08,1257.95,1263.15,1249.15,1252.05,968745
HAVELLS,2023-11-09,1259.85,1260.25,1247.0,1253.15,412408
HAVELLS,2023-11-10,1255.0,1262.0,1244.3,1257.4,372182
HAVELLS,2023-11-13,1262.0,1263.6,1244.0,1250.7,472505
HAVELLS,2023-11-15,1261.0,1270.0,1253.7,1262.05,553895
HAVELLS,2023-11-16,1269.0,1282.7,1262.05,1279.15,598909
HAVELLS,2023-11-17,1279.95,1286.45,1271.3,1280.75,487287
HAVELLS,2023-11-20,1284.7,1285.0,1273.0,1275.75,338939
HAVELLS,2023-11-21,1280.2,1307.55,1275.75,1298.9,919344
HAVELLS,2023-11-22,1304.95,1309.6,1298.0,1306.0,590510
HAVELLS,2023-11-23,1309.8,1315.0,1297.05,1301.45,243581
HAVELLS,2023-11-24,1304.95,1305.1,1285.7,1294.3,471600
HAVELLS,2023-11-28,1294.3,1294.35,1278.0,1281.25,446363
HAVELLS,2023-11-29,1293.9,1295.15,1284.2,1288.05,568761
HAVELLS,2023-11-30,1292.7,1308.1,1282.3,1302.65,1003617
HAVELLS,2023-12-01,1315.0,1320.0,1306.0,1312.45,406906
HAVELLS,2023-12-04,1321.0,1324.9,1308.6,1313.7,574357
HAVELLS,2023-12-05,1313.85,1321.0,1305.0,1317.55,389012
HAVELLS,2023-12-06,1320.1,1339.9,1320.1,1324.45,658995
HAVELLS,2023-12-07,1330.0,1351.15,1315.45,1349.5,614481
HAVELLS,2023-12-08,1357.0,1357.0,1332.0,1343.0,514463
HAVELLS,2023-12-11,1348.0,1348.7,1338.3,1345.0,495744
HAVELLS,2023-12-12,1346.0,1363.7,1329.15,1341.6,895136
HAVELLS,2023-12-13,1342.1,1342.1,1310.5,1327.3,643534
HAVELLS,2023-12-14,1336.85,1337.7,1327.35,1333.65,400039
HAVELLS,2023-12-15,1335.15,1344.95,1327.05,1332.4,526573
HAVELLS,2023-12-18,1330.3,1355.85,1324.5,1345.85,488264
HAVELLS,2023-12-19,1346.0,1375.0,1332.2,1372.4,889643
HAVELLS,2023-12-20,1380.0,1395.0,1328.95,1335.6,1453036
HAVELLS,2023-12-21,1331.3,1351.75,1312.55,1341.1,671157
HAVELLS,2023-12-22,1345.0,1355.95,1338.1,1351.8,592159
HAVELLS,2023-12-26,1349.0,1364.65,1349.0,1361.8,376595
HAVELLS,2023-12-27,1361.1,1379.95,1352.95,1361.55,570198
HAVELLS,2023-12-28,1368.75,1378.5,1363.0,1366.55,602887
HAVELLS,2023-12-29,1373.0,1383.85,1361.6,1367.95,551096
HAVELLS,2024-01-01,1367.95,1377.0,1356.0,1362.2,240757
HAVELLS,2024-01-02,1365.45,1383.9,1346.1,1380.1,732232
HAVELLS,2024-01-03,1385.0,1421.35,1381.3,1397.7,1332808
HAVELLS,2024-01-04,1404.0,1412.35,1386.8,1399.95,668322
HAVELLS,2024-01-05,1400.0,1416.0,1396.4,1405.5,488819
HAVELLS,2024-01-08,1405.45,1405.45,1372.25,1375.6,485181
HAVELLS,2024-01-09,1380.05,1395.7,1375.6,1379.65,454465
HAVELLS,2024-01-10,1377.1,1394.05,1365.4,1390.7,1353774
HAVELLS,2024-01-11,1403.0,1472.0,1399.2,1430.1,3886984
HAVELLS,2024-01-12,1447.15,1447.15,1420.1,1432.05,585322
HAVELLS,2024-01-15,1435.0,1447.0,1423.0,1440.55,592597
HAVELLS,2024-01-16,1440.5,1443.0,1425.9,1430.2,627295
HAVELLS,2024-01-17,1427.85,1444.2,1413.15,1431.35,1089285
HAVELLS,2024-01-18,1424.55,1433.95,1394.0,1400.3,603033
HAVELLS,2024-01-19,1410.0,1419.0,1370.65,1381.95,651609
HAVELLS,2024-01-23,1370.05,1374.9,1300.55,1313.15,1286175
HAVELLS,2024-01-24,1299.0,1323.15,1280.0,1305.6,1122451
HAVELLS,2024-01-25,1311.9,1311.9,1283.1,1290.35,470783
HAVELLS,2024-01-29,1290.35,1322.75,1289.85,1317.9,1195162
HAVELLS,2024-01-30,1328.0,1328.0,1290.4,1295.1,702512
HAVELLS,2024-01-31,1296.05,1302.6,1287.45,1294.4,824629
HAVELLS,2024-02-01,1301.9,1317.9,1292.9,1314.6,759546
HAVELLS,2024-02-02,1325.0,1343.75,1308.2,1341.3,1097984
HAVELLS,2024-02-05,1350.0,1357.8,1334.65,1339.75,1659511
HAVELLS,2024-02-06,1340.0,1349.8,1334.05,1345.0,436681
HAVELLS,2024-02-07,1350.0,1356.0,1338.15,1351.35,416325
HAVELLS,2024-02-08,1351.5,1354.35,1333.6,1349.35,793521
HAVELLS,2024-02-09,1340.0,1354.9,1326.65,1346.9,941809
HAVELLS,2024-02-12,1345.0,1354.0,1328.05,1333.1,902739
HAVELLS,2024-02-13,1332.9,1366.4,1315.05,1362.65,1032576
HAVELLS,2024-02-14,1362.65,1388.95,1354.9,1380.75,918064
HAVELLS,2024-02-15,1387.5,1391.3,1376.0,1380.65,250907
HAVELLS,2024-02-16,1387.0,1401.0,1378.4,1399.1,458522
HAVELLS,2024-02-19,1401.05,1422.5,1392.6,1410.55,1412922
HAVELLS,2024-02-20,1409.35,1414.4,1392.05,1395.2,542689
HAVELLS,2024-02-21,1407.0,1419.7,1397.1,1414.85,454441
HAVELLS,2024-02-22,1423.85,1438.0,1415.0,1431.95,1507612
HAVELLS,2024-02-23,1431.0,1438.8,1422.4,1429.5,542609
HAVELLS,2024-02-26,1424.0,1430.0,1413.3,1424.05,363708
HAVELLS,2024-02-27,1438.6,1482.0,1433.0,1469.15,2867826
HAVELLS,2024-02-28,1479.0,1550.0,1471.2,1534.35,6273879
HAVELLS,2024-02-29,1532.05,1540.35,1511.0,1531.35,1253651
HAVELLS,2024-03-01,1528.95,1536.2,1506.0,1515.6,802788
HAVELLS,2024-03-04,1588.0,1588.0,1532.0,1553.95,1390941
HAVELLS,2024-03-05,1558.0,1558.0,1526.0,1540.15,1243789
HAVELLS,2024-03-06,1570.0,1571.0,1508.0,1517.7,1660233
HAVELLS,2024-03-07,1518.0,1562.8,1515.05,1543.15,1462696
HAVELLS,2024-03-11,1543.15,1561.35,1533.15,1542.45,766416
HAVELLS,2024-03-12,1537.0,1550.0,1498.65,1502.0,565010
HAVELLS,2024-03-13,1508.05,1544.15,1464.05,1474.05,1611966
HAVELLS,2024-03-14,1474.05,1524.7,1458.05,1516.95,848225
HAVELLS,2024-03-15,1514.85,1520.3,1476.05,1482.3,1050296
HAVELLS,2024-03-18,1482.35,1505.6,1470.8,1501.65,392071
HAVELLS,2024-03-19,1500.0,1500.0,1450.0,1457.25,563152
HAVELLS,2024-03-20,1460.0,1465.95,1435.05,1461.2,487253
HAVELLS,2024-03-21,1467.5,1491.55,1465.4,1485.05,434617
HAVELLS,2024-03-22,1485.0,1494.7,1465.05,1469.25,416340
HAVELLS,2024-03-26,1450.0,1495.95,1449.0,1487.55,764041
HAVELLS,2024-03-27,1488.1,1505.0,1479.4,1488.4,973040
HAVELLS,2024-03-28,1488.4,1525.0,1480.6,1515.0,924279
HAVELLS,2024-04-01,1529.0,1539.0,1510.75,1514.45,1111418
HAVELLS,2024-04-02,1520.05,1558.2,1516.75,1544.15,3136602
HAVELLS,2024-04-03,1550.0,1561.9,1522.0,1550.55,1132164
HAVELLS,2024-04-04,1559.9,1559.95,1532.6,1538.75,797587
HAVELLS,2024-04-05,1539.0,1553.0,1532.35,1550.1,786786
HAVELLS,2024-04-08,1563.0,1582.0,1525.95,1530.15,1851259
HAVELLS,2024-04-09,1534.0,1537.2,1506.9,1512.7,1062855
HAVELLS,2024-04-10,1516.0,1520.0,1495.5,1501.3,1384698
HAVELLS,2024-04-12,1500.6,1537.55,1488.35,1510.65,1466807
HAVELLS,2024-04-15,1490.0,1519.0,1476.0,1501.6,900584
HAVELLS,2024-04-16,1497.0,1506.0,1473.45,1482.0,1521805
HAVELLS,2024-04-18,1500.0,1530.0,1485.95,1493.7,1182191
HAVELLS,2024-04-19,1472.25,1516.2,1453.95,1501.7,628014
HAVELLS,2024-04-22,1517.05,1563.6,1507.0,1550.75,1567505
HAVELLS,2024-04-23,1553.85,1561.8,1540.0,1547.95,966466
HAVELLS,2024-04-24,1547.95,1578.9,1547.9,1568.1,1214213
HAVELLS,2024-04-25,1569.0,1574.9,1553.2,1560.6,1076657
HAVELLS,2024-04-26,1568.7,1652.7,1568.25,1640.05,4166048
HAVELLS,2024-04-29,1656.5,1660.5,1631.45,1644.45,1115405
HAVELLS,2024-04-30,1625.5,1688.0,1625.5,1664.0,2511176
HAVELLS,2024-05-02,1686.0,1706.85,1650.05,1667.65,2985962
HAVELLS,2024-05-03,1678.05,1699.75,1648.55,1663.55,1770873
HAVELLS,2024-05-06,1669.95,1694.0,1666.7,1675.2,1372662
HAVELLS,2024-05-07,1678.0,1703.0,1662.0,1672.95,1702335
HAVELLS,2024-05-08,1670.95,1699.0,1656.2,1691.15,1420666
HAVELLS,2024-05-09,1692.0,1705.0,1665.75,1673.55,1304325
HAVELLS,2024-05-10,1675.0,1695.0,1661.2,1686.75,802843
HAVELLS,2024-05-13,1689.85,1714.9,1675.6,1702.4,1539023
HAVELLS,2024-05-14,1703.0,1744.45,1703.0,1729.1,1980463
HAVELLS,2024-05-15,1740.0,1757.2,1730.0,1754.15,1043231
HAVELLS,2024-05-16,1756.0,1785.0,1752.2,1777.7,1134916
HAVELLS,2024-05-17,1790.0,1820.0,1777.25,1813.65,1217585
HAVELLS,2024-05-21,1825.0,1874.6,1822.8,1866.85,2054011
HAVELLS,2024-05-22,1876.4,1876.4,1832.3,1842.95,1042740
HAVELLS,2024-05-23,1839.15,1857.45,1824.0,1854.15,1157389
HAVELLS,2024-05-24,1851.0,1925.0,1843.75,1889.85,1864447
HAVELLS,2024-05-27,1899.0,1919.5,1870.05,1887.3,998013
HAVELLS,2024-05-28,1890.65,1907.0,1876.15,1885.75,1180720
HAVELLS,2024-05-29,1889.5,1909.8,1869.3,1893.55,831300
HAVELLS,2024-05-30,1892.4,1904.8,1854.4,1860.6,1204505
HAVELLS,2024-05-31,1872.55,1950.05,1856.1,1907.3,2634560
HAVELLS,2024-06-03,1980.0,1985.4,1866.65,1879.3,1184715
HAVELLS,2024-06-04,1874.0,1877.95,1711.25,1773.0,1810438
HAVELLS,2024-06-05,1774.05,1817.0,1750.0,1792.8,1855495
HAVELLS,2024-06-06,1810.0,1875.0,1810.0,1839.7,2087804
HAVELLS,2024-06-07,1840.4,1861.8,1823.45,1855.35,1165761
HAVELLS,2024-06-10,1860.0,1885.9,1846.55,1856.85,790525
HAVELLS,2024-06-11,1860.0,1870.85,1826.0,1832.85,1206884
HAVELLS,2024-06-12,1836.0,1849.7,1820.0,1830.25,704224
HAVELLS,2024-06-13,1851.0,1853.05,1832.3,1838.5,1607614
HAVELLS,2024-06-14,1864.95,1873.0,1835.3,1839.5,2791525
HAVELLS,2024-06-18,1831.5,1853.55,1824.0,1828.2,3521095
HAVELLS,2024-06-19,1836.2,1840.0,1807.2,1815.65,1261356
HAVELLS,2024-06-20,1818.05,1825.9,1805.65,1818.3,1036750
HAVELLS,2024-06-21,1832.55,1924.9,1818.05,1887.05,3596315
HAVELLS,2024-06-24,1891.0,1935.0,1883.5,1911.85,2485454
HAVELLS,2024-06-25,1915.0,1968.95,1911.35,1916.85,1895230
HAVELLS,2024-06-26,1901.2,1945.35,1901.2,1918.3,1011884
HAVELLS,2024-06-27,1915.4,1918.3,1844.4,1852.85,2145795
HAVELLS,2024-06-28,1863.0,1869.45,1812.6,1822.4,1799112
HAVELLS,2024-07-01,1821.55,1874.0,1817.0,1823.9,1346860
HAVELLS,2024-07-02,1830.0,1831.95,1806.75,1814.7,1235074
HAVELLS,2024-07-03,1814.7,1884.0,1814.7,1878.9,1890144
HAVELLS,2024-07-04,1887.5,1908.9,1875.1,1882.6,738610
HAVELLS,2024-07-05,1882.35,1904.25,1874.0,1893.65,474114
HAVELLS,2024-07-08,1904.8,1904.8,1866.65,1886.2,625411
HAVELLS,2024-07-09,1897.0,1938.9,1866.0,1921.05,1106006
HAVELLS,2024-07-10,1934.95,1945.0,1898.4,1929.45,692263
HAVELLS,2024-07-11,1946.0,1949.7,1915.2,1920.0,584446
HAVELLS,2024-07-12,1920.15,1929.0,1897.85,1908.45,525200
HAVELLS,2024-07-15,1913.0,1939.1,1881.5,1891.7,483219
HAVELLS,2024-07-16,1896.0,1910.0,1870.0,1875.4,1213886
HAVELLS,2024-07-18,1880.0,1915.8,1821.05,1862.65,3379348
HAVELLS,2024-07-19,1870.0,1894.0,1765.0,1768.5,1992696
HAVELLS,2024-07-22,1768.0,1784.95,1740.55,1768.7,1315829
HAVELLS,2024-07-23,1772.95,1774.95,1687.55,1762.15,1604569
HAVELLS,2024-07-24,1762.0,1799.45,1753.25,1791.75,852488
HAVELLS,2024-07-25,1786.0,1840.0,1774.7,1826.8,1449713
HAVELLS,2024-07-26,1846.0,1856.8,1826.05,1838.65,814890
HAVELLS,2024-07-29,1855.0,1862.65,1832.1,1837.6,838188
HAVELLS,2024-07-30,1837.6,1844.65,1812.0,1815.8,875642
HAVELLS,2024-07-31,1823.0,1857.6,1819.1,1849.85,831749
HAVELLS,2024-08-01,1857.5,1865.0,1822.45,1838.05,504762
HAVELLS,2024-08-02,1822.0,1839.0,1807.4,1819.5,670205
HAVELLS,2024-08-05,1765.1,1806.2,1765.1,1784.3,970438
HAVELLS,2024-08-06,1783.0,1812.0,1781.55,1789.45,656243
HAVELLS,2024-08-07,1805.0,1829.25,1793.45,1824.35,352266
HAVELLS,2024-08-08,1825.0,1832.9,1781.8,1785.55,811391
HAVELLS,2024-08-09,1803.0,1807.55,1791.0,1799.4,789272
HAVELLS,2024-08-12,1791.0,1821.4,1790.55,1810.05,618188
HAVELLS,2024-08-13,1815.0,1844.95,1803.8,1825.55,810978
HAVELLS,2024-08-14,1831.0,1851.15,1808.0,1845.95,648490
HAVELLS,2024-08-16,1871.0,1890.9,1852.5,1876.45,1620998
HAVELLS,2024-08-19,1886.0,1897.3,1870.0,1881.85,622654
HAVELLS,2024-08-20,1888.9,1902.55,1866.0,1889.7,964261
HAVELLS,2024-08-21,1890.0,1925.0,1882.45,1920.55,948150
HAVELLS,2024-08-22,1924.0,1924.0,1893.55,1895.65,767704
HAVELLS,2024-08-23,1895.65,1908.0,1877.0,1884.65,543897
HAVELLS,2024-08-26,1882.1,1916.35,1880.35,1912.1,580249
HAVELLS,2024-08-27,1919.9,1957.45,1891.9,1895.2,1032266
HAVELLS,2024-08-28,1899.0,1905.85,1878.0,1890.6,766452
HAVELLS,2024-08-29,1893.0,1902.0,1863.55,1893.25,636198
HAVELLS,2024-08-30,1888.0,1921.5,1888.0,1899.35,1562361
HAVELLS,2024-09-02,1920.0,1920.0,1880.1,1885.4,663594
HAVELLS,2024-09-03,1890.0,1910.0,1882.0,1901.95,593605
HAVELLS,2024-09-04,1897.95,1916.0,1878.5,1901.3,573554
HAVELLS,2024-09-05,1916.0,1916.0,1860.0,1879.45,544961
HAVELLS,2024-09-06,1877.1,1888.45,1860.2,1872.35,788707
HAVELLS,2024-09-09,1872.35,1900.0,1859.05,1892.4,422565
HAVELLS,2024-09-10,1894.1,1942.0,1894.1,1922.45,1335774
HAVELLS,2024-09-11,1925.0,1968.0,1924.95,1957.6,1175514
HAVELLS,2024-09-12,1975.9,2000.95,1970.3,1996.4,1824365
HAVELLS,2024-09-13,2001.0,2023.0,1974.0,1988.05,1147593
HAVELLS,2024-09-16,1987.75,2008.95,1984.5,1989.9,324013
HAVELLS,2024-09-17,1995.0,2009.95,1973.0,2006.55,596475
HAVELLS,2024-09-18,2008.75,2008.75,1977.1,1987.8,427477
HAVELLS,2024-09-19,1987.8,2002.0,1967.6,1998.6,757558
HAVELLS,2024-09-20,2000.0,2058.8501,1990.0,2048.1001,1360503
HAVELLS,2024-09-23,2057.0,2106.0,2051.0,2082.3999,1311899
HAVELLS,2024-09-24,2087.0,2087.0,2054.05,2068.1499,1097815
HAVELLS,2024-09-25,2062.0,2072.95,2034.7,2061.6001,676261
HAVELLS,2024-09-26,2061.6001,2061.6001,1991.85,2022.05,1227890
HAVELLS,2024-09-27,2037.0,2037.0,2000.55,2031.3,1325848
HAVELLS,2024-09-30,2035.0,2060.0,2007.45,2012.9,749912
HAVELLS,2024-10-01,2020.0,2065.3999,1970.55,1999.8,860908
HAVELLS,2024-10-03,1959.0,2009.95,1919.55,1972.9,1327472
HAVELLS,2024-10-04,1968.95,1983.55,1928.9,1934.45,1379482
HAVELLS,2024-10-07,1944.0,1950.0,1900.95,1914.6,731944
HAVELLS,2024-10-08,1914.0,1954.7,1910.0,1948.45,1086748
HAVELLS,2024-10-09,1934.1,1971.8,1920.3,1928.7,1281595
HAVELLS,2024-10-10,1941.0,1959.35,1930.3,1938.3,517804
HAVELLS,2024-10-11,1944.45,1947.0,1928.5,1938.5,329385
HAVELLS,2024-10-14,1939.15,1960.0,1933.35,1940.25,505739
HAVELLS,2024-10-15,1951.9,1951.9,1921.6,1934.7,484293
HAVELLS,2024-10-16,1934.05,1970.0,1914.95,1939.3,646184
HAVELLS,2024-10-17,1945.0,1946.05,1785.8,1805.55,3142978
HAVELLS,2024-10-18,1805.55,1865.0,1763.65,1849.7,2638593
HAVELLS,2024-10-21,1855.0,1865.0,1801.7,1812.7,920339
HAVELLS,2024-10-22,1812.7,1819.45,1761.5,1770.8,1400528
HAVELLS,2024-10-23,1775.0,1776.75,1746.5,1749.8,1457260
HAVELLS,2024-10-24,1758.8,1759.0,1705.05,1723.3,1229222
HAVELLS,2024-10-25,1723.5,1730.35,1677.1,1694.95,720139
HAVELLS,2024-10-28,1705.0,1709.65,1661.1,1668.4,694254
HAVELLS,2024-10-29,1677.9,1683.05,1646.3,1672.2,1036926
HAVELLS,2024-10-30,1674.0,1685.0,1650.2,1662.5,1154994
HAVELLS,2024-10-31,1662.5,1679.1,1632.6,1638.4,1787940
HAVELLS,2024-11-01,1655.0,1656.5,1642.7,1647.3,64766
HAVELLS,2024-11-04,1652.9,1652.9,1606.5,1628.3,854857
HAVELLS,2024-11-05,1625.0,1640.8,1590.0,1633.55,1191485
HAVELLS,2024-11-06,1648.0,1684.9,1635.15,1675.15,980220
HAVELLS,2024-11-07,1700.0,1700.05,1645.55,1666.05,944499
HAVELLS,2024-11-08,1662.0,1671.45,1645.2,1660.65,743428
HAVELLS,2024-11-11,1655.0,1665.55,1632.0,1641.75,511576
HAVELLS,2024-11-12,1643.95,1655.45,1599.35,1603.4,538309
HAVELLS,2024-11-13,1600.0,1622.0,1586.75,1614.1,723526
HAVELLS,2024-11-14,1615.0,1637.25,1597.55,1618.85,717761
HAVELLS,2024-11-18,1619.0,1634.3,1601.7,1619.05,458137
HAVELLS,2024-11-19,1622.95,1663.95,1618.4,1632.7,575229
HAVELLS,2024-11-21,1624.95,1639.45,1611.4,1636.1,739900
HAVELLS,2024-11-22,1636.5,1676.0,1631.55,1665.8,740554
HAVELLS,2024-11-25,1689.9,1728.0,1686.7,1708.15,2342379
HAVELLS,2024-11-26,1708.0,1726.95,1686.9,1711.2,941525
HAVELLS,2024-11-27,1712.3,1733.9,1692.9,1728.75,1127424
HAVELLS,2024-11-28,1737.0,1742.4,1707.9,1717.6,886719
HAVELLS,2024-11-29,1717.6,1727.95,1702.2,1718.0,640326
HAVELLS,2024-12-02,1726.9,1741.35,1709.05,1739.35,512799
HAVELLS,2024-12-03,1739.25,1760.7,1738.7,1757.2,891519
HAVELLS,2024-12-04,1763.9,1763.9,1719.35,1732.65,603018
HAVELLS,2024-12-05,1734.0,1750.1,1715.0,1746.7,961207
HAVELLS,2024-12-06,1750.55,1772.0,1735.7,1738.75,698889
HAVELLS,2024-12-09,1730.1,1737.95,1701.4,1704.7,805098
HAVELLS,2024-12-10,1704.8,1718.95,1699.95,1709.0,1160263
HAVELLS,2024-12-11,1713.95,1759.9,1705.95,1752.25,540835
HAVELLS,2024-12-12,1759.95,1764.55,1737.25,1757.95,713475
HAVELLS,2024-12-13,1764.8,1782.65,1740.4,1757.85,900553
HAVELLS,2024-12-16,1757.85,1775.0,1756.5,1768.8,620774
HAVELLS,2024-12-17,1768.0,1771.2,1720.0,1732.4,756251
HAVELLS,2024-12-18,1725.0,1734.8,1690.95,1697.05,704084
HAVELLS,2024-12-19,1684.0,1715.2,1675.15,1693.15,997730
HAVELLS,2024-12-20,1693.15,1712.9,1650.0,1657.4,735134
HAVELLS,2024-12-23,1668.05,1681.5,1653.4,1660.85,281353
HAVELLS,2024-12-24,1661.0,1691.0,1655.7,1674.15,409597
HAVELLS,2024-12-26,1673.05,1682.65,1656.7,1676.4,255748
HAVELLS,2024-12-27,1670.55,1689.65,1646.15,1649.9,548906
HAVELLS,2024-12-30,1646.25,1663.0,1633.4,1650.9,2215585
HAVELLS,2024-12-31,1649.0,1686.45,1647.0,1675.1,614282
HAVELLS,2025-01-01,1676.6,1686.0,1666.55,1680.1,353971
HAVELLS,2025-01-02,1683.9,1705.0,1669.55,1701.4,707455
HAVELLS,2025-01-03,1715.0,1721.2,1690.3,1700.0,482170
HAVELLS,2025-01-06,1701.0,1704.7,1639.15,1646.15,442325
HAVELLS,2025-01-07,1647.5,1665.9,1626.4,1636.05,527750
HAVELLS,2025-01-08,1635.55,1649.2,1613.55,1643.7,704620
HAVELLS,2025-01-09,1643.7,1648.5,1616.05,1630.2,1034497
HAVELLS,2025-01-10,1630.2,1643.7,1591.0,1600.25,936502
HAVELLS,2025-01-13,1580.2,1588.95,1521.25,1532.05,1242457
HAVELLS,2025-01-14,1535.0,1555.55,1507.6,1525.0,2260391
HAVELLS,2025-01-15,1529.0,1539.2,1506.7,1526.95,1668330
HAVELLS,2025-01-16,1534.85,1571.95,1525.15,1558.25,1557265
HAVELLS,2025-01-17,1539.95,1616.25,1534.0,1574.2,4102106
HAVELLS,2025-01-20,1600.0,1624.95,1576.0,1601.1,1349467
HAVELLS,2025-01-21,1609.0,1615.0,1571.0,1576.55,1195387
HAVELLS,2025-01-22,1574.95,1576.5,1535.55,1553.65,820772
HAVELLS,2025-01-23,1548.1,1605.0,1538.7,1595.3,872416
HAVELLS,2025-01-24,1595.3,1605.95,1517.55,1523.2,999025
HAVELLS,2025-01-27,1520.3,1523.2,1491.5,1505.8,912320
HAVELLS,2025-01-28,1507.2,1518.0,1481.45,1492.75,612261
HAVELLS,2025-01-29,1492.0,1531.65,1483.9,1528.2,569570
HAVELLS,2025-01-30,1535.0,1550.25,1521.95,1544.0,597904
HAVELLS,2025-01-31,1545.0,1569.4,1528.15,1566.2,632351
HAVELLS,2025-02-01,1574.4,1669.95,1540.9,1656.2,1523321
HAVELLS,2025-02-03,1645.0,1712.85,1635.15,1660.15,1872505
HAVELLS,2025-02-04,1673.0,1675.25,1619.45,1626.35,492523
HAVELLS,2025-02-05,1626.35,1645.0,1605.15,1607.9,606325
HAVELLS,2025-02-06,1608.8,1617.0,1596.15,1602.7,288020
HAVELLS,2025-02-07,1607.7,1625.0,1596.75,1614.1,422760
HAVELLS,2025-02-10,1617.0,1630.0,1585.9,1597.9,533472
HAVELLS,2025-02-11,1597.1,1599.9,1535.05,1548.55,566945
HAVELLS,2025-02-12,1550.55,1550.6,1509.35,1528.95,289847
HAVELLS,2025-02-13,1528.9,1550.0,1508.0,1522.55,598449
HAVELLS,2025-02-14,1522.0,1557.1,1490.0,1498.25,896376
HAVELLS,2025-02-17,1495.0,1535.35,1475.05,1532.55,473270
HAVELLS,2025-02-18,1527.3,1534.95,1493.9,1510.95,773114
HAVELLS,2025-02-19,1510.95,1521.0,1496.2,1515.65,904580
HAVELLS,2025-02-20,1508.05,1535.0,1488.25,1528.55,941417
HAVELLS,2025-02-21,1527.8,1545.0,1498.45,1520.3,393223
HAVELLS,2025-02-24,1509.95,1527.3,1492.3,1522.85,570593
HAVELLS,2025-02-25,1529.25,1552.65,1510.0,1547.9,550271
HAVELLS,2025-02-27,1472.0,1476.0,1402.2,1451.25,6037735
HAVELLS,2025-02-28,1438.0,1463.95,1403.1,1421.8,1845171
HAVELLS,2025-03-03,1438.0,1443.0,1381.3,1429.3,1035355
HAVELLS,2025-03-04,1405.0,1428.4,1394.15,1407.1,710232
HAVELLS,2025-03-05,1409.95,1457.95,1406.75,1443.2,768353
HAVELLS,2025-03-06,1457.0,1478.1,1446.0,1450.75,1036317
HAVELLS,2025-03-07,1450.75,1469.5,1441.05,1460.55,527443
HAVELLS,2025-03-10,1470.0,1498.15,1463.95,1469.1,1125377
HAVELLS,2025-03-11,1459.1,1477.0,1448.3,1470.05,494941
HAVELLS,2025-03-12,1476.0,1486.4,1452.1,1480.05,722230
HAVELLS,2025-03-13,1490.05,1493.45,1449.55,1458.65,964862
HAVELLS,2025-03-17,1450.0,1466.65,1435.0,1462.15,723248
HAVELLS,2025-03-18,1462.15,1462.15,1462.15,1462.15,0
HAVELLS,2025-03-19,1519.9,1567.05,1513.55,1557.95,1120632
HAVELLS,2025-03-20,1520.0,1520.0,1471.05,1501.35,3969488
HAVELLS,2025-03-21,1501.35,1510.85,1476.0,1480.8,2203224
HAVELLS,2025-03-24,1490.0,1494.9,1474.5,1483.2,1347968
HAVELLS,2025-03-25,1485.9,1495.3,1470.3,1477.25,1302829
HAVELLS,2025-03-26,1472.5,1504.55,1470.5,1493.0,1027318
HAVELLS,2025-03-27,1484.75,1528.5,1479.5,1515.35,1077299
HAVELLS,2025-03-28,1520.9,1543.6,1513.55,1528.9,751781
HAVELLS,2025-04-01,1515.0,1517.8,1488.85,1501.3,723671
HAVELLS,2025-04-02,1504.75,1519.55,1484.15,1510.45,802612
HAVELLS,2025-04-03,1485.1,1528.0,1485.1,1518.7,452802
HAVELLS,2025-04-04,1505.0,1516.1,1456.05,1469.25,753027
HAVELLS,2025-04-07,1397.0,1461.5,1389.5,1456.1,857804
HAVELLS,2025-04-08,1456.1,1474.45,1447.5,1463.15,1232475
HAVELLS,2025-04-09,1466.0,1479.1,1451.0,1469.7,441153
HAVELLS,2025-04-11,1458.05,1537.7,1458.05,1532.85,1019197
HAVELLS,2025-04-15,1529.1,1577.6,1499.5,1571.7,1878333
HAVELLS,2025-04-16,1576.0,1626.0,1563.2,1613.9,1102376
HAVELLS,2025-04-17,1613.6,1646.8,1609.0,1638.5,1468556
HAVELLS,2025-04-21,1640.0,1662.3,1631.0,1647.2,917439
HAVELLS,2025-04-22,1657.2,1673.8,1644.7,1664.7,926695
HAVELLS,2025-04-23,1640.0,1640.0,1583.4,1612.0,4912430
HAVELLS,2025-04-24,1623.0,1623.0,1586.0,1604.6,1594861
HAVELLS,2025-04-25,1613.0,1618.7,1573.3,1599.8,2010475
HAVELLS,2025-04-28,1599.8,1615.0,1590.8,1609.6,770118
HAVELLS,2025-04-29,1610.6,1633.0,1610.6,1622.8,895483
HAVELLS,2025-04-30,1618.2,1621.1,1593.8,1601.0,911924
HAVELLS,2025-05-02,1586.0,1596.2,1556.6,1561.6,1112942
HAVELLS,2025-05-05,1571.9,1590.0,1568.2,1582.3,672439
HAVELLS,2025-05-06,1585.0,1592.0,1576.0,1580.4,723699
HAVELLS,2025-05-07,1558.0,1589.3,1555.5,1579.1,343957
HAVELLS,2025-05-08,1578.1,1584.6,1526.5,1537.2,801061
HAVELLS,2025-05-09,1513.1,1551.7,1513.1,1548.3,743978
HAVELLS,2025-05-12,1576.6,1585.0,1565.2,1583.1,570891
HAVELLS,2025-05-13,1584.0,1599.7,1575.0,1593.9,735186
HAVELLS,2025-05-14,1599.7,1605.0,1588.1,1598.2,723943
HAVELLS,2025-05-15,1605.0,1623.7,1579.1,1593.2,963117
HAVELLS,2025-05-16,1600.0,1600.4,1569.0,1577.4,1795856
HAVELLS,2025-05-19,1588.0,1600.8,1575.9,1585.0,1325871
HAVELLS,2025-05-20,1594.4,1594.4,1555.2,1559.8,1597769
HAVELLS,2025-05-21,1568.0,1591.0,1559.0,1577.2,662434
HAVELLS,2025-05-22,1577.2,1584.7,1556.1,1566.4,619942
HAVELLS,2025-05-23,1567.0,1585.0,1558.0,1573.6,701082
HAVELLS,2025-05-26,1588.8,1589.3,1565.1,1567.4,566200
HAVELLS,2025-05-27,1570.0,1576.3,1558.0,1572.8,787007
HAVELLS,2025-05-28,1572.8,1575.0,1542.0,1548.8,1504866
HAVELLS,2025-05-29,1555.0,1558.7,1544.4,1550.7,282508
HAVELLS,2025-05-30,1550.4,1556.9,1522.6,1527.0,1067726
HAVELLS,2025-06-02,1529.7,1533.8,1511.0,1514.8,543472
HAVELLS,2025-06-03,1521.0,1524.8,1498.5,1502.3,1180380
HAVELLS,2025-06-04,1502.2,1505.0,1492.0,1500.0,656425
HAVELLS,2025-06-05,1505.5,1507.7,1482.0,1488.0,1934068
HAVELLS,2025-06-06,1495.0,1526.0,1491.0,1523.2,707150
HAVELLS,2025-06-09,1536.0,1548.0,1527.0,1543.8,616827
HAVELLS,2025-06-10,1552.0,1583.7,1531.0,1569.6,1021695
HAVELLS,2025-06-11,1577.0,1582.2,1570.0,1579.1,656673
HAVELLS,2025-06-12,1579.2,1582.8,1553.0,1556.8,819293
HAVELLS,2025-06-13,1485.3,1546.3,1485.3,1541.1,711058
HAVELLS,2025-06-16,1535.5,1560.0,1526.2,1553.1,428063
HAVELLS,2025-06-17,1553.3,1569.3,1524.4,1528.6,870615
HAVELLS,2025-06-18,1528.6,1546.8,1528.3,1535.7,253794
HAVELLS,2025-06-19,1543.3,1544.0,1515.6,1518.3,329625
HAVELLS,2025-06-20,1520.9,1539.3,1510.9,1533.5,1032126
HAVELLS,2025-06-23,1532.0,1571.6,1530.0,1563.1,661255
HAVELLS,2025-06-24,1570.8,1589.0,1552.1,1573.3,1138399
HAVELLS,2025-06-25,1576.4,1599.0,1566.6,1569.3,1082601
HAVELLS,2025-06-26,1572.0,1586.7,1551.9,1574.0,1376736
HAVELLS,2025-06-27,1575.1,1594.0,1559.6,1566.8,1884791
HAVELLS,2025-06-30,1572.3,1576.6,1536.1,1551.1,1565123
HAVELLS,2025-07-01,1552.0,1564.0,1540.9,1547.9,662726
HAVELLS,2025-07-02,1548.0,1552.0,1535.4,1550.5,580598
HAVELLS,2025-07-03,1554.0,1591.4,1545.2,1572.6,1087139
HAVELLS,2025-07-04,1575.9,1592.0,1564.0,1577.6,639702
HAVELLS,2025-07-07,1581.7,1593.5,1526.6,1537.6,1114712
HAVELLS,2025-07-08,1541.0,1541.6,1514.0,1532.1,890061
HAVELLS,2025-07-09,1534.0,1537.9,1511.1,1523.7,888113
HAVELLS,2025-07-10,1519.9,1531.9,1513.0,1529.7,736380
HAVELLS,2025-07-11,1535.0,1535.5,1519.5,1527.8,1687155
HAVELLS,2025-07-14,1521.5,1534.7,1513.0,1526.4,981425
HAVELLS,2025-07-15,1523.0,1541.0,1522.6,1538.0,705444
HAVELLS,2025-07-16,1537.1,1539.4,1520.1,1525.0,755182
HAVELLS,2025-07-17,1525.0,1537.0,1522.3,1532.6,1502245
HAVELLS,2025-07-18,1536.0,1547.5,1515.0,1518.5,1342857
HAVELLS,2025-07-21,1515.0,1537.0,1511.6,1531.6,847973
HAVELLS,2025-07-22,1555.0,1583.6,1515.1,1578.6,5086878
HAVELLS,2025-07-23,1583.0,1583.5,1547.9,1572.7,1664830
HAVELLS,2025-07-24,1572.7,1574.2,1545.6,1552.2,935752
HAVELLS,2025-07-25,1552.2,1553.5,1518.4,1523.6,942201
HAVELLS,2025-07-28,1523.9,1534.4,1493.4,1507.8,756595
HAVELLS,2025-07-29,1507.1,1517.0,1491.3,1510.3,728746
HAVELLS,2025-07-30,1512.9,1532.4,1506.0,1528.0,704672
HAVELLS,2025-07-31,1510.0,1535.0,1496.7,1500.6,705250
HAVELLS,2025-08-01,1500.6,1501.4,1476.0,1482.6,721140
HAVELLS,2025-08-04,1482.6,1511.8,1472.2,1508.6,418757
HAVELLS,2025-08-05,1508.6,1516.4,1495.0,1502.8,494352
HAVELLS,2025-08-06,1502.0,1507.5,1477.4,1488.7,881779
HAVELLS,2025-08-07,1479.9,1503.7,1472.8,1494.7,822755
HAVELLS,2025-08-08,1504.7,1506.8,1484.1,1491.6,716786
HAVELLS,2025-08-11,1490.0,1490.0,1451.4,1474.2,1445173
HAVELLS,2025-08-12,1480.4,1482.0,1452.5,1464.8,1076222
HAVELLS,2025-08-13,1468.0,1477.4,1459.0,1465.9,557221
HAVELLS,2025-08-14,1467.4,1494.9,1463.1,1479.2,861774
HAVELLS,2025-08-18,1525.0,1582.0,1524.6,1552.6,1496208
HAVELLS,2025-08-19,1552.4,1573.0,1542.2,1570.0,604629
HAVELLS,2025-08-20,1560.5,1574.9,1560.0,1567.9,643628
HAVELLS,2025-08-21,1573.0,1573.0,1550.6,1553.6,442684
HAVELLS,2025-08-22,1553.0,1561.8,1546.0,1556.0,457314
HAVELLS,2025-08-25,1560.0,1571.1,1551.4,1562.0,586960
HAVELLS,2025-08-26,1555.0,1557.5,1508.9,1517.9,4779697
HAVELLS,2025-08-28,1514.5,1528.0,1512.2,1519.4,655530
HAVELLS,2025-08-29,1512.0,1538.3,1512.0,1525.6,1112664
HAVELLS,2025-09-01,1526.1,1577.1,1516.5,1574.2,897681
HAVELLS,2025-09-02,1576.9,1605.0,1575.3,1582.8,1448767
HAVELLS,2025-09-03,1582.0,1598.8,1562.8,1566.1,795321
HAVELLS,2025-09-04,1593.0,1597.2,1573.9,1584.7,937677
HAVELLS,2025-09-05,1584.7,1589.8,1564.2,1582.5,463270
HAVELLS,2025-09-08,1582.0,1596.5,1573.4,1579.2,606915
HAVELLS,2025-09-09,1584.0,1591.0,1564.2,1587.1,417622
HAVELLS,2025-09-10,1587.9,1599.0,1571.0,1575.4,458241
HAVELLS,2025-09-11,1580.0,1582.9,1565.0,1574.4,580706
HAVELLS,2025-09-12,1574.0,1577.5,1567.2,1572.6,428195
HAVELLS,2025-09-15,1584.0,1601.0,1575.4,1595.2,506002
HAVELLS,2025-09-16,1602.0,1618.9,1594.7,1614.8,833915
HAVELLS,2025-09-17,1620.0,1621.1,1592.0,1593.5,719829
HAVELLS,2025-09-18,1595.9,1599.2,1583.6,1594.3,940785
HAVELLS,2025-09-19,1600.0,1610.0,1586.5,1590.8,551120
HAVELLS,2025-09-22,1588.9,1599.6,1578.0,1581.3,396646
HAVELLS,2025-09-23,1581.3,1585.4,1565.0,1572.3,436090
HAVELLS,2025-09-24,1569.8,1571.6,1540.8,1544.5,732959
HAVELLS,2025-09-25,1541.4,1558.8,1534.1,1539.6,727426
HAVELLS,2025-09-26,1534.0,1538.7,1501.0,1507.4,953494
HAVELLS,2025-09-29,1506.0,1520.9,1496.0,1505.2,794772
HAVELLS,2025-09-30,1505.2,1514.0,1495.0,1502.0,853021
HAVELLS,2025-10-01,1502.0,1510.8,1483.2,1485.2,786430
HAVELLS,2025-10-03,1480.0,1491.4,1472.0,1488.1,1019221
HAVELLS,2025-10-06,1490.9,1501.0,1485.2,1497.7,499550
HAVELLS,2025-10-07,1500.0,1508.2,1497.7,1502.3,615736
HAVELLS,2025-10-08,1497.1,1509.0,1484.1,1503.5,416913
HAVELLS,2025-10-09,1505.0,1509.0,1480.7,1485.8,561521
HAVELLS,2025-10-10,1481.2,1520.0,1480.2,1495.9,817076
HAVELLS,2025-10-13,1495.5,1495.9,1458.7,1473.1,720965
HAVELLS,2025-10-14,1479.0,1479.0,1440.8,1449.1,1392203
HAVELLS,2025-10-15,1455.0,1468.3,1448.5,1464.2,794127
HAVELLS,2025-10-16,1464.6,1480.0,1454.5,1475.8,1288100
HAVELLS,2025-10-17,1476.9,1496.4,1469.0,1491.5,905801
HAVELLS,2025-10-20,1480.0,1494.0,1439.7,1485.4,1277994
HAVELLS,2025-10-21,1485.9,1491.9,1480.0,1484.1,72699
HAVELLS,2025-10-23,1480.0,1513.2,1474.2,1496.4,1050285
HAVELLS,2025-10-24,1501.8,1512.0,1491.4,1494.9,1009492
HAVELLS,2025-10-27,1494.8,1494.8,1482.1,1492.6,589156
HAVELLS,2025-10-28,1487.0,1489.7,1471.1,1480.6,954761
HAVELLS,2025-10-29,1491.0,1513.0,1484.2,1509.4,625897
HAVELLS,2025-10-30,1513.9,1516.6,1500.3,1506.3,644881
HAVELLS,2025-10-31,1510.0,1510.1,1487.6,1493.9,1154138
HAVELLS,2025-11-03,1493.9,1499.9,1482.1,1497.3,349232
HAVELLS,2025-11-04,1490.1,1497.3,1479.0,1486.4,776103
HAVELLS,2025-11-06,1475.1,1485.1,1439.2,1442.3,1209100
HAVELLS,2025-11-07,1444.0,1466.5,1431.3,1448.5,586545
HAVELLS,2025-11-10,1452.0,1467.2,1432.0,1457.7,944575
HAVELLS,2025-11-11,1456.0,1457.0,1429.5,1443.6,613786
HAVELLS,2025-11-12,1449.2,1461.1,1445.2,1458.0,430648
HAVELLS,2025-11-13,1458.0,1471.5,1453.9,1466.1,392270
HAVELLS,2025-11-14,1463.2,1473.0,1453.6,1469.4,247053
HAVELLS,2025-11-17,1470.1,1484.5,1466.2,1480.4,545878
HAVELLS,2025-11-18,1474.1,1477.8,1456.0,1468.0,708532
HAVELLS,2025-11-19,1465.0,1466.2,1438.3,1440.4,1021976
HAVELLS,2025-11-20,1445.0,1453.3,1438.8,1448.5,650084
HAVELLS,2025-11-21,1447.0,1448.0,1430.0,1441.1,978674
HAVELLS,2025-11-24,1440.8,1446.8,1415.4,1424.6,1766273
HAVELLS,2025-11-25,1425.0,1429.1,1412.0,1419.4,773716
HAVELLS,2025-11-26,1423.0,1443.0,1418.0,1439.8,609827
HAVELLS,2025-11-27,1443.0,1444.0,1427.1,1434.6,578302
HAVELLS,2025-11-28,1436.0,1445.5,1425.0,1441.9,574515
HAVELLS,2025-12-01,1449.0,1452.1,1431.2,1435.3,418134
HAVELLS,2025-12-02,1435.3,1437.3,1418.1,1422.5,529711
HAVELLS,2025-12-03,1424.9,1426.1,1410.0,1420.6,501288
HAVELLS,2025-12-04,1416.0,1435.6,1416.0,1433.5,360610
HAVELLS,2025-12-05,1431.1,1438.8,1420.0,1436.5,440018
HAVELLS,2025-12-08,1432.0,1437.0,1400.1,1407.3,642925
HAVELLS,2025-12-09,1396.0,1422.8,1391.0,1419.8,730475
HAVELLS,2025-12-10,1419.8,1423.8,1380.0,1389.9,806272
HAVELLS,2025-12-11,1393.0,1406.0,1385.2,1402.4,707388
HAVELLS,2025-12-12,1402.6,1413.1,1400.2,1409.6,430872
HAVELLS,2025-12-15,1410.0,1415.9,1398.4,1412.3,732814
HAVELLS,2025-12-16,1410.0,1425.0,1405.8,1412.0,298684
HAVELLS,2025-12-17,1410.3,1411.2,1390.3,1397.0,348931
HAVELLS,2025-12-18,1395.0,1411.9,1389.2,1401.2,223572
HAVELLS,2025-12-19,1401.1,1418.9,1399.0,1416.9,705789
HAVELLS,2025-12-22,1424.0,1447.5,1417.1,1431.2,479639
HAVELLS,2025-12-23,1433.0,1436.6,1423.0,1426.8,274659
HAVELLS,2025-12-24,1426.0,1436.4,1420.1,1424.4,661762
HAVELLS,2025-12-26,1430.0,1435.8,1415.1,1418.2,217465
HAVELLS,2025-12-29,1424.0,1428.0,1410.5,1415.2,235094
HAVELLS,2025-12-30,1415.2,1420.9,1405.0,1413.0,466114
HAVELLS,2025-12-31,1413.0,1430.0,1410.8,1424.9,217229
HAVELLS,2026-01-01,1430.6,1432.9,1413.8,1417.5,320747
HAVELLS,2026-01-02,1424.5,1445.6,1417.7,1439.9,256390
HAVELLS,2026-01-05,1440.0,1462.2,1431.1,1451.4,454648
HAVELLS,2026-01-06,1458.0,1506.0,1444.0,1501.7,1346661
HAVELLS,2026-01-07,1503.9,1512.8,1485.0,1496.2,421633
HAVELLS,2026-01-08,1496.5,1499.0,1469.5,1483.7,761222
HAVELLS,2026-01-09,1479.2,1514.7,1461.2,1464.9,1297815
HAVELLS,2026-01-12,1461.0,1463.2,1437.9,1450.4,1832938
HAVELLS,2026-01-13,1453.0,1457.0,1420.0,1431.7,684472
HAVELLS,2026-01-14,1420.0,1448.3,1418.1,1437.1,788769
HAVELLS,2026-01-15,1437.1,1437.1,1437.1,1437.1,0
HAVELLS,2026-01-16,1437.0,1447.4,1420.0,1426.1,406281
HAVELLS,2026-01-19,1426.5,1454.0,1420.2,1447.1,1337059
HAVELLS,2026-01-20,1426.0,1454.5,1337.2,1346.3,4182464
HAVELLS,2026-01-21,1340.0,1348.6,1294.3,1316.0,2232518
HAVELLS,2026-01-22,1325.0,1355.0,1306.6,1311.8,808021
HAVELLS,2026-01-23,1324.0,1324.0,1280.0,1287.0,783770
HAVELLS,2026-01-27,1289.0,1294.8,1263.4,1288.9,1086332
HAVELLS,2026-01-28,1290.0,1296.6,1281.0,1286.8,802524
HAVELLS,2026-01-29,1285.0,1286.8,1257.9,1273.9,1124235
HAVELLS,2026-01-30,1266.1,1291.8,1258.6,1285.0,2002060
HAVELLS,2026-02-02,1275.0,1282.8,1250.1,1278.5,823663
HAVELLS,2026-02-03,1309.0,1335.1,1305.4,1318.0,1080071
HAVELLS,2026-02-04,1324.0,1358.9,1307.0,1344.2,410223
HAVELLS,2026-02-05,1349.8,1352.9,1332.0,1350.2,392787
HAVELLS,2026-02-06,1350.9,1357.5,1326.1,1355.0,417229
HAVELLS,2026-02-09,1358.0,1380.8,1346.0,1371.9,482069
HAVELLS,2026-02-10,1379.1,1390.6,1367.2,1373.1,418360
HAVELLS,2026-02-11,1374.1,1388.8,1365.0,1383.8,472510
HAVELLS,2026-02-12,1379.0,1405.0,1371.8,1400.5,568421
HAVELLS,2026-02-13,1391.1,1419.0,1378.4,1404.0,774193
HAVELLS,2026-02-16,1404.0,1428.5,1396.2,1420.7,369629
HAVELLS,2026-02-17,1417.1,1438.7,1413.9,1434.4,305464
HAVELLS,2026-02-18,1437.5,1442.3,1425.0,1434.8,388023
HAVELLS,2026-02-19,1434.0,1438.9,1392.3,1396.1,270597
HAVELLS,2026-02-20,1399.0,1416.4,1396.3,1412.9,543595
HAVELLS,2026-02-23,1420.0,1423.9,1402.0,1412.8,221863
HAVELLS,2026-02-24,1410.0,1417.8,1392.6,1403.8,273019
HAVELLS,2026-02-25,1411.2,1420.6,1395.5,1417.6,1008679
HAVELLS,2026-02-26,1417.6,1426.0,1403.1,1413.7,312149
HAVELLS,2026-02-27,1414.9,1417.0,1390.1,1397.1,1498208
HAVELLS,2026-03-02,1360.0,1383.6,1333.7,1354.0,861596
HAVELLS,2026-03-04,1332.0,1340.0,1314.1,1318.7,932884
HAVELLS,2026-03-05,1334.0,1359.3,1327.2,1352.5,320753
HAVELLS,2026-03-06,1352.5,1365.0,1340.3,1349.2,489820
HAVELLS,2026-03-09,1336.9,1336.9,1301.4,1331.4,872333
HAVELLS,2026-03-10,1348.0,1382.4,1338.4,1358.0,1530785
HAVELLS,2026-03-11,1363.0,1404.6,1359.8,1365.5,755141
HAVELLS,2026-03-12,1355.2,1364.6,1334.5,1354.0,853612
HAVELLS,2026-03-13,1340.9,1353.2,1303.5,1310.2,1599343
HAVELLS,2026-03-16,1310.0,1316.9,1273.0,1297.3,963287
HAVELLS,2026-03-17,1300.0,1321.8,1291.5,1317.1,849515
HAVELLS,2026-03-18,1317.8,1349.2,1311.3,1343.9,1048399
HAVELLS,2026-03-19,1323.8,1335.8,1290.0,1294.3,506987
HAVELLS,2026-03-20,1301.1,1314.6,1278.0,1281.2,811006
HAVELLS,2026-03-23,1270.0,1271.9,1217.2,1231.0,835568
HAVELLS,2026-03-24,1249.4,1261.0,1221.0,1234.2,561103
HAVELLS,2026-03-25,1251.2,1300.0,1240.6,1268.4,1256831
HAVELLS,2026-03-27,1268.4,1274.9,1226.3,1231.6,5656981
HAVELLS,2026-03-30,1210.9,1224.7,1184.1,1190.6,1632810
HAVELLS,2026-04-01,1218.0,1227.4,1175.6,1185.9,962738
HAVELLS,2026-04-02,1170.1,1186.5,1142.5,1180.6,967015
HAVELLS,2026-04-06,1188.4,1209.0,1164.1,1206.6,693409
HAVELLS,2026-04-07,1200.0,1236.7,1186.3,1234.1,1033027
HAVELLS,2026-04-08,1278.0,1278.0,1240.0,1246.4,755940
HAVELLS,2026-04-09,1249.9,1266.7,1234.4,1257.0,1025061
HAVELLS,2026-04-10,1267.7,1284.0,1258.3,1281.7,698587
HAVELLS,2026-04-13,1258.4,1281.7,1229.0,1273.9,954294
HAVELLS,2026-04-15,1285.0,1300.8,1258.7,1285.2,1086325
HAVELLS,2026-04-16,1297.0,1308.0,1272.1,1291.1,992284
HAVELLS,2026-04-17,1291.9,1314.8,1285.2,1306.4,770722
HAVELLS,2026-04-20,1312.8,1318.3,1291.1,1302.1,639788
HAVELLS,2026-04-21,1309.0,1337.4,1308.6,1328.8,896686
HAVELLS,2026-04-22,1336.0,1410.7,1320.1,1348.7,4815785
HAVELLS,2026-04-23,1294.6,1299.9,1255.2,1260.3,5666205
HAVELLS,2026-04-24,1262.0,1267.4,1233.0,1238.6,1752335
HAVELLS,2026-04-27,1248.0,1281.5,1243.1,1274.1,2461604
HAVELLS,2026-04-28,1273.1,1281.2,1263.0,1272.2,1435828
HAVELLS,2026-04-29,1278.0,1290.3,1249.2,1252.5,1553192
HAVELLS,2026-04-30,1252.0,1252.0,1233.0,1240.6,1559906
HAVELLS,2026-05-01,1240.6,1240.6,1240.6,1240.6,0
HAVELLS,2026-05-04,1241.1,1264.0,1238.1,1256.6,769063
HAVELLS,2026-05-05,1254.0,1254.0,1231.0,1239.6,895097
HAVELLS,2026-05-06,1251.0,1259.8,1241.2,1257.3,857286
HAVELLS,2026-05-07,1260.0,1276.7,1254.1,1268.9,998450
HAVELLS,2026-05-08,1268.9,1274.7,1252.0,1255.2,606893
HAVELLS,2026-05-11,1248.2,1249.0,1226.6,1230.0,617476
HAVELLS,2026-05-12,1225.5,1231.6,1187.4,1190.9,969615
HAVELLS,2026-05-13,1190.5,1204.0,1183.2,1199.2,638992
HAVELLS,2026-05-14,1205.0,1214.8,1186.0,1210.8,510878
HAVELLS,2026-05-15,1210.5,1217.8,1202.6,1209.6,599340
HAVELLS,2026-05-18,1206.0,1206.0,1176.3,1194.8,943013
HAVELLS,2026-05-19,1199.9,1218.2,1195.0,1207.2,502340
HAVELLS,2026-05-20,1200.0,1213.0,1190.5,1207.8,648009
HAVELLS,2026-05-21,1209.9,1216.9,1200.3,1209.7,853872
HAVELLS,2026-05-22,1217.4,1217.4,1198.0,1200.9,581336
HAVELLS,2026-05-25,1209.9,1214.8,1200.8,1203.8,375805
HAVELLS,2026-05-26,1205.4,1205.8,1193.9,1201.0,475276
HAVELLS,2026-05-27,1203.0,1219.4,1201.6,1211.0,1246990
HAVELLS,2026-05-28,1211.0,1211.0,1211.0,1211.0,0
HAVELLS,2026-05-29,1214.4,1215.9,1166.0,1176.8,4333519
HAVELLS,2026-06-01,1185.3,1186.2,1138.1,1143.2,936054
HAVELLS,2026-06-02,1133.0,1177.7,1123.6,1174.6,1283197
HAVELLS,2026-06-03,1184.2,1184.2,1153.3,1156.4,873609
HAVELLS,2026-06-04,1145.7,1176.8,1137.0,1166.4,645046
HAVELLS,2026-06-05,1177.6,1177.6,1147.8,1150.5,751308
HAVELLS,2026-06-08,1143.1,1153.0,1129.1,1140.3,947900
HAVELLS,2026-06-09,1144.9,1154.0,1138.1,1150.5,692180
HAVELLS,2026-06-10,1150.4,1165.9,1147.8,1155.5,673056
HAVELLS,2026-06-11,1154.2,1154.2,1125.5,1129.0,559810
HAVELLS,2026-06-12,1147.0,1156.9,1134.5,1154.1,458490
HAVELLS,2026-06-15,1172.2,1191.3,1166.1,1171.1,1073016
HAVELLS,2026-06-16,1176.0,1188.6,1165.2,1180.2,573010
HAVELLS,2026-06-17,1187.7,1207.4,1183.4,1196.8,803357
HAVELLS,2026-06-18,1202.7,1209.1,1184.2,1194.4,753480
HAVELLS,2026-06-19,1194.4,1194.4,1168.2,1176.3,681280
HAVELLS,2026-06-22,1185.5,1195.6,1177.4,1181.3,488074
HAVELLS,2026-06-23,1182.8,1193.1,1171.0,1174.8,561924
HAVELLS,2026-06-24,1173.0,1189.2,1163.3,1186.2,425553
HAVELLS,2026-06-25,1189.9,1196.0,1175.4,1178.3,937219
HAVELLS,2026-06-26,1178.3,1178.3,1178.3,1178.3,0
HAVELLS,2026-06-29,1178.3,1185.8,1152.1,1156.1,995233
HAVELLS,2026-06-30,1161.8,1164.4,1140.3,1159.3,986708
HAVELLS,2026-07-01,1172.6,1200.9,1172.4,1188.8,1370728
HAVELLS,2026-07-02,1193.9,1198.0,1182.5,1186.7,612723
HAVELLS,2026-07-03,1189.9,1192.7,1176.4,1181.1,474220
HAVELLS,2026-07-06,1186.5,1190.7,1176.0,1181.5,344591
HAVELLS,2026-07-07,1182.0,1228.9,1177.1,1225.0,1375962
HAVELLS,2026-07-08,1225.0,1234.0,1197.9,1207.8,2255761
HAVELLS,2026-07-09,1212.0,1223.0,1182.6,1190.8,2319664
HAVELLS,2026-07-10,1205.7,1211.7,1176.4,1188.4,2410663
HAVELLS,2026-07-13,1180.9,1187.9,1161.6,1178.8,2184918
HAVELLS,2026-07-14,1178.5,1190.0,1167.3,1187.3,1122208
HAVELLS,2026-07-15,1188.5,1195.6,1172.0,1177.4,969323
HAVELLS,2026-07-16,1179.0,1188.1,1165.1,1170.6,1429928
HAVELLS,2026-07-17,1173.0,1194.1,1141.2,1187.3,4169240
HAVELLS,2026-07-20,1165.6,1209.7,1165.6,1200.3,1893253
HAVELLS,2026-07-21,1206.9,1223.8,1201.0,1217.6,1553656
HAVELLS,2026-07-22,1215.0,1217.6,1191.6,1207.1,601548
HAVELLS,2026-07-23,1201.5,1219.9,1198.2,1209.9,956879
HAVELLS,2026-07-24,1201.1,1239.5,1195.8,1226.9,1065814
HAVELLS,2026-07-27,1235.0,1246.9,1233.1,1236.1,149964
