symbol,date,open,high,low,close,volume
KIRLOSENG,2002-08-12,10.6,11.53,10.5,11.07,145200
KIRLOSENG,2002-08-13,11.4,11.54,10.8,10.87,11000
KIRLOSENG,2002-08-14,10.85,11.0,10.4,10.82,44700
KIRLOSENG,2002-08-15,10.82,10.82,10.82,10.82,0
KIRLOSENG,2002-08-16,10.93,11.02,10.62,10.76,7300
KIRLOSENG,2002-08-19,10.22,10.64,10.22,10.53,1000
KIRLOSENG,2002-08-20,9.82,10.69,9.82,10.31,3000
KIRLOSENG,2002-08-21,11.2,11.2,9.9,10.6,10800
KIRLOSENG,2002-08-22,11.35,11.35,10.2,10.81,113900
KIRLOSENG,2002-08-23,11.1,11.1,10.6,10.79,16700
KIRLOSENG,2002-08-26,11.0,11.09,10.8,10.8,9100
KIRLOSENG,2002-08-27,10.99,11.33,10.99,11.25,35200
KIRLOSENG,2002-08-28,11.2,11.35,11.15,11.29,17300
KIRLOSENG,2002-08-29,12.4,12.4,11.2,11.35,23200
KIRLOSENG,2002-08-30,11.4,11.57,11.18,11.44,22600
KIRLOSENG,2002-09-02,11.0,11.19,10.25,11.02,13600
KIRLOSENG,2002-09-03,11.04,11.04,10.83,11.0,21800
KIRLOSENG,2002-09-04,11.0,11.19,10.8,10.91,8900
KIRLOSENG,2002-09-05,11.18,11.54,11.1,11.41,18100
KIRLOSENG,2002-09-06,11.5,11.6,11.36,11.47,24100
KIRLOSENG,2002-09-09,11.4,11.6,11.4,11.53,9400
KIRLOSENG,2002-09-10,11.53,11.53,11.53,11.53,0
KIRLOSENG,2002-09-11,11.21,11.87,11.21,11.7,32200
KIRLOSENG,2002-09-12,11.4,11.8,11.4,11.77,12200
KIRLOSENG,2002-09-13,12.0,12.2,11.72,12.01,146000
KIRLOSENG,2002-09-16,12.18,12.5,11.65,12.04,14200
KIRLOSENG,2002-09-17,12.14,12.18,10.6,11.97,17800
KIRLOSENG,2002-09-18,12.25,12.25,11.81,11.98,28200
KIRLOSENG,2002-09-19,12.0,12.17,11.7,11.96,14200
KIRLOSENG,2002-09-20,12.0,12.2,11.61,12.0,24700
KIRLOSENG,2002-09-23,11.95,12.1,11.78,12.01,9100
KIRLOSENG,2002-09-24,12.0,12.0,11.82,12.0,27500
KIRLOSENG,2002-09-25,12.0,12.0,11.9,12.0,17400
KIRLOSENG,2002-09-26,11.7,12.1,11.7,12.0,1800
KIRLOSENG,2002-09-27,11.8,12.08,11.8,12.0,11200
KIRLOSENG,2002-09-30,12.0,12.0,11.75,12.0,26500
KIRLOSENG,2002-10-01,11.82,11.82,11.59,11.6,6700
KIRLOSENG,2002-10-02,11.6,11.6,11.6,11.6,0
KIRLOSENG,2002-10-03,11.5,11.5,11.21,11.21,2500
KIRLOSENG,2002-10-04,11.01,11.4,11.0,11.0,10300
KIRLOSENG,2002-10-07,11.0,11.51,11.0,11.42,13400
KIRLOSENG,2002-10-08,11.0,11.38,11.0,11.38,2700
KIRLOSENG,2002-10-09,11.04,11.1,11.04,11.1,3200
KIRLOSENG,2002-10-10,11.93,11.93,11.01,11.24,4400
KIRLOSENG,2002-10-11,11.07,11.49,11.07,11.48,2500
KIRLOSENG,2002-10-14,11.15,11.51,11.15,11.46,7200
KIRLOSENG,2002-10-15,11.46,11.46,11.46,11.46,0
KIRLOSENG,2002-10-16,11.4,11.4,11.22,11.25,1100
KIRLOSENG,2002-10-17,11.28,11.68,11.28,11.4,1300
KIRLOSENG,2002-10-18,11.32,11.4,11.31,11.33,2500
KIRLOSENG,2002-10-21,11.33,11.4,11.32,11.35,2300
KIRLOSENG,2002-10-22,11.8,11.8,11.22,11.22,2500
KIRLOSENG,2002-10-23,11.07,11.52,11.05,11.34,1200
KIRLOSENG,2002-10-24,11.01,11.2,11.01,11.01,3500
KIRLOSENG,2002-10-25,11.0,11.06,11.0,11.06,800
KIRLOSENG,2002-10-28,11.02,11.2,11.02,11.1,5000
KIRLOSENG,2002-10-29,11.18,11.4,11.1,11.21,10500
KIRLOSENG,2002-10-30,11.3,11.4,11.2,11.4,2700
KIRLOSENG,2002-10-31,11.94,11.94,11.21,11.37,6900
KIRLOSENG,2002-11-01,11.78,11.78,11.6,11.6,2700
KIRLOSENG,2002-11-04,11.6,11.85,11.6,11.69,200
KIRLOSENG,2002-11-05,12.0,12.0,11.36,11.47,13000
KIRLOSENG,2002-11-06,11.47,11.47,11.47,11.47,0
KIRLOSENG,2002-11-07,11.51,11.6,11.39,11.54,49300
KIRLOSENG,2002-11-08,11.41,11.42,11.41,11.41,29500
KIRLOSENG,2002-11-11,11.4,11.5,11.4,11.5,6200
KIRLOSENG,2002-11-12,11.4,11.41,11.4,11.41,600
KIRLOSENG,2002-11-13,11.5,11.6,11.5,11.6,4200
KIRLOSENG,2002-11-14,11.56,11.6,11.46,11.6,3900
KIRLOSENG,2002-11-15,11.62,11.62,11.62,11.62,500
KIRLOSENG,2002-11-18,11.61,11.73,11.6,11.73,1500
KIRLOSENG,2002-11-19,11.73,11.73,11.73,11.73,0
KIRLOSENG,2002-11-20,11.25,11.98,11.25,11.98,2000
KIRLOSENG,2002-11-21,11.64,11.78,11.45,11.62,94000
KIRLOSENG,2002-11-22,11.6,11.8,11.41,11.62,3000
KIRLOSENG,2002-11-25,11.6,11.61,11.6,11.61,51100
KIRLOSENG,2002-11-26,11.51,11.79,11.41,11.52,7000
KIRLOSENG,2002-11-27,11.41,11.73,11.4,11.56,56700
KIRLOSENG,2002-11-28,11.6,11.67,11.58,11.62,58200
KIRLOSENG,2002-11-29,11.62,11.62,11.62,11.62,0
KIRLOSENG,2002-12-02,11.6,11.8,11.46,11.56,27200
KIRLOSENG,2002-12-03,11.68,11.69,11.01,11.39,141200
KIRLOSENG,2002-12-04,11.58,11.93,11.26,11.65,263900
KIRLOSENG,2002-12-05,11.8,12.0,11.7,11.7,53700
KIRLOSENG,2002-12-06,11.94,11.94,11.51,11.76,18300
KIRLOSENG,2002-12-09,11.79,11.8,11.2,11.2,53700
KIRLOSENG,2002-12-10,11.25,11.26,11.25,11.26,2500
KIRLOSENG,2002-12-11,11.72,12.0,11.6,11.82,596300
KIRLOSENG,2002-12-12,11.65,12.8,11.65,12.37,582800
KIRLOSENG,2002-12-13,12.4,12.6,12.0,12.28,32300
KIRLOSENG,2002-12-16,12.3,12.3,12.0,12.0,34600
KIRLOSENG,2002-12-17,14.4,14.4,12.0,12.0,15000
KIRLOSENG,2002-12-18,12.58,12.58,12.1,12.15,7300
KIRLOSENG,2002-12-19,12.01,12.03,12.0,12.0,19800
KIRLOSENG,2002-12-20,12.05,12.05,12.0,12.0,18300
KIRLOSENG,2002-12-23,12.0,12.1,12.0,12.1,21100
KIRLOSENG,2002-12-24,12.01,12.04,11.82,11.95,183300
KIRLOSENG,2002-12-25,11.95,11.95,11.95,11.95,0
KIRLOSENG,2002-12-26,12.0,12.0,11.7,11.9,6000
KIRLOSENG,2002-12-27,11.8,11.8,11.41,11.45,4100
KIRLOSENG,2002-12-30,11.9,11.9,11.41,11.8,2600
KIRLOSENG,2002-12-31,11.0,11.58,11.0,11.58,1900
KIRLOSENG,2003-01-01,11.35,11.35,11.3,11.31,2200
KIRLOSENG,2003-01-02,11.6,11.6,11.2,11.5,28400
KIRLOSENG,2003-01-03,11.6,11.6,11.46,11.6,2500
KIRLOSENG,2003-01-06,11.4,11.45,11.4,11.45,1200
KIRLOSENG,2003-01-07,11.4,11.47,11.4,11.46,5300
KIRLOSENG,2003-01-08,11.4,11.6,11.4,11.43,12500
KIRLOSENG,2003-01-09,11.6,11.7,11.45,11.55,4500
KIRLOSENG,2003-01-10,11.41,11.45,11.4,11.4,26300
KIRLOSENG,2003-01-13,11.5,11.58,11.5,11.58,3200
KIRLOSENG,2003-01-14,11.68,11.7,11.68,11.7,3500
KIRLOSENG,2003-01-15,11.6,11.6,11.4,11.4,2200
KIRLOSENG,2003-01-16,11.4,11.4,11.4,11.4,700
KIRLOSENG,2003-01-17,11.42,11.42,11.4,11.4,17800
KIRLOSENG,2003-01-20,11.4,12.0,11.4,11.72,34300
KIRLOSENG,2003-01-21,11.52,11.94,11.52,11.53,4600
KIRLOSENG,2003-01-22,11.27,11.45,11.27,11.45,3200
KIRLOSENG,2003-01-23,11.99,12.56,11.6,12.0,122400
KIRLOSENG,2003-01-24,12.0,12.17,11.9,12.0,17500
KIRLOSENG,2003-01-27,12.57,12.57,11.51,11.52,14600
KIRLOSENG,2003-01-28,11.55,11.6,11.55,11.6,1100
KIRLOSENG,2003-01-29,11.64,11.64,11.5,11.55,17400
KIRLOSENG,2003-01-30,11.6,11.79,11.51,11.51,2200
KIRLOSENG,2003-01-31,12.5,12.59,11.51,11.51,13700
KIRLOSENG,2003-02-03,11.6,11.6,11.6,11.6,500
KIRLOSENG,2003-02-04,11.6,11.93,11.6,11.65,1100
KIRLOSENG,2003-02-05,11.6,11.8,11.44,11.8,8700
KIRLOSENG,2003-02-06,11.8,11.8,11.32,11.42,24100
KIRLOSENG,2003-02-07,11.41,11.8,11.4,11.69,5600
KIRLOSENG,2003-02-10,11.4,11.4,11.2,11.3,17200
KIRLOSENG,2003-02-11,11.22,11.22,11.2,11.2,3700
KIRLOSENG,2003-02-12,11.22,11.3,11.2,11.2,3600
KIRLOSENG,2003-02-13,11.2,11.2,11.2,11.2,0
KIRLOSENG,2003-02-14,11.13,11.39,11.11,11.2,8400
KIRLOSENG,2003-02-17,11.6,12.72,11.33,12.39,43600
KIRLOSENG,2003-02-18,12.0,12.1,12.0,12.0,13700
KIRLOSENG,2003-02-19,12.1,12.45,12.1,12.39,16100
KIRLOSENG,2003-02-20,12.4,12.7,12.35,12.69,21500
KIRLOSENG,2003-02-21,12.4,12.78,12.02,12.54,5000
KIRLOSENG,2003-02-24,12.8,12.97,12.0,12.84,42300
KIRLOSENG,2003-02-25,12.5,12.7,12.2,12.23,11000
KIRLOSENG,2003-02-26,12.2,12.25,12.2,12.2,5500
KIRLOSENG,2003-02-27,12.25,12.69,12.22,12.23,54400
KIRLOSENG,2003-02-28,12.8,12.8,12.1,12.39,1800
KIRLOSENG,2003-03-03,12.23,12.4,12.23,12.4,700
KIRLOSENG,2003-03-04,11.87,12.34,11.87,12.2,2000
KIRLOSENG,2003-03-05,11.9,11.92,11.7,11.8,3300
KIRLOSENG,2003-03-06,11.52,11.9,11.52,11.85,1000
KIRLOSENG,2003-03-07,11.32,11.58,11.32,11.58,200
KIRLOSENG,2003-03-10,11.6,12.4,11.4,11.5,33000
KIRLOSENG,2003-03-11,11.11,11.6,11.11,11.58,1600
KIRLOSENG,2003-03-12,11.58,11.58,11.58,11.58,0
KIRLOSENG,2003-03-13,11.74,12.19,11.11,11.42,5200
KIRLOSENG,2003-03-14,11.42,11.42,11.42,11.42,0
KIRLOSENG,2003-03-17,10.88,11.52,10.88,11.52,50
KIRLOSENG,2003-03-18,11.52,11.52,11.52,11.52,0
KIRLOSENG,2003-03-19,12.19,12.19,11.22,11.61,3200
KIRLOSENG,2003-03-20,11.6,11.6,11.1,11.1,6700
KIRLOSENG,2003-03-21,11.49,11.49,11.12,11.13,600
KIRLOSENG,2003-03-24,11.22,11.22,11.22,11.22,700
KIRLOSENG,2003-03-25,11.1,11.58,11.06,11.37,32900
KIRLOSENG,2003-03-26,11.17,11.4,11.13,11.13,6100
KIRLOSENG,2003-03-27,11.08,11.29,11.08,11.26,8000
KIRLOSENG,2003-03-28,11.36,11.39,11.06,11.37,3000
KIRLOSENG,2003-03-31,10.71,10.8,10.49,10.72,10500
KIRLOSENG,2003-04-01,10.7,11.38,10.7,11.05,16200
KIRLOSENG,2003-04-02,11.05,11.05,11.05,11.05,0
KIRLOSENG,2003-04-03,11.2,11.25,11.2,11.25,35
KIRLOSENG,2003-04-04,11.99,12.02,11.7,12.02,901400
KIRLOSENG,2003-04-07,12.0,12.89,11.4,12.25,29400
KIRLOSENG,2003-04-08,12.34,12.34,11.8,11.81,4800
KIRLOSENG,2003-04-09,11.7,12.08,11.7,11.96,26300
KIRLOSENG,2003-04-10,11.8,12.0,11.8,12.0,1500
KIRLOSENG,2003-04-11,12.44,12.5,11.9,12.32,11800
KIRLOSENG,2003-04-14,12.32,12.32,12.32,12.32,0
KIRLOSENG,2003-04-15,12.4,13.0,12.4,12.91,11100
KIRLOSENG,2003-04-16,13.1,13.67,12.85,13.31,22700
KIRLOSENG,2003-04-17,13.18,14.0,13.17,13.96,20400
KIRLOSENG,2003-04-18,13.96,13.96,13.96,13.96,0
KIRLOSENG,2003-04-21,14.0,14.28,13.63,13.97,22500
KIRLOSENG,2003-04-22,14.18,14.4,13.65,13.74,70200
KIRLOSENG,2003-04-23,13.8,14.01,12.5,12.98,47000
KIRLOSENG,2003-04-24,13.6,13.78,12.81,12.94,14000
KIRLOSENG,2003-04-25,13.17,14.4,13.17,14.0,109300
KIRLOSENG,2003-04-28,13.2,14.01,13.2,13.82,97600
KIRLOSENG,2003-04-29,13.76,14.1,13.76,13.93,55600
KIRLOSENG,2003-04-30,14.8,14.8,14.0,14.0,59200
KIRLOSENG,2003-05-01,14.0,14.0,14.0,14.0,0
KIRLOSENG,2003-05-02,14.38,14.38,14.03,14.13,8600
KIRLOSENG,2003-05-05,14.0,14.44,13.9,14.34,70500
KIRLOSENG,2003-05-06,14.05,14.39,14.05,14.22,10200
KIRLOSENG,2003-05-07,14.4,14.4,14.22,14.4,19700
KIRLOSENG,2003-05-08,14.8,15.35,14.02,15.0,23000
KIRLOSENG,2003-05-09,15.0,15.0,14.7,14.79,25200
KIRLOSENG,2003-05-12,14.51,15.1,14.51,14.91,59700
KIRLOSENG,2003-05-13,14.8,15.02,14.8,14.98,61300
KIRLOSENG,2003-05-14,14.02,15.17,14.02,15.0,55600
KIRLOSENG,2003-05-15,14.55,15.2,14.55,15.02,86500
KIRLOSENG,2003-05-16,15.0,16.0,14.9,15.78,76600
KIRLOSENG,2003-05-19,16.0,17.18,16.0,16.94,53100
KIRLOSENG,2003-05-20,16.8,18.4,16.6,17.92,176600
KIRLOSENG,2003-05-21,18.8,19.2,17.8,18.03,92600
KIRLOSENG,2003-05-22,19.4,19.4,17.61,18.2,63500
KIRLOSENG,2003-05-23,18.2,18.74,18.2,18.4,66500
KIRLOSENG,2003-05-26,18.25,18.4,17.65,17.97,134100
KIRLOSENG,2003-05-27,17.2,17.98,16.45,16.63,29600
KIRLOSENG,2003-05-28,16.7,17.8,16.5,17.54,55500
KIRLOSENG,2003-05-29,16.9,17.02,16.2,16.4,55800
KIRLOSENG,2003-05-30,16.0,16.5,16.0,16.08,51900
KIRLOSENG,2003-06-02,14.6,16.4,14.6,16.08,38600
KIRLOSENG,2003-06-03,15.81,16.1,15.8,15.91,19000
KIRLOSENG,2003-06-04,16.02,16.4,15.7,16.21,44000
KIRLOSENG,2003-06-05,17.0,17.0,16.2,16.21,8700
KIRLOSENG,2003-06-06,16.0,16.3,15.47,15.55,20800
KIRLOSENG,2003-06-09,15.7,15.98,15.6,15.98,11100
KIRLOSENG,2003-06-10,16.4,16.6,15.8,15.9,38000
KIRLOSENG,2003-06-11,16.2,17.4,16.0,17.0,19100
KIRLOSENG,2003-06-12,17.21,17.3,16.61,17.03,75100
KIRLOSENG,2003-06-13,16.94,18.0,16.64,17.0,110200
KIRLOSENG,2003-06-16,16.82,17.8,16.81,17.0,472100
KIRLOSENG,2003-06-17,17.23,18.18,17.23,18.01,272000
KIRLOSENG,2003-06-18,18.4,18.7,18.0,18.46,65000
KIRLOSENG,2003-06-19,18.2,19.21,17.98,18.15,173000
KIRLOSENG,2003-06-20,18.02,18.58,18.02,18.28,41000
KIRLOSENG,2003-06-23,18.6,19.0,18.0,18.21,51000
KIRLOSENG,2003-06-24,17.41,18.45,17.41,18.2,12700
KIRLOSENG,2003-06-25,19.0,19.0,18.21,18.24,190200
KIRLOSENG,2003-06-26,18.11,18.33,18.05,18.21,26300
KIRLOSENG,2003-06-27,18.3,18.53,17.9,18.05,114100
KIRLOSENG,2003-06-30,19.81,19.86,19.81,19.86,68400
KIRLOSENG,2003-07-01,21.85,21.85,21.85,21.85,24000
KIRLOSENG,2003-07-02,24.04,24.04,24.04,24.04,20100
KIRLOSENG,2003-07-03,26.45,26.45,22.3,25.58,1038900
KIRLOSENG,2003-07-04,26.4,27.78,24.61,25.89,310200
KIRLOSENG,2003-07-07,25.8,26.2,24.8,25.12,64300
KIRLOSENG,2003-07-08,25.1,25.93,24.41,24.77,68700
KIRLOSENG,2003-07-09,25.58,27.25,25.02,27.25,548600
KIRLOSENG,2003-07-10,29.16,29.98,27.61,29.98,664000
KIRLOSENG,2003-07-11,30.58,32.8,30.0,30.32,730900
KIRLOSENG,2003-07-14,31.6,31.84,29.2,30.81,544000
KIRLOSENG,2003-07-15,31.2,32.3,30.82,31.82,415800
KIRLOSENG,2003-07-16,31.8,33.42,31.8,33.34,589600
KIRLOSENG,2003-07-17,34.0,35.01,33.03,33.43,548700
KIRLOSENG,2003-07-18,33.88,34.6,32.01,33.38,286500
KIRLOSENG,2003-07-21,35.0,35.05,32.9,33.33,279400
KIRLOSENG,2003-07-22,33.98,33.98,31.67,31.94,192800
KIRLOSENG,2003-07-23,31.8,33.4,31.8,32.98,191900
KIRLOSENG,2003-07-24,33.38,33.56,32.0,32.89,119800
KIRLOSENG,2003-07-25,33.2,33.8,32.82,33.57,140900
KIRLOSENG,2003-07-28,33.8,34.6,33.6,33.84,119200
KIRLOSENG,2003-07-29,33.7,34.5,33.11,33.39,61800
KIRLOSENG,2003-07-30,33.42,35.06,33.06,35.04,493900
KIRLOSENG,2003-07-31,34.8,35.5,34.2,34.93,284300
KIRLOSENG,2003-08-01,34.6,35.0,34.0,34.62,110300
KIRLOSENG,2003-08-04,34.8,35.4,34.6,34.96,89000
KIRLOSENG,2003-08-05,34.4,35.4,34.4,34.71,160900
KIRLOSENG,2003-08-06,35.0,35.35,34.9,35.21,90300
KIRLOSENG,2003-08-07,34.86,36.97,34.86,36.97,163100
KIRLOSENG,2003-08-08,38.38,38.82,38.19,38.82,287600
KIRLOSENG,2003-08-11,38.4,40.2,37.2,37.94,228800
KIRLOSENG,2003-08-12,38.0,39.8,37.0,38.22,200200
KIRLOSENG,2003-08-13,38.2,39.4,37.9,39.06,113800
KIRLOSENG,2003-08-14,39.02,41.02,38.2,38.71,309400
KIRLOSENG,2003-08-15,38.71,38.71,38.71,38.71,0
KIRLOSENG,2003-08-18,39.33,39.6,37.6,38.69,207500
KIRLOSENG,2003-08-19,38.02,38.8,37.8,38.4,127300
KIRLOSENG,2003-08-20,38.1,38.95,37.0,38.09,69200
KIRLOSENG,2003-08-21,38.0,39.2,37.72,39.0,97300
KIRLOSENG,2003-08-22,39.75,39.75,37.1,37.48,50800
KIRLOSENG,2003-08-25,37.0,38.01,36.4,36.99,186000
KIRLOSENG,2003-08-26,37.36,37.99,36.2,36.52,49600
KIRLOSENG,2003-08-27,37.34,37.34,36.2,36.94,34200
KIRLOSENG,2003-08-28,36.6,38.57,36.4,36.83,81400
KIRLOSENG,2003-08-29,36.65,37.6,36.62,37.11,93400
KIRLOSENG,2003-09-01,37.8,38.97,37.8,38.97,72900
KIRLOSENG,2003-09-02,39.6,39.6,38.0,38.54,76700
KIRLOSENG,2003-09-03,38.78,39.3,37.8,38.56,104200
KIRLOSENG,2003-09-04,38.4,38.8,37.4,38.0,46000
KIRLOSENG,2003-09-05,37.04,38.6,36.42,37.01,169900
KIRLOSENG,2003-09-08,37.4,38.8,37.08,38.15,35100
KIRLOSENG,2003-09-09,37.6,38.0,36.58,37.09,35800
KIRLOSENG,2003-09-10,38.9,38.9,35.25,36.41,152500
KIRLOSENG,2003-09-11,36.4,36.8,35.42,35.7,43000
KIRLOSENG,2003-09-12,36.8,36.9,34.1,34.64,45200
KIRLOSENG,2003-09-15,34.2,34.8,33.26,33.39,75700
KIRLOSENG,2003-09-16,33.6,34.6,32.7,34.16,29700
KIRLOSENG,2003-09-17,35.2,35.5,34.78,35.03,102400
KIRLOSENG,2003-09-18,35.4,35.4,33.68,34.03,26200
KIRLOSENG,2003-09-19,34.61,35.2,34.2,34.93,33700
KIRLOSENG,2003-09-22,35.0,35.79,34.9,35.05,14000
KIRLOSENG,2003-09-23,35.0,35.6,35.0,35.53,11300
KIRLOSENG,2003-09-24,35.8,37.3,35.8,37.3,52300
KIRLOSENG,2003-09-25,37.4,39.17,37.4,39.16,79600
KIRLOSENG,2003-09-26,39.99,41.12,39.51,40.75,185400
KIRLOSENG,2003-09-29,42.0,42.7,41.0,41.46,134000
KIRLOSENG,2003-09-30,41.2,42.6,41.1,42.22,52200
KIRLOSENG,2003-10-01,41.42,42.98,41.0,41.87,56000
KIRLOSENG,2003-10-02,41.87,41.87,41.87,41.87,0
KIRLOSENG,2003-10-03,40.82,43.39,40.82,42.46,35500
KIRLOSENG,2003-10-06,42.0,44.59,42.0,44.59,194000
KIRLOSENG,2003-10-07,45.4,46.38,43.0,43.72,106500
KIRLOSENG,2003-10-08,44.8,45.35,42.8,44.24,49800
KIRLOSENG,2003-10-09,42.81,46.46,42.8,46.46,85600
KIRLOSENG,2003-10-10,46.8,48.79,46.8,48.79,83300
KIRLOSENG,2003-10-13,50.3,50.7,48.8,49.91,70300
KIRLOSENG,2003-10-14,50.6,51.58,47.45,48.92,148100
KIRLOSENG,2003-10-15,48.8,50.4,48.4,50.04,60000
KIRLOSENG,2003-10-16,49.4,49.6,47.6,48.17,52400
KIRLOSENG,2003-10-17,48.0,48.2,46.2,47.15,86300
KIRLOSENG,2003-10-20,46.8,46.8,44.8,45.46,47400
KIRLOSENG,2003-10-21,47.0,47.6,44.0,44.31,65900
KIRLOSENG,2003-10-22,46.5,46.53,46.0,46.44,155700
KIRLOSENG,2003-10-23,48.6,48.77,48.0,48.77,108200
KIRLOSENG,2003-10-24,48.77,48.77,48.77,48.77,0
KIRLOSENG,2003-10-27,53.61,54.79,52.0,52.21,231800
KIRLOSENG,2003-10-28,52.6,53.38,51.4,51.72,42100
KIRLOSENG,2003-10-29,52.0,53.0,52.0,52.73,57000
KIRLOSENG,2003-10-30,52.6,54.4,52.6,54.01,84000
KIRLOSENG,2003-10-31,53.99,55.2,51.31,51.81,129000
KIRLOSENG,2003-11-03,53.4,53.4,50.42,50.53,89200
KIRLOSENG,2003-11-04,51.6,52.21,50.4,51.21,92800
KIRLOSENG,2003-11-05,51.5,51.6,50.0,50.39,88600
KIRLOSENG,2003-11-06,50.8,51.0,49.6,49.75,47000
KIRLOSENG,2003-11-07,50.4,52.24,50.4,52.07,172600
KIRLOSENG,2003-11-10,52.78,54.68,52.78,54.68,107800
KIRLOSENG,2003-11-11,56.0,57.42,56.0,57.35,187600
KIRLOSENG,2003-11-12,58.28,59.8,57.63,58.1,248900
KIRLOSENG,2003-11-13,59.0,60.5,57.0,57.56,158600
KIRLOSENG,2003-11-14,57.56,57.56,57.56,57.56,0
KIRLOSENG,2003-11-17,58.0,58.0,56.6,57.27,25800
KIRLOSENG,2003-11-18,57.26,59.6,57.26,57.59,48500
KIRLOSENG,2003-11-19,57.2,57.8,55.01,56.62,31300
KIRLOSENG,2003-11-20,57.0,57.0,54.21,54.28,55000
KIRLOSENG,2003-11-21,54.4,56.6,53.6,56.14,64700
KIRLOSENG,2003-11-24,56.05,57.2,56.05,56.68,46000
KIRLOSENG,2003-11-25,57.18,57.2,56.2,56.2,10900
KIRLOSENG,2003-11-26,56.2,56.2,56.2,56.2,0
KIRLOSENG,2003-11-27,55.0,57.18,55.0,56.34,20300
KIRLOSENG,2003-11-28,55.0,57.0,55.0,56.4,15500
KIRLOSENG,2003-12-01,56.42,59.22,56.42,59.08,126200
KIRLOSENG,2003-12-02,60.76,60.8,58.8,60.47,69800
KIRLOSENG,2003-12-03,60.8,61.0,59.2,59.97,41100
KIRLOSENG,2003-12-04,60.0,61.2,59.68,60.99,53400
KIRLOSENG,2003-12-05,61.22,62.0,60.2,61.03,52600
KIRLOSENG,2003-12-08,62.0,64.09,61.8,64.09,242300
KIRLOSENG,2003-12-09,65.4,65.8,63.4,63.9,57000
KIRLOSENG,2003-12-10,66.9,66.9,64.02,64.2,48800
KIRLOSENG,2003-12-11,65.4,66.0,61.5,62.32,37100
KIRLOSENG,2003-12-12,63.0,64.2,62.81,64.04,91700
KIRLOSENG,2003-12-15,63.01,65.6,63.01,64.75,178600
KIRLOSENG,2003-12-16,65.6,67.8,64.8,67.22,105400
KIRLOSENG,2003-12-17,67.4,67.4,64.8,65.0,44800
KIRLOSENG,2003-12-18,62.42,67.2,62.42,66.38,52900
KIRLOSENG,2003-12-19,66.6,68.2,66.24,67.45,51900
KIRLOSENG,2003-12-22,68.0,70.8,67.3,70.05,118500
KIRLOSENG,2003-12-23,73.0,73.0,68.8,69.2,80800
KIRLOSENG,2003-12-24,69.8,70.36,68.2,68.36,24300
KIRLOSENG,2003-12-25,68.36,68.36,68.36,68.36,0
KIRLOSENG,2003-12-26,68.6,69.8,67.03,67.53,41300
KIRLOSENG,2003-12-29,68.0,69.0,68.0,68.52,54400
KIRLOSENG,2003-12-30,68.98,68.98,65.2,66.16,18400
KIRLOSENG,2003-12-31,66.0,67.6,64.8,65.39,24200
KIRLOSENG,2004-01-01,68.0,68.0,65.62,66.25,25400
KIRLOSENG,2004-01-02,66.98,67.6,65.51,66.87,156200
KIRLOSENG,2004-01-05,67.0,67.6,66.2,67.4,76900
KIRLOSENG,2004-01-06,66.8,68.4,66.8,68.0,85500
KIRLOSENG,2004-01-07,67.0,68.4,66.4,68.1,122600
KIRLOSENG,2004-01-08,71.19,71.19,69.0,70.09,56200
KIRLOSENG,2004-01-09,72.74,73.6,72.0,73.56,55000
KIRLOSENG,2004-01-12,75.0,76.99,74.0,75.6,41200
KIRLOSENG,2004-01-13,74.4,76.0,72.4,73.83,51000
KIRLOSENG,2004-01-14,75.0,75.2,72.62,73.95,14900
KIRLOSENG,2004-01-15,75.0,75.6,73.22,74.02,52800
KIRLOSENG,2004-01-16,72.62,73.1,70.4,71.68,52100
KIRLOSENG,2004-01-19,72.0,72.0,69.02,70.65,70300
KIRLOSENG,2004-01-20,73.0,73.0,67.6,68.09,14600
KIRLOSENG,2004-01-21,69.6,69.6,64.8,64.8,49100
KIRLOSENG,2004-01-22,65.8,66.0,61.56,61.58,89500
KIRLOSENG,2004-01-23,61.0,64.0,58.52,63.55,32200
KIRLOSENG,2004-01-26,63.55,63.55,63.55,63.55,0
KIRLOSENG,2004-01-27,63.0,65.0,63.0,63.94,67700
KIRLOSENG,2004-01-28,64.8,64.8,62.4,62.97,48600
KIRLOSENG,2004-01-29,64.2,64.2,60.0,62.33,35600
KIRLOSENG,2004-01-30,61.8,61.8,60.4,61.08,18200
KIRLOSENG,2004-02-02,61.08,61.08,61.08,61.08,0
KIRLOSENG,2004-02-03,60.0,60.0,58.03,58.11,41600
KIRLOSENG,2004-02-04,57.6,60.4,57.0,59.65,12100
KIRLOSENG,2004-02-05,60.4,62.63,60.4,62.49,25100
KIRLOSENG,2004-02-06,63.01,63.01,60.41,61.49,9700
KIRLOSENG,2004-02-09,63.0,63.2,61.6,62.89,13200
KIRLOSENG,2004-02-10,62.25,63.32,62.0,62.64,11400
KIRLOSENG,2004-02-11,62.4,63.6,62.2,63.4,8300
KIRLOSENG,2004-02-12,63.58,64.98,63.05,64.18,17800
KIRLOSENG,2004-02-13,64.0,65.59,63.5,64.91,4700
KIRLOSENG,2004-02-16,63.7,65.0,62.9,63.56,29100
KIRLOSENG,2004-02-17,63.8,63.8,62.26,62.41,10600
KIRLOSENG,2004-02-18,64.0,64.0,61.6,62.27,8300
KIRLOSENG,2004-02-19,63.0,63.0,61.0,61.96,14200
KIRLOSENG,2004-02-20,61.75,61.78,59.15,60.36,29800
KIRLOSENG,2004-02-23,61.0,61.0,59.96,60.02,14400
KIRLOSENG,2004-02-24,60.0,60.6,60.0,60.04,6900
KIRLOSENG,2004-02-25,60.0,60.01,59.0,59.0,10800
KIRLOSENG,2004-02-26,59.21,60.02,59.0,59.0,5600
KIRLOSENG,2004-02-27,59.0,59.0,58.0,58.42,2900
KIRLOSENG,2004-03-01,59.0,60.2,58.3,60.2,7800
KIRLOSENG,2004-03-02,60.2,60.2,60.2,60.2,0
KIRLOSENG,2004-03-03,60.0,60.0,59.0,59.08,72600
KIRLOSENG,2004-03-04,60.0,60.3,59.6,59.94,51800
KIRLOSENG,2004-03-05,60.0,60.05,60.0,60.01,12500
KIRLOSENG,2004-03-08,60.2,62.8,60.0,60.0,12700
KIRLOSENG,2004-03-09,60.2,60.2,60.0,60.0,17000
KIRLOSENG,2004-03-10,60.01,60.01,59.0,59.4,4200
KIRLOSENG,2004-03-11,59.2,59.4,58.8,58.98,16900
KIRLOSENG,2004-03-12,59.0,60.0,58.6,58.6,102000
KIRLOSENG,2004-03-15,58.6,59.0,58.6,58.7,7100
KIRLOSENG,2004-03-16,59.0,59.0,57.03,58.24,28000
KIRLOSENG,2004-03-17,58.1,58.4,54.2,54.2,1800
KIRLOSENG,2004-03-18,58.0,58.8,58.0,58.0,17200
KIRLOSENG,2004-03-19,58.0,58.3,58.0,58.2,2300
KIRLOSENG,2004-03-22,58.0,58.0,53.4,53.79,15000
KIRLOSENG,2004-03-23,52.2,56.0,50.2,53.57,8900
KIRLOSENG,2004-03-24,52.0,53.6,51.6,52.22,8100
KIRLOSENG,2004-03-25,53.4,53.4,50.62,51.0,5900
KIRLOSENG,2004-03-26,55.98,56.0,47.0,54.79,22900
KIRLOSENG,2004-03-29,55.0,55.0,53.0,53.25,15600
KIRLOSENG,2004-03-30,54.4,54.4,52.8,53.0,6700
KIRLOSENG,2004-03-31,58.0,58.0,52.52,53.05,28400
KIRLOSENG,2004-04-01,56.0,58.0,54.22,57.11,3900
KIRLOSENG,2004-04-02,55.22,57.0,55.2,56.14,3200
KIRLOSENG,2004-04-05,61.0,61.0,55.6,55.99,37900
KIRLOSENG,2004-04-06,57.0,57.99,52.01,56.0,7000
KIRLOSENG,2004-04-07,56.6,56.6,54.4,55.28,800
KIRLOSENG,2004-04-08,56.0,56.0,55.2,55.2,200
KIRLOSENG,2004-04-09,55.2,55.2,55.2,55.2,0
KIRLOSENG,2004-04-12,55.0,57.0,54.0,55.0,7200
KIRLOSENG,2004-04-13,50.4,57.0,50.4,54.18,6600
KIRLOSENG,2004-04-14,54.18,54.18,54.18,54.18,0
KIRLOSENG,2004-04-15,58.4,58.4,53.6,53.91,8200
KIRLOSENG,2004-04-16,53.91,53.91,53.91,53.91,0
KIRLOSENG,2004-04-19,56.4,56.6,53.0,53.58,4800
KIRLOSENG,2004-04-20,53.6,54.4,53.0,53.99,8300
KIRLOSENG,2004-04-21,54.0,56.0,54.0,54.85,21600
KIRLOSENG,2004-04-22,57.0,57.54,55.43,56.11,12100
KIRLOSENG,2004-04-23,58.19,58.19,54.7,55.72,11000
KIRLOSENG,2004-04-27,53.2,53.6,52.05,52.68,6600
KIRLOSENG,2004-04-28,52.0,53.0,51.0,51.41,7900
KIRLOSENG,2004-04-29,51.16,53.6,50.0,50.54,30800
KIRLOSENG,2004-04-30,50.46,52.0,50.0,50.27,1500
KIRLOSENG,2004-05-03,51.6,51.6,47.01,49.4,19300
KIRLOSENG,2004-05-04,46.25,50.0,46.25,49.04,28800
KIRLOSENG,2004-05-05,52.39,53.94,50.6,53.55,8400
KIRLOSENG,2004-05-06,55.0,56.6,54.5,56.1,11300
KIRLOSENG,2004-05-07,55.6,56.54,54.0,54.25,19500
KIRLOSENG,2004-05-10,54.2,57.8,54.2,57.0,31900
KIRLOSENG,2004-05-11,54.06,54.45,52.2,53.19,27000
KIRLOSENG,2004-05-12,54.0,58.0,54.0,57.52,21800
KIRLOSENG,2004-05-13,54.0,59.0,52.0,58.3,37500
KIRLOSENG,2004-05-14,59.05,59.05,52.47,53.39,52000
KIRLOSENG,2004-05-17,48.62,52.0,48.05,48.05,2700
KIRLOSENG,2004-05-18,49.86,49.86,46.0,47.84,147700
KIRLOSENG,2004-05-19,50.0,51.92,48.2,49.29,38000
KIRLOSENG,2004-05-20,50.0,54.05,50.0,50.46,117400
KIRLOSENG,2004-05-21,52.38,52.38,49.4,51.77,35900
KIRLOSENG,2004-05-24,53.2,54.78,52.4,54.53,27100
KIRLOSENG,2004-05-25,53.2,55.38,52.22,53.52,30700
KIRLOSENG,2004-05-26,54.2,54.98,53.44,54.21,32600
KIRLOSENG,2004-05-27,54.0,55.8,54.0,54.8,52900
KIRLOSENG,2004-05-28,55.2,56.6,54.6,54.81,103600
KIRLOSENG,2004-05-31,54.6,55.79,52.5,53.91,24800
KIRLOSENG,2004-06-01,55.0,55.0,53.6,54.2,32700
KIRLOSENG,2004-06-02,53.81,54.0,52.7,53.76,41000
KIRLOSENG,2004-06-03,54.0,55.0,53.22,54.17,31600
KIRLOSENG,2004-06-04,54.0,54.0,52.0,52.84,22100
KIRLOSENG,2004-06-07,53.6,53.6,52.2,52.76,17200
KIRLOSENG,2004-06-08,56.2,56.2,52.2,54.22,15200
KIRLOSENG,2004-06-09,52.62,53.02,52.02,52.22,39300
KIRLOSENG,2004-06-10,51.62,53.74,51.62,52.17,18800
KIRLOSENG,2004-06-11,52.0,53.3,52.0,52.66,40000
KIRLOSENG,2004-06-14,52.0,52.95,50.2,50.2,13200
KIRLOSENG,2004-06-15,52.8,53.0,50.1,52.0,18900
KIRLOSENG,2004-06-16,52.0,52.58,50.2,50.73,54100
KIRLOSENG,2004-06-17,48.0,51.0,48.0,49.4,25000
KIRLOSENG,2004-06-18,47.81,49.76,47.81,49.13,4600
KIRLOSENG,2004-06-21,49.8,49.8,48.2,48.47,17400
KIRLOSENG,2004-06-22,48.3,48.99,46.6,47.22,34700
KIRLOSENG,2004-06-23,47.9,47.98,43.06,44.97,17700
KIRLOSENG,2004-06-24,46.0,46.0,44.06,45.21,15900
KIRLOSENG,2004-06-25,45.21,48.4,45.2,47.3,35700
KIRLOSENG,2004-06-28,48.0,48.39,47.6,47.62,20000
KIRLOSENG,2004-06-29,48.01,50.4,48.01,49.45,38800
KIRLOSENG,2004-06-30,50.6,54.38,49.61,51.82,43600
KIRLOSENG,2004-07-01,52.0,52.8,51.2,52.31,9600
KIRLOSENG,2004-07-02,52.6,52.6,52.2,52.6,15300
KIRLOSENG,2004-07-05,52.6,52.6,50.81,51.35,26000
KIRLOSENG,2004-07-06,51.0,51.6,50.6,51.39,31300
KIRLOSENG,2004-07-07,50.5,51.6,49.8,51.15,43200
KIRLOSENG,2004-07-08,51.1,52.98,51.0,51.03,39400
KIRLOSENG,2004-07-09,51.0,52.8,51.0,52.08,21100
KIRLOSENG,2004-07-12,52.6,55.0,52.3,54.03,109700
KIRLOSENG,2004-07-13,55.8,56.9,53.3,54.36,73700
KIRLOSENG,2004-07-14,54.8,54.8,52.18,53.12,27500
KIRLOSENG,2004-07-15,54.1,55.98,54.0,55.41,21500
KIRLOSENG,2004-07-16,55.59,56.0,55.0,55.53,32900
KIRLOSENG,2004-07-19,55.6,59.88,55.6,57.0,143800
KIRLOSENG,2004-07-20,56.1,57.33,55.62,56.11,14400
KIRLOSENG,2004-07-21,56.0,56.2,54.4,54.65,16000
KIRLOSENG,2004-07-22,58.0,58.0,55.0,56.38,39200
KIRLOSENG,2004-07-23,57.9,57.9,55.2,55.79,18800
KIRLOSENG,2004-07-26,56.99,56.99,54.6,55.66,15200
KIRLOSENG,2004-07-27,55.66,55.66,55.66,55.66,0
KIRLOSENG,2004-07-28,54.4,55.48,53.2,55.06,9100
KIRLOSENG,2004-07-29,55.37,58.0,54.16,56.52,26000
KIRLOSENG,2004-07-30,58.4,58.8,56.41,57.45,30800
KIRLOSENG,2004-08-02,58.0,63.2,57.81,63.2,77500
KIRLOSENG,2004-08-03,63.43,65.6,62.01,63.17,85600
KIRLOSENG,2004-08-04,63.61,64.0,60.0,60.66,37100
KIRLOSENG,2004-08-05,60.0,64.02,60.0,62.39,94700
KIRLOSENG,2004-08-06,62.2,63.0,61.4,61.88,28900
KIRLOSENG,2004-08-09,62.7,62.7,60.6,61.76,34700
KIRLOSENG,2004-08-10,62.0,63.7,61.2,63.21,18000
KIRLOSENG,2004-08-11,62.0,63.8,61.0,61.75,34400
KIRLOSENG,2004-08-12,61.75,61.75,61.75,61.75,0
KIRLOSENG,2004-08-13,60.0,61.38,59.0,60.68,13200
KIRLOSENG,2004-08-16,60.4,60.99,59.32,60.22,8200
KIRLOSENG,2004-08-17,60.82,62.0,60.7,61.22,17200
KIRLOSENG,2004-08-18,61.22,61.22,60.0,60.4,4500
KIRLOSENG,2004-08-19,58.9,61.0,58.9,60.38,18700
KIRLOSENG,2004-08-20,60.4,61.0,59.6,60.2,15900
KIRLOSENG,2004-08-23,61.0,62.16,60.65,61.37,15100
KIRLOSENG,2004-08-24,61.79,61.79,60.82,61.46,5200
KIRLOSENG,2004-08-25,60.8,61.0,60.0,60.07,15400
KIRLOSENG,2004-08-26,58.02,61.59,58.02,60.48,29800
KIRLOSENG,2004-08-27,60.6,60.82,60.2,60.54,18100
KIRLOSENG,2004-08-30,61.0,63.76,60.21,63.34,27400
KIRLOSENG,2004-08-31,64.0,67.8,63.0,66.64,70600
KIRLOSENG,2004-09-01,67.0,68.0,66.4,67.41,22300
KIRLOSENG,2004-09-02,67.0,68.0,66.9,67.05,47100
KIRLOSENG,2004-09-03,67.0,71.0,66.3,69.21,53500
KIRLOSENG,2004-09-06,69.8,72.0,69.6,70.52,73700
KIRLOSENG,2004-09-07,71.14,71.14,69.6,70.28,30100
KIRLOSENG,2004-09-08,69.94,70.89,69.46,70.39,22500
KIRLOSENG,2004-09-09,71.0,71.5,70.45,70.66,121900
KIRLOSENG,2004-09-10,70.66,70.66,70.66,70.66,0
KIRLOSENG,2004-09-13,71.6,76.4,71.0,74.86,75600
KIRLOSENG,2004-09-14,74.6,75.8,74.27,75.11,19200
KIRLOSENG,2004-09-15,74.61,74.61,72.4,72.62,32300
KIRLOSENG,2004-09-16,72.01,73.63,72.01,72.98,2900
KIRLOSENG,2004-09-17,73.4,74.0,72.22,73.37,41800
KIRLOSENG,2004-09-20,73.0,73.0,72.4,72.65,51700
KIRLOSENG,2004-09-21,72.4,73.4,72.0,72.8,16800
KIRLOSENG,2004-09-22,74.4,74.4,72.41,72.8,14500
KIRLOSENG,2004-09-23,72.8,73.7,72.0,73.34,9400
KIRLOSENG,2004-09-24,71.0,72.5,70.2,72.11,18100
KIRLOSENG,2004-09-27,73.8,74.8,72.03,72.54,14600
KIRLOSENG,2004-09-28,72.4,73.96,72.12,73.32,15700
KIRLOSENG,2004-09-29,74.08,74.08,72.2,73.12,13800
KIRLOSENG,2004-09-30,73.6,73.98,73.0,73.83,7300
KIRLOSENG,2004-10-01,73.6,76.98,73.0,76.11,18200
KIRLOSENG,2004-10-04,75.25,76.19,74.02,74.02,25100
KIRLOSENG,2004-10-05,74.02,74.02,72.63,73.34,4900
KIRLOSENG,2004-10-06,74.7,77.3,73.6,75.31,47100
KIRLOSENG,2004-10-07,74.43,76.0,74.4,75.14,18700
KIRLOSENG,2004-10-08,75.14,75.14,75.14,75.14,0
KIRLOSENG,2004-10-11,75.99,75.99,74.0,74.59,4300
KIRLOSENG,2004-10-12,73.8,73.8,71.99,73.37,10600
KIRLOSENG,2004-10-14,74.0,74.4,69.4,73.6,32400
KIRLOSENG,2004-10-15,73.6,73.6,73.6,73.6,0
KIRLOSENG,2004-10-18,72.9,73.0,72.55,72.71,12100
KIRLOSENG,2004-10-19,72.0,75.9,71.8,73.21,59500
KIRLOSENG,2004-10-20,73.46,76.38,73.4,74.75,23100
KIRLOSENG,2004-10-21,73.03,76.0,73.0,74.57,10200
KIRLOSENG,2004-10-22,74.57,74.57,74.57,74.57,0
KIRLOSENG,2004-10-25,77.0,77.0,69.6,71.81,25800
KIRLOSENG,2004-10-26,70.2,70.56,67.42,67.82,34900
KIRLOSENG,2004-10-27,68.16,68.16,65.4,66.37,43600
KIRLOSENG,2004-10-28,68.2,69.81,67.0,69.33,16500
KIRLOSENG,2004-10-29,69.33,69.33,69.33,69.33,0
KIRLOSENG,2004-11-01,69.8,70.95,63.12,65.98,28200
KIRLOSENG,2004-11-02,67.88,68.8,67.21,67.98,35800
KIRLOSENG,2004-11-03,67.6,69.19,67.51,68.87,37000
KIRLOSENG,2004-11-04,68.63,73.0,68.1,71.87,33300
KIRLOSENG,2004-11-05,68.0,72.46,68.0,71.71,8400
KIRLOSENG,2004-11-08,72.22,73.0,70.4,70.79,34800
KIRLOSENG,2004-11-09,70.8,74.0,70.22,71.95,58500
KIRLOSENG,2004-11-10,72.8,73.4,71.6,72.97,12100
KIRLOSENG,2004-11-11,72.2,73.0,71.8,71.89,18700
KIRLOSENG,2004-11-12,76.94,76.94,70.21,71.17,7700
KIRLOSENG,2004-11-15,71.17,71.17,71.17,71.17,0
KIRLOSENG,2004-11-16,72.98,72.98,71.01,72.0,50800
KIRLOSENG,2004-11-17,72.6,73.1,72.0,72.19,17800
KIRLOSENG,2004-11-18,72.44,73.08,72.0,72.74,22700
KIRLOSENG,2004-11-19,72.74,72.74,72.74,72.74,0
KIRLOSENG,2004-11-22,71.24,73.0,71.24,72.27,33900
KIRLOSENG,2004-11-23,73.0,74.0,73.0,73.14,23900
KIRLOSENG,2004-11-24,72.07,74.0,72.0,73.17,18400
KIRLOSENG,2004-11-25,72.62,73.8,72.62,73.2,6800
KIRLOSENG,2004-11-26,73.2,73.2,73.2,73.2,0
KIRLOSENG,2004-11-29,73.0,75.0,72.5,73.01,67600
KIRLOSENG,2004-11-30,73.6,75.17,72.6,73.57,33200
KIRLOSENG,2004-12-01,75.0,75.0,71.62,71.75,11000
KIRLOSENG,2004-12-02,72.8,73.2,71.4,71.88,32000
KIRLOSENG,2004-12-03,70.2,74.6,70.2,73.8,56100
KIRLOSENG,2004-12-06,72.27,74.98,72.27,74.42,50300
KIRLOSENG,2004-12-07,74.4,74.4,72.45,73.37,29800
KIRLOSENG,2004-12-08,73.98,73.98,72.0,72.2,7800
KIRLOSENG,2004-12-09,72.24,72.63,72.0,72.03,18300
KIRLOSENG,2004-12-10,71.65,73.98,71.65,72.07,15300
KIRLOSENG,2004-12-13,72.07,72.07,72.07,72.07,0
KIRLOSENG,2004-12-14,72.16,74.59,72.16,73.52,12000
KIRLOSENG,2004-12-15,72.01,73.34,71.77,72.19,15000
KIRLOSENG,2004-12-16,72.0,73.57,72.0,72.46,58100
KIRLOSENG,2004-12-17,72.4,73.15,72.12,72.9,42700
KIRLOSENG,2004-12-20,72.2,73.6,71.34,73.25,31400
KIRLOSENG,2004-12-21,73.6,77.0,72.4,76.85,56300
KIRLOSENG,2004-12-22,77.0,78.0,76.0,76.59,32800
KIRLOSENG,2004-12-23,75.42,77.0,75.42,76.31,13900
KIRLOSENG,2004-12-24,77.0,77.98,74.6,77.25,20200
KIRLOSENG,2004-12-27,76.0,79.0,76.0,78.46,27500
KIRLOSENG,2004-12-28,78.46,78.46,78.46,78.46,0
KIRLOSENG,2004-12-29,76.4,81.0,76.4,79.07,15500
KIRLOSENG,2004-12-30,80.8,80.8,76.8,78.05,7700
KIRLOSENG,2004-12-31,77.6,77.79,76.6,76.94,12000
KIRLOSENG,2005-01-03,77.0,78.99,76.0,77.79,27200
KIRLOSENG,2005-01-04,80.0,85.4,80.0,81.86,135500
KIRLOSENG,2005-01-05,86.0,87.8,82.01,86.74,376100
KIRLOSENG,2005-01-06,86.8,89.6,83.0,84.48,54000
KIRLOSENG,2005-01-07,87.4,87.4,82.2,85.4,73100
KIRLOSENG,2005-01-10,86.4,88.2,85.05,85.33,112400
KIRLOSENG,2005-01-11,85.04,86.2,84.82,84.97,82400
KIRLOSENG,2005-01-12,78.02,85.7,78.02,83.1,39900
KIRLOSENG,2005-01-13,83.6,86.0,83.6,84.03,30900
KIRLOSENG,2005-01-14,83.98,84.9,83.01,84.04,10800
KIRLOSENG,2005-01-17,82.0,83.0,79.3,80.99,15500
KIRLOSENG,2005-01-18,82.6,82.6,80.25,80.28,9400
KIRLOSENG,2005-01-19,81.0,81.0,79.01,80.83,2400
KIRLOSENG,2005-01-20,80.2,85.6,80.0,83.09,22000
KIRLOSENG,2005-01-24,83.09,83.09,83.09,83.09,0
KIRLOSENG,2005-01-25,79.62,82.58,79.62,81.42,14700
KIRLOSENG,2005-01-27,80.48,82.4,79.9,80.49,23700
KIRLOSENG,2005-01-28,80.0,80.99,80.0,80.54,18800
KIRLOSENG,2005-01-31,82.0,86.0,80.6,84.43,302300
KIRLOSENG,2005-02-01,86.54,89.0,83.0,85.18,358500
KIRLOSENG,2005-02-02,87.54,89.6,85.8,86.26,297000
KIRLOSENG,2005-02-03,87.99,89.6,87.02,88.87,128700
KIRLOSENG,2005-02-04,88.98,88.98,84.52,86.91,78700
KIRLOSENG,2005-02-07,86.6,88.0,86.6,87.52,35100
KIRLOSENG,2005-02-08,87.15,88.97,87.15,88.09,344400
KIRLOSENG,2005-02-09,88.5,89.8,88.2,88.67,34700
KIRLOSENG,2005-02-10,89.58,90.0,87.5,87.76,25800
KIRLOSENG,2005-02-11,89.39,89.79,84.79,85.61,51000
KIRLOSENG,2005-02-14,87.0,87.0,82.02,83.43,36600
KIRLOSENG,2005-02-15,83.43,84.0,81.0,81.86,33700
KIRLOSENG,2005-02-16,83.8,84.0,82.0,82.21,17600
KIRLOSENG,2005-02-17,80.01,83.5,80.01,83.14,20800
KIRLOSENG,2005-02-18,83.6,83.75,81.5,81.59,7400
KIRLOSENG,2005-02-21,84.55,84.55,81.4,82.53,8300
KIRLOSENG,2005-02-22,81.0,82.2,80.37,81.16,11700
KIRLOSENG,2005-02-23,81.2,81.6,80.61,81.09,35300
KIRLOSENG,2005-02-24,81.2,81.73,80.8,80.84,22900
KIRLOSENG,2005-02-25,81.15,81.18,77.01,78.25,35000
KIRLOSENG,2005-02-28,79.2,81.96,78.8,80.23,71600
KIRLOSENG,2005-03-01,81.2,81.5,80.1,80.27,17100
KIRLOSENG,2005-03-02,80.4,81.5,80.0,80.39,23900
KIRLOSENG,2005-03-03,80.6,83.76,79.6,81.63,298000
KIRLOSENG,2005-03-04,84.0,87.6,83.6,85.72,235500
KIRLOSENG,2005-03-07,85.64,86.8,84.6,84.87,63000
KIRLOSENG,2005-03-08,85.79,85.79,83.05,84.05,22900
KIRLOSENG,2005-03-09,83.53,84.2,80.8,81.45,43500
KIRLOSENG,2005-03-10,81.45,81.45,81.45,81.45,0
KIRLOSENG,2005-03-11,85.4,85.4,82.81,82.82,14500
KIRLOSENG,2005-03-14,82.2,84.0,80.62,81.55,24300
KIRLOSENG,2005-03-15,79.0,81.02,79.0,80.3,40600
KIRLOSENG,2005-03-16,80.8,85.8,80.25,84.41,104200
KIRLOSENG,2005-03-17,84.41,84.41,84.41,84.41,0
KIRLOSENG,2005-03-18,83.0,83.0,80.65,81.92,17500
KIRLOSENG,2005-03-21,83.0,83.98,80.0,81.35,30700
KIRLOSENG,2005-03-22,80.6,81.0,79.2,79.53,12200
KIRLOSENG,2005-03-23,80.6,80.6,75.6,76.69,38200
KIRLOSENG,2005-03-24,79.84,79.84,75.6,75.75,14900
KIRLOSENG,2005-03-28,77.0,79.19,77.0,77.62,6400
KIRLOSENG,2005-03-29,77.61,77.61,75.0,75.12,10300
KIRLOSENG,2005-03-30,73.0,79.0,73.0,77.16,23800
KIRLOSENG,2005-03-31,77.62,80.0,76.45,79.49,33400
KIRLOSENG,2005-04-01,80.0,81.4,79.8,81.29,19800
KIRLOSENG,2005-04-04,81.0,81.4,80.0,80.36,19700
KIRLOSENG,2005-04-05,80.0,80.39,80.0,80.0,18500
KIRLOSENG,2005-04-06,81.08,81.4,80.0,80.76,20200
KIRLOSENG,2005-04-07,80.43,83.94,80.43,82.75,66300
KIRLOSENG,2005-04-08,84.98,86.8,82.4,83.76,142600
KIRLOSENG,2005-04-11,83.76,83.76,83.76,83.76,0
KIRLOSENG,2005-04-12,84.99,85.2,83.08,84.03,33000
KIRLOSENG,2005-04-13,84.2,84.2,83.0,83.19,5800
KIRLOSENG,2005-04-15,81.4,82.6,80.8,81.02,20400
KIRLOSENG,2005-04-18,82.4,84.0,81.4,82.04,37900
KIRLOSENG,2005-04-19,83.72,84.94,81.59,82.03,29600
KIRLOSENG,2005-04-20,80.22,82.79,75.06,82.18,14900
KIRLOSENG,2005-04-21,81.22,84.0,81.22,83.8,13700
KIRLOSENG,2005-04-22,83.88,87.6,83.88,86.54,78300
KIRLOSENG,2005-04-25,88.0,96.0,87.0,94.19,268000
KIRLOSENG,2005-04-26,96.0,97.79,90.8,92.5,181800
KIRLOSENG,2005-04-27,96.94,96.94,90.0,93.52,40200
KIRLOSENG,2005-04-28,95.0,97.9,92.24,95.36,146000
KIRLOSENG,2005-04-29,97.98,97.98,92.0,93.24,62200
KIRLOSENG,2005-05-02,94.94,99.6,88.82,89.4,75000
KIRLOSENG,2005-05-03,88.01,91.0,86.13,87.83,36700
KIRLOSENG,2005-05-04,89.4,90.26,87.31,89.46,43500
KIRLOSENG,2005-05-05,94.0,94.0,90.3,91.84,59200
KIRLOSENG,2005-05-06,92.0,93.0,90.02,92.33,53500
KIRLOSENG,2005-05-09,91.98,95.2,91.2,94.94,73000
KIRLOSENG,2005-05-10,95.0,95.6,93.6,93.69,43800
KIRLOSENG,2005-05-11,95.0,96.8,92.83,95.04,42500
KIRLOSENG,2005-05-12,95.6,101.97,94.7,99.95,168800
KIRLOSENG,2005-05-13,100.98,109.3,100.0,108.61,293200
KIRLOSENG,2005-05-16,115.0,115.0,109.0,112.6,154900
KIRLOSENG,2005-05-17,115.6,116.2,109.48,110.74,133100
KIRLOSENG,2005-05-18,110.74,110.74,110.74,110.74,0
KIRLOSENG,2005-05-19,114.0,118.8,114.0,117.56,69900
KIRLOSENG,2005-05-20,118.8,118.8,114.0,116.8,46500
KIRLOSENG,2005-05-23,117.82,118.9,112.0,112.99,40700
KIRLOSENG,2005-05-24,113.0,126.96,113.0,124.07,144800
KIRLOSENG,2005-05-25,126.1,130.0,124.2,125.59,103100
KIRLOSENG,2005-05-26,127.0,131.2,126.2,127.4,128900
KIRLOSENG,2005-05-27,127.4,127.4,127.4,127.4,0
KIRLOSENG,2005-05-30,126.2,129.4,125.4,127.44,81800
KIRLOSENG,2005-05-31,127.0,129.0,125.8,128.3,82900
KIRLOSENG,2005-06-01,127.28,130.1,127.28,129.34,53900
KIRLOSENG,2005-06-02,130.4,130.4,128.2,129.49,27900
KIRLOSENG,2005-06-03,129.49,129.49,129.49,129.49,0
KIRLOSENG,2005-06-06,124.6,136.96,124.6,135.12,107600
KIRLOSENG,2005-06-07,136.8,138.0,132.62,134.22,16700
KIRLOSENG,2005-06-08,137.58,137.58,132.0,133.99,39500
KIRLOSENG,2005-06-09,131.6,135.8,131.6,133.91,17200
KIRLOSENG,2005-06-10,135.0,135.0,132.04,133.0,43800
KIRLOSENG,2005-06-14,131.76,135.6,131.4,135.38,57900
KIRLOSENG,2005-06-15,132.23,139.8,132.23,137.99,141400
KIRLOSENG,2005-06-16,138.01,139.4,136.22,138.47,106600
KIRLOSENG,2005-06-17,126.42,138.0,126.42,133.35,32500
KIRLOSENG,2005-06-20,139.0,139.2,129.2,131.25,33900
KIRLOSENG,2005-06-21,130.32,132.0,128.4,129.15,12700
KIRLOSENG,2005-06-22,131.38,131.38,127.0,128.07,30300
KIRLOSENG,2005-06-23,127.0,127.2,124.02,125.01,20900
KIRLOSENG,2005-06-24,124.02,127.2,124.02,124.4,20800
KIRLOSENG,2005-06-27,124.6,127.4,124.2,125.22,40800
KIRLOSENG,2005-06-28,132.0,132.0,122.8,123.63,24100
KIRLOSENG,2005-06-29,123.0,129.98,123.0,127.0,21200
KIRLOSENG,2005-06-30,126.96,126.96,124.45,126.43,21500
KIRLOSENG,2005-07-01,126.43,126.43,126.43,126.43,0
KIRLOSENG,2005-07-04,128.0,128.0,125.19,126.38,29900
KIRLOSENG,2005-07-05,127.4,131.78,124.03,125.68,46500
KIRLOSENG,2005-07-06,133.0,133.0,120.8,129.49,33300
KIRLOSENG,2005-07-07,131.0,131.4,126.6,127.98,9200
KIRLOSENG,2005-07-08,128.0,130.6,126.46,126.98,8800
KIRLOSENG,2005-07-11,132.0,133.6,126.2,127.44,8600
KIRLOSENG,2005-07-12,127.44,127.44,127.44,127.44,0
KIRLOSENG,2005-07-13,128.0,132.6,128.0,132.14,52200
KIRLOSENG,2005-07-14,144.0,144.0,127.0,128.11,26000
KIRLOSENG,2005-07-15,128.45,131.4,125.6,126.4,29000
KIRLOSENG,2005-07-18,135.98,137.8,128.0,133.15,93000
KIRLOSENG,2005-07-19,139.0,139.0,131.0,132.98,28300
KIRLOSENG,2005-07-20,135.8,137.16,134.45,135.6,44000
KIRLOSENG,2005-07-21,137.0,137.77,132.0,133.1,13900
KIRLOSENG,2005-07-22,132.04,134.8,132.04,133.1,10700
KIRLOSENG,2005-07-25,133.01,138.0,132.4,133.85,83100
KIRLOSENG,2005-07-26,137.2,137.2,132.2,132.73,9900
KIRLOSENG,2005-07-27,135.96,135.96,131.0,132.56,5900
KIRLOSENG,2005-07-28,132.56,132.56,132.56,132.56,0
KIRLOSENG,2005-07-29,131.8,135.0,125.6,131.2,223200
KIRLOSENG,2005-08-01,133.8,134.0,127.48,128.85,12600
KIRLOSENG,2005-08-02,130.0,134.6,129.8,134.0,30700
KIRLOSENG,2005-08-03,135.37,135.37,132.08,134.88,64000
KIRLOSENG,2005-08-04,135.0,135.29,133.0,133.33,24400
KIRLOSENG,2005-08-05,135.2,136.6,133.0,133.77,62700
KIRLOSENG,2005-08-08,133.6,135.6,133.28,133.9,49800
KIRLOSENG,2005-08-09,132.25,143.6,132.25,139.02,775400
KIRLOSENG,2005-08-10,145.0,147.95,133.0,141.4,658500
KIRLOSENG,2005-08-11,136.0,143.0,133.0,139.3,442600
KIRLOSENG,2005-08-12,139.3,139.3,139.3,139.3,0
KIRLOSENG,2005-08-16,139.0,139.0,139.0,139.0,0
KIRLOSENG,2005-08-17,159.8,159.8,148.4,149.9,193500
KIRLOSENG,2005-08-18,150.2,154.7,144.9,146.05,93800
KIRLOSENG,2005-08-19,147.75,153.05,146.05,150.15,56200
KIRLOSENG,2005-08-22,151.5,151.5,143.05,145.1,53600
KIRLOSENG,2005-08-23,145.1,145.1,145.1,145.1,0
KIRLOSENG,2005-08-24,138.0,142.55,134.0,135.05,33800
KIRLOSENG,2005-08-25,140.9,146.0,137.0,142.6,53500
KIRLOSENG,2005-08-26,144.0,148.0,143.0,146.65,53900
KIRLOSENG,2005-08-29,146.0,146.0,138.6,139.65,56800
KIRLOSENG,2005-08-30,141.5,143.7,138.6,139.0,26000
KIRLOSENG,2005-08-31,141.95,143.8,138.75,142.45,49000
KIRLOSENG,2005-09-01,145.0,146.0,141.05,142.25,28700
KIRLOSENG,2005-09-02,144.0,144.0,140.0,142.05,162000
KIRLOSENG,2005-09-05,146.0,147.0,142.85,143.1,58400
KIRLOSENG,2005-09-06,138.25,145.0,138.25,143.05,31700
KIRLOSENG,2005-09-08,144.5,144.5,141.0,141.9,32900
KIRLOSENG,2005-09-09,143.0,145.0,141.55,142.45,59500
KIRLOSENG,2005-09-12,143.75,146.6,142.3,145.5,80800
KIRLOSENG,2005-09-13,146.0,147.0,142.65,145.4,131200
KIRLOSENG,2005-09-14,145.0,146.5,141.7,142.15,49600
KIRLOSENG,2005-09-15,144.75,155.95,143.25,151.75,159800
KIRLOSENG,2005-09-16,154.0,155.8,149.1,153.95,76500
KIRLOSENG,2005-09-19,155.0,158.05,152.0,153.15,62900
KIRLOSENG,2005-09-20,153.25,155.0,145.1,153.7,61800
KIRLOSENG,2005-09-21,153.7,153.7,153.7,153.7,0
KIRLOSENG,2005-09-22,147.0,147.0,134.1,137.75,49600
KIRLOSENG,2005-09-23,140.0,142.5,137.15,141.0,23900
KIRLOSENG,2005-09-26,146.0,149.0,141.25,145.45,29200
KIRLOSENG,2005-09-27,144.0,145.1,142.0,142.0,161500
KIRLOSENG,2005-09-28,142.3,146.9,142.3,145.65,19800
KIRLOSENG,2005-09-29,145.0,155.0,145.0,151.9,96700
KIRLOSENG,2005-09-30,149.9,155.0,143.0,151.65,59300
KIRLOSENG,2005-10-03,152.75,154.0,147.95,152.65,32000
KIRLOSENG,2005-10-04,153.9,155.0,149.0,149.85,34200
KIRLOSENG,2005-10-05,146.2,153.0,146.0,150.05,34200
KIRLOSENG,2005-10-06,148.1,152.0,146.0,148.7,43200
KIRLOSENG,2005-10-07,151.5,151.5,145.0,149.05,24300
KIRLOSENG,2005-10-10,151.0,151.6,145.5,147.25,22100
KIRLOSENG,2005-10-11,146.6,147.75,145.15,147.05,13500
KIRLOSENG,2005-10-13,146.05,149.75,145.2,146.65,15700
KIRLOSENG,2005-10-14,144.7,146.5,136.85,137.95,14400
KIRLOSENG,2005-10-17,137.05,140.35,132.1,135.5,18800
KIRLOSENG,2005-10-18,136.0,142.3,135.0,139.35,30700
KIRLOSENG,2005-10-19,140.85,140.85,133.0,136.4,49600
KIRLOSENG,2005-10-20,141.0,143.0,131.0,133.35,51100
KIRLOSENG,2005-10-21,131.0,142.0,131.0,139.85,18700
KIRLOSENG,2005-10-24,146.0,146.0,139.0,141.25,26100
KIRLOSENG,2005-10-25,144.0,144.75,138.1,140.65,25400
KIRLOSENG,2005-10-26,142.0,142.0,138.2,138.65,5700
KIRLOSENG,2005-10-27,139.0,140.0,134.7,135.45,12100
KIRLOSENG,2005-10-28,133.0,140.0,131.3,135.15,22100
KIRLOSENG,2005-10-31,135.0,137.4,132.55,136.95,32800
KIRLOSENG,2005-11-02,136.1,140.35,136.1,139.85,3100
KIRLOSENG,2005-11-04,139.85,139.85,139.85,139.85,0
KIRLOSENG,2005-11-07,140.95,140.95,138.75,139.8,11500
KIRLOSENG,2005-11-08,140.0,140.0,135.1,136.25,120700
KIRLOSENG,2005-11-09,139.0,140.0,136.0,139.45,18600
KIRLOSENG,2005-11-10,138.0,143.0,137.5,141.8,13400
KIRLOSENG,2005-11-11,141.0,143.2,137.1,142.3,14900
KIRLOSENG,2005-11-14,140.1,147.0,140.0,145.0,35700
KIRLOSENG,2005-11-16,145.0,148.8,142.25,144.4,20700
KIRLOSENG,2005-11-17,143.5,147.4,143.0,146.5,8200
KIRLOSENG,2005-11-18,145.1,157.0,145.0,155.7,100600
KIRLOSENG,2005-11-21,156.9,156.9,150.0,150.9,36000
KIRLOSENG,2005-11-22,154.9,154.9,148.0,149.8,9800
KIRLOSENG,2005-11-23,150.05,152.0,148.4,150.1,8500
KIRLOSENG,2005-11-24,151.85,153.9,149.25,150.75,13100
KIRLOSENG,2005-11-25,151.0,153.9,148.75,150.5,19900
KIRLOSENG,2005-11-28,157.0,179.95,157.0,177.95,254800
KIRLOSENG,2005-11-29,184.9,190.0,175.0,178.3,312900
KIRLOSENG,2005-11-30,180.0,182.9,173.0,174.0,95500
KIRLOSENG,2005-12-01,174.05,185.0,173.1,181.0,179600
KIRLOSENG,2005-12-02,181.0,198.4,180.25,188.2,271000
KIRLOSENG,2005-12-05,190.0,194.0,185.5,190.3,132900
KIRLOSENG,2005-12-06,189.25,192.0,186.0,187.6,85900
KIRLOSENG,2005-12-07,188.0,190.9,185.2,187.75,48700
KIRLOSENG,2005-12-08,184.5,189.5,182.15,184.0,46000
KIRLOSENG,2005-12-09,185.8,186.95,181.6,182.9,55600
KIRLOSENG,2005-12-12,179.05,191.0,179.05,183.45,15300
KIRLOSENG,2005-12-13,183.5,188.9,183.0,184.35,53100
KIRLOSENG,2005-12-14,184.5,186.0,175.0,178.8,22500
KIRLOSENG,2005-12-15,181.75,181.75,176.05,179.25,16000
KIRLOSENG,2005-12-16,175.55,180.0,175.5,178.1,14800
KIRLOSENG,2005-12-19,178.1,182.5,174.9,176.4,15000
KIRLOSENG,2005-12-20,180.85,180.85,175.0,177.7,14300
KIRLOSENG,2005-12-21,180.0,180.0,173.5,173.9,9800
KIRLOSENG,2005-12-22,173.0,175.95,169.05,170.75,22200
KIRLOSENG,2005-12-23,174.0,175.0,170.1,171.5,17700
KIRLOSENG,2005-12-26,180.0,180.0,165.1,170.8,10600
KIRLOSENG,2005-12-27,166.5,187.9,166.5,187.25,95700
KIRLOSENG,2005-12-28,189.05,189.7,175.5,179.2,55600
KIRLOSENG,2005-12-29,180.0,180.7,177.0,177.95,14600
KIRLOSENG,2005-12-30,178.0,184.0,178.0,181.75,59400
KIRLOSENG,2006-01-02,182.5,188.0,182.0,184.35,38200
KIRLOSENG,2006-01-03,185.5,189.4,183.0,188.5,31000
KIRLOSENG,2006-01-04,190.0,197.45,190.0,194.3,102600
KIRLOSENG,2006-01-05,192.15,195.8,187.5,194.65,31300
KIRLOSENG,2006-01-06,196.0,206.0,195.0,201.75,141000
KIRLOSENG,2006-01-09,208.7,218.45,207.0,216.0,126800
KIRLOSENG,2006-01-10,218.45,223.0,215.05,216.3,100400
KIRLOSENG,2006-01-12,215.9,220.0,210.0,214.75,65400
KIRLOSENG,2006-01-13,216.5,219.8,211.0,212.95,28900
KIRLOSENG,2006-01-16,214.9,217.0,210.1,212.2,56300
KIRLOSENG,2006-01-17,212.2,212.2,212.2,212.2,0
KIRLOSENG,2006-01-18,205.0,207.4,195.5,200.6,33000
KIRLOSENG,2006-01-19,203.2,209.0,202.95,204.8,24700
KIRLOSENG,2006-01-20,204.8,204.8,204.8,204.8,0
KIRLOSENG,2006-01-23,208.0,212.5,203.0,204.0,66300
KIRLOSENG,2006-01-24,214.0,214.0,204.9,205.4,36100
KIRLOSENG,2006-01-25,207.8,210.0,203.0,204.35,25600
KIRLOSENG,2006-01-27,203.5,211.75,203.5,205.25,22500
KIRLOSENG,2006-01-30,205.6,211.95,203.0,204.35,39700
KIRLOSENG,2006-01-31,205.95,208.9,197.05,199.7,35500
KIRLOSENG,2006-02-01,200.1,209.0,195.25,198.25,103300
KIRLOSENG,2006-02-02,201.0,204.5,188.0,189.5,45000
KIRLOSENG,2006-02-03,190.0,192.0,179.0,180.3,70700
KIRLOSENG,2006-02-06,180.9,194.0,180.9,191.85,131800
KIRLOSENG,2006-02-07,195.5,200.0,189.0,190.0,60200
KIRLOSENG,2006-02-08,191.0,197.5,185.0,195.75,56600
KIRLOSENG,2006-02-10,193.35,200.95,193.35,197.8,85100
KIRLOSENG,2006-02-13,204.0,204.5,197.05,202.65,37600
KIRLOSENG,2006-02-14,202.5,203.0,195.3,195.8,26400
KIRLOSENG,2006-02-15,197.95,199.0,193.0,193.75,12200
KIRLOSENG,2006-02-16,194.0,197.0,191.0,193.6,19800
KIRLOSENG,2006-02-17,193.0,193.0,187.25,188.25,18200
KIRLOSENG,2006-02-20,187.5,187.95,179.0,181.3,63300
KIRLOSENG,2006-02-21,181.3,181.3,181.3,181.3,0
KIRLOSENG,2006-02-22,190.0,193.95,185.1,187.9,35500
KIRLOSENG,2006-02-23,191.8,202.9,189.0,193.95,116300
KIRLOSENG,2006-02-24,197.1,203.0,191.2,199.5,68400
KIRLOSENG,2006-02-27,201.9,201.9,193.25,197.2,16100
KIRLOSENG,2006-02-28,199.2,200.6,192.5,196.55,177700
KIRLOSENG,2006-03-01,196.9,209.0,195.3,204.85,115900
KIRLOSENG,2006-03-02,204.9,208.65,197.5,206.0,50100
KIRLOSENG,2006-03-03,205.05,207.3,203.1,204.55,49300
KIRLOSENG,2006-03-06,206.45,206.6,202.15,202.95,66000
KIRLOSENG,2006-03-07,204.0,220.0,203.9,216.45,183800
KIRLOSENG,2006-03-08,219.6,226.5,210.1,212.55,195500
KIRLOSENG,2006-03-09,216.0,216.9,205.9,207.6,67500
KIRLOSENG,2006-03-10,210.0,214.95,208.1,208.9,35900
KIRLOSENG,2006-03-13,212.0,212.7,206.1,207.35,63000
KIRLOSENG,2006-03-14,209.85,211.7,206.1,207.55,94000
KIRLOSENG,2006-03-16,205.2,209.0,205.2,207.15,15900
KIRLOSENG,2006-03-17,206.45,227.9,206.05,225.25,130400
KIRLOSENG,2006-03-20,240.0,247.0,230.0,243.65,289000
KIRLOSENG,2006-03-21,247.95,248.0,242.5,245.45,110700
KIRLOSENG,2006-03-22,240.1,244.9,230.0,238.85,135800
KIRLOSENG,2006-03-23,239.5,246.0,235.1,238.65,34300
KIRLOSENG,2006-03-24,242.5,251.85,242.5,249.5,93300
KIRLOSENG,2006-03-27,250.0,257.0,246.5,251.35,77800
KIRLOSENG,2006-03-28,255.0,271.8,245.1,265.95,181800
KIRLOSENG,2006-03-29,265.95,265.95,265.95,265.95,0
KIRLOSENG,2006-03-30,264.5,283.0,264.5,279.2,124900
KIRLOSENG,2006-03-31,281.0,292.0,281.0,291.7,58200
KIRLOSENG,2006-04-03,294.85,300.0,263.1,283.65,81900
KIRLOSENG,2006-04-04,288.85,290.0,272.0,278.7,97100
KIRLOSENG,2006-04-05,282.0,297.0,282.0,291.9,65600
KIRLOSENG,2006-04-07,292.0,319.0,288.3,301.9,179500
KIRLOSENG,2006-04-10,301.95,317.0,301.95,305.1,82000
KIRLOSENG,2006-04-12,291.7,291.7,291.7,291.7,0
KIRLOSENG,2006-04-13,290.3,298.45,275.6,284.1,87600
KIRLOSENG,2006-04-17,288.2,299.0,288.2,294.85,84100
KIRLOSENG,2006-04-18,300.0,304.9,296.5,302.2,94300
KIRLOSENG,2006-04-19,307.8,314.8,295.3,298.9,166200
KIRLOSENG,2006-04-20,301.8,301.8,284.0,285.35,126100
KIRLOSENG,2006-04-21,289.0,290.0,281.2,284.65,52600
KIRLOSENG,2006-04-24,288.0,290.0,280.1,285.05,66100
KIRLOSENG,2006-04-25,285.9,285.9,277.05,279.4,25500
KIRLOSENG,2006-04-26,280.55,307.35,268.0,307.35,166000
KIRLOSENG,2006-04-27,319.8,319.8,295.5,298.15,98000
KIRLOSENG,2006-04-28,284.1,284.1,284.1,284.1,0
KIRLOSENG,2006-05-02,312.2,332.0,307.0,321.05,209600
KIRLOSENG,2006-05-03,325.0,327.7,315.25,316.9,80800
KIRLOSENG,2006-05-04,320.0,320.5,312.05,315.6,36100
KIRLOSENG,2006-05-05,318.0,318.0,296.0,298.65,62400
KIRLOSENG,2006-05-08,304.2,306.95,298.1,301.6,37000
KIRLOSENG,2006-05-09,306.0,306.0,294.0,301.1,43200
KIRLOSENG,2006-05-10,300.2,308.9,297.35,301.35,45400
KIRLOSENG,2006-05-11,299.0,303.9,294.0,299.5,27000
KIRLOSENG,2006-05-12,290.1,300.0,290.1,293.05,35800
KIRLOSENG,2006-05-15,300.9,300.9,282.55,286.7,33200
KIRLOSENG,2006-05-16,290.15,303.4,278.0,284.95,145900
KIRLOSENG,2006-05-17,298.45,304.0,292.15,293.55,69900
KIRLOSENG,2006-05-18,286.0,287.0,271.0,272.3,48900
KIRLOSENG,2006-05-19,272.3,295.0,250.05,258.5,54200
KIRLOSENG,2006-05-22,265.0,272.0,232.65,235.65,35700
KIRLOSENG,2006-05-23,239.95,239.95,215.0,223.3,67200
KIRLOSENG,2006-05-24,231.0,234.5,231.0,233.3,24900
KIRLOSENG,2006-05-25,235.0,245.0,223.0,244.8,23800
KIRLOSENG,2006-05-26,254.0,257.05,250.0,257.05,8500
KIRLOSENG,2006-05-29,269.0,269.9,250.0,268.4,22500
KIRLOSENG,2006-05-30,270.05,272.0,260.0,263.3,22200
KIRLOSENG,2006-05-31,263.3,263.3,263.3,263.3,0
KIRLOSENG,2006-06-01,250.15,257.85,237.65,237.9,26000
KIRLOSENG,2006-06-02,234.8,237.0,226.0,228.55,32000
KIRLOSENG,2006-06-05,230.0,231.0,217.2,217.4,24500
KIRLOSENG,2006-06-06,212.0,212.0,206.55,207.05,16400
KIRLOSENG,2006-06-07,204.95,204.95,196.7,196.7,31000
KIRLOSENG,2006-06-08,197.0,197.0,186.9,186.9,11400
KIRLOSENG,2006-06-09,178.0,196.25,177.6,196.25,49600
KIRLOSENG,2006-06-12,201.0,202.0,186.0,190.05,56000
KIRLOSENG,2006-06-13,190.0,190.0,171.05,171.05,39100
KIRLOSENG,2006-06-14,170.0,183.9,153.95,155.85,61100
KIRLOSENG,2006-06-15,155.85,155.85,155.85,155.85,0
KIRLOSENG,2006-06-16,155.85,155.85,155.85,155.85,0
KIRLOSENG,2006-06-19,179.0,180.45,175.05,180.45,15500
KIRLOSENG,2006-06-20,184.0,189.5,181.05,188.6,39400
KIRLOSENG,2006-06-21,198.0,198.05,193.1,197.95,35100
KIRLOSENG,2006-06-22,202.0,207.75,195.0,198.3,34100
KIRLOSENG,2006-06-23,198.0,201.0,190.4,193.9,21700
KIRLOSENG,2006-06-26,203.25,203.25,185.5,185.85,15800
KIRLOSENG,2006-06-27,190.0,190.0,176.7,180.35,10700
KIRLOSENG,2006-06-28,180.0,189.4,175.0,189.25,38500
KIRLOSENG,2006-06-29,197.0,198.0,184.0,185.05,31000
KIRLOSENG,2006-06-30,190.0,192.8,188.2,191.3,16700
KIRLOSENG,2006-07-03,198.45,198.45,184.0,185.05,16000
KIRLOSENG,2006-07-04,187.0,192.0,182.9,184.55,15800
KIRLOSENG,2006-07-05,189.0,189.0,182.65,184.0,6500
KIRLOSENG,2006-07-06,175.0,187.5,175.0,183.45,9100
KIRLOSENG,2006-07-07,183.6,187.0,174.5,176.7,68700
KIRLOSENG,2006-07-10,180.0,185.0,179.5,184.15,16600
KIRLOSENG,2006-07-11,181.1,184.45,180.0,180.35,5600
KIRLOSENG,2006-07-12,180.0,188.75,176.05,187.35,21200
KIRLOSENG,2006-07-13,188.4,188.4,181.35,182.6,9800
KIRLOSENG,2006-07-14,177.0,184.9,177.0,178.15,12900
KIRLOSENG,2006-07-17,180.0,180.0,170.5,171.35,20100
KIRLOSENG,2006-07-18,173.9,175.0,169.5,172.95,17800
KIRLOSENG,2006-07-19,174.85,177.85,170.0,170.45,39800
KIRLOSENG,2006-07-20,171.0,176.45,171.0,172.05,41300
KIRLOSENG,2006-07-21,175.0,175.0,165.0,169.1,43900
KIRLOSENG,2006-07-24,170.0,176.45,161.0,173.35,82000
KIRLOSENG,2006-07-25,177.9,181.5,175.0,180.8,36600
KIRLOSENG,2006-07-26,180.0,184.9,177.0,183.25,40000
KIRLOSENG,2006-07-27,183.0,186.0,180.75,184.6,30400
KIRLOSENG,2006-07-28,184.8,187.4,180.1,185.65,12700
KIRLOSENG,2006-07-31,189.85,194.95,186.5,190.0,58400
KIRLOSENG,2006-08-01,189.5,191.0,185.0,187.3,22800
KIRLOSENG,2006-08-02,187.0,190.0,185.15,187.4,43400
KIRLOSENG,2006-08-03,187.4,187.4,187.4,187.4,0
KIRLOSENG,2006-08-04,186.0,190.85,181.0,186.1,18500
KIRLOSENG,2006-08-07,182.0,189.95,180.0,188.65,9100
KIRLOSENG,2006-08-08,193.0,193.0,189.0,189.75,36700
KIRLOSENG,2006-08-09,194.0,199.25,191.1,199.2,50100
KIRLOSENG,2006-08-10,205.0,205.75,197.0,203.9,50600
KIRLOSENG,2006-08-11,205.0,217.0,205.0,211.5,94400
KIRLOSENG,2006-08-14,214.7,216.8,206.0,207.6,39000
KIRLOSENG,2006-08-16,210.0,219.5,207.5,211.75,77600
KIRLOSENG,2006-08-17,213.0,214.55,208.0,210.95,56000
KIRLOSENG,2006-08-18,209.1,209.7,203.5,207.9,27200
KIRLOSENG,2006-08-21,213.5,213.5,204.15,208.2,11900
KIRLOSENG,2006-08-22,214.6,216.8,210.0,212.35,36300
KIRLOSENG,2006-08-23,212.35,214.9,208.5,210.45,16900
KIRLOSENG,2006-08-24,210.0,210.1,205.0,209.05,16700
KIRLOSENG,2006-08-25,209.3,219.9,209.0,216.25,41600
KIRLOSENG,2006-08-28,225.8,225.8,212.5,213.95,34700
KIRLOSENG,2006-08-29,215.2,216.85,213.5,215.0,26600
KIRLOSENG,2006-08-30,214.25,216.35,210.6,213.1,17300
KIRLOSENG,2006-08-31,214.5,214.5,205.65,207.6,13700
KIRLOSENG,2006-09-01,213.0,214.9,205.0,213.05,20100
KIRLOSENG,2006-09-04,215.0,221.9,213.0,217.4,66900
KIRLOSENG,2006-09-05,217.4,217.4,211.4,214.45,13500
KIRLOSENG,2006-09-06,217.0,222.25,214.2,220.75,42500
KIRLOSENG,2006-09-07,220.0,220.0,203.6,216.55,14100
KIRLOSENG,2006-09-08,219.85,224.0,218.05,220.75,24300
KIRLOSENG,2006-09-11,221.8,224.9,212.55,215.9,35500
KIRLOSENG,2006-09-12,206.0,218.9,204.0,217.0,13200
KIRLOSENG,2006-09-13,218.0,228.4,218.0,226.2,46800
KIRLOSENG,2006-09-14,228.1,232.0,223.2,224.2,26100
KIRLOSENG,2006-09-15,222.25,227.0,222.05,223.4,16500
KIRLOSENG,2006-09-18,227.0,227.0,220.1,222.1,8200
KIRLOSENG,2006-09-19,225.0,233.0,222.5,226.2,46800
KIRLOSENG,2006-09-20,224.4,231.0,224.05,227.8,27900
KIRLOSENG,2006-09-21,212.0,231.0,212.0,222.4,27500
KIRLOSENG,2006-09-22,226.0,228.0,222.05,223.15,16400
KIRLOSENG,2006-09-25,219.85,226.85,219.85,221.1,10000
KIRLOSENG,2006-09-26,222.0,226.0,221.0,224.25,50200
KIRLOSENG,2006-09-27,206.85,232.5,206.85,228.05,47800
KIRLOSENG,2006-09-28,222.0,232.0,222.0,230.35,41100
KIRLOSENG,2006-09-29,227.0,230.95,223.0,226.45,31900
KIRLOSENG,2006-10-03,224.0,231.0,224.0,228.25,12800
KIRLOSENG,2006-10-04,229.0,231.0,225.1,226.85,27800
KIRLOSENG,2006-10-05,227.95,233.9,227.1,232.95,20100
KIRLOSENG,2006-10-06,231.0,249.25,231.0,243.2,47500
KIRLOSENG,2006-10-09,243.2,249.95,240.8,247.2,35400
KIRLOSENG,2006-10-10,260.0,263.8,249.65,254.95,84200
KIRLOSENG,2006-10-11,259.55,259.55,244.1,245.95,14900
KIRLOSENG,2006-10-12,244.0,253.75,244.0,245.65,8200
KIRLOSENG,2006-10-13,238.0,257.5,238.0,253.45,30200
KIRLOSENG,2006-10-16,257.0,271.0,255.05,257.9,49800
KIRLOSENG,2006-10-17,261.5,261.7,245.1,247.65,38400
KIRLOSENG,2006-10-18,258.8,272.45,258.8,272.45,111400
KIRLOSENG,2006-10-19,275.0,285.0,263.25,266.35,98000
KIRLOSENG,2006-10-20,270.0,278.0,267.5,270.7,48900
KIRLOSENG,2006-10-23,276.9,276.9,265.1,273.2,27600
KIRLOSENG,2006-10-26,274.05,274.95,266.1,270.95,61800
KIRLOSENG,2006-10-27,269.2,272.45,264.25,265.55,16400
KIRLOSENG,2006-10-30,265.0,268.0,257.0,258.3,21300
KIRLOSENG,2006-10-31,260.0,275.0,257.0,267.5,62700
KIRLOSENG,2006-11-01,270.0,270.0,262.5,268.25,49200
KIRLOSENG,2006-11-02,273.0,273.0,263.25,267.9,35900
KIRLOSENG,2006-11-03,267.0,281.0,265.0,273.3,50000
KIRLOSENG,2006-11-06,274.05,280.0,271.0,276.6,51000
KIRLOSENG,2006-11-07,276.0,277.0,270.25,274.1,50100
KIRLOSENG,2006-11-08,279.9,279.9,266.2,270.6,49700
KIRLOSENG,2006-11-09,275.0,279.0,268.35,275.65,30300
KIRLOSENG,2006-11-10,272.15,288.0,272.15,286.55,87800
KIRLOSENG,2006-11-13,290.0,301.8,288.0,299.5,106800
KIRLOSENG,2006-11-14,302.9,303.5,284.2,287.2,73100
KIRLOSENG,2006-11-15,295.0,298.0,283.0,285.3,69400
KIRLOSENG,2006-11-16,286.3,290.0,279.5,282.5,32400
KIRLOSENG,2006-11-17,287.0,287.0,274.05,277.5,36800
KIRLOSENG,2006-11-20,287.0,287.0,266.3,275.45,28800
KIRLOSENG,2006-11-21,276.0,280.0,271.0,272.7,13900
KIRLOSENG,2006-11-22,275.0,279.8,273.0,276.7,35200
KIRLOSENG,2006-11-23,282.0,282.0,274.0,275.15,16900
KIRLOSENG,2006-11-24,276.0,278.5,270.0,276.3,23200
KIRLOSENG,2006-11-27,278.5,283.0,275.0,280.8,149800
KIRLOSENG,2006-11-28,277.0,278.65,273.35,274.8,13400
KIRLOSENG,2006-11-29,277.05,282.0,275.0,280.45,26600
KIRLOSENG,2006-11-30,280.0,284.0,278.3,282.3,23800
KIRLOSENG,2006-12-01,272.0,284.0,272.0,282.1,21100
KIRLOSENG,2006-12-04,291.0,305.0,285.0,286.75,77400
KIRLOSENG,2006-12-05,292.7,292.95,288.0,290.5,41600
KIRLOSENG,2006-12-06,291.0,294.75,289.0,290.9,36300
KIRLOSENG,2006-12-07,287.2,289.9,283.0,284.25,19300
KIRLOSENG,2006-12-08,290.0,290.0,277.5,280.05,27500
KIRLOSENG,2006-12-11,275.1,279.0,271.0,274.05,25200
KIRLOSENG,2006-12-12,270.1,275.0,260.0,262.6,31300
KIRLOSENG,2006-12-13,256.0,269.9,245.0,267.85,30800
KIRLOSENG,2006-12-14,269.0,283.85,267.3,275.4,36200
KIRLOSENG,2006-12-15,278.2,279.25,269.05,269.75,16700
KIRLOSENG,2006-12-18,270.3,276.0,268.0,268.9,11900
KIRLOSENG,2006-12-19,279.9,279.9,262.0,265.2,25900
KIRLOSENG,2006-12-20,270.0,272.0,263.3,271.05,19700
KIRLOSENG,2006-12-21,269.8,272.9,265.85,269.2,22200
KIRLOSENG,2006-12-22,270.85,270.85,264.15,265.0,27300
KIRLOSENG,2006-12-26,270.0,278.15,269.0,270.25,22000
KIRLOSENG,2006-12-27,274.5,276.95,270.65,273.25,22900
KIRLOSENG,2006-12-28,265.0,289.9,264.0,278.3,31400
KIRLOSENG,2006-12-29,272.0,281.7,272.0,280.6,46100
KIRLOSENG,2007-01-02,282.0,283.0,277.55,280.0,60200
KIRLOSENG,2007-01-03,281.0,292.85,276.2,288.85,56600
KIRLOSENG,2007-01-04,290.3,291.95,277.0,283.9,75800
KIRLOSENG,2007-01-05,285.0,289.75,278.5,279.95,47300
KIRLOSENG,2007-01-08,279.5,284.0,277.5,279.35,38600
KIRLOSENG,2007-01-09,290.0,290.0,275.0,276.45,25800
KIRLOSENG,2007-01-10,272.1,281.0,271.0,276.75,46200
KIRLOSENG,2007-01-11,280.0,285.0,275.1,283.8,43500
KIRLOSENG,2007-01-12,282.1,289.5,280.0,287.65,37300
KIRLOSENG,2007-01-15,290.0,294.9,284.1,285.1,24200
KIRLOSENG,2007-01-16,285.0,286.25,277.1,280.45,57600
KIRLOSENG,2007-01-17,284.0,294.0,259.0,264.7,199600
KIRLOSENG,2007-01-18,265.0,272.85,257.1,259.4,103600
KIRLOSENG,2007-01-19,262.0,273.0,250.0,270.7,88200
KIRLOSENG,2007-01-22,296.8,296.8,265.05,265.6,20100
KIRLOSENG,2007-01-23,261.6,264.85,258.0,259.5,23200
KIRLOSENG,2007-01-24,262.0,267.0,262.0,265.8,22600
KIRLOSENG,2007-01-25,266.0,266.0,258.0,260.35,19000
KIRLOSENG,2007-01-29,264.35,267.9,261.9,265.4,15400
KIRLOSENG,2007-01-31,260.1,275.0,260.1,270.4,43800
KIRLOSENG,2007-02-01,273.0,277.0,267.5,275.55,40400
KIRLOSENG,2007-02-02,277.0,277.1,266.0,267.0,23200
KIRLOSENG,2007-02-05,270.95,271.0,263.0,263.65,9800
KIRLOSENG,2007-02-06,279.9,279.9,263.0,270.9,43000
KIRLOSENG,2007-02-07,263.5,275.0,263.5,274.0,67800
KIRLOSENG,2007-02-08,266.4,280.0,266.4,275.0,74400
KIRLOSENG,2007-02-09,267.0,276.75,263.0,265.6,22100
KIRLOSENG,2007-02-12,261.05,261.15,240.05,242.65,42600
KIRLOSENG,2007-02-13,230.0,255.0,220.0,248.2,25200
KIRLOSENG,2007-02-14,253.5,253.5,241.0,250.15,10300
KIRLOSENG,2007-02-15,253.0,273.0,253.0,267.35,36700
KIRLOSENG,2007-02-19,270.0,272.0,260.0,262.7,16500
KIRLOSENG,2007-02-20,263.0,267.0,255.0,256.5,8200
KIRLOSENG,2007-02-21,257.9,266.0,256.15,261.15,11700
KIRLOSENG,2007-02-22,259.0,260.0,252.15,256.15,33300
KIRLOSENG,2007-02-23,253.05,258.0,240.25,249.6,18400
KIRLOSENG,2007-02-26,255.0,257.0,241.0,252.0,10100
KIRLOSENG,2007-02-27,252.0,252.0,245.3,246.7,7600
KIRLOSENG,2007-02-28,223.15,245.0,223.1,242.65,24500
KIRLOSENG,2007-03-01,243.0,250.0,241.5,246.15,8900
KIRLOSENG,2007-03-02,245.0,254.0,240.15,250.0,34800
KIRLOSENG,2007-03-05,235.3,246.1,230.0,235.5,60500
KIRLOSENG,2007-03-06,239.0,244.0,230.0,240.0,11600
KIRLOSENG,2007-03-07,244.5,244.5,230.0,235.75,41600
KIRLOSENG,2007-03-08,242.0,242.0,230.1,239.25,26700
KIRLOSENG,2007-03-09,250.0,250.0,237.1,243.95,5800
KIRLOSENG,2007-03-12,253.0,253.0,236.25,238.75,26000
KIRLOSENG,2007-03-13,240.0,242.0,238.15,240.3,13600
KIRLOSENG,2007-03-14,238.95,239.0,233.0,234.6,12400
KIRLOSENG,2007-03-15,240.0,244.0,234.0,235.05,13600
KIRLOSENG,2007-03-16,235.0,237.25,228.5,229.75,11500
KIRLOSENG,2007-03-19,238.85,241.9,230.0,236.65,8700
KIRLOSENG,2007-03-20,237.5,239.9,233.0,234.9,4200
KIRLOSENG,2007-03-21,239.7,239.7,225.55,236.0,5800
KIRLOSENG,2007-03-22,239.9,244.0,236.1,239.0,25900
KIRLOSENG,2007-03-23,243.0,243.0,235.15,236.2,5100
KIRLOSENG,2007-03-26,241.4,241.5,230.0,231.0,12100
KIRLOSENG,2007-03-28,230.0,235.0,227.0,228.3,26300
KIRLOSENG,2007-03-29,210.0,237.0,210.0,234.6,52800
KIRLOSENG,2007-03-30,234.6,240.0,230.0,235.8,68600
KIRLOSENG,2007-04-02,229.0,229.05,218.0,228.0,10800
KIRLOSENG,2007-04-03,226.8,238.0,226.8,228.35,182500
KIRLOSENG,2007-04-04,229.0,235.5,229.0,234.6,13400
KIRLOSENG,2007-04-05,233.0,233.0,227.25,228.2,7400
KIRLOSENG,2007-04-09,232.0,235.0,228.6,233.65,10000
KIRLOSENG,2007-04-10,230.5,239.9,230.5,239.9,108800
KIRLOSENG,2007-04-11,237.25,244.9,237.05,242.0,25500
KIRLOSENG,2007-04-12,238.0,240.0,234.9,238.65,9500
KIRLOSENG,2007-04-13,237.5,255.0,237.5,252.05,29000
KIRLOSENG,2007-04-16,252.05,259.0,251.0,252.9,24100
KIRLOSENG,2007-04-17,260.0,260.0,244.0,248.2,262900
KIRLOSENG,2007-04-18,254.0,254.0,248.05,253.2,11700
KIRLOSENG,2007-04-19,253.2,264.9,248.05,262.9,54800
KIRLOSENG,2007-04-20,265.0,274.5,260.5,264.9,43500
KIRLOSENG,2007-04-23,263.2,265.0,252.25,255.45,20100
KIRLOSENG,2007-04-24,259.75,259.75,252.95,254.75,12400
KIRLOSENG,2007-04-25,255.3,262.45,254.0,260.1,20200
KIRLOSENG,2007-04-26,262.0,263.9,258.5,260.5,12400
KIRLOSENG,2007-04-27,258.05,258.05,246.0,253.25,26200
KIRLOSENG,2007-04-30,261.8,261.8,250.05,255.0,7800
KIRLOSENG,2007-05-03,255.1,262.5,255.1,260.3,21900
KIRLOSENG,2007-05-04,261.1,264.1,255.25,261.1,25800
KIRLOSENG,2007-05-07,260.0,262.8,252.55,253.25,35700
KIRLOSENG,2007-05-08,255.0,257.4,252.75,255.2,46800
KIRLOSENG,2007-05-09,254.0,260.0,250.0,256.05,23800
KIRLOSENG,2007-05-10,256.0,267.8,256.0,265.1,57100
KIRLOSENG,2007-05-11,258.1,265.0,258.1,263.9,8900
KIRLOSENG,2007-05-14,265.0,274.0,264.0,271.4,39500
KIRLOSENG,2007-05-15,273.8,274.2,262.0,270.6,18100
KIRLOSENG,2007-05-16,271.5,276.0,267.0,275.15,34300
KIRLOSENG,2007-05-17,275.0,276.0,270.0,274.75,17100
KIRLOSENG,2007-05-18,275.0,277.8,270.35,275.95,34800
KIRLOSENG,2007-05-21,277.0,277.5,271.05,274.6,17200
KIRLOSENG,2007-05-22,273.05,275.0,268.0,270.2,6700
KIRLOSENG,2007-05-23,268.1,277.6,268.1,275.05,23900
KIRLOSENG,2007-05-24,277.0,277.5,265.1,275.3,174000
KIRLOSENG,2007-05-25,275.0,277.0,270.1,275.0,25000
KIRLOSENG,2007-05-28,275.0,280.0,270.15,276.5,19400
KIRLOSENG,2007-05-29,277.5,279.0,274.0,276.0,54200
KIRLOSENG,2007-05-30,270.0,278.0,270.0,276.65,53100
KIRLOSENG,2007-05-31,277.0,278.0,269.25,274.65,42900
KIRLOSENG,2007-06-01,274.65,274.65,274.65,274.65,0
KIRLOSENG,2007-06-04,275.0,277.9,270.0,275.2,11200
KIRLOSENG,2007-06-05,272.0,273.95,270.2,273.3,10600
KIRLOSENG,2007-06-06,274.25,279.0,273.0,275.15,17400
KIRLOSENG,2007-06-07,274.95,277.2,270.75,275.0,8600
KIRLOSENG,2007-06-08,271.1,273.7,270.5,272.1,7200
KIRLOSENG,2007-06-11,270.0,274.0,267.0,271.35,38300
KIRLOSENG,2007-06-12,271.35,274.9,261.35,269.15,8400
KIRLOSENG,2007-06-13,266.1,269.0,262.25,266.65,10900
KIRLOSENG,2007-06-14,266.1,270.0,264.0,266.5,17700
KIRLOSENG,2007-06-15,265.0,270.0,264.25,266.3,15000
KIRLOSENG,2007-06-18,265.1,274.0,263.0,271.25,27200
KIRLOSENG,2007-06-19,270.05,283.5,269.5,278.15,13200
KIRLOSENG,2007-06-20,280.0,281.0,275.0,280.0,40300
KIRLOSENG,2007-06-21,275.0,281.0,274.05,279.6,15100
KIRLOSENG,2007-06-22,280.0,281.0,272.0,274.25,16500
KIRLOSENG,2007-06-25,283.9,290.5,276.25,288.45,36700
KIRLOSENG,2007-06-26,282.0,291.9,282.0,288.05,53200
KIRLOSENG,2007-06-27,288.0,299.0,283.1,289.85,30000
KIRLOSENG,2007-06-28,298.0,302.0,293.0,299.5,49800
KIRLOSENG,2007-06-29,295.0,319.8,295.0,316.25,128700
KIRLOSENG,2007-07-02,320.0,329.8,320.0,324.9,48200
KIRLOSENG,2007-07-03,325.0,330.0,316.0,318.95,31100
KIRLOSENG,2007-07-04,322.0,323.5,315.1,319.9,12700
KIRLOSENG,2007-07-05,319.9,319.9,308.0,311.9,11200
KIRLOSENG,2007-07-06,317.0,317.0,301.05,307.9,29400
KIRLOSENG,2007-07-09,310.05,310.25,301.25,304.3,26400
KIRLOSENG,2007-07-10,309.0,324.0,309.0,313.1,58200
KIRLOSENG,2007-07-11,317.8,322.0,315.0,316.15,30900
KIRLOSENG,2007-07-12,320.0,346.6,319.0,338.65,107600
KIRLOSENG,2007-07-13,344.0,400.0,344.0,348.75,157900
KIRLOSENG,2007-07-16,354.0,366.0,344.0,347.65,64000
KIRLOSENG,2007-07-17,352.0,355.85,332.1,336.35,46900
KIRLOSENG,2007-07-18,337.0,337.1,318.0,329.65,38100
KIRLOSENG,2007-07-19,339.0,386.85,335.0,357.4,408500
KIRLOSENG,2007-07-20,367.0,367.0,350.05,353.25,140300
KIRLOSENG,2007-07-23,353.25,359.0,344.9,352.45,48600
KIRLOSENG,2007-07-24,352.0,355.0,344.05,345.7,26000
KIRLOSENG,2007-07-25,335.3,350.0,335.3,337.85,17100
KIRLOSENG,2007-07-26,344.0,351.0,339.2,346.75,20200
KIRLOSENG,2007-07-27,332.0,353.95,332.0,346.05,47100
KIRLOSENG,2007-07-30,345.2,352.4,343.05,345.45,49100
KIRLOSENG,2007-07-31,346.0,355.0,346.0,350.5,32400
KIRLOSENG,2007-08-01,345.2,349.9,335.0,337.0,25200
KIRLOSENG,2007-08-02,339.0,342.8,334.0,336.75,23500
KIRLOSENG,2007-08-03,342.05,344.0,337.1,339.25,12300
KIRLOSENG,2007-08-06,335.1,342.0,335.1,340.15,11900
KIRLOSENG,2007-08-07,342.0,353.9,340.0,342.0,12500
KIRLOSENG,2007-08-08,345.0,351.25,343.1,349.3,14400
KIRLOSENG,2007-08-09,345.5,355.0,341.0,343.5,31200
KIRLOSENG,2007-08-10,340.0,345.0,330.1,342.65,15800
KIRLOSENG,2007-08-13,341.0,354.0,341.0,341.0,15100
KIRLOSENG,2007-08-14,344.5,344.5,337.55,340.0,6600
KIRLOSENG,2007-08-16,335.1,339.95,330.1,332.0,15500
KIRLOSENG,2007-08-17,336.0,336.2,322.3,330.0,25500
KIRLOSENG,2007-08-20,340.0,343.9,332.0,334.0,9200
KIRLOSENG,2007-08-21,321.0,338.75,321.0,323.5,7200
KIRLOSENG,2007-08-22,311.0,329.0,311.0,321.0,9200
KIRLOSENG,2007-08-23,326.1,330.0,322.05,323.9,9400
KIRLOSENG,2007-08-24,325.0,326.0,317.0,319.0,13300
KIRLOSENG,2007-08-27,323.0,329.4,316.0,318.0,25900
KIRLOSENG,2007-08-28,323.4,323.4,305.0,310.0,49000
KIRLOSENG,2007-08-29,306.0,317.9,306.0,312.0,13500
KIRLOSENG,2007-08-30,317.1,318.45,312.0,312.7,12700
KIRLOSENG,2007-08-31,314.0,323.85,314.0,322.0,17300
KIRLOSENG,2007-09-03,323.1,331.0,322.05,322.5,10500
KIRLOSENG,2007-09-04,325.8,325.8,318.1,323.8,8800
KIRLOSENG,2007-09-05,329.45,332.0,322.1,327.0,14800
KIRLOSENG,2007-09-06,327.0,332.0,321.15,322.85,17400
KIRLOSENG,2007-09-07,330.0,330.0,322.0,323.0,11500
KIRLOSENG,2007-09-10,315.0,324.75,315.0,319.1,19300
KIRLOSENG,2007-09-11,324.0,326.9,317.0,318.0,11200
KIRLOSENG,2007-09-12,323.8,323.8,314.1,315.0,16700
KIRLOSENG,2007-09-13,318.1,323.1,317.6,318.0,10100
KIRLOSENG,2007-09-14,327.95,329.0,317.0,321.15,12100
KIRLOSENG,2007-09-17,328.45,345.0,325.1,328.0,42000
KIRLOSENG,2007-09-18,333.9,336.0,324.05,324.05,28100
KIRLOSENG,2007-09-19,333.0,340.0,327.3,333.0,49200
KIRLOSENG,2007-09-20,335.0,338.5,330.0,335.0,43100
KIRLOSENG,2007-09-21,337.9,344.8,330.0,342.8,68600
KIRLOSENG,2007-09-24,340.0,344.0,335.5,337.0,34800
KIRLOSENG,2007-09-25,338.0,338.0,330.2,333.5,28100
KIRLOSENG,2007-09-26,333.5,339.0,328.25,332.15,45700
KIRLOSENG,2007-09-27,333.0,339.0,325.0,329.0,105800
KIRLOSENG,2007-09-28,327.5,362.8,327.5,353.7,159400
KIRLOSENG,2007-10-01,354.0,360.9,350.0,354.15,113900
KIRLOSENG,2007-10-03,362.0,378.0,358.0,363.75,84700
KIRLOSENG,2007-10-04,363.1,367.9,356.0,359.75,29400
KIRLOSENG,2007-10-05,364.0,372.0,357.2,364.9,170200
KIRLOSENG,2007-10-08,368.0,382.0,358.0,361.5,36900
KIRLOSENG,2007-10-09,355.0,368.5,355.0,362.1,26100
KIRLOSENG,2007-10-10,377.0,377.0,358.05,362.0,42000
KIRLOSENG,2007-10-11,363.0,364.45,360.0,361.5,22900
KIRLOSENG,2007-10-12,358.5,367.0,358.5,365.0,42400
KIRLOSENG,2007-10-15,365.35,382.0,363.0,375.15,45000
KIRLOSENG,2007-10-16,380.0,390.0,376.2,382.5,64500
KIRLOSENG,2007-10-17,331.0,395.0,331.0,379.75,41600
KIRLOSENG,2007-10-18,384.4,391.0,350.0,375.0,98500
KIRLOSENG,2007-10-19,378.0,378.0,329.95,352.9,115700
KIRLOSENG,2007-10-22,350.0,360.0,347.0,351.0,208500
KIRLOSENG,2007-10-23,360.0,371.0,354.1,356.0,106100
KIRLOSENG,2007-10-24,360.4,376.0,355.05,359.0,195800
KIRLOSENG,2007-10-25,197.0,197.0,173.0,173.85,93200
KIRLOSENG,2007-10-26,178.5,180.0,162.0,164.0,76800
KIRLOSENG,2007-10-29,165.1,169.85,164.0,166.0,281800
KIRLOSENG,2007-10-30,169.85,169.85,158.0,159.0,54900
KIRLOSENG,2007-10-31,155.2,160.0,154.35,157.65,47900
KIRLOSENG,2007-11-01,155.2,160.0,150.15,152.95,79000
KIRLOSENG,2007-11-02,154.95,161.9,149.1,161.7,31100
KIRLOSENG,2007-11-05,161.0,167.0,160.25,162.0,32300
KIRLOSENG,2007-11-06,163.0,164.0,155.0,156.25,18100
KIRLOSENG,2007-11-07,157.0,163.5,151.2,156.0,19700
KIRLOSENG,2007-11-08,158.8,158.8,152.55,155.0,9100
KIRLOSENG,2007-11-12,152.0,161.0,147.0,161.0,225100
KIRLOSENG,2007-11-13,156.0,158.9,148.0,149.4,41000
KIRLOSENG,2007-11-14,153.95,157.0,151.0,155.0,28600
KIRLOSENG,2007-11-15,152.1,158.0,152.0,152.0,28600
KIRLOSENG,2007-11-16,155.0,171.0,152.55,166.25,115200
KIRLOSENG,2007-11-19,166.0,171.0,165.0,165.05,37100
KIRLOSENG,2007-11-20,173.4,173.4,162.55,167.0,20100
KIRLOSENG,2007-11-21,167.0,167.0,160.55,160.55,21900
KIRLOSENG,2007-11-22,161.0,161.9,156.0,161.0,32700
KIRLOSENG,2007-11-23,158.5,162.5,158.0,160.5,8500
KIRLOSENG,2007-11-26,158.5,163.0,158.4,160.0,18300
KIRLOSENG,2007-11-27,156.1,163.45,156.1,160.5,9900
KIRLOSENG,2007-11-28,157.2,167.5,155.55,156.8,28500
KIRLOSENG,2007-11-29,160.0,162.5,156.0,157.0,19300
KIRLOSENG,2007-11-30,160.0,160.0,151.05,157.5,67200
KIRLOSENG,2007-12-03,160.0,160.0,156.2,157.0,476900
KIRLOSENG,2007-12-04,160.0,164.0,157.0,157.05,41600
KIRLOSENG,2007-12-05,159.85,160.0,151.1,153.7,100900
KIRLOSENG,2007-12-06,158.0,158.0,150.0,151.85,102100
KIRLOSENG,2007-12-07,156.55,156.55,152.05,152.5,35900
KIRLOSENG,2007-12-10,154.0,155.5,152.0,153.8,101700
KIRLOSENG,2007-12-11,155.8,160.0,154.2,157.5,186200
KIRLOSENG,2007-12-12,155.1,172.0,155.1,169.0,334700
KIRLOSENG,2007-12-13,172.8,181.9,163.0,171.0,344900
KIRLOSENG,2007-12-14,174.5,180.9,173.0,176.5,79700
KIRLOSENG,2007-12-17,176.6,178.8,165.0,166.75,59200
KIRLOSENG,2007-12-18,166.0,168.0,161.05,163.0,263300
KIRLOSENG,2007-12-19,167.4,169.0,158.0,159.35,53900
KIRLOSENG,2007-12-20,160.0,166.8,160.0,161.2,32700
KIRLOSENG,2007-12-24,164.75,165.8,157.0,157.0,35300
KIRLOSENG,2007-12-26,161.8,167.1,159.0,166.0,43700
KIRLOSENG,2007-12-27,169.5,169.5,163.0,163.1,57400
KIRLOSENG,2007-12-28,160.0,164.95,160.0,164.0,124500
KIRLOSENG,2007-12-31,165.0,174.9,164.0,172.9,603500
KIRLOSENG,2008-01-01,181.0,186.2,179.05,184.0,463600
KIRLOSENG,2008-01-02,190.0,194.45,181.65,182.9,230200
KIRLOSENG,2008-01-03,184.0,186.4,175.9,181.3,125000
KIRLOSENG,2008-01-04,182.7,184.0,173.0,177.9,138300
KIRLOSENG,2008-01-07,176.0,183.0,172.0,177.5,78000
KIRLOSENG,2008-01-08,182.0,183.9,169.0,172.0,133800
KIRLOSENG,2008-01-09,168.0,176.8,163.55,167.0,83700
KIRLOSENG,2008-01-10,168.0,172.3,161.0,161.05,40300
KIRLOSENG,2008-01-11,163.5,168.8,157.0,161.5,37300
KIRLOSENG,2008-01-14,174.0,174.0,160.05,166.7,22900
KIRLOSENG,2008-01-15,170.0,172.0,160.0,164.0,31800
KIRLOSENG,2008-01-16,161.25,170.9,160.0,166.4,54100
KIRLOSENG,2008-01-17,165.0,168.9,159.3,160.05,58400
KIRLOSENG,2008-01-18,163.8,163.8,136.1,141.0,109400
KIRLOSENG,2008-01-21,140.1,145.95,117.05,122.0,225200
KIRLOSENG,2008-01-22,110.0,122.0,100.0,111.25,63300
KIRLOSENG,2008-01-23,131.95,136.0,116.25,135.0,66000
KIRLOSENG,2008-01-24,139.9,139.9,118.0,130.0,95800
KIRLOSENG,2008-01-25,132.0,136.25,126.0,136.25,41800
KIRLOSENG,2008-01-28,136.25,136.25,119.9,128.5,54000
KIRLOSENG,2008-01-29,135.0,136.0,129.0,131.0,36800
KIRLOSENG,2008-01-30,133.0,134.05,126.15,127.0,49100
KIRLOSENG,2008-01-31,131.0,131.4,121.1,123.6,50600
KIRLOSENG,2008-02-01,125.6,127.0,122.0,125.95,17300
KIRLOSENG,2008-02-04,127.1,132.0,127.0,128.1,15100
KIRLOSENG,2008-02-05,128.0,130.0,126.65,128.0,12500
KIRLOSENG,2008-02-06,124.3,128.9,123.05,125.9,38100
KIRLOSENG,2008-02-07,129.0,129.75,123.05,123.1,18700
KIRLOSENG,2008-02-08,123.0,124.75,118.0,121.0,40900
KIRLOSENG,2008-02-11,119.0,124.0,112.0,115.0,37800
KIRLOSENG,2008-02-12,113.0,120.65,111.05,112.0,32400
KIRLOSENG,2008-02-13,113.1,118.55,111.0,112.9,11500
KIRLOSENG,2008-02-14,119.9,119.9,113.5,116.9,18800
KIRLOSENG,2008-02-15,117.0,122.4,113.05,121.8,21200
KIRLOSENG,2008-02-18,121.8,127.0,120.2,125.0,35400
KIRLOSENG,2008-02-19,126.05,128.5,121.4,121.5,21400
KIRLOSENG,2008-02-20,121.5,122.5,118.95,122.0,27300
KIRLOSENG,2008-02-21,124.0,125.0,118.0,119.0,12100
KIRLOSENG,2008-02-22,118.0,119.0,115.0,116.1,19200
KIRLOSENG,2008-02-25,118.6,120.0,114.1,116.1,16100
KIRLOSENG,2008-02-26,117.5,119.0,114.15,117.5,12500
KIRLOSENG,2008-02-27,118.0,121.0,114.0,115.95,47300
KIRLOSENG,2008-02-28,116.9,116.9,113.5,114.9,201000
KIRLOSENG,2008-02-29,115.0,118.0,112.9,115.0,38400
KIRLOSENG,2008-03-03,98.5,116.0,98.5,114.75,29100
KIRLOSENG,2008-03-04,113.4,114.0,110.0,113.0,36500
KIRLOSENG,2008-03-05,113.5,113.6,109.3,111.15,120200
KIRLOSENG,2008-03-07,110.0,114.0,102.2,110.35,44100
KIRLOSENG,2008-03-10,105.0,114.0,99.3,114.0,84100
KIRLOSENG,2008-03-11,110.9,112.45,108.1,112.45,28800
KIRLOSENG,2008-03-12,121.0,121.0,107.1,112.0,16100
KIRLOSENG,2008-03-13,115.5,115.5,100.6,109.95,31200
KIRLOSENG,2008-03-14,106.1,107.45,102.1,104.2,15700
KIRLOSENG,2008-03-17,104.5,106.0,86.0,102.45,82000
KIRLOSENG,2008-03-18,101.0,105.0,91.1,100.15,96400
KIRLOSENG,2008-03-19,105.85,105.85,95.6,102.9,71700
KIRLOSENG,2008-03-24,101.45,101.45,92.1,97.25,96500
KIRLOSENG,2008-03-25,98.5,102.2,95.3,100.0,172100
KIRLOSENG,2008-03-26,102.1,110.0,102.05,105.75,41500
KIRLOSENG,2008-03-27,107.0,115.0,99.0,106.5,51800
KIRLOSENG,2008-03-28,106.0,113.0,102.5,110.0,52000
KIRLOSENG,2008-03-31,107.0,111.0,103.5,104.5,113400
KIRLOSENG,2008-04-01,108.2,108.95,105.35,107.05,20200
KIRLOSENG,2008-04-02,111.0,111.0,107.0,108.45,14000
KIRLOSENG,2008-04-03,110.0,110.0,106.0,106.05,11500
KIRLOSENG,2008-04-04,106.75,108.75,105.0,105.9,6000
KIRLOSENG,2008-04-07,106.05,109.0,106.0,107.3,10700
KIRLOSENG,2008-04-08,106.6,108.85,103.0,105.0,9800
KIRLOSENG,2008-04-09,103.0,109.95,103.0,108.0,15100
KIRLOSENG,2008-04-10,100.0,111.5,100.0,106.15,6100
KIRLOSENG,2008-04-11,107.05,115.2,106.2,113.95,49900
KIRLOSENG,2008-04-15,111.95,122.8,111.5,116.7,63100
KIRLOSENG,2008-04-16,119.95,122.0,111.3,113.8,41700
KIRLOSENG,2008-04-17,116.0,117.5,111.1,111.15,17900
KIRLOSENG,2008-04-21,120.0,120.0,111.0,114.0,65300
KIRLOSENG,2008-04-22,114.5,115.0,113.0,114.7,20600
KIRLOSENG,2008-04-23,116.0,120.5,112.65,115.1,157700
KIRLOSENG,2008-04-24,119.4,119.4,110.5,111.25,37900
KIRLOSENG,2008-04-25,112.5,112.5,109.15,111.6,20800
KIRLOSENG,2008-04-28,114.0,114.0,106.0,108.25,59200
KIRLOSENG,2008-04-29,108.6,109.4,105.5,107.8,66000
KIRLOSENG,2008-04-30,114.0,116.0,106.5,111.75,133300
KIRLOSENG,2008-05-02,113.0,115.35,110.0,110.55,49200
KIRLOSENG,2008-05-05,112.0,113.75,110.6,113.0,35600
KIRLOSENG,2008-05-06,112.8,113.65,110.55,110.95,16800
KIRLOSENG,2008-05-07,112.6,112.6,108.7,110.6,12700
KIRLOSENG,2008-05-08,110.0,110.0,108.05,109.0,6700
KIRLOSENG,2008-05-09,109.4,109.5,105.0,105.5,117700
KIRLOSENG,2008-05-12,105.0,106.0,96.3,104.0,129300
KIRLOSENG,2008-05-13,102.35,104.45,97.75,98.2,99600
KIRLOSENG,2008-05-14,98.0,100.5,95.8,96.75,198200
KIRLOSENG,2008-05-15,98.9,99.65,93.0,97.0,134900
KIRLOSENG,2008-05-16,98.9,104.5,97.35,100.35,248400
KIRLOSENG,2008-05-20,101.05,101.05,98.5,99.65,29600
KIRLOSENG,2008-05-21,99.2,100.5,98.5,99.05,23400
KIRLOSENG,2008-05-22,96.1,99.85,96.1,98.6,23200
KIRLOSENG,2008-05-23,104.3,104.3,96.5,99.2,14000
KIRLOSENG,2008-05-26,95.0,97.5,95.0,96.9,10600
KIRLOSENG,2008-05-27,99.7,99.7,93.1,94.95,14500
KIRLOSENG,2008-05-28,97.0,97.0,93.2,94.3,12000
KIRLOSENG,2008-05-29,95.0,96.6,93.05,94.6,10000
KIRLOSENG,2008-05-30,108.0,108.0,90.5,100.0,82400
KIRLOSENG,2008-06-02,99.95,99.95,94.0,94.05,10200
KIRLOSENG,2008-06-03,91.2,94.3,91.2,92.0,17700
KIRLOSENG,2008-06-04,96.65,96.65,89.0,91.5,16400
KIRLOSENG,2008-06-05,95.8,95.8,90.8,94.0,12800
KIRLOSENG,2008-06-06,94.25,94.55,91.0,91.0,9000
KIRLOSENG,2008-06-09,82.0,93.5,82.0,92.9,56100
KIRLOSENG,2008-06-10,95.9,100.0,88.0,93.0,33000
KIRLOSENG,2008-06-11,94.4,94.4,90.0,90.15,15100
KIRLOSENG,2008-06-12,86.1,99.3,86.1,95.15,36900
KIRLOSENG,2008-06-13,95.15,99.0,92.0,95.15,22900
KIRLOSENG,2008-06-16,98.75,104.95,94.1,100.5,61600
KIRLOSENG,2008-06-17,98.5,102.0,97.05,99.0,17400
KIRLOSENG,2008-06-18,98.15,100.85,96.15,96.15,12200
KIRLOSENG,2008-06-19,96.25,103.0,94.0,96.35,27500
KIRLOSENG,2008-06-20,98.0,99.0,92.0,92.0,18700
KIRLOSENG,2008-06-23,91.4,92.0,86.25,88.25,25400
KIRLOSENG,2008-06-24,87.1,93.5,82.55,86.5,77100
KIRLOSENG,2008-06-25,83.0,89.6,82.95,87.35,45700
KIRLOSENG,2008-06-26,86.3,97.55,86.3,94.0,24600
KIRLOSENG,2008-06-27,86.0,94.95,86.0,92.05,38900
KIRLOSENG,2008-06-30,96.0,96.0,86.15,86.55,50000
KIRLOSENG,2008-07-01,87.55,87.55,82.0,86.8,20700
KIRLOSENG,2008-07-02,83.0,86.4,77.0,83.2,44700
KIRLOSENG,2008-07-03,83.0,84.9,78.7,84.15,27000
KIRLOSENG,2008-07-04,82.25,84.45,82.0,84.0,17800
KIRLOSENG,2008-07-07,83.55,86.4,81.6,81.6,17700
KIRLOSENG,2008-07-08,82.5,83.75,82.0,82.1,5900
KIRLOSENG,2008-07-09,86.8,86.8,82.55,82.55,12800
KIRLOSENG,2008-07-10,83.15,83.45,81.55,83.0,5500
KIRLOSENG,2008-07-11,82.05,83.0,80.0,80.0,19500
KIRLOSENG,2008-07-14,81.75,82.0,80.0,80.2,46000
KIRLOSENG,2008-07-15,80.0,81.3,79.0,80.05,289700
KIRLOSENG,2008-07-16,81.5,82.0,80.55,81.55,13400
KIRLOSENG,2008-07-17,84.7,85.0,80.05,80.5,24000
KIRLOSENG,2008-07-18,81.25,82.75,80.0,80.0,7300
KIRLOSENG,2008-07-21,82.7,82.7,79.9,80.7,22500
KIRLOSENG,2008-07-22,81.85,82.5,80.05,80.8,24700
KIRLOSENG,2008-07-23,82.5,84.75,82.0,83.25,17500
KIRLOSENG,2008-07-24,84.85,85.0,81.5,83.0,16100
KIRLOSENG,2008-07-25,81.5,82.95,81.05,82.05,7300
KIRLOSENG,2008-07-28,82.1,85.05,81.5,84.0,25000
KIRLOSENG,2008-07-29,83.0,89.9,83.0,85.0,24900
KIRLOSENG,2008-07-30,85.55,95.9,85.0,94.5,46500
KIRLOSENG,2008-07-31,92.5,99.0,91.0,96.1,55000
KIRLOSENG,2008-08-01,91.7,94.8,88.5,88.5,42100
KIRLOSENG,2008-08-04,88.55,101.6,87.9,91.2,111500
KIRLOSENG,2008-08-05,91.2,94.25,90.2,91.35,25400
KIRLOSENG,2008-08-06,93.0,94.4,88.6,89.65,17800
KIRLOSENG,2008-08-07,90.0,90.95,87.6,88.4,15600
KIRLOSENG,2008-08-08,87.15,90.45,87.05,88.95,20500
KIRLOSENG,2008-08-11,88.5,90.4,88.25,90.0,10900
KIRLOSENG,2008-08-12,90.75,90.75,88.05,89.0,9400
KIRLOSENG,2008-08-13,88.05,89.0,86.2,87.7,11500
KIRLOSENG,2008-08-14,87.7,87.8,85.1,86.25,24900
KIRLOSENG,2008-08-18,86.0,88.0,85.0,85.45,7400
KIRLOSENG,2008-08-19,85.05,93.5,85.0,90.9,590700
KIRLOSENG,2008-08-20,92.0,92.75,87.75,89.0,38400
KIRLOSENG,2008-08-21,89.4,89.45,85.3,86.0,11100
KIRLOSENG,2008-08-22,85.5,86.7,83.3,84.05,16000
KIRLOSENG,2008-08-25,84.3,86.0,83.0,83.8,10000
KIRLOSENG,2008-08-26,84.5,85.8,83.5,84.05,4800
KIRLOSENG,2008-08-27,84.2,87.45,83.0,87.45,27100
KIRLOSENG,2008-08-28,84.95,89.8,83.65,89.0,26100
KIRLOSENG,2008-08-29,87.0,91.0,87.0,90.85,26200
KIRLOSENG,2008-09-01,88.4,89.25,86.8,87.0,4700
KIRLOSENG,2008-09-02,89.5,92.5,86.6,87.05,8400
KIRLOSENG,2008-09-04,88.0,88.0,86.0,86.45,6000
KIRLOSENG,2008-09-05,86.0,90.9,84.9,87.05,507600
KIRLOSENG,2008-09-08,91.2,91.5,87.5,87.55,18700
KIRLOSENG,2008-09-09,88.95,88.95,87.0,87.0,3200
KIRLOSENG,2008-09-10,86.5,91.0,85.0,90.9,612700
KIRLOSENG,2008-09-11,91.45,92.5,86.0,88.8,28300
KIRLOSENG,2008-09-12,88.9,89.8,86.0,88.0,21100
KIRLOSENG,2008-09-15,91.0,91.0,83.0,84.85,932800
KIRLOSENG,2008-09-16,81.5,92.0,81.0,90.0,30900
KIRLOSENG,2008-09-17,85.2,87.9,81.95,83.55,51200
KIRLOSENG,2008-09-18,84.0,84.0,78.55,78.55,26300
KIRLOSENG,2008-09-19,81.8,86.0,79.6,82.0,66900
KIRLOSENG,2008-09-22,82.25,84.0,80.5,82.0,12500
KIRLOSENG,2008-09-23,82.1,83.0,80.05,80.5,14500
KIRLOSENG,2008-09-24,81.05,82.45,80.05,80.1,6800
KIRLOSENG,2008-09-25,82.0,82.0,80.5,81.15,9100
KIRLOSENG,2008-09-26,79.2,81.35,78.5,79.1,65700
KIRLOSENG,2008-09-29,78.5,79.1,73.25,78.0,2248300
KIRLOSENG,2008-09-30,67.55,78.8,67.55,78.0,44700
KIRLOSENG,2008-10-01,75.55,78.0,75.4,77.3,1800
KIRLOSENG,2008-10-03,77.5,78.6,73.35,77.5,15700
KIRLOSENG,2008-10-06,76.0,76.9,68.0,71.0,47900
KIRLOSENG,2008-10-07,71.0,72.65,66.1,72.5,21600
KIRLOSENG,2008-10-08,67.85,71.8,59.65,70.9,73900
KIRLOSENG,2008-10-10,63.6,74.0,60.0,69.0,61700
KIRLOSENG,2008-10-13,67.0,71.85,62.55,71.6,75500
KIRLOSENG,2008-10-14,70.0,70.0,64.55,64.6,13600
KIRLOSENG,2008-10-15,65.0,65.0,63.0,63.9,3700
KIRLOSENG,2008-10-16,60.05,68.9,59.2,65.05,22000
KIRLOSENG,2008-10-17,65.05,65.1,56.25,59.0,16600
KIRLOSENG,2008-10-20,61.85,61.85,55.0,55.0,18200
KIRLOSENG,2008-10-21,56.1,56.8,55.0,55.25,21200
KIRLOSENG,2008-10-22,54.0,56.75,53.5,55.85,15600
KIRLOSENG,2008-10-23,55.0,56.0,50.55,56.0,32100
KIRLOSENG,2008-10-24,53.0,53.0,46.0,47.4,42000
KIRLOSENG,2008-10-27,47.0,51.0,41.2,47.25,42800
KIRLOSENG,2008-10-29,51.0,52.0,49.0,50.0,22400
KIRLOSENG,2008-10-31,51.5,58.0,49.5,58.0,34500
KIRLOSENG,2008-11-03,55.75,56.85,53.25,55.05,32900
KIRLOSENG,2008-11-04,55.0,55.9,53.95,55.0,32200
KIRLOSENG,2008-11-05,57.2,60.95,56.6,57.0,30600
KIRLOSENG,2008-11-06,57.0,58.8,54.0,57.0,25000
KIRLOSENG,2008-11-07,55.3,57.8,55.3,56.95,15500
KIRLOSENG,2008-11-10,58.9,59.25,57.0,58.8,5900
KIRLOSENG,2008-11-11,58.9,62.25,56.1,60.0,19000
KIRLOSENG,2008-11-12,56.75,60.5,56.75,59.05,22300
KIRLOSENG,2008-11-14,56.0,58.6,56.0,57.0,4900
KIRLOSENG,2008-11-17,54.6,56.5,48.5,49.05,51200
KIRLOSENG,2008-11-18,52.0,52.0,46.0,46.0,10800
KIRLOSENG,2008-11-19,45.55,49.65,45.0,45.0,8300
KIRLOSENG,2008-11-20,44.15,47.35,42.25,46.7,32400
KIRLOSENG,2008-11-21,45.05,46.75,44.5,44.85,4600
KIRLOSENG,2008-11-24,45.0,45.85,43.55,44.25,3900
KIRLOSENG,2008-11-25,45.05,46.0,41.5,44.25,13800
KIRLOSENG,2008-11-26,42.5,44.0,38.5,39.7,16500
KIRLOSENG,2008-11-27,39.7,39.7,39.7,39.7,0
KIRLOSENG,2008-11-28,43.5,43.5,38.0,41.55,3400
KIRLOSENG,2008-12-01,40.0,41.9,40.0,40.2,2200
KIRLOSENG,2008-12-02,40.0,41.0,39.0,40.1,727900
KIRLOSENG,2008-12-03,41.25,41.9,39.4,40.0,4000
KIRLOSENG,2008-12-04,39.25,45.0,39.0,43.8,20800
KIRLOSENG,2008-12-05,41.0,44.9,40.0,44.0,13900
KIRLOSENG,2008-12-08,41.35,42.5,40.0,40.5,8200
KIRLOSENG,2008-12-10,40.5,40.9,39.5,39.5,8600
KIRLOSENG,2008-12-11,40.5,41.75,40.0,40.0,13000
KIRLOSENG,2008-12-12,40.35,44.0,40.1,43.0,15800
KIRLOSENG,2008-12-15,44.0,46.65,42.65,45.9,22800
KIRLOSENG,2008-12-16,46.0,48.25,45.55,47.15,23400
KIRLOSENG,2008-12-17,46.5,47.0,45.0,45.7,6900
KIRLOSENG,2008-12-18,44.4,46.7,43.0,45.4,3500
KIRLOSENG,2008-12-19,44.9,48.3,44.2,46.55,7500
KIRLOSENG,2008-12-22,47.5,47.5,45.05,45.2,7400
KIRLOSENG,2008-12-23,45.4,46.5,42.7,45.8,24500
KIRLOSENG,2008-12-24,44.65,46.25,44.55,44.55,2800
KIRLOSENG,2008-12-26,44.55,46.0,42.2,42.45,8500
KIRLOSENG,2008-12-29,42.0,43.45,42.0,42.55,3600
KIRLOSENG,2008-12-30,43.0,44.0,42.35,43.0,73500
KIRLOSENG,2008-12-31,43.0,43.0,42.3,42.9,19800
KIRLOSENG,2009-01-02,43.0,43.0,42.35,42.95,16200
KIRLOSENG,2009-01-05,43.0,43.3,42.5,42.65,28200
KIRLOSENG,2009-01-06,42.8,43.25,42.0,42.9,31100
KIRLOSENG,2009-01-07,42.35,43.95,40.1,40.2,22400
KIRLOSENG,2009-01-09,40.8,41.0,38.05,39.05,19200
KIRLOSENG,2009-01-12,40.0,40.0,38.15,39.3,5100
KIRLOSENG,2009-01-13,39.4,39.4,38.0,38.2,5900
KIRLOSENG,2009-01-14,38.0,39.4,38.0,39.4,6600
KIRLOSENG,2009-01-15,39.3,39.4,37.0,37.0,14900
KIRLOSENG,2009-01-16,37.0,39.8,36.15,36.3,18500
KIRLOSENG,2009-01-19,36.8,38.4,36.5,37.4,5900
KIRLOSENG,2009-01-20,37.35,39.8,36.0,39.8,5900
KIRLOSENG,2009-01-21,38.0,40.0,37.55,37.8,7900
KIRLOSENG,2009-01-22,37.0,38.25,33.8,35.3,28100
KIRLOSENG,2009-01-23,35.8,35.8,33.0,34.65,7600
KIRLOSENG,2009-01-27,35.0,35.7,31.5,32.0,10600
KIRLOSENG,2009-01-28,32.85,35.9,32.85,33.95,13000
KIRLOSENG,2009-01-29,36.4,36.6,34.15,35.0,48600
KIRLOSENG,2009-01-30,35.0,36.7,35.0,35.2,35400
KIRLOSENG,2009-02-02,36.9,36.9,34.9,35.5,40800
KIRLOSENG,2009-02-03,33.0,37.7,33.0,35.15,3900
KIRLOSENG,2009-02-04,34.1,36.7,34.1,35.0,3900
KIRLOSENG,2009-02-05,35.0,35.6,35.0,35.05,102300
KIRLOSENG,2009-02-06,34.9,35.85,34.9,35.05,5600
KIRLOSENG,2009-02-09,35.2,36.5,35.0,35.15,4400
KIRLOSENG,2009-02-10,35.3,35.5,35.0,35.0,16200
KIRLOSENG,2009-02-11,35.8,35.9,35.0,35.3,6000
KIRLOSENG,2009-02-12,35.0,36.0,35.0,35.55,2400
KIRLOSENG,2009-02-13,35.25,36.5,35.25,36.0,2300
KIRLOSENG,2009-02-16,36.5,36.5,35.0,35.35,9200
KIRLOSENG,2009-02-17,35.05,35.85,35.0,35.0,7600
KIRLOSENG,2009-02-18,34.0,36.35,34.0,35.25,9800
KIRLOSENG,2009-02-19,35.0,35.7,35.0,35.0,1400
KIRLOSENG,2009-02-20,36.0,36.0,34.7,35.0,6200
KIRLOSENG,2009-02-24,35.0,37.0,34.75,35.0,8800
KIRLOSENG,2009-02-25,35.05,37.05,35.05,37.05,30300
KIRLOSENG,2009-02-26,35.7,38.5,35.6,37.2,18800
KIRLOSENG,2009-02-27,37.0,43.5,37.0,42.75,56600
KIRLOSENG,2009-03-02,37.0,46.7,37.0,44.1,67000
KIRLOSENG,2009-03-03,43.85,44.6,40.8,44.3,27100
KIRLOSENG,2009-03-04,42.8,44.75,39.15,39.15,11300
KIRLOSENG,2009-03-05,41.7,41.7,39.55,39.55,4700
KIRLOSENG,2009-03-06,38.5,40.6,37.8,40.25,5700
KIRLOSENG,2009-03-09,38.1,40.0,38.0,38.0,10900
KIRLOSENG,2009-03-12,38.5,42.5,38.15,41.0,13800
KIRLOSENG,2009-03-13,40.5,44.95,38.2,44.85,58200
KIRLOSENG,2009-03-16,42.05,46.0,41.05,45.0,30900
KIRLOSENG,2009-03-17,43.0,46.0,42.45,45.15,24300
KIRLOSENG,2009-03-18,46.9,47.9,43.3,47.0,33700
KIRLOSENG,2009-03-19,47.0,53.7,43.95,51.2,44200
KIRLOSENG,2009-03-20,49.0,51.0,45.5,48.0,53300
KIRLOSENG,2009-03-23,50.4,54.9,47.05,50.0,67000
KIRLOSENG,2009-03-24,48.55,54.0,48.55,52.6,142400
KIRLOSENG,2009-03-25,52.0,57.5,48.2,56.0,93000
KIRLOSENG,2009-03-26,55.1,57.0,52.6,54.7,23800
KIRLOSENG,2009-03-27,57.4,59.9,52.2,55.55,62500
KIRLOSENG,2009-03-30,56.75,57.0,53.4,54.05,53800
KIRLOSENG,2009-03-31,55.7,57.15,54.0,55.0,24400
KIRLOSENG,2009-04-01,56.75,57.4,55.0,55.1,8300
KIRLOSENG,2009-04-02,57.5,57.95,55.6,56.1,16100
KIRLOSENG,2009-04-06,58.65,59.5,56.1,56.6,31100
KIRLOSENG,2009-04-08,56.5,58.9,53.5,57.0,13000
KIRLOSENG,2009-04-09,58.0,59.9,55.25,56.0,15000
KIRLOSENG,2009-04-13,58.0,58.85,56.3,56.5,7900
KIRLOSENG,2009-04-15,56.8,64.85,56.15,60.6,84800
KIRLOSENG,2009-04-16,62.3,69.8,56.3,56.3,59200
KIRLOSENG,2009-04-17,57.1,60.5,56.6,58.85,15900
KIRLOSENG,2009-04-20,58.0,59.5,55.5,55.5,13800
KIRLOSENG,2009-04-21,52.6,54.85,52.5,52.9,19600
KIRLOSENG,2009-04-22,53.4,55.95,52.5,53.35,7000
KIRLOSENG,2009-04-23,52.65,53.5,52.5,52.85,8900
KIRLOSENG,2009-04-24,53.55,56.5,52.75,54.0,21400
KIRLOSENG,2009-04-27,56.0,57.0,53.8,55.6,19700
KIRLOSENG,2009-04-28,55.9,55.9,51.0,51.0,7700
KIRLOSENG,2009-04-29,53.7,53.8,51.8,52.35,33200
KIRLOSENG,2009-04-30,52.35,52.35,52.35,52.35,0
KIRLOSENG,2009-05-04,53.2,55.5,52.4,53.5,80200
KIRLOSENG,2009-05-05,53.0,57.0,53.0,54.7,97900
KIRLOSENG,2009-05-06,54.65,58.5,54.0,56.5,118600
KIRLOSENG,2009-05-07,58.0,63.5,57.0,61.0,117500
KIRLOSENG,2009-05-08,57.35,63.9,57.0,59.7,49700
KIRLOSENG,2009-05-11,60.0,62.0,56.3,56.3,19000
KIRLOSENG,2009-05-12,59.9,63.9,56.35,60.0,166500
KIRLOSENG,2009-05-13,60.85,61.8,58.0,58.0,41400
KIRLOSENG,2009-05-14,58.0,58.65,57.0,58.5,7000
KIRLOSENG,2009-05-15,58.6,61.9,58.05,58.05,28000
KIRLOSENG,2009-05-18,58.05,58.05,58.05,58.05,0
KIRLOSENG,2009-05-19,62.0,67.5,61.5,64.0,104900
KIRLOSENG,2009-05-20,64.5,69.5,63.2,69.5,37800
KIRLOSENG,2009-05-21,74.0,80.0,69.5,73.5,117600
KIRLOSENG,2009-05-22,77.5,78.5,72.0,73.5,47600
KIRLOSENG,2009-05-25,78.5,88.65,75.0,32.5,293000
KIRLOSENG,2009-05-26,87.9,87.9,76.5,76.5,73000
KIRLOSENG,2009-05-27,79.0,84.15,78.0,84.0,128400
KIRLOSENG,2009-05-28,83.0,84.85,81.3,82.2,80000
KIRLOSENG,2009-05-29,80.3,91.2,80.3,90.0,245900
KIRLOSENG,2009-06-01,93.95,93.95,89.0,89.1,61300
KIRLOSENG,2009-06-02,92.5,92.5,85.25,87.4,24600
KIRLOSENG,2009-06-03,87.0,93.95,87.0,88.2,51400
KIRLOSENG,2009-06-04,87.0,91.0,82.7,83.65,177800
KIRLOSENG,2009-06-05,86.8,91.5,84.0,84.05,185100
KIRLOSENG,2009-06-08,87.9,87.9,81.95,84.0,47500
KIRLOSENG,2009-06-09,82.7,85.0,81.5,84.0,56200
KIRLOSENG,2009-06-10,86.0,88.2,80.5,82.0,100400
KIRLOSENG,2009-06-11,82.4,82.4,76.15,77.3,37800
KIRLOSENG,2009-06-12,78.15,82.5,74.7,76.0,47200
KIRLOSENG,2009-06-15,76.1,79.5,73.0,73.1,38500
KIRLOSENG,2009-06-16,70.3,76.45,70.0,75.5,19400
KIRLOSENG,2009-06-17,78.0,80.9,73.0,74.0,195200
KIRLOSENG,2009-06-18,73.0,76.0,71.0,72.0,23600
KIRLOSENG,2009-06-19,72.0,75.0,71.1,72.5,12600
KIRLOSENG,2009-06-22,74.8,74.9,71.5,71.5,14000
KIRLOSENG,2009-06-23,70.0,78.7,70.0,76.0,57000
KIRLOSENG,2009-06-24,78.4,83.45,77.0,82.0,744900
KIRLOSENG,2009-06-25,83.8,88.1,81.5,83.3,242800
KIRLOSENG,2009-06-26,85.0,90.9,84.9,32.5,572700
KIRLOSENG,2009-06-29,89.3,90.5,85.9,86.05,123200
KIRLOSENG,2009-06-30,86.9,86.9,82.0,82.0,38300
KIRLOSENG,2009-07-01,82.05,83.0,80.15,83.0,15700
KIRLOSENG,2009-07-02,84.25,85.5,82.6,83.1,13600
KIRLOSENG,2009-07-03,82.5,83.95,80.7,32.5,13900
KIRLOSENG,2009-07-06,82.7,84.55,80.0,81.4,104200
KIRLOSENG,2009-07-07,80.1,83.9,80.1,83.0,74100
KIRLOSENG,2009-07-08,83.5,86.0,79.1,82.95,32500
KIRLOSENG,2009-07-09,82.0,84.0,80.05,81.9,720800
KIRLOSENG,2009-07-10,82.5,82.95,78.35,78.35,41900
KIRLOSENG,2009-07-13,80.0,81.45,80.0,81.45,29900
KIRLOSENG,2009-07-14,81.05,82.1,80.1,80.45,14500
KIRLOSENG,2009-07-15,82.3,82.5,80.1,80.8,18600
KIRLOSENG,2009-07-16,82.0,84.0,81.2,83.7,49400
KIRLOSENG,2009-07-17,85.0,87.4,83.25,84.0,24700
KIRLOSENG,2009-07-20,86.0,88.4,85.0,88.4,38700
KIRLOSENG,2009-07-21,92.8,92.85,89.0,91.5,163600
KIRLOSENG,2009-07-22,94.25,96.5,91.5,93.5,95400
KIRLOSENG,2009-07-23,92.0,97.45,92.0,97.45,160500
KIRLOSENG,2009-07-24,102.0,102.35,98.0,102.35,61700
KIRLOSENG,2009-07-27,105.0,107.5,104.0,107.5,196100
KIRLOSENG,2009-07-28,107.9,111.9,104.15,109.0,80000
KIRLOSENG,2009-07-29,106.55,109.45,103.45,109.1,46400
KIRLOSENG,2009-07-30,106.1,114.05,106.1,114.05,57600
KIRLOSENG,2009-07-31,119.0,119.75,114.65,117.25,136700
KIRLOSENG,2009-08-03,119.0,119.0,113.0,113.1,35100
KIRLOSENG,2009-08-04,112.0,114.0,108.2,108.5,40900
KIRLOSENG,2009-08-05,108.0,112.0,105.55,106.85,35900
KIRLOSENG,2009-08-06,108.15,111.6,105.25,111.6,100600
KIRLOSENG,2009-08-07,108.0,113.0,107.1,107.5,41400
KIRLOSENG,2009-08-10,108.0,109.5,103.25,103.5,21800
KIRLOSENG,2009-08-11,104.0,109.25,100.0,109.25,34600
KIRLOSENG,2009-08-12,105.15,113.0,105.15,107.2,51800
KIRLOSENG,2009-08-13,107.65,112.2,107.65,110.0,21600
KIRLOSENG,2009-08-14,110.1,111.0,107.0,107.05,14100
KIRLOSENG,2009-08-17,105.1,108.9,103.6,103.8,7900
KIRLOSENG,2009-08-18,103.8,103.8,103.8,103.8,0
KIRLOSENG,2009-08-19,103.8,103.8,103.8,103.8,0
KIRLOSENG,2009-08-20,103.8,103.8,103.8,103.8,0
KIRLOSENG,2009-08-21,103.8,103.8,103.8,103.8,0
KIRLOSENG,2009-08-24,112.0,112.0,105.55,110.05,28000
KIRLOSENG,2009-08-25,110.0,115.0,109.05,111.0,31500
KIRLOSENG,2009-08-26,110.5,113.5,110.0,110.7,13000
KIRLOSENG,2009-08-27,109.0,112.5,107.1,110.0,16400
KIRLOSENG,2009-08-28,109.0,111.9,109.0,110.0,25800
KIRLOSENG,2009-08-31,106.5,115.8,106.5,113.75,40800
KIRLOSENG,2009-09-01,115.45,115.45,110.0,112.5,34400
KIRLOSENG,2009-09-02,109.1,112.75,109.1,110.05,48600
KIRLOSENG,2009-09-03,112.0,112.9,109.5,111.5,102700
KIRLOSENG,2009-09-04,110.5,114.5,110.0,110.2,120200
KIRLOSENG,2009-09-07,112.8,132.4,112.8,124.0,618700
KIRLOSENG,2009-09-08,125.0,128.0,117.7,118.05,283200
KIRLOSENG,2009-09-09,118.0,119.6,114.0,115.0,139100
KIRLOSENG,2009-09-10,116.8,121.7,116.0,117.3,112800
KIRLOSENG,2009-09-11,118.0,118.9,112.6,114.0,40000
KIRLOSENG,2009-09-14,109.0,128.4,109.0,116.35,537600
KIRLOSENG,2009-09-15,117.0,118.25,113.6,115.9,132900
KIRLOSENG,2009-09-16,117.0,118.0,113.55,114.4,181800
KIRLOSENG,2009-09-17,116.0,116.0,108.1,112.5,109300
KIRLOSENG,2009-09-18,112.0,116.8,111.25,115.0,79100
KIRLOSENG,2009-09-22,116.1,116.7,113.0,113.9,29200
KIRLOSENG,2009-09-23,114.0,114.75,111.05,111.1,27500
KIRLOSENG,2009-09-24,114.8,119.0,109.0,113.45,54600
KIRLOSENG,2009-09-25,115.0,119.0,115.0,116.5,176600
KIRLOSENG,2009-09-29,117.0,122.0,116.3,117.0,50300
KIRLOSENG,2009-09-30,117.0,120.45,115.0,115.0,104800
KIRLOSENG,2009-10-01,115.8,116.4,111.0,112.75,64300
KIRLOSENG,2009-10-05,112.0,114.9,109.0,109.15,56300
KIRLOSENG,2009-10-06,111.0,114.9,108.0,111.9,82700
KIRLOSENG,2009-10-07,112.95,114.9,110.6,111.9,33200
KIRLOSENG,2009-10-08,112.0,113.4,110.0,113.1,44700
KIRLOSENG,2009-10-09,113.5,118.0,112.65,114.5,82200
KIRLOSENG,2009-10-12,115.0,121.9,113.6,120.55,189200
KIRLOSENG,2009-10-13,120.55,120.55,120.55,120.55,0
KIRLOSENG,2009-10-14,127.0,127.0,120.0,120.1,138900
KIRLOSENG,2009-10-15,123.4,123.4,117.2,118.9,84600
KIRLOSENG,2009-10-16,119.0,126.5,119.0,126.25,162900
KIRLOSENG,2009-10-20,126.0,130.0,126.0,130.0,112500
KIRLOSENG,2009-10-21,126.8,130.0,126.0,127.0,36600
KIRLOSENG,2009-10-22,128.0,128.0,120.4,125.0,29600
KIRLOSENG,2009-10-23,125.0,144.6,124.0,141.05,2019000
KIRLOSENG,2009-10-26,142.9,142.9,133.0,136.8,506100
KIRLOSENG,2009-10-27,135.0,139.65,131.7,135.7,227200
KIRLOSENG,2009-10-28,135.0,135.5,125.9,128.0,137700
KIRLOSENG,2009-10-29,127.0,128.0,125.0,125.1,36400
KIRLOSENG,2009-10-30,130.0,132.8,125.0,126.0,44200
KIRLOSENG,2009-11-03,126.0,127.8,123.65,123.65,68600
KIRLOSENG,2009-11-04,125.15,128.0,124.4,125.55,46700
KIRLOSENG,2009-11-05,125.0,131.0,124.15,129.0,77900
KIRLOSENG,2009-11-06,131.0,136.0,130.0,134.0,85400
KIRLOSENG,2009-11-09,136.5,136.5,132.0,132.65,16600
KIRLOSENG,2009-11-10,133.5,135.75,127.1,128.5,38300
KIRLOSENG,2009-11-11,131.9,136.2,128.75,135.4,104000
KIRLOSENG,2009-11-12,136.0,151.0,135.0,144.5,823500
KIRLOSENG,2009-11-13,144.0,146.5,140.1,143.25,237000
KIRLOSENG,2009-11-16,144.9,147.0,139.5,141.85,188300
KIRLOSENG,2009-11-17,142.0,145.9,140.4,141.5,144800
KIRLOSENG,2009-11-18,142.0,144.9,141.5,142.1,112700
KIRLOSENG,2009-11-19,141.95,146.0,141.95,144.1,398700
KIRLOSENG,2009-11-20,144.0,149.4,142.5,145.0,548000
KIRLOSENG,2009-11-23,145.7,146.0,142.05,142.05,51800
KIRLOSENG,2009-11-24,142.6,148.0,142.2,143.5,123000
KIRLOSENG,2009-11-25,145.0,157.5,143.15,151.0,753300
KIRLOSENG,2009-11-26,153.75,154.3,145.5,146.4,108800
KIRLOSENG,2009-11-27,145.5,149.0,138.5,145.4,54700
KIRLOSENG,2009-11-30,150.0,151.0,147.0,147.05,68500
KIRLOSENG,2009-12-01,147.95,152.5,145.2,148.5,67600
KIRLOSENG,2009-12-02,148.05,149.9,144.0,144.3,26100
KIRLOSENG,2009-12-03,145.7,148.0,143.35,144.9,16700
KIRLOSENG,2009-12-04,147.4,149.2,145.0,147.05,58900
KIRLOSENG,2009-12-07,149.5,149.65,144.2,146.9,32300
KIRLOSENG,2009-12-08,147.45,150.5,146.5,149.0,38500
KIRLOSENG,2009-12-09,149.0,149.0,146.0,147.0,15800
KIRLOSENG,2009-12-10,146.0,149.5,145.2,148.8,25700
KIRLOSENG,2009-12-11,147.3,149.9,146.0,146.0,19700
KIRLOSENG,2009-12-14,145.0,150.9,144.0,150.0,86300
KIRLOSENG,2009-12-15,150.0,150.5,148.1,150.5,51700
KIRLOSENG,2009-12-16,150.0,152.05,147.0,147.0,52200
KIRLOSENG,2009-12-17,150.6,165.6,148.35,161.25,691000
KIRLOSENG,2009-12-18,160.0,164.8,157.5,164.0,216900
KIRLOSENG,2009-12-21,162.05,165.9,159.1,160.0,95500
KIRLOSENG,2009-12-22,163.8,163.8,159.75,159.75,23800
KIRLOSENG,2009-12-23,161.75,166.8,160.1,160.1,80700
KIRLOSENG,2009-12-24,161.5,164.0,157.5,160.0,61000
KIRLOSENG,2009-12-29,160.0,160.0,160.0,160.0,0
KIRLOSENG,2009-12-30,164.0,165.45,160.35,161.0,29300
KIRLOSENG,2009-12-31,163.8,163.8,159.0,159.1,22300
KIRLOSENG,2010-01-04,163.0,166.0,160.0,163.55,32500
KIRLOSENG,2010-01-05,165.0,166.0,160.05,160.1,50900
KIRLOSENG,2010-01-06,162.55,162.55,157.5,157.6,38000
KIRLOSENG,2010-01-07,158.1,169.75,158.0,161.5,255300
KIRLOSENG,2010-01-08,164.05,168.4,158.5,159.95,145700
KIRLOSENG,2010-01-11,161.0,171.6,161.0,166.8,256300
KIRLOSENG,2010-01-12,161.95,168.5,161.95,163.1,64400
KIRLOSENG,2010-01-13,160.7,166.8,160.7,165.9,135700
KIRLOSENG,2010-01-14,168.0,174.2,165.4,172.0,208400
KIRLOSENG,2010-01-15,175.0,176.9,169.15,170.0,112400
KIRLOSENG,2010-01-18,172.8,174.7,169.5,170.9,55100
KIRLOSENG,2010-01-19,173.0,175.8,169.0,170.65,85000
KIRLOSENG,2010-01-20,175.0,176.9,169.5,170.0,106300
KIRLOSENG,2010-01-21,170.0,178.4,170.0,173.5,366400
KIRLOSENG,2010-01-22,170.3,173.2,165.0,167.0,86500
KIRLOSENG,2010-01-25,167.5,170.4,162.5,165.0,47100
KIRLOSENG,2010-01-27,164.95,165.0,159.3,161.5,81400
KIRLOSENG,2010-01-28,161.1,164.4,158.0,160.0,51700
KIRLOSENG,2010-01-29,159.1,161.0,154.0,158.15,36700
KIRLOSENG,2010-02-01,158.1,171.8,158.1,164.4,31300
KIRLOSENG,2010-02-02,166.0,170.2,159.0,160.15,35600
KIRLOSENG,2010-02-03,162.5,166.0,160.2,162.3,35100
KIRLOSENG,2010-02-04,168.95,168.95,155.9,156.45,87700
KIRLOSENG,2010-02-05,155.85,163.5,153.0,162.5,65300
KIRLOSENG,2010-02-06,162.0,164.75,162.0,162.65,8100
KIRLOSENG,2010-02-08,160.6,165.95,160.6,163.0,47100
KIRLOSENG,2010-02-09,164.0,165.5,162.05,165.0,23500
KIRLOSENG,2010-02-10,165.0,165.05,161.4,161.4,18200
KIRLOSENG,2010-02-11,162.3,165.0,161.5,164.2,14200
KIRLOSENG,2010-02-15,164.9,165.0,159.25,160.0,15900
KIRLOSENG,2010-02-16,162.0,163.0,159.0,159.55,8500
KIRLOSENG,2010-02-17,158.3,165.0,155.4,158.9,66500
KIRLOSENG,2010-02-18,161.9,162.0,157.0,157.15,43200
KIRLOSENG,2010-02-19,156.35,157.8,152.5,153.9,16700
KIRLOSENG,2010-02-22,155.0,156.55,153.0,153.25,16800
KIRLOSENG,2010-02-23,152.5,153.9,152.25,153.85,6600
KIRLOSENG,2010-02-24,153.15,154.0,149.3,153.8,10600
KIRLOSENG,2010-02-25,152.5,155.0,151.3,153.05,18200
KIRLOSENG,2010-02-26,153.8,162.5,151.05,155.0,14100
KIRLOSENG,2010-03-02,156.0,159.55,154.1,159.55,7600
KIRLOSENG,2010-03-03,157.35,162.0,157.05,158.2,174200
KIRLOSENG,2010-03-04,162.9,164.2,160.0,161.0,174100
KIRLOSENG,2010-03-05,163.8,163.8,156.0,158.0,39800
KIRLOSENG,2010-03-08,161.7,164.0,159.1,161.75,33200
KIRLOSENG,2010-03-09,162.0,162.0,158.15,160.0,8900
KIRLOSENG,2010-03-10,161.8,161.8,158.3,161.0,17300
KIRLOSENG,2010-03-11,161.3,163.4,161.0,161.1,21300
KIRLOSENG,2010-03-12,159.5,162.5,159.5,161.95,9300
KIRLOSENG,2010-03-15,159.0,162.5,159.0,162.0,54200
KIRLOSENG,2010-03-16,160.1,161.75,160.1,160.2,41300
KIRLOSENG,2010-03-17,161.1,162.5,160.5,161.9,26200
KIRLOSENG,2010-03-18,161.9,162.9,160.5,162.5,27500
KIRLOSENG,2010-03-19,194.75,194.75,164.5,176.1,500300
KIRLOSENG,2010-03-22,178.0,178.0,167.5,169.0,46500
KIRLOSENG,2010-03-23,170.05,176.7,168.1,176.5,63800
KIRLOSENG,2010-03-25,175.25,180.9,175.0,178.0,780200
KIRLOSENG,2010-03-26,177.7,177.7,169.2,170.0,29100
KIRLOSENG,2010-03-29,171.95,172.9,163.35,163.35,33500
KIRLOSENG,2010-03-30,165.5,169.8,163.25,165.5,20900
KIRLOSENG,2010-03-31,166.7,169.0,164.5,167.0,14700
KIRLOSENG,2010-04-01,168.0,168.95,166.0,168.45,17800
KIRLOSENG,2010-04-05,167.6,170.0,167.1,169.5,4000
KIRLOSENG,2010-04-06,167.3,170.0,165.0,165.2,14500
KIRLOSENG,2010-04-07,169.1,178.0,166.5,171.8,125300
KIRLOSENG,2010-04-08,174.8,177.65,168.1,173.0,68500
KIRLOSENG,2010-04-09,177.0,177.0,170.5,170.75,42400
KIRLOSENG,2010-04-12,170.0,173.95,169.35,171.0,17300
KIRLOSENG,2010-04-13,172.95,172.95,166.35,168.5,27700
KIRLOSENG,2010-04-15,170.75,170.75,166.6,167.9,37900
KIRLOSENG,2010-04-16,168.0,168.0,166.0,166.9,18100
KIRLOSENG,2010-04-19,165.0,174.0,164.05,173.0,115800
KIRLOSENG,2010-04-20,169.05,176.0,169.05,174.3,87500
KIRLOSENG,2010-04-21,174.3,174.3,174.3,174.3,0
KIRLOSENG,2010-04-22,174.3,174.3,174.3,174.3,0
KIRLOSENG,2010-04-23,174.3,174.3,174.3,174.3,0
KIRLOSENG,2010-04-26,174.3,174.3,174.3,174.3,0
KIRLOSENG,2010-04-27,174.3,174.3,174.3,174.3,0
KIRLOSENG,2010-04-28,174.3,174.3,174.3,174.3,0
KIRLOSENG,2010-04-29,174.3,174.3,174.3,174.3,0
KIRLOSENG,2010-04-30,174.3,174.3,174.3,174.3,0
KIRLOSENG,2010-05-03,174.3,174.3,174.3,174.3,0
KIRLOSENG,2010-05-04,174.3,174.3,174.3,174.3,0
KIRLOSENG,2010-05-05,174.3,174.3,174.3,174.3,0
KIRLOSENG,2010-05-07,174.3,174.3,174.3,174.3,0
KIRLOSENG,2010-05-10,174.3,174.3,174.3,174.3,0
KIRLOSENG,2010-05-11,174.3,174.3,174.3,174.3,0
KIRLOSENG,2010-05-12,174.3,174.3,174.3,174.3,0
KIRLOSENG,2010-05-13,174.3,174.3,174.3,174.3,0
KIRLOSENG,2010-05-14,174.3,174.3,174.3,174.3,0
KIRLOSENG,2010-05-17,174.3,174.3,174.3,174.3,0
KIRLOSENG,2010-05-18,174.3,174.3,174.3,174.3,0
KIRLOSENG,2010-05-19,174.3,174.3,174.3,174.3,0
KIRLOSENG,2010-05-20,174.3,174.3,174.3,174.3,0
KIRLOSENG,2010-05-21,174.3,174.3,174.3,174.3,0
KIRLOSENG,2010-05-24,174.3,174.3,174.3,174.3,0
KIRLOSENG,2010-05-25,174.3,174.3,174.3,174.3,0
KIRLOSENG,2010-05-26,174.3,174.3,174.3,174.3,0
KIRLOSENG,2010-05-27,174.3,174.3,174.3,174.3,0
KIRLOSENG,2010-05-28,174.3,174.3,174.3,174.3,0
KIRLOSENG,2010-05-31,174.3,174.3,174.3,174.3,0
KIRLOSENG,2010-06-01,174.3,174.3,174.3,174.3,0
KIRLOSENG,2010-06-02,174.3,174.3,174.3,174.3,0
KIRLOSENG,2010-06-03,174.3,174.3,174.3,174.3,0
KIRLOSENG,2010-06-04,174.3,174.3,174.3,174.3,0
KIRLOSENG,2010-06-07,174.3,174.3,174.3,174.3,0
KIRLOSENG,2010-06-08,174.3,174.3,174.3,174.3,0
KIRLOSENG,2010-06-09,174.3,174.3,174.3,174.3,0
KIRLOSENG,2010-06-10,174.3,174.3,174.3,174.3,0
KIRLOSENG,2010-06-11,174.3,174.3,174.3,174.3,0
KIRLOSENG,2010-06-14,174.3,174.3,174.3,174.3,0
KIRLOSENG,2010-06-15,174.3,174.3,174.3,174.3,0
KIRLOSENG,2010-06-16,174.3,174.3,174.3,174.3,0
KIRLOSENG,2010-06-17,174.3,174.3,174.3,174.3,0
KIRLOSENG,2010-06-18,174.3,174.3,174.3,174.3,0
KIRLOSENG,2010-06-21,174.3,174.3,174.3,174.3,0
KIRLOSENG,2010-06-22,174.3,174.3,174.3,174.3,0
KIRLOSENG,2010-06-23,174.3,174.3,174.3,174.3,0
KIRLOSENG,2010-06-24,400.0,879.0,240.0,429.0,998800
KIRLOSENG,2010-06-25,427.5,459.0,401.65,449.75,226000
KIRLOSENG,2010-06-28,442.9,461.9,420.6,424.8,103600
KIRLOSENG,2010-06-29,422.0,433.8,396.0,396.15,74400
KIRLOSENG,2010-06-30,396.0,406.65,393.5,402.0,58200
KIRLOSENG,2010-07-01,392.4,402.9,392.4,395.0,111800
KIRLOSENG,2010-07-02,398.95,403.8,396.5,397.25,53200
KIRLOSENG,2010-07-05,395.0,403.0,394.0,403.0,17600
KIRLOSENG,2010-07-06,398.0,401.8,396.5,399.8,21300
KIRLOSENG,2010-07-07,395.0,400.9,395.0,397.7,3200
KIRLOSENG,2010-07-08,393.0,400.0,390.0,390.0,3300
KIRLOSENG,2010-07-09,394.0,398.0,385.0,385.0,4100
KIRLOSENG,2010-07-12,385.0,390.0,385.0,385.0,2200
KIRLOSENG,2010-07-13,386.0,390.0,380.0,384.0,3400
KIRLOSENG,2010-07-14,381.0,383.0,376.1,380.0,3800
KIRLOSENG,2010-07-15,375.15,380.0,375.1,380.0,3200
KIRLOSENG,2010-07-16,376.15,388.9,376.15,382.0,85800
KIRLOSENG,2010-07-19,383.8,385.0,378.15,379.95,2500
KIRLOSENG,2010-07-20,372.2,380.0,372.2,376.15,1100
KIRLOSENG,2010-07-21,373.05,380.0,373.05,380.0,14000
KIRLOSENG,2010-07-22,374.5,375.0,362.55,366.8,5700
KIRLOSENG,2010-07-23,367.0,374.85,365.15,370.1,1600
KIRLOSENG,2010-07-26,372.05,374.65,368.15,372.85,2100
KIRLOSENG,2010-07-27,370.0,376.9,367.3,372.1,2600
KIRLOSENG,2010-07-28,379.0,379.0,366.0,366.0,7900
KIRLOSENG,2010-07-29,371.9,371.9,365.1,367.0,500
KIRLOSENG,2010-07-30,367.0,368.9,358.15,360.0,2800
KIRLOSENG,2010-08-02,361.05,364.85,359.0,359.0,1300
KIRLOSENG,2010-08-03,363.9,364.0,356.05,362.0,1500
KIRLOSENG,2010-08-04,356.5,367.9,356.5,358.3,800
KIRLOSENG,2010-08-05,354.0,363.0,354.0,360.0,700
KIRLOSENG,2010-08-06,354.0,360.0,354.0,355.05,500
KIRLOSENG,2010-08-09,350.5,358.35,350.5,355.0,1700
KIRLOSENG,2010-08-10,357.95,357.95,351.1,353.0,400
KIRLOSENG,2010-08-11,355.0,356.0,344.25,344.25,2900
KIRLOSENG,2010-08-12,345.65,349.9,345.0,345.5,2500
KIRLOSENG,2010-08-13,350.0,351.95,345.1,345.1,2100
KIRLOSENG,2010-08-16,345.9,345.95,317.8,336.5,1400
KIRLOSENG,2010-08-17,339.0,346.3,335.0,339.9,1200
KIRLOSENG,2010-08-18,340.0,363.9,313.6,333.9,7300
KIRLOSENG,2010-08-19,332.0,348.0,330.15,339.0,51800
KIRLOSENG,2010-08-20,336.25,344.5,336.25,336.25,13200
KIRLOSENG,2010-08-23,341.0,341.0,334.0,334.0,7000
KIRLOSENG,2010-08-24,376.0,376.0,323.0,324.0,9700
KIRLOSENG,2010-08-25,325.05,335.0,325.05,329.0,1600
KIRLOSENG,2010-08-26,356.3,356.3,328.0,332.55,2800
KIRLOSENG,2010-08-27,323.4,334.5,323.4,330.05,1900
KIRLOSENG,2010-08-30,330.0,332.0,323.05,325.95,1900
KIRLOSENG,2010-08-31,329.95,337.95,323.9,332.5,2200
KIRLOSENG,2010-09-01,330.15,339.35,330.15,339.35,1100
KIRLOSENG,2010-09-02,337.0,340.0,337.0,339.0,800
KIRLOSENG,2010-09-03,334.0,346.1,334.0,343.0,900
KIRLOSENG,2010-09-06,337.2,350.0,337.2,343.0,2700
KIRLOSENG,2010-09-07,341.05,343.9,339.0,341.9,6300
KIRLOSENG,2010-09-08,346.0,346.0,338.05,342.0,11800
KIRLOSENG,2010-09-09,344.25,344.95,341.1,344.0,3200
KIRLOSENG,2010-09-13,345.0,350.0,343.0,348.0,16400
KIRLOSENG,2010-09-14,346.0,357.0,346.0,347.0,35900
KIRLOSENG,2010-09-15,347.0,351.9,344.7,347.05,21000
KIRLOSENG,2010-09-16,345.1,349.4,345.0,349.0,12700
KIRLOSENG,2010-09-17,341.15,353.0,341.15,349.0,400
KIRLOSENG,2010-09-20,356.0,363.0,354.0,362.4,4900
KIRLOSENG,2010-09-21,364.95,376.0,361.1,362.0,6300
KIRLOSENG,2010-09-22,356.55,366.0,352.0,356.0,1600
KIRLOSENG,2010-09-23,353.25,365.0,353.25,364.0,1800
KIRLOSENG,2010-09-24,351.3,385.4,351.3,372.0,6700
KIRLOSENG,2010-09-27,375.0,392.0,372.05,374.85,2100
KIRLOSENG,2010-09-28,370.0,378.9,369.05,375.0,5300
KIRLOSENG,2010-09-29,364.0,375.0,361.0,361.0,1000
KIRLOSENG,2010-09-30,363.45,365.3,358.0,359.0,200
KIRLOSENG,2010-10-01,352.05,385.0,352.05,379.05,2700
KIRLOSENG,2010-10-04,370.05,382.0,362.35,363.0,1800
KIRLOSENG,2010-10-05,364.0,365.0,359.25,360.0,1600
KIRLOSENG,2010-10-06,361.05,361.05,349.0,349.2,11300
KIRLOSENG,2010-10-07,355.0,355.05,351.0,351.0,3600
KIRLOSENG,2010-10-08,360.85,360.85,347.0,349.95,2100
KIRLOSENG,2010-10-11,351.0,354.9,346.2,352.0,2900
KIRLOSENG,2010-10-12,356.05,356.05,346.3,350.0,1700
KIRLOSENG,2010-10-13,350.0,380.0,346.0,360.0,51000
KIRLOSENG,2010-10-14,360.0,381.0,358.0,372.0,53600
KIRLOSENG,2010-10-15,363.1,374.9,358.0,370.0,5200
KIRLOSENG,2010-10-18,370.0,374.95,370.0,374.9,1600
KIRLOSENG,2010-10-19,370.5,380.8,370.0,379.5,3300
KIRLOSENG,2010-10-20,389.95,389.95,373.2,381.85,1100
KIRLOSENG,2010-10-21,380.0,380.0,375.0,375.5,900
KIRLOSENG,2010-10-22,389.0,399.95,380.0,380.0,2500
KIRLOSENG,2010-10-25,380.1,390.0,380.0,380.0,3700
KIRLOSENG,2010-10-26,378.0,384.9,378.0,380.0,1000
KIRLOSENG,2010-10-27,375.0,392.0,366.2,392.0,5700
KIRLOSENG,2010-10-28,394.9,394.9,378.7,384.0,800
KIRLOSENG,2010-10-29,390.0,390.0,380.0,380.0,2700
KIRLOSENG,2010-11-01,384.95,386.0,378.25,383.6,1000
KIRLOSENG,2010-11-02,381.05,392.0,381.05,382.0,1300
KIRLOSENG,2010-11-03,377.5,393.0,377.5,393.0,500
KIRLOSENG,2010-11-04,381.1,393.8,380.5,380.5,1000
KIRLOSENG,2010-11-08,392.5,397.0,376.8,391.0,2000
KIRLOSENG,2010-11-09,372.55,393.75,372.55,378.8,3800
KIRLOSENG,2010-11-10,376.0,391.9,372.6,372.6,900
KIRLOSENG,2010-11-11,372.0,384.9,372.0,381.0,800
KIRLOSENG,2010-11-12,377.0,380.45,375.0,375.1,500
KIRLOSENG,2010-11-15,375.1,381.0,375.1,381.0,600
KIRLOSENG,2010-11-16,377.1,380.95,370.0,370.0,5700
KIRLOSENG,2010-11-18,370.25,377.8,370.25,377.0,1200
KIRLOSENG,2010-11-19,384.5,384.5,371.0,379.0,600
KIRLOSENG,2010-11-22,380.9,381.05,375.0,378.9,200
KIRLOSENG,2010-11-23,371.0,378.8,371.0,375.0,600
KIRLOSENG,2010-11-24,375.0,378.9,375.0,375.0,1100
KIRLOSENG,2010-11-25,375.05,377.95,373.0,373.0,1800
KIRLOSENG,2010-11-26,375.0,379.0,374.05,375.0,2600
KIRLOSENG,2010-11-29,370.0,376.0,365.05,370.0,1100
KIRLOSENG,2010-11-30,366.0,378.0,355.1,360.0,7100
KIRLOSENG,2010-12-01,360.0,380.0,360.0,367.5,500
KIRLOSENG,2010-12-02,373.0,373.0,364.0,364.0,900
KIRLOSENG,2010-12-03,360.0,375.85,360.0,375.0,1300
KIRLOSENG,2010-12-06,377.0,377.0,368.0,368.0,900
KIRLOSENG,2010-12-07,361.6,368.0,360.0,362.9,1100
KIRLOSENG,2010-12-08,364.0,364.0,360.1,364.0,100
KIRLOSENG,2010-12-09,360.0,406.6,355.1,404.95,164300
KIRLOSENG,2010-12-10,395.0,403.0,361.0,391.1,43000
KIRLOSENG,2010-12-13,392.0,395.0,381.0,389.0,300
KIRLOSENG,2010-12-14,395.0,395.0,380.0,382.0,200
KIRLOSENG,2010-12-15,381.05,389.9,380.0,380.0,200
KIRLOSENG,2010-12-16,388.8,395.0,375.0,378.85,1200
KIRLOSENG,2010-12-20,380.0,389.5,375.1,386.0,500
KIRLOSENG,2010-12-21,377.15,382.0,377.15,379.0,100
KIRLOSENG,2010-12-22,375.2,384.0,375.15,378.05,88
KIRLOSENG,2010-12-23,374.0,388.85,374.0,382.55,100
KIRLOSENG,2010-12-24,202.2,262.75,202.2,233.3,304859
KIRLOSENG,2010-12-27,225.0,230.0,223.0,225.05,134022
KIRLOSENG,2010-12-28,220.05,230.0,219.0,225.25,137885
KIRLOSENG,2010-12-29,220.0,227.9,220.0,225.9,8842
KIRLOSENG,2010-12-30,220.05,226.85,220.0,225.05,6323
KIRLOSENG,2010-12-31,220.0,235.0,220.0,228.05,10340
KIRLOSENG,2011-01-03,220.0,226.0,217.5,222.0,29941
KIRLOSENG,2011-01-04,221.1,224.0,218.15,220.95,12033
KIRLOSENG,2011-01-05,215.0,232.0,215.0,230.75,17351
KIRLOSENG,2011-01-06,222.05,228.45,220.35,227.25,33637
KIRLOSENG,2011-01-07,221.0,232.0,221.0,225.05,46351
KIRLOSENG,2011-01-10,225.05,242.0,221.0,234.15,20566
KIRLOSENG,2011-01-11,222.0,236.5,215.1,216.4,5132
KIRLOSENG,2011-01-12,216.2,220.55,205.0,212.9,4380
KIRLOSENG,2011-01-13,220.95,225.0,200.55,202.75,5646
KIRLOSENG,2011-01-14,202.2,211.7,196.05,204.8,80190
KIRLOSENG,2011-01-17,203.0,207.9,199.95,201.2,82908
KIRLOSENG,2011-01-18,200.0,207.0,200.0,200.45,4483
KIRLOSENG,2011-01-19,200.0,204.0,196.4,197.65,45543
KIRLOSENG,2011-01-20,181.2,195.4,180.95,193.8,5572
KIRLOSENG,2011-01-21,190.0,195.0,183.0,185.0,41832
KIRLOSENG,2011-01-24,180.0,189.05,180.0,180.15,6354
KIRLOSENG,2011-01-25,182.0,182.0,172.2,173.45,49602
KIRLOSENG,2011-01-27,172.0,174.0,164.05,165.0,30854
KIRLOSENG,2011-01-28,164.8,166.85,157.0,160.05,20168
KIRLOSENG,2011-01-31,136.65,158.0,136.65,155.45,4404
KIRLOSENG,2011-02-01,155.0,155.0,145.0,150.05,6710
KIRLOSENG,2011-02-02,146.1,160.0,146.1,156.1,5576
KIRLOSENG,2011-02-03,155.1,158.9,155.0,156.05,2526
KIRLOSENG,2011-02-04,150.0,159.5,150.0,155.25,7055
KIRLOSENG,2011-02-07,151.2,159.8,151.2,155.0,6829
KIRLOSENG,2011-02-08,154.9,155.0,150.05,154.6,8362
KIRLOSENG,2011-02-09,150.0,157.5,150.0,151.0,4556
KIRLOSENG,2011-02-10,146.1,148.95,146.0,147.0,7463
KIRLOSENG,2011-02-11,149.95,158.0,146.0,153.05,2778
KIRLOSENG,2011-02-14,157.0,157.0,150.1,154.15,2229
KIRLOSENG,2011-02-15,153.0,156.45,151.0,151.1,1654
KIRLOSENG,2011-02-16,150.6,162.0,150.15,155.65,1485
KIRLOSENG,2011-02-17,162.95,162.95,152.0,154.9,2024
KIRLOSENG,2011-02-18,161.5,184.8,152.45,154.8,6858
KIRLOSENG,2011-02-21,152.0,158.4,152.0,155.8,11642
KIRLOSENG,2011-02-22,152.6,160.0,152.6,156.75,1515
KIRLOSENG,2011-02-23,176.0,176.0,153.05,157.75,1966
KIRLOSENG,2011-02-24,164.0,164.0,152.05,155.0,56548
KIRLOSENG,2011-02-25,150.05,154.5,145.55,150.65,1898
KIRLOSENG,2011-02-28,145.2,151.0,135.6,144.05,9184
KIRLOSENG,2011-03-01,142.05,149.5,142.05,147.05,2012
KIRLOSENG,2011-03-03,145.2,146.9,141.6,142.1,1004
KIRLOSENG,2011-03-04,143.0,145.85,139.0,141.2,1351
KIRLOSENG,2011-03-07,138.5,142.7,138.5,139.1,348
KIRLOSENG,2011-03-08,135.45,139.0,135.45,138.75,937
KIRLOSENG,2011-03-09,138.0,144.9,136.15,139.15,1002
KIRLOSENG,2011-03-10,136.05,141.1,134.0,134.15,6424
KIRLOSENG,2011-03-11,134.0,141.8,133.0,139.1,49184
KIRLOSENG,2011-03-14,144.8,146.9,139.6,146.0,6993
KIRLOSENG,2011-03-15,143.0,146.0,141.0,145.9,20807
KIRLOSENG,2011-03-16,148.9,148.9,145.0,145.0,2848
KIRLOSENG,2011-03-17,145.0,160.0,145.0,150.8,41914
KIRLOSENG,2011-03-18,149.25,152.95,146.55,147.95,2369
KIRLOSENG,2011-03-21,145.6,153.0,142.0,145.4,1704
KIRLOSENG,2011-03-22,152.0,152.0,145.0,145.85,13637
KIRLOSENG,2011-03-23,148.75,148.75,144.0,145.1,23275
KIRLOSENG,2011-03-24,143.1,145.0,137.55,141.3,3411
KIRLOSENG,2011-03-25,143.55,147.8,143.0,144.45,52977
KIRLOSENG,2011-03-28,142.2,147.0,140.0,143.1,19388
KIRLOSENG,2011-03-29,139.0,151.0,135.55,144.55,24877
KIRLOSENG,2011-03-30,158.0,159.95,149.0,151.0,24127
KIRLOSENG,2011-03-31,152.1,154.95,149.3,154.35,2039
KIRLOSENG,2011-04-01,155.0,158.0,148.6,152.95,87121
KIRLOSENG,2011-04-04,148.2,159.0,148.1,152.2,7693
KIRLOSENG,2011-04-05,151.05,153.5,149.25,150.3,33540
KIRLOSENG,2011-04-06,157.3,157.3,150.0,151.1,9208
KIRLOSENG,2011-04-07,148.35,152.8,148.35,151.95,11221
KIRLOSENG,2011-04-08,153.75,153.9,150.15,152.15,21598
KIRLOSENG,2011-04-11,147.5,154.95,147.5,151.5,28031
KIRLOSENG,2011-04-13,148.0,156.8,148.0,152.75,27263
KIRLOSENG,2011-04-15,166.0,166.0,150.1,151.1,4669
KIRLOSENG,2011-04-18,153.0,153.0,150.05,150.45,2311
KIRLOSENG,2011-04-19,150.35,151.8,150.0,150.9,13178
KIRLOSENG,2011-04-20,151.95,151.95,150.0,150.15,6591
KIRLOSENG,2011-04-21,150.6,151.95,150.0,151.4,3607
KIRLOSENG,2011-04-25,151.0,151.0,146.0,147.4,18501
KIRLOSENG,2011-04-26,148.0,151.9,148.0,150.15,514272
KIRLOSENG,2011-04-27,152.0,158.95,150.5,151.75,17677
KIRLOSENG,2011-04-28,150.4,155.0,150.4,151.8,7621
KIRLOSENG,2011-04-29,152.3,153.8,150.15,151.2,4042
KIRLOSENG,2011-05-02,150.35,150.95,148.75,149.05,2588
KIRLOSENG,2011-05-03,147.3,151.8,137.7,142.85,4697
KIRLOSENG,2011-05-04,152.95,152.95,132.7,140.0,22703
KIRLOSENG,2011-05-05,139.0,142.0,137.2,138.05,5951
KIRLOSENG,2011-05-06,140.0,141.75,133.1,136.45,8237
KIRLOSENG,2011-05-09,131.0,139.7,129.0,129.75,9087
KIRLOSENG,2011-05-10,133.95,133.95,128.35,131.85,6642
KIRLOSENG,2011-05-11,133.3,133.5,131.0,132.8,1494
KIRLOSENG,2011-05-12,131.0,133.05,130.1,132.0,3416
KIRLOSENG,2011-05-13,130.3,136.8,127.0,133.95,14823
KIRLOSENG,2011-05-16,130.0,133.95,126.35,130.4,7037
KIRLOSENG,2011-05-17,130.25,132.75,130.25,131.9,1770
KIRLOSENG,2011-05-18,130.0,133.95,129.5,132.3,1708
KIRLOSENG,2011-05-19,130.05,136.0,130.0,135.0,3531
KIRLOSENG,2011-05-20,132.25,142.0,132.25,137.15,10006
KIRLOSENG,2011-05-23,135.0,137.5,131.0,132.0,2443
KIRLOSENG,2011-05-24,136.0,137.6,124.7,126.7,41043
KIRLOSENG,2011-05-25,125.0,129.85,122.15,125.75,22827
KIRLOSENG,2011-05-26,125.0,127.45,123.35,125.15,11500
KIRLOSENG,2011-05-27,125.2,127.65,123.5,124.2,2948
KIRLOSENG,2011-05-30,125.0,125.0,122.6,123.3,3645
KIRLOSENG,2011-05-31,125.9,128.95,105.35,111.5,90951
KIRLOSENG,2011-06-01,115.0,118.95,111.55,117.2,26477
KIRLOSENG,2011-06-02,116.8,122.0,116.0,120.1,22809
KIRLOSENG,2011-06-03,125.0,126.05,119.0,125.0,24324
KIRLOSENG,2011-06-06,124.8,125.0,120.95,123.6,2820
KIRLOSENG,2011-06-07,122.6,124.0,122.1,122.8,4157
KIRLOSENG,2011-06-08,123.75,126.95,123.2,125.15,13349
KIRLOSENG,2011-06-09,125.6,127.45,125.0,126.35,1828
KIRLOSENG,2011-06-10,125.1,126.1,124.1,125.0,8815
KIRLOSENG,2011-06-13,125.05,125.9,122.0,125.0,3831
KIRLOSENG,2011-06-14,124.45,125.0,123.5,123.75,46781
KIRLOSENG,2011-06-15,125.0,126.65,124.5,125.05,3530
KIRLOSENG,2011-06-16,125.35,125.75,125.0,125.1,5157
KIRLOSENG,2011-06-17,125.1,125.45,124.0,125.0,79682
KIRLOSENG,2011-06-20,122.0,123.9,115.95,122.7,3339
KIRLOSENG,2011-06-21,128.85,128.85,118.6,120.8,2471
KIRLOSENG,2011-06-22,120.0,122.0,120.0,120.2,2301
KIRLOSENG,2011-06-23,120.0,126.0,113.6,123.9,10106
KIRLOSENG,2011-06-24,125.0,131.0,123.0,130.05,11989
KIRLOSENG,2011-06-27,129.9,129.9,123.2,128.4,9082
KIRLOSENG,2011-06-28,123.9,131.0,123.85,130.1,5640
KIRLOSENG,2011-06-29,132.85,132.9,123.05,124.4,14085
KIRLOSENG,2011-06-30,124.6,124.95,122.05,124.55,1261
KIRLOSENG,2011-07-01,122.6,126.45,122.35,124.9,14539
KIRLOSENG,2011-07-04,123.0,132.75,122.6,130.05,8524
KIRLOSENG,2011-07-05,128.5,130.8,127.0,128.45,5144
KIRLOSENG,2011-07-06,131.95,132.65,129.1,131.3,5516
KIRLOSENG,2011-07-07,133.95,134.8,128.0,128.85,11988
KIRLOSENG,2011-07-08,130.0,130.0,125.4,126.65,12146
KIRLOSENG,2011-07-11,129.4,130.7,125.2,128.45,6110
KIRLOSENG,2011-07-12,125.95,126.85,121.7,125.6,1419
KIRLOSENG,2011-07-13,124.0,132.7,124.0,130.75,12562
KIRLOSENG,2011-07-14,128.15,130.8,128.0,129.7,2279
KIRLOSENG,2011-07-15,130.0,134.8,128.0,133.1,13323
KIRLOSENG,2011-07-18,133.0,133.7,131.15,132.0,3553
KIRLOSENG,2011-07-19,130.05,135.85,130.0,134.35,10510
KIRLOSENG,2011-07-20,133.5,136.9,132.0,135.75,20138
KIRLOSENG,2011-07-21,135.05,136.7,132.25,135.2,21785
KIRLOSENG,2011-07-22,135.5,136.0,133.05,135.0,9672
KIRLOSENG,2011-07-25,133.0,135.85,133.0,135.1,10901
KIRLOSENG,2011-07-26,134.0,136.0,133.15,135.25,9902
KIRLOSENG,2011-07-27,131.75,135.0,131.75,132.2,2527
KIRLOSENG,2011-07-28,130.65,131.95,127.05,128.35,4524
KIRLOSENG,2011-07-29,127.15,129.45,125.55,126.4,1421
KIRLOSENG,2011-08-01,124.5,127.0,121.6,122.1,2201
KIRLOSENG,2011-08-02,125.0,126.5,119.5,125.6,3488
KIRLOSENG,2011-08-03,121.4,125.0,119.6,123.9,3832
KIRLOSENG,2011-08-04,123.9,124.95,121.65,121.75,505
KIRLOSENG,2011-08-05,116.6,132.75,116.2,124.5,5172
KIRLOSENG,2011-08-08,124.5,124.5,115.0,122.55,6127
KIRLOSENG,2011-08-09,120.0,125.0,114.0,118.9,610693
KIRLOSENG,2011-08-10,119.3,124.4,118.0,119.2,3744
KIRLOSENG,2011-08-11,118.5,125.85,118.25,125.0,6674
KIRLOSENG,2011-08-12,122.1,128.0,119.5,121.5,635
KIRLOSENG,2011-08-16,120.0,124.7,114.3,115.7,2417
KIRLOSENG,2011-08-17,115.0,122.95,111.3,117.05,3771
KIRLOSENG,2011-08-18,115.0,120.0,112.05,117.15,1701
KIRLOSENG,2011-08-19,111.65,119.0,111.0,113.05,2714
KIRLOSENG,2011-08-22,111.4,117.6,111.4,112.75,2435
KIRLOSENG,2011-08-23,116.95,116.95,112.15,114.55,1414
KIRLOSENG,2011-08-24,112.65,113.5,111.0,111.05,1969
KIRLOSENG,2011-08-25,111.0,112.25,105.6,110.05,4020
KIRLOSENG,2011-08-26,109.0,111.45,107.1,109.4,9454
KIRLOSENG,2011-08-29,110.0,118.05,109.1,117.2,6582
KIRLOSENG,2011-08-30,116.0,122.95,111.2,117.95,4432
KIRLOSENG,2011-09-02,121.95,121.95,115.7,115.7,3728
KIRLOSENG,2011-09-05,112.8,124.5,112.8,123.1,5504
KIRLOSENG,2011-09-06,120.0,123.45,117.05,121.85,3671
KIRLOSENG,2011-09-07,120.1,127.95,120.1,126.45,4787
KIRLOSENG,2011-09-08,130.0,130.0,125.0,125.3,2228
KIRLOSENG,2011-09-09,126.75,126.75,124.2,125.0,2145
KIRLOSENG,2011-09-12,122.0,126.9,118.2,125.1,3738
KIRLOSENG,2011-09-13,125.0,127.0,125.0,125.15,893
KIRLOSENG,2011-09-14,123.35,127.8,123.2,125.0,3269
KIRLOSENG,2011-09-15,125.05,126.45,125.0,125.05,959
KIRLOSENG,2011-09-16,126.05,126.05,125.0,125.0,879
KIRLOSENG,2011-09-19,124.5,126.0,121.5,125.0,2064
KIRLOSENG,2011-09-20,126.0,132.5,126.0,130.0,9086
KIRLOSENG,2011-09-21,128.5,132.8,128.5,131.7,8910
KIRLOSENG,2011-09-22,131.0,131.0,124.05,128.85,2177
KIRLOSENG,2011-09-23,126.25,137.0,125.55,133.8,611987
KIRLOSENG,2011-09-26,139.0,145.0,135.05,143.4,54834
KIRLOSENG,2011-09-27,145.0,146.8,140.1,141.1,6751
KIRLOSENG,2011-09-28,143.35,143.35,137.5,138.1,1189
KIRLOSENG,2011-09-29,135.0,138.0,132.0,132.4,1617
KIRLOSENG,2011-09-30,137.9,139.6,130.4,131.7,669
KIRLOSENG,2011-10-03,131.65,131.65,125.6,128.25,4710
KIRLOSENG,2011-10-04,129.1,133.45,127.5,129.3,568
KIRLOSENG,2011-10-05,127.0,130.0,124.5,125.15,787
KIRLOSENG,2011-10-07,136.0,136.0,125.15,125.85,1263
KIRLOSENG,2011-10-10,138.5,138.5,122.55,126.95,10962
KIRLOSENG,2011-10-11,125.1,131.2,125.1,130.05,3122
KIRLOSENG,2011-10-12,137.4,137.4,127.0,135.1,58646
KIRLOSENG,2011-10-13,129.25,135.9,129.25,135.05,5901
KIRLOSENG,2011-10-14,133.15,136.0,130.2,131.4,965
KIRLOSENG,2011-10-17,127.0,134.0,127.0,132.5,5178
KIRLOSENG,2011-10-18,136.25,136.25,126.0,134.85,7275
KIRLOSENG,2011-10-19,132.15,141.55,130.1,140.0,18281
KIRLOSENG,2011-10-20,137.0,139.5,133.55,137.5,652
KIRLOSENG,2011-10-21,139.5,139.5,131.15,132.15,3106
KIRLOSENG,2011-10-24,133.5,134.85,127.3,130.3,14435
KIRLOSENG,2011-10-25,129.1,129.1,123.35,125.3,8043
KIRLOSENG,2011-10-28,128.0,132.5,127.25,132.0,4094
KIRLOSENG,2011-10-31,133.2,133.2,129.35,130.5,51901
KIRLOSENG,2011-11-01,130.25,134.45,125.6,129.8,4045
KIRLOSENG,2011-11-02,130.0,133.2,130.0,132.0,5346
KIRLOSENG,2011-11-03,131.5,135.2,131.5,135.05,4338
KIRLOSENG,2011-11-04,135.9,141.0,131.6,138.3,4781
KIRLOSENG,2011-11-08,140.0,141.0,135.1,140.6,17430
KIRLOSENG,2011-11-09,138.0,138.3,134.2,137.0,369
KIRLOSENG,2011-11-11,141.05,141.05,130.45,131.6,376977
KIRLOSENG,2011-11-14,142.4,142.4,132.0,132.75,651081
KIRLOSENG,2011-11-15,134.0,134.0,128.15,129.65,2067
KIRLOSENG,2011-11-16,130.0,136.0,127.05,134.75,3727
KIRLOSENG,2011-11-17,131.5,139.45,128.55,130.15,2254
KIRLOSENG,2011-11-18,132.95,137.25,125.0,134.0,8344
KIRLOSENG,2011-11-21,131.0,134.95,123.0,130.9,5104
KIRLOSENG,2011-11-22,134.0,142.0,134.0,136.2,2040712
KIRLOSENG,2011-11-23,137.0,138.8,128.2,130.15,3381
KIRLOSENG,2011-11-24,134.0,134.0,128.8,129.25,1139
KIRLOSENG,2011-11-25,132.0,132.0,126.15,127.5,1328
KIRLOSENG,2011-11-28,130.0,132.55,126.05,131.25,10437
KIRLOSENG,2011-11-29,132.0,132.6,127.05,132.0,3326
KIRLOSENG,2011-11-30,130.1,132.4,130.0,130.0,509
KIRLOSENG,2011-12-01,132.5,138.0,132.5,137.5,10317
KIRLOSENG,2011-12-02,138.0,140.6,133.05,138.05,24679
KIRLOSENG,2011-12-05,139.0,141.0,132.15,134.75,3378
KIRLOSENG,2011-12-07,139.9,139.9,134.0,134.7,920
KIRLOSENG,2011-12-08,139.0,139.0,133.0,134.95,4834
KIRLOSENG,2011-12-09,131.0,135.95,128.05,131.95,2493
KIRLOSENG,2011-12-12,130.1,135.0,130.0,130.45,2356
KIRLOSENG,2011-12-13,132.65,132.7,128.0,129.4,1219
KIRLOSENG,2011-12-14,130.5,130.5,128.0,128.25,9009
KIRLOSENG,2011-12-15,127.05,137.85,123.1,124.65,15671
KIRLOSENG,2011-12-16,125.75,127.0,121.05,121.35,1655
KIRLOSENG,2011-12-19,119.0,121.75,115.0,115.6,1935
KIRLOSENG,2011-12-20,119.0,119.0,113.0,114.2,2128
KIRLOSENG,2011-12-21,117.0,118.7,117.0,117.6,7497
KIRLOSENG,2011-12-22,124.95,124.95,107.6,110.1,13492
KIRLOSENG,2011-12-23,112.2,119.95,110.1,115.35,15977
KIRLOSENG,2011-12-26,113.0,118.85,112.0,115.6,1251
KIRLOSENG,2011-12-27,116.0,119.0,112.05,114.4,2405
KIRLOSENG,2011-12-28,113.1,116.9,112.05,112.9,1100
KIRLOSENG,2011-12-29,115.3,117.9,113.1,116.0,976
KIRLOSENG,2011-12-30,114.0,120.5,111.05,118.9,9221
KIRLOSENG,2012-01-02,124.95,125.0,107.55,109.8,13097
KIRLOSENG,2012-01-03,110.0,115.85,110.0,115.05,5036
KIRLOSENG,2012-01-04,114.05,116.2,112.0,115.05,2662
KIRLOSENG,2012-01-05,115.9,116.0,115.0,115.5,578
KIRLOSENG,2012-01-06,115.0,115.95,115.0,115.9,657
KIRLOSENG,2012-01-09,115.0,121.45,115.0,120.4,4337
KIRLOSENG,2012-01-10,123.4,125.8,118.5,124.15,4061
KIRLOSENG,2012-01-11,123.0,126.8,120.0,122.25,493
KIRLOSENG,2012-01-12,125.0,125.85,124.0,125.25,2487
KIRLOSENG,2012-01-13,126.0,136.0,126.0,134.9,8789
KIRLOSENG,2012-01-16,135.0,135.95,130.0,130.55,2188
KIRLOSENG,2012-01-17,131.0,139.9,130.6,139.15,4696
KIRLOSENG,2012-01-18,138.0,138.0,132.0,134.95,1099
KIRLOSENG,2012-01-19,148.95,154.0,143.05,143.75,44249
KIRLOSENG,2012-01-20,145.0,148.95,140.25,140.8,10839
KIRLOSENG,2012-01-23,139.2,141.95,137.15,139.35,5668
KIRLOSENG,2012-01-24,141.95,141.95,136.55,139.5,9688
KIRLOSENG,2012-01-25,142.0,152.0,138.5,141.5,213634
KIRLOSENG,2012-01-27,146.7,149.0,140.35,140.95,47636
KIRLOSENG,2012-01-30,143.0,143.0,131.3,135.05,15162
KIRLOSENG,2012-01-31,138.5,138.5,130.5,135.4,14106
KIRLOSENG,2012-02-01,136.95,136.95,130.35,132.95,4833
KIRLOSENG,2012-02-02,136.0,136.0,131.3,132.4,6527
KIRLOSENG,2012-02-03,134.7,138.0,131.25,137.0,10710
KIRLOSENG,2012-02-06,140.0,140.0,132.0,135.0,36090
KIRLOSENG,2012-02-07,137.5,137.5,132.0,133.0,5013
KIRLOSENG,2012-02-08,134.95,134.95,132.1,132.15,5794
KIRLOSENG,2012-02-09,134.0,136.9,131.1,135.1,6547
KIRLOSENG,2012-02-10,136.9,139.0,133.2,136.15,8225
KIRLOSENG,2012-02-13,138.5,138.7,134.1,137.85,4311
KIRLOSENG,2012-02-14,140.0,140.85,135.05,140.1,10405
KIRLOSENG,2012-02-15,143.0,146.0,137.0,145.05,48998
KIRLOSENG,2012-02-16,144.0,145.0,140.05,141.85,3902
KIRLOSENG,2012-02-17,147.0,149.9,139.7,142.95,29037
KIRLOSENG,2012-02-21,145.0,148.9,141.75,148.0,13846
KIRLOSENG,2012-02-22,150.0,150.0,139.05,142.95,12209
KIRLOSENG,2012-02-23,144.0,144.75,138.5,139.55,7199
KIRLOSENG,2012-02-24,143.0,143.0,139.5,141.25,6598
KIRLOSENG,2012-02-27,142.0,142.0,139.0,139.55,7427
KIRLOSENG,2012-02-28,140.0,145.9,135.0,145.15,10631
KIRLOSENG,2012-02-29,144.0,146.9,140.35,145.95,6531
KIRLOSENG,2012-03-01,142.0,144.0,141.75,142.15,6532
KIRLOSENG,2012-03-02,142.0,145.0,141.1,143.5,3099
KIRLOSENG,2012-03-05,143.75,145.6,141.1,145.15,14911
KIRLOSENG,2012-03-06,143.8,144.95,141.6,142.05,1974
KIRLOSENG,2012-03-07,142.5,144.4,139.55,140.95,12140
KIRLOSENG,2012-03-09,141.0,143.95,138.0,140.05,2827
KIRLOSENG,2012-03-12,140.0,146.0,139.3,144.0,58158
KIRLOSENG,2012-03-13,143.0,146.0,140.05,145.35,9005
KIRLOSENG,2012-03-14,144.0,149.9,142.15,148.15,9513
KIRLOSENG,2012-03-15,145.0,151.0,142.3,149.5,19909
KIRLOSENG,2012-03-16,148.0,150.05,144.25,149.95,9501
KIRLOSENG,2012-03-19,149.0,150.4,147.1,150.0,25326
KIRLOSENG,2012-03-20,146.5,150.75,143.2,150.3,7930
KIRLOSENG,2012-03-21,145.4,150.95,145.4,150.55,86208
KIRLOSENG,2012-03-22,150.0,150.0,146.1,146.6,2545
KIRLOSENG,2012-03-23,148.0,149.9,143.45,148.05,5580
KIRLOSENG,2012-03-26,145.0,150.9,143.0,150.2,54546
KIRLOSENG,2012-03-27,148.0,149.9,145.7,147.4,2516
KIRLOSENG,2012-03-28,146.0,147.5,145.05,145.3,4184
KIRLOSENG,2012-03-29,145.0,145.85,142.5,142.85,2189
KIRLOSENG,2012-03-30,142.5,150.8,142.5,149.95,6508
KIRLOSENG,2012-04-02,147.0,151.0,144.2,149.95,12797
KIRLOSENG,2012-04-03,148.0,151.5,147.15,148.85,3206
KIRLOSENG,2012-04-04,148.0,151.95,147.0,150.15,3390
KIRLOSENG,2012-04-09,148.0,149.8,146.7,147.05,1804
KIRLOSENG,2012-04-10,146.4,150.0,146.4,147.95,2541
KIRLOSENG,2012-04-11,150.15,150.15,145.2,146.1,608
KIRLOSENG,2012-04-12,146.0,147.1,146.0,147.0,747
KIRLOSENG,2012-04-13,145.0,147.05,142.5,145.2,1490
KIRLOSENG,2012-04-16,145.0,149.9,144.35,146.85,963
KIRLOSENG,2012-04-17,145.2,149.35,143.0,144.75,3956
KIRLOSENG,2012-04-18,145.0,154.0,144.05,152.2,11510
KIRLOSENG,2012-04-19,155.0,159.3,146.9,149.45,49890
KIRLOSENG,2012-04-20,147.0,157.0,147.0,156.1,23343
KIRLOSENG,2012-04-23,155.0,157.0,152.5,152.5,3181
KIRLOSENG,2012-04-24,151.1,154.8,148.05,149.0,1786
KIRLOSENG,2012-04-25,145.0,154.0,145.0,150.25,2088
KIRLOSENG,2012-04-26,152.6,155.9,144.5,153.85,27426
KIRLOSENG,2012-04-27,154.05,154.05,144.0,149.35,6117
KIRLOSENG,2012-04-30,148.0,150.0,145.3,146.95,1947
KIRLOSENG,2012-05-02,145.0,152.0,143.6,150.2,6079
KIRLOSENG,2012-05-03,150.0,150.0,144.05,145.85,6384
KIRLOSENG,2012-05-04,145.1,149.55,143.35,148.15,9300
KIRLOSENG,2012-05-07,149.85,149.85,140.4,143.4,1781
KIRLOSENG,2012-05-08,145.0,149.0,145.0,146.15,4095
KIRLOSENG,2012-05-09,145.0,148.0,143.0,145.25,12860
KIRLOSENG,2012-05-10,148.0,154.0,148.0,150.55,15994
KIRLOSENG,2012-05-11,147.0,153.3,147.0,150.9,7404
KIRLOSENG,2012-05-14,150.0,151.5,150.0,150.6,40734
KIRLOSENG,2012-05-15,150.1,151.45,150.0,151.0,12422
KIRLOSENG,2012-05-16,150.05,151.9,147.0,151.65,35264
KIRLOSENG,2012-05-17,150.05,151.4,150.05,150.9,18351
KIRLOSENG,2012-05-18,149.0,153.4,147.0,150.6,37352
KIRLOSENG,2012-05-21,150.05,151.4,150.05,151.0,7574
KIRLOSENG,2012-05-22,150.05,157.0,150.05,152.55,14634
KIRLOSENG,2012-05-23,151.5,153.5,151.0,152.5,10114
KIRLOSENG,2012-05-24,150.5,153.0,150.5,152.3,8217
KIRLOSENG,2012-05-25,150.0,151.95,147.1,150.95,7515
KIRLOSENG,2012-05-28,150.5,157.0,150.3,153.55,12974
KIRLOSENG,2012-05-29,153.0,153.0,147.0,151.5,68339
KIRLOSENG,2012-05-30,151.05,151.5,150.3,151.0,6359
KIRLOSENG,2012-05-31,151.05,156.9,151.0,152.5,11841
KIRLOSENG,2012-06-01,152.0,152.0,151.0,151.0,8685
KIRLOSENG,2012-06-04,155.0,155.0,151.0,151.0,20120
KIRLOSENG,2012-06-05,150.0,154.6,150.0,153.15,13063
KIRLOSENG,2012-06-06,152.0,154.7,151.05,154.0,10260
KIRLOSENG,2012-06-07,152.05,152.05,151.0,151.0,11961
KIRLOSENG,2012-06-08,152.0,157.5,152.0,156.35,16059
KIRLOSENG,2012-06-11,154.3,156.0,151.6,153.0,10916
KIRLOSENG,2012-06-12,153.0,156.0,151.5,151.6,12356
KIRLOSENG,2012-06-13,153.0,153.0,151.0,151.0,6895
KIRLOSENG,2012-06-14,152.0,152.0,151.0,151.0,13014
KIRLOSENG,2012-06-15,153.0,153.0,151.0,151.0,43079
KIRLOSENG,2012-06-18,151.0,152.0,150.0,151.1,36082
KIRLOSENG,2012-06-19,151.1,151.5,151.0,151.0,12219
KIRLOSENG,2012-06-20,153.0,153.0,151.0,151.0,13711
KIRLOSENG,2012-06-21,151.9,152.0,151.0,151.0,18322
KIRLOSENG,2012-06-22,151.0,151.5,151.0,151.0,11893
KIRLOSENG,2012-06-25,151.0,152.5,151.0,152.1,14543
KIRLOSENG,2012-06-26,151.05,152.0,151.0,151.0,11029
KIRLOSENG,2012-06-27,152.0,152.0,151.0,151.1,2076
KIRLOSENG,2012-06-28,152.95,154.0,151.45,153.85,1281
KIRLOSENG,2012-06-29,153.5,157.85,151.2,156.65,8208
KIRLOSENG,2012-07-02,157.95,158.0,151.55,152.1,5142
KIRLOSENG,2012-07-03,152.5,155.95,151.0,153.25,11037
KIRLOSENG,2012-07-04,155.5,155.5,152.05,152.7,650
KIRLOSENG,2012-07-05,152.3,159.3,152.0,157.55,13381
KIRLOSENG,2012-07-06,158.0,161.0,154.0,160.7,20065
KIRLOSENG,2012-07-09,162.0,162.0,153.45,154.2,4752
KIRLOSENG,2012-07-10,152.9,154.45,151.3,151.55,13612
KIRLOSENG,2012-07-11,151.1,153.5,151.05,152.95,15846
KIRLOSENG,2012-07-12,152.0,156.0,151.1,155.35,2937
KIRLOSENG,2012-07-13,155.0,156.0,152.0,154.0,3199
KIRLOSENG,2012-07-16,153.0,153.0,151.0,151.1,14290
KIRLOSENG,2012-07-17,151.15,155.95,151.0,153.65,4184
KIRLOSENG,2012-07-18,152.0,153.0,143.9,151.85,15000
KIRLOSENG,2012-07-19,158.0,158.0,152.55,153.0,11607
KIRLOSENG,2012-07-20,154.45,154.95,150.05,151.3,16710
KIRLOSENG,2012-07-23,150.1,151.7,149.0,149.0,4931
KIRLOSENG,2012-07-24,148.05,152.5,148.0,150.0,17299
KIRLOSENG,2012-07-25,150.0,151.0,149.0,149.25,797
KIRLOSENG,2012-07-26,148.05,150.35,148.05,149.0,5228
KIRLOSENG,2012-07-27,150.0,150.95,149.0,150.0,28988
KIRLOSENG,2012-07-30,149.0,151.35,149.0,151.05,77655
KIRLOSENG,2012-07-31,151.0,152.0,151.0,151.3,46625
KIRLOSENG,2012-08-01,151.05,151.95,151.0,151.5,2662
KIRLOSENG,2012-08-02,151.25,156.85,151.0,155.35,2839
KIRLOSENG,2012-08-03,152.0,156.0,152.0,152.5,12141
KIRLOSENG,2012-08-06,151.0,155.5,151.0,155.1,16808
KIRLOSENG,2012-08-07,156.0,159.0,155.0,158.85,30752
KIRLOSENG,2012-08-08,157.5,159.0,154.05,155.0,13302
KIRLOSENG,2012-08-09,154.0,154.0,152.0,152.85,2416
KIRLOSENG,2012-08-10,152.5,154.0,150.5,150.85,1160
KIRLOSENG,2012-08-13,150.5,154.85,150.5,152.0,41998
KIRLOSENG,2012-08-14,151.5,154.0,151.5,152.75,4334
KIRLOSENG,2012-08-16,153.0,155.25,152.1,155.05,14527
KIRLOSENG,2012-08-17,155.0,156.0,153.0,153.0,14298
KIRLOSENG,2012-08-21,155.0,155.85,152.5,153.0,3025
KIRLOSENG,2012-08-22,154.85,154.85,152.5,153.25,54544
KIRLOSENG,2012-08-23,153.5,154.8,153.3,153.75,19036
KIRLOSENG,2012-08-24,155.5,155.5,153.5,153.75,16380
KIRLOSENG,2012-08-27,153.25,155.0,153.25,154.0,20606
KIRLOSENG,2012-08-28,154.0,155.0,154.0,154.0,2463
KIRLOSENG,2012-08-29,153.5,154.45,153.0,153.0,562
KIRLOSENG,2012-08-30,153.5,153.5,153.0,153.0,744
KIRLOSENG,2012-08-31,153.95,155.0,153.05,153.5,4495
KIRLOSENG,2012-09-03,154.95,154.95,153.0,153.75,11745
KIRLOSENG,2012-09-04,153.05,154.0,153.05,154.0,3332
KIRLOSENG,2012-09-05,153.5,153.75,153.5,153.75,2451
KIRLOSENG,2012-09-06,153.5,159.0,153.05,154.8,7129
KIRLOSENG,2012-09-07,153.6,156.2,153.5,153.85,8164
KIRLOSENG,2012-09-10,153.5,153.95,153.0,153.0,4387
KIRLOSENG,2012-09-11,155.0,155.0,153.5,153.5,2050
KIRLOSENG,2012-09-12,153.5,154.5,153.05,153.75,4022
KIRLOSENG,2012-09-13,153.75,154.95,150.35,151.15,2956
KIRLOSENG,2012-09-14,151.15,160.95,149.0,159.95,18593
KIRLOSENG,2012-09-17,159.6,159.6,153.1,157.55,1864
KIRLOSENG,2012-09-18,152.1,161.6,151.0,159.55,49648
KIRLOSENG,2012-09-20,157.5,157.5,153.25,154.0,1385
KIRLOSENG,2012-09-21,156.0,159.5,153.6,158.5,5132
KIRLOSENG,2012-09-24,157.0,159.0,154.0,158.15,5517
KIRLOSENG,2012-09-25,163.0,169.0,156.0,160.4,99372
KIRLOSENG,2012-09-26,160.05,165.9,158.1,162.15,80009
KIRLOSENG,2012-09-27,165.0,171.5,162.05,170.0,8927
KIRLOSENG,2012-09-28,169.0,171.0,167.0,171.0,6543
KIRLOSENG,2012-10-01,172.5,172.5,166.0,166.95,4788
KIRLOSENG,2012-10-03,168.0,172.0,166.0,170.05,2781
KIRLOSENG,2012-10-04,168.55,176.0,165.5,175.1,5175
KIRLOSENG,2012-10-05,175.1,175.1,167.3,168.15,1805
KIRLOSENG,2012-10-08,171.0,171.0,163.25,165.1,2902
KIRLOSENG,2012-10-09,165.05,174.0,162.25,163.65,5820
KIRLOSENG,2012-10-10,163.05,172.0,162.0,163.05,2848
KIRLOSENG,2012-10-11,163.65,168.95,162.0,167.45,2694
KIRLOSENG,2012-10-12,168.1,169.55,164.05,165.65,2740
KIRLOSENG,2012-10-15,165.05,168.0,162.5,166.0,6282
KIRLOSENG,2012-10-16,166.0,166.35,163.35,165.3,1033
KIRLOSENG,2012-10-17,165.0,174.55,163.5,171.75,110280
KIRLOSENG,2012-10-18,172.55,174.9,166.0,170.1,61672
KIRLOSENG,2012-10-19,170.3,184.0,170.0,180.2,24044
KIRLOSENG,2012-10-22,178.3,181.85,173.35,178.3,10884
KIRLOSENG,2012-10-23,178.0,184.8,178.0,181.8,8866
KIRLOSENG,2012-10-25,183.75,194.65,183.0,186.65,43828
KIRLOSENG,2012-10-29,185.05,191.5,182.05,190.05,17718
KIRLOSENG,2012-10-30,190.05,190.65,187.05,190.0,4065
KIRLOSENG,2012-10-31,187.0,191.0,186.05,190.2,9311
KIRLOSENG,2012-11-01,188.5,192.0,185.05,187.9,10772
KIRLOSENG,2012-11-02,190.0,204.6,190.0,197.0,42073
KIRLOSENG,2012-11-05,200.0,218.0,195.0,195.95,12117
KIRLOSENG,2012-11-06,195.0,198.95,190.0,195.15,9680
KIRLOSENG,2012-11-07,194.0,199.5,192.7,193.95,1839
KIRLOSENG,2012-11-08,191.5,200.0,190.1,195.4,8349
KIRLOSENG,2012-11-09,198.6,198.6,191.8,193.2,1815
KIRLOSENG,2012-11-12,192.0,197.95,190.6,193.5,8735
KIRLOSENG,2012-11-15,192.0,196.85,190.0,190.4,1698
KIRLOSENG,2012-11-16,189.0,195.0,188.0,190.0,760012
KIRLOSENG,2012-11-19,187.0,191.0,187.0,190.0,2628
KIRLOSENG,2012-11-20,191.0,194.95,190.0,190.0,7022
KIRLOSENG,2012-11-21,189.0,195.85,188.75,189.65,6801
KIRLOSENG,2012-11-22,189.05,191.0,185.5,189.4,8545
KIRLOSENG,2012-11-23,189.0,191.0,187.0,190.5,7388
KIRLOSENG,2012-11-26,189.0,200.0,187.1,196.7,7568
KIRLOSENG,2012-11-27,194.1,197.0,192.1,195.85,10926
KIRLOSENG,2012-11-29,194.0,195.0,187.0,187.8,4211
KIRLOSENG,2012-11-30,187.2,202.0,187.2,196.0,750477
KIRLOSENG,2012-12-03,190.0,204.0,190.0,198.45,45157
KIRLOSENG,2012-12-04,197.2,199.3,194.05,195.35,236056
KIRLOSENG,2012-12-05,195.6,201.95,193.1,198.9,6725
KIRLOSENG,2012-12-06,204.0,206.0,196.15,197.8,9899
KIRLOSENG,2012-12-07,199.95,206.95,199.7,205.75,16161
KIRLOSENG,2012-12-10,205.75,210.0,205.0,209.55,14284
KIRLOSENG,2012-12-11,208.0,210.45,199.0,205.1,8093
KIRLOSENG,2012-12-12,204.3,207.75,204.3,207.05,4095
KIRLOSENG,2012-12-13,206.0,208.8,201.75,207.45,6760
KIRLOSENG,2012-12-14,206.0,206.0,197.15,200.2,3693
KIRLOSENG,2012-12-17,198.0,206.0,196.0,205.6,13066
KIRLOSENG,2012-12-18,203.25,203.5,195.95,199.0,5144
KIRLOSENG,2012-12-19,201.65,201.65,194.0,197.0,12457
KIRLOSENG,2012-12-20,196.1,198.0,194.0,194.9,6353
KIRLOSENG,2012-12-21,195.0,200.8,195.0,198.85,2895
KIRLOSENG,2012-12-24,196.0,202.0,193.25,200.45,8571
KIRLOSENG,2012-12-26,199.0,203.95,197.4,200.05,3141
KIRLOSENG,2012-12-27,205.0,208.1,203.2,204.25,9599
KIRLOSENG,2012-12-28,205.0,205.0,201.0,201.6,3286
KIRLOSENG,2012-12-31,205.0,205.0,195.25,199.4,3894
KIRLOSENG,2013-01-01,199.15,203.05,198.25,200.3,11751
KIRLOSENG,2013-01-02,199.55,206.0,199.5,205.4,10733
KIRLOSENG,2013-01-03,205.4,206.65,200.2,202.85,3004
KIRLOSENG,2013-01-04,206.8,212.15,201.55,210.2,17768
KIRLOSENG,2013-01-07,212.0,213.95,210.0,210.6,10511
KIRLOSENG,2013-01-08,208.0,210.0,207.3,208.0,2907
KIRLOSENG,2013-01-09,210.0,210.0,201.45,203.9,5386
KIRLOSENG,2013-01-10,210.0,210.0,202.8,204.9,13880
KIRLOSENG,2013-01-11,207.95,209.8,202.55,205.2,6859
KIRLOSENG,2013-01-14,202.6,209.9,202.6,207.0,2401
KIRLOSENG,2013-01-15,204.35,208.7,204.35,208.0,4784
KIRLOSENG,2013-01-16,202.5,211.0,202.5,210.0,19068
KIRLOSENG,2013-01-17,211.0,213.65,203.0,210.0,16781
KIRLOSENG,2013-01-18,206.5,212.9,206.5,212.3,12118
KIRLOSENG,2013-01-21,212.0,215.9,210.0,214.75,15721
KIRLOSENG,2013-01-22,212.05,213.0,210.0,212.0,14461
KIRLOSENG,2013-01-23,209.0,211.0,208.95,210.0,32370
KIRLOSENG,2013-01-24,209.0,210.95,205.1,208.95,38050
KIRLOSENG,2013-01-25,206.4,212.0,206.4,209.6,5455
KIRLOSENG,2013-01-28,209.0,210.5,208.0,209.95,9622
KIRLOSENG,2013-01-29,210.0,210.6,205.8,210.15,11124
KIRLOSENG,2013-01-30,207.3,210.4,205.1,206.0,6405
KIRLOSENG,2013-01-31,207.0,208.85,206.0,207.0,2179
KIRLOSENG,2013-02-01,205.6,208.0,203.15,204.95,2074
KIRLOSENG,2013-02-04,204.0,204.95,197.05,199.45,64116
KIRLOSENG,2013-02-05,198.4,204.0,195.1,198.85,3400
KIRLOSENG,2013-02-06,197.0,203.0,194.95,197.3,8546
KIRLOSENG,2013-02-07,203.0,203.0,195.1,200.9,7203
KIRLOSENG,2013-02-08,199.0,203.0,194.55,201.15,6007
KIRLOSENG,2013-02-11,199.0,202.0,195.75,196.45,2777
KIRLOSENG,2013-02-12,195.0,196.7,189.0,192.3,12965
KIRLOSENG,2013-02-13,194.3,197.95,189.05,192.05,5772
KIRLOSENG,2013-02-14,191.55,199.9,189.65,198.3,8216
KIRLOSENG,2013-02-15,192.05,199.9,190.0,198.0,9351
KIRLOSENG,2013-02-18,195.0,200.85,193.15,193.7,1268
KIRLOSENG,2013-02-19,195.1,198.9,190.05,191.5,2596
KIRLOSENG,2013-02-20,191.25,197.95,190.1,191.55,1990
KIRLOSENG,2013-02-21,190.65,197.45,190.55,193.4,7929
KIRLOSENG,2013-02-22,190.1,193.0,187.4,192.0,4957
KIRLOSENG,2013-02-25,190.7,196.15,187.95,192.1,22195
KIRLOSENG,2013-02-26,190.65,193.95,185.4,189.8,110898
KIRLOSENG,2013-02-27,182.2,193.0,182.2,190.3,3142
KIRLOSENG,2013-02-28,191.95,194.75,188.1,192.9,2420
KIRLOSENG,2013-03-01,191.0,197.3,189.7,196.25,7572
KIRLOSENG,2013-03-04,192.6,197.5,192.5,196.7,10719
KIRLOSENG,2013-03-05,194.0,202.0,193.5,201.85,120481
KIRLOSENG,2013-03-06,203.95,203.95,194.6,195.6,2149
KIRLOSENG,2013-03-07,194.15,196.5,185.65,188.7,4524
KIRLOSENG,2013-03-08,191.05,199.0,186.55,196.05,164446
KIRLOSENG,2013-03-11,193.05,199.5,188.05,189.75,2518
KIRLOSENG,2013-03-12,195.0,195.0,185.2,187.35,2240
KIRLOSENG,2013-03-13,190.0,190.0,179.35,180.65,4363
KIRLOSENG,2013-03-14,182.0,184.0,175.55,177.65,1277
KIRLOSENG,2013-03-15,180.8,187.0,179.05,183.9,5455
KIRLOSENG,2013-03-18,184.0,191.6,181.1,190.6,204596
KIRLOSENG,2013-03-19,188.0,191.0,185.1,190.05,59834
KIRLOSENG,2013-03-20,188.0,190.0,181.0,181.9,1796
KIRLOSENG,2013-03-21,186.3,186.3,174.7,176.9,1292
KIRLOSENG,2013-03-22,177.0,177.95,166.05,170.1,1247
KIRLOSENG,2013-03-25,172.0,178.0,166.6,172.25,6147
KIRLOSENG,2013-03-26,175.0,180.75,171.55,174.05,759
KIRLOSENG,2013-03-28,170.0,179.4,165.0,168.65,11305
KIRLOSENG,2013-04-01,166.2,176.95,166.2,170.8,4031
KIRLOSENG,2013-04-02,172.0,174.25,169.25,169.95,1274
KIRLOSENG,2013-04-03,174.85,174.9,170.45,171.15,1235
KIRLOSENG,2013-04-04,169.0,177.7,165.0,175.8,5893
KIRLOSENG,2013-04-05,176.45,176.45,170.0,173.7,917
KIRLOSENG,2013-04-08,176.7,184.0,172.1,178.7,2796
KIRLOSENG,2013-04-09,178.7,180.2,175.25,177.45,835
KIRLOSENG,2013-04-10,175.5,175.5,166.25,172.85,9111
KIRLOSENG,2013-04-11,174.0,177.95,167.5,168.3,1485
KIRLOSENG,2013-04-12,173.5,173.5,161.05,169.1,3593
KIRLOSENG,2013-04-15,166.0,171.95,162.45,166.75,3455
KIRLOSENG,2013-04-16,168.95,170.45,162.5,164.6,2629
KIRLOSENG,2013-04-17,163.2,169.8,163.2,167.0,3141
KIRLOSENG,2013-04-18,167.0,172.0,165.3,170.75,1336
KIRLOSENG,2013-04-22,163.0,180.9,163.0,173.3,4143
KIRLOSENG,2013-04-23,179.95,189.0,174.4,184.85,529904
KIRLOSENG,2013-04-25,185.55,189.6,179.0,180.25,7393
KIRLOSENG,2013-04-26,180.2,184.95,177.95,178.55,5049
KIRLOSENG,2013-04-29,179.0,189.4,179.0,185.35,5341
KIRLOSENG,2013-04-30,182.15,187.0,179.9,185.1,30073
KIRLOSENG,2013-05-02,182.0,189.95,182.0,185.8,3980
KIRLOSENG,2013-05-03,183.1,184.0,177.85,181.6,5682
KIRLOSENG,2013-05-06,183.95,189.0,180.05,186.7,4779
KIRLOSENG,2013-05-07,186.0,187.0,183.3,186.1,5346
KIRLOSENG,2013-05-08,188.5,192.0,186.1,189.85,10007
KIRLOSENG,2013-05-09,191.0,191.0,185.95,187.7,8937
KIRLOSENG,2013-05-10,187.8,187.8,184.3,184.85,1086
KIRLOSENG,2013-05-13,187.0,187.0,180.0,182.05,1557
KIRLOSENG,2013-05-14,182.0,187.0,179.9,185.95,4720
KIRLOSENG,2013-05-15,186.0,188.0,174.1,178.2,4716
KIRLOSENG,2013-05-16,181.55,181.55,175.15,176.4,3874
KIRLOSENG,2013-05-17,178.0,182.85,175.65,181.9,3227
KIRLOSENG,2013-05-20,181.0,182.9,176.0,177.2,2778
KIRLOSENG,2013-05-21,175.0,178.9,174.4,177.55,13901
KIRLOSENG,2013-05-22,178.8,178.8,171.05,173.8,762
KIRLOSENG,2013-05-23,171.65,201.0,167.05,192.05,381983
KIRLOSENG,2013-05-24,193.55,193.55,182.55,186.1,10324
KIRLOSENG,2013-05-27,185.4,193.5,180.5,182.15,8261
KIRLOSENG,2013-05-28,180.0,181.5,178.8,179.55,2274
KIRLOSENG,2013-05-29,184.0,184.0,174.0,175.9,11193
KIRLOSENG,2013-05-30,181.0,181.0,173.0,175.45,2642
KIRLOSENG,2013-05-31,178.0,178.0,171.0,173.2,2174
KIRLOSENG,2013-06-03,173.0,174.0,167.0,167.9,2970
KIRLOSENG,2013-06-04,168.0,170.0,162.4,163.1,7279
KIRLOSENG,2013-06-05,163.05,172.0,161.0,170.3,16098
KIRLOSENG,2013-06-06,170.05,175.8,170.05,174.25,15984
KIRLOSENG,2013-06-07,174.0,176.0,173.0,175.0,6661
KIRLOSENG,2013-06-10,175.0,177.55,172.0,175.0,2276
KIRLOSENG,2013-06-11,175.0,180.0,166.0,176.95,10230
KIRLOSENG,2013-06-12,171.0,178.0,171.0,176.85,1027
KIRLOSENG,2013-06-13,175.0,179.0,169.05,171.7,3936
KIRLOSENG,2013-06-14,177.5,177.5,172.0,173.15,1090
KIRLOSENG,2013-06-17,187.9,187.9,173.6,174.3,860
KIRLOSENG,2013-06-18,173.3,176.75,171.1,173.0,970
KIRLOSENG,2013-06-19,172.65,176.5,167.05,170.05,6439
KIRLOSENG,2013-06-20,172.0,179.85,170.0,178.05,11888
KIRLOSENG,2013-06-21,174.1,180.95,174.1,177.5,10752
KIRLOSENG,2013-06-24,177.5,180.0,177.5,179.55,6571
KIRLOSENG,2013-06-25,180.0,182.9,180.0,180.2,2761
KIRLOSENG,2013-06-26,186.0,186.0,180.0,181.05,2026
KIRLOSENG,2013-06-27,178.1,183.8,178.1,182.4,3989
KIRLOSENG,2013-06-28,185.0,185.0,181.1,182.2,1662
KIRLOSENG,2013-07-01,185.0,185.55,181.15,184.75,5351
KIRLOSENG,2013-07-02,185.05,186.95,184.0,185.65,4687
KIRLOSENG,2013-07-03,184.0,186.0,183.1,183.9,2296
KIRLOSENG,2013-07-04,183.15,186.0,183.15,185.8,1705
KIRLOSENG,2013-07-05,185.65,186.0,183.5,184.15,2522
KIRLOSENG,2013-07-08,185.0,185.0,182.05,184.95,326
KIRLOSENG,2013-07-09,182.4,185.85,182.4,184.7,346
KIRLOSENG,2013-07-10,184.0,186.85,182.5,183.75,854
KIRLOSENG,2013-07-11,185.0,189.0,183.35,185.75,6617
KIRLOSENG,2013-07-12,186.0,187.7,182.0,182.8,3751
KIRLOSENG,2013-07-15,182.8,185.0,182.0,183.6,2441
KIRLOSENG,2013-07-16,181.0,183.0,179.0,181.4,4236
KIRLOSENG,2013-07-17,180.5,180.5,175.9,177.35,2153
KIRLOSENG,2013-07-18,180.0,180.6,175.9,176.2,778
KIRLOSENG,2013-07-19,176.1,176.95,175.2,175.2,1750
KIRLOSENG,2013-07-22,175.3,181.2,175.25,178.75,2379
KIRLOSENG,2013-07-23,178.0,180.0,176.65,178.25,20593
KIRLOSENG,2013-07-24,178.1,180.5,161.65,168.2,13213
KIRLOSENG,2013-07-25,170.55,175.9,168.4,172.8,13848
KIRLOSENG,2013-07-26,173.6,175.0,165.0,167.95,6232
KIRLOSENG,2013-07-29,166.0,172.2,161.25,171.0,12983
KIRLOSENG,2013-07-30,171.0,172.85,162.25,163.95,4304
KIRLOSENG,2013-07-31,165.0,173.0,157.0,158.6,2147
KIRLOSENG,2013-08-01,151.7,165.0,150.35,155.05,3456
KIRLOSENG,2013-08-02,153.0,179.7,151.0,164.05,839536
KIRLOSENG,2013-08-05,166.0,168.7,156.6,163.3,6299
KIRLOSENG,2013-08-06,160.2,167.5,158.0,159.6,9435
KIRLOSENG,2013-08-07,158.0,166.65,158.0,162.6,4200
KIRLOSENG,2013-08-08,166.5,166.5,161.7,162.0,342
KIRLOSENG,2013-08-12,162.0,165.0,159.25,162.35,2091
KIRLOSENG,2013-08-13,164.8,164.95,161.0,161.35,2472
KIRLOSENG,2013-08-14,165.0,165.0,159.0,160.05,11337
KIRLOSENG,2013-08-16,161.0,162.85,158.7,159.75,2501
KIRLOSENG,2013-08-19,158.0,162.65,157.0,159.1,6248
KIRLOSENG,2013-08-20,160.0,161.0,157.0,160.85,3391
KIRLOSENG,2013-08-21,160.0,160.8,160.0,160.05,214
KIRLOSENG,2013-08-22,160.0,161.1,158.2,160.05,413
KIRLOSENG,2013-08-23,158.0,161.0,158.0,160.0,9739
KIRLOSENG,2013-08-26,170.0,170.0,158.75,161.35,637
KIRLOSENG,2013-08-27,158.0,163.95,158.0,159.7,12658
KIRLOSENG,2013-08-28,159.7,159.7,146.95,155.0,23782
KIRLOSENG,2013-08-29,164.0,164.0,151.1,153.45,3280
KIRLOSENG,2013-08-30,159.95,159.95,151.6,153.1,1018
KIRLOSENG,2013-09-02,157.95,159.9,154.1,154.8,3082
KIRLOSENG,2013-09-03,154.05,154.5,150.0,150.85,1927
KIRLOSENG,2013-09-04,150.85,156.9,149.05,150.2,3786
KIRLOSENG,2013-09-05,154.75,154.8,150.0,150.65,2021
KIRLOSENG,2013-09-06,153.95,154.7,151.25,151.95,1849
KIRLOSENG,2013-09-10,150.0,156.9,150.0,154.95,1995
KIRLOSENG,2013-09-11,159.1,164.95,151.65,155.55,3529
KIRLOSENG,2013-09-12,159.9,159.9,146.7,150.15,6830
KIRLOSENG,2013-09-13,150.6,153.4,150.05,152.7,3290
KIRLOSENG,2013-09-16,151.0,156.35,148.05,148.85,2916
KIRLOSENG,2013-09-17,149.0,154.0,149.0,149.9,1127
KIRLOSENG,2013-09-18,149.65,152.0,148.1,148.95,4568
KIRLOSENG,2013-09-19,153.5,153.5,147.1,148.25,6439
KIRLOSENG,2013-09-20,148.0,152.0,146.5,151.4,3697
KIRLOSENG,2013-09-23,151.4,151.45,147.8,148.85,2971
KIRLOSENG,2013-09-24,149.8,151.9,149.8,150.0,4363
KIRLOSENG,2013-09-25,149.3,151.35,147.85,150.4,1486
KIRLOSENG,2013-09-26,154.15,154.15,149.0,149.9,665
KIRLOSENG,2013-09-27,149.05,150.45,148.0,148.3,333
KIRLOSENG,2013-09-30,149.0,150.5,146.2,147.55,884
KIRLOSENG,2013-10-01,146.0,149.7,144.9,145.5,4158
KIRLOSENG,2013-10-03,150.5,150.5,146.2,146.7,1258
KIRLOSENG,2013-10-04,149.0,150.5,147.55,149.45,2320
KIRLOSENG,2013-10-07,146.15,150.0,146.15,149.1,907
KIRLOSENG,2013-10-08,149.95,150.5,147.75,148.55,2247
KIRLOSENG,2013-10-09,147.0,151.0,147.0,150.45,4052
KIRLOSENG,2013-10-10,150.5,150.5,148.65,149.1,5158
KIRLOSENG,2013-10-11,149.5,149.5,147.45,148.25,2662
KIRLOSENG,2013-10-14,150.0,150.5,145.7,147.55,3382
KIRLOSENG,2013-10-15,147.15,150.45,146.5,146.85,1592
KIRLOSENG,2013-10-17,149.7,149.7,142.85,143.8,9457
KIRLOSENG,2013-10-18,147.0,147.45,142.0,144.8,48183
KIRLOSENG,2013-10-21,146.95,148.9,145.0,148.3,1761
KIRLOSENG,2013-10-22,148.0,149.0,144.55,146.8,14143
KIRLOSENG,2013-10-23,147.05,147.95,146.05,146.45,701
KIRLOSENG,2013-10-24,148.0,151.5,148.0,151.0,17231
KIRLOSENG,2013-10-25,151.5,152.5,143.05,144.4,16180
KIRLOSENG,2013-10-28,146.5,149.0,140.0,145.0,11605
KIRLOSENG,2013-10-29,143.0,146.7,142.45,145.05,1206
KIRLOSENG,2013-10-30,145.0,150.15,144.05,149.35,10111
KIRLOSENG,2013-10-31,150.6,152.7,145.1,149.7,9492
KIRLOSENG,2013-11-01,148.5,148.9,144.15,146.15,7518
KIRLOSENG,2013-11-05,142.6,147.0,142.6,143.7,7757
KIRLOSENG,2013-11-06,142.2,146.4,142.2,145.25,915
KIRLOSENG,2013-11-07,145.25,145.25,143.0,144.75,2321
KIRLOSENG,2013-11-08,144.5,144.95,142.1,143.35,2092
KIRLOSENG,2013-11-11,143.25,146.15,143.0,144.7,1974
KIRLOSENG,2013-11-12,144.8,144.8,142.1,142.65,2984
KIRLOSENG,2013-11-13,145.7,145.7,142.2,142.6,1298
KIRLOSENG,2013-11-14,144.0,148.25,143.25,144.55,5748
KIRLOSENG,2013-11-18,149.6,149.6,145.0,147.95,7054
KIRLOSENG,2013-11-19,148.6,148.6,144.8,147.85,7189
KIRLOSENG,2013-11-20,149.45,156.0,146.55,147.5,11995
KIRLOSENG,2013-11-21,151.9,165.0,148.95,160.2,1491360
KIRLOSENG,2013-11-22,164.7,166.0,154.3,159.7,164028
KIRLOSENG,2013-11-25,160.75,162.4,156.0,157.55,10095
KIRLOSENG,2013-11-26,157.3,160.7,154.05,154.9,4908
KIRLOSENG,2013-11-27,156.0,157.0,144.5,145.3,23362
KIRLOSENG,2013-11-28,146.75,151.5,145.65,150.15,6399
KIRLOSENG,2013-11-29,151.35,152.3,150.0,151.35,2105
KIRLOSENG,2013-12-02,150.0,155.0,145.6,147.05,14606
KIRLOSENG,2013-12-03,147.0,151.0,147.0,150.65,5885
KIRLOSENG,2013-12-04,152.0,153.95,149.95,150.2,3199
KIRLOSENG,2013-12-05,151.0,152.0,148.55,149.2,2674
KIRLOSENG,2013-12-06,151.5,157.0,148.6,154.6,13795
KIRLOSENG,2013-12-09,155.0,165.0,150.9,163.0,31651
KIRLOSENG,2013-12-10,164.8,166.0,151.0,152.25,36636
KIRLOSENG,2013-12-11,156.0,158.0,152.1,154.45,3774
KIRLOSENG,2013-12-12,155.9,159.0,153.0,153.25,4400
KIRLOSENG,2013-12-13,152.2,154.9,152.05,153.85,2475
KIRLOSENG,2013-12-16,153.0,154.85,153.0,153.9,812
KIRLOSENG,2013-12-17,152.2,155.0,151.7,153.35,2040
KIRLOSENG,2013-12-18,152.0,156.85,152.0,155.0,5784
KIRLOSENG,2013-12-19,153.65,155.3,153.65,154.1,441
KIRLOSENG,2013-12-20,155.0,160.0,151.05,152.3,21962
KIRLOSENG,2013-12-23,153.0,156.0,149.75,150.0,27479
KIRLOSENG,2013-12-24,148.3,152.75,148.3,149.9,7021
KIRLOSENG,2013-12-26,152.0,153.45,150.5,151.7,3586
KIRLOSENG,2013-12-27,148.8,155.0,148.8,151.85,5287
KIRLOSENG,2013-12-30,151.05,154.95,151.05,153.25,3360
KIRLOSENG,2013-12-31,154.5,156.5,152.55,153.5,5298
KIRLOSENG,2014-01-01,155.95,155.95,149.95,153.4,9618
KIRLOSENG,2014-01-02,153.95,154.95,151.0,151.45,6060
KIRLOSENG,2014-01-03,151.85,153.45,151.0,152.1,3157
KIRLOSENG,2014-01-06,152.0,154.0,151.3,153.75,4543
KIRLOSENG,2014-01-07,154.6,154.9,152.0,153.8,9796
KIRLOSENG,2014-01-08,154.4,163.0,152.75,159.9,28031
KIRLOSENG,2014-01-09,161.5,161.5,155.0,159.9,19984
KIRLOSENG,2014-01-10,160.0,160.25,157.8,159.7,6900
KIRLOSENG,2014-01-13,157.05,162.0,157.05,161.55,9460
KIRLOSENG,2014-01-14,161.0,174.0,157.7,171.7,53164
KIRLOSENG,2014-01-15,172.8,188.0,170.95,186.35,77460
KIRLOSENG,2014-01-16,189.7,189.9,168.15,170.5,139053
KIRLOSENG,2014-01-17,174.9,174.9,161.5,163.0,18378
KIRLOSENG,2014-01-20,166.0,166.0,160.05,164.35,8106
KIRLOSENG,2014-01-21,165.4,174.0,162.6,170.7,15316
KIRLOSENG,2014-01-22,171.85,171.85,168.05,169.6,2397
KIRLOSENG,2014-01-23,171.3,176.0,168.95,174.2,16910
KIRLOSENG,2014-01-24,173.0,173.0,166.0,166.1,8942
KIRLOSENG,2014-01-27,161.75,166.0,161.0,161.05,4498
KIRLOSENG,2014-01-28,159.0,166.5,159.0,161.8,2881
KIRLOSENG,2014-01-29,162.2,164.0,160.0,160.4,2362
KIRLOSENG,2014-01-30,161.2,161.2,157.0,157.65,3765
KIRLOSENG,2014-01-31,160.0,162.2,158.2,160.0,3666
KIRLOSENG,2014-02-03,160.0,166.0,158.1,163.65,6537
KIRLOSENG,2014-02-04,162.5,170.95,159.65,169.85,11451
KIRLOSENG,2014-02-05,168.0,172.0,163.25,170.15,4050
KIRLOSENG,2014-02-06,167.7,171.95,164.4,170.0,7346
KIRLOSENG,2014-02-07,170.0,171.0,161.95,170.0,13184
KIRLOSENG,2014-02-10,170.0,171.0,168.5,170.0,10259
KIRLOSENG,2014-02-11,170.0,173.5,169.05,170.0,9337
KIRLOSENG,2014-02-12,169.05,172.8,169.05,170.2,3191
KIRLOSENG,2014-02-13,169.95,181.95,166.45,177.1,28946
KIRLOSENG,2014-02-14,178.0,179.95,170.0,174.4,7727
KIRLOSENG,2014-02-17,173.1,176.0,170.15,171.4,3237
KIRLOSENG,2014-02-18,171.45,172.65,170.15,171.1,2088
KIRLOSENG,2014-02-19,172.05,174.05,172.0,172.95,2678
KIRLOSENG,2014-02-20,170.5,173.0,170.5,171.75,1975
KIRLOSENG,2014-02-21,172.0,173.45,170.25,172.0,2381
KIRLOSENG,2014-02-24,172.0,172.0,167.65,171.65,743
KIRLOSENG,2014-02-25,172.5,173.9,168.25,169.65,2633
KIRLOSENG,2014-02-26,172.95,182.0,168.0,175.75,8379
KIRLOSENG,2014-02-28,178.0,179.35,175.15,176.7,8269
KIRLOSENG,2014-03-03,175.0,187.0,171.65,179.65,42796
KIRLOSENG,2014-03-04,182.0,186.45,176.6,177.45,4335
KIRLOSENG,2014-03-05,176.0,180.0,171.25,174.2,9964
KIRLOSENG,2014-03-06,176.0,176.0,172.75,173.4,4165
KIRLOSENG,2014-03-07,171.0,175.9,170.1,172.1,5784
KIRLOSENG,2014-03-10,171.25,173.0,167.1,168.3,9756
KIRLOSENG,2014-03-11,171.0,179.9,167.2,178.5,73190
KIRLOSENG,2014-03-12,178.0,181.0,176.0,178.75,9787
KIRLOSENG,2014-03-13,182.0,182.0,176.0,178.05,1495
KIRLOSENG,2014-03-14,174.25,176.5,171.05,173.6,4309
KIRLOSENG,2014-03-18,173.0,176.0,170.0,174.75,12732
KIRLOSENG,2014-03-19,174.75,179.0,174.0,177.85,8552
KIRLOSENG,2014-03-20,176.0,180.9,174.0,180.0,17434
KIRLOSENG,2014-03-21,180.0,184.0,177.75,183.5,116110
KIRLOSENG,2014-03-24,205.8,213.0,198.0,198.7,93498
KIRLOSENG,2014-03-25,201.9,201.95,194.15,195.25,18360
KIRLOSENG,2014-03-26,197.7,199.4,195.0,198.3,26741
KIRLOSENG,2014-03-27,198.95,201.4,197.0,199.1,18848
KIRLOSENG,2014-03-28,205.4,211.0,202.25,204.55,77745
KIRLOSENG,2014-03-31,207.75,208.0,198.0,203.0,18321
KIRLOSENG,2014-04-01,205.0,205.0,193.0,195.4,29737
KIRLOSENG,2014-04-02,195.0,199.0,193.25,196.55,12756
KIRLOSENG,2014-04-03,195.05,202.95,195.05,199.55,33021
KIRLOSENG,2014-04-04,199.55,200.0,197.1,199.3,6279
KIRLOSENG,2014-04-07,200.0,200.0,196.0,198.0,8704
KIRLOSENG,2014-04-09,200.0,200.75,195.05,199.35,20975
KIRLOSENG,2014-04-10,199.0,200.0,196.25,198.35,12350
KIRLOSENG,2014-04-11,199.95,200.0,196.2,196.65,6683
KIRLOSENG,2014-04-15,201.0,208.0,199.0,199.35,32543
KIRLOSENG,2014-04-16,202.9,202.9,197.0,198.6,21724
KIRLOSENG,2014-04-17,206.0,206.0,198.15,200.25,6636
KIRLOSENG,2014-04-21,204.85,208.55,200.1,204.85,56809
KIRLOSENG,2014-04-22,203.05,207.5,199.0,201.35,45601
KIRLOSENG,2014-04-23,204.95,204.95,198.1,200.35,21119
KIRLOSENG,2014-04-24,200.35,200.35,200.35,200.35,0
KIRLOSENG,2014-04-25,202.0,204.0,196.5,198.45,13639
KIRLOSENG,2014-04-28,197.15,197.9,193.0,194.95,12524
KIRLOSENG,2014-04-29,193.0,194.75,190.05,192.0,11614
KIRLOSENG,2014-04-30,192.95,200.0,189.05,198.45,21298
KIRLOSENG,2014-05-02,198.0,202.0,196.3,200.15,15542
KIRLOSENG,2014-05-05,201.95,202.0,197.95,200.0,9166
KIRLOSENG,2014-05-06,204.9,204.9,200.0,200.0,12070
KIRLOSENG,2014-05-07,204.5,204.5,200.0,200.4,9357
KIRLOSENG,2014-05-08,201.0,201.0,200.0,200.4,6215
KIRLOSENG,2014-05-09,200.0,213.0,198.4,211.05,48445
KIRLOSENG,2014-05-12,209.0,222.0,209.0,220.85,85339
KIRLOSENG,2014-05-13,224.0,224.0,217.5,220.45,34239
KIRLOSENG,2014-05-14,218.0,224.0,216.0,223.2,29085
KIRLOSENG,2014-05-15,221.0,223.0,215.0,219.95,23504
KIRLOSENG,2014-05-16,218.0,224.6,213.0,217.0,24134
KIRLOSENG,2014-05-19,216.9,233.95,216.9,232.15,48722
KIRLOSENG,2014-05-20,230.25,233.65,227.05,231.0,16586
KIRLOSENG,2014-05-21,231.0,236.0,229.55,230.95,86281
KIRLOSENG,2014-05-22,234.95,234.95,227.1,232.8,51706
KIRLOSENG,2014-05-23,238.0,249.0,230.35,235.35,141174
KIRLOSENG,2014-05-26,234.0,236.0,204.7,221.75,31839
KIRLOSENG,2014-05-27,223.5,225.0,212.0,221.65,14968
KIRLOSENG,2014-05-28,224.7,224.7,214.05,223.4,29029
KIRLOSENG,2014-05-29,221.0,225.95,219.05,224.45,33041
KIRLOSENG,2014-05-30,226.65,235.0,224.95,230.35,133096
KIRLOSENG,2014-06-02,230.0,242.8,230.0,239.8,97257
KIRLOSENG,2014-06-03,245.0,247.0,241.4,244.65,32630
KIRLOSENG,2014-06-04,244.0,246.95,244.0,245.1,32477
KIRLOSENG,2014-06-05,245.0,246.9,238.0,240.3,21926
KIRLOSENG,2014-06-06,236.5,245.95,225.5,242.65,27438
KIRLOSENG,2014-06-09,241.1,246.0,240.5,244.7,11134
KIRLOSENG,2014-06-10,245.0,245.05,234.95,237.25,43755
KIRLOSENG,2014-06-11,241.4,241.95,237.0,238.05,12545
KIRLOSENG,2014-06-12,242.05,242.5,236.0,237.3,17947
KIRLOSENG,2014-06-13,238.0,241.7,231.95,238.7,17134
KIRLOSENG,2014-06-16,240.45,240.45,232.9,235.35,3411
KIRLOSENG,2014-06-17,239.35,239.4,235.1,236.0,3788
KIRLOSENG,2014-06-18,234.55,237.0,231.0,234.45,12626
KIRLOSENG,2014-06-19,239.0,239.0,225.25,229.5,32146
KIRLOSENG,2014-06-20,230.15,232.9,224.65,227.95,9624
KIRLOSENG,2014-06-23,228.6,228.6,224.7,226.95,5774
KIRLOSENG,2014-06-24,228.95,239.75,227.25,238.1,25691
KIRLOSENG,2014-06-25,236.05,249.0,235.05,239.85,72837
KIRLOSENG,2014-06-26,239.85,246.0,232.0,236.4,53304
KIRLOSENG,2014-06-27,235.0,244.9,233.1,240.5,32602
KIRLOSENG,2014-06-30,244.7,255.0,244.3,251.75,53946
KIRLOSENG,2014-07-01,256.0,259.9,249.0,251.55,48903
KIRLOSENG,2014-07-02,255.95,267.15,253.15,261.8,95885
KIRLOSENG,2014-07-03,262.0,269.8,256.4,258.25,68894
KIRLOSENG,2014-07-04,259.5,278.4,258.2,275.95,147560
KIRLOSENG,2014-07-07,279.0,284.4,276.1,278.55,95450
KIRLOSENG,2014-07-08,281.8,281.8,263.4,266.6,32205
KIRLOSENG,2014-07-09,270.0,275.05,256.0,265.2,46606
KIRLOSENG,2014-07-10,268.95,290.5,265.0,276.6,65615
KIRLOSENG,2014-07-11,273.8,281.0,266.05,267.4,25766
KIRLOSENG,2014-07-14,267.0,275.0,265.0,267.05,7982
KIRLOSENG,2014-07-15,270.0,274.95,266.4,274.5,17810
KIRLOSENG,2014-07-16,273.4,283.95,269.05,279.0,57687
KIRLOSENG,2014-07-17,276.0,288.0,273.0,276.75,33784
KIRLOSENG,2014-07-18,272.0,281.0,267.0,269.25,17257
KIRLOSENG,2014-07-21,274.0,275.0,265.05,267.5,10578
KIRLOSENG,2014-07-22,269.0,284.4,265.0,275.75,40223
KIRLOSENG,2014-07-23,273.0,281.75,273.0,275.65,21503
KIRLOSENG,2014-07-24,274.1,278.5,266.0,269.1,71189
KIRLOSENG,2014-07-25,273.0,274.95,267.0,267.85,14568
KIRLOSENG,2014-07-28,267.5,275.05,263.05,267.8,13156
KIRLOSENG,2014-07-30,268.0,270.0,264.0,264.4,15407
KIRLOSENG,2014-07-31,273.95,274.0,261.95,263.05,75437
KIRLOSENG,2014-08-01,261.0,264.0,256.1,258.95,7621
KIRLOSENG,2014-08-04,252.05,265.0,252.05,259.45,8899
KIRLOSENG,2014-08-05,261.0,274.8,261.0,264.15,13729
KIRLOSENG,2014-08-06,267.0,270.0,260.0,263.6,17601
KIRLOSENG,2014-08-07,264.0,264.0,256.5,262.45,11506
KIRLOSENG,2014-08-08,262.0,262.95,249.5,252.65,14152
KIRLOSENG,2014-08-11,250.1,255.0,244.2,247.45,13548
KIRLOSENG,2014-08-12,248.1,255.0,245.0,245.9,13838
KIRLOSENG,2014-08-13,246.05,249.9,233.15,239.1,11588
KIRLOSENG,2014-08-14,239.95,241.0,234.05,236.0,15538
KIRLOSENG,2014-08-18,237.0,243.9,234.05,237.2,19726
KIRLOSENG,2014-08-19,240.0,240.05,235.1,236.0,42774
KIRLOSENG,2014-08-20,236.0,241.0,236.0,238.1,72151
KIRLOSENG,2014-08-21,240.0,241.9,234.05,235.85,21911
KIRLOSENG,2014-08-22,235.85,236.45,228.0,234.0,13309
KIRLOSENG,2014-08-25,236.75,240.0,235.0,238.1,18254
KIRLOSENG,2014-08-26,237.05,240.9,237.05,239.5,9735
KIRLOSENG,2014-08-27,242.0,251.9,238.2,247.2,20642
KIRLOSENG,2014-08-28,248.2,259.0,243.05,251.75,58171
KIRLOSENG,2014-09-01,250.0,255.05,247.25,248.5,24532
KIRLOSENG,2014-09-02,249.0,254.9,247.55,248.25,19146
KIRLOSENG,2014-09-03,246.0,251.9,242.05,243.45,62100
KIRLOSENG,2014-09-04,244.0,258.65,236.3,251.7,73712
KIRLOSENG,2014-09-05,254.85,262.0,245.55,247.45,50755
KIRLOSENG,2014-09-08,256.0,257.0,247.55,250.25,19885
KIRLOSENG,2014-09-09,248.05,250.45,245.55,246.75,17174
KIRLOSENG,2014-09-10,246.05,251.95,245.05,248.0,14136
KIRLOSENG,2014-09-11,248.05,274.0,247.0,266.4,88221
KIRLOSENG,2014-09-12,274.95,278.0,257.0,258.55,100323
KIRLOSENG,2014-09-15,261.1,264.8,252.25,262.05,22633
KIRLOSENG,2014-09-16,261.0,270.2,250.0,252.95,52649
KIRLOSENG,2014-09-17,255.0,259.0,253.25,255.55,11139
KIRLOSENG,2014-09-18,258.9,270.0,255.05,261.9,52736
KIRLOSENG,2014-09-19,263.05,265.95,260.0,260.5,13375
KIRLOSENG,2014-09-22,273.5,273.5,249.5,260.05,20428
KIRLOSENG,2014-09-23,270.0,274.75,255.0,256.3,47547
KIRLOSENG,2014-09-24,259.95,259.95,249.5,251.4,16758
KIRLOSENG,2014-09-25,253.0,253.1,240.65,242.95,12700
KIRLOSENG,2014-09-26,236.5,251.8,236.5,248.85,19220
KIRLOSENG,2014-09-29,248.0,255.0,246.4,251.1,5160
KIRLOSENG,2014-09-30,256.0,273.65,250.0,261.05,14436
KIRLOSENG,2014-10-01,262.0,265.0,253.5,254.65,20595
KIRLOSENG,2014-10-07,258.9,258.9,248.1,250.55,9404
KIRLOSENG,2014-10-08,250.15,253.75,246.05,247.0,9832
KIRLOSENG,2014-10-09,252.0,258.15,245.0,253.3,10808
KIRLOSENG,2014-10-10,251.95,253.0,248.1,251.15,10148
KIRLOSENG,2014-10-13,248.1,257.5,245.05,253.45,8640
KIRLOSENG,2014-10-14,257.85,257.85,249.0,252.3,8071
KIRLOSENG,2014-10-15,252.3,252.3,252.3,252.3,0
KIRLOSENG,2014-10-16,252.8,255.0,245.5,246.75,14602
KIRLOSENG,2014-10-17,248.3,261.8,245.95,256.35,61136
KIRLOSENG,2014-10-20,261.4,261.4,250.05,251.05,20898
KIRLOSENG,2014-10-21,252.0,252.15,244.05,245.7,20944
KIRLOSENG,2014-10-22,246.05,252.0,242.7,249.05,18511
KIRLOSENG,2014-10-27,250.35,251.5,248.2,250.2,9250
KIRLOSENG,2014-10-28,248.05,256.45,248.05,255.2,28237
KIRLOSENG,2014-10-29,255.05,258.0,252.2,256.2,12393
KIRLOSENG,2014-10-30,254.9,260.0,254.15,258.2,12919
KIRLOSENG,2014-10-31,259.0,263.9,257.3,258.15,117117
KIRLOSENG,2014-11-03,254.25,261.4,254.25,260.05,23870
KIRLOSENG,2014-11-05,259.35,261.9,258.0,258.0,12079
KIRLOSENG,2014-11-07,258.0,260.75,258.0,259.45,8102
KIRLOSENG,2014-11-10,261.0,261.45,255.0,257.2,6132
KIRLOSENG,2014-11-11,257.15,259.85,254.05,258.2,12300
KIRLOSENG,2014-11-12,257.45,260.0,256.0,258.05,7979
KIRLOSENG,2014-11-13,251.65,260.55,251.65,258.0,11601
KIRLOSENG,2014-11-14,258.6,259.9,255.55,258.5,5303
KIRLOSENG,2014-11-17,258.4,270.0,258.4,267.7,49714
KIRLOSENG,2014-11-18,270.15,279.4,267.0,272.95,29285
KIRLOSENG,2014-11-19,278.0,278.0,268.6,270.95,19380
KIRLOSENG,2014-11-20,270.0,270.0,259.0,261.55,8789
KIRLOSENG,2014-11-21,261.0,265.0,256.25,262.85,11771
KIRLOSENG,2014-11-24,262.5,283.7,258.0,280.85,51534
KIRLOSENG,2014-11-25,289.7,289.7,270.0,272.35,84356
KIRLOSENG,2014-11-26,277.3,282.0,272.25,279.3,19005
KIRLOSENG,2014-11-27,283.0,286.9,276.35,285.35,21664
KIRLOSENG,2014-11-28,286.0,289.0,280.05,284.15,14343
KIRLOSENG,2014-12-01,289.0,294.9,286.15,294.4,42865
KIRLOSENG,2014-12-02,294.9,294.9,280.0,285.35,17656
KIRLOSENG,2014-12-03,287.0,298.5,287.0,291.35,26161
KIRLOSENG,2014-12-04,289.0,296.0,280.0,287.35,18639
KIRLOSENG,2014-12-05,291.95,294.4,285.55,287.8,14235
KIRLOSENG,2014-12-08,288.35,294.9,275.0,276.7,18864
KIRLOSENG,2014-12-09,275.0,288.5,275.0,283.65,24953
KIRLOSENG,2014-12-10,286.0,287.5,281.0,284.65,11817
KIRLOSENG,2014-12-11,287.0,288.4,275.65,279.6,12247
KIRLOSENG,2014-12-12,281.85,281.85,273.0,277.95,10696
KIRLOSENG,2014-12-15,276.3,281.3,264.15,270.5,10768
KIRLOSENG,2014-12-16,269.05,269.1,258.2,260.1,65698
KIRLOSENG,2014-12-17,254.0,274.9,252.0,271.55,15301
KIRLOSENG,2014-12-18,274.0,280.5,272.0,279.7,6716
KIRLOSENG,2014-12-19,280.5,284.5,267.15,273.4,20906
KIRLOSENG,2014-12-22,276.0,282.5,253.25,258.65,39644
KIRLOSENG,2014-12-23,259.0,267.15,258.95,265.55,26587
KIRLOSENG,2014-12-24,266.0,269.95,263.0,265.3,10565
KIRLOSENG,2014-12-26,264.0,269.65,262.6,267.4,1900
KIRLOSENG,2014-12-29,269.9,272.0,263.85,268.2,4621
KIRLOSENG,2014-12-30,272.9,272.9,258.55,263.95,40413
KIRLOSENG,2014-12-31,271.8,271.9,262.1,269.85,3862
KIRLOSENG,2015-01-01,265.5,273.95,264.4,270.6,3148
KIRLOSENG,2015-01-02,268.0,275.0,266.25,269.5,7160
KIRLOSENG,2015-01-05,274.9,274.95,265.3,269.55,2248
KIRLOSENG,2015-01-06,268.0,268.0,261.2,262.8,4081
KIRLOSENG,2015-01-07,261.05,267.75,260.0,261.55,5693
KIRLOSENG,2015-01-08,267.8,269.4,260.2,266.5,6516
KIRLOSENG,2015-01-09,265.25,269.0,260.1,261.6,6220
KIRLOSENG,2015-01-12,265.0,270.0,257.1,260.2,17316
KIRLOSENG,2015-01-13,264.35,265.45,260.0,262.0,23688
KIRLOSENG,2015-01-14,260.15,265.0,259.1,260.35,6071
KIRLOSENG,2015-01-15,290.0,292.0,270.4,272.25,60084
KIRLOSENG,2015-01-16,275.95,279.0,267.75,269.2,16673
KIRLOSENG,2015-01-19,272.55,275.2,269.0,270.75,11879
KIRLOSENG,2015-01-20,274.9,277.0,265.1,270.05,175469
KIRLOSENG,2015-01-21,269.0,272.35,267.15,269.65,67706
KIRLOSENG,2015-01-22,270.05,270.85,267.05,269.3,13406
KIRLOSENG,2015-01-23,269.05,269.9,268.6,269.1,8037
KIRLOSENG,2015-01-27,270.0,270.0,263.2,268.75,5619
KIRLOSENG,2015-01-28,265.05,269.05,260.8,265.25,16975
KIRLOSENG,2015-01-29,267.5,270.15,267.0,268.9,10136
KIRLOSENG,2015-01-30,267.35,270.85,267.0,269.05,3662
KIRLOSENG,2015-02-02,261.95,271.4,261.95,268.7,7531
KIRLOSENG,2015-02-03,269.05,271.25,267.0,268.75,6092
KIRLOSENG,2015-02-04,268.8,322.5,263.2,311.25,348605
KIRLOSENG,2015-02-05,312.15,316.7,290.2,296.9,109109
KIRLOSENG,2015-02-06,297.4,297.4,276.65,279.75,18084
KIRLOSENG,2015-02-09,277.2,286.0,270.0,275.1,25029
KIRLOSENG,2015-02-10,275.75,282.45,267.1,270.1,9637
KIRLOSENG,2015-02-11,274.95,274.95,266.3,269.15,9293
KIRLOSENG,2015-02-12,268.2,279.0,267.55,270.45,49426
KIRLOSENG,2015-02-13,269.65,278.0,269.55,274.45,6876
KIRLOSENG,2015-02-16,274.4,282.0,268.5,275.9,23321
KIRLOSENG,2015-02-18,274.0,278.9,271.0,272.3,9312
KIRLOSENG,2015-02-19,280.8,280.8,268.95,269.95,4826
KIRLOSENG,2015-02-20,270.05,277.25,266.65,269.8,9757
KIRLOSENG,2015-02-23,273.95,273.95,265.55,268.75,14705
KIRLOSENG,2015-02-24,269.9,274.15,265.6,271.7,10228
KIRLOSENG,2015-02-25,272.8,274.25,264.65,268.0,18224
KIRLOSENG,2015-02-26,269.7,270.65,265.25,268.1,15471
KIRLOSENG,2015-02-27,268.55,272.65,266.1,268.0,15848
KIRLOSENG,2015-03-02,262.6,271.85,262.6,270.4,27476
KIRLOSENG,2015-03-03,270.5,273.0,269.25,270.35,3743
KIRLOSENG,2015-03-04,272.55,274.0,266.2,270.35,10797
KIRLOSENG,2015-03-05,268.0,298.0,265.55,287.55,47583
KIRLOSENG,2015-03-09,279.0,287.4,273.0,274.3,7563
KIRLOSENG,2015-03-10,273.0,278.95,271.0,274.5,5797
KIRLOSENG,2015-03-11,272.55,277.2,269.75,271.3,5352
KIRLOSENG,2015-03-12,271.85,276.25,268.35,269.6,5293
KIRLOSENG,2015-03-13,273.95,275.25,270.4,271.3,2564
KIRLOSENG,2015-03-16,269.0,270.3,260.7,269.1,10634
KIRLOSENG,2015-03-17,268.0,271.9,266.0,268.5,3368
KIRLOSENG,2015-03-18,270.95,271.95,264.5,267.05,22277
KIRLOSENG,2015-03-19,268.25,271.05,266.85,267.0,10653
KIRLOSENG,2015-03-20,266.15,268.35,265.55,266.65,5018
KIRLOSENG,2015-03-23,267.55,271.95,266.95,267.65,3140
KIRLOSENG,2015-03-24,265.7,267.95,261.1,264.85,14363
KIRLOSENG,2015-03-25,263.0,268.0,257.05,259.4,6719
KIRLOSENG,2015-03-26,259.95,259.95,255.0,258.4,5740
KIRLOSENG,2015-03-27,255.05,259.75,250.0,258.1,6573
KIRLOSENG,2015-03-30,257.6,264.95,256.65,261.75,10905
KIRLOSENG,2015-03-31,255.5,280.8,255.5,268.85,10748
KIRLOSENG,2015-04-01,262.0,275.5,261.0,264.2,5863
KIRLOSENG,2015-04-06,264.65,271.9,261.5,269.6,11763
KIRLOSENG,2015-04-07,269.85,271.3,266.95,269.05,12607
KIRLOSENG,2015-04-08,268.0,269.0,261.55,263.65,21559
KIRLOSENG,2015-04-09,265.0,269.85,263.3,268.0,44262
KIRLOSENG,2015-04-10,262.65,268.8,262.65,265.2,5722
KIRLOSENG,2015-04-13,267.55,273.85,267.55,270.0,7090
KIRLOSENG,2015-04-15,268.2,279.9,265.3,277.85,17865
KIRLOSENG,2015-04-16,277.15,281.95,266.05,275.05,9965
KIRLOSENG,2015-04-17,267.2,294.85,267.2,284.9,48673
KIRLOSENG,2015-04-20,286.65,289.95,272.55,277.6,12529
KIRLOSENG,2015-04-21,276.1,281.85,273.05,280.2,8050
KIRLOSENG,2015-04-22,284.95,285.0,279.95,282.05,4251
KIRLOSENG,2015-04-23,284.45,284.45,280.95,281.6,9406
KIRLOSENG,2015-04-24,282.0,283.5,279.95,281.95,43251
KIRLOSENG,2015-04-27,275.0,282.9,270.0,271.65,28714
KIRLOSENG,2015-04-28,267.0,278.0,267.0,270.25,11141
KIRLOSENG,2015-04-29,275.45,275.5,270.0,271.1,3310
KIRLOSENG,2015-04-30,271.7,273.65,269.95,272.0,1310
KIRLOSENG,2015-05-04,276.1,277.05,269.95,270.35,3849
KIRLOSENG,2015-05-05,272.8,273.05,269.85,271.9,5593
KIRLOSENG,2015-05-06,270.05,273.05,269.95,270.1,3415
KIRLOSENG,2015-05-07,270.05,273.0,269.95,270.2,5745
KIRLOSENG,2015-05-08,270.6,274.5,266.55,269.9,3751
KIRLOSENG,2015-05-11,265.0,274.8,258.1,270.6,64610
KIRLOSENG,2015-05-12,269.0,289.9,265.7,281.1,53786
KIRLOSENG,2015-05-13,280.0,282.0,272.7,274.65,3117
KIRLOSENG,2015-05-14,275.05,275.95,270.5,271.1,1011
KIRLOSENG,2015-05-15,271.35,278.7,268.65,269.95,3835
KIRLOSENG,2015-05-18,268.1,273.5,268.1,269.8,2089
KIRLOSENG,2015-05-19,269.0,272.2,267.05,269.8,7185
KIRLOSENG,2015-05-20,268.0,270.95,267.0,269.9,8730
KIRLOSENG,2015-05-21,274.95,279.0,267.0,274.15,5338
KIRLOSENG,2015-05-22,273.0,275.05,271.0,272.35,787
KIRLOSENG,2015-05-25,274.5,276.0,265.5,271.7,1523
KIRLOSENG,2015-05-26,272.6,273.65,271.95,272.0,670
KIRLOSENG,2015-05-27,266.0,272.5,266.0,270.0,83067
KIRLOSENG,2015-05-28,273.05,273.8,270.0,273.0,3213
KIRLOSENG,2015-05-29,273.45,276.5,273.0,275.15,6123
KIRLOSENG,2015-06-01,276.55,276.55,262.9,270.0,6514
KIRLOSENG,2015-06-02,277.35,277.35,269.95,270.45,10656
KIRLOSENG,2015-06-03,269.0,274.55,265.0,271.95,10253
KIRLOSENG,2015-06-04,269.0,274.0,267.1,270.05,9034
KIRLOSENG,2015-06-05,269.0,275.0,269.0,272.5,2541
KIRLOSENG,2015-06-08,276.0,278.0,268.3,273.95,7677
KIRLOSENG,2015-06-09,273.0,273.05,268.3,268.95,1601
KIRLOSENG,2015-06-10,277.5,278.0,270.2,272.65,6538
KIRLOSENG,2015-06-11,272.45,274.5,268.0,270.1,11971
KIRLOSENG,2015-06-12,270.15,271.0,268.0,269.05,3034
KIRLOSENG,2015-06-15,269.0,271.9,245.7,261.3,70749
KIRLOSENG,2015-06-16,269.0,272.55,264.6,269.9,10885
KIRLOSENG,2015-06-17,268.05,279.0,268.0,274.65,7496
KIRLOSENG,2015-06-18,275.0,279.9,271.0,275.35,7549
KIRLOSENG,2015-06-19,276.75,276.75,271.1,275.2,6440
KIRLOSENG,2015-06-22,272.0,276.5,270.25,275.65,6549
KIRLOSENG,2015-06-23,279.6,280.0,272.0,274.25,6692
KIRLOSENG,2015-06-24,273.0,280.05,272.0,277.05,3519
KIRLOSENG,2015-06-25,273.25,273.8,269.0,270.9,3997
KIRLOSENG,2015-06-26,276.0,276.0,270.8,272.55,1300
KIRLOSENG,2015-06-29,270.4,279.0,265.8,277.8,12513
KIRLOSENG,2015-06-30,275.0,277.8,272.15,275.75,3372
KIRLOSENG,2015-07-01,275.3,286.0,275.0,283.65,10749
KIRLOSENG,2015-07-02,285.55,287.0,280.0,284.1,11364
KIRLOSENG,2015-07-03,288.65,290.0,283.05,288.4,6142
KIRLOSENG,2015-07-06,287.0,287.0,280.4,284.4,2090
KIRLOSENG,2015-07-07,285.3,286.95,280.05,282.1,5742
KIRLOSENG,2015-07-08,286.85,298.0,280.95,288.55,25885
KIRLOSENG,2015-07-09,287.0,295.9,282.05,286.7,10048
KIRLOSENG,2015-07-10,285.0,288.05,282.5,282.85,2256
KIRLOSENG,2015-07-13,283.0,290.0,282.75,285.85,9992
KIRLOSENG,2015-07-14,283.0,299.0,283.0,291.5,28127
KIRLOSENG,2015-07-15,294.5,294.5,284.15,286.35,16439
KIRLOSENG,2015-07-16,289.75,290.0,272.0,285.3,14258
KIRLOSENG,2015-07-17,289.75,289.9,279.4,281.95,21584
KIRLOSENG,2015-07-20,282.2,284.7,280.25,281.4,10120
KIRLOSENG,2015-07-21,286.9,286.9,271.1,274.6,35533
KIRLOSENG,2015-07-22,273.05,287.6,273.05,285.05,19410
KIRLOSENG,2015-07-23,284.95,288.0,283.5,285.9,5082
KIRLOSENG,2015-07-24,284.0,285.5,280.1,283.3,1870
KIRLOSENG,2015-07-27,281.0,287.9,280.0,283.55,6974
KIRLOSENG,2015-07-28,289.15,290.8,279.4,283.25,4045
KIRLOSENG,2015-07-29,282.05,285.75,278.0,283.45,46015
KIRLOSENG,2015-07-30,284.85,302.0,284.85,298.1,43335
KIRLOSENG,2015-07-31,305.7,332.0,297.95,325.8,73182
KIRLOSENG,2015-08-03,325.8,345.05,325.8,330.1,44291
KIRLOSENG,2015-08-04,330.0,333.05,322.25,327.05,5864
KIRLOSENG,2015-08-05,333.55,333.55,312.0,315.0,15974
KIRLOSENG,2015-08-06,316.0,318.0,297.3,305.3,27076
KIRLOSENG,2015-08-07,304.0,323.9,294.05,299.95,31020
KIRLOSENG,2015-08-10,298.0,300.05,281.0,284.6,32802
KIRLOSENG,2015-08-11,286.5,286.9,276.5,282.35,20566
KIRLOSENG,2015-08-12,281.05,292.9,278.05,280.2,87049
KIRLOSENG,2015-08-13,282.0,285.0,270.3,273.6,13297
KIRLOSENG,2015-08-14,277.95,278.0,260.1,262.8,23430
KIRLOSENG,2015-08-17,267.0,270.0,260.25,269.05,55439
KIRLOSENG,2015-08-18,274.9,279.9,265.15,271.6,14270
KIRLOSENG,2015-08-19,271.6,284.5,268.1,280.45,18905
KIRLOSENG,2015-08-20,283.0,286.05,274.45,284.9,27898
KIRLOSENG,2015-08-21,281.0,293.0,275.15,287.05,35951
KIRLOSENG,2015-08-24,283.9,286.9,266.0,278.45,93519
KIRLOSENG,2015-08-25,272.0,278.5,262.0,275.6,173921
KIRLOSENG,2015-08-26,276.9,281.85,268.05,270.25,7017
KIRLOSENG,2015-08-27,284.75,284.75,269.0,272.6,14508
KIRLOSENG,2015-08-28,278.05,282.0,270.35,279.05,9863
KIRLOSENG,2015-08-31,278.0,279.55,273.5,273.75,6334
KIRLOSENG,2015-09-01,277.0,278.9,268.1,269.85,6369
KIRLOSENG,2015-09-02,272.5,272.5,265.0,270.0,17739
KIRLOSENG,2015-09-03,268.2,272.9,265.1,268.9,43261
KIRLOSENG,2015-09-04,273.0,275.0,263.0,269.05,56077
KIRLOSENG,2015-09-07,267.2,270.0,266.0,268.95,38381
KIRLOSENG,2015-09-08,269.55,276.45,260.05,272.95,17913
KIRLOSENG,2015-09-09,275.0,282.6,275.0,279.95,13372
KIRLOSENG,2015-09-10,278.0,283.0,276.05,281.85,26526
KIRLOSENG,2015-09-11,283.0,284.0,281.1,282.9,12313
KIRLOSENG,2015-09-14,284.7,293.5,284.7,293.15,79045
KIRLOSENG,2015-09-15,291.0,300.6,291.0,299.45,60217
KIRLOSENG,2015-09-16,307.95,307.95,298.0,300.25,24384
KIRLOSENG,2015-09-18,297.7,340.9,297.7,336.75,186963
KIRLOSENG,2015-09-21,332.0,349.85,332.0,339.35,1377661
KIRLOSENG,2015-09-22,341.55,345.0,298.0,304.65,86975
KIRLOSENG,2015-09-23,311.85,311.85,286.3,288.45,32369
KIRLOSENG,2015-09-24,291.5,291.55,284.4,286.25,15784
KIRLOSENG,2015-09-28,284.2,288.0,281.5,283.95,8323
KIRLOSENG,2015-09-29,282.0,285.5,274.95,276.8,17203
KIRLOSENG,2015-09-30,275.05,283.95,275.0,280.6,8028
KIRLOSENG,2015-10-01,283.85,283.85,276.25,278.65,7680
KIRLOSENG,2015-10-05,276.4,283.8,276.1,277.05,16541
KIRLOSENG,2015-10-06,278.05,287.0,276.1,285.0,31607
KIRLOSENG,2015-10-07,289.0,301.95,282.0,291.45,538745
KIRLOSENG,2015-10-08,292.0,296.65,284.15,289.75,8011
KIRLOSENG,2015-10-09,294.95,296.65,275.5,283.95,24293
KIRLOSENG,2015-10-12,285.0,287.95,280.55,283.8,9261
KIRLOSENG,2015-10-13,281.2,287.95,278.0,282.85,3578
KIRLOSENG,2015-10-14,282.85,286.0,280.75,281.6,10115
KIRLOSENG,2015-10-15,289.95,289.95,279.1,280.65,10471
KIRLOSENG,2015-10-16,283.45,284.0,278.0,282.0,11858
KIRLOSENG,2015-10-19,285.85,285.85,278.35,279.85,3169
KIRLOSENG,2015-10-20,280.9,284.0,278.7,279.45,8152
KIRLOSENG,2015-10-21,280.95,281.0,278.25,278.6,7071
KIRLOSENG,2015-10-23,289.45,289.45,277.0,284.3,19441
KIRLOSENG,2015-10-26,289.95,289.95,277.35,279.55,7498
KIRLOSENG,2015-10-27,284.55,284.55,277.5,278.55,4477
KIRLOSENG,2015-10-28,278.85,288.0,273.1,280.1,79187
KIRLOSENG,2015-10-29,280.0,286.9,274.05,277.3,17488
KIRLOSENG,2015-10-30,275.05,280.0,270.15,271.25,14561
KIRLOSENG,2015-11-02,271.25,271.25,264.5,267.1,15257
KIRLOSENG,2015-11-03,267.05,267.05,260.1,262.6,17692
KIRLOSENG,2015-11-04,265.0,267.85,260.7,261.85,10161
KIRLOSENG,2015-11-05,260.55,266.0,260.55,262.35,3945
KIRLOSENG,2015-11-06,260.5,270.85,260.1,263.45,17309
KIRLOSENG,2015-11-09,262.0,266.0,262.0,262.9,12906
KIRLOSENG,2015-11-10,268.95,269.0,262.15,264.05,4476
KIRLOSENG,2015-11-13,263.0,269.65,260.95,263.15,7680
KIRLOSENG,2015-11-16,262.0,266.0,260.6,261.9,5925
KIRLOSENG,2015-11-17,261.5,264.75,261.45,262.4,5644
KIRLOSENG,2015-11-18,268.0,268.0,261.55,263.4,7921
KIRLOSENG,2015-11-19,266.8,266.8,260.15,262.15,5497
KIRLOSENG,2015-11-20,266.45,267.05,263.3,266.05,2908
KIRLOSENG,2015-11-23,266.05,273.0,263.35,271.35,7101
KIRLOSENG,2015-11-24,275.0,277.9,270.0,273.4,10499
KIRLOSENG,2015-11-26,270.0,270.65,250.5,263.2,41644
KIRLOSENG,2015-11-27,269.45,269.45,261.9,265.15,3488
KIRLOSENG,2015-11-30,263.0,264.05,254.0,263.0,5861
KIRLOSENG,2015-12-01,264.9,268.9,260.2,266.65,5944
KIRLOSENG,2015-12-02,266.65,268.0,264.0,267.3,3623
KIRLOSENG,2015-12-03,270.95,275.0,261.1,268.25,6715
KIRLOSENG,2015-12-04,266.0,268.0,263.05,263.8,3676
KIRLOSENG,2015-12-07,264.0,268.0,262.1,263.2,7332
KIRLOSENG,2015-12-08,262.0,266.8,260.0,261.0,15883
KIRLOSENG,2015-12-09,261.0,261.0,252.2,254.65,9846
KIRLOSENG,2015-12-10,255.1,258.65,253.0,255.2,3582
KIRLOSENG,2015-12-11,253.0,257.0,252.05,254.75,2827
KIRLOSENG,2015-12-14,252.0,253.85,243.5,246.8,86618
KIRLOSENG,2015-12-15,248.75,248.75,229.6,242.0,280300
KIRLOSENG,2015-12-16,245.0,246.0,238.0,245.0,91752
KIRLOSENG,2015-12-17,244.05,245.85,241.0,241.7,15018
KIRLOSENG,2015-12-18,243.95,244.0,239.15,242.0,76250
KIRLOSENG,2015-12-21,242.0,242.4,241.0,242.0,97005
KIRLOSENG,2015-12-22,242.45,242.9,240.55,242.2,25740
KIRLOSENG,2015-12-23,243.0,243.0,241.1,242.25,4292
KIRLOSENG,2015-12-24,242.05,251.9,238.15,245.05,11707
KIRLOSENG,2015-12-28,242.05,249.8,242.05,244.45,8301
KIRLOSENG,2015-12-29,248.0,248.0,240.05,240.8,12586
KIRLOSENG,2015-12-30,244.95,245.9,241.0,241.6,7357
KIRLOSENG,2015-12-31,244.0,253.85,241.4,249.4,21682
KIRLOSENG,2016-01-01,252.75,254.4,245.0,250.2,14029
KIRLOSENG,2016-01-04,250.0,251.8,242.0,245.65,9733
KIRLOSENG,2016-01-05,245.3,248.5,242.5,246.15,14087
KIRLOSENG,2016-01-06,247.85,257.95,243.75,245.85,12048
KIRLOSENG,2016-01-07,244.0,248.7,238.25,240.65,10540
KIRLOSENG,2016-01-08,244.75,247.45,240.2,242.4,5404
KIRLOSENG,2016-01-11,241.05,251.0,236.85,246.45,8261
KIRLOSENG,2016-01-12,246.45,248.9,235.25,239.35,8960
KIRLOSENG,2016-01-13,240.6,242.85,232.5,235.65,4963
KIRLOSENG,2016-01-14,233.5,241.75,226.65,240.0,15175
KIRLOSENG,2016-01-15,237.0,242.7,234.05,240.0,42344
KIRLOSENG,2016-01-18,232.95,241.9,231.0,240.0,25705
KIRLOSENG,2016-01-19,240.4,240.4,233.6,236.05,2533
KIRLOSENG,2016-01-20,235.0,238.0,227.0,235.05,40634
KIRLOSENG,2016-01-21,238.9,238.95,227.3,230.2,3938
KIRLOSENG,2016-01-22,230.0,237.75,228.25,231.1,4819
KIRLOSENG,2016-01-25,233.05,233.7,229.1,230.7,16247
KIRLOSENG,2016-01-27,232.45,252.0,217.5,247.15,184491
KIRLOSENG,2016-01-28,247.15,247.15,235.5,239.9,9323
KIRLOSENG,2016-01-29,244.25,244.25,237.0,240.7,2290
KIRLOSENG,2016-02-01,245.8,245.8,231.2,234.15,7792
KIRLOSENG,2016-02-02,240.7,240.7,228.05,231.8,4255
KIRLOSENG,2016-02-03,230.05,234.95,227.0,233.95,6604
KIRLOSENG,2016-02-04,234.0,234.0,225.55,227.35,3284
KIRLOSENG,2016-02-05,235.0,235.0,226.0,227.05,841
KIRLOSENG,2016-02-08,226.2,229.8,221.55,223.35,5177
KIRLOSENG,2016-02-09,233.15,233.15,211.35,220.4,8749
KIRLOSENG,2016-02-10,228.55,228.55,211.55,213.65,4547
KIRLOSENG,2016-02-11,217.6,224.95,203.05,216.75,11389
KIRLOSENG,2016-02-12,212.0,216.0,208.9,213.15,2084
KIRLOSENG,2016-02-15,219.45,219.45,214.95,216.5,4964
KIRLOSENG,2016-02-16,218.95,221.6,214.0,215.55,1903
KIRLOSENG,2016-02-17,213.0,215.05,207.3,209.05,3742
KIRLOSENG,2016-02-18,210.65,213.8,209.1,209.75,627
KIRLOSENG,2016-02-19,210.0,212.7,203.2,208.1,2291
KIRLOSENG,2016-02-22,207.0,211.85,207.0,208.95,748
KIRLOSENG,2016-02-23,210.25,212.65,204.0,206.6,7864
KIRLOSENG,2016-02-24,206.6,208.5,201.0,203.85,7174
KIRLOSENG,2016-02-25,203.0,207.9,200.0,203.8,4086
KIRLOSENG,2016-02-26,211.0,211.0,201.05,210.05,5261
KIRLOSENG,2016-02-29,210.0,213.6,203.6,210.15,40634
KIRLOSENG,2016-03-01,212.0,214.0,208.0,209.95,2569
KIRLOSENG,2016-03-02,215.75,215.8,206.2,210.2,14096
KIRLOSENG,2016-03-03,213.95,225.05,213.95,225.0,13404
KIRLOSENG,2016-03-04,225.45,225.5,216.35,219.0,3111
KIRLOSENG,2016-03-08,224.95,224.95,213.3,215.0,6018
KIRLOSENG,2016-03-09,215.0,215.0,208.3,209.95,10731
KIRLOSENG,2016-03-10,214.85,214.85,208.05,210.4,4505
KIRLOSENG,2016-03-11,210.0,214.9,208.2,210.25,2130
KIRLOSENG,2016-03-14,214.95,216.5,211.0,212.8,6279
KIRLOSENG,2016-03-15,213.05,214.85,210.55,211.4,5486
KIRLOSENG,2016-03-16,211.0,214.9,206.5,209.55,12469
KIRLOSENG,2016-03-17,213.5,213.5,208.2,209.55,6563
KIRLOSENG,2016-03-18,209.0,211.5,206.35,207.4,8935
KIRLOSENG,2016-03-21,207.45,211.9,207.45,210.9,10664
KIRLOSENG,2016-03-22,210.5,213.0,208.05,210.1,86628
KIRLOSENG,2016-03-23,212.2,213.4,208.75,212.15,5478
KIRLOSENG,2016-03-28,213.95,213.95,207.5,210.0,12495
KIRLOSENG,2016-03-29,212.95,213.0,205.25,207.05,8482
KIRLOSENG,2016-03-30,208.6,211.05,207.95,209.2,8204
KIRLOSENG,2016-03-31,211.5,214.5,210.8,211.0,88138
KIRLOSENG,2016-04-01,212.9,214.8,210.95,212.15,1465
KIRLOSENG,2016-04-04,214.95,218.0,213.95,216.05,7992
KIRLOSENG,2016-04-05,217.35,219.8,211.35,216.05,1857
KIRLOSENG,2016-04-06,217.0,242.5,213.95,229.4,30051
KIRLOSENG,2016-04-07,231.0,239.0,224.35,225.35,16018
KIRLOSENG,2016-04-08,226.45,239.0,226.45,235.5,8719
KIRLOSENG,2016-04-11,235.5,238.4,227.35,232.3,3413
KIRLOSENG,2016-04-12,232.1,235.95,228.35,234.0,4594
KIRLOSENG,2016-04-13,232.05,243.0,230.1,240.0,25203
KIRLOSENG,2016-04-18,248.95,249.0,238.0,245.05,8622
KIRLOSENG,2016-04-20,249.9,251.3,245.6,250.55,13125
KIRLOSENG,2016-04-21,249.9,254.0,240.0,241.8,10391
KIRLOSENG,2016-04-22,244.25,244.25,235.2,236.4,2244
KIRLOSENG,2016-04-25,239.7,239.9,229.1,230.7,6606
KIRLOSENG,2016-04-26,235.8,235.8,230.2,231.85,3874
KIRLOSENG,2016-04-27,234.5,249.4,232.35,242.8,12268
KIRLOSENG,2016-04-28,243.1,243.5,237.2,239.2,1111
KIRLOSENG,2016-04-29,241.6,241.6,234.45,236.8,3074
KIRLOSENG,2016-05-02,239.5,241.0,230.5,232.05,4398
KIRLOSENG,2016-05-03,229.55,239.8,229.55,234.0,5365
KIRLOSENG,2016-05-04,233.95,233.95,222.5,227.25,5713
KIRLOSENG,2016-05-05,230.0,233.3,225.35,230.0,1186
KIRLOSENG,2016-05-06,228.45,235.65,228.25,234.55,3547
KIRLOSENG,2016-05-09,230.35,243.0,230.0,235.7,8724
KIRLOSENG,2016-05-10,233.0,236.9,230.05,233.4,9145
KIRLOSENG,2016-05-11,231.1,237.05,230.35,235.3,2748
KIRLOSENG,2016-05-12,238.4,238.4,232.0,236.2,3035
KIRLOSENG,2016-05-13,234.0,240.6,230.0,235.3,9310
KIRLOSENG,2016-05-16,234.5,236.8,230.65,235.35,6170
KIRLOSENG,2016-05-17,241.0,243.0,236.0,242.3,8856
KIRLOSENG,2016-05-18,247.0,283.35,240.0,268.65,562431
KIRLOSENG,2016-05-19,269.6,269.6,254.95,257.05,52622
KIRLOSENG,2016-05-20,255.0,259.0,245.8,248.4,19282
KIRLOSENG,2016-05-23,248.45,248.45,242.0,243.15,10532
KIRLOSENG,2016-05-24,242.5,245.95,237.0,238.85,10278
KIRLOSENG,2016-05-25,239.5,245.0,238.2,240.4,8859
KIRLOSENG,2016-05-26,243.0,246.9,236.0,239.2,15488
KIRLOSENG,2016-05-27,243.65,244.0,237.1,239.1,12603
KIRLOSENG,2016-05-30,250.0,251.0,244.95,245.8,27868
KIRLOSENG,2016-05-31,245.95,250.85,242.8,244.9,6411
KIRLOSENG,2016-06-01,244.9,247.0,241.2,242.2,5070
KIRLOSENG,2016-06-02,240.05,246.95,240.05,245.95,10507
KIRLOSENG,2016-06-03,248.85,256.05,246.0,254.05,23036
KIRLOSENG,2016-06-06,255.5,258.5,250.0,252.05,21088
KIRLOSENG,2016-06-07,253.4,256.0,250.0,250.3,16445
KIRLOSENG,2016-06-08,250.9,254.8,250.9,254.1,7760
KIRLOSENG,2016-06-09,256.0,263.05,252.4,255.8,19205
KIRLOSENG,2016-06-10,255.3,262.0,254.05,255.45,16920
KIRLOSENG,2016-06-13,254.05,262.0,250.0,252.5,18963
KIRLOSENG,2016-06-14,255.1,257.9,250.1,255.7,19388
KIRLOSENG,2016-06-15,257.85,264.85,256.0,260.3,23099
KIRLOSENG,2016-06-16,257.65,264.95,257.65,260.65,12704
KIRLOSENG,2016-06-17,260.2,264.0,255.0,258.0,50342
KIRLOSENG,2016-06-20,257.0,262.3,254.15,260.25,6409
KIRLOSENG,2016-06-21,262.95,264.9,259.0,260.7,2817
KIRLOSENG,2016-06-22,264.85,270.25,259.95,260.0,16326
KIRLOSENG,2016-06-23,260.0,268.0,259.0,265.35,14938
KIRLOSENG,2016-06-24,262.0,267.0,251.95,265.75,12328
KIRLOSENG,2016-06-27,263.5,274.4,262.0,265.0,14558
KIRLOSENG,2016-06-28,269.9,274.5,262.0,265.6,12835
KIRLOSENG,2016-06-29,268.9,270.6,262.65,266.55,7216
KIRLOSENG,2016-06-30,269.75,271.8,266.75,268.45,12445
KIRLOSENG,2016-07-01,270.2,274.5,267.4,268.05,7630
KIRLOSENG,2016-07-04,271.95,272.0,268.1,268.95,2460
KIRLOSENG,2016-07-05,268.05,272.9,267.1,269.35,10969
KIRLOSENG,2016-07-07,267.0,271.6,263.35,266.6,5936
KIRLOSENG,2016-07-08,269.9,269.9,262.4,267.85,9423
KIRLOSENG,2016-07-11,266.65,269.5,260.6,262.9,17450
KIRLOSENG,2016-07-12,263.25,265.35,254.45,255.65,13372
KIRLOSENG,2016-07-13,255.55,261.45,254.55,260.1,19232
KIRLOSENG,2016-07-14,263.85,268.0,259.0,263.5,15384
KIRLOSENG,2016-07-15,265.0,265.8,261.0,264.9,12353
KIRLOSENG,2016-07-18,266.05,266.95,257.55,262.65,8692
KIRLOSENG,2016-07-19,262.85,267.4,260.0,266.45,11161
KIRLOSENG,2016-07-20,265.05,269.85,262.05,268.6,7000
KIRLOSENG,2016-07-21,269.95,272.8,266.0,266.65,12482
KIRLOSENG,2016-07-22,269.55,271.5,265.6,269.85,32808
KIRLOSENG,2016-07-25,276.8,276.8,267.25,270.55,9441
KIRLOSENG,2016-07-26,269.05,273.4,268.4,270.95,16446
KIRLOSENG,2016-07-27,269.3,276.0,268.2,275.0,14127
KIRLOSENG,2016-07-28,275.95,284.9,270.5,276.4,23649
KIRLOSENG,2016-07-29,281.0,283.0,272.35,277.25,8184
KIRLOSENG,2016-08-01,276.0,280.0,271.0,274.35,14629
KIRLOSENG,2016-08-02,281.95,283.0,272.0,275.3,9170
KIRLOSENG,2016-08-03,275.3,275.4,268.0,271.05,18732
KIRLOSENG,2016-08-04,278.0,278.0,267.95,272.25,9286
KIRLOSENG,2016-08-05,286.0,292.6,281.65,290.1,135125
KIRLOSENG,2016-08-08,290.1,293.65,285.1,286.7,17444
KIRLOSENG,2016-08-09,291.85,291.95,277.95,281.0,17551
KIRLOSENG,2016-08-10,282.05,283.9,276.2,281.1,16692
KIRLOSENG,2016-08-11,282.0,287.0,279.25,283.3,10680
KIRLOSENG,2016-08-12,286.85,288.0,283.2,286.65,8917
KIRLOSENG,2016-08-16,285.2,288.0,285.0,286.9,8692
KIRLOSENG,2016-08-17,287.05,288.3,285.0,285.0,5972
KIRLOSENG,2016-08-18,284.05,289.0,281.05,288.25,13792
KIRLOSENG,2016-08-19,289.75,289.8,285.0,285.9,7906
KIRLOSENG,2016-08-22,283.15,287.0,278.55,284.85,11538
KIRLOSENG,2016-08-23,283.0,285.65,273.55,279.05,9450
KIRLOSENG,2016-08-24,280.0,286.0,276.1,281.95,10578
KIRLOSENG,2016-08-25,281.0,283.9,274.5,280.55,17299
KIRLOSENG,2016-08-26,280.05,280.05,275.0,277.2,5207
KIRLOSENG,2016-08-29,280.05,281.0,275.0,279.95,15162
KIRLOSENG,2016-08-30,280.0,282.0,275.0,276.6,10584
KIRLOSENG,2016-08-31,276.3,290.0,276.3,280.6,10805
KIRLOSENG,2016-09-01,279.0,286.05,276.2,284.15,28430
KIRLOSENG,2016-09-02,284.9,287.7,281.25,285.7,7086
KIRLOSENG,2016-09-06,283.05,289.0,281.95,288.3,13715
KIRLOSENG,2016-09-07,289.0,306.0,289.0,299.55,65374
KIRLOSENG,2016-09-08,307.8,316.5,293.0,296.9,75386
KIRLOSENG,2016-09-09,298.0,298.0,291.35,296.95,10846
KIRLOSENG,2016-09-12,291.2,293.85,283.05,290.55,12981
KIRLOSENG,2016-09-14,290.0,300.0,286.0,295.0,12455
KIRLOSENG,2016-09-15,293.0,308.0,292.0,300.7,18495
KIRLOSENG,2016-09-16,298.15,307.0,296.85,300.35,22592
KIRLOSENG,2016-09-19,302.1,310.0,300.4,305.4,19584
KIRLOSENG,2016-09-20,305.0,314.9,302.25,310.8,26470
KIRLOSENG,2016-09-21,312.0,330.0,304.6,328.55,89402
KIRLOSENG,2016-09-22,332.45,354.2,330.0,351.95,142502
KIRLOSENG,2016-09-23,357.5,359.75,340.55,345.95,48409
KIRLOSENG,2016-09-26,348.0,348.0,330.0,330.7,38168
KIRLOSENG,2016-09-27,336.5,336.5,328.9,329.0,13669
KIRLOSENG,2016-09-28,331.05,336.45,328.9,331.9,17593
KIRLOSENG,2016-09-29,329.5,337.0,313.0,324.65,36230
KIRLOSENG,2016-09-30,326.0,336.0,323.0,334.35,20966
KIRLOSENG,2016-10-03,336.95,342.0,333.0,339.7,16377
KIRLOSENG,2016-10-04,337.2,360.1,337.05,357.05,69034
KIRLOSENG,2016-10-05,361.9,361.9,350.0,353.65,42307
KIRLOSENG,2016-10-06,360.0,360.05,349.0,351.15,45428
KIRLOSENG,2016-10-07,356.55,358.2,347.05,356.15,35102
KIRLOSENG,2016-10-10,362.0,363.6,355.0,356.75,43202
KIRLOSENG,2016-10-13,349.9,356.8,347.2,351.75,54514
KIRLOSENG,2016-10-14,353.1,357.75,349.95,350.85,32341
KIRLOSENG,2016-10-17,350.05,354.0,348.05,350.15,18105
KIRLOSENG,2016-10-18,352.7,359.6,349.0,350.9,13325
KIRLOSENG,2016-10-19,353.4,355.25,349.1,349.95,59648
KIRLOSENG,2016-10-20,352.55,356.05,342.1,350.0,27494
KIRLOSENG,2016-10-21,352.9,369.0,346.15,351.9,212493
KIRLOSENG,2016-10-24,357.0,357.0,343.1,349.9,109141
KIRLOSENG,2016-10-25,351.45,353.5,343.5,350.0,84657
KIRLOSENG,2016-10-26,352.45,352.45,345.0,347.4,55762
KIRLOSENG,2016-10-27,346.05,350.9,338.1,345.05,177872
KIRLOSENG,2016-10-28,344.05,350.05,343.95,345.15,18050
KIRLOSENG,2016-11-01,346.8,352.1,342.0,349.0,20221
KIRLOSENG,2016-11-02,345.0,347.9,342.15,345.45,14214
KIRLOSENG,2016-11-03,348.0,349.0,340.05,344.75,6108
KIRLOSENG,2016-11-04,348.1,348.3,326.55,344.5,33250
KIRLOSENG,2016-11-07,348.95,351.0,344.0,347.2,6371
KIRLOSENG,2016-11-08,349.45,349.45,343.0,346.15,3275
KIRLOSENG,2016-11-09,335.0,345.0,304.95,341.2,18417
KIRLOSENG,2016-11-10,345.9,351.95,338.7,350.15,16173
KIRLOSENG,2016-11-11,349.7,354.6,346.15,349.95,45307
KIRLOSENG,2016-11-15,353.5,353.5,319.0,343.85,21315
KIRLOSENG,2016-11-16,343.85,343.9,312.9,333.6,22522
KIRLOSENG,2016-11-17,340.0,342.05,337.0,338.05,7252
KIRLOSENG,2016-11-18,347.0,347.0,334.0,339.55,19705
KIRLOSENG,2016-11-21,336.05,336.05,315.05,325.05,11836
KIRLOSENG,2016-11-22,328.1,330.1,302.4,319.25,27949
KIRLOSENG,2016-11-23,320.95,325.0,315.55,322.8,2408
KIRLOSENG,2016-11-24,328.9,329.05,317.2,325.8,11611
KIRLOSENG,2016-11-25,322.05,336.3,319.35,327.0,4772
KIRLOSENG,2016-11-28,330.0,330.0,320.55,325.0,7577
KIRLOSENG,2016-11-29,316.4,329.0,316.4,327.0,6696
KIRLOSENG,2016-11-30,325.0,336.0,323.5,334.9,5737
KIRLOSENG,2016-12-01,329.0,332.5,327.0,329.75,13252
KIRLOSENG,2016-12-02,333.45,338.0,325.1,326.8,18531
KIRLOSENG,2016-12-05,318.0,327.95,318.0,322.65,35619
KIRLOSENG,2016-12-06,325.0,328.0,318.0,324.95,27410
KIRLOSENG,2016-12-07,320.4,327.7,320.4,325.05,20914
KIRLOSENG,2016-12-08,335.95,337.0,321.95,325.0,29821
KIRLOSENG,2016-12-09,334.0,334.0,313.6,325.9,9983
KIRLOSENG,2016-12-12,325.9,329.0,323.55,325.0,11660
KIRLOSENG,2016-12-13,323.75,326.4,323.7,325.0,3361
KIRLOSENG,2016-12-14,325.0,327.0,324.95,325.35,3494
KIRLOSENG,2016-12-15,324.0,327.9,323.0,325.1,50673
KIRLOSENG,2016-12-16,325.25,327.05,324.6,325.5,46697
KIRLOSENG,2016-12-19,325.1,326.75,325.0,325.05,23500
KIRLOSENG,2016-12-20,325.05,326.0,322.55,325.2,53823
KIRLOSENG,2016-12-21,325.0,327.5,323.05,325.0,58609
KIRLOSENG,2016-12-22,320.55,327.75,318.2,325.25,5971
KIRLOSENG,2016-12-23,324.05,326.8,320.05,325.15,13703
KIRLOSENG,2016-12-26,321.0,326.0,320.05,325.0,11502
KIRLOSENG,2016-12-27,320.7,326.75,320.7,325.95,4696
KIRLOSENG,2016-12-28,332.0,332.0,323.55,323.9,2907
KIRLOSENG,2016-12-29,328.0,328.0,323.2,324.95,21414
KIRLOSENG,2016-12-30,331.95,332.0,324.05,324.9,1626
KIRLOSENG,2017-01-02,324.5,326.75,323.5,324.8,1708
KIRLOSENG,2017-01-03,324.0,325.15,321.1,322.15,7012
KIRLOSENG,2017-01-04,322.75,325.5,320.6,325.3,23256
KIRLOSENG,2017-01-05,344.0,344.0,333.25,337.75,15912
KIRLOSENG,2017-01-06,333.0,338.9,332.0,333.95,2892
KIRLOSENG,2017-01-09,330.4,334.95,326.0,328.1,1264
KIRLOSENG,2017-01-10,330.05,332.5,328.05,330.15,7540
KIRLOSENG,2017-01-11,330.5,333.4,330.05,332.6,2573
KIRLOSENG,2017-01-12,330.05,332.9,327.05,329.9,25836
KIRLOSENG,2017-01-13,328.0,332.9,328.0,330.0,2981
KIRLOSENG,2017-01-16,337.4,337.4,329.1,330.55,5344
KIRLOSENG,2017-01-17,329.0,334.0,321.7,327.05,7100
KIRLOSENG,2017-01-18,325.0,335.4,321.2,329.45,23768
KIRLOSENG,2017-01-19,327.0,332.0,327.0,330.15,7175
KIRLOSENG,2017-01-20,327.0,335.0,327.0,330.55,4046
KIRLOSENG,2017-01-23,325.5,334.65,322.25,330.15,8996
KIRLOSENG,2017-01-24,327.0,336.0,327.0,332.05,8860
KIRLOSENG,2017-01-25,338.25,338.25,328.3,330.35,24667
KIRLOSENG,2017-01-27,336.35,336.35,327.2,329.9,12500
KIRLOSENG,2017-01-30,334.45,336.7,325.65,327.5,6256
KIRLOSENG,2017-01-31,325.1,330.95,325.1,330.05,12632
KIRLOSENG,2017-02-01,330.55,343.0,328.35,340.75,11932
KIRLOSENG,2017-02-02,339.0,344.95,334.2,340.0,42850
KIRLOSENG,2017-02-03,342.7,346.0,340.0,342.9,6202
KIRLOSENG,2017-02-06,339.05,353.5,337.0,345.25,12270
KIRLOSENG,2017-02-07,346.75,348.0,340.35,345.15,9063
KIRLOSENG,2017-02-08,349.0,349.0,341.2,346.75,17589
KIRLOSENG,2017-02-09,344.0,361.0,342.6,356.7,32211
KIRLOSENG,2017-02-10,356.35,361.0,346.0,347.35,6447
KIRLOSENG,2017-02-13,342.0,355.9,340.35,354.5,15064
KIRLOSENG,2017-02-14,354.85,354.85,346.0,349.6,4993
KIRLOSENG,2017-02-15,346.5,349.9,345.0,346.0,26266
KIRLOSENG,2017-02-16,344.65,352.0,344.6,350.5,9504
KIRLOSENG,2017-02-17,351.9,352.0,346.05,349.15,5410
KIRLOSENG,2017-02-20,350.0,351.85,345.05,350.15,29924
KIRLOSENG,2017-02-21,351.1,351.1,348.3,350.15,12735
KIRLOSENG,2017-02-22,352.35,353.8,349.0,349.6,4960
KIRLOSENG,2017-02-23,353.5,353.5,346.55,350.4,11688
KIRLOSENG,2017-02-27,348.05,354.5,346.55,352.0,17298
KIRLOSENG,2017-02-28,353.0,353.0,350.0,351.6,8720
KIRLOSENG,2017-03-01,353.05,363.0,352.65,358.95,20294
KIRLOSENG,2017-03-02,365.0,366.0,358.8,360.85,33829
KIRLOSENG,2017-03-03,362.05,378.95,358.35,377.4,73427
KIRLOSENG,2017-03-06,380.0,399.35,377.5,396.1,150881
KIRLOSENG,2017-03-07,398.0,401.35,385.0,390.6,34346
KIRLOSENG,2017-03-08,390.45,392.0,379.0,388.1,35404
KIRLOSENG,2017-03-09,387.0,392.7,361.45,380.9,34819
KIRLOSENG,2017-03-10,389.6,389.6,380.0,382.1,31379
KIRLOSENG,2017-03-14,398.55,398.55,371.15,376.85,90911
KIRLOSENG,2017-03-15,382.65,395.0,380.0,385.6,34538
KIRLOSENG,2017-03-16,385.6,390.0,382.6,386.55,19355
KIRLOSENG,2017-03-17,387.35,392.4,385.15,390.8,15540
KIRLOSENG,2017-03-20,384.15,393.0,384.15,390.05,18127
KIRLOSENG,2017-03-21,395.0,400.0,385.0,398.95,37442
KIRLOSENG,2017-03-22,405.0,405.0,386.3,389.35,29723
KIRLOSENG,2017-03-23,385.3,394.35,385.25,390.15,17373
KIRLOSENG,2017-03-24,388.05,394.8,388.05,391.55,15228
KIRLOSENG,2017-03-27,391.5,395.4,382.25,388.5,20885
KIRLOSENG,2017-03-28,389.3,391.25,385.4,387.55,11656
KIRLOSENG,2017-03-29,392.55,392.55,385.0,387.1,13648
KIRLOSENG,2017-03-30,392.0,393.35,387.65,391.35,22096
KIRLOSENG,2017-03-31,393.85,395.15,382.55,388.4,11359
KIRLOSENG,2017-04-03,395.0,395.0,383.45,386.25,10016
KIRLOSENG,2017-04-05,385.95,390.6,383.55,389.5,18107
KIRLOSENG,2017-04-06,388.95,395.0,387.5,390.55,19781
KIRLOSENG,2017-04-07,393.95,407.0,392.45,396.25,51224
KIRLOSENG,2017-04-10,396.5,399.0,389.5,393.25,7606
KIRLOSENG,2017-04-11,396.85,396.85,386.55,392.55,8432
KIRLOSENG,2017-04-12,390.5,393.9,383.0,392.2,11716
KIRLOSENG,2017-04-13,392.7,392.75,386.75,390.0,8809
KIRLOSENG,2017-04-17,391.25,395.0,388.4,393.95,13431
KIRLOSENG,2017-04-18,390.1,396.8,389.8,395.35,78225
KIRLOSENG,2017-04-19,396.75,396.8,393.65,396.0,13214
KIRLOSENG,2017-04-20,396.8,400.0,395.0,395.75,8558
KIRLOSENG,2017-04-21,399.1,403.55,395.1,396.1,4967
KIRLOSENG,2017-04-24,399.75,399.75,394.95,395.75,52660
KIRLOSENG,2017-04-25,399.0,403.15,395.0,395.05,15972
KIRLOSENG,2017-04-26,404.9,404.9,393.55,394.9,34968
KIRLOSENG,2017-04-27,391.6,399.7,391.6,397.0,17111
KIRLOSENG,2017-04-28,395.25,405.0,390.25,395.05,21796
KIRLOSENG,2017-05-02,398.9,402.0,386.45,397.6,32598
KIRLOSENG,2017-05-03,400.9,402.75,392.1,401.9,16810
KIRLOSENG,2017-05-04,402.1,404.35,392.5,400.8,22732
KIRLOSENG,2017-05-05,404.7,405.05,396.1,399.2,16901
KIRLOSENG,2017-05-08,397.05,403.85,397.05,399.4,20789
KIRLOSENG,2017-05-09,403.95,408.0,394.0,398.3,30669
KIRLOSENG,2017-05-10,398.4,405.0,393.5,399.85,91714
KIRLOSENG,2017-05-11,392.55,400.15,392.55,396.75,64551
KIRLOSENG,2017-05-12,397.25,401.0,395.0,398.05,50367
KIRLOSENG,2017-05-15,398.45,400.0,395.0,396.0,42179
KIRLOSENG,2017-05-16,401.05,401.05,392.0,397.05,13565
KIRLOSENG,2017-05-17,399.95,400.0,390.0,391.55,14288
KIRLOSENG,2017-05-18,392.1,396.85,385.0,394.9,16483
KIRLOSENG,2017-05-19,398.5,402.85,387.45,389.75,13395
KIRLOSENG,2017-05-22,395.15,396.05,382.15,387.25,18981
KIRLOSENG,2017-05-23,387.0,387.95,380.0,385.2,19737
KIRLOSENG,2017-05-24,384.05,385.5,365.65,377.25,10317
KIRLOSENG,2017-05-25,373.55,384.5,373.05,380.35,9812
KIRLOSENG,2017-05-26,387.5,388.2,371.35,383.5,11871
KIRLOSENG,2017-05-29,389.0,389.0,376.55,382.55,4072
KIRLOSENG,2017-05-30,389.3,389.3,380.1,382.25,7371
KIRLOSENG,2017-05-31,387.9,387.9,381.05,383.85,2944
KIRLOSENG,2017-06-01,380.35,385.9,380.0,383.0,7081
KIRLOSENG,2017-06-02,386.5,392.05,380.55,387.75,7360
KIRLOSENG,2017-06-05,387.7,387.75,378.05,385.5,34371
KIRLOSENG,2017-06-06,387.15,387.15,380.55,381.8,4469
KIRLOSENG,2017-06-07,383.0,385.45,379.05,380.7,6461
KIRLOSENG,2017-06-08,383.65,387.05,378.1,385.6,7059
KIRLOSENG,2017-06-09,389.95,390.0,381.55,384.8,6477
KIRLOSENG,2017-06-12,384.0,388.35,382.5,386.1,30996
KIRLOSENG,2017-06-13,387.95,388.0,381.6,383.8,2341
KIRLOSENG,2017-06-14,385.4,386.9,381.55,386.15,6051
KIRLOSENG,2017-06-15,391.0,391.0,383.0,386.25,18025
KIRLOSENG,2017-06-16,385.15,388.1,380.25,385.0,12732
KIRLOSENG,2017-06-19,388.25,388.25,382.25,384.0,3685
KIRLOSENG,2017-06-20,384.35,388.65,377.15,387.05,12737
KIRLOSENG,2017-06-21,397.0,414.8,385.0,410.5,53715
KIRLOSENG,2017-06-22,412.95,419.7,405.3,409.95,89114
KIRLOSENG,2017-06-23,411.0,419.5,397.9,406.3,22289
KIRLOSENG,2017-06-27,414.0,414.0,394.0,403.85,23333
KIRLOSENG,2017-06-28,400.0,404.0,392.6,399.45,19889
KIRLOSENG,2017-06-29,399.8,403.6,395.15,400.05,11985
KIRLOSENG,2017-06-30,395.3,403.0,395.25,400.05,10166
KIRLOSENG,2017-07-03,398.5,400.75,395.25,397.0,10041
KIRLOSENG,2017-07-04,401.25,401.25,385.0,388.6,4702
KIRLOSENG,2017-07-05,393.0,395.35,386.0,392.8,6534
KIRLOSENG,2017-07-06,392.55,399.8,389.95,395.45,17705
KIRLOSENG,2017-07-07,400.0,406.15,392.0,393.5,17318
KIRLOSENG,2017-07-10,397.9,399.45,393.0,395.25,3446
KIRLOSENG,2017-07-11,400.8,400.8,389.2,392.35,4215
KIRLOSENG,2017-07-12,400.0,401.15,388.15,390.35,18492
KIRLOSENG,2017-07-13,391.35,396.9,391.0,394.85,5706
KIRLOSENG,2017-07-14,392.25,398.4,390.5,394.9,9743
KIRLOSENG,2017-07-17,394.0,396.95,391.35,392.25,11514
KIRLOSENG,2017-07-18,390.85,396.8,388.85,395.45,6245
KIRLOSENG,2017-07-19,395.05,401.0,392.55,399.0,12837
KIRLOSENG,2017-07-20,399.7,403.0,399.0,399.95,26211
KIRLOSENG,2017-07-21,399.2,405.0,398.4,399.95,14134
KIRLOSENG,2017-07-24,403.55,404.3,399.1,400.0,8510
KIRLOSENG,2017-07-25,405.0,405.0,399.0,399.95,9300
KIRLOSENG,2017-07-26,400.0,402.5,399.0,399.85,22621
KIRLOSENG,2017-07-27,399.9,402.95,399.15,400.25,23279
KIRLOSENG,2017-07-28,400.0,401.45,399.1,400.0,9243
KIRLOSENG,2017-07-31,400.0,407.5,393.35,403.7,33657
KIRLOSENG,2017-08-01,400.05,406.75,399.5,403.2,9374
KIRLOSENG,2017-08-02,399.5,404.45,399.5,400.0,8211
KIRLOSENG,2017-08-03,405.0,405.05,398.9,400.0,12804
KIRLOSENG,2017-08-04,402.0,402.0,398.55,400.3,59596
KIRLOSENG,2017-08-07,400.0,401.45,399.05,400.0,10809
KIRLOSENG,2017-08-08,400.85,401.15,394.9,395.3,13249
KIRLOSENG,2017-08-09,394.1,396.5,392.25,393.35,4803
KIRLOSENG,2017-08-10,392.0,395.0,389.5,390.05,7295
KIRLOSENG,2017-08-11,390.0,399.5,382.0,384.85,27843
KIRLOSENG,2017-08-14,390.9,394.9,385.35,388.2,80647
KIRLOSENG,2017-08-16,390.0,403.0,387.85,394.55,15374
KIRLOSENG,2017-08-17,394.55,394.55,387.25,392.95,33662
KIRLOSENG,2017-08-18,391.7,391.7,384.0,385.4,5532
KIRLOSENG,2017-08-21,393.3,393.3,380.0,380.85,1843
KIRLOSENG,2017-08-22,381.9,384.75,376.0,382.8,3221
KIRLOSENG,2017-08-23,380.85,386.6,380.55,384.45,24723
KIRLOSENG,2017-08-24,390.15,390.15,371.35,376.6,13183
KIRLOSENG,2017-08-28,376.6,380.75,374.55,375.65,3342
KIRLOSENG,2017-08-29,378.0,378.0,372.55,376.1,2598
KIRLOSENG,2017-08-30,378.45,378.45,369.1,376.1,11350
KIRLOSENG,2017-08-31,378.9,379.0,370.05,371.65,3585
KIRLOSENG,2017-09-01,374.5,376.9,372.1,374.65,1150
KIRLOSENG,2017-09-04,372.1,376.0,368.0,369.3,153238
KIRLOSENG,2017-09-05,371.0,376.9,370.0,370.8,3281
KIRLOSENG,2017-09-06,370.0,373.0,362.25,366.65,4820
KIRLOSENG,2017-09-07,365.5,371.6,365.5,366.7,2158
KIRLOSENG,2017-09-08,368.85,368.85,360.0,361.45,3792
KIRLOSENG,2017-09-11,364.95,364.95,358.05,358.6,4981
KIRLOSENG,2017-09-12,358.5,366.45,358.05,365.05,7798
KIRLOSENG,2017-09-13,365.05,365.05,356.35,359.05,7155
KIRLOSENG,2017-09-14,360.0,360.0,355.05,355.2,5690
KIRLOSENG,2017-09-15,357.75,360.8,355.2,360.7,1693
KIRLOSENG,2017-09-18,361.0,366.95,352.5,360.15,14832
KIRLOSENG,2017-09-19,358.05,362.9,358.05,360.1,6798
KIRLOSENG,2017-09-20,362.8,363.9,360.0,360.4,8245
KIRLOSENG,2017-09-21,360.45,365.4,359.0,362.15,60426
KIRLOSENG,2017-09-22,362.15,364.15,359.0,361.3,6801
KIRLOSENG,2017-09-25,361.3,361.3,358.05,359.95,10311
KIRLOSENG,2017-09-26,356.4,364.0,356.4,362.1,14170
KIRLOSENG,2017-09-27,360.1,365.0,359.2,360.25,15452
KIRLOSENG,2017-09-28,359.0,364.9,357.4,362.1,29307
KIRLOSENG,2017-09-29,360.4,367.45,360.4,364.8,5848
KIRLOSENG,2017-10-03,364.0,367.4,360.2,362.55,4601
KIRLOSENG,2017-10-04,360.25,363.55,351.55,360.05,74030
KIRLOSENG,2017-10-05,360.0,360.0,348.5,354.95,23162
KIRLOSENG,2017-10-06,353.15,358.05,349.65,354.4,6758
KIRLOSENG,2017-10-09,358.0,363.0,353.6,360.1,7850
KIRLOSENG,2017-10-10,360.0,364.5,359.15,360.0,6257
KIRLOSENG,2017-10-11,362.75,362.75,359.0,360.0,9513
KIRLOSENG,2017-10-12,361.0,362.9,358.25,361.4,10417
KIRLOSENG,2017-10-13,363.7,394.9,359.65,372.1,417440
KIRLOSENG,2017-10-16,365.35,371.65,358.05,360.2,27706
KIRLOSENG,2017-10-17,362.95,365.6,358.35,360.2,19190
KIRLOSENG,2017-10-18,363.35,363.95,357.05,358.95,7842
KIRLOSENG,2017-10-19,359.15,379.75,359.15,368.7,13791
KIRLOSENG,2017-10-23,366.0,374.9,357.55,359.55,6503
KIRLOSENG,2017-10-24,360.0,374.9,358.0,360.45,20052
KIRLOSENG,2017-10-25,362.0,363.5,358.2,358.5,6167
KIRLOSENG,2017-10-26,358.6,362.05,358.2,360.15,9318
KIRLOSENG,2017-10-27,363.4,363.4,356.65,360.0,5109
KIRLOSENG,2017-10-30,360.05,362.55,355.3,356.3,5148
KIRLOSENG,2017-10-31,359.0,359.0,354.15,356.0,598262
KIRLOSENG,2017-11-01,354.0,357.05,352.65,354.95,4844
KIRLOSENG,2017-11-02,358.85,358.9,352.35,354.8,5866
KIRLOSENG,2017-11-03,354.8,358.8,352.55,353.35,15154
KIRLOSENG,2017-11-06,358.45,358.5,353.05,357.05,5437
KIRLOSENG,2017-11-07,357.55,357.85,350.0,350.9,9912
KIRLOSENG,2017-11-08,355.0,360.0,351.15,357.8,286189
KIRLOSENG,2017-11-09,363.0,367.25,352.5,355.45,18120
KIRLOSENG,2017-11-10,352.9,355.1,345.0,347.55,10810
KIRLOSENG,2017-11-13,344.0,349.85,337.65,339.9,23081
KIRLOSENG,2017-11-14,340.0,342.45,329.2,338.45,18857
KIRLOSENG,2017-11-15,334.8,344.65,334.8,335.25,3716
KIRLOSENG,2017-11-16,345.0,347.4,334.0,344.95,6328
KIRLOSENG,2017-11-17,343.0,350.0,340.55,345.65,5830
KIRLOSENG,2017-11-20,345.95,350.45,341.65,349.25,5706
KIRLOSENG,2017-11-21,349.3,362.15,345.0,358.0,8883
KIRLOSENG,2017-11-22,356.05,359.8,352.6,355.9,12168
KIRLOSENG,2017-11-23,355.85,359.8,351.0,353.95,5054
KIRLOSENG,2017-11-24,354.65,358.0,345.0,348.15,11165
KIRLOSENG,2017-11-27,353.35,356.95,342.6,352.35,10963
KIRLOSENG,2017-11-28,353.0,355.4,349.35,355.0,23053
KIRLOSENG,2017-11-29,356.0,356.0,342.6,347.35,7119
KIRLOSENG,2017-11-30,345.8,350.75,345.05,350.0,76040
KIRLOSENG,2017-12-01,353.0,370.0,348.6,352.95,18966
KIRLOSENG,2017-12-04,352.05,356.45,346.1,353.0,33034
KIRLOSENG,2017-12-05,358.95,359.45,348.0,353.65,17760
KIRLOSENG,2017-12-06,355.2,361.95,351.35,358.9,23306
KIRLOSENG,2017-12-07,361.0,372.5,354.6,369.75,16092
KIRLOSENG,2017-12-08,371.9,378.9,361.35,372.9,17752
KIRLOSENG,2017-12-11,376.0,376.55,365.45,374.75,10328
KIRLOSENG,2017-12-12,375.75,384.2,362.6,372.15,12695
KIRLOSENG,2017-12-13,369.95,373.7,363.0,364.6,4636
KIRLOSENG,2017-12-14,368.5,372.5,360.05,369.1,3210
KIRLOSENG,2017-12-15,369.15,377.95,365.4,370.35,6784
KIRLOSENG,2017-12-18,365.3,384.5,361.65,374.2,21674
KIRLOSENG,2017-12-19,377.35,384.45,377.1,382.7,17440
KIRLOSENG,2017-12-20,386.85,395.5,375.5,380.7,9881
KIRLOSENG,2017-12-21,385.5,385.5,377.5,380.7,4995
KIRLOSENG,2017-12-22,381.75,388.5,378.2,379.1,11107
KIRLOSENG,2017-12-26,408.25,454.3,401.25,416.3,685785
KIRLOSENG,2017-12-27,416.0,416.3,385.0,388.15,139693
KIRLOSENG,2017-12-28,387.0,398.0,382.5,385.5,52322
KIRLOSENG,2017-12-29,389.85,392.0,377.55,380.55,26543
KIRLOSENG,2018-01-01,383.0,383.95,373.7,378.65,10133
KIRLOSENG,2018-01-02,380.0,384.0,374.25,382.75,23046
KIRLOSENG,2018-01-03,385.5,388.0,376.4,383.55,19204
KIRLOSENG,2018-01-04,383.1,392.5,379.45,386.85,16990
KIRLOSENG,2018-01-05,390.0,392.5,380.1,387.55,20066
KIRLOSENG,2018-01-08,389.8,391.85,380.0,385.95,23037
KIRLOSENG,2018-01-09,385.0,393.75,384.1,386.25,12064
KIRLOSENG,2018-01-10,381.55,387.95,378.05,380.15,14627
KIRLOSENG,2018-01-11,381.0,384.0,378.0,379.45,12961
KIRLOSENG,2018-01-12,379.0,384.0,377.5,378.4,88069
KIRLOSENG,2018-01-15,381.0,387.8,378.0,378.65,13862
KIRLOSENG,2018-01-16,376.55,380.0,370.05,375.1,15927
KIRLOSENG,2018-01-17,378.0,381.95,372.0,377.15,84879
KIRLOSENG,2018-01-18,382.75,387.0,375.0,378.75,21853
KIRLOSENG,2018-01-19,382.0,400.05,372.5,391.7,102325
KIRLOSENG,2018-01-22,391.0,427.0,391.0,403.1,984643
KIRLOSENG,2018-01-23,403.1,409.0,399.95,407.5,49546
KIRLOSENG,2018-01-24,407.95,412.3,405.0,410.3,56319
KIRLOSENG,2018-01-25,410.6,411.5,396.05,399.1,31076
KIRLOSENG,2018-01-29,403.05,403.05,392.55,399.9,18274
KIRLOSENG,2018-01-30,402.95,402.95,381.4,390.15,24473
KIRLOSENG,2018-01-31,386.15,397.7,379.0,381.0,21583
KIRLOSENG,2018-02-01,381.55,382.4,377.1,380.95,16603
KIRLOSENG,2018-02-02,396.15,396.15,363.55,381.2,23497
KIRLOSENG,2018-02-05,373.65,394.0,360.55,378.05,20571
KIRLOSENG,2018-02-06,357.0,376.2,341.0,354.4,23157
KIRLOSENG,2018-02-07,359.05,373.2,359.0,365.45,14490
KIRLOSENG,2018-02-08,370.85,385.0,365.9,375.05,5692
KIRLOSENG,2018-02-09,375.05,375.95,360.0,374.95,8164
KIRLOSENG,2018-02-12,371.55,386.7,371.55,379.05,6061
KIRLOSENG,2018-02-14,382.15,392.0,382.15,386.35,9828
KIRLOSENG,2018-02-15,382.55,391.6,382.55,384.9,8194
KIRLOSENG,2018-02-16,384.95,386.0,368.0,373.0,4505
KIRLOSENG,2018-02-19,369.05,373.0,356.0,358.15,6048
KIRLOSENG,2018-02-20,357.85,364.45,354.0,360.15,14033
KIRLOSENG,2018-02-21,359.2,365.35,353.25,356.4,4080
KIRLOSENG,2018-02-22,354.05,356.0,352.0,355.75,8089
KIRLOSENG,2018-02-23,360.3,360.3,352.85,353.45,1844
KIRLOSENG,2018-02-26,365.0,365.0,355.5,358.0,4335
KIRLOSENG,2018-02-27,355.65,362.9,355.6,360.7,4144
KIRLOSENG,2018-02-28,357.55,361.25,353.55,356.85,6102
KIRLOSENG,2018-03-01,358.35,362.0,356.05,360.05,9578
KIRLOSENG,2018-03-05,364.9,364.95,356.15,361.0,4324
KIRLOSENG,2018-03-06,358.75,366.0,352.55,362.15,8041
KIRLOSENG,2018-03-07,357.05,364.3,356.0,361.0,8128
KIRLOSENG,2018-03-08,366.35,366.35,353.2,362.1,9585
KIRLOSENG,2018-03-09,363.55,364.75,358.2,360.25,6993
KIRLOSENG,2018-03-12,364.95,369.9,358.0,363.5,11024
KIRLOSENG,2018-03-13,360.05,368.65,360.0,362.7,19674
KIRLOSENG,2018-03-14,364.0,366.45,360.0,364.15,39629
KIRLOSENG,2018-03-15,362.1,365.0,361.7,364.8,5460
KIRLOSENG,2018-03-16,365.9,375.0,361.15,367.45,35734
KIRLOSENG,2018-03-19,371.0,371.0,352.0,353.15,16124
KIRLOSENG,2018-03-20,350.05,363.7,344.8,348.25,12563
KIRLOSENG,2018-03-21,350.85,353.45,341.4,342.25,13010
KIRLOSENG,2018-03-22,341.5,347.0,337.0,339.85,5959
KIRLOSENG,2018-03-23,333.55,343.95,326.5,337.75,10253
KIRLOSENG,2018-03-26,335.1,339.45,333.5,336.35,11619
KIRLOSENG,2018-03-27,337.0,342.2,335.0,336.35,3416
KIRLOSENG,2018-03-28,341.0,341.35,323.0,325.2,18623
KIRLOSENG,2018-04-02,330.05,335.85,326.35,329.5,3018
KIRLOSENG,2018-04-03,330.0,339.4,325.5,329.2,5025
KIRLOSENG,2018-04-04,330.25,333.85,324.05,325.2,8890
KIRLOSENG,2018-04-05,328.5,333.6,325.25,327.35,4249
KIRLOSENG,2018-04-06,331.9,342.0,328.0,339.7,12337
KIRLOSENG,2018-04-09,350.0,350.0,342.6,345.6,5228
KIRLOSENG,2018-04-10,349.95,349.95,343.0,346.7,5511
KIRLOSENG,2018-04-11,349.5,350.0,342.95,345.05,4341
KIRLOSENG,2018-04-12,342.0,352.6,335.0,343.15,10293
KIRLOSENG,2018-04-13,341.55,352.0,341.55,347.45,2516
KIRLOSENG,2018-04-16,347.75,355.5,345.0,353.45,15557
KIRLOSENG,2018-04-17,353.45,353.45,336.0,342.75,30001
KIRLOSENG,2018-04-18,343.4,348.95,338.55,344.9,2080
KIRLOSENG,2018-04-19,379.7,379.7,351.0,355.1,172040
KIRLOSENG,2018-04-20,352.9,357.0,340.55,343.6,25786
KIRLOSENG,2018-04-23,340.7,351.95,340.7,349.3,19742
KIRLOSENG,2018-04-24,349.0,349.9,340.3,341.25,11011
KIRLOSENG,2018-04-25,343.7,344.1,334.05,336.1,8261
KIRLOSENG,2018-04-26,338.7,340.5,332.5,334.2,7330
KIRLOSENG,2018-04-27,332.95,339.0,332.0,333.85,8530
KIRLOSENG,2018-04-30,337.45,337.45,331.0,333.5,7762
KIRLOSENG,2018-05-02,332.0,333.55,330.0,330.25,6652
KIRLOSENG,2018-05-03,333.5,333.5,321.15,330.25,13600
KIRLOSENG,2018-05-04,336.9,336.9,323.6,324.9,3918
KIRLOSENG,2018-05-07,327.0,331.0,322.0,323.25,5400
KIRLOSENG,2018-05-08,327.25,330.0,321.35,323.25,4489
KIRLOSENG,2018-05-09,324.65,327.5,318.0,322.5,7370
KIRLOSENG,2018-05-10,323.4,326.95,312.55,325.15,24110
KIRLOSENG,2018-05-11,329.8,330.85,316.35,319.7,5910
KIRLOSENG,2018-05-14,321.0,327.9,311.0,314.2,26463
KIRLOSENG,2018-05-15,319.65,324.3,313.05,321.6,17110
KIRLOSENG,2018-05-16,321.0,321.0,313.0,313.75,5045
KIRLOSENG,2018-05-17,314.75,320.0,310.0,310.25,8245
KIRLOSENG,2018-05-18,310.95,323.0,304.4,317.8,49396
KIRLOSENG,2018-05-21,317.8,326.85,312.05,315.35,28208
KIRLOSENG,2018-05-22,315.9,324.8,315.0,322.05,6958
KIRLOSENG,2018-05-23,323.35,324.75,318.95,322.15,3684
KIRLOSENG,2018-05-24,322.5,324.3,322.45,323.5,3046
KIRLOSENG,2018-05-25,324.3,324.3,319.25,322.0,2019
KIRLOSENG,2018-05-28,322.8,333.3,322.8,327.55,5772
KIRLOSENG,2018-05-29,327.55,332.5,324.5,325.4,4757
KIRLOSENG,2018-05-30,325.4,331.0,317.35,328.95,3516
KIRLOSENG,2018-05-31,330.0,331.3,325.25,325.7,5162
KIRLOSENG,2018-06-01,327.35,327.35,313.0,315.15,7488
KIRLOSENG,2018-06-04,313.15,321.75,307.0,309.05,11509
KIRLOSENG,2018-06-05,308.7,311.8,304.0,305.05,12925
KIRLOSENG,2018-06-06,305.3,307.0,294.1,297.45,8998
KIRLOSENG,2018-06-07,297.75,309.3,296.6,302.55,6478
KIRLOSENG,2018-06-08,303.0,309.0,298.4,304.2,9184
KIRLOSENG,2018-06-11,304.55,317.9,297.5,300.0,9806
KIRLOSENG,2018-06-12,300.45,303.95,295.5,297.7,3982
KIRLOSENG,2018-06-13,297.7,302.05,296.0,296.75,2134
KIRLOSENG,2018-06-14,296.25,300.0,296.25,299.85,5979
KIRLOSENG,2018-06-15,299.9,305.0,288.2,290.65,15217
KIRLOSENG,2018-06-18,294.7,297.4,286.5,288.9,4749
KIRLOSENG,2018-06-19,289.15,289.4,281.55,285.05,4826
KIRLOSENG,2018-06-20,282.05,288.95,280.3,281.05,4374
KIRLOSENG,2018-06-21,280.7,283.9,276.2,278.1,2990
KIRLOSENG,2018-06-22,277.65,281.0,270.4,271.3,8486
KIRLOSENG,2018-06-25,271.5,278.5,271.5,273.25,4785
KIRLOSENG,2018-06-26,277.0,277.0,270.05,272.2,3610
KIRLOSENG,2018-06-27,272.25,272.25,258.5,259.7,16761
KIRLOSENG,2018-06-28,260.9,266.3,253.2,257.4,7784
KIRLOSENG,2018-06-29,262.0,263.75,255.55,261.45,2530
KIRLOSENG,2018-07-02,262.6,266.95,256.55,262.95,2551
KIRLOSENG,2018-07-03,266.85,266.85,257.0,261.05,2220
KIRLOSENG,2018-07-04,262.2,264.0,256.55,260.0,2070
KIRLOSENG,2018-07-05,260.4,263.85,257.35,261.9,1949
KIRLOSENG,2018-07-06,263.35,268.0,259.0,260.85,3144
KIRLOSENG,2018-07-09,257.35,263.1,256.2,258.1,6954
KIRLOSENG,2018-07-10,256.35,267.0,256.35,262.3,2720
KIRLOSENG,2018-07-11,258.0,263.75,256.0,256.8,8410
KIRLOSENG,2018-07-12,257.1,263.7,257.1,263.1,5345
KIRLOSENG,2018-07-13,263.1,264.75,256.5,257.2,4096
KIRLOSENG,2018-07-16,255.05,259.0,247.05,248.8,6836
KIRLOSENG,2018-07-17,244.8,252.0,240.0,242.6,9056
KIRLOSENG,2018-07-18,241.0,247.0,236.15,241.0,9329
KIRLOSENG,2018-07-19,241.0,245.5,221.6,228.2,49184
KIRLOSENG,2018-07-20,228.2,233.9,223.55,230.35,20423
KIRLOSENG,2018-07-23,228.05,244.0,225.0,237.3,11177
KIRLOSENG,2018-07-24,236.55,244.0,233.05,241.2,4586
KIRLOSENG,2018-07-25,242.0,251.9,241.35,243.8,4961
KIRLOSENG,2018-07-26,246.35,246.4,240.0,241.65,4186
KIRLOSENG,2018-07-27,241.6,267.7,241.6,258.4,59187
KIRLOSENG,2018-07-30,255.0,264.9,251.6,260.95,8540
KIRLOSENG,2018-07-31,264.85,266.8,255.8,260.35,14252
KIRLOSENG,2018-08-01,263.0,267.8,257.2,259.15,5138
KIRLOSENG,2018-08-02,256.7,260.95,256.7,257.4,1861
KIRLOSENG,2018-08-03,255.0,259.45,251.55,255.6,19050
KIRLOSENG,2018-08-06,252.5,259.9,252.5,255.9,3519
KIRLOSENG,2018-08-07,255.0,258.0,253.35,257.85,80124
KIRLOSENG,2018-08-08,257.0,257.85,255.0,255.9,3683
KIRLOSENG,2018-08-09,256.0,258.0,250.35,253.05,6584
KIRLOSENG,2018-08-10,252.05,268.0,252.05,260.2,143687
KIRLOSENG,2018-08-13,260.85,262.8,254.1,259.4,6458
KIRLOSENG,2018-08-14,261.45,265.05,249.55,251.15,16941
KIRLOSENG,2018-08-16,250.0,253.7,249.0,251.5,5769
KIRLOSENG,2018-08-17,251.0,260.85,249.5,252.25,6627
KIRLOSENG,2018-08-20,250.8,258.8,250.8,256.0,3745
KIRLOSENG,2018-08-21,256.0,256.9,252.0,253.3,5202
KIRLOSENG,2018-08-23,253.0,257.35,249.0,253.65,14226
KIRLOSENG,2018-08-24,252.0,256.45,248.05,255.25,4076
KIRLOSENG,2018-08-27,256.1,257.85,253.5,254.25,6956
KIRLOSENG,2018-08-28,257.4,305.1,250.8,305.1,521896
KIRLOSENG,2018-08-29,319.9,355.6,312.25,315.65,1680814
KIRLOSENG,2018-08-30,308.45,320.75,305.15,313.6,273604
KIRLOSENG,2018-08-31,305.0,310.0,297.95,297.95,62646
KIRLOSENG,2018-09-03,307.5,307.5,283.1,283.15,84010
KIRLOSENG,2018-09-04,283.0,283.0,269.0,269.0,58100
KIRLOSENG,2018-09-05,266.1,266.1,255.8,258.7,52346
KIRLOSENG,2018-09-06,260.8,271.6,260.8,271.6,115971
KIRLOSENG,2018-09-07,284.4,310.0,278.05,280.95,382078
KIRLOSENG,2018-09-10,283.0,283.0,261.25,266.15,66782
KIRLOSENG,2018-09-11,266.15,274.0,260.8,261.9,60241
KIRLOSENG,2018-09-12,263.9,265.0,255.0,261.3,33103
KIRLOSENG,2018-09-14,266.85,271.3,263.05,264.35,24257
KIRLOSENG,2018-09-17,265.0,265.0,256.6,260.05,24072
KIRLOSENG,2018-09-18,266.4,266.4,251.0,253.4,26113
KIRLOSENG,2018-09-19,253.45,256.8,239.55,241.3,33058
KIRLOSENG,2018-09-21,245.0,245.0,224.55,228.05,67629
KIRLOSENG,2018-09-24,234.85,234.85,220.0,221.4,28350
KIRLOSENG,2018-09-25,220.0,222.9,216.0,220.55,19041
KIRLOSENG,2018-09-26,220.9,235.5,220.9,223.75,27845
KIRLOSENG,2018-09-27,224.55,226.8,216.05,218.25,13990
KIRLOSENG,2018-09-28,218.1,220.0,199.0,201.35,34627
KIRLOSENG,2018-10-01,202.0,214.95,200.0,211.65,34375
KIRLOSENG,2018-10-03,208.15,214.95,206.0,211.0,16777
KIRLOSENG,2018-10-04,212.95,212.95,205.25,210.05,9576
KIRLOSENG,2018-10-05,205.1,210.55,202.0,203.8,16761
KIRLOSENG,2018-10-08,203.8,217.95,203.8,210.25,16728
KIRLOSENG,2018-10-09,210.25,214.15,207.0,211.0,10797
KIRLOSENG,2018-10-10,210.05,220.85,210.05,215.25,17210
KIRLOSENG,2018-10-11,210.1,217.8,204.15,210.7,10302
KIRLOSENG,2018-10-12,216.0,219.0,213.05,216.0,9284
KIRLOSENG,2018-10-15,216.5,220.0,214.15,218.25,7262
KIRLOSENG,2018-10-16,218.3,222.0,216.1,218.3,12433
KIRLOSENG,2018-10-17,225.8,229.0,217.7,218.7,19952
KIRLOSENG,2018-10-19,218.7,225.55,207.55,210.65,15270
KIRLOSENG,2018-10-22,213.55,213.9,207.75,207.95,6662
KIRLOSENG,2018-10-23,206.0,206.35,201.1,201.9,10904
KIRLOSENG,2018-10-24,202.0,209.0,202.0,203.6,9671
KIRLOSENG,2018-10-25,203.0,205.45,201.05,203.6,4576
KIRLOSENG,2018-10-26,202.45,223.9,200.0,219.55,140515
KIRLOSENG,2018-10-29,219.6,228.0,216.55,223.8,36338
KIRLOSENG,2018-10-30,223.75,223.8,218.95,220.5,6346
KIRLOSENG,2018-10-31,219.85,220.0,212.25,217.95,6162
KIRLOSENG,2018-11-01,215.1,222.8,215.1,218.1,12555
KIRLOSENG,2018-11-02,220.0,228.4,220.0,221.4,20812
KIRLOSENG,2018-11-05,223.9,226.4,213.05,217.15,237727
KIRLOSENG,2018-11-06,218.35,222.0,218.35,219.7,7671
KIRLOSENG,2018-11-07,220.0,224.7,220.0,221.6,6546
KIRLOSENG,2018-11-09,222.05,223.15,217.55,221.35,5498
KIRLOSENG,2018-11-12,223.65,225.0,219.35,220.9,11446
KIRLOSENG,2018-11-13,219.05,223.8,217.0,219.05,8738
KIRLOSENG,2018-11-14,221.4,221.4,218.0,218.8,2816
KIRLOSENG,2018-11-15,216.15,218.9,213.55,215.0,5488
KIRLOSENG,2018-11-16,215.6,219.8,211.55,212.85,6766
KIRLOSENG,2018-11-19,213.0,214.0,203.1,212.1,9549
KIRLOSENG,2018-11-20,210.1,211.1,208.2,210.05,3798
KIRLOSENG,2018-11-21,208.0,213.5,207.3,212.05,7315
KIRLOSENG,2018-11-22,212.6,222.4,209.45,218.3,14926
KIRLOSENG,2018-11-26,220.4,221.0,211.55,215.6,8380
KIRLOSENG,2018-11-27,215.85,216.5,210.0,211.05,9701
KIRLOSENG,2018-11-28,211.0,214.05,206.25,209.45,5105
KIRLOSENG,2018-11-29,208.95,212.0,201.4,204.15,32424
KIRLOSENG,2018-11-30,210.9,210.9,202.95,203.95,9658
KIRLOSENG,2018-12-03,204.45,210.95,204.0,205.4,7275
KIRLOSENG,2018-12-04,201.35,207.0,201.35,202.9,5904
KIRLOSENG,2018-12-05,201.55,202.3,195.0,198.3,21952
KIRLOSENG,2018-12-06,196.1,196.7,192.0,192.55,8637
KIRLOSENG,2018-12-07,190.9,196.55,190.1,192.6,6606
KIRLOSENG,2018-12-10,192.45,192.5,185.0,186.6,8781
KIRLOSENG,2018-12-11,187.9,197.45,184.25,192.3,10758
KIRLOSENG,2018-12-12,192.35,199.5,192.35,196.7,7858
KIRLOSENG,2018-12-13,195.0,199.05,193.7,196.75,8032
KIRLOSENG,2018-12-14,198.0,199.95,194.55,199.5,8360
KIRLOSENG,2018-12-17,204.7,204.7,197.25,198.45,7240
KIRLOSENG,2018-12-18,197.75,200.05,195.8,199.15,6171
KIRLOSENG,2018-12-19,197.55,202.0,197.55,201.1,5666
KIRLOSENG,2018-12-20,199.85,232.0,199.8,219.3,175080
KIRLOSENG,2018-12-21,219.0,224.95,209.55,210.8,41912
KIRLOSENG,2018-12-24,211.0,211.0,204.15,206.2,10358
KIRLOSENG,2018-12-26,204.25,205.05,200.1,201.9,9628
KIRLOSENG,2018-12-27,200.05,210.0,200.05,205.7,16348
KIRLOSENG,2018-12-28,206.6,208.4,202.55,203.8,7148
KIRLOSENG,2018-12-31,205.45,210.0,203.55,205.55,10154
KIRLOSENG,2019-01-01,208.05,208.05,203.05,204.8,7342
KIRLOSENG,2019-01-02,207.8,207.8,202.25,204.95,8014
KIRLOSENG,2019-01-03,203.0,206.9,202.55,202.9,4154
KIRLOSENG,2019-01-04,205.7,205.7,199.1,200.6,13406
KIRLOSENG,2019-01-07,207.0,207.0,200.5,201.3,8100
KIRLOSENG,2019-01-08,201.05,203.9,199.0,200.75,12592
KIRLOSENG,2019-01-09,200.75,204.0,198.05,199.05,8787
KIRLOSENG,2019-01-10,198.0,202.0,195.0,200.05,14013
KIRLOSENG,2019-01-11,201.3,201.3,197.0,198.15,7735
KIRLOSENG,2019-01-14,198.15,200.95,196.5,197.5,7160
KIRLOSENG,2019-01-15,198.25,200.35,194.65,195.25,25920
KIRLOSENG,2019-01-16,197.2,198.0,193.9,194.4,12686
KIRLOSENG,2019-01-17,195.35,196.55,193.0,195.1,12099
KIRLOSENG,2019-01-18,194.05,196.2,192.5,193.1,6919
KIRLOSENG,2019-01-21,192.65,194.95,188.0,189.0,14091
KIRLOSENG,2019-01-22,185.4,189.9,185.1,186.2,9240
KIRLOSENG,2019-01-23,186.0,186.45,181.35,182.65,20256
KIRLOSENG,2019-01-24,182.65,184.85,179.9,180.4,8948
KIRLOSENG,2019-01-25,181.1,198.8,180.0,188.15,101046
KIRLOSENG,2019-01-28,188.0,188.0,175.05,177.6,21334
KIRLOSENG,2019-01-29,184.9,184.9,176.0,177.0,17025
KIRLOSENG,2019-01-30,179.15,179.7,172.0,174.05,18331
KIRLOSENG,2019-01-31,174.05,176.3,170.35,172.65,21206
KIRLOSENG,2019-02-01,174.7,175.95,170.65,172.15,9423
KIRLOSENG,2019-02-04,172.65,177.45,171.05,173.1,8474
KIRLOSENG,2019-02-05,173.1,173.95,170.0,172.55,6978
KIRLOSENG,2019-02-06,171.65,172.6,162.3,169.25,21149
KIRLOSENG,2019-02-07,169.05,172.0,168.0,168.8,14696
KIRLOSENG,2019-02-08,168.15,171.25,168.0,168.55,4482
KIRLOSENG,2019-02-11,169.4,170.15,160.95,162.65,11440
KIRLOSENG,2019-02-12,161.35,164.5,160.8,163.45,11527
KIRLOSENG,2019-02-14,163.05,166.0,162.0,165.5,4816
KIRLOSENG,2019-02-15,165.8,168.45,164.85,165.95,6944
KIRLOSENG,2019-02-18,166.1,170.0,163.1,164.15,8407
KIRLOSENG,2019-02-19,164.3,166.5,163.4,165.0,7206
KIRLOSENG,2019-02-20,165.9,168.4,164.0,166.6,4903
KIRLOSENG,2019-02-21,165.9,170.0,165.6,169.0,16327
KIRLOSENG,2019-02-22,168.05,171.2,166.65,168.25,11795
KIRLOSENG,2019-02-25,167.0,175.0,167.0,173.15,10753
KIRLOSENG,2019-02-26,173.95,174.8,163.95,171.05,7268
KIRLOSENG,2019-02-27,170.05,176.4,167.95,171.15,9588
KIRLOSENG,2019-02-28,172.05,173.0,168.95,171.45,3523
KIRLOSENG,2019-03-01,172.15,183.95,172.15,178.65,17539
KIRLOSENG,2019-03-05,180.0,191.2,180.0,185.95,34339
KIRLOSENG,2019-03-06,188.65,192.9,187.45,188.35,19262
KIRLOSENG,2019-03-07,190.5,190.55,185.1,186.1,5369
KIRLOSENG,2019-03-08,189.4,192.0,186.4,186.7,8882
KIRLOSENG,2019-03-11,189.95,190.0,185.1,189.85,35845
KIRLOSENG,2019-03-12,192.15,196.0,190.4,192.35,23123
KIRLOSENG,2019-03-13,192.0,194.45,184.3,185.6,23719
KIRLOSENG,2019-03-14,186.05,187.1,182.3,183.35,11459
KIRLOSENG,2019-03-15,185.75,186.65,182.0,182.95,13846
KIRLOSENG,2019-03-18,185.3,185.6,181.0,181.6,8436
KIRLOSENG,2019-03-19,180.65,183.45,180.3,180.85,7530
KIRLOSENG,2019-03-20,180.3,181.2,175.45,176.8,11932
KIRLOSENG,2019-03-22,173.3,179.0,173.3,175.95,13474
KIRLOSENG,2019-03-25,172.4,175.5,170.05,171.45,17999
KIRLOSENG,2019-03-26,170.15,175.0,170.0,171.8,16056
KIRLOSENG,2019-03-27,172.8,173.2,169.3,170.9,15835
KIRLOSENG,2019-03-28,173.5,177.9,170.3,176.75,14495
KIRLOSENG,2019-04-01,176.05,179.0,174.75,175.05,23637
KIRLOSENG,2019-04-02,176.9,184.0,175.7,178.9,28612
KIRLOSENG,2019-04-03,179.95,182.05,176.2,177.95,17821
KIRLOSENG,2019-04-04,177.05,179.9,176.5,176.75,8751
KIRLOSENG,2019-04-05,178.9,179.15,174.6,175.85,14899
KIRLOSENG,2019-04-08,179.4,180.25,175.55,176.15,14200
KIRLOSENG,2019-04-09,176.8,177.35,173.35,174.7,7482
KIRLOSENG,2019-04-10,173.55,175.85,172.0,173.2,19427
KIRLOSENG,2019-04-11,172.55,173.0,170.95,171.05,27962
KIRLOSENG,2019-04-12,172.95,172.95,169.65,170.1,17798
KIRLOSENG,2019-04-15,171.8,172.4,170.5,171.5,22398
KIRLOSENG,2019-04-16,173.0,173.55,170.5,170.95,19101
KIRLOSENG,2019-04-18,173.5,173.5,169.1,170.15,10291
KIRLOSENG,2019-04-22,171.85,171.85,167.05,169.0,33421
KIRLOSENG,2019-04-23,167.1,170.35,166.6,167.5,10986
KIRLOSENG,2019-04-24,167.5,168.0,166.0,166.75,23286
KIRLOSENG,2019-04-25,166.0,167.55,165.15,165.75,14305
KIRLOSENG,2019-04-26,166.0,167.2,165.1,165.9,21685
KIRLOSENG,2019-04-30,167.9,167.9,162.0,163.2,17385
KIRLOSENG,2019-05-02,162.65,165.95,161.1,164.6,6063
KIRLOSENG,2019-05-03,166.15,169.9,163.25,166.8,12191
KIRLOSENG,2019-05-06,167.6,167.6,162.8,164.95,4436
KIRLOSENG,2019-05-07,163.3,165.0,161.55,162.4,14274
KIRLOSENG,2019-05-08,162.4,163.25,158.3,158.9,10933
KIRLOSENG,2019-05-09,157.1,161.0,157.1,160.25,4609
KIRLOSENG,2019-05-10,161.05,163.2,159.35,161.3,5292
KIRLOSENG,2019-05-13,160.0,163.15,156.1,157.0,7020
KIRLOSENG,2019-05-14,157.05,161.0,154.6,157.4,8510
KIRLOSENG,2019-05-15,157.5,161.1,156.0,157.35,10193
KIRLOSENG,2019-05-16,159.7,159.7,155.0,155.7,9322
KIRLOSENG,2019-05-17,158.0,161.0,157.2,158.4,7194
KIRLOSENG,2019-05-20,177.9,183.95,168.5,173.2,190936
KIRLOSENG,2019-05-21,176.9,176.9,168.05,169.9,44755
KIRLOSENG,2019-05-22,168.5,172.0,166.65,170.25,38921
KIRLOSENG,2019-05-23,175.0,175.05,166.25,169.05,52366
KIRLOSENG,2019-05-24,168.8,175.5,167.0,174.55,183124
KIRLOSENG,2019-05-27,175.0,184.45,174.5,179.95,370632
KIRLOSENG,2019-05-28,182.6,204.9,182.6,199.15,330997
KIRLOSENG,2019-05-29,201.0,204.0,194.2,198.45,43186
KIRLOSENG,2019-05-30,200.0,200.0,191.05,193.5,21242
KIRLOSENG,2019-05-31,195.0,198.5,191.2,196.0,23363
KIRLOSENG,2019-06-03,196.05,198.85,189.0,191.95,12994
KIRLOSENG,2019-06-04,192.0,196.0,190.1,193.55,28818
KIRLOSENG,2019-06-06,195.8,195.8,188.5,190.5,66922
KIRLOSENG,2019-06-07,189.95,198.0,189.15,191.6,3220090
KIRLOSENG,2019-06-10,194.0,194.5,185.15,190.05,34620
KIRLOSENG,2019-06-11,188.0,196.8,188.0,194.55,29716
KIRLOSENG,2019-06-12,197.5,197.5,191.1,193.3,13093
KIRLOSENG,2019-06-13,193.45,195.1,190.4,192.85,23521
KIRLOSENG,2019-06-14,192.0,194.35,186.7,189.95,24783
KIRLOSENG,2019-06-17,190.0,191.9,188.3,190.1,18924
KIRLOSENG,2019-06-18,188.55,192.1,188.55,190.1,11862
KIRLOSENG,2019-06-19,190.3,193.8,186.0,186.7,21296
KIRLOSENG,2019-06-20,188.1,192.55,187.2,190.7,29998
KIRLOSENG,2019-06-21,190.75,197.0,189.15,194.55,30616
KIRLOSENG,2019-06-24,197.5,197.5,188.7,190.0,14015
KIRLOSENG,2019-06-25,187.6,192.8,187.6,190.1,7173
KIRLOSENG,2019-06-26,190.65,192.6,188.95,190.1,7058
KIRLOSENG,2019-06-27,191.25,191.7,189.95,190.15,7135
KIRLOSENG,2019-06-28,192.5,193.0,186.9,187.55,14757
KIRLOSENG,2019-07-01,187.35,194.8,186.1,187.75,70720
KIRLOSENG,2019-07-02,188.0,195.2,188.0,192.95,13394
KIRLOSENG,2019-07-03,193.65,195.5,191.8,193.2,40610
KIRLOSENG,2019-07-04,194.05,196.9,192.1,196.25,67853
KIRLOSENG,2019-07-05,195.95,199.8,187.55,190.55,24237
KIRLOSENG,2019-07-08,189.65,190.0,183.5,184.4,8033
KIRLOSENG,2019-07-09,184.5,185.3,182.0,183.9,12829
KIRLOSENG,2019-07-10,183.9,187.0,181.8,183.95,11493
KIRLOSENG,2019-07-11,183.75,185.15,178.25,179.25,15904
KIRLOSENG,2019-07-12,180.15,186.0,179.0,185.05,13329
KIRLOSENG,2019-07-15,184.55,191.8,182.1,190.55,13732
KIRLOSENG,2019-07-16,189.05,191.4,189.0,189.35,6503
KIRLOSENG,2019-07-17,190.95,194.0,189.4,193.35,10462
KIRLOSENG,2019-07-18,192.95,192.95,187.5,190.05,8989
KIRLOSENG,2019-07-19,188.25,191.9,181.0,181.75,13129
KIRLOSENG,2019-07-22,187.95,187.95,176.8,178.7,6892
KIRLOSENG,2019-07-23,178.7,181.1,176.15,177.25,12740
KIRLOSENG,2019-07-24,177.35,178.2,172.35,174.7,11242
KIRLOSENG,2019-07-25,174.7,185.0,174.0,182.75,10661
KIRLOSENG,2019-07-26,184.75,184.75,179.25,180.75,4511
KIRLOSENG,2019-07-29,191.0,191.0,177.3,180.05,5577
KIRLOSENG,2019-07-30,176.5,181.0,173.0,173.8,5628
KIRLOSENG,2019-07-31,174.1,174.1,165.35,169.25,16131
KIRLOSENG,2019-08-01,170.0,170.0,161.35,162.7,12132
KIRLOSENG,2019-08-02,163.05,163.05,155.55,157.45,20131
KIRLOSENG,2019-08-05,152.55,162.95,152.55,159.65,7696
KIRLOSENG,2019-08-06,159.0,165.0,152.8,161.05,37731
KIRLOSENG,2019-08-07,160.6,177.0,160.6,172.0,20268
KIRLOSENG,2019-08-08,172.15,173.9,165.35,172.35,10419
KIRLOSENG,2019-08-09,174.0,178.0,169.0,170.65,278898
KIRLOSENG,2019-08-13,168.0,172.0,163.1,169.1,20304
KIRLOSENG,2019-08-14,169.3,172.2,167.55,170.7,14551
KIRLOSENG,2019-08-16,167.15,171.0,167.15,168.75,4335
KIRLOSENG,2019-08-19,168.3,171.8,168.3,171.2,2620
KIRLOSENG,2019-08-20,170.6,172.45,168.3,171.35,7707
KIRLOSENG,2019-08-21,166.65,172.0,166.65,170.0,15227
KIRLOSENG,2019-08-22,169.05,169.9,162.55,166.45,10115
KIRLOSENG,2019-08-23,165.1,171.3,160.35,169.8,14492
KIRLOSENG,2019-08-26,170.45,172.0,166.15,167.5,9380
KIRLOSENG,2019-08-27,168.3,170.0,164.7,165.65,9455
KIRLOSENG,2019-08-28,169.0,170.8,165.6,169.85,9500
KIRLOSENG,2019-08-29,169.65,169.65,162.0,163.1,8669
KIRLOSENG,2019-08-30,165.75,169.0,161.5,167.35,9076
KIRLOSENG,2019-09-03,165.9,168.45,164.0,164.35,4359
KIRLOSENG,2019-09-04,167.8,167.8,163.0,163.3,3652
KIRLOSENG,2019-09-05,163.1,167.95,163.0,164.45,7363
KIRLOSENG,2019-09-06,164.5,168.95,163.4,166.0,13778
KIRLOSENG,2019-09-09,165.95,168.95,163.6,166.8,4107
KIRLOSENG,2019-09-11,165.3,184.2,165.15,180.9,53641
KIRLOSENG,2019-09-12,183.7,188.0,181.35,186.25,38547
KIRLOSENG,2019-09-13,188.9,190.3,184.0,185.75,17348
KIRLOSENG,2019-09-16,185.75,186.5,181.0,184.05,7731
KIRLOSENG,2019-09-17,184.1,187.45,182.15,185.9,22928
KIRLOSENG,2019-09-18,184.0,186.95,182.5,186.35,18041
KIRLOSENG,2019-09-19,185.0,187.85,182.0,186.45,36238
KIRLOSENG,2019-09-20,185.0,199.7,183.0,187.7,35057
KIRLOSENG,2019-09-23,190.85,197.0,187.05,193.5,17758
KIRLOSENG,2019-09-24,192.55,194.0,187.25,191.65,13585
KIRLOSENG,2019-09-25,194.0,195.0,185.5,187.65,17543
KIRLOSENG,2019-09-26,188.3,191.5,186.0,187.85,4783
KIRLOSENG,2019-09-27,186.05,192.0,185.1,186.4,9168
KIRLOSENG,2019-09-30,186.0,191.5,183.0,185.85,16502
KIRLOSENG,2019-10-01,186.05,188.2,175.3,183.5,18002
KIRLOSENG,2019-10-03,181.05,183.0,173.6,178.35,13883
KIRLOSENG,2019-10-04,182.4,182.7,168.05,172.4,13723
KIRLOSENG,2019-10-07,171.0,175.4,167.15,171.2,13728
KIRLOSENG,2019-10-09,171.0,175.8,170.0,174.0,10515
KIRLOSENG,2019-10-10,173.0,175.0,170.95,171.95,6131
KIRLOSENG,2019-10-11,172.15,174.4,171.0,172.15,6251
KIRLOSENG,2019-10-14,173.15,174.25,170.55,171.45,6417
KIRLOSENG,2019-10-15,171.0,172.65,168.4,172.05,7984
KIRLOSENG,2019-10-16,172.05,173.75,168.5,171.0,7830
KIRLOSENG,2019-10-17,170.05,177.4,170.0,175.4,4158
KIRLOSENG,2019-10-18,176.55,181.8,173.55,177.7,9914
KIRLOSENG,2019-10-22,177.6,183.9,174.4,180.05,7549
KIRLOSENG,2019-10-23,182.4,186.95,179.3,185.65,29232
KIRLOSENG,2019-10-24,185.5,188.75,169.7,173.8,46442
KIRLOSENG,2019-10-25,173.8,175.6,165.15,168.6,23582
KIRLOSENG,2019-10-27,169.8,174.5,166.65,168.8,2582
KIRLOSENG,2019-10-29,167.75,172.0,166.8,169.7,17125
KIRLOSENG,2019-10-30,168.0,170.35,167.0,168.75,13800
KIRLOSENG,2019-10-31,168.8,173.5,167.8,169.8,17549
KIRLOSENG,2019-11-01,173.0,174.0,168.0,172.35,11868
KIRLOSENG,2019-11-04,179.7,179.7,170.0,172.2,15977
KIRLOSENG,2019-11-05,170.25,173.0,167.5,168.2,14886
KIRLOSENG,2019-11-06,167.05,169.85,166.15,167.15,17323
KIRLOSENG,2019-11-07,166.05,169.0,163.55,166.5,13444
KIRLOSENG,2019-11-08,166.0,171.55,162.8,169.4,16227
KIRLOSENG,2019-11-11,168.2,174.8,166.15,172.2,11170
KIRLOSENG,2019-11-13,171.0,174.45,168.05,170.85,11339
KIRLOSENG,2019-11-14,172.75,172.75,165.5,166.05,18237
KIRLOSENG,2019-11-15,167.85,168.7,165.0,165.1,14961
KIRLOSENG,2019-11-18,165.0,166.0,161.0,163.25,10279
KIRLOSENG,2019-11-19,163.0,164.1,160.6,162.2,12638
KIRLOSENG,2019-11-20,164.0,166.0,160.3,162.0,28119
KIRLOSENG,2019-11-21,162.05,164.5,161.0,161.95,14049
KIRLOSENG,2019-11-22,161.6,162.2,156.35,159.85,19841
KIRLOSENG,2019-11-25,160.1,163.0,158.0,161.85,19536
KIRLOSENG,2019-11-26,162.0,162.7,157.5,158.05,9451
KIRLOSENG,2019-11-27,158.0,159.95,157.0,157.8,5771
KIRLOSENG,2019-11-28,157.3,158.6,156.5,157.65,14108
KIRLOSENG,2019-11-29,158.15,159.8,157.0,158.4,7280
KIRLOSENG,2019-12-02,158.4,160.9,154.8,158.85,7967
KIRLOSENG,2019-12-03,158.85,158.95,153.1,154.1,9578
KIRLOSENG,2019-12-04,154.05,159.0,153.65,156.25,8385
KIRLOSENG,2019-12-05,157.0,159.9,153.25,158.0,9305
KIRLOSENG,2019-12-06,157.0,161.0,152.1,152.75,12152
KIRLOSENG,2019-12-09,152.8,154.85,149.3,150.4,7763
KIRLOSENG,2019-12-10,150.4,150.4,142.95,144.4,27678
KIRLOSENG,2019-12-11,144.4,150.0,144.05,145.95,6885
KIRLOSENG,2019-12-12,150.8,150.8,145.85,148.6,6453
KIRLOSENG,2019-12-13,147.75,154.9,147.25,152.1,8743
KIRLOSENG,2019-12-16,155.5,157.4,149.15,150.15,21778
KIRLOSENG,2019-12-17,150.7,152.5,143.95,145.35,79263
KIRLOSENG,2019-12-18,154.8,154.8,145.4,149.65,13567
KIRLOSENG,2019-12-19,149.05,151.25,143.75,144.3,42961
KIRLOSENG,2019-12-20,144.3,164.2,143.0,155.9,442938
KIRLOSENG,2019-12-23,156.0,156.9,150.05,151.05,49595
KIRLOSENG,2019-12-24,151.65,151.65,145.2,146.95,37058
KIRLOSENG,2019-12-26,147.85,156.5,146.3,148.0,68877
KIRLOSENG,2019-12-27,147.85,152.5,144.4,146.5,93159
KIRLOSENG,2019-12-30,148.15,150.8,142.95,146.05,74857
KIRLOSENG,2019-12-31,147.5,147.95,143.85,144.9,37301
KIRLOSENG,2020-01-01,145.75,149.4,144.25,148.85,35418
KIRLOSENG,2020-01-02,150.6,155.7,146.1,152.3,112779
KIRLOSENG,2020-01-03,154.3,155.0,147.65,148.4,60917
KIRLOSENG,2020-01-06,147.0,147.45,143.75,145.55,30961
KIRLOSENG,2020-01-07,146.0,149.0,145.1,145.65,21099
KIRLOSENG,2020-01-08,144.0,151.4,143.05,147.2,16821
KIRLOSENG,2020-01-09,150.0,151.5,147.9,148.8,49386
KIRLOSENG,2020-01-10,150.2,154.55,149.0,149.95,78928
KIRLOSENG,2020-01-13,149.95,153.85,149.95,152.8,34048
KIRLOSENG,2020-01-14,153.15,156.0,153.15,155.65,48394
KIRLOSENG,2020-01-15,156.0,158.75,145.05,148.9,244934
KIRLOSENG,2020-01-16,148.95,151.75,148.55,149.45,54487
KIRLOSENG,2020-01-17,151.0,154.25,149.8,152.4,48636
KIRLOSENG,2020-01-20,153.4,154.0,149.2,150.25,43951
KIRLOSENG,2020-01-21,153.2,153.2,148.05,148.6,23074
KIRLOSENG,2020-01-22,152.35,152.35,146.65,150.5,27122
KIRLOSENG,2020-01-23,151.0,151.0,147.0,148.65,32670
KIRLOSENG,2020-01-24,150.7,155.5,150.6,152.8,78055
KIRLOSENG,2020-01-27,152.5,157.8,152.0,155.45,51485
KIRLOSENG,2020-01-28,157.0,157.0,151.5,152.4,26894
KIRLOSENG,2020-01-29,152.5,156.35,150.65,151.55,40589
KIRLOSENG,2020-01-30,151.55,152.0,146.8,147.55,19955
KIRLOSENG,2020-01-31,147.45,151.05,144.0,146.75,40495
KIRLOSENG,2020-02-03,144.95,146.4,141.5,143.0,42548
KIRLOSENG,2020-02-04,144.4,145.55,143.0,143.5,20593
KIRLOSENG,2020-02-05,143.5,145.2,140.6,142.1,28061
KIRLOSENG,2020-02-06,141.65,144.8,139.05,141.8,60024
KIRLOSENG,2020-02-07,143.2,144.35,140.55,141.9,33497
KIRLOSENG,2020-02-10,145.0,145.0,140.1,141.65,31407
KIRLOSENG,2020-02-11,143.35,144.0,138.75,140.7,31676
KIRLOSENG,2020-02-12,140.0,142.1,138.0,139.0,22363
KIRLOSENG,2020-02-13,139.0,140.45,137.5,138.4,13961
KIRLOSENG,2020-02-14,138.65,140.05,135.2,136.75,49467
KIRLOSENG,2020-02-17,136.75,141.0,135.0,136.6,28306
KIRLOSENG,2020-02-18,137.0,138.95,135.55,137.3,23769
KIRLOSENG,2020-02-19,137.9,143.5,136.45,139.1,198989
KIRLOSENG,2020-02-20,139.0,142.7,138.5,139.15,26905
KIRLOSENG,2020-02-24,138.0,138.5,132.05,133.75,27860
KIRLOSENG,2020-02-25,133.0,137.0,131.8,134.9,16712
KIRLOSENG,2020-02-26,134.9,135.0,131.85,132.85,8932
KIRLOSENG,2020-02-27,133.65,133.95,129.5,133.4,35114
KIRLOSENG,2020-02-28,130.0,130.75,125.25,126.45,21824
KIRLOSENG,2020-03-02,127.05,131.45,121.0,124.75,17758
KIRLOSENG,2020-03-03,124.0,129.0,124.0,126.15,17717
KIRLOSENG,2020-03-04,128.35,128.35,122.0,122.95,15408
KIRLOSENG,2020-03-05,123.4,126.0,123.0,125.4,11398
KIRLOSENG,2020-03-06,123.0,125.0,115.05,123.1,33141
KIRLOSENG,2020-03-09,117.1,122.8,112.1,116.45,32643
KIRLOSENG,2020-03-11,116.45,117.0,111.45,115.15,24747
KIRLOSENG,2020-03-12,111.0,111.95,102.7,106.65,76221
KIRLOSENG,2020-03-13,95.25,122.6,88.15,109.55,40411
KIRLOSENG,2020-03-16,110.1,110.1,96.25,101.65,25683
KIRLOSENG,2020-03-17,102.1,105.8,98.1,99.25,24098
KIRLOSENG,2020-03-18,99.0,101.9,93.0,95.7,22580
KIRLOSENG,2020-03-19,95.7,95.7,87.0,92.1,25008
KIRLOSENG,2020-03-20,95.85,96.45,89.85,92.7,14255
KIRLOSENG,2020-03-23,91.9,95.0,77.0,82.45,12299
KIRLOSENG,2020-03-24,86.6,86.6,76.05,80.4,20314
KIRLOSENG,2020-03-25,87.7,87.7,77.05,81.3,36509
KIRLOSENG,2020-03-26,84.6,95.5,81.75,84.0,25958
KIRLOSENG,2020-03-27,86.8,91.8,84.5,85.6,28763
KIRLOSENG,2020-03-30,87.1,87.1,79.95,83.05,24403
KIRLOSENG,2020-03-31,85.35,91.7,84.6,86.9,19117
KIRLOSENG,2020-04-01,89.0,91.9,85.3,91.15,17057
KIRLOSENG,2020-04-03,93.9,93.9,86.2,86.85,20148
KIRLOSENG,2020-04-07,89.0,91.4,88.1,90.2,32197
KIRLOSENG,2020-04-08,90.8,94.5,90.0,90.15,17111
KIRLOSENG,2020-04-09,94.9,98.0,85.3,95.1,26514
KIRLOSENG,2020-04-13,108.0,108.0,96.0,99.3,38268
KIRLOSENG,2020-04-15,102.8,103.75,96.0,98.75,30665
KIRLOSENG,2020-04-16,102.0,102.0,99.05,101.55,15693
KIRLOSENG,2020-04-17,104.0,113.6,102.5,108.6,21178
KIRLOSENG,2020-04-20,108.9,124.7,108.85,112.9,42798
KIRLOSENG,2020-04-21,106.55,109.85,102.95,107.75,27553
KIRLOSENG,2020-04-22,102.1,115.0,102.1,110.55,19791
KIRLOSENG,2020-04-23,114.0,119.7,111.1,113.65,38557
KIRLOSENG,2020-04-24,113.7,113.8,110.0,110.1,10345
KIRLOSENG,2020-04-27,113.9,118.0,111.6,114.9,20005
KIRLOSENG,2020-04-28,119.1,120.0,112.55,113.7,18106
KIRLOSENG,2020-04-29,116.25,116.25,111.0,112.45,9042
KIRLOSENG,2020-04-30,116.6,116.6,112.1,113.45,17402
KIRLOSENG,2020-05-04,110.0,111.0,109.0,110.0,17224
KIRLOSENG,2020-05-05,110.1,118.65,108.25,109.65,12594
KIRLOSENG,2020-05-06,109.9,112.9,108.9,110.8,11631
KIRLOSENG,2020-05-07,110.05,113.0,108.0,109.95,7507
KIRLOSENG,2020-05-08,112.95,114.0,106.95,109.8,23315
KIRLOSENG,2020-05-11,113.8,113.8,106.55,108.4,7775
KIRLOSENG,2020-05-12,112.85,112.85,105.0,106.15,8089
KIRLOSENG,2020-05-13,110.9,110.9,106.1,108.75,16132
KIRLOSENG,2020-05-14,108.05,114.0,107.0,111.75,12404
KIRLOSENG,2020-05-15,112.9,113.1,108.05,108.8,24573
KIRLOSENG,2020-05-18,111.95,111.95,102.3,104.65,11107
KIRLOSENG,2020-05-19,105.75,106.95,105.3,105.9,6614
KIRLOSENG,2020-05-20,105.1,107.5,104.1,105.6,18321
KIRLOSENG,2020-05-21,107.95,107.95,103.5,104.85,5310
KIRLOSENG,2020-05-22,106.15,106.15,102.0,103.2,8748
KIRLOSENG,2020-05-26,104.35,106.95,100.35,101.4,7893
KIRLOSENG,2020-05-27,101.9,103.7,96.55,100.55,20430
KIRLOSENG,2020-05-28,101.85,105.0,99.0,102.95,10544
KIRLOSENG,2020-05-29,102.95,106.45,99.55,102.4,39799
KIRLOSENG,2020-06-01,104.95,109.45,104.5,106.95,38052
KIRLOSENG,2020-06-02,108.95,112.5,106.1,106.95,34765
KIRLOSENG,2020-06-03,107.05,110.0,106.5,107.6,34801
KIRLOSENG,2020-06-04,109.4,109.4,101.95,103.5,39401
KIRLOSENG,2020-06-05,104.5,112.5,104.5,107.85,93610
KIRLOSENG,2020-06-08,112.0,114.8,106.35,109.35,58586
KIRLOSENG,2020-06-09,111.95,113.0,106.1,106.7,101797
KIRLOSENG,2020-06-10,106.95,108.9,102.15,104.9,48513
KIRLOSENG,2020-06-11,105.5,108.0,101.0,101.5,103544
KIRLOSENG,2020-06-12,96.6,103.05,96.5,101.9,43040
KIRLOSENG,2020-06-15,103.9,104.8,100.8,101.95,37050
KIRLOSENG,2020-06-16,103.7,104.05,98.8,100.1,48739
KIRLOSENG,2020-06-17,100.8,103.0,98.5,99.25,36539
KIRLOSENG,2020-06-18,100.05,104.25,99.6,103.0,80520
KIRLOSENG,2020-06-19,104.9,109.0,102.5,103.25,103992
KIRLOSENG,2020-06-22,105.9,108.65,102.15,105.7,142012
KIRLOSENG,2020-06-23,107.9,118.7,105.1,114.6,373594
KIRLOSENG,2020-06-24,117.4,119.5,107.8,109.9,149864
KIRLOSENG,2020-06-25,109.9,112.5,106.65,109.4,44274
KIRLOSENG,2020-06-26,111.6,113.1,110.0,110.6,59583
KIRLOSENG,2020-06-29,109.8,110.0,106.0,108.85,29604
KIRLOSENG,2020-06-30,109.45,111.0,105.35,106.65,42087
KIRLOSENG,2020-07-01,107.05,108.85,106.5,107.4,23580
KIRLOSENG,2020-07-02,108.95,114.3,107.5,111.4,110105
KIRLOSENG,2020-07-03,112.95,114.75,111.35,111.85,28385
KIRLOSENG,2020-07-06,111.85,114.0,111.5,112.55,46156
KIRLOSENG,2020-07-07,112.95,113.9,110.55,112.4,29771
KIRLOSENG,2020-07-08,112.4,114.6,110.5,111.55,46383
KIRLOSENG,2020-07-09,112.25,113.1,110.5,110.95,13572
KIRLOSENG,2020-07-10,112.75,112.75,110.5,110.6,13314
KIRLOSENG,2020-07-13,110.0,111.95,110.0,110.55,17268
KIRLOSENG,2020-07-14,110.0,110.8,106.55,107.3,94809
KIRLOSENG,2020-07-15,106.6,110.6,105.1,106.0,24697
KIRLOSENG,2020-07-16,108.05,108.75,102.1,103.9,45597
KIRLOSENG,2020-07-17,104.0,108.0,104.0,106.15,21967
KIRLOSENG,2020-07-20,108.0,108.0,103.0,105.65,21918
KIRLOSENG,2020-07-21,106.75,107.5,105.7,106.45,23435
KIRLOSENG,2020-07-22,106.5,106.55,104.05,105.7,12741
KIRLOSENG,2020-07-23,107.0,118.75,106.9,110.15,1016825
KIRLOSENG,2020-07-24,108.85,114.9,107.5,112.05,243236
KIRLOSENG,2020-07-27,113.0,113.0,108.0,108.65,57814
KIRLOSENG,2020-07-28,108.5,110.5,106.35,107.2,51320
KIRLOSENG,2020-07-29,107.2,112.6,107.0,110.4,113265
KIRLOSENG,2020-07-30,112.5,112.5,107.1,107.75,83867
KIRLOSENG,2020-07-31,106.55,109.15,105.0,105.45,64966
KIRLOSENG,2020-08-03,105.6,107.8,105.5,107.25,44272
KIRLOSENG,2020-08-04,107.95,108.8,106.65,107.9,28797
KIRLOSENG,2020-08-05,108.85,109.2,107.0,107.45,25057
KIRLOSENG,2020-08-06,106.4,109.0,105.2,105.6,71416
KIRLOSENG,2020-08-07,105.75,108.75,105.6,105.95,86202
KIRLOSENG,2020-08-10,106.1,108.3,105.45,107.1,52284
KIRLOSENG,2020-08-11,108.25,108.9,107.5,108.0,42945
KIRLOSENG,2020-08-12,108.0,111.1,105.95,108.8,87881
KIRLOSENG,2020-08-13,110.9,110.9,107.1,107.95,65002
KIRLOSENG,2020-08-14,108.05,109.2,106.05,106.45,89008
KIRLOSENG,2020-08-17,107.85,107.9,105.45,105.95,53003
KIRLOSENG,2020-08-18,105.35,108.3,104.5,105.95,44138
KIRLOSENG,2020-08-19,107.5,108.5,106.0,107.6,69644
KIRLOSENG,2020-08-20,107.35,110.3,106.6,107.0,195083
KIRLOSENG,2020-08-21,108.3,111.25,107.5,110.05,315660
KIRLOSENG,2020-08-24,112.0,114.7,112.0,112.8,243878
KIRLOSENG,2020-08-25,113.8,122.5,113.0,117.95,2060479
KIRLOSENG,2020-08-26,119.9,123.8,115.55,116.25,633369
KIRLOSENG,2020-08-27,117.45,122.6,117.0,122.0,1021150
KIRLOSENG,2020-08-28,124.1,134.9,123.65,126.45,2081365
KIRLOSENG,2020-08-31,128.1,129.5,122.6,123.05,453878
KIRLOSENG,2020-09-01,123.05,126.75,121.05,124.95,332712
KIRLOSENG,2020-09-02,125.45,127.1,123.0,123.65,99102
KIRLOSENG,2020-09-03,125.25,126.4,123.0,123.85,89013
KIRLOSENG,2020-09-04,122.0,123.55,121.05,121.7,68103
KIRLOSENG,2020-09-07,126.45,127.0,120.3,121.1,93530
KIRLOSENG,2020-09-08,121.1,123.0,113.35,116.5,84789
KIRLOSENG,2020-09-09,117.0,118.7,115.0,115.7,56118
KIRLOSENG,2020-09-10,117.0,120.8,116.5,117.45,65156
KIRLOSENG,2020-09-11,117.45,118.95,116.1,116.75,28946
KIRLOSENG,2020-09-14,117.0,120.0,116.0,116.8,62043
KIRLOSENG,2020-09-15,119.85,119.85,117.3,117.75,60357
KIRLOSENG,2020-09-16,118.9,118.9,115.6,116.5,42287
KIRLOSENG,2020-09-17,118.5,119.95,115.65,116.35,51871
KIRLOSENG,2020-09-18,117.45,117.45,115.0,115.3,33162
KIRLOSENG,2020-09-21,118.0,118.0,106.5,108.85,69672
KIRLOSENG,2020-09-22,108.85,112.0,104.25,106.25,60587
KIRLOSENG,2020-09-23,106.5,109.4,106.0,107.1,27306
KIRLOSENG,2020-09-24,107.0,107.0,105.3,105.65,24207
KIRLOSENG,2020-09-25,106.3,108.5,106.0,107.35,22500
KIRLOSENG,2020-09-28,110.9,110.9,108.45,109.45,17412
KIRLOSENG,2020-09-29,108.05,111.9,108.05,109.9,22457
KIRLOSENG,2020-09-30,112.95,112.95,107.55,107.75,18214
KIRLOSENG,2020-10-01,109.9,109.9,107.55,108.15,33899
KIRLOSENG,2020-10-05,108.65,109.5,104.0,106.6,40463
KIRLOSENG,2020-10-06,108.95,109.0,106.45,107.5,20767
KIRLOSENG,2020-10-07,108.1,109.4,107.0,107.3,15411
KIRLOSENG,2020-10-08,106.75,108.35,106.0,106.6,28088
KIRLOSENG,2020-10-09,108.4,108.4,105.5,106.4,27711
KIRLOSENG,2020-10-12,109.95,109.95,105.0,107.2,40557
KIRLOSENG,2020-10-13,108.7,108.7,106.1,106.45,16041
KIRLOSENG,2020-10-14,106.6,107.45,104.25,105.1,44877
KIRLOSENG,2020-10-15,107.1,107.1,103.05,103.95,20871
KIRLOSENG,2020-10-16,104.05,104.95,100.2,102.3,56124
KIRLOSENG,2020-10-19,104.0,106.4,103.0,104.95,29550
KIRLOSENG,2020-10-20,105.85,106.6,103.65,104.05,21991
KIRLOSENG,2020-10-21,105.2,108.35,104.2,106.3,37831
KIRLOSENG,2020-10-22,103.2,105.25,103.2,104.0,30972
KIRLOSENG,2020-10-23,104.5,106.0,98.75,100.7,165980
KIRLOSENG,2020-10-26,102.7,104.05,94.25,97.1,174332
KIRLOSENG,2020-10-27,99.0,99.6,97.5,97.9,58591
KIRLOSENG,2020-10-28,99.95,99.95,97.2,97.85,37399
KIRLOSENG,2020-10-29,99.0,102.0,97.05,99.8,53739
KIRLOSENG,2020-10-30,101.0,106.7,99.05,102.0,290718
KIRLOSENG,2020-11-02,105.1,105.55,102.0,102.25,62759
KIRLOSENG,2020-11-03,103.9,103.9,99.0,100.4,38272
KIRLOSENG,2020-11-04,98.2,101.55,98.2,99.9,27662
KIRLOSENG,2020-11-05,101.5,101.85,99.9,100.0,43733
KIRLOSENG,2020-11-06,102.0,106.25,99.55,99.95,111198
KIRLOSENG,2020-11-09,102.45,102.45,99.55,99.85,52956
KIRLOSENG,2020-11-10,100.5,100.5,99.6,99.9,65144
KIRLOSENG,2020-11-11,99.9,100.9,98.95,99.95,103105
KIRLOSENG,2020-11-12,100.0,103.5,99.3,100.0,308991
KIRLOSENG,2020-11-13,102.0,102.0,99.45,100.5,150237
KIRLOSENG,2020-11-14,103.5,103.5,101.0,101.85,31989
KIRLOSENG,2020-11-17,102.0,103.7,101.0,102.95,148458
KIRLOSENG,2020-11-18,102.95,109.6,102.0,106.9,259727
KIRLOSENG,2020-11-19,107.3,111.5,105.55,108.3,452969
KIRLOSENG,2020-11-20,109.9,111.5,109.0,109.9,126186
KIRLOSENG,2020-11-23,113.8,114.95,110.2,112.45,349247
KIRLOSENG,2020-11-24,114.9,115.75,112.5,113.05,308978
KIRLOSENG,2020-11-25,113.0,114.6,110.45,111.6,112170
KIRLOSENG,2020-11-26,112.2,112.2,109.2,110.05,99552
KIRLOSENG,2020-11-27,110.5,117.5,110.05,114.5,306376
KIRLOSENG,2020-12-01,117.3,127.9,114.45,125.6,1776385
KIRLOSENG,2020-12-02,123.6,124.95,120.1,121.0,351659
KIRLOSENG,2020-12-03,122.45,123.0,121.0,121.45,166852
KIRLOSENG,2020-12-04,121.0,124.0,120.15,121.2,191822
KIRLOSENG,2020-12-07,121.85,125.0,121.55,123.9,255419
KIRLOSENG,2020-12-08,123.95,126.0,120.55,122.1,163126
KIRLOSENG,2020-12-09,123.85,125.5,122.35,123.2,174310
KIRLOSENG,2020-12-10,123.8,124.1,120.0,121.35,117441
KIRLOSENG,2020-12-11,122.0,123.7,120.1,121.65,104393
KIRLOSENG,2020-12-14,122.0,123.05,121.0,121.85,105064
KIRLOSENG,2020-12-15,122.45,122.85,120.2,121.0,102477
KIRLOSENG,2020-12-16,121.65,125.25,121.0,121.8,291594
KIRLOSENG,2020-12-17,121.95,127.55,121.2,123.25,287019
KIRLOSENG,2020-12-18,123.1,124.05,121.0,122.2,162616
KIRLOSENG,2020-12-21,121.15,122.75,110.95,113.2,212501
KIRLOSENG,2020-12-22,113.2,116.0,107.8,111.8,154578
KIRLOSENG,2020-12-23,110.7,117.5,110.7,115.3,135177
KIRLOSENG,2020-12-24,115.85,117.3,112.85,114.8,97738
KIRLOSENG,2020-12-28,114.15,122.8,114.15,121.45,321676
KIRLOSENG,2020-12-29,123.4,129.5,121.45,128.45,2230717
KIRLOSENG,2020-12-30,129.0,129.0,124.5,126.65,204752
KIRLOSENG,2020-12-31,126.0,131.2,126.0,126.95,203095
KIRLOSENG,2021-01-01,127.8,129.0,126.0,126.8,96677
KIRLOSENG,2021-01-04,128.0,134.4,128.0,131.5,574163
KIRLOSENG,2021-01-05,131.05,131.85,128.35,130.0,176293
KIRLOSENG,2021-01-06,131.0,132.75,126.75,129.65,279087
KIRLOSENG,2021-01-07,131.0,133.6,127.9,132.2,296464
KIRLOSENG,2021-01-08,132.5,137.45,132.1,132.65,481105
KIRLOSENG,2021-01-11,134.2,135.8,129.0,130.1,215021
KIRLOSENG,2021-01-12,130.0,133.15,128.85,130.55,122884
KIRLOSENG,2021-01-13,131.25,133.0,127.45,128.6,213650
KIRLOSENG,2021-01-14,128.55,130.7,128.0,129.15,65520
KIRLOSENG,2021-01-15,129.5,129.65,123.0,123.95,181677
KIRLOSENG,2021-01-18,123.95,127.5,121.25,122.6,119444
KIRLOSENG,2021-01-19,123.6,125.7,123.6,124.45,79055
KIRLOSENG,2021-01-20,124.05,132.3,124.05,131.0,7073390
KIRLOSENG,2021-01-21,135.0,137.75,128.0,129.4,930252
KIRLOSENG,2021-01-22,131.4,136.35,127.45,130.5,870501
KIRLOSENG,2021-01-25,132.0,132.5,124.5,124.9,218862
KIRLOSENG,2021-01-27,125.9,126.4,122.5,123.75,202791
KIRLOSENG,2021-01-28,123.0,126.5,122.5,124.75,132812
KIRLOSENG,2021-01-29,127.1,127.95,123.0,123.7,92016
KIRLOSENG,2021-02-01,123.0,128.0,122.65,126.95,108431
KIRLOSENG,2021-02-02,127.6,129.5,124.9,126.05,143511
KIRLOSENG,2021-02-03,126.1,131.65,126.1,130.55,207162
KIRLOSENG,2021-02-04,131.8,138.9,129.7,137.65,710989
KIRLOSENG,2021-02-05,138.05,147.3,136.6,142.25,1258729
KIRLOSENG,2021-02-08,145.0,150.95,143.0,145.7,632353
KIRLOSENG,2021-02-09,145.0,146.45,139.0,139.65,235272
KIRLOSENG,2021-02-10,140.35,142.5,136.55,138.3,165891
KIRLOSENG,2021-02-11,136.5,143.6,136.5,141.9,135649
KIRLOSENG,2021-02-12,142.0,152.2,142.0,147.85,537618
KIRLOSENG,2021-02-15,157.7,166.85,153.0,161.4,1372882
KIRLOSENG,2021-02-16,163.45,173.9,160.05,168.6,1015973
KIRLOSENG,2021-02-17,169.8,169.85,162.55,163.35,302769
KIRLOSENG,2021-02-18,164.4,173.0,164.1,165.5,477983
KIRLOSENG,2021-02-19,166.0,166.6,158.1,160.1,224092
KIRLOSENG,2021-02-22,160.1,161.85,151.3,155.15,260971
KIRLOSENG,2021-02-23,155.15,163.1,155.15,161.1,211538
KIRLOSENG,2021-02-24,161.85,163.0,157.9,158.4,77418
KIRLOSENG,2021-02-25,159.05,166.5,157.3,164.65,183925
KIRLOSENG,2021-02-26,160.5,164.5,157.75,160.85,148786
KIRLOSENG,2021-03-01,161.9,164.75,159.15,160.0,112701
KIRLOSENG,2021-03-02,160.8,163.8,159.65,162.3,139254
KIRLOSENG,2021-03-03,163.45,175.9,163.45,173.4,626626
KIRLOSENG,2021-03-04,171.95,177.5,170.0,171.9,386677
KIRLOSENG,2021-03-05,172.75,175.8,165.25,168.25,234736
KIRLOSENG,2021-03-08,169.1,171.0,162.15,163.75,266483
KIRLOSENG,2021-03-09,164.9,166.75,160.15,161.2,175742
KIRLOSENG,2021-03-10,163.5,164.8,156.0,158.7,243211
KIRLOSENG,2021-03-12,162.2,163.05,158.6,159.7,173651
KIRLOSENG,2021-03-15,162.0,163.8,159.0,162.1,239762
KIRLOSENG,2021-03-16,162.95,177.5,162.95,175.85,810147
KIRLOSENG,2021-03-17,177.0,182.75,170.5,172.45,522600
KIRLOSENG,2021-03-18,175.4,176.85,163.0,164.3,300941
KIRLOSENG,2021-03-19,163.9,173.25,159.8,170.15,281008
KIRLOSENG,2021-03-22,170.0,175.5,168.3,173.5,214371
KIRLOSENG,2021-03-23,179.9,184.4,176.6,177.95,413337
KIRLOSENG,2021-03-24,177.9,179.05,172.05,174.05,129243
KIRLOSENG,2021-03-25,174.95,174.95,168.0,169.15,145080
KIRLOSENG,2021-03-26,170.15,172.65,166.25,167.3,94990
KIRLOSENG,2021-03-30,168.15,172.0,165.6,167.7,127929
KIRLOSENG,2021-03-31,168.8,169.65,162.85,163.6,84751
KIRLOSENG,2021-04-01,164.5,175.0,164.5,170.1,149314
KIRLOSENG,2021-04-05,173.0,173.75,159.55,161.2,236638
KIRLOSENG,2021-04-06,163.0,176.9,161.3,174.65,568236
KIRLOSENG,2021-04-07,174.65,176.0,173.0,173.2,175102
KIRLOSENG,2021-04-08,172.0,177.0,172.0,173.05,147899
KIRLOSENG,2021-04-09,174.0,175.7,169.45,171.2,124124
KIRLOSENG,2021-04-12,169.6,169.6,156.45,157.4,152733
KIRLOSENG,2021-04-13,159.0,165.35,158.2,159.4,103743
KIRLOSENG,2021-04-15,159.0,160.1,155.6,158.15,72282
KIRLOSENG,2021-04-16,163.95,164.3,160.95,162.45,215222
KIRLOSENG,2021-04-19,162.0,162.0,155.8,158.3,101398
KIRLOSENG,2021-04-20,161.9,167.5,159.25,165.05,129974
KIRLOSENG,2021-04-22,165.9,167.5,161.6,163.0,93804
KIRLOSENG,2021-04-23,164.0,169.0,163.0,165.95,114309
KIRLOSENG,2021-04-26,168.0,168.8,163.4,164.75,65222
KIRLOSENG,2021-04-27,168.95,173.6,165.1,172.4,235353
KIRLOSENG,2021-04-28,170.0,174.6,170.0,172.85,138375
KIRLOSENG,2021-04-29,175.0,176.0,170.6,174.95,170141
KIRLOSENG,2021-04-30,175.0,181.85,173.0,175.25,299219
KIRLOSENG,2021-05-03,174.0,188.75,171.0,185.35,468559
KIRLOSENG,2021-05-04,189.9,197.0,184.0,185.55,572432
KIRLOSENG,2021-05-05,187.0,189.75,180.45,184.5,184565
KIRLOSENG,2021-05-06,184.5,190.25,180.35,187.2,145299
KIRLOSENG,2021-05-07,186.0,193.0,182.35,188.0,288221
KIRLOSENG,2021-05-10,191.2,204.0,188.3,201.95,411184
KIRLOSENG,2021-05-11,199.75,210.7,197.35,203.35,355205
KIRLOSENG,2021-05-12,203.45,210.4,200.8,202.5,287282
KIRLOSENG,2021-05-14,209.0,220.0,202.75,210.0,977289
KIRLOSENG,2021-05-17,212.75,218.85,208.5,210.0,346803
KIRLOSENG,2021-05-18,213.0,215.8,209.05,209.85,282182
KIRLOSENG,2021-05-19,210.95,213.7,207.45,209.45,147814
KIRLOSENG,2021-05-20,211.9,215.0,206.05,209.1,224697
KIRLOSENG,2021-05-21,210.8,214.5,207.15,207.9,178236
KIRLOSENG,2021-05-24,208.1,219.0,203.65,211.0,433264
KIRLOSENG,2021-05-25,211.05,214.45,209.0,212.0,347606
KIRLOSENG,2021-05-26,212.95,242.0,212.5,237.4,2422415
KIRLOSENG,2021-05-27,239.8,246.95,227.25,229.45,845501
KIRLOSENG,2021-05-28,230.2,233.75,221.85,223.0,664646
KIRLOSENG,2021-05-31,225.0,234.3,224.0,231.85,423422
KIRLOSENG,2021-06-01,233.7,234.05,223.6,225.95,235505
KIRLOSENG,2021-06-02,223.05,233.7,223.05,229.35,288632
KIRLOSENG,2021-06-03,231.1,232.45,223.85,228.75,324154
KIRLOSENG,2021-06-04,230.1,260.0,228.0,253.55,1653431
KIRLOSENG,2021-06-07,254.05,263.0,251.0,258.05,793050
KIRLOSENG,2021-06-08,259.8,259.9,250.1,252.9,317686
KIRLOSENG,2021-06-09,252.9,258.0,242.0,245.8,308857
KIRLOSENG,2021-06-10,245.05,253.5,245.05,248.1,131646
KIRLOSENG,2021-06-11,252.05,258.7,251.0,253.7,354949
KIRLOSENG,2021-06-14,254.0,254.45,243.25,249.25,171917
KIRLOSENG,2021-06-15,250.15,252.8,246.5,249.25,136498
KIRLOSENG,2021-06-16,250.2,251.0,239.8,241.55,248667
KIRLOSENG,2021-06-17,239.5,247.75,238.8,242.25,167068
KIRLOSENG,2021-06-18,242.45,243.15,226.15,235.35,204600
KIRLOSENG,2021-06-21,227.2,238.25,225.4,236.25,89419
KIRLOSENG,2021-06-22,237.1,245.0,237.1,241.75,117505
KIRLOSENG,2021-06-23,242.25,244.15,232.0,233.7,158964
KIRLOSENG,2021-06-24,234.55,238.5,229.1,230.1,99527
KIRLOSENG,2021-06-25,233.0,252.7,231.4,243.75,493451
KIRLOSENG,2021-06-28,244.65,244.65,236.1,238.4,133940
KIRLOSENG,2021-06-29,237.6,241.75,235.0,237.7,148679
KIRLOSENG,2021-06-30,239.7,243.3,237.1,238.0,128661
KIRLOSENG,2021-07-01,238.0,241.8,236.8,240.5,107453
KIRLOSENG,2021-07-02,241.05,244.8,238.1,242.35,159962
KIRLOSENG,2021-07-05,242.95,253.0,242.95,247.85,317759
KIRLOSENG,2021-07-06,248.0,258.2,248.0,249.75,302112
KIRLOSENG,2021-07-07,248.1,255.2,246.8,252.8,233520
KIRLOSENG,2021-07-08,254.5,257.2,245.1,247.4,142150
KIRLOSENG,2021-07-09,246.55,252.5,245.05,249.45,195445
KIRLOSENG,2021-07-12,251.8,254.9,244.55,246.55,339019
KIRLOSENG,2021-07-13,246.6,250.6,246.6,248.35,70634
KIRLOSENG,2021-07-14,247.05,255.95,247.05,254.65,163861
KIRLOSENG,2021-07-15,253.9,272.5,252.1,268.15,1323757
KIRLOSENG,2021-07-16,270.05,272.0,261.0,262.5,241668
KIRLOSENG,2021-07-19,262.8,274.7,260.3,266.7,326752
KIRLOSENG,2021-07-20,268.65,269.15,255.6,259.25,148250
KIRLOSENG,2021-07-22,260.55,264.45,254.0,255.9,115228
KIRLOSENG,2021-07-23,261.9,277.7,257.3,268.4,1000851
KIRLOSENG,2021-07-26,269.75,274.3,261.15,263.7,233257
KIRLOSENG,2021-07-27,266.4,268.85,254.05,256.85,190490
KIRLOSENG,2021-07-28,255.0,255.95,242.35,246.85,345388
KIRLOSENG,2021-07-29,246.9,252.9,240.2,241.65,256960
KIRLOSENG,2021-07-30,242.9,251.85,242.55,248.35,254687
KIRLOSENG,2021-08-02,251.8,253.85,248.7,250.6,143597
KIRLOSENG,2021-08-03,251.95,252.65,242.5,246.25,170009
KIRLOSENG,2021-08-04,248.5,250.7,242.3,243.35,117149
KIRLOSENG,2021-08-05,243.1,244.6,229.0,231.9,375267
KIRLOSENG,2021-08-06,231.9,237.75,231.9,232.9,102512
KIRLOSENG,2021-08-09,233.0,235.25,227.5,228.75,187633
KIRLOSENG,2021-08-10,229.0,233.3,220.3,223.1,210225
KIRLOSENG,2021-08-11,220.5,223.9,210.25,218.35,261969
KIRLOSENG,2021-08-12,216.0,236.9,216.0,234.95,320295
KIRLOSENG,2021-08-13,234.95,236.0,225.0,229.95,87524
KIRLOSENG,2021-08-16,233.95,236.0,219.65,223.15,225132
KIRLOSENG,2021-08-17,223.0,224.9,217.15,221.8,181458
KIRLOSENG,2021-08-18,223.8,225.4,215.1,216.5,105631
KIRLOSENG,2021-08-20,216.5,217.0,204.3,209.55,177371
KIRLOSENG,2021-08-23,211.0,219.0,206.0,210.4,145366
KIRLOSENG,2021-08-24,210.4,220.15,206.8,214.45,175610
KIRLOSENG,2021-08-25,217.0,226.1,207.15,208.15,444550
KIRLOSENG,2021-08-26,207.8,212.4,207.8,209.65,123218
KIRLOSENG,2021-08-27,209.0,211.45,206.25,207.85,88327
KIRLOSENG,2021-08-30,208.6,218.0,208.0,215.9,178728
KIRLOSENG,2021-08-31,216.7,219.05,214.1,218.05,106307
KIRLOSENG,2021-09-01,218.1,219.75,212.1,213.8,55287
KIRLOSENG,2021-09-02,213.0,215.6,209.35,212.05,267593
KIRLOSENG,2021-09-03,213.1,216.4,211.35,212.95,109278
KIRLOSENG,2021-09-06,214.9,217.45,210.4,211.65,148079
KIRLOSENG,2021-09-07,213.0,213.0,210.35,210.8,78709
KIRLOSENG,2021-09-08,210.8,211.95,208.25,210.55,98334
KIRLOSENG,2021-09-09,210.7,215.0,209.1,213.6,167013
KIRLOSENG,2021-09-13,213.0,214.45,208.8,209.6,68929
KIRLOSENG,2021-09-14,211.6,215.1,209.6,214.45,118730
KIRLOSENG,2021-09-15,215.45,216.9,211.0,211.65,124128
KIRLOSENG,2021-09-16,212.0,214.0,209.1,210.25,181330
KIRLOSENG,2021-09-17,211.35,214.25,208.45,213.05,162450
KIRLOSENG,2021-09-20,212.0,214.15,207.0,209.7,85904
KIRLOSENG,2021-09-21,210.0,210.6,204.95,209.4,80021
KIRLOSENG,2021-09-22,209.3,218.5,209.3,213.1,204468
KIRLOSENG,2021-09-23,217.05,217.6,210.9,212.0,186315
KIRLOSENG,2021-09-24,213.1,216.15,210.05,210.45,92324
KIRLOSENG,2021-09-27,211.55,212.5,207.0,207.95,89411
KIRLOSENG,2021-09-28,208.0,210.3,206.0,207.0,73996
KIRLOSENG,2021-09-29,207.0,208.05,203.0,204.8,89667
KIRLOSENG,2021-09-30,205.85,212.0,204.0,207.8,88887
KIRLOSENG,2021-10-01,208.8,209.85,201.5,202.4,172531
KIRLOSENG,2021-10-04,202.6,206.55,197.1,197.9,249940
KIRLOSENG,2021-10-05,198.0,200.95,196.3,199.85,107728
KIRLOSENG,2021-10-06,200.85,204.4,197.0,198.35,167557
KIRLOSENG,2021-10-07,199.35,201.7,198.5,199.35,58239
KIRLOSENG,2021-10-08,201.0,202.5,199.5,200.2,170134
KIRLOSENG,2021-10-11,203.6,218.4,200.05,211.85,778881
KIRLOSENG,2021-10-12,212.0,213.0,206.25,207.25,210651
KIRLOSENG,2021-10-13,214.0,215.0,208.7,210.4,168862
KIRLOSENG,2021-10-14,212.1,212.1,207.0,208.95,99797
KIRLOSENG,2021-10-18,211.3,225.25,208.3,218.35,525372
KIRLOSENG,2021-10-19,220.0,239.0,217.1,224.05,863366
KIRLOSENG,2021-10-20,225.85,226.55,212.05,215.75,263180
KIRLOSENG,2021-10-21,216.85,228.5,213.0,224.5,241401
KIRLOSENG,2021-10-22,224.5,229.9,220.15,223.15,206022
KIRLOSENG,2021-10-25,224.3,225.4,213.35,215.25,191103
KIRLOSENG,2021-10-26,217.6,220.0,213.9,214.8,62047
KIRLOSENG,2021-10-27,215.3,220.0,214.5,216.7,84477
KIRLOSENG,2021-10-28,216.3,221.0,207.45,210.4,141413
KIRLOSENG,2021-10-29,205.6,208.0,200.05,201.7,217942
KIRLOSENG,2021-11-01,202.0,206.1,196.0,200.45,141599
KIRLOSENG,2021-11-02,203.0,205.0,196.85,198.8,100616
KIRLOSENG,2021-11-03,198.8,201.2,197.25,197.8,63581
KIRLOSENG,2021-11-04,199.0,203.0,198.95,201.15,22109
KIRLOSENG,2021-11-08,202.2,203.6,196.75,198.65,115562
KIRLOSENG,2021-11-09,201.9,208.0,200.0,201.85,307189
KIRLOSENG,2021-11-10,203.9,205.4,200.65,201.8,97959
KIRLOSENG,2021-11-11,204.0,204.0,199.0,200.85,49782
KIRLOSENG,2021-11-12,200.9,203.85,198.5,200.8,477527
KIRLOSENG,2021-11-15,201.85,203.0,197.05,197.95,306129
KIRLOSENG,2021-11-16,198.95,198.95,194.0,194.75,484244
KIRLOSENG,2021-11-17,194.75,197.65,193.75,196.4,165493
KIRLOSENG,2021-11-18,197.25,197.25,190.1,191.05,54742
KIRLOSENG,2021-11-22,192.05,193.65,177.85,183.1,127668
KIRLOSENG,2021-11-23,183.1,186.75,179.15,185.3,80394
KIRLOSENG,2021-11-24,186.75,191.0,186.0,187.0,44562
KIRLOSENG,2021-11-25,190.0,191.2,187.45,190.05,31666
KIRLOSENG,2021-11-26,187.8,190.5,183.5,184.15,49306
KIRLOSENG,2021-11-29,182.05,184.15,176.45,182.7,68495
KIRLOSENG,2021-11-30,180.6,187.0,180.6,183.1,109896
KIRLOSENG,2021-12-01,186.0,190.5,182.85,185.35,60811
KIRLOSENG,2021-12-02,185.35,203.0,179.5,191.85,6179561
KIRLOSENG,2021-12-03,193.0,207.55,182.3,196.3,5192714
KIRLOSENG,2021-12-06,196.7,198.0,186.15,188.35,312621
KIRLOSENG,2021-12-07,193.0,195.9,188.0,190.05,497469
KIRLOSENG,2021-12-08,191.0,192.35,187.1,188.5,251590
KIRLOSENG,2021-12-09,190.0,199.3,186.9,188.7,629462
KIRLOSENG,2021-12-10,187.45,189.5,185.55,188.25,273865
KIRLOSENG,2021-12-13,189.5,193.3,187.3,188.85,337830
KIRLOSENG,2021-12-14,188.45,190.0,186.0,188.15,108967
KIRLOSENG,2021-12-15,188.25,190.6,185.5,187.5,191003
KIRLOSENG,2021-12-16,192.5,192.5,182.05,183.05,196437
KIRLOSENG,2021-12-17,184.3,184.3,170.0,175.7,756264
KIRLOSENG,2021-12-20,174.1,174.1,166.3,171.0,718464
KIRLOSENG,2021-12-21,171.0,176.0,168.55,170.2,143788
KIRLOSENG,2021-12-22,174.9,179.05,172.5,177.7,141567
KIRLOSENG,2021-12-23,178.6,181.15,176.65,178.5,114560
KIRLOSENG,2021-12-24,178.5,179.4,173.8,175.8,129307
KIRLOSENG,2021-12-27,178.4,181.2,174.35,179.95,185559
KIRLOSENG,2021-12-28,179.95,181.2,177.5,178.15,133572
KIRLOSENG,2021-12-29,178.55,181.35,177.6,179.25,95939
KIRLOSENG,2021-12-30,180.0,182.5,177.35,178.05,82757
KIRLOSENG,2021-12-31,178.0,187.0,178.0,184.65,191221
KIRLOSENG,2022-01-03,184.0,188.15,184.0,185.9,105299
KIRLOSENG,2022-01-04,186.85,186.85,179.45,181.05,156297
KIRLOSENG,2022-01-05,179.0,182.0,176.5,180.0,254924
KIRLOSENG,2022-01-06,178.85,181.9,178.5,180.35,134111
KIRLOSENG,2022-01-07,180.25,183.0,177.6,178.8,169092
KIRLOSENG,2022-01-10,179.75,183.6,179.2,180.55,701556
KIRLOSENG,2022-01-11,181.0,191.9,180.65,188.1,412811
KIRLOSENG,2022-01-12,192.4,194.7,184.25,186.3,420297
KIRLOSENG,2022-01-13,186.8,193.75,184.0,191.9,227246
KIRLOSENG,2022-01-14,191.0,198.0,188.5,194.5,349433
KIRLOSENG,2022-01-17,197.7,197.7,190.0,190.9,198436
KIRLOSENG,2022-01-18,191.0,192.3,183.9,185.2,212243
KIRLOSENG,2022-01-19,185.2,187.5,182.05,184.25,154655
KIRLOSENG,2022-01-20,184.25,185.6,180.8,182.0,148490
KIRLOSENG,2022-01-21,182.0,182.35,176.1,178.2,149532
KIRLOSENG,2022-01-24,180.0,180.0,164.3,167.1,234412
KIRLOSENG,2022-01-25,168.5,174.0,163.0,172.8,160334
KIRLOSENG,2022-01-27,172.0,173.7,170.0,171.85,135682
KIRLOSENG,2022-01-28,170.1,175.9,170.0,170.9,132816
KIRLOSENG,2022-01-31,171.6,174.0,169.2,170.7,152647
KIRLOSENG,2022-02-01,174.7,174.7,167.6,167.95,234813
KIRLOSENG,2022-02-02,169.5,179.25,169.5,176.9,244660
KIRLOSENG,2022-02-03,177.0,177.55,172.7,173.7,120670
KIRLOSENG,2022-02-04,173.1,175.4,168.25,168.85,178346
KIRLOSENG,2022-02-07,167.55,170.95,163.85,164.6,224704
KIRLOSENG,2022-02-08,164.0,166.9,158.65,160.15,344623
KIRLOSENG,2022-02-09,161.0,166.7,161.0,163.3,111407
KIRLOSENG,2022-02-10,163.0,163.1,154.0,157.7,303107
KIRLOSENG,2022-02-11,156.0,157.7,149.0,151.2,245711
KIRLOSENG,2022-02-14,144.3,148.4,136.8,139.55,446258
KIRLOSENG,2022-02-15,140.95,143.75,137.6,140.1,287674
KIRLOSENG,2022-02-16,142.2,146.2,139.5,140.65,262280
KIRLOSENG,2022-02-17,140.3,146.7,140.05,144.95,270866
KIRLOSENG,2022-02-18,144.9,146.0,139.05,139.75,193795
KIRLOSENG,2022-02-21,138.6,138.95,131.55,133.6,137833
KIRLOSENG,2022-02-22,128.3,134.0,128.3,129.7,193232
KIRLOSENG,2022-02-23,130.35,136.0,130.35,134.95,226222
KIRLOSENG,2022-02-24,130.0,131.2,125.0,125.85,272173
KIRLOSENG,2022-02-25,127.05,133.45,127.05,131.55,125325
KIRLOSENG,2022-02-28,130.1,134.0,125.1,132.0,191530
KIRLOSENG,2022-03-02,131.5,132.9,129.45,131.0,97927
KIRLOSENG,2022-03-03,135.0,135.0,129.0,129.7,192950
KIRLOSENG,2022-03-04,129.75,130.5,126.9,127.7,223671
KIRLOSENG,2022-03-07,126.9,126.9,122.55,123.5,236140
KIRLOSENG,2022-03-08,124.9,126.9,123.55,126.2,108658
KIRLOSENG,2022-03-09,126.85,131.0,126.15,129.95,127455
KIRLOSENG,2022-03-10,132.2,135.0,130.1,131.1,171718
KIRLOSENG,2022-03-11,131.8,134.3,129.6,130.3,131724
KIRLOSENG,2022-03-14,131.0,141.05,130.3,137.95,459781
KIRLOSENG,2022-03-15,139.3,141.05,133.2,134.75,270851
KIRLOSENG,2022-03-16,135.5,140.45,135.2,136.3,139433
KIRLOSENG,2022-03-17,137.55,151.4,137.55,144.45,956180
KIRLOSENG,2022-03-21,145.95,150.75,144.5,145.2,317688
KIRLOSENG,2022-03-22,145.75,145.95,141.7,142.2,179287
KIRLOSENG,2022-03-23,143.0,145.15,140.55,143.05,191281
KIRLOSENG,2022-03-24,143.05,144.95,139.7,140.6,162585
KIRLOSENG,2022-03-25,142.7,142.7,136.85,137.55,182853
KIRLOSENG,2022-03-28,140.5,140.5,131.7,132.85,319767
KIRLOSENG,2022-03-29,133.55,135.5,132.0,132.65,165361
KIRLOSENG,2022-03-30,135.5,136.5,130.05,131.9,153506
KIRLOSENG,2022-03-31,132.6,135.7,131.0,131.95,143390
KIRLOSENG,2022-04-01,132.5,140.7,132.1,138.85,202292
KIRLOSENG,2022-04-04,139.9,150.2,139.9,148.0,341552
KIRLOSENG,2022-04-05,148.75,153.9,147.5,150.7,389881
KIRLOSENG,2022-04-06,150.7,155.8,148.35,153.8,302426
KIRLOSENG,2022-04-07,155.0,156.5,152.55,155.2,304840
KIRLOSENG,2022-04-08,157.4,165.2,156.2,164.25,531145
KIRLOSENG,2022-04-11,165.1,166.05,160.5,161.65,162734
KIRLOSENG,2022-04-12,162.0,162.0,154.1,158.6,199635
KIRLOSENG,2022-04-13,158.2,162.55,155.0,156.95,142368
KIRLOSENG,2022-04-18,156.95,156.95,151.95,152.55,109865
KIRLOSENG,2022-04-19,154.0,157.2,151.0,153.15,131414
KIRLOSENG,2022-04-20,153.95,155.9,150.7,154.55,84742
KIRLOSENG,2022-04-21,155.0,163.15,154.95,160.65,206755
KIRLOSENG,2022-04-22,159.7,159.7,153.25,155.1,111227
KIRLOSENG,2022-04-25,154.7,163.0,153.25,157.4,237340
KIRLOSENG,2022-04-26,158.2,163.6,157.6,158.95,1418988
KIRLOSENG,2022-04-27,158.0,158.3,155.25,156.75,116017
KIRLOSENG,2022-04-28,158.0,168.0,157.45,164.15,705691
KIRLOSENG,2022-04-29,165.9,166.7,161.45,162.45,210152
KIRLOSENG,2022-05-02,162.95,162.95,156.0,157.65,153755
KIRLOSENG,2022-05-04,156.6,159.35,147.0,149.1,204801
KIRLOSENG,2022-05-05,149.85,153.0,144.45,145.05,102505
KIRLOSENG,2022-05-06,141.0,144.0,139.05,141.35,149448
KIRLOSENG,2022-05-09,139.6,140.95,136.55,138.5,98696
KIRLOSENG,2022-05-10,137.0,139.95,135.3,136.9,73990
KIRLOSENG,2022-05-11,136.9,139.35,129.5,138.5,270673
KIRLOSENG,2022-05-12,138.55,138.55,134.0,135.1,83377
KIRLOSENG,2022-05-13,135.15,140.6,135.15,138.45,223727
KIRLOSENG,2022-05-16,139.15,143.95,137.55,142.3,69337
KIRLOSENG,2022-05-17,143.05,148.0,142.8,146.55,115775
KIRLOSENG,2022-05-18,146.55,149.15,145.75,146.25,88300
KIRLOSENG,2022-05-19,143.45,145.0,140.0,141.45,56037
KIRLOSENG,2022-05-20,149.0,154.5,146.0,153.15,283020
KIRLOSENG,2022-05-23,154.0,171.0,151.65,163.45,725791
KIRLOSENG,2022-05-24,164.3,166.0,152.5,154.7,147477
KIRLOSENG,2022-05-25,152.0,157.05,146.65,147.85,127342
KIRLOSENG,2022-05-26,148.5,154.0,143.5,152.6,134631
KIRLOSENG,2022-05-27,153.4,157.75,150.2,151.4,117785
KIRLOSENG,2022-05-30,151.1,157.0,151.1,154.25,103814
KIRLOSENG,2022-05-31,154.5,156.2,153.15,153.75,52083
KIRLOSENG,2022-06-01,154.55,157.9,152.15,155.8,100017
KIRLOSENG,2022-06-02,156.6,159.55,154.5,158.5,71054
KIRLOSENG,2022-06-03,159.3,160.0,156.25,156.65,50193
KIRLOSENG,2022-06-06,156.95,158.5,151.5,157.35,50936
KIRLOSENG,2022-06-07,158.15,159.1,152.0,152.85,53730
KIRLOSENG,2022-06-08,155.95,156.0,148.1,149.15,133480
KIRLOSENG,2022-06-09,149.9,153.9,148.25,151.0,72662
KIRLOSENG,2022-06-10,150.9,151.7,148.5,149.45,71730
KIRLOSENG,2022-06-13,149.0,149.0,140.1,141.75,131192
KIRLOSENG,2022-06-14,142.5,144.4,133.65,135.0,186096
KIRLOSENG,2022-06-15,135.7,141.1,133.9,135.2,170860
KIRLOSENG,2022-06-16,136.2,139.8,130.1,132.0,110697
KIRLOSENG,2022-06-17,132.0,132.0,126.1,130.9,127380
KIRLOSENG,2022-06-20,130.9,131.4,124.05,124.9,81497
KIRLOSENG,2022-06-21,126.35,131.5,124.5,129.25,81056
KIRLOSENG,2022-06-22,129.4,129.6,126.15,126.85,46489
KIRLOSENG,2022-06-23,127.45,130.5,126.85,128.85,49633
KIRLOSENG,2022-06-24,129.4,131.75,129.0,130.15,73266
KIRLOSENG,2022-06-27,133.7,134.55,130.6,131.65,64164
KIRLOSENG,2022-06-28,132.2,133.25,129.05,132.7,46302
KIRLOSENG,2022-06-29,132.25,136.0,131.05,134.65,83942
KIRLOSENG,2022-06-30,135.35,139.2,134.0,134.95,67046
KIRLOSENG,2022-07-01,135.65,135.9,133.25,135.1,24965
KIRLOSENG,2022-07-04,135.0,141.9,134.05,140.6,101172
KIRLOSENG,2022-07-05,141.35,141.95,136.35,137.35,44679
KIRLOSENG,2022-07-06,137.35,140.7,135.0,136.4,75812
KIRLOSENG,2022-07-07,137.1,139.8,136.2,139.2,42467
KIRLOSENG,2022-07-08,139.0,142.5,138.65,140.45,68107
KIRLOSENG,2022-07-11,140.9,142.5,139.5,141.6,44325
KIRLOSENG,2022-07-12,142.15,144.0,140.85,141.5,68778
KIRLOSENG,2022-07-13,142.0,144.35,141.05,142.15,54636
KIRLOSENG,2022-07-14,142.55,145.95,141.0,143.7,79215
KIRLOSENG,2022-07-15,144.45,148.0,143.55,147.0,66523
KIRLOSENG,2022-07-18,148.4,153.6,148.4,152.25,126314
KIRLOSENG,2022-07-19,152.95,155.15,151.1,153.25,110855
KIRLOSENG,2022-07-20,153.6,157.2,153.6,156.55,153501
KIRLOSENG,2022-07-21,156.0,162.45,155.9,162.05,206121
KIRLOSENG,2022-07-22,161.8,165.0,156.85,162.05,173678
KIRLOSENG,2022-07-25,160.2,162.4,155.1,156.1,96144
KIRLOSENG,2022-07-26,155.0,162.55,154.65,156.85,86045
KIRLOSENG,2022-07-27,156.85,161.55,154.2,160.5,115510
KIRLOSENG,2022-07-28,161.8,167.5,159.1,164.25,162053
KIRLOSENG,2022-07-29,165.0,166.75,161.65,164.05,117227
KIRLOSENG,2022-08-01,164.9,171.7,163.9,167.45,213765
KIRLOSENG,2022-08-02,168.6,168.95,166.0,167.4,103593
KIRLOSENG,2022-08-03,164.0,165.35,161.2,162.65,69120
KIRLOSENG,2022-08-04,162.7,166.4,157.0,164.85,147762
KIRLOSENG,2022-08-05,164.8,166.05,160.1,161.1,91815
KIRLOSENG,2022-08-08,161.95,163.45,160.05,160.95,38224
KIRLOSENG,2022-08-10,160.6,164.9,156.3,157.85,164981
KIRLOSENG,2022-08-11,170.5,174.15,163.6,165.65,1274276
KIRLOSENG,2022-08-12,165.95,179.35,165.95,177.3,2253385
KIRLOSENG,2022-08-16,180.5,183.25,174.1,176.2,1314364
KIRLOSENG,2022-08-17,175.0,185.5,175.0,183.1,2033114
KIRLOSENG,2022-08-18,183.1,188.75,180.2,186.45,1373746
KIRLOSENG,2022-08-19,189.3,189.3,180.05,184.05,725391
KIRLOSENG,2022-08-22,183.0,184.0,180.05,181.9,460490
KIRLOSENG,2022-08-23,181.0,190.0,181.0,187.75,1066683
KIRLOSENG,2022-08-24,189.0,199.65,189.0,195.85,3366840
KIRLOSENG,2022-08-25,198.5,218.5,198.3,217.1,7733007
KIRLOSENG,2022-08-26,220.0,224.0,211.1,220.35,3412924
KIRLOSENG,2022-08-29,214.9,223.9,212.35,219.65,1688436
KIRLOSENG,2022-08-30,218.95,233.35,216.75,226.95,1499457
KIRLOSENG,2022-09-01,225.0,230.55,220.2,224.05,542790
KIRLOSENG,2022-09-02,227.3,227.75,219.0,225.4,597677
KIRLOSENG,2022-09-05,225.9,234.4,225.55,231.6,765954
KIRLOSENG,2022-09-06,230.55,237.5,223.25,234.55,511433
KIRLOSENG,2022-09-07,230.6,244.2,230.6,242.1,588292
KIRLOSENG,2022-09-08,244.25,272.3,243.35,261.05,2742867
KIRLOSENG,2022-09-09,262.9,267.0,253.9,263.05,859905
KIRLOSENG,2022-09-12,263.0,264.75,248.5,249.3,620411
KIRLOSENG,2022-09-13,250.1,258.0,249.3,250.0,389947
KIRLOSENG,2022-09-14,245.15,258.3,243.1,250.45,505740
KIRLOSENG,2022-09-15,252.2,259.0,246.35,248.2,768161
KIRLOSENG,2022-09-16,249.0,254.0,234.15,238.1,364640
KIRLOSENG,2022-09-19,239.25,245.7,238.1,242.8,271007
KIRLOSENG,2022-09-20,245.25,246.8,234.5,237.05,275594
KIRLOSENG,2022-09-21,241.9,244.5,233.5,234.5,313638
KIRLOSENG,2022-09-22,238.0,247.6,236.1,239.85,550055
KIRLOSENG,2022-09-23,240.3,242.6,232.25,237.0,249607
KIRLOSENG,2022-09-26,237.0,238.15,220.0,229.7,319365
KIRLOSENG,2022-09-27,228.65,235.95,221.0,234.5,239368
KIRLOSENG,2022-09-28,228.4,235.25,228.0,230.2,155463
KIRLOSENG,2022-09-29,233.0,238.0,225.45,235.7,460184
KIRLOSENG,2022-09-30,232.35,246.0,231.95,243.05,427766
KIRLOSENG,2022-10-03,242.0,243.15,226.2,229.55,458001
KIRLOSENG,2022-10-04,236.5,242.05,231.55,233.05,431785
KIRLOSENG,2022-10-06,237.95,244.9,235.0,240.25,416135
KIRLOSENG,2022-10-07,242.0,261.35,240.65,258.0,1529656
KIRLOSENG,2022-10-10,255.9,260.05,250.05,256.7,383003
KIRLOSENG,2022-10-11,257.0,273.0,252.95,258.8,1279645
KIRLOSENG,2022-10-12,258.8,288.4,252.8,283.95,1862719
KIRLOSENG,2022-10-13,285.7,291.3,277.15,284.0,1041710
KIRLOSENG,2022-10-14,288.0,290.3,268.2,271.3,832448
KIRLOSENG,2022-10-17,270.5,288.9,269.85,285.85,963558
KIRLOSENG,2022-10-18,288.6,291.3,277.25,279.8,531870
KIRLOSENG,2022-10-19,280.6,281.85,270.3,273.35,458393
KIRLOSENG,2022-10-20,272.9,276.5,267.0,269.55,254396
KIRLOSENG,2022-10-21,269.4,269.9,251.85,255.65,441417
KIRLOSENG,2022-10-24,255.65,267.9,255.65,265.0,146271
KIRLOSENG,2022-10-25,266.2,268.0,258.55,263.55,269306
KIRLOSENG,2022-10-27,263.55,265.9,257.0,263.4,222578
KIRLOSENG,2022-10-28,260.75,265.2,255.0,258.75,273776
KIRLOSENG,2022-10-31,258.7,265.0,258.05,260.7,246809
KIRLOSENG,2022-11-01,264.0,270.7,259.0,261.3,362320
KIRLOSENG,2022-11-02,262.6,266.0,259.8,261.6,193633
KIRLOSENG,2022-11-03,260.0,268.7,259.5,263.8,227497
KIRLOSENG,2022-11-04,262.0,280.5,262.0,277.0,985501
KIRLOSENG,2022-11-07,280.5,301.0,279.15,298.8,1601070
KIRLOSENG,2022-11-09,302.0,307.95,276.2,285.4,1359825
KIRLOSENG,2022-11-10,285.0,304.55,285.0,300.4,942235
KIRLOSENG,2022-11-11,304.7,308.85,283.0,287.85,941510
KIRLOSENG,2022-11-14,297.0,299.0,286.1,297.2,685633
KIRLOSENG,2022-11-15,294.25,301.8,291.0,294.1,653400
KIRLOSENG,2022-11-16,296.1,326.9,292.25,321.9,3322591
KIRLOSENG,2022-11-17,322.0,347.7,315.5,343.9,2114190
KIRLOSENG,2022-11-18,344.0,372.0,336.35,356.85,3930322
KIRLOSENG,2022-11-21,357.0,357.0,321.55,330.1,1144628
KIRLOSENG,2022-11-22,335.1,338.4,320.6,326.85,832833
KIRLOSENG,2022-11-23,330.0,338.9,322.85,330.7,631274
KIRLOSENG,2022-11-24,334.85,335.75,320.1,322.4,343069
KIRLOSENG,2022-11-25,320.8,331.0,310.45,312.9,762990
KIRLOSENG,2022-11-28,323.0,334.0,318.8,327.45,651833
KIRLOSENG,2022-11-29,329.0,329.0,318.4,320.95,237800
KIRLOSENG,2022-11-30,326.0,345.0,322.05,331.8,1512314
KIRLOSENG,2022-12-01,336.1,360.0,331.6,336.6,452170
KIRLOSENG,2022-12-02,336.6,343.95,332.1,335.8,327266
KIRLOSENG,2022-12-05,337.45,343.65,333.55,341.25,299082
KIRLOSENG,2022-12-06,340.85,346.75,332.1,335.8,202453
KIRLOSENG,2022-12-07,336.0,345.95,324.1,341.8,399271
KIRLOSENG,2022-12-08,347.0,348.95,336.45,342.8,294544
KIRLOSENG,2022-12-09,342.8,342.8,333.3,336.95,244148
KIRLOSENG,2022-12-12,334.0,341.0,331.45,334.65,205887
KIRLOSENG,2022-12-13,334.5,344.0,333.3,336.05,273429
KIRLOSENG,2022-12-14,336.05,339.8,332.25,334.05,208818
KIRLOSENG,2022-12-15,337.0,349.0,335.85,337.95,497198
KIRLOSENG,2022-12-16,336.6,346.65,314.1,318.7,915808
KIRLOSENG,2022-12-19,321.6,325.0,311.1,313.4,406098
KIRLOSENG,2022-12-20,318.8,327.45,315.0,323.6,416088
KIRLOSENG,2022-12-21,324.95,328.0,310.3,319.4,600397
KIRLOSENG,2022-12-22,316.1,323.7,310.3,313.7,350803
KIRLOSENG,2022-12-23,310.0,319.9,295.95,299.75,569413
KIRLOSENG,2022-12-26,299.95,315.0,293.8,307.15,425616
KIRLOSENG,2022-12-27,312.0,324.9,309.0,323.25,373543
KIRLOSENG,2022-12-28,324.0,324.0,315.0,316.4,138030
KIRLOSENG,2022-12-29,316.4,322.3,313.3,315.2,128568
KIRLOSENG,2022-12-30,317.1,329.05,317.1,322.6,302173
KIRLOSENG,2023-01-02,323.0,324.9,313.15,314.85,184938
KIRLOSENG,2023-01-03,315.15,323.7,314.0,316.3,184069
KIRLOSENG,2023-01-04,317.0,322.0,315.0,317.1,131498
KIRLOSENG,2023-01-05,321.0,324.5,314.0,316.2,260857
KIRLOSENG,2023-01-06,319.0,321.35,309.0,310.4,177098
KIRLOSENG,2023-01-09,313.05,318.35,307.05,311.2,271999
KIRLOSENG,2023-01-10,312.5,315.6,306.05,309.0,137738
KIRLOSENG,2023-01-11,309.9,317.75,308.0,311.4,211843
KIRLOSENG,2023-01-12,313.9,321.0,312.05,316.6,263477
KIRLOSENG,2023-01-13,318.85,320.6,312.35,314.4,148770
KIRLOSENG,2023-01-16,314.6,319.4,313.05,317.85,250819
KIRLOSENG,2023-01-17,319.0,325.0,314.2,315.3,438747
KIRLOSENG,2023-01-18,316.9,328.15,316.55,323.85,420875
KIRLOSENG,2023-01-19,323.5,325.5,316.0,318.15,255613
KIRLOSENG,2023-01-20,319.55,325.0,318.0,322.5,143228
KIRLOSENG,2023-01-23,324.85,334.9,323.6,329.55,276636
KIRLOSENG,2023-01-24,332.0,333.0,311.65,314.2,405697
KIRLOSENG,2023-01-25,316.0,316.8,300.85,307.95,253987
KIRLOSENG,2023-01-27,308.0,313.05,288.1,298.75,225177
KIRLOSENG,2023-01-30,294.5,306.65,290.2,294.05,89519
KIRLOSENG,2023-01-31,298.0,317.0,293.05,313.4,919465
KIRLOSENG,2023-02-01,316.5,321.95,300.0,305.3,229907
KIRLOSENG,2023-02-02,304.9,313.0,300.0,305.8,91761
KIRLOSENG,2023-02-03,307.5,311.0,300.0,307.1,116726
KIRLOSENG,2023-02-06,307.1,313.0,304.8,311.25,161753
KIRLOSENG,2023-02-07,313.0,316.3,300.1,305.35,196477
KIRLOSENG,2023-02-08,309.6,310.0,304.3,306.3,77931
KIRLOSENG,2023-02-09,307.85,330.0,305.0,327.0,497733
KIRLOSENG,2023-02-10,326.0,335.5,312.55,315.25,668190
KIRLOSENG,2023-02-13,321.9,323.45,314.6,316.0,226585
KIRLOSENG,2023-02-14,314.0,319.0,309.45,312.55,106077
KIRLOSENG,2023-02-15,309.7,315.5,308.0,312.75,120303
KIRLOSENG,2023-02-16,315.6,316.9,309.8,313.15,78063
KIRLOSENG,2023-02-17,312.85,315.15,310.0,313.8,87126
KIRLOSENG,2023-02-20,315.8,327.75,312.5,314.05,169950
KIRLOSENG,2023-02-21,314.95,338.5,314.1,331.6,729367
KIRLOSENG,2023-02-22,331.3,331.3,317.15,319.0,436410
KIRLOSENG,2023-02-23,315.8,329.7,315.15,317.8,380878
KIRLOSENG,2023-02-24,317.8,319.9,312.3,314.65,234169
KIRLOSENG,2023-02-27,313.0,316.55,305.0,306.45,199271
KIRLOSENG,2023-02-28,307.6,319.4,305.5,315.15,328005
KIRLOSENG,2023-03-01,311.0,317.35,308.45,310.35,111327
KIRLOSENG,2023-03-02,312.0,312.65,307.5,309.8,242260
KIRLOSENG,2023-03-03,312.6,321.5,309.05,319.75,285806
KIRLOSENG,2023-03-06,320.4,334.4,318.0,325.05,399746
KIRLOSENG,2023-03-08,338.0,390.05,335.1,390.05,7716384
KIRLOSENG,2023-03-09,394.8,406.2,377.25,390.3,8427892
KIRLOSENG,2023-03-10,380.0,388.75,371.3,375.5,1122109
KIRLOSENG,2023-03-13,375.0,375.0,358.0,360.55,649297
KIRLOSENG,2023-03-14,365.0,372.85,361.2,366.3,608902
KIRLOSENG,2023-03-15,369.0,375.0,363.0,370.7,373499
KIRLOSENG,2023-03-16,372.3,380.0,361.6,376.8,329921
KIRLOSENG,2023-03-17,377.6,386.65,372.3,380.8,590498
KIRLOSENG,2023-03-20,385.0,385.55,366.35,379.7,293818
KIRLOSENG,2023-03-21,385.0,385.0,372.05,380.3,347227
KIRLOSENG,2023-03-22,382.3,394.6,379.9,387.4,560983
KIRLOSENG,2023-03-23,388.6,394.4,383.6,389.0,304959
KIRLOSENG,2023-03-24,388.5,390.0,374.5,385.5,414811
KIRLOSENG,2023-03-27,385.5,392.9,373.7,381.55,221393
KIRLOSENG,2023-03-28,379.4,386.5,363.35,377.95,291148
KIRLOSENG,2023-03-29,375.0,394.9,371.55,392.4,411135
KIRLOSENG,2023-03-31,394.9,404.0,385.25,396.1,1327770
KIRLOSENG,2023-04-03,401.8,408.05,390.85,395.0,211636
KIRLOSENG,2023-04-05,394.95,399.8,385.0,387.55,202364
KIRLOSENG,2023-04-06,391.6,394.5,382.1,386.55,123187
KIRLOSENG,2023-04-10,384.25,390.95,376.1,378.05,120003
KIRLOSENG,2023-04-11,381.0,395.6,380.5,391.6,234558
KIRLOSENG,2023-04-12,392.7,395.95,377.0,392.7,392398
KIRLOSENG,2023-04-13,392.55,407.0,389.8,402.75,352071
KIRLOSENG,2023-04-17,403.6,415.85,393.25,397.45,376395
KIRLOSENG,2023-04-18,398.65,401.0,385.55,391.1,138613
KIRLOSENG,2023-04-19,392.0,399.95,391.1,396.05,136307
KIRLOSENG,2023-04-20,397.95,403.55,395.35,401.5,200827
KIRLOSENG,2023-04-21,403.1,411.0,391.0,396.75,255861
KIRLOSENG,2023-04-24,400.95,419.0,400.1,416.3,1077314
KIRLOSENG,2023-04-25,418.0,419.35,405.0,407.6,153289
KIRLOSENG,2023-04-26,407.95,410.8,401.5,407.95,71281
KIRLOSENG,2023-04-27,410.8,411.6,387.55,396.2,151548
KIRLOSENG,2023-04-28,399.0,401.75,392.2,393.85,164344
KIRLOSENG,2023-05-02,395.0,398.45,376.1,384.75,223105
KIRLOSENG,2023-05-03,384.7,386.2,374.0,376.45,136192
KIRLOSENG,2023-05-04,378.4,396.0,378.15,394.3,441049
KIRLOSENG,2023-05-05,394.9,398.8,385.1,393.75,313687
KIRLOSENG,2023-05-08,393.75,400.0,386.5,396.15,198140
KIRLOSENG,2023-05-09,396.8,399.2,387.8,391.8,856606
KIRLOSENG,2023-05-10,391.8,396.65,386.05,388.2,189417
KIRLOSENG,2023-05-11,390.9,423.9,388.2,410.9,847082
KIRLOSENG,2023-05-12,407.15,423.85,406.25,420.85,523065
KIRLOSENG,2023-05-15,422.9,434.5,414.9,426.0,403048
KIRLOSENG,2023-05-16,426.55,439.4,426.05,436.05,273462
KIRLOSENG,2023-05-17,437.7,440.9,426.9,428.1,171505
KIRLOSENG,2023-05-18,430.2,442.35,428.15,430.65,314809
KIRLOSENG,2023-05-19,437.0,443.05,390.65,413.65,817820
KIRLOSENG,2023-05-22,425.0,430.9,408.0,420.85,248665
KIRLOSENG,2023-05-23,417.0,420.95,397.6,401.9,192162
KIRLOSENG,2023-05-24,400.0,400.0,383.5,388.55,931512
KIRLOSENG,2023-05-25,390.1,392.8,379.1,386.55,310946
KIRLOSENG,2023-05-26,388.95,408.2,387.65,400.5,922809
KIRLOSENG,2023-05-29,403.4,408.5,387.0,388.75,228274
KIRLOSENG,2023-05-30,390.2,401.7,388.75,400.05,373539
KIRLOSENG,2023-05-31,400.5,424.0,388.95,405.0,501917
KIRLOSENG,2023-06-01,412.2,414.85,402.65,406.25,162149
KIRLOSENG,2023-06-02,407.95,411.95,403.0,409.15,425748
KIRLOSENG,2023-06-05,412.3,431.4,409.15,420.85,337094
KIRLOSENG,2023-06-06,418.65,422.95,412.55,417.2,129530
KIRLOSENG,2023-06-07,419.1,427.0,416.15,418.35,242684
KIRLOSENG,2023-06-08,419.5,427.95,418.0,421.8,159428
KIRLOSENG,2023-06-09,423.8,423.85,410.5,416.1,86468
KIRLOSENG,2023-06-12,416.1,427.0,412.8,419.6,86111
KIRLOSENG,2023-06-13,421.7,426.95,416.05,421.25,85489
KIRLOSENG,2023-06-14,424.25,437.9,420.05,426.3,206795
KIRLOSENG,2023-06-15,423.05,428.0,408.1,414.45,322901
KIRLOSENG,2023-06-16,414.95,420.4,411.35,415.4,313917
KIRLOSENG,2023-06-19,420.0,428.7,415.7,417.7,257226
KIRLOSENG,2023-06-20,423.0,424.0,412.35,418.85,89551
KIRLOSENG,2023-06-21,420.7,422.5,413.15,414.9,75882
KIRLOSENG,2023-06-22,413.2,417.0,397.6,406.2,298582
KIRLOSENG,2023-06-23,404.0,405.6,390.0,391.85,132141
KIRLOSENG,2023-06-26,391.95,394.75,382.1,391.25,135256
KIRLOSENG,2023-06-27,392.95,399.0,389.0,393.2,196526
KIRLOSENG,2023-06-28,394.95,405.0,383.0,384.7,211967
KIRLOSENG,2023-06-30,387.4,399.0,386.4,392.0,260291
KIRLOSENG,2023-07-03,394.0,399.2,393.0,397.6,210547
KIRLOSENG,2023-07-04,397.6,409.0,393.3,402.05,176591
KIRLOSENG,2023-07-05,403.9,410.0,399.25,399.95,169025
KIRLOSENG,2023-07-06,401.5,402.35,397.1,401.0,99765
KIRLOSENG,2023-07-07,400.0,408.05,389.05,391.25,138819
KIRLOSENG,2023-07-10,392.0,398.85,388.1,390.3,99379
KIRLOSENG,2023-07-11,388.0,413.0,387.3,411.9,427417
KIRLOSENG,2023-07-12,415.0,418.4,397.0,400.0,347861
KIRLOSENG,2023-07-13,402.9,414.9,395.1,400.85,284888
KIRLOSENG,2023-07-14,402.75,407.0,388.4,403.15,284713
KIRLOSENG,2023-07-17,403.15,414.6,396.05,408.1,278381
KIRLOSENG,2023-07-18,415.0,434.95,409.9,419.4,542481
KIRLOSENG,2023-07-19,420.95,429.0,418.3,421.9,257178
KIRLOSENG,2023-07-20,419.0,424.85,416.35,418.4,158317
KIRLOSENG,2023-07-21,417.9,426.45,407.8,410.95,194498
KIRLOSENG,2023-07-24,412.5,423.05,411.0,418.35,118346
KIRLOSENG,2023-07-25,420.45,424.45,408.0,413.55,173285
KIRLOSENG,2023-07-26,416.0,422.1,413.15,417.1,130013
KIRLOSENG,2023-07-27,420.0,427.5,418.0,422.8,186410
KIRLOSENG,2023-07-28,424.7,449.35,422.0,439.65,1511101
KIRLOSENG,2023-07-31,442.8,467.0,441.1,450.8,2089124
KIRLOSENG,2023-08-01,454.8,462.3,442.05,447.65,557724
KIRLOSENG,2023-08-02,453.9,455.75,429.05,439.25,360922
KIRLOSENG,2023-08-03,442.0,457.5,440.0,455.25,333848
KIRLOSENG,2023-08-04,458.0,460.0,442.25,448.65,174787
KIRLOSENG,2023-08-07,449.0,449.0,433.15,436.0,165824
KIRLOSENG,2023-08-08,437.75,455.0,432.7,451.3,424401
KIRLOSENG,2023-08-09,454.0,454.4,441.15,445.6,426706
KIRLOSENG,2023-08-10,445.6,451.45,437.95,443.45,321154
KIRLOSENG,2023-08-11,493.0,493.0,465.0,480.1,3232722
KIRLOSENG,2023-08-14,487.0,519.0,485.1,499.05,1948193
KIRLOSENG,2023-08-16,501.7,514.45,483.05,492.05,751585
KIRLOSENG,2023-08-17,495.3,534.0,493.6,509.15,1310614
KIRLOSENG,2023-08-18,513.7,528.5,513.0,519.85,575620
KIRLOSENG,2023-08-21,520.0,528.6,475.05,478.8,1864780
KIRLOSENG,2023-08-22,480.0,489.9,460.1,466.05,1130842
KIRLOSENG,2023-08-23,468.1,487.05,466.0,468.2,1396023
KIRLOSENG,2023-08-24,470.4,476.8,461.2,464.9,896176
KIRLOSENG,2023-08-25,464.9,470.0,460.1,466.65,569792
KIRLOSENG,2023-08-28,467.35,473.2,458.0,462.85,343292
KIRLOSENG,2023-08-29,460.45,467.1,459.0,464.9,279142
KIRLOSENG,2023-08-30,470.0,478.9,463.0,465.45,461804
KIRLOSENG,2023-08-31,468.45,499.45,468.0,483.9,1686773
KIRLOSENG,2023-09-01,488.0,494.0,486.3,491.65,398262
KIRLOSENG,2023-09-04,495.0,518.8,493.6,515.05,882141
KIRLOSENG,2023-09-05,518.0,528.35,510.55,524.4,603147
KIRLOSENG,2023-09-06,527.4,533.0,504.0,507.65,674983
KIRLOSENG,2023-09-07,511.55,525.75,503.5,508.1,545553
KIRLOSENG,2023-09-08,513.1,526.25,502.0,509.85,530762
KIRLOSENG,2023-09-11,510.6,553.0,510.5,533.4,1421925
KIRLOSENG,2023-09-12,540.4,540.4,494.5,497.9,903729
KIRLOSENG,2023-09-13,500.0,511.4,485.25,487.9,620860
KIRLOSENG,2023-09-14,493.45,506.75,486.1,490.85,637632
KIRLOSENG,2023-09-15,494.8,506.25,480.0,485.3,2437464
KIRLOSENG,2023-09-18,484.75,491.75,468.6,473.6,550384
KIRLOSENG,2023-09-20,475.0,498.25,474.5,488.95,603509
KIRLOSENG,2023-09-21,488.6,493.25,483.8,487.65,352035
KIRLOSENG,2023-09-22,489.6,492.5,476.6,481.8,240670
KIRLOSENG,2023-09-25,482.0,491.6,474.65,485.1,348588
KIRLOSENG,2023-09-26,491.35,513.9,491.3,510.65,900002
KIRLOSENG,2023-09-27,512.65,526.65,508.05,522.1,478426
KIRLOSENG,2023-09-28,524.5,553.65,523.35,527.1,1440058
KIRLOSENG,2023-09-29,535.0,547.6,531.5,539.9,485233
KIRLOSENG,2023-10-03,532.05,558.45,532.05,553.15,814644
KIRLOSENG,2023-10-04,552.0,553.85,526.0,531.75,474770
KIRLOSENG,2023-10-05,534.8,544.2,529.05,533.25,265469
KIRLOSENG,2023-10-06,536.6,540.2,527.3,530.0,253508
KIRLOSENG,2023-10-09,524.5,527.7,507.45,520.1,422530
KIRLOSENG,2023-10-10,533.95,541.55,525.9,530.85,458054
KIRLOSENG,2023-10-11,532.8,544.7,532.7,541.85,215490
KIRLOSENG,2023-10-12,544.0,551.7,535.0,544.7,256182
KIRLOSENG,2023-10-13,542.05,548.2,541.0,542.95,143874
KIRLOSENG,2023-10-16,540.0,550.5,534.0,539.2,203141
KIRLOSENG,2023-10-17,541.8,565.0,538.0,542.5,767782
KIRLOSENG,2023-10-18,544.7,562.5,537.4,556.45,499116
KIRLOSENG,2023-10-19,565.95,574.8,552.35,556.7,568751
KIRLOSENG,2023-10-20,557.9,577.55,557.0,570.25,475969
KIRLOSENG,2023-10-23,570.25,572.9,527.8,533.85,481453
KIRLOSENG,2023-10-25,541.7,549.95,514.2,520.3,434130
KIRLOSENG,2023-10-26,517.9,520.15,495.6,503.3,576295
KIRLOSENG,2023-10-27,513.9,538.8,509.35,535.0,382177
KIRLOSENG,2023-10-30,535.0,548.45,523.9,529.9,248595
KIRLOSENG,2023-10-31,533.8,548.4,530.6,543.7,198094
KIRLOSENG,2023-11-01,548.25,563.9,544.05,556.3,354359
KIRLOSENG,2023-11-02,560.8,570.0,550.05,561.6,401313
KIRLOSENG,2023-11-03,514.0,535.75,505.7,533.45,2027923
KIRLOSENG,2023-11-06,528.0,549.0,522.3,544.95,613297
KIRLOSENG,2023-11-07,544.3,563.95,542.05,547.55,308144
KIRLOSENG,2023-11-08,551.0,558.5,538.05,543.3,305761
KIRLOSENG,2023-11-09,545.8,555.4,543.25,547.35,180697
KIRLOSENG,2023-11-10,548.9,555.0,540.6,546.65,182775
KIRLOSENG,2023-11-13,553.95,562.2,546.15,558.25,218139
KIRLOSENG,2023-11-15,562.0,564.6,548.1,553.2,141119
KIRLOSENG,2023-11-16,553.2,557.55,538.05,540.85,391220
KIRLOSENG,2023-11-17,542.0,544.85,534.4,538.85,166091
KIRLOSENG,2023-11-20,543.4,549.0,538.0,541.7,98548
KIRLOSENG,2023-11-21,544.95,547.95,529.1,534.95,208855
KIRLOSENG,2023-11-22,537.75,538.0,526.35,530.4,478677
KIRLOSENG,2023-11-23,532.4,543.0,530.55,541.75,212628
KIRLOSENG,2023-11-24,541.8,554.7,535.5,539.55,188380
KIRLOSENG,2023-11-28,541.9,570.0,539.65,561.2,576184
KIRLOSENG,2023-11-29,563.8,567.0,552.25,562.35,258980
KIRLOSENG,2023-11-30,562.0,605.8,555.6,597.65,1312702
KIRLOSENG,2023-12-01,600.25,603.85,581.5,583.65,283778
KIRLOSENG,2023-12-04,591.25,600.0,579.0,593.9,308544
KIRLOSENG,2023-12-05,593.9,597.15,575.6,581.45,297487
KIRLOSENG,2023-12-06,584.9,609.8,584.9,599.15,435424
KIRLOSENG,2023-12-07,603.8,603.8,592.7,596.6,107084
KIRLOSENG,2023-12-08,600.0,621.0,596.6,610.25,395547
KIRLOSENG,2023-12-11,614.85,625.0,612.1,624.1,256568
KIRLOSENG,2023-12-12,624.0,627.7,613.05,625.0,393914
KIRLOSENG,2023-12-13,627.65,629.8,615.2,627.2,154630
KIRLOSENG,2023-12-14,634.0,640.0,626.2,636.45,259771
KIRLOSENG,2023-12-15,640.0,640.0,623.0,629.85,338372
KIRLOSENG,2023-12-18,627.0,639.0,623.9,636.55,105004
KIRLOSENG,2023-12-19,639.45,647.3,627.0,642.75,357956
KIRLOSENG,2023-12-20,645.0,652.4,620.0,635.1,274243
KIRLOSENG,2023-12-21,627.0,657.35,622.3,652.55,153939
KIRLOSENG,2023-12-22,656.35,662.0,643.35,659.35,519412
KIRLOSENG,2023-12-26,659.3,672.8,650.95,669.5,335879
KIRLOSENG,2023-12-27,667.55,678.8,657.2,662.25,743283
KIRLOSENG,2023-12-28,665.3,672.6,656.3,661.15,189507
KIRLOSENG,2023-12-29,664.5,671.55,653.0,655.45,266307
KIRLOSENG,2024-01-01,662.0,666.95,656.2,662.95,86230
KIRLOSENG,2024-01-02,662.45,670.0,658.3,664.05,149590
KIRLOSENG,2024-01-03,667.0,670.0,659.2,663.4,143823
KIRLOSENG,2024-01-04,666.9,676.0,665.15,671.05,138570
KIRLOSENG,2024-01-05,676.2,687.25,661.0,662.4,435539
KIRLOSENG,2024-01-08,662.45,671.45,646.75,657.5,138805
KIRLOSENG,2024-01-09,661.95,664.45,644.35,657.35,320593
KIRLOSENG,2024-01-10,666.0,687.15,660.2,678.15,244876
KIRLOSENG,2024-01-11,684.0,708.5,678.25,700.15,408489
KIRLOSENG,2024-01-12,705.7,714.0,688.5,705.05,342997
KIRLOSENG,2024-01-15,705.5,709.9,684.3,687.85,193128
KIRLOSENG,2024-01-16,692.7,695.6,675.0,687.6,129021
KIRLOSENG,2024-01-17,685.95,690.2,667.0,680.2,113397
KIRLOSENG,2024-01-18,690.0,708.0,682.0,697.4,402750
KIRLOSENG,2024-01-19,701.95,704.65,689.3,693.05,98321
KIRLOSENG,2024-01-23,693.7,696.6,669.5,680.5,112207
KIRLOSENG,2024-01-24,683.1,697.6,667.9,676.55,222743
KIRLOSENG,2024-01-25,680.0,691.55,679.65,689.15,86992
KIRLOSENG,2024-01-29,693.8,695.15,682.1,689.7,104682
KIRLOSENG,2024-01-30,692.4,713.65,682.1,694.15,204387
KIRLOSENG,2024-01-31,700.0,728.0,700.0,710.9,252295
KIRLOSENG,2024-02-01,712.0,714.5,696.1,707.6,77632
KIRLOSENG,2024-02-02,709.7,717.0,698.7,712.15,90328
KIRLOSENG,2024-02-05,712.2,716.35,698.8,712.6,166958
KIRLOSENG,2024-02-06,715.45,740.0,713.0,734.2,145428
KIRLOSENG,2024-02-07,737.85,771.0,736.95,768.1,245762
KIRLOSENG,2024-02-08,778.95,828.6,772.05,824.35,627745
KIRLOSENG,2024-02-09,832.3,858.0,803.8,846.55,336825
KIRLOSENG,2024-02-12,852.0,884.4,756.0,837.35,617925
KIRLOSENG,2024-02-13,847.0,874.0,774.5,817.05,459407
KIRLOSENG,2024-02-14,804.0,868.0,801.05,863.1,270228
KIRLOSENG,2024-02-15,867.45,897.15,854.2,864.8,578945
KIRLOSENG,2024-02-16,876.0,898.0,849.65,894.3,592048
KIRLOSENG,2024-02-19,899.85,920.65,881.0,905.25,405212
KIRLOSENG,2024-02-20,891.65,907.5,876.55,896.35,584274
KIRLOSENG,2024-02-21,903.05,903.05,885.0,890.55,315462
KIRLOSENG,2024-02-22,894.15,904.6,881.25,898.65,197850
KIRLOSENG,2024-02-23,909.25,948.95,909.25,940.1,411669
KIRLOSENG,2024-02-26,948.3,969.85,927.4,934.7,225073
KIRLOSENG,2024-02-27,936.0,950.55,908.4,915.0,120665
KIRLOSENG,2024-02-28,918.15,948.8,901.55,910.5,569658
KIRLOSENG,2024-02-29,909.6,937.6,898.05,913.3,382606
KIRLOSENG,2024-03-01,920.15,933.95,911.95,915.35,148645
KIRLOSENG,2024-03-04,917.8,917.8,894.05,898.0,181274
KIRLOSENG,2024-03-05,898.0,900.0,865.55,881.3,119017
KIRLOSENG,2024-03-06,876.95,881.0,833.6,838.15,254284
KIRLOSENG,2024-03-07,842.0,849.05,827.85,835.2,104675
KIRLOSENG,2024-03-11,831.0,837.45,794.35,808.25,159661
KIRLOSENG,2024-03-12,810.0,812.25,781.0,806.6,234244
KIRLOSENG,2024-03-13,808.95,815.95,747.5,760.65,356132
KIRLOSENG,2024-03-14,755.0,803.3,730.0,789.9,373382
KIRLOSENG,2024-03-15,782.45,879.7,780.0,854.1,412327
KIRLOSENG,2024-03-18,860.0,870.6,826.4,841.9,538681
KIRLOSENG,2024-03-19,841.95,845.0,826.45,834.4,83711
KIRLOSENG,2024-03-20,835.35,845.35,807.0,830.3,209743
KIRLOSENG,2024-03-21,837.7,869.0,832.7,855.35,374035
KIRLOSENG,2024-03-22,859.95,874.95,848.9,866.15,85628
KIRLOSENG,2024-03-26,866.0,866.15,842.05,852.25,68379
KIRLOSENG,2024-03-27,855.6,878.85,850.0,860.75,390430
KIRLOSENG,2024-03-28,860.75,895.45,856.0,859.45,508828
KIRLOSENG,2024-04-01,859.45,898.9,855.05,887.85,111100
KIRLOSENG,2024-04-02,888.05,916.9,874.0,901.8,414319
KIRLOSENG,2024-04-03,901.8,917.0,881.2,888.2,152447
KIRLOSENG,2024-04-04,894.05,930.0,894.05,904.7,172944
KIRLOSENG,2024-04-05,916.0,916.0,882.05,897.95,205801
KIRLOSENG,2024-04-08,898.0,907.85,887.95,899.75,329049
KIRLOSENG,2024-04-09,900.0,907.0,863.3,889.25,328413
KIRLOSENG,2024-04-10,884.6,900.0,874.0,891.95,204357
KIRLOSENG,2024-04-12,897.05,903.05,877.55,883.8,90041
KIRLOSENG,2024-04-15,850.55,890.75,845.0,867.35,222150
KIRLOSENG,2024-04-16,864.0,907.0,848.0,894.85,388189
KIRLOSENG,2024-04-18,892.65,904.0,881.6,893.05,157670
KIRLOSENG,2024-04-19,893.05,894.95,871.05,885.2,94877
KIRLOSENG,2024-04-22,892.4,949.95,885.65,935.5,540908
KIRLOSENG,2024-04-23,952.0,964.8,933.85,941.9,296755
KIRLOSENG,2024-04-24,945.0,958.95,935.05,953.25,109117
KIRLOSENG,2024-04-25,965.0,968.0,941.0,954.05,160727
KIRLOSENG,2024-04-26,962.0,1028.45,955.7,1018.3,896899
KIRLOSENG,2024-04-29,1039.0,1056.95,994.2,1008.5,261036
KIRLOSENG,2024-04-30,1010.0,1039.0,997.55,1022.35,182635
KIRLOSENG,2024-05-02,1024.5,1049.5,1010.0,1021.3,197574
KIRLOSENG,2024-05-03,1026.2,1043.45,995.0,1018.15,219829
KIRLOSENG,2024-05-06,1023.25,1035.0,999.0,1016.3,156442
KIRLOSENG,2024-05-07,1021.35,1038.25,974.4,1008.35,215175
KIRLOSENG,2024-05-08,1008.25,1055.0,990.0,1034.05,241252
KIRLOSENG,2024-05-09,1125.9,1169.95,1036.25,1054.1,2275806
KIRLOSENG,2024-05-10,1054.1,1065.0,1002.0,1042.4,936653
KIRLOSENG,2024-05-13,1044.95,1124.65,1040.0,1102.25,1460572
KIRLOSENG,2024-05-14,1108.0,1149.9,1105.65,1141.75,655452
KIRLOSENG,2024-05-15,1144.8,1201.0,1143.05,1184.85,578339
KIRLOSENG,2024-05-16,1198.0,1235.0,1191.6,1204.15,760218
KIRLOSENG,2024-05-17,1204.15,1300.0,1201.05,1289.8,645671
KIRLOSENG,2024-05-21,1290.0,1365.0,1256.55,1357.8,682185
KIRLOSENG,2024-05-22,1365.0,1379.0,1283.6,1297.85,277338
KIRLOSENG,2024-05-23,1300.0,1322.0,1242.1,1295.3,212640
KIRLOSENG,2024-05-24,1295.35,1302.55,1262.0,1285.15,108722
KIRLOSENG,2024-05-27,1285.0,1288.9,1233.1,1275.0,147899
KIRLOSENG,2024-05-28,1268.05,1277.15,1213.4,1223.3,171469
KIRLOSENG,2024-05-29,1220.0,1274.0,1205.05,1209.95,189489
KIRLOSENG,2024-05-30,1215.0,1227.0,1201.0,1207.8,87151
KIRLOSENG,2024-05-31,1216.85,1268.9,1172.4,1246.1,435042
KIRLOSENG,2024-06-03,1293.95,1322.4,1274.0,1318.85,411091
KIRLOSENG,2024-06-04,1322.0,1327.95,1090.0,1210.8,489091
KIRLOSENG,2024-06-05,1227.0,1259.0,1090.0,1210.05,689143
KIRLOSENG,2024-06-06,1211.05,1297.9,1201.65,1215.1,347552
KIRLOSENG,2024-06-07,1222.0,1259.95,1218.8,1241.45,118200
KIRLOSENG,2024-06-10,1249.9,1292.45,1208.3,1230.2,336148
KIRLOSENG,2024-06-11,1230.2,1291.0,1229.7,1280.55,325335
KIRLOSENG,2024-06-12,1293.85,1316.65,1281.05,1295.0,212798
KIRLOSENG,2024-06-13,1304.95,1320.15,1266.3,1289.85,158174
KIRLOSENG,2024-06-14,1303.5,1347.9,1295.0,1339.2,353707
KIRLOSENG,2024-06-18,1355.0,1429.65,1303.0,1319.35,592792
KIRLOSENG,2024-06-19,1330.0,1348.45,1285.0,1322.35,255416
KIRLOSENG,2024-06-20,1332.3,1356.85,1292.2,1341.35,187539
KIRLOSENG,2024-06-21,1370.0,1422.0,1355.15,1377.8,537902
KIRLOSENG,2024-06-24,1387.0,1414.8,1368.75,1402.55,349748
KIRLOSENG,2024-06-25,1406.55,1435.0,1368.0,1375.75,226907
KIRLOSENG,2024-06-26,1374.0,1418.0,1361.05,1398.95,108997
KIRLOSENG,2024-06-27,1405.0,1430.0,1350.1,1370.9,341283
KIRLOSENG,2024-06-28,1395.05,1421.45,1380.0,1393.25,218004
KIRLOSENG,2024-07-01,1413.95,1450.0,1399.6,1418.95,351178
KIRLOSENG,2024-07-02,1421.0,1450.0,1391.35,1401.1,151006
KIRLOSENG,2024-07-03,1417.45,1420.0,1385.7,1400.95,124618
KIRLOSENG,2024-07-04,1401.7,1411.5,1386.0,1388.65,331536
KIRLOSENG,2024-07-05,1389.0,1402.55,1380.0,1392.0,118651
KIRLOSENG,2024-07-08,1401.85,1402.7,1370.6,1386.55,123840
KIRLOSENG,2024-07-09,1395.0,1399.95,1375.0,1381.1,131093
KIRLOSENG,2024-07-10,1382.95,1391.7,1341.1,1363.15,127280
KIRLOSENG,2024-07-11,1358.15,1391.0,1347.25,1349.1,142603
KIRLOSENG,2024-07-12,1355.45,1364.0,1312.1,1321.8,145679
KIRLOSENG,2024-07-15,1319.9,1348.5,1315.05,1329.0,160010
KIRLOSENG,2024-07-16,1332.0,1338.15,1313.05,1317.9,65611
KIRLOSENG,2024-07-18,1324.25,1328.8,1287.0,1292.1,107352
KIRLOSENG,2024-07-19,1280.0,1299.6,1216.4,1231.5,231905
KIRLOSENG,2024-07-22,1225.0,1292.0,1199.05,1229.9,225795
KIRLOSENG,2024-07-23,1225.1,1243.55,1192.05,1221.85,113046
KIRLOSENG,2024-07-24,1223.25,1259.45,1215.1,1219.1,270848
KIRLOSENG,2024-07-25,1213.0,1236.45,1205.6,1216.8,119298
KIRLOSENG,2024-07-26,1215.0,1235.95,1203.3,1217.5,111362
KIRLOSENG,2024-07-29,1226.8,1250.0,1217.4,1223.05,143161
KIRLOSENG,2024-07-30,1230.0,1240.0,1210.75,1222.45,103767
KIRLOSENG,2024-07-31,1224.05,1247.85,1221.0,1234.2,239746
KIRLOSENG,2024-08-01,1248.0,1274.0,1192.75,1199.05,198018
KIRLOSENG,2024-08-02,1199.05,1226.8,1170.0,1178.6,237094
KIRLOSENG,2024-08-05,1140.0,1161.45,1096.05,1118.4,196139
KIRLOSENG,2024-08-06,1129.5,1158.4,1087.65,1094.45,298905
KIRLOSENG,2024-08-07,1126.9,1176.35,1126.9,1165.8,417223
KIRLOSENG,2024-08-08,1229.95,1232.0,1147.55,1156.15,441000
KIRLOSENG,2024-08-09,1165.0,1233.0,1161.0,1219.3,446397
KIRLOSENG,2024-08-12,1228.0,1280.0,1225.05,1275.7,538280
KIRLOSENG,2024-08-13,1284.75,1286.0,1225.0,1241.3,225755
KIRLOSENG,2024-08-14,1249.0,1275.0,1230.65,1252.15,305365
KIRLOSENG,2024-08-16,1261.75,1285.0,1257.7,1269.9,666044
KIRLOSENG,2024-08-19,1269.05,1298.4,1257.75,1275.25,352368
KIRLOSENG,2024-08-20,1282.0,1363.05,1282.0,1352.0,498838
KIRLOSENG,2024-08-21,1362.15,1379.7,1341.55,1369.75,423459
KIRLOSENG,2024-08-22,1367.95,1377.6,1316.2,1327.4,211026
KIRLOSENG,2024-08-23,1322.5,1332.8,1286.95,1323.85,266686
KIRLOSENG,2024-08-26,1320.0,1326.9,1286.15,1295.6,621168
KIRLOSENG,2024-08-27,1265.0,1324.0,1265.0,1310.15,371460
KIRLOSENG,2024-08-28,1315.8,1321.0,1290.6,1311.75,78777
KIRLOSENG,2024-08-29,1321.25,1321.25,1279.95,1282.55,68693
KIRLOSENG,2024-08-30,1284.85,1344.7,1280.05,1334.35,152351
KIRLOSENG,2024-09-02,1340.0,1355.55,1309.05,1347.55,486093
KIRLOSENG,2024-09-03,1354.9,1382.0,1335.05,1360.35,293380
KIRLOSENG,2024-09-04,1349.7,1404.85,1335.0,1362.45,365131
KIRLOSENG,2024-09-05,1368.85,1376.3,1315.05,1324.9,462971
KIRLOSENG,2024-09-06,1321.85,1343.75,1312.2,1325.1,657957
KIRLOSENG,2024-09-09,1315.05,1333.25,1271.0,1282.7,881888
KIRLOSENG,2024-09-10,1282.7,1329.0,1280.0,1313.0,343451
KIRLOSENG,2024-09-11,1320.75,1322.85,1276.05,1281.3,312199
KIRLOSENG,2024-09-12,1275.6,1306.95,1275.6,1299.45,110183
KIRLOSENG,2024-09-13,1299.45,1302.7,1280.0,1287.7,282729
KIRLOSENG,2024-09-16,1300.0,1304.35,1275.0,1281.7,239036
KIRLOSENG,2024-09-17,1280.0,1294.4,1276.8,1286.2,245142
KIRLOSENG,2024-09-18,1285.0,1290.0,1264.2,1277.3,188782
KIRLOSENG,2024-09-19,1283.25,1289.0,1232.05,1247.4,252001
KIRLOSENG,2024-09-20,1241.2,1275.0,1232.0,1246.3,244375
KIRLOSENG,2024-09-23,1214.0,1249.25,1208.05,1240.95,205460
KIRLOSENG,2024-09-24,1249.2,1249.25,1203.0,1207.35,227386
KIRLOSENG,2024-09-25,1209.0,1224.0,1195.0,1213.65,323284
KIRLOSENG,2024-09-26,1220.0,1240.2,1203.0,1209.95,298227
KIRLOSENG,2024-09-27,1209.0,1253.3,1197.6,1233.6,522352
KIRLOSENG,2024-09-30,1216.85,1241.5,1208.0,1229.3,176195
KIRLOSENG,2024-10-01,1201.75,1219.95,1175.0,1188.25,323449
KIRLOSENG,2024-10-03,1166.0,1196.95,1160.05,1174.75,155550
KIRLOSENG,2024-10-04,1183.85,1190.0,1135.4,1154.45,694301
KIRLOSENG,2024-10-07,1169.1,1176.95,1107.15,1114.6,173713
KIRLOSENG,2024-10-08,1114.6,1159.0,1110.0,1147.45,385638
KIRLOSENG,2024-10-09,1147.45,1192.05,1137.55,1144.3,242449
KIRLOSENG,2024-10-10,1153.15,1183.8,1152.55,1159.15,89491
KIRLOSENG,2024-10-11,1159.15,1193.25,1157.0,1171.9,126485
KIRLOSENG,2024-10-14,1179.9,1200.0,1170.05,1197.8,478760
KIRLOSENG,2024-10-15,1201.9,1232.6,1197.35,1226.8,342633
KIRLOSENG,2024-10-16,1230.0,1238.1,1194.1,1204.2,177117
KIRLOSENG,2024-10-17,1214.6,1248.85,1187.75,1205.0,156796
KIRLOSENG,2024-10-18,1204.0,1207.25,1174.05,1180.05,105017
KIRLOSENG,2024-10-21,1180.85,1189.4,1145.55,1160.65,164464
KIRLOSENG,2024-10-22,1157.0,1158.3,1095.55,1116.05,258773
KIRLOSENG,2024-10-23,1105.55,1139.9,1094.05,1132.05,209201
KIRLOSENG,2024-10-24,1140.75,1147.3,1068.05,1074.35,187014
KIRLOSENG,2024-10-25,1052.85,1054.95,1006.55,1016.15,504546
KIRLOSENG,2024-10-28,1001.0,1068.35,1001.0,1061.3,251827
KIRLOSENG,2024-10-29,1060.0,1105.0,1045.85,1097.1,139535
KIRLOSENG,2024-10-30,1097.7,1127.3,1090.0,1116.15,207723
KIRLOSENG,2024-10-31,1111.5,1158.95,1110.7,1146.95,226338
KIRLOSENG,2024-11-01,1146.0,1160.0,1142.9,1153.95,14905
KIRLOSENG,2024-11-04,1151.5,1154.8,1109.0,1125.45,92046
KIRLOSENG,2024-11-05,1111.05,1139.2,1098.0,1106.05,176867
KIRLOSENG,2024-11-06,1109.95,1202.0,1109.95,1192.95,488377
KIRLOSENG,2024-11-07,1204.65,1209.0,1165.9,1171.3,80664
KIRLOSENG,2024-11-08,1181.0,1209.0,1157.75,1174.5,102440
KIRLOSENG,2024-11-11,1187.35,1187.35,1155.15,1181.95,79925
KIRLOSENG,2024-11-12,1171.0,1190.0,1132.5,1137.7,71114
KIRLOSENG,2024-11-13,1164.95,1168.0,1091.0,1096.5,296515
KIRLOSENG,2024-11-14,1098.0,1189.0,1098.0,1137.4,876396
KIRLOSENG,2024-11-18,1153.85,1168.65,1115.0,1135.45,329318
KIRLOSENG,2024-11-19,1139.0,1168.95,1111.45,1120.3,285401
KIRLOSENG,2024-11-21,1113.0,1113.8,1055.2,1058.7,460499
KIRLOSENG,2024-11-22,1045.85,1086.85,1039.65,1066.45,258962
KIRLOSENG,2024-11-25,1094.0,1125.0,1077.0,1115.0,224021
KIRLOSENG,2024-11-26,1104.2,1132.9,1101.0,1109.05,197751
KIRLOSENG,2024-11-27,1118.0,1149.0,1115.0,1123.9,144772
KIRLOSENG,2024-11-28,1125.0,1170.0,1125.0,1156.95,243258
KIRLOSENG,2024-11-29,1156.15,1164.0,1106.15,1121.75,202079
KIRLOSENG,2024-12-02,1117.0,1121.55,1087.0,1090.0,285805
KIRLOSENG,2024-12-03,1101.4,1130.0,1088.1,1114.6,218232
KIRLOSENG,2024-12-04,1109.05,1118.95,1074.3,1100.8,564721
KIRLOSENG,2024-12-05,1100.0,1116.0,1089.0,1100.45,235632
KIRLOSENG,2024-12-06,1100.1,1125.0,1092.85,1121.7,247681
KIRLOSENG,2024-12-09,1132.3,1181.0,1128.3,1176.4,527866
KIRLOSENG,2024-12-10,1184.65,1195.0,1157.6,1174.25,360152
KIRLOSENG,2024-12-11,1167.0,1179.9,1147.55,1163.1,173992
KIRLOSENG,2024-12-12,1161.65,1171.35,1140.0,1145.2,119979
KIRLOSENG,2024-12-13,1142.3,1145.1,1104.05,1118.55,174630
KIRLOSENG,2024-12-16,1122.0,1122.1,1090.0,1112.55,172477
KIRLOSENG,2024-12-17,1112.55,1120.35,1101.35,1107.65,234452
KIRLOSENG,2024-12-18,1105.0,1105.25,1080.0,1086.75,149563
KIRLOSENG,2024-12-19,1081.15,1084.0,1040.25,1046.2,319456
KIRLOSENG,2024-12-20,1048.85,1061.0,1024.0,1034.15,314620
KIRLOSENG,2024-12-23,1040.0,1059.9,1005.35,1013.75,256960
KIRLOSENG,2024-12-24,1012.75,1027.0,1003.05,1014.75,208271
KIRLOSENG,2024-12-26,1020.0,1038.0,1004.0,1023.4,171912
KIRLOSENG,2024-12-27,1025.0,1046.55,1023.9,1034.0,140984
KIRLOSENG,2024-12-30,1030.0,1038.0,1013.6,1017.45,221309
KIRLOSENG,2024-12-31,1017.45,1036.3,1006.0,1027.15,132318
KIRLOSENG,2025-01-01,1027.05,1027.05,1000.4,1008.95,234407
KIRLOSENG,2025-01-02,1016.75,1048.8,1013.95,1043.05,281741
KIRLOSENG,2025-01-03,1042.0,1064.35,1037.05,1051.85,116796
KIRLOSENG,2025-01-06,1050.2,1052.1,987.4,1005.1,358269
KIRLOSENG,2025-01-07,1014.95,1020.0,999.3,1013.6,187036
KIRLOSENG,2025-01-08,1013.6,1016.45,981.0,990.7,175271
KIRLOSENG,2025-01-09,990.7,990.7,959.8,966.7,156695
KIRLOSENG,2025-01-10,960.1,966.7,938.0,941.75,291088
KIRLOSENG,2025-01-13,935.0,935.0,889.1,895.75,649049
KIRLOSENG,2025-01-14,900.0,948.5,896.0,941.05,204712
KIRLOSENG,2025-01-15,930.0,952.05,930.0,947.45,196513
KIRLOSENG,2025-01-16,957.0,959.4,939.05,945.2,82809
KIRLOSENG,2025-01-17,950.1,958.5,932.3,937.5,123621
KIRLOSENG,2025-01-20,937.0,948.0,922.1,931.6,196513
KIRLOSENG,2025-01-21,940.2,940.2,906.9,917.25,232893
KIRLOSENG,2025-01-22,917.25,938.0,900.0,929.9,339927
KIRLOSENG,2025-01-23,925.9,934.0,910.0,921.95,102470
KIRLOSENG,2025-01-24,925.75,930.9,882.0,887.35,116433
KIRLOSENG,2025-01-27,894.9,902.3,854.0,870.1,260548
KIRLOSENG,2025-01-28,874.7,884.8,828.0,844.45,242737
KIRLOSENG,2025-01-29,857.05,895.1,848.3,863.65,305163
KIRLOSENG,2025-01-30,870.1,892.95,865.2,882.0,74019
KIRLOSENG,2025-01-31,879.0,914.1,876.0,903.45,94620
KIRLOSENG,2025-02-01,909.15,927.0,861.9,873.4,124834
KIRLOSENG,2025-02-03,871.0,894.0,835.9,844.25,161294
KIRLOSENG,2025-02-04,850.0,863.25,845.3,853.2,254403
KIRLOSENG,2025-02-05,853.2,869.45,850.85,853.45,168994
KIRLOSENG,2025-02-06,856.6,864.0,833.95,839.7,132453
KIRLOSENG,2025-02-07,830.0,843.85,814.7,819.0,232648
KIRLOSENG,2025-02-10,825.3,835.0,811.85,820.05,125818
KIRLOSENG,2025-02-11,820.8,823.35,775.0,781.2,221341
KIRLOSENG,2025-02-12,741.35,784.2,691.0,748.5,2426531
KIRLOSENG,2025-02-13,748.55,760.0,711.0,715.8,499384
KIRLOSENG,2025-02-14,719.4,722.15,667.0,674.95,1004263
KIRLOSENG,2025-02-17,675.05,684.0,634.15,642.8,802054
KIRLOSENG,2025-02-18,642.8,651.85,615.15,620.9,769549
KIRLOSENG,2025-02-19,620.9,629.65,599.0,605.95,955151
KIRLOSENG,2025-02-20,603.0,610.0,590.3,594.3,1032537
KIRLOSENG,2025-02-21,595.0,639.8,571.7,585.3,2460935
KIRLOSENG,2025-02-24,585.3,610.0,575.45,599.35,965062
KIRLOSENG,2025-02-25,598.1,611.7,588.6,603.05,852264
KIRLOSENG,2025-02-27,601.2,606.6,572.6,578.1,407302
KIRLOSENG,2025-02-28,572.75,584.35,544.4,576.1,577711
KIRLOSENG,2025-03-03,581.55,592.95,571.0,578.45,929293
KIRLOSENG,2025-03-04,577.55,600.9,572.75,585.55,318955
KIRLOSENG,2025-03-05,581.2,604.75,578.4,601.7,430819
KIRLOSENG,2025-03-06,607.2,642.3,600.5,637.65,644978
KIRLOSENG,2025-03-07,635.0,688.85,635.0,652.0,1010132
KIRLOSENG,2025-03-10,651.05,664.2,629.2,645.5,563604
KIRLOSENG,2025-03-11,639.0,667.35,634.55,638.6,509345
KIRLOSENG,2025-03-12,637.0,654.35,630.2,646.9,409544
KIRLOSENG,2025-03-13,650.0,665.4,636.3,652.35,482961
KIRLOSENG,2025-03-17,659.95,676.05,647.5,667.95,657308
KIRLOSENG,2025-03-18,667.95,667.95,667.95,667.95,0
KIRLOSENG,2025-03-19,721.7,737.3,713.25,734.2,809889
KIRLOSENG,2025-03-20,741.4,762.0,711.75,725.1,806953
KIRLOSENG,2025-03-21,725.4,749.9,722.2,746.75,579840
KIRLOSENG,2025-03-24,752.4,762.0,742.7,750.7,400797
KIRLOSENG,2025-03-25,756.7,762.5,726.9,748.25,584048
KIRLOSENG,2025-03-26,748.0,757.75,691.6,720.6,499494
KIRLOSENG,2025-03-27,714.0,738.85,711.3,736.2,335715
KIRLOSENG,2025-03-28,738.7,741.9,717.1,719.75,291210
KIRLOSENG,2025-04-01,705.05,730.0,705.05,724.7,198918
KIRLOSENG,2025-04-02,723.9,732.95,702.3,729.2,132593
KIRLOSENG,2025-04-03,730.0,776.0,730.0,752.55,903633
KIRLOSENG,2025-04-04,753.95,755.35,714.8,723.1,391399
KIRLOSENG,2025-04-07,578.5,715.45,578.5,708.35,579820
KIRLOSENG,2025-04-08,714.05,733.45,705.0,714.1,248883
KIRLOSENG,2025-04-09,710.7,717.1,694.15,701.45,135098
KIRLOSENG,2025-04-11,718.3,729.75,710.15,726.15,229543
KIRLOSENG,2025-04-15,735.0,736.05,720.5,732.7,180054
KIRLOSENG,2025-04-16,733.2,761.0,728.55,757.75,446638
KIRLOSENG,2025-04-17,762.0,762.1,745.0,746.0,248813
KIRLOSENG,2025-04-21,746.0,758.0,734.3,750.2,229475
KIRLOSENG,2025-04-22,755.0,767.8,743.0,754.45,278087
KIRLOSENG,2025-04-23,756.0,764.8,743.0,757.85,336172
KIRLOSENG,2025-04-24,752.0,766.35,750.0,753.95,161432
KIRLOSENG,2025-04-25,759.75,759.75,723.0,734.85,218324
KIRLOSENG,2025-04-28,734.85,746.0,725.5,741.75,164763
KIRLOSENG,2025-04-29,741.75,753.45,739.0,748.5,137182
KIRLOSENG,2025-04-30,740.0,751.9,727.15,746.5,283839
KIRLOSENG,2025-05-02,744.7,748.3,731.1,739.2,136445
KIRLOSENG,2025-05-05,745.9,749.0,736.7,745.95,69050
KIRLOSENG,2025-05-06,744.05,745.5,721.0,725.45,609199
KIRLOSENG,2025-05-07,721.5,729.0,711.95,720.85,133709
KIRLOSENG,2025-05-08,721.7,728.0,689.25,694.7,189736
KIRLOSENG,2025-05-09,665.0,694.0,664.05,669.85,197722
KIRLOSENG,2025-05-12,708.0,723.65,695.15,699.45,377388
KIRLOSENG,2025-05-13,702.0,721.0,698.9,718.7,237648
KIRLOSENG,2025-05-14,723.5,741.95,713.25,735.2,382836
KIRLOSENG,2025-05-15,740.0,877.7,732.0,862.3,8436646
KIRLOSENG,2025-05-16,864.95,923.0,855.3,895.5,2506425
KIRLOSENG,2025-05-19,890.0,892.0,867.65,886.0,435336
KIRLOSENG,2025-05-20,889.75,904.0,871.0,879.75,285477
KIRLOSENG,2025-05-21,880.0,886.65,855.0,859.6,264635
KIRLOSENG,2025-05-22,862.0,870.35,845.45,851.1,158077
KIRLOSENG,2025-05-23,850.5,869.9,836.6,853.45,283991
KIRLOSENG,2025-05-26,859.85,886.0,851.2,867.75,240071
KIRLOSENG,2025-05-27,867.95,874.3,856.0,861.25,144240
KIRLOSENG,2025-05-28,865.0,876.5,848.3,852.7,214398
KIRLOSENG,2025-05-29,858.95,900.0,858.05,890.8,838059
KIRLOSENG,2025-05-30,901.0,921.9,892.5,904.65,1020563
KIRLOSENG,2025-06-02,915.0,916.15,880.05,881.95,283150
KIRLOSENG,2025-06-03,886.3,891.3,865.05,869.55,342155
KIRLOSENG,2025-06-04,872.0,890.0,866.9,875.2,183591
KIRLOSENG,2025-06-05,882.7,897.9,871.45,875.0,147245
KIRLOSENG,2025-06-06,872.0,880.9,866.6,869.65,143001
KIRLOSENG,2025-06-09,874.95,923.55,870.0,911.85,641594
KIRLOSENG,2025-06-10,921.95,925.0,897.45,899.0,221470
KIRLOSENG,2025-06-11,903.0,913.75,885.5,902.3,440749
KIRLOSENG,2025-06-12,906.3,933.1,891.0,896.15,602041
KIRLOSENG,2025-06-13,881.65,897.5,874.1,880.9,180079
KIRLOSENG,2025-06-16,880.0,880.0,837.0,868.95,421719
KIRLOSENG,2025-06-17,875.25,888.05,855.65,859.9,271155
KIRLOSENG,2025-06-18,863.0,863.95,850.5,855.35,426459
KIRLOSENG,2025-06-19,859.9,862.0,833.05,837.35,188410
KIRLOSENG,2025-06-20,835.0,851.95,825.6,846.3,246013
KIRLOSENG,2025-06-23,831.55,848.95,828.15,846.35,149857
KIRLOSENG,2025-06-24,855.0,865.0,847.0,849.95,118474
KIRLOSENG,2025-06-25,856.15,868.4,850.1,853.7,144954
KIRLOSENG,2025-06-26,858.0,877.8,855.0,867.6,324559
KIRLOSENG,2025-06-27,872.4,874.85,851.65,860.15,299866
KIRLOSENG,2025-06-30,870.0,870.0,845.5,851.05,364022
KIRLOSENG,2025-07-01,855.0,866.8,853.5,856.6,463600
KIRLOSENG,2025-07-02,864.2,864.2,840.0,847.5,301650
KIRLOSENG,2025-07-03,847.5,854.4,840.0,847.65,213852
KIRLOSENG,2025-07-04,853.0,865.0,841.9,855.45,420158
KIRLOSENG,2025-07-07,845.0,864.25,843.0,847.9,108564
KIRLOSENG,2025-07-08,847.9,853.6,830.8,833.95,147628
KIRLOSENG,2025-07-09,834.9,845.55,829.6,831.85,109062
KIRLOSENG,2025-07-10,833.65,939.9,833.65,918.1,4036219
KIRLOSENG,2025-07-11,906.7,966.9,896.05,914.85,5725415
KIRLOSENG,2025-07-14,913.9,932.35,904.8,921.35,584728
KIRLOSENG,2025-07-15,924.8,931.2,910.0,915.0,487213
KIRLOSENG,2025-07-16,918.8,957.5,915.7,945.25,970094
KIRLOSENG,2025-07-17,951.0,955.6,930.5,938.1,356384
KIRLOSENG,2025-07-18,935.05,937.9,913.25,917.85,262223
KIRLOSENG,2025-07-21,920.05,934.1,913.0,919.65,428680
KIRLOSENG,2025-07-22,927.5,927.5,904.0,908.6,180850
KIRLOSENG,2025-07-23,904.05,926.5,901.0,916.0,289919
KIRLOSENG,2025-07-24,916.0,945.0,911.35,940.35,339469
KIRLOSENG,2025-07-25,942.2,942.95,910.0,915.5,260311
KIRLOSENG,2025-07-28,915.0,916.6,892.7,902.65,171898
KIRLOSENG,2025-07-29,895.05,924.0,893.55,920.8,132864
KIRLOSENG,2025-07-30,924.6,931.9,913.8,918.15,64077
KIRLOSENG,2025-07-31,902.0,914.0,895.3,904.2,91555
KIRLOSENG,2025-08-01,903.0,907.2,865.1,872.3,99821
KIRLOSENG,2025-08-04,872.3,888.9,863.0,883.85,161701
KIRLOSENG,2025-08-05,880.0,890.7,859.2,865.1,102529
KIRLOSENG,2025-08-06,875.0,943.45,869.75,919.5,4618879
KIRLOSENG,2025-08-07,914.0,917.0,883.95,910.8,495767
KIRLOSENG,2025-08-08,909.45,919.05,896.8,904.85,293446
KIRLOSENG,2025-08-11,905.0,915.8,898.0,912.25,432839
KIRLOSENG,2025-08-12,910.65,914.4,888.35,896.2,240104
KIRLOSENG,2025-08-13,898.2,922.0,891.2,905.0,245991
KIRLOSENG,2025-08-14,905.0,919.75,898.7,902.5,210732
KIRLOSENG,2025-08-18,911.8,952.2,908.05,944.1,470473
KIRLOSENG,2025-08-19,952.0,978.0,940.0,961.3,966827
KIRLOSENG,2025-08-20,968.2,972.0,950.2,961.2,317142
KIRLOSENG,2025-08-21,969.0,969.0,931.3,946.85,249379
KIRLOSENG,2025-08-22,943.95,966.6,936.0,948.9,196116
KIRLOSENG,2025-08-25,948.9,988.0,948.15,976.7,874360
KIRLOSENG,2025-08-26,978.0,981.8,915.1,923.6,560452
KIRLOSENG,2025-08-28,910.0,917.95,894.25,900.2,219245
KIRLOSENG,2025-08-29,895.0,909.2,895.0,898.45,152381
KIRLOSENG,2025-09-01,896.0,919.0,892.4,916.4,193547
KIRLOSENG,2025-09-02,919.95,940.25,912.05,916.4,205933
KIRLOSENG,2025-09-03,910.0,911.85,870.95,893.5,713647
KIRLOSENG,2025-09-04,905.1,905.3,871.65,880.2,296194
KIRLOSENG,2025-09-05,885.0,885.0,862.0,866.5,261630
KIRLOSENG,2025-09-08,866.5,871.3,855.8,863.1,166512
KIRLOSENG,2025-09-09,863.1,878.35,861.0,863.0,131302
KIRLOSENG,2025-09-10,870.0,897.0,864.65,888.1,346801
KIRLOSENG,2025-09-11,891.0,894.95,880.0,881.95,119226
KIRLOSENG,2025-09-12,890.0,891.45,879.35,886.3,130621
KIRLOSENG,2025-09-15,891.55,899.95,887.0,889.35,85959
KIRLOSENG,2025-09-16,888.45,970.0,888.45,931.2,3812274
KIRLOSENG,2025-09-17,938.4,954.9,930.95,950.2,375712
KIRLOSENG,2025-09-18,951.4,958.0,935.5,941.3,170712
KIRLOSENG,2025-09-19,939.0,970.0,938.25,964.65,352026
KIRLOSENG,2025-09-22,975.0,976.8,954.0,965.0,199617
KIRLOSENG,2025-09-23,969.15,971.1,950.95,953.5,101433
KIRLOSENG,2025-09-24,953.0,984.2,950.0,973.0,377022
KIRLOSENG,2025-09-25,973.0,973.95,939.0,944.75,162349
KIRLOSENG,2025-09-26,938.0,950.0,913.4,915.2,175745
KIRLOSENG,2025-09-29,915.2,933.5,906.35,920.3,321860
KIRLOSENG,2025-09-30,921.8,927.0,904.4,918.8,100187
KIRLOSENG,2025-10-01,914.6,933.05,914.6,925.95,240461
KIRLOSENG,2025-10-03,928.0,928.5,893.15,901.75,227785
KIRLOSENG,2025-10-06,904.95,905.7,890.2,893.05,146227
KIRLOSENG,2025-10-07,897.45,900.05,877.5,881.1,183836
KIRLOSENG,2025-10-08,885.35,896.0,880.95,883.15,133804
KIRLOSENG,2025-10-09,887.45,888.8,875.05,880.35,71214
KIRLOSENG,2025-10-10,881.95,897.65,877.0,891.1,123463
KIRLOSENG,2025-10-13,889.85,892.0,876.5,884.3,80514
KIRLOSENG,2025-10-14,884.3,886.75,865.55,869.55,85619
KIRLOSENG,2025-10-15,876.0,879.0,867.0,875.8,56570
KIRLOSENG,2025-10-16,876.0,902.95,876.0,881.2,156530
KIRLOSENG,2025-10-17,881.1,897.65,873.2,890.1,170823
KIRLOSENG,2025-10-20,893.55,894.1,878.45,882.65,142541
KIRLOSENG,2025-10-21,882.8,898.0,882.0,894.95,32917
KIRLOSENG,2025-10-23,896.0,903.85,883.4,895.55,145970
KIRLOSENG,2025-10-24,896.5,913.5,893.8,899.3,177895
KIRLOSENG,2025-10-27,905.95,946.75,890.9,941.35,325433
KIRLOSENG,2025-10-28,941.35,1014.9,938.05,1005.7,3995688
KIRLOSENG,2025-10-29,1005.0,1025.0,986.0,1018.1,782781
KIRLOSENG,2025-10-30,1015.0,1029.0,1005.0,1016.6,336016
KIRLOSENG,2025-10-31,1018.0,1023.0,997.4,999.9,200692
KIRLOSENG,2025-11-03,990.1,1023.0,990.1,1018.95,346406
KIRLOSENG,2025-11-04,1018.35,1039.85,1001.9,1015.2,533970
KIRLOSENG,2025-11-06,1012.7,1029.0,968.85,988.55,285222
KIRLOSENG,2025-11-07,980.0,981.35,955.0,964.35,187723
KIRLOSENG,2025-11-10,961.0,966.15,945.0,954.5,162165
KIRLOSENG,2025-11-11,950.0,960.65,933.2,945.4,101811
KIRLOSENG,2025-11-12,1010.0,1100.0,1010.0,1058.65,11370557
KIRLOSENG,2025-11-13,1060.0,1094.35,1054.75,1084.9,1490971
KIRLOSENG,2025-11-14,1070.0,1099.4,1064.25,1092.05,1008020
KIRLOSENG,2025-11-17,1102.45,1122.4,1091.45,1109.9,639184
KIRLOSENG,2025-11-18,1114.0,1148.0,1101.45,1141.6,727156
KIRLOSENG,2025-11-19,1145.0,1185.5,1136.6,1177.2,1203236
KIRLOSENG,2025-11-20,1177.0,1194.95,1160.0,1181.45,578678
KIRLOSENG,2025-11-21,1179.05,1180.15,1151.05,1163.2,235733
KIRLOSENG,2025-11-24,1163.9,1172.0,1123.1,1130.0,290689
KIRLOSENG,2025-11-25,1129.0,1163.85,1120.1,1157.5,178174
KIRLOSENG,2025-11-26,1157.95,1167.1,1142.15,1147.85,114689
KIRLOSENG,2025-11-27,1147.75,1162.55,1128.15,1141.7,124251
KIRLOSENG,2025-11-28,1147.25,1156.85,1114.65,1124.85,113233
KIRLOSENG,2025-12-01,1138.5,1155.8,1114.3,1118.1,205892
KIRLOSENG,2025-12-02,1123.6,1127.5,1105.0,1113.6,84817
KIRLOSENG,2025-12-03,1119.2,1172.0,1068.3,1085.2,1021637
KIRLOSENG,2025-12-04,1085.8,1180.0,1083.3,1165.1,3030054
KIRLOSENG,2025-12-05,1159.0,1162.4,1116.3,1130.8,474065
KIRLOSENG,2025-12-08,1130.0,1154.0,1091.5,1096.8,450111
KIRLOSENG,2025-12-09,1098.8,1140.0,1078.1,1123.4,456314
KIRLOSENG,2025-12-10,1124.9,1144.7,1102.3,1112.5,171757
KIRLOSENG,2025-12-11,1112.4,1126.5,1097.4,1116.3,80137
KIRLOSENG,2025-12-12,1110.0,1148.9,1109.6,1144.6,165950
KIRLOSENG,2025-12-15,1144.6,1163.0,1125.6,1136.1,133584
KIRLOSENG,2025-12-16,1136.1,1263.7,1136.1,1227.1,4788476
KIRLOSENG,2025-12-17,1237.0,1290.0,1212.9,1281.4,4793330
KIRLOSENG,2025-12-18,1254.9,1303.3,1214.7,1285.4,1626968
KIRLOSENG,2025-12-19,1280.0,1294.2,1240.0,1244.8,606280
KIRLOSENG,2025-12-22,1258.3,1329.0,1255.4,1311.9,1856879
KIRLOSENG,2025-12-23,1309.0,1327.6,1281.1,1298.3,492681
KIRLOSENG,2025-12-24,1290.1,1296.0,1259.0,1263.6,194350
KIRLOSENG,2025-12-26,1263.6,1275.0,1243.3,1269.8,231331
KIRLOSENG,2025-12-29,1269.8,1269.8,1203.1,1222.4,513192
KIRLOSENG,2025-12-30,1216.1,1231.1,1201.0,1224.3,239156
KIRLOSENG,2025-12-31,1221.1,1226.0,1203.2,1218.8,150581
KIRLOSENG,2026-01-01,1224.0,1257.6,1206.3,1230.5,372204
KIRLOSENG,2026-01-02,1237.4,1269.0,1215.2,1261.1,711370
KIRLOSENG,2026-01-05,1260.0,1278.5,1240.0,1254.3,271889
KIRLOSENG,2026-01-06,1254.0,1273.8,1242.0,1246.7,196543
KIRLOSENG,2026-01-07,1247.0,1265.3,1209.4,1221.5,365285
KIRLOSENG,2026-01-08,1221.5,1238.0,1172.1,1181.3,234112
KIRLOSENG,2026-01-09,1173.2,1204.5,1150.1,1156.9,185389
KIRLOSENG,2026-01-12,1140.0,1140.0,1104.1,1125.9,414171
KIRLOSENG,2026-01-13,1135.5,1160.1,1124.5,1150.7,163316
KIRLOSENG,2026-01-14,1150.0,1172.1,1138.9,1166.7,154265
KIRLOSENG,2026-01-16,1171.8,1192.0,1160.0,1170.3,142761
KIRLOSENG,2026-01-19,1162.0,1162.8,1123.5,1131.8,144038
KIRLOSENG,2026-01-20,1132.0,1133.3,1086.8,1099.0,259823
KIRLOSENG,2026-01-21,1085.0,1118.9,1058.5,1103.0,253919
KIRLOSENG,2026-01-22,1115.0,1128.9,1095.5,1113.1,92210
KIRLOSENG,2026-01-23,1117.7,1127.5,1090.6,1094.2,108071
KIRLOSENG,2026-01-27,1100.0,1114.0,1073.5,1098.0,198648
KIRLOSENG,2026-01-28,1102.0,1118.0,1094.4,1113.2,114170
KIRLOSENG,2026-01-29,1117.8,1131.5,1077.5,1118.5,169953
KIRLOSENG,2026-01-30,1118.0,1180.0,1107.1,1174.0,345263
KIRLOSENG,2026-02-02,1140.4,1156.3,1101.3,1152.3,113724
KIRLOSENG,2026-02-03,1213.6,1213.6,1142.0,1181.0,519583
KIRLOSENG,2026-02-04,1186.3,1249.0,1162.3,1229.3,209441
KIRLOSENG,2026-02-05,1229.3,1234.2,1193.1,1197.8,93526
KIRLOSENG,2026-02-06,1190.9,1194.8,1153.0,1170.6,176666
KIRLOSENG,2026-02-09,1177.9,1223.5,1177.9,1218.5,192335
KIRLOSENG,2026-02-10,1233.0,1272.8,1205.0,1264.7,290173
KIRLOSENG,2026-02-11,1276.0,1328.9,1242.3,1324.6,700220
KIRLOSENG,2026-02-12,1350.0,1434.9,1285.0,1337.0,5063114
KIRLOSENG,2026-02-13,1340.0,1394.4,1330.2,1379.9,1586476
KIRLOSENG,2026-02-16,1386.7,1421.7,1378.8,1412.0,997949
KIRLOSENG,2026-02-17,1415.3,1475.5,1406.1,1427.9,1177260
KIRLOSENG,2026-02-18,1430.5,1441.4,1392.0,1417.0,531126
KIRLOSENG,2026-02-19,1417.0,1433.8,1407.1,1422.3,377330
KIRLOSENG,2026-02-20,1418.1,1433.5,1407.1,1418.5,398662
KIRLOSENG,2026-02-23,1420.0,1429.3,1372.3,1397.6,226740
KIRLOSENG,2026-02-24,1403.0,1417.2,1361.0,1392.8,150058
KIRLOSENG,2026-02-25,1385.0,1425.0,1385.0,1407.9,206060
KIRLOSENG,2026-02-26,1407.9,1427.9,1380.1,1396.3,138193
KIRLOSENG,2026-02-27,1396.3,1400.0,1363.3,1393.2,217691
KIRLOSENG,2026-03-02,1320.0,1420.6,1265.0,1405.5,361536
KIRLOSENG,2026-03-04,1376.9,1423.8,1351.9,1416.5,293025
KIRLOSENG,2026-03-05,1410.0,1474.6,1409.8,1468.0,722345
KIRLOSENG,2026-03-06,1476.0,1530.0,1476.0,1510.5,1228733
KIRLOSENG,2026-03-09,1515.0,1519.5,1437.9,1454.8,551382
KIRLOSENG,2026-03-10,1469.0,1471.6,1419.0,1437.2,326954
KIRLOSENG,2026-03-11,1449.0,1478.1,1423.2,1450.4,262547
KIRLOSENG,2026-03-12,1449.1,1494.7,1404.9,1468.9,375909
KIRLOSENG,2026-03-13,1464.0,1500.5,1427.5,1451.3,455691
KIRLOSENG,2026-03-16,1449.0,1509.0,1421.5,1470.2,625938
KIRLOSENG,2026-03-17,1468.0,1468.0,1431.4,1441.6,232020
KIRLOSENG,2026-03-18,1447.8,1467.9,1434.0,1435.6,225472
KIRLOSENG,2026-03-19,1424.4,1442.9,1401.4,1421.3,144769
KIRLOSENG,2026-03-20,1424.8,1442.5,1360.0,1376.7,284824
KIRLOSENG,2026-03-23,1366.2,1371.0,1275.2,1287.7,228162
KIRLOSENG,2026-03-24,1309.9,1335.0,1254.9,1327.9,386078
KIRLOSENG,2026-03-25,1330.0,1400.9,1330.0,1392.4,221144
KIRLOSENG,2026-03-27,1378.0,1379.6,1329.0,1347.4,315399
KIRLOSENG,2026-03-30,1321.0,1342.7,1294.0,1328.9,237475
KIRLOSENG,2026-04-01,1354.4,1412.0,1344.9,1367.0,306560
KIRLOSENG,2026-04-02,1352.0,1399.9,1320.3,1383.9,235129
KIRLOSENG,2026-04-06,1381.1,1445.0,1368.9,1416.4,323459
KIRLOSENG,2026-04-07,1406.8,1410.0,1387.8,1398.3,137110
KIRLOSENG,2026-04-08,1450.1,1476.6,1420.0,1465.4,551883
KIRLOSENG,2026-04-09,1479.0,1489.0,1440.6,1457.9,271464
KIRLOSENG,2026-04-10,1465.1,1495.0,1443.3,1473.2,514787
KIRLOSENG,2026-04-13,1443.7,1506.3,1414.0,1485.0,391848
KIRLOSENG,2026-04-15,1520.0,1613.2,1500.0,1597.0,1408894
KIRLOSENG,2026-04-16,1618.0,1664.0,1584.7,1617.0,830781
KIRLOSENG,2026-04-17,1609.1,1638.4,1587.0,1618.4,293225
KIRLOSENG,2026-04-20,1625.0,1687.5,1613.5,1639.9,620064
KIRLOSENG,2026-04-21,1650.0,1670.0,1630.1,1663.3,715060
KIRLOSENG,2026-04-22,1655.0,1675.0,1632.4,1640.1,285318
KIRLOSENG,2026-04-23,1632.0,1676.7,1599.7,1610.3,362024
KIRLOSENG,2026-04-24,1613.0,1636.6,1571.6,1591.1,284221
KIRLOSENG,2026-04-27,1616.8,1696.7,1605.0,1681.0,712802
KIRLOSENG,2026-04-28,1679.1,1740.8,1676.0,1724.4,534846
KIRLOSENG,2026-04-29,1724.4,1745.9,1696.0,1699.1,368050
KIRLOSENG,2026-04-30,1697.0,1729.9,1685.0,1698.2,418018
KIRLOSENG,2026-05-01,1698.2,1698.2,1698.2,1698.2,0
KIRLOSENG,2026-05-04,1701.1,1755.0,1701.1,1723.6,239556
KIRLOSENG,2026-05-05,1732.2,1749.9,1715.2,1737.1,175993
KIRLOSENG,2026-05-06,1740.0,1752.4,1666.2,1709.2,560823
KIRLOSENG,2026-05-07,1718.8,1765.0,1710.3,1727.9,320515
KIRLOSENG,2026-05-08,1729.8,1749.9,1722.0,1728.9,124199
KIRLOSENG,2026-05-11,1732.1,1738.8,1653.9,1660.0,234734
KIRLOSENG,2026-05-12,1650.1,1656.6,1543.1,1561.1,433495
KIRLOSENG,2026-05-13,1564.9,1650.0,1562.1,1599.6,389959
KIRLOSENG,2026-05-14,1623.9,1656.2,1580.4,1596.6,166620
KIRLOSENG,2026-05-15,1623.2,1775.0,1536.1,1740.2,1983674
KIRLOSENG,2026-05-18,1739.0,1739.0,1672.3,1700.0,377962
KIRLOSENG,2026-05-19,1691.6,1707.5,1632.2,1660.3,628650
KIRLOSENG,2026-05-20,1658.0,1677.0,1630.0,1663.1,318558
KIRLOSENG,2026-05-21,1682.9,1698.9,1653.8,1674.7,174854
KIRLOSENG,2026-05-22,1674.7,1703.9,1647.0,1671.0,266186
KIRLOSENG,2026-05-25,1665.0,1737.9,1656.3,1702.8,384673
KIRLOSENG,2026-05-26,1701.0,1774.9,1696.0,1750.8,487883
KIRLOSENG,2026-05-27,1745.1,1836.0,1745.1,1830.0,618271
KIRLOSENG,2026-05-28,1830.0,1830.0,1830.0,1830.0,0
KIRLOSENG,2026-05-29,1834.5,1943.7,1821.9,1928.0,1104553
KIRLOSENG,2026-06-01,1930.2,1990.8,1882.0,1918.5,591047
KIRLOSENG,2026-06-02,1885.0,1941.1,1842.7,1856.9,648217
KIRLOSENG,2026-06-03,1872.1,1913.4,1855.0,1889.5,250338
KIRLOSENG,2026-06-04,1898.1,1981.7,1869.3,1949.9,498919
KIRLOSENG,2026-06-05,1974.0,1974.0,1902.3,1913.3,248496
KIRLOSENG,2026-06-08,1837.0,1907.6,1834.0,1854.0,265667
KIRLOSENG,2026-06-09,1859.9,1877.7,1831.4,1851.3,110895
KIRLOSENG,2026-06-10,1860.0,1871.5,1807.7,1817.8,151597
KIRLOSENG,2026-06-11,1810.0,1847.0,1791.1,1797.9,267599
KIRLOSENG,2026-06-12,1809.0,1905.0,1809.0,1890.5,238134
KIRLOSENG,2026-06-15,1952.9,1975.0,1914.8,1933.8,317640
KIRLOSENG,2026-06-16,1953.1,1964.8,1910.0,1918.5,187561
KIRLOSENG,2026-06-17,1915.0,2013.0,1915.0,1988.7,369553
KIRLOSENG,2026-06-18,2008.0,2052.7,1972.2,1983.5,510072
KIRLOSENG,2026-06-19,1991.3,2022.0,1948.0,1991.5,343321
KIRLOSENG,2026-06-22,2200.0,2389.8,2200.0,2389.8,1794366
KIRLOSENG,2026-06-23,2501.0,2720.0,2430.2,2504.3999,12991735
KIRLOSENG,2026-06-24,2463.8999,2593.0,2412.3999,2563.6001,3825730
KIRLOSENG,2026-06-25,2560.0,2560.0,2450.0,2484.3,1194137
KIRLOSENG,2026-06-26,2484.3,2484.3,2484.3,2484.3,0
KIRLOSENG,2026-06-29,2480.0,2500.0,2390.1001,2441.1001,1061555
KIRLOSENG,2026-06-30,2443.5,2462.7,2350.0,2364.0,777327
KIRLOSENG,2026-07-01,2375.8,2460.0,2330.0,2341.1001,876198
KIRLOSENG,2026-07-02,2350.0,2413.5,2302.2,2321.3999,558697
KIRLOSENG,2026-07-03,2344.0,2344.0,2220.0,2230.8,534975
KIRLOSENG,2026-07-06,2294.0,2410.0,2254.1001,2265.6001,2168030
KIRLOSENG,2026-07-07,2287.6001,2360.6001,2239.7,2269.8999,1004327
KIRLOSENG,2026-07-08,2274.1001,2328.0,2250.2,2277.0,1027377
KIRLOSENG,2026-07-09,2295.3999,2436.3999,2290.1001,2424.8,1094132
KIRLOSENG,2026-07-10,2456.8,2503.0,2435.0,2491.8999,615721
KIRLOSENG,2026-07-13,2485.0,2572.0,2420.0,2436.2,655715
KIRLOSENG,2026-07-14,2435.0,2435.0,2345.6001,2362.3,401445
KIRLOSENG,2026-07-15,2383.0,2434.7,2371.0,2414.2,247981
KIRLOSENG,2026-07-16,2431.0,2440.0,2353.0,2396.1001,214809
KIRLOSENG,2026-07-17,2394.1001,2394.1001,2240.0,2255.7,531976
KIRLOSENG,2026-07-20,2255.7,2314.8,2212.8999,2221.7,414713
KIRLOSENG,2026-07-21,2222.0,2270.3,2215.0,2221.7,246362
KIRLOSENG,2026-07-22,2225.0,2233.8999,2144.1001,2187.8999,434352
KIRLOSENG,2026-07-23,2187.8,2235.2,2154.2,2179.0,361381
KIRLOSENG,2026-07-24,2174.8999,2211.0,2132.3999,2182.5,212143
KIRLOSENG,2026-07-27,2190.0,2298.0,2141.0,2283.1001,537005
KIRLOSENG,2026-07-28,2283.1001,2283.1001,2175.5,2192.2,365332
KIRLOSENG,2026-07-29,2203.1001,2219.3999,2166.1001,2180.8999,198346
KIRLOSENG,2026-07-30,2194.5,2196.0,2110.0,2132.8999,278151
KIRLOSENG,2026-07-31,2173.0,2275.0,2145.0,2189.8,764099
KIRLOSENG,2026-08-03,2190.0,2246.8999,2157.5,2225.2,271651
KIRLOSENG,2026-08-04,2223.0,2286.0,2223.0,2273.8999,489300
KIRLOSENG,2026-08-05,2298.0,2300.5,2222.0,2241.3999,299321
KIRLOSENG,2026-08-06,2221.3999,2278.5,2200.0,2248.8999,372981
KIRLOSENG,2026-08-07,2028.1,2214.0,1999.0,2161.7,1420885
KIRLOSENG,2026-08-10,2150.7,2150.7,2045.0,2131.2,917334
KIRLOSENG,2026-08-11,2145.0,2148.2,2054.5,2101.5,662007
KIRLOSENG,2026-08-12,2101.5,2122.3999,2041.1,2053.3999,449080
KIRLOSENG,2026-08-13,2075.2,2120.2,2047.9,2059.8999,366576
KIRLOSENG,2026-08-14,2069.8999,2111.8999,2069.8999,2100.1001,304869
KIRLOSENG,2026-08-17,2100.1001,2122.0,2070.0,2101.6001,327449
KIRLOSENG,2026-08-18,2101.5,2130.0,2076.5,2125.7,200593
KIRLOSENG,2026-08-19,2116.0,2118.2,2065.8999,2079.8999,419323
KIRLOSENG,2026-08-20,2094.0,2177.0,2080.3,2150.1001,429267
KIRLOSENG,2026-08-21,2168.0,2168.0,2076.1001,2100.8,450739
KIRLOSENG,2026-08-24,2106.0,2121.8999,2055.1001,2068.3,357890
KIRLOSENG,2026-08-25,2075.0,2088.2,2025.8,2029.3,270982
KIRLOSENG,2026-08-26,2059.3,2077.8,2030.0,2036.6,130801
KIRLOSENG,2026-08-27,2060.0,2120.0,2024.1,2100.2,521433
KIRLOSENG,2026-08-28,2119.3999,2144.3999,2090.3999,2123.1001,332403
KIRLOSENG,2026-08-31,2119.8999,2120.0,2057.0,2099.3999,414064
KIRLOSENG,2026-09-01,2099.0,2145.0,2077.2,2138.3,385511
KIRLOSENG,2026-09-02,2142.8999,2180.0,2091.8,2160.8999,498719
KIRLOSENG,2026-09-03,2190.5,2289.0,2115.1001,2267.6001,1330225
KIRLOSENG,2026-09-04,2270.0,2279.0,2182.2,2201.8999,365394
