symbol,date,open,high,low,close,volume
PLASTIBLEN,2006-12-28,55.05,55.05,45.55,46.1125,5724
PLASTIBLEN,2006-12-29,47.5,48.0,46.55,48.0,1100
PLASTIBLEN,2007-01-02,47.75,48.225,47.5125,48.0,540
PLASTIBLEN,2007-01-03,47.25,47.25,47.25,47.25,300
PLASTIBLEN,2007-01-04,40.0,49.8625,40.0,48.125,400
PLASTIBLEN,2007-01-05,47.975,47.975,47.975,47.975,100
PLASTIBLEN,2007-01-08,47.975,47.975,47.975,47.975,0
PLASTIBLEN,2007-01-09,54.6625,54.6625,45.025,48.0,3952
PLASTIBLEN,2007-01-10,49.45,52.2375,47.375,47.4875,1720
PLASTIBLEN,2007-01-11,46.7625,49.1,46.7625,46.8,2660
PLASTIBLEN,2007-01-12,45.8,49.2,45.8,46.75,2760
PLASTIBLEN,2007-01-15,46.2625,46.375,46.2625,46.375,800
PLASTIBLEN,2007-01-16,46.375,47.45,40.0,47.45,7200
PLASTIBLEN,2007-01-17,48.7375,48.7375,47.125,47.125,320
PLASTIBLEN,2007-01-18,48.6875,48.6875,47.475,48.45,880
PLASTIBLEN,2007-01-19,47.5,48.0,46.375,48.0,180
PLASTIBLEN,2007-01-22,45.0,45.0,41.05,44.375,28000
PLASTIBLEN,2007-01-23,42.6375,43.7125,42.5,42.6375,5064
PLASTIBLEN,2007-01-24,41.4,42.9875,41.4,42.1125,9200
PLASTIBLEN,2007-01-25,42.75,49.6125,42.25,43.2375,19600
PLASTIBLEN,2007-01-29,44.5,44.5,43.775,44.025,2600
PLASTIBLEN,2007-01-31,43.55,44.225,43.5,44.225,1324
PLASTIBLEN,2007-02-01,43.25,43.5625,43.25,43.5625,492
PLASTIBLEN,2007-02-02,43.75,46.875,43.2875,43.8125,3520
PLASTIBLEN,2007-02-05,43.75,43.75,43.5,43.6875,1860
PLASTIBLEN,2007-02-06,43.25,45.5,40.0,42.925,4000
PLASTIBLEN,2007-02-07,41.85,43.5,41.85,43.025,2972
PLASTIBLEN,2007-02-08,42.5,43.25,42.4875,43.25,2568
PLASTIBLEN,2007-02-09,42.0875,43.25,42.0,42.0,3864
PLASTIBLEN,2007-02-12,41.25,41.25,41.25,41.25,80
PLASTIBLEN,2007-02-13,45.25,45.25,41.75,43.0875,3080
PLASTIBLEN,2007-02-14,41.75,41.75,41.75,41.75,400
PLASTIBLEN,2007-02-15,42.25,43.225,42.25,43.2,552
PLASTIBLEN,2007-02-19,41.7625,42.0,41.7625,42.0,800
PLASTIBLEN,2007-02-20,42.0,42.0,42.0,42.0,0
PLASTIBLEN,2007-02-21,42.25,42.25,41.5125,41.5125,200
PLASTIBLEN,2007-02-22,42.0,42.0,40.6875,42.0,16
PLASTIBLEN,2007-02-23,40.0125,43.75,40.0125,42.45,1404
PLASTIBLEN,2007-02-26,43.6125,43.6125,40.0875,40.25,320
PLASTIBLEN,2007-02-27,40.75,40.75,40.75,40.75,200
PLASTIBLEN,2007-02-28,39.875,48.2375,38.75,40.6375,2788
PLASTIBLEN,2007-03-01,39.75,40.875,39.6375,40.775,1200
PLASTIBLEN,2007-03-02,39.7625,39.8,39.75,39.775,2660
PLASTIBLEN,2007-03-05,39.7625,42.4875,37.625,37.625,3200
PLASTIBLEN,2007-03-06,38.0,41.75,37.5,37.5,4724
PLASTIBLEN,2007-03-07,36.3375,38.0,36.275,37.5125,860
PLASTIBLEN,2007-03-08,37.5125,37.5125,37.5125,37.5125,0
PLASTIBLEN,2007-03-09,36.7875,36.7875,36.775,36.775,200
PLASTIBLEN,2007-03-12,35.825,36.625,35.825,36.625,8
PLASTIBLEN,2007-03-13,37.5,41.25,37.5,41.25,160
PLASTIBLEN,2007-03-14,41.75,41.75,41.75,41.75,60
PLASTIBLEN,2007-03-15,40.0,41.25,36.625,39.875,1840
PLASTIBLEN,2007-03-16,39.875,39.875,39.875,39.875,0
PLASTIBLEN,2007-03-19,37.25,38.75,37.25,38.75,800
PLASTIBLEN,2007-03-20,37.5,40.0,37.5,40.0,400
PLASTIBLEN,2007-03-21,37.5375,39.75,37.5375,38.75,12400
PLASTIBLEN,2007-03-22,39.25,40.25,39.125,39.125,500
PLASTIBLEN,2007-03-23,37.75,39.75,37.75,39.75,400
PLASTIBLEN,2007-03-26,40.125,40.125,37.5125,37.5125,500
PLASTIBLEN,2007-03-28,38.5,38.5,37.5125,38.5,268
PLASTIBLEN,2007-03-29,38.2625,38.7625,38.2625,38.7625,372
PLASTIBLEN,2007-03-30,38.5,41.0,38.5,39.8625,4400
PLASTIBLEN,2007-04-02,39.5,39.5,38.75,38.775,1000
PLASTIBLEN,2007-04-03,38.5,38.5,38.0,38.0,580
PLASTIBLEN,2007-04-04,38.0,38.0,38.0,38.0,0
PLASTIBLEN,2007-04-05,38.5,40.25,38.5,40.25,400
PLASTIBLEN,2007-04-09,38.75,40.75,38.75,40.75,400
PLASTIBLEN,2007-04-10,40.5,40.5,40.5,40.5,580
PLASTIBLEN,2007-04-11,40.25,40.25,38.75,38.9,4000
PLASTIBLEN,2007-04-12,38.75,38.75,38.75,38.75,800
PLASTIBLEN,2007-04-13,38.5,38.5,38.5,38.5,100
PLASTIBLEN,2007-04-16,38.9875,38.9875,38.9875,38.9875,200
PLASTIBLEN,2007-04-17,38.0,39.6375,38.0,39.6375,1140
PLASTIBLEN,2007-04-18,39.0,39.0,39.0,39.0,100
PLASTIBLEN,2007-04-19,38.75,39.0,38.75,38.95,760
PLASTIBLEN,2007-04-20,38.95,38.95,38.95,38.95,0
PLASTIBLEN,2007-04-23,39.25,39.25,37.2125,38.375,1072
PLASTIBLEN,2007-04-24,37.55,38.0,36.875,38.0,800
PLASTIBLEN,2007-04-25,38.0,38.0,38.0,38.0,0
PLASTIBLEN,2007-04-26,38.0,38.0,37.75,37.7625,1000
PLASTIBLEN,2007-04-27,38.0,39.65,37.45,39.0875,1416
PLASTIBLEN,2007-04-30,37.4375,40.0,37.4375,39.875,1340
PLASTIBLEN,2007-05-03,39.875,39.875,39.875,39.875,0
PLASTIBLEN,2007-05-04,38.1875,40.375,38.1875,38.5,1460
PLASTIBLEN,2007-05-07,37.75,38.0125,37.5875,38.0125,800
PLASTIBLEN,2007-05-08,37.7625,38.75,37.7625,38.75,440
PLASTIBLEN,2007-05-09,39.875,39.875,39.875,39.875,8
PLASTIBLEN,2007-05-10,39.875,39.875,39.875,39.875,0
PLASTIBLEN,2007-05-11,38.525,40.0,38.525,40.0,180
PLASTIBLEN,2007-05-14,38.0625,39.4875,38.0375,38.2,4676
PLASTIBLEN,2007-05-15,38.25,38.5,38.125,38.125,3200
PLASTIBLEN,2007-05-16,38.0125,39.75,38.0,39.0,1600
PLASTIBLEN,2007-05-17,40.0,40.0,38.25,39.675,880
PLASTIBLEN,2007-05-18,38.0,39.5,38.0,39.175,1108
PLASTIBLEN,2007-05-21,37.925,39.25,37.8875,39.25,620
PLASTIBLEN,2007-05-22,38.375,39.625,38.375,39.625,800
PLASTIBLEN,2007-05-23,37.775,39.625,37.775,39.625,400
PLASTIBLEN,2007-05-24,38.025,39.625,38.025,39.625,284
PLASTIBLEN,2007-05-25,38.0375,38.2,38.0375,38.2,1600
PLASTIBLEN,2007-05-28,38.5,38.625,38.5,38.625,960
PLASTIBLEN,2007-05-29,38.9875,39.0375,38.75,38.9125,1200
PLASTIBLEN,2007-05-30,40.0,40.0,37.8,38.15,13600
PLASTIBLEN,2007-05-31,38.75,39.375,36.525,38.25,9200
PLASTIBLEN,2007-06-01,38.75,39.5,38.2625,38.2625,6824
PLASTIBLEN,2007-06-04,38.75,38.75,38.5,38.5125,8400
PLASTIBLEN,2007-06-05,38.9875,38.9875,38.325,38.8125,4000
PLASTIBLEN,2007-06-06,38.15,39.125,38.15,38.8125,2800
PLASTIBLEN,2007-06-07,37.75,39.85,37.75,38.525,924
PLASTIBLEN,2007-06-08,37.8875,38.625,37.525,38.5875,260
PLASTIBLEN,2007-06-11,39.25,40.5,38.4,40.1125,18800
PLASTIBLEN,2007-06-12,39.2625,41.0,39.2625,40.9875,1020
PLASTIBLEN,2007-06-13,42.25,42.25,41.5,41.5,400
PLASTIBLEN,2007-06-14,41.5,41.975,41.2625,41.2625,540
PLASTIBLEN,2007-06-15,41.9875,42.525,41.25,41.25,2000
PLASTIBLEN,2007-06-18,39.8125,41.5,39.8125,41.35,328
PLASTIBLEN,2007-06-19,42.475,43.225,41.5,41.5,3432
PLASTIBLEN,2007-06-20,42.5,43.0,41.3875,42.95,5200
PLASTIBLEN,2007-06-21,45.0,45.0,43.25,43.25,9600
PLASTIBLEN,2007-06-22,43.25,43.75,41.2875,41.975,1544
PLASTIBLEN,2007-06-25,40.275,43.7,40.275,43.5625,1756
PLASTIBLEN,2007-06-26,43.25,44.525,43.25,44.2,1400
PLASTIBLEN,2007-06-27,42.525,43.75,42.5,42.9375,2640
PLASTIBLEN,2007-06-28,43.75,44.7125,42.5,42.5125,1712
PLASTIBLEN,2007-06-29,43.0,43.75,42.5,42.625,6400
PLASTIBLEN,2007-07-02,41.375,42.5,41.375,41.5,2664
PLASTIBLEN,2007-07-03,40.7875,41.75,40.7875,41.2875,1300
PLASTIBLEN,2007-07-04,40.675,40.875,40.6625,40.8375,1460
PLASTIBLEN,2007-07-05,40.2875,41.25,40.2875,41.25,1100
PLASTIBLEN,2007-07-06,39.125,41.25,39.0,41.25,560
PLASTIBLEN,2007-07-09,40.25,40.75,39.75,40.75,2400
PLASTIBLEN,2007-07-10,39.875,41.5,39.875,39.875,1200
PLASTIBLEN,2007-07-11,39.125,39.5,39.125,39.5,200
PLASTIBLEN,2007-07-12,41.25,42.5,41.25,42.5,200
PLASTIBLEN,2007-07-13,39.7875,41.725,39.775,40.7875,5492
PLASTIBLEN,2007-07-16,40.7625,41.75,40.75,41.025,1948
PLASTIBLEN,2007-07-17,40.325,41.1875,40.1375,40.5625,3180
PLASTIBLEN,2007-07-18,42.0,42.0,42.0,42.0,200
PLASTIBLEN,2007-07-19,39.125,41.6625,39.125,41.6625,320
PLASTIBLEN,2007-07-20,40.3,40.3,40.3,40.3,80
PLASTIBLEN,2007-07-23,40.75,40.7625,40.75,40.7625,264
PLASTIBLEN,2007-07-24,39.7625,39.7625,39.25,39.35,844
PLASTIBLEN,2007-07-25,41.125,41.25,40.25,40.25,1200
PLASTIBLEN,2007-07-26,38.8,40.5,38.8,39.575,1200
PLASTIBLEN,2007-07-27,39.0,40.25,39.0,39.625,3392
PLASTIBLEN,2007-07-30,40.0125,40.0125,40.0,40.0,80
PLASTIBLEN,2007-07-31,40.125,40.125,40.125,40.125,400
PLASTIBLEN,2007-08-01,40.0,40.5,39.5125,39.5125,460
PLASTIBLEN,2007-08-02,39.5125,39.5125,39.5125,39.5125,0
PLASTIBLEN,2007-08-03,40.0,40.75,40.0,40.7375,720
PLASTIBLEN,2007-08-06,40.0125,41.2,39.5875,41.2,2800
PLASTIBLEN,2007-08-07,40.25,40.25,40.25,40.25,100
PLASTIBLEN,2007-08-08,40.25,40.25,39.975,39.975,300
PLASTIBLEN,2007-08-09,38.5125,38.75,38.5,38.55,1480
PLASTIBLEN,2007-08-10,39.75,40.725,38.625,39.75,1960
PLASTIBLEN,2007-08-13,39.75,39.75,36.8,39.5625,964
PLASTIBLEN,2007-08-14,39.75,39.75,36.8,39.5625,800
PLASTIBLEN,2007-08-16,37.5,37.5,37.5,37.5,400
PLASTIBLEN,2007-08-17,37.5125,39.875,37.5125,38.25,1200
PLASTIBLEN,2007-08-20,37.25,38.25,36.5,38.2375,1396
PLASTIBLEN,2007-08-21,37.25,39.4875,35.0625,39.4875,1200
PLASTIBLEN,2007-08-22,35.75,35.75,35.75,35.75,80
PLASTIBLEN,2007-08-23,38.75,38.75,37.5,37.5,636
PLASTIBLEN,2007-08-24,35.75,35.75,35.75,35.75,116
PLASTIBLEN,2007-08-27,33.75,38.75,33.75,37.25,5200
PLASTIBLEN,2007-08-28,36.75,38.75,36.75,38.75,600
PLASTIBLEN,2007-08-29,39.0,39.0,39.0,39.0,120
PLASTIBLEN,2007-08-30,38.75,39.125,38.75,39.0,568
PLASTIBLEN,2007-08-31,40.6,40.625,37.25,37.25,600
PLASTIBLEN,2007-09-03,37.5,38.0,37.5,37.875,3524
PLASTIBLEN,2007-09-04,38.5,38.5,38.0,38.0,888
PLASTIBLEN,2007-09-05,39.475,39.475,37.5625,37.575,96
PLASTIBLEN,2007-09-06,37.7625,40.1,37.5125,37.725,4200
PLASTIBLEN,2007-09-07,39.0,39.3375,39.0,39.3375,400
PLASTIBLEN,2007-09-10,38.25,38.75,37.525,38.75,4000
PLASTIBLEN,2007-09-11,39.25,40.625,39.0,39.5,10400
PLASTIBLEN,2007-09-12,39.125,39.125,39.0125,39.0125,400
PLASTIBLEN,2007-09-13,37.5,40.625,37.5,39.0,800
PLASTIBLEN,2007-09-14,38.125,40.625,37.875,38.0125,3560
PLASTIBLEN,2007-09-17,38.125,39.625,38.125,39.625,560
PLASTIBLEN,2007-09-18,39.5625,39.5625,39.25,39.25,16
PLASTIBLEN,2007-09-19,37.875,39.875,37.875,39.175,1420
PLASTIBLEN,2007-09-20,38.5,38.5,36.925,38.425,1104
PLASTIBLEN,2007-09-21,37.5,39.5,37.5,38.25,3200
PLASTIBLEN,2007-09-24,38.25,45.25,38.075,38.175,1768
PLASTIBLEN,2007-09-25,38.175,38.175,38.175,38.175,0
PLASTIBLEN,2007-09-26,38.775,39.5,38.75,39.5,4000
PLASTIBLEN,2007-09-27,39.25,39.25,38.9875,38.9875,2632
PLASTIBLEN,2007-09-28,38.9875,39.65,38.75,39.5125,1628
PLASTIBLEN,2007-10-01,38.625,45.5,38.625,39.0875,3200
PLASTIBLEN,2007-10-03,38.925,38.925,38.875,38.875,460
PLASTIBLEN,2007-10-04,37.525,40.75,37.525,39.925,880
PLASTIBLEN,2007-10-05,37.625,40.25,37.625,39.4875,3760
PLASTIBLEN,2007-10-08,37.8,39.2,37.8,38.5375,1600
PLASTIBLEN,2007-10-09,39.975,39.975,37.875,38.5875,15156
PLASTIBLEN,2007-10-10,37.7625,38.875,35.625,38.775,2780
PLASTIBLEN,2007-10-11,38.5,38.5,38.0125,38.3875,2120
PLASTIBLEN,2007-10-12,37.9,39.975,35.0,38.0125,9200
PLASTIBLEN,2007-10-15,38.75,39.5,38.525,39.5,2000
PLASTIBLEN,2007-10-16,38.05,40.0,38.05,39.9875,5976
PLASTIBLEN,2007-10-17,38.05,40.0,38.05,39.9875,5976
PLASTIBLEN,2007-10-18,41.25,41.25,39.25,40.175,5400
PLASTIBLEN,2007-10-19,39.25,41.0,38.25,41.0,1600
PLASTIBLEN,2007-10-22,37.0,39.4625,36.25,37.5125,1832
PLASTIBLEN,2007-10-23,38.75,39.75,38.75,39.75,2200
PLASTIBLEN,2007-10-24,38.75,39.5,38.75,39.5,160
PLASTIBLEN,2007-10-25,38.1375,38.5,38.1375,38.5,80
PLASTIBLEN,2007-10-26,38.75,38.75,38.75,38.75,560
PLASTIBLEN,2007-10-29,38.5,38.5,35.3875,38.325,6080
PLASTIBLEN,2007-10-30,38.25,38.975,38.025,38.8125,844
PLASTIBLEN,2007-10-31,37.875,40.0,37.7625,38.7375,1320
PLASTIBLEN,2007-11-01,38.7375,38.7375,38.7375,38.7375,100
PLASTIBLEN,2007-11-02,38.7375,38.7375,38.7375,38.7375,100
PLASTIBLEN,2007-11-05,37.625,39.375,37.625,39.375,1860
PLASTIBLEN,2007-11-06,38.0875,38.0875,38.0875,38.0875,88
PLASTIBLEN,2007-11-07,37.5,40.0,37.5,40.0,640
PLASTIBLEN,2007-11-08,37.75,37.75,36.575,37.5625,1800
PLASTIBLEN,2007-11-12,37.0,39.0,37.0,39.0,320
PLASTIBLEN,2007-11-13,38.775,38.975,33.0,38.975,2800
PLASTIBLEN,2007-11-14,36.5,38.575,35.625,38.575,600
PLASTIBLEN,2007-11-15,37.8125,38.0,37.75,37.8125,1200
PLASTIBLEN,2007-11-16,37.5,39.0,37.5,38.925,2160
PLASTIBLEN,2007-11-19,41.375,41.5,38.5,40.0,8000
PLASTIBLEN,2007-11-20,39.075,40.8625,39.075,39.9625,1268
PLASTIBLEN,2007-11-21,37.625,39.75,37.625,39.5,6140
PLASTIBLEN,2007-11-22,38.0375,41.2125,38.0375,40.875,3700
PLASTIBLEN,2007-11-23,41.0,41.0,41.0,41.0,80
PLASTIBLEN,2007-11-26,41.0,41.0,41.0,41.0,0
PLASTIBLEN,2007-11-27,38.5,42.0,38.5,42.0,400
PLASTIBLEN,2007-11-28,42.0,42.0,40.0625,40.5,520
PLASTIBLEN,2007-11-29,40.0,40.5,38.25,39.2625,1240
PLASTIBLEN,2007-11-30,39.375,41.125,39.375,41.125,800
PLASTIBLEN,2007-12-03,41.25,41.25,38.75,40.925,1984
PLASTIBLEN,2007-12-04,38.875,40.725,38.875,40.5125,1040
PLASTIBLEN,2007-12-05,40.375,43.625,40.025,41.5625,4024
PLASTIBLEN,2007-12-06,42.025,44.75,40.5,42.6125,4900
PLASTIBLEN,2007-12-07,42.5,43.75,42.5,43.15,960
PLASTIBLEN,2007-12-10,43.75,45.4375,42.7625,43.9875,3480
PLASTIBLEN,2007-12-11,43.0,43.9875,42.5,43.1625,5300
PLASTIBLEN,2007-12-12,42.0,44.25,42.0,43.175,1012
PLASTIBLEN,2007-12-13,44.0,44.0,42.625,43.875,2800
PLASTIBLEN,2007-12-14,42.0,44.0,42.0,43.75,2800
PLASTIBLEN,2007-12-17,45.0,52.4625,44.75,45.325,14800
PLASTIBLEN,2007-12-18,48.875,48.875,44.55,44.5625,2000
PLASTIBLEN,2007-12-19,44.0,45.2375,44.0,44.725,4896
PLASTIBLEN,2007-12-20,43.25,44.875,43.25,43.8375,4116
PLASTIBLEN,2007-12-24,44.9,45.0,44.9,44.9,796
PLASTIBLEN,2007-12-26,45.0,45.225,42.75,44.0375,4700
PLASTIBLEN,2007-12-27,44.9375,47.0,44.025,45.2,3672
PLASTIBLEN,2007-12-28,45.625,48.0,45.625,47.7375,7668
PLASTIBLEN,2007-12-31,48.25,56.75,47.75,52.175,18980
PLASTIBLEN,2008-01-01,52.0,52.0,50.375,51.25,4216
PLASTIBLEN,2008-01-02,50.375,50.375,48.375,50.0,1432
PLASTIBLEN,2008-01-03,50.0,52.0,48.875,50.0,2492
PLASTIBLEN,2008-01-04,53.5,53.5,50.25,50.9875,2764
PLASTIBLEN,2008-01-07,48.0625,49.3125,48.0625,48.2875,4200
PLASTIBLEN,2008-01-08,47.5,48.725,47.5,47.9625,600
PLASTIBLEN,2008-01-09,45.25,45.875,45.25,45.875,532
PLASTIBLEN,2008-01-10,46.875,47.4125,45.425,47.075,4840
PLASTIBLEN,2008-01-11,45.3125,47.475,45.25,46.3375,2880
PLASTIBLEN,2008-01-14,45.25,50.25,45.25,47.0,448
PLASTIBLEN,2008-01-15,45.375,46.75,45.0,46.075,828
PLASTIBLEN,2008-01-16,44.625,46.625,44.625,46.625,1600
PLASTIBLEN,2008-01-17,44.5,46.8125,44.5,46.8125,360
PLASTIBLEN,2008-01-18,46.25,46.25,44.25,44.25,800
PLASTIBLEN,2008-01-21,41.875,44.0,40.0,40.0,3912
PLASTIBLEN,2008-01-22,38.75,39.7375,38.75,39.7375,120
PLASTIBLEN,2008-01-23,39.7375,47.0,36.25,47.0,3060
PLASTIBLEN,2008-01-24,40.625,40.625,38.5,38.5375,4200
PLASTIBLEN,2008-01-25,44.75,44.75,37.5,40.625,1712
PLASTIBLEN,2008-01-28,33.025,44.75,33.025,40.525,332
PLASTIBLEN,2008-01-29,38.6625,42.7125,38.6625,40.7625,21424
PLASTIBLEN,2008-01-30,46.0,46.0,41.0,41.0,80
PLASTIBLEN,2008-01-31,41.6625,44.5,39.0,43.75,384
PLASTIBLEN,2008-02-01,40.75,41.25,37.55,40.575,2708
PLASTIBLEN,2008-02-04,36.5,42.525,36.5,42.525,776
PLASTIBLEN,2008-02-05,36.75,49.95,36.75,41.25,1248
PLASTIBLEN,2008-02-06,41.25,41.25,41.25,41.25,0
PLASTIBLEN,2008-02-07,40.0,45.5,37.8875,38.775,41400
PLASTIBLEN,2008-02-08,40.0,40.0,40.0,40.0,400
PLASTIBLEN,2008-02-11,38.0,40.5,37.575,40.5,880
PLASTIBLEN,2008-02-12,37.0,39.5,37.0,38.3375,840
PLASTIBLEN,2008-02-13,39.425,40.5,37.25,38.3625,2080
PLASTIBLEN,2008-02-14,36.375,45.0,36.375,39.75,2500
PLASTIBLEN,2008-02-15,42.7125,42.7125,37.2625,40.0375,2104
PLASTIBLEN,2008-02-18,39.5,43.25,39.5,41.225,1020
PLASTIBLEN,2008-02-19,38.5,42.4875,38.5,40.875,1940
PLASTIBLEN,2008-02-20,38.75,40.5,37.825,40.0,1560
PLASTIBLEN,2008-02-21,40.0,40.0,40.0,40.0,404
PLASTIBLEN,2008-02-22,39.0,39.0,38.25,38.4875,1236
PLASTIBLEN,2008-02-25,38.0,41.5,38.0,40.7,1216
PLASTIBLEN,2008-02-26,40.0,40.0,40.0,40.0,240
PLASTIBLEN,2008-02-27,40.0,40.025,40.0,40.025,500
PLASTIBLEN,2008-02-28,40.025,40.75,40.0,40.0,584
PLASTIBLEN,2008-02-29,40.5,42.0,39.5,41.25,1640
PLASTIBLEN,2008-03-03,38.0,38.0,38.0,38.0,200
PLASTIBLEN,2008-03-04,38.75,39.0,38.75,38.75,460
PLASTIBLEN,2008-03-05,38.75,40.5,38.75,40.5,2644
PLASTIBLEN,2008-03-07,38.0375,40.25,37.5,37.5,2620
PLASTIBLEN,2008-03-10,36.5,37.675,36.5,37.25,408
PLASTIBLEN,2008-03-11,42.5,42.5,39.75,39.7875,708
PLASTIBLEN,2008-03-12,42.0,42.0,37.5,39.2,1408
PLASTIBLEN,2008-03-13,39.2,39.2,39.2,39.2,0
PLASTIBLEN,2008-03-14,37.5,38.0,36.3125,37.525,1104
PLASTIBLEN,2008-03-17,37.5,37.5,37.5,37.5,0
PLASTIBLEN,2008-03-18,36.25,36.25,35.5,35.5,532
PLASTIBLEN,2008-03-19,36.0,39.0,36.0,38.75,872
PLASTIBLEN,2008-03-24,31.25,38.1875,31.0,36.25,9340
PLASTIBLEN,2008-03-25,37.5,37.5,36.375,37.5,1272
PLASTIBLEN,2008-03-26,43.375,43.375,36.25,38.75,17376
PLASTIBLEN,2008-03-27,34.75,43.375,34.75,41.5,2152
PLASTIBLEN,2008-03-28,41.5,41.5,41.5,41.5,0
PLASTIBLEN,2008-03-31,42.5,42.75,37.5,42.0,2276
PLASTIBLEN,2008-04-01,36.0625,39.7375,36.0,37.6625,2000
PLASTIBLEN,2008-04-02,37.6375,43.0,37.625,41.25,3488
PLASTIBLEN,2008-04-03,38.0125,40.75,38.0,38.4875,2900
PLASTIBLEN,2008-04-04,39.7375,39.7375,39.7375,39.7375,36
PLASTIBLEN,2008-04-07,39.5,39.5,39.5,39.5,4
PLASTIBLEN,2008-04-08,40.8625,40.8625,38.75,40.0,968
PLASTIBLEN,2008-04-09,33.75,40.0,33.75,40.0,15800
PLASTIBLEN,2008-04-10,39.95,39.95,39.375,39.375,400
PLASTIBLEN,2008-04-11,39.95,39.95,39.375,39.375,0
PLASTIBLEN,2008-04-15,40.75,43.6875,40.75,43.6875,800
PLASTIBLEN,2008-04-16,39.25,42.5,39.25,42.5,200
PLASTIBLEN,2008-04-17,38.25,42.0,38.25,42.0,480
PLASTIBLEN,2008-04-21,39.0,40.0,38.75,40.0,1280
PLASTIBLEN,2008-04-22,40.25,42.75,40.0625,42.6125,3044
PLASTIBLEN,2008-04-23,40.7125,42.2,38.575,39.625,4540
PLASTIBLEN,2008-04-24,40.25,40.25,40.25,40.25,400
PLASTIBLEN,2008-04-25,40.25,41.25,40.25,41.25,424
PLASTIBLEN,2008-04-28,41.75,41.75,41.75,41.75,12
PLASTIBLEN,2008-04-29,42.25,42.5,42.25,42.4,480
PLASTIBLEN,2008-04-30,40.25,40.5,40.25,40.3875,52
PLASTIBLEN,2008-05-02,40.5,43.0,40.5,43.0,1600
PLASTIBLEN,2008-05-05,40.75,43.5,40.75,40.75,860
PLASTIBLEN,2008-05-06,40.375,41.875,40.375,41.875,800
PLASTIBLEN,2008-05-07,40.25,42.25,40.25,42.0,2428
PLASTIBLEN,2008-05-08,40.25,43.25,40.25,42.75,1200
PLASTIBLEN,2008-05-09,40.0,43.2125,40.0,43.1625,932
PLASTIBLEN,2008-05-12,43.1625,44.75,41.5,43.75,4044
PLASTIBLEN,2008-05-13,43.0,43.0,41.7875,41.7875,800
PLASTIBLEN,2008-05-14,41.7875,41.7875,41.7875,41.7875,0
PLASTIBLEN,2008-05-15,44.975,46.225,43.225,45.0125,7728
PLASTIBLEN,2008-05-16,46.0,46.0,45.025,45.9875,1756
PLASTIBLEN,2008-05-20,44.75,45.425,44.75,45.125,2712
PLASTIBLEN,2008-05-21,43.3125,48.95,43.3125,44.9875,5920
PLASTIBLEN,2008-05-22,43.7625,46.6125,43.7625,45.15,3332
PLASTIBLEN,2008-05-23,43.0375,46.75,43.0375,44.025,2064
PLASTIBLEN,2008-05-26,42.275,45.25,42.275,43.5,656
PLASTIBLEN,2008-05-27,43.5,44.5,43.5,43.75,836
PLASTIBLEN,2008-05-28,43.6875,44.1125,43.5,43.8375,3500
PLASTIBLEN,2008-05-29,42.625,45.9875,42.625,43.75,1788
PLASTIBLEN,2008-05-30,42.5,43.75,42.5,43.75,276
PLASTIBLEN,2008-06-02,43.25,43.3875,42.25,42.5,196
PLASTIBLEN,2008-06-03,40.5,43.5,40.5,43.5,800
PLASTIBLEN,2008-06-04,41.75,41.75,41.6125,41.6125,8
PLASTIBLEN,2008-06-05,42.05,42.05,42.05,42.05,196
PLASTIBLEN,2008-06-06,43.75,45.0,41.5,42.9375,1032
PLASTIBLEN,2008-06-09,39.5,41.25,39.5,41.25,672
PLASTIBLEN,2008-06-10,41.25,41.25,41.25,41.25,0
PLASTIBLEN,2008-06-11,41.25,41.6875,40.625,41.6125,1000
PLASTIBLEN,2008-06-12,40.0,40.0,40.0,40.0,32
PLASTIBLEN,2008-06-13,44.9875,44.9875,41.5,44.25,320
PLASTIBLEN,2008-06-16,41.25,42.375,41.25,42.375,4580
PLASTIBLEN,2008-06-17,42.75,43.5,42.75,42.95,2908
PLASTIBLEN,2008-06-18,43.125,43.125,41.375,42.775,920
PLASTIBLEN,2008-06-19,40.25,42.8125,40.25,42.8125,2640
PLASTIBLEN,2008-06-20,40.75,43.1125,40.75,41.8625,1120
PLASTIBLEN,2008-06-23,41.25,41.25,41.25,41.25,0
PLASTIBLEN,2008-06-24,38.0,42.5,38.0,42.5,684
PLASTIBLEN,2008-06-25,38.125,40.5,38.125,40.5,968
PLASTIBLEN,2008-06-26,39.5,39.5,38.5375,38.5375,400
PLASTIBLEN,2008-06-27,41.575,41.575,41.375,41.375,80
PLASTIBLEN,2008-06-30,40.375,41.2,38.9625,38.9625,648
PLASTIBLEN,2008-07-01,38.75,40.0,36.0,40.0,480
PLASTIBLEN,2008-07-02,36.2625,38.75,36.2625,38.75,2640
PLASTIBLEN,2008-07-03,38.5,38.75,37.75,38.25,744
PLASTIBLEN,2008-07-04,37.5,38.75,36.5,38.7375,1200
PLASTIBLEN,2008-07-07,38.5,38.75,38.5,38.75,600
PLASTIBLEN,2008-07-08,37.0,37.5,37.0,37.5,460
PLASTIBLEN,2008-07-09,35.75,37.25,35.75,36.625,1848
PLASTIBLEN,2008-07-10,36.5,38.5,36.5,38.5,140
PLASTIBLEN,2008-07-11,33.75,38.75,33.75,37.5,584
PLASTIBLEN,2008-07-14,37.5,37.5,37.5,37.5,0
PLASTIBLEN,2008-07-15,34.0125,34.0125,34.0125,34.0125,40
PLASTIBLEN,2008-07-16,35.0,35.0,35.0,35.0,40
PLASTIBLEN,2008-07-17,35.3125,37.4625,35.25,35.5125,268
PLASTIBLEN,2008-07-18,35.5125,35.5125,35.5125,35.5125,0
PLASTIBLEN,2008-07-21,37.4625,38.25,37.4625,37.6375,260
PLASTIBLEN,2008-07-22,38.25,38.25,38.25,38.25,0
PLASTIBLEN,2008-07-23,37.5,37.5,37.375,37.375,400
PLASTIBLEN,2008-07-24,39.1875,39.1875,37.5625,37.5625,408
PLASTIBLEN,2008-07-25,37.5,37.5,36.25,37.5,400
PLASTIBLEN,2008-07-28,37.5,38.1,37.5,38.1,480
PLASTIBLEN,2008-07-29,38.1,38.1,38.1,38.1,0
PLASTIBLEN,2008-07-30,37.0125,38.75,37.0125,38.75,1444
PLASTIBLEN,2008-07-31,38.75,38.75,38.75,38.75,0
PLASTIBLEN,2008-08-01,37.5125,38.75,37.5125,38.0625,1500
PLASTIBLEN,2008-08-04,38.75,38.75,38.75,38.75,400
PLASTIBLEN,2008-08-05,38.0,38.0,38.0,38.0,200
PLASTIBLEN,2008-08-06,39.475,42.5,38.125,39.0,860
PLASTIBLEN,2008-08-07,39.0,39.0,39.0,39.0,0
PLASTIBLEN,2008-08-08,37.625,38.625,37.625,38.625,400
PLASTIBLEN,2008-08-11,39.725,39.725,38.25,39.5,320
PLASTIBLEN,2008-08-12,39.0,39.0,38.25,38.3125,480
PLASTIBLEN,2008-08-13,37.0375,37.0375,37.0375,37.0375,600
PLASTIBLEN,2008-08-14,37.5,38.625,37.5,37.75,400
PLASTIBLEN,2008-08-18,37.5,37.5,37.5,37.5,400
PLASTIBLEN,2008-08-19,37.525,38.25,37.525,38.25,236
PLASTIBLEN,2008-08-20,38.0,38.025,38.0,38.025,600
PLASTIBLEN,2008-08-21,38.025,39.25,38.025,39.25,736
PLASTIBLEN,2008-08-22,37.5,39.7375,37.5,39.2125,160
PLASTIBLEN,2008-08-25,39.2125,39.2125,39.2125,39.2125,0
PLASTIBLEN,2008-08-26,38.75,38.75,38.75,38.75,200
PLASTIBLEN,2008-08-27,34.6375,38.7375,34.6375,38.7375,800
PLASTIBLEN,2008-08-28,37.1875,37.1875,37.0125,37.0125,240
PLASTIBLEN,2008-08-29,37.0125,37.0125,37.0125,37.0125,0
PLASTIBLEN,2008-09-01,37.125,37.125,37.125,37.125,52
PLASTIBLEN,2008-09-02,37.125,37.125,37.125,37.125,0
PLASTIBLEN,2008-09-04,36.5,38.5,36.5,38.325,2312
PLASTIBLEN,2008-09-05,38.5,38.5,38.5,38.5,0
PLASTIBLEN,2008-09-08,34.25,38.25,34.25,37.6875,2052
PLASTIBLEN,2008-09-09,36.0,38.35,35.75,38.2375,1276
PLASTIBLEN,2008-09-10,36.5,38.7375,36.5,38.675,80
PLASTIBLEN,2008-09-11,36.5,36.5,36.5,36.5,400
PLASTIBLEN,2008-09-12,38.5,38.5,38.5,38.5,20
PLASTIBLEN,2008-09-15,37.125,37.5,36.25,37.5,1120
PLASTIBLEN,2008-09-16,37.5,37.5,37.5,37.5,200
PLASTIBLEN,2008-09-17,37.5,37.5,37.5,37.5,0
PLASTIBLEN,2008-09-18,36.5,38.5,36.5,37.5,40
PLASTIBLEN,2008-09-19,38.7,38.7,34.0,35.5,664
PLASTIBLEN,2008-09-22,36.25,36.25,36.0,36.0,600
PLASTIBLEN,2008-09-23,30.25,37.5,30.25,35.675,2420
PLASTIBLEN,2008-09-24,36.25,36.75,35.625,36.75,760
PLASTIBLEN,2008-09-25,37.25,37.375,36.05,36.5,1640
PLASTIBLEN,2008-09-26,35.75,35.75,35.75,35.75,400
PLASTIBLEN,2008-09-29,35.0,37.25,33.7625,37.25,644
PLASTIBLEN,2008-09-30,30.8125,35.9625,30.8125,35.9625,5920
PLASTIBLEN,2008-10-01,35.0,35.0,35.0,35.0,160
PLASTIBLEN,2008-10-03,33.5,34.125,33.5,34.125,64
PLASTIBLEN,2008-10-06,34.125,34.125,34.125,34.125,0
PLASTIBLEN,2008-10-07,32.0,33.7625,32.0,33.5375,344
PLASTIBLEN,2008-10-08,28.4,33.375,26.9,30.5,5504
PLASTIBLEN,2008-10-10,29.25,30.25,29.25,30.25,928
PLASTIBLEN,2008-10-13,30.25,33.0,30.125,33.0,840
PLASTIBLEN,2008-10-14,39.3375,39.3375,31.125,34.425,600
PLASTIBLEN,2008-10-15,30.0,35.7375,30.0,34.25,180
PLASTIBLEN,2008-10-16,34.25,34.25,34.25,34.25,0
PLASTIBLEN,2008-10-17,32.5,32.5,31.2625,31.2625,1296
PLASTIBLEN,2008-10-20,34.5,34.5,29.75,30.375,596
PLASTIBLEN,2008-10-21,34.25,34.25,34.25,34.25,40
PLASTIBLEN,2008-10-22,34.25,34.25,34.25,34.25,0
PLASTIBLEN,2008-10-23,29.7,29.7,28.5125,28.8375,7852
PLASTIBLEN,2008-10-24,27.5,28.4625,25.0,25.2375,4384
PLASTIBLEN,2008-10-27,22.625,25.0,20.25,24.6375,2032
PLASTIBLEN,2008-10-29,26.5,26.5,25.025,26.5,1000
PLASTIBLEN,2008-10-31,26.5,26.5,26.5,26.5,0
PLASTIBLEN,2008-11-03,30.475,30.475,29.75,29.8125,480
PLASTIBLEN,2008-11-04,26.25,30.0,25.7875,26.15,3448
PLASTIBLEN,2008-11-05,30.2,30.2,26.275,28.475,1244
PLASTIBLEN,2008-11-06,33.225,33.225,27.0,28.7125,76
PLASTIBLEN,2008-11-07,27.0,29.25,26.5,29.25,1080
PLASTIBLEN,2008-11-10,26.25,28.6875,26.25,26.9875,840
PLASTIBLEN,2008-11-11,27.5,27.5,27.5,27.5,400
PLASTIBLEN,2008-11-12,27.0,29.25,27.0,27.5125,640
PLASTIBLEN,2008-11-14,27.75,29.375,26.1875,26.1875,2020
PLASTIBLEN,2008-11-17,26.1875,26.1875,25.125,25.1375,720
PLASTIBLEN,2008-11-18,25.25,28.25,25.25,28.25,800
PLASTIBLEN,2008-11-19,25.05,27.5,25.05,25.05,1400
PLASTIBLEN,2008-11-20,25.0,26.25,25.0,26.25,48
PLASTIBLEN,2008-11-21,28.25,28.25,28.25,28.25,4
PLASTIBLEN,2008-11-24,25.0,27.75,25.0,27.75,800
PLASTIBLEN,2008-11-25,27.75,27.75,27.75,27.75,0
PLASTIBLEN,2008-11-26,25.0,27.75,25.0,27.75,0
PLASTIBLEN,2008-11-27,27.75,27.75,27.75,27.75,0
PLASTIBLEN,2008-11-28,27.75,27.75,27.75,27.75,0
PLASTIBLEN,2008-12-01,27.75,27.75,27.75,27.75,0
PLASTIBLEN,2008-12-02,27.75,27.75,27.75,27.75,0
PLASTIBLEN,2008-12-03,30.875,30.875,30.875,30.875,80
PLASTIBLEN,2008-12-04,30.875,30.875,30.875,30.875,0
PLASTIBLEN,2008-12-05,30.875,30.875,30.875,30.875,0
PLASTIBLEN,2008-12-08,27.2,28.75,27.2,27.7875,568
PLASTIBLEN,2008-12-10,27.5375,27.75,27.5375,27.75,352
PLASTIBLEN,2008-12-11,22.625,32.4125,22.625,30.75,840
PLASTIBLEN,2008-12-12,30.75,30.75,30.75,30.75,0
PLASTIBLEN,2008-12-15,30.75,30.75,30.75,30.75,0
PLASTIBLEN,2008-12-16,27.5,30.675,27.5,30.675,480
PLASTIBLEN,2008-12-17,30.675,30.675,30.675,30.675,0
PLASTIBLEN,2008-12-18,30.675,30.675,30.675,30.675,0
PLASTIBLEN,2008-12-19,27.275,27.275,27.275,27.275,100
PLASTIBLEN,2008-12-22,26.2625,26.2625,26.2625,26.2625,40
PLASTIBLEN,2008-12-23,26.2625,26.2625,26.2625,26.2625,0
PLASTIBLEN,2008-12-24,26.2625,26.2625,26.2625,26.2625,0
PLASTIBLEN,2008-12-26,26.2625,26.2625,26.2625,26.2625,0
PLASTIBLEN,2008-12-29,27.5,28.75,25.75,28.75,720
PLASTIBLEN,2008-12-30,28.75,28.75,28.75,28.75,0
PLASTIBLEN,2008-12-31,28.75,28.75,28.75,28.75,0
PLASTIBLEN,2009-01-02,28.75,28.75,28.75,28.75,400
PLASTIBLEN,2009-01-05,27.5,27.5125,27.5,27.5125,520
PLASTIBLEN,2009-01-06,27.5125,27.5125,27.5125,27.5125,0
PLASTIBLEN,2009-01-07,27.5,27.5125,27.5,27.5125,400
PLASTIBLEN,2009-01-09,25.075,30.0,25.075,26.7125,120
PLASTIBLEN,2009-01-12,25.5,28.75,25.5,28.75,24
PLASTIBLEN,2009-01-13,28.75,28.75,28.75,28.75,0
PLASTIBLEN,2009-01-14,28.75,28.75,28.75,28.75,0
PLASTIBLEN,2009-01-15,28.75,28.75,28.75,28.75,0
PLASTIBLEN,2009-01-16,27.0,28.75,27.0,27.875,400
PLASTIBLEN,2009-01-19,26.275,28.725,26.275,28.725,32
PLASTIBLEN,2009-01-20,28.725,28.725,28.725,28.725,0
PLASTIBLEN,2009-01-21,25.9,27.5,25.9,27.5,68
PLASTIBLEN,2009-01-22,27.525,27.525,27.525,27.525,20
PLASTIBLEN,2009-01-23,25.75,26.0,25.75,25.75,212
PLASTIBLEN,2009-01-27,23.275,23.275,23.275,23.275,200
PLASTIBLEN,2009-01-28,23.275,23.275,23.275,23.275,0
PLASTIBLEN,2009-01-29,25.0,25.0,25.0,25.0,108
PLASTIBLEN,2009-01-30,25.0,25.0,25.0,25.0,40
PLASTIBLEN,2009-02-02,24.825,24.825,24.0,24.0,3964
PLASTIBLEN,2009-02-03,24.1875,24.1875,22.65,22.65,940
PLASTIBLEN,2009-02-04,22.65,22.65,22.65,22.65,0
PLASTIBLEN,2009-02-05,24.2125,24.2125,24.2125,24.2125,480
PLASTIBLEN,2009-02-06,24.2125,24.2125,24.2125,24.2125,0
PLASTIBLEN,2009-02-09,22.75,23.2125,22.75,23.2125,2080
PLASTIBLEN,2009-02-10,23.1875,23.1875,21.9,21.9,1000
PLASTIBLEN,2009-02-11,22.5,22.5,22.5,22.5,200
PLASTIBLEN,2009-02-12,22.5,22.5,22.5,22.5,0
PLASTIBLEN,2009-02-13,21.25,22.875,21.25,22.75,1212
PLASTIBLEN,2009-02-16,22.5,22.5,22.5,22.5,1796
PLASTIBLEN,2009-02-17,22.5,22.5,22.5,22.5,0
PLASTIBLEN,2009-02-18,24.7,24.7,24.4625,24.4625,240
PLASTIBLEN,2009-02-19,22.5,22.5,22.5,22.5,160
PLASTIBLEN,2009-02-20,22.025,24.6125,22.025,23.3875,5616
PLASTIBLEN,2009-02-24,24.5,24.5,24.5,24.5,0
PLASTIBLEN,2009-02-25,23.25,23.25,23.2125,23.2125,44
PLASTIBLEN,2009-02-26,23.2125,23.2125,23.2125,23.2125,0
PLASTIBLEN,2009-02-27,23.2125,23.2125,23.2125,23.2125,0
PLASTIBLEN,2009-03-02,23.125,23.125,23.125,23.125,40
PLASTIBLEN,2009-03-03,21.5,24.5,21.5,22.75,2800
PLASTIBLEN,2009-03-04,21.75,21.75,21.75,21.75,16
PLASTIBLEN,2009-03-05,21.75,21.75,21.75,21.75,0
PLASTIBLEN,2009-03-06,21.75,21.75,21.75,21.75,0
PLASTIBLEN,2009-03-09,20.775,20.775,20.775,20.775,28
PLASTIBLEN,2009-03-12,21.0,21.3875,21.0,21.3875,840
PLASTIBLEN,2009-03-13,20.5125,21.225,20.5,20.5,64
PLASTIBLEN,2009-03-16,19.775,19.775,19.775,19.775,16
PLASTIBLEN,2009-03-17,19.775,19.775,19.775,19.775,0
PLASTIBLEN,2009-03-18,20.0,20.0,18.8125,19.8,3132
PLASTIBLEN,2009-03-19,19.5,19.525,19.5,19.5,440
PLASTIBLEN,2009-03-20,19.5,19.5,19.25,19.5,1172
PLASTIBLEN,2009-03-23,19.5,19.5,19.0,19.0,1476
PLASTIBLEN,2009-03-24,19.95,19.95,19.95,19.95,164
PLASTIBLEN,2009-03-25,19.1625,20.0,19.15,20.0,500
PLASTIBLEN,2009-03-26,20.075,20.075,20.075,20.075,192
PLASTIBLEN,2009-03-27,21.075,21.075,21.075,21.075,400
PLASTIBLEN,2009-03-30,21.875,21.875,21.875,21.875,120
PLASTIBLEN,2009-03-31,21.0125,21.0125,21.0,21.0,240
PLASTIBLEN,2009-04-01,21.0,21.0,21.0,21.0,0
PLASTIBLEN,2009-04-02,21.0,21.0,21.0,21.0,0
PLASTIBLEN,2009-04-06,21.0,21.0,21.0,21.0,0
PLASTIBLEN,2009-04-08,22.025,22.025,22.025,22.025,400
PLASTIBLEN,2009-04-09,22.025,22.025,22.025,22.025,0
PLASTIBLEN,2009-04-13,22.025,22.025,22.025,22.025,0
PLASTIBLEN,2009-04-15,22.025,22.025,22.025,22.025,0
PLASTIBLEN,2009-04-16,22.025,22.025,22.025,22.025,0
PLASTIBLEN,2009-04-17,22.025,22.025,22.025,22.025,0
PLASTIBLEN,2009-04-20,22.025,22.025,22.025,22.025,0
PLASTIBLEN,2009-04-21,25.575,25.575,23.1625,23.25,2660
PLASTIBLEN,2009-04-22,23.25,23.25,23.25,23.25,0
PLASTIBLEN,2009-04-23,24.4125,24.4125,24.4125,24.4125,80
PLASTIBLEN,2009-04-24,24.4125,24.4125,24.4125,24.4125,0
PLASTIBLEN,2009-04-27,24.4125,24.4125,24.4125,24.4125,0
PLASTIBLEN,2009-04-28,24.4125,24.4125,24.4125,24.4125,0
PLASTIBLEN,2009-04-29,24.4125,24.4125,24.4125,24.4125,0
PLASTIBLEN,2009-04-30,24.4125,24.4125,24.4125,24.4125,0
PLASTIBLEN,2009-05-04,24.4125,24.4125,24.4125,24.4125,0
PLASTIBLEN,2009-05-05,22.5,22.875,22.5,22.875,283092
PLASTIBLEN,2009-05-06,22.5,24.025,22.5,24.0,200180
PLASTIBLEN,2009-05-07,22.875,24.625,22.875,24.6125,122632
PLASTIBLEN,2009-05-08,23.5625,25.25,23.5625,25.075,230636
PLASTIBLEN,2009-05-11,25.0,26.25,25.0,26.25,72040
PLASTIBLEN,2009-05-12,26.25,26.25,26.25,26.25,0
PLASTIBLEN,2009-05-13,27.475,27.475,27.475,27.475,100
PLASTIBLEN,2009-05-14,25.0,25.0,25.0,25.0,200
PLASTIBLEN,2009-05-15,26.25,26.25,25.0,26.25,620
PLASTIBLEN,2009-05-18,26.25,26.25,26.25,26.25,0
PLASTIBLEN,2009-05-19,24.525,26.75,24.5,26.75,2060
PLASTIBLEN,2009-05-20,29.375,29.375,26.75,27.875,948
PLASTIBLEN,2009-05-21,30.4625,30.625,28.5375,30.4375,3820
PLASTIBLEN,2009-05-22,30.375,30.375,28.125,29.2625,3860
PLASTIBLEN,2009-05-25,31.5,32.2,31.5,32.2,5844
PLASTIBLEN,2009-05-26,33.8125,33.8125,31.05,33.0,9524
PLASTIBLEN,2009-05-27,33.75,34.5,33.15,33.15,1220
PLASTIBLEN,2009-05-28,33.25,33.3,33.25,33.3,616
PLASTIBLEN,2009-05-29,32.625,33.725,32.2,33.0,1640
PLASTIBLEN,2009-06-01,33.0,33.025,32.25,32.25,1360
PLASTIBLEN,2009-06-02,32.25,33.475,32.05,32.2875,1520
PLASTIBLEN,2009-06-03,33.75,33.9125,32.75,32.75,544
PLASTIBLEN,2009-06-04,33.75,33.75,32.875,33.4375,1760
PLASTIBLEN,2009-06-05,33.0,34.875,33.0,34.875,1200
PLASTIBLEN,2009-06-08,33.25,33.275,33.25,33.25,20800
PLASTIBLEN,2009-06-09,32.25,34.875,32.25,34.8625,12604
PLASTIBLEN,2009-06-10,35.75,35.75,33.75,33.75,9200
PLASTIBLEN,2009-06-11,34.9375,34.9375,32.75,32.75,376
PLASTIBLEN,2009-06-12,32.75,33.4875,32.75,32.75,484
PLASTIBLEN,2009-06-15,32.1125,33.75,32.1125,33.75,168
PLASTIBLEN,2009-06-16,32.075,35.125,32.0625,33.0,520
PLASTIBLEN,2009-06-17,31.4,34.65,31.375,31.375,8800
PLASTIBLEN,2009-06-18,31.375,31.375,31.375,31.375,0
PLASTIBLEN,2009-06-19,31.375,31.375,31.375,31.375,0
PLASTIBLEN,2009-06-22,30.2625,32.475,30.05,30.425,1800
PLASTIBLEN,2009-06-23,30.425,30.425,30.425,30.425,0
PLASTIBLEN,2009-06-24,30.425,30.425,30.425,30.425,0
PLASTIBLEN,2009-06-25,30.425,30.425,30.425,30.425,0
PLASTIBLEN,2009-06-26,31.75,31.75,31.75,31.75,20
PLASTIBLEN,2009-06-29,32.0,32.25,32.0,32.25,400
PLASTIBLEN,2009-06-30,31.25,32.55,31.25,32.55,4000
PLASTIBLEN,2009-07-01,33.225,33.225,33.2,33.2,672
PLASTIBLEN,2009-07-02,31.725,33.225,31.7,31.875,1368
PLASTIBLEN,2009-07-03,33.375,33.375,31.3,32.8125,1292
PLASTIBLEN,2009-07-06,32.8125,32.8125,32.8125,32.8125,0
PLASTIBLEN,2009-07-07,35.1,35.1,35.0,35.0,112
PLASTIBLEN,2009-07-08,35.0,35.0,35.0,35.0,0
PLASTIBLEN,2009-07-09,34.45,34.45,31.5125,31.9375,2588
PLASTIBLEN,2009-07-10,31.75,31.75,31.325,31.4875,184
PLASTIBLEN,2009-07-13,32.0,32.0,32.0,32.0,80
PLASTIBLEN,2009-07-14,32.0,32.0,32.0,32.0,88
PLASTIBLEN,2009-07-15,30.075,33.25,30.075,32.475,1260
PLASTIBLEN,2009-07-16,32.75,32.75,32.625,32.625,300
PLASTIBLEN,2009-07-17,32.625,33.65,32.0,33.3125,16540
PLASTIBLEN,2009-07-20,31.75,34.3125,31.75,34.275,10696
PLASTIBLEN,2009-07-21,34.0125,34.75,34.0125,34.675,11280
PLASTIBLEN,2009-07-22,34.75,35.0,33.25,34.25,13200
PLASTIBLEN,2009-07-23,33.5625,34.625,33.5625,34.3125,20396
PLASTIBLEN,2009-07-24,34.625,35.2125,34.45,34.475,39208
PLASTIBLEN,2009-07-27,34.4875,35.575,34.0,34.8125,58000
PLASTIBLEN,2009-07-28,33.75,33.75,31.85,32.5,6400
PLASTIBLEN,2009-07-29,31.5,31.5,31.425,31.425,800
PLASTIBLEN,2009-07-30,31.25,31.25,28.8875,31.025,5856
PLASTIBLEN,2009-07-31,31.2125,31.7375,30.2625,30.35,11600
PLASTIBLEN,2009-08-03,31.4375,31.4375,30.25,31.2125,3200
PLASTIBLEN,2009-08-04,30.0,30.975,30.0,30.5,2584
PLASTIBLEN,2009-08-05,30.25,31.0,30.0875,30.1375,1072
PLASTIBLEN,2009-08-06,30.375,31.4125,30.025,30.25,200
PLASTIBLEN,2009-08-07,31.25,31.25,29.75,29.75,5600
PLASTIBLEN,2009-08-10,29.5,29.75,29.5,29.75,180
PLASTIBLEN,2009-08-11,28.75,31.5,28.75,31.5,2400
PLASTIBLEN,2009-08-12,30.0,31.3625,29.3125,30.0,772
PLASTIBLEN,2009-08-13,29.3125,31.25,28.75,29.4125,1016
PLASTIBLEN,2009-08-14,28.0,30.75,28.0,29.8875,560
PLASTIBLEN,2009-08-17,28.5,30.4625,28.5,29.7625,4152
PLASTIBLEN,2009-08-18,29.5,29.5,29.275,29.275,224
PLASTIBLEN,2009-08-19,29.3875,29.5,29.375,29.4,1716
PLASTIBLEN,2009-08-20,29.025,30.0,29.025,29.3,1608
PLASTIBLEN,2009-08-21,29.1,29.625,29.0625,29.2625,5032
PLASTIBLEN,2009-08-24,30.125,30.125,29.0125,29.3625,23080
PLASTIBLEN,2009-08-25,28.625,29.95,28.625,29.4875,16744
PLASTIBLEN,2009-08-26,29.25,30.0,29.25,29.7,2800
PLASTIBLEN,2009-08-27,29.5,30.5,29.5,29.9875,37688
PLASTIBLEN,2009-08-28,30.0625,30.0625,29.3125,29.4375,1752
PLASTIBLEN,2009-08-31,27.6875,30.4,27.6875,29.85,46440
PLASTIBLEN,2009-09-01,29.875,29.875,29.425,29.4625,41420
PLASTIBLEN,2009-09-02,30.0,30.0,28.75,29.625,2280
PLASTIBLEN,2009-09-03,29.625,30.0,29.625,29.875,62292
PLASTIBLEN,2009-09-04,30.625,30.625,29.25,29.675,1700
PLASTIBLEN,2009-09-07,29.75,31.0,29.75,30.5625,3980
PLASTIBLEN,2009-09-08,31.7,31.7,30.7375,30.7375,8
PLASTIBLEN,2009-09-09,30.725,30.95,30.525,30.525,3200
PLASTIBLEN,2009-09-10,30.5,31.625,30.5,31.25,844
PLASTIBLEN,2009-09-11,30.3125,31.25,30.3125,31.25,220
PLASTIBLEN,2009-09-14,32.0,32.0,31.25,31.4125,7640
PLASTIBLEN,2009-09-15,31.0125,31.5,31.0125,31.025,2888
PLASTIBLEN,2009-09-16,31.25,32.0,30.0,31.25,4800
PLASTIBLEN,2009-09-17,29.25,32.5,29.25,31.65,6468
PLASTIBLEN,2009-09-18,30.75,32.25,30.5,32.1875,3080
PLASTIBLEN,2009-09-22,32.25,32.25,30.7875,31.9875,1720
PLASTIBLEN,2009-09-23,31.5,31.5,30.75,30.75,6000
PLASTIBLEN,2009-09-24,30.25,32.0,30.25,31.625,8400
PLASTIBLEN,2009-09-25,31.625,31.625,31.25,31.2625,3180
PLASTIBLEN,2009-09-29,31.45,32.5,31.0625,31.75,16400
PLASTIBLEN,2009-09-30,31.75,32.5,31.75,32.4875,3432
PLASTIBLEN,2009-10-01,32.475,33.125,32.0625,32.3375,1988
PLASTIBLEN,2009-10-05,31.8875,32.275,31.8875,32.125,2644
PLASTIBLEN,2009-10-06,32.25,32.25,31.2625,32.0,3496
PLASTIBLEN,2009-10-07,32.7375,32.7375,32.125,32.6,508
PLASTIBLEN,2009-10-08,31.25,32.75,31.25,32.0,5200
PLASTIBLEN,2009-10-09,31.25,32.5,31.25,31.625,1944
PLASTIBLEN,2009-10-12,32.4875,32.4875,31.6375,31.9,1736
PLASTIBLEN,2009-10-13,31.9,31.9,31.9,31.9,0
PLASTIBLEN,2009-10-14,32.4875,32.5,31.5,31.75,11600
PLASTIBLEN,2009-10-15,30.625,31.975,30.625,31.925,2892
PLASTIBLEN,2009-10-16,32.5,32.5,31.5625,32.375,11600
PLASTIBLEN,2009-10-20,32.0,32.425,32.0,32.375,3980
PLASTIBLEN,2009-10-21,31.25,32.675,31.25,32.575,1280
PLASTIBLEN,2009-10-22,31.725,32.475,31.725,32.475,1788
PLASTIBLEN,2009-10-23,32.85,33.65,32.025,33.275,15200
PLASTIBLEN,2009-10-26,32.5,32.5,32.4,32.4,1400
PLASTIBLEN,2009-10-27,31.7875,31.7875,31.775,31.775,216
PLASTIBLEN,2009-10-28,31.0,31.925,30.65,31.0,5600
PLASTIBLEN,2009-10-29,30.525,31.0,30.5,30.6375,2240
PLASTIBLEN,2009-10-30,30.75,31.0,30.45,30.45,8400
PLASTIBLEN,2009-11-03,30.45,31.2375,29.05,29.2,2136
PLASTIBLEN,2009-11-04,29.2,29.2,29.2,29.2,0
PLASTIBLEN,2009-11-05,30.2375,30.25,28.5,30.025,704
PLASTIBLEN,2009-11-06,30.2125,30.2125,30.0,30.2,320
PLASTIBLEN,2009-11-09,31.975,31.975,29.25,30.25,1912
PLASTIBLEN,2009-11-10,30.975,31.125,30.25,30.25,800
PLASTIBLEN,2009-11-11,29.0,30.25,29.0,30.25,324
PLASTIBLEN,2009-11-12,29.525,30.225,29.25,30.225,1328
PLASTIBLEN,2009-11-13,30.225,30.225,30.225,30.225,0
PLASTIBLEN,2009-11-16,31.125,31.125,29.5,30.075,260
PLASTIBLEN,2009-11-17,28.9125,31.25,28.875,30.3,144
PLASTIBLEN,2009-11-18,30.0,30.0375,30.0,30.0,2220
PLASTIBLEN,2009-11-19,30.0,30.0125,30.0,30.0,728
PLASTIBLEN,2009-11-20,29.5,29.5,29.5,29.5,8
PLASTIBLEN,2009-11-23,30.25,31.6875,30.25,30.3375,1224
PLASTIBLEN,2009-11-24,30.9875,30.9875,29.3875,30.25,320
PLASTIBLEN,2009-11-25,30.25,30.25,30.25,30.25,0
PLASTIBLEN,2009-11-26,29.5,30.25,29.5,30.25,800
PLASTIBLEN,2009-11-27,30.25,30.75,30.0,30.225,2100
PLASTIBLEN,2009-11-30,30.25,30.25,30.25,30.25,76
PLASTIBLEN,2009-12-01,30.625,30.75,30.25,30.75,1636
PLASTIBLEN,2009-12-02,31.0,31.0,30.9,30.9,2816
PLASTIBLEN,2009-12-03,30.125,31.2,30.0,30.0,2708
PLASTIBLEN,2009-12-04,30.5,30.5,30.5,30.5,328
PLASTIBLEN,2009-12-07,30.5,30.5,30.5,30.5,640
PLASTIBLEN,2009-12-08,30.75,30.75,30.7,30.75,476
PLASTIBLEN,2009-12-09,30.675,30.675,30.375,30.375,380
PLASTIBLEN,2009-12-10,30.675,32.5,30.675,31.9875,11448
PLASTIBLEN,2009-12-11,32.475,32.5,32.025,32.2375,4020
PLASTIBLEN,2009-12-14,31.025,32.0,31.025,31.4,2100
PLASTIBLEN,2009-12-15,30.125,31.25,30.125,31.25,384
PLASTIBLEN,2009-12-16,31.0,31.0625,30.775,31.025,5600
PLASTIBLEN,2009-12-17,31.025,31.275,30.5375,31.275,12112
PLASTIBLEN,2009-12-18,31.25,31.7625,31.25,31.35,8832
PLASTIBLEN,2009-12-21,31.3375,34.4875,31.325,33.05,12648
PLASTIBLEN,2009-12-22,33.725,33.925,32.65,33.175,33328
PLASTIBLEN,2009-12-23,33.3,33.775,33.3,33.425,2988
PLASTIBLEN,2009-12-24,33.0,33.0,33.0,33.0,100
PLASTIBLEN,2009-12-29,32.5,33.375,32.375,33.15,6060
PLASTIBLEN,2009-12-30,33.6875,33.6875,33.25,33.625,2724
PLASTIBLEN,2009-12-31,33.75,33.75,33.275,33.275,2760
PLASTIBLEN,2010-01-04,33.6875,33.875,33.15,33.8375,15232
PLASTIBLEN,2010-01-05,32.825,34.5,32.825,33.675,1176
PLASTIBLEN,2010-01-06,33.2625,33.75,33.2625,33.75,820
PLASTIBLEN,2010-01-07,33.525,33.975,33.0,33.3125,1400
PLASTIBLEN,2010-01-08,31.9375,33.625,31.925,33.625,3168
PLASTIBLEN,2010-01-11,33.775,35.75,33.75,34.775,5588
PLASTIBLEN,2010-01-12,35.0,35.7375,33.875,34.75,2460
PLASTIBLEN,2010-01-13,35.0,35.75,34.75,35.5375,7056
PLASTIBLEN,2010-01-14,35.3375,36.2375,35.3375,35.5,1600
PLASTIBLEN,2010-01-15,37.375,39.2375,35.75,37.775,36644
PLASTIBLEN,2010-01-18,37.575,40.4625,37.575,39.5375,58812
PLASTIBLEN,2010-01-19,40.0,41.5,39.0375,39.4625,28756
PLASTIBLEN,2010-01-20,40.75,40.75,38.3,38.325,2952
PLASTIBLEN,2010-01-21,38.15,38.4875,37.625,38.0375,9724
PLASTIBLEN,2010-01-22,36.5,37.875,36.5,37.875,2800
PLASTIBLEN,2010-01-25,36.5,36.75,35.75,35.75,120
PLASTIBLEN,2010-01-27,36.975,36.975,34.7875,34.8625,1124
PLASTIBLEN,2010-01-28,36.75,36.75,34.5625,34.65,532
PLASTIBLEN,2010-01-29,34.5125,36.75,33.75,35.6375,1772
PLASTIBLEN,2010-02-01,36.0,36.0,36.0,36.0,200
PLASTIBLEN,2010-02-02,37.5,37.5,35.875,35.875,2868
PLASTIBLEN,2010-02-03,36.325,38.75,36.325,38.4,8164
PLASTIBLEN,2010-02-04,37.9,37.9,36.875,37.05,464
PLASTIBLEN,2010-02-05,36.0,37.25,35.625,35.7125,2920
PLASTIBLEN,2010-02-08,35.7125,35.7125,35.7125,35.7125,0
PLASTIBLEN,2010-02-09,34.25,35.625,33.875,35.525,2320
PLASTIBLEN,2010-02-10,36.25,36.25,35.6875,35.7,120
PLASTIBLEN,2010-02-11,35.75,36.875,35.75,35.875,448
PLASTIBLEN,2010-02-15,36.75,36.75,34.8125,34.85,4136
PLASTIBLEN,2010-02-16,35.55,35.55,35.075,35.075,176
PLASTIBLEN,2010-02-17,36.25,36.25,35.2625,35.325,4300
PLASTIBLEN,2010-02-18,37.375,39.3625,36.25,36.7125,11668
PLASTIBLEN,2010-02-19,37.75,37.75,35.475,37.275,36
PLASTIBLEN,2010-02-22,37.625,37.625,35.0125,35.825,876
PLASTIBLEN,2010-02-23,35.525,35.525,33.3875,34.95,740
PLASTIBLEN,2010-02-24,33.55,36.2125,33.55,35.7125,3052
PLASTIBLEN,2010-02-25,35.7125,35.7125,35.7125,35.7125,0
PLASTIBLEN,2010-02-26,36.0,36.0,34.7625,34.9625,10244
PLASTIBLEN,2010-03-02,32.0,38.1125,32.0,35.0,7860
PLASTIBLEN,2010-03-03,35.0,35.0,35.0,35.0,0
PLASTIBLEN,2010-03-04,35.0,35.0,35.0,35.0,0
PLASTIBLEN,2010-03-05,37.375,37.375,36.0,36.125,392
PLASTIBLEN,2010-03-08,36.625,37.675,36.625,37.5375,460
PLASTIBLEN,2010-03-09,36.5,37.25,36.5,37.2,684
PLASTIBLEN,2010-03-10,35.2625,36.75,35.2625,36.25,236
PLASTIBLEN,2010-03-11,37.4375,38.0,37.25,37.8625,5788
PLASTIBLEN,2010-03-12,36.525,36.525,36.5,36.5,600
PLASTIBLEN,2010-03-15,36.975,37.0,35.75,36.9625,8160
PLASTIBLEN,2010-03-16,35.15,36.4875,35.125,35.2625,844
PLASTIBLEN,2010-03-17,34.075,36.25,34.075,35.6375,2780
PLASTIBLEN,2010-03-18,36.125,36.1875,36.0,36.125,1620
PLASTIBLEN,2010-03-19,36.125,36.125,35.625,35.625,1200
PLASTIBLEN,2010-03-22,35.6125,35.6125,35.4,35.4,5780
PLASTIBLEN,2010-03-23,36.25,36.35,34.875,36.0,1360
PLASTIBLEN,2010-03-25,35.025,35.25,34.9375,34.9875,4616
PLASTIBLEN,2010-03-26,35.0625,36.0,35.0625,35.4125,1076
PLASTIBLEN,2010-03-29,34.775,35.5,34.775,34.95,524
PLASTIBLEN,2010-03-30,35.0,35.0,34.3,35.0,5400
PLASTIBLEN,2010-03-31,34.475,34.975,34.475,34.975,412
PLASTIBLEN,2010-04-01,35.0,35.825,34.95,35.025,8304
PLASTIBLEN,2010-04-05,35.875,36.5,35.875,36.5,6056
PLASTIBLEN,2010-04-06,36.25,37.0,36.1,36.45,3224
PLASTIBLEN,2010-04-07,36.25,36.75,36.25,36.4,1296
PLASTIBLEN,2010-04-08,37.175,37.175,35.625,35.825,7076
PLASTIBLEN,2010-04-09,36.525,37.75,36.5,36.7125,3980
PLASTIBLEN,2010-04-12,37.25,38.375,37.25,37.925,24804
PLASTIBLEN,2010-04-13,38.125,39.6625,38.125,39.2,15188
PLASTIBLEN,2010-04-15,38.4,38.75,37.75,37.7875,5544
PLASTIBLEN,2010-04-16,37.8875,38.25,37.525,38.25,4836
PLASTIBLEN,2010-04-19,38.475,38.625,35.0,36.2875,3380
PLASTIBLEN,2010-04-20,38.4,38.4125,37.5,38.4125,208
PLASTIBLEN,2010-04-21,37.5,38.3625,37.5,37.9375,4120
PLASTIBLEN,2010-04-22,37.9375,37.9375,37.9375,37.9375,0
PLASTIBLEN,2010-04-23,37.15,38.75,37.15,38.275,12632
PLASTIBLEN,2010-04-26,39.1875,39.1875,37.55,37.85,5796
PLASTIBLEN,2010-04-27,37.8,38.375,37.4875,37.6125,14968
PLASTIBLEN,2010-04-28,37.6,38.25,37.525,38.1375,7388
PLASTIBLEN,2010-04-29,39.3125,39.3125,37.35,38.5,1900
PLASTIBLEN,2010-04-30,38.25,38.25,38.25,38.25,400
PLASTIBLEN,2010-05-03,37.0,38.75,36.925,38.25,1860
PLASTIBLEN,2010-05-04,38.0625,38.25,38.025,38.025,200
PLASTIBLEN,2010-05-05,36.8125,38.45,36.8125,37.5,3208
PLASTIBLEN,2010-05-06,37.5,37.5,37.5,37.5,808
PLASTIBLEN,2010-05-07,36.0,37.875,36.0,37.875,76
PLASTIBLEN,2010-05-10,37.5,37.5625,37.25,37.25,1024
PLASTIBLEN,2010-05-11,38.375,38.375,38.0,38.125,12
PLASTIBLEN,2010-05-12,38.475,38.475,38.475,38.475,600
PLASTIBLEN,2010-05-13,37.75,37.75,37.15,37.75,120
PLASTIBLEN,2010-05-14,37.75,37.75,36.375,36.525,948
PLASTIBLEN,2010-05-17,37.0,37.225,36.5,36.75,4660
PLASTIBLEN,2010-05-18,37.975,38.675,37.975,38.675,8400
PLASTIBLEN,2010-05-19,39.7125,39.7125,36.525,36.5875,12360
PLASTIBLEN,2010-05-20,39.125,39.125,37.5,37.5,56
PLASTIBLEN,2010-05-21,37.5,37.5,37.5,37.5,0
PLASTIBLEN,2010-05-24,37.5,37.5,37.5,37.5,0
PLASTIBLEN,2010-05-25,36.625,36.625,36.25,36.25,736
PLASTIBLEN,2010-05-26,37.5,37.5,35.55,35.7125,2328
PLASTIBLEN,2010-05-27,36.975,37.0,35.5125,35.675,4488
PLASTIBLEN,2010-05-28,37.225,37.225,35.65,36.075,1576
PLASTIBLEN,2010-05-31,35.0,36.875,35.0,36.875,1200
PLASTIBLEN,2010-06-01,36.8125,36.8125,35.75,36.625,840
PLASTIBLEN,2010-06-02,35.575,35.6375,35.0,35.0,1876
PLASTIBLEN,2010-06-03,35.0875,36.225,35.075,35.25,1444
PLASTIBLEN,2010-06-04,35.25,35.9625,35.25,35.5625,1952
PLASTIBLEN,2010-06-07,35.5625,35.5625,35.5625,35.5625,0
PLASTIBLEN,2010-06-08,35.625,35.625,34.75,35.375,1588
PLASTIBLEN,2010-06-09,42.4375,42.4375,34.5125,34.6625,2712
PLASTIBLEN,2010-06-10,35.0,35.0,35.0,35.0,932
PLASTIBLEN,2010-06-11,35.0,35.6875,35.0,35.1,712
PLASTIBLEN,2010-06-14,36.475,36.475,36.475,36.475,100
PLASTIBLEN,2010-06-15,36.25,36.25,35.875,36.225,300
PLASTIBLEN,2010-06-16,36.1,36.1,35.75,36.1,144
PLASTIBLEN,2010-06-17,36.3125,36.6125,35.6,35.725,884
PLASTIBLEN,2010-06-18,35.75,36.0,35.125,35.5,1292
PLASTIBLEN,2010-06-21,35.45,36.25,35.2625,35.2625,380
PLASTIBLEN,2010-06-22,36.0,36.0,35.25,35.25,600
PLASTIBLEN,2010-06-23,35.25,36.8125,35.25,36.8125,600
PLASTIBLEN,2010-06-24,35.425,37.3125,35.425,36.25,4232
PLASTIBLEN,2010-06-25,35.6625,35.6625,35.6625,35.6625,40
PLASTIBLEN,2010-06-28,35.525,35.775,35.525,35.775,320
PLASTIBLEN,2010-06-29,36.25,36.25,36.25,36.25,400
PLASTIBLEN,2010-06-30,36.625,36.625,35.8875,36.025,96
PLASTIBLEN,2010-07-01,36.25,37.0,35.75,35.9375,960
PLASTIBLEN,2010-07-02,36.7375,36.75,36.125,36.5375,4880
PLASTIBLEN,2010-07-05,36.325,36.7375,36.3,36.5,2184
PLASTIBLEN,2010-07-06,36.25,37.45,36.25,36.5,5644
PLASTIBLEN,2010-07-07,37.25,40.5,36.9375,39.85,352504
PLASTIBLEN,2010-07-08,39.9,40.95,39.525,39.75,101572
PLASTIBLEN,2010-07-09,40.25,40.25,39.275,39.425,7608
PLASTIBLEN,2010-07-12,40.25,40.75,39.25,39.8875,11832
PLASTIBLEN,2010-07-13,40.2,40.3125,39.375,39.7875,6844
PLASTIBLEN,2010-07-14,39.5,41.0,38.85,40.175,37364
PLASTIBLEN,2010-07-15,40.75,41.6875,40.3125,41.2,17704
PLASTIBLEN,2010-07-16,38.2625,45.75,38.2625,43.2625,128840
PLASTIBLEN,2010-07-19,43.75,45.95,43.75,44.275,79028
PLASTIBLEN,2010-07-20,44.275,45.0,43.5,44.0,61040
PLASTIBLEN,2010-07-21,43.2625,45.675,43.2625,45.0375,79784
PLASTIBLEN,2010-07-22,45.35,45.4375,44.4125,44.5,41236
PLASTIBLEN,2010-07-23,44.5625,45.75,44.5625,45.3375,65532
PLASTIBLEN,2010-07-26,45.3,48.5,44.5625,45.5375,103400
PLASTIBLEN,2010-07-27,46.375,49.75,46.375,49.3125,266760
PLASTIBLEN,2010-07-28,49.75,50.4875,48.625,49.8875,73172
PLASTIBLEN,2010-07-29,50.025,51.0875,48.525,48.625,68988
PLASTIBLEN,2010-07-30,47.1,47.6125,45.5,46.125,40068
PLASTIBLEN,2010-08-02,45.5375,46.375,45.0,46.3125,26592
PLASTIBLEN,2010-08-03,46.25,47.0,45.75,45.775,18876
PLASTIBLEN,2010-08-04,45.75,46.7375,45.75,46.225,12168
PLASTIBLEN,2010-08-05,46.25,46.35,45.525,45.7,8696
PLASTIBLEN,2010-08-06,45.75,46.0,45.25,45.4625,13960
PLASTIBLEN,2010-08-09,44.2625,46.5,44.2625,46.175,10656
PLASTIBLEN,2010-08-10,45.075,46.5,45.075,45.4625,7036
PLASTIBLEN,2010-08-11,44.5,46.05,44.5,45.9375,14056
PLASTIBLEN,2010-08-12,45.0625,45.125,44.0625,44.1875,12184
PLASTIBLEN,2010-08-13,45.0,45.1875,44.0125,44.1375,7760
PLASTIBLEN,2010-08-16,46.25,46.25,44.0625,44.7625,3012
PLASTIBLEN,2010-08-17,44.0,44.0625,43.5,43.9125,17240
PLASTIBLEN,2010-08-18,44.9875,44.9875,42.75,43.25,14680
PLASTIBLEN,2010-08-19,44.7375,44.7375,43.3,43.6,8492
PLASTIBLEN,2010-08-20,43.3125,44.25,43.3125,43.8125,7868
PLASTIBLEN,2010-08-23,40.3,45.4625,40.3,44.375,71612
PLASTIBLEN,2010-08-24,44.75,48.25,44.2625,47.325,84700
PLASTIBLEN,2010-08-25,48.475,48.75,46.775,47.55,159076
PLASTIBLEN,2010-08-26,48.0625,49.1125,48.0625,48.25,102056
PLASTIBLEN,2010-08-27,49.125,49.625,47.025,47.8875,67656
PLASTIBLEN,2010-08-30,48.5,49.1,45.5625,46.3625,55920
PLASTIBLEN,2010-08-31,46.075,47.225,45.8,46.2125,5872
PLASTIBLEN,2010-09-01,47.625,47.625,46.05,46.4125,1984
PLASTIBLEN,2010-09-02,48.4875,48.4875,46.625,46.875,4560
PLASTIBLEN,2010-09-03,46.5,47.25,45.25,47.1125,12772
PLASTIBLEN,2010-09-06,47.0,48.7,46.7125,48.175,85536
PLASTIBLEN,2010-09-07,48.25,48.675,47.875,48.2875,25512
PLASTIBLEN,2010-09-08,48.5,48.5,47.5,47.5,9300
PLASTIBLEN,2010-09-09,46.6375,48.25,46.6375,47.75,14024
PLASTIBLEN,2010-09-13,46.8,48.1875,46.8,47.275,1480
PLASTIBLEN,2010-09-14,47.0125,47.9375,47.0125,47.7625,49912
PLASTIBLEN,2010-09-15,47.0625,47.975,47.0,47.725,8156
PLASTIBLEN,2010-09-16,47.75,48.75,47.525,48.5875,14152
PLASTIBLEN,2010-09-17,48.375,48.875,48.0125,48.0375,7488
PLASTIBLEN,2010-09-20,48.25,49.5,47.8875,47.9625,7128
PLASTIBLEN,2010-09-21,48.725,48.725,47.5,47.7375,3888
PLASTIBLEN,2010-09-22,48.0,48.7,47.5125,48.4375,13436
PLASTIBLEN,2010-09-23,47.6875,48.0,47.5,47.5125,2116
PLASTIBLEN,2010-09-24,48.0,48.75,47.875,48.625,7588
PLASTIBLEN,2010-09-27,48.0,48.375,47.5125,47.5625,1668
PLASTIBLEN,2010-09-28,46.5625,48.1,46.5625,47.9625,38800
PLASTIBLEN,2010-09-29,48.425,48.425,47.55,48.0,52
PLASTIBLEN,2010-09-30,49.625,49.625,47.0,47.3375,3012
PLASTIBLEN,2010-10-01,46.825,47.5,46.825,47.05,728
PLASTIBLEN,2010-10-04,45.7125,49.375,45.7125,47.725,14564
PLASTIBLEN,2010-10-05,48.6875,48.6875,47.4625,47.775,6192
PLASTIBLEN,2010-10-06,47.5,48.5,47.5,48.2875,11340
PLASTIBLEN,2010-10-07,48.425,50.75,48.3375,50.2375,68064
PLASTIBLEN,2010-10-08,50.625,52.75,50.625,52.0875,74500
PLASTIBLEN,2010-10-11,52.25,54.3625,52.25,53.3125,56844
PLASTIBLEN,2010-10-12,53.75,54.925,51.75,54.4125,31024
PLASTIBLEN,2010-10-13,55.25,56.25,54.5,55.15,19884
PLASTIBLEN,2010-10-14,55.5,56.2375,54.25,54.85,20088
PLASTIBLEN,2010-10-15,55.0,55.9375,52.75,52.7875,4024
PLASTIBLEN,2010-10-18,54.25,54.25,53.0375,54.0,1064
PLASTIBLEN,2010-10-19,54.0,54.5,52.5,53.75,2472
PLASTIBLEN,2010-10-20,61.25,61.25,53.5,54.0875,4096
PLASTIBLEN,2010-10-21,54.5,55.0,54.25,54.25,3888
PLASTIBLEN,2010-10-22,54.5,56.25,53.7875,55.0875,18220
PLASTIBLEN,2010-10-25,56.0,57.25,52.5625,54.1,29968
PLASTIBLEN,2010-10-26,53.25,53.75,51.25,51.3,7136
PLASTIBLEN,2010-10-27,51.375,54.2125,50.675,50.675,4576
PLASTIBLEN,2010-10-28,51.0375,51.0375,49.0125,50.75,4880
PLASTIBLEN,2010-10-29,49.275,51.7125,49.175,50.0,14252
PLASTIBLEN,2010-11-01,50.525,50.525,49.75,50.25,1100
PLASTIBLEN,2010-11-02,50.5,50.5,48.65,49.0125,2592
PLASTIBLEN,2010-11-03,49.2625,50.0,47.75,48.4625,2540
PLASTIBLEN,2010-11-04,48.025,49.1,45.75,48.625,8592
PLASTIBLEN,2010-11-08,51.25,51.25,48.8,48.8,2332
PLASTIBLEN,2010-11-09,50.0,50.7125,48.75,49.0375,8728
PLASTIBLEN,2010-11-10,49.925,50.0,49.075,49.65,1260
PLASTIBLEN,2010-11-11,50.0,50.0,49.0125,49.825,12596
PLASTIBLEN,2010-11-12,49.15,50.0,48.375,48.5,3536
PLASTIBLEN,2010-11-15,47.5,50.5,47.5,50.2375,8344
PLASTIBLEN,2010-11-16,49.5,50.0,47.5,47.5,16960
PLASTIBLEN,2010-11-18,47.6625,47.75,47.0,47.325,2544
PLASTIBLEN,2010-11-19,48.375,48.375,47.5,47.5,1200
PLASTIBLEN,2010-11-22,47.125,48.425,46.375,46.4625,1788
PLASTIBLEN,2010-11-23,48.75,48.75,43.5,44.9,18196
PLASTIBLEN,2010-11-24,45.5,47.5375,45.5,46.5125,5468
PLASTIBLEN,2010-11-25,48.3,48.3,45.75,45.9125,1812
PLASTIBLEN,2010-11-26,46.5125,47.75,43.75,44.05,9228
PLASTIBLEN,2010-11-29,46.7,46.7,44.0125,44.5,1196
PLASTIBLEN,2010-11-30,43.15,46.25,43.15,46.25,7164
PLASTIBLEN,2010-12-01,45.0125,46.2375,45.0125,46.15,200
PLASTIBLEN,2010-12-02,44.5125,47.175,44.0,45.025,40564
PLASTIBLEN,2010-12-03,45.75,45.75,43.5,44.0125,5076
PLASTIBLEN,2010-12-06,44.6375,44.8,44.6375,44.8,320
PLASTIBLEN,2010-12-07,44.25,44.95,44.0,44.375,4608
PLASTIBLEN,2010-12-08,44.0,44.75,43.5,43.85,6600
PLASTIBLEN,2010-12-09,44.25,44.5,42.5,43.0,22420
PLASTIBLEN,2010-12-10,42.75,43.7,42.75,43.7,908
PLASTIBLEN,2010-12-13,43.75,45.0,43.75,45.0,260
PLASTIBLEN,2010-12-14,45.775,45.775,43.75,44.1125,2532
PLASTIBLEN,2010-12-15,45.0,45.0,44.1875,44.1875,2440
PLASTIBLEN,2010-12-16,43.875,44.4,43.625,43.7875,1260
PLASTIBLEN,2010-12-20,44.0,44.0,43.7875,43.875,120
PLASTIBLEN,2010-12-21,43.2625,43.3875,43.2625,43.3875,44
PLASTIBLEN,2010-12-22,43.25,43.25,43.25,43.25,200
PLASTIBLEN,2010-12-23,43.25,43.35,43.25,43.325,1000
PLASTIBLEN,2010-12-24,44.975,45.0,43.75,43.75,432
PLASTIBLEN,2010-12-27,43.75,44.75,42.5625,44.1125,5684
PLASTIBLEN,2010-12-28,43.5,44.975,42.75,44.3125,744
PLASTIBLEN,2010-12-29,42.8875,42.8875,42.8875,42.8875,60
PLASTIBLEN,2010-12-30,40.3125,48.7125,40.3125,44.9125,7804
PLASTIBLEN,2010-12-31,47.45,47.45,44.75,45.025,564
PLASTIBLEN,2011-01-03,45.025,46.225,45.025,46.175,440
PLASTIBLEN,2011-01-04,46.175,46.175,46.175,46.175,0
PLASTIBLEN,2011-01-05,46.225,46.225,45.075,45.2625,960
PLASTIBLEN,2011-01-06,45.2625,45.2625,45.2625,45.2625,200
PLASTIBLEN,2011-01-07,44.0,45.0,42.5625,43.8125,372
PLASTIBLEN,2011-01-10,47.5,47.5,42.575,42.6,3692
PLASTIBLEN,2011-01-11,43.2625,44.5,42.75,42.8375,764
PLASTIBLEN,2011-01-12,43.0,43.0,42.0,42.5,772
PLASTIBLEN,2011-01-13,41.8375,43.75,41.8375,42.5,524
PLASTIBLEN,2011-01-14,42.5,42.5,42.5,42.5,0
PLASTIBLEN,2011-01-17,46.35,50.75,42.075,42.35,1128
PLASTIBLEN,2011-01-18,44.0,44.375,42.125,42.1875,2004
PLASTIBLEN,2011-01-19,44.5,44.5,42.1,42.3625,1844
PLASTIBLEN,2011-01-20,42.1,42.1,41.375,41.9875,4660
PLASTIBLEN,2011-01-21,41.5,42.5,41.0,42.5,348
PLASTIBLEN,2011-01-24,41.525,41.525,41.0,41.0,328
PLASTIBLEN,2011-01-25,38.375,44.7125,38.375,42.975,1068
PLASTIBLEN,2011-01-27,41.25,43.75,41.25,41.35,10016
PLASTIBLEN,2011-01-28,38.75,43.75,38.75,40.5125,4432
PLASTIBLEN,2011-01-31,39.6,40.9875,38.8125,40.0,800
PLASTIBLEN,2011-02-01,42.625,42.625,39.625,40.0125,2468
PLASTIBLEN,2011-02-02,40.25,42.5,40.0,40.0,720
PLASTIBLEN,2011-02-03,40.25,41.25,40.25,40.5,620
PLASTIBLEN,2011-02-04,42.0,43.4625,41.2,42.2,2172
PLASTIBLEN,2011-02-07,43.5,43.5,42.25,42.75,2040
PLASTIBLEN,2011-02-08,42.5,42.75,41.25,42.3875,2912
PLASTIBLEN,2011-02-09,41.25,42.25,40.0,40.45,3220
PLASTIBLEN,2011-02-10,40.25,40.275,40.0,40.275,504
PLASTIBLEN,2011-02-11,41.25,41.25,40.25,41.05,160
PLASTIBLEN,2011-02-14,41.25,43.0,41.25,43.0,1740
PLASTIBLEN,2011-02-15,42.5,43.0,42.05,42.5125,1076
PLASTIBLEN,2011-02-16,42.5125,43.25,42.5,43.25,508
PLASTIBLEN,2011-02-17,42.75,43.45,42.75,43.4375,400
PLASTIBLEN,2011-02-18,48.25,48.25,42.625,42.625,1208
PLASTIBLEN,2011-02-21,42.125,42.25,40.95,41.3125,1160
PLASTIBLEN,2011-02-22,41.25,41.75,40.475,40.475,720
PLASTIBLEN,2011-02-23,40.475,40.475,40.475,40.475,0
PLASTIBLEN,2011-02-24,40.8,41.0,40.0,40.7125,2260
PLASTIBLEN,2011-02-25,41.5,41.875,39.75,41.875,1380
PLASTIBLEN,2011-02-28,41.5,42.25,40.4,40.475,4024
PLASTIBLEN,2011-03-01,40.8,41.75,40.5,41.75,860
PLASTIBLEN,2011-03-03,40.575,40.575,40.25,40.25,500
PLASTIBLEN,2011-03-04,40.75,42.125,40.0,40.0,1600
PLASTIBLEN,2011-03-07,40.125,40.125,39.75,39.75,180
PLASTIBLEN,2011-03-08,40.0125,40.0125,40.0,40.0,400
PLASTIBLEN,2011-03-09,43.725,43.725,40.025,41.4875,3500
PLASTIBLEN,2011-03-10,40.4375,40.4375,40.4375,40.4375,1200
PLASTIBLEN,2011-03-11,40.1,41.5,40.1,41.0,1420
PLASTIBLEN,2011-03-14,41.0,41.0,41.0,41.0,4
PLASTIBLEN,2011-03-15,40.3125,42.0,40.0,40.2875,4440
PLASTIBLEN,2011-03-16,40.2875,40.2875,40.2875,40.2875,0
PLASTIBLEN,2011-03-17,41.225,42.5,41.225,42.05,10600
PLASTIBLEN,2011-03-18,41.75,47.0,41.0,41.0,2896
PLASTIBLEN,2011-03-21,40.05,40.3875,40.05,40.3375,2396
PLASTIBLEN,2011-03-22,41.25,41.9875,40.625,41.3875,6700
PLASTIBLEN,2011-03-23,41.3875,41.3875,41.3875,41.3875,0
PLASTIBLEN,2011-03-24,40.3,40.3,40.05,40.05,280
PLASTIBLEN,2011-03-25,40.5,40.5,40.5,40.5,2000
PLASTIBLEN,2011-03-28,40.25,42.5,40.25,41.5875,17848
PLASTIBLEN,2011-03-29,41.025,41.025,40.25,40.25,2392
PLASTIBLEN,2011-03-30,40.6,40.6,40.6,40.6,4
PLASTIBLEN,2011-03-31,42.25,44.75,40.0,41.25,6448
PLASTIBLEN,2011-04-01,42.0,42.75,41.75,42.625,5604
PLASTIBLEN,2011-04-04,42.5,43.5,42.5,43.25,2040
PLASTIBLEN,2011-04-05,42.3125,43.25,42.275,43.25,560
PLASTIBLEN,2011-04-06,43.45,43.45,42.25,42.45,560
PLASTIBLEN,2011-04-07,43.75,46.1625,43.0,44.3,9608
PLASTIBLEN,2011-04-08,45.2625,52.2,45.2625,48.375,51088
PLASTIBLEN,2011-04-11,49.7375,51.4875,48.825,50.45,36348
PLASTIBLEN,2011-04-13,50.0,50.5,49.5875,50.125,10500
PLASTIBLEN,2011-04-15,47.65,50.025,47.65,50.025,4220
PLASTIBLEN,2011-04-18,47.5125,53.75,47.5125,51.0125,9716
PLASTIBLEN,2011-04-19,49.65,51.5,49.65,50.45,10100
PLASTIBLEN,2011-04-20,50.375,51.25,50.375,51.125,2500
PLASTIBLEN,2011-04-21,50.4125,51.0,50.4,51.0,3260
PLASTIBLEN,2011-04-25,50.5125,51.25,50.0,50.5875,4528
PLASTIBLEN,2011-04-26,51.375,51.425,51.375,51.425,404
PLASTIBLEN,2011-04-27,51.25,51.725,50.6875,50.7625,972
PLASTIBLEN,2011-04-28,51.95,52.2375,50.5,50.8,7092
PLASTIBLEN,2011-04-29,50.5,50.5,49.5,49.5,7060
PLASTIBLEN,2011-05-02,50.0,50.0,48.8875,49.0875,5108
PLASTIBLEN,2011-05-03,50.0,50.0,46.25,46.3875,9344
PLASTIBLEN,2011-05-04,46.95,48.0,46.95,47.975,752
PLASTIBLEN,2011-05-05,48.4875,49.75,48.4875,48.85,4880
PLASTIBLEN,2011-05-06,47.875,50.0,47.875,49.75,3600
PLASTIBLEN,2011-05-09,48.0125,50.7125,48.0125,50.5375,2980
PLASTIBLEN,2011-05-10,48.6,48.6,47.5,47.9625,6628
PLASTIBLEN,2011-05-11,48.75,49.75,47.675,49.05,5000
PLASTIBLEN,2011-05-12,51.725,51.725,48.2625,49.8375,2132
PLASTIBLEN,2011-05-13,47.6,49.9625,47.6,48.3875,3104
PLASTIBLEN,2011-05-16,48.3875,48.3875,48.3875,48.3875,0
PLASTIBLEN,2011-05-17,48.75,48.75,48.75,48.75,600
PLASTIBLEN,2011-05-18,48.5,49.5,48.5,49.5,1600
PLASTIBLEN,2011-05-19,49.5,49.5,49.5,49.5,0
PLASTIBLEN,2011-05-20,48.75,48.75,48.75,48.75,200
PLASTIBLEN,2011-05-23,48.0,48.0,47.775,47.8875,160
PLASTIBLEN,2011-05-24,47.75,47.75,47.75,47.75,400
PLASTIBLEN,2011-05-25,47.25,47.25,47.0,47.0,800
PLASTIBLEN,2011-05-26,47.0,47.0,47.0,47.0,0
PLASTIBLEN,2011-05-27,49.5,50.25,49.5,49.775,4280
PLASTIBLEN,2011-05-30,49.875,51.0,49.75,50.95,1820
PLASTIBLEN,2011-05-31,51.75,58.5,50.0,51.75,9904
PLASTIBLEN,2011-06-01,51.25,52.75,51.25,52.425,5768
PLASTIBLEN,2011-06-02,50.05,52.5,50.05,52.0,3576
PLASTIBLEN,2011-06-03,52.5,52.5,52.5,52.5,72
PLASTIBLEN,2011-06-06,52.125,52.125,51.7625,51.775,680
PLASTIBLEN,2011-06-07,51.75,52.4,51.2625,51.5375,1328
PLASTIBLEN,2011-06-08,50.55,52.25,50.5,52.25,2984
PLASTIBLEN,2011-06-09,52.5,52.5,52.0,52.2125,2476
PLASTIBLEN,2011-06-10,52.15,52.5,51.6375,51.6375,1516
PLASTIBLEN,2011-06-13,52.25,53.2375,52.05,53.2375,6464
PLASTIBLEN,2011-06-14,50.0,53.5,50.0,53.2375,6540
PLASTIBLEN,2011-06-15,53.025,53.75,53.025,53.75,716
PLASTIBLEN,2011-06-16,53.25,53.75,52.5,52.775,4168
PLASTIBLEN,2011-06-17,52.775,52.775,52.775,52.775,0
PLASTIBLEN,2011-06-20,53.4875,53.5,50.3875,50.9375,8956
PLASTIBLEN,2011-06-21,52.275,52.275,50.5,51.35,324
PLASTIBLEN,2011-06-22,51.875,52.25,50.3,50.4125,1624
PLASTIBLEN,2011-06-23,52.225,52.225,52.225,52.225,400
PLASTIBLEN,2011-06-24,55.5,55.5,50.0,51.6125,6176
PLASTIBLEN,2011-06-27,50.025,55.0375,50.025,52.25,4824
PLASTIBLEN,2011-06-28,51.75,51.75,51.5,51.75,3040
PLASTIBLEN,2011-06-29,51.25,52.25,51.25,51.5,1700
PLASTIBLEN,2011-06-30,52.125,52.125,50.575,50.575,2720
PLASTIBLEN,2011-07-01,50.5375,50.5375,50.225,50.25,3100
PLASTIBLEN,2011-07-04,50.5,50.5,50.25,50.25,2000
PLASTIBLEN,2011-07-05,50.25,50.75,50.25,50.5,1804
PLASTIBLEN,2011-07-06,51.6125,52.25,49.4,51.25,1708
PLASTIBLEN,2011-07-07,52.2375,52.2375,51.2875,51.2875,320
PLASTIBLEN,2011-07-08,51.2625,51.525,50.575,51.15,3012
PLASTIBLEN,2011-07-11,52.8625,52.8625,50.5,50.8125,2496
PLASTIBLEN,2011-07-12,50.8125,50.8125,50.8125,50.8125,0
PLASTIBLEN,2011-07-13,50.5,51.875,49.75,50.9125,2476
PLASTIBLEN,2011-07-14,50.0375,51.0,50.0,51.0,884
PLASTIBLEN,2011-07-15,50.25,51.9625,50.25,51.9625,220
PLASTIBLEN,2011-07-18,53.25,53.25,51.5,51.5,4500
PLASTIBLEN,2011-07-19,51.25,51.7375,50.3125,51.125,496
PLASTIBLEN,2011-07-20,51.25,52.125,51.25,52.0,3720
PLASTIBLEN,2011-07-21,50.75,51.9375,50.75,51.9375,1000
PLASTIBLEN,2011-07-22,50.9875,51.625,50.9875,51.25,3584
PLASTIBLEN,2011-07-25,52.25,52.25,50.775,52.1625,1908
PLASTIBLEN,2011-07-26,53.5,55.0,51.75,51.9625,1520
PLASTIBLEN,2011-07-27,52.25,53.0,51.5,53.0,840
PLASTIBLEN,2011-07-28,53.0,53.0,53.0,53.0,0
PLASTIBLEN,2011-07-29,53.0,53.0,53.0,53.0,0
PLASTIBLEN,2011-08-01,52.0,52.0,51.25,51.3375,8148
PLASTIBLEN,2011-08-02,51.3375,51.3375,51.3375,51.3375,0
PLASTIBLEN,2011-08-03,51.0,51.125,50.7625,50.7625,340
PLASTIBLEN,2011-08-04,50.7625,50.7625,50.7625,50.7625,0
PLASTIBLEN,2011-08-05,50.75,50.75,48.5,49.5,668
PLASTIBLEN,2011-08-08,49.5,49.5,49.5,49.5,0
PLASTIBLEN,2011-08-09,47.5,48.4625,47.0,47.5,7964
PLASTIBLEN,2011-08-10,50.375,50.375,49.0,50.0,6488
PLASTIBLEN,2011-08-11,48.75,49.475,47.75,47.7875,3592
PLASTIBLEN,2011-08-12,48.5,50.0,48.0,48.6875,2732
PLASTIBLEN,2011-08-16,48.75,49.4875,47.5375,47.5375,2596
PLASTIBLEN,2011-08-17,49.125,49.125,47.2625,47.8375,2756
PLASTIBLEN,2011-08-18,47.8125,47.8125,45.5,45.5,3488
PLASTIBLEN,2011-08-19,45.5,45.5,44.0,44.0,776
PLASTIBLEN,2011-08-22,43.5,43.5,43.5,43.5,200
PLASTIBLEN,2011-08-23,44.5,47.0,43.5,43.875,1720
PLASTIBLEN,2011-08-24,45.0,45.5,45.0,45.0,1568
PLASTIBLEN,2011-08-25,44.0,44.0,44.0,44.0,240
PLASTIBLEN,2011-08-26,44.0,44.25,44.0,44.25,1328
PLASTIBLEN,2011-08-29,43.75,46.025,43.75,46.025,684
PLASTIBLEN,2011-08-30,45.0,49.5125,42.875,44.1375,216
PLASTIBLEN,2011-09-02,46.2375,46.2375,43.625,44.3875,536
PLASTIBLEN,2011-09-05,42.75,44.75,40.0625,44.4625,944
PLASTIBLEN,2011-09-06,44.45,46.3625,43.125,43.75,2388
PLASTIBLEN,2011-09-07,46.225,46.225,46.225,46.225,16
PLASTIBLEN,2011-09-08,45.25,45.25,44.125,45.25,1388
PLASTIBLEN,2011-09-09,45.25,46.5,44.375,44.375,648
PLASTIBLEN,2011-09-12,44.375,44.375,44.375,44.375,0
PLASTIBLEN,2011-09-13,45.0,45.0,45.0,45.0,400
PLASTIBLEN,2011-09-14,45.75,45.75,45.75,45.75,36
PLASTIBLEN,2011-09-15,44.7625,45.0,44.7625,44.9875,116
PLASTIBLEN,2011-09-16,45.0,45.0,45.0,45.0,100
PLASTIBLEN,2011-09-19,45.0,45.0,44.5,44.5,5456
PLASTIBLEN,2011-09-20,44.5,45.0,44.25,44.525,4804
PLASTIBLEN,2011-09-21,45.0,45.0,44.625,45.0,1484
PLASTIBLEN,2011-09-22,44.55,44.55,44.55,44.55,16
PLASTIBLEN,2011-09-23,44.4875,44.55,44.4875,44.5,112
PLASTIBLEN,2011-09-26,44.55,44.55,43.3,43.6,1004
PLASTIBLEN,2011-09-27,43.75,43.75,42.575,43.4875,936
PLASTIBLEN,2011-09-28,44.55,44.55,43.25,43.5875,928
PLASTIBLEN,2011-09-29,43.0375,44.4875,42.75,44.4875,1820
PLASTIBLEN,2011-09-30,43.5375,44.4875,43.5375,43.625,2292
PLASTIBLEN,2011-10-03,43.4125,43.6875,42.2625,42.2625,1112
PLASTIBLEN,2011-10-04,42.5375,43.75,42.275,43.5,2084
PLASTIBLEN,2011-10-05,43.05,43.05,41.8125,43.0,2928
PLASTIBLEN,2011-10-07,43.25,43.25,41.05,41.4,640
PLASTIBLEN,2011-10-10,42.0125,42.5,41.75,41.8375,1528
PLASTIBLEN,2011-10-11,41.25,43.5875,40.65,42.5,116
PLASTIBLEN,2011-10-12,47.1375,47.1375,42.5,42.5,316
PLASTIBLEN,2011-10-13,45.0,45.0,41.05,41.25,1172
PLASTIBLEN,2011-10-14,43.925,44.0,40.25,41.0,2928
PLASTIBLEN,2011-10-17,41.5,41.5,41.0,41.0,1220
PLASTIBLEN,2011-10-18,41.0,41.125,41.0,41.0,420
PLASTIBLEN,2011-10-19,43.5,43.5,40.3,40.5,15656
PLASTIBLEN,2011-10-20,41.6,41.8875,40.5,40.5,1072
PLASTIBLEN,2011-10-21,41.9875,42.0,40.0,40.1,548
PLASTIBLEN,2011-10-24,40.5,40.5,40.3,40.3,820
PLASTIBLEN,2011-10-25,40.3,40.3,40.3,40.3,0
PLASTIBLEN,2011-10-28,40.0125,42.1,39.8875,39.95,3372
PLASTIBLEN,2011-10-31,40.5,40.5,40.0,40.5,2556
PLASTIBLEN,2011-11-01,40.5,40.5,40.5,40.5,0
PLASTIBLEN,2011-11-02,40.5,40.5,40.5,40.5,60
PLASTIBLEN,2011-11-03,40.025,40.05,39.0,39.7375,1824
PLASTIBLEN,2011-11-04,40.375,40.375,39.8125,39.8125,300
PLASTIBLEN,2011-11-08,39.75,39.8875,38.0875,39.8875,192
PLASTIBLEN,2011-11-09,42.0,42.0,39.85,41.175,6780
PLASTIBLEN,2011-11-11,42.0,42.0,41.25,41.3125,984
PLASTIBLEN,2011-11-14,41.25,41.25,41.0,41.0,6000
PLASTIBLEN,2011-11-15,40.65,40.65,40.025,40.15,3088
PLASTIBLEN,2011-11-16,39.6625,40.5,39.5,39.5125,2096
PLASTIBLEN,2011-11-17,39.75,40.0,38.3875,38.525,4752
PLASTIBLEN,2011-11-18,40.0,40.0,38.5,38.75,384
PLASTIBLEN,2011-11-21,38.125,38.375,38.0,38.0,776
PLASTIBLEN,2011-11-22,37.525,38.25,37.0,37.0375,3576
PLASTIBLEN,2011-11-23,37.5,37.5,35.75,35.8375,656
PLASTIBLEN,2011-11-24,36.25,36.75,35.8,36.3875,904
PLASTIBLEN,2011-11-25,35.5875,36.0,35.5,36.0,500
PLASTIBLEN,2011-11-28,36.275,36.275,36.0,36.0,204
PLASTIBLEN,2011-11-29,35.875,37.5,35.75,36.25,1560
PLASTIBLEN,2011-11-30,36.25,36.25,36.25,36.25,0
PLASTIBLEN,2011-12-01,37.0,37.0,37.0,37.0,108
PLASTIBLEN,2011-12-02,36.825,44.3875,36.6,40.575,2704
PLASTIBLEN,2011-12-05,40.0,40.0,37.4,38.6,1280
PLASTIBLEN,2011-12-07,38.0,39.35,37.525,38.25,336
PLASTIBLEN,2011-12-08,38.0,38.0,36.3,37.5,444
PLASTIBLEN,2011-12-09,37.0,37.0,36.55,36.55,8
PLASTIBLEN,2011-12-12,36.9375,36.9375,36.9375,36.9375,200
PLASTIBLEN,2011-12-13,37.25,37.3875,36.25,37.25,900
PLASTIBLEN,2011-12-14,37.25,37.25,37.25,37.25,0
PLASTIBLEN,2011-12-15,36.7625,36.7625,36.25,36.7375,300
PLASTIBLEN,2011-12-16,36.225,36.2625,36.225,36.25,480
PLASTIBLEN,2011-12-19,35.775,35.775,35.025,35.4125,2096
PLASTIBLEN,2011-12-20,37.6125,37.6125,34.95,35.725,2420
PLASTIBLEN,2011-12-21,35.75,36.375,35.025,36.1875,56
PLASTIBLEN,2011-12-22,35.5,36.375,34.1125,36.375,208
PLASTIBLEN,2011-12-23,35.75,35.75,35.3125,35.5625,364
PLASTIBLEN,2011-12-26,35.5625,35.5625,35.5625,35.5625,0
PLASTIBLEN,2011-12-27,35.5625,35.5625,35.5625,35.5625,0
PLASTIBLEN,2011-12-28,35.5625,35.5625,35.5625,35.5625,0
PLASTIBLEN,2011-12-29,36.4375,36.4375,36.25,36.25,484
PLASTIBLEN,2011-12-30,36.1,36.25,36.1,36.25,160
PLASTIBLEN,2012-01-02,37.5,37.5,37.3625,37.5,84
PLASTIBLEN,2012-01-03,37.5,38.25,36.15,37.8,168
PLASTIBLEN,2012-01-04,38.25,38.25,35.75,36.6125,640
PLASTIBLEN,2012-01-05,37.4875,37.5625,37.375,37.475,3484
PLASTIBLEN,2012-01-06,37.9625,37.9625,37.5,37.5,260
PLASTIBLEN,2012-01-09,37.5,38.0,36.2875,38.0,1552
PLASTIBLEN,2012-01-10,38.6875,43.5,38.4875,39.9125,1700
PLASTIBLEN,2012-01-11,40.0,40.0,38.4875,39.5,5020
PLASTIBLEN,2012-01-12,39.5,40.5,39.0,40.05,2040
PLASTIBLEN,2012-01-13,39.6,43.7,38.75,40.625,620
PLASTIBLEN,2012-01-16,40.625,41.975,40.625,41.125,216
PLASTIBLEN,2012-01-17,41.5,41.625,41.5,41.5625,4100
PLASTIBLEN,2012-01-18,41.5,41.625,41.25,41.25,908
PLASTIBLEN,2012-01-19,41.25,41.25,41.25,41.25,760
PLASTIBLEN,2012-01-20,41.625,41.625,38.7375,40.0,2560
PLASTIBLEN,2012-01-23,40.1125,40.25,39.5,40.25,1140
PLASTIBLEN,2012-01-24,40.0,40.25,39.0,40.0,2220
PLASTIBLEN,2012-01-25,40.0,40.0,39.8125,39.9875,452
PLASTIBLEN,2012-01-27,40.2,40.25,39.55,40.125,1616
PLASTIBLEN,2012-01-30,39.6,39.6875,39.6,39.6875,160
PLASTIBLEN,2012-01-31,41.0,41.0,40.0625,40.25,660
PLASTIBLEN,2012-02-01,40.3875,40.75,40.1,40.55,1768
PLASTIBLEN,2012-02-02,40.9375,40.9375,39.4125,40.175,7740
PLASTIBLEN,2012-02-03,40.0,40.0,39.0,39.825,9412
PLASTIBLEN,2012-02-06,39.75,39.8,38.55,39.1875,14740
PLASTIBLEN,2012-02-07,40.975,40.975,38.75,39.3625,9768
PLASTIBLEN,2012-02-08,40.5,40.5,39.15,39.2875,25796
PLASTIBLEN,2012-02-09,40.4875,40.5,38.8125,39.525,9560
PLASTIBLEN,2012-02-10,39.9875,40.0,39.0375,39.5375,12364
PLASTIBLEN,2012-02-13,39.5,39.75,39.325,39.3625,1568
PLASTIBLEN,2012-02-14,39.7375,40.75,39.3,39.775,54956
PLASTIBLEN,2012-02-15,40.4875,40.4875,39.75,40.0375,37980
PLASTIBLEN,2012-02-16,39.7625,41.0,39.7625,40.5625,9944
PLASTIBLEN,2012-02-17,41.0,44.5,41.0,43.7,61088
PLASTIBLEN,2012-02-21,44.275,45.75,44.125,44.7375,30584
PLASTIBLEN,2012-02-22,45.4875,48.0,43.3,43.9875,374756
PLASTIBLEN,2012-02-23,44.25,45.625,44.0,44.5875,19572
PLASTIBLEN,2012-02-24,45.925,45.925,44.25,44.825,7052
PLASTIBLEN,2012-02-27,44.925,45.35,42.525,42.9,5132
PLASTIBLEN,2012-02-28,42.775,43.25,42.625,42.9,13212
PLASTIBLEN,2012-02-29,42.175,44.475,42.1,43.675,16322
PLASTIBLEN,2012-03-01,44.5,44.975,43.05,43.975,17918
PLASTIBLEN,2012-03-02,44.0,44.5,43.25,43.7,6942
PLASTIBLEN,2012-03-05,41.8,43.5,40.625,40.8,5172
PLASTIBLEN,2012-03-06,41.375,41.375,40.3,40.45,1852
PLASTIBLEN,2012-03-07,39.975,40.475,39.0,39.75,4448
PLASTIBLEN,2012-03-09,41.25,41.25,38.05,39.8,6114
PLASTIBLEN,2012-03-12,40.025,40.675,39.25,39.9,7476
PLASTIBLEN,2012-03-13,39.775,41.0,38.325,39.975,3450
PLASTIBLEN,2012-03-14,39.975,39.975,39.3,39.625,1120
PLASTIBLEN,2012-03-15,40.0,40.4,39.1,40.4,2572
PLASTIBLEN,2012-03-16,40.925,40.925,38.85,39.05,2006
PLASTIBLEN,2012-03-19,39.0,39.5,37.1,38.575,2636
PLASTIBLEN,2012-03-20,38.75,38.925,38.1,38.5,1728
PLASTIBLEN,2012-03-21,42.0,42.0,38.45,38.95,5778
PLASTIBLEN,2012-03-22,39.975,40.25,38.25,38.5,6914
PLASTIBLEN,2012-03-23,37.85,39.3,37.8,37.925,2562
PLASTIBLEN,2012-03-26,38.95,38.95,37.0,37.35,1338
PLASTIBLEN,2012-03-27,33.0,40.0,33.0,37.1,1236
PLASTIBLEN,2012-03-28,36.6,37.35,36.6,36.9,1348
PLASTIBLEN,2012-03-29,35.825,37.775,35.8,36.95,1798
PLASTIBLEN,2012-03-30,37.0,37.25,36.5,37.0,1548
PLASTIBLEN,2012-04-02,36.525,38.5,36.525,37.0,3874
PLASTIBLEN,2012-04-03,37.3,38.75,37.2,37.55,16638
PLASTIBLEN,2012-04-04,38.475,38.475,38.475,38.475,200
PLASTIBLEN,2012-04-09,38.075,38.325,37.85,37.875,280
PLASTIBLEN,2012-04-10,37.975,38.45,37.975,38.025,1010
PLASTIBLEN,2012-04-11,37.95,38.25,37.55,38.125,1478
PLASTIBLEN,2012-04-12,37.8,38.7,37.75,38.0,2168
PLASTIBLEN,2012-04-13,39.575,39.6,38.125,38.15,616
PLASTIBLEN,2012-04-16,38.5,38.5,36.675,38.0,2894
PLASTIBLEN,2012-04-17,37.0,38.6,37.0,38.5,724
PLASTIBLEN,2012-04-18,37.55,39.625,37.55,39.4,710
PLASTIBLEN,2012-04-19,39.4,39.65,39.4,39.625,374
PLASTIBLEN,2012-04-20,37.925,38.475,37.225,38.45,2702
PLASTIBLEN,2012-04-23,38.5,39.825,38.25,38.5,1538
PLASTIBLEN,2012-04-24,38.5,38.5,37.125,38.5,2724
PLASTIBLEN,2012-04-25,38.5,39.35,37.85,39.0,820
PLASTIBLEN,2012-04-26,37.5,38.85,37.375,38.4,790
PLASTIBLEN,2012-04-27,37.525,38.75,37.5,37.975,3462
PLASTIBLEN,2012-04-30,38.75,39.25,38.0,38.975,1152
PLASTIBLEN,2012-05-02,38.55,38.55,38.55,38.55,180
PLASTIBLEN,2012-05-03,38.0,38.0,38.0,38.0,400
PLASTIBLEN,2012-05-04,37.375,38.45,35.775,36.25,1138
PLASTIBLEN,2012-05-07,36.5,38.0,36.5,37.85,388
PLASTIBLEN,2012-05-08,37.25,37.25,37.25,37.25,300
PLASTIBLEN,2012-05-09,38.0,38.0,36.55,37.475,1092
PLASTIBLEN,2012-05-10,36.55,37.475,36.5,36.5,550
PLASTIBLEN,2012-05-11,36.5,37.55,33.575,36.5,5356
PLASTIBLEN,2012-05-14,37.0,37.0,36.95,37.0,1200
PLASTIBLEN,2012-05-15,37.375,37.375,37.375,37.375,178
PLASTIBLEN,2012-05-16,37.375,37.5,36.15,36.15,308
PLASTIBLEN,2012-05-17,36.25,36.3,35.65,36.3,478
PLASTIBLEN,2012-05-18,35.525,37.45,35.5,37.45,620
PLASTIBLEN,2012-05-21,37.45,37.475,37.0,37.0,660
PLASTIBLEN,2012-05-22,37.0,37.0,37.0,37.0,28
PLASTIBLEN,2012-05-23,35.675,36.5,35.675,36.5,646
PLASTIBLEN,2012-05-24,36.575,37.0,36.575,36.95,80
PLASTIBLEN,2012-05-25,35.7,35.775,32.05,35.775,3520
PLASTIBLEN,2012-05-28,35.8,36.975,35.8,36.975,22004
PLASTIBLEN,2012-05-29,35.825,37.0,35.825,37.0,984
PLASTIBLEN,2012-05-30,35.5,37.025,35.5,37.0,8616
PLASTIBLEN,2012-05-31,37.375,38.125,35.625,36.175,512
PLASTIBLEN,2012-06-01,37.75,38.45,36.275,36.475,742
PLASTIBLEN,2012-06-04,37.55,37.55,34.175,36.575,6712
PLASTIBLEN,2012-06-05,35.95,37.0,35.95,36.375,364
PLASTIBLEN,2012-06-06,37.25,37.25,36.0,36.275,632
PLASTIBLEN,2012-06-07,36.5,37.375,36.5,36.5,214
PLASTIBLEN,2012-06-08,37.375,37.475,36.5,36.825,880
PLASTIBLEN,2012-06-11,37.0,38.425,37.0,38.125,804
PLASTIBLEN,2012-06-12,36.725,37.7,36.725,37.7,336
PLASTIBLEN,2012-06-13,37.575,37.575,37.5,37.5,2000
PLASTIBLEN,2012-06-14,37.575,38.05,37.025,37.575,206
PLASTIBLEN,2012-06-15,37.05,37.225,37.0,37.175,270
PLASTIBLEN,2012-06-18,37.475,37.5,36.0,36.2,1974
PLASTIBLEN,2012-06-19,37.0,37.45,36.35,36.35,104
PLASTIBLEN,2012-06-20,37.0,37.0,37.0,37.0,114
PLASTIBLEN,2012-06-21,37.5,37.8,37.5,37.725,4956
PLASTIBLEN,2012-06-22,36.45,37.4,35.225,37.25,1352
PLASTIBLEN,2012-06-25,36.85,38.0,36.85,38.0,4
PLASTIBLEN,2012-06-26,37.0,38.0,37.0,37.5,3766
PLASTIBLEN,2012-06-27,37.5,38.0,37.5,37.5,2714
PLASTIBLEN,2012-06-28,37.1,38.425,37.1,38.425,4
PLASTIBLEN,2012-06-29,36.55,38.95,36.55,37.425,2148
PLASTIBLEN,2012-07-02,37.225,39.0,37.225,37.575,2304
PLASTIBLEN,2012-07-03,36.5,37.6,36.5,37.5,164
PLASTIBLEN,2012-07-04,37.3,38.25,37.3,37.9,1248
PLASTIBLEN,2012-07-05,38.525,38.925,38.5,38.55,700
PLASTIBLEN,2012-07-06,38.75,40.0,38.75,39.875,15430
PLASTIBLEN,2012-07-09,39.725,39.725,38.325,38.85,2680
PLASTIBLEN,2012-07-10,37.925,38.15,37.9,38.125,240
PLASTIBLEN,2012-07-11,38.25,38.9,38.0,38.5,1392
PLASTIBLEN,2012-07-12,38.0,38.125,36.625,37.975,2654
PLASTIBLEN,2012-07-13,38.8,38.8,37.425,37.625,800
PLASTIBLEN,2012-07-16,37.5,39.5,37.375,38.0,9688
PLASTIBLEN,2012-07-17,37.75,37.75,36.5,36.725,4506
PLASTIBLEN,2012-07-18,37.0,37.375,36.95,37.375,4106
PLASTIBLEN,2012-07-19,37.0,37.45,37.0,37.25,1120
PLASTIBLEN,2012-07-20,37.5,37.6,37.375,37.375,1486
PLASTIBLEN,2012-07-23,37.55,37.85,36.55,37.25,4188
PLASTIBLEN,2012-07-24,36.5,38.075,36.5,37.3,1354
PLASTIBLEN,2012-07-25,36.575,38.275,36.525,36.85,578
PLASTIBLEN,2012-07-26,36.825,38.0,36.75,37.275,1388
PLASTIBLEN,2012-07-27,37.5,38.475,36.275,37.15,4170
PLASTIBLEN,2012-07-30,37.125,37.125,37.125,37.125,382
PLASTIBLEN,2012-07-31,36.55,38.0,36.55,37.95,432
PLASTIBLEN,2012-08-01,37.75,37.75,37.0,37.0,988
PLASTIBLEN,2012-08-02,37.0,37.5,37.0,37.0,452
PLASTIBLEN,2012-08-03,39.3,39.3,36.5,37.0,614
PLASTIBLEN,2012-08-06,37.0,38.1,37.0,37.25,4026
PLASTIBLEN,2012-08-07,39.0,39.9,37.975,39.425,3320
PLASTIBLEN,2012-08-08,39.25,40.25,39.25,39.275,3664
PLASTIBLEN,2012-08-09,40.95,40.95,37.525,39.0,516
PLASTIBLEN,2012-08-10,38.575,39.225,37.825,38.2,666
PLASTIBLEN,2012-08-13,39.5,39.5,38.05,38.95,1960
PLASTIBLEN,2012-08-14,38.7,39.775,38.7,39.675,1358
PLASTIBLEN,2012-08-16,40.75,44.5,39.525,39.65,18218
PLASTIBLEN,2012-08-17,42.35,43.25,39.125,39.325,13018
PLASTIBLEN,2012-08-21,37.6,40.0,37.6,39.0,9080
PLASTIBLEN,2012-08-22,38.5,38.6,37.5,38.45,3676
PLASTIBLEN,2012-08-23,38.55,38.55,37.175,38.25,67622
PLASTIBLEN,2012-08-24,38.0,38.5,38.0,38.5,1558
PLASTIBLEN,2012-08-27,40.3,40.3,37.45,38.05,3544
PLASTIBLEN,2012-08-28,36.25,40.0,31.975,35.925,15770
PLASTIBLEN,2012-08-29,36.5,36.5,34.275,36.0,3260
PLASTIBLEN,2012-08-30,36.0,36.75,35.5,35.525,2476
PLASTIBLEN,2012-08-31,36.975,36.975,35.75,35.825,844
PLASTIBLEN,2012-09-03,36.0,36.95,35.25,36.0,5766
PLASTIBLEN,2012-09-04,34.525,36.975,33.8,36.0,578
PLASTIBLEN,2012-09-05,37.45,37.45,36.5,37.05,1774
PLASTIBLEN,2012-09-06,36.05,36.05,36.05,36.05,68
PLASTIBLEN,2012-09-07,37.475,38.2,36.5,37.0,3934
PLASTIBLEN,2012-09-10,38.25,38.25,37.0,37.5,362
PLASTIBLEN,2012-09-11,38.0,38.25,37.5,37.775,2462
PLASTIBLEN,2012-09-12,37.5,37.5,37.5,37.5,400
PLASTIBLEN,2012-09-13,37.5,38.075,37.5,37.5,744
PLASTIBLEN,2012-09-14,36.05,38.0,36.05,38.0,204
PLASTIBLEN,2012-09-17,38.0,40.45,37.8,38.025,11330
PLASTIBLEN,2012-09-18,38.425,38.425,38.0,38.075,2318
PLASTIBLEN,2012-09-20,38.25,38.25,38.0,38.05,4416
PLASTIBLEN,2012-09-21,38.4,38.5,38.0,38.0,4334
PLASTIBLEN,2012-09-24,38.0,38.5,38.0,38.0,6464
PLASTIBLEN,2012-09-25,37.5,38.125,37.5,38.125,680
PLASTIBLEN,2012-09-26,37.675,38.475,37.525,37.875,1706
PLASTIBLEN,2012-09-27,38.0,38.4,37.75,38.4,2646
PLASTIBLEN,2012-09-28,38.0,39.5,37.5,38.05,1890
PLASTIBLEN,2012-10-01,38.5,39.0,38.0,38.375,1686
PLASTIBLEN,2012-10-03,38.8,40.1,38.8,39.975,23496
PLASTIBLEN,2012-10-04,40.0,42.25,40.0,41.875,36622
PLASTIBLEN,2012-10-05,41.5,42.05,41.5,41.9,4232
PLASTIBLEN,2012-10-08,41.9,42.0,40.5,40.55,20174
PLASTIBLEN,2012-10-09,43.0,43.15,41.25,41.25,782
PLASTIBLEN,2012-10-10,42.3,42.3,40.225,40.45,5462
PLASTIBLEN,2012-10-11,40.45,41.05,40.35,40.975,2130
PLASTIBLEN,2012-10-12,40.375,40.85,40.05,40.05,2616
PLASTIBLEN,2012-10-15,39.5,39.75,39.5,39.75,4
PLASTIBLEN,2012-10-16,41.45,41.45,41.45,41.45,200
PLASTIBLEN,2012-10-17,41.0,41.0,39.925,40.1,576
PLASTIBLEN,2012-10-18,41.0,41.25,40.425,40.425,3418
PLASTIBLEN,2012-10-19,40.1,40.25,40.1,40.25,340
PLASTIBLEN,2012-10-22,40.85,41.15,40.4,40.45,780
PLASTIBLEN,2012-10-23,41.45,42.5,40.5,41.275,5878
PLASTIBLEN,2012-10-25,40.5,40.5,39.95,40.475,1612
PLASTIBLEN,2012-10-29,40.2,40.2,39.3,39.575,1006
PLASTIBLEN,2012-10-30,39.4,40.9,39.25,39.475,2432
PLASTIBLEN,2012-10-31,39.85,40.75,39.525,40.75,704
PLASTIBLEN,2012-11-01,40.0,40.0,39.775,39.775,204
PLASTIBLEN,2012-11-02,39.525,40.2,39.5,39.85,2940
PLASTIBLEN,2012-11-05,39.5,39.5,37.325,38.1,12014
PLASTIBLEN,2012-11-06,37.6,39.5,37.0,37.375,8842
PLASTIBLEN,2012-11-07,38.75,39.0,38.225,38.6,584
PLASTIBLEN,2012-11-08,38.95,39.75,38.15,39.75,1734
PLASTIBLEN,2012-11-09,39.5,39.9,37.7,38.925,1922
PLASTIBLEN,2012-11-12,38.6,39.0,38.425,38.425,1060
PLASTIBLEN,2012-11-15,39.5,39.5,38.175,38.5,44
PLASTIBLEN,2012-11-16,38.5,39.975,38.5,39.975,368
PLASTIBLEN,2012-11-19,39.5,39.85,38.55,39.55,1208
PLASTIBLEN,2012-11-20,40.85,40.85,38.3,39.5,1148
PLASTIBLEN,2012-11-21,39.25,40.0,38.775,39.6,5054
PLASTIBLEN,2012-11-22,39.5,40.2,39.275,40.0,5484
PLASTIBLEN,2012-11-23,39.7,39.7,38.375,39.0,10238
PLASTIBLEN,2012-11-26,38.75,39.45,38.2,38.75,5842
PLASTIBLEN,2012-11-27,38.65,38.65,38.15,38.5,404
PLASTIBLEN,2012-11-29,38.5,40.25,38.5,39.975,1892
PLASTIBLEN,2012-11-30,39.5,39.5,38.1,39.325,2264
PLASTIBLEN,2012-12-03,39.25,39.5,38.3,39.5,3834
PLASTIBLEN,2012-12-04,39.5,39.925,38.675,38.7,5244
PLASTIBLEN,2012-12-05,39.5,39.5,38.75,38.8,23728
PLASTIBLEN,2012-12-06,39.0,40.15,39.0,40.125,14176
PLASTIBLEN,2012-12-07,39.25,39.95,39.25,39.925,350
PLASTIBLEN,2012-12-10,40.0,40.0,39.525,39.9,450
PLASTIBLEN,2012-12-11,39.625,40.5,39.05,40.075,2912
PLASTIBLEN,2012-12-12,40.0,44.25,40.0,41.1,285276
PLASTIBLEN,2012-12-13,41.25,41.4,39.525,40.05,12852
PLASTIBLEN,2012-12-14,39.75,40.075,38.4,39.3,3688
PLASTIBLEN,2012-12-17,40.0,40.5,39.525,39.95,12078
PLASTIBLEN,2012-12-18,39.5,41.0,39.0,40.325,4466
PLASTIBLEN,2012-12-19,40.0,40.0,39.575,40.0,3366
PLASTIBLEN,2012-12-20,40.0,40.375,39.375,40.375,2566
PLASTIBLEN,2012-12-21,39.5,40.0,39.0,39.9,3868
PLASTIBLEN,2012-12-24,39.5,39.9,38.825,39.75,8444
PLASTIBLEN,2012-12-26,39.5,39.875,39.0,39.225,850
PLASTIBLEN,2012-12-27,42.5,42.5,38.5,39.55,714
PLASTIBLEN,2012-12-28,39.175,39.325,39.1,39.1,120
PLASTIBLEN,2012-12-31,39.15,40.0,38.6,39.6,4472
PLASTIBLEN,2013-01-01,39.375,39.375,39.25,39.275,400
PLASTIBLEN,2013-01-02,39.525,39.525,38.5,39.15,3622
PLASTIBLEN,2013-01-03,39.0,39.2,37.5,39.075,9504
PLASTIBLEN,2013-01-04,39.0,39.675,38.75,39.475,17918
PLASTIBLEN,2013-01-07,39.7,41.0,38.525,38.625,3270
PLASTIBLEN,2013-01-08,38.725,38.925,38.375,38.825,3832
PLASTIBLEN,2013-01-09,39.725,39.725,38.75,38.85,1692
PLASTIBLEN,2013-01-10,38.55,39.45,38.2,38.5,2114
PLASTIBLEN,2013-01-11,39.0,39.0,38.275,38.3,2892
PLASTIBLEN,2013-01-14,38.3,38.5,38.3,38.5,340
PLASTIBLEN,2013-01-15,39.325,39.325,38.5,38.725,1102
PLASTIBLEN,2013-01-16,38.525,38.525,38.375,38.4,7800
PLASTIBLEN,2013-01-17,38.375,39.25,38.1,39.25,220
PLASTIBLEN,2013-01-18,39.25,39.25,37.2,38.25,11046
PLASTIBLEN,2013-01-21,38.025,38.25,38.0,38.1,592
PLASTIBLEN,2013-01-22,38.0,38.0,37.0,37.95,676
PLASTIBLEN,2013-01-23,37.5,37.75,37.5,37.625,2304
PLASTIBLEN,2013-01-24,37.5,37.575,36.5,37.0,1538
PLASTIBLEN,2013-01-25,36.8,36.8,36.5,36.55,512
PLASTIBLEN,2013-01-28,36.975,37.975,36.4,36.625,3448
PLASTIBLEN,2013-01-29,36.75,36.75,36.1,36.25,1356
PLASTIBLEN,2013-01-30,36.075,36.775,36.075,36.65,310
PLASTIBLEN,2013-01-31,36.575,36.575,36.575,36.575,400
PLASTIBLEN,2013-02-01,36.0,36.5,35.35,36.1,690
PLASTIBLEN,2013-02-04,37.275,37.275,35.675,36.25,804
PLASTIBLEN,2013-02-05,36.25,37.2,36.25,37.2,600
PLASTIBLEN,2013-02-06,37.0,37.0,36.25,36.525,240
PLASTIBLEN,2013-02-07,36.25,36.75,36.0,36.45,1336
PLASTIBLEN,2013-02-08,36.7,36.7,35.55,36.5,16
PLASTIBLEN,2013-02-11,36.5,36.625,35.0,35.75,6064
PLASTIBLEN,2013-02-12,36.975,37.5,35.75,36.5,2806
PLASTIBLEN,2013-02-13,35.5,36.85,35.0,35.25,670
PLASTIBLEN,2013-02-14,36.0,36.0,35.175,35.175,2846
PLASTIBLEN,2013-02-15,35.1,36.0,34.4,35.5,4390
PLASTIBLEN,2013-02-18,35.675,36.0,35.675,35.825,2534
PLASTIBLEN,2013-02-19,35.825,36.125,35.125,35.7,3742
PLASTIBLEN,2013-02-20,35.625,36.1,35.25,35.5,3248
PLASTIBLEN,2013-02-21,35.375,35.925,35.25,35.25,100600
PLASTIBLEN,2013-02-22,36.025,36.025,35.325,35.325,3700
PLASTIBLEN,2013-02-25,35.25,35.875,35.25,35.75,900
PLASTIBLEN,2013-02-26,35.275,35.425,33.7,34.425,4842
PLASTIBLEN,2013-02-27,34.0,35.225,34.0,34.125,5236
PLASTIBLEN,2013-02-28,35.5,35.5,34.35,34.5,286
PLASTIBLEN,2013-03-01,35.0,35.0,34.5,34.975,590
PLASTIBLEN,2013-03-04,34.275,34.5,34.25,34.25,2302
PLASTIBLEN,2013-03-05,34.5,34.75,34.5,34.525,762
PLASTIBLEN,2013-03-06,35.0,35.325,34.0,34.55,6508
PLASTIBLEN,2013-03-07,36.875,36.875,35.05,35.625,20410
PLASTIBLEN,2013-03-08,35.5,35.75,34.65,34.875,1686
PLASTIBLEN,2013-03-11,35.5,35.625,34.775,35.0,842
PLASTIBLEN,2013-03-12,35.0,35.0,34.875,34.875,2578
PLASTIBLEN,2013-03-13,35.5,35.5,34.975,35.0,790
PLASTIBLEN,2013-03-14,35.15,35.25,35.0,35.25,650
PLASTIBLEN,2013-03-15,35.025,35.625,35.025,35.475,308
PLASTIBLEN,2013-03-18,35.05,35.075,34.5,34.725,432
PLASTIBLEN,2013-03-19,34.675,34.675,34.025,34.1,3412
PLASTIBLEN,2013-03-20,34.95,34.975,34.05,34.5,934
PLASTIBLEN,2013-03-21,34.525,34.75,34.0,34.05,1468
PLASTIBLEN,2013-03-22,34.05,35.05,33.55,33.6,2348
PLASTIBLEN,2013-03-25,35.0,35.0,33.675,33.85,504
PLASTIBLEN,2013-03-26,33.7,34.6,33.3,34.0,1864
PLASTIBLEN,2013-03-28,33.5,34.425,33.5,34.425,224
PLASTIBLEN,2013-04-01,34.6,34.8,33.25,33.975,5428
PLASTIBLEN,2013-04-02,34.5,34.5,32.8,33.025,12346
PLASTIBLEN,2013-04-03,34.0,34.0,31.75,32.5,16474
PLASTIBLEN,2013-04-04,32.5,32.5,29.925,30.5,40710
PLASTIBLEN,2013-04-05,29.975,31.25,29.95,31.125,4002
PLASTIBLEN,2013-04-08,31.125,31.125,31.125,31.125,0
PLASTIBLEN,2013-04-09,31.125,31.125,31.125,31.125,0
PLASTIBLEN,2013-04-10,31.125,31.125,31.125,31.125,0
PLASTIBLEN,2013-04-11,31.125,31.125,31.125,31.125,0
PLASTIBLEN,2013-04-12,31.125,31.125,31.125,31.125,0
PLASTIBLEN,2013-04-15,32.25,32.25,31.675,32.25,2000
PLASTIBLEN,2013-04-16,32.275,32.275,32.0,32.275,600
PLASTIBLEN,2013-04-17,32.075,32.15,32.075,32.075,400
PLASTIBLEN,2013-04-18,32.25,32.25,32.025,32.25,2030
PLASTIBLEN,2013-04-22,32.5,32.5,32.0,32.5,4580
PLASTIBLEN,2013-04-23,31.625,32.875,31.575,31.625,1462
PLASTIBLEN,2013-04-25,32.0,32.5,32.0,32.0,12650
PLASTIBLEN,2013-04-26,33.0,33.0,33.0,33.0,120
PLASTIBLEN,2013-04-29,32.75,32.125,32.0,32.125,2
PLASTIBLEN,2013-04-30,32.125,32.125,32.125,32.125,0
PLASTIBLEN,2013-05-02,33.15,33.15,33.15,33.15,400
PLASTIBLEN,2013-05-03,33.0,33.0,33.0,33.0,50
PLASTIBLEN,2013-05-06,35.0,35.0,34.125,35.0,3456
PLASTIBLEN,2013-05-07,34.5,34.5,34.5,34.5,2200
PLASTIBLEN,2013-05-08,34.5,34.5,33.3,34.5,436
PLASTIBLEN,2013-05-09,34.525,34.5,34.5,34.5,50
PLASTIBLEN,2013-05-10,34.5,34.5,34.5,34.5,0
PLASTIBLEN,2013-05-13,34.5,34.5,34.5,34.5,590
PLASTIBLEN,2013-05-14,34.5,34.5,34.5,34.5,1000
PLASTIBLEN,2013-05-15,34.5,34.5,34.5,34.5,0
PLASTIBLEN,2013-05-16,34.5,34.5,34.5,34.5,20
PLASTIBLEN,2013-05-17,34.5,34.5,34.5,34.5,0
PLASTIBLEN,2013-05-20,35.1,35.1,34.5,35.1,900
PLASTIBLEN,2013-05-21,35.5,35.5,35.5,35.5,400
PLASTIBLEN,2013-05-22,35.475,35.475,35.475,35.475,400
PLASTIBLEN,2013-05-23,35.475,35.475,35.475,35.475,0
PLASTIBLEN,2013-05-24,35.475,35.475,35.475,35.475,0
PLASTIBLEN,2013-05-27,35.475,35.475,35.475,35.475,0
PLASTIBLEN,2013-05-28,35.475,35.475,35.475,35.475,0
PLASTIBLEN,2013-05-29,34.0,34.0,34.0,34.0,400
PLASTIBLEN,2013-05-30,34.0,34.0,34.0,34.0,0
PLASTIBLEN,2013-05-31,35.0,35.5,35.0,35.0,6200
PLASTIBLEN,2013-06-03,36.0,36.25,36.0,36.0,31520
PLASTIBLEN,2013-06-04,36.0,36.0,34.5,36.0,25342
PLASTIBLEN,2013-06-05,36.0,36.0,36.0,36.0,0
PLASTIBLEN,2013-06-06,36.0,36.0,36.0,36.0,20600
PLASTIBLEN,2013-06-07,36.0,36.0,35.5,36.0,40610
PLASTIBLEN,2013-06-10,36.0,36.0,35.5,36.0,110200
PLASTIBLEN,2013-06-11,36.0,36.0,36.0,36.0,0
PLASTIBLEN,2013-06-12,36.0,36.0,35.175,36.0,80680
PLASTIBLEN,2013-06-13,36.0,36.0,36.0,36.0,0
PLASTIBLEN,2013-06-14,36.0,36.0,36.0,36.0,1500
PLASTIBLEN,2013-06-17,34.1,34.1,34.1,34.1,400
PLASTIBLEN,2013-06-18,34.1,34.1,34.1,34.1,0
PLASTIBLEN,2013-06-19,34.1,34.1,34.1,34.1,0
PLASTIBLEN,2013-06-20,33.0,33.525,32.55,33.0,620
PLASTIBLEN,2013-06-21,33.975,33.975,33.975,33.975,1422
PLASTIBLEN,2013-06-24,33.975,33.975,33.975,33.975,0
PLASTIBLEN,2013-06-25,33.625,33.675,33.5,33.625,700
PLASTIBLEN,2013-06-26,34.5,34.5,34.5,34.5,420
PLASTIBLEN,2013-06-27,34.975,34.975,34.15,34.975,1334
PLASTIBLEN,2013-06-28,34.5,34.5,34.5,34.5,50
PLASTIBLEN,2013-07-01,34.025,34.025,34.025,34.025,56
PLASTIBLEN,2013-07-02,34.025,34.025,34.025,34.025,100
PLASTIBLEN,2013-07-03,34.025,34.025,34.025,34.025,0
PLASTIBLEN,2013-07-04,34.5,34.5,34.5,34.5,400
PLASTIBLEN,2013-07-05,34.5,34.5,34.5,34.5,2400
PLASTIBLEN,2013-07-08,34.5,34.5,34.5,34.5,0
PLASTIBLEN,2013-07-09,34.5,34.5,34.5,34.5,0
PLASTIBLEN,2013-07-10,34.025,34.025,34.025,34.025,400
PLASTIBLEN,2013-07-11,34.025,34.025,34.025,34.025,0
PLASTIBLEN,2013-07-12,34.0,34.0,34.0,34.0,40
PLASTIBLEN,2013-07-15,34.05,34.05,34.05,34.05,400
PLASTIBLEN,2013-07-16,34.05,34.05,34.05,34.05,0
PLASTIBLEN,2013-07-17,34.05,34.05,34.05,34.05,0
PLASTIBLEN,2013-07-18,33.0,33.0,33.0,33.0,600
PLASTIBLEN,2013-07-19,33.0,33.0,33.0,33.0,0
PLASTIBLEN,2013-07-22,33.0,33.0,33.0,33.0,0
PLASTIBLEN,2013-07-23,32.075,32.075,32.075,32.075,400
PLASTIBLEN,2013-07-24,32.075,32.075,32.075,32.075,0
PLASTIBLEN,2013-07-25,33.5,33.5,33.5,33.5,84
PLASTIBLEN,2013-07-26,33.5,33.5,33.5,33.5,320
PLASTIBLEN,2013-07-29,33.5,33.5,33.5,33.5,0
PLASTIBLEN,2013-07-30,31.825,31.85,31.825,31.825,200
PLASTIBLEN,2013-07-31,31.15,31.5,30.525,31.15,1000
PLASTIBLEN,2013-08-01,31.15,31.15,31.15,31.15,0
PLASTIBLEN,2013-08-02,31.0,31.0,31.0,31.0,800
PLASTIBLEN,2013-08-05,30.0,30.25,30.0,30.0,2070
PLASTIBLEN,2013-08-06,28.575,28.575,28.575,28.575,200
PLASTIBLEN,2013-08-07,28.0,28.95,28.0,28.0,2500
PLASTIBLEN,2013-08-08,28.0,28.0,27.5,28.0,3516
PLASTIBLEN,2013-08-12,27.0,27.5,27.0,27.0,13160
PLASTIBLEN,2013-08-13,28.35,28.35,28.35,28.35,200
PLASTIBLEN,2013-08-14,29.75,29.75,29.75,29.75,60
PLASTIBLEN,2013-08-16,29.35,29.35,29.0,29.35,230
PLASTIBLEN,2013-08-19,29.35,29.35,29.35,29.35,0
PLASTIBLEN,2013-08-20,29.35,29.35,29.35,29.35,0
PLASTIBLEN,2013-08-21,29.975,29.975,28.275,29.975,52
PLASTIBLEN,2013-08-22,28.5,28.5,28.5,28.5,100
PLASTIBLEN,2013-08-23,29.25,29.25,29.25,29.25,500
PLASTIBLEN,2013-08-26,29.025,29.875,29.025,29.025,3198
PLASTIBLEN,2013-08-27,29.025,29.025,29.025,29.025,0
PLASTIBLEN,2013-08-28,29.025,29.025,29.025,29.025,0
PLASTIBLEN,2013-08-29,29.025,29.025,29.025,29.025,0
PLASTIBLEN,2013-08-30,28.5,28.5,28.5,28.5,1200
PLASTIBLEN,2013-09-02,28.5,28.5,28.5,28.5,0
PLASTIBLEN,2013-09-03,28.5,28.5,28.5,28.5,0
PLASTIBLEN,2013-09-04,28.75,28.75,28.75,28.75,800
PLASTIBLEN,2013-09-05,28.75,28.75,28.75,28.75,0
PLASTIBLEN,2013-09-06,27.7,27.7,27.7,27.7,400
PLASTIBLEN,2013-09-10,28.3,28.3,28.3,28.3,50
PLASTIBLEN,2013-09-11,28.3,28.3,28.3,28.3,0
PLASTIBLEN,2013-09-12,28.3,28.3,28.3,28.3,0
PLASTIBLEN,2013-09-13,29.0,30.0,28.025,29.0,1212
PLASTIBLEN,2013-09-16,29.0,29.0,29.0,29.0,0
PLASTIBLEN,2013-09-17,31.0,31.0,29.275,31.0,4480
PLASTIBLEN,2013-09-18,31.1,31.1,30.0,31.1,320
PLASTIBLEN,2013-09-19,31.1,31.1,31.1,31.1,0
PLASTIBLEN,2013-09-20,30.5,31.5,30.5,30.5,1050
PLASTIBLEN,2013-09-23,31.5,31.5,31.475,31.5,5200
PLASTIBLEN,2013-09-24,31.5,31.5,31.5,31.5,200
PLASTIBLEN,2013-09-25,31.525,31.525,31.5,31.525,610
PLASTIBLEN,2013-09-26,32.45,32.5,32.45,32.45,420
PLASTIBLEN,2013-09-27,31.575,31.575,31.575,31.575,172
PLASTIBLEN,2013-09-30,32.5,32.5,32.5,32.5,1200
PLASTIBLEN,2013-10-01,33.0,33.0,32.6,33.0,1230
PLASTIBLEN,2013-10-03,33.05,33.05,33.05,33.05,130
PLASTIBLEN,2013-10-04,34.0,34.0,34.0,34.0,4590
PLASTIBLEN,2013-10-07,34.025,34.025,34.025,34.025,100
PLASTIBLEN,2013-10-08,34.025,34.025,34.025,34.025,40
PLASTIBLEN,2013-10-09,34.125,34.125,34.125,34.125,60
PLASTIBLEN,2013-10-10,35.0,35.0,34.0,35.0,622
PLASTIBLEN,2013-10-11,36.0,37.0,35.0,36.0,1288
PLASTIBLEN,2013-10-14,37.625,37.75,36.0,37.625,13310
PLASTIBLEN,2013-10-15,37.025,37.625,37.0,37.025,2268
PLASTIBLEN,2013-10-17,37.5,37.5,37.05,37.5,240
PLASTIBLEN,2013-10-18,37.625,37.625,37.625,37.625,10050
PLASTIBLEN,2013-10-21,39.0,39.0,38.5,39.0,1770
PLASTIBLEN,2013-10-22,38.5,38.85,38.025,38.5,2800
PLASTIBLEN,2013-10-23,38.5,38.5,38.5,38.5,310
PLASTIBLEN,2013-10-24,39.025,39.025,39.025,39.025,380
PLASTIBLEN,2013-10-25,39.05,39.5,39.05,39.05,268
PLASTIBLEN,2013-10-28,38.5,38.5,38.5,38.5,220
PLASTIBLEN,2013-10-29,39.5,39.625,39.0,39.5,5156
PLASTIBLEN,2013-10-30,40.0,40.0,39.5,40.0,1070
PLASTIBLEN,2013-10-31,40.0,40.0,39.15,40.0,8690
PLASTIBLEN,2013-11-01,39.5,39.5,39.5,39.5,1440
PLASTIBLEN,2013-11-05,39.5,39.5,39.5,39.5,0
PLASTIBLEN,2013-11-06,40.1,40.5,39.025,40.1,1450
PLASTIBLEN,2013-11-07,42.1,42.1,39.5,42.1,1588
PLASTIBLEN,2013-11-08,42.575,44.2,42.5,42.575,16022
PLASTIBLEN,2013-11-11,42.25,42.5,42.25,42.25,1832
PLASTIBLEN,2013-11-12,40.2,41.95,40.2,40.2,1140
PLASTIBLEN,2013-11-13,40.525,40.525,40.525,40.525,3600
PLASTIBLEN,2013-11-14,42.0,42.0,42.0,42.0,1200
PLASTIBLEN,2013-11-18,42.7,42.7,42.45,42.7,3520
PLASTIBLEN,2013-11-19,42.5,42.95,42.45,42.5,18124
PLASTIBLEN,2013-11-20,42.5,42.5,42.5,42.5,0
PLASTIBLEN,2013-11-21,42.975,42.975,42.5,42.975,378
PLASTIBLEN,2013-11-22,42.975,42.975,42.975,42.975,0
PLASTIBLEN,2013-11-25,42.55,42.55,42.4,42.55,11970
PLASTIBLEN,2013-11-26,42.45,42.45,42.45,42.45,460
PLASTIBLEN,2013-11-27,42.5,42.525,42.475,42.5,7024
PLASTIBLEN,2013-11-28,42.5,43.0,42.5,42.5,14412
PLASTIBLEN,2013-11-29,41.5,42.5,41.5,41.5,14200
PLASTIBLEN,2013-12-02,42.55,43.5,42.375,42.55,15386
PLASTIBLEN,2013-12-03,43.5,43.625,43.0,43.5,1316
PLASTIBLEN,2013-12-04,43.925,43.925,42.55,43.925,1210
PLASTIBLEN,2013-12-05,44.0,44.425,44.0,44.0,10290
PLASTIBLEN,2013-12-06,44.25,44.25,44.0,44.25,2714
PLASTIBLEN,2013-12-09,44.0,44.0,44.0,44.0,22198
PLASTIBLEN,2013-12-10,44.1,44.1,44.1,44.1,160
PLASTIBLEN,2013-12-11,44.0,44.0,44.0,44.0,60
PLASTIBLEN,2013-12-12,44.5,44.75,44.05,44.5,1600
PLASTIBLEN,2013-12-13,45.0,45.0,45.0,45.0,100
PLASTIBLEN,2013-12-16,45.1,45.1,45.0,45.1,12800
PLASTIBLEN,2013-12-17,46.225,46.25,45.65,46.225,10528
PLASTIBLEN,2013-12-18,46.525,47.35,46.275,46.525,500
PLASTIBLEN,2013-12-19,46.5,47.75,46.5,46.5,500
PLASTIBLEN,2013-12-20,47.5,47.65,46.775,47.5,4278
PLASTIBLEN,2013-12-23,47.5,47.5,47.5,47.5,0
PLASTIBLEN,2013-12-24,47.75,47.75,45.275,47.75,3398
PLASTIBLEN,2013-12-26,47.75,47.75,47.75,47.75,2000
PLASTIBLEN,2013-12-27,48.55,48.55,47.75,48.55,380
PLASTIBLEN,2013-12-30,50.5,50.5,48.5,50.5,5770
PLASTIBLEN,2013-12-31,51.5,51.725,51.4,51.5,6102
PLASTIBLEN,2014-01-01,51.875,51.975,51.0,51.875,1540
PLASTIBLEN,2014-01-02,49.3,50.55,49.3,49.3,742
PLASTIBLEN,2014-01-03,47.6,47.6,47.05,47.6,2200
PLASTIBLEN,2014-01-06,47.6,47.6,47.6,47.6,0
PLASTIBLEN,2014-01-07,47.6,47.6,47.6,47.6,0
PLASTIBLEN,2014-01-08,48.0,48.0,48.0,48.0,1040
PLASTIBLEN,2014-01-09,48.5,48.5,48.175,48.5,1000
PLASTIBLEN,2014-01-10,48.0,48.0,48.0,48.0,100
PLASTIBLEN,2014-01-13,49.25,49.975,47.5,47.5,464
PLASTIBLEN,2014-01-14,48.0,50.25,48.0,49.0,3670
PLASTIBLEN,2014-01-15,49.25,50.025,49.0,49.975,15172
PLASTIBLEN,2014-01-16,50.5,50.5,49.225,49.625,1980
PLASTIBLEN,2014-01-17,50.75,50.75,49.0,49.0,3676
PLASTIBLEN,2014-01-20,49.25,49.75,49.25,49.675,1538
PLASTIBLEN,2014-01-21,50.0,50.775,49.5,50.75,7084
PLASTIBLEN,2014-01-22,50.075,50.125,49.25,49.875,2592
PLASTIBLEN,2014-01-23,49.85,50.025,49.85,50.0,1514
PLASTIBLEN,2014-01-24,49.75,50.15,49.75,50.0,5070
PLASTIBLEN,2014-01-27,49.25,49.8,49.0,49.0,724
PLASTIBLEN,2014-01-28,49.0,49.4,48.9,49.275,4038
PLASTIBLEN,2014-01-29,49.375,49.375,49.0,49.3,252
PLASTIBLEN,2014-01-30,47.675,49.95,47.675,48.925,7696
PLASTIBLEN,2014-01-31,49.0,49.45,48.5,48.75,1304
PLASTIBLEN,2014-02-03,47.75,49.775,47.75,48.075,226
PLASTIBLEN,2014-02-04,46.825,49.75,46.825,49.525,7462
PLASTIBLEN,2014-02-05,48.325,51.5,48.3,51.125,12396
PLASTIBLEN,2014-02-06,51.0,53.0,49.75,52.575,23062
PLASTIBLEN,2014-02-07,52.55,53.9,50.325,51.75,1464
PLASTIBLEN,2014-02-10,52.5,54.5,52.0,52.025,13272
PLASTIBLEN,2014-02-11,56.4,56.4,51.5,52.75,5806
PLASTIBLEN,2014-02-12,52.5,53.025,50.125,50.725,24274
PLASTIBLEN,2014-02-13,50.5,50.5,49.625,50.0,3696
PLASTIBLEN,2014-02-14,49.175,50.0,49.175,49.85,8012
PLASTIBLEN,2014-02-17,54.45,54.45,49.55,49.625,356
PLASTIBLEN,2014-02-18,50.0,50.0,49.05,49.875,4140
PLASTIBLEN,2014-02-19,51.0,51.0,49.5,49.75,2200
PLASTIBLEN,2014-02-20,49.75,50.25,49.0,49.975,4176
PLASTIBLEN,2014-02-21,50.725,51.5,50.0,51.5,13376
PLASTIBLEN,2014-02-24,51.5,51.75,51.25,51.475,4904
PLASTIBLEN,2014-02-25,51.95,52.5,51.95,52.0,14618
PLASTIBLEN,2014-02-26,52.0,52.5,52.0,52.0,5334
PLASTIBLEN,2014-02-28,52.0,52.375,50.55,52.075,2666
PLASTIBLEN,2014-03-03,52.0,52.425,52.0,52.425,8670
PLASTIBLEN,2014-03-04,52.4,53.25,52.0,53.025,12056
PLASTIBLEN,2014-03-05,53.25,55.6,53.25,55.075,5966
PLASTIBLEN,2014-03-06,53.5,56.15,53.5,56.0,10796
PLASTIBLEN,2014-03-07,56.375,59.35,56.375,56.5,39460
PLASTIBLEN,2014-03-10,54.5,58.0,54.5,57.85,8986
PLASTIBLEN,2014-03-11,56.425,59.0,56.25,57.225,3654
PLASTIBLEN,2014-03-12,57.5,58.0,56.25,56.25,26372
PLASTIBLEN,2014-03-13,60.0,60.0,56.5,56.975,13922
PLASTIBLEN,2014-03-14,57.75,57.925,56.625,57.2,26220
PLASTIBLEN,2014-03-18,57.525,58.125,57.525,57.975,4676
PLASTIBLEN,2014-03-19,57.65,59.0,57.65,58.75,7156
PLASTIBLEN,2014-03-20,58.5,59.375,58.15,58.925,9460
PLASTIBLEN,2014-03-21,57.5,61.75,57.5,59.775,34548
PLASTIBLEN,2014-03-24,62.5,62.5,59.7,61.25,7320
PLASTIBLEN,2014-03-25,61.5,61.5,59.5,60.0,8710
PLASTIBLEN,2014-03-26,59.0,60.5,58.025,58.975,4784
PLASTIBLEN,2014-03-27,59.375,60.25,58.575,58.6,2524
PLASTIBLEN,2014-03-28,60.0,60.0,58.275,58.8,5840
PLASTIBLEN,2014-03-31,59.3,61.0,59.3,60.8,2862
PLASTIBLEN,2014-04-01,58.85,61.0,58.0,60.1,1226
PLASTIBLEN,2014-04-02,61.0,61.0,59.0,59.0,2310
PLASTIBLEN,2014-04-03,59.5,59.75,59.0,59.2,1692
PLASTIBLEN,2014-04-04,60.0,60.0,58.075,59.1,1388
PLASTIBLEN,2014-04-07,60.25,60.525,55.15,56.5,5950
PLASTIBLEN,2014-04-09,57.0,57.5,55.05,56.575,5586
PLASTIBLEN,2014-04-10,56.525,57.375,54.425,55.125,8502
PLASTIBLEN,2014-04-11,55.15,55.25,54.5,54.65,4000
PLASTIBLEN,2014-04-15,54.0,57.75,54.0,56.15,4640
PLASTIBLEN,2014-04-16,56.6,56.6,54.0,54.25,2004
PLASTIBLEN,2014-04-17,55.925,56.9,55.025,56.35,2840
PLASTIBLEN,2014-04-21,58.0,58.0,55.95,56.175,4436
PLASTIBLEN,2014-04-22,54.5,56.975,54.05,55.55,3876
PLASTIBLEN,2014-04-23,54.65,56.75,54.65,55.425,7230
PLASTIBLEN,2014-04-24,55.425,55.425,55.425,55.425,0
PLASTIBLEN,2014-04-25,53.2,56.825,53.2,55.625,16234
PLASTIBLEN,2014-04-28,56.0,56.7,54.275,55.8,13138
PLASTIBLEN,2014-04-29,57.975,57.975,55.025,56.5,6444
PLASTIBLEN,2014-04-30,57.5,57.5,55.55,56.0,17974
PLASTIBLEN,2014-05-02,56.0,57.0,56.0,56.325,4164
PLASTIBLEN,2014-05-05,56.925,58.45,56.925,57.5,6218
PLASTIBLEN,2014-05-06,58.0,58.0,56.575,56.575,1730
PLASTIBLEN,2014-05-07,57.0,57.0,57.0,57.0,866
PLASTIBLEN,2014-05-08,56.175,56.75,55.775,56.5,4020
PLASTIBLEN,2014-05-09,56.225,56.5,56.0,56.0,6832
PLASTIBLEN,2014-05-12,55.25,57.95,55.0,55.875,2558
PLASTIBLEN,2014-05-13,55.675,56.75,55.65,56.5,11678
PLASTIBLEN,2014-05-14,57.45,59.5,56.75,58.925,9154
PLASTIBLEN,2014-05-15,59.4,59.4,55.325,56.525,3984
PLASTIBLEN,2014-05-16,55.5,57.4,55.5,57.4,3600
PLASTIBLEN,2014-05-19,57.975,66.4,57.975,64.075,46396
PLASTIBLEN,2014-05-20,64.5,64.75,62.5,64.275,24278
PLASTIBLEN,2014-05-21,65.0,68.225,64.375,67.0,103340
PLASTIBLEN,2014-05-22,72.0,77.45,69.55,70.925,92312
PLASTIBLEN,2014-05-23,72.5,74.5,70.5,72.025,34690
PLASTIBLEN,2014-05-26,73.0,73.5,62.5,67.3,51488
PLASTIBLEN,2014-05-27,67.0,68.975,63.825,67.675,15020
PLASTIBLEN,2014-05-28,68.0,71.475,67.525,69.2,6340
PLASTIBLEN,2014-05-29,69.975,70.25,69.0,69.025,3450
PLASTIBLEN,2014-05-30,67.55,71.35,67.5,70.65,6224
PLASTIBLEN,2014-06-02,75.75,79.175,71.0,78.075,196126
PLASTIBLEN,2014-06-03,79.95,81.75,76.55,80.825,92824
PLASTIBLEN,2014-06-04,81.65,85.0,81.5,84.775,81668
PLASTIBLEN,2014-06-05,86.05,86.175,81.25,83.125,16852
PLASTIBLEN,2014-06-06,83.55,84.5,81.525,82.925,11660
PLASTIBLEN,2014-06-09,85.5,85.5,82.3,82.825,64200
PLASTIBLEN,2014-06-10,81.775,83.925,80.025,82.475,7752
PLASTIBLEN,2014-06-11,83.5,83.5,78.0,80.25,30796
PLASTIBLEN,2014-06-12,80.125,84.0,80.0,82.9,23954
PLASTIBLEN,2014-06-13,84.375,84.45,77.5,78.375,43826
PLASTIBLEN,2014-06-16,77.05,79.075,76.8,77.45,9336
PLASTIBLEN,2014-06-17,79.025,81.3,77.0,79.4,4684
PLASTIBLEN,2014-06-18,78.6,81.5,78.15,78.825,12654
PLASTIBLEN,2014-06-19,78.65,82.5,78.0,81.275,5400
PLASTIBLEN,2014-06-20,84.0,84.0,79.05,80.575,14860
PLASTIBLEN,2014-06-23,79.3,80.25,77.0,79.725,25494
PLASTIBLEN,2014-06-24,78.95,81.2,78.95,80.725,2578
PLASTIBLEN,2014-06-25,81.2,82.175,78.5,80.475,25488
PLASTIBLEN,2014-06-26,80.275,81.625,80.25,81.275,5492
PLASTIBLEN,2014-06-27,84.45,84.5,81.5,82.575,27360
PLASTIBLEN,2014-06-30,84.25,88.5,82.925,87.275,88922
PLASTIBLEN,2014-07-01,88.5,89.975,87.5,89.85,44140
PLASTIBLEN,2014-07-02,91.475,91.475,86.775,88.175,81274
PLASTIBLEN,2014-07-03,88.45,88.75,86.725,88.425,8090
PLASTIBLEN,2014-07-04,86.5,89.975,85.1,89.525,29242
PLASTIBLEN,2014-07-07,89.975,89.975,88.5,88.975,12972
PLASTIBLEN,2014-07-08,89.0,89.7,84.25,85.025,39796
PLASTIBLEN,2014-07-09,86.0,86.0,82.025,83.825,48056
PLASTIBLEN,2014-07-10,83.1,87.925,82.05,86.225,3954
PLASTIBLEN,2014-07-11,87.425,87.425,85.05,85.725,18450
PLASTIBLEN,2014-07-14,86.9,88.45,81.0,84.2,22434
PLASTIBLEN,2014-07-15,84.225,89.35,84.0,87.4,6066
PLASTIBLEN,2014-07-16,95.45,99.45,93.125,94.625,195644
PLASTIBLEN,2014-07-17,95.975,97.5,95.0,96.325,96600
PLASTIBLEN,2014-07-18,98.325,102.5,95.7,100.725,68364
PLASTIBLEN,2014-07-21,102.45,114.95,100.275,105.425,94662
PLASTIBLEN,2014-07-22,106.375,112.0,106.375,109.325,74854
PLASTIBLEN,2014-07-23,111.95,112.0,103.0,106.075,58784
PLASTIBLEN,2014-07-24,105.825,108.975,101.5,105.825,29844
PLASTIBLEN,2014-07-25,108.0,108.0,102.0,104.425,26988
PLASTIBLEN,2014-07-28,105.0,107.4,102.525,104.575,15144
PLASTIBLEN,2014-07-30,106.475,106.85,101.5,103.75,11882
PLASTIBLEN,2014-07-31,105.925,106.0,104.0,105.025,15492
PLASTIBLEN,2014-08-01,104.075,107.5,102.5,106.95,17234
PLASTIBLEN,2014-08-04,105.9,110.0,105.9,108.375,24954
PLASTIBLEN,2014-08-05,109.95,110.0,108.0,109.125,13448
PLASTIBLEN,2014-08-06,109.8,109.85,106.525,107.525,14370
PLASTIBLEN,2014-08-07,107.75,108.875,106.3,106.8,18710
PLASTIBLEN,2014-08-08,106.0,107.0,96.0,100.1,42082
PLASTIBLEN,2014-08-11,104.5,104.5,99.8,100.55,31320
PLASTIBLEN,2014-08-12,102.95,109.975,100.025,107.325,44596
PLASTIBLEN,2014-08-13,103.225,104.5,96.75,98.2,55940
PLASTIBLEN,2014-08-14,98.475,100.0,95.3,99.425,18364
PLASTIBLEN,2014-08-18,99.9,102.3,98.0,98.325,21794
PLASTIBLEN,2014-08-19,100.4,100.4,95.05,98.1,24126
PLASTIBLEN,2014-08-20,99.0,99.35,98.0,98.675,18536
PLASTIBLEN,2014-08-21,99.425,104.25,98.5,102.525,37724
PLASTIBLEN,2014-08-22,102.525,103.0,100.575,100.95,12714
PLASTIBLEN,2014-08-25,102.5,107.0,99.0,103.0,115604
PLASTIBLEN,2014-08-26,104.85,104.85,98.0,99.925,22996
PLASTIBLEN,2014-08-27,99.325,102.25,99.325,100.8,13050
PLASTIBLEN,2014-08-28,99.45,103.5,98.0,101.175,19114
PLASTIBLEN,2014-09-01,104.5,104.5,99.5,103.225,35626
PLASTIBLEN,2014-09-02,101.275,108.0,98.5,107.125,92722
PLASTIBLEN,2014-09-03,107.35,109.225,104.55,105.325,29130
PLASTIBLEN,2014-09-04,105.0,108.0,102.0,104.875,10238
PLASTIBLEN,2014-09-05,104.0,106.0,102.55,103.875,17628
PLASTIBLEN,2014-09-08,105.025,107.0,102.6,104.7,15272
PLASTIBLEN,2014-09-09,104.0,110.9,103.0,108.125,55720
PLASTIBLEN,2014-09-10,109.325,117.375,107.5,116.625,241916
PLASTIBLEN,2014-09-11,118.475,119.475,113.0,114.05,87620
PLASTIBLEN,2014-09-12,115.5,119.775,114.575,117.85,75904
PLASTIBLEN,2014-09-15,117.975,117.975,114.0,114.45,26856
PLASTIBLEN,2014-09-16,117.5,117.5,107.0,108.225,47572
PLASTIBLEN,2014-09-17,116.0,116.0,108.775,114.45,41590
PLASTIBLEN,2014-09-18,114.0,134.0,113.525,125.95,347276
PLASTIBLEN,2014-09-19,127.15,132.5,122.9,125.0,84062
PLASTIBLEN,2014-09-22,126.45,131.5,123.05,127.225,87112
PLASTIBLEN,2014-09-23,129.225,129.45,119.475,120.925,68702
PLASTIBLEN,2014-09-24,122.45,128.875,115.5,116.675,34118
PLASTIBLEN,2014-09-25,117.75,118.075,111.525,112.9,25910
PLASTIBLEN,2014-09-26,111.65,118.925,108.0,115.15,48340
PLASTIBLEN,2014-09-29,117.1,119.4,115.35,117.15,19202
PLASTIBLEN,2014-09-30,120.9,127.8,119.875,124.65,98346
PLASTIBLEN,2014-10-01,127.2,127.5,120.025,124.2,73220
PLASTIBLEN,2014-10-07,127.475,127.475,118.35,118.95,20260
PLASTIBLEN,2014-10-08,118.525,127.5,118.525,125.75,73226
PLASTIBLEN,2014-10-09,127.45,131.4,126.0,127.375,53012
PLASTIBLEN,2014-10-10,127.0,127.0,122.5,125.075,17144
PLASTIBLEN,2014-10-13,123.725,127.0,119.5,125.875,21188
PLASTIBLEN,2014-10-14,125.875,127.775,122.675,124.1,26288
PLASTIBLEN,2014-10-15,124.1,124.1,124.1,124.1,0
PLASTIBLEN,2014-10-16,119.575,123.475,116.1,118.85,19812
PLASTIBLEN,2014-10-17,118.1,121.725,116.75,119.675,13400
PLASTIBLEN,2014-10-20,122.85,123.275,117.05,118.625,8286
PLASTIBLEN,2014-10-21,117.45,121.0,114.0,117.65,11204
PLASTIBLEN,2014-10-22,117.8,120.275,116.0,117.075,7820
PLASTIBLEN,2014-10-27,125.0,125.0,119.825,121.725,8838
PLASTIBLEN,2014-10-28,120.475,123.5,118.1,122.275,16898
PLASTIBLEN,2014-10-29,124.375,129.0,120.7,127.25,102238
PLASTIBLEN,2014-10-30,127.5,130.0,125.125,128.175,34772
PLASTIBLEN,2014-10-31,129.875,145.925,128.025,139.075,362776
PLASTIBLEN,2014-11-03,139.975,146.5,139.075,143.5,134110
PLASTIBLEN,2014-11-05,144.4,152.5,142.5,148.65,211886
PLASTIBLEN,2014-11-07,150.0,150.45,141.5,145.1,131466
PLASTIBLEN,2014-11-10,145.1,147.425,139.0,142.625,69180
PLASTIBLEN,2014-11-11,141.35,152.4,140.65,149.5,194366
PLASTIBLEN,2014-11-12,150.0,151.25,146.5,148.125,49504
PLASTIBLEN,2014-11-13,149.5,153.5,147.075,149.3,117794
PLASTIBLEN,2014-11-14,151.0,155.95,148.4,154.05,96810
PLASTIBLEN,2014-11-17,143.5,153.0,143.5,147.425,141956
PLASTIBLEN,2014-11-18,146.875,152.45,146.15,149.675,105010
PLASTIBLEN,2014-11-19,148.975,152.5,146.75,147.45,74996
PLASTIBLEN,2014-11-20,147.525,154.525,147.5,149.825,122448
PLASTIBLEN,2014-11-21,149.825,151.3,147.0,147.6,34122
PLASTIBLEN,2014-11-24,147.5,150.95,145.125,148.7,62262
PLASTIBLEN,2014-11-25,148.0,149.0,140.0,141.875,60102
PLASTIBLEN,2014-11-26,142.0,143.925,140.0,141.05,42556
PLASTIBLEN,2014-11-27,140.525,143.025,140.0,140.425,20166
PLASTIBLEN,2014-11-28,141.0,143.5,138.025,140.175,32188
PLASTIBLEN,2014-12-01,139.0,140.3,130.65,134.3,48432
PLASTIBLEN,2014-12-02,134.0,136.0,131.0,135.125,50866
PLASTIBLEN,2014-12-03,136.0,139.5,135.8,137.1,56172
PLASTIBLEN,2014-12-04,142.0,142.5,138.0,140.3,79956
PLASTIBLEN,2014-12-05,142.1,142.1,137.05,138.3,49012
PLASTIBLEN,2014-12-08,142.5,142.5,133.5,137.825,34330
PLASTIBLEN,2014-12-09,140.275,140.275,129.025,130.65,44514
PLASTIBLEN,2014-12-10,129.5,134.0,125.625,131.7,35520
PLASTIBLEN,2014-12-11,132.5,135.5,128.5,133.3,24936
PLASTIBLEN,2014-12-12,133.3,135.975,130.5,131.3,31096
PLASTIBLEN,2014-12-15,130.075,132.5,127.5,128.55,18102
PLASTIBLEN,2014-12-16,127.0,128.8,123.025,125.775,38748
PLASTIBLEN,2014-12-17,125.15,125.15,120.5,122.375,19906
PLASTIBLEN,2014-12-18,123.5,128.9,123.5,127.35,16762
PLASTIBLEN,2014-12-19,128.5,130.675,125.0,127.65,17616
PLASTIBLEN,2014-12-22,126.5,129.4,123.575,126.85,13546
PLASTIBLEN,2014-12-23,126.0,127.875,123.075,124.6,22754
PLASTIBLEN,2014-12-24,125.5,125.55,120.5,123.225,30026
PLASTIBLEN,2014-12-26,124.0,126.825,121.15,122.3,17706
PLASTIBLEN,2014-12-29,122.5,125.95,120.55,121.2,17814
PLASTIBLEN,2014-12-30,122.0,122.5,114.05,116.175,42764
PLASTIBLEN,2014-12-31,114.625,129.0,114.5,127.65,77820
PLASTIBLEN,2015-01-01,126.5,131.45,123.5,129.375,40750
PLASTIBLEN,2015-01-02,128.125,135.5,128.1,134.175,37948
PLASTIBLEN,2015-01-05,141.5,141.5,133.0,137.075,24166
PLASTIBLEN,2015-01-06,136.0,136.0,127.5,129.375,46964
PLASTIBLEN,2015-01-07,129.5,129.5,124.175,125.75,21608
PLASTIBLEN,2015-01-08,129.2,129.975,126.55,127.425,10412
PLASTIBLEN,2015-01-09,127.5,130.75,125.775,127.55,19722
PLASTIBLEN,2015-01-12,127.6,130.9,125.5,128.4,17456
PLASTIBLEN,2015-01-13,125.8,128.0,124.5,125.05,19610
PLASTIBLEN,2015-01-14,124.775,127.5,124.4,125.2,7202
PLASTIBLEN,2015-01-15,127.5,127.5,124.25,124.65,7372
PLASTIBLEN,2015-01-16,126.0,126.0,122.25,122.95,17782
PLASTIBLEN,2015-01-19,122.5,125.25,122.0,123.525,12172
PLASTIBLEN,2015-01-20,120.5,128.25,120.5,125.3,22926
PLASTIBLEN,2015-01-21,126.0,127.0,122.2,124.25,16598
PLASTIBLEN,2015-01-22,124.2,125.45,122.5,123.275,8184
PLASTIBLEN,2015-01-23,124.0,125.5,120.125,121.525,16628
PLASTIBLEN,2015-01-27,121.0,129.0,119.4,121.05,23878
PLASTIBLEN,2015-01-28,123.0,123.75,119.7,120.275,7710
PLASTIBLEN,2015-01-29,121.0,123.0,120.125,121.025,5700
PLASTIBLEN,2015-01-30,121.0,121.5,116.425,118.25,13202
PLASTIBLEN,2015-02-02,125.0,132.0,122.5,125.5,38480
PLASTIBLEN,2015-02-03,128.475,134.4,124.0,130.875,98194
PLASTIBLEN,2015-02-04,130.525,133.8,130.525,132.675,46766
PLASTIBLEN,2015-02-05,132.525,134.75,131.8,131.925,36374
PLASTIBLEN,2015-02-06,134.5,134.5,125.125,128.5,21218
PLASTIBLEN,2015-02-09,127.95,127.95,120.0,124.45,19218
PLASTIBLEN,2015-02-10,125.0,127.725,120.125,125.8,13096
PLASTIBLEN,2015-02-11,126.75,128.325,121.025,122.175,19374
PLASTIBLEN,2015-02-12,124.0,124.25,121.5,122.775,12848
PLASTIBLEN,2015-02-13,124.5,126.45,122.5,124.3,24740
PLASTIBLEN,2015-02-16,124.45,128.5,122.0,122.55,14378
PLASTIBLEN,2015-02-18,122.55,125.025,114.6,119.225,39532
PLASTIBLEN,2015-02-19,119.025,121.375,116.625,119.475,25356
PLASTIBLEN,2015-02-20,122.475,122.5,118.975,119.25,22174
PLASTIBLEN,2015-02-23,119.525,121.125,118.5,119.975,18404
PLASTIBLEN,2015-02-24,117.7,122.5,116.0,116.75,24338
PLASTIBLEN,2015-02-25,117.025,119.45,117.025,117.7,15578
PLASTIBLEN,2015-02-26,122.0,122.0,116.025,116.9,6186
PLASTIBLEN,2015-02-27,116.0,120.5,116.0,119.15,71608
PLASTIBLEN,2015-03-02,117.05,121.2,116.6,118.025,14374
PLASTIBLEN,2015-03-03,118.025,124.0,117.5,121.55,66068
PLASTIBLEN,2015-03-04,120.525,122.0,116.35,118.775,52202
PLASTIBLEN,2015-03-05,118.325,122.2,114.0,118.6,64954
PLASTIBLEN,2015-03-09,117.575,117.575,112.5,114.625,87648
PLASTIBLEN,2015-03-10,113.7,117.475,113.7,115.025,52732
PLASTIBLEN,2015-03-11,115.05,119.25,111.0,112.25,31302
PLASTIBLEN,2015-03-12,112.525,114.75,110.95,111.975,19664
PLASTIBLEN,2015-03-13,112.025,113.45,105.5,106.075,131402
PLASTIBLEN,2015-03-16,105.0,109.5,104.025,104.925,12258
PLASTIBLEN,2015-03-17,106.525,110.0,102.5,104.225,33314
PLASTIBLEN,2015-03-18,103.775,107.875,103.5,106.4,40618
PLASTIBLEN,2015-03-19,107.425,109.0,105.2,106.2,10088
PLASTIBLEN,2015-03-20,105.125,106.25,102.55,102.875,10584
PLASTIBLEN,2015-03-23,102.5,103.425,97.5,98.025,19154
PLASTIBLEN,2015-03-24,96.025,101.475,96.0,99.85,16602
PLASTIBLEN,2015-03-25,104.0,110.5,104.0,106.0,61852
PLASTIBLEN,2015-03-26,109.475,109.475,104.0,106.025,25948
PLASTIBLEN,2015-03-27,107.55,110.5,104.0,108.25,26716
PLASTIBLEN,2015-03-30,107.025,112.45,105.775,111.625,18540
PLASTIBLEN,2015-03-31,110.55,114.95,107.55,110.075,20270
PLASTIBLEN,2015-04-01,111.775,114.0,111.25,112.35,14260
PLASTIBLEN,2015-04-06,112.65,115.5,112.65,115.175,11882
PLASTIBLEN,2015-04-07,115.5,117.0,114.0,115.6,8418
PLASTIBLEN,2015-04-08,114.525,120.3,114.075,117.7,12666
PLASTIBLEN,2015-04-09,119.95,119.975,115.05,117.85,11130
PLASTIBLEN,2015-04-10,118.4,118.4,109.5,117.775,23762
PLASTIBLEN,2015-04-13,118.975,122.4,117.125,118.225,27970
PLASTIBLEN,2015-04-15,120.0,120.0,114.475,115.925,15594
PLASTIBLEN,2015-04-16,118.5,118.5,112.5,116.1,9138
PLASTIBLEN,2015-04-17,115.025,119.95,115.0,116.3,7782
PLASTIBLEN,2015-04-20,116.3,116.3,112.5,113.675,8792
PLASTIBLEN,2015-04-21,113.775,115.5,110.175,114.6,6892
PLASTIBLEN,2015-04-22,114.975,115.25,112.6,113.475,10262
PLASTIBLEN,2015-04-23,112.525,115.0,112.5,114.2,11924
PLASTIBLEN,2015-04-24,112.625,114.0,111.0,111.5,5166
PLASTIBLEN,2015-04-27,111.025,113.0,107.7,108.125,19956
PLASTIBLEN,2015-04-28,108.95,114.45,108.95,111.375,9368
PLASTIBLEN,2015-04-29,112.0,114.4,110.65,113.2,12998
PLASTIBLEN,2015-04-30,112.575,117.025,111.05,113.5,27074
PLASTIBLEN,2015-05-04,115.0,119.0,115.0,117.675,7810
PLASTIBLEN,2015-05-05,121.45,121.45,117.1,119.85,9520
PLASTIBLEN,2015-05-06,121.85,121.85,114.925,115.2,10248
PLASTIBLEN,2015-05-07,112.525,113.45,110.05,111.2,5140
PLASTIBLEN,2015-05-08,112.325,117.2,110.925,113.475,4800
PLASTIBLEN,2015-05-11,113.475,114.5,110.05,113.025,4554
PLASTIBLEN,2015-05-12,114.225,115.0,111.75,112.6,1940
PLASTIBLEN,2015-05-13,111.35,114.825,111.25,114.45,4366
PLASTIBLEN,2015-05-14,114.15,114.2,111.125,111.325,2922
PLASTIBLEN,2015-05-15,111.125,113.25,111.125,112.05,1896
PLASTIBLEN,2015-05-18,110.6,114.25,110.575,112.625,22436
PLASTIBLEN,2015-05-19,110.925,112.425,108.15,111.125,6638
PLASTIBLEN,2015-05-20,110.075,112.475,110.075,111.25,3626
PLASTIBLEN,2015-05-21,114.425,114.425,108.15,111.5,5234
PLASTIBLEN,2015-05-22,113.875,119.45,111.15,117.225,19126
PLASTIBLEN,2015-05-25,118.425,118.45,112.525,114.1,7056
PLASTIBLEN,2015-05-26,115.0,117.5,114.175,114.925,1908
PLASTIBLEN,2015-05-27,119.475,127.525,117.0,126.25,110972
PLASTIBLEN,2015-05-28,129.875,133.0,122.5,131.725,59972
PLASTIBLEN,2015-05-29,131.975,134.5,127.1,128.125,10476
PLASTIBLEN,2015-06-01,127.625,128.95,120.45,123.15,18090
PLASTIBLEN,2015-06-02,121.275,124.5,119.775,121.775,10698
PLASTIBLEN,2015-06-03,121.525,122.3,110.05,114.875,12954
PLASTIBLEN,2015-06-04,115.5,116.975,114.5,115.2,9888
PLASTIBLEN,2015-06-05,116.475,119.75,113.0,117.375,5274
PLASTIBLEN,2015-06-08,116.125,120.5,114.5,118.35,9976
PLASTIBLEN,2015-06-09,119.95,125.5,117.0,123.9,21122
PLASTIBLEN,2015-06-10,125.025,136.95,124.575,134.55,65814
PLASTIBLEN,2015-06-11,135.05,137.025,126.55,132.4,58654
PLASTIBLEN,2015-06-12,130.5,134.0,127.5,131.225,18146
PLASTIBLEN,2015-06-15,130.025,135.5,126.25,135.0,35774
PLASTIBLEN,2015-06-16,132.525,135.0,129.125,132.825,9482
PLASTIBLEN,2015-06-17,134.975,135.55,132.5,134.875,8948
PLASTIBLEN,2015-06-18,135.0,142.5,133.5,141.675,61392
PLASTIBLEN,2015-06-19,142.0,148.9,137.575,143.925,39686
PLASTIBLEN,2015-06-22,143.875,144.525,140.025,142.475,31954
PLASTIBLEN,2015-06-23,142.475,143.5,136.45,140.325,10436
PLASTIBLEN,2015-06-24,142.475,142.475,136.5,138.375,18072
PLASTIBLEN,2015-06-25,137.55,144.0,137.525,143.025,24762
PLASTIBLEN,2015-06-26,142.475,147.7,140.625,142.25,32638
PLASTIBLEN,2015-06-29,141.0,141.0,128.475,139.65,25982
PLASTIBLEN,2015-06-30,137.5,146.0,137.5,145.025,38986
PLASTIBLEN,2015-07-01,147.9,149.9,141.1,142.45,24368
PLASTIBLEN,2015-07-02,142.4,161.475,142.4,151.925,316654
PLASTIBLEN,2015-07-03,152.95,157.5,147.75,150.525,40408
PLASTIBLEN,2015-07-06,150.0,154.5,147.5,152.075,26202
PLASTIBLEN,2015-07-07,153.025,157.45,152.15,154.125,32882
PLASTIBLEN,2015-07-08,154.5,158.0,148.275,151.325,66706
PLASTIBLEN,2015-07-09,153.725,154.7,150.5,150.975,11530
PLASTIBLEN,2015-07-10,151.425,153.95,151.0,151.85,10166
PLASTIBLEN,2015-07-13,153.5,156.0,151.525,154.775,19906
PLASTIBLEN,2015-07-14,156.0,170.45,156.0,164.25,164170
PLASTIBLEN,2015-07-15,165.9,170.2,162.85,164.075,45702
PLASTIBLEN,2015-07-16,165.025,167.5,162.0,163.275,7804
PLASTIBLEN,2015-07-17,162.975,174.95,160.5,171.6,118492
PLASTIBLEN,2015-07-20,167.65,184.5,167.65,179.925,129210
PLASTIBLEN,2015-07-21,182.3,184.75,168.6,172.5,66422
PLASTIBLEN,2015-07-22,173.95,189.5,172.5,186.65,150744
PLASTIBLEN,2015-07-23,188.25,194.5,186.0,189.375,126358
PLASTIBLEN,2015-07-24,190.025,192.6,170.475,179.5,76266
PLASTIBLEN,2015-07-27,179.525,181.75,175.0,176.925,24964
PLASTIBLEN,2015-07-28,180.35,180.375,173.0,174.725,18448
PLASTIBLEN,2015-07-29,176.75,179.475,173.575,174.475,11930
PLASTIBLEN,2015-07-30,177.825,177.925,171.5,175.875,16304
PLASTIBLEN,2015-07-31,175.025,177.475,170.5,172.8,42512
PLASTIBLEN,2015-08-03,172.575,179.675,170.0,175.875,24012
PLASTIBLEN,2015-08-04,179.375,185.0,177.5,184.6,52902
PLASTIBLEN,2015-08-05,186.025,190.1,184.775,185.575,64594
PLASTIBLEN,2015-08-06,184.85,190.0,183.0,185.05,18410
PLASTIBLEN,2015-08-07,187.475,187.475,180.625,181.375,18284
PLASTIBLEN,2015-08-10,182.45,188.475,180.925,184.15,36970
PLASTIBLEN,2015-08-11,186.975,199.75,185.55,188.275,110558
PLASTIBLEN,2015-08-12,190.35,192.0,177.55,184.05,120610
PLASTIBLEN,2015-08-13,194.0,194.0,178.05,181.175,43870
PLASTIBLEN,2015-08-14,181.25,185.95,176.125,184.5,28596
PLASTIBLEN,2015-08-17,188.5,188.5,180.625,186.025,28214
PLASTIBLEN,2015-08-18,191.5,191.5,185.0,185.975,8520
PLASTIBLEN,2015-08-19,187.35,190.0,184.025,185.175,33826
PLASTIBLEN,2015-08-20,184.5,186.0,177.0,178.0,24280
PLASTIBLEN,2015-08-21,176.125,178.225,168.0,168.6,37334
PLASTIBLEN,2015-08-24,165.0,167.5,155.025,159.7,44534
PLASTIBLEN,2015-08-25,154.55,164.5,150.625,160.4,34390
PLASTIBLEN,2015-08-26,169.5,169.5,157.5,164.9,10206
PLASTIBLEN,2015-08-27,170.35,176.475,161.15,174.575,20270
PLASTIBLEN,2015-08-28,174.975,180.75,173.5,176.525,27124
PLASTIBLEN,2015-08-31,174.1,178.9,172.525,173.875,10054
PLASTIBLEN,2015-09-01,172.5,172.5,163.0,165.35,24998
PLASTIBLEN,2015-09-02,163.1,171.95,162.5,163.925,436202
PLASTIBLEN,2015-09-03,164.4,169.85,163.25,167.55,5768
PLASTIBLEN,2015-09-04,168.975,169.0,157.625,163.875,22188
PLASTIBLEN,2015-09-07,163.85,163.975,151.575,152.875,14792
PLASTIBLEN,2015-09-08,154.025,161.275,151.625,159.05,28550
PLASTIBLEN,2015-09-09,159.5,174.0,159.5,164.775,17216
PLASTIBLEN,2015-09-10,165.0,165.0,156.725,160.85,6536
PLASTIBLEN,2015-09-11,164.25,164.25,160.0,160.425,8302
PLASTIBLEN,2015-09-14,161.025,164.0,159.025,159.925,13458
PLASTIBLEN,2015-09-15,161.925,161.95,157.775,158.5,2914
PLASTIBLEN,2015-09-16,162.425,162.45,157.8,160.425,8302
PLASTIBLEN,2015-09-18,161.125,163.05,161.0,162.3,6642
PLASTIBLEN,2015-09-21,161.025,162.4,157.5,161.025,5224
PLASTIBLEN,2015-09-22,161.025,164.45,160.5,161.075,5386
PLASTIBLEN,2015-09-23,160.25,161.725,158.075,160.675,4940
PLASTIBLEN,2015-09-24,160.325,171.925,152.775,169.0,8290
PLASTIBLEN,2015-09-28,167.25,171.95,163.525,165.825,3660
PLASTIBLEN,2015-09-29,163.75,164.75,161.5,163.55,6750
PLASTIBLEN,2015-09-30,163.425,164.7,161.5,164.15,8736
PLASTIBLEN,2015-10-01,164.3,175.45,164.275,170.25,37636
PLASTIBLEN,2015-10-05,174.975,177.5,172.5,173.075,14834
PLASTIBLEN,2015-10-06,173.35,175.95,172.0,175.0,2346
PLASTIBLEN,2015-10-07,171.275,172.5,170.05,170.875,10978
PLASTIBLEN,2015-10-08,172.875,176.0,167.75,170.025,12286
PLASTIBLEN,2015-10-09,167.525,173.975,164.9,170.5,7050
PLASTIBLEN,2015-10-12,172.475,173.0,169.05,169.575,4026
PLASTIBLEN,2015-10-13,168.675,174.475,168.5,170.55,5270
PLASTIBLEN,2015-10-14,167.125,174.475,167.125,174.075,10052
PLASTIBLEN,2015-10-15,174.725,177.5,171.575,176.725,26364
PLASTIBLEN,2015-10-16,178.575,192.5,175.25,189.25,64270
PLASTIBLEN,2015-10-19,185.775,193.15,183.55,191.175,46164
PLASTIBLEN,2015-10-20,190.175,192.5,188.0,189.9,16198
PLASTIBLEN,2015-10-21,190.025,191.05,186.3,187.475,6552
PLASTIBLEN,2015-10-23,186.275,189.925,184.025,187.975,10984
PLASTIBLEN,2015-10-26,190.025,191.0,183.025,184.825,5160
PLASTIBLEN,2015-10-27,183.775,186.475,182.5,184.8,2092
PLASTIBLEN,2015-10-28,184.025,187.475,178.95,180.1,17938
PLASTIBLEN,2015-10-29,181.125,188.325,181.125,183.0,7492
PLASTIBLEN,2015-10-30,185.025,187.4,182.775,185.875,4380
PLASTIBLEN,2015-11-02,187.375,187.375,178.275,181.075,17168
PLASTIBLEN,2015-11-03,182.525,182.525,179.0,179.8,5234
PLASTIBLEN,2015-11-04,184.475,184.475,172.5,176.625,10988
PLASTIBLEN,2015-11-05,189.0,199.125,185.025,190.875,88970
PLASTIBLEN,2015-11-06,191.925,192.25,167.525,178.175,73054
PLASTIBLEN,2015-11-09,173.75,178.925,165.55,177.275,34914
PLASTIBLEN,2015-11-10,177.475,182.475,175.5,178.225,285318
PLASTIBLEN,2015-11-13,180.0,180.0,172.525,177.15,14832
PLASTIBLEN,2015-11-16,179.85,181.7,177.2,181.125,9572
PLASTIBLEN,2015-11-17,181.55,186.0,180.5,182.55,9260
PLASTIBLEN,2015-11-18,185.4,187.0,179.7,181.9,10824
PLASTIBLEN,2015-11-19,182.075,185.0,180.25,184.7,14104
PLASTIBLEN,2015-11-20,188.475,188.5,182.5,185.025,12618
PLASTIBLEN,2015-11-23,183.8,188.9,182.75,187.55,12012
PLASTIBLEN,2015-11-24,184.925,213.45,183.725,201.6,420558
PLASTIBLEN,2015-11-26,204.5,212.5,204.5,208.1,71476
PLASTIBLEN,2015-11-27,210.5,212.225,198.625,202.65,27882
PLASTIBLEN,2015-11-30,204.95,212.55,203.65,204.5,64370
PLASTIBLEN,2015-12-01,210.5,210.5,207.5,207.7,55228
PLASTIBLEN,2015-12-02,207.975,209.25,203.05,205.05,18736
PLASTIBLEN,2015-12-03,207.35,207.35,197.65,200.875,13624
PLASTIBLEN,2015-12-04,199.525,204.75,197.5,200.9,5234
PLASTIBLEN,2015-12-07,203.775,203.775,195.525,198.975,5792
PLASTIBLEN,2015-12-08,199.5,199.5,192.5,193.625,10644
PLASTIBLEN,2015-12-09,191.025,191.075,183.025,184.35,16254
PLASTIBLEN,2015-12-10,185.625,196.325,180.0,188.5,16838
PLASTIBLEN,2015-12-11,186.875,190.0,183.275,186.925,16902
PLASTIBLEN,2015-12-14,180.25,190.0,177.5,188.15,34048
PLASTIBLEN,2015-12-15,188.15,195.525,186.0,191.475,29252
PLASTIBLEN,2015-12-16,191.175,194.975,190.5,192.675,13974
PLASTIBLEN,2015-12-17,196.075,196.075,188.525,194.25,13264
PLASTIBLEN,2015-12-18,193.375,194.5,187.5,191.125,9192
PLASTIBLEN,2015-12-21,192.975,197.5,185.15,197.425,33192
PLASTIBLEN,2015-12-22,197.5,197.5,190.525,195.35,17614
PLASTIBLEN,2015-12-23,195.0,197.5,193.0,195.95,9362
PLASTIBLEN,2015-12-24,201.0,214.9,201.0,210.175,139410
PLASTIBLEN,2015-12-28,214.25,226.0,211.375,223.225,189514
PLASTIBLEN,2015-12-29,224.85,226.0,216.0,218.425,59922
PLASTIBLEN,2015-12-30,220.0,224.5,216.5,222.25,25946
PLASTIBLEN,2015-12-31,219.975,224.45,218.85,219.65,18652
PLASTIBLEN,2016-01-01,224.225,224.45,220.0,221.15,17522
PLASTIBLEN,2016-01-04,222.5,249.0,220.5,245.125,213396
PLASTIBLEN,2016-01-05,247.5,261.625,245.05,247.35,207596
PLASTIBLEN,2016-01-06,248.45,248.45,235.0,240.775,51648
PLASTIBLEN,2016-01-07,237.525,237.525,228.5,230.025,52456
PLASTIBLEN,2016-01-08,233.9,240.0,228.975,232.025,23170
PLASTIBLEN,2016-01-11,230.0,235.0,221.15,230.025,29266
PLASTIBLEN,2016-01-12,233.275,237.5,225.525,228.65,24480
PLASTIBLEN,2016-01-13,231.475,238.0,210.5,220.525,71602
PLASTIBLEN,2016-01-14,215.5,225.0,207.5,213.45,21978
PLASTIBLEN,2016-01-15,217.475,222.0,210.0,213.125,18470
PLASTIBLEN,2016-01-18,206.0,209.975,197.55,200.325,50306
PLASTIBLEN,2016-01-19,201.0,207.5,198.0,202.75,25736
PLASTIBLEN,2016-01-20,202.45,202.45,192.5,194.9,16772
PLASTIBLEN,2016-01-21,205.475,205.5,192.5,194.45,13662
PLASTIBLEN,2016-01-22,198.0,205.0,198.0,202.575,17912
PLASTIBLEN,2016-01-25,201.025,214.5,200.0,212.125,26394
PLASTIBLEN,2016-01-27,217.0,217.0,205.075,209.5,12676
PLASTIBLEN,2016-01-28,211.95,214.9,205.5,209.1,10574
PLASTIBLEN,2016-01-29,212.475,212.475,205.0,205.95,7008
PLASTIBLEN,2016-02-01,206.025,215.0,201.0,203.175,12718
PLASTIBLEN,2016-02-02,201.0,204.875,193.0,194.325,19156
PLASTIBLEN,2016-02-03,193.125,199.475,187.5,195.15,20526
PLASTIBLEN,2016-02-04,195.5,200.0,191.0,192.575,6254
PLASTIBLEN,2016-02-05,196.025,200.0,194.0,197.325,10778
PLASTIBLEN,2016-02-08,198.9,204.35,195.025,198.5,7638
PLASTIBLEN,2016-02-09,195.075,198.95,190.3,193.4,28846
PLASTIBLEN,2016-02-10,197.525,205.0,183.5,187.575,28248
PLASTIBLEN,2016-02-11,190.0,190.0,177.55,180.125,35904
PLASTIBLEN,2016-02-12,182.075,187.95,166.85,185.6,36682
PLASTIBLEN,2016-02-15,189.925,192.5,182.5,187.9,10130
PLASTIBLEN,2016-02-16,189.025,191.0,176.0,177.8,13234
PLASTIBLEN,2016-02-17,178.55,180.25,170.0,178.375,11048
PLASTIBLEN,2016-02-18,183.525,185.0,175.025,180.45,7596
PLASTIBLEN,2016-02-19,180.475,181.75,178.0,180.35,4636
PLASTIBLEN,2016-02-22,177.65,188.0,173.55,179.125,27606
PLASTIBLEN,2016-02-23,184.975,184.975,173.05,175.3,10668
PLASTIBLEN,2016-02-24,175.025,175.025,168.075,170.7,14764
PLASTIBLEN,2016-02-25,170.05,176.45,167.65,174.1,10480
PLASTIBLEN,2016-02-26,174.7,176.25,166.85,168.7,12956
PLASTIBLEN,2016-02-29,170.0,174.45,161.15,171.05,13798
PLASTIBLEN,2016-03-01,170.0,177.975,170.0,175.8,8468
PLASTIBLEN,2016-03-02,179.5,186.15,179.5,184.475,17924
PLASTIBLEN,2016-03-03,189.925,192.5,184.2,188.425,16302
PLASTIBLEN,2016-03-04,189.5,191.95,186.625,189.6,5598
PLASTIBLEN,2016-03-08,191.0,204.975,182.55,194.85,27874
PLASTIBLEN,2016-03-09,195.0,198.95,191.325,196.975,8472
PLASTIBLEN,2016-03-10,201.0,201.4,196.0,199.45,10632
PLASTIBLEN,2016-03-11,197.15,207.5,195.5,205.075,17870
PLASTIBLEN,2016-03-14,205.05,213.5,205.05,211.55,21556
PLASTIBLEN,2016-03-15,212.5,212.5,204.0,204.975,6240
PLASTIBLEN,2016-03-16,202.5,202.525,191.375,201.975,7172
PLASTIBLEN,2016-03-17,202.5,204.45,195.0,196.225,4252
PLASTIBLEN,2016-03-18,199.875,199.875,193.0,194.175,4958
PLASTIBLEN,2016-03-21,194.625,204.0,194.6,199.8,11278
PLASTIBLEN,2016-03-22,202.5,202.5,198.0,200.7,2794
PLASTIBLEN,2016-03-23,197.7,200.0,197.5,198.85,3244
PLASTIBLEN,2016-03-28,199.575,202.5,194.75,195.55,6578
PLASTIBLEN,2016-03-29,195.5,202.525,194.825,196.65,19254
PLASTIBLEN,2016-03-30,200.0,200.0,195.55,196.275,3700
PLASTIBLEN,2016-03-31,196.125,199.25,194.8,198.8,4472
PLASTIBLEN,2016-04-01,197.0,204.475,195.625,200.475,10170
PLASTIBLEN,2016-04-04,203.5,205.0,198.75,203.7,9286
PLASTIBLEN,2016-04-05,204.0,206.15,201.525,202.625,7314
PLASTIBLEN,2016-04-06,200.525,208.0,200.525,204.0,12048
PLASTIBLEN,2016-04-07,208.5,208.5,200.0,203.25,5408
PLASTIBLEN,2016-04-08,204.325,224.425,203.275,212.8,55982
PLASTIBLEN,2016-04-11,215.25,221.5,212.225,213.775,307098
PLASTIBLEN,2016-04-12,214.0,223.5,213.5,216.975,230510
PLASTIBLEN,2016-04-13,219.5,221.0,215.3,216.025,9018
PLASTIBLEN,2016-04-18,220.0,220.0,213.0,214.65,5724
PLASTIBLEN,2016-04-20,217.5,217.5,212.5,214.95,5678
PLASTIBLEN,2016-04-21,214.25,216.75,210.0,211.525,7946
PLASTIBLEN,2016-04-22,212.5,219.75,211.5,213.625,6166
PLASTIBLEN,2016-04-25,217.45,217.45,208.5,212.6,4102
PLASTIBLEN,2016-04-26,214.775,216.5,211.1,211.675,9440
PLASTIBLEN,2016-04-27,206.5,214.475,206.5,211.2,5154
PLASTIBLEN,2016-04-28,213.0,213.0,206.5,208.025,5002
PLASTIBLEN,2016-04-29,207.5,211.95,207.5,209.275,3800
PLASTIBLEN,2016-05-02,208.5,212.95,205.0,210.225,6434
PLASTIBLEN,2016-05-03,209.25,211.925,207.5,209.025,1900
PLASTIBLEN,2016-05-04,209.5,211.05,205.0,206.925,7320
PLASTIBLEN,2016-05-05,205.0,210.975,205.0,207.725,6276
PLASTIBLEN,2016-05-06,206.0,210.925,205.0,209.525,5852
PLASTIBLEN,2016-05-09,212.275,216.0,207.5,209.775,20142
PLASTIBLEN,2016-05-10,206.525,212.0,206.525,208.65,8392
PLASTIBLEN,2016-05-11,211.325,212.85,208.0,208.225,6334
PLASTIBLEN,2016-05-12,208.35,209.825,208.0,208.875,5788
PLASTIBLEN,2016-05-13,208.525,209.025,206.15,207.225,5518
PLASTIBLEN,2016-05-16,201.3,210.0,201.3,208.85,4460
PLASTIBLEN,2016-05-17,206.575,212.5,203.625,211.95,7190
PLASTIBLEN,2016-05-18,210.0,215.7,208.5,214.125,10680
PLASTIBLEN,2016-05-19,210.825,218.95,209.825,214.95,10068
PLASTIBLEN,2016-05-20,214.5,220.75,214.5,219.65,22148
PLASTIBLEN,2016-05-23,222.0,222.5,214.5,216.95,22444
PLASTIBLEN,2016-05-24,215.05,218.775,213.5,215.675,15424
PLASTIBLEN,2016-05-25,216.7,218.25,213.5,216.625,19776
PLASTIBLEN,2016-05-26,217.0,218.35,212.5,214.475,8862
PLASTIBLEN,2016-05-27,213.5,216.025,208.0,208.775,8680
PLASTIBLEN,2016-05-30,214.5,214.5,200.0,207.85,15140
PLASTIBLEN,2016-05-31,204.675,206.875,201.05,203.125,11086
PLASTIBLEN,2016-06-01,205.5,212.975,201.5,212.2,31522
PLASTIBLEN,2016-06-02,212.025,214.0,207.2,208.3,5682
PLASTIBLEN,2016-06-03,212.3,212.325,207.5,208.125,8082
PLASTIBLEN,2016-06-06,212.325,212.325,205.05,206.25,5600
PLASTIBLEN,2016-06-07,205.65,211.95,205.65,210.575,4982
PLASTIBLEN,2016-06-08,210.125,212.5,210.0,210.325,4376
PLASTIBLEN,2016-06-09,210.025,211.5,207.675,210.325,5662
PLASTIBLEN,2016-06-10,209.975,210.0,207.5,207.625,5438
PLASTIBLEN,2016-06-13,207.55,211.0,205.0,210.1,11338
PLASTIBLEN,2016-06-14,209.05,213.0,209.05,212.0,5126
PLASTIBLEN,2016-06-15,208.725,216.5,208.725,214.825,14330
PLASTIBLEN,2016-06-16,215.0,215.0,212.075,212.7,5202
PLASTIBLEN,2016-06-17,212.025,217.25,212.0,213.875,6992
PLASTIBLEN,2016-06-20,211.525,214.95,210.0,213.275,4608
PLASTIBLEN,2016-06-21,215.0,215.0,211.1,213.05,8894
PLASTIBLEN,2016-06-22,212.0,215.6,210.05,212.675,6724
PLASTIBLEN,2016-06-23,214.925,215.0,212.0,213.75,8316
PLASTIBLEN,2016-06-24,210.0,212.5,201.65,208.5,15184
PLASTIBLEN,2016-06-27,217.45,217.45,207.875,209.8,7572
PLASTIBLEN,2016-06-28,210.0,238.5,210.0,227.475,152514
PLASTIBLEN,2016-06-29,225.05,231.875,225.05,228.15,13338
PLASTIBLEN,2016-06-30,225.025,235.675,225.025,231.0,14802
PLASTIBLEN,2016-07-01,231.0,235.025,225.0,227.4,17278
PLASTIBLEN,2016-07-04,228.0,230.0,222.025,225.225,13564
PLASTIBLEN,2016-07-05,224.925,230.0,222.025,229.15,7180
PLASTIBLEN,2016-07-07,231.0,231.0,224.0,225.35,9276
PLASTIBLEN,2016-07-08,224.5,225.0,215.25,221.35,8854
PLASTIBLEN,2016-07-11,221.55,227.35,221.25,223.35,6600
PLASTIBLEN,2016-07-12,227.1,227.125,215.325,218.925,8060
PLASTIBLEN,2016-07-13,219.0,224.4,219.0,222.825,9474
PLASTIBLEN,2016-07-14,221.0,226.5,220.0,225.725,4462
PLASTIBLEN,2016-07-15,222.15,231.45,217.775,225.5,11160
PLASTIBLEN,2016-07-18,223.525,228.575,220.025,221.775,14200
PLASTIBLEN,2016-07-19,224.95,224.95,214.5,216.05,10256
PLASTIBLEN,2016-07-20,219.425,223.475,216.0,219.025,20318
PLASTIBLEN,2016-07-21,210.675,210.675,200.5,206.75,105286
PLASTIBLEN,2016-07-22,207.275,210.0,202.5,208.6,12812
PLASTIBLEN,2016-07-25,209.85,209.85,203.6,206.7,23856
PLASTIBLEN,2016-07-26,206.7,210.0,202.55,207.325,18654
PLASTIBLEN,2016-07-27,209.5,219.25,206.55,213.725,29968
PLASTIBLEN,2016-07-28,211.15,214.0,207.5,209.125,9584
PLASTIBLEN,2016-07-29,208.0,214.9,207.5,212.4,8792
PLASTIBLEN,2016-08-01,212.5,215.0,206.025,213.9,19712
PLASTIBLEN,2016-08-02,216.675,220.025,212.2,212.55,9762
PLASTIBLEN,2016-08-03,214.5,217.5,209.5,212.55,14960
PLASTIBLEN,2016-08-04,212.675,215.025,210.675,214.9,3644
PLASTIBLEN,2016-08-05,212.575,214.975,210.85,212.45,5674
PLASTIBLEN,2016-08-08,214.975,219.375,210.625,217.425,7218
PLASTIBLEN,2016-08-09,217.5,221.0,213.075,218.925,9344
PLASTIBLEN,2016-08-10,215.75,217.95,211.55,213.675,5938
PLASTIBLEN,2016-08-11,211.025,215.475,211.025,212.1,1510
PLASTIBLEN,2016-08-12,212.25,216.7,211.0,213.925,5742
PLASTIBLEN,2016-08-16,213.5,217.5,212.325,212.625,3640
PLASTIBLEN,2016-08-17,215.0,215.0,212.5,213.1,4396
PLASTIBLEN,2016-08-18,213.175,215.5,213.175,214.6,3084
PLASTIBLEN,2016-08-19,213.025,215.5,212.575,214.075,5098
PLASTIBLEN,2016-08-22,215.0,217.0,212.5,215.575,7148
PLASTIBLEN,2016-08-23,213.05,215.3,212.15,213.025,10394
PLASTIBLEN,2016-08-24,215.0,220.0,212.85,215.85,8018
PLASTIBLEN,2016-08-25,215.475,215.5,212.4,214.875,15112
PLASTIBLEN,2016-08-26,213.075,214.975,207.5,212.55,22108
PLASTIBLEN,2016-08-29,212.95,216.5,208.925,215.175,24072
PLASTIBLEN,2016-08-30,216.05,218.0,211.95,212.275,16490
PLASTIBLEN,2016-08-31,215.95,215.975,212.5,212.675,6502
PLASTIBLEN,2016-09-01,215.775,215.775,202.0,212.5,13060
PLASTIBLEN,2016-09-02,210.125,219.0,210.1,216.3,11218
PLASTIBLEN,2016-09-06,220.0,220.0,209.5,211.15,17502
PLASTIBLEN,2016-09-07,212.5,215.0,212.5,212.575,16638
PLASTIBLEN,2016-09-08,212.5,216.0,211.125,215.125,7776
PLASTIBLEN,2016-09-09,211.8,217.0,211.75,214.625,11312
PLASTIBLEN,2016-09-12,213.975,213.975,200.0,209.1,13898
PLASTIBLEN,2016-09-14,210.0,213.5,208.0,212.025,5216
PLASTIBLEN,2016-09-15,212.0,212.5,204.525,211.05,6596
PLASTIBLEN,2016-09-16,212.525,213.85,210.3,211.325,3314
PLASTIBLEN,2016-09-19,211.0,214.0,209.125,211.475,4812
PLASTIBLEN,2016-09-20,212.5,215.0,208.625,211.3,5580
PLASTIBLEN,2016-09-21,210.1,213.6,207.525,210.325,6422
PLASTIBLEN,2016-09-22,215.0,219.0,210.0,217.95,20470
PLASTIBLEN,2016-09-23,218.35,230.0,215.75,222.575,29984
PLASTIBLEN,2016-09-26,222.65,225.0,217.5,221.625,6358
PLASTIBLEN,2016-09-27,217.6,223.4,212.5,215.175,7398
PLASTIBLEN,2016-09-28,213.025,220.0,213.025,215.85,11784
PLASTIBLEN,2016-09-29,212.775,220.0,206.5,214.575,35996
PLASTIBLEN,2016-09-30,212.5,216.0,206.625,214.175,8952
PLASTIBLEN,2016-10-03,216.0,225.0,215.5,219.8,5394
PLASTIBLEN,2016-10-04,222.5,222.5,213.0,214.15,5680
PLASTIBLEN,2016-10-05,215.5,222.5,213.275,216.65,14904
PLASTIBLEN,2016-10-06,219.725,219.75,209.0,210.775,11572
PLASTIBLEN,2016-10-07,212.5,219.25,211.1,215.575,6644
PLASTIBLEN,2016-10-10,217.5,221.975,216.025,219.975,7478
PLASTIBLEN,2016-10-13,222.0,222.0,211.0,212.375,13946
PLASTIBLEN,2016-10-14,212.5,224.0,212.5,216.125,11524
PLASTIBLEN,2016-10-17,216.5,224.0,216.5,220.2,23276
PLASTIBLEN,2016-10-18,221.05,223.0,220.0,220.075,8010
PLASTIBLEN,2016-10-19,220.0,224.425,220.0,221.675,7430
PLASTIBLEN,2016-10-20,221.0,253.5,221.0,239.225,133252
PLASTIBLEN,2016-10-21,241.0,241.5,230.0,232.8,17726
PLASTIBLEN,2016-10-24,234.8,236.0,230.25,231.725,11000
PLASTIBLEN,2016-10-25,235.975,246.975,232.5,245.175,32718
PLASTIBLEN,2016-10-26,245.0,247.0,235.25,237.275,30906
PLASTIBLEN,2016-10-27,242.95,242.95,235.05,237.35,8010
PLASTIBLEN,2016-10-28,237.35,282.475,231.525,270.925,346048
PLASTIBLEN,2016-11-01,274.975,274.975,263.6,265.9,40706
PLASTIBLEN,2016-11-02,266.0,266.0,256.0,257.7,26426
PLASTIBLEN,2016-11-03,259.0,289.5,259.0,269.175,209248
PLASTIBLEN,2016-11-04,269.0,279.85,259.0,265.675,47980
PLASTIBLEN,2016-11-07,269.975,276.975,265.025,268.75,22066
PLASTIBLEN,2016-11-08,267.5,272.475,262.5,265.25,18784
PLASTIBLEN,2016-11-09,250.0,265.0,240.0,262.325,43534
PLASTIBLEN,2016-11-10,269.975,272.5,257.5,263.475,30270
PLASTIBLEN,2016-11-11,256.5,262.425,245.0,247.8,41004
PLASTIBLEN,2016-11-15,245.0,247.0,217.5,224.4,47326
PLASTIBLEN,2016-11-16,227.5,234.05,226.025,228.975,18008
PLASTIBLEN,2016-11-17,232.5,232.5,217.5,220.8,14646
PLASTIBLEN,2016-11-18,225.0,225.0,216.0,219.25,19236
PLASTIBLEN,2016-11-21,233.5,233.5,215.0,215.775,15362
PLASTIBLEN,2016-11-22,215.8,222.5,215.8,220.25,10114
PLASTIBLEN,2016-11-23,217.55,235.0,217.55,233.05,10342
PLASTIBLEN,2016-11-24,237.0,237.0,227.5,229.25,7574
PLASTIBLEN,2016-11-25,229.25,237.5,229.225,235.625,9460
PLASTIBLEN,2016-11-28,236.0,245.5,231.525,239.35,7366
PLASTIBLEN,2016-11-29,237.5,239.25,233.5,236.125,14860
PLASTIBLEN,2016-11-30,235.725,246.65,235.725,241.9,12274
PLASTIBLEN,2016-12-01,246.35,250.0,240.825,242.7,10424
PLASTIBLEN,2016-12-02,243.5,244.95,233.3,240.1,9926
PLASTIBLEN,2016-12-05,240.0,242.5,235.6,237.525,6118
PLASTIBLEN,2016-12-06,240.85,249.5,238.025,242.45,4006
PLASTIBLEN,2016-12-07,237.5,252.0,237.5,247.55,12838
PLASTIBLEN,2016-12-08,254.4,254.4,242.5,245.25,5360
PLASTIBLEN,2016-12-09,245.575,248.0,238.5,241.4,6764
PLASTIBLEN,2016-12-12,241.4,241.5,236.15,239.275,1856
PLASTIBLEN,2016-12-13,237.5,243.275,237.5,242.425,3444
PLASTIBLEN,2016-12-14,239.5,242.4,235.25,237.25,5756
PLASTIBLEN,2016-12-15,235.0,239.85,223.35,229.625,8882
PLASTIBLEN,2016-12-16,230.0,234.5,230.0,232.0,1300
PLASTIBLEN,2016-12-19,234.4,235.0,227.525,229.975,2574
PLASTIBLEN,2016-12-20,233.825,233.825,224.5,227.475,10236
PLASTIBLEN,2016-12-21,229.475,229.5,223.5,223.6,4572
PLASTIBLEN,2016-12-22,221.0,226.45,217.375,221.1,5450
PLASTIBLEN,2016-12-23,222.5,234.45,220.05,226.475,6522
PLASTIBLEN,2016-12-26,227.475,227.475,215.75,218.45,5918
PLASTIBLEN,2016-12-27,220.0,225.575,220.0,223.05,5808
PLASTIBLEN,2016-12-28,225.0,230.5,222.575,226.1,3110
PLASTIBLEN,2016-12-29,228.7,232.5,223.5,228.525,4806
PLASTIBLEN,2016-12-30,226.5,232.0,223.55,226.375,7748
PLASTIBLEN,2017-01-02,226.975,230.0,221.375,222.35,7942
PLASTIBLEN,2017-01-03,223.025,234.4,223.0,231.575,9404
PLASTIBLEN,2017-01-04,234.5,234.5,225.6,228.0,4204
PLASTIBLEN,2017-01-05,232.475,237.5,228.15,235.85,15378
PLASTIBLEN,2017-01-06,235.5,239.95,232.0,237.5,13186
PLASTIBLEN,2017-01-09,235.525,235.75,232.5,234.025,5100
PLASTIBLEN,2017-01-10,232.15,236.975,232.15,234.35,2090
PLASTIBLEN,2017-01-11,238.5,243.5,236.075,242.0,10294
PLASTIBLEN,2017-01-12,241.025,242.65,238.1,241.25,4678
PLASTIBLEN,2017-01-13,241.625,249.8,240.0,248.625,9894
PLASTIBLEN,2017-01-16,244.875,250.0,241.35,249.025,8050
PLASTIBLEN,2017-01-17,250.0,254.0,247.5,249.1,4936
PLASTIBLEN,2017-01-18,253.975,253.975,248.025,250.725,7698
PLASTIBLEN,2017-01-19,248.025,251.925,247.5,247.55,4230
PLASTIBLEN,2017-01-20,245.275,251.45,240.0,242.55,3720
PLASTIBLEN,2017-01-23,240.5,246.0,237.525,244.2,5590
PLASTIBLEN,2017-01-24,245.0,246.5,241.575,243.3,2624
PLASTIBLEN,2017-01-25,248.3,252.95,239.5,241.5,10054
PLASTIBLEN,2017-01-27,242.525,246.225,239.0,239.375,9500
PLASTIBLEN,2017-01-30,238.5,244.35,235.0,235.9,9242
PLASTIBLEN,2017-01-31,235.0,242.0,232.0,235.05,7892
PLASTIBLEN,2017-02-01,235.025,242.375,232.0,241.475,5880
PLASTIBLEN,2017-02-02,242.5,242.5,235.0,236.725,11270
PLASTIBLEN,2017-02-03,240.0,245.0,237.5,240.825,8616
PLASTIBLEN,2017-02-06,245.0,251.0,240.525,244.425,6064
PLASTIBLEN,2017-02-07,245.0,248.5,241.05,241.825,6098
PLASTIBLEN,2017-02-08,246.975,249.4,242.5,247.85,15280
PLASTIBLEN,2017-02-09,244.3,249.95,237.55,242.425,26962
PLASTIBLEN,2017-02-10,239.65,242.45,234.5,235.8,13934
PLASTIBLEN,2017-02-13,235.0,240.0,226.35,233.975,26618
PLASTIBLEN,2017-02-14,235.75,238.5,230.25,235.225,11516
PLASTIBLEN,2017-02-15,232.8,235.475,230.5,232.075,4170
PLASTIBLEN,2017-02-16,230.075,237.5,230.075,235.975,7578
PLASTIBLEN,2017-02-17,237.0,239.4,234.0,236.825,2588
PLASTIBLEN,2017-02-20,236.5,241.9,233.1,238.4,15204
PLASTIBLEN,2017-02-21,239.3,240.0,235.5,236.7,4464
PLASTIBLEN,2017-02-22,237.1,242.5,236.5,239.175,10468
PLASTIBLEN,2017-02-23,241.0,250.0,240.05,242.225,23564
PLASTIBLEN,2017-02-27,247.9,247.9,233.75,236.15,16246
PLASTIBLEN,2017-02-28,239.0,242.25,233.35,240.0,15642
PLASTIBLEN,2017-03-01,240.5,244.9,232.775,234.925,12668
PLASTIBLEN,2017-03-02,237.5,239.4,235.3,235.7,11052
PLASTIBLEN,2017-03-03,235.6,237.225,230.125,232.675,4326
PLASTIBLEN,2017-03-06,234.5,235.975,230.025,233.55,9702
PLASTIBLEN,2017-03-07,237.125,237.475,233.075,233.625,4496
PLASTIBLEN,2017-03-08,233.875,235.875,233.025,233.625,2592
PLASTIBLEN,2017-03-09,230.675,237.0,230.65,233.875,4358
PLASTIBLEN,2017-03-10,235.0,241.725,234.275,236.35,18152
PLASTIBLEN,2017-03-14,240.1,240.325,232.0,232.275,3434
PLASTIBLEN,2017-03-15,235.0,238.975,233.0,236.625,9828
PLASTIBLEN,2017-03-16,233.025,235.05,233.025,234.7,6262
PLASTIBLEN,2017-03-17,233.775,237.0,232.5,233.975,19918
PLASTIBLEN,2017-03-20,236.475,236.85,233.05,234.05,8748
PLASTIBLEN,2017-03-21,236.0,236.625,234.0,234.4,3738
PLASTIBLEN,2017-03-22,234.05,234.05,232.0,232.325,6044
PLASTIBLEN,2017-03-23,235.5,235.5,232.65,234.625,5998
PLASTIBLEN,2017-03-24,234.0,234.975,229.875,230.425,11364
PLASTIBLEN,2017-03-27,230.025,234.6,230.025,233.775,14074
PLASTIBLEN,2017-03-28,233.225,236.25,229.5,231.7,11770
PLASTIBLEN,2017-03-29,234.525,234.8,230.25,233.475,13430
PLASTIBLEN,2017-03-30,237.375,237.375,230.25,230.625,5194
PLASTIBLEN,2017-03-31,231.25,235.975,227.5,233.0,28922
PLASTIBLEN,2017-04-03,237.0,239.925,230.0,235.975,9206
PLASTIBLEN,2017-04-05,235.0,239.5,233.6,237.6,26520
PLASTIBLEN,2017-04-06,240.0,241.375,235.5,238.95,7920
PLASTIBLEN,2017-04-07,237.5,241.375,237.5,239.2,5246
PLASTIBLEN,2017-04-10,235.55,238.95,235.0,236.7,6070
PLASTIBLEN,2017-04-11,238.75,240.0,235.0,236.725,11426
PLASTIBLEN,2017-04-12,235.8,238.925,234.025,235.875,6338
PLASTIBLEN,2017-04-13,235.075,237.475,234.0,234.875,14308
PLASTIBLEN,2017-04-17,233.0,236.25,233.0,234.35,3184
PLASTIBLEN,2017-04-18,236.0,236.9,233.05,233.225,5754
PLASTIBLEN,2017-04-19,233.0,236.5,232.575,233.325,4530
PLASTIBLEN,2017-04-20,232.7,235.9,232.5,233.4,8962
PLASTIBLEN,2017-04-21,233.525,234.975,232.0,232.525,11088
PLASTIBLEN,2017-04-24,233.5,264.85,232.8,250.925,175784
PLASTIBLEN,2017-04-25,251.525,254.825,241.9,244.275,20670
PLASTIBLEN,2017-04-26,245.0,249.975,240.6,241.325,6720
PLASTIBLEN,2017-04-27,242.025,242.025,238.25,238.875,7200
PLASTIBLEN,2017-04-28,241.1,245.95,238.0,238.75,6220
PLASTIBLEN,2017-05-02,241.5,250.9,240.0,248.25,17576
PLASTIBLEN,2017-05-03,250.0,254.5,245.5,251.275,13988
PLASTIBLEN,2017-05-04,249.0,262.95,245.0,256.425,26688
PLASTIBLEN,2017-05-05,256.425,257.5,250.0,251.05,9826
PLASTIBLEN,2017-05-08,251.45,254.95,250.0,251.975,9476
PLASTIBLEN,2017-05-09,250.625,255.5,250.6,253.6,12964
PLASTIBLEN,2017-05-10,254.9,263.0,250.525,258.5,18120
PLASTIBLEN,2017-05-11,257.475,264.5,250.0,251.2,26136
PLASTIBLEN,2017-05-12,275.0,275.0,256.5,264.775,145066
PLASTIBLEN,2017-05-15,264.975,265.0,250.675,254.425,48480
PLASTIBLEN,2017-05-16,251.0,255.5,247.5,249.85,29890
PLASTIBLEN,2017-05-17,249.85,255.35,248.1,251.65,15414
PLASTIBLEN,2017-05-18,245.525,250.0,245.0,245.05,25810
PLASTIBLEN,2017-05-19,243.5,251.225,243.5,246.15,15746
PLASTIBLEN,2017-05-22,248.975,249.45,242.5,246.45,9444
PLASTIBLEN,2017-05-23,247.0,250.0,242.0,243.6,5204
PLASTIBLEN,2017-05-24,244.975,244.975,236.1,236.975,15564
PLASTIBLEN,2017-05-25,237.425,244.0,235.525,239.275,6052
PLASTIBLEN,2017-05-26,241.0,254.95,241.0,248.725,33292
PLASTIBLEN,2017-05-29,245.0,249.375,240.0,241.35,18690
PLASTIBLEN,2017-05-30,242.0,245.9,237.6,244.9,4638
PLASTIBLEN,2017-05-31,244.45,247.475,242.025,246.1,5584
PLASTIBLEN,2017-06-01,245.65,257.5,245.325,255.225,29392
PLASTIBLEN,2017-06-02,257.0,257.375,251.525,254.0,11596
PLASTIBLEN,2017-06-05,258.5,258.5,252.5,252.925,6806
PLASTIBLEN,2017-06-06,249.325,254.125,247.5,249.75,3472
PLASTIBLEN,2017-06-07,254.45,254.75,250.525,252.575,10476
PLASTIBLEN,2017-06-08,252.225,256.25,251.6,254.275,5120
PLASTIBLEN,2017-06-09,253.95,256.25,251.275,253.575,9584
PLASTIBLEN,2017-06-12,255.45,257.5,251.5,251.9,11154
PLASTIBLEN,2017-06-13,253.05,255.0,251.5,252.625,11766
PLASTIBLEN,2017-06-14,255.0,256.25,252.125,255.2,5260
PLASTIBLEN,2017-06-15,257.5,263.9,257.5,261.075,23518
PLASTIBLEN,2017-06-16,262.5,267.5,261.85,264.25,19512
PLASTIBLEN,2017-06-19,267.5,271.95,261.0,267.275,28124
PLASTIBLEN,2017-06-20,267.5,267.5,256.6,264.75,19654
PLASTIBLEN,2017-06-21,266.925,288.5,263.475,282.475,115068
PLASTIBLEN,2017-06-22,287.45,316.0,287.0,297.75,353736
PLASTIBLEN,2017-06-23,297.75,309.675,295.05,296.85,79406
PLASTIBLEN,2017-06-27,299.35,302.25,288.0,294.2,29626
PLASTIBLEN,2017-06-28,294.975,310.0,282.825,308.575,174070
PLASTIBLEN,2017-06-29,311.0,316.7,296.0,298.425,92088
PLASTIBLEN,2017-06-30,299.0,306.0,295.0,301.3,63056
PLASTIBLEN,2017-07-03,300.0,306.15,292.0,300.8,26898
PLASTIBLEN,2017-07-04,299.95,300.0,295.2,296.7,10623
PLASTIBLEN,2017-07-05,294.0,302.3,293.0,294.35,5964
PLASTIBLEN,2017-07-06,296.55,334.4,293.0,313.95,71789
PLASTIBLEN,2017-07-07,315.05,322.0,307.0,312.15,26355
PLASTIBLEN,2017-07-10,311.05,329.8,268.45,316.9,13254
PLASTIBLEN,2017-07-11,320.0,323.9,304.7,307.35,17685
PLASTIBLEN,2017-07-12,309.95,314.0,302.0,305.95,19295
PLASTIBLEN,2017-07-13,313.0,314.9,302.7,305.4,26776
PLASTIBLEN,2017-07-14,302.25,308.0,294.7,300.4,16950
PLASTIBLEN,2017-07-17,300.15,306.9,295.05,296.5,11364
PLASTIBLEN,2017-07-18,300.0,304.95,296.05,300.05,9555
PLASTIBLEN,2017-07-19,298.0,310.0,298.0,302.55,13341
PLASTIBLEN,2017-07-20,300.4,302.5,296.0,296.85,17294
PLASTIBLEN,2017-07-21,299.9,301.4,288.2,292.6,11866
PLASTIBLEN,2017-07-24,292.05,292.75,285.0,287.3,6756
PLASTIBLEN,2017-07-25,288.95,289.0,281.0,284.55,5186
PLASTIBLEN,2017-07-26,284.55,288.0,282.0,283.65,4266
PLASTIBLEN,2017-07-27,284.0,287.0,273.0,275.5,19459
PLASTIBLEN,2017-07-28,277.9,279.75,270.05,273.05,12320
PLASTIBLEN,2017-07-31,276.1,276.1,267.0,270.4,13025
PLASTIBLEN,2017-08-01,270.05,273.9,263.1,265.7,6857
PLASTIBLEN,2017-08-02,265.1,270.0,260.0,261.5,13437
PLASTIBLEN,2017-08-03,265.0,265.1,257.3,263.1,12096
PLASTIBLEN,2017-08-04,268.1,269.0,260.1,265.55,5889
PLASTIBLEN,2017-08-07,265.4,268.0,260.55,263.15,5882
PLASTIBLEN,2017-08-08,268.0,268.0,258.0,259.0,8057
PLASTIBLEN,2017-08-09,258.3,264.6,255.0,259.8,8513
PLASTIBLEN,2017-08-10,262.0,264.5,251.0,252.15,12264
PLASTIBLEN,2017-08-11,251.0,258.0,238.0,253.65,11625
PLASTIBLEN,2017-08-14,255.0,257.05,251.2,252.4,10119
PLASTIBLEN,2017-08-16,252.4,257.95,250.05,254.3,7100
PLASTIBLEN,2017-08-17,255.2,267.7,253.0,261.1,11593
PLASTIBLEN,2017-08-18,256.0,268.0,252.05,261.0,7192
PLASTIBLEN,2017-08-21,259.05,262.0,255.05,256.8,3231
PLASTIBLEN,2017-08-22,259.0,264.0,250.1,260.8,19166
PLASTIBLEN,2017-08-23,260.0,260.45,255.5,256.4,2756
PLASTIBLEN,2017-08-24,255.0,260.0,251.7,258.25,8603
PLASTIBLEN,2017-08-28,264.0,266.5,256.0,262.55,8918
PLASTIBLEN,2017-08-29,253.4,269.0,253.4,257.55,6134
PLASTIBLEN,2017-08-30,257.15,297.0,255.35,277.35,76363
PLASTIBLEN,2017-08-31,279.95,284.6,271.35,277.05,12473
PLASTIBLEN,2017-09-01,283.0,284.0,270.35,272.95,10983
PLASTIBLEN,2017-09-04,275.0,275.0,265.0,266.7,13661
PLASTIBLEN,2017-09-05,265.3,276.0,265.1,270.3,5159
PLASTIBLEN,2017-09-06,271.0,273.6,262.55,266.7,13808
PLASTIBLEN,2017-09-07,270.0,275.1,262.55,266.3,10344
PLASTIBLEN,2017-09-08,261.5,263.4,249.1,254.0,68844
PLASTIBLEN,2017-09-11,256.0,271.4,249.0,260.3,39162
PLASTIBLEN,2017-09-12,264.9,269.15,254.0,255.5,17618
PLASTIBLEN,2017-09-13,258.5,263.5,254.2,257.0,10036
PLASTIBLEN,2017-09-14,256.8,262.9,255.35,257.15,17005
PLASTIBLEN,2017-09-15,255.0,260.0,255.0,257.3,14691
PLASTIBLEN,2017-09-18,259.45,259.45,243.5,244.9,66564
PLASTIBLEN,2017-09-19,246.0,248.7,228.85,233.4,113355
PLASTIBLEN,2017-09-20,233.1,248.8,233.1,243.2,40835
PLASTIBLEN,2017-09-21,245.7,251.8,244.0,246.1,12367
PLASTIBLEN,2017-09-22,244.5,244.95,235.0,236.7,17497
PLASTIBLEN,2017-09-25,240.0,240.0,222.8,235.8,21009
PLASTIBLEN,2017-09-26,233.3,245.0,233.0,236.05,12593
PLASTIBLEN,2017-09-27,234.0,238.6,229.5,232.6,11828
PLASTIBLEN,2017-09-28,235.0,235.05,228.3,229.2,8657
PLASTIBLEN,2017-09-29,228.7,232.25,223.1,228.1,12886
PLASTIBLEN,2017-10-03,230.0,234.2,227.0,230.0,16516
PLASTIBLEN,2017-10-04,228.2,232.0,226.35,231.0,7242
PLASTIBLEN,2017-10-05,230.3,231.4,224.5,227.45,33097
PLASTIBLEN,2017-10-06,230.0,230.5,227.5,229.1,8889
PLASTIBLEN,2017-10-09,229.0,229.9,227.0,227.95,7378
PLASTIBLEN,2017-10-10,232.85,235.0,228.0,230.4,28208
PLASTIBLEN,2017-10-11,235.0,236.0,225.2,227.55,29470
PLASTIBLEN,2017-10-12,229.05,231.7,229.0,229.95,8413
PLASTIBLEN,2017-10-13,229.1,232.0,227.1,228.35,11905
PLASTIBLEN,2017-10-16,230.0,230.0,222.95,228.9,16355
PLASTIBLEN,2017-10-17,228.65,229.25,227.8,228.95,5578
PLASTIBLEN,2017-10-18,229.9,229.95,226.05,229.4,4770
PLASTIBLEN,2017-10-19,230.0,231.0,222.05,227.95,5892
PLASTIBLEN,2017-10-23,227.95,229.0,225.1,226.85,5809
PLASTIBLEN,2017-10-24,228.0,229.45,224.55,226.35,19047
PLASTIBLEN,2017-10-25,227.25,229.0,222.5,224.8,7413
PLASTIBLEN,2017-10-26,225.0,231.95,224.5,225.35,15749
PLASTIBLEN,2017-10-27,228.2,228.2,222.9,225.35,12258
PLASTIBLEN,2017-10-30,227.95,228.25,224.0,224.55,22105
PLASTIBLEN,2017-10-31,225.0,253.35,225.0,243.7,88262
PLASTIBLEN,2017-11-01,243.7,258.4,241.15,242.8,57468
PLASTIBLEN,2017-11-02,244.6,250.5,238.0,245.7,36890
PLASTIBLEN,2017-11-03,247.0,248.2,241.0,242.9,9259
PLASTIBLEN,2017-11-06,242.5,247.0,240.0,243.05,9553
PLASTIBLEN,2017-11-07,243.05,244.95,235.0,236.75,19446
PLASTIBLEN,2017-11-08,239.25,239.25,236.05,237.85,4831
PLASTIBLEN,2017-11-09,239.5,244.9,230.0,232.0,12092
PLASTIBLEN,2017-11-10,231.05,237.8,225.0,235.35,15554
PLASTIBLEN,2017-11-13,234.25,238.7,230.0,231.05,5897
PLASTIBLEN,2017-11-14,230.0,233.8,228.3,230.25,6293
PLASTIBLEN,2017-11-15,229.0,231.25,225.1,228.1,4875
PLASTIBLEN,2017-11-16,228.0,230.0,224.0,225.65,11420
PLASTIBLEN,2017-11-17,233.0,241.95,226.5,235.7,17549
PLASTIBLEN,2017-11-20,235.7,237.0,233.0,233.95,8986
PLASTIBLEN,2017-11-21,232.0,239.2,232.0,236.9,11445
PLASTIBLEN,2017-11-22,239.5,239.9,230.0,236.75,6224
PLASTIBLEN,2017-11-23,234.05,243.65,232.1,235.85,10000
PLASTIBLEN,2017-11-24,236.1,243.7,235.0,238.2,13506
PLASTIBLEN,2017-11-27,237.85,257.9,237.85,253.55,105875
PLASTIBLEN,2017-11-28,251.0,255.0,242.6,245.85,22751
PLASTIBLEN,2017-11-29,246.3,246.3,240.6,242.55,8456
PLASTIBLEN,2017-11-30,244.0,252.5,237.05,248.25,35586
PLASTIBLEN,2017-12-01,250.0,256.0,249.3,250.4,22702
PLASTIBLEN,2017-12-04,250.45,252.95,243.0,246.75,29396
PLASTIBLEN,2017-12-05,248.0,252.5,237.9,240.4,22165
PLASTIBLEN,2017-12-06,229.25,229.25,219.5,221.85,116431
PLASTIBLEN,2017-12-07,223.9,229.0,222.15,227.65,20291
PLASTIBLEN,2017-12-08,228.05,237.0,226.3,227.7,24245
PLASTIBLEN,2017-12-11,228.05,234.95,222.0,227.1,11086
PLASTIBLEN,2017-12-12,225.4,228.85,222.4,223.15,15654
PLASTIBLEN,2017-12-13,223.85,227.5,221.6,224.4,12676
PLASTIBLEN,2017-12-14,225.5,227.0,219.0,220.65,19632
PLASTIBLEN,2017-12-15,220.85,225.0,220.05,223.35,26304
PLASTIBLEN,2017-12-18,220.9,231.25,220.0,230.2,11194
PLASTIBLEN,2017-12-19,230.0,241.25,222.45,238.1,34729
PLASTIBLEN,2017-12-20,240.25,250.0,237.0,245.9,44000
PLASTIBLEN,2017-12-21,248.7,253.5,245.0,245.55,39714
PLASTIBLEN,2017-12-22,243.1,249.95,243.0,244.85,27194
PLASTIBLEN,2017-12-26,245.1,249.05,242.25,243.9,13217
PLASTIBLEN,2017-12-27,242.25,253.0,242.15,245.1,20497
PLASTIBLEN,2017-12-28,247.55,251.0,241.55,242.6,13366
PLASTIBLEN,2017-12-29,243.05,245.9,242.05,242.45,14652
PLASTIBLEN,2018-01-01,245.45,245.45,237.1,239.45,9545
PLASTIBLEN,2018-01-02,240.0,241.9,234.0,237.55,6127
PLASTIBLEN,2018-01-03,236.0,239.9,233.95,234.6,10856
PLASTIBLEN,2018-01-04,233.4,241.0,233.4,239.85,17721
PLASTIBLEN,2018-01-05,241.0,245.0,241.0,242.15,10899
PLASTIBLEN,2018-01-08,247.9,271.0,243.0,260.2,147375
PLASTIBLEN,2018-01-09,269.9,278.95,259.0,274.0,132188
PLASTIBLEN,2018-01-10,277.6,277.6,261.85,264.85,47566
PLASTIBLEN,2018-01-11,265.0,267.0,257.0,259.0,31107
PLASTIBLEN,2018-01-12,259.0,264.9,257.3,261.45,17018
PLASTIBLEN,2018-01-15,264.7,265.0,256.0,258.0,15474
PLASTIBLEN,2018-01-16,259.0,259.0,242.55,243.5,19668
PLASTIBLEN,2018-01-17,244.0,258.0,243.55,250.3,84589
PLASTIBLEN,2018-01-18,255.0,255.0,241.0,242.95,38062
PLASTIBLEN,2018-01-19,240.5,245.5,237.3,239.55,20801
PLASTIBLEN,2018-01-22,245.0,245.0,236.05,241.15,14431
PLASTIBLEN,2018-01-23,239.75,244.7,238.1,238.9,15885
PLASTIBLEN,2018-01-24,243.8,253.0,239.0,250.2,28422
PLASTIBLEN,2018-01-25,249.95,252.0,240.45,241.6,12029
PLASTIBLEN,2018-01-29,242.05,248.95,238.15,239.2,20870
PLASTIBLEN,2018-01-30,240.0,240.0,232.2,233.5,9917
PLASTIBLEN,2018-01-31,229.0,242.9,207.25,210.65,121878
PLASTIBLEN,2018-02-01,214.5,220.9,210.0,212.35,44033
PLASTIBLEN,2018-02-02,209.9,214.0,188.4,190.4,106937
PLASTIBLEN,2018-02-05,178.15,210.0,178.15,197.9,53765
PLASTIBLEN,2018-02-06,190.0,198.0,185.0,193.9,56185
PLASTIBLEN,2018-02-07,198.65,204.95,195.0,203.7,35870
PLASTIBLEN,2018-02-08,203.5,209.35,199.65,202.1,20924
PLASTIBLEN,2018-02-09,201.9,204.05,195.1,200.65,10465
PLASTIBLEN,2018-02-12,201.0,214.0,201.0,209.75,25056
PLASTIBLEN,2018-02-14,214.0,214.0,208.35,210.55,14991
PLASTIBLEN,2018-02-15,213.0,213.8,205.1,206.8,13634
PLASTIBLEN,2018-02-16,206.4,208.0,202.05,203.45,5812
PLASTIBLEN,2018-02-19,202.25,204.65,198.0,199.55,10678
PLASTIBLEN,2018-02-20,197.0,201.0,194.55,199.3,10218
PLASTIBLEN,2018-02-21,198.0,200.35,195.0,198.55,8097
PLASTIBLEN,2018-02-22,197.0,199.8,192.5,197.0,18641
PLASTIBLEN,2018-02-23,196.5,199.9,185.4,191.4,76177
PLASTIBLEN,2018-02-26,192.9,202.0,192.2,200.1,13803
PLASTIBLEN,2018-02-27,204.0,204.0,194.5,196.35,7512
PLASTIBLEN,2018-02-28,195.0,208.0,194.0,204.2,25126
PLASTIBLEN,2018-03-01,206.7,207.9,200.35,202.6,4670
PLASTIBLEN,2018-03-05,207.5,207.5,195.55,199.7,8389
PLASTIBLEN,2018-03-06,203.0,207.0,201.0,205.05,16758
PLASTIBLEN,2018-03-07,205.0,205.05,195.25,195.9,14747
PLASTIBLEN,2018-03-08,199.0,201.5,195.0,197.2,21204
PLASTIBLEN,2018-03-09,198.0,199.8,196.0,197.4,4143
PLASTIBLEN,2018-03-12,197.5,198.85,195.3,197.45,7145
PLASTIBLEN,2018-03-13,197.95,204.85,197.95,203.8,12608
PLASTIBLEN,2018-03-14,204.0,204.5,195.95,199.6,14099
PLASTIBLEN,2018-03-15,202.1,205.0,199.3,204.7,25892
PLASTIBLEN,2018-03-16,204.0,207.95,199.1,204.6,26539
PLASTIBLEN,2018-03-19,209.6,209.6,197.45,201.45,34439
PLASTIBLEN,2018-03-20,204.0,207.6,197.8,202.75,31200
PLASTIBLEN,2018-03-21,203.95,204.5,200.2,200.6,5745
PLASTIBLEN,2018-03-22,205.0,205.0,198.5,199.1,25748
PLASTIBLEN,2018-03-23,199.45,199.45,191.35,195.5,20693
PLASTIBLEN,2018-03-26,197.5,202.75,192.0,195.7,21447
PLASTIBLEN,2018-03-27,196.0,210.0,193.7,203.55,27543
PLASTIBLEN,2018-03-28,201.2,205.25,198.55,202.65,9379
PLASTIBLEN,2018-04-02,204.5,208.95,202.65,207.55,3052
PLASTIBLEN,2018-04-03,210.05,215.0,205.55,210.25,5312
PLASTIBLEN,2018-04-04,217.85,217.85,204.35,206.35,6482
PLASTIBLEN,2018-04-05,206.1,212.0,205.0,209.7,6147
PLASTIBLEN,2018-04-06,209.5,211.45,205.0,207.85,15032
PLASTIBLEN,2018-04-09,207.0,210.0,207.0,208.7,8251
PLASTIBLEN,2018-04-10,207.3,210.9,207.3,210.0,3975
PLASTIBLEN,2018-04-11,209.05,212.4,209.05,209.85,3557
PLASTIBLEN,2018-04-12,210.0,212.9,209.2,210.95,3739
PLASTIBLEN,2018-04-13,212.6,213.45,210.0,210.0,4605
PLASTIBLEN,2018-04-16,208.05,214.85,207.1,208.9,4345
PLASTIBLEN,2018-04-17,211.9,212.0,205.0,210.15,6667
PLASTIBLEN,2018-04-18,210.15,210.15,204.9,206.75,4762
PLASTIBLEN,2018-04-19,207.0,209.2,205.45,206.8,7802
PLASTIBLEN,2018-04-20,209.85,217.9,206.8,209.7,25889
PLASTIBLEN,2018-04-23,212.95,212.95,206.5,207.65,6152
PLASTIBLEN,2018-04-24,209.2,211.25,205.05,207.0,3637
PLASTIBLEN,2018-04-25,212.0,212.0,204.0,205.5,5547
PLASTIBLEN,2018-04-26,205.0,210.85,204.1,208.25,19052
PLASTIBLEN,2018-04-27,209.0,209.0,206.0,206.1,7858
PLASTIBLEN,2018-04-30,208.95,209.0,207.25,208.9,5157
PLASTIBLEN,2018-05-02,208.9,208.9,196.0,199.05,38328
PLASTIBLEN,2018-05-03,198.5,201.85,197.0,199.05,27665
PLASTIBLEN,2018-05-04,198.0,199.85,197.0,197.95,1732
PLASTIBLEN,2018-05-07,197.0,198.5,195.5,197.15,6012
PLASTIBLEN,2018-05-08,198.95,199.0,196.5,197.85,4268
PLASTIBLEN,2018-05-09,195.0,198.55,195.0,197.95,6219
PLASTIBLEN,2018-05-10,198.0,198.55,196.5,197.85,5316
PLASTIBLEN,2018-05-11,196.7,200.0,195.0,198.05,2967
PLASTIBLEN,2018-05-14,200.1,200.1,193.0,194.45,2161
PLASTIBLEN,2018-05-15,199.95,200.9,192.1,193.1,64404
PLASTIBLEN,2018-05-16,194.0,195.0,190.05,191.55,3568
PLASTIBLEN,2018-05-17,194.95,195.0,185.35,192.95,4150
PLASTIBLEN,2018-05-18,193.0,194.85,188.0,192.7,5847
PLASTIBLEN,2018-05-21,197.6,197.65,170.0,182.45,34269
PLASTIBLEN,2018-05-22,182.0,188.0,181.1,183.6,16110
PLASTIBLEN,2018-05-23,185.95,185.95,178.3,181.0,6215
PLASTIBLEN,2018-05-24,182.0,182.0,171.55,177.3,8510
PLASTIBLEN,2018-05-25,188.55,212.75,188.55,210.95,367330
PLASTIBLEN,2018-05-28,211.95,212.75,205.0,210.2,63270
PLASTIBLEN,2018-05-29,212.0,223.05,208.0,215.6,48076
PLASTIBLEN,2018-05-30,214.0,218.5,209.0,216.75,8075
PLASTIBLEN,2018-05-31,215.25,215.25,211.0,213.4,7359
PLASTIBLEN,2018-06-01,212.05,216.4,212.0,214.4,8026
PLASTIBLEN,2018-06-04,216.1,217.1,205.3,206.8,12207
PLASTIBLEN,2018-06-05,205.0,216.7,200.0,207.7,16240
PLASTIBLEN,2018-06-06,205.0,209.9,203.0,204.5,12274
PLASTIBLEN,2018-06-07,205.1,216.0,205.1,211.2,4787
PLASTIBLEN,2018-06-08,210.0,215.4,208.05,213.35,7698
PLASTIBLEN,2018-06-11,211.0,220.0,210.1,213.6,4891
PLASTIBLEN,2018-06-12,214.0,214.75,211.5,211.55,1903
PLASTIBLEN,2018-06-13,210.0,214.1,210.0,212.55,5969
PLASTIBLEN,2018-06-14,216.0,216.0,210.0,212.0,6376
PLASTIBLEN,2018-06-15,212.0,212.0,210.0,210.75,1700
PLASTIBLEN,2018-06-18,208.0,213.05,208.0,210.35,2729
PLASTIBLEN,2018-06-19,207.25,212.6,207.25,210.5,3348
PLASTIBLEN,2018-06-20,208.0,214.7,208.0,210.95,7016
PLASTIBLEN,2018-06-21,214.25,214.25,210.0,210.05,2810
PLASTIBLEN,2018-06-22,210.0,215.9,210.0,212.65,3771
PLASTIBLEN,2018-06-25,209.35,214.75,209.35,210.25,8085
PLASTIBLEN,2018-06-26,210.25,211.0,208.0,210.0,19619
PLASTIBLEN,2018-06-27,209.0,210.95,207.5,208.35,17487
PLASTIBLEN,2018-06-28,207.25,211.85,207.25,209.3,5241
PLASTIBLEN,2018-06-29,210.2,211.95,209.0,210.85,6065
PLASTIBLEN,2018-07-02,210.0,214.9,209.0,210.0,7203
PLASTIBLEN,2018-07-03,209.0,211.0,209.0,209.25,2434
PLASTIBLEN,2018-07-04,207.25,209.95,207.25,208.85,4959
PLASTIBLEN,2018-07-05,207.35,210.95,207.35,209.05,2054
PLASTIBLEN,2018-07-06,209.0,210.95,208.5,209.5,4332
PLASTIBLEN,2018-07-09,209.05,212.0,207.95,208.7,20447
PLASTIBLEN,2018-07-10,208.7,219.0,208.7,212.25,17226
PLASTIBLEN,2018-07-11,209.25,217.95,209.25,210.5,3535
PLASTIBLEN,2018-07-12,210.5,215.0,209.0,210.05,8670
PLASTIBLEN,2018-07-13,210.05,219.95,210.05,218.85,28823
PLASTIBLEN,2018-07-16,218.85,221.0,210.05,218.7,82356
PLASTIBLEN,2018-07-17,214.35,226.4,214.35,225.15,22466
PLASTIBLEN,2018-07-18,226.45,239.0,225.2,235.5,33353
PLASTIBLEN,2018-07-19,238.95,239.55,225.25,228.0,22804
PLASTIBLEN,2018-07-20,226.25,230.0,220.4,222.05,3255
PLASTIBLEN,2018-07-23,222.0,223.0,221.0,221.2,4922
PLASTIBLEN,2018-07-24,221.5,234.0,221.5,230.65,7823
PLASTIBLEN,2018-07-25,235.2,235.2,228.0,233.35,13742
PLASTIBLEN,2018-07-26,233.0,252.0,232.0,248.2,35858
PLASTIBLEN,2018-07-27,245.0,257.0,240.0,245.5,16471
PLASTIBLEN,2018-07-30,243.0,248.0,243.0,244.05,13902
PLASTIBLEN,2018-07-31,245.05,246.55,242.5,244.0,8388
PLASTIBLEN,2018-08-01,241.6,246.95,235.5,243.9,20030
PLASTIBLEN,2018-08-02,244.0,245.0,240.0,243.45,9655
PLASTIBLEN,2018-08-03,245.95,246.0,235.3,239.15,6590
PLASTIBLEN,2018-08-06,239.15,244.0,237.0,239.4,9002
PLASTIBLEN,2018-08-07,237.0,253.0,234.95,245.45,17468
PLASTIBLEN,2018-08-08,249.6,249.6,240.1,241.25,8446
PLASTIBLEN,2018-08-09,241.25,262.0,240.35,257.15,45519
PLASTIBLEN,2018-08-10,261.95,264.0,246.2,254.45,52090
PLASTIBLEN,2018-08-13,248.5,253.8,246.0,250.15,32235
PLASTIBLEN,2018-08-14,248.0,249.6,245.4,246.9,6590
PLASTIBLEN,2018-08-16,247.0,255.4,247.0,254.45,15332
PLASTIBLEN,2018-08-17,255.0,257.55,251.0,252.2,6275
PLASTIBLEN,2018-08-20,252.2,255.8,250.0,250.95,7429
PLASTIBLEN,2018-08-21,250.0,253.0,250.0,251.55,6980
PLASTIBLEN,2018-08-23,249.6,252.0,242.35,251.35,11213
PLASTIBLEN,2018-08-24,251.35,254.0,250.0,251.45,8151
PLASTIBLEN,2018-08-27,251.05,255.95,250.05,250.5,6824
PLASTIBLEN,2018-08-28,250.1,257.9,250.1,252.1,13190
PLASTIBLEN,2018-08-29,252.25,257.0,251.0,251.7,13368
PLASTIBLEN,2018-08-30,252.0,259.95,252.0,253.85,7212
PLASTIBLEN,2018-08-31,253.0,257.0,253.0,256.3,4843
PLASTIBLEN,2018-09-03,260.0,260.0,252.0,253.15,5138
PLASTIBLEN,2018-09-04,251.55,256.9,250.0,250.3,14993
PLASTIBLEN,2018-09-05,250.1,253.9,248.0,248.65,13467
PLASTIBLEN,2018-09-06,248.65,252.65,248.65,249.35,4943
PLASTIBLEN,2018-09-07,249.5,256.3,247.5,253.0,16401
PLASTIBLEN,2018-09-10,251.35,253.0,250.0,250.5,2852
PLASTIBLEN,2018-09-11,250.5,253.15,250.0,250.1,2391
PLASTIBLEN,2018-09-12,248.05,250.1,248.0,248.0,27067
PLASTIBLEN,2018-09-14,248.0,248.0,238.1,245.0,9115
PLASTIBLEN,2018-09-17,245.0,249.85,242.0,244.95,7711
PLASTIBLEN,2018-09-18,243.25,248.95,242.0,243.05,16790
PLASTIBLEN,2018-09-19,240.65,246.0,240.65,242.05,4683
PLASTIBLEN,2018-09-21,241.0,244.0,238.0,239.95,20900
PLASTIBLEN,2018-09-24,237.5,237.5,226.0,227.95,18690
PLASTIBLEN,2018-09-25,225.1,243.15,223.05,228.1,9919
PLASTIBLEN,2018-09-26,227.0,232.45,222.2,226.05,6043
PLASTIBLEN,2018-09-27,225.55,235.0,225.55,230.6,9452
PLASTIBLEN,2018-09-28,226.0,228.3,216.0,217.95,17522
PLASTIBLEN,2018-10-01,217.0,222.0,212.0,214.35,5055
PLASTIBLEN,2018-10-03,214.0,221.0,211.65,217.4,1739
PLASTIBLEN,2018-10-04,220.0,221.8,215.0,218.25,7539
PLASTIBLEN,2018-10-05,215.55,223.9,215.0,220.2,2796
PLASTIBLEN,2018-10-08,218.55,219.7,212.0,213.3,9100
PLASTIBLEN,2018-10-09,215.55,219.85,200.4,206.5,3802
PLASTIBLEN,2018-10-10,202.0,223.3,202.0,215.45,1401
PLASTIBLEN,2018-10-11,210.0,222.85,205.0,207.75,2541
PLASTIBLEN,2018-10-12,207.75,218.9,207.75,216.65,4253
PLASTIBLEN,2018-10-15,220.0,220.0,210.2,214.9,6725
PLASTIBLEN,2018-10-16,218.85,218.85,213.15,217.0,1747
PLASTIBLEN,2018-10-17,231.0,231.0,213.5,215.1,1319
PLASTIBLEN,2018-10-19,216.0,216.0,207.65,212.05,2206
PLASTIBLEN,2018-10-22,215.95,218.9,211.0,212.75,1715
PLASTIBLEN,2018-10-23,206.05,214.0,200.5,203.6,3550
PLASTIBLEN,2018-10-24,204.0,216.0,204.0,210.5,3124
PLASTIBLEN,2018-10-25,205.25,220.0,203.25,215.65,2248
PLASTIBLEN,2018-10-26,215.0,220.0,211.05,217.4,7142
PLASTIBLEN,2018-10-29,219.0,224.95,214.0,221.4,2129
PLASTIBLEN,2018-10-30,215.0,215.0,203.2,204.8,13264
PLASTIBLEN,2018-10-31,207.0,212.0,206.0,207.8,3080
PLASTIBLEN,2018-11-01,207.8,211.0,203.9,209.4,7049
PLASTIBLEN,2018-11-02,213.55,216.6,206.05,215.2,3676
PLASTIBLEN,2018-11-05,212.7,218.75,210.1,211.25,4888
PLASTIBLEN,2018-11-06,213.8,218.95,211.65,214.0,3024
PLASTIBLEN,2018-11-07,214.95,215.0,210.0,213.1,8929
PLASTIBLEN,2018-11-09,212.05,217.5,211.25,213.8,3066
PLASTIBLEN,2018-11-12,216.25,219.7,212.15,214.6,1438
PLASTIBLEN,2018-11-13,212.95,213.95,209.2,211.75,4117
PLASTIBLEN,2018-11-14,212.5,217.45,211.05,215.0,6340
PLASTIBLEN,2018-11-15,214.95,218.9,212.55,216.05,7852
PLASTIBLEN,2018-11-16,215.05,217.0,215.0,217.0,4390
PLASTIBLEN,2018-11-19,219.5,221.25,208.25,210.8,2373
PLASTIBLEN,2018-11-20,213.25,214.95,205.15,206.8,1674
PLASTIBLEN,2018-11-21,209.25,209.95,205.55,208.05,3171
PLASTIBLEN,2018-11-22,210.0,212.0,207.05,210.1,1764
PLASTIBLEN,2018-11-26,208.6,214.0,208.6,209.95,3062
PLASTIBLEN,2018-11-27,212.5,213.0,209.1,212.25,768
PLASTIBLEN,2018-11-28,210.05,214.0,209.05,213.0,1257
PLASTIBLEN,2018-11-29,212.05,216.9,206.1,207.2,1245
PLASTIBLEN,2018-11-30,205.05,210.55,205.0,207.9,4966
PLASTIBLEN,2018-12-03,209.0,213.0,201.1,210.0,4845
PLASTIBLEN,2018-12-04,209.6,212.0,202.0,203.85,3645
PLASTIBLEN,2018-12-05,204.3,204.3,192.8,195.15,9662
PLASTIBLEN,2018-12-06,193.2,193.2,178.0,185.0,35231
PLASTIBLEN,2018-12-07,185.95,192.0,185.95,188.4,4091
PLASTIBLEN,2018-12-10,192.0,195.0,175.5,180.75,14018
PLASTIBLEN,2018-12-11,180.05,184.05,178.05,183.3,17657
PLASTIBLEN,2018-12-12,184.9,192.4,181.6,187.85,11545
PLASTIBLEN,2018-12-13,187.95,194.9,184.0,186.3,4529
PLASTIBLEN,2018-12-14,186.95,187.0,180.05,182.55,107159
PLASTIBLEN,2018-12-17,184.0,184.8,180.85,183.7,2624
PLASTIBLEN,2018-12-18,182.9,185.0,180.5,181.85,7164
PLASTIBLEN,2018-12-19,183.8,200.0,183.8,194.0,18447
PLASTIBLEN,2018-12-20,192.35,196.9,188.0,191.5,7649
PLASTIBLEN,2018-12-21,190.05,194.0,175.0,177.9,30525
PLASTIBLEN,2018-12-24,177.0,180.0,176.0,177.9,7609
PLASTIBLEN,2018-12-26,174.2,179.0,173.8,177.7,5872
PLASTIBLEN,2018-12-27,178.95,181.0,175.0,175.75,7901
PLASTIBLEN,2018-12-28,175.1,182.9,175.1,181.7,10294
PLASTIBLEN,2018-12-31,184.0,184.0,178.55,180.2,2793
PLASTIBLEN,2019-01-01,179.05,184.2,177.0,179.85,3212
PLASTIBLEN,2019-01-02,179.0,181.0,176.3,177.25,2445
PLASTIBLEN,2019-01-03,181.95,181.95,175.6,177.7,2881
PLASTIBLEN,2019-01-04,178.0,180.25,176.0,178.4,820
PLASTIBLEN,2019-01-07,178.9,180.0,177.0,179.15,725
PLASTIBLEN,2019-01-08,179.15,180.5,178.5,179.15,799
PLASTIBLEN,2019-01-09,180.5,183.4,174.05,176.65,2106
PLASTIBLEN,2019-01-10,177.05,179.0,176.5,177.9,864
PLASTIBLEN,2019-01-11,178.5,181.0,177.0,180.2,1375
PLASTIBLEN,2019-01-14,180.0,184.4,177.0,180.5,970
PLASTIBLEN,2019-01-15,182.45,182.5,179.0,179.45,2981
PLASTIBLEN,2019-01-16,181.05,182.5,180.5,182.1,393
PLASTIBLEN,2019-01-17,180.7,182.0,180.55,180.55,523
PLASTIBLEN,2019-01-18,179.15,188.5,177.1,178.7,3862
PLASTIBLEN,2019-01-21,180.0,181.5,178.55,180.25,1281
PLASTIBLEN,2019-01-22,178.75,179.45,177.55,178.55,446
PLASTIBLEN,2019-01-23,179.05,181.0,179.0,180.3,565
PLASTIBLEN,2019-01-24,179.05,179.4,175.0,179.0,3554
PLASTIBLEN,2019-01-25,179.05,179.05,174.0,175.2,3247
PLASTIBLEN,2019-01-28,175.05,175.05,170.0,170.5,2439
PLASTIBLEN,2019-01-29,170.05,174.2,165.35,170.65,3694
PLASTIBLEN,2019-01-30,171.35,183.4,168.0,178.95,4786
PLASTIBLEN,2019-01-31,178.8,180.0,175.55,176.35,1237
PLASTIBLEN,2019-02-01,177.0,178.0,175.1,176.7,488
PLASTIBLEN,2019-02-04,176.0,176.25,170.05,173.95,2177
PLASTIBLEN,2019-02-05,171.75,173.95,169.05,170.2,2232
PLASTIBLEN,2019-02-06,169.65,169.65,167.3,169.0,2759
PLASTIBLEN,2019-02-07,170.05,172.45,170.0,171.5,3326
PLASTIBLEN,2019-02-08,171.0,174.0,171.0,172.2,4503
PLASTIBLEN,2019-02-11,171.65,174.5,171.5,173.2,546
PLASTIBLEN,2019-02-12,171.55,172.95,170.0,171.65,2331
PLASTIBLEN,2019-02-14,170.15,174.0,167.8,172.2,1896
PLASTIBLEN,2019-02-15,174.95,179.9,168.05,169.65,2194
PLASTIBLEN,2019-02-18,170.0,170.9,162.05,163.0,4552
PLASTIBLEN,2019-02-19,164.95,166.0,163.25,163.55,6296
PLASTIBLEN,2019-02-20,165.55,167.5,163.0,163.25,2209
PLASTIBLEN,2019-02-21,163.95,168.0,163.95,167.6,1184
PLASTIBLEN,2019-02-22,165.05,172.0,165.0,169.95,2596
PLASTIBLEN,2019-02-25,169.85,171.1,168.0,171.1,520
PLASTIBLEN,2019-02-26,169.0,174.45,164.1,168.0,1991
PLASTIBLEN,2019-02-27,171.4,179.5,170.6,174.55,5972
PLASTIBLEN,2019-02-28,171.1,183.95,168.0,181.75,5910
PLASTIBLEN,2019-03-01,182.95,188.7,182.95,186.75,4361
PLASTIBLEN,2019-03-05,184.0,195.0,176.4,193.3,6984
PLASTIBLEN,2019-03-06,194.95,195.0,189.0,191.75,5417
PLASTIBLEN,2019-03-07,190.05,191.55,184.15,189.9,6184
PLASTIBLEN,2019-03-08,191.1,193.45,184.2,186.55,1138
PLASTIBLEN,2019-03-11,184.0,187.15,181.1,186.0,4042
PLASTIBLEN,2019-03-12,189.95,195.0,186.35,193.1,2955
PLASTIBLEN,2019-03-13,191.95,195.0,191.45,193.3,4719
PLASTIBLEN,2019-03-14,195.05,197.1,195.0,195.8,4570
PLASTIBLEN,2019-03-15,194.55,196.0,193.0,193.95,4488
PLASTIBLEN,2019-03-18,192.55,199.9,192.05,195.9,4751
PLASTIBLEN,2019-03-19,196.0,196.0,193.0,194.2,3673
PLASTIBLEN,2019-03-20,194.5,196.5,193.5,194.25,775
PLASTIBLEN,2019-03-22,193.05,195.0,191.0,193.95,9262
PLASTIBLEN,2019-03-25,186.4,191.0,185.2,189.05,9922
PLASTIBLEN,2019-03-26,189.05,194.95,187.5,192.1,2825
PLASTIBLEN,2019-03-27,195.05,197.0,195.0,195.5,1715
PLASTIBLEN,2019-03-28,197.1,201.5,193.05,199.95,1761
PLASTIBLEN,2019-04-01,198.0,198.95,193.0,194.7,6668
PLASTIBLEN,2019-04-02,193.2,196.0,192.95,193.0,8877
PLASTIBLEN,2019-04-03,195.95,199.45,192.95,196.85,13238
PLASTIBLEN,2019-04-04,192.95,196.0,192.85,194.8,1615
PLASTIBLEN,2019-04-05,192.0,194.0,192.0,193.0,624
PLASTIBLEN,2019-04-08,192.25,194.3,191.95,192.0,853
PLASTIBLEN,2019-04-09,192.15,193.0,192.0,192.3,869
PLASTIBLEN,2019-04-10,189.95,190.35,189.95,190.0,5472
PLASTIBLEN,2019-04-11,190.0,191.05,184.05,191.0,2236
PLASTIBLEN,2019-04-12,194.75,194.8,190.0,190.8,549
PLASTIBLEN,2019-04-15,193.0,194.55,192.0,192.05,1121
PLASTIBLEN,2019-04-16,192.25,195.7,192.0,192.05,4446
PLASTIBLEN,2019-04-18,192.1,193.95,191.95,192.0,3444
PLASTIBLEN,2019-04-22,190.05,192.0,187.0,189.0,6129
PLASTIBLEN,2019-04-23,186.95,196.0,186.95,192.7,2933
PLASTIBLEN,2019-04-24,194.05,202.4,193.25,194.25,6100
PLASTIBLEN,2019-04-25,194.1,195.85,191.25,192.95,1130
PLASTIBLEN,2019-04-26,193.05,194.0,192.0,192.55,6795
PLASTIBLEN,2019-04-30,194.05,196.55,191.95,193.75,3865
PLASTIBLEN,2019-05-02,193.75,199.5,190.9,194.8,824
PLASTIBLEN,2019-05-03,196.05,205.0,196.0,197.55,2394
PLASTIBLEN,2019-05-06,197.55,197.55,192.15,194.95,366
PLASTIBLEN,2019-05-07,196.95,198.8,192.0,193.05,1711
PLASTIBLEN,2019-05-08,192.05,198.6,189.95,196.65,4118
PLASTIBLEN,2019-05-09,195.05,195.05,191.1,192.0,2127
PLASTIBLEN,2019-05-10,191.1,192.05,179.45,181.5,4452
PLASTIBLEN,2019-05-13,180.95,181.05,178.3,178.9,2871
PLASTIBLEN,2019-05-14,175.1,179.75,173.05,176.75,2185
PLASTIBLEN,2019-05-15,180.05,180.1,172.05,174.95,4010
PLASTIBLEN,2019-05-16,175.05,175.05,170.3,171.55,3066
PLASTIBLEN,2019-05-17,170.5,174.85,170.3,174.1,1492
PLASTIBLEN,2019-05-20,176.05,190.5,176.0,190.0,13662
PLASTIBLEN,2019-05-21,192.0,192.0,180.1,184.0,3367
PLASTIBLEN,2019-05-22,184.05,185.0,181.0,183.1,6817
PLASTIBLEN,2019-05-23,180.15,186.6,177.1,185.1,3499
PLASTIBLEN,2019-05-24,185.05,189.9,180.0,185.8,7228
PLASTIBLEN,2019-05-27,190.95,192.9,188.0,188.15,5995
PLASTIBLEN,2019-05-28,188.25,190.75,188.25,190.0,6496
PLASTIBLEN,2019-05-29,190.0,194.4,188.5,190.0,581
PLASTIBLEN,2019-05-30,192.25,200.0,192.05,195.1,5799
PLASTIBLEN,2019-05-31,197.95,198.0,190.6,194.35,6100
PLASTIBLEN,2019-06-03,195.0,198.0,194.95,197.05,1542
PLASTIBLEN,2019-06-04,197.1,204.95,192.05,202.0,16844
PLASTIBLEN,2019-06-06,202.05,204.0,196.15,199.0,5231
PLASTIBLEN,2019-06-07,197.85,199.05,197.5,197.5,1134
PLASTIBLEN,2019-06-10,195.4,200.0,195.4,198.1,6019
PLASTIBLEN,2019-06-11,198.3,198.3,183.95,193.7,5090
PLASTIBLEN,2019-06-12,195.0,198.8,188.5,190.25,2974
PLASTIBLEN,2019-06-13,191.05,194.0,190.0,192.0,599
PLASTIBLEN,2019-06-14,188.15,191.6,188.1,190.05,1504
PLASTIBLEN,2019-06-17,189.0,189.0,184.45,185.0,3856
PLASTIBLEN,2019-06-18,184.0,187.9,183.0,186.9,3398
PLASTIBLEN,2019-06-19,187.45,189.05,181.1,182.95,1028
PLASTIBLEN,2019-06-20,182.05,186.8,177.1,185.45,5105
PLASTIBLEN,2019-06-21,186.85,186.85,181.4,185.0,1663
PLASTIBLEN,2019-06-24,189.5,189.5,185.0,185.0,1049
PLASTIBLEN,2019-06-25,180.0,189.0,180.0,188.05,648
PLASTIBLEN,2019-06-26,189.9,195.0,188.0,192.85,1078
PLASTIBLEN,2019-06-27,193.05,200.55,193.0,195.05,3557
PLASTIBLEN,2019-06-28,196.0,199.9,196.0,198.25,2086
PLASTIBLEN,2019-07-01,197.95,198.0,190.05,193.9,974
PLASTIBLEN,2019-07-02,191.95,199.0,185.1,188.5,6620
PLASTIBLEN,2019-07-03,187.95,189.45,184.8,188.2,1290
PLASTIBLEN,2019-07-04,188.0,190.5,188.0,190.0,3375
PLASTIBLEN,2019-07-05,189.95,190.5,188.05,188.1,867
PLASTIBLEN,2019-07-08,185.05,187.95,175.6,180.1,2281
PLASTIBLEN,2019-07-09,188.55,189.75,174.55,178.1,5148
PLASTIBLEN,2019-07-10,178.7,178.7,170.55,171.95,5149
PLASTIBLEN,2019-07-11,176.25,176.35,167.25,170.8,7101
PLASTIBLEN,2019-07-12,174.45,174.45,167.5,171.5,1848
PLASTIBLEN,2019-07-15,171.95,176.0,171.05,175.0,4723
PLASTIBLEN,2019-07-16,176.0,176.05,168.3,173.25,1587
PLASTIBLEN,2019-07-17,171.15,177.9,168.0,174.0,3555
PLASTIBLEN,2019-07-18,177.9,177.9,169.5,170.0,611
PLASTIBLEN,2019-07-19,170.0,171.85,168.5,168.9,755
PLASTIBLEN,2019-07-22,166.05,172.05,161.15,170.5,5955
PLASTIBLEN,2019-07-23,169.05,170.0,160.3,169.8,3135
PLASTIBLEN,2019-07-24,169.55,169.55,162.5,165.15,3531
PLASTIBLEN,2019-07-25,165.05,173.5,165.0,171.3,1034
PLASTIBLEN,2019-07-26,168.4,173.0,167.95,170.8,471
PLASTIBLEN,2019-07-29,179.95,179.95,172.35,175.5,3952
PLASTIBLEN,2019-07-30,175.05,179.75,165.3,169.8,4247
PLASTIBLEN,2019-07-31,169.95,171.0,166.0,168.0,4960
PLASTIBLEN,2019-08-01,168.95,169.95,161.1,169.0,2209
PLASTIBLEN,2019-08-02,165.65,174.4,165.0,172.45,2056
PLASTIBLEN,2019-08-05,172.05,184.0,167.0,179.35,2666
PLASTIBLEN,2019-08-06,179.05,181.95,177.0,181.2,853
PLASTIBLEN,2019-08-07,184.0,184.0,179.0,182.55,2600
PLASTIBLEN,2019-08-08,177.15,188.0,169.8,184.7,2316
PLASTIBLEN,2019-08-09,184.1,186.1,184.05,185.8,1903
PLASTIBLEN,2019-08-13,184.0,187.0,176.05,179.9,3068
PLASTIBLEN,2019-08-14,179.95,183.0,179.95,181.9,1378
PLASTIBLEN,2019-08-16,179.95,183.25,174.0,178.95,4728
PLASTIBLEN,2019-08-19,177.0,185.95,175.05,184.65,7838
PLASTIBLEN,2019-08-20,181.0,188.4,181.0,184.9,2141
PLASTIBLEN,2019-08-21,184.55,185.0,180.0,182.9,3065
PLASTIBLEN,2019-08-22,179.0,181.0,177.45,179.7,295
PLASTIBLEN,2019-08-23,175.0,181.2,172.8,175.5,7371
PLASTIBLEN,2019-08-26,179.0,186.9,179.0,186.2,2680
PLASTIBLEN,2019-08-27,185.5,189.4,185.5,188.15,3397
PLASTIBLEN,2019-08-28,191.0,191.0,183.2,186.25,3791
PLASTIBLEN,2019-08-29,183.0,184.95,180.55,184.0,1752
PLASTIBLEN,2019-08-30,183.95,184.0,174.05,178.05,3385
PLASTIBLEN,2019-09-03,175.3,183.35,175.25,179.0,829
PLASTIBLEN,2019-09-04,177.0,184.75,176.0,180.0,1187
PLASTIBLEN,2019-09-05,177.05,182.0,175.0,179.45,2987
PLASTIBLEN,2019-09-06,180.55,183.0,180.5,181.95,313
PLASTIBLEN,2019-09-09,182.5,184.0,182.5,182.5,470
PLASTIBLEN,2019-09-11,180.05,183.0,172.25,179.95,8250
PLASTIBLEN,2019-09-12,180.75,180.75,172.55,175.15,2206
PLASTIBLEN,2019-09-13,179.0,182.0,176.0,179.8,6469
PLASTIBLEN,2019-09-16,181.85,181.9,176.25,176.85,101
PLASTIBLEN,2019-09-17,176.1,178.0,174.6,175.25,788
PLASTIBLEN,2019-09-18,178.95,188.95,177.4,179.55,873294
PLASTIBLEN,2019-09-19,182.0,183.0,167.0,169.75,5936
PLASTIBLEN,2019-09-20,169.95,203.7,166.1,201.05,47544
PLASTIBLEN,2019-09-23,200.0,200.0,185.45,191.4,6956
PLASTIBLEN,2019-09-24,189.95,194.0,188.0,190.05,1450
PLASTIBLEN,2019-09-25,190.1,193.0,183.0,188.1,4341
PLASTIBLEN,2019-09-26,189.95,193.0,188.0,191.7,2405
PLASTIBLEN,2019-09-27,198.4,200.0,186.6,190.95,847439
PLASTIBLEN,2019-09-30,190.0,190.0,186.35,186.9,3593
PLASTIBLEN,2019-10-01,186.95,188.0,180.0,183.0,4991
PLASTIBLEN,2019-10-03,183.0,186.0,176.0,179.05,2402
PLASTIBLEN,2019-10-04,179.1,187.0,177.0,177.45,1358
PLASTIBLEN,2019-10-07,177.95,178.05,171.65,172.35,2341
PLASTIBLEN,2019-10-09,172.0,184.0,170.5,174.65,6005
PLASTIBLEN,2019-10-10,171.6,175.0,170.05,174.0,1197
PLASTIBLEN,2019-10-11,170.5,178.8,169.05,170.4,4425
PLASTIBLEN,2019-10-14,170.0,178.0,170.0,177.1,900
PLASTIBLEN,2019-10-15,178.0,181.45,177.15,179.5,692
PLASTIBLEN,2019-10-16,177.0,177.8,174.0,174.85,318
PLASTIBLEN,2019-10-17,175.0,175.05,169.25,171.05,2012
PLASTIBLEN,2019-10-18,174.8,178.9,172.45,174.65,1860
PLASTIBLEN,2019-10-22,178.05,180.0,175.0,177.8,1382
PLASTIBLEN,2019-10-23,175.5,178.95,173.0,176.75,950
PLASTIBLEN,2019-10-24,176.0,177.35,173.25,175.05,964
PLASTIBLEN,2019-10-25,175.05,175.05,168.15,171.75,1637
PLASTIBLEN,2019-10-27,186.0,186.0,173.65,174.6,567
PLASTIBLEN,2019-10-29,179.9,179.9,170.0,174.15,1338
PLASTIBLEN,2019-10-30,175.05,179.8,171.1,177.2,1589
PLASTIBLEN,2019-10-31,175.1,176.1,171.0,172.95,3043
PLASTIBLEN,2019-11-01,174.75,181.0,173.0,177.35,2387
PLASTIBLEN,2019-11-04,180.0,185.0,173.05,174.9,9862
PLASTIBLEN,2019-11-05,177.0,177.9,171.6,172.15,1050
PLASTIBLEN,2019-11-06,177.0,177.0,172.0,173.9,1195
PLASTIBLEN,2019-11-07,173.55,176.75,168.05,170.4,10102
PLASTIBLEN,2019-11-08,175.0,181.95,172.35,176.9,8094
PLASTIBLEN,2019-11-11,177.0,180.0,173.0,175.85,2691
PLASTIBLEN,2019-11-13,179.0,179.0,174.9,174.95,1920
PLASTIBLEN,2019-11-14,172.3,174.8,172.3,174.65,1060
PLASTIBLEN,2019-11-15,174.75,178.05,172.7,173.6,1654
PLASTIBLEN,2019-11-18,171.0,176.55,169.95,172.4,7672
PLASTIBLEN,2019-11-19,171.6,171.95,169.1,170.4,3003
PLASTIBLEN,2019-11-20,172.85,172.85,170.1,170.5,2710
PLASTIBLEN,2019-11-21,173.0,174.05,172.0,173.0,2180
PLASTIBLEN,2019-11-22,173.0,174.65,170.65,173.0,1686
PLASTIBLEN,2019-11-25,172.95,173.05,172.0,172.9,1998
PLASTIBLEN,2019-11-26,171.55,175.0,171.55,174.5,2362
PLASTIBLEN,2019-11-27,171.0,176.1,170.05,175.45,1071
PLASTIBLEN,2019-11-28,173.05,174.85,169.0,171.0,4542
PLASTIBLEN,2019-11-29,172.0,173.3,170.05,171.5,3026
PLASTIBLEN,2019-12-02,175.0,175.0,171.0,171.5,1994
PLASTIBLEN,2019-12-03,171.0,171.3,170.05,171.15,2371
PLASTIBLEN,2019-12-04,174.85,174.85,169.95,171.5,3935
PLASTIBLEN,2019-12-05,171.5,171.5,170.1,170.7,4581
PLASTIBLEN,2019-12-06,171.0,172.35,169.2,169.4,2533
PLASTIBLEN,2019-12-09,169.4,172.05,169.4,171.15,881
PLASTIBLEN,2019-12-10,171.5,172.6,171.5,171.5,1523
PLASTIBLEN,2019-12-11,171.55,182.4,171.5,180.95,7832
PLASTIBLEN,2019-12-12,178.0,179.9,178.0,178.5,911
PLASTIBLEN,2019-12-13,172.3,180.0,172.3,176.0,2855
PLASTIBLEN,2019-12-16,176.0,177.0,170.6,175.0,2097
PLASTIBLEN,2019-12-17,176.2,176.2,171.65,172.95,1586
PLASTIBLEN,2019-12-18,171.05,182.0,171.05,179.3,4630
PLASTIBLEN,2019-12-19,182.5,195.0,175.05,181.45,4313
PLASTIBLEN,2019-12-20,181.0,181.0,176.75,177.25,5359
PLASTIBLEN,2019-12-23,177.85,181.4,173.65,174.25,3709
PLASTIBLEN,2019-12-24,174.55,175.3,172.9,174.9,2946
PLASTIBLEN,2019-12-26,175.25,178.1,175.0,177.95,3131
PLASTIBLEN,2019-12-27,172.05,178.6,172.05,176.8,3008
PLASTIBLEN,2019-12-30,179.0,181.7,178.05,179.15,3077
PLASTIBLEN,2019-12-31,178.95,182.4,178.25,178.85,6177
PLASTIBLEN,2020-01-01,176.1,178.7,173.35,175.9,1577
PLASTIBLEN,2020-01-02,174.6,179.5,174.0,177.85,5368
PLASTIBLEN,2020-01-03,178.05,180.45,177.0,179.95,2156
PLASTIBLEN,2020-01-06,179.7,182.0,176.65,177.0,913
PLASTIBLEN,2020-01-07,174.55,182.45,174.35,180.35,1864
PLASTIBLEN,2020-01-08,180.0,180.05,176.3,177.6,971
PLASTIBLEN,2020-01-09,177.3,182.8,176.75,180.95,2994
PLASTIBLEN,2020-01-10,182.0,189.0,182.0,188.15,5482
PLASTIBLEN,2020-01-13,189.3,225.75,189.3,225.75,121813
PLASTIBLEN,2020-01-14,240.0,240.0,205.0,212.7,187929
PLASTIBLEN,2020-01-15,208.05,222.95,201.25,210.0,67994
PLASTIBLEN,2020-01-16,220.0,225.0,205.0,207.15,32947
PLASTIBLEN,2020-01-17,213.9,213.9,201.2,207.5,27113
PLASTIBLEN,2020-01-20,208.55,211.0,204.35,208.3,22521
PLASTIBLEN,2020-01-21,206.0,212.0,206.0,207.0,15993
PLASTIBLEN,2020-01-22,206.0,207.95,198.0,201.35,16366
PLASTIBLEN,2020-01-23,199.2,206.0,198.95,205.0,8368
PLASTIBLEN,2020-01-24,204.4,205.5,191.5,198.65,32188
PLASTIBLEN,2020-01-27,195.1,203.0,195.1,200.25,6172
PLASTIBLEN,2020-01-28,202.75,204.95,197.5,200.1,7570
PLASTIBLEN,2020-01-29,198.1,202.95,196.4,198.95,7168
PLASTIBLEN,2020-01-30,200.0,202.4,196.85,199.55,7875
PLASTIBLEN,2020-01-31,203.95,203.95,197.1,199.55,2567
PLASTIBLEN,2020-02-03,185.15,196.0,182.0,193.5,3488
PLASTIBLEN,2020-02-04,197.0,200.0,186.5,197.25,8300
PLASTIBLEN,2020-02-05,199.0,203.0,192.1,197.3,4363
PLASTIBLEN,2020-02-06,193.15,202.0,192.15,199.55,3117
PLASTIBLEN,2020-02-07,200.0,203.5,194.0,198.25,6437
PLASTIBLEN,2020-02-10,192.35,198.85,190.0,192.45,8927
PLASTIBLEN,2020-02-11,199.0,199.0,193.25,197.15,3866
PLASTIBLEN,2020-02-12,197.15,198.25,191.0,197.3,3356
PLASTIBLEN,2020-02-13,195.05,200.0,191.6,198.0,3785
PLASTIBLEN,2020-02-14,199.75,199.75,194.25,195.55,3865
PLASTIBLEN,2020-02-17,194.05,196.95,190.3,193.0,4165
PLASTIBLEN,2020-02-18,192.0,192.0,187.1,189.4,1387
PLASTIBLEN,2020-02-19,193.85,203.95,192.0,200.0,7325
PLASTIBLEN,2020-02-20,200.0,205.7,198.0,203.65,8820
PLASTIBLEN,2020-02-24,208.0,214.4,201.1,202.2,27488
PLASTIBLEN,2020-02-25,209.0,215.0,194.0,203.55,17992
PLASTIBLEN,2020-02-26,202.0,203.0,192.6,194.2,7232
PLASTIBLEN,2020-02-27,197.0,197.0,192.0,194.55,5271
PLASTIBLEN,2020-02-28,192.35,192.35,184.0,185.8,5416
PLASTIBLEN,2020-03-02,188.05,192.15,182.55,185.4,4733
PLASTIBLEN,2020-03-03,190.0,190.45,185.0,188.3,4686
PLASTIBLEN,2020-03-04,188.0,189.4,178.2,180.6,4033
PLASTIBLEN,2020-03-05,180.65,183.3,178.1,178.65,2714
PLASTIBLEN,2020-03-06,171.55,177.8,169.8,170.65,4609
PLASTIBLEN,2020-03-09,169.0,174.9,160.55,161.05,9972
PLASTIBLEN,2020-03-11,161.05,173.75,160.0,161.9,4854
PLASTIBLEN,2020-03-12,160.0,160.0,141.9,152.05,12627
PLASTIBLEN,2020-03-13,147.55,151.0,134.2,147.55,7446
PLASTIBLEN,2020-03-16,149.0,149.0,127.5,128.75,26407
PLASTIBLEN,2020-03-17,131.55,133.1,111.55,116.45,34763
PLASTIBLEN,2020-03-18,117.05,125.65,110.1,114.6,6896
PLASTIBLEN,2020-03-19,117.0,120.0,104.2,109.7,8136
PLASTIBLEN,2020-03-20,116.0,129.4,109.0,120.05,6801
PLASTIBLEN,2020-03-23,105.0,128.0,101.0,104.7,5092
PLASTIBLEN,2020-03-24,104.7,119.0,98.0,106.25,4905
PLASTIBLEN,2020-03-25,119.0,119.0,100.05,108.5,2284
PLASTIBLEN,2020-03-26,110.95,118.0,106.3,110.1,6455
PLASTIBLEN,2020-03-27,117.0,129.5,108.95,112.95,4462
PLASTIBLEN,2020-03-30,113.05,113.05,102.5,106.35,8981
PLASTIBLEN,2020-03-31,106.55,114.9,105.55,112.3,4865
PLASTIBLEN,2020-04-01,120.0,120.0,110.0,112.65,2196
PLASTIBLEN,2020-04-03,111.1,118.45,111.05,111.85,2080
PLASTIBLEN,2020-04-07,118.95,123.95,116.0,123.25,5624
PLASTIBLEN,2020-04-08,120.3,127.95,120.05,124.25,2883
PLASTIBLEN,2020-04-09,126.5,134.5,126.5,130.55,3754
PLASTIBLEN,2020-04-13,132.0,132.0,123.5,123.8,3067
PLASTIBLEN,2020-04-15,124.05,133.8,122.6,123.35,4426
PLASTIBLEN,2020-04-16,124.0,140.0,123.45,135.4,15497
PLASTIBLEN,2020-04-17,148.95,148.95,136.1,139.35,6183
PLASTIBLEN,2020-04-20,140.0,144.0,132.0,135.5,4811
PLASTIBLEN,2020-04-21,130.25,132.0,123.65,125.2,5458
PLASTIBLEN,2020-04-22,120.05,134.0,120.05,129.1,4209
PLASTIBLEN,2020-04-23,129.3,130.0,127.1,127.4,2131
PLASTIBLEN,2020-04-24,127.0,130.0,123.1,127.25,2018
PLASTIBLEN,2020-04-27,129.05,142.0,129.0,133.95,58183
PLASTIBLEN,2020-04-28,140.95,158.75,139.0,147.05,123407
PLASTIBLEN,2020-04-29,151.0,154.65,141.0,145.3,19132
PLASTIBLEN,2020-04-30,151.0,153.0,140.35,145.05,57683
PLASTIBLEN,2020-05-04,138.0,138.0,130.35,133.3,15069
PLASTIBLEN,2020-05-05,137.95,138.0,126.75,128.75,4455
PLASTIBLEN,2020-05-06,123.6,139.9,123.6,131.35,17401
PLASTIBLEN,2020-05-07,131.75,135.95,129.0,131.5,1257
PLASTIBLEN,2020-05-08,136.05,136.05,131.2,131.95,3612
PLASTIBLEN,2020-05-11,136.95,136.95,130.1,131.7,4996
PLASTIBLEN,2020-05-12,130.05,131.65,126.05,128.85,2549
PLASTIBLEN,2020-05-13,136.0,138.0,130.0,135.95,5885
PLASTIBLEN,2020-05-14,130.8,136.15,130.75,134.25,9818
PLASTIBLEN,2020-05-15,135.95,161.1,133.0,158.05,253640
PLASTIBLEN,2020-05-18,162.15,167.95,143.1,149.8,210234
PLASTIBLEN,2020-05-19,153.95,156.8,147.2,149.0,22085
PLASTIBLEN,2020-05-20,148.0,148.45,139.65,143.0,14582
PLASTIBLEN,2020-05-21,149.0,150.0,143.1,146.65,7630
PLASTIBLEN,2020-05-22,148.95,149.0,143.0,144.65,3954
PLASTIBLEN,2020-05-26,143.0,147.5,139.1,140.15,9176
PLASTIBLEN,2020-05-27,139.0,155.45,136.0,146.2,56012
PLASTIBLEN,2020-05-28,149.65,149.65,141.05,143.8,9580
PLASTIBLEN,2020-05-29,143.8,159.0,141.6,154.9,37806
PLASTIBLEN,2020-06-01,157.9,169.0,153.3,159.4,170093
PLASTIBLEN,2020-06-02,155.15,162.25,155.15,158.35,16593
PLASTIBLEN,2020-06-03,160.5,161.4,155.1,157.2,12179
PLASTIBLEN,2020-06-04,158.85,158.9,152.0,153.25,10001
PLASTIBLEN,2020-06-05,153.25,158.0,152.0,153.1,10420
PLASTIBLEN,2020-06-08,155.05,157.0,152.0,152.85,9565
PLASTIBLEN,2020-06-09,154.45,160.5,153.0,154.15,10613
PLASTIBLEN,2020-06-10,155.3,167.45,155.3,165.2,32581
PLASTIBLEN,2020-06-11,167.0,176.5,162.55,167.8,44072
PLASTIBLEN,2020-06-12,156.0,168.8,155.0,166.1,15418
PLASTIBLEN,2020-06-15,165.95,186.05,163.9,182.35,109521
PLASTIBLEN,2020-06-16,191.0,191.0,170.15,174.2,48820
PLASTIBLEN,2020-06-17,173.2,182.6,170.85,174.6,4976
PLASTIBLEN,2020-06-18,181.0,181.0,170.0,173.15,6375
PLASTIBLEN,2020-06-19,173.2,177.95,172.3,174.25,6604
PLASTIBLEN,2020-06-22,173.4,178.15,173.0,174.05,4599
PLASTIBLEN,2020-06-23,176.55,185.3,174.3,183.25,18270
PLASTIBLEN,2020-06-24,180.8,184.7,173.25,174.75,8054
PLASTIBLEN,2020-06-25,174.55,176.9,171.3,173.7,6968
PLASTIBLEN,2020-06-26,175.75,180.95,172.0,172.8,6306
PLASTIBLEN,2020-06-29,169.0,186.8,169.0,176.3,46242
PLASTIBLEN,2020-06-30,171.0,174.0,166.4,168.75,26765
PLASTIBLEN,2020-07-01,170.05,173.45,166.8,170.95,8162
PLASTIBLEN,2020-07-02,173.45,173.75,168.0,169.0,4630
PLASTIBLEN,2020-07-03,171.0,171.0,162.0,164.5,15913
PLASTIBLEN,2020-07-06,167.15,179.5,162.0,176.75,55030
PLASTIBLEN,2020-07-07,176.7,176.7,167.1,171.15,33190
PLASTIBLEN,2020-07-08,175.0,175.0,168.4,169.95,5545
PLASTIBLEN,2020-07-09,170.65,172.15,169.8,170.2,3274
PLASTIBLEN,2020-07-10,174.5,174.5,166.85,168.0,11441
PLASTIBLEN,2020-07-13,170.85,174.0,165.05,168.0,23017
PLASTIBLEN,2020-07-14,167.15,171.85,165.8,168.95,11963
PLASTIBLEN,2020-07-15,169.9,173.3,167.0,169.8,9826
PLASTIBLEN,2020-07-16,168.25,171.65,162.0,164.65,40937
PLASTIBLEN,2020-07-17,168.0,169.0,164.75,165.65,2800
PLASTIBLEN,2020-07-20,165.55,167.45,158.1,160.05,11966
PLASTIBLEN,2020-07-21,160.0,163.7,157.3,158.95,7329
PLASTIBLEN,2020-07-22,159.8,163.2,155.3,160.05,4335
PLASTIBLEN,2020-07-23,161.75,166.25,160.05,162.15,2648
PLASTIBLEN,2020-07-24,161.0,164.2,159.95,161.8,5066
PLASTIBLEN,2020-07-27,161.45,164.9,156.6,158.95,6895
PLASTIBLEN,2020-07-28,159.9,163.0,156.1,161.75,7210
PLASTIBLEN,2020-07-29,164.95,164.95,159.3,160.05,3675
PLASTIBLEN,2020-07-30,160.1,163.65,158.2,160.1,3289
PLASTIBLEN,2020-07-31,160.35,162.35,158.3,160.0,7245
PLASTIBLEN,2020-08-03,160.15,162.7,157.15,159.0,3531
PLASTIBLEN,2020-08-04,161.75,173.0,158.55,168.8,9643
PLASTIBLEN,2020-08-05,170.0,177.95,167.05,169.6,10185
PLASTIBLEN,2020-08-06,171.0,179.7,167.2,177.35,27857
PLASTIBLEN,2020-08-07,178.85,192.0,176.4,182.6,81846
PLASTIBLEN,2020-08-10,182.6,182.6,171.55,173.15,14081
PLASTIBLEN,2020-08-11,177.95,177.95,169.95,173.1,6647
PLASTIBLEN,2020-08-12,173.0,184.5,170.05,181.7,113894
PLASTIBLEN,2020-08-13,185.0,188.5,177.0,186.6,19881
PLASTIBLEN,2020-08-14,186.7,188.45,175.0,180.65,20762
PLASTIBLEN,2020-08-17,188.0,188.0,180.4,185.05,11307
PLASTIBLEN,2020-08-18,184.95,186.9,180.0,182.75,18851
PLASTIBLEN,2020-08-19,182.95,187.0,182.95,184.35,12448
PLASTIBLEN,2020-08-20,184.1,194.5,181.1,188.8,29539
PLASTIBLEN,2020-08-21,190.0,194.95,187.25,190.3,15570
PLASTIBLEN,2020-08-24,194.95,194.95,184.05,185.35,17183
PLASTIBLEN,2020-08-25,185.65,187.5,178.5,180.45,43918
PLASTIBLEN,2020-08-26,180.65,195.0,180.65,191.2,30785
PLASTIBLEN,2020-08-27,194.75,199.0,186.5,187.3,12877
PLASTIBLEN,2020-08-28,187.35,193.9,186.0,188.5,26822
PLASTIBLEN,2020-08-31,183.2,194.5,180.0,180.4,13904
PLASTIBLEN,2020-09-01,179.05,183.8,176.9,178.65,9036
PLASTIBLEN,2020-09-02,183.85,192.0,178.05,188.7,19355
PLASTIBLEN,2020-09-03,187.9,214.45,187.9,210.95,248385
PLASTIBLEN,2020-09-04,206.0,208.75,198.4,199.7,32125
PLASTIBLEN,2020-09-07,202.0,211.7,194.5,206.5,21125
PLASTIBLEN,2020-09-08,206.55,209.95,198.0,199.5,27246
PLASTIBLEN,2020-09-09,199.5,200.0,192.0,194.2,16250
PLASTIBLEN,2020-09-10,194.2,200.65,194.2,195.45,9869
PLASTIBLEN,2020-09-11,196.65,202.0,194.7,199.95,9636
PLASTIBLEN,2020-09-14,202.0,209.4,199.0,204.95,17086
PLASTIBLEN,2020-09-15,207.8,208.0,202.0,205.75,9257
PLASTIBLEN,2020-09-16,206.45,206.45,201.2,202.05,3021
PLASTIBLEN,2020-09-17,206.4,206.4,197.0,198.4,4715
PLASTIBLEN,2020-09-18,198.2,200.0,196.0,199.15,3878
PLASTIBLEN,2020-09-21,198.3,199.5,195.0,195.05,4487
PLASTIBLEN,2020-09-22,194.0,198.9,184.05,192.15,8264
PLASTIBLEN,2020-09-23,197.85,197.85,186.0,190.55,3944
PLASTIBLEN,2020-09-24,189.6,191.0,186.6,187.8,3151
PLASTIBLEN,2020-09-25,189.0,192.25,184.7,191.4,4366
PLASTIBLEN,2020-09-28,201.9,203.0,194.1,197.7,7309
PLASTIBLEN,2020-09-29,195.5,199.85,193.75,193.9,5384
PLASTIBLEN,2020-09-30,193.9,195.0,192.05,193.4,3127
PLASTIBLEN,2020-10-01,196.55,196.55,188.05,191.9,5676
PLASTIBLEN,2020-10-05,192.55,195.0,190.1,191.55,2013
PLASTIBLEN,2020-10-06,194.95,202.0,187.05,189.0,13578
PLASTIBLEN,2020-10-07,191.0,194.0,186.3,189.8,37052
PLASTIBLEN,2020-10-08,192.0,194.0,183.5,185.7,21752
PLASTIBLEN,2020-10-09,185.25,192.35,182.0,190.25,16070
PLASTIBLEN,2020-10-12,187.55,192.4,187.55,189.3,4215
PLASTIBLEN,2020-10-13,190.1,192.95,187.0,189.6,8248
PLASTIBLEN,2020-10-14,192.75,205.8,187.0,198.45,20978
PLASTIBLEN,2020-10-15,202.6,203.55,194.15,200.9,20319
PLASTIBLEN,2020-10-16,206.8,211.0,201.1,209.25,34496
PLASTIBLEN,2020-10-19,211.0,214.4,200.1,202.95,19681
PLASTIBLEN,2020-10-20,201.3,204.75,201.05,202.1,3886
PLASTIBLEN,2020-10-21,206.9,206.9,198.95,201.6,13882
PLASTIBLEN,2020-10-22,206.0,208.95,203.0,205.05,11408
PLASTIBLEN,2020-10-23,208.0,208.05,205.0,206.3,8749
PLASTIBLEN,2020-10-26,207.5,220.0,202.2,214.85,73950
PLASTIBLEN,2020-10-27,219.5,219.5,202.55,206.05,8454
PLASTIBLEN,2020-10-28,208.85,214.1,202.0,202.7,10830
PLASTIBLEN,2020-10-29,205.0,219.5,201.2,207.55,48259
PLASTIBLEN,2020-10-30,206.25,210.05,204.0,205.4,9305
PLASTIBLEN,2020-11-02,205.05,206.75,201.85,203.95,3357
PLASTIBLEN,2020-11-03,204.1,207.55,202.2,203.15,2811
PLASTIBLEN,2020-11-04,204.65,204.65,201.45,201.55,4983
PLASTIBLEN,2020-11-05,203.5,212.5,202.45,204.95,17203
PLASTIBLEN,2020-11-06,205.0,206.9,203.45,205.0,3651
PLASTIBLEN,2020-11-09,207.0,207.0,202.0,203.75,4687
PLASTIBLEN,2020-11-10,201.05,211.0,201.05,204.85,8538
PLASTIBLEN,2020-11-11,206.05,208.05,201.0,202.15,4946
PLASTIBLEN,2020-11-12,202.45,203.95,198.35,199.85,9127
PLASTIBLEN,2020-11-13,199.0,204.6,199.0,201.0,7575
PLASTIBLEN,2020-11-14,209.5,213.1,206.1,209.6,19505
PLASTIBLEN,2020-11-17,210.0,217.4,210.0,212.75,22439
PLASTIBLEN,2020-11-18,216.75,216.75,205.2,210.6,18398
PLASTIBLEN,2020-11-19,214.0,217.0,205.95,206.6,15152
PLASTIBLEN,2020-11-20,211.7,240.0,210.0,233.25,209028
PLASTIBLEN,2020-11-23,234.9,249.8,234.9,245.8,210618
PLASTIBLEN,2020-11-24,249.7,257.85,242.1,252.2,197487
PLASTIBLEN,2020-11-25,252.3,264.8,244.5,253.3,233183
PLASTIBLEN,2020-11-26,257.45,269.0,248.1,265.2,139464
PLASTIBLEN,2020-11-27,265.2,271.0,260.1,262.1,34951
PLASTIBLEN,2020-12-01,257.35,263.9,257.0,259.7,18667
PLASTIBLEN,2020-12-02,259.7,271.05,258.0,266.4,74431
PLASTIBLEN,2020-12-03,269.95,275.3,260.2,267.25,24231
PLASTIBLEN,2020-12-04,265.0,265.15,258.0,259.85,23696
PLASTIBLEN,2020-12-07,257.0,259.7,250.55,252.35,13071
PLASTIBLEN,2020-12-08,257.9,257.9,243.0,246.0,10868
PLASTIBLEN,2020-12-09,254.0,254.0,244.5,245.3,13904
PLASTIBLEN,2020-12-10,244.65,252.3,236.2,249.15,34246
PLASTIBLEN,2020-12-11,250.1,254.0,240.0,249.75,23455
PLASTIBLEN,2020-12-14,250.05,251.15,243.1,243.8,9952
PLASTIBLEN,2020-12-15,244.85,246.6,238.75,241.5,5805
PLASTIBLEN,2020-12-16,244.4,257.7,244.0,252.6,19221
PLASTIBLEN,2020-12-17,251.55,260.2,249.05,257.8,35406
PLASTIBLEN,2020-12-18,256.05,274.7,254.0,264.55,48185
PLASTIBLEN,2020-12-21,264.55,264.55,220.6,243.1,20802
PLASTIBLEN,2020-12-22,243.0,252.0,231.2,250.6,9502
PLASTIBLEN,2020-12-23,250.2,263.8,245.15,249.6,11173
PLASTIBLEN,2020-12-24,254.0,254.0,247.0,248.65,3096
PLASTIBLEN,2020-12-28,251.05,269.0,249.05,265.55,30666
PLASTIBLEN,2020-12-29,269.25,280.55,266.05,273.9,59094
PLASTIBLEN,2020-12-30,272.65,272.65,258.4,262.75,42563
PLASTIBLEN,2020-12-31,268.0,272.9,260.7,264.15,21371
PLASTIBLEN,2021-01-01,264.9,269.1,261.0,262.15,4639
PLASTIBLEN,2021-01-04,262.15,271.85,250.0,258.85,18396
PLASTIBLEN,2021-01-05,268.0,268.0,255.1,256.9,20191
PLASTIBLEN,2021-01-06,258.0,261.1,250.55,251.7,13467
PLASTIBLEN,2021-01-07,259.85,260.0,251.2,252.2,8459
PLASTIBLEN,2021-01-08,258.0,258.0,250.55,251.4,15771
PLASTIBLEN,2021-01-11,255.95,257.9,250.55,251.5,12513
PLASTIBLEN,2021-01-12,252.55,268.0,252.0,264.7,61704
PLASTIBLEN,2021-01-13,268.0,268.75,261.55,263.1,25789
PLASTIBLEN,2021-01-14,264.95,264.95,253.0,253.85,31658
PLASTIBLEN,2021-01-15,254.0,258.0,245.55,250.3,19664
PLASTIBLEN,2021-01-18,252.1,264.8,251.55,258.4,117852
PLASTIBLEN,2021-01-19,260.0,263.5,248.3,252.15,22882
PLASTIBLEN,2021-01-20,252.15,254.95,248.85,250.1,96950
PLASTIBLEN,2021-01-21,257.75,257.75,248.0,248.95,18890
PLASTIBLEN,2021-01-22,251.85,252.0,242.35,245.35,12862
PLASTIBLEN,2021-01-25,247.05,247.05,234.05,239.8,18145
PLASTIBLEN,2021-01-27,241.0,243.0,233.05,235.8,22666
PLASTIBLEN,2021-01-28,237.85,239.9,232.9,236.15,3124
PLASTIBLEN,2021-01-29,239.9,241.65,235.0,237.0,2316
PLASTIBLEN,2021-02-01,241.6,241.95,235.6,237.95,6620
PLASTIBLEN,2021-02-02,242.9,242.9,235.0,237.7,6562
PLASTIBLEN,2021-02-03,238.2,239.7,235.05,236.3,6402
PLASTIBLEN,2021-02-04,239.3,242.0,235.15,235.7,6025
PLASTIBLEN,2021-02-05,241.2,241.25,235.25,237.5,5447
PLASTIBLEN,2021-02-08,242.8,242.8,235.2,237.3,7442
PLASTIBLEN,2021-02-09,240.65,252.0,236.85,241.25,15479
PLASTIBLEN,2021-02-10,244.3,247.0,237.1,238.3,4958
PLASTIBLEN,2021-02-11,237.1,245.0,234.15,240.35,6056
PLASTIBLEN,2021-02-12,240.85,243.0,234.65,235.7,7747
PLASTIBLEN,2021-02-15,235.0,241.4,235.0,236.55,5471
PLASTIBLEN,2021-02-16,239.8,240.75,235.0,235.2,7612
PLASTIBLEN,2021-02-17,236.5,236.75,231.05,232.6,5217
PLASTIBLEN,2021-02-18,239.95,239.95,230.1,232.2,8440
PLASTIBLEN,2021-02-19,234.35,239.1,230.0,237.5,7269
PLASTIBLEN,2021-02-22,240.0,240.0,231.0,232.6,3443
PLASTIBLEN,2021-02-23,234.0,234.75,230.05,232.55,8924
PLASTIBLEN,2021-02-24,232.1,237.35,232.1,234.75,5537
PLASTIBLEN,2021-02-25,235.4,237.95,233.5,234.5,7140
PLASTIBLEN,2021-02-26,234.65,238.65,234.0,235.2,13066
PLASTIBLEN,2021-03-01,238.55,241.1,235.0,240.15,6005
PLASTIBLEN,2021-03-02,243.0,252.0,240.0,249.2,20079
PLASTIBLEN,2021-03-03,252.45,260.0,242.75,246.0,17739
PLASTIBLEN,2021-03-04,245.0,252.0,242.6,244.85,12421
PLASTIBLEN,2021-03-05,244.85,252.0,233.95,242.7,10448
PLASTIBLEN,2021-03-08,242.45,247.85,237.0,244.9,11747
PLASTIBLEN,2021-03-09,246.0,248.05,230.0,233.05,256967
PLASTIBLEN,2021-03-10,240.05,252.35,240.05,247.65,108830
PLASTIBLEN,2021-03-12,247.85,264.4,245.55,259.5,173037
PLASTIBLEN,2021-03-15,260.0,260.0,242.5,245.85,37585
PLASTIBLEN,2021-03-16,249.9,251.9,239.0,245.45,18456
PLASTIBLEN,2021-03-17,242.3,243.9,235.9,237.1,21114
PLASTIBLEN,2021-03-18,238.05,244.15,231.0,232.85,15820
PLASTIBLEN,2021-03-19,232.85,239.7,225.15,235.75,18700
PLASTIBLEN,2021-03-22,235.75,240.0,233.05,236.55,41529
PLASTIBLEN,2021-03-23,241.5,241.5,232.1,235.25,9377
PLASTIBLEN,2021-03-24,239.4,239.45,230.0,231.9,7035
PLASTIBLEN,2021-03-25,233.8,233.8,221.0,224.8,9060
PLASTIBLEN,2021-03-26,230.0,232.6,227.05,230.35,7844
PLASTIBLEN,2021-03-30,230.35,232.75,227.2,231.15,6149
PLASTIBLEN,2021-03-31,232.8,232.8,228.0,230.1,4112
PLASTIBLEN,2021-04-01,227.1,235.7,227.0,229.8,11318
PLASTIBLEN,2021-04-05,231.75,234.55,225.0,225.95,6427
PLASTIBLEN,2021-04-06,229.75,230.95,224.0,224.55,8270
PLASTIBLEN,2021-04-07,227.3,230.0,222.0,226.0,5938
PLASTIBLEN,2021-04-08,234.0,234.0,227.0,230.25,4995
PLASTIBLEN,2021-04-09,233.0,233.0,226.5,229.65,3424
PLASTIBLEN,2021-04-12,231.0,231.0,222.1,226.9,2976
PLASTIBLEN,2021-04-13,223.85,230.95,222.4,230.1,7384
PLASTIBLEN,2021-04-15,226.25,228.55,223.0,224.0,1856
PLASTIBLEN,2021-04-16,224.85,228.6,222.05,223.9,9550
PLASTIBLEN,2021-04-19,222.15,224.0,211.2,214.5,11614
PLASTIBLEN,2021-04-20,219.0,233.0,213.05,214.2,23800
PLASTIBLEN,2021-04-22,215.45,223.55,210.6,221.6,5685
PLASTIBLEN,2021-04-23,219.55,236.05,219.55,231.55,32688
PLASTIBLEN,2021-04-26,233.5,233.5,222.95,227.3,8724
PLASTIBLEN,2021-04-27,231.05,232.0,225.0,226.9,6697
PLASTIBLEN,2021-04-28,226.95,232.0,225.0,228.8,6986
PLASTIBLEN,2021-04-29,229.0,237.15,228.5,234.1,7110
PLASTIBLEN,2021-04-30,234.6,234.65,227.65,229.75,11387
PLASTIBLEN,2021-05-03,225.65,231.95,222.8,226.65,30149
PLASTIBLEN,2021-05-04,227.95,235.0,218.95,221.65,15517
PLASTIBLEN,2021-05-05,225.95,245.0,221.15,240.05,42576
PLASTIBLEN,2021-05-06,242.35,254.55,236.05,253.15,44307
PLASTIBLEN,2021-05-07,253.2,257.55,240.55,242.35,14672
PLASTIBLEN,2021-05-10,249.9,251.0,241.75,247.3,9042
PLASTIBLEN,2021-05-11,249.8,251.0,240.55,244.85,13923
PLASTIBLEN,2021-05-12,244.05,250.0,242.55,246.15,23862
PLASTIBLEN,2021-05-14,250.2,252.0,238.0,242.65,7605
PLASTIBLEN,2021-05-17,250.0,252.0,241.5,246.9,8310
PLASTIBLEN,2021-05-18,251.0,274.3,246.65,270.45,203410
PLASTIBLEN,2021-05-19,274.9,276.0,256.35,259.0,102540
PLASTIBLEN,2021-05-20,263.9,270.05,256.45,266.55,259639
PLASTIBLEN,2021-05-21,276.0,285.9,256.8,266.25,538595
PLASTIBLEN,2021-05-24,266.5,268.0,256.55,258.45,57446
PLASTIBLEN,2021-05-25,262.8,262.8,247.65,250.65,57795
PLASTIBLEN,2021-05-26,248.0,249.5,241.1,242.65,99645
PLASTIBLEN,2021-05-27,243.0,254.7,243.0,247.35,54423
PLASTIBLEN,2021-05-28,249.7,251.55,240.5,241.8,27481
PLASTIBLEN,2021-05-31,245.0,248.05,237.15,244.4,58011
PLASTIBLEN,2021-06-01,247.7,249.05,240.95,242.75,24096
PLASTIBLEN,2021-06-02,240.0,247.0,240.0,243.4,12533
PLASTIBLEN,2021-06-03,247.95,247.95,242.0,243.15,19151
PLASTIBLEN,2021-06-04,242.1,246.05,242.1,244.5,24479
PLASTIBLEN,2021-06-07,250.0,257.0,248.2,250.7,132021
PLASTIBLEN,2021-06-08,253.0,254.8,246.95,248.0,43276
PLASTIBLEN,2021-06-09,250.1,251.95,240.0,242.7,43711
PLASTIBLEN,2021-06-10,245.9,256.9,243.55,248.1,83203
PLASTIBLEN,2021-06-11,248.1,254.0,242.0,244.65,73990
PLASTIBLEN,2021-06-14,248.45,248.45,241.95,246.65,28883
PLASTIBLEN,2021-06-15,248.45,263.4,245.7,247.65,276869
PLASTIBLEN,2021-06-16,249.5,257.8,248.5,254.7,99876
PLASTIBLEN,2021-06-17,252.0,259.0,249.4,252.85,72086
PLASTIBLEN,2021-06-18,255.95,255.95,239.0,248.65,48290
PLASTIBLEN,2021-06-21,248.65,252.9,245.0,250.2,38664
PLASTIBLEN,2021-06-22,255.0,258.05,248.15,250.55,27093
PLASTIBLEN,2021-06-23,251.5,255.95,250.05,250.65,15428
PLASTIBLEN,2021-06-24,254.0,254.0,248.1,249.65,14877
PLASTIBLEN,2021-06-25,252.35,269.5,249.0,264.05,247551
PLASTIBLEN,2021-06-28,270.9,274.9,261.9,264.35,167856
PLASTIBLEN,2021-06-29,264.5,269.9,256.55,259.65,51746
PLASTIBLEN,2021-06-30,264.0,278.8,262.0,266.7,194046
PLASTIBLEN,2021-07-01,268.0,269.65,263.0,263.45,26666
PLASTIBLEN,2021-07-02,265.9,273.3,262.55,265.95,51642
PLASTIBLEN,2021-07-05,273.0,277.5,268.05,270.15,92294
PLASTIBLEN,2021-07-06,273.0,277.0,265.55,267.55,61627
PLASTIBLEN,2021-07-07,270.6,270.6,263.35,265.8,33025
PLASTIBLEN,2021-07-08,263.55,272.95,261.25,262.65,35368
PLASTIBLEN,2021-07-09,268.0,274.0,263.05,266.75,37746
PLASTIBLEN,2021-07-12,268.95,285.0,266.8,279.15,280129
PLASTIBLEN,2021-07-13,281.85,283.0,270.0,274.65,76508
PLASTIBLEN,2021-07-14,276.9,292.0,276.05,285.45,303406
PLASTIBLEN,2021-07-15,287.0,295.85,286.0,289.25,276520
PLASTIBLEN,2021-07-16,285.5,289.1,274.5,276.1,160794
PLASTIBLEN,2021-07-19,272.0,282.0,266.0,272.75,108543
PLASTIBLEN,2021-07-20,270.1,270.1,256.1,260.65,105780
PLASTIBLEN,2021-07-22,261.2,266.15,256.6,259.05,51537
PLASTIBLEN,2021-07-23,261.0,264.0,259.9,262.4,30435
PLASTIBLEN,2021-07-26,259.9,266.7,259.9,265.6,36623
PLASTIBLEN,2021-07-27,266.5,266.5,256.85,257.8,42251
PLASTIBLEN,2021-07-28,259.0,259.75,252.55,255.25,29256
PLASTIBLEN,2021-07-29,260.85,274.9,257.0,273.25,106991
PLASTIBLEN,2021-07-30,272.0,273.65,267.4,270.0,32404
PLASTIBLEN,2021-08-02,272.8,274.8,270.55,273.55,47183
PLASTIBLEN,2021-08-03,274.9,274.9,266.65,270.4,41013
PLASTIBLEN,2021-08-04,271.3,271.3,260.55,261.4,39495
PLASTIBLEN,2021-08-05,261.45,263.0,255.55,259.9,41562
PLASTIBLEN,2021-08-06,255.05,274.4,255.05,267.15,60897
PLASTIBLEN,2021-08-09,269.45,273.6,258.8,268.15,54726
PLASTIBLEN,2021-08-10,271.3,294.4,265.25,269.25,543749
PLASTIBLEN,2021-08-11,269.9,271.05,253.25,260.1,101120
PLASTIBLEN,2021-08-12,262.0,270.7,261.95,266.6,51509
PLASTIBLEN,2021-08-13,263.1,279.6,263.1,275.35,89684
PLASTIBLEN,2021-08-16,285.0,292.0,275.1,278.8,472205
PLASTIBLEN,2021-08-17,283.7,287.9,276.4,283.1,251572
PLASTIBLEN,2021-08-18,288.0,288.0,276.0,279.45,65788
PLASTIBLEN,2021-08-20,276.0,276.0,263.5,267.35,48463
PLASTIBLEN,2021-08-23,268.0,272.55,251.55,253.5,83901
PLASTIBLEN,2021-08-24,254.05,271.0,254.05,259.95,110851
PLASTIBLEN,2021-08-25,261.0,268.45,260.1,265.0,43800
PLASTIBLEN,2021-08-26,262.0,273.4,262.0,263.45,76807
PLASTIBLEN,2021-08-27,265.2,269.0,261.25,264.25,38312
PLASTIBLEN,2021-08-30,263.5,272.9,263.5,269.2,73527
PLASTIBLEN,2021-08-31,271.8,272.0,262.8,263.95,34445
PLASTIBLEN,2021-09-01,260.2,267.5,260.2,264.1,23544
PLASTIBLEN,2021-09-02,263.1,275.4,262.2,266.1,114305
PLASTIBLEN,2021-09-03,271.0,271.0,261.0,262.6,17785
PLASTIBLEN,2021-09-06,262.6,269.0,262.6,267.1,18547
PLASTIBLEN,2021-09-07,267.1,269.95,261.5,264.8,25212
PLASTIBLEN,2021-09-08,264.8,289.0,264.75,286.2,478068
PLASTIBLEN,2021-09-09,289.5,290.0,270.1,271.8,130033
PLASTIBLEN,2021-09-13,271.8,271.8,266.55,270.35,63039
PLASTIBLEN,2021-09-14,268.05,288.7,268.05,281.35,286984
PLASTIBLEN,2021-09-15,281.0,306.0,279.2,301.6,737811
PLASTIBLEN,2021-09-16,301.6,305.5,287.35,289.3,154112
PLASTIBLEN,2021-09-17,290.0,292.4,275.1,277.65,99149
PLASTIBLEN,2021-09-20,274.5,288.15,266.55,269.55,100780
PLASTIBLEN,2021-09-21,267.3,277.6,265.25,272.7,53550
PLASTIBLEN,2021-09-22,273.0,283.95,272.5,274.75,107430
PLASTIBLEN,2021-09-23,277.7,284.0,274.05,275.1,97840
PLASTIBLEN,2021-09-24,275.0,279.95,270.55,275.6,62372
PLASTIBLEN,2021-09-27,276.95,288.05,276.6,281.5,83913
PLASTIBLEN,2021-09-28,282.65,285.9,271.65,275.3,57641
PLASTIBLEN,2021-09-29,272.05,282.95,271.55,272.7,36637
PLASTIBLEN,2021-09-30,276.1,280.0,271.25,273.3,57400
PLASTIBLEN,2021-10-01,273.55,276.05,271.65,273.55,23479
PLASTIBLEN,2021-10-04,278.0,279.75,273.5,277.75,31378
PLASTIBLEN,2021-10-05,276.4,282.15,276.15,278.0,37711
PLASTIBLEN,2021-10-06,277.0,283.8,271.05,274.1,34662
PLASTIBLEN,2021-10-07,277.9,281.0,276.4,277.2,24042
PLASTIBLEN,2021-10-08,279.85,287.0,279.85,285.25,77855
PLASTIBLEN,2021-10-11,290.0,294.8,282.0,283.85,112328
PLASTIBLEN,2021-10-12,288.0,293.75,282.5,292.05,102280
PLASTIBLEN,2021-10-13,294.45,300.0,277.75,282.8,202959
PLASTIBLEN,2021-10-14,277.0,277.35,268.25,270.65,119951
PLASTIBLEN,2021-10-18,275.65,277.25,254.8,258.0,123622
PLASTIBLEN,2021-10-19,262.9,262.9,256.0,257.5,44658
PLASTIBLEN,2021-10-20,257.5,259.7,237.3,244.65,118428
PLASTIBLEN,2021-10-21,246.85,251.5,241.45,244.45,39971
PLASTIBLEN,2021-10-22,248.05,249.0,238.0,239.55,44745
PLASTIBLEN,2021-10-25,239.55,239.55,231.0,234.8,26558
PLASTIBLEN,2021-10-26,233.5,245.0,233.5,241.85,20745
PLASTIBLEN,2021-10-27,242.1,249.7,242.1,247.5,16857
PLASTIBLEN,2021-10-28,247.5,248.0,242.0,242.45,15251
PLASTIBLEN,2021-10-29,240.95,240.95,231.25,232.9,34231
PLASTIBLEN,2021-11-01,236.95,239.1,233.0,237.45,14365
PLASTIBLEN,2021-11-02,241.5,244.7,237.1,243.0,14591
PLASTIBLEN,2021-11-03,242.85,243.65,237.7,240.4,13081
PLASTIBLEN,2021-11-04,243.6,249.2,242.9,245.35,10872
PLASTIBLEN,2021-11-08,249.05,250.0,241.35,248.8,19013
PLASTIBLEN,2021-11-09,245.0,254.6,245.0,251.1,18559
PLASTIBLEN,2021-11-10,250.0,251.95,243.25,245.1,15805
PLASTIBLEN,2021-11-11,246.0,248.2,245.0,247.05,6261
PLASTIBLEN,2021-11-12,246.95,248.15,244.0,247.65,7059
PLASTIBLEN,2021-11-15,251.65,251.65,239.45,241.35,17875
PLASTIBLEN,2021-11-16,244.45,244.7,238.0,240.65,7479
PLASTIBLEN,2021-11-17,239.0,242.0,238.0,241.35,1599
PLASTIBLEN,2021-11-18,239.05,245.95,239.0,240.5,9507
PLASTIBLEN,2021-11-22,243.9,243.9,225.7,229.6,16241
PLASTIBLEN,2021-11-23,230.0,233.95,229.0,230.9,6121
PLASTIBLEN,2021-11-24,233.1,239.9,231.05,237.7,9421
PLASTIBLEN,2021-11-25,234.05,241.9,234.05,239.9,3844
PLASTIBLEN,2021-11-26,239.0,246.0,232.0,235.5,15447
PLASTIBLEN,2021-11-29,229.0,233.0,223.0,227.95,8551
PLASTIBLEN,2021-11-30,225.0,236.95,225.0,233.5,10909
PLASTIBLEN,2021-12-01,239.65,252.0,231.7,248.5,109250
PLASTIBLEN,2021-12-02,247.2,253.0,247.2,248.95,21518
PLASTIBLEN,2021-12-03,245.0,252.0,245.0,246.5,11525
PLASTIBLEN,2021-12-06,249.8,249.8,232.85,236.2,8884
PLASTIBLEN,2021-12-07,234.15,243.5,234.15,239.05,4812
PLASTIBLEN,2021-12-08,243.6,248.0,242.0,242.45,8751
PLASTIBLEN,2021-12-09,243.15,245.25,240.2,240.65,4198
PLASTIBLEN,2021-12-10,240.65,244.25,235.9,239.0,15601
PLASTIBLEN,2021-12-13,244.8,244.8,236.1,237.2,6744
PLASTIBLEN,2021-12-14,242.9,243.4,236.0,238.95,5492
PLASTIBLEN,2021-12-15,240.5,240.6,234.25,235.25,9737
PLASTIBLEN,2021-12-16,236.65,240.05,229.95,231.9,11235
PLASTIBLEN,2021-12-17,231.0,235.0,224.95,228.1,12853
PLASTIBLEN,2021-12-20,225.0,225.35,205.2,215.9,18760
PLASTIBLEN,2021-12-21,222.85,222.9,218.0,218.8,4671
PLASTIBLEN,2021-12-22,221.9,225.0,220.65,221.95,8357
PLASTIBLEN,2021-12-23,223.9,223.9,219.0,220.2,18551
PLASTIBLEN,2021-12-24,221.15,224.0,219.6,220.7,7450
PLASTIBLEN,2021-12-27,220.7,222.8,213.05,220.45,14092
PLASTIBLEN,2021-12-28,221.1,225.9,220.0,224.55,6033
PLASTIBLEN,2021-12-29,224.6,232.8,223.7,224.45,17534
PLASTIBLEN,2021-12-30,226.9,228.0,223.05,223.5,12132
PLASTIBLEN,2021-12-31,226.9,233.45,226.8,229.3,13686
PLASTIBLEN,2022-01-03,237.0,237.0,230.2,232.7,13172
PLASTIBLEN,2022-01-04,232.7,236.0,231.5,234.8,9911
PLASTIBLEN,2022-01-05,234.7,240.25,233.8,238.15,15962
PLASTIBLEN,2022-01-06,236.25,241.95,235.55,238.0,17588
PLASTIBLEN,2022-01-07,239.65,239.95,235.95,236.45,7387
PLASTIBLEN,2022-01-10,242.95,247.0,240.0,242.35,24551
PLASTIBLEN,2022-01-11,243.0,245.0,239.45,242.75,8123
PLASTIBLEN,2022-01-12,242.75,246.5,242.6,244.65,22216
PLASTIBLEN,2022-01-13,246.5,249.65,243.1,244.2,28957
PLASTIBLEN,2022-01-14,260.0,264.8,248.15,249.35,146679
PLASTIBLEN,2022-01-17,252.9,252.9,244.85,246.15,22340
PLASTIBLEN,2022-01-18,248.85,248.85,240.05,241.4,17557
PLASTIBLEN,2022-01-19,241.4,249.95,237.05,238.9,14512
PLASTIBLEN,2022-01-20,240.0,247.0,239.05,245.5,21023
PLASTIBLEN,2022-01-21,245.0,261.95,241.0,255.1,329234
PLASTIBLEN,2022-01-24,257.1,258.0,235.2,239.3,43063
PLASTIBLEN,2022-01-25,247.0,247.0,222.0,243.45,32836
PLASTIBLEN,2022-01-27,245.0,245.45,238.5,240.95,6938
PLASTIBLEN,2022-01-28,238.55,246.35,235.4,236.85,25150
PLASTIBLEN,2022-01-31,244.9,244.95,238.0,238.3,7575
PLASTIBLEN,2022-02-01,243.8,244.0,237.2,240.5,79235
PLASTIBLEN,2022-02-02,244.0,245.0,242.2,243.6,55363
PLASTIBLEN,2022-02-03,241.05,253.55,241.05,245.6,43080
PLASTIBLEN,2022-02-04,247.45,263.5,243.35,253.4,147760
PLASTIBLEN,2022-02-07,257.9,258.0,247.05,249.45,37799
PLASTIBLEN,2022-02-08,250.1,250.5,240.0,241.15,31289
PLASTIBLEN,2022-02-09,246.8,247.8,234.7,235.8,47806
PLASTIBLEN,2022-02-10,236.5,243.9,234.7,236.1,77005
PLASTIBLEN,2022-02-11,235.05,245.0,235.0,240.85,116089
PLASTIBLEN,2022-02-14,236.0,238.7,218.0,223.75,55888
PLASTIBLEN,2022-02-15,227.05,227.15,218.95,223.95,59808
PLASTIBLEN,2022-02-16,224.25,228.0,224.0,224.9,20666
PLASTIBLEN,2022-02-17,226.0,229.1,217.1,219.8,22443
PLASTIBLEN,2022-02-18,215.05,222.4,215.05,218.55,14317
PLASTIBLEN,2022-02-21,221.95,221.95,213.3,216.5,17646
PLASTIBLEN,2022-02-22,214.5,214.5,206.7,209.05,17749
PLASTIBLEN,2022-02-23,212.0,217.25,210.0,211.3,9383
PLASTIBLEN,2022-02-24,207.0,208.9,193.1,194.4,28280
PLASTIBLEN,2022-02-25,195.0,209.1,195.0,204.35,14578
PLASTIBLEN,2022-02-28,212.5,212.5,198.3,203.35,11258
PLASTIBLEN,2022-03-02,204.85,212.95,200.0,209.35,13937
PLASTIBLEN,2022-03-03,213.0,214.25,209.0,210.85,7957
PLASTIBLEN,2022-03-04,207.0,209.0,206.3,207.1,24623
PLASTIBLEN,2022-03-07,203.0,205.2,198.0,202.95,8707
PLASTIBLEN,2022-03-08,207.0,207.0,199.0,202.95,22900
PLASTIBLEN,2022-03-09,202.05,212.0,202.05,210.15,12089
PLASTIBLEN,2022-03-10,214.9,216.8,210.8,213.35,10422
PLASTIBLEN,2022-03-11,215.6,216.1,210.05,212.85,12891
PLASTIBLEN,2022-03-14,215.9,225.0,213.0,217.4,60270
PLASTIBLEN,2022-03-15,217.45,221.45,210.7,211.7,31703
PLASTIBLEN,2022-03-16,216.95,216.95,209.35,211.75,24453
PLASTIBLEN,2022-03-17,215.0,217.75,215.0,215.9,24946
PLASTIBLEN,2022-03-21,217.0,220.8,217.0,217.4,19384
PLASTIBLEN,2022-03-22,220.0,220.5,215.5,216.4,7511
PLASTIBLEN,2022-03-23,219.9,219.9,215.4,216.15,68515
PLASTIBLEN,2022-03-24,215.0,219.8,211.0,216.15,11044
PLASTIBLEN,2022-03-25,217.4,223.3,211.0,212.95,18913
PLASTIBLEN,2022-03-28,218.0,218.0,202.25,203.35,32849
PLASTIBLEN,2022-03-29,211.0,211.0,195.25,198.35,35494
PLASTIBLEN,2022-03-30,198.35,205.15,198.35,200.9,59338
PLASTIBLEN,2022-03-31,197.1,204.7,195.0,198.2,84358
PLASTIBLEN,2022-04-01,195.1,207.95,195.1,206.5,27401
PLASTIBLEN,2022-04-04,210.1,237.25,210.1,228.0,198263
PLASTIBLEN,2022-04-05,232.8,236.45,228.0,229.3,98328
PLASTIBLEN,2022-04-06,231.85,243.95,229.3,236.2,72672
PLASTIBLEN,2022-04-07,238.9,238.9,230.1,231.45,25026
PLASTIBLEN,2022-04-08,234.0,239.0,230.45,234.5,23639
PLASTIBLEN,2022-04-11,230.35,237.95,230.3,236.6,11689
PLASTIBLEN,2022-04-12,238.95,238.95,231.05,232.05,30989
PLASTIBLEN,2022-04-13,233.1,235.35,230.0,231.95,26330
PLASTIBLEN,2022-04-18,235.0,242.4,230.1,233.2,43493
PLASTIBLEN,2022-04-19,234.4,239.0,230.1,233.5,17865
PLASTIBLEN,2022-04-20,231.35,235.0,231.0,231.4,20089
PLASTIBLEN,2022-04-21,234.85,238.0,230.1,235.2,28238
PLASTIBLEN,2022-04-22,235.95,241.0,228.8,230.6,41689
PLASTIBLEN,2022-04-25,229.25,230.9,224.1,224.65,30177
PLASTIBLEN,2022-04-26,227.9,245.0,226.0,226.5,16305
PLASTIBLEN,2022-04-27,225.0,229.1,220.0,224.1,37007
PLASTIBLEN,2022-04-28,227.45,227.45,221.0,223.15,30862
PLASTIBLEN,2022-04-29,236.0,246.35,223.2,230.55,211753
PLASTIBLEN,2022-05-02,232.0,232.0,225.2,227.2,15881
PLASTIBLEN,2022-05-04,223.0,224.45,211.2,213.3,53875
PLASTIBLEN,2022-05-05,216.45,216.85,207.0,208.6,11880
PLASTIBLEN,2022-05-06,211.0,211.0,202.05,206.9,18838
PLASTIBLEN,2022-05-09,209.9,209.9,198.65,200.1,18272
PLASTIBLEN,2022-05-10,199.6,206.25,191.0,194.3,20596
PLASTIBLEN,2022-05-11,196.25,197.0,181.3,183.65,25014
PLASTIBLEN,2022-05-12,183.05,187.9,177.05,181.3,12564
PLASTIBLEN,2022-05-13,183.95,189.65,182.05,184.4,12201
PLASTIBLEN,2022-05-16,192.95,192.95,184.75,189.1,5677
PLASTIBLEN,2022-05-17,191.85,194.9,190.0,193.9,17008
PLASTIBLEN,2022-05-18,194.1,199.4,194.1,195.3,15152
PLASTIBLEN,2022-05-19,194.65,198.15,192.6,194.5,12071
PLASTIBLEN,2022-05-20,197.1,199.9,191.5,195.6,16158
PLASTIBLEN,2022-05-23,200.65,200.65,194.45,196.6,6092
PLASTIBLEN,2022-05-24,199.45,199.45,188.05,189.8,14626
PLASTIBLEN,2022-05-25,192.5,192.5,180.0,180.6,10867
PLASTIBLEN,2022-05-26,183.25,189.95,179.0,183.9,5126
PLASTIBLEN,2022-05-27,189.9,189.9,184.9,185.45,7426
PLASTIBLEN,2022-05-30,188.15,194.35,187.25,188.85,6011
PLASTIBLEN,2022-05-31,189.05,198.0,188.45,195.15,9872
PLASTIBLEN,2022-06-01,195.15,197.0,194.5,196.2,5502
PLASTIBLEN,2022-06-02,197.8,197.8,195.0,196.2,5670
PLASTIBLEN,2022-06-03,194.1,204.65,194.1,203.2,19403
PLASTIBLEN,2022-06-06,208.8,208.8,203.6,206.15,21494
PLASTIBLEN,2022-06-07,208.3,208.3,201.1,203.25,9087
PLASTIBLEN,2022-06-08,206.25,209.8,204.25,208.2,8084
PLASTIBLEN,2022-06-09,209.0,209.0,206.5,208.35,4057
PLASTIBLEN,2022-06-10,207.5,207.55,202.1,202.85,4019
PLASTIBLEN,2022-06-13,203.1,203.1,196.0,199.2,6558
PLASTIBLEN,2022-06-14,203.5,203.5,198.95,201.7,8082
PLASTIBLEN,2022-06-15,204.65,205.0,197.0,197.8,6246
PLASTIBLEN,2022-06-16,203.0,203.0,186.35,188.95,8837
PLASTIBLEN,2022-06-17,189.0,189.0,180.5,182.4,5745
PLASTIBLEN,2022-06-20,182.45,184.0,179.0,181.6,7384
PLASTIBLEN,2022-06-21,182.0,186.6,182.0,184.95,9720
PLASTIBLEN,2022-06-22,187.95,189.45,178.0,184.2,6085
PLASTIBLEN,2022-06-23,189.0,189.0,180.2,184.35,6871
PLASTIBLEN,2022-06-24,185.1,188.05,183.2,187.1,5261
PLASTIBLEN,2022-06-27,190.75,195.75,190.75,194.05,8018
PLASTIBLEN,2022-06-28,194.95,199.0,194.4,198.25,2223
PLASTIBLEN,2022-06-29,198.25,198.25,194.0,194.35,4154
PLASTIBLEN,2022-06-30,197.2,197.9,195.35,197.25,2715
PLASTIBLEN,2022-07-01,198.75,200.0,195.1,198.5,1829
PLASTIBLEN,2022-07-04,199.3,199.3,195.1,197.45,1863
PLASTIBLEN,2022-07-05,199.1,199.1,192.0,194.25,3225
PLASTIBLEN,2022-07-06,198.05,228.0,198.05,208.95,165804
PLASTIBLEN,2022-07-07,209.0,212.0,207.25,208.95,17014
PLASTIBLEN,2022-07-08,209.0,211.9,207.05,207.5,6244
PLASTIBLEN,2022-07-11,207.0,209.85,205.5,208.75,3478
PLASTIBLEN,2022-07-12,209.75,218.9,204.2,208.6,189212
PLASTIBLEN,2022-07-13,210.4,211.0,202.55,205.8,58857
PLASTIBLEN,2022-07-14,204.55,206.65,194.5,197.1,22444
PLASTIBLEN,2022-07-15,197.1,200.0,196.0,196.7,13199
PLASTIBLEN,2022-07-18,196.7,202.6,196.7,202.0,7846
PLASTIBLEN,2022-07-19,202.0,209.5,200.0,203.95,21914
PLASTIBLEN,2022-07-20,206.0,208.05,202.9,203.55,9625
PLASTIBLEN,2022-07-21,202.4,206.4,202.15,203.5,3470
PLASTIBLEN,2022-07-22,204.0,208.0,202.1,204.1,11956
PLASTIBLEN,2022-07-25,206.0,213.05,205.85,210.7,34138
PLASTIBLEN,2022-07-26,209.4,212.4,207.15,209.3,9619
PLASTIBLEN,2022-07-27,209.6,213.8,207.5,211.35,10803
PLASTIBLEN,2022-07-28,211.0,211.0,207.6,208.35,2936
PLASTIBLEN,2022-07-29,210.7,210.9,208.0,208.9,2855
PLASTIBLEN,2022-08-01,207.0,212.0,206.05,210.15,7406
PLASTIBLEN,2022-08-02,208.3,215.0,208.0,213.65,10710
PLASTIBLEN,2022-08-03,213.65,219.0,210.3,215.9,46688
PLASTIBLEN,2022-08-04,217.0,217.0,211.0,213.15,12374
PLASTIBLEN,2022-08-05,213.4,214.95,209.3,210.55,6440
PLASTIBLEN,2022-08-08,210.75,211.05,207.4,207.9,7087
PLASTIBLEN,2022-08-10,210.8,210.8,206.0,207.75,4976
PLASTIBLEN,2022-08-11,207.95,209.95,207.0,207.3,4765
PLASTIBLEN,2022-08-12,207.15,214.6,206.9,210.65,5200
PLASTIBLEN,2022-08-16,213.75,215.0,209.0,214.45,7365
PLASTIBLEN,2022-08-17,215.0,215.0,211.55,213.4,7082
PLASTIBLEN,2022-08-18,213.4,216.6,213.0,216.15,9799
PLASTIBLEN,2022-08-19,216.1,219.0,213.5,218.0,14501
PLASTIBLEN,2022-08-22,216.0,219.0,212.55,218.2,8856
PLASTIBLEN,2022-08-23,218.5,228.4,215.1,225.65,72942
PLASTIBLEN,2022-08-24,225.95,228.0,222.05,225.4,14822
PLASTIBLEN,2022-08-25,227.9,229.0,223.0,224.3,15819
PLASTIBLEN,2022-08-26,226.95,227.65,223.3,224.25,8288
PLASTIBLEN,2022-08-29,218.0,223.0,216.0,220.25,9780
PLASTIBLEN,2022-08-30,223.55,224.9,219.8,220.65,13632
PLASTIBLEN,2022-09-01,223.95,224.5,218.95,222.3,9919
PLASTIBLEN,2022-09-02,225.15,228.8,219.05,227.35,17601
PLASTIBLEN,2022-09-05,227.45,227.7,222.75,223.2,8502
PLASTIBLEN,2022-09-06,225.95,225.95,216.95,222.15,18864
PLASTIBLEN,2022-09-07,223.5,225.0,220.6,224.2,9469
PLASTIBLEN,2022-09-08,225.15,234.0,224.5,231.4,59350
PLASTIBLEN,2022-09-09,233.0,233.0,225.35,229.15,20985
PLASTIBLEN,2022-09-12,232.55,232.55,228.0,229.65,25108
PLASTIBLEN,2022-09-13,230.0,230.9,229.0,229.05,5613
PLASTIBLEN,2022-09-14,225.6,238.9,225.6,234.15,84140
PLASTIBLEN,2022-09-15,237.8,237.8,231.5,234.25,12291
PLASTIBLEN,2022-09-16,231.3,235.0,231.2,233.05,39760
PLASTIBLEN,2022-09-19,233.95,233.95,227.65,232.0,18786
PLASTIBLEN,2022-09-20,232.25,233.95,232.0,232.05,16725
PLASTIBLEN,2022-09-21,233.25,234.5,232.45,233.25,35075
PLASTIBLEN,2022-09-22,233.25,234.0,230.55,232.05,12045
PLASTIBLEN,2022-09-23,233.15,233.15,228.3,230.1,17105
PLASTIBLEN,2022-09-26,223.0,224.3,214.05,218.1,11611
PLASTIBLEN,2022-09-27,221.35,224.35,212.7,217.15,8581
PLASTIBLEN,2022-09-28,216.0,218.5,206.55,209.95,7895
PLASTIBLEN,2022-09-29,213.1,218.7,212.3,215.2,6701
PLASTIBLEN,2022-09-30,216.55,221.6,215.1,219.6,6990
PLASTIBLEN,2022-10-03,219.0,221.5,214.0,219.0,9139
PLASTIBLEN,2022-10-04,223.35,223.95,220.1,221.25,4743
PLASTIBLEN,2022-10-06,221.25,224.0,220.55,222.75,7322
PLASTIBLEN,2022-10-07,220.55,223.75,220.1,221.45,1958
PLASTIBLEN,2022-10-10,224.75,224.9,216.2,218.8,6922
PLASTIBLEN,2022-10-11,221.0,223.45,215.0,217.95,5179
PLASTIBLEN,2022-10-12,220.7,222.0,218.1,220.2,3378
PLASTIBLEN,2022-10-13,220.3,242.4,220.0,226.6,103306
PLASTIBLEN,2022-10-14,229.0,234.0,202.35,222.7,77945
PLASTIBLEN,2022-10-17,209.25,211.9,204.0,209.2,44336
PLASTIBLEN,2022-10-18,210.0,214.5,206.75,208.65,11383
PLASTIBLEN,2022-10-19,205.75,209.75,201.6,204.45,9449
PLASTIBLEN,2022-10-20,202.4,210.05,202.0,206.1,40753
PLASTIBLEN,2022-10-21,205.95,209.0,199.05,200.2,31465
PLASTIBLEN,2022-10-24,201.5,202.95,195.65,197.9,4498
PLASTIBLEN,2022-10-25,198.95,204.8,196.1,204.0,4331
PLASTIBLEN,2022-10-27,203.95,206.95,200.0,203.45,9921
PLASTIBLEN,2022-10-28,204.95,204.95,199.6,200.95,4532
PLASTIBLEN,2022-10-31,202.0,203.65,200.15,200.55,7238
PLASTIBLEN,2022-11-01,203.55,204.95,200.75,201.1,6157
PLASTIBLEN,2022-11-02,203.8,204.0,199.0,199.9,5166
PLASTIBLEN,2022-11-03,202.8,203.0,199.2,201.65,14905
PLASTIBLEN,2022-11-04,200.1,205.65,200.1,204.35,7159
PLASTIBLEN,2022-11-07,204.95,205.8,201.0,202.2,4825
PLASTIBLEN,2022-11-09,203.65,203.65,201.1,202.2,7582
PLASTIBLEN,2022-11-10,202.25,204.2,200.0,201.2,1626
PLASTIBLEN,2022-11-11,205.0,205.0,199.65,201.35,8092
PLASTIBLEN,2022-11-14,201.15,203.8,200.25,200.85,3155
PLASTIBLEN,2022-11-15,201.2,202.0,199.0,199.5,5225
PLASTIBLEN,2022-11-16,200.0,200.5,197.1,198.4,6291
PLASTIBLEN,2022-11-17,198.1,199.35,196.0,196.35,6939
PLASTIBLEN,2022-11-18,196.6,198.05,193.0,193.6,4864
PLASTIBLEN,2022-11-21,193.65,199.05,193.65,196.35,6783
PLASTIBLEN,2022-11-22,198.95,198.95,192.6,193.25,7924
PLASTIBLEN,2022-11-23,196.0,196.1,190.0,190.8,10136
PLASTIBLEN,2022-11-24,193.6,194.2,191.3,192.6,6116
PLASTIBLEN,2022-11-25,193.8,194.0,191.5,193.35,10793
PLASTIBLEN,2022-11-28,192.05,194.05,191.25,192.5,19222
PLASTIBLEN,2022-11-29,192.5,194.0,188.8,189.8,21264
PLASTIBLEN,2022-11-30,190.3,192.95,189.9,192.25,12443
PLASTIBLEN,2022-12-01,194.9,194.9,185.2,190.1,13262
PLASTIBLEN,2022-12-02,189.7,191.15,186.0,187.75,31841
PLASTIBLEN,2022-12-05,188.35,189.9,187.05,188.0,10658
PLASTIBLEN,2022-12-06,191.0,191.0,184.55,184.95,28571
PLASTIBLEN,2022-12-07,187.0,187.0,181.5,183.2,25502
PLASTIBLEN,2022-12-08,184.5,186.65,183.9,184.95,10843
PLASTIBLEN,2022-12-09,186.15,186.85,180.6,181.95,13216
PLASTIBLEN,2022-12-12,182.5,185.4,181.55,182.35,11759
PLASTIBLEN,2022-12-13,184.8,184.8,178.1,178.55,31378
PLASTIBLEN,2022-12-14,180.0,186.0,179.95,183.45,27907
PLASTIBLEN,2022-12-15,184.0,184.95,180.35,181.45,36420
PLASTIBLEN,2022-12-16,181.25,185.6,181.25,184.55,20048
PLASTIBLEN,2022-12-19,183.5,184.45,180.6,181.65,32163
PLASTIBLEN,2022-12-20,183.1,188.7,183.0,183.55,16267
PLASTIBLEN,2022-12-21,187.0,187.0,178.0,179.1,37994
PLASTIBLEN,2022-12-22,179.85,181.15,177.85,178.55,9685
PLASTIBLEN,2022-12-23,177.0,179.0,168.2,169.3,18837
PLASTIBLEN,2022-12-26,172.0,179.95,170.1,176.35,5777
PLASTIBLEN,2022-12-27,176.2,178.65,174.65,177.55,7797
PLASTIBLEN,2022-12-28,178.0,181.0,175.1,178.65,9280
PLASTIBLEN,2022-12-29,178.65,180.0,174.55,176.7,10380
PLASTIBLEN,2022-12-30,176.5,179.9,176.5,178.7,6478
PLASTIBLEN,2023-01-02,183.95,188.25,180.15,187.2,43585
PLASTIBLEN,2023-01-03,187.2,189.0,184.2,187.75,10905
PLASTIBLEN,2023-01-04,188.45,189.0,184.05,184.5,8333
PLASTIBLEN,2023-01-05,185.5,186.95,182.0,182.95,6265
PLASTIBLEN,2023-01-06,183.95,185.2,182.0,182.25,6713
PLASTIBLEN,2023-01-09,185.0,187.0,178.1,179.9,18143
PLASTIBLEN,2023-01-10,183.95,183.95,179.0,179.25,4850
PLASTIBLEN,2023-01-11,180.4,182.9,178.25,181.15,15990
PLASTIBLEN,2023-01-12,182.1,187.0,176.0,180.55,79313
PLASTIBLEN,2023-01-13,176.0,177.5,172.9,175.6,25977
PLASTIBLEN,2023-01-16,174.15,177.85,173.0,173.35,22349
PLASTIBLEN,2023-01-17,173.05,175.75,171.4,172.4,8298
PLASTIBLEN,2023-01-18,171.5,174.05,171.4,171.6,6613
PLASTIBLEN,2023-01-19,173.45,173.95,168.0,169.6,17150
PLASTIBLEN,2023-01-20,173.0,173.0,166.0,166.7,11044
PLASTIBLEN,2023-01-23,169.0,169.0,161.95,163.65,17456
PLASTIBLEN,2023-01-24,164.95,167.4,157.7,159.65,22663
PLASTIBLEN,2023-01-25,158.8,161.05,156.0,157.8,18842
PLASTIBLEN,2023-01-27,160.0,161.15,153.3,155.5,12051
PLASTIBLEN,2023-01-30,158.7,159.0,155.0,157.1,8859
PLASTIBLEN,2023-01-31,157.1,167.45,157.1,162.95,19225
PLASTIBLEN,2023-02-01,163.05,166.15,158.5,160.1,13426
PLASTIBLEN,2023-02-02,160.1,164.0,160.0,160.35,7118
PLASTIBLEN,2023-02-03,161.9,163.45,159.8,160.3,5117
PLASTIBLEN,2023-02-06,162.0,164.0,161.0,161.65,5100
PLASTIBLEN,2023-02-07,161.55,164.0,160.0,161.1,5579
PLASTIBLEN,2023-02-08,160.2,162.75,160.2,161.75,3478
PLASTIBLEN,2023-02-09,161.75,163.75,160.05,161.9,5338
PLASTIBLEN,2023-02-10,162.1,166.9,161.85,165.55,8969
PLASTIBLEN,2023-02-13,166.6,170.35,166.6,168.35,7528
PLASTIBLEN,2023-02-14,168.35,168.9,163.65,165.05,6289
PLASTIBLEN,2023-02-15,165.1,165.95,163.9,164.6,2488
PLASTIBLEN,2023-02-16,164.4,166.45,163.55,164.1,5214
PLASTIBLEN,2023-02-17,161.05,166.25,161.05,164.7,3450
PLASTIBLEN,2023-02-20,167.0,167.0,164.25,164.4,2003
PLASTIBLEN,2023-02-21,164.9,165.7,164.55,164.55,3714
PLASTIBLEN,2023-02-22,164.8,165.15,162.0,162.85,5026
PLASTIBLEN,2023-02-23,166.1,166.1,158.0,158.75,4938
PLASTIBLEN,2023-02-24,158.75,160.8,156.0,158.25,15457
PLASTIBLEN,2023-02-27,158.25,158.25,153.65,155.2,37978
PLASTIBLEN,2023-02-28,153.65,156.8,153.0,153.75,5604
PLASTIBLEN,2023-03-01,154.0,155.8,152.9,154.9,6642
PLASTIBLEN,2023-03-02,155.0,169.0,153.95,163.15,26468
PLASTIBLEN,2023-03-03,163.7,165.7,161.0,161.65,10929
PLASTIBLEN,2023-03-06,163.35,167.0,162.0,163.05,16607
PLASTIBLEN,2023-03-08,160.55,164.5,158.6,160.2,8788
PLASTIBLEN,2023-03-09,161.2,162.45,159.0,160.0,10458
PLASTIBLEN,2023-03-10,158.9,161.85,158.55,159.9,25776
PLASTIBLEN,2023-03-13,159.9,163.0,156.3,157.2,7250
PLASTIBLEN,2023-03-14,157.05,158.45,153.6,154.75,3991
PLASTIBLEN,2023-03-15,155.55,158.0,155.35,156.6,9022
PLASTIBLEN,2023-03-16,155.05,155.55,150.35,151.65,13048
PLASTIBLEN,2023-03-17,153.8,157.95,153.65,155.75,6453
PLASTIBLEN,2023-03-20,154.05,155.0,150.0,150.65,9125
PLASTIBLEN,2023-03-21,152.75,153.65,150.6,152.0,10971
PLASTIBLEN,2023-03-22,152.05,154.2,151.85,152.9,8661
PLASTIBLEN,2023-03-23,152.3,154.7,151.55,152.9,4113
PLASTIBLEN,2023-03-24,153.7,153.95,149.0,149.85,10301
PLASTIBLEN,2023-03-27,149.85,151.4,142.0,143.65,15657
PLASTIBLEN,2023-03-28,145.0,145.0,138.55,140.4,15801
PLASTIBLEN,2023-03-29,140.6,152.0,140.6,150.5,84389
PLASTIBLEN,2023-03-31,154.0,158.45,146.3,151.0,18007
PLASTIBLEN,2023-04-03,154.0,163.3,154.0,158.95,12634
PLASTIBLEN,2023-04-05,161.0,167.0,157.6,163.25,15683
PLASTIBLEN,2023-04-06,162.8,163.3,160.4,160.7,4109
PLASTIBLEN,2023-04-10,162.15,164.95,161.45,163.55,5058
PLASTIBLEN,2023-04-11,163.75,164.95,154.95,158.7,21310
PLASTIBLEN,2023-04-12,158.7,161.05,157.0,158.8,10028
PLASTIBLEN,2023-04-13,159.9,164.6,156.05,163.3,8781
PLASTIBLEN,2023-04-17,163.3,163.3,158.05,159.3,7229
PLASTIBLEN,2023-04-18,160.9,163.0,158.5,159.75,9024
PLASTIBLEN,2023-04-19,159.85,163.9,159.05,161.0,4513
PLASTIBLEN,2023-04-20,162.85,163.45,160.0,161.6,3962
PLASTIBLEN,2023-04-21,162.4,163.0,159.2,160.4,3203
PLASTIBLEN,2023-04-24,161.2,161.2,160.0,160.4,828
PLASTIBLEN,2023-04-25,161.5,167.45,160.25,165.45,17582
PLASTIBLEN,2023-04-26,165.4,168.95,162.25,167.15,14285
PLASTIBLEN,2023-04-27,169.0,169.0,165.5,166.35,3918
PLASTIBLEN,2023-04-28,165.0,168.0,163.05,164.75,11725
PLASTIBLEN,2023-05-02,163.0,170.0,163.0,166.35,15446
PLASTIBLEN,2023-05-03,167.85,177.95,167.0,174.5,46840
PLASTIBLEN,2023-05-04,179.0,180.1,174.5,177.2,71154
PLASTIBLEN,2023-05-05,177.6,178.25,174.1,175.35,14821
PLASTIBLEN,2023-05-08,175.35,177.45,172.9,174.35,5720
PLASTIBLEN,2023-05-09,176.6,176.6,172.0,172.65,11530
PLASTIBLEN,2023-05-10,172.0,174.0,171.05,173.05,9274
PLASTIBLEN,2023-05-11,173.45,176.9,172.6,173.9,6845
PLASTIBLEN,2023-05-12,171.85,174.95,171.2,172.4,6524
PLASTIBLEN,2023-05-15,171.2,173.4,170.0,170.15,4155
PLASTIBLEN,2023-05-16,169.35,176.9,169.35,174.5,17764
PLASTIBLEN,2023-05-17,174.55,178.45,172.15,173.9,11461
PLASTIBLEN,2023-05-18,172.1,174.6,172.1,173.15,8025
PLASTIBLEN,2023-05-19,172.55,173.85,168.05,170.4,7951
PLASTIBLEN,2023-05-22,171.0,171.0,164.1,167.05,17699
PLASTIBLEN,2023-05-23,167.05,173.4,167.05,171.8,11083
PLASTIBLEN,2023-05-24,171.15,172.3,167.75,169.2,5739
PLASTIBLEN,2023-05-25,172.95,172.95,167.95,169.85,3324
PLASTIBLEN,2023-05-26,169.85,171.0,169.1,170.65,5593
PLASTIBLEN,2023-05-29,170.5,172.95,168.1,170.3,16722
PLASTIBLEN,2023-05-30,170.95,172.6,168.05,169.05,8493
PLASTIBLEN,2023-05-31,169.05,182.5,168.95,179.8,54581
PLASTIBLEN,2023-06-01,180.0,182.0,176.95,177.8,14308
PLASTIBLEN,2023-06-02,180.45,180.45,178.2,179.25,6690
PLASTIBLEN,2023-06-05,179.5,183.45,179.5,182.4,15570
PLASTIBLEN,2023-06-06,182.4,191.0,180.35,183.0,52334
PLASTIBLEN,2023-06-07,185.65,187.5,182.5,184.25,7993
PLASTIBLEN,2023-06-08,186.9,188.0,183.05,184.45,7385
PLASTIBLEN,2023-06-09,186.9,186.9,183.8,185.15,5924
PLASTIBLEN,2023-06-12,183.0,187.05,181.5,185.4,7516
PLASTIBLEN,2023-06-13,185.0,189.4,185.0,186.7,13155
PLASTIBLEN,2023-06-14,187.7,188.2,185.05,185.85,8645
PLASTIBLEN,2023-06-15,184.8,187.9,184.15,185.25,4261
PLASTIBLEN,2023-06-16,187.4,189.5,185.05,187.85,12277
PLASTIBLEN,2023-06-19,188.0,190.0,186.95,187.7,6731
PLASTIBLEN,2023-06-20,188.6,189.45,185.1,187.0,8699
PLASTIBLEN,2023-06-21,187.7,189.7,186.7,189.15,7474
PLASTIBLEN,2023-06-22,189.15,191.0,187.05,188.35,11224
PLASTIBLEN,2023-06-23,188.5,188.5,183.8,184.3,10118
PLASTIBLEN,2023-06-26,182.3,186.1,179.05,183.8,18512
PLASTIBLEN,2023-06-27,183.55,185.85,183.0,184.8,4956
PLASTIBLEN,2023-06-28,185.95,186.25,180.0,180.95,15996
PLASTIBLEN,2023-06-30,183.0,205.5,181.55,193.7,159791
PLASTIBLEN,2023-07-03,195.0,200.5,191.6,193.8,24202
PLASTIBLEN,2023-07-04,195.7,199.8,192.55,196.65,24385
PLASTIBLEN,2023-07-05,196.65,198.7,195.0,196.4,11604
PLASTIBLEN,2023-07-06,195.8,197.0,194.4,195.55,10978
PLASTIBLEN,2023-07-07,195.0,195.0,191.8,193.4,14263
PLASTIBLEN,2023-07-10,195.4,199.0,193.1,196.45,21081
PLASTIBLEN,2023-07-11,197.9,204.0,196.5,198.9,56474
PLASTIBLEN,2023-07-12,188.0,192.95,181.55,192.55,106877
PLASTIBLEN,2023-07-13,195.9,195.9,191.75,192.6,31376
PLASTIBLEN,2023-07-14,192.05,194.55,190.2,191.6,12264
PLASTIBLEN,2023-07-17,188.35,196.15,188.35,193.55,19911
PLASTIBLEN,2023-07-18,195.4,197.0,192.9,196.1,15538
PLASTIBLEN,2023-07-19,195.0,197.8,195.0,196.85,10539
PLASTIBLEN,2023-07-20,196.85,209.8,195.6,206.25,111182
PLASTIBLEN,2023-07-21,211.0,222.6,209.8,218.1,268954
PLASTIBLEN,2023-07-24,219.8,219.8,207.4,213.2,61008
PLASTIBLEN,2023-07-25,214.95,214.95,210.9,212.9,21021
PLASTIBLEN,2023-07-26,214.95,217.65,208.5,210.25,25780
PLASTIBLEN,2023-07-27,213.4,218.3,210.55,214.65,18230
PLASTIBLEN,2023-07-28,216.55,216.55,212.4,214.55,10753
PLASTIBLEN,2023-07-31,214.55,217.1,212.3,215.45,14957
PLASTIBLEN,2023-08-01,215.6,228.35,215.6,222.15,68759
PLASTIBLEN,2023-08-02,222.35,225.45,216.0,217.75,26539
PLASTIBLEN,2023-08-03,213.4,220.95,211.05,219.2,12152
PLASTIBLEN,2023-08-04,220.7,227.0,219.35,224.65,21172
PLASTIBLEN,2023-08-07,220.4,224.65,217.3,223.7,33914
PLASTIBLEN,2023-08-08,222.0,229.95,222.0,229.65,51913
PLASTIBLEN,2023-08-09,228.0,232.4,224.15,229.4,49442
PLASTIBLEN,2023-08-10,232.8,232.8,224.55,227.7,10170
PLASTIBLEN,2023-08-11,230.0,230.0,218.2,224.4,15470
PLASTIBLEN,2023-08-14,219.95,223.0,215.6,222.5,17874
PLASTIBLEN,2023-08-16,221.25,226.45,218.05,225.45,21622
PLASTIBLEN,2023-08-17,225.95,226.8,219.75,221.25,18914
PLASTIBLEN,2023-08-18,223.2,231.5,223.2,226.25,66988
PLASTIBLEN,2023-08-21,225.05,225.4,221.3,223.3,12128
PLASTIBLEN,2023-08-22,225.0,229.75,223.9,227.3,26630
PLASTIBLEN,2023-08-23,228.95,250.95,227.05,248.85,384061
PLASTIBLEN,2023-08-24,250.0,250.1,235.5,237.4,107796
PLASTIBLEN,2023-08-25,237.0,238.75,231.0,233.05,37171
PLASTIBLEN,2023-08-28,237.35,237.35,233.25,235.95,17628
PLASTIBLEN,2023-08-29,238.1,238.1,228.95,230.6,24917
PLASTIBLEN,2023-08-30,230.6,234.75,230.6,233.9,18334
PLASTIBLEN,2023-08-31,234.15,235.75,224.2,227.35,42255
PLASTIBLEN,2023-09-01,228.0,245.0,228.0,237.8,53256
PLASTIBLEN,2023-09-04,243.0,243.0,233.15,235.7,52880
PLASTIBLEN,2023-09-05,237.45,238.0,233.0,233.8,33795
PLASTIBLEN,2023-09-06,236.0,236.0,228.6,231.55,16267
PLASTIBLEN,2023-09-07,231.05,233.95,226.0,226.8,36678
PLASTIBLEN,2023-09-08,226.8,232.4,226.8,229.5,17686
PLASTIBLEN,2023-09-11,232.7,233.15,228.05,228.85,13987
PLASTIBLEN,2023-09-12,228.85,230.45,215.75,222.85,98671
PLASTIBLEN,2023-09-13,222.85,232.3,222.4,229.1,55137
PLASTIBLEN,2023-09-14,232.3,235.0,227.8,232.25,82279
PLASTIBLEN,2023-09-15,230.05,234.3,230.05,233.4,17725
PLASTIBLEN,2023-09-18,233.4,258.9,229.15,243.0,227087
PLASTIBLEN,2023-09-20,243.0,245.0,232.8,234.65,95884
PLASTIBLEN,2023-09-21,234.4,237.45,230.55,231.65,17382
PLASTIBLEN,2023-09-22,232.6,234.8,229.6,232.05,36775
PLASTIBLEN,2023-09-25,232.05,234.0,230.0,232.4,6886
PLASTIBLEN,2023-09-26,233.75,240.0,229.0,235.1,16540
PLASTIBLEN,2023-09-27,232.9,237.55,231.6,235.35,9896
PLASTIBLEN,2023-09-28,235.0,238.25,231.65,233.9,18825
PLASTIBLEN,2023-09-29,234.75,241.0,231.55,236.75,23928
PLASTIBLEN,2023-10-03,236.75,236.75,227.55,229.1,10831
PLASTIBLEN,2023-10-04,229.0,231.35,223.05,230.4,10499
PLASTIBLEN,2023-10-05,231.2,233.15,221.05,225.65,80222
PLASTIBLEN,2023-10-06,223.0,233.0,223.0,227.95,19181
PLASTIBLEN,2023-10-09,225.55,227.95,224.0,224.9,4568
PLASTIBLEN,2023-10-10,225.1,234.0,225.1,232.5,17922
PLASTIBLEN,2023-10-11,236.45,239.75,233.0,237.45,36750
PLASTIBLEN,2023-10-12,265.0,278.0,250.0,268.25,1199042
PLASTIBLEN,2023-10-13,269.35,269.35,256.1,259.55,151154
PLASTIBLEN,2023-10-16,262.0,280.5,262.0,264.9,440211
PLASTIBLEN,2023-10-17,264.95,275.0,262.35,274.45,169886
PLASTIBLEN,2023-10-18,275.8,277.2,263.0,268.75,78752
PLASTIBLEN,2023-10-19,269.05,273.65,264.0,269.85,63323
PLASTIBLEN,2023-10-20,270.0,278.05,264.1,266.7,83249
PLASTIBLEN,2023-10-23,270.0,270.0,252.6,255.15,49393
PLASTIBLEN,2023-10-25,252.0,270.0,247.3,259.45,140159
PLASTIBLEN,2023-10-26,262.0,264.9,251.0,258.95,46126
PLASTIBLEN,2023-10-27,263.5,267.15,260.05,265.35,44192
PLASTIBLEN,2023-10-30,265.35,273.9,262.3,270.0,88538
PLASTIBLEN,2023-10-31,271.7,275.0,264.5,267.2,30212
PLASTIBLEN,2023-11-01,267.2,288.9,263.8,277.35,309878
PLASTIBLEN,2023-11-02,284.0,284.0,267.95,271.2,98907
PLASTIBLEN,2023-11-03,275.0,277.0,271.05,273.2,40270
PLASTIBLEN,2023-11-06,275.65,279.4,268.7,271.9,37936
PLASTIBLEN,2023-11-07,276.0,294.7,267.0,288.2,266412
PLASTIBLEN,2023-11-08,292.45,308.9,291.25,304.7,606273
PLASTIBLEN,2023-11-09,310.0,318.9,303.3,305.05,354154
PLASTIBLEN,2023-11-10,305.05,318.0,305.05,309.9,93999
PLASTIBLEN,2023-11-13,315.0,320.55,306.35,309.95,63613
PLASTIBLEN,2023-11-15,314.95,317.0,300.7,303.95,110766
PLASTIBLEN,2023-11-16,306.45,309.2,297.55,299.25,56079
PLASTIBLEN,2023-11-17,302.0,303.8,291.0,292.6,66434
PLASTIBLEN,2023-11-20,290.35,308.25,289.05,303.25,76502
PLASTIBLEN,2023-11-21,301.05,308.0,296.55,306.6,61776
PLASTIBLEN,2023-11-22,309.65,311.65,302.25,309.45,35179
PLASTIBLEN,2023-11-23,309.45,314.6,302.85,306.15,35941
PLASTIBLEN,2023-11-24,309.2,320.5,301.6,316.25,112319
PLASTIBLEN,2023-11-28,324.7,329.7,316.0,318.35,146511
PLASTIBLEN,2023-11-29,320.8,323.0,316.0,317.05,53377
PLASTIBLEN,2023-11-30,317.05,319.2,310.85,314.55,57112
PLASTIBLEN,2023-12-01,312.3,324.5,312.3,317.7,61356
PLASTIBLEN,2023-12-04,322.0,325.0,316.0,317.85,50197
PLASTIBLEN,2023-12-05,318.95,320.9,310.25,313.7,42205
PLASTIBLEN,2023-12-06,313.7,323.3,305.85,309.55,80176
PLASTIBLEN,2023-12-07,310.4,314.7,305.0,314.05,42565
PLASTIBLEN,2023-12-08,314.5,317.6,304.6,308.1,35699
PLASTIBLEN,2023-12-11,312.0,313.15,306.1,307.95,24888
PLASTIBLEN,2023-12-12,308.95,312.9,304.0,305.7,27555
PLASTIBLEN,2023-12-13,309.85,309.85,300.2,302.85,27846
PLASTIBLEN,2023-12-14,304.4,309.15,302.0,304.35,28743
PLASTIBLEN,2023-12-15,305.9,305.9,296.7,300.0,30014
PLASTIBLEN,2023-12-18,300.0,304.95,291.65,294.2,58154
PLASTIBLEN,2023-12-19,295.7,305.3,291.35,293.4,26284
PLASTIBLEN,2023-12-20,293.75,305.2,272.6,277.9,98348
PLASTIBLEN,2023-12-21,271.95,292.0,270.35,287.85,63604
PLASTIBLEN,2023-12-22,289.3,294.05,285.85,289.95,28161
PLASTIBLEN,2023-12-26,294.0,298.2,291.15,296.1,25400
PLASTIBLEN,2023-12-27,297.55,300.25,287.85,293.25,19982
PLASTIBLEN,2023-12-28,295.0,305.0,293.6,297.15,79612
PLASTIBLEN,2023-12-29,298.2,300.4,291.3,294.1,31472
PLASTIBLEN,2024-01-01,297.65,306.7,295.4,304.2,63842
PLASTIBLEN,2024-01-02,304.2,329.0,304.2,326.35,275329
PLASTIBLEN,2024-01-03,330.0,340.9,326.25,330.65,254956
PLASTIBLEN,2024-01-04,334.0,339.6,324.05,327.55,97846
PLASTIBLEN,2024-01-05,329.9,337.05,328.0,331.85,129216
PLASTIBLEN,2024-01-08,336.4,339.55,327.5,330.05,50740
PLASTIBLEN,2024-01-09,331.7,336.45,329.2,331.35,36987
PLASTIBLEN,2024-01-10,338.9,338.9,327.9,330.1,112692
PLASTIBLEN,2024-01-11,335.05,358.0,330.1,340.4,412433
PLASTIBLEN,2024-01-12,319.0,322.6,308.1,310.35,416405
PLASTIBLEN,2024-01-15,316.0,317.9,302.2,303.35,81762
PLASTIBLEN,2024-01-16,302.0,304.9,295.05,296.05,62481
PLASTIBLEN,2024-01-17,295.0,308.4,290.6,298.75,78973
PLASTIBLEN,2024-01-18,299.9,303.35,291.35,296.15,39199
PLASTIBLEN,2024-01-19,297.6,303.85,295.1,297.45,48711
PLASTIBLEN,2024-01-23,295.75,319.8,293.3,314.5,401776
PLASTIBLEN,2024-01-24,317.8,319.35,306.0,311.35,91149
PLASTIBLEN,2024-01-25,314.8,314.8,305.6,308.3,46474
PLASTIBLEN,2024-01-29,308.3,312.45,306.0,307.55,38668
PLASTIBLEN,2024-01-30,309.0,312.2,305.0,306.0,38542
PLASTIBLEN,2024-01-31,305.0,309.0,303.1,304.25,25033
PLASTIBLEN,2024-02-01,303.0,306.35,297.1,303.3,34925
PLASTIBLEN,2024-02-02,304.35,309.35,302.15,304.2,45240
PLASTIBLEN,2024-02-05,304.2,305.5,297.3,302.05,45083
PLASTIBLEN,2024-02-06,300.0,302.95,291.0,296.15,36737
PLASTIBLEN,2024-02-07,297.6,309.0,295.55,303.9,48986
PLASTIBLEN,2024-02-08,308.8,309.9,298.05,301.5,31171
PLASTIBLEN,2024-02-09,301.5,302.85,292.85,298.0,16472
PLASTIBLEN,2024-02-12,296.0,297.9,273.9,278.4,46924
PLASTIBLEN,2024-02-13,284.05,284.05,270.05,279.75,27760
PLASTIBLEN,2024-02-14,285.0,289.25,281.4,285.25,17739
PLASTIBLEN,2024-02-15,286.0,292.4,285.0,287.45,11321
PLASTIBLEN,2024-02-16,281.95,292.0,281.95,285.65,12323
PLASTIBLEN,2024-02-19,283.25,293.55,282.0,283.4,27636
PLASTIBLEN,2024-02-20,284.65,287.75,277.55,281.05,22780
PLASTIBLEN,2024-02-21,284.0,287.2,277.0,277.9,22947
PLASTIBLEN,2024-02-22,277.7,282.1,273.85,279.25,23059
PLASTIBLEN,2024-02-23,278.9,281.6,272.25,274.6,20238
PLASTIBLEN,2024-02-26,263.0,278.0,263.0,270.5,49167
PLASTIBLEN,2024-02-27,271.9,276.0,268.0,268.85,15541
PLASTIBLEN,2024-02-28,268.2,271.9,260.5,264.2,27446
PLASTIBLEN,2024-02-29,265.05,267.5,260.35,263.55,12088
PLASTIBLEN,2024-03-01,263.55,269.9,263.0,264.6,11890
PLASTIBLEN,2024-03-04,265.3,271.7,261.0,264.75,13245
PLASTIBLEN,2024-03-05,266.1,269.0,261.3,266.0,24195
PLASTIBLEN,2024-03-06,265.35,265.65,257.25,262.75,61367
PLASTIBLEN,2024-03-07,264.05,268.35,262.1,262.7,11275
PLASTIBLEN,2024-03-11,262.7,264.0,251.05,252.6,66064
PLASTIBLEN,2024-03-12,253.1,253.9,240.35,244.65,33471
PLASTIBLEN,2024-03-13,242.0,248.35,230.05,232.15,52033
PLASTIBLEN,2024-03-14,227.15,244.05,227.15,239.85,18305
PLASTIBLEN,2024-03-15,237.5,246.85,233.05,234.4,18485
PLASTIBLEN,2024-03-18,234.4,242.25,234.4,240.25,16074
PLASTIBLEN,2024-03-19,240.0,240.65,231.7,235.8,9146
PLASTIBLEN,2024-03-20,235.65,236.7,231.0,233.1,12810
PLASTIBLEN,2024-03-21,234.0,242.1,234.0,239.9,32161
PLASTIBLEN,2024-03-22,240.05,248.0,239.0,244.25,27098
PLASTIBLEN,2024-03-26,244.95,248.0,236.4,238.0,28606
PLASTIBLEN,2024-03-27,236.05,243.65,230.05,232.75,54943
PLASTIBLEN,2024-03-28,233.9,241.0,230.05,231.95,46432
PLASTIBLEN,2024-04-01,233.1,254.95,233.1,246.05,36567
PLASTIBLEN,2024-04-02,245.45,252.0,243.15,249.9,31172
PLASTIBLEN,2024-04-03,251.2,264.95,250.6,262.55,30765
PLASTIBLEN,2024-04-04,264.95,270.55,258.4,264.75,43013
PLASTIBLEN,2024-04-05,272.1,281.7,270.0,278.3,91365
PLASTIBLEN,2024-04-08,277.05,277.5,267.95,270.85,59116
PLASTIBLEN,2024-04-09,271.15,279.8,269.1,275.7,23983
PLASTIBLEN,2024-04-10,276.1,277.8,272.25,273.35,20107
PLASTIBLEN,2024-04-12,273.35,276.45,268.0,269.3,12368
PLASTIBLEN,2024-04-15,253.9,265.0,253.9,259.85,20225
PLASTIBLEN,2024-04-16,255.95,268.75,255.95,261.55,17201
PLASTIBLEN,2024-04-18,262.9,272.0,261.9,263.0,22392
PLASTIBLEN,2024-04-19,259.05,266.15,256.0,260.7,17031
PLASTIBLEN,2024-04-22,262.1,267.0,260.0,262.15,10100
PLASTIBLEN,2024-04-23,263.05,265.9,260.5,263.1,13933
PLASTIBLEN,2024-04-24,264.45,282.5,263.35,274.35,57636
PLASTIBLEN,2024-04-25,275.8,278.7,267.5,273.75,16974
PLASTIBLEN,2024-04-26,275.0,275.0,271.3,272.15,9077
PLASTIBLEN,2024-04-29,281.0,281.0,271.0,271.7,11622
PLASTIBLEN,2024-04-30,270.35,274.1,268.0,272.3,17472
PLASTIBLEN,2024-05-02,274.5,281.0,270.55,278.45,51308
PLASTIBLEN,2024-05-03,287.05,291.65,274.0,275.4,80385
PLASTIBLEN,2024-05-06,276.8,278.4,267.1,267.5,22644
PLASTIBLEN,2024-05-07,271.5,273.5,261.7,262.45,8497
PLASTIBLEN,2024-05-08,263.8,267.9,259.8,264.35,8948
PLASTIBLEN,2024-05-09,265.1,265.1,255.05,256.45,9878
PLASTIBLEN,2024-05-10,257.7,261.6,253.65,258.05,11855
PLASTIBLEN,2024-05-13,258.05,259.3,253.4,255.65,5867
PLASTIBLEN,2024-05-14,256.85,262.9,256.25,261.5,6430
PLASTIBLEN,2024-05-15,262.8,274.6,262.8,267.5,17748
PLASTIBLEN,2024-05-16,265.75,268.65,261.0,263.15,5786
PLASTIBLEN,2024-05-17,266.95,272.0,263.05,267.1,15306
PLASTIBLEN,2024-05-21,266.65,267.9,256.55,258.05,21529
PLASTIBLEN,2024-05-22,262.95,262.95,257.45,257.9,10284
PLASTIBLEN,2024-05-23,258.6,260.0,256.1,259.65,8807
PLASTIBLEN,2024-05-24,260.5,260.5,255.5,256.45,12662
PLASTIBLEN,2024-05-27,255.1,260.85,254.7,256.6,13619
PLASTIBLEN,2024-05-28,258.0,258.2,250.6,251.8,9454
PLASTIBLEN,2024-05-29,251.8,257.0,251.8,255.45,9012
PLASTIBLEN,2024-05-30,254.5,254.95,250.05,251.05,7495
PLASTIBLEN,2024-05-31,252.4,253.0,249.6,250.4,9958
PLASTIBLEN,2024-06-03,252.8,259.5,251.7,253.35,13290
PLASTIBLEN,2024-06-04,251.0,254.15,227.15,236.6,20155
PLASTIBLEN,2024-06-05,237.8,253.25,232.95,252.3,17683
PLASTIBLEN,2024-06-06,255.65,258.7,248.6,250.2,16817
PLASTIBLEN,2024-06-07,251.5,256.0,251.5,253.6,8936
PLASTIBLEN,2024-06-10,257.0,265.0,253.1,254.95,26195
PLASTIBLEN,2024-06-11,256.05,266.0,253.8,264.3,23091
PLASTIBLEN,2024-06-12,263.75,265.0,260.1,263.15,17820
PLASTIBLEN,2024-06-13,264.3,272.0,263.0,268.2,31663
PLASTIBLEN,2024-06-14,268.0,273.15,266.05,269.1,24798
PLASTIBLEN,2024-06-18,267.3,270.7,264.0,266.75,12323
PLASTIBLEN,2024-06-19,268.95,277.15,265.8,271.2,43664
PLASTIBLEN,2024-06-20,272.0,279.0,267.85,272.1,45033
PLASTIBLEN,2024-06-21,272.0,274.8,268.0,274.1,15517
PLASTIBLEN,2024-06-24,275.0,278.65,271.3,274.95,16554
PLASTIBLEN,2024-06-25,273.95,279.7,273.95,275.05,17921
PLASTIBLEN,2024-06-26,275.55,275.55,266.6,268.8,16317
PLASTIBLEN,2024-06-27,266.4,273.0,265.55,267.3,10581
PLASTIBLEN,2024-06-28,268.7,269.6,266.45,267.35,5891
PLASTIBLEN,2024-07-01,264.0,273.9,264.0,272.05,23783
PLASTIBLEN,2024-07-02,272.9,281.35,272.5,276.2,33309
PLASTIBLEN,2024-07-03,277.7,288.0,274.25,278.4,52253
PLASTIBLEN,2024-07-04,283.8,293.0,277.8,288.2,71592
PLASTIBLEN,2024-07-05,289.7,300.8,287.55,299.3,145282
PLASTIBLEN,2024-07-08,303.9,304.9,292.45,294.55,46910
PLASTIBLEN,2024-07-09,292.0,296.55,283.5,287.25,22785
PLASTIBLEN,2024-07-10,287.25,295.95,284.15,292.85,23566
PLASTIBLEN,2024-07-11,320.0,322.0,311.05,313.2,309864
PLASTIBLEN,2024-07-12,312.8,321.4,308.65,315.55,120434
PLASTIBLEN,2024-07-15,331.15,337.0,322.0,329.95,365043
PLASTIBLEN,2024-07-16,330.8,337.0,320.0,321.9,128079
PLASTIBLEN,2024-07-18,324.9,324.9,309.3,311.95,69613
PLASTIBLEN,2024-07-19,309.95,314.95,301.1,304.35,58833
PLASTIBLEN,2024-07-22,304.35,317.45,303.3,308.25,44963
PLASTIBLEN,2024-07-23,305.95,307.95,295.0,303.45,41377
PLASTIBLEN,2024-07-24,308.0,308.0,301.95,305.05,32802
PLASTIBLEN,2024-07-25,304.0,307.7,303.3,304.8,18212
PLASTIBLEN,2024-07-26,309.35,315.0,306.75,309.0,32402
PLASTIBLEN,2024-07-29,313.65,313.65,301.3,305.25,43402
PLASTIBLEN,2024-07-30,308.7,308.7,300.95,303.25,19551
PLASTIBLEN,2024-07-31,304.55,323.3,304.5,317.6,84666
PLASTIBLEN,2024-08-01,319.05,322.7,308.35,310.25,30243
PLASTIBLEN,2024-08-02,307.4,311.95,305.05,309.85,26867
PLASTIBLEN,2024-08-05,308.0,317.05,297.6,306.45,124453
PLASTIBLEN,2024-08-06,313.0,317.8,297.0,299.95,51302
PLASTIBLEN,2024-08-07,301.5,310.7,301.5,304.65,28630
PLASTIBLEN,2024-08-08,303.25,312.3,301.0,303.45,32207
PLASTIBLEN,2024-08-09,305.0,307.9,302.0,303.65,16741
PLASTIBLEN,2024-08-12,305.2,306.95,299.1,300.55,39738
PLASTIBLEN,2024-08-13,298.1,304.95,292.1,293.75,29170
PLASTIBLEN,2024-08-14,294.6,297.0,287.7,293.15,17233
PLASTIBLEN,2024-08-16,294.0,294.05,286.0,286.95,33021
PLASTIBLEN,2024-08-19,286.95,298.0,286.95,293.9,25239
PLASTIBLEN,2024-08-20,296.5,297.45,291.0,292.4,19080
PLASTIBLEN,2024-08-21,294.2,305.9,294.2,300.7,33988
PLASTIBLEN,2024-08-22,301.55,331.85,299.25,324.7,341341
PLASTIBLEN,2024-08-23,330.0,330.1,309.7,319.75,103289
PLASTIBLEN,2024-08-26,322.6,332.0,317.8,321.0,82667
PLASTIBLEN,2024-08-27,322.5,322.5,312.6,314.0,33950
PLASTIBLEN,2024-08-28,311.3,324.0,311.3,316.3,33961
PLASTIBLEN,2024-08-29,321.05,339.0,313.2,322.15,259326
PLASTIBLEN,2024-08-30,322.95,366.6,319.35,359.2,1101956
PLASTIBLEN,2024-09-02,372.0,398.45,367.65,374.15,1660952
PLASTIBLEN,2024-09-03,372.4,387.7,371.85,375.7,391349
PLASTIBLEN,2024-09-04,369.15,373.0,359.0,360.75,137029
PLASTIBLEN,2024-09-05,351.0,366.0,342.75,354.75,46929
PLASTIBLEN,2024-09-06,354.75,358.0,337.05,340.0,57981
PLASTIBLEN,2024-09-09,330.0,339.0,323.0,323.0,40763
PLASTIBLEN,2024-09-10,320.0,339.15,311.25,336.25,35941
PLASTIBLEN,2024-09-11,340.0,352.95,339.0,343.4,40617
PLASTIBLEN,2024-09-12,345.0,353.0,329.0,330.9,16603
PLASTIBLEN,2024-09-13,330.9,341.9,324.0,335.7,17149
PLASTIBLEN,2024-09-16,335.7,337.0,325.0,330.3,16930
PLASTIBLEN,2024-09-17,330.3,335.0,318.0,327.35,11972
PLASTIBLEN,2024-09-18,328.0,333.85,318.0,323.2,14776
PLASTIBLEN,2024-09-19,324.25,324.25,307.05,315.0,35027
PLASTIBLEN,2024-09-20,314.85,320.0,301.7,310.45,19550
PLASTIBLEN,2024-09-23,319.9,319.9,306.0,311.4,15990
PLASTIBLEN,2024-09-24,323.0,323.0,309.6,314.55,16414
PLASTIBLEN,2024-09-25,316.0,327.4,312.0,318.15,11727
PLASTIBLEN,2024-09-26,327.0,327.0,302.25,311.1,34941
PLASTIBLEN,2024-09-27,309.85,316.9,301.55,305.55,27457
PLASTIBLEN,2024-09-30,309.9,311.0,301.0,305.2,9487
PLASTIBLEN,2024-10-01,301.25,309.0,301.25,304.25,9067
PLASTIBLEN,2024-10-03,298.1,306.95,291.1,295.55,17000
PLASTIBLEN,2024-10-04,295.0,304.8,287.9,293.65,18240
PLASTIBLEN,2024-10-07,294.0,298.85,279.0,282.7,23786
PLASTIBLEN,2024-10-08,282.0,296.0,274.0,294.75,7576
PLASTIBLEN,2024-10-09,302.3,302.95,290.0,293.55,7342
PLASTIBLEN,2024-10-10,298.0,300.0,294.0,298.45,6960
PLASTIBLEN,2024-10-11,300.0,311.0,283.55,292.95,41164
PLASTIBLEN,2024-10-14,280.0,290.0,280.0,282.4,35327
PLASTIBLEN,2024-10-15,282.4,282.4,270.5,272.8,21444
PLASTIBLEN,2024-10-16,275.7,281.5,272.0,276.0,72733
PLASTIBLEN,2024-10-17,276.0,278.8,268.0,273.35,7550
PLASTIBLEN,2024-10-18,278.0,278.0,270.55,273.45,8423
PLASTIBLEN,2024-10-21,266.0,273.0,266.0,269.1,13095
PLASTIBLEN,2024-10-22,270.0,270.0,256.0,257.85,11116
PLASTIBLEN,2024-10-23,257.0,260.5,250.0,255.35,6605
PLASTIBLEN,2024-10-24,252.05,260.95,252.05,253.25,4525
PLASTIBLEN,2024-10-25,253.25,253.25,240.7,243.6,9701
PLASTIBLEN,2024-10-28,249.9,254.6,242.2,249.5,7332
PLASTIBLEN,2024-10-29,259.0,259.0,242.0,245.35,7035
PLASTIBLEN,2024-10-30,247.0,253.95,245.0,251.05,6205
PLASTIBLEN,2024-10-31,256.0,256.0,248.0,249.05,2000
PLASTIBLEN,2024-11-01,254.05,260.0,250.0,252.81,5932
PLASTIBLEN,2024-11-04,255.0,255.0,247.05,248.05,4584
PLASTIBLEN,2024-11-05,248.05,254.75,242.5,248.09,6270
PLASTIBLEN,2024-11-06,254.0,257.9,248.0,252.3,10633
PLASTIBLEN,2024-11-07,252.8,262.05,251.4,261.22,13504
PLASTIBLEN,2024-11-08,262.4,269.7,255.12,261.24,9932
PLASTIBLEN,2024-11-11,262.4,270.0,260.0,264.7,3665
PLASTIBLEN,2024-11-12,253.05,260.97,251.5,253.36,12465
PLASTIBLEN,2024-11-13,253.0,253.0,242.0,245.84,5658
PLASTIBLEN,2024-11-14,249.0,249.0,242.0,244.03,2838
PLASTIBLEN,2024-11-18,237.0,247.0,235.2,241.0,2523
PLASTIBLEN,2024-11-19,250.99,250.99,242.25,243.46,3122
PLASTIBLEN,2024-11-21,243.46,244.0,231.28,238.26,9307
PLASTIBLEN,2024-11-22,237.0,243.99,231.0,233.38,7687
PLASTIBLEN,2024-11-25,241.5,241.5,232.25,233.4,6087
PLASTIBLEN,2024-11-26,238.99,245.07,235.3,245.07,28249
PLASTIBLEN,2024-11-27,250.0,252.8,242.11,245.76,7839
PLASTIBLEN,2024-11-28,246.0,249.89,245.0,248.18,4946
PLASTIBLEN,2024-11-29,249.0,251.79,245.0,247.95,1933
PLASTIBLEN,2024-12-02,257.3,257.3,245.0,253.56,7449
PLASTIBLEN,2024-12-03,252.95,266.23,251.0,266.23,23812
PLASTIBLEN,2024-12-04,272.99,272.99,262.6,271.71,9374
PLASTIBLEN,2024-12-05,274.0,280.0,273.5,275.47,14596
PLASTIBLEN,2024-12-06,270.1,281.0,269.6,279.11,7901
PLASTIBLEN,2024-12-09,287.0,289.0,270.0,274.68,33972
PLASTIBLEN,2024-12-10,276.9,276.9,268.5,270.15,5705
PLASTIBLEN,2024-12-11,269.57,283.65,269.57,273.56,11259
PLASTIBLEN,2024-12-12,273.05,277.0,263.67,264.82,13429
PLASTIBLEN,2024-12-13,269.98,269.98,258.88,261.46,8757
PLASTIBLEN,2024-12-16,265.97,269.0,261.2,264.08,10069
PLASTIBLEN,2024-12-17,267.8,267.8,255.65,256.94,12287
PLASTIBLEN,2024-12-18,253.11,263.67,253.11,259.93,6320
PLASTIBLEN,2024-12-19,255.0,258.0,244.35,252.83,12336
PLASTIBLEN,2024-12-20,257.98,262.0,241.1,243.53,11316
PLASTIBLEN,2024-12-23,254.83,254.84,235.98,240.75,8595
PLASTIBLEN,2024-12-24,244.98,245.01,237.0,240.05,5990
PLASTIBLEN,2024-12-26,243.99,247.35,241.15,242.65,13259
PLASTIBLEN,2024-12-27,247.99,247.99,241.1,242.92,7425
PLASTIBLEN,2024-12-30,242.11,247.0,238.1,241.15,16407
PLASTIBLEN,2024-12-31,238.68,247.01,236.1,244.27,8786
PLASTIBLEN,2025-01-01,248.05,264.98,246.08,259.35,16966
PLASTIBLEN,2025-01-02,259.98,261.45,247.05,251.09,13045
PLASTIBLEN,2025-01-03,251.09,257.4,243.61,246.1,36685
PLASTIBLEN,2025-01-06,252.63,252.63,235.0,235.38,25397
PLASTIBLEN,2025-01-07,244.99,244.99,235.35,240.09,10074
PLASTIBLEN,2025-01-08,241.4,251.8,237.2,246.5,18746
PLASTIBLEN,2025-01-09,252.0,252.0,246.02,248.01,6961
PLASTIBLEN,2025-01-10,249.0,249.0,239.63,243.09,6031
PLASTIBLEN,2025-01-13,243.05,243.4,222.5,226.68,16022
PLASTIBLEN,2025-01-14,226.0,232.59,226.0,231.78,7464
PLASTIBLEN,2025-01-15,233.18,239.28,229.19,231.29,16535
PLASTIBLEN,2025-01-16,253.98,253.98,236.12,240.6,23898
PLASTIBLEN,2025-01-17,240.6,249.33,230.1,231.78,42506
PLASTIBLEN,2025-01-20,238.7,238.7,231.01,232.82,15225
PLASTIBLEN,2025-01-21,237.0,237.0,227.14,232.72,11743
PLASTIBLEN,2025-01-22,232.14,233.98,229.05,229.99,10054
PLASTIBLEN,2025-01-23,236.59,236.59,228.2,231.51,8215
PLASTIBLEN,2025-01-24,231.48,233.41,221.2,224.21,7940
PLASTIBLEN,2025-01-27,227.0,227.97,212.43,213.23,18406
PLASTIBLEN,2025-01-28,213.21,220.78,202.0,215.26,14010
PLASTIBLEN,2025-01-29,223.99,232.0,219.1,229.11,8190
PLASTIBLEN,2025-01-30,230.0,232.8,226.01,228.37,4379
PLASTIBLEN,2025-01-31,229.27,233.99,226.02,229.85,6100
PLASTIBLEN,2025-02-01,229.52,235.99,223.23,224.98,9884
PLASTIBLEN,2025-02-03,223.0,234.39,222.7,228.67,7377
PLASTIBLEN,2025-02-04,231.16,231.97,224.41,227.72,5955
PLASTIBLEN,2025-02-05,232.0,232.0,227.99,229.9,4265
PLASTIBLEN,2025-02-06,227.22,231.99,227.13,228.46,6355
PLASTIBLEN,2025-02-07,226.04,231.5,224.15,229.85,2531
PLASTIBLEN,2025-02-10,228.92,228.92,223.06,223.52,2519
PLASTIBLEN,2025-02-11,223.15,223.62,218.0,218.44,6589
PLASTIBLEN,2025-02-12,215.0,218.71,210.1,213.48,13154
PLASTIBLEN,2025-02-13,210.1,221.11,206.25,208.6,5660
PLASTIBLEN,2025-02-14,211.75,215.0,201.2,205.12,14178
PLASTIBLEN,2025-02-17,200.05,207.5,195.16,204.21,4482
PLASTIBLEN,2025-02-18,207.16,207.16,195.0,197.31,6994
PLASTIBLEN,2025-02-19,196.89,206.54,195.05,202.2,4997
PLASTIBLEN,2025-02-20,201.67,215.98,200.42,213.83,15226
PLASTIBLEN,2025-02-21,215.0,216.97,201.0,204.05,5908
PLASTIBLEN,2025-02-24,203.98,206.5,200.05,205.0,5861
PLASTIBLEN,2025-02-25,203.11,206.79,199.99,201.27,7370
PLASTIBLEN,2025-02-27,201.27,205.57,192.0,194.19,9439
PLASTIBLEN,2025-02-28,195.38,199.01,188.85,189.97,12098
PLASTIBLEN,2025-03-03,189.97,199.08,181.0,195.02,22417
PLASTIBLEN,2025-03-04,200.0,200.0,186.82,189.09,15212
PLASTIBLEN,2025-03-05,189.81,195.26,189.8,192.91,11309
PLASTIBLEN,2025-03-06,196.01,200.0,192.02,195.11,10971
PLASTIBLEN,2025-03-07,197.08,201.82,195.01,196.76,23041
PLASTIBLEN,2025-03-10,199.89,199.9,180.1,184.85,33172
PLASTIBLEN,2025-03-11,184.95,188.8,183.07,186.4,41411
PLASTIBLEN,2025-03-12,184.77,187.34,182.05,182.64,24581
PLASTIBLEN,2025-03-13,187.99,189.98,180.0,183.83,50548
PLASTIBLEN,2025-03-17,186.68,188.0,181.0,182.69,15173
PLASTIBLEN,2025-03-18,182.69,182.69,182.69,182.69,0
PLASTIBLEN,2025-03-19,204.0,204.0,198.3,201.8,17374
PLASTIBLEN,2025-03-20,201.86,203.9,196.51,199.08,20010
PLASTIBLEN,2025-03-21,201.3,203.5,192.94,196.07,39765
PLASTIBLEN,2025-03-24,199.99,202.99,193.5,199.28,48911
PLASTIBLEN,2025-03-25,203.0,203.0,188.54,190.15,58036
PLASTIBLEN,2025-03-26,192.8,194.74,183.95,185.06,37924
PLASTIBLEN,2025-03-27,181.29,190.0,181.0,182.23,71800
PLASTIBLEN,2025-03-28,185.82,186.8,178.1,180.17,36248
PLASTIBLEN,2025-04-01,180.17,184.88,176.85,179.35,37279
PLASTIBLEN,2025-04-02,181.65,188.8,179.4,184.03,45644
PLASTIBLEN,2025-04-03,183.01,190.0,183.0,187.05,22430
PLASTIBLEN,2025-04-04,188.0,189.13,180.79,182.78,13615
PLASTIBLEN,2025-04-07,175.0,177.0,168.7,171.85,37692
PLASTIBLEN,2025-04-08,176.0,178.65,174.48,176.46,11575
PLASTIBLEN,2025-04-09,177.01,177.28,171.64,173.68,11999
PLASTIBLEN,2025-04-11,173.68,178.2,173.68,175.99,10898
PLASTIBLEN,2025-04-15,176.0,185.28,176.0,182.74,16778
PLASTIBLEN,2025-04-16,184.32,187.0,181.05,183.88,16064
PLASTIBLEN,2025-04-17,187.79,187.83,183.99,187.34,9509
PLASTIBLEN,2025-04-21,189.9,192.0,188.02,191.51,15074
PLASTIBLEN,2025-04-22,192.1,197.65,189.3,193.49,15271
PLASTIBLEN,2025-04-23,197.0,199.0,191.89,198.57,15249
PLASTIBLEN,2025-04-24,200.99,200.99,196.01,198.69,10974
PLASTIBLEN,2025-04-25,200.0,200.0,189.9,192.18,16110
PLASTIBLEN,2025-04-28,192.48,198.98,190.21,196.44,16287
PLASTIBLEN,2025-04-29,200.95,200.95,189.21,190.98,18012
PLASTIBLEN,2025-04-30,193.0,193.0,183.0,183.99,13879
PLASTIBLEN,2025-05-02,188.45,188.73,182.19,184.24,10996
PLASTIBLEN,2025-05-05,183.9,185.85,178.81,184.66,6622
PLASTIBLEN,2025-05-06,186.01,186.01,177.43,179.22,11306
PLASTIBLEN,2025-05-07,178.8,184.5,176.26,183.82,12782
PLASTIBLEN,2025-05-08,182.7,183.67,180.0,180.86,4437
PLASTIBLEN,2025-05-09,175.45,183.99,174.22,176.97,7904
PLASTIBLEN,2025-05-12,183.83,185.9,179.97,184.03,11879
PLASTIBLEN,2025-05-13,185.91,188.74,183.75,187.62,12392
PLASTIBLEN,2025-05-14,191.88,194.4,188.0,193.78,15556
PLASTIBLEN,2025-05-15,196.0,196.0,190.66,192.74,8338
PLASTIBLEN,2025-05-16,192.74,196.08,192.67,195.33,13490
PLASTIBLEN,2025-05-19,196.99,200.99,195.33,199.35,19778
PLASTIBLEN,2025-05-20,200.87,202.0,192.96,193.97,11400
PLASTIBLEN,2025-05-21,196.15,196.78,192.01,196.13,5368
PLASTIBLEN,2025-05-22,193.1,196.92,193.1,195.56,5353
PLASTIBLEN,2025-05-23,197.0,198.99,193.99,195.59,8123
PLASTIBLEN,2025-05-26,196.57,198.52,194.99,196.7,6178
PLASTIBLEN,2025-05-27,197.25,198.91,191.35,195.05,14347
PLASTIBLEN,2025-05-28,196.56,197.95,192.11,194.1,5836
PLASTIBLEN,2025-05-29,197.9,222.0,194.2,217.25,186319
PLASTIBLEN,2025-05-30,218.0,228.33,214.63,216.85,91902
PLASTIBLEN,2025-06-02,215.1,217.49,207.9,209.67,50095
PLASTIBLEN,2025-06-03,211.0,216.7,208.2,209.17,18586
PLASTIBLEN,2025-06-04,210.74,214.39,203.73,210.49,18162
PLASTIBLEN,2025-06-05,210.49,230.0,210.49,220.67,114734
PLASTIBLEN,2025-06-06,222.0,229.59,218.5,220.01,28529
PLASTIBLEN,2025-06-09,222.5,227.0,216.0,217.3,34216
PLASTIBLEN,2025-06-10,218.21,220.0,212.6,214.01,22000
PLASTIBLEN,2025-06-11,216.15,217.58,208.41,210.3,35945
PLASTIBLEN,2025-06-12,210.3,212.55,203.0,205.2,28688
PLASTIBLEN,2025-06-13,204.02,207.99,201.06,204.24,16113
PLASTIBLEN,2025-06-16,206.3,211.9,205.0,210.83,22720
PLASTIBLEN,2025-06-17,212.5,216.95,210.0,212.66,31196
PLASTIBLEN,2025-06-18,212.05,216.0,208.2,210.63,11254
PLASTIBLEN,2025-06-19,210.62,213.0,207.61,209.14,4719
PLASTIBLEN,2025-06-20,209.07,209.07,205.01,206.49,9847
PLASTIBLEN,2025-06-23,208.5,210.39,203.0,205.0,12745
PLASTIBLEN,2025-06-24,208.0,209.9,205.5,206.38,16568
PLASTIBLEN,2025-06-25,207.0,209.95,205.99,207.12,14440
PLASTIBLEN,2025-06-26,209.27,211.07,206.2,210.31,12436
PLASTIBLEN,2025-06-27,214.52,214.52,207.2,209.53,24437
PLASTIBLEN,2025-06-30,212.65,214.0,210.0,211.25,17333
PLASTIBLEN,2025-07-01,212.3,213.21,206.99,208.86,17192
PLASTIBLEN,2025-07-02,210.8,211.0,205.25,209.02,28754
PLASTIBLEN,2025-07-03,209.02,212.22,208.41,210.84,14298
PLASTIBLEN,2025-07-04,211.5,213.61,210.51,212.24,12736
PLASTIBLEN,2025-07-07,213.3,217.62,207.2,215.2,40104
PLASTIBLEN,2025-07-08,213.45,215.95,210.01,213.39,15614
PLASTIBLEN,2025-07-09,216.79,216.79,205.74,206.65,54170
PLASTIBLEN,2025-07-10,209.7,209.9,206.65,209.32,10477
PLASTIBLEN,2025-07-11,210.49,211.02,208.0,208.27,6984
PLASTIBLEN,2025-07-14,208.27,208.27,197.0,200.15,75843
PLASTIBLEN,2025-07-15,204.0,207.0,201.69,204.38,29096
PLASTIBLEN,2025-07-16,204.0,206.36,200.1,201.49,23616
PLASTIBLEN,2025-07-17,201.0,202.12,198.1,199.36,19260
PLASTIBLEN,2025-07-18,199.36,204.0,198.38,200.4,20039
PLASTIBLEN,2025-07-21,206.0,206.0,199.45,201.45,12552
PLASTIBLEN,2025-07-22,200.45,203.02,199.0,199.88,17108
PLASTIBLEN,2025-07-23,201.0,201.0,197.15,197.67,14677
PLASTIBLEN,2025-07-24,197.1,200.0,194.2,195.57,23022
PLASTIBLEN,2025-07-25,195.6,196.87,192.61,194.29,13128
PLASTIBLEN,2025-07-28,193.8,195.73,189.81,190.78,20445
PLASTIBLEN,2025-07-29,190.57,194.73,190.57,191.99,10023
PLASTIBLEN,2025-07-30,194.9,195.69,185.9,187.42,37766
PLASTIBLEN,2025-07-31,187.85,193.58,184.75,188.99,13255
PLASTIBLEN,2025-08-01,189.97,191.54,187.5,187.99,7755
PLASTIBLEN,2025-08-04,189.01,193.86,187.22,188.98,11279
PLASTIBLEN,2025-08-05,192.83,197.65,188.0,193.26,28674
PLASTIBLEN,2025-08-06,192.57,193.26,187.9,189.09,20890
PLASTIBLEN,2025-08-07,187.0,192.46,187.0,190.67,12194
PLASTIBLEN,2025-08-08,189.72,192.77,188.2,190.47,3939
PLASTIBLEN,2025-08-11,190.95,193.66,188.13,191.88,5397
PLASTIBLEN,2025-08-12,192.41,195.0,188.49,189.37,6874
PLASTIBLEN,2025-08-13,189.87,194.39,189.87,191.77,3798
PLASTIBLEN,2025-08-14,190.37,192.0,186.95,188.2,6187
PLASTIBLEN,2025-08-18,188.81,195.89,186.31,192.86,10520
PLASTIBLEN,2025-08-19,194.0,195.95,192.8,195.29,6307
PLASTIBLEN,2025-08-20,195.29,195.6,191.72,193.79,6995
PLASTIBLEN,2025-08-21,193.1,195.99,188.0,191.31,17454
PLASTIBLEN,2025-08-22,197.6,197.6,188.4,190.95,19167
PLASTIBLEN,2025-08-25,190.95,194.98,189.12,190.78,5163
PLASTIBLEN,2025-08-26,188.81,192.0,188.8,189.65,3880
PLASTIBLEN,2025-08-28,192.92,192.92,188.4,188.84,4619
PLASTIBLEN,2025-08-29,192.34,192.34,187.3,188.62,5524
PLASTIBLEN,2025-09-01,190.69,190.69,187.03,188.34,4175
PLASTIBLEN,2025-09-02,190.9,192.89,188.71,191.4,8205
PLASTIBLEN,2025-09-03,191.26,195.0,189.31,193.78,19891
PLASTIBLEN,2025-09-04,194.96,196.0,191.62,193.86,16544
PLASTIBLEN,2025-09-05,191.99,195.98,191.33,194.84,26619
PLASTIBLEN,2025-09-08,194.84,199.7,194.1,197.43,25762
PLASTIBLEN,2025-09-09,198.01,198.08,192.9,193.39,5276
PLASTIBLEN,2025-09-10,195.0,197.5,193.75,195.16,11497
PLASTIBLEN,2025-09-11,195.17,197.0,192.28,193.05,9775
PLASTIBLEN,2025-09-12,193.71,198.0,193.05,196.0,10611
PLASTIBLEN,2025-09-15,197.0,199.0,193.11,194.05,12317
PLASTIBLEN,2025-09-16,194.05,195.79,190.0,191.32,19553
PLASTIBLEN,2025-09-17,193.29,197.0,192.63,195.04,18421
PLASTIBLEN,2025-09-18,195.8,196.97,193.0,194.11,12251
PLASTIBLEN,2025-09-19,193.0,196.94,193.0,194.25,5295
PLASTIBLEN,2025-09-22,196.75,196.75,191.0,192.14,12106
PLASTIBLEN,2025-09-23,192.14,194.58,189.35,190.81,6300
PLASTIBLEN,2025-09-24,192.54,193.52,191.0,192.87,4730
PLASTIBLEN,2025-09-25,193.47,193.47,189.0,190.17,13104
PLASTIBLEN,2025-09-26,192.55,192.55,185.2,185.54,6015
PLASTIBLEN,2025-09-29,186.75,186.86,180.0,182.49,10620
PLASTIBLEN,2025-09-30,187.0,187.0,182.65,183.11,5370
PLASTIBLEN,2025-10-01,184.88,188.03,182.99,185.64,7584
PLASTIBLEN,2025-10-03,185.64,189.02,185.64,188.41,10458
PLASTIBLEN,2025-10-06,188.41,191.76,182.35,184.44,19527
PLASTIBLEN,2025-10-07,183.22,186.91,183.22,183.86,5665
PLASTIBLEN,2025-10-08,185.94,185.94,180.0,181.66,11328
PLASTIBLEN,2025-10-09,183.36,184.01,181.66,181.87,2606
PLASTIBLEN,2025-10-10,182.87,188.01,181.78,183.62,12541
PLASTIBLEN,2025-10-13,182.0,183.65,179.11,179.99,14832
PLASTIBLEN,2025-10-14,182.24,183.58,179.21,180.21,7288
PLASTIBLEN,2025-10-15,182.11,184.34,179.0,184.14,9678
PLASTIBLEN,2025-10-16,184.14,187.51,181.4,184.87,16614
PLASTIBLEN,2025-10-17,181.55,184.95,176.0,177.15,38026
PLASTIBLEN,2025-10-20,177.15,182.9,175.51,176.63,9592
PLASTIBLEN,2025-10-21,176.63,179.0,176.39,177.71,2678
PLASTIBLEN,2025-10-23,181.89,181.89,177.41,178.69,7324
PLASTIBLEN,2025-10-24,180.4,180.79,177.95,179.09,5905
PLASTIBLEN,2025-10-27,180.4,180.7,176.4,179.39,8856
PLASTIBLEN,2025-10-28,178.62,179.56,177.01,178.38,3959
PLASTIBLEN,2025-10-29,178.9,179.8,177.86,179.28,4357
PLASTIBLEN,2025-10-30,179.71,183.0,178.21,180.76,11404
PLASTIBLEN,2025-10-31,181.58,181.58,179.12,180.85,3897
PLASTIBLEN,2025-11-03,181.31,181.75,178.21,179.08,5731
PLASTIBLEN,2025-11-04,181.0,181.0,176.5,177.09,5977
PLASTIBLEN,2025-11-06,177.0,177.1,170.2,171.01,21143
PLASTIBLEN,2025-11-07,173.06,176.1,169.81,174.94,5940
PLASTIBLEN,2025-11-10,175.99,176.01,166.0,168.75,11994
PLASTIBLEN,2025-11-11,167.1,170.55,167.1,168.95,4183
PLASTIBLEN,2025-11-12,170.72,175.75,170.0,174.39,8920
PLASTIBLEN,2025-11-13,174.98,175.59,172.05,173.55,4326
PLASTIBLEN,2025-11-14,175.11,175.43,170.03,171.79,3366
PLASTIBLEN,2025-11-17,173.18,173.38,169.2,169.74,5586
PLASTIBLEN,2025-11-18,170.06,171.99,166.6,170.12,5908
PLASTIBLEN,2025-11-19,170.21,171.89,167.41,168.69,6224
PLASTIBLEN,2025-11-20,170.6,170.95,167.51,169.27,5349
PLASTIBLEN,2025-11-21,173.49,173.49,166.6,167.72,4677
PLASTIBLEN,2025-11-24,167.12,171.69,164.0,165.3,4919
PLASTIBLEN,2025-11-25,162.53,168.49,160.2,163.68,7614
PLASTIBLEN,2025-11-26,164.49,170.0,162.9,167.59,5416
PLASTIBLEN,2025-11-27,166.0,172.9,166.0,168.81,4932
PLASTIBLEN,2025-11-28,171.68,172.95,168.41,169.62,3144
PLASTIBLEN,2025-12-01,169.51,172.21,165.31,166.48,6132
PLASTIBLEN,2025-12-02,166.48,169.0,163.3,164.63,9100
PLASTIBLEN,2025-12-03,163.8,166.63,162.0,164.61,7258
PLASTIBLEN,2025-12-04,163.5,166.5,163.0,164.69,3288
PLASTIBLEN,2025-12-05,164.01,164.99,162.5,163.76,1806
PLASTIBLEN,2025-12-08,165.99,168.0,158.11,160.76,7430
PLASTIBLEN,2025-12-09,161.0,164.36,157.1,159.39,7682
PLASTIBLEN,2025-12-10,162.39,166.0,158.25,159.68,11426
PLASTIBLEN,2025-12-11,163.0,163.49,160.25,161.33,4665
PLASTIBLEN,2025-12-12,160.01,164.65,160.0,163.26,7798
PLASTIBLEN,2025-12-15,164.95,164.95,159.1,160.91,4818
PLASTIBLEN,2025-12-16,161.01,163.93,161.01,163.48,2300
PLASTIBLEN,2025-12-17,163.94,164.4,161.14,161.76,3885
PLASTIBLEN,2025-12-18,164.64,164.65,161.06,162.36,3742
PLASTIBLEN,2025-12-19,162.36,163.99,161.11,161.88,2089
PLASTIBLEN,2025-12-22,162.51,163.98,160.03,162.19,7548
PLASTIBLEN,2025-12-23,162.19,165.0,161.05,163.83,4444
PLASTIBLEN,2025-12-24,164.41,165.0,162.52,163.03,4629
PLASTIBLEN,2025-12-26,166.97,166.97,163.01,163.42,3023
PLASTIBLEN,2025-12-29,163.0,164.99,162.25,163.61,3126
PLASTIBLEN,2025-12-30,165.89,165.89,162.3,162.33,2164
PLASTIBLEN,2025-12-31,162.34,166.0,161.56,164.69,12327
PLASTIBLEN,2026-01-01,163.49,167.64,162.65,163.76,6630
PLASTIBLEN,2026-01-02,167.4,167.4,162.36,166.03,7808
PLASTIBLEN,2026-01-05,165.0,169.0,163.31,168.02,7293
PLASTIBLEN,2026-01-06,168.9,169.41,164.0,165.86,8103
PLASTIBLEN,2026-01-07,163.01,169.09,163.01,166.99,14904
PLASTIBLEN,2026-01-08,168.01,168.01,162.25,162.68,10765
PLASTIBLEN,2026-01-09,162.69,163.0,156.6,157.14,17537
PLASTIBLEN,2026-01-12,157.14,160.75,155.2,157.82,6943
PLASTIBLEN,2026-01-13,157.12,162.7,153.35,157.78,4504
PLASTIBLEN,2026-01-14,159.99,162.92,157.0,158.96,17416
PLASTIBLEN,2026-01-15,158.96,158.96,158.96,158.96,0
PLASTIBLEN,2026-01-16,157.44,162.4,155.08,156.03,14762
PLASTIBLEN,2026-01-19,158.0,158.74,155.0,155.03,3093
PLASTIBLEN,2026-01-20,155.08,158.24,151.0,152.18,8257
PLASTIBLEN,2026-01-21,152.75,153.97,150.51,151.39,6092
PLASTIBLEN,2026-01-22,155.57,157.41,153.3,154.34,5943
PLASTIBLEN,2026-01-23,153.1,153.57,146.0,148.42,13627
PLASTIBLEN,2026-01-27,148.43,149.92,146.83,148.17,4376
PLASTIBLEN,2026-01-28,145.55,151.9,145.55,150.83,5841
PLASTIBLEN,2026-01-29,151.0,151.49,147.04,149.76,7544
PLASTIBLEN,2026-01-30,150.16,151.48,148.5,149.71,3941
PLASTIBLEN,2026-02-02,148.99,150.8,147.03,149.77,3501
PLASTIBLEN,2026-02-03,152.25,154.01,151.41,152.41,6497
PLASTIBLEN,2026-02-04,155.0,158.95,149.78,155.65,5727
PLASTIBLEN,2026-02-05,154.0,159.7,154.0,158.57,4847
PLASTIBLEN,2026-02-06,159.36,159.36,154.0,156.07,10258
PLASTIBLEN,2026-02-09,159.47,159.47,156.04,157.52,4477
PLASTIBLEN,2026-02-10,156.0,160.04,153.8,155.66,7794
PLASTIBLEN,2026-02-11,156.28,162.3,155.1,161.05,15338
PLASTIBLEN,2026-02-12,161.0,161.9,156.39,156.85,8770
PLASTIBLEN,2026-02-13,155.55,156.79,151.0,154.57,18835
PLASTIBLEN,2026-02-16,155.89,157.0,151.9,153.16,4493
PLASTIBLEN,2026-02-17,153.19,154.82,150.25,153.93,5448
PLASTIBLEN,2026-02-18,154.7,158.2,153.6,155.85,9528
PLASTIBLEN,2026-02-19,155.9,155.9,151.8,153.65,2509
PLASTIBLEN,2026-02-20,152.42,155.98,151.4,152.01,2053
PLASTIBLEN,2026-02-23,152.24,152.4,149.0,149.13,5483
PLASTIBLEN,2026-02-24,149.22,154.21,147.06,147.56,8483
PLASTIBLEN,2026-02-25,148.11,151.69,146.0,146.96,2613
PLASTIBLEN,2026-02-26,147.73,150.47,146.5,147.34,6363
PLASTIBLEN,2026-02-27,150.9,150.9,145.1,146.8,12014
PLASTIBLEN,2026-03-02,136.8,144.95,134.65,138.98,36905
PLASTIBLEN,2026-03-04,136.1,139.0,136.0,136.39,11065
PLASTIBLEN,2026-03-05,137.25,141.2,137.0,139.87,13323
PLASTIBLEN,2026-03-06,139.99,140.0,137.24,138.0,1777
PLASTIBLEN,2026-03-09,137.0,137.97,133.01,135.65,15524
PLASTIBLEN,2026-03-10,139.9,139.9,135.09,139.22,10066
PLASTIBLEN,2026-03-11,141.89,144.4,141.74,141.93,10427
PLASTIBLEN,2026-03-12,141.93,143.35,137.0,138.35,4481
PLASTIBLEN,2026-03-13,140.08,140.49,133.0,134.56,8382
PLASTIBLEN,2026-03-16,134.23,135.65,131.0,131.77,10885
PLASTIBLEN,2026-03-17,132.56,135.47,130.01,131.06,53427
PLASTIBLEN,2026-03-18,133.99,141.98,131.44,137.08,22699
PLASTIBLEN,2026-03-19,136.01,136.01,130.52,131.73,17450
PLASTIBLEN,2026-03-20,136.97,136.97,132.38,133.82,10288
PLASTIBLEN,2026-03-23,130.53,134.25,126.2,129.03,40394
PLASTIBLEN,2026-03-24,134.3,134.55,129.01,130.27,15341
PLASTIBLEN,2026-03-25,130.5,134.0,130.5,131.36,17175
PLASTIBLEN,2026-03-27,134.0,134.0,126.0,126.51,31459
PLASTIBLEN,2026-03-30,126.0,127.97,121.01,121.57,27702
PLASTIBLEN,2026-04-01,129.51,132.73,125.1,126.0,9888
PLASTIBLEN,2026-04-02,126.7,130.5,125.09,129.52,4415
PLASTIBLEN,2026-04-06,131.79,134.55,128.96,134.35,4256
PLASTIBLEN,2026-04-07,134.0,136.4,131.0,134.8,4367
PLASTIBLEN,2026-04-08,135.1,144.0,135.1,142.43,8916
PLASTIBLEN,2026-04-09,142.99,143.5,136.0,138.51,12631
PLASTIBLEN,2026-04-10,141.87,144.4,138.56,141.49,9526
PLASTIBLEN,2026-04-13,140.79,145.88,136.01,145.05,12506
PLASTIBLEN,2026-04-15,145.06,152.0,145.06,151.25,12110
PLASTIBLEN,2026-04-16,151.7,154.75,150.32,153.23,6452
PLASTIBLEN,2026-04-17,154.74,154.74,149.0,153.36,4696
PLASTIBLEN,2026-04-20,150.25,154.57,147.5,151.18,3215
PLASTIBLEN,2026-04-21,152.0,152.78,150.25,151.96,5547
PLASTIBLEN,2026-04-22,149.02,155.85,149.02,155.36,10798
PLASTIBLEN,2026-04-23,155.69,158.05,155.06,155.97,5109
PLASTIBLEN,2026-04-24,154.05,155.16,152.5,152.63,5197
PLASTIBLEN,2026-04-27,155.99,157.9,152.05,157.65,15662
PLASTIBLEN,2026-04-28,176.0,189.18,175.99,181.02,1057063
PLASTIBLEN,2026-04-29,182.0,184.8,170.4,171.98,159744
PLASTIBLEN,2026-04-30,170.1,170.48,165.63,167.22,45027
PLASTIBLEN,2026-05-01,167.22,167.22,167.22,167.22,0
PLASTIBLEN,2026-05-04,170.0,178.4,170.0,175.87,78214
PLASTIBLEN,2026-05-05,175.99,181.0,173.51,173.93,56569
PLASTIBLEN,2026-05-06,174.0,176.98,171.1,172.1,28935
PLASTIBLEN,2026-05-07,173.25,179.99,171.46,173.1,77851
PLASTIBLEN,2026-05-08,173.53,179.59,171.61,177.52,49039
PLASTIBLEN,2026-05-11,179.29,179.29,170.93,172.36,30540
PLASTIBLEN,2026-05-12,172.5,172.5,167.29,168.36,22446
PLASTIBLEN,2026-05-13,170.98,170.98,165.51,165.73,38093
PLASTIBLEN,2026-05-14,167.48,170.64,160.02,161.23,69546
PLASTIBLEN,2026-05-15,161.3,169.77,159.08,163.02,36315
PLASTIBLEN,2026-05-18,165.5,166.6,158.81,159.94,53100
PLASTIBLEN,2026-05-19,160.29,166.9,160.29,165.92,13804
PLASTIBLEN,2026-05-20,166.0,167.0,163.54,165.5,5841
PLASTIBLEN,2026-05-21,169.23,169.23,163.01,163.14,6475
PLASTIBLEN,2026-05-22,166.99,170.49,163.45,169.81,30668
PLASTIBLEN,2026-05-25,174.11,177.41,174.0,176.83,78671
PLASTIBLEN,2026-05-26,179.0,179.6,174.1,175.47,28205
PLASTIBLEN,2026-05-27,177.9,178.0,175.21,177.43,20281
PLASTIBLEN,2026-05-28,177.43,177.43,177.43,177.43,0
PLASTIBLEN,2026-05-29,177.5,177.5,170.01,172.02,19355
PLASTIBLEN,2026-06-01,172.15,175.59,170.01,171.33,17276
PLASTIBLEN,2026-06-02,170.15,178.89,170.11,177.41,48211
PLASTIBLEN,2026-06-03,178.7,180.3,174.01,177.9,18052
PLASTIBLEN,2026-06-04,176.12,176.2,173.3,174.59,5931
PLASTIBLEN,2026-06-05,174.59,176.6,172.01,172.92,7383
PLASTIBLEN,2026-06-08,170.0,173.51,169.83,170.8,18911
PLASTIBLEN,2026-06-09,170.9,172.99,170.22,171.01,7411
PLASTIBLEN,2026-06-10,171.32,172.09,170.0,170.13,10121
PLASTIBLEN,2026-06-11,169.1,171.57,163.98,168.17,9202
PLASTIBLEN,2026-06-12,169.0,175.8,167.96,174.2,32926
PLASTIBLEN,2026-06-15,175.07,177.85,172.51,173.96,6796
PLASTIBLEN,2026-06-16,173.61,174.47,172.1,173.0,4427
PLASTIBLEN,2026-06-17,176.45,176.45,170.25,171.37,10929
PLASTIBLEN,2026-06-18,174.9,176.0,170.1,173.21,11360
PLASTIBLEN,2026-06-19,174.92,174.92,172.5,173.52,8290
PLASTIBLEN,2026-06-22,173.0,183.0,172.66,180.13,43381
PLASTIBLEN,2026-06-23,182.78,182.78,175.01,177.43,127738
PLASTIBLEN,2026-06-24,176.95,178.98,171.97,175.28,135843
PLASTIBLEN,2026-06-25,174.04,179.0,172.02,176.34,13489
PLASTIBLEN,2026-06-26,176.34,176.34,176.34,176.34,0
PLASTIBLEN,2026-06-29,175.12,181.9,174.81,181.15,54369
PLASTIBLEN,2026-06-30,182.0,182.91,179.13,181.04,20140
PLASTIBLEN,2026-07-01,179.01,183.0,179.0,179.06,10054
PLASTIBLEN,2026-07-02,179.16,185.3,179.16,181.3,23422
PLASTIBLEN,2026-07-03,184.0,184.0,173.3,176.02,36346
PLASTIBLEN,2026-07-06,178.2,181.94,176.76,179.53,12946
PLASTIBLEN,2026-07-07,179.53,181.89,175.73,176.48,12179
PLASTIBLEN,2026-07-08,179.91,179.91,168.1,170.17,8927
PLASTIBLEN,2026-07-09,172.34,179.0,171.97,176.41,20018
PLASTIBLEN,2026-07-10,177.34,184.0,176.42,182.77,26062
PLASTIBLEN,2026-07-13,184.0,198.57,183.5,195.79,366957
PLASTIBLEN,2026-07-14,207.0,216.29,198.1,199.82,1105978
PLASTIBLEN,2026-07-15,198.0,201.78,192.3,196.77,171480
PLASTIBLEN,2026-07-16,198.35,214.7,195.54,202.33,960081
PLASTIBLEN,2026-07-17,201.0,206.95,197.66,198.57,110376
PLASTIBLEN,2026-07-20,200.8,203.5,197.23,199.86,103179
PLASTIBLEN,2026-07-21,199.86,201.99,196.4,197.84,76169
PLASTIBLEN,2026-07-22,198.99,200.99,191.5,194.41,97379
PLASTIBLEN,2026-07-23,195.38,197.83,188.25,189.77,89942
PLASTIBLEN,2026-07-24,186.37,190.89,185.57,188.85,75608
PLASTIBLEN,2026-07-27,190.9,194.79,188.81,191.08,70294
PLASTIBLEN,2026-07-28,192.03,192.16,188.04,190.1,26455
PLASTIBLEN,2026-07-29,191.79,191.79,187.0,187.56,26093
PLASTIBLEN,2026-07-30,188.06,188.19,182.82,184.76,30547
PLASTIBLEN,2026-07-31,184.0,188.0,184.0,186.14,21690
PLASTIBLEN,2026-08-03,187.01,191.8,187.01,190.61,34535
PLASTIBLEN,2026-08-04,191.0,192.8,187.62,188.44,22042
PLASTIBLEN,2026-08-05,190.5,191.09,189.0,190.01,21067
PLASTIBLEN,2026-08-06,188.72,205.2,188.72,197.49,355578
PLASTIBLEN,2026-08-07,198.61,200.0,196.49,197.69,40091
PLASTIBLEN,2026-08-10,197.69,201.85,196.44,198.44,57635
PLASTIBLEN,2026-08-11,198.69,209.14,198.0,204.51,188013
PLASTIBLEN,2026-08-12,206.0,206.19,201.0,201.48,56867
PLASTIBLEN,2026-08-13,202.48,204.15,194.21,196.03,58604
PLASTIBLEN,2026-08-14,197.47,202.8,197.13,199.17,44465
PLASTIBLEN,2026-08-17,199.17,199.17,190.25,191.8,35458
PLASTIBLEN,2026-08-18,191.3,193.0,188.8,190.71,22233
PLASTIBLEN,2026-08-19,191.01,197.0,185.0,187.13,52775
PLASTIBLEN,2026-08-20,187.0,190.04,187.0,188.93,15361
PLASTIBLEN,2026-08-21,188.15,196.38,188.01,191.54,29163
PLASTIBLEN,2026-08-24,193.51,196.7,189.81,192.5,40374
PLASTIBLEN,2026-08-25,191.0,194.38,187.66,189.13,18317
PLASTIBLEN,2026-08-26,188.0,192.9,188.0,188.89,18028
PLASTIBLEN,2026-08-27,190.25,196.19,189.0,189.24,16361
PLASTIBLEN,2026-08-28,189.95,191.69,188.08,189.56,17406
PLASTIBLEN,2026-08-31,189.8,190.78,184.22,185.48,22938
PLASTIBLEN,2026-09-01,186.78,187.75,184.5,185.59,20740
PLASTIBLEN,2026-09-02,184.15,186.72,184.15,185.9,4830
