symbol,date,open,high,low,close,volume
TOUCHWOOD,2017-12-21,17.4,19.2,17.4,19.2,1042500
TOUCHWOOD,2017-12-22,21.54,23.04,20.92,23.04,345000
TOUCHWOOD,2017-12-26,27.62,27.64,23.2,27.6,1305000
TOUCHWOOD,2017-12-27,29.08,30.36,28.4,30.34,330000
TOUCHWOOD,2017-12-28,31.8,33.2,30.4,31.1,120000
TOUCHWOOD,2017-12-29,30.8,31.4,28.46,29.6,52500
TOUCHWOOD,2018-01-01,30.8,30.8,27.8,28.4,67500
TOUCHWOOD,2018-01-02,26.8,26.8,25.56,25.56,105000
TOUCHWOOD,2018-01-03,24.5,28.1,23.2,28.1,300000
TOUCHWOOD,2018-01-04,28.8,30.4,27.5,28.52,292500
TOUCHWOOD,2018-01-05,28.4,28.4,27.2,27.4,75000
TOUCHWOOD,2018-01-08,27.6,29.2,27.6,28.0,60000
TOUCHWOOD,2018-01-09,28.8,29.2,27.6,28.4,112500
TOUCHWOOD,2018-01-10,27.2,27.24,27.2,27.24,30000
TOUCHWOOD,2018-01-11,25.9,27.18,25.9,26.8,30000
TOUCHWOOD,2018-01-12,26.14,28.0,26.14,26.8,67500
TOUCHWOOD,2018-01-15,27.2,27.2,27.2,27.2,30000
TOUCHWOOD,2018-01-16,26.02,27.8,25.64,26.4,120000
TOUCHWOOD,2018-01-17,26.4,26.4,26.4,26.4,7500
TOUCHWOOD,2018-01-18,27.0,29.04,27.0,27.2,90000
TOUCHWOOD,2018-01-19,28.8,28.98,28.8,28.98,30000
TOUCHWOOD,2018-01-22,28.8,28.8,28.8,28.8,7500
TOUCHWOOD,2018-01-23,28.8,28.8,28.8,28.8,7500
TOUCHWOOD,2018-01-24,27.6,28.6,27.6,28.0,45000
TOUCHWOOD,2018-01-25,26.42,26.42,25.2,25.24,52500
TOUCHWOOD,2018-01-29,25.24,25.6,24.8,25.6,22500
TOUCHWOOD,2018-01-30,24.4,24.4,24.4,24.4,7500
TOUCHWOOD,2018-01-31,23.6,23.6,22.04,22.4,97500
TOUCHWOOD,2018-02-01,22.0,22.0,22.0,22.0,15000
TOUCHWOOD,2018-02-02,22.0,22.0,22.0,22.0,7500
TOUCHWOOD,2018-02-05,21.56,21.6,20.9,21.2,45000
TOUCHWOOD,2018-02-06,20.14,20.36,20.14,20.24,30000
TOUCHWOOD,2018-02-07,21.24,21.24,21.24,21.24,7500
TOUCHWOOD,2018-02-08,22.2,22.2,22.2,22.2,22500
TOUCHWOOD,2018-02-09,21.4,21.4,21.1,21.1,67500
TOUCHWOOD,2018-02-12,21.2,21.2,21.2,21.2,15000
TOUCHWOOD,2018-02-14,21.6,22.26,21.6,22.22,30000
TOUCHWOOD,2018-02-15,21.22,21.22,21.12,21.12,45000
TOUCHWOOD,2018-02-16,20.08,20.08,20.08,20.08,7500
TOUCHWOOD,2018-02-19,19.2,19.2,19.08,19.08,15000
TOUCHWOOD,2018-02-20,18.2,18.2,18.14,18.14,30000
TOUCHWOOD,2018-02-21,18.24,18.24,18.24,18.24,7500
TOUCHWOOD,2018-02-22,17.34,17.34,17.34,17.34,7500
TOUCHWOOD,2018-02-23,16.8,16.8,16.48,16.48,105000
TOUCHWOOD,2018-02-26,16.0,16.0,15.66,15.68,97500
TOUCHWOOD,2018-02-27,16.46,16.46,16.46,16.46,22500
TOUCHWOOD,2018-02-28,16.92,17.28,16.92,17.28,30000
TOUCHWOOD,2018-03-01,17.28,17.28,17.28,17.28,0
TOUCHWOOD,2018-03-05,18.0,18.0,18.0,18.0,7500
TOUCHWOOD,2018-03-06,18.0,18.0,17.1,17.1,15000
TOUCHWOOD,2018-03-07,17.6,17.6,17.6,17.6,7500
TOUCHWOOD,2018-03-08,16.88,16.88,16.72,16.72,30000
TOUCHWOOD,2018-03-09,15.9,15.92,15.9,15.92,15000
TOUCHWOOD,2018-03-12,16.0,16.7,16.0,16.4,45000
TOUCHWOOD,2018-03-13,15.58,15.58,15.58,15.58,45000
TOUCHWOOD,2018-03-14,14.82,15.2,14.82,15.1,345000
TOUCHWOOD,2018-03-15,15.1,15.1,15.1,15.1,0
TOUCHWOOD,2018-03-16,14.6,15.0,14.6,15.0,30000
TOUCHWOOD,2018-03-19,14.34,14.76,14.26,14.76,60000
TOUCHWOOD,2018-03-20,14.1,15.24,14.1,14.58,45000
TOUCHWOOD,2018-03-21,14.4,14.4,14.4,14.4,7500
TOUCHWOOD,2018-03-22,14.4,14.4,14.4,14.4,0
TOUCHWOOD,2018-03-23,14.0,14.0,13.7,13.7,30000
TOUCHWOOD,2018-03-26,13.2,13.2,13.02,13.06,45000
TOUCHWOOD,2018-03-27,12.42,12.8,12.42,12.8,67500
TOUCHWOOD,2018-03-28,12.4,13.44,12.4,13.44,15000
TOUCHWOOD,2018-04-02,14.1,14.1,14.08,14.1,37500
TOUCHWOOD,2018-04-03,14.76,14.76,14.76,14.76,15000
TOUCHWOOD,2018-04-04,14.08,14.08,14.08,14.08,15000
TOUCHWOOD,2018-04-05,13.52,14.3,13.38,14.3,45000
TOUCHWOOD,2018-04-06,13.64,13.8,13.64,13.8,30000
TOUCHWOOD,2018-04-09,13.26,14.38,13.24,14.32,45000
TOUCHWOOD,2018-04-10,13.7,13.7,13.7,13.7,15000
TOUCHWOOD,2018-04-11,13.7,13.7,13.7,13.7,0
TOUCHWOOD,2018-04-12,13.7,13.7,13.7,13.7,0
TOUCHWOOD,2018-04-13,13.06,14.24,13.06,14.24,22500
TOUCHWOOD,2018-04-16,13.54,14.8,13.54,14.8,22500
TOUCHWOOD,2018-04-17,15.4,15.4,14.1,14.1,15000
TOUCHWOOD,2018-04-18,14.1,14.1,14.1,14.1,0
TOUCHWOOD,2018-04-19,14.8,14.8,14.8,14.8,7500
TOUCHWOOD,2018-04-20,14.8,14.8,14.8,14.8,0
TOUCHWOOD,2018-04-23,14.8,14.8,14.8,14.8,0
TOUCHWOOD,2018-04-24,15.54,15.54,15.54,15.54,7500
TOUCHWOOD,2018-04-25,14.78,16.3,14.78,16.3,22500
TOUCHWOOD,2018-04-26,17.1,17.1,17.1,17.1,7500
TOUCHWOOD,2018-04-27,17.94,17.94,17.94,17.94,15000
TOUCHWOOD,2018-04-30,18.82,18.82,18.82,18.82,7500
TOUCHWOOD,2018-05-02,19.74,19.76,19.4,19.72,30000
TOUCHWOOD,2018-05-03,19.72,19.72,19.72,19.72,0
TOUCHWOOD,2018-05-04,20.68,20.68,18.74,20.48,30000
TOUCHWOOD,2018-05-07,19.6,19.6,19.46,19.6,30000
TOUCHWOOD,2018-05-08,19.6,19.6,19.6,19.6,0
TOUCHWOOD,2018-05-09,19.6,19.6,19.6,19.6,0
TOUCHWOOD,2018-05-10,18.72,19.96,18.64,19.94,30000
TOUCHWOOD,2018-05-11,20.4,20.92,20.4,20.92,15000
TOUCHWOOD,2018-05-14,21.96,21.96,21.92,21.96,52500
TOUCHWOOD,2018-05-15,22.12,22.14,22.12,22.14,22500
TOUCHWOOD,2018-05-16,22.14,22.14,22.14,22.14,0
TOUCHWOOD,2018-05-17,22.14,22.14,22.14,22.14,0
TOUCHWOOD,2018-05-18,22.14,22.14,22.14,22.14,0
TOUCHWOOD,2018-05-21,21.04,22.8,21.04,21.04,52500
TOUCHWOOD,2018-05-22,20.0,20.2,20.0,20.2,15000
TOUCHWOOD,2018-05-23,20.2,20.2,20.2,20.2,0
TOUCHWOOD,2018-05-24,20.04,20.04,20.04,20.04,7500
TOUCHWOOD,2018-05-25,21.04,21.04,21.04,21.04,7500
TOUCHWOOD,2018-05-28,22.08,22.08,22.08,22.08,7500
TOUCHWOOD,2018-05-29,23.18,23.18,21.2,23.18,37500
TOUCHWOOD,2018-05-30,23.94,24.0,22.04,22.04,67500
TOUCHWOOD,2018-05-31,23.14,23.14,22.24,22.24,22500
TOUCHWOOD,2018-06-01,23.34,23.34,23.34,23.34,22500
TOUCHWOOD,2018-06-04,24.5,24.5,22.4,24.1,60000
TOUCHWOOD,2018-06-05,23.2,23.2,22.9,22.9,30000
TOUCHWOOD,2018-06-06,21.76,21.76,21.76,21.76,22500
TOUCHWOOD,2018-06-07,22.8,22.8,20.8,20.8,15000
TOUCHWOOD,2018-06-08,20.8,20.8,20.8,20.8,0
TOUCHWOOD,2018-06-11,21.8,21.8,21.8,21.8,7500
TOUCHWOOD,2018-06-12,21.8,21.8,21.8,21.8,0
TOUCHWOOD,2018-06-13,22.84,22.84,22.84,22.84,7500
TOUCHWOOD,2018-06-14,22.84,22.84,22.84,22.84,0
TOUCHWOOD,2018-06-15,23.8,23.8,23.8,23.8,7500
TOUCHWOOD,2018-06-18,22.62,22.62,22.62,22.62,7500
TOUCHWOOD,2018-06-19,21.5,21.5,21.5,21.5,7500
TOUCHWOOD,2018-06-20,20.44,20.44,20.44,20.44,15000
TOUCHWOOD,2018-06-21,21.2,21.2,20.0,20.0,37500
TOUCHWOOD,2018-06-22,20.0,20.0,20.0,20.0,0
TOUCHWOOD,2018-06-25,20.0,20.0,20.0,20.0,0
TOUCHWOOD,2018-06-26,20.0,20.0,20.0,20.0,0
TOUCHWOOD,2018-06-27,20.0,20.0,20.0,20.0,0
TOUCHWOOD,2018-06-28,20.0,20.0,20.0,20.0,0
TOUCHWOOD,2018-06-29,20.0,20.0,20.0,20.0,0
TOUCHWOOD,2018-07-02,20.0,20.0,20.0,20.0,0
TOUCHWOOD,2018-07-03,20.2,20.8,20.2,20.78,22500
TOUCHWOOD,2018-07-04,20.78,20.78,20.78,20.78,0
TOUCHWOOD,2018-07-05,19.8,19.8,19.76,19.76,15000
TOUCHWOOD,2018-07-06,19.76,19.76,19.76,19.76,0
TOUCHWOOD,2018-07-09,19.76,19.76,19.76,19.76,0
TOUCHWOOD,2018-07-10,19.76,19.76,19.76,19.76,7500
TOUCHWOOD,2018-07-11,18.78,18.78,18.78,18.78,22500
TOUCHWOOD,2018-07-12,17.86,17.86,17.86,17.86,7500
TOUCHWOOD,2018-07-13,17.86,17.86,17.86,17.86,0
TOUCHWOOD,2018-07-16,17.86,17.86,17.86,17.86,0
TOUCHWOOD,2018-07-17,16.98,16.98,16.98,16.98,15000
TOUCHWOOD,2018-07-18,16.98,16.98,16.98,16.98,0
TOUCHWOOD,2018-07-19,16.14,16.14,16.14,16.14,7500
TOUCHWOOD,2018-07-20,15.34,16.94,15.34,16.94,15000
TOUCHWOOD,2018-07-23,17.78,17.78,17.78,17.78,7500
TOUCHWOOD,2018-07-24,18.66,18.66,18.66,18.66,7500
TOUCHWOOD,2018-07-25,19.58,19.58,19.58,19.58,7500
TOUCHWOOD,2018-07-26,19.58,19.58,19.58,19.58,0
TOUCHWOOD,2018-07-27,20.54,20.54,20.54,20.54,7500
TOUCHWOOD,2018-07-30,21.56,21.56,21.56,21.56,7500
TOUCHWOOD,2018-07-31,20.5,22.0,20.5,22.0,15000
TOUCHWOOD,2018-08-01,22.56,22.56,22.56,22.56,7500
TOUCHWOOD,2018-08-02,21.44,22.6,21.44,22.6,15000
TOUCHWOOD,2018-08-03,22.6,22.6,22.6,22.6,0
TOUCHWOOD,2018-08-06,21.48,21.48,21.48,21.48,7500
TOUCHWOOD,2018-08-07,20.42,20.42,20.42,20.42,7500
TOUCHWOOD,2018-08-08,19.4,19.4,19.4,19.4,7500
TOUCHWOOD,2018-08-09,18.48,18.48,18.44,18.44,15000
TOUCHWOOD,2018-08-10,17.56,17.56,17.52,17.52,15000
TOUCHWOOD,2018-08-13,17.52,17.52,17.52,17.52,0
TOUCHWOOD,2018-08-14,16.66,16.66,16.66,16.66,7500
TOUCHWOOD,2018-08-16,15.86,15.86,15.84,15.84,15000
TOUCHWOOD,2018-08-17,15.06,16.5,15.06,15.8,67500
TOUCHWOOD,2018-08-20,15.02,16.58,15.02,16.18,52500
TOUCHWOOD,2018-08-21,15.8,16.98,15.8,16.98,45000
TOUCHWOOD,2018-08-23,16.16,16.16,16.16,16.16,30000
TOUCHWOOD,2018-08-24,15.44,15.44,15.36,15.36,45000
TOUCHWOOD,2018-08-27,14.66,14.66,14.6,14.6,37500
TOUCHWOOD,2018-08-28,15.32,15.32,15.32,15.32,7500
TOUCHWOOD,2018-08-29,15.32,15.32,15.32,15.32,0
TOUCHWOOD,2018-08-30,14.62,14.62,14.56,14.56,37500
TOUCHWOOD,2018-08-31,13.84,15.28,13.84,15.28,30000
TOUCHWOOD,2018-09-03,16.04,16.04,16.04,16.04,7500
TOUCHWOOD,2018-09-04,15.24,15.24,15.24,15.24,7500
TOUCHWOOD,2018-09-05,15.24,15.24,15.24,15.24,0
TOUCHWOOD,2018-09-06,15.24,15.24,15.24,15.24,0
TOUCHWOOD,2018-09-07,15.28,15.28,15.28,15.28,22500
TOUCHWOOD,2018-09-10,16.04,16.04,16.04,16.04,7500
TOUCHWOOD,2018-09-11,15.28,15.28,15.28,15.28,7500
TOUCHWOOD,2018-09-12,15.28,15.28,15.28,15.28,0
TOUCHWOOD,2018-09-14,15.28,15.28,15.28,15.28,0
TOUCHWOOD,2018-09-17,15.28,15.28,15.28,15.28,0
TOUCHWOOD,2018-09-18,15.28,15.28,15.28,15.28,0
TOUCHWOOD,2018-09-19,15.28,15.28,15.28,15.28,0
TOUCHWOOD,2018-09-21,14.52,14.52,14.52,14.52,7500
TOUCHWOOD,2018-09-24,15.24,15.24,15.24,15.24,15000
TOUCHWOOD,2018-09-25,16.0,16.0,16.0,16.0,7500
TOUCHWOOD,2018-09-26,16.0,16.0,16.0,16.0,0
TOUCHWOOD,2018-09-27,15.2,15.2,15.2,15.2,7500
TOUCHWOOD,2018-09-28,14.44,15.4,14.44,14.6,97500
TOUCHWOOD,2018-10-01,13.88,14.0,13.88,13.94,37500
TOUCHWOOD,2018-10-03,13.48,14.0,13.48,13.98,255000
TOUCHWOOD,2018-10-04,14.66,14.66,14.66,14.66,7500
TOUCHWOOD,2018-10-05,14.66,14.66,14.66,14.66,0
TOUCHWOOD,2018-10-08,14.66,14.66,14.66,14.66,0
TOUCHWOOD,2018-10-09,14.66,14.66,14.66,14.66,0
TOUCHWOOD,2018-10-10,14.66,14.66,14.66,14.66,0
TOUCHWOOD,2018-10-11,14.66,14.66,14.66,14.66,0
TOUCHWOOD,2018-10-12,14.66,14.66,14.66,14.66,0
TOUCHWOOD,2018-10-15,14.66,14.66,14.66,14.66,0
TOUCHWOOD,2018-10-16,14.66,14.66,14.66,14.66,0
TOUCHWOOD,2018-10-17,14.66,14.66,14.66,14.66,0
TOUCHWOOD,2018-10-19,15.38,15.38,15.38,15.38,15000
TOUCHWOOD,2018-10-22,15.38,15.38,15.38,15.38,0
TOUCHWOOD,2018-10-23,15.38,15.38,15.38,15.38,0
TOUCHWOOD,2018-10-24,16.14,16.14,16.14,16.14,7500
TOUCHWOOD,2018-10-25,16.94,16.94,16.94,16.94,7500
TOUCHWOOD,2018-10-26,16.94,16.94,16.94,16.94,0
TOUCHWOOD,2018-10-29,16.94,16.94,16.94,16.94,0
TOUCHWOOD,2018-10-30,16.94,16.94,16.94,16.94,0
TOUCHWOOD,2018-10-31,16.94,16.94,16.94,16.94,0
TOUCHWOOD,2018-11-01,16.94,16.94,16.94,16.94,0
TOUCHWOOD,2018-11-02,16.94,16.94,16.94,16.94,0
TOUCHWOOD,2018-11-05,16.94,16.94,16.94,16.94,0
TOUCHWOOD,2018-11-06,16.94,16.94,16.94,16.94,0
TOUCHWOOD,2018-11-07,16.94,16.94,16.94,16.94,0
TOUCHWOOD,2018-11-09,16.94,16.94,16.94,16.94,0
TOUCHWOOD,2018-11-12,16.94,16.94,16.94,16.94,0
TOUCHWOOD,2018-11-13,16.94,16.94,16.94,16.94,0
TOUCHWOOD,2018-11-14,16.94,16.94,16.94,16.94,0
TOUCHWOOD,2018-11-15,17.78,17.78,17.78,17.78,7500
TOUCHWOOD,2018-11-16,17.78,17.78,17.78,17.78,0
TOUCHWOOD,2018-11-19,17.78,17.78,17.78,17.78,0
TOUCHWOOD,2018-11-20,17.78,17.78,17.78,17.78,0
TOUCHWOOD,2018-11-21,17.78,17.78,17.78,17.78,0
TOUCHWOOD,2018-11-22,17.78,17.78,17.78,17.78,0
TOUCHWOOD,2018-11-26,19.58,19.58,19.58,19.58,22500
TOUCHWOOD,2018-11-27,19.58,19.58,19.58,19.58,0
TOUCHWOOD,2018-11-28,19.58,19.58,19.58,19.58,0
TOUCHWOOD,2018-11-29,20.54,20.54,20.54,20.54,7500
TOUCHWOOD,2018-11-30,21.56,21.56,21.56,21.56,7500
TOUCHWOOD,2018-12-03,22.62,22.62,22.32,22.62,75000
TOUCHWOOD,2018-12-04,22.62,22.62,22.62,22.62,0
TOUCHWOOD,2018-12-05,21.6,23.6,21.6,22.52,60000
TOUCHWOOD,2018-12-06,22.52,22.52,22.52,22.52,0
TOUCHWOOD,2018-12-07,22.52,22.52,22.52,22.52,0
TOUCHWOOD,2018-12-10,22.52,22.52,22.52,22.52,0
TOUCHWOOD,2018-12-11,22.64,22.64,22.64,22.64,7500
TOUCHWOOD,2018-12-12,22.64,22.64,22.64,22.64,0
TOUCHWOOD,2018-12-13,23.76,23.76,23.76,23.76,22500
TOUCHWOOD,2018-12-14,23.76,23.76,23.76,23.76,0
TOUCHWOOD,2018-12-17,23.6,23.6,23.6,23.6,7500
TOUCHWOOD,2018-12-18,23.6,23.6,23.6,23.6,0
TOUCHWOOD,2018-12-19,24.76,24.76,24.76,24.76,7500
TOUCHWOOD,2018-12-20,24.5,25.98,24.5,25.58,82500
TOUCHWOOD,2018-12-21,25.6,26.6,25.6,26.6,15000
TOUCHWOOD,2018-12-24,26.0,27.1,25.28,25.3,37500
TOUCHWOOD,2018-12-26,25.3,25.3,25.3,25.3,0
TOUCHWOOD,2018-12-27,24.86,24.86,24.86,24.86,37500
TOUCHWOOD,2018-12-28,24.86,24.86,24.86,24.86,0
TOUCHWOOD,2018-12-31,24.86,24.86,24.86,24.86,0
TOUCHWOOD,2019-01-01,23.62,23.62,23.62,23.62,7500
TOUCHWOOD,2019-01-02,22.46,22.46,22.44,22.44,15000
TOUCHWOOD,2019-01-03,22.44,22.44,22.44,22.44,0
TOUCHWOOD,2019-01-04,22.44,22.44,22.44,22.44,0
TOUCHWOOD,2019-01-07,22.44,22.44,22.44,22.44,0
TOUCHWOOD,2019-01-08,22.44,22.44,22.44,22.44,0
TOUCHWOOD,2019-01-09,22.44,22.44,22.44,22.44,0
TOUCHWOOD,2019-01-10,22.44,22.44,22.44,22.44,0
TOUCHWOOD,2019-01-11,22.44,22.44,22.44,22.44,0
TOUCHWOOD,2019-01-14,21.34,21.34,21.34,21.34,15000
TOUCHWOOD,2019-01-15,22.4,22.4,21.6,21.6,37500
TOUCHWOOD,2019-01-16,22.68,22.68,20.6,20.6,15000
TOUCHWOOD,2019-01-17,20.6,20.6,20.6,20.6,0
TOUCHWOOD,2019-01-18,20.6,20.6,20.6,20.6,0
TOUCHWOOD,2019-01-21,20.6,20.6,20.6,20.6,0
TOUCHWOOD,2019-01-22,20.6,20.6,20.6,20.6,0
TOUCHWOOD,2019-01-23,19.64,19.64,19.64,19.64,7500
TOUCHWOOD,2019-01-24,19.64,19.64,19.64,19.64,0
TOUCHWOOD,2019-01-25,19.64,19.64,19.64,19.64,0
TOUCHWOOD,2019-01-28,19.64,19.64,19.64,19.64,0
TOUCHWOOD,2019-01-29,19.64,19.64,19.64,19.64,0
TOUCHWOOD,2019-01-30,19.64,19.64,19.64,19.64,0
TOUCHWOOD,2019-01-31,19.62,20.8,19.62,20.8,15000
TOUCHWOOD,2019-02-01,20.7,20.7,20.7,20.7,7500
TOUCHWOOD,2019-02-04,20.7,20.7,20.7,20.7,0
TOUCHWOOD,2019-02-05,20.0,20.0,19.7,19.74,112500
TOUCHWOOD,2019-02-06,19.74,19.74,19.74,19.74,0
TOUCHWOOD,2019-02-07,19.74,19.74,19.74,19.74,0
TOUCHWOOD,2019-02-08,19.74,19.74,19.74,19.74,0
TOUCHWOOD,2019-02-11,19.74,19.74,19.74,19.74,0
TOUCHWOOD,2019-02-12,19.6,19.6,19.6,19.6,7500
TOUCHWOOD,2019-02-14,19.6,19.6,19.6,19.6,0
TOUCHWOOD,2019-02-15,19.6,19.6,19.6,19.6,0
TOUCHWOOD,2019-02-18,20.4,20.4,20.4,20.4,7500
TOUCHWOOD,2019-02-19,20.4,20.4,20.4,20.4,0
TOUCHWOOD,2019-02-20,21.42,21.42,21.42,21.42,7500
TOUCHWOOD,2019-02-21,21.42,21.42,21.42,21.42,0
TOUCHWOOD,2019-02-22,23.4,23.4,23.4,23.4,7500
TOUCHWOOD,2019-02-25,24.56,24.56,24.56,24.56,7500
TOUCHWOOD,2019-02-26,23.36,23.36,23.36,23.36,7500
TOUCHWOOD,2019-02-27,23.36,23.36,23.36,23.36,0
TOUCHWOOD,2019-02-28,24.52,24.52,24.52,24.52,7500
TOUCHWOOD,2019-03-01,23.38,23.38,23.38,23.38,7500
TOUCHWOOD,2019-03-05,24.54,24.54,23.2,23.2,37500
TOUCHWOOD,2019-03-06,23.2,23.2,23.2,23.2,0
TOUCHWOOD,2019-03-07,23.2,23.2,23.2,23.2,0
TOUCHWOOD,2019-03-08,23.2,23.2,23.2,23.2,0
TOUCHWOOD,2019-03-11,24.2,24.2,24.04,24.06,22500
TOUCHWOOD,2019-03-12,24.4,24.4,24.4,24.4,7500
TOUCHWOOD,2019-03-13,25.16,25.16,25.16,25.16,7500
TOUCHWOOD,2019-03-14,25.1,26.4,25.1,26.4,22500
TOUCHWOOD,2019-03-15,26.4,26.4,26.4,26.4,0
TOUCHWOOD,2019-03-18,27.6,27.6,27.6,27.6,7500
TOUCHWOOD,2019-03-19,28.56,28.56,28.56,28.56,7500
TOUCHWOOD,2019-03-20,28.74,28.74,28.74,28.74,15000
TOUCHWOOD,2019-03-22,28.74,28.74,28.74,28.74,0
TOUCHWOOD,2019-03-25,25.96,25.96,25.96,25.96,30000
TOUCHWOOD,2019-03-26,24.68,26.0,24.68,26.0,30000
TOUCHWOOD,2019-03-27,24.7,24.7,24.7,24.7,7500
TOUCHWOOD,2019-03-28,24.7,24.7,24.7,24.7,0
TOUCHWOOD,2019-04-01,24.7,24.7,24.7,24.7,0
TOUCHWOOD,2019-04-02,24.7,24.7,24.7,24.7,0
TOUCHWOOD,2019-04-03,24.7,24.7,24.7,24.7,0
TOUCHWOOD,2019-04-04,24.7,24.7,24.7,24.7,0
TOUCHWOOD,2019-04-05,24.7,24.7,24.7,24.7,0
TOUCHWOOD,2019-04-08,24.7,24.7,24.7,24.7,0
TOUCHWOOD,2019-04-09,24.7,24.7,24.7,24.7,0
TOUCHWOOD,2019-04-10,24.7,24.7,24.7,24.7,0
TOUCHWOOD,2019-04-11,24.7,24.7,24.7,24.7,0
TOUCHWOOD,2019-04-12,24.7,24.7,24.7,24.7,0
TOUCHWOOD,2019-04-15,24.7,24.7,24.7,24.7,0
TOUCHWOOD,2019-04-16,24.7,24.7,24.7,24.7,0
TOUCHWOOD,2019-04-18,24.7,24.7,24.7,24.7,0
TOUCHWOOD,2019-04-22,24.7,24.7,24.7,24.7,0
TOUCHWOOD,2019-04-23,24.7,24.7,24.7,24.7,0
TOUCHWOOD,2019-04-24,23.52,23.52,23.52,23.52,7500
TOUCHWOOD,2019-04-25,23.52,23.52,23.52,23.52,0
TOUCHWOOD,2019-04-26,25.9,25.9,25.9,25.9,7500
TOUCHWOOD,2019-04-30,27.18,27.18,27.18,27.18,7500
TOUCHWOOD,2019-05-02,28.5,28.52,28.44,28.44,22500
TOUCHWOOD,2019-05-03,28.4,28.4,28.4,28.4,7500
TOUCHWOOD,2019-05-06,29.82,29.82,28.6,29.2,15000
TOUCHWOOD,2019-05-07,29.2,29.2,29.2,29.2,0
TOUCHWOOD,2019-05-08,29.2,29.2,29.2,29.2,0
TOUCHWOOD,2019-05-09,29.2,29.2,29.2,29.2,0
TOUCHWOOD,2019-05-10,28.0,28.0,28.0,28.0,7500
TOUCHWOOD,2019-05-13,28.0,28.0,28.0,28.0,0
TOUCHWOOD,2019-05-14,27.96,27.96,27.96,27.96,7500
TOUCHWOOD,2019-05-15,27.96,27.96,27.96,27.96,0
TOUCHWOOD,2019-05-16,28.8,28.8,28.8,28.8,7500
TOUCHWOOD,2019-05-17,27.7,27.7,27.36,27.6,30000
TOUCHWOOD,2019-05-20,28.98,28.98,28.98,28.98,15000
TOUCHWOOD,2019-05-21,28.98,28.98,28.98,28.98,0
TOUCHWOOD,2019-05-22,28.98,28.98,28.98,28.98,0
TOUCHWOOD,2019-05-23,28.98,28.98,28.98,28.98,0
TOUCHWOOD,2019-05-24,29.92,29.92,29.92,29.92,7500
TOUCHWOOD,2019-05-27,31.4,31.4,31.4,31.4,30000
TOUCHWOOD,2019-05-28,31.4,32.96,31.4,32.96,15000
TOUCHWOOD,2019-05-29,34.6,34.6,34.6,34.6,7500
TOUCHWOOD,2019-05-30,36.0,36.0,36.0,36.0,7500
TOUCHWOOD,2019-05-31,36.0,36.0,36.0,36.0,0
TOUCHWOOD,2019-06-03,36.0,36.0,36.0,36.0,0
TOUCHWOOD,2019-06-04,36.8,36.8,36.8,36.8,7500
TOUCHWOOD,2019-06-06,34.96,34.96,34.96,34.96,15000
TOUCHWOOD,2019-06-07,34.96,34.96,34.96,34.96,0
TOUCHWOOD,2019-06-10,34.96,34.96,34.96,34.96,0
TOUCHWOOD,2019-06-11,34.96,34.96,34.96,34.96,0
TOUCHWOOD,2019-06-12,34.96,34.96,34.96,34.96,0
TOUCHWOOD,2019-06-13,34.96,34.96,34.96,34.96,0
TOUCHWOOD,2019-06-14,34.96,34.96,34.96,34.96,0
TOUCHWOOD,2019-06-17,34.96,34.96,34.96,34.96,0
TOUCHWOOD,2019-06-18,34.96,34.96,34.96,34.96,0
TOUCHWOOD,2019-06-19,34.96,34.96,34.96,34.96,0
TOUCHWOOD,2019-06-20,34.96,34.96,34.96,34.96,0
TOUCHWOOD,2019-06-21,36.7,36.7,36.7,36.7,7500
TOUCHWOOD,2019-06-24,36.7,36.7,36.7,36.7,0
TOUCHWOOD,2019-06-25,36.7,36.7,36.7,36.7,0
TOUCHWOOD,2019-06-26,34.88,34.88,34.88,34.88,7500
TOUCHWOOD,2019-06-27,34.88,34.88,34.88,34.88,0
TOUCHWOOD,2019-06-28,34.88,34.88,34.88,34.88,0
TOUCHWOOD,2019-07-01,35.6,36.62,35.52,36.18,41250
TOUCHWOOD,2019-07-02,36.18,36.18,36.18,36.18,0
TOUCHWOOD,2019-07-03,34.38,37.98,34.38,36.38,18750
TOUCHWOOD,2019-07-04,37.8,38.16,37.2,37.2,22500
TOUCHWOOD,2019-07-05,39.04,39.06,38.98,39.06,26250
TOUCHWOOD,2019-07-08,41.0,41.0,41.0,41.0,11250
TOUCHWOOD,2019-07-09,43.04,43.04,42.96,42.96,22500
TOUCHWOOD,2019-07-10,45.1,45.1,44.04,45.02,26250
TOUCHWOOD,2019-07-11,47.18,47.18,46.38,46.38,18750
TOUCHWOOD,2019-07-12,46.38,46.38,46.38,46.38,0
TOUCHWOOD,2019-07-15,44.08,44.08,44.08,44.08,3750
TOUCHWOOD,2019-07-16,41.88,41.88,41.88,41.88,3750
TOUCHWOOD,2019-07-17,39.8,40.0,39.8,39.8,56250
TOUCHWOOD,2019-07-18,40.94,40.94,40.94,40.94,3750
TOUCHWOOD,2019-07-19,40.94,40.94,40.94,40.94,0
TOUCHWOOD,2019-07-22,42.98,42.98,42.98,42.98,3750
TOUCHWOOD,2019-07-23,44.86,44.9,44.86,44.9,15000
TOUCHWOOD,2019-07-24,42.7,47.14,42.68,44.52,78750
TOUCHWOOD,2019-07-25,46.74,46.74,46.74,46.74,11250
TOUCHWOOD,2019-07-26,49.06,49.06,49.06,49.06,3750
TOUCHWOOD,2019-07-29,51.4,51.4,51.4,51.4,3750
TOUCHWOOD,2019-07-30,48.84,52.6,48.84,52.6,7500
TOUCHWOOD,2019-07-31,49.98,49.98,49.98,49.98,3750
TOUCHWOOD,2019-08-01,47.5,47.5,47.5,47.5,3750
TOUCHWOOD,2019-08-02,45.16,45.2,45.16,45.2,18750
TOUCHWOOD,2019-08-05,43.0,43.0,43.0,43.0,3750
TOUCHWOOD,2019-08-06,45.14,45.14,45.14,45.14,78750
TOUCHWOOD,2019-08-07,45.14,45.14,45.14,45.14,0
TOUCHWOOD,2019-08-08,45.14,45.14,45.14,45.14,0
TOUCHWOOD,2019-08-09,47.38,47.38,47.38,47.38,3750
TOUCHWOOD,2019-08-13,45.02,45.02,45.02,45.02,3750
TOUCHWOOD,2019-08-14,45.02,45.02,45.02,45.02,0
TOUCHWOOD,2019-08-16,45.02,45.02,45.02,45.02,0
TOUCHWOOD,2019-08-19,45.02,45.02,44.02,44.02,7500
TOUCHWOOD,2019-08-20,44.02,44.02,44.02,44.02,0
TOUCHWOOD,2019-08-21,44.02,44.02,44.02,44.02,0
TOUCHWOOD,2019-08-22,44.02,44.02,44.02,44.02,0
TOUCHWOOD,2019-08-23,44.02,44.02,44.02,44.02,0
TOUCHWOOD,2019-08-26,46.2,46.2,46.0,46.05,15000
TOUCHWOOD,2019-08-27,48.2,48.2,48.2,48.2,3750
TOUCHWOOD,2019-08-28,50.6,50.6,50.6,50.6,3750
TOUCHWOOD,2019-08-29,50.6,50.6,50.6,50.6,0
TOUCHWOOD,2019-08-30,50.6,50.6,50.6,50.6,0
TOUCHWOOD,2019-09-03,50.6,50.6,50.6,50.6,0
TOUCHWOOD,2019-09-04,50.6,50.6,50.6,50.6,0
TOUCHWOOD,2019-09-05,53.0,53.0,53.0,53.0,3750
TOUCHWOOD,2019-09-06,50.35,50.35,50.35,50.35,3750
TOUCHWOOD,2019-09-09,52.75,52.75,52.75,52.75,3750
TOUCHWOOD,2019-09-11,55.0,55.0,55.0,55.0,3750
TOUCHWOOD,2019-09-12,52.25,52.25,52.25,52.25,3750
TOUCHWOOD,2019-09-13,49.65,49.65,49.65,49.65,3750
TOUCHWOOD,2019-09-16,47.2,47.2,47.2,47.2,15000
TOUCHWOOD,2019-09-17,47.2,47.2,47.2,47.2,0
TOUCHWOOD,2019-09-18,47.2,47.2,47.2,47.2,0
TOUCHWOOD,2019-09-19,47.2,47.2,47.2,47.2,0
TOUCHWOOD,2019-09-20,49.5,49.55,48.5,49.4,26250
TOUCHWOOD,2019-09-23,49.4,49.4,49.4,49.4,0
TOUCHWOOD,2019-09-24,49.4,49.4,49.4,49.4,0
TOUCHWOOD,2019-09-25,49.4,49.4,49.4,49.4,0
TOUCHWOOD,2019-09-26,49.4,49.4,49.4,49.4,0
TOUCHWOOD,2019-09-27,49.4,49.4,49.4,49.4,0
TOUCHWOOD,2019-09-30,49.4,49.4,49.4,49.4,0
TOUCHWOOD,2019-10-01,49.4,49.4,49.4,49.4,0
TOUCHWOOD,2019-10-03,51.75,51.75,51.75,51.75,3750
TOUCHWOOD,2019-10-04,49.2,53.95,49.2,53.95,7500
TOUCHWOOD,2019-10-07,51.3,53.85,51.3,53.4,18750
TOUCHWOOD,2019-10-09,50.75,52.0,50.75,52.0,11250
TOUCHWOOD,2019-10-10,54.4,54.4,49.4,49.4,11250
TOUCHWOOD,2019-10-11,46.95,50.3,46.95,50.3,11250
TOUCHWOOD,2019-10-14,47.8,47.8,47.8,47.8,7500
TOUCHWOOD,2019-10-15,45.45,45.45,45.45,45.45,3750
TOUCHWOOD,2019-10-16,43.2,43.2,43.2,43.2,11250
TOUCHWOOD,2019-10-17,43.2,43.2,43.2,43.2,0
TOUCHWOOD,2019-10-18,41.05,41.05,41.05,41.05,3750
TOUCHWOOD,2019-10-22,39.0,43.1,39.0,43.1,26250
TOUCHWOOD,2019-10-23,45.25,45.25,45.25,45.25,7500
TOUCHWOOD,2019-10-24,45.25,45.25,45.25,45.25,0
TOUCHWOOD,2019-10-25,49.85,49.85,49.85,49.85,3750
TOUCHWOOD,2019-10-27,52.3,52.3,52.3,52.3,3750
TOUCHWOOD,2019-10-29,52.3,52.3,52.3,52.3,0
TOUCHWOOD,2019-10-30,52.3,52.3,52.3,52.3,0
TOUCHWOOD,2019-10-31,52.3,52.3,52.3,52.3,0
TOUCHWOOD,2019-11-01,49.75,54.9,49.75,54.9,15000
TOUCHWOOD,2019-11-04,52.2,57.25,52.2,57.25,11250
TOUCHWOOD,2019-11-05,59.45,59.5,59.45,59.5,7500
TOUCHWOOD,2019-11-06,59.5,59.5,59.5,59.5,0
TOUCHWOOD,2019-11-07,62.1,62.1,62.1,62.1,3750
TOUCHWOOD,2019-11-08,65.2,65.2,65.2,65.2,3750
TOUCHWOOD,2019-11-11,65.2,65.2,65.2,65.2,0
TOUCHWOOD,2019-11-13,66.5,66.5,66.5,66.5,3750
TOUCHWOOD,2019-11-14,66.5,66.5,66.5,66.5,0
TOUCHWOOD,2019-11-15,63.0,63.0,63.0,63.0,3750
TOUCHWOOD,2019-11-18,63.0,63.0,63.0,63.0,0
TOUCHWOOD,2019-11-19,59.85,59.85,59.85,59.85,3750
TOUCHWOOD,2019-11-20,59.85,59.85,59.85,59.85,0
TOUCHWOOD,2019-11-21,59.85,59.85,59.85,59.85,0
TOUCHWOOD,2019-11-22,59.85,59.85,59.85,59.85,0
TOUCHWOOD,2019-11-25,51.4,51.4,51.4,51.4,7500
TOUCHWOOD,2019-11-26,53.5,53.5,53.5,53.5,3750
TOUCHWOOD,2019-11-27,53.5,53.5,53.5,53.5,0
TOUCHWOOD,2019-11-28,53.5,53.5,53.5,53.5,0
TOUCHWOOD,2019-11-29,53.5,53.5,53.5,53.5,0
TOUCHWOOD,2019-12-02,53.5,53.5,53.5,53.5,0
TOUCHWOOD,2019-12-03,53.5,53.5,53.5,53.5,0
TOUCHWOOD,2019-12-04,53.5,53.5,53.5,53.5,0
TOUCHWOOD,2019-12-05,53.5,53.5,53.5,53.5,0
TOUCHWOOD,2019-12-06,53.5,53.5,53.5,53.5,0
TOUCHWOOD,2019-12-09,53.5,53.5,53.5,53.5,0
TOUCHWOOD,2019-12-10,48.0,48.0,48.0,48.0,56250
TOUCHWOOD,2019-12-11,48.0,48.0,48.0,48.0,0
TOUCHWOOD,2019-12-12,50.4,50.4,50.4,50.4,3750
TOUCHWOOD,2019-12-13,50.4,50.4,50.4,50.4,0
TOUCHWOOD,2019-12-16,50.4,50.4,50.4,50.4,0
TOUCHWOOD,2019-12-17,52.9,52.9,52.9,52.9,3750
TOUCHWOOD,2019-12-18,55.4,55.5,55.4,55.5,7500
TOUCHWOOD,2019-12-19,58.25,58.25,58.25,58.25,3750
TOUCHWOOD,2019-12-20,58.25,58.25,58.25,58.25,0
TOUCHWOOD,2019-12-23,64.2,64.2,64.2,64.2,3750
TOUCHWOOD,2019-12-24,64.2,64.2,64.2,64.2,0
TOUCHWOOD,2019-12-26,70.75,70.75,70.0,70.0,11250
TOUCHWOOD,2019-12-27,73.5,73.5,73.5,73.5,7500
TOUCHWOOD,2019-12-30,70.0,75.7,70.0,75.7,11250
TOUCHWOOD,2019-12-31,79.3,79.3,79.3,79.3,3750
TOUCHWOOD,2020-01-01,79.3,79.3,79.3,79.3,0
TOUCHWOOD,2020-01-02,75.35,75.35,75.35,75.35,3750
TOUCHWOOD,2020-01-03,79.0,79.0,78.85,78.85,7500
TOUCHWOOD,2020-01-06,74.95,82.6,74.95,82.6,15000
TOUCHWOOD,2020-01-07,82.6,82.6,82.6,82.6,0
TOUCHWOOD,2020-01-08,82.6,86.0,82.6,86.0,11250
TOUCHWOOD,2020-01-09,90.25,90.25,90.25,90.25,3750
TOUCHWOOD,2020-01-10,85.75,92.9,85.75,92.9,7500
TOUCHWOOD,2020-01-13,92.9,92.9,92.9,92.9,0
TOUCHWOOD,2020-01-14,83.95,89.5,83.9,89.25,18750
TOUCHWOOD,2020-01-15,89.25,89.25,89.25,89.25,0
TOUCHWOOD,2020-01-16,89.25,89.25,89.25,89.25,0
TOUCHWOOD,2020-01-17,89.25,89.25,89.25,89.25,0
TOUCHWOOD,2020-01-20,89.25,89.25,89.25,89.25,0
TOUCHWOOD,2020-01-21,89.25,89.25,89.25,89.25,0
TOUCHWOOD,2020-01-22,89.25,89.25,89.25,89.25,0
TOUCHWOOD,2020-01-23,89.25,89.25,89.25,89.25,0
TOUCHWOOD,2020-01-24,89.25,89.25,89.25,89.25,0
TOUCHWOOD,2020-01-27,89.25,89.25,89.25,89.25,0
TOUCHWOOD,2020-01-28,89.25,89.25,89.25,89.25,0
TOUCHWOOD,2020-01-29,89.25,89.25,89.25,89.25,0
TOUCHWOOD,2020-01-30,89.25,89.25,89.25,89.25,0
TOUCHWOOD,2020-01-31,89.25,89.25,89.25,89.25,0
TOUCHWOOD,2020-02-03,89.25,89.25,89.25,89.25,0
TOUCHWOOD,2020-02-04,89.25,89.25,89.25,89.25,0
TOUCHWOOD,2020-02-05,89.25,89.25,89.25,89.25,0
TOUCHWOOD,2020-02-06,89.25,89.25,89.25,89.25,0
TOUCHWOOD,2020-02-07,89.25,89.25,89.25,89.25,0
TOUCHWOOD,2020-02-10,89.25,89.25,89.25,89.25,0
TOUCHWOOD,2020-02-11,89.25,89.25,89.25,89.25,0
TOUCHWOOD,2020-02-12,89.25,89.25,89.25,89.25,0
TOUCHWOOD,2020-02-13,89.25,89.25,89.25,89.25,0
TOUCHWOOD,2020-02-14,89.25,89.25,89.25,89.25,0
TOUCHWOOD,2020-02-17,89.25,89.25,89.25,89.25,0
TOUCHWOOD,2020-02-18,89.25,89.25,89.25,89.25,0
TOUCHWOOD,2020-02-19,89.25,89.25,89.25,89.25,0
TOUCHWOOD,2020-02-20,89.25,89.25,89.25,89.25,0
TOUCHWOOD,2020-02-24,89.25,89.25,89.25,89.25,0
TOUCHWOOD,2020-02-25,89.25,89.25,89.25,89.25,0
TOUCHWOOD,2020-02-26,77.3,77.45,74.2,76.9,11809
TOUCHWOOD,2020-02-27,77.9,77.9,69.45,75.95,8010
TOUCHWOOD,2020-02-28,72.15,77.25,72.1,72.7,6487
TOUCHWOOD,2020-03-02,70.4,79.9,70.4,73.25,26097
TOUCHWOOD,2020-03-03,73.5,76.9,71.0,71.55,14681
TOUCHWOOD,2020-03-04,70.05,73.75,68.2,70.65,10548
TOUCHWOOD,2020-03-05,75.7,75.7,70.65,71.2,10353
TOUCHWOOD,2020-03-06,72.0,72.0,66.0,69.9,9062
TOUCHWOOD,2020-03-09,69.95,70.0,63.0,67.45,11869
TOUCHWOOD,2020-03-11,70.0,70.0,68.0,68.15,7451
TOUCHWOOD,2020-03-12,67.0,69.75,61.35,61.35,14221
TOUCHWOOD,2020-03-13,66.55,66.55,55.25,60.0,15637
TOUCHWOOD,2020-03-16,60.0,63.25,54.0,61.55,9258
TOUCHWOOD,2020-03-17,63.5,63.9,58.05,59.4,9508
TOUCHWOOD,2020-03-18,61.0,62.0,53.5,55.2,9256
TOUCHWOOD,2020-03-19,60.55,60.55,49.8,57.3,9414
TOUCHWOOD,2020-03-20,62.05,62.05,55.0,59.9,12068
TOUCHWOOD,2020-03-23,59.8,59.8,53.95,55.55,7738
TOUCHWOOD,2020-03-24,61.0,61.0,50.0,50.0,11775
TOUCHWOOD,2020-03-25,52.0,52.75,45.05,46.3,16076
TOUCHWOOD,2020-03-26,46.3,50.9,46.3,50.8,9038
TOUCHWOOD,2020-03-27,52.0,52.0,46.45,51.65,9052
TOUCHWOOD,2020-03-30,53.0,53.0,50.0,51.4,10596
TOUCHWOOD,2020-03-31,52.0,56.5,46.6,50.0,8057
TOUCHWOOD,2020-04-01,51.0,51.5,47.0,51.0,8069
TOUCHWOOD,2020-04-03,52.5,52.5,46.65,50.7,10061
TOUCHWOOD,2020-04-07,52.4,53.9,50.0,52.2,7648
TOUCHWOOD,2020-04-08,54.85,54.85,47.2,48.55,10227
TOUCHWOOD,2020-04-09,54.5,54.9,50.9,54.45,13038
TOUCHWOOD,2020-04-13,55.5,55.5,45.95,53.15,6352
TOUCHWOOD,2020-04-15,54.95,55.0,49.25,52.85,5519
TOUCHWOOD,2020-04-16,54.4,54.4,51.05,52.9,13307
TOUCHWOOD,2020-04-17,57.8,57.8,51.1,53.55,5735
TOUCHWOOD,2020-04-20,48.35,55.0,48.35,52.85,7191
TOUCHWOOD,2020-04-21,54.3,54.9,48.45,53.0,6482
TOUCHWOOD,2020-04-22,54.8,54.8,48.3,52.75,12347
TOUCHWOOD,2020-04-23,53.5,53.5,52.0,52.65,8464
TOUCHWOOD,2020-04-24,51.0,55.45,47.3,53.95,8268
TOUCHWOOD,2020-04-27,53.0,54.0,50.05,52.6,8217
TOUCHWOOD,2020-04-28,52.0,54.0,50.0,51.8,11960
TOUCHWOOD,2020-04-29,54.0,62.0,50.5,53.25,21421
TOUCHWOOD,2020-04-30,55.3,55.3,51.0,53.0,9812
TOUCHWOOD,2020-05-04,55.85,55.85,48.05,50.2,16823
TOUCHWOOD,2020-05-05,52.95,52.95,49.75,50.3,10254
TOUCHWOOD,2020-05-06,50.0,50.95,49.05,50.45,8071
TOUCHWOOD,2020-05-07,49.6,51.45,46.05,50.1,7726
TOUCHWOOD,2020-05-08,49.1,52.9,48.5,50.5,5982
TOUCHWOOD,2020-05-11,52.0,54.0,50.0,50.75,10687
TOUCHWOOD,2020-05-12,51.9,51.9,48.2,50.5,8541
TOUCHWOOD,2020-05-13,53.0,53.0,49.35,50.0,10698
TOUCHWOOD,2020-05-14,49.0,50.95,48.0,50.8,9511
TOUCHWOOD,2020-05-15,52.8,52.8,48.3,49.0,10368
TOUCHWOOD,2020-05-18,50.5,50.5,43.95,47.9,7509
TOUCHWOOD,2020-05-19,49.5,54.9,44.05,47.15,4330
TOUCHWOOD,2020-05-20,46.0,49.95,46.0,49.35,2852
TOUCHWOOD,2020-05-21,48.5,50.35,47.15,49.7,2339
TOUCHWOOD,2020-05-22,49.0,53.0,45.25,47.65,6787
TOUCHWOOD,2020-05-26,53.0,53.0,45.15,47.75,5814
TOUCHWOOD,2020-05-27,50.1,50.1,46.4,47.25,2304
TOUCHWOOD,2020-05-28,48.5,48.95,45.3,48.8,2521
TOUCHWOOD,2020-05-29,48.5,48.5,46.5,48.35,4746
TOUCHWOOD,2020-06-01,50.0,50.0,46.3,48.45,4694
TOUCHWOOD,2020-06-02,48.45,48.45,46.15,48.4,6744
TOUCHWOOD,2020-06-03,48.5,48.55,46.45,48.2,6514
TOUCHWOOD,2020-06-04,48.2,48.2,45.85,46.0,3737
TOUCHWOOD,2020-06-05,45.55,48.3,45.0,47.3,5730
TOUCHWOOD,2020-06-08,48.5,48.5,45.3,48.15,4584
TOUCHWOOD,2020-06-09,45.75,48.95,45.75,48.9,5492
TOUCHWOOD,2020-06-10,48.5,48.8,46.7,48.7,4354
TOUCHWOOD,2020-06-11,47.1,48.85,46.5,48.65,3164
TOUCHWOOD,2020-06-12,50.0,50.0,46.25,49.25,4452
TOUCHWOOD,2020-06-15,48.0,49.5,46.8,49.1,4567
TOUCHWOOD,2020-06-16,46.65,49.3,46.65,49.05,4565
TOUCHWOOD,2020-06-17,48.65,48.7,46.65,47.4,7652
TOUCHWOOD,2020-06-18,48.35,48.35,46.0,47.45,7202
TOUCHWOOD,2020-06-19,47.5,47.85,45.7,47.8,5672
TOUCHWOOD,2020-06-22,49.95,49.95,47.0,47.35,7545
TOUCHWOOD,2020-06-23,46.5,47.65,45.55,47.35,204
TOUCHWOOD,2020-06-24,47.5,47.5,45.0,45.3,2514
TOUCHWOOD,2020-06-25,45.3,45.5,45.25,45.45,810
TOUCHWOOD,2020-06-26,47.45,47.45,43.2,43.55,2363
TOUCHWOOD,2020-06-29,45.3,45.7,41.45,44.2,3639
TOUCHWOOD,2020-06-30,46.35,46.35,42.05,45.75,4629
TOUCHWOOD,2020-07-01,47.9,47.9,46.75,46.75,322
TOUCHWOOD,2020-07-02,46.75,46.75,44.45,45.9,648
TOUCHWOOD,2020-07-03,44.55,47.2,43.65,43.7,5180
TOUCHWOOD,2020-07-06,41.55,45.7,41.55,43.5,1085
TOUCHWOOD,2020-07-07,42.0,45.3,41.35,44.95,3044
TOUCHWOOD,2020-07-08,44.95,44.95,42.75,42.8,514
TOUCHWOOD,2020-07-09,44.1,44.1,43.8,43.85,86
TOUCHWOOD,2020-07-10,43.85,43.95,41.95,43.2,498
TOUCHWOOD,2020-07-13,41.05,42.95,41.05,42.95,3919
TOUCHWOOD,2020-07-14,41.1,42.0,40.85,41.35,2142
TOUCHWOOD,2020-07-15,40.05,41.9,39.3,39.3,4790
TOUCHWOOD,2020-07-16,37.35,41.25,37.35,40.45,4134
TOUCHWOOD,2020-07-17,40.45,40.45,38.55,40.0,681
TOUCHWOOD,2020-07-20,39.0,41.95,39.0,40.0,630
TOUCHWOOD,2020-07-21,40.0,41.95,38.15,41.65,2384
TOUCHWOOD,2020-07-22,41.0,41.0,39.65,39.85,3128
TOUCHWOOD,2020-07-23,39.85,39.85,38.15,39.8,734
TOUCHWOOD,2020-07-24,39.8,39.8,39.8,39.8,101
TOUCHWOOD,2020-07-27,37.85,39.75,37.85,39.0,748
TOUCHWOOD,2020-07-28,37.1,40.85,37.1,39.9,2599
TOUCHWOOD,2020-07-29,40.5,41.8,38.0,41.8,3332
TOUCHWOOD,2020-07-30,41.0,43.0,39.8,41.3,981
TOUCHWOOD,2020-07-31,41.3,42.8,39.45,40.0,236
TOUCHWOOD,2020-08-03,42.0,42.0,38.0,41.0,2281
TOUCHWOOD,2020-08-04,41.0,42.85,39.4,42.4,935
TOUCHWOOD,2020-08-05,40.3,42.4,40.3,41.95,3341
TOUCHWOOD,2020-08-06,39.95,43.0,39.9,42.2,7318
TOUCHWOOD,2020-08-07,40.1,44.0,40.1,43.9,2409
TOUCHWOOD,2020-08-10,46.0,46.05,42.1,46.05,26870
TOUCHWOOD,2020-08-11,43.9,48.35,43.9,47.65,5603
TOUCHWOOD,2020-08-12,45.6,50.0,45.6,49.95,5955
TOUCHWOOD,2020-08-13,49.95,52.4,47.75,51.3,12334
TOUCHWOOD,2020-08-14,49.25,53.5,48.75,52.8,13699
TOUCHWOOD,2020-08-17,52.85,55.2,52.8,53.0,4950
TOUCHWOOD,2020-08-18,53.0,53.0,50.45,50.9,11168
TOUCHWOOD,2020-08-19,51.7,53.35,48.6,52.3,15524
TOUCHWOOD,2020-08-20,52.35,52.6,49.75,52.15,5242
TOUCHWOOD,2020-08-21,50.15,52.7,50.15,51.5,2033
TOUCHWOOD,2020-08-24,51.95,52.55,49.8,50.4,6761
TOUCHWOOD,2020-08-25,51.95,51.95,48.25,51.4,3581
TOUCHWOOD,2020-08-26,52.6,52.6,49.0,51.0,3496
TOUCHWOOD,2020-08-27,50.5,51.95,49.35,51.0,1756
TOUCHWOOD,2020-08-28,52.3,52.3,49.55,50.0,1138
TOUCHWOOD,2020-08-31,50.0,51.45,47.55,48.55,6821
TOUCHWOOD,2020-09-01,50.5,50.5,47.6,50.2,1176
TOUCHWOOD,2020-09-02,50.2,50.85,48.05,50.35,3224
TOUCHWOOD,2020-09-03,50.35,50.7,48.9,50.65,295
TOUCHWOOD,2020-09-04,48.5,51.45,48.2,49.8,4126
TOUCHWOOD,2020-09-07,50.05,50.95,47.5,49.0,3113
TOUCHWOOD,2020-09-08,49.0,49.0,47.75,48.9,340
TOUCHWOOD,2020-09-09,48.9,49.65,47.15,48.95,1178
TOUCHWOOD,2020-09-10,48.95,48.95,48.0,48.0,82
TOUCHWOOD,2020-09-11,47.2,49.5,47.0,48.7,594
TOUCHWOOD,2020-09-14,49.95,50.05,47.6,48.2,2121
TOUCHWOOD,2020-09-15,46.85,49.6,46.85,49.55,180
TOUCHWOOD,2020-09-16,49.55,50.05,47.6,49.6,435
TOUCHWOOD,2020-09-17,50.0,51.95,48.05,48.45,2601
TOUCHWOOD,2020-09-18,49.6,50.5,47.0,48.5,5789
TOUCHWOOD,2020-09-21,46.2,50.2,46.2,47.9,3566
TOUCHWOOD,2020-09-22,45.6,49.0,45.6,48.75,332
TOUCHWOOD,2020-09-23,46.8,48.45,46.35,47.5,1040
TOUCHWOOD,2020-09-24,45.25,47.45,45.15,45.15,1795
TOUCHWOOD,2020-09-25,45.0,46.75,44.0,44.85,1464
TOUCHWOOD,2020-09-28,46.5,46.8,45.5,45.5,1224
TOUCHWOOD,2020-09-29,45.05,45.05,43.3,44.55,1159
TOUCHWOOD,2020-09-30,46.45,46.45,42.35,42.85,1740
TOUCHWOOD,2020-10-01,42.0,44.4,40.75,41.25,2025
TOUCHWOOD,2020-10-05,42.6,43.3,40.4,43.3,2113
TOUCHWOOD,2020-10-06,45.45,45.45,43.3,45.35,450
TOUCHWOOD,2020-10-07,43.25,46.95,43.25,44.9,1381
TOUCHWOOD,2020-10-08,40.8,48.45,40.8,45.5,361
TOUCHWOOD,2020-10-09,48.2,48.2,41.55,43.65,288
TOUCHWOOD,2020-10-12,39.7,45.0,39.6,42.7,1727
TOUCHWOOD,2020-10-13,44.75,45.0,40.5,41.25,332
TOUCHWOOD,2020-10-14,41.25,45.35,41.0,43.95,4186
TOUCHWOOD,2020-10-15,41.5,45.95,41.1,42.0,5098
TOUCHWOOD,2020-10-16,45.8,45.85,41.5,43.75,1433
TOUCHWOOD,2020-10-19,42.6,42.6,41.1,41.5,4509
TOUCHWOOD,2020-10-20,41.15,44.05,41.15,43.8,280
TOUCHWOOD,2020-10-21,41.1,46.95,41.1,42.75,5816
TOUCHWOOD,2020-10-22,42.0,44.8,41.5,44.5,1410
TOUCHWOOD,2020-10-23,42.2,44.0,42.0,42.2,746
TOUCHWOOD,2020-10-26,43.9,43.9,40.15,41.95,992
TOUCHWOOD,2020-10-27,44.0,44.0,40.45,43.05,197
TOUCHWOOD,2020-10-28,41.35,45.05,41.35,41.7,223
TOUCHWOOD,2020-10-29,42.0,43.9,38.2,40.2,4241
TOUCHWOOD,2020-10-30,43.5,44.1,40.8,42.2,7436
TOUCHWOOD,2020-11-02,46.35,46.35,39.1,41.05,2619
TOUCHWOOD,2020-11-03,43.65,43.65,40.3,43.0,1157
TOUCHWOOD,2020-11-04,43.0,43.5,41.05,43.35,637
TOUCHWOOD,2020-11-05,43.35,44.45,41.7,42.25,710
TOUCHWOOD,2020-11-06,41.6,43.15,40.2,41.6,1135
TOUCHWOOD,2020-11-09,43.3,45.0,38.55,42.9,2169
TOUCHWOOD,2020-11-10,46.3,46.3,40.2,42.55,1965
TOUCHWOOD,2020-11-11,40.85,43.5,40.85,41.9,483
TOUCHWOOD,2020-11-12,40.3,43.3,40.3,42.65,639
TOUCHWOOD,2020-11-13,44.55,44.55,41.35,43.3,1202
TOUCHWOOD,2020-11-14,44.8,44.8,42.25,42.95,175
TOUCHWOOD,2020-11-17,44.55,44.55,41.55,44.4,982
TOUCHWOOD,2020-11-18,44.25,44.35,42.25,42.7,488
TOUCHWOOD,2020-11-19,43.3,43.3,41.15,41.3,1405
TOUCHWOOD,2020-11-20,40.55,42.9,39.5,42.15,1940
TOUCHWOOD,2020-11-23,40.6,43.25,40.6,42.0,406
TOUCHWOOD,2020-11-24,42.15,43.55,41.05,42.5,69
TOUCHWOOD,2020-11-25,41.1,43.95,40.35,42.2,2202
TOUCHWOOD,2020-11-26,42.5,43.5,41.6,43.3,609
TOUCHWOOD,2020-11-27,43.3,47.6,41.5,47.6,15699
TOUCHWOOD,2020-12-01,48.9,52.3,47.9,50.05,9049
TOUCHWOOD,2020-12-02,50.05,52.0,48.05,49.6,17951
TOUCHWOOD,2020-12-03,51.9,51.9,46.65,48.5,1327
TOUCHWOOD,2020-12-04,51.7,51.7,47.5,49.05,3227
TOUCHWOOD,2020-12-07,51.85,52.7,49.55,51.55,6283
TOUCHWOOD,2020-12-08,54.5,54.5,48.3,52.45,4786
TOUCHWOOD,2020-12-09,54.35,54.35,51.2,52.7,12116
TOUCHWOOD,2020-12-10,52.2,53.8,50.0,53.0,3288
TOUCHWOOD,2020-12-11,52.25,52.35,50.6,51.95,2671
TOUCHWOOD,2020-12-14,51.95,53.7,49.3,52.85,1809
TOUCHWOOD,2020-12-15,53.85,53.9,51.6,53.65,3427
TOUCHWOOD,2020-12-16,53.55,53.55,52.5,53.4,1846
TOUCHWOOD,2020-12-17,52.0,53.7,51.0,52.75,4699
TOUCHWOOD,2020-12-18,53.6,53.6,51.2,52.35,2400
TOUCHWOOD,2020-12-21,52.3,53.1,50.6,51.1,2879
TOUCHWOOD,2020-12-22,48.3,52.75,48.3,50.4,2067
TOUCHWOOD,2020-12-23,50.1,52.35,49.7,51.85,1608
TOUCHWOOD,2020-12-24,52.95,52.95,49.2,49.75,1097
TOUCHWOOD,2020-12-28,48.2,52.65,48.2,50.55,3305
TOUCHWOOD,2020-12-29,51.8,52.7,49.2,50.7,2461
TOUCHWOOD,2020-12-30,51.0,51.5,48.0,51.4,2078
TOUCHWOOD,2020-12-31,50.0,53.7,49.1,51.6,9854
TOUCHWOOD,2021-01-01,51.0,53.0,50.05,51.55,6379
TOUCHWOOD,2021-01-04,53.3,53.3,49.25,51.6,7280
TOUCHWOOD,2021-01-05,50.25,53.5,49.2,52.1,10364
TOUCHWOOD,2021-01-06,52.2,62.5,51.55,62.5,50558
TOUCHWOOD,2021-01-07,73.9,75.0,70.6,75.0,57728
TOUCHWOOD,2021-01-08,79.0,82.5,76.0,82.1,179325
TOUCHWOOD,2021-01-11,85.0,90.3,82.35,90.3,34297
TOUCHWOOD,2021-01-12,99.3,99.3,93.1,99.3,37745
TOUCHWOOD,2021-01-13,102.9,104.25,94.35,94.55,77810
TOUCHWOOD,2021-01-14,94.0,94.0,89.85,89.85,2418
TOUCHWOOD,2021-01-15,85.4,89.0,85.4,86.35,6770
TOUCHWOOD,2021-01-18,86.4,90.65,85.4,90.6,6764
TOUCHWOOD,2021-01-19,90.65,94.95,87.05,93.0,9717
TOUCHWOOD,2021-01-20,94.0,94.0,88.85,91.45,1817
TOUCHWOOD,2021-01-21,91.3,95.0,87.0,93.0,5864
TOUCHWOOD,2021-01-22,96.0,96.3,92.0,93.8,10686
TOUCHWOOD,2021-01-25,94.0,94.0,90.0,90.1,6120
TOUCHWOOD,2021-01-27,87.4,93.9,85.6,87.6,1585
TOUCHWOOD,2021-01-28,90.25,91.95,85.0,89.8,1061
TOUCHWOOD,2021-01-29,94.0,94.0,89.8,90.3,583
TOUCHWOOD,2021-02-01,90.3,93.9,90.3,93.2,6473
TOUCHWOOD,2021-02-02,90.0,94.0,90.0,93.3,2548
TOUCHWOOD,2021-02-03,93.5,97.5,90.0,92.9,3657
TOUCHWOOD,2021-02-04,92.9,96.85,88.5,94.95,2561
TOUCHWOOD,2021-02-05,96.0,97.0,90.3,95.35,3483
TOUCHWOOD,2021-02-08,95.35,96.0,91.0,92.5,1294
TOUCHWOOD,2021-02-09,92.5,95.0,90.5,94.5,385
TOUCHWOOD,2021-02-10,97.0,97.0,89.8,91.9,1507
TOUCHWOOD,2021-02-11,96.0,96.0,91.0,91.2,1128
TOUCHWOOD,2021-02-12,94.0,94.0,91.0,92.35,2632
TOUCHWOOD,2021-02-15,95.0,95.0,91.0,93.3,697
TOUCHWOOD,2021-02-16,93.3,95.0,89.1,92.45,10387
TOUCHWOOD,2021-02-17,96.95,96.95,92.0,94.45,564
TOUCHWOOD,2021-02-18,92.6,97.0,92.6,95.5,7255
TOUCHWOOD,2021-02-19,95.5,97.0,92.5,92.95,2688
TOUCHWOOD,2021-02-22,97.0,97.55,89.0,93.0,5458
TOUCHWOOD,2021-02-23,93.0,94.95,89.0,92.95,841
TOUCHWOOD,2021-02-24,92.0,97.0,88.35,95.95,4137
TOUCHWOOD,2021-02-25,95.45,95.45,91.2,91.2,1315
TOUCHWOOD,2021-02-26,86.7,95.45,86.7,92.0,3319
TOUCHWOOD,2021-03-01,88.0,94.9,88.0,92.35,1183
TOUCHWOOD,2021-03-02,92.25,96.95,92.0,92.55,2346
TOUCHWOOD,2021-03-03,90.05,97.15,90.05,97.1,8859
TOUCHWOOD,2021-03-04,100.0,101.95,92.3,99.4,7215
TOUCHWOOD,2021-03-05,101.8,104.35,100.0,101.8,12019
TOUCHWOOD,2021-03-08,102.4,106.85,100.0,106.3,5547
TOUCHWOOD,2021-03-09,106.4,111.6,106.3,111.6,7953
TOUCHWOOD,2021-03-10,117.15,117.15,117.15,117.15,5148
TOUCHWOOD,2021-03-12,123.0,123.0,120.05,122.55,13104
TOUCHWOOD,2021-03-15,127.0,128.65,116.45,128.65,4416
TOUCHWOOD,2021-03-16,135.0,135.05,123.05,129.1,4367
TOUCHWOOD,2021-03-17,129.2,134.0,122.65,123.2,5513
TOUCHWOOD,2021-03-18,125.65,129.35,117.05,129.25,5090
TOUCHWOOD,2021-03-19,131.85,132.85,122.8,124.25,2478
TOUCHWOOD,2021-03-22,124.25,130.45,119.2,127.55,13522
TOUCHWOOD,2021-03-23,122.4,133.9,122.4,132.95,4191
TOUCHWOOD,2021-03-24,127.0,130.0,126.35,126.5,2308
TOUCHWOOD,2021-03-25,126.5,128.45,120.8,123.8,1483
TOUCHWOOD,2021-03-26,118.1,126.5,117.65,126.45,4712
TOUCHWOOD,2021-03-30,124.0,126.35,120.15,120.45,3245
TOUCHWOOD,2021-03-31,115.0,116.0,114.45,114.45,1097
TOUCHWOOD,2021-04-01,108.8,119.8,108.75,119.8,5131
TOUCHWOOD,2021-04-05,119.0,119.0,113.85,119.0,1276
TOUCHWOOD,2021-04-06,121.4,121.4,114.5,114.5,1071
TOUCHWOOD,2021-04-07,120.1,120.1,109.1,114.65,1221
TOUCHWOOD,2021-04-08,109.0,119.0,109.0,116.45,1145
TOUCHWOOD,2021-04-09,111.0,111.4,111.0,111.05,731
TOUCHWOOD,2021-04-12,108.8,115.95,105.5,105.5,514
TOUCHWOOD,2021-04-13,110.0,110.75,100.25,102.5,3130
TOUCHWOOD,2021-04-15,102.5,107.0,97.4,97.4,5987
TOUCHWOOD,2021-04-16,97.4,100.0,93.0,97.9,1545
TOUCHWOOD,2021-04-19,93.15,100.0,93.05,95.3,1412
TOUCHWOOD,2021-04-20,95.3,99.9,90.55,92.5,4170
TOUCHWOOD,2021-04-22,94.35,97.1,94.25,95.4,1145
TOUCHWOOD,2021-04-23,97.0,100.0,90.65,92.25,1198
TOUCHWOOD,2021-04-26,93.0,96.85,90.65,96.0,817
TOUCHWOOD,2021-04-27,99.25,100.8,91.2,97.0,3437
TOUCHWOOD,2021-04-28,96.0,101.25,92.15,94.0,3830
TOUCHWOOD,2021-04-29,94.05,94.05,89.3,92.35,2256
TOUCHWOOD,2021-04-30,88.05,94.7,87.75,89.1,7605
TOUCHWOOD,2021-05-03,92.45,92.45,84.65,85.7,5901
TOUCHWOOD,2021-05-04,82.0,86.8,81.45,81.75,13647
TOUCHWOOD,2021-05-05,83.95,83.95,78.45,81.75,1354
TOUCHWOOD,2021-05-06,84.2,84.2,77.7,78.75,9457
TOUCHWOOD,2021-05-07,78.75,81.7,77.15,78.35,3393
TOUCHWOOD,2021-05-10,79.6,82.25,77.25,82.25,15983
TOUCHWOOD,2021-05-11,79.0,84.5,78.15,78.7,19511
TOUCHWOOD,2021-05-12,81.35,81.4,74.8,75.05,11882
TOUCHWOOD,2021-05-14,74.95,78.5,71.5,76.55,17791
TOUCHWOOD,2021-05-17,79.8,79.8,73.7,75.0,6843
TOUCHWOOD,2021-05-18,73.0,78.55,73.0,74.55,6228
TOUCHWOOD,2021-05-19,76.8,78.25,74.25,78.25,8328
TOUCHWOOD,2021-05-20,82.0,82.0,79.0,81.9,6351
TOUCHWOOD,2021-05-21,81.9,84.95,78.4,81.2,3650
TOUCHWOOD,2021-05-24,82.5,83.95,79.9,82.65,4872
TOUCHWOOD,2021-05-25,84.25,85.8,81.8,84.45,4125
TOUCHWOOD,2021-05-26,85.4,88.6,82.7,84.7,10263
TOUCHWOOD,2021-05-27,84.75,85.0,83.1,84.3,1918
TOUCHWOOD,2021-05-28,87.25,87.5,84.05,84.7,3515
TOUCHWOOD,2021-05-31,87.7,87.7,83.6,85.45,2573
TOUCHWOOD,2021-06-01,88.45,88.45,83.65,84.7,3201
TOUCHWOOD,2021-06-02,86.55,87.25,83.6,84.15,2787
TOUCHWOOD,2021-06-03,86.9,86.9,84.0,85.9,3205
TOUCHWOOD,2021-06-04,87.55,87.8,82.1,83.65,5478
TOUCHWOOD,2021-06-07,89.0,89.0,83.95,85.0,3595
TOUCHWOOD,2021-06-08,84.5,87.4,83.0,83.55,7634
TOUCHWOOD,2021-06-09,88.45,89.2,81.0,82.1,11284
TOUCHWOOD,2021-06-10,84.3,84.3,77.55,80.3,7678
TOUCHWOOD,2021-06-11,80.35,87.5,78.6,86.05,37777
TOUCHWOOD,2021-06-14,91.0,94.0,84.3,89.8,25373
TOUCHWOOD,2021-06-15,90.9,98.75,84.45,98.75,146703
TOUCHWOOD,2021-06-16,100.0,107.45,92.35,94.8,107633
TOUCHWOOD,2021-06-17,92.3,93.95,87.0,88.25,42332
TOUCHWOOD,2021-06-18,88.5,90.95,85.5,87.15,10756
TOUCHWOOD,2021-06-21,89.75,95.85,87.1,92.6,68770
TOUCHWOOD,2021-06-22,95.8,95.8,89.0,89.95,26073
TOUCHWOOD,2021-06-23,91.95,92.75,87.1,89.25,13258
TOUCHWOOD,2021-06-24,92.7,92.7,86.3,87.5,12229
TOUCHWOOD,2021-06-25,88.95,88.95,85.25,86.55,8870
TOUCHWOOD,2021-06-28,84.3,89.55,84.3,88.1,8804
TOUCHWOOD,2021-06-29,83.6,89.65,83.5,86.85,10056
TOUCHWOOD,2021-06-30,91.6,91.6,85.4,87.6,12536
TOUCHWOOD,2021-07-01,86.55,89.8,85.6,87.25,7104
TOUCHWOOD,2021-07-02,88.15,88.15,85.0,85.75,6883
TOUCHWOOD,2021-07-05,86.95,87.05,82.0,84.7,7658
TOUCHWOOD,2021-07-06,83.15,86.95,83.1,85.65,17216
TOUCHWOOD,2021-07-07,86.05,87.2,85.0,86.4,4490
TOUCHWOOD,2021-07-08,86.0,95.0,85.95,93.6,106143
TOUCHWOOD,2021-07-09,95.0,102.95,84.25,99.85,175284
TOUCHWOOD,2021-07-12,102.8,109.8,100.2,109.8,132950
TOUCHWOOD,2021-07-13,115.25,115.25,112.6,115.25,51932
TOUCHWOOD,2021-07-14,120.7,120.7,109.5,112.8,136008
TOUCHWOOD,2021-07-15,115.85,115.85,108.3,109.5,38477
TOUCHWOOD,2021-07-16,109.6,110.0,104.55,105.8,41044
TOUCHWOOD,2021-07-19,107.0,110.0,105.0,108.3,33287
TOUCHWOOD,2021-07-20,111.5,113.5,109.05,109.65,42791
TOUCHWOOD,2021-07-22,114.5,114.5,109.0,109.75,7861
TOUCHWOOD,2021-07-23,111.45,111.45,106.0,107.8,9547
TOUCHWOOD,2021-07-26,112.55,112.55,105.25,107.9,13198
TOUCHWOOD,2021-07-27,111.0,111.0,105.05,106.95,9233
TOUCHWOOD,2021-07-28,106.55,107.0,101.65,103.0,22215
TOUCHWOOD,2021-07-29,104.5,108.15,103.55,105.85,16904
TOUCHWOOD,2021-07-30,106.7,111.1,104.05,111.1,58427
TOUCHWOOD,2021-08-02,116.65,116.65,116.65,116.65,31016
TOUCHWOOD,2021-08-03,122.45,122.45,122.45,122.45,15298
TOUCHWOOD,2021-08-04,128.55,128.55,128.55,128.55,23255
TOUCHWOOD,2021-08-05,134.95,134.95,122.15,134.95,235291
TOUCHWOOD,2021-08-06,140.0,141.65,135.0,141.5,62878
TOUCHWOOD,2021-08-09,148.45,148.45,134.45,134.45,37648
TOUCHWOOD,2021-08-10,127.75,132.4,127.75,127.75,19349
TOUCHWOOD,2021-08-11,121.4,134.1,121.4,131.8,49808
TOUCHWOOD,2021-08-12,138.25,138.25,125.5,128.3,14389
TOUCHWOOD,2021-08-13,128.3,134.7,128.3,134.3,14196
TOUCHWOOD,2021-08-16,140.9,140.9,130.0,131.0,2031
TOUCHWOOD,2021-08-17,127.6,137.55,124.45,137.55,29118
TOUCHWOOD,2021-08-18,139.0,144.4,131.0,133.65,103509
TOUCHWOOD,2021-08-20,127.0,134.0,127.0,130.1,11443
TOUCHWOOD,2021-08-23,132.0,132.0,125.0,125.1,4608
TOUCHWOOD,2021-08-24,130.0,130.0,123.0,123.7,4495
TOUCHWOOD,2021-08-25,120.0,129.0,120.0,124.35,7948
TOUCHWOOD,2021-08-26,124.0,127.7,123.0,125.7,1851
TOUCHWOOD,2021-08-27,126.0,129.0,122.0,123.0,5211
TOUCHWOOD,2021-08-30,125.0,128.9,123.05,124.9,2534
TOUCHWOOD,2021-08-31,125.0,125.0,122.0,123.4,3566
TOUCHWOOD,2021-09-01,123.4,128.75,122.0,122.25,33521
TOUCHWOOD,2021-09-02,120.0,128.0,117.3,122.4,7685
TOUCHWOOD,2021-09-03,126.95,126.95,122.0,123.0,818
TOUCHWOOD,2021-09-06,127.0,127.0,118.1,125.7,3853
TOUCHWOOD,2021-09-07,123.2,127.0,120.05,121.15,1027
TOUCHWOOD,2021-09-08,121.15,126.85,121.15,124.6,2267
TOUCHWOOD,2021-09-09,123.0,124.0,122.0,123.8,1119
TOUCHWOOD,2021-09-13,127.2,129.0,122.8,125.45,1815
TOUCHWOOD,2021-09-14,125.0,126.0,119.2,119.65,12677
TOUCHWOOD,2021-09-15,121.75,123.8,113.7,116.8,9520
TOUCHWOOD,2021-09-16,116.0,122.5,112.05,119.45,3659
TOUCHWOOD,2021-09-17,122.0,122.0,115.0,116.0,3906
TOUCHWOOD,2021-09-20,116.0,120.95,116.0,117.5,1386
TOUCHWOOD,2021-09-21,113.0,119.5,113.0,115.1,2001
TOUCHWOOD,2021-09-22,115.1,120.85,114.5,118.0,5292
TOUCHWOOD,2021-09-23,119.0,121.05,115.0,120.0,3127
TOUCHWOOD,2021-09-24,122.0,124.9,115.0,123.85,4063
TOUCHWOOD,2021-09-27,123.9,123.9,121.0,122.15,1889
TOUCHWOOD,2021-09-28,117.05,122.15,117.05,122.15,2377
TOUCHWOOD,2021-09-29,116.45,121.95,116.45,121.45,3195
TOUCHWOOD,2021-09-30,121.45,123.0,120.0,120.65,3869
TOUCHWOOD,2021-10-01,118.0,123.0,117.0,122.2,3592
TOUCHWOOD,2021-10-04,122.5,122.85,118.0,122.0,4405
TOUCHWOOD,2021-10-05,122.9,122.9,119.5,119.65,1285
TOUCHWOOD,2021-10-06,121.0,121.8,117.0,117.6,2846
TOUCHWOOD,2021-10-07,123.45,123.45,117.0,121.0,2044
TOUCHWOOD,2021-10-08,122.0,123.0,116.0,117.3,17907
TOUCHWOOD,2021-10-11,116.0,123.15,116.0,123.15,6125
TOUCHWOOD,2021-10-12,129.3,129.3,129.3,129.3,7174
TOUCHWOOD,2021-10-13,135.75,135.75,122.85,123.65,27318
TOUCHWOOD,2021-10-14,128.95,129.8,121.05,125.9,8176
TOUCHWOOD,2021-10-18,132.15,132.15,124.15,126.85,16631
TOUCHWOOD,2021-10-19,126.9,129.0,120.6,121.1,8800
TOUCHWOOD,2021-10-20,121.2,122.45,115.5,117.4,12103
TOUCHWOOD,2021-10-21,116.35,120.95,115.25,116.15,3020
TOUCHWOOD,2021-10-22,116.7,121.95,116.1,117.05,1892
TOUCHWOOD,2021-10-25,117.0,117.0,111.2,111.2,11385
TOUCHWOOD,2021-10-26,105.65,105.65,105.65,105.65,4942
TOUCHWOOD,2021-10-27,100.4,100.4,100.4,100.4,6161
TOUCHWOOD,2021-10-28,95.4,105.3,95.4,103.75,47836
TOUCHWOOD,2021-10-29,102.05,108.9,101.0,108.9,9587
TOUCHWOOD,2021-11-01,114.3,114.3,109.95,111.2,11059
TOUCHWOOD,2021-11-02,111.8,116.75,111.8,116.45,16419
TOUCHWOOD,2021-11-03,119.95,120.0,110.65,115.1,8031
TOUCHWOOD,2021-11-04,118.0,120.85,112.35,116.25,16026
TOUCHWOOD,2021-11-08,119.5,121.0,115.1,115.55,10961
TOUCHWOOD,2021-11-09,115.65,119.9,111.0,114.25,9091
TOUCHWOOD,2021-11-10,119.4,119.95,108.55,110.15,104816
TOUCHWOOD,2021-11-11,115.65,115.65,115.65,115.65,1971
TOUCHWOOD,2021-11-12,121.4,121.4,121.4,121.4,7520
TOUCHWOOD,2021-11-15,127.4,127.45,127.4,127.45,24662
TOUCHWOOD,2021-11-16,133.8,133.8,133.8,133.8,12350
TOUCHWOOD,2021-11-17,140.45,140.45,128.4,139.15,106999
TOUCHWOOD,2021-11-18,141.0,141.0,132.2,135.3,25319
TOUCHWOOD,2021-11-22,135.0,135.85,128.6,132.0,4296
TOUCHWOOD,2021-11-23,128.0,130.45,125.4,126.9,6007
TOUCHWOOD,2021-11-24,122.05,131.95,121.2,127.45,3667
TOUCHWOOD,2021-11-25,123.0,133.8,121.9,129.85,10665
TOUCHWOOD,2021-11-26,133.0,133.0,123.5,127.3,4219
TOUCHWOOD,2021-11-29,124.65,133.65,121.0,130.4,3434
TOUCHWOOD,2021-11-30,135.0,135.0,127.0,127.4,3283
TOUCHWOOD,2021-12-01,129.05,130.7,123.9,130.5,2130
TOUCHWOOD,2021-12-02,130.6,130.9,124.6,125.65,10001
TOUCHWOOD,2021-12-03,126.7,129.9,121.25,122.3,4653
TOUCHWOOD,2021-12-06,126.8,127.0,116.2,116.55,5756
TOUCHWOOD,2021-12-07,125.0,128.2,118.0,121.65,30281
TOUCHWOOD,2021-12-08,123.0,124.95,119.45,121.4,8386
TOUCHWOOD,2021-12-09,123.0,125.9,120.65,123.75,4548
TOUCHWOOD,2021-12-10,124.35,124.4,120.1,121.9,4749
TOUCHWOOD,2021-12-13,126.0,129.9,119.3,121.35,16096
TOUCHWOOD,2021-12-14,119.0,127.95,118.55,119.9,12987
TOUCHWOOD,2021-12-15,123.05,123.95,120.05,122.35,3398
TOUCHWOOD,2021-12-16,127.05,127.1,121.0,121.5,5695
TOUCHWOOD,2021-12-17,125.05,125.1,120.0,121.8,6049
TOUCHWOOD,2021-12-20,130.0,130.0,114.0,116.25,3065
TOUCHWOOD,2021-12-21,115.05,119.9,115.05,116.55,2719
TOUCHWOOD,2021-12-22,120.0,121.95,115.55,120.65,1915
TOUCHWOOD,2021-12-23,124.05,124.9,117.6,121.55,4178
TOUCHWOOD,2021-12-24,123.4,123.4,117.35,119.0,1106
TOUCHWOOD,2021-12-27,117.0,121.0,116.0,116.65,5626
TOUCHWOOD,2021-12-28,118.4,120.75,118.2,119.2,2550
TOUCHWOOD,2021-12-29,122.0,122.0,117.05,118.1,5762
TOUCHWOOD,2021-12-30,120.5,120.5,113.9,114.8,9109
TOUCHWOOD,2021-12-31,113.65,116.95,112.9,114.55,2933
TOUCHWOOD,2022-01-03,114.1,117.7,112.95,114.1,5857
TOUCHWOOD,2022-01-04,116.55,116.55,112.55,113.7,3132
TOUCHWOOD,2022-01-05,112.05,119.9,111.5,117.95,7840
TOUCHWOOD,2022-01-06,118.75,120.0,113.15,115.15,5054
TOUCHWOOD,2022-01-07,119.95,119.95,112.55,113.2,8107
TOUCHWOOD,2022-01-10,112.05,116.95,102.3,110.95,4275
TOUCHWOOD,2022-01-11,105.5,114.95,105.5,113.25,3819
TOUCHWOOD,2022-01-12,113.25,118.35,107.35,112.9,6772
TOUCHWOOD,2022-01-13,118.95,118.95,112.95,118.35,8135
TOUCHWOOD,2022-01-14,122.0,122.0,114.05,118.85,10371
TOUCHWOOD,2022-01-17,124.95,124.95,113.5,117.25,2820
TOUCHWOOD,2022-01-18,121.95,121.95,116.65,117.05,5304
TOUCHWOOD,2022-01-19,119.4,119.4,112.3,114.95,4817
TOUCHWOOD,2022-01-20,118.9,120.0,110.9,117.3,4146
TOUCHWOOD,2022-01-21,122.45,122.45,112.6,114.35,1345
TOUCHWOOD,2022-01-24,112.1,118.85,104.3,107.4,4474
TOUCHWOOD,2022-01-25,106.3,115.0,103.55,110.85,4059
TOUCHWOOD,2022-01-27,115.35,115.35,106.9,109.0,9797
TOUCHWOOD,2022-01-28,114.3,114.3,105.0,107.6,5445
TOUCHWOOD,2022-01-31,109.35,115.2,108.95,112.85,3582
TOUCHWOOD,2022-02-01,120.25,124.1,115.0,118.85,19247
TOUCHWOOD,2022-02-02,124.0,124.0,111.0,116.0,8172
TOUCHWOOD,2022-02-03,116.0,120.6,114.0,116.0,2288
TOUCHWOOD,2022-02-04,116.55,118.75,114.85,117.2,1787
TOUCHWOOD,2022-02-07,118.05,118.05,105.35,112.1,4507
TOUCHWOOD,2022-02-08,112.05,115.8,112.0,113.8,3499
TOUCHWOOD,2022-02-09,129.05,129.05,110.35,115.85,2407
TOUCHWOOD,2022-02-10,117.95,117.95,109.15,112.1,8651
TOUCHWOOD,2022-02-11,117.95,117.95,110.0,113.3,3487
TOUCHWOOD,2022-02-14,110.0,114.4,107.0,108.0,4156
TOUCHWOOD,2022-02-15,108.55,110.45,100.0,109.1,10165
TOUCHWOOD,2022-02-16,113.95,113.95,105.1,109.55,1640
TOUCHWOOD,2022-02-17,113.05,113.05,105.1,109.4,4562
TOUCHWOOD,2022-02-18,108.95,112.4,103.55,105.45,6314
TOUCHWOOD,2022-02-21,105.0,105.0,100.0,100.85,11079
TOUCHWOOD,2022-02-22,101.8,101.8,93.8,98.2,4866
TOUCHWOOD,2022-02-23,102.35,102.5,98.3,98.4,6420
TOUCHWOOD,2022-02-24,95.6,97.9,85.05,88.0,13114
TOUCHWOOD,2022-02-25,105.0,105.6,91.0,101.6,38995
TOUCHWOOD,2022-02-28,95.2,114.0,95.0,99.15,29871
TOUCHWOOD,2022-03-02,98.15,111.0,91.85,102.1,5642
TOUCHWOOD,2022-03-03,109.8,109.8,101.35,104.05,7345
TOUCHWOOD,2022-03-04,102.0,104.9,97.05,100.25,8306
TOUCHWOOD,2022-03-07,101.95,101.95,97.0,99.0,3007
TOUCHWOOD,2022-03-08,96.6,101.35,96.6,98.4,2390
TOUCHWOOD,2022-03-09,97.65,102.9,97.65,102.7,6080
TOUCHWOOD,2022-03-10,103.3,105.0,100.0,100.55,3219
TOUCHWOOD,2022-03-11,104.35,104.35,96.3,98.1,6255
TOUCHWOOD,2022-03-14,112.4,114.0,99.0,103.85,6817
TOUCHWOOD,2022-03-15,104.0,104.0,98.5,99.2,8123
TOUCHWOOD,2022-03-16,102.95,105.3,91.55,98.55,30594
TOUCHWOOD,2022-03-17,98.6,98.7,94.55,96.85,16486
TOUCHWOOD,2022-03-21,100.0,100.0,92.0,93.1,5428
TOUCHWOOD,2022-03-22,94.9,95.25,91.35,92.65,13271
TOUCHWOOD,2022-03-23,96.4,96.4,91.8,92.85,6150
TOUCHWOOD,2022-03-24,94.95,102.5,93.2,94.6,11432
TOUCHWOOD,2022-03-25,94.55,96.9,90.6,91.6,10396
TOUCHWOOD,2022-03-28,90.7,94.0,87.0,88.35,6789
TOUCHWOOD,2022-03-29,92.35,92.35,88.2,90.2,3794
TOUCHWOOD,2022-03-30,91.0,92.95,87.35,89.2,4193
TOUCHWOOD,2022-03-31,89.1,106.9,89.1,97.3,86546
TOUCHWOOD,2022-04-01,97.6,109.0,97.6,101.05,15589
TOUCHWOOD,2022-04-04,104.85,104.85,98.05,99.95,11139
TOUCHWOOD,2022-04-05,101.95,101.95,97.65,99.4,4379
TOUCHWOOD,2022-04-06,98.2,102.0,96.25,99.2,6152
TOUCHWOOD,2022-04-07,98.2,100.9,94.0,95.9,3324
TOUCHWOOD,2022-04-08,98.75,100.0,96.45,98.45,2908
TOUCHWOOD,2022-04-11,100.45,100.45,93.35,96.55,8429
TOUCHWOOD,2022-04-12,98.85,98.85,95.25,98.0,1736
TOUCHWOOD,2022-04-13,98.0,99.9,97.9,98.95,2954
TOUCHWOOD,2022-04-18,98.75,99.25,95.15,96.8,931
TOUCHWOOD,2022-04-19,99.6,99.6,93.85,96.5,1022
TOUCHWOOD,2022-04-20,98.0,98.0,96.5,96.7,1580
TOUCHWOOD,2022-04-21,97.2,97.2,92.85,95.1,6162
TOUCHWOOD,2022-04-22,97.0,97.0,93.0,94.1,1640
TOUCHWOOD,2022-04-25,93.0,97.25,92.95,94.35,5451
TOUCHWOOD,2022-04-26,97.15,97.15,93.15,94.95,2587
TOUCHWOOD,2022-04-27,94.55,95.0,92.6,94.35,4366
TOUCHWOOD,2022-04-28,95.65,95.65,91.0,92.65,2315
TOUCHWOOD,2022-04-29,95.25,95.25,90.9,93.75,6924
TOUCHWOOD,2022-05-02,95.6,95.6,90.25,92.6,1529
TOUCHWOOD,2022-05-04,90.1,94.2,89.05,92.2,2299
TOUCHWOOD,2022-05-05,93.9,93.9,92.2,92.45,960
TOUCHWOOD,2022-05-06,92.1,92.1,84.0,87.85,4529
TOUCHWOOD,2022-05-09,89.65,89.65,81.3,83.9,3730
TOUCHWOOD,2022-05-10,83.6,85.0,80.0,81.65,3849
TOUCHWOOD,2022-05-11,85.3,85.3,76.0,82.3,1279
TOUCHWOOD,2022-05-12,78.65,85.0,77.1,82.2,2581
TOUCHWOOD,2022-05-13,84.4,85.15,76.15,78.7,2955
TOUCHWOOD,2022-05-16,78.7,82.45,78.45,80.8,720
TOUCHWOOD,2022-05-17,81.0,85.0,79.2,83.85,1314
TOUCHWOOD,2022-05-18,86.3,86.3,82.0,84.05,1537
TOUCHWOOD,2022-05-19,84.0,85.0,81.7,82.1,3071
TOUCHWOOD,2022-05-20,83.45,83.5,80.2,81.9,777
TOUCHWOOD,2022-05-23,81.0,91.0,74.3,83.55,5240
TOUCHWOOD,2022-05-24,85.0,85.65,83.55,83.95,1420
TOUCHWOOD,2022-05-25,84.75,84.75,75.25,77.9,1810
TOUCHWOOD,2022-05-26,76.1,82.15,75.05,81.15,1846
TOUCHWOOD,2022-05-27,83.35,83.4,78.3,79.0,581
TOUCHWOOD,2022-05-30,78.35,82.3,78.0,80.65,1089
TOUCHWOOD,2022-05-31,79.85,79.95,78.15,78.65,443
TOUCHWOOD,2022-06-01,78.25,80.0,75.7,76.95,2556
TOUCHWOOD,2022-06-02,77.15,78.9,73.3,77.35,2845
TOUCHWOOD,2022-06-03,79.65,79.65,76.5,78.6,1079
TOUCHWOOD,2022-06-06,78.6,79.4,74.3,75.45,1029
TOUCHWOOD,2022-06-07,76.9,78.5,74.0,76.35,1332
TOUCHWOOD,2022-06-08,78.0,78.55,76.05,76.95,2587
TOUCHWOOD,2022-06-09,75.0,78.5,74.8,77.3,1777
TOUCHWOOD,2022-06-10,78.2,78.2,74.65,75.2,1662
TOUCHWOOD,2022-06-13,72.6,76.4,68.95,73.25,1743
TOUCHWOOD,2022-06-14,73.25,74.95,69.5,72.95,1588
TOUCHWOOD,2022-06-15,74.35,75.9,71.05,75.0,132
TOUCHWOOD,2022-06-16,75.9,75.9,71.65,74.2,507
TOUCHWOOD,2022-06-17,73.85,76.0,68.3,75.7,4481
TOUCHWOOD,2022-06-20,76.0,77.95,73.1,75.45,2116
TOUCHWOOD,2022-06-21,74.0,75.0,70.1,71.15,2822
TOUCHWOOD,2022-06-22,68.1,71.8,65.55,67.55,5782
TOUCHWOOD,2022-06-23,67.5,70.25,66.3,67.2,610
TOUCHWOOD,2022-06-24,71.35,71.35,67.1,69.6,536
TOUCHWOOD,2022-06-27,69.6,69.6,64.35,65.35,7090
TOUCHWOOD,2022-06-28,64.0,67.5,63.35,67.4,1751
TOUCHWOOD,2022-06-29,66.15,68.2,66.1,68.2,526
TOUCHWOOD,2022-06-30,68.3,69.7,67.15,69.55,816
TOUCHWOOD,2022-07-01,70.85,83.45,70.85,76.55,240116
TOUCHWOOD,2022-07-04,75.0,75.0,70.25,70.6,18602
TOUCHWOOD,2022-07-05,70.7,74.4,67.25,68.05,26064
TOUCHWOOD,2022-07-06,68.05,69.35,64.8,66.05,10422
TOUCHWOOD,2022-07-07,66.05,67.8,66.0,66.75,5559
TOUCHWOOD,2022-07-08,66.1,69.0,64.55,66.35,7489
TOUCHWOOD,2022-07-11,66.95,68.25,65.5,67.2,4602
TOUCHWOOD,2022-07-12,70.95,70.95,66.0,67.4,6548
TOUCHWOOD,2022-07-13,67.75,68.8,65.25,67.0,3073
TOUCHWOOD,2022-07-14,66.15,67.8,63.3,64.65,5777
TOUCHWOOD,2022-07-15,64.5,65.65,64.0,64.45,1221
TOUCHWOOD,2022-07-18,63.2,65.4,61.25,63.75,6530
TOUCHWOOD,2022-07-19,64.25,68.9,63.1,65.2,8462
TOUCHWOOD,2022-07-20,65.9,78.2,65.9,72.9,174407
TOUCHWOOD,2022-07-21,71.5,72.0,70.0,70.55,16439
TOUCHWOOD,2022-07-22,71.35,71.35,68.2,69.4,11066
TOUCHWOOD,2022-07-25,70.55,78.95,69.7,73.85,53709
TOUCHWOOD,2022-07-26,73.95,88.4,73.95,77.05,105391
TOUCHWOOD,2022-07-27,79.7,84.35,77.3,80.5,27223
TOUCHWOOD,2022-07-28,82.05,83.0,75.5,77.3,9771
TOUCHWOOD,2022-07-29,76.6,79.95,75.5,76.2,7892
TOUCHWOOD,2022-08-01,76.2,79.95,76.2,77.65,6539
TOUCHWOOD,2022-08-02,79.15,79.15,74.3,76.3,4359
TOUCHWOOD,2022-08-03,76.6,77.95,72.0,74.4,4710
TOUCHWOOD,2022-08-04,74.8,84.0,73.1,77.7,10931
TOUCHWOOD,2022-08-05,75.15,80.85,75.15,76.2,4547
TOUCHWOOD,2022-08-08,75.0,84.25,75.0,78.55,18481
TOUCHWOOD,2022-08-10,79.0,79.5,76.25,76.95,2455
TOUCHWOOD,2022-08-11,78.45,79.25,75.3,76.2,4784
TOUCHWOOD,2022-08-12,77.0,77.9,75.0,76.6,2228
TOUCHWOOD,2022-08-16,76.6,78.85,73.55,75.0,6751
TOUCHWOOD,2022-08-17,76.45,79.0,76.0,77.25,7299
TOUCHWOOD,2022-08-18,78.4,79.55,75.65,78.2,3514
TOUCHWOOD,2022-08-19,78.6,78.6,74.35,76.6,4619
TOUCHWOOD,2022-08-22,78.05,81.0,76.1,77.95,14173
TOUCHWOOD,2022-08-23,79.45,81.85,77.4,78.8,7914
TOUCHWOOD,2022-08-24,79.95,80.0,78.65,79.4,1331
TOUCHWOOD,2022-08-25,80.95,80.95,75.85,77.45,5889
TOUCHWOOD,2022-08-26,78.95,79.9,76.0,77.05,5948
TOUCHWOOD,2022-08-29,74.2,80.0,72.8,76.55,19882
TOUCHWOOD,2022-08-30,77.75,80.55,77.1,79.15,12946
TOUCHWOOD,2022-09-01,80.5,80.5,77.0,78.0,6221
TOUCHWOOD,2022-09-02,77.2,79.5,77.0,79.1,13162
TOUCHWOOD,2022-09-05,76.9,80.6,76.65,79.45,19219
TOUCHWOOD,2022-09-06,77.3,80.95,77.1,79.05,21842
TOUCHWOOD,2022-09-07,77.0,83.95,75.3,78.15,19047
TOUCHWOOD,2022-09-08,78.0,80.45,78.0,79.9,8457
TOUCHWOOD,2022-09-09,80.0,80.5,79.05,79.9,21665
TOUCHWOOD,2022-09-12,80.0,80.0,78.35,79.6,2833
TOUCHWOOD,2022-09-13,78.35,88.9,78.35,86.75,90301
TOUCHWOOD,2022-09-14,84.95,91.0,82.85,89.5,39276
TOUCHWOOD,2022-09-15,92.5,107.35,91.3,99.8,252357
TOUCHWOOD,2022-09-16,99.0,102.8,96.7,99.4,46509
TOUCHWOOD,2022-09-19,103.9,103.9,95.45,98.0,22000
TOUCHWOOD,2022-09-20,99.0,99.0,93.05,94.05,10477
TOUCHWOOD,2022-09-21,95.65,99.85,93.35,95.1,16664
TOUCHWOOD,2022-09-22,90.35,94.95,90.35,90.8,9826
TOUCHWOOD,2022-09-23,86.3,95.3,86.3,95.3,17777
TOUCHWOOD,2022-09-26,100.05,100.05,91.0,94.9,7362
TOUCHWOOD,2022-09-27,94.95,99.0,90.25,98.65,9848
TOUCHWOOD,2022-09-28,95.95,103.55,95.95,103.3,15025
TOUCHWOOD,2022-09-29,98.2,108.45,98.2,105.75,16477
TOUCHWOOD,2022-09-30,110.75,110.75,101.0,107.0,2760
TOUCHWOOD,2022-10-03,105.0,108.0,103.1,103.85,5736
TOUCHWOOD,2022-10-04,103.0,107.0,98.7,101.0,3174
TOUCHWOOD,2022-10-06,101.0,106.05,100.0,106.0,4207
TOUCHWOOD,2022-10-07,102.8,105.95,101.0,102.0,1103
TOUCHWOOD,2022-10-10,106.95,106.95,100.0,102.0,2726
TOUCHWOOD,2022-10-11,102.1,107.1,97.1,102.55,7762
TOUCHWOOD,2022-10-12,104.0,107.0,102.65,103.3,4368
TOUCHWOOD,2022-10-13,104.0,108.45,98.5,107.7,12900
TOUCHWOOD,2022-10-14,108.1,113.05,104.0,112.95,29944
TOUCHWOOD,2022-10-17,112.0,118.55,107.4,118.2,10985
TOUCHWOOD,2022-10-18,122.85,124.1,116.1,121.55,31773
TOUCHWOOD,2022-10-19,116.6,122.7,115.5,115.65,15140
TOUCHWOOD,2022-10-20,118.8,118.8,110.1,113.2,3027
TOUCHWOOD,2022-10-21,113.2,114.9,108.5,111.85,2315
TOUCHWOOD,2022-10-24,111.85,114.0,109.5,110.1,4141
TOUCHWOOD,2022-10-25,110.1,113.45,109.5,109.5,1933
TOUCHWOOD,2022-10-27,105.15,114.95,105.15,111.6,2241
TOUCHWOOD,2022-10-28,112.0,115.0,110.0,110.05,886
TOUCHWOOD,2022-10-31,115.0,115.55,108.5,108.8,2422
TOUCHWOOD,2022-11-01,114.2,114.2,109.0,112.8,27702
TOUCHWOOD,2022-11-02,112.8,117.5,109.5,112.0,1415
TOUCHWOOD,2022-11-03,112.0,114.5,107.1,109.0,1160
TOUCHWOOD,2022-11-04,114.45,114.45,107.0,114.4,7639
TOUCHWOOD,2022-11-07,114.0,115.0,109.05,112.0,2127
TOUCHWOOD,2022-11-09,112.0,117.0,108.0,116.0,2451
TOUCHWOOD,2022-11-10,116.0,116.05,110.75,111.7,1458
TOUCHWOOD,2022-11-11,111.5,115.0,108.0,109.5,837
TOUCHWOOD,2022-11-14,108.0,110.95,105.25,108.0,2661
TOUCHWOOD,2022-11-15,107.5,110.0,107.1,108.7,4042
TOUCHWOOD,2022-11-16,108.0,108.0,106.0,106.0,546
TOUCHWOOD,2022-11-17,105.5,105.5,100.7,100.7,10799
TOUCHWOOD,2022-11-18,102.75,102.75,100.3,100.3,2247
TOUCHWOOD,2022-11-21,101.95,103.0,97.55,102.4,1032
TOUCHWOOD,2022-11-22,102.0,102.0,97.3,97.4,2576
TOUCHWOOD,2022-11-23,100.85,100.85,95.05,97.3,1333
TOUCHWOOD,2022-11-24,97.2,99.95,97.2,97.5,677
TOUCHWOOD,2022-11-25,95.1,102.35,93.65,99.1,5623
TOUCHWOOD,2022-11-28,100.0,104.05,99.1,104.05,13356
TOUCHWOOD,2022-11-29,100.5,109.25,100.5,104.55,14383
TOUCHWOOD,2022-11-30,109.0,109.75,101.15,109.75,11682
TOUCHWOOD,2022-12-01,114.75,114.75,105.0,105.45,2049
TOUCHWOOD,2022-12-02,105.4,108.0,101.6,105.45,12837
TOUCHWOOD,2022-12-05,105.45,108.8,102.5,107.0,197
TOUCHWOOD,2022-12-06,107.0,110.95,101.7,104.4,8149
TOUCHWOOD,2022-12-07,108.9,109.45,104.05,108.6,5085
TOUCHWOOD,2022-12-08,106.1,114.0,106.1,111.25,11025
TOUCHWOOD,2022-12-09,116.0,116.0,106.0,112.6,24747
TOUCHWOOD,2022-12-12,114.9,114.9,110.0,110.05,5012
TOUCHWOOD,2022-12-13,109.1,113.7,108.6,108.65,4744
TOUCHWOOD,2022-12-14,111.7,112.0,107.15,108.2,3356
TOUCHWOOD,2022-12-15,109.9,109.9,104.2,106.05,2220
TOUCHWOOD,2022-12-16,107.35,110.45,101.35,108.4,5899
TOUCHWOOD,2022-12-19,103.0,112.95,103.0,109.5,2321
TOUCHWOOD,2022-12-20,109.95,114.0,105.4,105.75,706
TOUCHWOOD,2022-12-21,103.4,107.9,100.8,102.9,2340
TOUCHWOOD,2022-12-22,105.45,105.45,98.3,100.3,2159
TOUCHWOOD,2022-12-23,103.85,103.85,95.5,99.5,7695
TOUCHWOOD,2022-12-26,99.5,103.5,99.5,103.5,1409
TOUCHWOOD,2022-12-27,107.95,107.95,99.1,104.1,10548
TOUCHWOOD,2022-12-28,104.75,104.8,100.15,101.0,1060
TOUCHWOOD,2022-12-29,100.4,103.7,100.4,102.95,363
TOUCHWOOD,2022-12-30,102.95,105.8,100.1,101.1,4949
TOUCHWOOD,2023-01-02,105.15,105.15,100.1,103.1,4209
TOUCHWOOD,2023-01-03,104.0,108.0,101.75,103.75,2813
TOUCHWOOD,2023-01-04,101.1,107.0,101.1,102.1,775
TOUCHWOOD,2023-01-05,102.15,105.0,100.9,102.1,5056
TOUCHWOOD,2023-01-06,102.65,102.8,102.15,102.45,3099
TOUCHWOOD,2023-01-09,107.55,107.55,107.55,107.55,1746
TOUCHWOOD,2023-01-10,112.9,112.9,112.9,112.9,3847
TOUCHWOOD,2023-01-11,118.5,118.5,118.5,118.5,5652
TOUCHWOOD,2023-01-12,124.4,124.4,124.4,124.4,11164
TOUCHWOOD,2023-01-13,130.6,130.6,130.6,130.6,5913
TOUCHWOOD,2023-01-16,137.1,137.1,130.0,137.1,95432
TOUCHWOOD,2023-01-17,143.95,143.95,143.95,143.95,17091
TOUCHWOOD,2023-01-18,151.1,151.1,137.0,151.1,35524
TOUCHWOOD,2023-01-19,158.45,158.65,151.65,158.65,14127
TOUCHWOOD,2023-01-20,166.55,166.55,166.55,166.55,4185
TOUCHWOOD,2023-01-23,174.85,174.85,161.0,174.85,34601
TOUCHWOOD,2023-01-24,183.55,183.55,183.55,183.55,7388
TOUCHWOOD,2023-01-25,192.7,192.7,183.0,192.7,23631
TOUCHWOOD,2023-01-27,202.0,202.0,183.1,187.55,28400
TOUCHWOOD,2023-01-30,178.25,181.0,178.2,178.2,9736
TOUCHWOOD,2023-01-31,170.05,170.05,169.3,169.3,7615
TOUCHWOOD,2023-02-01,165.9,166.0,160.85,160.85,10203
TOUCHWOOD,2023-02-02,152.85,162.0,152.85,155.2,12765
TOUCHWOOD,2023-02-03,155.0,162.95,155.0,162.95,1117
TOUCHWOOD,2023-02-06,171.05,171.05,171.05,171.05,721
TOUCHWOOD,2023-02-07,179.6,179.6,176.05,179.6,16140
TOUCHWOOD,2023-02-08,188.55,188.55,183.0,188.55,6662
TOUCHWOOD,2023-02-09,197.0,197.95,179.15,185.05,2751
TOUCHWOOD,2023-02-10,176.0,176.0,175.8,175.8,1164
TOUCHWOOD,2023-02-13,179.35,184.55,179.35,184.55,4239
TOUCHWOOD,2023-02-14,193.75,193.75,178.0,189.0,1958
TOUCHWOOD,2023-02-15,185.9,185.9,179.55,179.55,489
TOUCHWOOD,2023-02-16,170.6,170.6,170.6,170.6,4375
TOUCHWOOD,2023-02-17,165.0,165.0,162.1,162.1,1000
TOUCHWOOD,2023-02-20,160.0,160.0,154.0,154.0,22243
TOUCHWOOD,2023-02-21,150.95,161.7,146.3,161.7,20335
TOUCHWOOD,2023-02-22,168.95,169.75,168.95,169.75,1253
TOUCHWOOD,2023-02-23,177.0,178.2,174.0,178.2,15930
TOUCHWOOD,2023-02-24,187.1,187.1,182.0,184.05,6399
TOUCHWOOD,2023-02-27,185.0,193.2,180.0,189.8,4763
TOUCHWOOD,2023-02-28,198.35,199.0,181.0,185.65,3679
TOUCHWOOD,2023-03-01,181.95,191.95,176.6,184.7,1418
TOUCHWOOD,2023-03-02,184.95,190.5,182.05,182.1,1225
TOUCHWOOD,2023-03-03,182.15,182.85,173.0,179.75,5498
TOUCHWOOD,2023-03-06,178.45,179.0,171.1,175.0,380
TOUCHWOOD,2023-03-08,175.0,183.75,171.2,181.9,1801
TOUCHWOOD,2023-03-09,185.95,190.0,174.1,176.9,1400
TOUCHWOOD,2023-03-10,185.7,185.7,175.25,176.15,687
TOUCHWOOD,2023-03-13,176.1,176.1,167.35,167.35,1045
TOUCHWOOD,2023-03-14,162.05,175.7,160.0,172.1,2352
TOUCHWOOD,2023-03-15,175.75,180.0,171.0,172.15,669
TOUCHWOOD,2023-03-16,172.15,172.15,165.0,165.7,2072
TOUCHWOOD,2023-03-17,160.0,165.15,158.2,163.35,916
TOUCHWOOD,2023-03-20,163.35,163.35,162.0,162.0,278
TOUCHWOOD,2023-03-21,161.95,167.0,153.9,154.8,6202
TOUCHWOOD,2023-03-22,161.95,162.5,158.1,162.5,4927
TOUCHWOOD,2023-03-23,162.55,169.0,155.65,158.05,802
TOUCHWOOD,2023-03-24,162.4,165.9,150.15,162.65,414
TOUCHWOOD,2023-03-27,161.0,165.05,160.0,162.25,5154
TOUCHWOOD,2023-03-28,162.05,162.45,155.1,157.85,548
TOUCHWOOD,2023-03-29,165.0,165.7,157.1,165.65,1842
TOUCHWOOD,2023-03-31,158.2,173.8,157.6,158.65,907
TOUCHWOOD,2023-04-03,160.0,166.55,159.05,166.55,2123
TOUCHWOOD,2023-04-05,166.0,174.85,166.0,174.85,2873
TOUCHWOOD,2023-04-06,180.0,183.55,178.05,180.35,3271
TOUCHWOOD,2023-04-10,188.0,189.25,171.35,172.15,3697
TOUCHWOOD,2023-04-11,172.75,177.0,168.0,170.9,618
TOUCHWOOD,2023-04-12,179.0,187.95,178.75,187.95,6556
TOUCHWOOD,2023-04-13,205.0,206.7,188.0,206.7,28712
TOUCHWOOD,2023-04-17,221.0,227.35,188.3,193.3,81554
TOUCHWOOD,2023-04-18,198.0,198.0,174.0,174.95,21535
TOUCHWOOD,2023-04-19,174.0,174.45,169.05,171.45,10643
TOUCHWOOD,2023-04-20,173.8,177.4,162.9,175.75,8433
TOUCHWOOD,2023-04-21,173.95,178.0,168.15,176.7,2765
TOUCHWOOD,2023-04-24,175.95,175.95,167.9,171.95,6999
TOUCHWOOD,2023-04-25,169.0,170.5,166.7,168.2,2112
TOUCHWOOD,2023-04-26,171.8,171.8,167.0,168.45,1615
TOUCHWOOD,2023-04-27,170.45,173.0,170.0,171.9,955
TOUCHWOOD,2023-04-28,171.7,173.75,167.0,170.0,2839
TOUCHWOOD,2023-05-02,168.0,172.95,165.0,170.75,4813
TOUCHWOOD,2023-05-03,168.0,170.35,168.0,170.35,1337
TOUCHWOOD,2023-05-04,170.35,170.35,167.0,167.5,127
TOUCHWOOD,2023-05-05,167.7,170.7,165.0,169.95,1056
TOUCHWOOD,2023-05-08,167.0,171.0,167.0,169.05,1279
TOUCHWOOD,2023-05-09,165.2,170.95,165.2,169.7,640
TOUCHWOOD,2023-05-10,167.45,170.95,166.5,170.9,436
TOUCHWOOD,2023-05-11,168.0,170.0,167.25,168.25,30282
TOUCHWOOD,2023-05-12,168.25,171.35,167.3,167.3,934
TOUCHWOOD,2023-05-15,167.3,167.5,165.9,167.5,221
TOUCHWOOD,2023-05-16,167.0,170.0,165.0,169.1,818
TOUCHWOOD,2023-05-17,169.1,172.75,162.5,166.0,1266
TOUCHWOOD,2023-05-18,166.0,167.1,165.0,166.1,416
TOUCHWOOD,2023-05-19,166.2,168.5,161.15,164.1,197
TOUCHWOOD,2023-05-22,164.1,164.1,163.0,164.1,259
TOUCHWOOD,2023-05-23,169.9,170.0,164.0,168.25,1706
TOUCHWOOD,2023-05-24,175.0,175.0,164.5,165.95,1509
TOUCHWOOD,2023-05-25,165.0,165.9,160.6,165.15,1487
TOUCHWOOD,2023-05-26,165.1,168.85,161.05,162.2,270
TOUCHWOOD,2023-05-29,167.8,170.0,164.0,164.35,1755
TOUCHWOOD,2023-05-30,164.65,164.65,157.0,162.05,5054
TOUCHWOOD,2023-05-31,162.05,162.05,158.05,160.2,652
TOUCHWOOD,2023-06-01,161.95,161.95,158.0,161.7,724
TOUCHWOOD,2023-06-02,160.0,161.7,155.0,160.25,1030
TOUCHWOOD,2023-06-05,164.7,164.7,160.0,164.5,513
TOUCHWOOD,2023-06-06,164.5,169.0,164.5,168.2,487
TOUCHWOOD,2023-06-07,170.6,185.0,165.55,171.75,127277
TOUCHWOOD,2023-06-08,182.8,182.8,169.1,170.45,6331
TOUCHWOOD,2023-06-09,165.05,168.95,163.0,166.1,2377
TOUCHWOOD,2023-06-12,165.05,165.9,159.3,161.0,6413
TOUCHWOOD,2023-06-13,163.75,168.85,157.0,161.3,6125
TOUCHWOOD,2023-06-14,161.35,166.0,161.0,162.55,1997
TOUCHWOOD,2023-06-15,162.4,162.5,157.25,159.65,1541
TOUCHWOOD,2023-06-16,160.1,163.2,155.0,161.5,2437
TOUCHWOOD,2023-06-19,164.0,164.0,153.4,158.0,2510
TOUCHWOOD,2023-06-20,158.55,158.55,157.0,157.0,853
TOUCHWOOD,2023-06-21,156.45,160.9,147.8,157.15,4749
TOUCHWOOD,2023-06-22,157.15,159.0,153.0,158.8,129
TOUCHWOOD,2023-06-23,159.0,159.9,156.0,156.0,200
TOUCHWOOD,2023-06-26,156.0,159.0,155.0,158.45,633
TOUCHWOOD,2023-06-27,158.45,158.45,155.0,158.0,413
TOUCHWOOD,2023-06-28,155.0,157.0,152.7,153.15,1113
TOUCHWOOD,2023-06-30,158.0,160.8,153.55,160.75,3104
TOUCHWOOD,2023-07-03,158.5,167.5,158.5,167.2,3232
TOUCHWOOD,2023-07-04,161.0,167.2,160.25,160.25,1227
TOUCHWOOD,2023-07-05,161.0,161.0,155.05,156.55,238
TOUCHWOOD,2023-07-06,156.65,157.0,156.6,157.0,455
TOUCHWOOD,2023-07-07,157.0,157.0,157.0,157.0,212
TOUCHWOOD,2023-07-10,164.0,164.0,159.0,159.0,223
TOUCHWOOD,2023-07-11,152.25,153.4,152.25,153.4,158
TOUCHWOOD,2023-07-12,154.15,159.0,154.15,158.5,230
TOUCHWOOD,2023-07-13,158.5,158.5,153.0,153.5,347
TOUCHWOOD,2023-07-14,155.0,157.9,153.5,157.9,303
TOUCHWOOD,2023-07-17,151.05,153.0,150.0,150.0,2127
TOUCHWOOD,2023-07-18,155.85,155.85,151.05,152.0,303
TOUCHWOOD,2023-07-19,151.45,151.45,150.0,150.0,128
TOUCHWOOD,2023-07-20,151.65,152.0,150.0,150.0,293
TOUCHWOOD,2023-07-21,150.0,150.0,142.5,144.3,685
TOUCHWOOD,2023-07-24,140.0,151.5,140.0,148.0,1073
TOUCHWOOD,2023-07-25,150.0,150.0,143.0,147.25,419
TOUCHWOOD,2023-07-26,147.25,150.0,147.0,147.0,125
TOUCHWOOD,2023-07-27,146.9,146.9,140.0,146.9,494
TOUCHWOOD,2023-07-28,148.95,148.95,140.0,140.5,286
TOUCHWOOD,2023-07-31,133.6,143.0,133.5,138.4,3152
TOUCHWOOD,2023-08-01,144.95,144.95,133.5,136.05,604
TOUCHWOOD,2023-08-02,140.0,141.95,134.0,134.1,760
TOUCHWOOD,2023-08-03,134.1,140.8,134.1,135.1,1341
TOUCHWOOD,2023-08-04,135.25,141.7,135.1,139.85,648
TOUCHWOOD,2023-08-07,142.85,143.0,142.8,143.0,314
TOUCHWOOD,2023-08-08,143.0,145.0,136.15,140.65,1510
TOUCHWOOD,2023-08-09,147.65,147.65,144.0,144.0,609
TOUCHWOOD,2023-08-10,145.0,151.15,145.0,145.0,2476
TOUCHWOOD,2023-08-11,145.0,152.25,143.0,143.05,6594
TOUCHWOOD,2023-08-14,150.15,150.15,135.9,137.4,5443
TOUCHWOOD,2023-08-16,137.4,144.25,137.4,144.25,5084
TOUCHWOOD,2023-08-17,144.25,151.45,144.25,151.45,6204
TOUCHWOOD,2023-08-18,158.8,159.0,158.5,159.0,10807
TOUCHWOOD,2023-08-21,166.0,166.95,161.0,165.35,13028
TOUCHWOOD,2023-08-22,169.0,171.9,163.0,168.35,7274
TOUCHWOOD,2023-08-23,171.7,171.7,165.0,171.7,4319
TOUCHWOOD,2023-08-24,170.0,175.1,170.0,170.0,2371
TOUCHWOOD,2023-08-25,168.0,170.0,166.6,168.0,384
TOUCHWOOD,2023-08-28,165.0,165.0,164.65,165.0,150
TOUCHWOOD,2023-08-29,161.7,161.7,161.7,161.7,105
TOUCHWOOD,2023-08-30,164.9,164.9,158.5,164.9,2509
TOUCHWOOD,2023-08-31,164.9,164.9,164.9,164.9,10
TOUCHWOOD,2023-09-01,164.9,164.9,164.0,164.9,1180
TOUCHWOOD,2023-09-04,168.15,168.15,164.9,168.15,1958
TOUCHWOOD,2023-09-05,168.15,168.15,168.15,168.15,101
TOUCHWOOD,2023-09-06,168.15,168.15,168.15,168.15,200
TOUCHWOOD,2023-09-07,168.15,168.15,168.15,168.15,0
TOUCHWOOD,2023-09-08,164.8,164.8,164.8,164.8,150
TOUCHWOOD,2023-09-11,164.0,164.0,164.0,164.0,30
TOUCHWOOD,2023-09-12,161.0,161.0,161.0,161.0,8
TOUCHWOOD,2023-09-13,157.8,160.0,157.8,157.8,27
TOUCHWOOD,2023-09-14,157.7,157.8,157.7,157.7,3
TOUCHWOOD,2023-09-15,154.65,157.55,154.55,154.65,2068
TOUCHWOOD,2023-09-18,157.7,157.7,157.7,157.7,1775
TOUCHWOOD,2023-09-20,154.55,157.7,154.55,154.55,832
TOUCHWOOD,2023-09-21,154.55,154.55,151.45,154.55,860
TOUCHWOOD,2023-09-22,154.0,154.0,154.0,154.0,483
TOUCHWOOD,2023-09-25,154.0,154.0,154.0,154.0,1002
TOUCHWOOD,2023-09-26,150.95,150.95,150.95,150.95,953
TOUCHWOOD,2023-09-27,151.0,151.0,150.0,151.0,670
TOUCHWOOD,2023-09-28,151.0,151.15,151.0,151.0,1839
TOUCHWOOD,2023-09-29,151.0,151.0,151.0,151.0,390
TOUCHWOOD,2023-10-03,151.0,151.0,151.0,151.0,106
TOUCHWOOD,2023-10-04,151.0,151.0,151.0,151.0,0
TOUCHWOOD,2023-10-05,145.0,151.0,143.45,143.45,228
TOUCHWOOD,2023-10-06,143.45,143.45,143.0,143.2,166
TOUCHWOOD,2023-10-09,143.2,143.2,136.05,136.05,684
TOUCHWOOD,2023-10-10,136.0,136.0,129.25,132.35,3609
TOUCHWOOD,2023-10-11,136.45,138.95,136.45,138.95,369
TOUCHWOOD,2023-10-12,139.0,145.85,139.0,145.85,386
TOUCHWOOD,2023-10-13,145.85,153.1,140.0,153.1,3326
TOUCHWOOD,2023-10-16,156.5,166.95,143.55,156.55,3924
TOUCHWOOD,2023-10-17,158.0,164.0,158.0,164.0,136
TOUCHWOOD,2023-10-18,163.95,164.0,160.0,160.5,3805
TOUCHWOOD,2023-10-19,172.0,174.0,154.6,159.75,2637
TOUCHWOOD,2023-10-20,154.45,163.95,154.45,161.4,1621
TOUCHWOOD,2023-10-23,168.85,168.85,146.4,162.95,5380
TOUCHWOOD,2023-10-25,160.0,179.0,157.4,171.75,3985
TOUCHWOOD,2023-10-26,171.75,188.9,163.0,188.9,27773
TOUCHWOOD,2023-10-27,205.0,207.75,188.0,192.65,75545
TOUCHWOOD,2023-10-30,189.0,203.8,183.0,199.45,12095
TOUCHWOOD,2023-10-31,209.0,209.0,196.4,203.55,24879
TOUCHWOOD,2023-11-01,209.9,221.6,206.3,211.5,25268
TOUCHWOOD,2023-11-02,218.95,218.95,208.6,210.55,4381
TOUCHWOOD,2023-11-03,206.1,221.9,206.1,215.25,6285
TOUCHWOOD,2023-11-06,220.0,220.0,210.5,213.7,3471
TOUCHWOOD,2023-11-07,204.0,219.7,204.0,209.65,882
TOUCHWOOD,2023-11-08,217.65,218.9,209.2,210.0,1011
TOUCHWOOD,2023-11-09,220.0,220.0,208.0,210.0,1674
TOUCHWOOD,2023-11-10,210.0,210.0,199.5,199.6,5846
TOUCHWOOD,2023-11-13,206.0,206.0,196.55,196.6,1899
TOUCHWOOD,2023-11-15,197.0,199.9,186.8,187.05,2211
TOUCHWOOD,2023-11-16,181.0,183.0,177.7,182.1,3593
TOUCHWOOD,2023-11-17,182.1,185.0,178.0,183.3,445
TOUCHWOOD,2023-11-20,183.3,192.4,175.1,190.6,1404
TOUCHWOOD,2023-11-21,190.6,192.0,181.1,181.1,946
TOUCHWOOD,2023-11-22,188.95,190.15,181.1,183.0,1875
TOUCHWOOD,2023-11-23,183.0,191.5,180.0,191.5,353
TOUCHWOOD,2023-11-24,183.1,190.2,183.1,185.05,402
TOUCHWOOD,2023-11-28,185.05,185.05,177.2,182.95,872
TOUCHWOOD,2023-11-29,187.9,187.9,180.0,184.0,571
TOUCHWOOD,2023-11-30,184.0,184.0,175.0,183.95,483
TOUCHWOOD,2023-12-01,180.0,180.0,176.25,177.45,680
TOUCHWOOD,2023-12-04,186.3,186.3,168.65,175.65,1563
TOUCHWOOD,2023-12-05,175.75,184.4,175.75,181.0,1620
TOUCHWOOD,2023-12-06,186.0,186.0,173.05,185.45,41
TOUCHWOOD,2023-12-07,184.75,184.8,177.15,182.55,643
TOUCHWOOD,2023-12-08,176.2,184.0,173.45,182.65,1058
TOUCHWOOD,2023-12-11,186.35,186.35,180.0,181.35,1431
TOUCHWOOD,2023-12-12,184.0,189.0,184.0,184.0,2072
TOUCHWOOD,2023-12-13,182.0,183.0,175.0,182.95,714
TOUCHWOOD,2023-12-14,175.1,182.0,174.1,182.0,3298
TOUCHWOOD,2023-12-15,175.05,181.7,172.9,172.95,2155
TOUCHWOOD,2023-12-18,173.0,175.0,165.1,172.75,2219
TOUCHWOOD,2023-12-19,172.75,180.0,172.0,175.0,1455
TOUCHWOOD,2023-12-20,180.0,180.0,166.25,166.95,963
TOUCHWOOD,2023-12-21,166.25,174.9,166.25,173.6,1174
TOUCHWOOD,2023-12-22,175.0,175.0,173.6,175.0,86
TOUCHWOOD,2023-12-26,167.35,169.0,166.25,168.0,968
TOUCHWOOD,2023-12-27,165.0,176.0,165.0,170.2,1497
TOUCHWOOD,2023-12-28,170.2,170.2,162.1,170.2,606
TOUCHWOOD,2023-12-29,170.2,170.2,162.2,165.0,526
TOUCHWOOD,2024-01-01,169.15,169.15,160.0,165.0,899
TOUCHWOOD,2024-01-02,165.0,165.0,160.0,161.7,1410
TOUCHWOOD,2024-01-03,160.0,161.7,160.0,161.7,649
TOUCHWOOD,2024-01-04,161.7,169.75,160.05,167.0,575
TOUCHWOOD,2024-01-05,171.0,171.0,166.0,168.0,433
TOUCHWOOD,2024-01-08,172.0,172.0,165.0,165.1,409
TOUCHWOOD,2024-01-09,162.0,165.1,158.0,165.05,923
TOUCHWOOD,2024-01-10,164.95,170.0,156.8,169.15,1866
TOUCHWOOD,2024-01-11,169.3,169.3,164.05,166.3,422
TOUCHWOOD,2024-01-12,166.3,170.0,163.0,168.2,2093
TOUCHWOOD,2024-01-15,169.0,170.0,165.0,169.3,965
TOUCHWOOD,2024-01-16,171.0,171.0,169.3,170.0,1152
TOUCHWOOD,2024-01-17,171.0,174.0,170.0,171.0,1576
TOUCHWOOD,2024-01-18,172.8,174.9,162.45,162.45,3405
TOUCHWOOD,2024-01-19,169.0,169.0,154.35,162.65,11223
TOUCHWOOD,2024-01-23,160.0,161.0,147.8,147.9,4838
TOUCHWOOD,2024-01-24,144.2,153.95,144.2,153.8,741
TOUCHWOOD,2024-01-25,154.0,160.0,148.0,156.9,4384
TOUCHWOOD,2024-01-29,150.25,156.0,150.25,155.15,260
TOUCHWOOD,2024-01-30,155.0,159.0,153.0,155.4,3279
TOUCHWOOD,2024-01-31,158.0,160.95,148.05,157.75,1587
TOUCHWOOD,2024-02-01,154.0,154.0,150.45,153.1,381
TOUCHWOOD,2024-02-02,159.8,159.8,146.0,151.8,32405
TOUCHWOOD,2024-02-05,155.0,156.8,145.0,145.65,11463
TOUCHWOOD,2024-02-06,148.65,152.8,146.3,150.0,1573
TOUCHWOOD,2024-02-07,149.95,152.9,148.95,151.5,5385
TOUCHWOOD,2024-02-08,152.85,157.85,151.0,154.6,1676
TOUCHWOOD,2024-02-09,157.05,162.0,149.85,152.55,4691
TOUCHWOOD,2024-02-12,156.1,167.7,150.95,155.65,4159
TOUCHWOOD,2024-02-13,158.65,171.2,158.65,171.2,23778
TOUCHWOOD,2024-02-14,170.9,188.3,165.0,178.05,65229
TOUCHWOOD,2024-02-15,195.5,195.5,175.0,176.5,13857
TOUCHWOOD,2024-02-16,176.25,176.25,164.3,168.1,4238
TOUCHWOOD,2024-02-19,168.3,174.85,154.05,156.55,9716
TOUCHWOOD,2024-02-20,157.0,167.9,157.0,164.75,3470
TOUCHWOOD,2024-02-21,171.0,173.95,163.0,165.2,5584
TOUCHWOOD,2024-02-22,168.95,168.95,152.35,154.95,7109
TOUCHWOOD,2024-02-23,156.7,158.65,154.5,156.1,3459
TOUCHWOOD,2024-02-26,157.65,157.65,149.95,151.6,8690
TOUCHWOOD,2024-02-27,154.95,156.9,152.2,153.95,2326
TOUCHWOOD,2024-02-28,156.75,156.75,150.15,150.9,786
TOUCHWOOD,2024-02-29,151.65,152.45,143.25,148.95,1593
TOUCHWOOD,2024-03-01,156.95,156.95,149.0,152.55,1336
TOUCHWOOD,2024-03-04,157.0,157.45,149.95,155.1,3877
TOUCHWOOD,2024-03-05,156.55,156.55,145.0,147.65,1479
TOUCHWOOD,2024-03-06,147.6,151.05,142.5,142.95,1711
TOUCHWOOD,2024-03-07,143.1,145.75,138.0,140.5,1465
TOUCHWOOD,2024-03-11,147.9,151.95,129.95,134.5,8340
TOUCHWOOD,2024-03-12,146.5,146.5,136.2,140.5,6789
TOUCHWOOD,2024-03-13,136.0,143.0,126.45,126.45,8975
TOUCHWOOD,2024-03-14,118.25,134.0,118.15,124.8,3497
TOUCHWOOD,2024-03-15,121.0,137.25,121.0,137.25,5448
TOUCHWOOD,2024-03-18,150.9,150.95,150.9,150.95,2542
TOUCHWOOD,2024-03-19,163.5,166.0,160.25,166.0,22672
TOUCHWOOD,2024-03-20,180.0,180.0,160.15,165.5,32573
TOUCHWOOD,2024-03-21,166.2,170.0,157.25,160.55,15510
TOUCHWOOD,2024-03-22,166.0,166.0,156.2,157.75,6598
TOUCHWOOD,2024-03-26,157.75,157.75,149.9,149.9,11652
TOUCHWOOD,2024-03-27,150.1,150.15,142.4,142.4,2791
TOUCHWOOD,2024-03-28,142.35,142.35,135.3,135.7,4266
TOUCHWOOD,2024-04-01,142.3,142.3,138.15,140.95,908
TOUCHWOOD,2024-04-02,140.95,147.95,140.95,147.95,1987
TOUCHWOOD,2024-04-03,147.05,153.9,147.05,150.7,2027
TOUCHWOOD,2024-04-04,150.0,157.9,148.25,154.55,2932
TOUCHWOOD,2024-04-05,157.7,157.95,152.0,152.05,1832
TOUCHWOOD,2024-04-08,152.55,156.0,148.4,149.0,2435
TOUCHWOOD,2024-04-09,148.75,150.05,145.0,149.35,1396
TOUCHWOOD,2024-04-10,150.65,156.0,150.05,153.9,1509
TOUCHWOOD,2024-04-12,157.75,157.75,148.0,149.85,3860
TOUCHWOOD,2024-04-15,144.0,150.75,143.4,148.95,818
TOUCHWOOD,2024-04-16,153.75,153.75,149.05,149.35,860
TOUCHWOOD,2024-04-18,150.45,150.45,146.75,147.55,894
TOUCHWOOD,2024-04-19,146.95,148.95,143.05,146.05,1000
TOUCHWOOD,2024-04-22,150.15,151.95,145.5,150.1,2547
TOUCHWOOD,2024-04-23,157.6,157.6,150.1,152.0,1788
TOUCHWOOD,2024-04-24,156.35,156.35,150.0,153.1,6478
TOUCHWOOD,2024-04-25,153.05,153.95,146.4,149.05,2078
TOUCHWOOD,2024-04-26,149.0,152.75,145.4,146.9,1969
TOUCHWOOD,2024-04-29,147.85,152.75,146.5,147.15,1081
TOUCHWOOD,2024-04-30,147.0,148.05,146.05,147.0,746
TOUCHWOOD,2024-05-02,148.95,150.95,146.8,148.0,944
TOUCHWOOD,2024-05-03,146.85,149.9,146.65,147.3,727
TOUCHWOOD,2024-05-06,147.95,154.65,145.0,151.05,6628
TOUCHWOOD,2024-05-07,157.7,157.7,145.2,155.15,9202
TOUCHWOOD,2024-05-08,159.0,159.4,148.0,149.85,5937
TOUCHWOOD,2024-05-09,149.9,155.95,142.35,144.45,7696
TOUCHWOOD,2024-05-10,144.2,148.9,144.2,147.75,294
TOUCHWOOD,2024-05-13,151.95,151.95,140.4,145.3,794
TOUCHWOOD,2024-05-14,145.35,152.5,142.0,150.95,3098
TOUCHWOOD,2024-05-15,157.95,158.45,150.2,157.65,4714
TOUCHWOOD,2024-05-16,158.9,160.0,153.0,155.3,1556
TOUCHWOOD,2024-05-17,153.05,155.3,153.05,155.0,731
TOUCHWOOD,2024-05-21,165.15,165.15,154.0,154.35,911
TOUCHWOOD,2024-05-22,154.4,157.45,147.0,149.9,1079
TOUCHWOOD,2024-05-23,156.35,156.35,148.0,149.0,2302
TOUCHWOOD,2024-05-24,149.05,155.0,144.1,154.95,85927
TOUCHWOOD,2024-05-27,158.0,162.65,151.4,151.75,8217
TOUCHWOOD,2024-05-28,152.55,152.55,144.2,147.2,4864
TOUCHWOOD,2024-05-29,146.7,146.7,144.0,144.4,871
TOUCHWOOD,2024-05-30,144.45,149.5,144.4,149.4,730
TOUCHWOOD,2024-05-31,149.65,149.65,144.2,145.0,1983
TOUCHWOOD,2024-06-03,148.05,149.4,143.0,143.5,2976
TOUCHWOOD,2024-06-04,140.6,141.5,136.35,138.35,2206
TOUCHWOOD,2024-06-05,141.4,141.4,131.5,134.3,3106
TOUCHWOOD,2024-06-06,138.95,140.0,134.3,139.35,2915
TOUCHWOOD,2024-06-07,135.25,139.8,135.25,138.65,1326
TOUCHWOOD,2024-06-10,139.02,140.0,132.0,137.53,2851
TOUCHWOOD,2024-06-11,132.4,139.48,132.02,135.02,2730
TOUCHWOOD,2024-06-12,136.04,147.0,134.21,146.09,6699
TOUCHWOOD,2024-06-13,154.0,160.69,147.2,155.39,68056
TOUCHWOOD,2024-06-14,151.0,154.88,147.0,148.26,14566
TOUCHWOOD,2024-06-18,150.0,151.92,145.2,147.37,5162
TOUCHWOOD,2024-06-19,149.56,150.16,144.01,144.99,7084
TOUCHWOOD,2024-06-20,148.26,148.26,139.93,143.07,4875
TOUCHWOOD,2024-06-21,144.27,148.0,140.24,146.14,2389
TOUCHWOOD,2024-06-24,146.49,149.0,143.5,147.95,1954
TOUCHWOOD,2024-06-25,141.45,150.49,141.45,146.11,2696
TOUCHWOOD,2024-06-26,148.35,148.56,140.93,146.96,3307
TOUCHWOOD,2024-06-27,149.1,149.1,144.57,145.22,2517
TOUCHWOOD,2024-06-28,143.03,147.0,142.41,145.05,906
TOUCHWOOD,2024-07-01,142.01,148.4,142.01,147.91,2816
TOUCHWOOD,2024-07-02,147.35,148.0,146.0,146.05,895
TOUCHWOOD,2024-07-03,147.01,147.98,144.04,146.04,3370
TOUCHWOOD,2024-07-04,147.27,148.38,140.01,142.1,7366
TOUCHWOOD,2024-07-05,144.95,144.95,139.5,140.88,7430
TOUCHWOOD,2024-07-08,138.32,144.4,138.32,140.09,5007
TOUCHWOOD,2024-07-09,140.3,143.92,139.0,141.47,1961
TOUCHWOOD,2024-07-10,144.29,144.29,140.52,143.0,1701
TOUCHWOOD,2024-07-11,143.4,145.5,138.17,145.14,5312
TOUCHWOOD,2024-07-12,145.0,145.0,142.0,144.29,8718
TOUCHWOOD,2024-07-15,143.27,144.22,140.0,141.36,11137
TOUCHWOOD,2024-07-16,143.82,144.96,140.0,140.43,5395
TOUCHWOOD,2024-07-18,141.14,143.12,135.25,136.15,4377
TOUCHWOOD,2024-07-19,135.98,138.99,134.02,135.68,4328
TOUCHWOOD,2024-07-22,133.09,140.0,129.0,139.61,4792
TOUCHWOOD,2024-07-23,139.33,143.26,136.65,140.61,5904
TOUCHWOOD,2024-07-24,141.59,143.98,141.01,143.55,2476
TOUCHWOOD,2024-07-25,140.15,143.95,136.75,137.35,7281
TOUCHWOOD,2024-07-26,139.87,139.87,135.11,136.33,1927
TOUCHWOOD,2024-07-29,139.94,139.95,136.12,136.88,3011
TOUCHWOOD,2024-07-30,136.88,137.0,133.0,135.69,9146
TOUCHWOOD,2024-07-31,135.85,137.99,134.01,136.89,11500
TOUCHWOOD,2024-08-01,137.5,138.59,133.67,136.67,10186
TOUCHWOOD,2024-08-02,136.98,136.98,133.55,135.43,3144
TOUCHWOOD,2024-08-05,135.16,135.2,129.02,131.14,3219
TOUCHWOOD,2024-08-06,135.59,135.59,130.82,132.64,2245
TOUCHWOOD,2024-08-07,133.04,159.16,132.98,159.16,80627
TOUCHWOOD,2024-08-08,162.7,174.9,142.5,163.33,220317
TOUCHWOOD,2024-08-09,163.0,170.09,153.1,156.79,31073
TOUCHWOOD,2024-08-12,156.79,165.46,151.96,154.08,10339
TOUCHWOOD,2024-08-13,157.73,162.4,153.01,157.63,8080
TOUCHWOOD,2024-08-14,158.94,175.0,154.21,168.39,35026
TOUCHWOOD,2024-08-16,190.0,202.06,179.0,182.62,445628
TOUCHWOOD,2024-08-19,179.9,187.33,170.0,171.01,28283
TOUCHWOOD,2024-08-20,174.0,176.99,163.35,165.74,19585
TOUCHWOOD,2024-08-21,165.55,168.97,158.0,159.42,33064
TOUCHWOOD,2024-08-22,160.5,163.0,154.0,157.54,6972
TOUCHWOOD,2024-08-23,162.7,162.7,151.32,155.02,5739
TOUCHWOOD,2024-08-26,153.0,155.0,147.5,153.75,5193
TOUCHWOOD,2024-08-27,153.75,160.0,153.0,157.44,3314
TOUCHWOOD,2024-08-28,160.95,160.95,154.0,154.23,1769
TOUCHWOOD,2024-08-29,157.0,157.0,146.51,149.95,3630
TOUCHWOOD,2024-08-30,148.0,157.44,146.0,157.44,6170
TOUCHWOOD,2024-09-02,162.0,165.29,157.0,160.78,10814
TOUCHWOOD,2024-09-03,164.0,168.81,152.74,160.23,5085
TOUCHWOOD,2024-09-04,160.23,163.9,155.6,159.72,1528
TOUCHWOOD,2024-09-05,159.0,159.0,151.73,152.21,17929
TOUCHWOOD,2024-09-06,148.0,154.5,148.0,150.0,881
TOUCHWOOD,2024-09-09,150.0,152.7,147.0,147.67,1493
TOUCHWOOD,2024-09-10,152.0,152.0,148.0,151.38,805
TOUCHWOOD,2024-09-11,155.0,155.0,147.05,148.56,245
TOUCHWOOD,2024-09-12,154.95,154.95,147.0,148.49,1356
TOUCHWOOD,2024-09-13,152.21,154.95,149.0,153.42,1009
TOUCHWOOD,2024-09-16,157.95,161.09,153.0,161.09,17950
TOUCHWOOD,2024-09-17,169.14,169.14,164.31,169.14,7623
TOUCHWOOD,2024-09-18,177.59,177.59,168.0,172.05,7878
TOUCHWOOD,2024-09-19,172.05,172.05,163.5,166.42,2112
TOUCHWOOD,2024-09-20,172.0,172.0,160.0,166.0,2516
TOUCHWOOD,2024-09-23,166.2,172.0,161.85,170.59,3756
TOUCHWOOD,2024-09-24,170.0,176.0,168.0,168.02,1132
TOUCHWOOD,2024-09-25,165.38,172.0,160.0,161.0,1213
TOUCHWOOD,2024-09-26,161.0,169.05,153.1,164.0,1677
TOUCHWOOD,2024-09-27,164.0,169.8,164.0,164.08,1453
TOUCHWOOD,2024-09-30,164.08,169.95,160.0,165.0,1666
TOUCHWOOD,2024-10-01,168.0,168.0,162.35,163.0,608
TOUCHWOOD,2024-10-03,163.0,163.0,154.85,158.0,2554
TOUCHWOOD,2024-10-04,154.84,163.99,154.84,155.0,743
TOUCHWOOD,2024-10-07,155.0,158.0,150.0,151.57,402
TOUCHWOOD,2024-10-08,151.57,158.0,144.01,150.29,1174
TOUCHWOOD,2024-10-09,157.8,157.8,151.42,157.42,841
TOUCHWOOD,2024-10-10,157.85,164.8,154.0,157.08,479
TOUCHWOOD,2024-10-11,153.16,164.0,153.16,163.32,1308
TOUCHWOOD,2024-10-14,169.0,169.0,160.4,164.78,1905
TOUCHWOOD,2024-10-15,164.85,164.85,159.02,163.89,665
TOUCHWOOD,2024-10-16,165.01,167.49,157.52,161.97,274
TOUCHWOOD,2024-10-17,158.13,161.49,156.61,158.09,1240
TOUCHWOOD,2024-10-18,156.78,157.0,151.66,155.75,996
TOUCHWOOD,2024-10-21,155.99,163.53,150.18,154.76,904
TOUCHWOOD,2024-10-22,157.78,157.78,147.02,147.02,7324
TOUCHWOOD,2024-10-23,139.66,149.9,139.66,145.0,1281
TOUCHWOOD,2024-10-24,145.0,152.25,145.0,146.15,1835
TOUCHWOOD,2024-10-25,145.0,148.35,138.84,141.27,2540
TOUCHWOOD,2024-10-28,144.96,144.96,134.55,139.0,978
TOUCHWOOD,2024-10-29,140.04,145.95,140.0,145.95,310
TOUCHWOOD,2024-10-30,142.29,153.24,142.29,152.75,1024
TOUCHWOOD,2024-10-31,152.8,154.9,150.11,152.72,554
TOUCHWOOD,2024-11-01,152.72,154.9,146.0,154.14,358
TOUCHWOOD,2024-11-04,153.07,153.07,148.0,149.38,1040
TOUCHWOOD,2024-11-05,150.18,152.8,148.1,152.54,1234
TOUCHWOOD,2024-11-06,152.37,154.79,148.2,150.01,1611
TOUCHWOOD,2024-11-07,149.76,149.8,144.1,145.44,1906
TOUCHWOOD,2024-11-08,138.4,148.4,138.4,147.84,835
TOUCHWOOD,2024-11-11,147.91,147.91,144.01,144.3,179
TOUCHWOOD,2024-11-12,144.32,145.23,142.4,143.6,264
TOUCHWOOD,2024-11-13,142.56,146.88,136.42,136.42,3205
TOUCHWOOD,2024-11-14,130.31,142.27,130.31,139.83,2410
TOUCHWOOD,2024-11-18,139.88,139.88,135.0,135.17,546
TOUCHWOOD,2024-11-19,133.0,138.8,129.05,133.15,1743
TOUCHWOOD,2024-11-21,137.0,137.0,128.0,132.68,839
TOUCHWOOD,2024-11-22,135.28,135.28,128.01,130.86,2983
TOUCHWOOD,2024-11-25,137.4,137.4,129.0,132.9,1274
TOUCHWOOD,2024-11-26,138.8,138.8,132.96,136.47,2178
TOUCHWOOD,2024-11-27,143.2,143.2,131.5,132.23,2320
TOUCHWOOD,2024-11-28,138.0,138.0,131.0,135.01,2535
TOUCHWOOD,2024-11-29,137.97,137.97,134.36,136.13,343
TOUCHWOOD,2024-12-02,139.7,139.7,135.0,136.04,1767
TOUCHWOOD,2024-12-03,134.03,138.3,134.03,135.11,1082
TOUCHWOOD,2024-12-04,141.8,141.86,141.2,141.85,2309
TOUCHWOOD,2024-12-05,144.85,145.99,136.12,145.78,3682
TOUCHWOOD,2024-12-06,152.99,160.35,143.02,160.35,15255
TOUCHWOOD,2024-12-09,167.5,176.38,165.26,169.05,145960
TOUCHWOOD,2024-12-10,166.0,166.0,154.35,159.74,10509
TOUCHWOOD,2024-12-11,159.74,161.07,147.55,149.28,10975
TOUCHWOOD,2024-12-12,148.95,152.73,143.1,144.95,3395
TOUCHWOOD,2024-12-13,148.58,155.0,142.93,152.13,4196
TOUCHWOOD,2024-12-16,161.0,166.45,149.99,151.76,16669
TOUCHWOOD,2024-12-17,153.04,154.4,150.0,151.08,1084
TOUCHWOOD,2024-12-18,148.95,154.36,143.56,153.74,4320
TOUCHWOOD,2024-12-19,155.0,163.4,149.46,152.34,2696
TOUCHWOOD,2024-12-20,149.94,159.4,147.4,150.25,1353
TOUCHWOOD,2024-12-23,159.0,159.0,146.5,147.35,1148
TOUCHWOOD,2024-12-24,146.0,153.9,142.5,148.1,2667
TOUCHWOOD,2024-12-26,144.15,159.0,138.61,157.3,11133
TOUCHWOOD,2024-12-27,157.25,173.03,145.35,150.04,131955
TOUCHWOOD,2024-12-30,148.8,151.95,142.94,147.24,8368
TOUCHWOOD,2024-12-31,145.73,151.98,144.95,146.66,2296
TOUCHWOOD,2025-01-01,148.63,151.05,145.61,148.09,6990
TOUCHWOOD,2025-01-02,147.0,157.0,147.0,153.14,8616
TOUCHWOOD,2025-01-03,151.0,160.19,150.0,151.42,3315
TOUCHWOOD,2025-01-06,150.94,151.06,143.01,145.44,2878
TOUCHWOOD,2025-01-07,151.37,151.37,145.3,145.69,2793
TOUCHWOOD,2025-01-08,136.0,150.9,136.0,146.54,4156
TOUCHWOOD,2025-01-09,150.0,152.8,141.0,147.92,25333
TOUCHWOOD,2025-01-10,145.95,150.5,144.5,144.76,1788
TOUCHWOOD,2025-01-13,147.35,147.53,135.4,136.63,1209
TOUCHWOOD,2025-01-14,137.43,144.0,136.81,137.66,2413
TOUCHWOOD,2025-01-15,138.43,141.0,138.4,138.43,1141
TOUCHWOOD,2025-01-16,138.41,141.79,136.0,138.42,1824
TOUCHWOOD,2025-01-17,138.53,141.99,138.42,140.91,1312
TOUCHWOOD,2025-01-20,143.83,144.03,140.01,141.95,1476
TOUCHWOOD,2025-01-21,144.02,144.3,137.1,138.2,1143
TOUCHWOOD,2025-01-22,140.35,140.35,135.1,136.8,1092
TOUCHWOOD,2025-01-23,143.2,144.06,136.41,137.97,1341
TOUCHWOOD,2025-01-24,138.01,138.58,126.65,131.66,657
TOUCHWOOD,2025-01-27,126.0,135.25,118.49,118.49,1221458
TOUCHWOOD,2025-01-28,123.94,125.0,117.0,119.92,13985
TOUCHWOOD,2025-01-29,115.0,121.19,112.97,116.67,5121
TOUCHWOOD,2025-01-30,115.01,120.37,115.01,118.11,3954
TOUCHWOOD,2025-01-31,120.9,126.94,120.9,122.57,3488
TOUCHWOOD,2025-02-01,126.74,132.0,114.0,121.0,17273
TOUCHWOOD,2025-02-03,120.53,121.97,116.0,119.89,3308
TOUCHWOOD,2025-02-04,125.0,125.2,118.0,118.27,6507
TOUCHWOOD,2025-02-05,124.0,124.0,116.11,118.25,35458
TOUCHWOOD,2025-02-06,118.65,119.98,117.49,119.11,24219
TOUCHWOOD,2025-02-07,119.36,120.48,118.5,119.04,5256
TOUCHWOOD,2025-02-10,118.0,124.38,111.05,114.82,8590
TOUCHWOOD,2025-02-11,114.0,117.99,105.5,108.11,8205
TOUCHWOOD,2025-02-12,108.21,123.84,105.0,109.4,53262
TOUCHWOOD,2025-02-13,111.0,127.0,101.85,103.77,113847
TOUCHWOOD,2025-02-14,105.26,115.0,101.2,103.36,13198
TOUCHWOOD,2025-02-17,96.0,100.01,94.01,97.32,9773
TOUCHWOOD,2025-02-18,97.36,100.8,94.0,95.24,4653
TOUCHWOOD,2025-02-19,97.8,110.0,76.19,80.02,226003
TOUCHWOOD,2025-02-20,78.0,96.02,76.19,96.01,197072
TOUCHWOOD,2025-02-21,101.0,107.98,94.12,96.21,170344
TOUCHWOOD,2025-02-24,92.0,95.0,91.39,91.39,4187
TOUCHWOOD,2025-02-25,90.0,95.9,86.82,92.22,9554
TOUCHWOOD,2025-02-27,87.6,94.0,87.6,90.67,4825
TOUCHWOOD,2025-02-28,87.55,93.99,87.55,90.21,2276
TOUCHWOOD,2025-03-03,94.0,94.0,85.69,85.69,4529
TOUCHWOOD,2025-03-04,85.27,87.0,81.4,85.44,7379
TOUCHWOOD,2025-03-05,81.2,89.0,81.2,86.15,846
TOUCHWOOD,2025-03-06,89.0,90.45,81.84,82.1,90384
TOUCHWOOD,2025-03-07,85.0,85.0,81.99,81.99,36492
TOUCHWOOD,2025-03-10,80.0,84.5,80.0,82.99,498
TOUCHWOOD,2025-03-11,80.0,80.6,78.84,78.84,8036
TOUCHWOOD,2025-03-12,82.45,82.45,74.89,79.4,5265
TOUCHWOOD,2025-03-13,81.9,81.9,77.0,79.94,68354
TOUCHWOOD,2025-03-17,82.0,82.0,75.94,79.6,9394
TOUCHWOOD,2025-03-18,79.6,79.6,79.6,79.6,0
TOUCHWOOD,2025-03-19,79.6,82.5,75.33,82.4,4064
TOUCHWOOD,2025-03-20,85.85,85.85,79.0,79.17,1259
TOUCHWOOD,2025-03-21,78.3,82.15,77.0,81.49,788
TOUCHWOOD,2025-03-24,83.12,83.12,78.1,79.4,4574
TOUCHWOOD,2025-03-25,81.0,82.7,75.43,76.15,7683
TOUCHWOOD,2025-03-26,79.25,79.25,76.0,77.46,3635
TOUCHWOOD,2025-03-27,80.0,80.0,74.1,74.5,1250
TOUCHWOOD,2025-03-28,75.0,78.22,75.0,77.37,3617
TOUCHWOOD,2025-04-01,77.0,79.97,76.5,79.97,521
TOUCHWOOD,2025-04-02,80.82,80.95,77.03,80.5,1345
TOUCHWOOD,2025-04-03,81.0,81.1,78.16,79.2,702
TOUCHWOOD,2025-04-04,75.56,82.94,75.24,79.99,2747
TOUCHWOOD,2025-04-07,76.0,77.0,75.99,75.99,779
TOUCHWOOD,2025-04-08,79.7,79.7,76.62,78.83,272
TOUCHWOOD,2025-04-09,82.0,82.0,76.0,76.0,97
TOUCHWOOD,2025-04-11,78.0,79.5,74.0,75.99,944
TOUCHWOOD,2025-04-15,79.5,79.5,76.0,79.5,2893
TOUCHWOOD,2025-04-16,80.0,82.55,79.99,82.45,3564
TOUCHWOOD,2025-04-17,82.45,82.99,79.06,82.45,2384
TOUCHWOOD,2025-04-21,79.01,82.4,78.5,82.29,3615
TOUCHWOOD,2025-04-22,82.29,86.35,80.0,81.46,8590
TOUCHWOOD,2025-04-23,80.75,85.53,80.75,82.81,2416
TOUCHWOOD,2025-04-24,82.0,86.5,80.5,82.93,5102
TOUCHWOOD,2025-04-25,80.0,86.02,80.0,84.45,4666
TOUCHWOOD,2025-04-28,84.45,86.5,81.15,81.15,536
TOUCHWOOD,2025-04-29,81.2,81.2,81.15,81.2,823
TOUCHWOOD,2025-04-30,78.3,80.4,78.3,80.0,241
TOUCHWOOD,2025-05-02,79.0,79.2,79.0,79.2,269
TOUCHWOOD,2025-05-05,88.1,88.1,79.71,82.76,1589
TOUCHWOOD,2025-05-06,80.21,85.0,78.62,79.0,1895
TOUCHWOOD,2025-05-07,82.95,82.95,78.8,79.97,1334
TOUCHWOOD,2025-05-08,83.96,83.96,79.0,79.24,971
TOUCHWOOD,2025-05-09,82.5,82.5,78.0,78.0,1578
TOUCHWOOD,2025-05-12,81.9,81.9,79.0,79.91,757
TOUCHWOOD,2025-05-13,79.52,81.75,78.01,80.56,2190
TOUCHWOOD,2025-05-14,80.01,82.1,79.0,79.0,3385
TOUCHWOOD,2025-05-15,82.95,82.95,79.0,81.0,12066
TOUCHWOOD,2025-05-16,84.5,84.5,78.1,82.56,14654
TOUCHWOOD,2025-05-19,82.56,83.47,79.4,80.94,10304
TOUCHWOOD,2025-05-20,84.95,84.95,78.41,80.19,2677
TOUCHWOOD,2025-05-21,79.8,79.8,78.0,79.4,3338
TOUCHWOOD,2025-05-22,79.4,81.96,78.0,79.0,615
TOUCHWOOD,2025-05-23,79.0,82.95,79.0,82.76,4477
TOUCHWOOD,2025-05-26,85.25,96.0,84.0,85.58,63767
TOUCHWOOD,2025-05-27,87.0,90.0,84.7,88.97,9221
TOUCHWOOD,2025-05-28,87.0,89.8,87.0,87.58,4260
TOUCHWOOD,2025-05-29,85.59,88.49,84.55,87.01,5748
TOUCHWOOD,2025-05-30,88.4,97.0,85.51,90.74,39338
TOUCHWOOD,2025-06-02,90.74,92.4,88.56,91.75,4964
TOUCHWOOD,2025-06-03,91.5,93.0,88.24,89.82,10415
TOUCHWOOD,2025-06-04,86.2,93.99,86.2,89.84,24560
TOUCHWOOD,2025-06-05,90.11,93.19,89.83,91.46,2300
TOUCHWOOD,2025-06-06,90.99,91.0,88.6,90.8,2939
TOUCHWOOD,2025-06-09,88.25,92.79,88.25,91.43,2729
TOUCHWOOD,2025-06-10,92.12,92.89,90.16,91.91,5346
TOUCHWOOD,2025-06-11,92.89,92.89,89.0,89.57,9366
TOUCHWOOD,2025-06-12,93.5,93.5,89.4,89.91,4989
TOUCHWOOD,2025-06-13,89.5,104.4,89.5,96.49,88926
TOUCHWOOD,2025-06-16,96.44,115.78,91.8,115.78,226900
TOUCHWOOD,2025-06-17,120.0,136.59,113.53,121.32,560749
TOUCHWOOD,2025-06-18,119.99,127.4,118.51,119.68,50226
TOUCHWOOD,2025-06-19,119.3,119.46,106.06,108.38,30011
TOUCHWOOD,2025-06-20,111.36,126.9,111.36,122.13,387136
TOUCHWOOD,2025-06-23,119.6,119.6,113.15,115.05,22412
TOUCHWOOD,2025-06-24,122.89,128.23,113.0,114.96,110676
TOUCHWOOD,2025-06-25,116.01,121.19,111.11,113.51,31417
TOUCHWOOD,2025-06-26,114.8,120.99,113.12,117.16,48641
TOUCHWOOD,2025-06-27,118.7,130.0,116.4,121.36,193804
TOUCHWOOD,2025-06-30,127.0,127.0,120.11,121.14,23194
TOUCHWOOD,2025-07-01,120.04,120.99,115.26,116.36,9511
TOUCHWOOD,2025-07-02,120.02,123.5,116.01,116.48,37636
TOUCHWOOD,2025-07-03,116.95,120.65,113.1,113.43,14707
TOUCHWOOD,2025-07-04,113.65,119.0,111.21,111.57,13945
TOUCHWOOD,2025-07-07,111.0,114.57,111.0,111.47,9066
TOUCHWOOD,2025-07-08,116.18,116.18,109.0,109.31,6492
TOUCHWOOD,2025-07-09,110.0,110.92,106.01,108.67,6434
TOUCHWOOD,2025-07-10,109.78,110.56,103.6,106.08,9795
TOUCHWOOD,2025-07-11,105.93,106.0,100.06,101.85,17087
TOUCHWOOD,2025-07-14,103.19,105.0,100.12,101.07,8380
TOUCHWOOD,2025-07-15,101.0,107.66,100.04,103.4,17255
TOUCHWOOD,2025-07-16,104.5,104.75,100.9,101.72,12031
TOUCHWOOD,2025-07-17,104.0,104.0,101.7,102.22,3772
TOUCHWOOD,2025-07-18,103.15,105.8,99.02,101.09,13038
TOUCHWOOD,2025-07-21,101.09,103.65,101.09,102.47,2246
TOUCHWOOD,2025-07-22,101.5,105.29,101.0,103.93,9551
TOUCHWOOD,2025-07-23,103.93,107.5,102.0,102.37,3525
TOUCHWOOD,2025-07-24,102.39,104.08,100.0,102.28,6015
TOUCHWOOD,2025-07-25,104.29,104.29,101.26,101.48,2489
TOUCHWOOD,2025-07-28,102.0,102.0,96.2,97.83,6572
TOUCHWOOD,2025-07-29,97.8,100.39,94.52,95.27,4556
TOUCHWOOD,2025-07-30,94.47,98.0,94.47,96.89,3695
TOUCHWOOD,2025-07-31,96.01,96.8,95.21,95.77,1768
TOUCHWOOD,2025-08-01,98.77,101.01,98.0,99.41,9482
TOUCHWOOD,2025-08-04,102.9,103.0,96.6,99.05,8349
TOUCHWOOD,2025-08-05,103.91,103.91,97.51,97.84,2250
TOUCHWOOD,2025-08-06,96.25,100.1,96.25,97.64,4157
TOUCHWOOD,2025-08-07,97.22,99.95,97.22,98.89,2761
TOUCHWOOD,2025-08-08,112.0,118.66,98.25,102.31,327939
TOUCHWOOD,2025-08-11,103.4,103.89,100.25,101.22,12665
TOUCHWOOD,2025-08-12,102.87,102.87,95.35,98.22,10041
TOUCHWOOD,2025-08-13,98.99,100.18,96.3,97.7,13097
TOUCHWOOD,2025-08-14,102.0,102.0,96.5,97.04,4016
TOUCHWOOD,2025-08-18,95.5,99.4,95.5,97.0,7013
TOUCHWOOD,2025-08-19,99.97,99.97,94.01,96.31,6789
TOUCHWOOD,2025-08-20,96.68,98.5,95.58,97.8,6929
TOUCHWOOD,2025-08-21,96.2,108.9,96.2,105.8,32727
TOUCHWOOD,2025-08-22,110.02,117.0,108.25,111.4,124327
TOUCHWOOD,2025-08-25,111.19,114.49,109.02,110.0,10539
TOUCHWOOD,2025-08-26,114.58,114.58,102.12,104.72,6010
TOUCHWOOD,2025-08-28,103.0,104.0,98.72,100.04,7851
TOUCHWOOD,2025-08-29,103.5,107.99,101.52,104.13,57813
TOUCHWOOD,2025-09-01,104.85,105.0,103.18,104.16,3608
TOUCHWOOD,2025-09-02,105.05,105.05,103.09,103.28,51135
TOUCHWOOD,2025-09-03,103.28,108.49,103.28,108.44,58835
TOUCHWOOD,2025-09-04,105.5,122.8,105.5,108.4,173715
TOUCHWOOD,2025-09-05,108.04,108.85,104.3,104.64,8097
TOUCHWOOD,2025-09-08,107.98,108.88,103.22,105.77,4732
TOUCHWOOD,2025-09-09,105.98,110.88,103.5,104.02,11494
TOUCHWOOD,2025-09-10,105.52,106.78,102.0,104.79,6695
TOUCHWOOD,2025-09-11,105.04,106.94,103.5,104.46,1196
TOUCHWOOD,2025-09-12,101.02,104.7,101.02,103.5,4341
TOUCHWOOD,2025-09-15,107.9,107.9,102.01,103.4,5227
TOUCHWOOD,2025-09-16,105.94,105.94,102.12,102.75,1768
TOUCHWOOD,2025-09-17,103.05,105.79,99.0,100.83,11144
TOUCHWOOD,2025-09-18,101.5,106.49,101.5,104.66,8223
TOUCHWOOD,2025-09-19,105.0,117.88,103.22,112.43,56179
TOUCHWOOD,2025-09-22,123.0,128.0,113.11,118.04,312500
TOUCHWOOD,2025-09-23,113.95,117.39,110.0,111.78,17237
TOUCHWOOD,2025-09-24,114.0,114.0,108.11,109.28,5925
TOUCHWOOD,2025-09-25,108.21,111.7,107.13,108.8,5304
TOUCHWOOD,2025-09-26,111.02,111.02,99.32,102.79,26081
TOUCHWOOD,2025-09-29,104.8,106.99,98.75,99.63,15774
TOUCHWOOD,2025-09-30,103.5,103.88,100.69,102.53,5214
TOUCHWOOD,2025-10-01,103.0,104.79,101.0,102.8,3461
TOUCHWOOD,2025-10-03,106.0,106.0,101.5,104.15,5387
TOUCHWOOD,2025-10-06,101.11,105.51,101.11,103.66,3115
TOUCHWOOD,2025-10-07,103.75,104.99,102.2,104.24,866
TOUCHWOOD,2025-10-08,104.6,104.64,101.1,101.6,5058
TOUCHWOOD,2025-10-09,103.0,104.9,101.7,102.88,3972
TOUCHWOOD,2025-10-10,102.88,104.78,101.0,102.48,2346
TOUCHWOOD,2025-10-13,101.97,102.99,100.0,101.07,667
TOUCHWOOD,2025-10-14,101.5,102.5,95.0,98.04,5164
TOUCHWOOD,2025-10-15,101.9,101.9,99.6,100.5,2229
TOUCHWOOD,2025-10-16,100.0,101.98,97.1,98.91,9807
TOUCHWOOD,2025-10-17,99.4,101.48,98.2,98.63,1579
TOUCHWOOD,2025-10-20,99.0,104.9,98.36,103.26,5503
TOUCHWOOD,2025-10-21,106.0,106.0,99.0,101.15,5847
TOUCHWOOD,2025-10-23,103.9,103.9,100.0,101.76,8215
TOUCHWOOD,2025-10-24,103.0,107.0,103.0,103.7,11354
TOUCHWOOD,2025-10-27,106.5,110.9,102.0,105.11,31070
TOUCHWOOD,2025-10-28,105.11,107.78,103.0,105.78,7055
TOUCHWOOD,2025-10-29,104.0,106.89,104.0,106.2,5062
TOUCHWOOD,2025-10-30,106.2,106.5,104.01,105.34,3083
TOUCHWOOD,2025-10-31,105.34,106.0,100.3,104.91,3109
TOUCHWOOD,2025-11-03,103.0,106.99,101.1,104.0,9111
TOUCHWOOD,2025-11-04,103.85,105.8,101.11,102.26,1467
TOUCHWOOD,2025-11-06,102.3,103.31,96.6,101.93,13502
TOUCHWOOD,2025-11-07,103.99,105.75,99.11,105.23,3958
TOUCHWOOD,2025-11-10,103.15,105.5,101.0,103.99,7265
TOUCHWOOD,2025-11-11,103.25,103.48,99.2,101.41,4116
TOUCHWOOD,2025-11-12,102.0,103.99,101.0,102.3,2194
TOUCHWOOD,2025-11-13,102.04,104.99,100.01,103.12,5842
TOUCHWOOD,2025-11-14,103.95,103.95,98.0,103.0,157426
TOUCHWOOD,2025-11-17,102.5,106.95,102.5,105.03,156814
TOUCHWOOD,2025-11-18,104.6,108.5,102.42,107.31,11923
TOUCHWOOD,2025-11-19,107.44,107.5,104.0,104.25,1086
TOUCHWOOD,2025-11-20,104.25,106.49,103.25,103.43,1311
TOUCHWOOD,2025-11-21,103.0,105.0,101.01,102.91,3019
TOUCHWOOD,2025-11-24,105.0,105.99,103.0,103.0,3352
TOUCHWOOD,2025-11-25,104.0,105.25,102.24,105.09,1702
TOUCHWOOD,2025-11-26,105.09,105.09,101.01,104.0,1804
TOUCHWOOD,2025-11-27,104.0,107.0,101.12,102.13,3028
TOUCHWOOD,2025-11-28,104.8,104.8,102.0,102.5,1462
TOUCHWOOD,2025-12-01,107.0,107.99,102.5,103.53,3577
TOUCHWOOD,2025-12-02,103.05,104.75,102.5,103.0,1661
TOUCHWOOD,2025-12-03,102.5,103.0,101.0,103.0,1994
TOUCHWOOD,2025-12-04,100.1,105.99,100.1,103.53,2928
TOUCHWOOD,2025-12-05,106.49,107.0,102.15,104.85,9367
TOUCHWOOD,2025-12-08,104.78,104.78,100.0,102.03,5701
TOUCHWOOD,2025-12-09,103.0,104.89,99.2,102.54,1627
TOUCHWOOD,2025-12-10,102.1,105.0,102.0,102.2,342
TOUCHWOOD,2025-12-11,103.0,105.5,103.0,103.19,1287
TOUCHWOOD,2025-12-12,102.01,105.0,102.01,103.98,1319
TOUCHWOOD,2025-12-15,103.98,104.87,102.55,103.65,1182
TOUCHWOOD,2025-12-16,102.0,106.0,101.6,105.17,8745
TOUCHWOOD,2025-12-17,105.77,107.0,102.2,102.58,1008
TOUCHWOOD,2025-12-18,102.55,106.0,102.55,103.41,3345
TOUCHWOOD,2025-12-19,105.7,105.7,103.0,103.12,1613
TOUCHWOOD,2025-12-22,103.0,103.95,101.03,102.05,1241
TOUCHWOOD,2025-12-23,102.05,105.0,102.05,104.0,2125
TOUCHWOOD,2025-12-24,104.49,105.01,104.0,104.0,1509
TOUCHWOOD,2025-12-26,108.99,108.99,104.21,105.12,1845
TOUCHWOOD,2025-12-29,107.99,107.99,102.1,105.08,3620
TOUCHWOOD,2025-12-30,105.07,105.07,102.8,103.01,2861
TOUCHWOOD,2025-12-31,103.21,104.8,103.0,103.27,670
TOUCHWOOD,2026-01-01,103.27,109.99,103.27,105.98,8283
TOUCHWOOD,2026-01-02,105.0,110.0,103.5,105.74,8432
TOUCHWOOD,2026-01-05,105.0,105.0,103.15,103.58,5143
TOUCHWOOD,2026-01-06,113.0,113.0,103.65,104.04,4972
TOUCHWOOD,2026-01-07,105.99,106.9,104.04,105.02,878
TOUCHWOOD,2026-01-08,105.0,105.1,103.0,105.0,3186
TOUCHWOOD,2026-01-09,104.88,106.8,102.5,104.01,2589
TOUCHWOOD,2026-01-12,101.01,103.79,99.42,101.68,2280
TOUCHWOOD,2026-01-13,103.86,103.86,98.0,101.25,4087
TOUCHWOOD,2026-01-14,100.75,101.9,97.7,98.23,4647
TOUCHWOOD,2026-01-16,97.2,99.99,94.27,97.42,3411
TOUCHWOOD,2026-01-19,101.0,101.0,97.01,99.57,379
TOUCHWOOD,2026-01-20,99.0,99.57,94.6,94.71,1251
TOUCHWOOD,2026-01-21,92.0,96.99,92.0,94.26,5641
TOUCHWOOD,2026-01-22,93.0,96.39,90.6,94.21,1615
TOUCHWOOD,2026-01-23,94.5,95.99,93.61,95.1,1353
TOUCHWOOD,2026-01-27,92.1,96.94,92.1,94.29,1132
TOUCHWOOD,2026-01-28,97.99,97.99,97.74,97.74,201
TOUCHWOOD,2026-01-29,95.2,96.6,92.0,92.28,10359
TOUCHWOOD,2026-01-30,91.82,95.0,90.2,93.45,1142
TOUCHWOOD,2026-02-02,95.0,95.0,87.35,92.39,1720
TOUCHWOOD,2026-02-03,97.99,97.99,89.51,95.53,3557
TOUCHWOOD,2026-02-04,99.94,99.94,90.55,92.55,11637
TOUCHWOOD,2026-02-05,92.0,103.79,91.06,91.86,64587
TOUCHWOOD,2026-02-06,94.49,95.0,92.05,92.95,2236
TOUCHWOOD,2026-02-09,90.0,95.2,90.0,91.39,3077
TOUCHWOOD,2026-02-10,91.7,93.6,90.0,91.71,4620
TOUCHWOOD,2026-02-11,90.1,93.99,90.1,91.24,3334
TOUCHWOOD,2026-02-12,91.0,93.98,90.25,91.97,3264
TOUCHWOOD,2026-02-13,91.0,92.8,89.72,91.23,1103
TOUCHWOOD,2026-02-16,87.2,94.0,87.2,88.7,2193
TOUCHWOOD,2026-02-17,90.0,91.99,88.04,89.76,1697
TOUCHWOOD,2026-02-18,92.7,92.7,85.35,86.07,8264
TOUCHWOOD,2026-02-19,86.07,88.49,85.0,86.64,987
TOUCHWOOD,2026-02-20,86.5,87.9,85.0,85.2,1495
TOUCHWOOD,2026-02-23,85.2,86.9,83.16,85.76,732
TOUCHWOOD,2026-02-24,84.05,86.99,83.3,85.13,966
TOUCHWOOD,2026-02-25,85.13,85.13,81.3,81.79,3264
TOUCHWOOD,2026-02-26,84.72,84.72,81.0,81.13,2055
TOUCHWOOD,2026-02-27,84.0,84.0,72.0,73.89,44555
TOUCHWOOD,2026-03-02,77.55,77.55,69.0,71.3,14453
TOUCHWOOD,2026-03-04,76.92,76.92,69.71,72.84,5801
TOUCHWOOD,2026-03-05,71.2,76.49,71.2,72.51,1920
TOUCHWOOD,2026-03-06,76.15,76.15,70.01,71.13,853
TOUCHWOOD,2026-03-09,68.0,72.97,67.52,70.47,1914
TOUCHWOOD,2026-03-10,70.47,73.97,68.2,69.08,1642
TOUCHWOOD,2026-03-11,71.99,74.4,70.01,71.98,5918
TOUCHWOOD,2026-03-12,71.0,74.0,69.15,70.9,40742
TOUCHWOOD,2026-03-13,75.0,75.0,70.11,72.63,1299
TOUCHWOOD,2026-03-16,77.99,77.99,68.17,69.32,2003
TOUCHWOOD,2026-03-17,70.68,70.68,68.42,68.79,2196
TOUCHWOOD,2026-03-18,71.2,71.2,68.3,69.7,1926
TOUCHWOOD,2026-03-19,66.6,70.0,66.6,69.9,1380
TOUCHWOOD,2026-03-20,74.95,74.95,67.57,68.37,1282
TOUCHWOOD,2026-03-23,71.98,71.98,64.02,67.82,2188
TOUCHWOOD,2026-03-24,67.93,71.0,65.6,66.82,2091
TOUCHWOOD,2026-03-25,67.0,68.96,65.11,67.8,5085
TOUCHWOOD,2026-03-27,67.0,73.75,66.8,69.09,15111
TOUCHWOOD,2026-03-30,69.01,69.01,63.0,63.05,4960
TOUCHWOOD,2026-04-01,68.75,68.75,65.5,65.89,816
TOUCHWOOD,2026-04-02,65.9,67.82,64.0,66.71,1452
TOUCHWOOD,2026-04-06,66.7,70.0,66.7,69.79,1056
TOUCHWOOD,2026-04-07,73.0,73.0,70.01,71.53,668
TOUCHWOOD,2026-04-08,73.7,73.78,71.0,71.19,1033
TOUCHWOOD,2026-04-09,72.65,72.8,72.0,72.58,364
TOUCHWOOD,2026-04-10,73.0,75.79,71.06,72.99,4257
TOUCHWOOD,2026-04-13,79.0,79.0,70.6,72.01,6600
TOUCHWOOD,2026-04-15,72.01,75.9,72.0,73.21,10019
TOUCHWOOD,2026-04-16,75.0,75.79,73.51,74.03,755
TOUCHWOOD,2026-04-17,74.79,78.49,73.04,74.42,4573
TOUCHWOOD,2026-04-20,73.0,78.88,73.0,74.58,1213
TOUCHWOOD,2026-04-21,78.87,78.87,73.0,74.4,926
TOUCHWOOD,2026-04-22,75.5,77.67,75.5,75.7,1630
TOUCHWOOD,2026-04-23,72.12,76.98,72.12,75.02,700
TOUCHWOOD,2026-04-24,75.0,75.88,72.0,75.31,1132
TOUCHWOOD,2026-04-27,74.1,76.24,74.0,75.45,1396
TOUCHWOOD,2026-04-28,76.8,76.88,75.0,76.2,403
TOUCHWOOD,2026-04-29,76.8,76.87,74.2,75.06,962
TOUCHWOOD,2026-04-30,75.06,75.06,72.33,73.31,2769
TOUCHWOOD,2026-05-01,73.31,73.31,73.31,73.31,0
TOUCHWOOD,2026-05-04,75.94,75.94,73.51,74.42,586
TOUCHWOOD,2026-05-05,78.4,78.4,73.11,73.74,6298
TOUCHWOOD,2026-05-06,81.0,81.0,75.46,76.23,5210
TOUCHWOOD,2026-05-07,76.0,85.85,76.0,78.74,104661
TOUCHWOOD,2026-05-08,75.31,81.79,75.31,77.51,1886
TOUCHWOOD,2026-05-11,78.0,79.99,75.0,78.15,2789
TOUCHWOOD,2026-05-12,77.1,77.98,72.33,73.49,7059
TOUCHWOOD,2026-05-13,74.6,75.8,72.3,73.35,2708
TOUCHWOOD,2026-05-14,73.35,75.9,72.16,72.96,1279
TOUCHWOOD,2026-05-15,75.0,75.0,71.7,72.32,616
TOUCHWOOD,2026-05-18,72.2,72.2,69.87,70.2,1867
TOUCHWOOD,2026-05-19,71.89,72.0,70.11,70.73,618
TOUCHWOOD,2026-05-20,71.9,71.9,70.0,71.3,323
TOUCHWOOD,2026-05-21,71.35,71.35,70.15,71.1,73
TOUCHWOOD,2026-05-22,71.2,71.2,70.67,71.1,859
TOUCHWOOD,2026-05-25,71.94,74.89,70.58,72.5,2519
TOUCHWOOD,2026-05-26,72.51,72.51,68.0,68.81,10531
TOUCHWOOD,2026-05-27,69.3,70.8,69.01,69.79,1054
TOUCHWOOD,2026-05-28,69.79,69.79,69.79,69.79,0
TOUCHWOOD,2026-05-29,69.01,71.78,69.01,70.24,2206
TOUCHWOOD,2026-06-01,77.99,77.99,69.0,69.82,2583
TOUCHWOOD,2026-06-02,72.7,72.7,69.75,70.04,1033
TOUCHWOOD,2026-06-03,69.3,72.45,68.21,71.89,7431
TOUCHWOOD,2026-06-04,71.0,74.4,70.0,72.11,892
TOUCHWOOD,2026-06-05,73.6,73.6,70.14,70.46,842
TOUCHWOOD,2026-06-08,70.0,71.9,69.1,70.0,1328
TOUCHWOOD,2026-06-09,72.0,72.49,69.5,69.98,2035
TOUCHWOOD,2026-06-10,71.9,71.9,69.01,69.04,1339
TOUCHWOOD,2026-06-11,69.04,70.98,67.0,69.25,449
TOUCHWOOD,2026-06-12,70.0,70.0,67.3,68.13,731
TOUCHWOOD,2026-06-15,70.0,73.39,69.1,70.0,1054
TOUCHWOOD,2026-06-16,70.1,71.4,70.1,70.8,307
TOUCHWOOD,2026-06-17,69.01,78.88,69.01,75.07,11644
TOUCHWOOD,2026-06-18,77.69,77.69,75.1,75.72,4326
TOUCHWOOD,2026-06-19,74.5,76.5,71.2,73.04,5731
TOUCHWOOD,2026-06-22,76.94,76.94,73.12,74.11,894
TOUCHWOOD,2026-06-23,75.0,75.0,70.21,70.69,4314
TOUCHWOOD,2026-06-24,74.99,74.99,71.01,71.82,3158
TOUCHWOOD,2026-06-25,72.6,72.6,69.01,69.04,3208
TOUCHWOOD,2026-06-26,69.04,69.04,69.04,69.04,0
TOUCHWOOD,2026-06-29,69.71,71.4,69.06,70.69,784
TOUCHWOOD,2026-06-30,70.0,70.01,69.0,69.47,807
TOUCHWOOD,2026-07-01,69.25,69.88,67.1,68.72,4306
TOUCHWOOD,2026-07-02,69.7,71.1,68.4,70.0,847
TOUCHWOOD,2026-07-03,67.2,71.4,67.2,70.33,1931
TOUCHWOOD,2026-07-06,70.96,70.96,67.0,68.8,4322
TOUCHWOOD,2026-07-07,68.79,73.4,68.79,70.46,1222
TOUCHWOOD,2026-07-08,72.0,72.0,65.6,67.09,1253
TOUCHWOOD,2026-07-09,67.09,68.88,67.09,67.61,1148
TOUCHWOOD,2026-07-10,68.94,69.8,68.0,69.11,323
TOUCHWOOD,2026-07-13,73.0,73.0,69.01,70.32,1283
TOUCHWOOD,2026-07-14,70.39,71.65,67.8,68.41,874
TOUCHWOOD,2026-07-15,68.75,69.39,67.81,68.47,351
TOUCHWOOD,2026-07-16,67.15,69.74,67.15,68.99,450
TOUCHWOOD,2026-07-17,68.59,68.59,68.32,68.32,208
TOUCHWOOD,2026-07-20,68.16,68.36,66.81,67.51,540
TOUCHWOOD,2026-07-21,67.56,67.56,66.6,67.48,298
TOUCHWOOD,2026-07-22,68.4,68.44,67.62,67.66,132
TOUCHWOOD,2026-07-23,67.5,67.5,66.01,66.21,645
TOUCHWOOD,2026-07-24,66.0,67.4,66.0,67.29,331
TOUCHWOOD,2026-07-27,67.29,67.29,65.4,67.0,816
TOUCHWOOD,2026-07-28,66.66,67.99,65.66,65.79,2108
TOUCHWOOD,2026-07-29,65.11,66.9,65.11,66.16,456
TOUCHWOOD,2026-07-30,66.01,66.82,66.0,66.51,676
TOUCHWOOD,2026-07-31,66.99,67.44,65.6,66.24,300
TOUCHWOOD,2026-08-03,67.44,67.44,66.06,66.45,155
TOUCHWOOD,2026-08-04,66.99,67.44,66.32,66.33,950
TOUCHWOOD,2026-08-05,66.99,67.43,61.8,65.89,5788
TOUCHWOOD,2026-08-06,66.9,67.6,65.3,67.09,2284
TOUCHWOOD,2026-08-07,66.16,66.91,65.4,66.85,691
TOUCHWOOD,2026-08-10,66.99,69.88,66.58,67.89,3442
TOUCHWOOD,2026-08-11,74.05,74.05,66.53,67.36,3631
TOUCHWOOD,2026-08-12,72.9,72.9,67.55,68.09,8095
TOUCHWOOD,2026-08-13,66.6,67.01,63.01,63.65,12838
TOUCHWOOD,2026-08-14,65.0,66.79,64.0,64.74,774
TOUCHWOOD,2026-08-17,65.0,65.0,60.01,62.68,6028
TOUCHWOOD,2026-08-18,62.99,63.95,61.11,61.85,1386
TOUCHWOOD,2026-08-19,61.55,62.89,61.5,61.71,1004
TOUCHWOOD,2026-08-20,63.24,63.24,61.7,61.8,474
TOUCHWOOD,2026-08-21,61.8,62.99,61.8,62.92,362
TOUCHWOOD,2026-08-24,62.92,63.9,61.66,63.0,1584
TOUCHWOOD,2026-08-25,63.5,63.5,61.5,61.75,2909
TOUCHWOOD,2026-08-26,61.66,63.68,61.66,62.65,97
TOUCHWOOD,2026-08-27,63.5,63.5,60.5,61.0,2552
