symbol,date,open,high,low,close,volume
VOLTAS,2002-07-01,0.57,0.59,0.57,0.587,168220
VOLTAS,2002-07-02,0.581,0.59,0.578,0.582,143040
VOLTAS,2002-07-03,0.594,0.594,0.573,0.578,99480
VOLTAS,2002-07-04,0.58,0.581,0.561,0.57,213060
VOLTAS,2002-07-05,0.571,0.58,0.561,0.565,168870
VOLTAS,2002-07-08,0.589,0.6,0.572,0.585,499050
VOLTAS,2002-07-09,0.595,0.653,0.595,0.617,1771900
VOLTAS,2002-07-10,0.63,0.63,0.594,0.597,474690
VOLTAS,2002-07-11,0.59,0.598,0.571,0.576,280630
VOLTAS,2002-07-12,0.583,0.589,0.571,0.573,102220
VOLTAS,2002-07-15,0.572,0.585,0.56,0.566,119180
VOLTAS,2002-07-16,0.565,0.567,0.55,0.555,120630
VOLTAS,2002-07-17,0.557,0.563,0.542,0.545,125230
VOLTAS,2002-07-18,0.551,0.558,0.543,0.548,66510
VOLTAS,2002-07-19,0.55,0.559,0.543,0.555,74220
VOLTAS,2002-07-22,0.502,0.547,0.501,0.522,158180
VOLTAS,2002-07-23,0.529,0.53,0.52,0.526,81580
VOLTAS,2002-07-24,0.526,0.552,0.5,0.511,677400
VOLTAS,2002-07-25,0.525,0.525,0.483,0.494,298250
VOLTAS,2002-07-26,0.46,0.49,0.46,0.48,125720
VOLTAS,2002-07-29,0.471,0.48,0.453,0.458,162260
VOLTAS,2002-07-30,0.47,0.47,0.452,0.459,85290
VOLTAS,2002-07-31,0.459,0.47,0.451,0.47,83830
VOLTAS,2002-08-01,0.47,0.48,0.47,0.477,68260
VOLTAS,2002-08-02,0.471,0.477,0.462,0.466,43010
VOLTAS,2002-08-05,0.471,0.478,0.463,0.469,70220
VOLTAS,2002-08-06,0.473,0.479,0.471,0.477,52970
VOLTAS,2002-08-07,0.475,0.481,0.47,0.473,98000
VOLTAS,2002-08-08,0.471,0.478,0.465,0.469,161210
VOLTAS,2002-08-09,0.475,0.475,0.465,0.468,47420
VOLTAS,2002-08-12,0.47,0.474,0.465,0.467,24690
VOLTAS,2002-08-13,0.475,0.475,0.466,0.471,28310
VOLTAS,2002-08-14,0.47,0.48,0.467,0.476,26580
VOLTAS,2002-08-15,0.476,0.476,0.476,0.476,0
VOLTAS,2002-08-16,0.471,0.478,0.461,0.463,54800
VOLTAS,2002-08-19,0.465,0.47,0.456,0.46,167820
VOLTAS,2002-08-20,0.461,0.475,0.458,0.467,454770
VOLTAS,2002-08-21,0.461,0.47,0.461,0.464,44120
VOLTAS,2002-08-22,0.463,0.469,0.46,0.46,67170
VOLTAS,2002-08-23,0.461,0.466,0.46,0.461,18940
VOLTAS,2002-08-26,0.468,0.47,0.461,0.467,25370
VOLTAS,2002-08-27,0.461,0.465,0.455,0.457,152550
VOLTAS,2002-08-28,0.46,0.46,0.455,0.456,22500
VOLTAS,2002-08-29,0.454,0.456,0.45,0.45,28100
VOLTAS,2002-08-30,0.45,0.453,0.448,0.45,60770
VOLTAS,2002-09-02,0.447,0.46,0.447,0.456,45780
VOLTAS,2002-09-03,0.459,0.459,0.448,0.451,96250
VOLTAS,2002-09-04,0.448,0.451,0.445,0.448,17410
VOLTAS,2002-09-05,0.46,0.46,0.445,0.448,62470
VOLTAS,2002-09-06,0.445,0.456,0.441,0.446,40120
VOLTAS,2002-09-09,0.449,0.449,0.44,0.441,24140
VOLTAS,2002-09-10,0.441,0.441,0.441,0.441,0
VOLTAS,2002-09-11,0.441,0.445,0.44,0.441,21500
VOLTAS,2002-09-12,0.442,0.445,0.441,0.441,31810
VOLTAS,2002-09-13,0.443,0.45,0.44,0.446,42330
VOLTAS,2002-09-16,0.444,0.46,0.444,0.453,121760
VOLTAS,2002-09-17,0.466,0.466,0.45,0.453,48650
VOLTAS,2002-09-18,0.45,0.459,0.45,0.455,51880
VOLTAS,2002-09-19,0.453,0.456,0.451,0.451,25060
VOLTAS,2002-09-20,0.45,0.453,0.45,0.45,108620
VOLTAS,2002-09-23,0.444,0.449,0.44,0.448,129480
VOLTAS,2002-09-24,0.45,0.453,0.445,0.45,36490
VOLTAS,2002-09-25,0.455,0.46,0.445,0.446,41560
VOLTAS,2002-09-26,0.45,0.45,0.445,0.45,21100
VOLTAS,2002-09-27,0.45,0.466,0.45,0.464,238550
VOLTAS,2002-09-30,0.46,0.483,0.458,0.474,287920
VOLTAS,2002-10-01,0.472,0.475,0.461,0.472,95020
VOLTAS,2002-10-02,0.472,0.472,0.472,0.472,0
VOLTAS,2002-10-03,0.463,0.481,0.463,0.48,149200
VOLTAS,2002-10-04,0.479,0.48,0.47,0.472,38750
VOLTAS,2002-10-07,0.48,0.48,0.47,0.47,56580
VOLTAS,2002-10-08,0.42,0.475,0.42,0.47,50050
VOLTAS,2002-10-09,0.47,0.47,0.467,0.467,23030
VOLTAS,2002-10-10,0.469,0.474,0.465,0.465,23010
VOLTAS,2002-10-11,0.462,0.475,0.46,0.47,170640
VOLTAS,2002-10-14,0.466,0.478,0.463,0.474,167440
VOLTAS,2002-10-15,0.474,0.474,0.474,0.474,0
VOLTAS,2002-10-16,0.476,0.48,0.47,0.476,124620
VOLTAS,2002-10-17,0.462,0.526,0.462,0.505,935820
VOLTAS,2002-10-18,0.52,0.545,0.51,0.514,1173010
VOLTAS,2002-10-21,0.52,0.524,0.51,0.511,311800
VOLTAS,2002-10-22,0.513,0.517,0.5,0.5,180310
VOLTAS,2002-10-23,0.5,0.5,0.49,0.491,97540
VOLTAS,2002-10-24,0.486,0.493,0.481,0.481,83950
VOLTAS,2002-10-25,0.48,0.49,0.477,0.478,72160
VOLTAS,2002-10-28,0.475,0.485,0.472,0.479,34430
VOLTAS,2002-10-29,0.478,0.505,0.478,0.5,166840
VOLTAS,2002-10-30,0.502,0.512,0.48,0.484,299320
VOLTAS,2002-10-31,0.49,0.49,0.48,0.481,87450
VOLTAS,2002-11-01,0.49,0.5,0.487,0.491,165870
VOLTAS,2002-11-04,0.498,0.499,0.491,0.495,40250
VOLTAS,2002-11-05,0.49,0.494,0.486,0.488,23530
VOLTAS,2002-11-06,0.488,0.488,0.488,0.488,0
VOLTAS,2002-11-07,0.494,0.504,0.491,0.493,117230
VOLTAS,2002-11-08,0.5,0.5,0.481,0.484,68950
VOLTAS,2002-11-11,0.49,0.505,0.49,0.494,126790
VOLTAS,2002-11-12,0.49,0.491,0.475,0.481,83640
VOLTAS,2002-11-13,0.483,0.485,0.48,0.481,25150
VOLTAS,2002-11-14,0.484,0.484,0.476,0.477,63850
VOLTAS,2002-11-15,0.479,0.484,0.47,0.473,109380
VOLTAS,2002-11-18,0.48,0.488,0.475,0.48,81350
VOLTAS,2002-11-19,0.48,0.48,0.48,0.48,0
VOLTAS,2002-11-20,0.479,0.487,0.479,0.486,58020
VOLTAS,2002-11-21,0.482,0.497,0.482,0.483,69110
VOLTAS,2002-11-22,0.485,0.485,0.472,0.474,82460
VOLTAS,2002-11-25,0.489,0.495,0.471,0.489,163950
VOLTAS,2002-11-26,0.492,0.495,0.483,0.489,34330
VOLTAS,2002-11-27,0.487,0.487,0.48,0.481,66220
VOLTAS,2002-11-28,0.481,0.481,0.47,0.474,60910
VOLTAS,2002-11-29,0.474,0.49,0.474,0.485,86240
VOLTAS,2002-12-02,0.488,0.507,0.488,0.502,335600
VOLTAS,2002-12-03,0.515,0.515,0.485,0.49,184800
VOLTAS,2002-12-04,0.483,0.489,0.48,0.482,49530
VOLTAS,2002-12-05,0.5,0.5,0.478,0.479,48370
VOLTAS,2002-12-06,0.478,0.484,0.476,0.479,80510
VOLTAS,2002-12-09,0.48,0.487,0.478,0.48,74410
VOLTAS,2002-12-10,0.48,0.48,0.47,0.473,97060
VOLTAS,2002-12-11,0.479,0.48,0.473,0.476,33660
VOLTAS,2002-12-12,0.473,0.485,0.471,0.478,95710
VOLTAS,2002-12-13,0.477,0.484,0.474,0.476,72920
VOLTAS,2002-12-16,0.487,0.488,0.476,0.481,69490
VOLTAS,2002-12-17,0.477,0.483,0.473,0.474,65350
VOLTAS,2002-12-18,0.473,0.477,0.473,0.475,71520
VOLTAS,2002-12-19,0.481,0.481,0.474,0.478,90260
VOLTAS,2002-12-20,0.475,0.478,0.473,0.474,77580
VOLTAS,2002-12-23,0.474,0.479,0.47,0.475,41610
VOLTAS,2002-12-24,0.473,0.476,0.473,0.473,73250
VOLTAS,2002-12-25,0.473,0.473,0.473,0.473,0
VOLTAS,2002-12-26,0.473,0.48,0.471,0.48,120860
VOLTAS,2002-12-27,0.474,0.48,0.473,0.476,188510
VOLTAS,2002-12-30,0.475,0.477,0.471,0.476,32990
VOLTAS,2002-12-31,0.475,0.479,0.472,0.475,99740
VOLTAS,2003-01-01,0.474,0.477,0.474,0.475,44790
VOLTAS,2003-01-02,0.473,0.477,0.472,0.475,70770
VOLTAS,2003-01-03,0.469,0.475,0.469,0.471,57970
VOLTAS,2003-01-06,0.473,0.475,0.464,0.47,104760
VOLTAS,2003-01-07,0.465,0.477,0.465,0.473,82850
VOLTAS,2003-01-08,0.485,0.485,0.472,0.482,218510
VOLTAS,2003-01-09,0.49,0.53,0.48,0.509,929210
VOLTAS,2003-01-10,0.521,0.535,0.515,0.528,769100
VOLTAS,2003-01-13,0.52,0.528,0.52,0.524,142970
VOLTAS,2003-01-14,0.522,0.547,0.522,0.543,288840
VOLTAS,2003-01-15,0.54,0.564,0.535,0.557,316220
VOLTAS,2003-01-16,0.57,0.578,0.549,0.572,548190
VOLTAS,2003-01-17,0.57,0.573,0.56,0.564,338030
VOLTAS,2003-01-20,0.565,0.579,0.538,0.546,355330
VOLTAS,2003-01-21,0.501,0.549,0.501,0.547,134160
VOLTAS,2003-01-22,0.56,0.56,0.531,0.551,123950
VOLTAS,2003-01-23,0.55,0.55,0.536,0.545,108050
VOLTAS,2003-01-24,0.54,0.547,0.52,0.523,110960
VOLTAS,2003-01-27,0.53,0.53,0.487,0.497,157730
VOLTAS,2003-01-28,0.5,0.529,0.5,0.514,56310
VOLTAS,2003-01-29,0.514,0.52,0.51,0.51,46320
VOLTAS,2003-01-30,0.56,0.56,0.516,0.517,110460
VOLTAS,2003-01-31,0.518,0.52,0.51,0.511,41850
VOLTAS,2003-02-03,0.515,0.515,0.495,0.5,108550
VOLTAS,2003-02-04,0.501,0.501,0.491,0.491,86690
VOLTAS,2003-02-05,0.494,0.505,0.491,0.503,49990
VOLTAS,2003-02-06,0.497,0.522,0.495,0.521,122980
VOLTAS,2003-02-07,0.518,0.57,0.51,0.533,351080
VOLTAS,2003-02-10,0.519,0.523,0.513,0.517,36670
VOLTAS,2003-02-11,0.51,0.52,0.51,0.516,47000
VOLTAS,2003-02-12,0.589,0.589,0.51,0.516,22360
VOLTAS,2003-02-13,0.516,0.516,0.516,0.516,0
VOLTAS,2003-02-14,0.509,0.515,0.495,0.501,45360
VOLTAS,2003-02-17,0.55,0.55,0.509,0.521,271660
VOLTAS,2003-02-18,0.53,0.539,0.529,0.536,115100
VOLTAS,2003-02-19,0.536,0.563,0.535,0.554,379330
VOLTAS,2003-02-20,0.555,0.579,0.555,0.562,229160
VOLTAS,2003-02-21,0.567,0.567,0.55,0.553,82120
VOLTAS,2003-02-24,0.51,0.566,0.51,0.548,91010
VOLTAS,2003-02-25,0.542,0.55,0.53,0.534,100500
VOLTAS,2003-02-26,0.535,0.55,0.529,0.536,51010
VOLTAS,2003-02-27,0.505,0.568,0.505,0.556,363150
VOLTAS,2003-02-28,0.565,0.572,0.544,0.56,756070
VOLTAS,2003-03-03,0.58,0.599,0.564,0.571,627010
VOLTAS,2003-03-04,0.572,0.579,0.555,0.561,135660
VOLTAS,2003-03-05,0.542,0.555,0.536,0.551,138840
VOLTAS,2003-03-06,0.546,0.585,0.546,0.55,85340
VOLTAS,2003-03-07,0.54,0.553,0.52,0.522,109240
VOLTAS,2003-03-10,0.522,0.535,0.52,0.53,76860
VOLTAS,2003-03-11,0.531,0.534,0.52,0.525,67840
VOLTAS,2003-03-12,0.545,0.545,0.53,0.531,62750
VOLTAS,2003-03-13,0.53,0.533,0.514,0.52,82340
VOLTAS,2003-03-14,0.52,0.52,0.52,0.52,0
VOLTAS,2003-03-17,0.434,0.53,0.434,0.511,51060
VOLTAS,2003-03-18,0.511,0.511,0.511,0.511,0
VOLTAS,2003-03-19,0.53,0.539,0.501,0.528,149850
VOLTAS,2003-03-20,0.526,0.55,0.52,0.534,228910
VOLTAS,2003-03-21,0.54,0.54,0.523,0.527,32810
VOLTAS,2003-03-24,0.525,0.525,0.515,0.516,27240
VOLTAS,2003-03-25,0.505,0.55,0.504,0.535,305970
VOLTAS,2003-03-26,0.533,0.536,0.52,0.522,35890
VOLTAS,2003-03-27,0.526,0.528,0.52,0.523,18140
VOLTAS,2003-03-28,0.518,0.53,0.51,0.519,44050
VOLTAS,2003-03-31,0.513,0.52,0.503,0.511,110340
VOLTAS,2003-04-01,0.515,0.52,0.51,0.518,36100
VOLTAS,2003-04-02,0.529,0.53,0.516,0.52,12040
VOLTAS,2003-04-03,0.535,0.535,0.518,0.523,49640
VOLTAS,2003-04-04,0.535,0.535,0.512,0.516,62820
VOLTAS,2003-04-07,0.538,0.538,0.516,0.522,106300
VOLTAS,2003-04-08,0.53,0.538,0.52,0.533,70570
VOLTAS,2003-04-09,0.53,0.534,0.523,0.527,52250
VOLTAS,2003-04-10,0.52,0.527,0.511,0.513,42060
VOLTAS,2003-04-11,0.539,0.539,0.499,0.505,112410
VOLTAS,2003-04-14,0.505,0.505,0.505,0.505,0
VOLTAS,2003-04-15,0.512,0.52,0.493,0.514,110200
VOLTAS,2003-04-16,0.513,0.528,0.502,0.525,95810
VOLTAS,2003-04-17,0.521,0.521,0.507,0.52,122970
VOLTAS,2003-04-18,0.52,0.52,0.52,0.52,0
VOLTAS,2003-04-21,0.575,0.578,0.506,0.515,134110
VOLTAS,2003-04-22,0.524,0.524,0.512,0.516,59390
VOLTAS,2003-04-23,0.518,0.528,0.515,0.524,120560
VOLTAS,2003-04-24,0.522,0.523,0.518,0.519,15880
VOLTAS,2003-04-25,0.521,0.521,0.515,0.515,31960
VOLTAS,2003-04-28,0.518,0.53,0.518,0.52,48160
VOLTAS,2003-04-29,0.519,0.524,0.515,0.515,24600
VOLTAS,2003-04-30,0.512,0.518,0.51,0.512,96520
VOLTAS,2003-05-01,0.512,0.512,0.512,0.512,0
VOLTAS,2003-05-02,0.517,0.517,0.511,0.514,43720
VOLTAS,2003-05-05,0.515,0.54,0.515,0.537,121270
VOLTAS,2003-05-06,0.539,0.54,0.533,0.538,107720
VOLTAS,2003-05-07,0.538,0.539,0.533,0.535,50790
VOLTAS,2003-05-08,0.545,0.57,0.535,0.569,479880
VOLTAS,2003-05-09,0.57,0.584,0.56,0.564,436760
VOLTAS,2003-05-12,0.573,0.61,0.573,0.595,1125820
VOLTAS,2003-05-13,0.602,0.615,0.594,0.61,650810
VOLTAS,2003-05-14,0.62,0.623,0.593,0.605,334570
VOLTAS,2003-05-15,0.604,0.609,0.585,0.588,246250
VOLTAS,2003-05-16,0.593,0.609,0.589,0.593,216690
VOLTAS,2003-05-19,0.6,0.605,0.585,0.588,327300
VOLTAS,2003-05-20,0.583,0.596,0.576,0.59,161180
VOLTAS,2003-05-21,0.588,0.602,0.588,0.6,293320
VOLTAS,2003-05-22,0.605,0.638,0.602,0.632,852270
VOLTAS,2003-05-23,0.644,0.651,0.62,0.624,510450
VOLTAS,2003-05-26,0.634,0.635,0.617,0.628,230770
VOLTAS,2003-05-27,0.63,0.64,0.62,0.625,302710
VOLTAS,2003-05-28,0.62,0.625,0.59,0.604,186710
VOLTAS,2003-05-29,0.596,0.609,0.59,0.593,219210
VOLTAS,2003-05-30,0.594,0.609,0.571,0.583,294010
VOLTAS,2003-06-02,0.582,0.592,0.573,0.576,174530
VOLTAS,2003-06-03,0.588,0.588,0.565,0.57,124700
VOLTAS,2003-06-04,0.57,0.608,0.57,0.593,699560
VOLTAS,2003-06-05,0.609,0.612,0.58,0.585,345700
VOLTAS,2003-06-06,0.581,0.608,0.581,0.591,253070
VOLTAS,2003-06-09,0.595,0.604,0.595,0.599,204450
VOLTAS,2003-06-10,0.6,0.604,0.58,0.582,204860
VOLTAS,2003-06-11,0.603,0.657,0.603,0.627,2848210
VOLTAS,2003-06-12,0.64,0.676,0.621,0.655,4468440
VOLTAS,2003-06-13,0.66,0.673,0.637,0.641,1770050
VOLTAS,2003-06-16,0.645,0.645,0.626,0.627,292660
VOLTAS,2003-06-17,0.64,0.64,0.626,0.629,367860
VOLTAS,2003-06-18,0.64,0.641,0.617,0.62,548030
VOLTAS,2003-06-19,0.63,0.635,0.612,0.618,1084280
VOLTAS,2003-06-20,0.617,0.644,0.613,0.628,684440
VOLTAS,2003-06-23,0.644,0.644,0.612,0.619,576460
VOLTAS,2003-06-24,0.617,0.628,0.61,0.611,413660
VOLTAS,2003-06-25,0.611,0.628,0.611,0.623,553690
VOLTAS,2003-06-26,0.626,0.685,0.626,0.675,2557590
VOLTAS,2003-06-27,0.685,0.755,0.684,0.748,6958260
VOLTAS,2003-06-30,0.778,0.82,0.731,0.801,5366090
VOLTAS,2003-07-01,0.82,0.829,0.797,0.8,1696720
VOLTAS,2003-07-02,0.719,0.829,0.719,0.809,1078820
VOLTAS,2003-07-03,0.845,0.87,0.834,0.838,1728490
VOLTAS,2003-07-04,0.84,0.848,0.808,0.821,596600
VOLTAS,2003-07-07,0.815,0.838,0.8,0.805,421470
VOLTAS,2003-07-08,0.806,0.82,0.78,0.788,547580
VOLTAS,2003-07-09,0.8,0.8,0.755,0.764,439980
VOLTAS,2003-07-10,0.78,0.78,0.75,0.752,281720
VOLTAS,2003-07-11,0.76,0.779,0.75,0.767,533460
VOLTAS,2003-07-14,0.77,0.782,0.761,0.774,360460
VOLTAS,2003-07-15,0.771,0.782,0.751,0.757,210800
VOLTAS,2003-07-16,0.76,0.78,0.753,0.77,179310
VOLTAS,2003-07-17,0.78,0.782,0.762,0.782,626180
VOLTAS,2003-07-18,0.77,0.775,0.74,0.77,166600
VOLTAS,2003-07-21,0.781,0.8,0.763,0.78,399680
VOLTAS,2003-07-22,0.78,0.784,0.77,0.778,292140
VOLTAS,2003-07-23,0.771,0.784,0.77,0.781,208700
VOLTAS,2003-07-24,0.788,0.8,0.774,0.797,373720
VOLTAS,2003-07-25,0.8,0.829,0.791,0.797,512890
VOLTAS,2003-07-28,0.81,0.823,0.793,0.8,374860
VOLTAS,2003-07-29,0.802,0.802,0.78,0.789,181260
VOLTAS,2003-07-30,0.79,0.797,0.77,0.785,238900
VOLTAS,2003-07-31,0.798,0.865,0.788,0.849,2062190
VOLTAS,2003-08-01,0.85,0.88,0.845,0.85,988230
VOLTAS,2003-08-04,0.888,0.888,0.85,0.866,1238690
VOLTAS,2003-08-05,0.89,0.949,0.862,0.874,1740750
VOLTAS,2003-08-06,0.875,0.9,0.864,0.87,443800
VOLTAS,2003-08-07,0.88,0.89,0.851,0.866,643470
VOLTAS,2003-08-08,0.88,0.895,0.856,0.864,436910
VOLTAS,2003-08-11,0.887,0.887,0.845,0.85,501760
VOLTAS,2003-08-12,0.847,0.896,0.842,0.885,1231190
VOLTAS,2003-08-13,0.889,0.915,0.887,0.913,1606920
VOLTAS,2003-08-14,0.913,0.92,0.89,0.893,766380
VOLTAS,2003-08-15,0.893,0.893,0.893,0.893,0
VOLTAS,2003-08-18,0.907,0.907,0.88,0.889,789680
VOLTAS,2003-08-19,0.909,0.918,0.885,0.908,1480520
VOLTAS,2003-08-20,0.919,0.973,0.913,0.95,1888730
VOLTAS,2003-08-21,0.97,0.989,0.95,0.972,1331450
VOLTAS,2003-08-22,0.97,0.994,0.94,0.948,647040
VOLTAS,2003-08-25,0.955,0.958,0.871,0.915,1072460
VOLTAS,2003-08-26,0.929,0.939,0.905,0.93,521140
VOLTAS,2003-08-27,0.932,0.965,0.932,0.95,718510
VOLTAS,2003-08-28,0.916,1.009,0.916,0.998,1570260
VOLTAS,2003-08-29,1.015,1.024,0.972,1.001,1075460
VOLTAS,2003-09-01,1.018,1.048,1.018,1.029,1141260
VOLTAS,2003-09-02,1.036,1.036,0.985,0.999,1086060
VOLTAS,2003-09-03,1.013,1.019,0.961,0.978,628960
VOLTAS,2003-09-04,0.98,0.99,0.961,0.981,736430
VOLTAS,2003-09-05,0.971,0.99,0.96,0.968,354140
VOLTAS,2003-09-08,1.0,1.0,0.965,0.974,637940
VOLTAS,2003-09-09,0.973,0.99,0.96,0.981,815600
VOLTAS,2003-09-10,0.96,0.995,0.957,0.969,876780
VOLTAS,2003-09-11,0.952,0.997,0.952,0.975,1011880
VOLTAS,2003-09-12,0.99,0.99,0.944,0.954,380840
VOLTAS,2003-09-15,0.943,0.97,0.912,0.937,247750
VOLTAS,2003-09-16,0.94,0.959,0.928,0.94,265030
VOLTAS,2003-09-17,0.96,0.98,0.935,0.938,572530
VOLTAS,2003-09-18,0.94,0.94,0.91,0.923,138440
VOLTAS,2003-09-19,0.95,0.95,0.9,0.915,512650
VOLTAS,2003-09-22,0.915,0.938,0.91,0.916,155890
VOLTAS,2003-09-23,0.916,0.97,0.91,0.962,330770
VOLTAS,2003-09-24,0.968,0.97,0.94,0.963,276100
VOLTAS,2003-09-25,0.955,0.96,0.945,0.954,325140
VOLTAS,2003-09-26,0.952,0.96,0.94,0.945,307910
VOLTAS,2003-09-29,0.967,0.98,0.93,0.933,223260
VOLTAS,2003-09-30,0.936,0.948,0.928,0.935,687770
VOLTAS,2003-10-01,0.96,0.96,0.937,0.954,298730
VOLTAS,2003-10-02,0.954,0.954,0.954,0.954,0
VOLTAS,2003-10-03,0.951,1.08,0.951,1.053,1639170
VOLTAS,2003-10-06,1.07,1.089,1.03,1.053,917440
VOLTAS,2003-10-07,1.056,1.08,1.03,1.036,616760
VOLTAS,2003-10-08,1.041,1.07,1.041,1.06,424760
VOLTAS,2003-10-09,1.07,1.125,1.05,1.109,868130
VOLTAS,2003-10-10,1.115,1.119,1.07,1.1,467920
VOLTAS,2003-10-13,1.12,1.12,1.09,1.099,499950
VOLTAS,2003-10-14,1.133,1.19,1.111,1.138,2270030
VOLTAS,2003-10-15,1.151,1.193,1.08,1.113,854030
VOLTAS,2003-10-16,1.15,1.16,1.113,1.12,669500
VOLTAS,2003-10-17,1.13,1.15,1.118,1.133,1141720
VOLTAS,2003-10-20,1.161,1.161,1.101,1.117,405340
VOLTAS,2003-10-21,1.086,1.21,1.086,1.171,1229300
VOLTAS,2003-10-22,1.21,1.21,1.15,1.157,864070
VOLTAS,2003-10-23,1.133,1.17,1.127,1.147,950660
VOLTAS,2003-10-24,1.189,1.189,1.13,1.148,393290
VOLTAS,2003-10-27,1.137,1.17,1.086,1.097,264350
VOLTAS,2003-10-28,1.056,1.089,1.011,1.043,856490
VOLTAS,2003-10-29,1.069,1.09,1.012,1.021,734480
VOLTAS,2003-10-30,1.032,1.069,1.031,1.05,630390
VOLTAS,2003-10-31,1.07,1.075,1.04,1.066,673430
VOLTAS,2003-11-03,1.099,1.138,1.064,1.071,979580
VOLTAS,2003-11-04,1.07,1.109,1.06,1.082,907890
VOLTAS,2003-11-05,1.09,1.09,1.052,1.07,794570
VOLTAS,2003-11-06,1.076,1.225,1.076,1.197,6188090
VOLTAS,2003-11-07,1.23,1.24,1.158,1.169,1894610
VOLTAS,2003-11-10,1.17,1.22,1.146,1.195,1648340
VOLTAS,2003-11-11,1.24,1.27,1.188,1.198,2109420
VOLTAS,2003-11-12,1.19,1.254,1.19,1.238,3071230
VOLTAS,2003-11-13,1.26,1.308,1.24,1.252,10658410
VOLTAS,2003-11-14,1.26,1.27,1.156,1.193,3150300
VOLTAS,2003-11-17,1.27,1.35,1.26,1.336,8190170
VOLTAS,2003-11-18,1.36,1.43,1.333,1.349,8252840
VOLTAS,2003-11-19,1.349,1.355,1.256,1.288,3623350
VOLTAS,2003-11-20,1.29,1.37,1.28,1.312,5511580
VOLTAS,2003-11-21,1.318,1.339,1.271,1.312,3546370
VOLTAS,2003-11-24,1.321,1.339,1.303,1.327,1658800
VOLTAS,2003-11-25,1.336,1.395,1.323,1.385,3850060
VOLTAS,2003-11-26,1.385,1.385,1.385,1.385,0
VOLTAS,2003-11-27,1.4,1.453,1.346,1.413,3250740
VOLTAS,2003-11-28,1.445,1.45,1.395,1.402,2546980
VOLTAS,2003-12-01,1.419,1.429,1.382,1.401,2289430
VOLTAS,2003-12-02,1.415,1.418,1.367,1.385,1750820
VOLTAS,2003-12-03,1.37,1.399,1.37,1.392,1403480
VOLTAS,2003-12-04,1.405,1.439,1.38,1.392,1740500
VOLTAS,2003-12-05,1.385,1.419,1.333,1.351,1125210
VOLTAS,2003-12-08,1.36,1.379,1.33,1.346,513820
VOLTAS,2003-12-09,1.449,1.449,1.332,1.345,713660
VOLTAS,2003-12-10,1.35,1.37,1.316,1.325,769800
VOLTAS,2003-12-11,1.344,1.374,1.295,1.303,987980
VOLTAS,2003-12-12,1.335,1.349,1.283,1.311,708700
VOLTAS,2003-12-15,1.34,1.35,1.292,1.308,1291080
VOLTAS,2003-12-16,1.319,1.333,1.285,1.292,845720
VOLTAS,2003-12-17,1.3,1.31,1.25,1.273,1006350
VOLTAS,2003-12-18,1.3,1.305,1.255,1.261,1580390
VOLTAS,2003-12-19,1.295,1.469,1.285,1.452,11788610
VOLTAS,2003-12-22,1.474,1.474,1.4,1.41,3664010
VOLTAS,2003-12-23,1.429,1.43,1.361,1.373,1506180
VOLTAS,2003-12-24,1.39,1.39,1.361,1.386,769900
VOLTAS,2003-12-25,1.386,1.386,1.386,1.386,0
VOLTAS,2003-12-26,1.399,1.44,1.373,1.421,1745240
VOLTAS,2003-12-29,1.352,1.49,1.352,1.436,2710890
VOLTAS,2003-12-30,1.465,1.465,1.37,1.41,1733420
VOLTAS,2003-12-31,1.413,1.48,1.38,1.431,2611120
VOLTAS,2004-01-01,1.44,1.56,1.432,1.541,5916800
VOLTAS,2004-01-02,1.555,1.575,1.53,1.544,3588070
VOLTAS,2004-01-05,1.56,1.58,1.473,1.512,1653620
VOLTAS,2004-01-06,1.52,1.539,1.46,1.466,903390
VOLTAS,2004-01-07,1.455,1.5,1.42,1.427,977580
VOLTAS,2004-01-08,1.436,1.469,1.41,1.429,463270
VOLTAS,2004-01-09,1.49,1.49,1.4,1.411,1405720
VOLTAS,2004-01-12,1.45,1.45,1.388,1.395,1058660
VOLTAS,2004-01-13,1.375,1.429,1.375,1.39,970510
VOLTAS,2004-01-14,1.419,1.485,1.4,1.452,2541540
VOLTAS,2004-01-15,1.473,1.503,1.41,1.425,3301760
VOLTAS,2004-01-16,1.43,1.448,1.391,1.408,1129570
VOLTAS,2004-01-19,1.434,1.434,1.28,1.394,787810
VOLTAS,2004-01-20,1.41,1.42,1.325,1.354,640280
VOLTAS,2004-01-21,1.336,1.364,1.24,1.25,1450450
VOLTAS,2004-01-22,1.246,1.275,1.126,1.181,998770
VOLTAS,2004-01-23,1.203,1.249,1.1,1.236,1036880
VOLTAS,2004-01-26,1.236,1.236,1.236,1.236,0
VOLTAS,2004-01-27,1.25,1.28,1.24,1.258,712060
VOLTAS,2004-01-28,1.27,1.27,1.185,1.193,504170
VOLTAS,2004-01-29,1.182,1.2,1.168,1.181,392250
VOLTAS,2004-01-30,1.199,1.21,1.15,1.155,281190
VOLTAS,2004-02-02,1.155,1.155,1.155,1.155,0
VOLTAS,2004-02-03,1.16,1.179,1.01,1.042,499070
VOLTAS,2004-02-04,1.05,1.135,1.011,1.116,579970
VOLTAS,2004-02-05,1.129,1.186,1.09,1.097,811260
VOLTAS,2004-02-06,1.108,1.218,1.108,1.206,1692120
VOLTAS,2004-02-09,1.202,1.224,1.11,1.203,638850
VOLTAS,2004-02-10,1.214,1.25,1.2,1.206,1018370
VOLTAS,2004-02-11,1.2,1.219,1.2,1.201,191110
VOLTAS,2004-02-12,1.211,1.225,1.195,1.201,485160
VOLTAS,2004-02-13,1.201,1.248,1.2,1.224,386100
VOLTAS,2004-02-16,1.248,1.27,1.211,1.222,463810
VOLTAS,2004-02-17,1.24,1.244,1.202,1.22,437620
VOLTAS,2004-02-18,1.215,1.24,1.2,1.207,351530
VOLTAS,2004-02-19,1.213,1.222,1.2,1.201,511420
VOLTAS,2004-02-20,1.2,1.23,1.2,1.221,464880
VOLTAS,2004-02-23,1.221,1.223,1.2,1.201,309040
VOLTAS,2004-02-24,1.2,1.22,1.2,1.208,260290
VOLTAS,2004-02-25,1.23,1.23,1.191,1.204,1078310
VOLTAS,2004-02-26,1.21,1.22,1.2,1.201,525630
VOLTAS,2004-02-27,1.213,1.22,1.2,1.211,175820
VOLTAS,2004-03-01,1.213,1.22,1.2,1.205,357690
VOLTAS,2004-03-02,1.205,1.205,1.205,1.205,0
VOLTAS,2004-03-03,1.21,1.21,1.2,1.203,215890
VOLTAS,2004-03-04,1.211,1.22,1.15,1.16,169280
VOLTAS,2004-03-05,1.165,1.19,1.142,1.154,207770
VOLTAS,2004-03-08,1.178,1.199,1.15,1.154,600170
VOLTAS,2004-03-09,1.16,1.168,1.125,1.133,160050
VOLTAS,2004-03-10,1.13,1.162,1.116,1.128,313900
VOLTAS,2004-03-11,1.14,1.151,1.113,1.115,171450
VOLTAS,2004-03-12,1.107,1.12,1.06,1.071,566200
VOLTAS,2004-03-15,1.11,1.11,1.017,1.03,370570
VOLTAS,2004-03-16,1.05,1.05,1.024,1.031,408810
VOLTAS,2004-03-17,1.035,1.053,1.035,1.047,165230
VOLTAS,2004-03-18,1.051,1.069,1.04,1.048,149950
VOLTAS,2004-03-19,1.05,1.05,1.025,1.032,94770
VOLTAS,2004-03-22,1.02,1.02,0.97,0.982,191430
VOLTAS,2004-03-23,0.985,1.03,0.943,0.951,231730
VOLTAS,2004-03-24,0.94,0.95,0.907,0.913,369070
VOLTAS,2004-03-25,0.931,0.97,0.922,0.928,444760
VOLTAS,2004-03-26,0.948,0.972,0.925,0.935,665740
VOLTAS,2004-03-29,0.958,1.029,0.942,0.964,839060
VOLTAS,2004-03-30,1.01,1.157,1.01,1.128,2616730
VOLTAS,2004-03-31,1.13,1.199,1.083,1.168,1525110
VOLTAS,2004-04-01,1.15,1.179,1.136,1.147,657940
VOLTAS,2004-04-02,1.153,1.158,1.105,1.109,479480
VOLTAS,2004-04-05,1.12,1.238,1.12,1.18,1569580
VOLTAS,2004-04-06,1.214,1.389,1.205,1.369,6619480
VOLTAS,2004-04-07,1.38,1.394,1.286,1.304,1665140
VOLTAS,2004-04-08,1.305,1.311,1.27,1.278,893470
VOLTAS,2004-04-09,1.278,1.278,1.278,1.278,0
VOLTAS,2004-04-12,1.31,1.33,1.27,1.28,985400
VOLTAS,2004-04-13,1.28,1.3,1.235,1.253,537920
VOLTAS,2004-04-14,1.253,1.253,1.253,1.253,0
VOLTAS,2004-04-15,1.27,1.318,1.261,1.299,1081210
VOLTAS,2004-04-16,1.31,1.377,1.299,1.312,1225520
VOLTAS,2004-04-19,1.325,1.325,1.263,1.302,701350
VOLTAS,2004-04-20,1.29,1.308,1.286,1.295,524310
VOLTAS,2004-04-21,1.3,1.328,1.287,1.3,441940
VOLTAS,2004-04-22,1.326,1.329,1.3,1.302,130450
VOLTAS,2004-04-23,1.313,1.365,1.3,1.301,1284740
VOLTAS,2004-04-26,1.301,1.301,1.301,1.301,0
VOLTAS,2004-04-27,1.25,1.3,1.2,1.279,593690
VOLTAS,2004-04-28,1.28,1.36,1.252,1.325,765850
VOLTAS,2004-04-29,1.33,1.335,1.265,1.285,478180
VOLTAS,2004-04-30,1.308,1.315,1.23,1.27,304670
VOLTAS,2004-05-03,1.25,1.265,1.24,1.251,986920
VOLTAS,2004-05-04,1.25,1.25,1.226,1.23,562920
VOLTAS,2004-05-05,1.26,1.369,1.241,1.248,201550
VOLTAS,2004-05-06,1.27,1.29,1.26,1.28,261250
VOLTAS,2004-05-07,1.29,1.298,1.25,1.258,241620
VOLTAS,2004-05-10,1.28,1.329,1.27,1.314,956940
VOLTAS,2004-05-11,1.28,1.299,1.237,1.249,351900
VOLTAS,2004-05-12,1.251,1.305,1.251,1.288,300540
VOLTAS,2004-05-13,1.295,1.32,1.16,1.294,824340
VOLTAS,2004-05-14,1.319,1.319,1.037,1.107,829120
VOLTAS,2004-05-17,1.18,1.18,0.905,0.992,497410
VOLTAS,2004-05-18,0.95,1.15,0.95,1.118,305160
VOLTAS,2004-05-19,1.11,1.21,1.11,1.137,266960
VOLTAS,2004-05-20,1.25,1.25,1.141,1.149,181330
VOLTAS,2004-05-21,1.15,1.15,1.1,1.132,162550
VOLTAS,2004-05-24,1.2,1.2,1.153,1.168,194560
VOLTAS,2004-05-25,1.19,1.2,1.131,1.155,155240
VOLTAS,2004-05-26,1.155,1.178,1.14,1.145,123680
VOLTAS,2004-05-27,1.153,1.153,1.13,1.136,142040
VOLTAS,2004-05-28,1.14,1.147,1.05,1.059,231150
VOLTAS,2004-05-31,1.1,1.1,1.015,1.023,177760
VOLTAS,2004-06-01,1.06,1.08,1.012,1.023,207510
VOLTAS,2004-06-02,1.035,1.049,1.022,1.027,119730
VOLTAS,2004-06-03,1.05,1.05,1.015,1.026,134120
VOLTAS,2004-06-04,1.025,1.031,1.0,1.026,120680
VOLTAS,2004-06-07,1.07,1.074,1.02,1.024,118140
VOLTAS,2004-06-08,1.03,1.04,1.023,1.035,140570
VOLTAS,2004-06-09,1.07,1.108,1.042,1.051,689670
VOLTAS,2004-06-10,1.055,1.12,1.055,1.075,533620
VOLTAS,2004-06-11,1.076,1.1,1.06,1.095,366570
VOLTAS,2004-06-14,1.11,1.11,0.96,1.092,324040
VOLTAS,2004-06-15,1.095,1.095,1.066,1.08,119030
VOLTAS,2004-06-16,1.13,1.13,1.042,1.071,162860
VOLTAS,2004-06-17,1.13,1.13,1.042,1.056,74320
VOLTAS,2004-06-18,1.049,1.083,1.04,1.08,169860
VOLTAS,2004-06-21,1.041,1.076,1.033,1.054,214430
VOLTAS,2004-06-22,1.05,1.06,1.032,1.04,43480
VOLTAS,2004-06-23,1.045,1.046,0.985,0.998,204440
VOLTAS,2004-06-24,1.02,1.058,0.986,0.999,187960
VOLTAS,2004-06-25,1.008,1.025,1.003,1.014,104430
VOLTAS,2004-06-28,1.04,1.051,1.032,1.042,110890
VOLTAS,2004-06-29,1.04,1.074,1.035,1.049,150790
VOLTAS,2004-06-30,1.068,1.07,1.042,1.047,91360
VOLTAS,2004-07-01,1.058,1.14,1.051,1.124,455200
VOLTAS,2004-07-02,1.108,1.14,1.101,1.111,438670
VOLTAS,2004-07-05,1.115,1.115,1.066,1.074,124900
VOLTAS,2004-07-06,1.085,1.12,1.052,1.106,289230
VOLTAS,2004-07-07,1.105,1.115,1.083,1.096,235430
VOLTAS,2004-07-08,1.14,1.14,1.041,1.047,258760
VOLTAS,2004-07-09,1.06,1.09,1.001,1.061,232860
VOLTAS,2004-07-12,1.076,1.093,1.073,1.087,101870
VOLTAS,2004-07-13,1.065,1.108,1.051,1.059,182960
VOLTAS,2004-07-14,1.09,1.099,1.051,1.056,72160
VOLTAS,2004-07-15,1.079,1.08,1.066,1.079,110600
VOLTAS,2004-07-16,1.094,1.155,1.065,1.139,855620
VOLTAS,2004-07-19,1.145,1.199,1.125,1.14,530780
VOLTAS,2004-07-20,1.13,1.189,1.12,1.148,485730
VOLTAS,2004-07-21,1.15,1.165,1.131,1.14,514160
VOLTAS,2004-07-22,1.151,1.224,1.147,1.193,828340
VOLTAS,2004-07-23,1.215,1.24,1.181,1.19,450860
VOLTAS,2004-07-26,1.181,1.217,1.18,1.191,235510
VOLTAS,2004-07-27,1.181,1.188,1.134,1.148,571630
VOLTAS,2004-07-28,1.15,1.208,1.12,1.133,985680
VOLTAS,2004-07-29,1.154,1.235,1.136,1.21,3382180
VOLTAS,2004-07-30,1.21,1.236,1.17,1.178,1317330
VOLTAS,2004-08-02,1.199,1.26,1.155,1.244,3716730
VOLTAS,2004-08-03,1.259,1.268,1.212,1.224,1571230
VOLTAS,2004-08-04,1.23,1.245,1.205,1.209,596520
VOLTAS,2004-08-05,1.218,1.25,1.214,1.239,617370
VOLTAS,2004-08-06,1.195,1.26,1.18,1.222,633180
VOLTAS,2004-08-09,1.219,1.245,1.197,1.219,500930
VOLTAS,2004-08-10,1.245,1.249,1.202,1.213,767640
VOLTAS,2004-08-11,1.224,1.232,1.171,1.178,527010
VOLTAS,2004-08-12,1.19,1.196,1.152,1.155,269830
VOLTAS,2004-08-13,1.169,1.18,1.15,1.157,994570
VOLTAS,2004-08-16,1.15,1.197,1.15,1.166,238760
VOLTAS,2004-08-17,1.189,1.21,1.189,1.204,413390
VOLTAS,2004-08-18,1.201,1.21,1.185,1.199,242340
VOLTAS,2004-08-19,1.21,1.264,1.188,1.254,1604150
VOLTAS,2004-08-20,1.25,1.36,1.25,1.342,6370760
VOLTAS,2004-08-23,1.35,1.365,1.285,1.293,2254840
VOLTAS,2004-08-24,1.309,1.348,1.305,1.326,1121940
VOLTAS,2004-08-25,1.33,1.33,1.308,1.312,433300
VOLTAS,2004-08-26,1.348,1.348,1.29,1.303,512210
VOLTAS,2004-08-27,1.31,1.32,1.283,1.289,469370
VOLTAS,2004-08-30,1.3,1.348,1.283,1.316,962620
VOLTAS,2004-08-31,1.327,1.356,1.321,1.335,988160
VOLTAS,2004-09-01,1.348,1.364,1.331,1.343,741350
VOLTAS,2004-09-02,1.348,1.359,1.311,1.32,341970
VOLTAS,2004-09-03,1.33,1.36,1.311,1.323,450610
VOLTAS,2004-09-06,1.345,1.348,1.306,1.322,364440
VOLTAS,2004-09-07,1.33,1.521,1.328,1.475,10522970
VOLTAS,2004-09-08,1.47,1.475,1.42,1.454,2959170
VOLTAS,2004-09-09,1.412,1.477,1.38,1.457,4013060
VOLTAS,2004-09-10,1.49,1.49,1.43,1.437,912350
VOLTAS,2004-09-13,1.441,1.45,1.395,1.406,724230
VOLTAS,2004-09-14,1.42,1.448,1.397,1.412,546050
VOLTAS,2004-09-15,1.438,1.438,1.411,1.424,345920
VOLTAS,2004-09-16,1.42,1.499,1.42,1.474,2133430
VOLTAS,2004-09-17,1.491,1.521,1.475,1.48,2065240
VOLTAS,2004-09-20,1.483,1.526,1.456,1.464,1019280
VOLTAS,2004-09-21,1.46,1.495,1.453,1.459,553690
VOLTAS,2004-09-22,1.46,1.47,1.391,1.418,1016410
VOLTAS,2004-09-23,1.42,1.449,1.406,1.412,574220
VOLTAS,2004-09-24,1.416,1.438,1.401,1.417,412180
VOLTAS,2004-09-27,1.43,1.46,1.421,1.444,678840
VOLTAS,2004-09-28,1.45,1.58,1.441,1.559,4205860
VOLTAS,2004-09-29,1.58,1.61,1.526,1.54,3784890
VOLTAS,2004-09-30,1.54,1.555,1.51,1.522,741450
VOLTAS,2004-10-01,1.53,1.538,1.466,1.506,396780
VOLTAS,2004-10-04,1.529,1.545,1.51,1.531,426080
VOLTAS,2004-10-05,1.54,1.599,1.515,1.579,1273450
VOLTAS,2004-10-06,1.585,1.635,1.532,1.545,2240970
VOLTAS,2004-10-07,1.56,1.565,1.53,1.534,404510
VOLTAS,2004-10-08,1.564,1.564,1.513,1.537,287190
VOLTAS,2004-10-11,1.557,1.599,1.556,1.572,541820
VOLTAS,2004-10-12,1.575,1.585,1.494,1.502,534270
VOLTAS,2004-10-13,1.502,1.502,1.502,1.502,0
VOLTAS,2004-10-14,1.515,1.516,1.44,1.46,834120
VOLTAS,2004-10-15,1.5,1.5,1.459,1.476,1177570
VOLTAS,2004-10-18,1.49,1.515,1.477,1.482,519100
VOLTAS,2004-10-19,1.491,1.52,1.48,1.493,495890
VOLTAS,2004-10-20,1.509,1.509,1.461,1.469,184260
VOLTAS,2004-10-21,1.47,1.495,1.465,1.484,210360
VOLTAS,2004-10-22,1.484,1.484,1.484,1.484,0
VOLTAS,2004-10-25,1.508,1.51,1.44,1.458,255450
VOLTAS,2004-10-26,1.44,1.48,1.44,1.466,96220
VOLTAS,2004-10-27,1.473,1.485,1.45,1.468,95480
VOLTAS,2004-10-28,1.485,1.493,1.447,1.457,175620
VOLTAS,2004-10-29,1.485,1.55,1.451,1.482,945650
VOLTAS,2004-11-01,1.496,1.52,1.462,1.491,393830
VOLTAS,2004-11-02,1.52,1.52,1.48,1.505,872280
VOLTAS,2004-11-03,1.488,1.507,1.473,1.481,475140
VOLTAS,2004-11-04,1.484,1.515,1.482,1.496,395450
VOLTAS,2004-11-05,1.497,1.57,1.49,1.554,2358980
VOLTAS,2004-11-08,1.568,1.679,1.543,1.65,4246400
VOLTAS,2004-11-09,1.657,1.715,1.606,1.634,4803760
VOLTAS,2004-11-10,1.63,1.669,1.605,1.614,1081860
VOLTAS,2004-11-11,1.624,1.637,1.605,1.612,620750
VOLTAS,2004-11-12,1.55,1.664,1.55,1.647,788850
VOLTAS,2004-11-15,1.647,1.647,1.647,1.647,0
VOLTAS,2004-11-16,1.658,1.725,1.6,1.695,2403640
VOLTAS,2004-11-17,1.695,1.729,1.651,1.668,1314000
VOLTAS,2004-11-18,1.688,1.739,1.685,1.702,1958900
VOLTAS,2004-11-19,1.702,1.759,1.693,1.731,4386600
VOLTAS,2004-11-22,1.718,1.814,1.688,1.797,2742480
VOLTAS,2004-11-23,1.81,1.82,1.7,1.753,1480640
VOLTAS,2004-11-24,1.78,1.833,1.762,1.82,1729570
VOLTAS,2004-11-25,1.821,1.9,1.81,1.824,1507770
VOLTAS,2004-11-26,1.824,1.824,1.824,1.824,0
VOLTAS,2004-11-29,1.84,1.87,1.805,1.815,696390
VOLTAS,2004-11-30,1.838,1.839,1.78,1.783,669700
VOLTAS,2004-12-01,1.8,1.819,1.772,1.781,493620
VOLTAS,2004-12-02,1.794,1.875,1.78,1.86,1521360
VOLTAS,2004-12-03,1.85,1.865,1.786,1.794,645680
VOLTAS,2004-12-06,1.795,1.896,1.787,1.873,2080720
VOLTAS,2004-12-07,1.885,1.989,1.861,1.961,2055120
VOLTAS,2004-12-08,1.985,2.08,1.968,1.99,2636520
VOLTAS,2004-12-09,1.98,2.037,1.955,1.994,1082150
VOLTAS,2004-12-10,2.009,2.02,1.971,2.006,669230
VOLTAS,2004-12-13,2.019,2.135,2.006,2.021,1937730
VOLTAS,2004-12-14,2.049,2.16,2.03,2.131,2288710
VOLTAS,2004-12-15,2.168,2.25,2.11,2.136,1420310
VOLTAS,2004-12-16,2.167,2.19,2.141,2.166,692660
VOLTAS,2004-12-17,2.187,2.245,2.15,2.19,1963050
VOLTAS,2004-12-20,2.198,2.198,2.053,2.072,1107390
VOLTAS,2004-12-21,2.098,2.14,2.06,2.062,1147270
VOLTAS,2004-12-22,2.083,2.11,2.062,2.074,712540
VOLTAS,2004-12-23,2.08,2.11,2.071,2.096,512470
VOLTAS,2004-12-24,2.119,2.119,2.03,2.061,561260
VOLTAS,2004-12-27,2.077,2.085,2.031,2.039,374150
VOLTAS,2004-12-28,2.045,2.07,2.016,2.026,989410
VOLTAS,2004-12-29,2.048,2.05,1.963,1.984,485600
VOLTAS,2004-12-30,2.013,2.12,1.96,1.977,1033800
VOLTAS,2004-12-31,2.006,2.05,1.971,2.0,793900
VOLTAS,2005-01-03,2.026,2.049,2.0,2.039,918990
VOLTAS,2005-01-04,2.06,2.062,2.002,2.018,450800
VOLTAS,2005-01-05,2.038,2.038,1.876,2.013,767470
VOLTAS,2005-01-06,1.975,2.02,1.93,2.0,474890
VOLTAS,2005-01-07,2.02,2.028,1.961,1.984,391350
VOLTAS,2005-01-10,2.009,2.02,1.99,2.007,293120
VOLTAS,2005-01-11,2.026,2.026,1.942,1.956,266840
VOLTAS,2005-01-12,1.977,1.98,1.92,1.937,410170
VOLTAS,2005-01-13,1.95,2.019,1.936,1.991,325330
VOLTAS,2005-01-14,1.812,2.024,1.812,1.902,339160
VOLTAS,2005-01-17,2.0,2.0,1.9,1.921,267050
VOLTAS,2005-01-18,1.921,2.15,1.921,1.942,145770
VOLTAS,2005-01-19,1.985,1.985,1.931,1.941,128020
VOLTAS,2005-01-20,1.94,1.94,1.882,1.916,169230
VOLTAS,2005-01-24,1.92,1.97,1.9,1.941,184210
VOLTAS,2005-01-25,1.93,2.06,1.93,2.041,1357870
VOLTAS,2005-01-27,2.05,2.102,2.02,2.042,802000
VOLTAS,2005-01-28,2.01,2.07,2.0,2.046,586490
VOLTAS,2005-01-31,1.861,2.177,1.861,2.141,961580
VOLTAS,2005-02-01,2.145,2.168,2.087,2.145,726620
VOLTAS,2005-02-02,2.17,2.17,2.101,2.116,261660
VOLTAS,2005-02-03,2.128,2.16,2.105,2.136,631330
VOLTAS,2005-02-04,2.14,2.15,2.126,2.135,281000
VOLTAS,2005-02-07,2.15,2.15,2.041,2.052,645210
VOLTAS,2005-02-08,2.09,2.14,2.07,2.129,352410
VOLTAS,2005-02-09,2.12,2.3,2.105,2.22,2107950
VOLTAS,2005-02-10,2.24,2.34,2.223,2.277,2238370
VOLTAS,2005-02-11,2.28,2.441,2.28,2.409,2094430
VOLTAS,2005-02-14,2.43,2.452,2.1,2.307,809540
VOLTAS,2005-02-15,2.351,2.351,2.15,2.235,461600
VOLTAS,2005-02-16,2.25,2.344,2.22,2.247,632420
VOLTAS,2005-02-17,2.24,2.284,2.224,2.251,323090
VOLTAS,2005-02-18,2.268,2.3,2.241,2.25,577120
VOLTAS,2005-02-21,2.27,2.27,2.2,2.251,194960
VOLTAS,2005-02-22,2.231,2.285,2.22,2.261,276270
VOLTAS,2005-02-23,2.245,2.305,2.245,2.263,222000
VOLTAS,2005-02-24,2.285,2.285,2.205,2.232,225760
VOLTAS,2005-02-25,2.25,2.269,2.2,2.203,193550
VOLTAS,2005-02-28,2.2,2.26,2.2,2.25,373040
VOLTAS,2005-03-01,2.261,2.275,2.21,2.22,179090
VOLTAS,2005-03-02,2.25,2.299,2.2,2.23,167020
VOLTAS,2005-03-03,2.27,2.289,2.22,2.244,276140
VOLTAS,2005-03-04,2.269,2.269,2.221,2.234,180570
VOLTAS,2005-03-07,2.249,2.4,2.212,2.313,639650
VOLTAS,2005-03-08,2.329,2.357,2.315,2.333,194020
VOLTAS,2005-03-09,2.34,2.358,2.28,2.331,983960
VOLTAS,2005-03-10,2.35,2.43,2.331,2.359,525690
VOLTAS,2005-03-11,2.31,2.378,2.301,2.311,193750
VOLTAS,2005-03-14,2.126,2.388,2.103,2.355,273220
VOLTAS,2005-03-15,2.332,2.355,2.271,2.289,158030
VOLTAS,2005-03-16,2.309,2.318,2.26,2.275,145860
VOLTAS,2005-03-17,2.28,2.288,2.17,2.2,244280
VOLTAS,2005-03-18,2.22,2.31,2.16,2.275,268810
VOLTAS,2005-03-21,2.29,2.293,2.242,2.252,85980
VOLTAS,2005-03-22,2.21,2.25,2.21,2.221,250220
VOLTAS,2005-03-23,2.225,2.248,2.101,2.202,237380
VOLTAS,2005-03-24,2.16,2.23,2.12,2.138,282130
VOLTAS,2005-03-28,2.1,2.19,2.1,2.158,72610
VOLTAS,2005-03-29,2.155,2.199,2.1,2.171,95590
VOLTAS,2005-03-30,2.16,2.26,2.13,2.231,106700
VOLTAS,2005-03-31,2.232,2.31,2.211,2.289,147150
VOLTAS,2005-04-01,2.32,2.375,2.215,2.351,1560510
VOLTAS,2005-04-04,2.38,2.388,2.301,2.359,161740
VOLTAS,2005-04-05,2.39,2.39,2.25,2.285,92850
VOLTAS,2005-04-06,2.319,2.319,2.245,2.288,67360
VOLTAS,2005-04-07,2.33,2.33,2.248,2.259,45680
VOLTAS,2005-04-08,2.29,2.3,2.25,2.262,58800
VOLTAS,2005-04-11,2.34,2.34,2.223,2.256,114060
VOLTAS,2005-04-12,2.3,2.3,2.241,2.27,70740
VOLTAS,2005-04-13,2.31,2.31,2.256,2.273,88110
VOLTAS,2005-04-15,2.15,2.275,2.15,2.26,441170
VOLTAS,2005-04-18,2.206,2.285,2.201,2.261,101150
VOLTAS,2005-04-19,2.261,2.36,2.261,2.342,290640
VOLTAS,2005-04-20,2.37,2.43,2.31,2.356,1442010
VOLTAS,2005-04-21,2.35,2.42,2.321,2.386,322230
VOLTAS,2005-04-22,2.429,2.524,2.4,2.427,568330
VOLTAS,2005-04-25,2.221,2.598,2.221,2.552,2063440
VOLTAS,2005-04-26,2.55,2.654,2.55,2.637,1421970
VOLTAS,2005-04-27,2.649,2.649,2.533,2.56,314900
VOLTAS,2005-04-28,2.559,2.576,2.51,2.553,166430
VOLTAS,2005-04-29,2.528,2.528,2.4,2.427,147950
VOLTAS,2005-05-02,2.6,2.6,2.285,2.33,270500
VOLTAS,2005-05-03,2.355,2.42,2.35,2.359,336950
VOLTAS,2005-05-04,2.374,2.45,2.37,2.416,168310
VOLTAS,2005-05-05,2.388,2.5,2.388,2.489,205740
VOLTAS,2005-05-06,2.489,2.49,2.45,2.475,74090
VOLTAS,2005-05-09,2.5,2.62,2.436,2.6,295290
VOLTAS,2005-05-10,2.57,2.589,2.49,2.512,182380
VOLTAS,2005-05-11,2.44,2.545,2.44,2.478,118410
VOLTAS,2005-05-12,2.517,2.55,2.41,2.455,174190
VOLTAS,2005-05-13,2.49,2.53,2.417,2.449,130030
VOLTAS,2005-05-16,2.44,2.52,2.44,2.492,198530
VOLTAS,2005-05-17,2.48,2.556,2.48,2.542,418150
VOLTAS,2005-05-18,2.516,2.553,2.513,2.535,289270
VOLTAS,2005-05-19,2.551,2.578,2.54,2.541,80400
VOLTAS,2005-05-20,2.54,2.571,2.534,2.544,112960
VOLTAS,2005-05-23,2.605,2.605,2.485,2.503,42200
VOLTAS,2005-05-24,2.525,2.525,2.45,2.467,50860
VOLTAS,2005-05-25,2.459,2.53,2.459,2.512,47990
VOLTAS,2005-05-26,2.55,2.55,2.455,2.467,45560
VOLTAS,2005-05-27,2.5,2.52,2.417,2.425,90880
VOLTAS,2005-05-30,2.43,2.55,2.403,2.464,194180
VOLTAS,2005-05-31,2.535,2.57,2.49,2.491,605330
VOLTAS,2005-06-01,2.521,2.543,2.425,2.458,60210
VOLTAS,2005-06-02,2.46,2.52,2.44,2.49,630610
VOLTAS,2005-06-03,2.481,2.5,2.416,2.442,102810
VOLTAS,2005-06-06,2.52,2.52,2.42,2.484,158730
VOLTAS,2005-06-07,2.465,2.497,2.464,2.487,58780
VOLTAS,2005-06-08,2.495,2.495,2.44,2.457,54160
VOLTAS,2005-06-09,2.489,2.529,2.46,2.499,367070
VOLTAS,2005-06-10,2.5,2.519,2.421,2.451,77670
VOLTAS,2005-06-13,2.485,2.485,2.441,2.45,164340
VOLTAS,2005-06-14,2.5,2.5,2.441,2.457,211760
VOLTAS,2005-06-15,2.461,2.495,2.43,2.46,79340
VOLTAS,2005-06-16,2.451,2.48,2.44,2.454,524990
VOLTAS,2005-06-17,2.43,2.529,2.43,2.509,215080
VOLTAS,2005-06-20,2.5,2.52,2.402,2.446,626030
VOLTAS,2005-06-21,2.446,2.539,2.341,2.361,208440
VOLTAS,2005-06-22,2.53,2.53,2.341,2.363,199170
VOLTAS,2005-06-23,2.4,2.4,2.31,2.326,208670
VOLTAS,2005-06-24,2.39,2.39,2.25,2.286,251560
VOLTAS,2005-06-27,2.285,2.505,2.231,2.371,770530
VOLTAS,2005-06-28,2.35,2.38,2.27,2.284,244150
VOLTAS,2005-06-29,2.328,2.34,2.28,2.303,143590
VOLTAS,2005-06-30,2.349,2.383,2.311,2.328,240630
VOLTAS,2005-07-01,2.34,2.405,2.32,2.35,405040
VOLTAS,2005-07-04,2.39,2.39,2.301,2.32,130930
VOLTAS,2005-07-05,2.36,2.385,2.335,2.376,1092770
VOLTAS,2005-07-06,2.389,2.41,2.356,2.376,424620
VOLTAS,2005-07-07,2.42,2.42,2.186,2.364,240680
VOLTAS,2005-07-08,2.35,2.4,2.336,2.371,736070
VOLTAS,2005-07-11,2.4,2.42,2.38,2.383,348560
VOLTAS,2005-07-12,2.45,2.45,2.352,2.372,1932380
VOLTAS,2005-07-13,2.438,2.62,2.42,2.461,1257060
VOLTAS,2005-07-14,2.51,2.51,2.375,2.412,549460
VOLTAS,2005-07-15,2.42,2.43,2.373,2.381,349120
VOLTAS,2005-07-18,2.42,2.443,2.38,2.395,517320
VOLTAS,2005-07-19,2.41,2.41,2.371,2.381,240140
VOLTAS,2005-07-20,2.423,2.423,2.372,2.38,173090
VOLTAS,2005-07-21,2.4,2.4,2.331,2.347,846210
VOLTAS,2005-07-22,2.378,2.49,2.352,2.456,414810
VOLTAS,2005-07-25,2.49,2.589,2.406,2.437,375720
VOLTAS,2005-07-26,2.469,2.469,2.386,2.416,222660
VOLTAS,2005-07-27,2.42,2.454,2.387,2.432,95570
VOLTAS,2005-07-28,2.432,2.432,2.432,2.432,0
VOLTAS,2005-07-29,2.45,2.57,2.41,2.458,728200
VOLTAS,2005-08-01,2.48,2.867,2.48,2.753,3539360
VOLTAS,2005-08-02,2.789,2.789,2.653,2.683,1281360
VOLTAS,2005-08-03,2.72,2.916,2.681,2.803,3171630
VOLTAS,2005-08-04,2.803,2.87,2.75,2.824,1185150
VOLTAS,2005-08-05,2.85,3.07,2.84,3.043,2914010
VOLTAS,2005-08-08,3.04,3.195,3.02,3.054,3344090
VOLTAS,2005-08-09,3.07,3.18,2.98,3.025,1054910
VOLTAS,2005-08-10,3.08,3.088,2.981,3.007,415430
VOLTAS,2005-08-11,3.03,3.05,2.927,2.963,502130
VOLTAS,2005-08-12,3.25,3.254,2.91,2.953,551590
VOLTAS,2005-08-16,2.999,3.038,2.93,2.966,423580
VOLTAS,2005-08-17,3.22,3.22,2.725,3.145,2538460
VOLTAS,2005-08-18,3.18,3.528,3.18,3.403,2400230
VOLTAS,2005-08-19,3.423,3.625,3.42,3.568,2627610
VOLTAS,2005-08-22,3.627,3.78,3.58,3.703,3592750
VOLTAS,2005-08-23,3.72,3.83,3.501,3.553,1559740
VOLTAS,2005-08-24,3.6,3.609,3.495,3.558,862670
VOLTAS,2005-08-25,3.58,3.68,3.55,3.58,602240
VOLTAS,2005-08-26,3.617,3.648,3.586,3.61,439660
VOLTAS,2005-08-29,3.62,3.66,3.55,3.593,528980
VOLTAS,2005-08-30,3.605,3.66,3.6,3.63,194820
VOLTAS,2005-08-31,3.63,4.098,3.582,4.003,1976570
VOLTAS,2005-09-01,4.06,4.248,3.951,3.995,1336930
VOLTAS,2005-09-02,3.85,4.028,3.85,3.905,442200
VOLTAS,2005-09-05,3.97,3.98,3.86,3.879,316520
VOLTAS,2005-09-06,3.948,3.948,3.716,3.785,488650
VOLTAS,2005-09-08,3.876,4.101,3.876,3.97,3514780
VOLTAS,2005-09-09,3.99,4.01,3.885,3.941,1540040
VOLTAS,2005-09-12,3.95,3.97,3.9,3.93,1063860
VOLTAS,2005-09-13,3.95,3.955,3.92,3.935,572930
VOLTAS,2005-09-14,3.938,4.0,3.82,3.99,1390010
VOLTAS,2005-09-15,3.999,4.07,3.983,4.048,1659770
VOLTAS,2005-09-16,4.04,4.089,3.985,4.048,1052370
VOLTAS,2005-09-19,3.853,4.29,3.853,4.191,1708060
VOLTAS,2005-09-20,4.234,4.25,4.15,4.184,1462970
VOLTAS,2005-09-21,4.3,4.599,3.851,4.246,4643250
VOLTAS,2005-09-22,4.25,4.46,4.13,4.14,3230930
VOLTAS,2005-09-23,4.25,4.33,4.0,4.007,1980810
VOLTAS,2005-09-26,4.08,4.317,4.0,4.216,1489030
VOLTAS,2005-09-27,4.273,4.77,4.273,4.595,7802910
VOLTAS,2005-09-28,4.595,5.175,4.595,4.996,15384130
VOLTAS,2005-09-29,4.99,5.0,4.01,4.706,9677880
VOLTAS,2005-09-30,4.777,4.88,4.603,4.752,4887010
VOLTAS,2005-10-03,4.79,4.93,4.601,4.677,3970190
VOLTAS,2005-10-04,4.71,4.789,4.6,4.636,2128090
VOLTAS,2005-10-05,4.669,4.85,4.625,4.685,4496990
VOLTAS,2005-10-06,4.65,4.789,4.5,4.613,1963270
VOLTAS,2005-10-07,4.61,4.7,4.577,4.596,2419520
VOLTAS,2005-10-10,4.611,4.675,4.551,4.625,1525530
VOLTAS,2005-10-11,4.675,4.679,4.556,4.603,641300
VOLTAS,2005-10-13,4.57,4.599,4.29,4.429,1154290
VOLTAS,2005-10-14,4.429,4.598,4.429,4.466,1052690
VOLTAS,2005-10-17,4.5,4.532,4.408,4.493,706560
VOLTAS,2005-10-18,4.51,4.51,4.45,4.469,506640
VOLTAS,2005-10-19,4.479,4.479,4.21,4.28,727170
VOLTAS,2005-10-20,4.37,4.38,4.001,4.091,799700
VOLTAS,2005-10-21,4.2,4.42,4.021,4.381,935080
VOLTAS,2005-10-24,4.35,4.5,4.35,4.407,1099350
VOLTAS,2005-10-25,4.47,4.493,4.37,4.428,422440
VOLTAS,2005-10-26,4.41,4.45,4.331,4.353,219100
VOLTAS,2005-10-27,4.363,4.5,4.25,4.414,499050
VOLTAS,2005-10-28,4.31,4.5,4.111,4.374,782920
VOLTAS,2005-10-31,4.404,4.448,4.301,4.374,467010
VOLTAS,2005-11-02,4.46,4.78,4.391,4.655,1771720
VOLTAS,2005-11-04,4.655,4.655,4.655,4.655,0
VOLTAS,2005-11-07,4.497,4.75,4.42,4.71,1232830
VOLTAS,2005-11-08,4.713,5.15,4.7,5.095,3260540
VOLTAS,2005-11-09,5.151,5.3,4.852,4.928,3848540
VOLTAS,2005-11-10,5.037,5.08,4.82,4.966,1403090
VOLTAS,2005-11-11,4.972,5.076,4.901,4.961,1193890
VOLTAS,2005-11-14,5.037,5.037,4.9,4.961,648650
VOLTAS,2005-11-16,5.027,5.027,4.871,4.898,392680
VOLTAS,2005-11-17,4.92,4.948,4.775,4.879,432760
VOLTAS,2005-11-18,4.92,5.02,4.863,4.993,753360
VOLTAS,2005-11-21,4.993,5.049,4.902,4.949,315630
VOLTAS,2005-11-22,4.96,4.96,4.842,4.868,153500
VOLTAS,2005-11-23,4.91,4.949,4.881,4.905,130370
VOLTAS,2005-11-24,4.9,5.11,4.9,5.033,548190
VOLTAS,2005-11-25,5.06,5.15,4.75,5.101,1278100
VOLTAS,2005-11-28,5.199,5.794,5.15,5.733,4892710
VOLTAS,2005-11-29,5.77,5.92,5.6,5.745,4050780
VOLTAS,2005-11-30,5.76,5.86,5.463,5.508,1395960
VOLTAS,2005-12-01,5.554,5.64,5.41,5.572,828280
VOLTAS,2005-12-02,5.65,5.85,5.545,5.803,1592580
VOLTAS,2005-12-05,5.87,6.04,5.754,5.853,1217760
VOLTAS,2005-12-06,5.898,5.948,5.771,5.803,565100
VOLTAS,2005-12-07,5.85,5.88,5.78,5.828,334280
VOLTAS,2005-12-08,5.86,5.87,5.74,5.797,529830
VOLTAS,2005-12-09,5.82,6.12,5.79,5.984,1678560
VOLTAS,2005-12-12,5.99,6.773,5.99,6.535,7264570
VOLTAS,2005-12-13,6.548,7.134,6.226,6.642,13966960
VOLTAS,2005-12-14,6.684,6.845,6.492,6.554,5268170
VOLTAS,2005-12-15,6.58,6.58,5.96,6.052,3816730
VOLTAS,2005-12-16,6.175,6.318,5.636,5.988,4996060
VOLTAS,2005-12-19,6.12,6.229,6.008,6.055,2266000
VOLTAS,2005-12-20,6.1,6.129,5.81,5.842,1394600
VOLTAS,2005-12-21,5.94,6.15,5.871,6.087,2762220
VOLTAS,2005-12-22,6.111,6.192,6.053,6.1,1309960
VOLTAS,2005-12-23,6.166,6.166,5.93,5.992,1152730
VOLTAS,2005-12-26,5.621,6.179,5.112,6.109,1466380
VOLTAS,2005-12-27,6.109,6.37,6.061,6.174,2727520
VOLTAS,2005-12-28,6.15,6.179,5.991,6.008,1000020
VOLTAS,2005-12-29,6.05,6.105,5.951,5.988,807140
VOLTAS,2005-12-30,6.035,6.078,5.954,6.012,855470
VOLTAS,2006-01-02,6.085,6.085,6.0,6.015,330860
VOLTAS,2006-01-03,6.048,6.27,6.02,6.229,1167510
VOLTAS,2006-01-04,6.3,6.31,6.213,6.239,709730
VOLTAS,2006-01-05,6.25,6.4,6.002,6.238,868770
VOLTAS,2006-01-06,6.25,6.97,6.201,6.868,6132950
VOLTAS,2006-01-09,6.868,6.93,6.6,6.64,1257550
VOLTAS,2006-01-10,6.64,7.05,6.42,6.571,2377170
VOLTAS,2006-01-12,6.58,6.8,6.45,6.566,936890
VOLTAS,2006-01-13,6.611,6.789,6.53,6.597,521270
VOLTAS,2006-01-16,6.583,6.78,6.45,6.519,826990
VOLTAS,2006-01-17,6.8,6.8,6.401,6.433,583300
VOLTAS,2006-01-18,6.3,6.51,6.251,6.322,573530
VOLTAS,2006-01-19,6.444,6.55,6.36,6.496,600080
VOLTAS,2006-01-20,6.584,6.66,6.491,6.539,472460
VOLTAS,2006-01-23,6.5,6.63,6.351,6.394,215970
VOLTAS,2006-01-24,6.45,6.538,6.402,6.427,197820
VOLTAS,2006-01-25,6.47,6.58,6.451,6.535,315290
VOLTAS,2006-01-27,6.5,6.968,6.5,6.739,1244630
VOLTAS,2006-01-30,6.8,6.9,6.65,6.667,637970
VOLTAS,2006-01-31,6.661,6.846,6.63,6.716,1353580
VOLTAS,2006-02-01,6.85,7.445,6.76,7.191,6734980
VOLTAS,2006-02-02,7.444,7.58,7.282,7.399,4733460
VOLTAS,2006-02-03,7.44,7.499,6.916,7.387,1518090
VOLTAS,2006-02-06,7.25,7.9,7.25,7.802,2806680
VOLTAS,2006-02-07,7.968,8.34,7.91,8.252,4222660
VOLTAS,2006-02-08,8.212,8.33,7.81,7.976,1841410
VOLTAS,2006-02-10,7.82,8.151,7.811,8.061,1065730
VOLTAS,2006-02-13,8.061,8.289,8.061,8.243,816420
VOLTAS,2006-02-14,8.243,8.345,7.951,8.037,566100
VOLTAS,2006-02-15,8.025,8.31,7.85,7.955,495700
VOLTAS,2006-02-16,8.157,8.157,7.922,7.975,312120
VOLTAS,2006-02-17,8.056,8.5,8.03,8.095,1883480
VOLTAS,2006-02-20,8.1,8.551,8.021,8.417,1916940
VOLTAS,2006-02-21,8.32,8.49,8.205,8.256,788290
VOLTAS,2006-02-22,8.317,8.397,8.2,8.285,566350
VOLTAS,2006-02-23,8.397,8.397,8.12,8.153,387420
VOLTAS,2006-02-24,8.397,8.397,7.96,8.057,553840
VOLTAS,2006-02-27,8.194,8.194,8.0,8.035,337000
VOLTAS,2006-02-28,8.094,8.4,7.7,8.192,612750
VOLTAS,2006-03-01,8.192,8.52,8.072,8.391,878340
VOLTAS,2006-03-02,8.39,9.245,8.39,9.119,3221440
VOLTAS,2006-03-03,9.2,10.25,8.993,9.876,4711130
VOLTAS,2006-03-06,9.81,10.32,9.763,9.925,2499320
VOLTAS,2006-03-07,11.0,11.0,9.75,9.868,1007850
VOLTAS,2006-03-08,9.967,10.065,9.416,9.479,1097620
VOLTAS,2006-03-09,9.74,9.91,9.5,9.628,1087800
VOLTAS,2006-03-10,9.799,9.98,9.7,9.813,857690
VOLTAS,2006-03-13,9.98,10.35,9.87,10.037,1042040
VOLTAS,2006-03-14,10.1,10.355,9.9,10.072,1890560
VOLTAS,2006-03-16,10.173,10.75,10.173,10.461,2765400
VOLTAS,2006-03-17,10.55,10.95,10.5,10.598,2599760
VOLTAS,2006-03-20,10.743,10.743,10.27,10.406,726300
VOLTAS,2006-03-21,10.49,10.6,10.29,10.423,836990
VOLTAS,2006-03-22,10.45,10.45,9.85,10.086,891130
VOLTAS,2006-03-23,10.2,10.3,9.85,9.931,712960
VOLTAS,2006-03-24,10.0,10.22,9.98,10.132,524440
VOLTAS,2006-03-27,10.15,10.437,9.95,10.056,470240
VOLTAS,2006-03-28,10.1,10.134,9.55,9.69,845870
VOLTAS,2006-03-29,9.9,9.95,9.65,9.742,1063350
VOLTAS,2006-03-30,9.9,9.98,9.77,9.93,703060
VOLTAS,2006-03-31,9.97,10.3,9.615,10.115,757500
VOLTAS,2006-04-03,10.19,10.25,10.1,10.196,433210
VOLTAS,2006-04-04,10.2,10.92,10.15,10.828,1206550
VOLTAS,2006-04-05,10.99,11.0,10.653,10.79,627930
VOLTAS,2006-04-07,10.99,11.0,10.0,10.471,717670
VOLTAS,2006-04-10,10.5,10.7,10.3,10.564,459870
VOLTAS,2006-04-12,10.79,10.79,10.33,10.39,480470
VOLTAS,2006-04-13,10.38,10.599,9.66,9.973,472470
VOLTAS,2006-04-17,10.3,10.3,9.92,10.029,207880
VOLTAS,2006-04-18,10.19,10.338,9.8,9.951,396870
VOLTAS,2006-04-19,10.0,10.2,9.932,9.946,223900
VOLTAS,2006-04-20,10.05,10.14,9.75,9.771,785880
VOLTAS,2006-04-21,9.721,9.98,9.5,9.72,519160
VOLTAS,2006-04-24,9.94,10.25,9.65,10.165,536680
VOLTAS,2006-04-25,10.117,10.3,9.46,9.776,1022980
VOLTAS,2006-04-26,9.85,9.888,9.74,9.774,492520
VOLTAS,2006-04-27,9.88,9.88,9.5,9.643,1086230
VOLTAS,2006-04-28,9.5,10.21,8.7,10.085,553430
VOLTAS,2006-05-02,10.15,10.39,9.76,9.829,225310
VOLTAS,2006-05-03,9.98,10.05,9.85,9.979,1574120
VOLTAS,2006-05-04,10.29,10.29,9.9,9.911,236520
VOLTAS,2006-05-05,9.911,10.094,9.89,9.912,147150
VOLTAS,2006-05-08,9.9,10.4,9.9,10.21,779330
VOLTAS,2006-05-09,10.299,10.89,10.014,10.702,1155970
VOLTAS,2006-05-10,10.98,11.0,10.306,10.4,358220
VOLTAS,2006-05-11,10.45,10.74,10.16,10.533,837850
VOLTAS,2006-05-12,10.988,11.0,10.523,10.858,1710080
VOLTAS,2006-05-15,11.2,11.2,10.0,10.123,869990
VOLTAS,2006-05-16,10.397,10.749,9.7,10.014,1245550
VOLTAS,2006-05-17,10.204,10.48,10.0,10.113,1153920
VOLTAS,2006-05-18,10.01,10.84,9.92,10.046,1227320
VOLTAS,2006-05-19,10.556,10.715,10.0,10.14,797540
VOLTAS,2006-05-22,10.48,10.5,8.153,9.833,602470
VOLTAS,2006-05-23,10.5,10.5,8.95,9.115,1293920
VOLTAS,2006-05-24,9.47,9.992,9.25,9.819,561070
VOLTAS,2006-05-25,9.72,9.75,9.201,9.686,239460
VOLTAS,2006-05-26,9.75,10.0,9.351,9.512,336780
VOLTAS,2006-05-29,9.7,10.45,9.55,10.124,400450
VOLTAS,2006-05-30,10.05,10.101,9.856,9.924,151950
VOLTAS,2006-05-31,9.85,10.1,9.306,9.939,392360
VOLTAS,2006-06-01,10.1,10.1,9.101,9.464,684850
VOLTAS,2006-06-02,9.35,9.35,8.648,8.927,620150
VOLTAS,2006-06-05,9.03,9.03,8.166,8.352,915830
VOLTAS,2006-06-06,8.4,8.4,7.351,7.916,1894690
VOLTAS,2006-06-07,8.0,8.24,7.662,7.745,1146810
VOLTAS,2006-06-08,7.8,7.8,7.25,7.302,893560
VOLTAS,2006-06-09,7.302,7.85,7.3,7.536,677720
VOLTAS,2006-06-12,7.879,7.879,7.3,7.44,765180
VOLTAS,2006-06-13,7.3,7.45,7.11,7.251,1185130
VOLTAS,2006-06-14,7.251,7.497,7.02,7.145,783540
VOLTAS,2006-06-15,7.29,8.48,7.05,8.031,461860
VOLTAS,2006-06-16,8.568,8.715,8.023,8.486,715380
VOLTAS,2006-06-19,8.05,8.5,7.95,8.001,482090
VOLTAS,2006-06-20,8.001,8.38,7.78,8.217,736440
VOLTAS,2006-06-21,8.25,8.342,8.15,8.234,507250
VOLTAS,2006-06-22,8.4,8.51,8.001,8.041,499210
VOLTAS,2006-06-23,8.05,8.24,7.89,7.969,725980
VOLTAS,2006-06-26,8.131,8.14,7.821,7.896,173970
VOLTAS,2006-06-27,7.9,8.1,7.8,7.991,193940
VOLTAS,2006-06-28,7.753,7.94,7.561,7.677,197880
VOLTAS,2006-06-29,7.95,7.95,7.55,7.643,141150
VOLTAS,2006-06-30,7.65,7.95,7.61,7.751,1405070
VOLTAS,2006-07-03,7.82,7.85,7.482,7.511,512340
VOLTAS,2006-07-04,7.76,7.76,7.3,7.324,336800
VOLTAS,2006-07-05,7.35,7.675,7.29,7.495,1214120
VOLTAS,2006-07-06,7.31,7.6,7.301,7.471,207590
VOLTAS,2006-07-07,7.54,7.839,7.45,7.675,1093800
VOLTAS,2006-07-10,7.68,7.8,7.65,7.691,290270
VOLTAS,2006-07-11,7.72,7.79,7.5,7.625,170230
VOLTAS,2006-07-12,7.45,7.6,7.38,7.495,186850
VOLTAS,2006-07-13,7.669,7.7,7.35,7.603,135000
VOLTAS,2006-07-14,7.499,7.55,7.401,7.498,141380
VOLTAS,2006-07-17,7.805,7.99,6.951,7.07,194020
VOLTAS,2006-07-18,7.299,7.299,6.78,6.817,534960
VOLTAS,2006-07-19,6.9,6.95,6.32,6.374,975770
VOLTAS,2006-07-20,6.77,6.8,6.48,6.51,885010
VOLTAS,2006-07-21,6.697,6.734,6.5,6.63,522050
VOLTAS,2006-07-24,6.4,6.6,6.174,6.522,160530
VOLTAS,2006-07-25,6.55,7.64,6.55,7.334,969260
VOLTAS,2006-07-26,7.4,8.1,7.35,7.817,3537640
VOLTAS,2006-07-27,7.9,8.3,7.55,7.698,1566530
VOLTAS,2006-07-28,7.8,7.95,7.51,7.621,397720
VOLTAS,2006-07-31,7.75,8.15,7.69,7.957,1484600
VOLTAS,2006-08-01,7.81,7.99,7.75,7.799,271900
VOLTAS,2006-08-02,7.874,7.88,7.65,7.705,277480
VOLTAS,2006-08-03,7.765,8.084,7.765,7.829,544730
VOLTAS,2006-08-04,7.71,7.927,7.68,7.723,190710
VOLTAS,2006-08-07,7.829,7.829,7.595,7.631,154210
VOLTAS,2006-08-08,7.65,8.59,7.252,7.724,239910
VOLTAS,2006-08-09,7.9,7.95,7.65,7.863,276670
VOLTAS,2006-08-10,7.81,8.05,7.759,7.818,775650
VOLTAS,2006-08-11,7.86,7.98,7.82,7.936,339350
VOLTAS,2006-08-14,7.998,8.288,7.998,8.102,1040110
VOLTAS,2006-08-16,8.2,8.44,8.185,8.329,1046450
VOLTAS,2006-08-17,8.366,8.74,8.301,8.506,1330590
VOLTAS,2006-08-18,8.699,8.699,8.411,8.474,663030
VOLTAS,2006-08-21,8.59,8.689,8.451,8.579,320830
VOLTAS,2006-08-22,8.68,8.7,8.353,8.434,330580
VOLTAS,2006-08-23,8.46,8.599,8.32,8.406,308890
VOLTAS,2006-08-24,8.35,8.447,8.201,8.349,753160
VOLTAS,2006-08-25,8.003,8.881,7.7,8.766,2028810
VOLTAS,2006-08-28,8.85,9.448,8.756,9.219,2889480
VOLTAS,2006-08-29,9.22,9.38,8.923,9.023,819850
VOLTAS,2006-08-30,9.052,9.125,8.8,8.843,359310
VOLTAS,2006-08-31,8.96,10.04,8.958,9.416,8829340
VOLTAS,2006-09-01,9.51,9.82,9.4,9.448,4179160
VOLTAS,2006-09-04,9.557,10.7,9.45,10.339,7596500
VOLTAS,2006-09-05,10.47,10.6,9.93,10.01,5856340
VOLTAS,2006-09-06,10.05,10.3,9.97,10.022,2254970
VOLTAS,2006-09-07,10.05,10.05,9.725,9.845,3146230
VOLTAS,2006-09-08,9.8,10.195,9.8,9.944,1409060
VOLTAS,2006-09-11,10.04,10.1,9.657,9.711,969950
VOLTAS,2006-09-12,9.73,10.028,9.566,9.775,1390110
VOLTAS,2006-09-13,9.88,10.438,9.85,10.139,2770050
VOLTAS,2006-09-14,10.247,10.29,9.906,9.968,1479380
VOLTAS,2006-09-15,10.05,10.57,9.951,10.315,3355510
VOLTAS,2006-09-18,10.55,10.7,10.305,10.603,3287470
VOLTAS,2006-09-19,10.703,10.95,10.416,10.543,3968940
VOLTAS,2006-09-20,10.54,10.97,10.4,10.912,4225280
VOLTAS,2006-09-21,11.022,11.11,10.616,10.737,2629890
VOLTAS,2006-09-22,118.95,118.95,108.05,110.8,6318241
VOLTAS,2006-09-25,111.9,111.9,106.5,108.25,1882314
VOLTAS,2006-09-26,109.0,109.35,106.25,106.45,568146
VOLTAS,2006-09-27,107.5,107.5,103.5,104.8,724470
VOLTAS,2006-09-28,101.5,105.9,99.0,101.8,792980
VOLTAS,2006-09-29,104.5,107.5,101.0,103.65,1698354
VOLTAS,2006-10-03,107.0,107.0,101.0,101.3,516917
VOLTAS,2006-10-04,102.8,103.45,97.7,98.15,992964
VOLTAS,2006-10-05,102.0,102.5,99.0,99.85,1851558
VOLTAS,2006-10-06,101.2,101.2,99.0,99.5,485499
VOLTAS,2006-10-09,100.0,100.0,97.2,97.55,510000
VOLTAS,2006-10-10,98.0,99.95,97.2,97.8,315023
VOLTAS,2006-10-11,98.5,99.0,94.75,95.35,389149
VOLTAS,2006-10-12,95.95,99.95,93.2,97.7,631635
VOLTAS,2006-10-13,100.0,102.0,98.55,99.6,942222
VOLTAS,2006-10-16,101.3,101.3,98.0,98.35,340860
VOLTAS,2006-10-17,98.0,99.05,96.0,96.35,249694
VOLTAS,2006-10-18,96.7,97.55,95.0,95.7,269027
VOLTAS,2006-10-19,96.6,96.6,92.8,93.75,603030
VOLTAS,2006-10-20,94.0,95.25,90.0,90.5,868413
VOLTAS,2006-10-23,95.5,95.5,90.55,91.15,906856
VOLTAS,2006-10-26,92.15,97.5,91.25,96.45,1794591
VOLTAS,2006-10-27,94.5,98.0,94.5,96.35,968936
VOLTAS,2006-10-30,96.3,96.3,92.5,93.0,852563
VOLTAS,2006-10-31,93.45,95.8,92.7,93.25,667776
VOLTAS,2006-11-01,93.9,94.35,92.3,92.75,296014
VOLTAS,2006-11-02,93.7,100.8,93.1,99.9,3140316
VOLTAS,2006-11-03,100.8,116.7,100.8,110.1,15978246
VOLTAS,2006-11-06,111.0,111.7,105.85,106.3,3305981
VOLTAS,2006-11-07,107.0,111.45,104.65,105.2,3396981
VOLTAS,2006-11-08,106.8,109.35,103.45,105.4,3654436
VOLTAS,2006-11-09,106.25,106.4,103.0,103.55,1817930
VOLTAS,2006-11-10,104.0,111.45,104.0,108.4,6905610
VOLTAS,2006-11-13,109.4,109.7,106.15,106.55,1737540
VOLTAS,2006-11-14,107.5,107.5,102.55,103.5,3348361
VOLTAS,2006-11-15,104.4,106.7,99.0,99.55,2697064
VOLTAS,2006-11-16,100.6,101.75,97.1,97.75,1583620
VOLTAS,2006-11-17,98.95,101.25,97.6,98.4,1979438
VOLTAS,2006-11-20,98.6,100.7,96.05,100.0,1336360
VOLTAS,2006-11-21,101.5,108.6,99.05,106.6,4076311
VOLTAS,2006-11-22,107.9,110.4,106.05,106.75,2421372
VOLTAS,2006-11-23,107.9,107.9,104.6,105.65,1029937
VOLTAS,2006-11-24,105.5,105.9,102.1,103.0,1268411
VOLTAS,2006-11-27,103.9,110.4,103.4,108.95,2774404
VOLTAS,2006-11-28,107.1,110.2,104.1,107.75,2443687
VOLTAS,2006-11-29,108.7,114.2,108.05,110.6,5028263
VOLTAS,2006-11-30,112.45,113.2,109.0,110.4,1409320
VOLTAS,2006-12-01,111.45,111.45,108.1,108.6,837595
VOLTAS,2006-12-04,109.35,111.95,109.0,110.1,1292554
VOLTAS,2006-12-05,111.2,115.5,110.15,114.7,4246902
VOLTAS,2006-12-06,116.0,118.8,113.25,115.25,4763392
VOLTAS,2006-12-07,115.0,115.0,111.6,112.4,1251410
VOLTAS,2006-12-08,112.3,116.1,110.5,112.95,2083920
VOLTAS,2006-12-11,111.6,112.1,105.75,106.6,1120575
VOLTAS,2006-12-12,106.7,108.6,95.75,98.05,1623720
VOLTAS,2006-12-13,99.9,101.0,95.2,100.25,1511188
VOLTAS,2006-12-14,102.8,108.5,102.0,107.25,2422042
VOLTAS,2006-12-15,108.0,112.4,108.0,111.5,1454925
VOLTAS,2006-12-18,112.0,115.0,107.15,114.4,1706863
VOLTAS,2006-12-19,114.0,114.5,110.1,111.7,1316117
VOLTAS,2006-12-20,112.8,114.45,111.7,113.5,1077814
VOLTAS,2006-12-21,113.0,114.0,112.05,112.7,531728
VOLTAS,2006-12-22,113.0,118.0,112.1,117.2,2021931
VOLTAS,2006-12-26,118.0,120.4,115.7,116.3,1187761
VOLTAS,2006-12-27,116.8,117.9,113.25,115.1,714870
VOLTAS,2006-12-28,115.55,116.0,111.4,112.65,912185
VOLTAS,2006-12-29,112.9,116.9,112.9,114.45,1010824
VOLTAS,2007-01-02,114.75,116.9,114.4,114.9,752354
VOLTAS,2007-01-03,115.5,116.0,114.0,114.85,516301
VOLTAS,2007-01-04,115.8,115.9,113.05,113.6,438443
VOLTAS,2007-01-05,113.6,114.7,111.2,112.05,564420
VOLTAS,2007-01-08,112.3,112.9,108.1,109.2,591701
VOLTAS,2007-01-09,109.25,112.9,109.0,110.5,426585
VOLTAS,2007-01-10,100.0,111.5,100.0,108.85,372729
VOLTAS,2007-01-11,109.6,110.5,108.0,108.85,445010
VOLTAS,2007-01-12,109.0,111.9,108.8,109.8,1358473
VOLTAS,2007-01-15,111.3,111.3,108.1,108.6,520345
VOLTAS,2007-01-16,109.5,109.9,107.6,108.2,250692
VOLTAS,2007-01-17,108.9,114.75,108.5,113.45,2214256
VOLTAS,2007-01-18,114.5,116.4,109.75,111.75,1496337
VOLTAS,2007-01-19,113.5,113.85,110.25,111.45,491730
VOLTAS,2007-01-22,112.0,112.95,109.8,110.45,310359
VOLTAS,2007-01-23,109.0,109.5,102.5,102.95,2443500
VOLTAS,2007-01-24,103.0,103.75,99.75,100.3,2360439
VOLTAS,2007-01-25,101.3,104.55,101.1,103.8,3127245
VOLTAS,2007-01-29,104.7,105.15,103.0,103.95,1013463
VOLTAS,2007-01-31,104.5,107.4,102.75,103.35,1029045
VOLTAS,2007-02-01,104.0,104.8,101.6,102.85,493543
VOLTAS,2007-02-02,103.5,106.0,103.2,105.2,1349083
VOLTAS,2007-02-05,105.5,105.8,102.8,103.7,864564
VOLTAS,2007-02-06,103.9,104.2,102.65,102.9,276444
VOLTAS,2007-02-07,103.7,103.7,102.0,102.2,272620
VOLTAS,2007-02-08,102.7,103.0,100.1,101.8,603272
VOLTAS,2007-02-09,102.7,102.7,98.0,99.45,788012
VOLTAS,2007-02-12,99.95,99.95,94.75,97.9,992000
VOLTAS,2007-02-13,98.0,99.9,96.2,97.85,976426
VOLTAS,2007-02-14,98.0,98.0,91.8,95.05,1379674
VOLTAS,2007-02-15,96.0,101.0,96.0,100.05,1029640
VOLTAS,2007-02-19,102.0,104.7,101.0,102.25,1401158
VOLTAS,2007-02-20,103.0,103.9,99.65,100.15,447021
VOLTAS,2007-02-21,99.5,101.75,98.25,100.35,782852
VOLTAS,2007-02-22,96.5,101.9,96.5,99.95,1558698
VOLTAS,2007-02-23,101.8,101.8,93.5,94.35,1948120
VOLTAS,2007-02-26,96.0,98.4,94.0,97.4,1184294
VOLTAS,2007-02-27,97.55,98.95,96.6,97.95,531640
VOLTAS,2007-02-28,91.75,97.95,80.25,94.95,594853
VOLTAS,2007-03-01,95.1,98.7,94.25,97.7,755320
VOLTAS,2007-03-02,98.4,98.4,94.5,95.4,1417075
VOLTAS,2007-03-05,95.0,95.0,80.55,83.7,1346707
VOLTAS,2007-03-06,85.0,90.0,79.0,83.4,1294153
VOLTAS,2007-03-07,84.0,86.3,78.0,78.45,1162031
VOLTAS,2007-03-08,80.0,83.1,75.1,81.15,1758916
VOLTAS,2007-03-09,83.5,84.45,80.05,80.4,1885370
VOLTAS,2007-03-12,81.0,84.5,80.1,83.25,1374961
VOLTAS,2007-03-13,82.5,85.75,82.5,84.95,739300
VOLTAS,2007-03-14,84.0,84.0,77.25,82.1,420840
VOLTAS,2007-03-15,84.0,87.5,82.8,83.05,1074267
VOLTAS,2007-03-16,83.5,84.0,81.1,81.65,211846
VOLTAS,2007-03-19,82.0,83.75,82.0,82.35,615243
VOLTAS,2007-03-20,83.25,84.0,82.8,83.75,395969
VOLTAS,2007-03-21,84.6,84.6,83.1,83.75,232960
VOLTAS,2007-03-22,84.1,87.0,84.1,86.2,1002177
VOLTAS,2007-03-23,87.7,89.95,85.5,86.7,990688
VOLTAS,2007-03-26,87.7,89.0,87.5,88.5,713315
VOLTAS,2007-03-28,87.9,90.5,86.0,88.3,453203
VOLTAS,2007-03-29,88.6,89.0,84.1,85.05,619551
VOLTAS,2007-03-30,85.0,86.5,84.2,84.75,399053
VOLTAS,2007-04-02,83.6,83.6,79.4,79.7,546353
VOLTAS,2007-04-03,81.0,81.9,79.8,80.7,344580
VOLTAS,2007-04-04,81.7,84.15,79.4,83.75,2037130
VOLTAS,2007-04-05,84.5,84.5,82.05,82.2,719283
VOLTAS,2007-04-09,83.0,84.4,82.0,84.1,574738
VOLTAS,2007-04-10,84.2,84.9,82.8,83.35,330851
VOLTAS,2007-04-11,84.0,86.25,83.2,83.6,1250886
VOLTAS,2007-04-12,83.6,84.7,83.0,84.0,1004612
VOLTAS,2007-04-13,84.0,85.2,83.95,84.85,709218
VOLTAS,2007-04-16,85.0,88.15,85.0,87.0,1399851
VOLTAS,2007-04-17,87.7,87.85,85.95,86.25,472906
VOLTAS,2007-04-18,87.0,87.0,85.15,85.55,516473
VOLTAS,2007-04-19,84.3,85.9,84.0,85.0,312117
VOLTAS,2007-04-20,85.9,87.5,85.4,86.65,2898207
VOLTAS,2007-04-23,88.1,93.25,87.6,89.85,3027804
VOLTAS,2007-04-24,89.7,91.9,88.4,88.9,1816205
VOLTAS,2007-04-25,89.65,92.7,89.1,91.65,1818331
VOLTAS,2007-04-26,91.8,94.75,91.4,93.55,1496595
VOLTAS,2007-04-27,94.05,96.7,93.6,94.65,2274176
VOLTAS,2007-04-30,94.3,95.8,93.0,95.0,977364
VOLTAS,2007-05-03,85.7,98.45,85.7,97.9,1333472
VOLTAS,2007-05-04,98.0,98.75,95.5,95.9,858863
VOLTAS,2007-05-07,96.9,98.0,95.6,96.05,634119
VOLTAS,2007-05-08,96.25,96.9,93.1,93.45,830169
VOLTAS,2007-05-09,93.0,93.95,90.6,92.9,613170
VOLTAS,2007-05-10,93.9,94.5,92.25,92.85,473939
VOLTAS,2007-05-11,91.9,93.6,90.05,93.15,510178
VOLTAS,2007-05-14,93.0,105.1,92.1,96.8,1841193
VOLTAS,2007-05-15,98.0,99.6,96.0,96.95,2851092
VOLTAS,2007-05-16,97.0,97.0,93.6,94.2,1400173
VOLTAS,2007-05-17,94.9,95.85,94.0,94.85,930732
VOLTAS,2007-05-18,94.1,94.8,92.55,93.15,546343
VOLTAS,2007-05-21,93.25,94.45,91.55,92.1,636356
VOLTAS,2007-05-22,92.15,99.85,91.85,98.55,3127212
VOLTAS,2007-05-23,98.6,99.0,95.75,96.7,1757072
VOLTAS,2007-05-24,96.5,101.75,96.35,99.25,4911368
VOLTAS,2007-05-25,97.1,100.95,97.1,99.5,2785211
VOLTAS,2007-05-28,100.45,101.0,98.8,99.15,1016679
VOLTAS,2007-05-29,101.0,101.0,98.0,98.2,426831
VOLTAS,2007-05-30,99.9,100.5,96.1,96.85,1307716
VOLTAS,2007-05-31,97.0,98.0,94.55,95.25,1322785
VOLTAS,2007-06-01,96.45,98.5,96.2,98.0,1006107
VOLTAS,2007-06-04,98.6,99.0,96.15,96.5,569482
VOLTAS,2007-06-05,96.5,97.45,95.2,96.45,247094
VOLTAS,2007-06-06,96.45,97.5,93.5,94.05,838899
VOLTAS,2007-06-07,93.0,94.5,92.2,93.0,396273
VOLTAS,2007-06-08,92.1,93.9,90.5,91.5,466940
VOLTAS,2007-06-11,92.25,93.95,90.55,91.15,228606
VOLTAS,2007-06-12,91.15,92.0,86.6,89.25,609165
VOLTAS,2007-06-13,89.95,90.75,88.25,89.65,572014
VOLTAS,2007-06-14,90.55,96.2,90.25,95.65,1776670
VOLTAS,2007-06-15,96.8,97.7,91.6,93.65,473832
VOLTAS,2007-06-18,94.0,95.9,92.0,93.75,382415
VOLTAS,2007-06-19,95.5,97.0,90.0,96.6,606699
VOLTAS,2007-06-20,95.5,112.75,95.5,110.6,10030223
VOLTAS,2007-06-21,111.0,112.9,102.25,103.9,5039557
VOLTAS,2007-06-22,103.9,108.8,103.2,106.4,4017033
VOLTAS,2007-06-25,105.2,110.7,105.2,109.2,3312018
VOLTAS,2007-06-26,110.0,110.6,107.1,107.85,1340413
VOLTAS,2007-06-27,107.05,111.0,107.05,108.55,2977931
VOLTAS,2007-06-28,109.3,114.3,109.0,111.65,3911178
VOLTAS,2007-06-29,112.0,113.9,110.55,111.25,1935570
VOLTAS,2007-07-02,111.25,114.1,111.15,112.2,1141853
VOLTAS,2007-07-03,113.0,117.9,112.0,116.7,4408001
VOLTAS,2007-07-04,118.6,121.9,114.3,120.4,4574567
VOLTAS,2007-07-05,120.0,126.25,119.8,125.65,5619957
VOLTAS,2007-07-06,125.0,125.95,120.2,120.7,4359420
VOLTAS,2007-07-09,120.7,125.0,120.7,124.65,2131258
VOLTAS,2007-07-10,121.0,125.85,121.0,121.5,2172930
VOLTAS,2007-07-11,123.0,124.75,116.75,121.8,894408
VOLTAS,2007-07-12,122.9,123.85,121.6,122.15,869289
VOLTAS,2007-07-13,123.0,129.45,122.5,125.55,3351909
VOLTAS,2007-07-16,126.0,132.4,125.1,130.85,3266585
VOLTAS,2007-07-17,130.0,134.8,128.05,130.35,3078741
VOLTAS,2007-07-18,131.0,134.4,128.1,131.65,3078445
VOLTAS,2007-07-19,132.0,134.45,130.5,133.35,1077380
VOLTAS,2007-07-20,134.4,150.9,132.1,148.45,10185284
VOLTAS,2007-07-23,149.0,153.95,143.8,145.8,4375788
VOLTAS,2007-07-24,147.25,148.4,140.05,141.05,1968822
VOLTAS,2007-07-25,140.9,147.4,137.5,144.65,3857507
VOLTAS,2007-07-26,149.95,149.95,139.55,140.45,3784203
VOLTAS,2007-07-27,138.0,138.8,133.75,136.3,1735041
VOLTAS,2007-07-30,132.1,138.45,132.1,133.15,2556007
VOLTAS,2007-07-31,134.0,142.45,133.4,141.65,2203554
VOLTAS,2007-08-01,135.0,140.4,132.75,134.9,2876475
VOLTAS,2007-08-02,133.9,137.8,133.1,134.35,3719222
VOLTAS,2007-08-03,135.0,143.7,135.0,138.9,6747800
VOLTAS,2007-08-06,135.0,137.0,133.15,135.9,2987606
VOLTAS,2007-08-07,138.4,139.55,135.55,136.3,990578
VOLTAS,2007-08-08,138.0,142.4,136.0,139.65,1981459
VOLTAS,2007-08-09,142.8,143.9,135.7,137.15,2913540
VOLTAS,2007-08-10,133.55,135.75,129.5,134.8,1009011
VOLTAS,2007-08-13,137.0,139.4,136.2,136.9,830661
VOLTAS,2007-08-14,137.7,137.7,134.5,135.35,931553
VOLTAS,2007-08-16,132.0,132.8,127.0,129.95,1373459
VOLTAS,2007-08-17,149.95,149.95,119.75,125.55,2156771
VOLTAS,2007-08-20,130.0,134.7,127.75,128.9,636883
VOLTAS,2007-08-21,129.9,130.0,122.15,125.1,1322997
VOLTAS,2007-08-22,125.9,128.85,123.5,127.45,673040
VOLTAS,2007-08-23,129.45,132.0,126.5,127.6,1788312
VOLTAS,2007-08-24,127.7,131.5,127.6,130.4,608031
VOLTAS,2007-08-27,131.0,134.6,131.0,134.25,828711
VOLTAS,2007-08-28,134.7,135.5,132.9,134.1,811068
VOLTAS,2007-08-29,131.0,139.5,129.0,137.3,2449873
VOLTAS,2007-08-30,139.0,139.5,135.45,137.35,3039513
VOLTAS,2007-08-31,136.5,139.9,136.0,136.55,1295949
VOLTAS,2007-09-03,136.9,148.7,136.7,146.8,3892101
VOLTAS,2007-09-04,148.05,150.9,144.5,145.2,2496351
VOLTAS,2007-09-05,146.5,147.25,143.1,143.8,995074
VOLTAS,2007-09-06,143.0,147.8,142.4,145.6,842569
VOLTAS,2007-09-07,146.5,153.4,140.25,150.0,4293433
VOLTAS,2007-09-10,148.7,154.75,145.0,153.55,2250607
VOLTAS,2007-09-11,153.6,155.1,150.0,151.05,1238973
VOLTAS,2007-09-12,151.5,153.45,150.05,150.45,663181
VOLTAS,2007-09-13,150.85,157.5,150.5,156.3,2223111
VOLTAS,2007-09-14,160.0,160.0,151.4,152.35,1482175
VOLTAS,2007-09-17,152.7,154.75,151.05,151.9,737851
VOLTAS,2007-09-18,151.7,156.4,151.7,154.65,700294
VOLTAS,2007-09-19,156.7,159.7,155.0,157.6,1748555
VOLTAS,2007-09-20,158.0,165.8,155.5,162.95,2178889
VOLTAS,2007-09-21,163.7,164.7,160.1,161.3,1261970
VOLTAS,2007-09-24,162.1,164.1,160.1,162.5,1011620
VOLTAS,2007-09-25,156.1,163.7,150.1,159.45,532309
VOLTAS,2007-09-26,154.6,165.0,154.6,161.35,1585128
VOLTAS,2007-09-27,163.4,163.4,155.15,157.15,1647713
VOLTAS,2007-09-28,160.7,166.4,158.0,163.05,1354448
VOLTAS,2007-10-01,164.7,170.4,163.0,167.4,1763819
VOLTAS,2007-10-03,167.85,170.0,160.1,165.0,956116
VOLTAS,2007-10-04,162.0,174.9,162.0,172.25,2752635
VOLTAS,2007-10-05,171.0,173.0,164.4,165.95,1139117
VOLTAS,2007-10-08,169.75,169.75,158.0,161.35,2138187
VOLTAS,2007-10-09,160.0,167.25,157.0,165.75,1164076
VOLTAS,2007-10-10,169.5,171.9,165.05,167.65,877188
VOLTAS,2007-10-11,168.7,183.9,166.5,179.15,1802901
VOLTAS,2007-10-12,179.0,185.0,173.55,175.7,1697578
VOLTAS,2007-10-15,175.0,181.95,175.0,177.55,815050
VOLTAS,2007-10-16,179.7,186.45,175.5,182.95,1769765
VOLTAS,2007-10-17,169.9,176.95,160.1,175.85,1249168
VOLTAS,2007-10-18,179.0,180.0,160.0,163.9,2314321
VOLTAS,2007-10-19,164.0,167.5,151.55,159.6,1556305
VOLTAS,2007-10-22,158.0,161.05,150.0,157.45,937441
VOLTAS,2007-10-23,161.5,169.1,159.5,167.7,1232166
VOLTAS,2007-10-24,170.0,189.6,168.0,180.65,6339484
VOLTAS,2007-10-25,180.0,188.9,176.2,183.45,5315062
VOLTAS,2007-10-26,185.0,195.45,182.05,191.8,3676997
VOLTAS,2007-10-29,196.0,208.0,193.85,202.3,5162582
VOLTAS,2007-10-30,204.0,217.6,200.0,214.45,3875355
VOLTAS,2007-10-31,217.0,226.0,213.5,217.85,3068870
VOLTAS,2007-11-01,221.4,223.9,199.6,202.8,3499106
VOLTAS,2007-11-02,203.0,208.2,194.0,204.3,3105632
VOLTAS,2007-11-05,205.0,213.4,200.25,204.9,1437224
VOLTAS,2007-11-06,208.95,214.9,203.1,205.95,1558372
VOLTAS,2007-11-07,209.7,210.9,199.5,203.0,552157
VOLTAS,2007-11-08,196.65,204.6,195.65,198.65,1063248
VOLTAS,2007-11-12,195.65,195.65,183.0,190.75,4927938
VOLTAS,2007-11-13,193.8,208.0,191.1,203.45,1693186
VOLTAS,2007-11-14,206.0,213.4,204.5,210.15,1678883
VOLTAS,2007-11-15,211.0,219.85,211.0,213.65,1917151
VOLTAS,2007-11-16,212.0,222.2,212.0,216.3,1319889
VOLTAS,2007-11-19,220.9,221.5,216.0,216.65,583160
VOLTAS,2007-11-20,214.0,216.0,210.05,210.85,1357621
VOLTAS,2007-11-21,212.0,217.3,204.0,205.7,998954
VOLTAS,2007-11-22,200.25,209.9,195.65,204.3,733131
VOLTAS,2007-11-23,209.6,221.0,205.0,219.9,2531881
VOLTAS,2007-11-26,225.0,237.75,222.1,235.65,2757257
VOLTAS,2007-11-27,235.0,238.0,227.0,230.7,1741744
VOLTAS,2007-11-28,232.0,243.0,231.5,235.25,2645745
VOLTAS,2007-11-29,239.9,239.9,224.1,225.7,1077401
VOLTAS,2007-11-30,229.0,247.25,228.0,243.15,1593287
VOLTAS,2007-12-03,248.9,265.4,241.5,261.75,2883473
VOLTAS,2007-12-04,263.0,267.95,248.1,251.25,4331698
VOLTAS,2007-12-05,253.95,260.4,252.85,256.95,1645219
VOLTAS,2007-12-06,260.0,260.0,246.0,248.6,1835016
VOLTAS,2007-12-07,252.0,252.5,233.4,236.7,3490236
VOLTAS,2007-12-10,244.7,247.0,235.0,244.65,1532465
VOLTAS,2007-12-11,247.9,255.6,245.7,249.4,2606836
VOLTAS,2007-12-12,246.0,257.25,237.0,253.35,1418768
VOLTAS,2007-12-13,246.0,254.9,244.25,245.55,820244
VOLTAS,2007-12-14,237.1,256.9,237.1,253.35,837632
VOLTAS,2007-12-17,250.0,259.1,236.1,242.3,2577141
VOLTAS,2007-12-18,245.45,248.5,237.5,243.15,1568450
VOLTAS,2007-12-19,245.0,249.9,241.3,246.7,1820035
VOLTAS,2007-12-20,247.0,248.7,235.5,237.8,928835
VOLTAS,2007-12-24,243.0,244.9,238.8,240.2,758271
VOLTAS,2007-12-26,241.0,248.9,238.2,245.75,1285138
VOLTAS,2007-12-27,248.45,248.45,238.25,240.3,5105700
VOLTAS,2007-12-28,240.0,244.9,239.5,241.65,555848
VOLTAS,2007-12-31,243.0,247.9,240.9,246.45,768677
VOLTAS,2008-01-01,248.0,254.4,239.0,249.65,1224816
VOLTAS,2008-01-02,253.0,253.9,242.0,252.1,1578931
VOLTAS,2008-01-03,245.1,260.0,245.1,254.15,1725386
VOLTAS,2008-01-04,257.0,259.7,250.1,254.9,1021768
VOLTAS,2008-01-07,255.0,255.0,247.1,248.9,641764
VOLTAS,2008-01-08,251.0,252.4,237.25,241.05,577818
VOLTAS,2008-01-09,240.0,243.9,236.2,238.55,614811
VOLTAS,2008-01-10,240.65,244.9,230.0,231.45,830164
VOLTAS,2008-01-11,233.0,241.0,229.0,238.45,719120
VOLTAS,2008-01-14,240.0,243.7,234.15,235.55,304770
VOLTAS,2008-01-15,236.9,255.75,235.2,246.55,1402589
VOLTAS,2008-01-16,231.25,252.9,231.15,248.8,758383
VOLTAS,2008-01-17,252.0,261.0,248.0,255.45,2165022
VOLTAS,2008-01-18,254.9,254.9,233.1,240.25,1162712
VOLTAS,2008-01-21,238.0,238.0,194.0,223.3,1985973
VOLTAS,2008-01-22,230.0,230.0,170.15,195.0,1693231
VOLTAS,2008-01-23,204.0,214.9,194.15,207.1,1052240
VOLTAS,2008-01-24,215.0,215.0,190.05,196.25,950578
VOLTAS,2008-01-25,208.0,212.75,199.3,210.05,1317928
VOLTAS,2008-01-28,205.0,222.6,192.1,219.85,1319586
VOLTAS,2008-01-29,224.0,224.0,210.0,211.45,689278
VOLTAS,2008-01-30,212.0,212.0,199.0,200.8,765445
VOLTAS,2008-01-31,208.45,208.45,179.5,192.45,3651338
VOLTAS,2008-02-01,194.05,203.0,181.15,198.45,2096178
VOLTAS,2008-02-04,204.85,210.0,199.1,206.1,2806920
VOLTAS,2008-02-05,205.4,211.0,201.15,203.95,569288
VOLTAS,2008-02-06,196.0,207.7,191.0,202.85,599604
VOLTAS,2008-02-07,205.0,209.6,192.1,195.15,1132560
VOLTAS,2008-02-08,197.25,200.0,187.55,196.3,561308
VOLTAS,2008-02-11,196.0,197.3,180.0,186.55,1214872
VOLTAS,2008-02-12,188.0,191.0,175.0,177.7,1871841
VOLTAS,2008-02-13,180.0,184.5,173.3,178.2,854703
VOLTAS,2008-02-14,184.0,193.5,183.1,189.05,1188621
VOLTAS,2008-02-15,185.0,200.0,184.2,196.4,1269114
VOLTAS,2008-02-18,201.0,208.0,198.5,201.6,1181721
VOLTAS,2008-02-19,205.0,206.4,202.1,205.05,758321
VOLTAS,2008-02-20,201.0,203.0,199.0,201.65,506041
VOLTAS,2008-02-21,203.0,208.0,199.7,203.0,567239
VOLTAS,2008-02-22,200.0,209.0,199.0,207.5,399896
VOLTAS,2008-02-25,210.0,212.0,200.0,208.55,818272
VOLTAS,2008-02-26,209.05,214.95,206.0,209.65,894827
VOLTAS,2008-02-27,210.5,216.65,210.5,213.0,874045
VOLTAS,2008-02-28,213.2,217.75,209.2,211.55,2900242
VOLTAS,2008-02-29,213.0,214.0,197.0,203.35,2144833
VOLTAS,2008-03-03,199.0,199.0,186.15,188.9,780839
VOLTAS,2008-03-04,190.0,193.45,173.9,183.45,1081729
VOLTAS,2008-03-05,185.0,190.9,176.2,184.35,629409
VOLTAS,2008-03-07,182.0,186.35,169.0,184.15,1024315
VOLTAS,2008-03-10,177.0,193.0,170.5,190.2,1146362
VOLTAS,2008-03-11,186.1,196.45,186.1,191.8,954771
VOLTAS,2008-03-12,195.0,199.95,184.9,186.55,399261
VOLTAS,2008-03-13,180.0,187.0,168.1,173.85,517123
VOLTAS,2008-03-14,180.0,181.4,170.55,177.15,1414732
VOLTAS,2008-03-17,164.0,170.1,158.0,159.9,657452
VOLTAS,2008-03-18,162.0,168.45,153.2,162.95,1022487
VOLTAS,2008-03-19,169.85,171.95,154.55,162.7,1104357
VOLTAS,2008-03-24,163.0,165.4,154.55,158.05,350266
VOLTAS,2008-03-25,162.0,171.0,158.0,168.6,1103114
VOLTAS,2008-03-26,169.0,181.0,167.0,178.25,642344
VOLTAS,2008-03-27,172.0,181.0,160.3,167.1,2380327
VOLTAS,2008-03-28,170.25,175.9,167.05,173.65,2554989
VOLTAS,2008-03-31,172.05,182.5,171.0,179.65,1673851
VOLTAS,2008-04-01,182.05,184.6,171.0,174.55,1079194
VOLTAS,2008-04-02,178.0,184.9,177.0,178.8,610524
VOLTAS,2008-04-03,180.0,181.25,175.25,176.9,369101
VOLTAS,2008-04-04,178.95,178.95,158.1,162.0,743773
VOLTAS,2008-04-07,168.4,168.4,158.1,162.5,590355
VOLTAS,2008-04-08,162.5,167.4,161.0,162.0,443360
VOLTAS,2008-04-09,160.0,165.4,160.0,161.1,435484
VOLTAS,2008-04-10,161.5,169.2,161.4,162.95,764005
VOLTAS,2008-04-11,166.0,166.0,161.5,162.5,619640
VOLTAS,2008-04-15,162.0,168.2,159.9,165.8,1340469
VOLTAS,2008-04-16,166.9,174.2,163.6,164.85,1566419
VOLTAS,2008-04-17,169.0,173.3,167.6,169.55,1552901
VOLTAS,2008-04-21,171.05,186.3,171.05,180.8,3424278
VOLTAS,2008-04-22,183.0,188.0,180.6,181.8,1503097
VOLTAS,2008-04-23,184.9,186.95,181.2,185.65,811314
VOLTAS,2008-04-24,188.0,188.95,179.15,180.6,636875
VOLTAS,2008-04-25,182.7,186.0,181.0,184.35,851353
VOLTAS,2008-04-28,186.0,191.8,185.1,187.15,1966396
VOLTAS,2008-04-29,189.8,192.9,184.15,192.3,1687450
VOLTAS,2008-04-30,193.95,196.6,190.1,191.7,993702
VOLTAS,2008-05-02,193.3,195.5,191.0,191.85,424593
VOLTAS,2008-05-05,193.0,197.0,189.1,190.45,1124618
VOLTAS,2008-05-06,188.5,191.0,184.1,187.95,768845
VOLTAS,2008-05-07,187.0,191.45,184.15,185.85,881696
VOLTAS,2008-05-08,185.85,186.9,178.3,179.65,620657
VOLTAS,2008-05-09,179.95,182.45,175.1,176.05,599634
VOLTAS,2008-05-12,173.0,179.7,166.0,173.0,557769
VOLTAS,2008-05-13,175.7,180.7,169.0,173.6,1017807
VOLTAS,2008-05-14,172.0,176.9,170.5,174.35,773201
VOLTAS,2008-05-15,176.15,182.5,166.5,168.1,1619791
VOLTAS,2008-05-16,169.0,169.0,160.4,163.4,3985425
VOLTAS,2008-05-20,162.95,164.95,157.0,157.75,2330293
VOLTAS,2008-05-21,156.0,161.55,154.6,160.2,4974115
VOLTAS,2008-05-22,160.0,165.4,157.55,162.6,4726259
VOLTAS,2008-05-23,163.0,165.4,156.5,158.1,1805549
VOLTAS,2008-05-26,156.9,159.8,148.2,150.5,2140367
VOLTAS,2008-05-27,152.0,153.5,145.25,146.0,838049
VOLTAS,2008-05-28,147.0,147.5,141.15,145.65,2074434
VOLTAS,2008-05-29,148.0,148.0,140.7,142.9,1920178
VOLTAS,2008-05-30,144.4,145.5,141.1,143.5,1607921
VOLTAS,2008-06-02,144.0,145.0,136.6,139.7,703536
VOLTAS,2008-06-03,135.75,144.75,134.1,143.8,1449088
VOLTAS,2008-06-04,144.0,144.2,129.15,132.4,1824723
VOLTAS,2008-06-05,133.1,136.25,132.3,134.5,1736111
VOLTAS,2008-06-06,135.55,146.95,135.55,144.55,3261648
VOLTAS,2008-06-09,140.0,147.5,134.25,142.9,2631929
VOLTAS,2008-06-10,143.9,143.9,133.7,136.35,1821865
VOLTAS,2008-06-11,137.95,145.75,137.5,144.85,1952933
VOLTAS,2008-06-12,141.95,149.5,136.3,147.85,1368952
VOLTAS,2008-06-13,148.0,151.5,143.05,144.7,888920
VOLTAS,2008-06-16,146.7,148.0,140.6,141.8,524665
VOLTAS,2008-06-17,140.0,148.45,140.0,147.9,771136
VOLTAS,2008-06-18,148.1,150.0,145.15,146.05,439322
VOLTAS,2008-06-19,142.2,144.45,137.2,138.05,559569
VOLTAS,2008-06-20,140.0,141.0,131.6,132.35,597570
VOLTAS,2008-06-23,130.0,131.5,122.1,125.7,1290310
VOLTAS,2008-06-24,126.0,129.6,122.9,125.0,765603
VOLTAS,2008-06-25,121.05,130.0,120.55,125.7,1886432
VOLTAS,2008-06-26,128.9,134.5,125.0,128.45,2692404
VOLTAS,2008-06-27,126.5,130.4,120.0,127.75,973267
VOLTAS,2008-06-30,130.0,130.0,121.2,123.75,744926
VOLTAS,2008-07-01,126.0,126.5,114.6,117.45,1079445
VOLTAS,2008-07-02,124.7,130.7,115.0,123.2,1888705
VOLTAS,2008-07-03,122.0,122.5,115.25,117.7,411129
VOLTAS,2008-07-04,118.0,124.0,115.3,122.75,488231
VOLTAS,2008-07-07,122.75,130.4,120.55,122.15,581987
VOLTAS,2008-07-08,120.0,126.6,116.2,125.85,870946
VOLTAS,2008-07-09,127.9,135.85,126.5,134.0,1315813
VOLTAS,2008-07-10,130.0,138.5,130.0,136.2,1470085
VOLTAS,2008-07-11,135.05,141.85,134.0,137.0,922258
VOLTAS,2008-07-14,139.5,141.0,133.7,136.8,522261
VOLTAS,2008-07-15,130.25,135.0,127.0,128.8,662710
VOLTAS,2008-07-16,129.7,130.0,117.1,121.1,1435913
VOLTAS,2008-07-17,129.7,129.7,119.5,123.65,759106
VOLTAS,2008-07-18,126.0,128.25,124.0,126.25,543836
VOLTAS,2008-07-21,128.0,130.0,121.65,123.95,378874
VOLTAS,2008-07-22,127.0,129.4,119.3,121.15,3852380
VOLTAS,2008-07-23,127.0,128.7,122.55,124.9,4279182
VOLTAS,2008-07-24,126.5,132.9,126.1,128.85,3841781
VOLTAS,2008-07-25,124.05,131.8,122.0,124.25,2204926
VOLTAS,2008-07-28,125.25,127.0,123.4,125.05,828384
VOLTAS,2008-07-29,124.0,124.95,121.0,123.0,1070800
VOLTAS,2008-07-30,125.05,127.0,124.1,125.6,555468
VOLTAS,2008-07-31,126.0,126.8,121.1,122.55,1465477
VOLTAS,2008-08-01,121.0,128.9,121.0,128.05,1201059
VOLTAS,2008-08-04,128.0,132.0,126.15,129.7,1231864
VOLTAS,2008-08-05,126.0,135.4,126.0,134.45,1826551
VOLTAS,2008-08-06,136.0,142.25,135.0,138.5,3763300
VOLTAS,2008-08-07,137.1,145.6,135.75,144.3,3095289
VOLTAS,2008-08-08,142.0,146.5,136.35,137.15,2258579
VOLTAS,2008-08-11,140.6,142.8,139.0,139.7,1282559
VOLTAS,2008-08-12,140.0,141.0,135.2,137.2,2020303
VOLTAS,2008-08-13,138.0,139.9,134.55,135.55,1734813
VOLTAS,2008-08-14,136.0,136.0,131.25,131.85,530063
VOLTAS,2008-08-18,133.0,133.0,130.5,131.4,429481
VOLTAS,2008-08-19,131.0,134.0,128.35,131.9,775393
VOLTAS,2008-08-20,132.95,134.15,130.8,132.25,367086
VOLTAS,2008-08-21,131.15,132.95,127.75,128.2,320728
VOLTAS,2008-08-22,129.4,129.4,126.1,127.5,261258
VOLTAS,2008-08-25,130.65,130.65,124.5,125.35,395047
VOLTAS,2008-08-26,149.9,149.9,122.4,125.05,387249
VOLTAS,2008-08-27,123.0,126.0,120.8,121.45,578266
VOLTAS,2008-08-28,121.6,122.7,119.05,120.0,1148536
VOLTAS,2008-08-29,121.8,124.8,121.6,123.8,570863
VOLTAS,2008-09-01,123.8,127.0,122.0,124.7,209541
VOLTAS,2008-09-02,123.5,133.9,123.5,132.95,1543996
VOLTAS,2008-09-04,132.4,136.8,131.15,135.2,1411431
VOLTAS,2008-09-05,131.5,133.0,126.35,131.0,1396213
VOLTAS,2008-09-08,135.0,137.0,132.6,134.05,1052047
VOLTAS,2008-09-09,130.15,135.0,130.15,134.2,862882
VOLTAS,2008-09-10,131.8,136.25,131.8,134.25,421054
VOLTAS,2008-09-11,130.1,134.5,127.35,128.5,392509
VOLTAS,2008-09-12,130.0,130.7,126.0,126.95,294725
VOLTAS,2008-09-15,124.1,124.5,119.0,122.5,321396
VOLTAS,2008-09-16,117.5,123.0,117.5,122.4,813443
VOLTAS,2008-09-17,123.9,127.1,120.0,120.45,1310879
VOLTAS,2008-09-18,117.5,121.5,112.2,118.7,700331
VOLTAS,2008-09-19,123.0,124.55,120.35,121.55,460537
VOLTAS,2008-09-22,123.0,123.0,117.5,117.95,355355
VOLTAS,2008-09-23,116.9,118.0,113.5,114.65,1161361
VOLTAS,2008-09-24,116.45,116.45,113.0,113.7,1414435
VOLTAS,2008-09-25,115.0,115.0,105.5,107.2,2062511
VOLTAS,2008-09-26,108.0,108.0,97.1,99.85,2646743
VOLTAS,2008-09-29,100.0,100.5,89.3,91.8,1953300
VOLTAS,2008-09-30,90.0,94.0,86.0,92.3,1978962
VOLTAS,2008-10-01,93.1,96.3,91.15,95.1,1125148
VOLTAS,2008-10-03,94.1,95.8,89.05,90.4,774548
VOLTAS,2008-10-06,88.0,88.95,81.75,83.9,663776
VOLTAS,2008-10-07,83.9,86.9,73.1,76.2,1512179
VOLTAS,2008-10-08,73.1,75.0,66.0,72.6,1652354
VOLTAS,2008-10-10,69.0,71.05,61.0,64.85,1390882
VOLTAS,2008-10-13,69.1,74.0,65.0,71.85,784116
VOLTAS,2008-10-14,74.9,80.15,74.0,75.95,1131456
VOLTAS,2008-10-15,74.0,75.0,67.0,68.0,494423
VOLTAS,2008-10-16,66.0,69.5,62.6,67.0,554188
VOLTAS,2008-10-17,69.05,72.1,64.45,67.5,1328879
VOLTAS,2008-10-20,68.0,71.2,67.5,69.2,586292
VOLTAS,2008-10-21,72.0,76.9,69.55,74.2,1003271
VOLTAS,2008-10-22,70.0,76.95,70.0,75.5,584640
VOLTAS,2008-10-23,73.0,78.95,71.5,74.8,1256318
VOLTAS,2008-10-24,73.0,73.0,65.6,68.1,1141720
VOLTAS,2008-10-27,66.0,70.0,49.15,63.0,752823
VOLTAS,2008-10-29,70.0,72.7,65.25,67.2,798047
VOLTAS,2008-10-31,70.0,77.0,62.4,73.55,1099476
VOLTAS,2008-11-03,76.0,81.0,73.5,77.9,1029226
VOLTAS,2008-11-04,77.95,83.9,75.1,81.4,907202
VOLTAS,2008-11-05,84.65,90.9,76.25,78.4,2039972
VOLTAS,2008-11-06,77.05,82.0,73.0,79.4,718773
VOLTAS,2008-11-07,78.0,80.6,74.6,76.65,577731
VOLTAS,2008-11-10,81.05,86.0,76.7,77.75,1109809
VOLTAS,2008-11-11,77.0,78.45,70.3,73.0,881125
VOLTAS,2008-11-12,72.1,72.4,69.0,71.55,1368537
VOLTAS,2008-11-14,72.0,75.0,67.05,69.05,994408
VOLTAS,2008-11-17,70.5,70.55,62.35,65.65,662540
VOLTAS,2008-11-18,63.0,67.5,63.0,66.0,563063
VOLTAS,2008-11-19,66.0,67.4,59.0,61.9,609894
VOLTAS,2008-11-20,61.0,61.0,55.55,59.0,2470586
VOLTAS,2008-11-21,59.1,59.3,54.2,57.2,559877
VOLTAS,2008-11-24,58.0,59.4,54.65,57.2,909626
VOLTAS,2008-11-25,58.95,61.0,50.25,52.6,1069618
VOLTAS,2008-11-26,50.0,54.9,49.5,51.9,1112423
VOLTAS,2008-11-27,51.9,51.9,51.9,51.9,0
VOLTAS,2008-11-28,51.9,51.9,49.45,50.0,447238
VOLTAS,2008-12-01,50.5,51.65,45.3,46.1,1174543
VOLTAS,2008-12-02,45.1,46.9,43.1,46.2,680855
VOLTAS,2008-12-03,46.5,48.25,45.55,46.1,846477
VOLTAS,2008-12-04,47.0,49.25,44.3,47.65,1746741
VOLTAS,2008-12-05,48.0,50.9,46.05,46.4,1098200
VOLTAS,2008-12-08,48.1,49.0,46.75,47.15,603617
VOLTAS,2008-12-10,47.8,51.25,46.65,50.25,979295
VOLTAS,2008-12-11,51.0,53.5,51.0,51.95,1187216
VOLTAS,2008-12-12,52.45,55.2,49.0,54.5,1611949
VOLTAS,2008-12-15,56.0,57.5,52.5,53.2,1318796
VOLTAS,2008-12-16,54.0,57.45,54.0,55.55,1754261
VOLTAS,2008-12-17,56.0,58.0,51.0,51.8,1115317
VOLTAS,2008-12-18,52.5,53.6,49.3,52.6,2003878
VOLTAS,2008-12-19,53.0,60.0,52.5,58.8,2932261
VOLTAS,2008-12-22,59.9,61.15,58.35,59.3,2598479
VOLTAS,2008-12-23,58.4,59.75,55.2,55.9,1872735
VOLTAS,2008-12-24,55.1,55.9,53.45,55.05,721620
VOLTAS,2008-12-26,55.5,56.8,52.5,53.25,878737
VOLTAS,2008-12-29,53.55,54.35,51.65,53.9,634520
VOLTAS,2008-12-30,54.0,58.5,53.6,57.55,1498327
VOLTAS,2008-12-31,59.8,62.4,58.1,60.35,2434600
VOLTAS,2009-01-02,62.0,64.1,59.65,62.0,2564850
VOLTAS,2009-01-05,63.1,63.95,60.6,61.9,1558536
VOLTAS,2009-01-06,62.0,65.5,58.8,61.7,3327673
VOLTAS,2009-01-07,63.0,63.8,52.7,54.3,1405067
VOLTAS,2009-01-09,54.4,54.8,51.0,52.95,1119661
VOLTAS,2009-01-12,53.0,53.55,49.3,50.75,1645881
VOLTAS,2009-01-13,50.25,52.35,46.25,47.95,1287965
VOLTAS,2009-01-14,49.5,50.5,47.0,48.25,834547
VOLTAS,2009-01-15,47.0,47.95,46.1,47.15,1534919
VOLTAS,2009-01-16,48.0,48.8,47.05,47.45,657401
VOLTAS,2009-01-19,47.05,49.05,47.05,47.95,1206181
VOLTAS,2009-01-20,47.9,47.9,46.0,46.25,789642
VOLTAS,2009-01-21,46.0,46.7,44.75,45.05,982890
VOLTAS,2009-01-22,45.7,46.4,41.95,42.35,1417671
VOLTAS,2009-01-23,42.0,42.6,39.1,41.05,2737694
VOLTAS,2009-01-27,41.25,43.45,37.8,38.8,2171166
VOLTAS,2009-01-28,39.0,42.05,39.0,41.6,1442437
VOLTAS,2009-01-29,42.5,43.65,41.7,42.55,1560435
VOLTAS,2009-01-30,42.25,43.9,41.5,43.2,1047221
VOLTAS,2009-02-02,42.7,44.65,42.0,42.4,691562
VOLTAS,2009-02-03,43.0,43.45,40.5,40.85,609860
VOLTAS,2009-02-04,41.5,41.9,40.1,40.45,462016
VOLTAS,2009-02-05,42.0,42.0,39.0,39.7,685040
VOLTAS,2009-02-06,40.5,43.0,39.3,40.25,1913626
VOLTAS,2009-02-09,40.8,44.75,40.7,44.1,2267223
VOLTAS,2009-02-10,44.5,45.9,43.85,44.2,1401213
VOLTAS,2009-02-11,43.0,46.8,42.7,46.25,1410516
VOLTAS,2009-02-12,45.5,47.3,45.0,45.2,745118
VOLTAS,2009-02-13,46.0,46.6,45.3,45.55,494438
VOLTAS,2009-02-16,45.9,46.15,42.55,43.05,588773
VOLTAS,2009-02-17,42.5,42.6,39.3,39.75,1912471
VOLTAS,2009-02-18,39.45,40.45,39.0,39.8,1524551
VOLTAS,2009-02-19,40.0,40.65,39.3,39.75,576271
VOLTAS,2009-02-20,39.0,39.5,37.8,38.1,1483923
VOLTAS,2009-02-24,38.0,40.0,36.5,37.1,2187811
VOLTAS,2009-02-25,37.9,38.9,37.5,37.7,1214673
VOLTAS,2009-02-26,37.95,38.4,35.85,36.15,2209110
VOLTAS,2009-02-27,36.5,37.3,35.05,36.75,837741
VOLTAS,2009-03-02,37.0,37.0,33.7,34.25,1653087
VOLTAS,2009-03-03,34.05,34.9,32.9,33.1,1496274
VOLTAS,2009-03-04,33.9,34.35,32.3,32.55,1944326
VOLTAS,2009-03-05,32.15,33.65,31.1,32.6,1702683
VOLTAS,2009-03-06,31.55,34.15,31.5,33.4,1696802
VOLTAS,2009-03-09,33.3,33.3,32.5,32.9,744317
VOLTAS,2009-03-12,33.5,34.25,32.2,32.55,523807
VOLTAS,2009-03-13,33.5,34.65,32.55,34.2,1572520
VOLTAS,2009-03-16,35.0,36.45,34.5,36.2,1445375
VOLTAS,2009-03-17,36.5,37.4,35.6,36.65,1785449
VOLTAS,2009-03-18,37.0,39.6,37.0,37.95,2468855
VOLTAS,2009-03-19,38.55,39.9,37.6,38.25,1379382
VOLTAS,2009-03-20,38.25,40.8,37.75,39.3,2857545
VOLTAS,2009-03-23,40.0,42.5,40.0,41.95,4762973
VOLTAS,2009-03-24,42.4,44.45,40.5,41.05,3414585
VOLTAS,2009-03-25,41.25,45.55,40.8,45.0,2587122
VOLTAS,2009-03-26,45.7,46.25,43.8,45.15,2575254
VOLTAS,2009-03-27,45.5,48.0,44.3,47.45,1962703
VOLTAS,2009-03-30,47.0,47.0,43.35,44.75,1152720
VOLTAS,2009-03-31,45.0,47.0,45.0,46.15,1096949
VOLTAS,2009-04-01,46.5,50.35,45.8,49.6,2255684
VOLTAS,2009-04-02,54.4,54.4,51.2,52.3,3133638
VOLTAS,2009-04-06,53.9,53.9,50.5,51.7,1276786
VOLTAS,2009-04-08,50.0,55.05,48.55,53.9,3051701
VOLTAS,2009-04-09,54.8,57.0,53.4,55.8,4573057
VOLTAS,2009-04-13,56.85,58.35,55.0,56.45,2882920
VOLTAS,2009-04-15,56.0,60.45,55.05,58.4,5608489
VOLTAS,2009-04-16,59.9,60.9,53.0,53.95,4135769
VOLTAS,2009-04-17,55.6,58.0,54.55,55.55,3768189
VOLTAS,2009-04-20,56.9,58.0,54.6,55.45,1890669
VOLTAS,2009-04-21,54.5,60.5,53.5,59.7,4504801
VOLTAS,2009-04-22,60.0,63.2,57.0,58.25,4513782
VOLTAS,2009-04-23,57.1,62.25,50.0,60.1,6889137
VOLTAS,2009-04-24,60.3,62.75,57.25,59.3,2914522
VOLTAS,2009-04-27,59.1,63.3,57.55,61.6,4471957
VOLTAS,2009-04-28,64.0,64.9,55.35,56.25,2320702
VOLTAS,2009-04-29,56.7,60.3,56.45,59.2,1817742
VOLTAS,2009-04-30,60.0,60.0,60.0,60.0,0
VOLTAS,2009-05-04,61.0,66.5,60.05,65.65,3515573
VOLTAS,2009-05-05,67.0,69.7,66.55,68.4,4078869
VOLTAS,2009-05-06,68.5,71.1,65.05,66.35,4136631
VOLTAS,2009-05-07,68.0,69.35,65.2,66.75,2698330
VOLTAS,2009-05-08,66.9,67.5,63.5,65.1,1659643
VOLTAS,2009-05-11,65.5,65.9,61.9,64.5,1765383
VOLTAS,2009-05-12,64.0,66.0,62.7,64.7,2071963
VOLTAS,2009-05-13,65.2,68.15,63.5,65.15,3609230
VOLTAS,2009-05-14,64.5,67.35,62.15,66.2,1572080
VOLTAS,2009-05-15,67.0,67.9,65.25,66.05,1209007
VOLTAS,2009-05-18,72.0,78.8,72.0,77.45,21840
VOLTAS,2009-05-19,83.0,96.9,75.0,83.9,9424666
VOLTAS,2009-05-20,85.5,97.7,84.5,96.1,5375046
VOLTAS,2009-05-21,96.95,103.2,90.1,90.85,3039586
VOLTAS,2009-05-22,90.1,95.95,90.0,95.05,2110052
VOLTAS,2009-05-25,97.7,97.7,92.5,93.5,1174223
VOLTAS,2009-05-26,95.0,101.25,86.4,88.35,4196993
VOLTAS,2009-05-27,91.05,95.0,90.3,94.25,2056608
VOLTAS,2009-05-28,95.0,96.15,92.5,93.35,2931119
VOLTAS,2009-05-29,95.0,100.0,93.8,98.4,4246028
VOLTAS,2009-06-01,104.8,119.8,102.0,118.2,11601581
VOLTAS,2009-06-02,122.0,128.4,118.2,124.8,10556346
VOLTAS,2009-06-03,127.9,131.0,120.6,126.35,5147486
VOLTAS,2009-06-04,125.0,131.8,123.5,130.15,3839481
VOLTAS,2009-06-05,132.05,133.55,123.25,125.2,2627252
VOLTAS,2009-06-08,126.5,133.0,120.5,125.7,5734979
VOLTAS,2009-06-09,128.0,144.4,122.0,141.85,11618853
VOLTAS,2009-06-10,142.0,145.8,136.0,139.5,6631800
VOLTAS,2009-06-11,140.0,144.0,135.0,139.5,3539928
VOLTAS,2009-06-12,141.4,143.65,128.0,133.2,3018745
VOLTAS,2009-06-15,135.0,136.5,120.0,121.25,3786940
VOLTAS,2009-06-16,121.2,129.0,118.1,126.65,4075984
VOLTAS,2009-06-17,127.5,131.5,120.1,121.7,3934643
VOLTAS,2009-06-18,120.0,123.5,105.05,118.75,4632808
VOLTAS,2009-06-19,120.0,123.4,114.7,120.35,2634047
VOLTAS,2009-06-22,121.7,128.9,121.5,124.4,3932730
VOLTAS,2009-06-23,124.75,126.8,120.0,123.7,2952627
VOLTAS,2009-06-24,124.8,129.4,123.7,127.15,2062477
VOLTAS,2009-06-25,128.0,135.5,128.0,128.95,5390134
VOLTAS,2009-06-26,128.95,133.0,128.95,131.65,2132303
VOLTAS,2009-06-29,132.85,134.4,129.5,130.5,1380090
VOLTAS,2009-06-30,131.15,132.8,123.0,125.1,2550664
VOLTAS,2009-07-01,126.0,126.3,118.8,123.05,1883205
VOLTAS,2009-07-02,123.95,126.25,121.25,125.15,1292730
VOLTAS,2009-07-03,124.0,131.0,121.6,126.85,1283137
VOLTAS,2009-07-06,130.1,131.5,108.0,119.15,3955448
VOLTAS,2009-07-07,119.5,131.0,118.0,129.9,4290808
VOLTAS,2009-07-08,129.0,129.0,121.85,123.2,2451939
VOLTAS,2009-07-09,123.5,126.95,119.65,119.65,2604029
VOLTAS,2009-07-10,121.25,124.45,118.0,119.65,2508682
VOLTAS,2009-07-13,116.1,119.0,111.5,114.95,1476846
VOLTAS,2009-07-14,116.9,122.5,116.9,121.2,2099984
VOLTAS,2009-07-15,122.0,125.5,122.0,124.15,1623960
VOLTAS,2009-07-16,126.0,128.8,122.1,123.7,1980276
VOLTAS,2009-07-17,125.4,131.5,124.55,130.1,2758780
VOLTAS,2009-07-20,132.0,133.9,129.25,131.85,1977460
VOLTAS,2009-07-21,133.4,142.7,131.0,140.55,6182668
VOLTAS,2009-07-22,142.4,143.45,133.15,135.65,3462275
VOLTAS,2009-07-23,137.75,139.8,135.35,139.25,1713564
VOLTAS,2009-07-24,140.9,142.0,136.1,141.35,1467857
VOLTAS,2009-07-27,142.8,143.0,138.1,140.7,1489899
VOLTAS,2009-07-28,141.5,142.25,137.0,140.85,1112263
VOLTAS,2009-07-29,140.85,146.4,137.05,140.35,3645692
VOLTAS,2009-07-30,140.35,143.6,136.05,137.0,3636276
VOLTAS,2009-07-31,138.8,145.85,138.2,144.15,3172659
VOLTAS,2009-08-03,146.1,146.45,141.55,144.2,2086661
VOLTAS,2009-08-04,145.0,145.0,138.0,140.15,1627003
VOLTAS,2009-08-05,140.15,146.35,138.0,145.45,2689770
VOLTAS,2009-08-06,145.5,149.65,140.0,143.1,5114624
VOLTAS,2009-08-07,140.0,143.4,135.0,137.05,2294144
VOLTAS,2009-08-10,138.95,140.4,128.15,131.3,1311550
VOLTAS,2009-08-11,132.0,137.5,128.8,136.55,1228938
VOLTAS,2009-08-12,134.9,135.6,130.5,133.25,1323826
VOLTAS,2009-08-13,135.45,139.4,135.05,138.9,1703592
VOLTAS,2009-08-14,139.25,143.9,133.65,143.0,2427104
VOLTAS,2009-08-17,141.0,141.45,137.1,138.5,2468632
VOLTAS,2009-08-18,139.0,143.7,137.55,142.2,1653033
VOLTAS,2009-08-19,143.0,144.0,138.0,138.95,1616482
VOLTAS,2009-08-20,140.2,143.8,139.1,142.55,987680
VOLTAS,2009-08-21,142.0,145.4,140.5,143.2,1499444
VOLTAS,2009-08-24,144.0,147.4,144.0,144.65,1859810
VOLTAS,2009-08-25,144.05,152.9,140.6,150.25,2660606
VOLTAS,2009-08-26,153.85,156.0,151.2,152.95,2924002
VOLTAS,2009-08-27,152.75,153.6,148.4,151.15,1824381
VOLTAS,2009-08-28,153.8,165.0,153.2,160.85,5767914
VOLTAS,2009-08-31,157.8,162.3,157.0,157.8,3054552
VOLTAS,2009-09-01,160.0,160.2,149.1,150.95,2020055
VOLTAS,2009-09-02,150.95,150.95,146.3,147.65,1400215
VOLTAS,2009-09-03,149.1,151.0,145.0,145.85,1302081
VOLTAS,2009-09-04,147.6,152.45,143.6,150.85,1548107
VOLTAS,2009-09-07,153.0,154.0,151.0,153.35,1197039
VOLTAS,2009-09-08,154.0,159.2,152.55,158.0,2772994
VOLTAS,2009-09-09,158.0,158.4,152.1,153.4,1164117
VOLTAS,2009-09-10,155.0,156.45,149.4,150.45,1288701
VOLTAS,2009-09-11,151.95,152.2,145.05,146.95,1243542
VOLTAS,2009-09-14,145.0,148.2,143.2,146.6,906971
VOLTAS,2009-09-15,147.95,153.45,146.8,152.0,1430728
VOLTAS,2009-09-16,154.5,155.0,150.0,151.1,1369998
VOLTAS,2009-09-17,153.0,153.65,149.55,150.95,964817
VOLTAS,2009-09-18,150.1,154.3,150.1,151.5,1383144
VOLTAS,2009-09-22,153.4,153.75,150.65,151.4,1119114
VOLTAS,2009-09-23,151.8,151.9,146.5,147.8,1344092
VOLTAS,2009-09-24,146.1,149.8,143.7,149.05,1586597
VOLTAS,2009-09-25,147.75,151.0,146.1,147.0,644729
VOLTAS,2009-09-29,149.2,150.4,145.0,145.7,1178354
VOLTAS,2009-09-30,147.0,149.5,144.5,145.35,1689341
VOLTAS,2009-10-01,145.35,146.45,144.5,144.85,1000497
VOLTAS,2009-10-05,142.9,149.35,142.9,147.45,2013098
VOLTAS,2009-10-06,149.5,155.9,149.45,154.9,6215351
VOLTAS,2009-10-07,156.0,158.4,152.3,153.9,3236849
VOLTAS,2009-10-08,154.9,159.0,152.4,156.9,3177504
VOLTAS,2009-10-09,158.5,161.9,155.0,158.05,4131694
VOLTAS,2009-10-12,158.55,163.25,156.5,162.25,2734691
VOLTAS,2009-10-13,161.85,161.85,161.85,161.85,0
VOLTAS,2009-10-14,163.25,169.4,162.3,168.1,3906942
VOLTAS,2009-10-15,174.8,174.8,162.5,164.6,1643363
VOLTAS,2009-10-16,162.15,167.4,161.1,164.35,1071710
VOLTAS,2009-10-20,168.8,168.8,163.1,164.85,788988
VOLTAS,2009-10-21,164.85,168.4,161.2,163.0,926941
VOLTAS,2009-10-22,163.2,163.2,155.8,156.75,655979
VOLTAS,2009-10-23,158.0,159.8,151.15,154.15,652758
VOLTAS,2009-10-26,154.4,157.0,151.4,152.65,457727
VOLTAS,2009-10-27,151.0,151.0,146.0,147.25,856741
VOLTAS,2009-10-28,147.0,150.5,140.15,149.0,874245
VOLTAS,2009-10-29,145.1,156.1,145.0,153.55,3326635
VOLTAS,2009-10-30,155.0,161.0,154.5,158.25,3095257
VOLTAS,2009-11-03,159.0,160.5,142.55,149.2,2152083
VOLTAS,2009-11-04,152.0,154.5,149.6,152.55,973454
VOLTAS,2009-11-05,153.0,155.6,150.55,154.75,896245
VOLTAS,2009-11-06,156.9,163.3,155.0,161.85,2178812
VOLTAS,2009-11-09,163.0,166.9,162.5,164.5,2078280
VOLTAS,2009-11-10,165.5,165.9,158.3,159.95,640970
VOLTAS,2009-11-11,161.0,168.9,160.2,167.95,1662550
VOLTAS,2009-11-12,168.9,174.75,167.6,171.6,2520609
VOLTAS,2009-11-13,172.6,174.2,170.1,172.65,1520221
VOLTAS,2009-11-16,175.1,177.8,173.0,174.15,1524333
VOLTAS,2009-11-17,174.15,179.8,172.2,176.8,2010573
VOLTAS,2009-11-18,176.0,181.4,176.0,177.45,1807891
VOLTAS,2009-11-19,178.1,180.0,169.6,170.7,1375348
VOLTAS,2009-11-20,170.0,179.95,168.25,178.1,1207569
VOLTAS,2009-11-23,180.0,181.6,172.5,175.55,1145272
VOLTAS,2009-11-24,177.8,178.95,172.8,173.9,1001375
VOLTAS,2009-11-25,174.7,175.7,173.05,174.6,585678
VOLTAS,2009-11-26,174.2,175.2,166.6,167.75,1387942
VOLTAS,2009-11-27,161.2,169.8,156.15,167.7,2430218
VOLTAS,2009-11-30,180.0,180.0,170.0,173.9,1326148
VOLTAS,2009-12-01,175.9,177.15,174.0,175.75,688975
VOLTAS,2009-12-02,176.8,178.8,174.35,177.5,510813
VOLTAS,2009-12-03,177.5,180.55,175.0,177.6,684140
VOLTAS,2009-12-04,177.0,178.2,171.4,172.8,740108
VOLTAS,2009-12-07,172.8,173.0,168.2,170.55,608750
VOLTAS,2009-12-08,171.0,172.95,166.35,172.0,506543
VOLTAS,2009-12-09,172.0,172.0,167.2,167.95,697834
VOLTAS,2009-12-10,169.35,169.4,164.55,165.15,911112
VOLTAS,2009-12-11,168.0,169.95,163.0,165.75,660689
VOLTAS,2009-12-14,170.0,176.6,166.0,170.65,1845011
VOLTAS,2009-12-15,172.5,172.5,167.0,168.05,614072
VOLTAS,2009-12-16,169.75,170.0,164.6,165.7,606058
VOLTAS,2009-12-17,165.7,167.75,163.25,164.35,542497
VOLTAS,2009-12-18,160.05,163.9,160.05,162.05,656459
VOLTAS,2009-12-21,161.2,166.5,161.0,163.1,804165
VOLTAS,2009-12-22,164.0,165.05,161.55,161.85,970264
VOLTAS,2009-12-23,162.45,171.2,161.85,169.5,1191901
VOLTAS,2009-12-24,171.0,174.2,166.6,170.6,1208433
VOLTAS,2009-12-29,170.6,173.3,170.5,171.2,432182
VOLTAS,2009-12-30,172.4,174.15,171.6,173.5,709038
VOLTAS,2009-12-31,174.6,175.9,172.05,173.3,919906
VOLTAS,2010-01-04,174.0,176.6,171.8,175.4,659990
VOLTAS,2010-01-05,177.8,177.8,173.6,175.05,1247982
VOLTAS,2010-01-06,176.0,180.2,173.0,178.9,1419089
VOLTAS,2010-01-07,178.9,185.25,177.3,184.1,2523865
VOLTAS,2010-01-08,184.4,186.0,180.15,181.0,1219163
VOLTAS,2010-01-11,182.9,183.9,176.6,178.7,740947
VOLTAS,2010-01-12,178.95,182.75,177.0,178.1,929940
VOLTAS,2010-01-13,177.8,187.15,175.7,185.5,1716786
VOLTAS,2010-01-14,186.0,188.0,182.65,184.25,882199
VOLTAS,2010-01-15,186.85,188.9,183.55,184.8,1288825
VOLTAS,2010-01-18,183.25,184.85,180.45,181.65,887589
VOLTAS,2010-01-19,181.65,188.0,181.65,186.45,1093153
VOLTAS,2010-01-20,189.0,189.4,174.7,183.25,1105306
VOLTAS,2010-01-21,183.7,183.7,177.0,178.0,813019
VOLTAS,2010-01-22,175.0,181.35,171.0,180.35,1032707
VOLTAS,2010-01-25,180.35,180.35,168.8,171.6,1378714
VOLTAS,2010-01-27,168.7,169.6,155.0,157.5,5055030
VOLTAS,2010-01-28,161.9,162.9,155.2,157.1,2426664
VOLTAS,2010-01-29,155.2,159.8,150.1,157.4,761236
VOLTAS,2010-02-01,157.75,161.35,154.55,158.0,1131172
VOLTAS,2010-02-02,161.25,163.8,155.5,159.1,1366633
VOLTAS,2010-02-03,160.95,166.45,158.85,164.25,1412380
VOLTAS,2010-02-04,164.5,166.5,158.55,159.6,1183731
VOLTAS,2010-02-05,153.2,156.0,151.05,154.65,1207827
VOLTAS,2010-02-08,150.35,157.95,150.35,153.9,977593
VOLTAS,2010-02-09,155.0,157.5,152.7,156.55,642318
VOLTAS,2010-02-10,158.0,164.8,157.65,162.9,1054788
VOLTAS,2010-02-11,164.6,165.45,158.3,159.85,1333798
VOLTAS,2010-02-15,161.5,161.85,157.7,159.85,483352
VOLTAS,2010-02-16,160.05,161.9,157.55,160.95,344928
VOLTAS,2010-02-17,161.5,163.4,159.65,160.5,415860
VOLTAS,2010-02-18,161.0,161.0,157.1,158.5,463269
VOLTAS,2010-02-19,157.0,157.0,151.6,152.7,869377
VOLTAS,2010-02-22,155.0,155.3,151.85,153.0,695313
VOLTAS,2010-02-23,153.45,154.35,148.5,152.75,863449
VOLTAS,2010-02-24,149.1,158.0,149.1,157.15,528214
VOLTAS,2010-02-25,158.5,159.1,151.85,152.95,552283
VOLTAS,2010-02-26,154.4,159.0,152.35,155.6,721710
VOLTAS,2010-03-02,159.0,164.2,156.25,162.7,1046822
VOLTAS,2010-03-03,163.0,165.9,163.0,164.65,673038
VOLTAS,2010-03-04,164.1,169.15,163.5,168.1,942751
VOLTAS,2010-03-05,168.15,172.8,167.3,169.3,1028883
VOLTAS,2010-03-08,171.7,172.3,164.1,168.55,1012359
VOLTAS,2010-03-09,167.1,169.5,165.25,166.2,399670
VOLTAS,2010-03-10,165.1,169.1,164.65,165.65,548701
VOLTAS,2010-03-11,171.0,171.95,166.05,170.05,538185
VOLTAS,2010-03-12,172.0,174.2,168.0,169.3,1172865
VOLTAS,2010-03-15,168.1,172.0,165.55,166.0,443755
VOLTAS,2010-03-16,167.0,168.55,164.55,167.75,956412
VOLTAS,2010-03-17,173.0,173.0,167.5,168.1,978297
VOLTAS,2010-03-18,169.05,171.6,167.05,170.35,768982
VOLTAS,2010-03-19,169.6,173.6,169.6,172.95,718539
VOLTAS,2010-03-22,169.35,177.8,168.15,176.65,1252423
VOLTAS,2010-03-23,177.9,179.7,175.8,177.2,1020998
VOLTAS,2010-03-25,177.0,178.3,175.8,177.0,440713
VOLTAS,2010-03-26,178.0,181.9,177.1,178.2,885260
VOLTAS,2010-03-29,179.0,179.8,174.7,175.35,304375
VOLTAS,2010-03-30,176.0,177.75,172.0,173.2,302099
VOLTAS,2010-03-31,174.15,179.7,173.0,176.45,960418
VOLTAS,2010-04-01,178.35,178.5,175.55,176.6,235755
VOLTAS,2010-04-05,180.0,182.0,176.3,179.45,420700
VOLTAS,2010-04-06,179.45,180.7,176.8,178.25,561299
VOLTAS,2010-04-07,178.25,179.45,176.3,177.45,331250
VOLTAS,2010-04-08,179.5,183.4,176.6,182.3,1698852
VOLTAS,2010-04-09,184.25,187.9,183.55,185.85,1646078
VOLTAS,2010-04-12,188.8,191.6,185.3,189.65,2084751
VOLTAS,2010-04-13,189.65,190.25,186.15,189.75,835115
VOLTAS,2010-04-15,190.4,190.95,182.0,182.85,1191459
VOLTAS,2010-04-16,172.0,182.4,172.0,180.6,1056674
VOLTAS,2010-04-19,180.5,181.6,175.15,180.55,515203
VOLTAS,2010-04-20,182.45,186.4,180.6,185.55,737683
VOLTAS,2010-04-21,186.15,187.4,183.35,184.3,419305
VOLTAS,2010-04-22,183.45,187.45,182.15,183.85,403921
VOLTAS,2010-04-23,184.7,185.45,181.6,182.7,221373
VOLTAS,2010-04-26,183.0,184.95,182.3,183.25,169546
VOLTAS,2010-04-27,182.5,184.65,179.6,180.5,247060
VOLTAS,2010-04-28,178.0,182.8,175.4,176.9,906712
VOLTAS,2010-04-29,180.0,180.5,177.1,179.1,608889
VOLTAS,2010-04-30,180.0,183.7,179.8,180.95,369625
VOLTAS,2010-05-03,180.0,182.35,177.0,177.85,325339
VOLTAS,2010-05-04,178.2,179.5,173.3,174.05,357892
VOLTAS,2010-05-05,170.0,174.0,168.8,173.0,831619
VOLTAS,2010-05-06,173.8,173.8,167.4,170.4,666029
VOLTAS,2010-05-07,168.75,173.0,165.15,171.25,1441743
VOLTAS,2010-05-10,172.1,178.9,171.1,177.65,433508
VOLTAS,2010-05-11,178.9,178.9,175.9,177.35,419511
VOLTAS,2010-05-12,178.8,181.5,177.4,179.65,687435
VOLTAS,2010-05-13,180.55,181.4,178.0,178.7,622485
VOLTAS,2010-05-14,178.7,179.45,175.6,177.8,436406
VOLTAS,2010-05-17,174.15,180.0,169.75,178.3,1237706
VOLTAS,2010-05-18,179.0,179.0,174.6,177.75,1309415
VOLTAS,2010-05-19,176.0,177.9,174.25,174.75,1011671
VOLTAS,2010-05-20,174.5,182.15,173.5,180.45,523692
VOLTAS,2010-05-21,178.0,178.0,172.7,175.15,647570
VOLTAS,2010-05-24,176.2,177.45,169.5,170.8,302409
VOLTAS,2010-05-25,169.0,169.4,157.05,162.25,932611
VOLTAS,2010-05-26,164.5,168.4,164.2,167.45,409907
VOLTAS,2010-05-27,166.25,171.7,164.0,170.95,482719
VOLTAS,2010-05-28,173.7,176.9,171.05,172.05,532785
VOLTAS,2010-05-31,177.0,181.6,174.0,180.05,2043970
VOLTAS,2010-06-01,180.0,184.5,178.0,180.55,1884973
VOLTAS,2010-06-02,180.0,183.95,179.5,183.35,896276
VOLTAS,2010-06-03,184.8,186.8,183.95,185.15,893860
VOLTAS,2010-06-04,184.0,186.0,181.25,184.95,828826
VOLTAS,2010-06-07,183.0,184.5,178.55,183.25,921921
VOLTAS,2010-06-08,183.0,187.8,183.0,185.4,1221298
VOLTAS,2010-06-09,186.0,190.9,185.35,189.9,748891
VOLTAS,2010-06-10,192.0,192.95,187.25,189.2,1161170
VOLTAS,2010-06-11,191.85,192.2,187.8,189.8,806731
VOLTAS,2010-06-14,189.8,191.4,186.6,188.25,893030
VOLTAS,2010-06-15,188.25,190.7,186.85,188.0,910994
VOLTAS,2010-06-16,185.25,189.5,182.8,183.65,1653442
VOLTAS,2010-06-17,184.0,190.65,182.0,188.8,1568257
VOLTAS,2010-06-18,190.4,192.9,188.45,189.55,1144764
VOLTAS,2010-06-21,192.0,198.7,190.05,196.9,1757583
VOLTAS,2010-06-22,196.8,203.4,195.0,200.95,3048939
VOLTAS,2010-06-23,201.45,205.2,199.5,202.05,1717717
VOLTAS,2010-06-24,203.7,205.0,200.25,201.0,1272018
VOLTAS,2010-06-25,200.0,201.5,194.3,196.15,1897092
VOLTAS,2010-06-28,195.5,200.5,194.45,197.2,1562618
VOLTAS,2010-06-29,197.2,199.0,195.3,197.1,408467
VOLTAS,2010-06-30,194.5,199.0,194.4,198.55,358542
VOLTAS,2010-07-01,197.7,201.5,195.5,198.7,901346
VOLTAS,2010-07-02,200.0,203.8,199.55,201.95,1536279
VOLTAS,2010-07-05,203.7,205.75,200.1,204.05,562089
VOLTAS,2010-07-06,203.2,204.8,202.3,203.15,199987
VOLTAS,2010-07-07,202.2,203.9,200.7,202.7,244292
VOLTAS,2010-07-08,203.7,209.8,203.15,204.55,1152700
VOLTAS,2010-07-09,205.5,207.5,205.4,206.55,477602
VOLTAS,2010-07-12,206.25,210.45,205.1,207.25,601971
VOLTAS,2010-07-13,206.25,209.55,206.25,206.85,534674
VOLTAS,2010-07-14,208.0,210.0,202.85,203.7,923785
VOLTAS,2010-07-15,203.0,205.35,202.0,202.9,453275
VOLTAS,2010-07-16,202.5,203.5,199.5,200.05,489388
VOLTAS,2010-07-19,199.5,202.6,196.7,201.2,890633
VOLTAS,2010-07-20,202.5,203.7,200.5,201.95,350997
VOLTAS,2010-07-21,203.35,203.35,201.2,202.15,339293
VOLTAS,2010-07-22,207.5,212.0,205.65,207.85,1786688
VOLTAS,2010-07-23,209.25,211.8,205.85,207.0,1236928
VOLTAS,2010-07-26,202.0,208.4,202.0,203.85,268011
VOLTAS,2010-07-27,203.0,207.85,203.0,205.2,810999
VOLTAS,2010-07-28,206.25,208.7,204.15,206.85,1323192
VOLTAS,2010-07-29,204.5,210.75,204.5,207.65,2652776
VOLTAS,2010-07-30,206.1,215.6,205.2,212.5,1857251
VOLTAS,2010-08-02,213.0,216.7,208.4,209.4,1267525
VOLTAS,2010-08-03,211.0,212.5,209.35,209.85,568867
VOLTAS,2010-08-04,209.75,212.6,208.0,208.8,442781
VOLTAS,2010-08-05,210.7,210.7,205.0,205.55,465650
VOLTAS,2010-08-06,205.6,213.6,205.6,212.0,775686
VOLTAS,2010-08-09,212.0,213.45,210.25,211.7,403755
VOLTAS,2010-08-10,211.7,212.45,208.8,210.2,482997
VOLTAS,2010-08-11,210.0,210.7,203.7,204.3,475884
VOLTAS,2010-08-12,200.2,204.4,199.25,200.4,943267
VOLTAS,2010-08-13,201.0,208.05,201.0,207.0,581401
VOLTAS,2010-08-16,209.0,209.3,203.1,204.75,263768
VOLTAS,2010-08-17,206.0,208.0,201.7,202.4,452599
VOLTAS,2010-08-18,204.0,205.35,202.4,203.9,320817
VOLTAS,2010-08-19,205.0,208.75,204.55,206.2,693015
VOLTAS,2010-08-20,206.9,208.0,203.5,206.25,324757
VOLTAS,2010-08-23,205.5,206.5,203.8,204.9,320763
VOLTAS,2010-08-24,204.05,206.65,202.6,204.3,336478
VOLTAS,2010-08-25,205.45,208.9,202.0,203.95,756843
VOLTAS,2010-08-26,202.5,207.85,200.55,206.55,755064
VOLTAS,2010-08-27,207.8,208.5,202.5,203.4,279845
VOLTAS,2010-08-30,206.0,206.0,201.5,204.05,175111
VOLTAS,2010-08-31,203.0,204.0,194.5,200.15,815665
VOLTAS,2010-09-01,203.0,206.0,200.1,203.95,376871
VOLTAS,2010-09-02,205.0,211.65,203.5,209.05,849552
VOLTAS,2010-09-03,210.0,214.8,208.85,209.5,757586
VOLTAS,2010-09-06,213.8,219.6,211.3,218.2,1284725
VOLTAS,2010-09-07,223.9,223.9,210.3,217.7,678843
VOLTAS,2010-09-08,216.95,223.05,215.55,218.65,964085
VOLTAS,2010-09-09,219.95,228.95,219.0,227.7,1704573
VOLTAS,2010-09-13,228.5,231.0,224.75,225.25,642095
VOLTAS,2010-09-14,229.9,229.9,223.4,224.85,652637
VOLTAS,2010-09-15,225.0,228.4,221.65,222.55,345687
VOLTAS,2010-09-16,221.5,225.8,218.0,219.0,853270
VOLTAS,2010-09-17,220.0,227.95,220.0,226.6,785362
VOLTAS,2010-09-20,225.9,238.25,225.5,236.3,2469094
VOLTAS,2010-09-21,238.05,239.75,230.5,232.6,988719
VOLTAS,2010-09-22,233.0,233.95,226.1,230.5,1265118
VOLTAS,2010-09-23,231.0,234.95,228.25,230.9,525857
VOLTAS,2010-09-24,230.3,233.9,228.2,233.1,853093
VOLTAS,2010-09-27,235.9,241.0,233.5,237.55,1531116
VOLTAS,2010-09-28,238.0,247.85,236.6,245.2,3446008
VOLTAS,2010-09-29,248.1,250.0,242.8,246.75,1549409
VOLTAS,2010-09-30,246.7,248.75,236.75,241.4,2923701
VOLTAS,2010-10-01,241.4,247.8,241.4,242.65,1161401
VOLTAS,2010-10-04,245.7,247.4,242.25,245.8,691231
VOLTAS,2010-10-05,245.8,247.4,240.25,241.05,705074
VOLTAS,2010-10-06,243.05,246.45,241.95,243.5,481940
VOLTAS,2010-10-07,244.0,257.4,238.95,241.15,3602970
VOLTAS,2010-10-08,244.85,245.75,236.6,239.2,690915
VOLTAS,2010-10-11,242.4,244.85,240.35,242.3,552187
VOLTAS,2010-10-12,244.0,245.9,238.35,240.25,302836
VOLTAS,2010-10-13,241.8,248.5,239.6,245.6,3073392
VOLTAS,2010-10-14,248.45,248.8,237.15,238.75,1796433
VOLTAS,2010-10-15,240.6,241.15,233.5,234.55,832736
VOLTAS,2010-10-18,235.9,237.5,228.0,235.75,710996
VOLTAS,2010-10-19,236.15,240.85,233.25,235.3,701351
VOLTAS,2010-10-20,234.0,235.4,229.65,230.95,427678
VOLTAS,2010-10-21,232.8,236.25,231.5,235.15,394751
VOLTAS,2010-10-22,236.1,241.8,236.1,238.9,778067
VOLTAS,2010-10-25,241.0,245.0,235.2,244.05,986390
VOLTAS,2010-10-26,244.9,245.7,237.4,241.1,1039150
VOLTAS,2010-10-27,239.05,247.4,234.35,246.0,2067295
VOLTAS,2010-10-28,248.0,253.0,238.4,241.25,3099446
VOLTAS,2010-10-29,244.8,248.8,240.0,245.2,691395
VOLTAS,2010-11-01,248.0,248.05,242.1,242.45,696286
VOLTAS,2010-11-02,242.5,243.15,238.3,239.5,620999
VOLTAS,2010-11-03,241.95,252.5,240.15,249.7,1029418
VOLTAS,2010-11-04,253.7,256.4,249.05,255.1,916706
VOLTAS,2010-11-08,250.15,261.8,249.15,258.55,857234
VOLTAS,2010-11-09,260.65,260.65,255.0,259.05,471419
VOLTAS,2010-11-10,258.0,258.8,254.2,255.45,139610
VOLTAS,2010-11-11,256.2,262.4,251.15,252.55,715329
VOLTAS,2010-11-12,253.0,256.9,250.5,252.5,1174758
VOLTAS,2010-11-15,253.0,255.5,246.7,252.45,741463
VOLTAS,2010-11-16,252.45,254.9,247.3,248.55,533310
VOLTAS,2010-11-18,249.3,254.7,248.05,252.8,762698
VOLTAS,2010-11-19,256.0,256.0,245.1,246.75,1057629
VOLTAS,2010-11-22,248.0,248.95,242.05,246.15,419273
VOLTAS,2010-11-23,245.95,247.75,232.5,242.0,469517
VOLTAS,2010-11-24,242.8,247.0,241.1,243.2,513315
VOLTAS,2010-11-25,245.0,247.0,234.85,244.65,597467
VOLTAS,2010-11-26,241.0,246.5,230.15,244.3,664149
VOLTAS,2010-11-29,242.65,249.0,236.1,247.35,750779
VOLTAS,2010-11-30,248.05,248.05,240.05,243.8,519457
VOLTAS,2010-12-01,245.0,257.6,241.5,256.05,651300
VOLTAS,2010-12-02,259.0,259.9,250.35,252.65,443820
VOLTAS,2010-12-03,255.0,255.0,240.1,242.65,390793
VOLTAS,2010-12-06,244.8,246.85,241.5,242.55,222198
VOLTAS,2010-12-07,239.1,243.35,235.0,238.45,220405
VOLTAS,2010-12-08,236.95,237.05,231.0,233.0,390463
VOLTAS,2010-12-09,236.0,236.0,223.3,229.4,799075
VOLTAS,2010-12-10,234.0,235.4,224.15,231.4,611176
VOLTAS,2010-12-13,230.1,240.65,225.5,236.1,1244138
VOLTAS,2010-12-14,235.0,238.5,232.35,234.65,321320
VOLTAS,2010-12-15,235.1,235.1,223.05,225.8,435925
VOLTAS,2010-12-16,225.0,226.95,215.55,219.7,2313887
VOLTAS,2010-12-20,221.1,222.95,213.5,215.1,837549
VOLTAS,2010-12-21,217.0,220.8,215.3,219.9,604649
VOLTAS,2010-12-22,220.0,223.55,219.05,222.2,511740
VOLTAS,2010-12-23,222.9,225.4,220.1,220.75,260145
VOLTAS,2010-12-24,220.0,226.0,217.5,221.25,181783
VOLTAS,2010-12-27,221.8,221.95,217.85,219.35,142755
VOLTAS,2010-12-28,215.25,220.95,215.25,216.8,142568
VOLTAS,2010-12-29,216.0,217.5,213.0,215.55,403967
VOLTAS,2010-12-30,216.9,216.95,213.5,215.05,692208
VOLTAS,2010-12-31,215.6,219.7,214.1,217.7,1258577
VOLTAS,2011-01-03,219.0,226.4,218.0,225.65,963114
VOLTAS,2011-01-04,227.4,227.5,221.6,222.95,689487
VOLTAS,2011-01-05,222.95,225.6,219.05,220.7,399698
VOLTAS,2011-01-06,221.9,222.35,217.05,218.4,219599
VOLTAS,2011-01-07,218.85,218.85,212.75,214.55,313162
VOLTAS,2011-01-10,215.5,215.5,203.5,207.2,647657
VOLTAS,2011-01-11,207.0,214.0,204.55,210.35,769592
VOLTAS,2011-01-12,213.05,213.05,207.05,209.65,772038
VOLTAS,2011-01-13,210.65,211.65,207.1,209.2,327506
VOLTAS,2011-01-14,205.15,210.9,205.15,206.9,295592
VOLTAS,2011-01-17,207.0,207.0,201.5,204.25,193805
VOLTAS,2011-01-18,205.0,217.5,205.0,210.0,596192
VOLTAS,2011-01-19,212.9,213.0,208.4,209.8,180268
VOLTAS,2011-01-20,208.4,210.8,207.0,209.95,196197
VOLTAS,2011-01-21,208.0,214.8,207.15,211.15,290171
VOLTAS,2011-01-24,211.0,212.9,209.2,210.85,237581
VOLTAS,2011-01-25,211.4,217.4,210.1,215.5,669716
VOLTAS,2011-01-27,216.0,219.8,207.0,212.9,1614905
VOLTAS,2011-01-28,210.0,211.95,196.55,198.6,1552245
VOLTAS,2011-01-31,195.4,197.0,186.7,192.0,985047
VOLTAS,2011-02-01,194.0,194.25,185.1,187.2,2280302
VOLTAS,2011-02-02,186.0,190.0,184.8,187.9,1178555
VOLTAS,2011-02-03,186.0,186.0,168.9,180.95,4919276
VOLTAS,2011-02-04,180.0,190.75,171.05,172.85,3028886
VOLTAS,2011-02-07,172.85,174.8,170.05,171.1,878614
VOLTAS,2011-02-08,171.0,172.3,167.0,167.9,901586
VOLTAS,2011-02-09,167.85,171.4,159.05,162.8,758358
VOLTAS,2011-02-10,162.35,168.0,159.6,165.6,550571
VOLTAS,2011-02-11,168.0,171.75,158.45,170.0,782848
VOLTAS,2011-02-14,172.45,179.9,171.1,178.95,556108
VOLTAS,2011-02-15,183.0,184.0,175.05,176.8,903382
VOLTAS,2011-02-16,176.8,178.8,173.6,177.45,601606
VOLTAS,2011-02-17,178.7,179.15,175.1,177.25,359550
VOLTAS,2011-02-18,179.0,179.7,168.0,169.8,285938
VOLTAS,2011-02-21,169.0,172.0,165.55,171.1,334613
VOLTAS,2011-02-22,169.95,174.3,166.9,168.3,641349
VOLTAS,2011-02-23,168.05,172.75,163.35,164.1,676219
VOLTAS,2011-02-24,162.05,165.7,157.55,158.8,1323139
VOLTAS,2011-02-25,159.95,162.9,156.2,159.05,392235
VOLTAS,2011-02-28,160.0,167.9,160.0,164.6,1256023
VOLTAS,2011-03-01,166.0,168.45,163.8,165.3,869621
VOLTAS,2011-03-03,166.05,168.9,159.55,161.8,894107
VOLTAS,2011-03-04,162.5,164.0,155.75,157.3,1039015
VOLTAS,2011-03-07,157.3,159.0,153.05,156.95,533328
VOLTAS,2011-03-08,157.0,160.5,156.5,157.15,398299
VOLTAS,2011-03-09,158.05,159.75,157.2,157.75,337747
VOLTAS,2011-03-10,157.75,158.4,156.0,156.4,168034
VOLTAS,2011-03-11,155.7,157.0,149.4,150.85,1211262
VOLTAS,2011-03-14,150.0,157.95,147.0,156.9,1602310
VOLTAS,2011-03-15,155.0,155.0,149.7,151.6,558549
VOLTAS,2011-03-16,153.0,160.0,152.15,158.95,1643551
VOLTAS,2011-03-17,157.0,163.4,155.4,158.9,1353881
VOLTAS,2011-03-18,161.15,161.9,156.9,157.65,582506
VOLTAS,2011-03-21,159.0,160.9,153.05,155.0,371860
VOLTAS,2011-03-22,157.0,158.85,156.0,156.85,446698
VOLTAS,2011-03-23,156.6,162.65,155.1,161.95,1654424
VOLTAS,2011-03-24,162.0,167.15,162.0,165.8,1334495
VOLTAS,2011-03-25,166.5,174.65,166.5,171.7,3204173
VOLTAS,2011-03-28,173.0,174.8,168.7,170.25,2246120
VOLTAS,2011-03-29,170.8,174.9,170.65,172.95,761847
VOLTAS,2011-03-30,172.95,183.0,172.95,181.65,1495515
VOLTAS,2011-03-31,181.0,184.75,179.5,182.65,2621911
VOLTAS,2011-04-01,182.8,182.8,176.5,178.5,2828602
VOLTAS,2011-04-04,177.95,181.5,177.95,180.3,926742
VOLTAS,2011-04-05,181.5,187.75,180.1,184.55,1997273
VOLTAS,2011-04-06,186.0,188.65,184.05,185.0,2967593
VOLTAS,2011-04-07,186.5,186.5,181.2,182.3,828586
VOLTAS,2011-04-08,182.0,185.0,180.05,181.35,578857
VOLTAS,2011-04-11,181.3,181.3,175.1,175.85,555933
VOLTAS,2011-04-13,175.5,176.6,173.5,176.2,679951
VOLTAS,2011-04-15,176.25,179.3,172.6,175.2,564531
VOLTAS,2011-04-18,176.3,180.7,169.25,170.65,979212
VOLTAS,2011-04-19,172.0,173.8,168.15,172.3,608044
VOLTAS,2011-04-20,173.3,177.5,172.9,173.5,856512
VOLTAS,2011-04-21,175.0,177.0,173.8,174.7,419948
VOLTAS,2011-04-25,175.05,180.4,175.0,176.7,1074635
VOLTAS,2011-04-26,177.0,177.25,173.0,175.55,600022
VOLTAS,2011-04-27,175.5,177.0,173.3,174.2,280945
VOLTAS,2011-04-28,175.2,175.45,164.8,166.1,1685831
VOLTAS,2011-04-29,165.5,167.75,163.0,165.3,621714
VOLTAS,2011-05-02,167.3,169.75,163.65,168.25,1070413
VOLTAS,2011-05-03,171.4,171.4,163.0,164.1,398171
VOLTAS,2011-05-04,150.05,167.8,150.05,166.95,709109
VOLTAS,2011-05-05,167.7,168.9,165.05,168.15,602868
VOLTAS,2011-05-06,168.4,170.5,166.5,168.25,280171
VOLTAS,2011-05-09,168.4,170.5,166.7,167.6,336522
VOLTAS,2011-05-10,166.2,168.5,166.1,167.7,339242
VOLTAS,2011-05-11,168.0,172.0,166.5,170.0,232615
VOLTAS,2011-05-12,170.05,174.65,164.55,165.35,930712
VOLTAS,2011-05-13,166.55,167.5,161.3,165.0,499743
VOLTAS,2011-05-16,164.75,164.8,161.6,162.5,465229
VOLTAS,2011-05-17,163.05,163.9,159.0,161.7,671593
VOLTAS,2011-05-18,160.0,162.5,159.6,160.9,411460
VOLTAS,2011-05-19,160.9,162.0,151.2,152.3,1277865
VOLTAS,2011-05-20,153.0,164.8,147.05,161.7,3175511
VOLTAS,2011-05-23,161.45,164.9,158.95,164.15,1053311
VOLTAS,2011-05-24,164.85,165.1,162.05,164.6,422123
VOLTAS,2011-05-25,164.5,165.95,161.3,162.55,283660
VOLTAS,2011-05-26,162.5,168.2,162.0,163.35,564558
VOLTAS,2011-05-27,164.9,165.9,163.55,164.65,229371
VOLTAS,2011-05-30,165.5,168.6,165.5,167.45,379445
VOLTAS,2011-05-31,168.0,171.3,166.0,168.3,685664
VOLTAS,2011-06-01,169.45,170.7,165.95,168.6,440531
VOLTAS,2011-06-02,168.0,168.0,164.7,166.05,189372
VOLTAS,2011-06-03,165.65,167.45,164.1,164.8,164919
VOLTAS,2011-06-06,163.8,164.5,162.35,163.7,119359
VOLTAS,2011-06-07,163.7,166.0,163.05,164.1,229697
VOLTAS,2011-06-08,163.7,164.75,160.6,161.55,651260
VOLTAS,2011-06-09,161.55,163.0,160.9,162.3,247185
VOLTAS,2011-06-10,163.5,163.5,161.1,162.1,182602
VOLTAS,2011-06-13,162.1,162.55,160.8,162.15,73901
VOLTAS,2011-06-14,162.9,169.55,161.4,168.75,615428
VOLTAS,2011-06-15,169.0,170.0,162.85,164.1,633233
VOLTAS,2011-06-16,164.1,167.6,161.1,166.7,700182
VOLTAS,2011-06-17,166.7,168.0,164.1,165.9,546863
VOLTAS,2011-06-20,165.7,165.7,157.0,161.15,349867
VOLTAS,2011-06-21,162.0,162.95,158.7,159.55,436708
VOLTAS,2011-06-22,159.55,162.65,155.5,157.55,511871
VOLTAS,2011-06-23,156.05,157.0,153.0,154.75,1233574
VOLTAS,2011-06-24,154.75,158.9,154.75,157.95,576383
VOLTAS,2011-06-27,157.75,159.65,157.1,158.85,248363
VOLTAS,2011-06-28,160.95,162.0,159.05,161.05,488515
VOLTAS,2011-06-29,162.0,163.5,157.0,159.65,2587521
VOLTAS,2011-06-30,161.05,161.6,157.25,159.6,1662822
VOLTAS,2011-07-01,161.0,161.5,157.65,158.9,1121694
VOLTAS,2011-07-04,161.05,163.9,160.0,163.2,1899939
VOLTAS,2011-07-05,163.85,169.35,163.85,168.45,3210805
VOLTAS,2011-07-06,169.55,169.8,163.0,163.8,1660843
VOLTAS,2011-07-07,164.0,167.65,163.55,166.6,1158859
VOLTAS,2011-07-08,166.6,167.5,163.65,165.1,677594
VOLTAS,2011-07-11,164.0,164.25,161.2,161.55,519054
VOLTAS,2011-07-12,161.55,161.55,156.25,157.3,653841
VOLTAS,2011-07-13,160.0,160.0,157.0,158.8,295099
VOLTAS,2011-07-14,159.3,161.4,157.5,160.05,418452
VOLTAS,2011-07-15,160.05,162.5,159.0,160.0,331852
VOLTAS,2011-07-18,160.85,161.3,158.25,158.8,275798
VOLTAS,2011-07-19,158.25,161.0,158.0,159.65,547093
VOLTAS,2011-07-20,160.0,160.45,153.65,154.6,1113482
VOLTAS,2011-07-21,155.05,155.05,148.0,148.65,1505273
VOLTAS,2011-07-22,151.0,151.0,146.6,147.2,1402617
VOLTAS,2011-07-25,149.7,149.7,142.0,142.5,1803202
VOLTAS,2011-07-26,143.85,145.25,140.55,143.1,1905378
VOLTAS,2011-07-27,144.5,145.2,141.6,143.15,1379313
VOLTAS,2011-07-28,142.95,143.1,139.45,141.6,1604539
VOLTAS,2011-07-29,142.4,144.4,135.15,137.15,2052418
VOLTAS,2011-08-01,138.0,140.05,132.1,135.1,2234317
VOLTAS,2011-08-02,135.0,136.95,132.55,134.05,2111053
VOLTAS,2011-08-03,132.7,133.8,128.3,131.6,1119217
VOLTAS,2011-08-04,132.0,134.6,130.65,131.45,541749
VOLTAS,2011-08-05,125.0,132.4,123.5,131.5,1466783
VOLTAS,2011-08-08,128.0,135.5,125.55,133.15,1160519
VOLTAS,2011-08-09,127.0,132.65,127.0,130.1,1949718
VOLTAS,2011-08-10,131.5,134.4,126.1,133.55,852300
VOLTAS,2011-08-11,132.95,136.9,130.1,133.5,1087706
VOLTAS,2011-08-12,134.6,135.8,132.2,133.7,610921
VOLTAS,2011-08-16,132.0,136.9,130.1,132.95,961432
VOLTAS,2011-08-17,132.1,133.45,128.0,130.35,988136
VOLTAS,2011-08-18,131.95,132.0,129.0,129.9,1254384
VOLTAS,2011-08-19,126.0,128.5,115.15,116.85,2368834
VOLTAS,2011-08-22,119.0,124.7,111.5,115.15,1906691
VOLTAS,2011-08-23,116.2,119.6,113.2,114.3,2746473
VOLTAS,2011-08-24,117.9,117.9,113.55,114.9,1053095
VOLTAS,2011-08-25,114.9,116.25,111.8,112.45,1002024
VOLTAS,2011-08-26,111.8,112.7,108.15,110.6,635230
VOLTAS,2011-08-29,111.1,114.95,110.95,113.75,565131
VOLTAS,2011-08-30,115.4,117.35,113.05,116.0,564525
VOLTAS,2011-09-02,117.35,121.7,115.1,120.9,1064572
VOLTAS,2011-09-05,119.8,122.9,118.1,120.5,682404
VOLTAS,2011-09-06,118.95,120.7,115.15,119.7,777271
VOLTAS,2011-09-07,120.7,124.25,120.0,121.95,1727534
VOLTAS,2011-09-08,122.95,126.65,121.65,124.75,1680272
VOLTAS,2011-09-09,124.95,125.35,121.2,122.3,1093208
VOLTAS,2011-09-12,121.9,121.9,117.2,118.65,1312598
VOLTAS,2011-09-13,117.0,122.9,117.0,118.95,1183705
VOLTAS,2011-09-14,120.1,120.1,115.2,117.3,1395410
VOLTAS,2011-09-15,118.25,119.9,117.5,119.3,696129
VOLTAS,2011-09-16,120.6,125.0,118.0,123.35,1124936
VOLTAS,2011-09-19,123.95,124.6,118.35,118.8,1064690
VOLTAS,2011-09-20,116.0,120.9,115.0,120.2,782699
VOLTAS,2011-09-21,122.0,124.8,120.3,121.1,801259
VOLTAS,2011-09-22,120.5,121.0,118.1,118.8,731827
VOLTAS,2011-09-23,117.25,117.65,115.3,117.05,294609
VOLTAS,2011-09-26,117.0,119.35,115.35,117.75,417085
VOLTAS,2011-09-27,119.9,120.5,118.15,119.75,322888
VOLTAS,2011-09-28,120.85,122.0,119.25,119.9,755617
VOLTAS,2011-09-29,118.0,120.6,116.6,119.55,1113387
VOLTAS,2011-09-30,119.0,119.5,108.55,111.15,1510368
VOLTAS,2011-10-03,108.25,108.95,104.1,105.0,785831
VOLTAS,2011-10-04,104.5,107.45,102.15,103.0,902015
VOLTAS,2011-10-05,103.4,105.4,102.2,102.55,674951
VOLTAS,2011-10-07,103.1,108.65,103.1,104.75,1168192
VOLTAS,2011-10-10,104.75,106.5,100.4,101.9,1660340
VOLTAS,2011-10-11,103.0,104.4,99.5,100.7,1305165
VOLTAS,2011-10-12,101.0,101.4,99.0,100.4,2424536
VOLTAS,2011-10-13,101.4,105.4,101.0,102.2,3454628
VOLTAS,2011-10-14,102.9,105.85,102.15,105.5,1499246
VOLTAS,2011-10-17,106.4,107.0,103.05,103.45,1495740
VOLTAS,2011-10-18,102.7,102.7,98.35,99.3,1970333
VOLTAS,2011-10-19,99.9,100.95,99.0,100.05,1324757
VOLTAS,2011-10-20,99.25,99.95,98.3,99.55,791672
VOLTAS,2011-10-21,100.45,100.65,96.1,96.7,1353280
VOLTAS,2011-10-24,98.2,98.9,95.6,96.0,1157147
VOLTAS,2011-10-25,96.25,97.0,94.8,96.15,1049715
VOLTAS,2011-10-28,101.0,102.75,98.7,100.55,2257946
VOLTAS,2011-10-31,100.7,101.9,99.1,99.8,1121441
VOLTAS,2011-11-01,99.55,101.5,97.55,98.75,523169
VOLTAS,2011-11-02,98.2,100.4,97.6,98.95,457252
VOLTAS,2011-11-03,98.2,100.45,98.2,100.2,445074
VOLTAS,2011-11-04,101.75,106.0,100.6,105.45,2144237
VOLTAS,2011-11-08,106.4,109.45,106.0,107.8,1805812
VOLTAS,2011-11-09,106.0,108.4,101.4,102.2,1486671
VOLTAS,2011-11-11,99.25,99.25,94.25,95.2,2669405
VOLTAS,2011-11-14,96.3,96.5,92.0,93.1,1036333
VOLTAS,2011-11-15,94.45,94.45,91.35,91.75,880958
VOLTAS,2011-11-16,92.05,93.95,89.05,89.95,1214986
VOLTAS,2011-11-17,89.95,91.0,88.1,88.5,980022
VOLTAS,2011-11-18,88.15,88.75,85.75,86.95,883706
VOLTAS,2011-11-21,87.75,87.75,82.0,83.4,707105
VOLTAS,2011-11-22,83.6,85.95,81.35,84.3,582216
VOLTAS,2011-11-23,84.3,85.7,81.95,84.05,698291
VOLTAS,2011-11-24,84.05,88.0,82.2,87.2,873915
VOLTAS,2011-11-25,87.2,91.3,85.8,89.55,896509
VOLTAS,2011-11-28,93.9,99.0,89.65,91.0,569727
VOLTAS,2011-11-29,79.85,94.95,79.85,91.8,466553
VOLTAS,2011-11-30,91.7,92.5,89.3,91.7,367339
VOLTAS,2011-12-01,93.0,94.95,88.0,91.0,712489
VOLTAS,2011-12-02,91.35,92.65,89.1,92.0,425055
VOLTAS,2011-12-05,92.0,92.3,90.5,91.3,298680
VOLTAS,2011-12-07,91.45,92.5,89.4,89.95,782370
VOLTAS,2011-12-08,89.7,90.9,87.2,88.1,599895
VOLTAS,2011-12-09,88.1,88.8,85.25,87.75,1381916
VOLTAS,2011-12-12,87.8,88.85,84.25,84.85,1196875
VOLTAS,2011-12-13,85.0,85.9,83.15,85.0,882613
VOLTAS,2011-12-14,85.05,88.4,83.25,83.75,1405463
VOLTAS,2011-12-15,84.0,84.65,81.3,83.2,764928
VOLTAS,2011-12-16,83.2,84.9,78.6,79.8,674178
VOLTAS,2011-12-19,78.5,79.8,74.4,78.65,619810
VOLTAS,2011-12-20,75.25,79.5,75.25,75.95,538240
VOLTAS,2011-12-21,76.7,78.55,74.5,75.85,732485
VOLTAS,2011-12-22,75.85,79.1,73.5,78.4,1462834
VOLTAS,2011-12-23,78.4,81.85,78.4,80.4,514529
VOLTAS,2011-12-26,80.4,82.85,80.0,81.1,267031
VOLTAS,2011-12-27,81.7,82.1,76.65,77.05,785726
VOLTAS,2011-12-28,87.25,87.25,74.1,76.1,612539
VOLTAS,2011-12-29,76.1,76.1,71.7,72.65,1436049
VOLTAS,2011-12-30,73.95,73.95,71.65,73.45,629913
VOLTAS,2012-01-02,73.45,75.4,72.25,75.15,351870
VOLTAS,2012-01-03,75.2,79.9,75.0,79.25,915060
VOLTAS,2012-01-04,79.15,80.7,77.3,78.85,619608
VOLTAS,2012-01-05,79.0,79.8,75.8,76.7,478245
VOLTAS,2012-01-06,74.05,78.45,73.8,76.3,801192
VOLTAS,2012-01-09,77.0,81.2,75.6,80.4,891522
VOLTAS,2012-01-10,81.5,83.15,81.0,82.6,1006948
VOLTAS,2012-01-11,82.35,84.75,82.05,82.95,816400
VOLTAS,2012-01-12,82.1,87.0,82.1,85.1,1652407
VOLTAS,2012-01-13,86.3,88.75,85.7,86.5,1048547
VOLTAS,2012-01-16,85.9,87.25,84.25,86.8,834020
VOLTAS,2012-01-17,86.6,92.8,86.0,92.0,2456092
VOLTAS,2012-01-18,94.0,94.9,81.0,82.25,10258588
VOLTAS,2012-01-19,82.45,89.45,77.65,88.3,7718279
VOLTAS,2012-01-20,90.0,93.25,88.5,92.1,5193540
VOLTAS,2012-01-23,92.0,94.9,91.1,91.95,1511071
VOLTAS,2012-01-24,91.0,96.3,89.6,95.3,2133508
VOLTAS,2012-01-25,96.2,98.35,95.25,97.3,3337809
VOLTAS,2012-01-27,100.0,100.0,94.1,94.95,2184324
VOLTAS,2012-01-30,95.25,95.25,89.9,90.8,1702761
VOLTAS,2012-01-31,91.0,96.95,90.2,96.4,1637376
VOLTAS,2012-02-01,96.5,97.8,94.15,95.65,2160907
VOLTAS,2012-02-02,96.75,98.15,93.8,95.05,2395606
VOLTAS,2012-02-03,95.0,95.25,92.4,93.5,1015212
VOLTAS,2012-02-06,95.3,104.3,94.5,103.4,6908155
VOLTAS,2012-02-07,110.0,110.0,98.8,99.5,3267274
VOLTAS,2012-02-08,98.5,100.8,96.45,97.25,2228775
VOLTAS,2012-02-09,97.8,101.85,96.65,100.75,2106821
VOLTAS,2012-02-10,100.75,104.0,98.5,99.95,2079018
VOLTAS,2012-02-13,101.4,101.4,97.1,97.65,1413663
VOLTAS,2012-02-14,97.0,97.35,93.3,94.6,3406253
VOLTAS,2012-02-15,93.25,119.35,93.25,117.7,31077733
VOLTAS,2012-02-16,118.3,119.85,110.8,111.6,8420853
VOLTAS,2012-02-17,113.0,114.3,107.05,108.45,6182399
VOLTAS,2012-02-21,110.0,119.2,108.5,114.6,11636349
VOLTAS,2012-02-22,115.9,117.4,100.65,103.0,8236901
VOLTAS,2012-02-23,97.25,113.3,97.25,111.0,8211697
VOLTAS,2012-02-24,112.0,112.95,107.2,108.5,3949940
VOLTAS,2012-02-27,113.0,113.0,100.7,104.55,4923575
VOLTAS,2012-02-28,109.0,110.4,105.0,108.45,3047931
VOLTAS,2012-02-29,110.4,115.65,108.0,109.85,5442023
VOLTAS,2012-03-01,110.05,114.45,106.0,113.35,4403862
VOLTAS,2012-03-02,115.4,121.8,113.5,116.25,8610827
VOLTAS,2012-03-05,115.9,116.2,110.35,111.0,2700195
VOLTAS,2012-03-06,111.0,114.5,106.3,107.55,2828141
VOLTAS,2012-03-07,106.9,109.2,104.45,108.0,3031701
VOLTAS,2012-03-09,110.85,116.95,110.7,116.1,3454277
VOLTAS,2012-03-12,119.65,127.3,117.5,126.55,9683157
VOLTAS,2012-03-13,129.25,132.6,127.5,129.85,7897901
VOLTAS,2012-03-14,131.35,131.8,127.1,128.2,3214499
VOLTAS,2012-03-15,128.0,130.6,124.2,125.3,2522426
VOLTAS,2012-03-16,126.2,132.9,125.1,129.35,5050630
VOLTAS,2012-03-19,130.5,131.75,121.7,122.7,3376223
VOLTAS,2012-03-20,122.25,126.25,119.4,122.4,3632414
VOLTAS,2012-03-21,120.6,125.5,120.6,124.8,3084383
VOLTAS,2012-03-22,126.0,129.3,119.4,120.95,4039938
VOLTAS,2012-03-23,120.5,123.2,113.8,116.05,5434067
VOLTAS,2012-03-26,116.0,116.2,107.7,109.3,4053550
VOLTAS,2012-03-27,111.15,113.65,109.55,110.4,3368266
VOLTAS,2012-03-28,111.0,112.75,105.35,105.95,2728029
VOLTAS,2012-03-29,105.0,110.7,103.5,109.45,4648019
VOLTAS,2012-03-30,110.5,113.05,109.5,112.25,1661498
VOLTAS,2012-04-02,112.75,114.7,112.5,113.35,1058258
VOLTAS,2012-04-03,115.45,120.15,115.0,118.7,3557395
VOLTAS,2012-04-04,119.0,122.2,110.5,121.2,4281112
VOLTAS,2012-04-09,121.2,123.25,118.1,121.2,2740288
VOLTAS,2012-04-10,119.5,122.4,117.1,117.9,1622388
VOLTAS,2012-04-11,117.2,118.4,114.85,115.45,1372303
VOLTAS,2012-04-12,116.2,120.3,116.0,118.3,1500843
VOLTAS,2012-04-13,120.0,121.1,115.7,116.15,1358134
VOLTAS,2012-04-16,115.05,117.45,114.0,116.4,1090237
VOLTAS,2012-04-17,117.1,119.65,116.2,119.0,1100449
VOLTAS,2012-04-18,119.85,121.2,116.5,117.1,914167
VOLTAS,2012-04-19,116.5,119.4,116.5,118.1,708210
VOLTAS,2012-04-20,116.1,118.5,115.0,115.2,665703
VOLTAS,2012-04-23,115.25,116.35,110.65,111.5,858478
VOLTAS,2012-04-24,112.0,116.35,110.7,115.55,1348907
VOLTAS,2012-04-25,116.3,117.15,111.6,114.0,1181669
VOLTAS,2012-04-26,114.0,114.7,111.2,111.75,868623
VOLTAS,2012-04-27,112.5,114.2,107.15,108.7,1114607
VOLTAS,2012-04-30,108.8,110.5,106.9,109.3,1528573
VOLTAS,2012-05-02,110.0,112.45,110.0,110.85,1101505
VOLTAS,2012-05-03,110.4,110.55,108.15,109.45,542076
VOLTAS,2012-05-04,108.5,108.8,106.0,106.85,783464
VOLTAS,2012-05-07,103.5,110.0,101.5,109.85,2462350
VOLTAS,2012-05-08,110.1,111.15,106.3,107.65,831685
VOLTAS,2012-05-09,109.5,109.5,105.05,106.55,789357
VOLTAS,2012-05-10,106.45,110.1,106.4,109.55,1142641
VOLTAS,2012-05-11,109.05,111.0,105.1,107.3,2247252
VOLTAS,2012-05-14,106.85,108.9,105.5,108.4,731969
VOLTAS,2012-05-15,109.5,112.5,106.7,110.65,1249863
VOLTAS,2012-05-16,109.35,111.0,103.25,106.1,2972301
VOLTAS,2012-05-17,105.25,107.55,98.4,99.0,2670182
VOLTAS,2012-05-18,97.0,98.0,93.7,95.95,3771576
VOLTAS,2012-05-21,96.1,99.0,96.1,98.3,1340004
VOLTAS,2012-05-22,100.8,100.8,94.7,95.7,1451038
VOLTAS,2012-05-23,95.7,96.4,90.7,91.15,1883421
VOLTAS,2012-05-24,92.0,92.4,88.6,90.45,2678462
VOLTAS,2012-05-25,91.05,103.35,91.05,101.45,13517631
VOLTAS,2012-05-28,101.0,108.0,99.55,107.0,7017805
VOLTAS,2012-05-29,105.65,107.0,101.0,102.0,4414218
VOLTAS,2012-05-30,101.0,102.15,97.7,98.3,4415096
VOLTAS,2012-05-31,96.95,101.0,96.3,100.2,2679401
VOLTAS,2012-06-01,99.55,102.0,96.8,97.35,1819619
VOLTAS,2012-06-04,97.0,97.0,93.0,94.7,2294337
VOLTAS,2012-06-05,96.7,98.05,95.2,95.55,1863775
VOLTAS,2012-06-06,95.0,99.5,90.95,99.1,2147077
VOLTAS,2012-06-07,101.8,103.4,99.9,103.05,3779534
VOLTAS,2012-06-08,103.0,104.85,102.0,104.25,2219124
VOLTAS,2012-06-11,105.0,111.4,104.6,108.25,5649063
VOLTAS,2012-06-12,107.2,108.9,106.0,107.15,3468870
VOLTAS,2012-06-13,107.3,107.3,103.05,104.0,2638389
VOLTAS,2012-06-14,105.5,105.85,99.8,101.2,1985341
VOLTAS,2012-06-15,101.95,103.15,101.5,102.0,1047513
VOLTAS,2012-06-18,103.4,105.75,101.1,102.1,1625395
VOLTAS,2012-06-19,102.6,102.65,98.65,100.15,1992645
VOLTAS,2012-06-20,100.0,102.8,100.0,100.35,1517035
VOLTAS,2012-06-21,101.2,103.8,100.0,103.2,3029410
VOLTAS,2012-06-22,101.65,102.9,101.05,102.05,1282488
VOLTAS,2012-06-25,102.8,104.8,100.0,100.35,1646819
VOLTAS,2012-06-26,100.65,102.2,100.15,101.1,925501
VOLTAS,2012-06-27,102.05,102.85,101.0,101.95,887309
VOLTAS,2012-06-28,102.65,103.15,101.1,102.0,1043529
VOLTAS,2012-06-29,103.0,106.4,102.55,104.7,2243264
VOLTAS,2012-07-02,105.0,108.25,104.85,107.2,1925167
VOLTAS,2012-07-03,108.1,108.9,106.2,107.35,945273
VOLTAS,2012-07-04,108.0,116.2,107.7,115.2,7384629
VOLTAS,2012-07-05,115.5,117.7,115.35,116.75,2865080
VOLTAS,2012-07-06,116.5,117.1,113.2,114.4,1624623
VOLTAS,2012-07-09,114.05,114.4,109.05,109.75,1352799
VOLTAS,2012-07-10,108.4,116.1,108.4,115.0,2910370
VOLTAS,2012-07-11,115.0,115.1,112.5,113.0,1021842
VOLTAS,2012-07-12,113.0,114.4,110.55,113.4,1124028
VOLTAS,2012-07-13,114.35,115.5,112.25,113.2,1154058
VOLTAS,2012-07-16,113.35,114.9,100.8,111.7,1214824
VOLTAS,2012-07-17,112.1,114.15,108.4,108.95,1142656
VOLTAS,2012-07-18,109.0,114.4,109.0,113.7,1861722
VOLTAS,2012-07-19,115.25,116.5,113.2,115.65,1790076
VOLTAS,2012-07-20,116.2,116.45,113.0,113.8,1007355
VOLTAS,2012-07-23,116.0,116.0,108.25,109.2,819708
VOLTAS,2012-07-24,110.5,111.45,105.65,107.25,1529111
VOLTAS,2012-07-25,107.6,108.35,105.3,105.9,1002574
VOLTAS,2012-07-26,106.4,108.25,100.1,101.0,1723673
VOLTAS,2012-07-27,103.0,104.9,98.5,99.95,1393442
VOLTAS,2012-07-30,100.0,105.05,100.0,104.7,1376613
VOLTAS,2012-07-31,104.65,106.7,101.7,106.3,2026880
VOLTAS,2012-08-01,101.0,105.6,101.0,104.15,4993713
VOLTAS,2012-08-02,101.0,107.85,101.0,107.05,5608228
VOLTAS,2012-08-03,106.85,106.85,103.6,105.0,1293493
VOLTAS,2012-08-06,106.05,108.3,104.5,107.15,1624193
VOLTAS,2012-08-07,108.1,110.85,107.55,109.4,2493180
VOLTAS,2012-08-08,110.8,110.95,108.05,108.75,1108765
VOLTAS,2012-08-09,109.0,109.8,106.0,107.25,1051071
VOLTAS,2012-08-10,106.5,107.5,103.25,105.15,1485619
VOLTAS,2012-08-13,105.05,110.1,104.2,108.85,1107911
VOLTAS,2012-08-14,107.0,112.6,107.0,111.3,2282099
VOLTAS,2012-08-16,112.15,113.45,111.15,111.75,1286393
VOLTAS,2012-08-17,112.05,114.8,111.0,112.7,1578311
VOLTAS,2012-08-21,113.35,114.5,110.1,112.6,947349
VOLTAS,2012-08-22,112.0,113.65,110.6,111.25,690543
VOLTAS,2012-08-23,113.0,116.8,111.65,116.4,3037661
VOLTAS,2012-08-24,119.9,119.9,113.0,113.45,3378777
VOLTAS,2012-08-27,113.15,114.0,109.2,110.95,1520574
VOLTAS,2012-08-28,110.0,112.15,108.0,110.55,1423924
VOLTAS,2012-08-29,111.0,112.4,109.55,110.75,977468
VOLTAS,2012-08-30,110.15,112.85,109.0,111.75,821270
VOLTAS,2012-08-31,111.2,112.2,109.6,110.2,736610
VOLTAS,2012-09-03,110.9,112.4,109.8,110.5,513231
VOLTAS,2012-09-04,111.2,111.75,108.75,109.7,841370
VOLTAS,2012-09-05,110.5,110.5,106.2,106.7,700185
VOLTAS,2012-09-06,109.0,110.5,105.05,109.45,1168886
VOLTAS,2012-09-07,111.15,112.5,110.5,111.55,864650
VOLTAS,2012-09-10,112.45,114.25,111.25,111.9,1066174
VOLTAS,2012-09-11,113.8,113.8,111.5,111.9,749229
VOLTAS,2012-09-12,112.35,116.4,111.9,113.9,2606188
VOLTAS,2012-09-13,115.0,115.0,111.2,111.8,856983
VOLTAS,2012-09-14,113.35,116.5,113.0,116.25,1563301
VOLTAS,2012-09-17,118.6,122.75,116.7,121.2,4118657
VOLTAS,2012-09-18,122.5,122.95,120.6,121.0,2133341
VOLTAS,2012-09-20,119.55,121.55,118.1,120.3,1471183
VOLTAS,2012-09-21,121.0,128.85,121.0,125.3,4312263
VOLTAS,2012-09-24,127.7,130.9,125.5,126.85,2595732
VOLTAS,2012-09-25,127.05,128.45,123.2,126.8,1321077
VOLTAS,2012-09-26,126.75,135.4,125.35,134.7,3959581
VOLTAS,2012-09-27,134.9,136.3,125.8,126.7,4515673
VOLTAS,2012-09-28,128.0,129.3,124.25,124.95,2206552
VOLTAS,2012-10-01,123.95,124.8,121.55,122.05,2459287
VOLTAS,2012-10-03,124.4,124.8,120.7,122.7,2199036
VOLTAS,2012-10-04,123.0,124.65,121.0,122.15,2186714
VOLTAS,2012-10-05,122.9,123.65,117.65,120.9,1809908
VOLTAS,2012-10-08,121.0,124.75,119.5,120.3,3259471
VOLTAS,2012-10-09,121.0,125.7,120.1,124.45,5166796
VOLTAS,2012-10-10,123.9,124.4,120.2,120.6,1476733
VOLTAS,2012-10-11,120.8,125.8,119.7,125.2,1845275
VOLTAS,2012-10-12,125.7,127.3,123.55,124.1,2061642
VOLTAS,2012-10-15,124.25,124.9,122.25,122.75,801222
VOLTAS,2012-10-16,123.85,123.85,118.0,118.6,955300
VOLTAS,2012-10-17,119.5,121.3,116.9,119.3,1404976
VOLTAS,2012-10-18,120.0,121.5,118.15,120.7,1202986
VOLTAS,2012-10-19,121.05,121.35,117.3,118.25,969607
VOLTAS,2012-10-22,117.8,118.55,114.75,115.3,1282564
VOLTAS,2012-10-23,115.4,115.75,111.9,112.5,1692104
VOLTAS,2012-10-25,113.7,115.5,111.6,115.05,2212015
VOLTAS,2012-10-29,114.65,114.65,110.8,112.1,753079
VOLTAS,2012-10-30,112.3,113.95,107.1,109.8,980195
VOLTAS,2012-10-31,110.95,111.75,108.0,110.8,846386
VOLTAS,2012-11-01,110.8,115.25,109.7,114.75,1276636
VOLTAS,2012-11-02,115.0,117.25,114.3,115.9,1316137
VOLTAS,2012-11-05,115.0,119.0,111.1,117.15,1921298
VOLTAS,2012-11-06,114.4,114.95,111.75,113.75,3090625
VOLTAS,2012-11-07,114.05,115.9,111.5,112.25,1729458
VOLTAS,2012-11-08,112.0,114.9,110.6,114.0,1337522
VOLTAS,2012-11-09,114.9,115.45,112.2,112.8,736286
VOLTAS,2012-11-12,113.1,113.85,111.15,112.45,617834
VOLTAS,2012-11-15,111.4,112.5,108.85,109.45,988938
VOLTAS,2012-11-16,108.1,111.0,106.05,106.6,1147786
VOLTAS,2012-11-19,107.0,107.75,104.6,105.9,831768
VOLTAS,2012-11-20,106.9,107.8,101.85,102.4,1841268
VOLTAS,2012-11-21,103.05,104.8,100.85,103.9,1227518
VOLTAS,2012-11-22,106.0,106.0,101.5,103.45,1050330
VOLTAS,2012-11-23,103.6,104.2,101.5,102.1,1110072
VOLTAS,2012-11-26,102.55,104.15,102.45,103.75,868271
VOLTAS,2012-11-27,103.95,106.6,103.95,105.25,1567469
VOLTAS,2012-11-29,105.25,108.15,104.3,107.2,1216044
VOLTAS,2012-11-30,106.65,109.85,106.65,108.3,1478331
VOLTAS,2012-12-03,105.15,111.95,105.15,111.05,1237547
VOLTAS,2012-12-04,111.9,115.05,111.55,114.55,1828442
VOLTAS,2012-12-05,113.0,116.5,112.35,113.25,1971501
VOLTAS,2012-12-06,114.0,115.5,112.0,114.4,1087178
VOLTAS,2012-12-07,114.0,116.75,112.0,112.85,2637702
VOLTAS,2012-12-10,112.85,114.05,109.3,110.1,1484716
VOLTAS,2012-12-11,109.5,111.7,106.5,107.35,1315109
VOLTAS,2012-12-12,107.0,108.75,105.4,106.05,1532910
VOLTAS,2012-12-13,107.0,107.75,103.8,104.25,1401224
VOLTAS,2012-12-14,105.4,105.4,102.45,104.6,2015663
VOLTAS,2012-12-17,104.6,110.35,104.35,109.0,3424380
VOLTAS,2012-12-18,110.75,110.9,107.1,110.1,1964557
VOLTAS,2012-12-19,111.2,111.85,109.05,109.9,1313345
VOLTAS,2012-12-20,110.0,110.0,108.0,108.75,1144227
VOLTAS,2012-12-21,110.7,114.0,104.3,104.5,1886424
VOLTAS,2012-12-24,104.0,105.5,103.15,103.6,1613900
VOLTAS,2012-12-26,107.0,107.0,103.7,104.7,1236641
VOLTAS,2012-12-27,105.55,105.95,103.25,103.85,2698952
VOLTAS,2012-12-28,104.95,105.5,103.9,105.1,961322
VOLTAS,2012-12-31,105.8,106.5,104.6,105.9,1106006
VOLTAS,2013-01-01,106.0,107.8,106.0,106.8,1302458
VOLTAS,2013-01-02,107.5,109.3,107.2,108.95,1744268
VOLTAS,2013-01-03,109.55,110.55,108.45,108.85,1877255
VOLTAS,2013-01-04,109.0,109.0,106.4,106.9,2433752
VOLTAS,2013-01-07,105.1,107.7,104.65,105.0,2154205
VOLTAS,2013-01-08,105.1,108.7,104.2,108.25,3280252
VOLTAS,2013-01-09,109.0,110.5,105.65,106.4,3398949
VOLTAS,2013-01-10,107.35,107.85,105.2,106.15,1277543
VOLTAS,2013-01-11,105.3,107.15,103.5,104.05,1411644
VOLTAS,2013-01-14,104.55,105.75,103.25,105.45,1500667
VOLTAS,2013-01-15,106.0,106.75,104.3,104.85,1301868
VOLTAS,2013-01-16,104.9,107.0,102.5,102.7,2831211
VOLTAS,2013-01-17,102.6,103.4,100.4,101.25,2740526
VOLTAS,2013-01-18,101.8,102.75,100.1,100.7,2323769
VOLTAS,2013-01-21,101.25,102.15,100.7,101.3,1675439
VOLTAS,2013-01-22,101.9,103.0,98.25,98.55,2571802
VOLTAS,2013-01-23,99.0,99.65,96.1,97.7,2491678
VOLTAS,2013-01-24,98.0,99.8,95.4,96.6,2283504
VOLTAS,2013-01-25,96.5,98.25,94.5,97.55,1294512
VOLTAS,2013-01-28,98.0,98.75,96.5,96.85,968669
VOLTAS,2013-01-29,97.9,98.25,96.3,96.75,925778
VOLTAS,2013-01-30,96.7,97.85,96.3,97.1,878410
VOLTAS,2013-01-31,97.1,98.8,96.7,97.7,2419482
VOLTAS,2013-02-01,98.4,99.15,97.5,98.15,927762
VOLTAS,2013-02-04,98.75,99.5,96.35,97.7,1387065
VOLTAS,2013-02-05,97.9,98.45,95.8,98.05,1760520
VOLTAS,2013-02-06,98.4,99.0,96.6,96.95,876075
VOLTAS,2013-02-07,97.0,97.7,96.05,96.9,635633
VOLTAS,2013-02-08,97.0,97.1,94.8,95.45,637014
VOLTAS,2013-02-11,96.3,99.95,94.25,95.75,1858118
VOLTAS,2013-02-12,96.1,97.15,93.75,95.0,1814864
VOLTAS,2013-02-13,95.85,96.3,92.85,93.1,1196011
VOLTAS,2013-02-14,93.55,93.55,88.05,88.95,2220446
VOLTAS,2013-02-15,88.95,88.95,86.4,87.35,1555120
VOLTAS,2013-02-18,88.0,89.8,88.0,88.85,1555677
VOLTAS,2013-02-19,90.0,90.55,88.2,89.75,1469484
VOLTAS,2013-02-20,90.0,91.4,88.7,89.1,1001058
VOLTAS,2013-02-21,89.1,89.1,86.5,87.2,982644
VOLTAS,2013-02-22,87.2,87.95,86.2,87.0,1095393
VOLTAS,2013-02-25,87.1,87.85,83.1,86.0,1411273
VOLTAS,2013-02-26,85.6,85.65,82.8,83.5,1636487
VOLTAS,2013-02-27,84.0,86.0,81.8,84.7,1638716
VOLTAS,2013-02-28,85.95,86.25,77.2,79.05,4202981
VOLTAS,2013-03-01,79.5,82.45,78.85,81.65,1249653
VOLTAS,2013-03-04,81.75,82.65,79.2,82.0,1441754
VOLTAS,2013-03-05,82.4,83.25,82.0,82.6,915960
VOLTAS,2013-03-06,82.6,84.2,82.3,83.1,1814419
VOLTAS,2013-03-07,83.1,83.65,82.35,82.95,1107838
VOLTAS,2013-03-08,83.9,83.9,81.3,81.65,2205739
VOLTAS,2013-03-11,82.0,82.8,80.6,81.55,3421854
VOLTAS,2013-03-12,82.0,83.7,81.5,83.4,1730035
VOLTAS,2013-03-13,83.7,85.9,83.0,84.7,3758712
VOLTAS,2013-03-14,85.0,85.2,82.5,84.5,1738899
VOLTAS,2013-03-15,84.85,85.9,84.05,84.9,1252096
VOLTAS,2013-03-18,84.0,84.5,82.95,83.85,604286
VOLTAS,2013-03-19,84.0,84.35,81.65,82.2,1173065
VOLTAS,2013-03-20,82.2,82.4,77.6,78.55,1209147
VOLTAS,2013-03-21,78.95,79.95,75.2,76.05,1532076
VOLTAS,2013-03-22,76.05,77.05,73.15,76.25,1439130
VOLTAS,2013-03-25,77.5,78.6,74.5,75.1,784967
VOLTAS,2013-03-26,75.1,75.8,74.3,75.1,847631
VOLTAS,2013-03-28,75.3,76.9,74.05,75.35,1001942
VOLTAS,2013-04-01,75.6,79.0,75.6,78.4,1395625
VOLTAS,2013-04-02,78.7,79.6,77.8,78.4,1840652
VOLTAS,2013-04-03,78.05,80.9,76.65,77.85,1359944
VOLTAS,2013-04-04,77.0,77.5,75.35,75.75,774892
VOLTAS,2013-04-05,75.75,77.2,75.7,76.55,952029
VOLTAS,2013-04-08,76.85,77.1,75.0,76.2,606236
VOLTAS,2013-04-09,76.5,78.75,76.5,77.25,1724310
VOLTAS,2013-04-10,77.7,78.55,77.0,78.15,989373
VOLTAS,2013-04-11,77.3,79.0,77.3,77.6,691404
VOLTAS,2013-04-12,77.0,79.25,76.6,78.85,865206
VOLTAS,2013-04-15,79.0,80.95,79.0,80.3,1533763
VOLTAS,2013-04-16,80.0,81.1,79.3,80.85,978663
VOLTAS,2013-04-17,81.25,82.0,79.65,80.1,1242971
VOLTAS,2013-04-18,79.1,81.65,79.1,81.35,790596
VOLTAS,2013-04-22,82.0,83.4,80.95,82.85,933611
VOLTAS,2013-04-23,83.7,84.5,82.95,83.95,985255
VOLTAS,2013-04-25,84.2,86.9,84.2,85.65,2574414
VOLTAS,2013-04-26,85.0,86.35,83.55,84.1,687718
VOLTAS,2013-04-29,84.0,86.0,84.0,85.0,567324
VOLTAS,2013-04-30,85.5,86.1,84.15,85.25,799913
VOLTAS,2013-05-02,85.9,87.2,85.1,86.2,879043
VOLTAS,2013-05-03,86.1,86.75,84.5,85.7,1148116
VOLTAS,2013-05-06,85.5,87.15,85.4,86.8,624543
VOLTAS,2013-05-07,86.25,90.35,86.25,89.8,2137499
VOLTAS,2013-05-08,90.7,90.85,87.55,88.65,1224956
VOLTAS,2013-05-09,88.5,90.2,87.85,88.4,967792
VOLTAS,2013-05-10,88.9,89.45,88.35,88.7,391987
VOLTAS,2013-05-13,88.0,88.9,86.4,87.0,707028
VOLTAS,2013-05-14,86.5,87.35,85.7,86.95,426142
VOLTAS,2013-05-15,87.1,89.4,87.1,88.6,538200
VOLTAS,2013-05-16,89.4,89.95,87.6,88.1,667527
VOLTAS,2013-05-17,87.5,95.6,87.5,94.3,2604859
VOLTAS,2013-05-20,93.85,96.7,91.5,92.15,4485343
VOLTAS,2013-05-21,90.0,92.0,88.1,89.0,2748389
VOLTAS,2013-05-22,90.0,90.0,83.0,83.65,1432270
VOLTAS,2013-05-23,81.3,84.95,80.95,84.1,2570005
VOLTAS,2013-05-24,84.0,86.35,81.75,86.0,1415571
VOLTAS,2013-05-27,85.0,85.65,83.1,84.25,1410186
VOLTAS,2013-05-28,84.25,86.45,84.2,85.4,1007658
VOLTAS,2013-05-29,85.0,85.8,84.75,85.5,566541
VOLTAS,2013-05-30,84.0,86.8,83.75,85.1,2141490
VOLTAS,2013-05-31,84.0,84.6,82.8,83.75,934358
VOLTAS,2013-06-03,83.0,85.4,83.0,84.85,499143
VOLTAS,2013-06-04,85.2,86.25,82.5,82.95,1020863
VOLTAS,2013-06-05,82.1,84.15,82.0,83.6,660206
VOLTAS,2013-06-06,83.6,84.6,83.2,84.0,520255
VOLTAS,2013-06-07,84.7,84.9,81.4,81.85,718605
VOLTAS,2013-06-10,81.6,82.85,79.3,79.7,671844
VOLTAS,2013-06-11,79.1,82.4,77.3,81.55,1955912
VOLTAS,2013-06-12,81.75,83.8,81.1,83.55,1644094
VOLTAS,2013-06-13,81.65,83.0,79.65,80.9,1227394
VOLTAS,2013-06-14,81.1,82.9,81.1,81.9,433579
VOLTAS,2013-06-17,81.5,82.75,79.55,81.45,569844
VOLTAS,2013-06-18,82.4,83.5,81.8,82.15,794599
VOLTAS,2013-06-19,82.2,84.5,81.95,83.35,2041672
VOLTAS,2013-06-20,82.0,86.05,80.7,83.95,1537167
VOLTAS,2013-06-21,83.0,86.45,82.85,85.4,1953912
VOLTAS,2013-06-24,85.0,85.65,81.35,81.8,1696889
VOLTAS,2013-06-25,82.0,85.0,79.15,84.5,1833138
VOLTAS,2013-06-26,84.9,85.0,80.75,81.0,891167
VOLTAS,2013-06-27,81.25,82.25,78.4,78.75,2065936
VOLTAS,2013-06-28,79.05,81.9,79.05,80.95,1364454
VOLTAS,2013-07-01,80.95,83.25,80.95,82.9,683163
VOLTAS,2013-07-02,82.9,84.4,80.85,81.3,482528
VOLTAS,2013-07-03,81.0,81.95,78.65,79.2,774080
VOLTAS,2013-07-04,80.0,80.25,77.3,79.55,738355
VOLTAS,2013-07-05,80.0,81.25,78.5,79.6,766145
VOLTAS,2013-07-08,78.05,81.5,77.9,80.45,987736
VOLTAS,2013-07-09,80.05,82.75,80.05,82.35,835407
VOLTAS,2013-07-10,82.85,83.3,79.8,80.45,626035
VOLTAS,2013-07-11,80.75,84.9,80.75,83.9,1253551
VOLTAS,2013-07-12,84.25,86.0,83.2,83.95,953748
VOLTAS,2013-07-15,83.85,86.4,82.7,85.85,869195
VOLTAS,2013-07-16,83.0,84.85,82.2,84.25,950269
VOLTAS,2013-07-17,83.8,84.85,79.9,80.95,810831
VOLTAS,2013-07-18,80.55,84.5,80.35,83.65,858740
VOLTAS,2013-07-19,83.05,84.2,80.3,80.75,469385
VOLTAS,2013-07-22,81.85,82.5,80.0,81.65,346536
VOLTAS,2013-07-23,81.75,84.45,81.75,83.75,1022730
VOLTAS,2013-07-24,82.95,84.0,81.05,82.85,871689
VOLTAS,2013-07-25,81.9,85.5,80.65,84.5,1286772
VOLTAS,2013-07-26,85.0,86.9,82.5,83.4,1423970
VOLTAS,2013-07-29,82.5,82.85,80.0,80.4,711935
VOLTAS,2013-07-30,80.6,80.9,78.1,79.1,1214905
VOLTAS,2013-07-31,78.1,78.8,74.55,77.8,1119829
VOLTAS,2013-08-01,77.75,79.15,74.2,76.25,1142910
VOLTAS,2013-08-02,75.7,75.95,71.2,74.6,2167171
VOLTAS,2013-08-05,74.15,76.7,72.0,74.85,719858
VOLTAS,2013-08-06,72.75,74.45,71.95,72.7,783687
VOLTAS,2013-08-07,72.5,75.65,72.1,74.5,1405903
VOLTAS,2013-08-08,75.4,77.7,73.8,76.85,571524
VOLTAS,2013-08-12,77.0,78.45,74.6,76.05,549875
VOLTAS,2013-08-13,77.05,77.85,75.5,76.35,778697
VOLTAS,2013-08-14,74.35,74.35,71.25,73.3,1503205
VOLTAS,2013-08-16,73.35,73.85,69.45,70.0,846711
VOLTAS,2013-08-19,69.0,69.85,66.5,66.85,1073791
VOLTAS,2013-08-20,66.95,70.4,65.45,69.6,1413304
VOLTAS,2013-08-21,70.4,71.8,65.85,66.9,830110
VOLTAS,2013-08-22,66.0,69.0,66.0,67.8,747204
VOLTAS,2013-08-23,67.35,69.4,67.25,68.0,666619
VOLTAS,2013-08-26,69.0,69.45,66.0,66.85,1867610
VOLTAS,2013-08-27,67.85,67.95,65.4,66.15,774283
VOLTAS,2013-08-28,66.5,67.7,64.75,66.95,923718
VOLTAS,2013-08-29,67.8,68.0,65.95,67.65,598322
VOLTAS,2013-08-30,67.65,68.75,66.4,67.0,873370
VOLTAS,2013-09-02,67.1,69.3,66.75,68.85,1674001
VOLTAS,2013-09-03,69.85,70.0,63.45,64.1,1509299
VOLTAS,2013-09-04,64.0,65.8,62.5,64.8,996342
VOLTAS,2013-09-05,65.5,67.1,65.1,65.95,994590
VOLTAS,2013-09-06,66.5,66.8,65.05,66.05,2288973
VOLTAS,2013-09-10,66.75,67.8,66.0,66.8,1874102
VOLTAS,2013-09-11,67.1,69.5,67.05,69.05,4100794
VOLTAS,2013-09-12,70.05,73.2,70.05,72.05,3541215
VOLTAS,2013-09-13,71.75,77.2,71.45,76.7,2633481
VOLTAS,2013-09-16,77.9,78.5,73.3,74.55,1549929
VOLTAS,2013-09-17,74.0,74.75,72.85,74.2,467108
VOLTAS,2013-09-18,73.6,75.4,72.2,73.3,659617
VOLTAS,2013-09-19,74.8,76.45,73.95,75.8,1174536
VOLTAS,2013-09-20,75.5,77.1,72.3,75.05,1351138
VOLTAS,2013-09-23,74.75,74.85,73.05,73.85,708728
VOLTAS,2013-09-24,73.0,74.5,72.0,72.4,520093
VOLTAS,2013-09-25,72.0,73.6,71.65,73.25,510160
VOLTAS,2013-09-26,73.0,77.7,72.05,75.9,2501567
VOLTAS,2013-09-27,76.5,78.55,73.0,74.1,1688315
VOLTAS,2013-09-30,73.9,74.65,72.65,73.9,394967
VOLTAS,2013-10-01,74.0,76.4,74.0,76.0,567098
VOLTAS,2013-10-03,77.0,81.65,75.9,80.75,2408984
VOLTAS,2013-10-04,81.2,82.25,79.7,80.25,1738871
VOLTAS,2013-10-07,80.6,82.0,79.2,81.45,986605
VOLTAS,2013-10-08,82.0,82.65,80.1,80.5,1154447
VOLTAS,2013-10-09,80.45,87.2,79.95,85.2,2303367
VOLTAS,2013-10-10,86.5,86.95,83.75,84.4,1674203
VOLTAS,2013-10-11,85.0,85.8,83.65,84.5,1289230
VOLTAS,2013-10-14,84.35,86.0,83.1,83.5,1247466
VOLTAS,2013-10-15,83.55,84.65,81.1,81.5,707516
VOLTAS,2013-10-17,81.0,83.2,81.0,81.4,606489
VOLTAS,2013-10-18,82.0,83.9,81.85,82.55,1024732
VOLTAS,2013-10-21,82.9,86.95,82.7,86.0,2427442
VOLTAS,2013-10-22,86.0,87.35,83.7,84.8,1873734
VOLTAS,2013-10-23,85.2,85.6,81.7,83.45,826776
VOLTAS,2013-10-24,84.0,85.1,83.15,84.1,1181253
VOLTAS,2013-10-25,84.0,85.75,83.05,84.35,859546
VOLTAS,2013-10-28,84.2,86.45,83.55,83.75,1239826
VOLTAS,2013-10-29,83.55,85.5,82.1,84.85,1087347
VOLTAS,2013-10-30,84.3,88.2,84.3,87.35,2655875
VOLTAS,2013-10-31,88.1,89.95,87.3,89.15,3586969
VOLTAS,2013-11-01,89.9,92.5,89.6,91.3,2483004
VOLTAS,2013-11-05,91.1,94.15,89.45,93.25,2185373
VOLTAS,2013-11-06,94.2,95.9,90.8,91.8,4843450
VOLTAS,2013-11-07,90.95,92.4,86.25,87.75,1741158
VOLTAS,2013-11-08,86.8,89.75,86.0,87.45,823135
VOLTAS,2013-11-11,87.45,90.9,86.7,89.6,1744962
VOLTAS,2013-11-12,90.4,90.85,87.75,88.3,1194979
VOLTAS,2013-11-13,88.5,88.7,83.8,85.75,1157808
VOLTAS,2013-11-14,86.3,89.8,86.3,89.35,685181
VOLTAS,2013-11-18,89.15,90.8,88.35,89.95,1624237
VOLTAS,2013-11-19,90.0,93.5,89.5,92.9,2524682
VOLTAS,2013-11-20,93.0,93.8,90.0,90.7,1631295
VOLTAS,2013-11-21,90.7,90.7,87.2,87.85,1109371
VOLTAS,2013-11-22,88.5,90.8,87.95,90.25,2029363
VOLTAS,2013-11-25,90.55,93.8,90.55,93.25,1743241
VOLTAS,2013-11-26,93.9,96.4,93.65,94.95,3569097
VOLTAS,2013-11-27,97.0,99.45,96.5,99.05,5869607
VOLTAS,2013-11-28,100.75,116.4,100.15,111.05,29751361
VOLTAS,2013-11-29,111.45,112.8,108.8,111.05,7388530
VOLTAS,2013-12-02,111.9,112.5,110.05,111.85,3270706
VOLTAS,2013-12-03,111.5,115.7,110.6,114.1,6538413
VOLTAS,2013-12-04,114.95,114.95,111.75,112.3,2633714
VOLTAS,2013-12-05,113.5,118.65,113.5,116.6,5831561
VOLTAS,2013-12-06,116.8,117.8,115.5,116.5,1874453
VOLTAS,2013-12-09,119.0,120.3,117.5,118.8,2952841
VOLTAS,2013-12-10,118.1,124.7,114.8,123.7,6406819
VOLTAS,2013-12-11,123.0,123.7,114.4,117.55,6545655
VOLTAS,2013-12-12,117.0,119.2,114.05,117.25,5385410
VOLTAS,2013-12-13,115.95,116.7,112.6,113.5,3445000
VOLTAS,2013-12-16,113.4,115.75,112.85,114.65,1992818
VOLTAS,2013-12-17,115.0,116.7,113.25,114.4,2762568
VOLTAS,2013-12-18,113.0,117.9,112.1,116.45,4052177
VOLTAS,2013-12-19,117.3,117.75,111.65,112.75,3560483
VOLTAS,2013-12-20,112.75,115.45,111.75,114.75,2554978
VOLTAS,2013-12-23,114.25,116.8,113.25,114.1,3822772
VOLTAS,2013-12-24,114.7,118.0,114.25,117.1,4896481
VOLTAS,2013-12-26,117.6,121.5,117.15,118.3,5419183
VOLTAS,2013-12-27,119.0,119.9,116.55,117.05,1567825
VOLTAS,2013-12-30,117.8,118.6,116.05,117.1,1118828
VOLTAS,2013-12-31,117.5,117.8,114.3,116.05,1142582
VOLTAS,2014-01-01,116.65,118.85,116.35,117.9,1264048
VOLTAS,2014-01-02,118.5,120.85,115.05,116.4,2890430
VOLTAS,2014-01-03,116.05,116.75,112.25,114.55,1894828
VOLTAS,2014-01-06,115.2,122.3,113.5,121.1,3243954
VOLTAS,2014-01-07,122.0,123.3,119.6,120.8,4921168
VOLTAS,2014-01-08,121.5,121.9,116.2,116.75,3231748
VOLTAS,2014-01-09,117.0,117.65,111.6,112.1,2426309
VOLTAS,2014-01-10,112.7,113.2,106.55,107.3,3338769
VOLTAS,2014-01-13,108.45,108.65,103.5,104.9,3224814
VOLTAS,2014-01-14,105.6,108.25,104.15,104.85,2543840
VOLTAS,2014-01-15,105.6,109.8,105.4,108.9,2648864
VOLTAS,2014-01-16,108.8,109.85,105.6,106.05,1879612
VOLTAS,2014-01-17,106.0,107.5,103.1,103.5,1252591
VOLTAS,2014-01-20,103.0,109.7,102.75,108.8,2171491
VOLTAS,2014-01-21,109.75,110.65,106.6,107.25,2454227
VOLTAS,2014-01-22,107.65,108.25,105.8,107.2,1426315
VOLTAS,2014-01-23,106.2,109.9,106.2,108.6,2357719
VOLTAS,2014-01-24,108.0,108.0,104.1,104.45,1339551
VOLTAS,2014-01-27,102.95,102.95,98.4,99.65,1703177
VOLTAS,2014-01-28,99.1,101.9,96.85,100.95,2389834
VOLTAS,2014-01-29,101.65,102.65,98.55,99.1,1343693
VOLTAS,2014-01-30,97.8,107.4,97.1,106.35,8523008
VOLTAS,2014-01-31,107.55,109.25,104.25,106.1,3576814
VOLTAS,2014-02-03,106.4,108.6,105.05,106.3,2917941
VOLTAS,2014-02-04,105.3,109.15,104.05,108.2,2956592
VOLTAS,2014-02-05,109.0,115.45,109.0,114.85,7336763
VOLTAS,2014-02-06,116.0,118.7,115.0,116.5,4879049
VOLTAS,2014-02-07,117.75,119.0,115.45,118.75,2595518
VOLTAS,2014-02-10,119.0,122.1,118.3,121.35,3895108
VOLTAS,2014-02-11,121.35,121.9,118.4,119.1,2648596
VOLTAS,2014-02-12,119.05,124.9,119.05,124.65,5499834
VOLTAS,2014-02-13,125.35,125.45,117.75,118.4,3132240
VOLTAS,2014-02-14,118.9,120.4,115.05,118.85,2560265
VOLTAS,2014-02-17,119.6,121.9,118.3,121.25,2414689
VOLTAS,2014-02-18,121.3,123.45,119.75,122.35,3033544
VOLTAS,2014-02-19,122.45,123.2,120.75,122.55,1774419
VOLTAS,2014-02-20,121.5,122.0,119.5,120.5,1867382
VOLTAS,2014-02-21,120.55,124.35,120.55,123.75,2383531
VOLTAS,2014-02-24,123.8,129.2,123.0,128.7,5083639
VOLTAS,2014-02-25,129.95,129.95,126.55,128.0,2085589
VOLTAS,2014-02-26,128.5,132.4,126.85,131.8,3548053
VOLTAS,2014-02-28,132.0,133.95,131.1,133.4,2653557
VOLTAS,2014-03-03,133.5,136.15,132.85,135.25,4551889
VOLTAS,2014-03-04,135.0,141.75,133.7,140.95,3851884
VOLTAS,2014-03-05,141.0,142.5,138.15,138.95,3198698
VOLTAS,2014-03-06,140.0,147.4,139.1,145.7,5936812
VOLTAS,2014-03-07,146.85,148.75,142.6,144.2,4755544
VOLTAS,2014-03-10,143.25,147.75,142.4,143.25,3844105
VOLTAS,2014-03-11,143.9,145.0,140.2,142.35,2193842
VOLTAS,2014-03-12,141.95,144.25,139.15,141.0,1784700
VOLTAS,2014-03-13,141.75,143.95,135.35,137.4,2933071
VOLTAS,2014-03-14,135.25,142.5,133.05,141.9,2669219
VOLTAS,2014-03-18,143.35,147.2,142.5,144.8,3909046
VOLTAS,2014-03-19,145.9,149.5,144.7,148.9,3858094
VOLTAS,2014-03-20,148.75,150.8,147.25,149.4,4063767
VOLTAS,2014-03-21,150.3,152.5,149.4,151.65,3585557
VOLTAS,2014-03-24,153.5,154.6,151.75,153.25,1824027
VOLTAS,2014-03-25,153.25,159.4,152.2,157.45,3069386
VOLTAS,2014-03-26,157.8,162.8,157.8,159.2,3140756
VOLTAS,2014-03-27,159.8,159.8,154.55,155.15,2368448
VOLTAS,2014-03-28,156.0,162.7,152.35,161.85,4383728
VOLTAS,2014-03-31,163.4,164.2,160.45,160.9,3017785
VOLTAS,2014-04-01,161.25,161.65,157.3,158.5,3330882
VOLTAS,2014-04-02,159.15,164.95,157.8,163.05,3940817
VOLTAS,2014-04-03,164.0,166.0,159.7,162.15,3152873
VOLTAS,2014-04-04,162.3,163.05,159.7,160.8,1458529
VOLTAS,2014-04-07,161.0,161.3,155.7,158.75,1475562
VOLTAS,2014-04-09,158.3,164.05,158.3,163.5,2164661
VOLTAS,2014-04-10,164.6,170.6,162.9,167.05,3757863
VOLTAS,2014-04-11,167.95,173.5,165.35,166.5,4727215
VOLTAS,2014-04-15,166.5,168.4,162.8,163.9,2679691
VOLTAS,2014-04-16,164.7,166.7,156.2,157.4,2899330
VOLTAS,2014-04-17,157.9,168.45,153.65,167.2,7084638
VOLTAS,2014-04-21,168.65,173.8,167.6,172.35,3581451
VOLTAS,2014-04-22,172.5,176.45,171.0,173.35,3664763
VOLTAS,2014-04-23,174.0,174.8,168.25,169.9,3615547
VOLTAS,2014-04-24,169.9,169.9,169.9,169.9,0
VOLTAS,2014-04-25,170.6,173.2,161.2,168.0,2441371
VOLTAS,2014-04-28,168.6,169.3,163.3,164.15,2446996
VOLTAS,2014-04-29,164.95,165.4,156.15,157.4,2951561
VOLTAS,2014-04-30,158.5,160.25,148.3,156.35,3994449
VOLTAS,2014-05-02,158.0,160.7,154.55,156.9,1570353
VOLTAS,2014-05-05,156.0,160.0,154.2,155.3,2027751
VOLTAS,2014-05-06,155.5,156.7,151.55,154.45,2628661
VOLTAS,2014-05-07,153.0,158.2,153.0,155.85,3115563
VOLTAS,2014-05-08,156.95,159.7,154.0,155.4,2301901
VOLTAS,2014-05-09,154.0,167.8,154.0,165.4,3653629
VOLTAS,2014-05-12,167.55,173.25,164.8,170.3,2508738
VOLTAS,2014-05-13,170.25,178.85,168.85,176.5,3495622
VOLTAS,2014-05-14,176.3,182.5,175.4,177.95,2623054
VOLTAS,2014-05-15,178.15,180.0,171.9,175.7,2782138
VOLTAS,2014-05-16,177.0,188.0,175.35,178.3,3622062
VOLTAS,2014-05-19,179.55,209.4,179.55,205.85,5371063
VOLTAS,2014-05-20,208.0,208.9,194.75,196.7,2807987
VOLTAS,2014-05-21,198.3,198.65,187.05,188.25,3072177
VOLTAS,2014-05-22,191.5,195.2,185.0,188.25,3078163
VOLTAS,2014-05-23,189.75,193.8,187.6,188.95,2379677
VOLTAS,2014-05-26,190.5,195.0,161.45,178.95,4755462
VOLTAS,2014-05-27,180.0,180.45,169.6,172.8,3627020
VOLTAS,2014-05-28,173.65,179.5,173.0,177.6,3204589
VOLTAS,2014-05-29,180.0,184.4,177.0,179.9,2787066
VOLTAS,2014-05-30,188.2,189.75,183.15,186.7,3481073
VOLTAS,2014-06-02,187.95,194.9,184.9,193.55,2933488
VOLTAS,2014-06-03,195.05,201.0,195.0,199.95,4785562
VOLTAS,2014-06-04,201.0,206.4,198.5,205.6,3206405
VOLTAS,2014-06-05,206.7,217.0,202.4,215.7,5255369
VOLTAS,2014-06-06,217.9,221.4,215.85,218.0,3242469
VOLTAS,2014-06-09,221.0,223.9,218.35,219.2,2579460
VOLTAS,2014-06-10,220.0,224.9,213.0,222.25,3297713
VOLTAS,2014-06-11,223.0,227.75,216.9,221.8,4387712
VOLTAS,2014-06-12,220.0,226.9,217.25,223.0,3557798
VOLTAS,2014-06-13,224.5,229.45,216.1,220.25,3550172
VOLTAS,2014-06-16,219.0,227.25,208.9,225.95,3973428
VOLTAS,2014-06-17,226.75,232.0,221.2,227.8,3415890
VOLTAS,2014-06-18,229.0,233.45,221.7,227.7,2936077
VOLTAS,2014-06-19,229.7,230.8,216.6,218.15,3063656
VOLTAS,2014-06-20,219.8,222.7,213.0,215.15,2735144
VOLTAS,2014-06-23,216.25,218.65,210.25,213.45,2562760
VOLTAS,2014-06-24,213.8,227.0,213.75,225.35,3065999
VOLTAS,2014-06-25,227.2,227.2,220.0,221.0,2181701
VOLTAS,2014-06-26,222.8,224.0,213.5,215.45,2430472
VOLTAS,2014-06-27,215.7,220.3,212.2,218.9,2219060
VOLTAS,2014-06-30,219.0,221.65,216.4,218.05,2451001
VOLTAS,2014-07-01,219.0,222.4,217.15,218.65,2827445
VOLTAS,2014-07-02,220.85,224.7,220.2,222.35,3909753
VOLTAS,2014-07-03,222.65,224.45,217.0,217.75,1584131
VOLTAS,2014-07-04,216.0,219.15,210.35,215.0,3030523
VOLTAS,2014-07-07,215.8,219.3,212.6,217.5,2070996
VOLTAS,2014-07-08,215.3,217.45,193.65,199.15,3228207
VOLTAS,2014-07-09,200.0,208.0,190.8,200.4,5133835
VOLTAS,2014-07-10,200.6,213.6,193.2,201.45,4096172
VOLTAS,2014-07-11,199.85,202.35,181.55,185.45,4810649
VOLTAS,2014-07-14,183.65,192.4,180.0,188.65,2781895
VOLTAS,2014-07-15,190.0,204.4,190.0,202.85,3883236
VOLTAS,2014-07-16,204.75,205.3,197.2,202.65,1924515
VOLTAS,2014-07-17,203.65,212.35,202.8,211.75,3116038
VOLTAS,2014-07-18,210.7,210.7,204.4,207.95,1499674
VOLTAS,2014-07-21,209.0,211.35,204.25,205.0,1073193
VOLTAS,2014-07-22,205.95,210.45,201.1,202.9,1641959
VOLTAS,2014-07-23,203.75,205.9,196.35,201.4,1475177
VOLTAS,2014-07-24,200.0,200.0,192.1,193.75,3004483
VOLTAS,2014-07-25,193.05,195.35,185.55,188.1,2733865
VOLTAS,2014-07-28,188.2,192.3,186.1,188.95,1996413
VOLTAS,2014-07-30,189.5,194.9,186.05,194.15,2732346
VOLTAS,2014-07-31,194.25,196.5,190.05,192.25,1888085
VOLTAS,2014-08-01,188.6,194.4,187.95,190.75,1931719
VOLTAS,2014-08-04,192.4,203.4,191.6,201.4,2541852
VOLTAS,2014-08-05,202.8,202.95,196.0,197.4,1717209
VOLTAS,2014-08-06,197.4,201.8,195.55,199.45,4297418
VOLTAS,2014-08-07,200.0,211.2,199.7,209.5,5055925
VOLTAS,2014-08-08,205.45,205.5,196.2,197.65,2163319
VOLTAS,2014-08-11,199.0,206.2,198.55,205.2,1975130
VOLTAS,2014-08-12,206.1,207.9,202.75,207.1,1401929
VOLTAS,2014-08-13,207.45,211.8,198.25,203.25,3434176
VOLTAS,2014-08-14,212.25,222.8,209.15,221.2,10578537
VOLTAS,2014-08-18,222.85,239.2,221.0,237.4,11264790
VOLTAS,2014-08-19,238.5,239.35,229.5,232.8,4418943
VOLTAS,2014-08-20,230.35,241.0,230.35,238.7,4643339
VOLTAS,2014-08-21,240.0,241.95,237.4,240.15,3287183
VOLTAS,2014-08-22,243.25,245.35,236.1,237.3,2626890
VOLTAS,2014-08-25,238.4,239.6,230.55,231.5,2401470
VOLTAS,2014-08-26,231.4,242.45,229.05,240.6,3942979
VOLTAS,2014-08-27,242.95,244.6,238.0,241.1,2914310
VOLTAS,2014-08-28,242.7,245.6,237.2,244.65,3420436
VOLTAS,2014-09-01,247.7,252.0,246.0,249.55,2869727
VOLTAS,2014-09-02,250.7,252.5,245.55,247.0,2182282
VOLTAS,2014-09-03,248.7,252.25,245.2,248.3,2333837
VOLTAS,2014-09-04,248.6,249.9,244.1,248.1,1821886
VOLTAS,2014-09-05,248.0,262.85,247.6,260.2,5871156
VOLTAS,2014-09-08,260.55,266.0,256.25,263.0,3972728
VOLTAS,2014-09-09,262.8,265.4,259.1,261.35,1780042
VOLTAS,2014-09-10,260.85,271.2,258.55,266.25,4874382
VOLTAS,2014-09-11,267.55,269.0,262.6,264.4,2557561
VOLTAS,2014-09-12,264.5,268.3,256.7,258.0,2765021
VOLTAS,2014-09-15,256.5,256.5,244.25,246.85,3950236
VOLTAS,2014-09-16,246.8,248.65,231.1,233.4,6282166
VOLTAS,2014-09-17,235.3,242.9,228.15,242.05,3868049
VOLTAS,2014-09-18,241.0,247.95,238.1,247.05,2551834
VOLTAS,2014-09-19,247.8,249.7,236.15,238.65,5077258
VOLTAS,2014-09-22,236.0,244.7,233.0,240.85,2527348
VOLTAS,2014-09-23,238.55,240.45,230.0,230.75,2320569
VOLTAS,2014-09-24,232.1,233.6,218.0,222.35,3142961
VOLTAS,2014-09-25,223.1,227.7,218.6,221.65,2998514
VOLTAS,2014-09-26,219.4,242.1,219.05,238.65,4411669
VOLTAS,2014-09-29,239.2,244.3,236.75,239.95,2997231
VOLTAS,2014-09-30,237.6,246.95,237.6,241.6,3532385
VOLTAS,2014-10-01,239.2,244.7,238.0,243.35,1987790
VOLTAS,2014-10-07,241.0,244.8,230.6,232.4,1989337
VOLTAS,2014-10-08,232.4,237.15,227.9,231.2,2379095
VOLTAS,2014-10-09,234.4,239.85,233.0,237.55,2452276
VOLTAS,2014-10-10,234.95,234.95,225.15,226.8,1780030
VOLTAS,2014-10-13,225.0,239.25,220.0,237.5,2632889
VOLTAS,2014-10-14,239.0,239.5,232.2,233.65,2153534
VOLTAS,2014-10-15,233.65,233.65,233.65,233.65,0
VOLTAS,2014-10-16,231.3,233.5,218.85,220.5,2071325
VOLTAS,2014-10-17,220.0,231.9,220.0,230.1,3197236
VOLTAS,2014-10-20,234.8,238.0,229.0,231.8,1789663
VOLTAS,2014-10-21,232.0,237.75,231.5,233.3,1518627
VOLTAS,2014-10-22,236.4,243.0,235.35,242.0,2502941
VOLTAS,2014-10-27,242.1,249.4,237.55,245.3,3126078
VOLTAS,2014-10-28,245.95,251.45,244.65,246.85,2237946
VOLTAS,2014-10-29,248.7,250.4,243.75,246.6,1621018
VOLTAS,2014-10-30,247.0,249.15,242.5,247.1,2668488
VOLTAS,2014-10-31,248.9,254.0,246.15,251.4,1809079
VOLTAS,2014-11-03,250.7,256.8,249.05,251.65,1562201
VOLTAS,2014-11-05,252.8,256.2,248.5,250.45,1337952
VOLTAS,2014-11-07,250.0,252.5,244.15,246.8,1660111
VOLTAS,2014-11-10,248.0,260.25,245.7,258.85,2939938
VOLTAS,2014-11-11,261.6,264.0,251.85,255.45,2364777
VOLTAS,2014-11-12,256.25,260.95,252.1,255.2,2027167
VOLTAS,2014-11-13,256.8,261.6,249.7,254.65,2686062
VOLTAS,2014-11-14,257.0,272.3,255.0,271.55,5920274
VOLTAS,2014-11-17,271.95,279.95,269.25,279.15,4570809
VOLTAS,2014-11-18,280.0,280.9,270.75,272.3,2312858
VOLTAS,2014-11-19,274.0,279.5,265.5,266.9,2922698
VOLTAS,2014-11-20,265.7,269.5,261.0,264.0,2029279
VOLTAS,2014-11-21,265.3,280.4,264.5,276.9,5603848
VOLTAS,2014-11-24,279.9,286.45,272.3,275.15,4303497
VOLTAS,2014-11-25,275.8,275.95,256.7,270.65,3729491
VOLTAS,2014-11-26,271.0,277.45,267.0,275.15,1862491
VOLTAS,2014-11-27,276.0,276.55,269.3,273.4,1599119
VOLTAS,2014-11-28,274.0,277.2,269.6,270.55,3083585
VOLTAS,2014-12-01,271.2,275.0,265.3,269.2,2131085
VOLTAS,2014-12-02,268.95,271.0,263.25,270.15,1362028
VOLTAS,2014-12-03,269.5,280.0,269.45,278.55,2043675
VOLTAS,2014-12-04,281.5,284.5,276.7,281.4,2276863
VOLTAS,2014-12-05,282.5,285.35,279.55,282.45,2287032
VOLTAS,2014-12-08,284.15,285.0,271.6,273.45,1747520
VOLTAS,2014-12-09,273.2,274.7,263.1,264.7,2947003
VOLTAS,2014-12-10,265.0,271.6,261.7,268.7,2726514
VOLTAS,2014-12-11,267.85,275.4,263.8,266.45,2932887
VOLTAS,2014-12-12,268.35,268.9,259.0,260.8,1497703
VOLTAS,2014-12-15,255.55,259.0,248.25,251.9,3067237
VOLTAS,2014-12-16,249.4,255.95,245.45,247.65,2359099
VOLTAS,2014-12-17,247.0,250.6,238.2,240.75,2045604
VOLTAS,2014-12-18,244.1,249.5,238.3,243.6,3527352
VOLTAS,2014-12-19,249.0,255.6,247.2,249.3,2441139
VOLTAS,2014-12-22,251.0,251.6,246.1,250.1,1432724
VOLTAS,2014-12-23,248.6,250.8,238.3,240.05,2108987
VOLTAS,2014-12-24,239.0,240.0,232.9,234.8,4939201
VOLTAS,2014-12-26,234.65,239.8,234.65,237.95,1259892
VOLTAS,2014-12-29,238.7,241.35,233.2,235.2,1866849
VOLTAS,2014-12-30,235.6,241.2,231.55,239.95,2235101
VOLTAS,2014-12-31,238.0,243.75,236.25,242.5,2211342
VOLTAS,2015-01-01,242.5,243.35,239.65,240.8,856386
VOLTAS,2015-01-02,239.2,248.4,239.2,245.65,2630409
VOLTAS,2015-01-05,246.0,251.2,244.1,245.85,1975993
VOLTAS,2015-01-06,244.4,244.4,235.2,237.35,1951719
VOLTAS,2015-01-07,236.3,238.85,227.0,229.45,2337628
VOLTAS,2015-01-08,233.8,244.7,233.65,243.35,2362344
VOLTAS,2015-01-09,246.8,246.9,242.1,246.0,1946824
VOLTAS,2015-01-12,246.0,248.25,243.1,245.9,1292914
VOLTAS,2015-01-13,245.0,247.3,239.75,242.05,2700501
VOLTAS,2015-01-14,242.0,248.5,241.6,247.75,4226479
VOLTAS,2015-01-15,249.1,254.9,245.35,253.45,4586490
VOLTAS,2015-01-16,252.2,257.8,249.0,255.5,4723648
VOLTAS,2015-01-19,255.5,259.8,251.0,252.8,1730618
VOLTAS,2015-01-20,253.0,257.4,252.7,253.8,2274423
VOLTAS,2015-01-21,253.0,257.7,251.3,256.25,1557715
VOLTAS,2015-01-22,255.0,263.95,250.2,253.05,2169145
VOLTAS,2015-01-23,254.8,259.0,252.15,256.75,1957883
VOLTAS,2015-01-27,258.05,263.8,255.3,261.2,2484973
VOLTAS,2015-01-28,261.0,274.9,261.0,273.95,4859650
VOLTAS,2015-01-29,274.9,277.5,270.85,276.0,1572737
VOLTAS,2015-01-30,277.2,278.45,265.5,268.6,1500375
VOLTAS,2015-02-02,265.55,268.4,261.7,266.25,988993
VOLTAS,2015-02-03,267.5,275.5,266.45,269.6,1408831
VOLTAS,2015-02-04,271.65,283.0,261.25,276.4,2745766
VOLTAS,2015-02-05,276.35,277.15,261.0,262.85,1557908
VOLTAS,2015-02-06,263.5,269.5,258.3,265.3,1337997
VOLTAS,2015-02-09,263.3,263.3,250.25,253.25,1320974
VOLTAS,2015-02-10,252.45,262.4,250.5,258.7,1249810
VOLTAS,2015-02-11,261.0,266.4,254.7,264.7,1636716
VOLTAS,2015-02-12,253.0,259.0,248.5,257.1,4874754
VOLTAS,2015-02-13,258.0,261.9,255.2,256.25,1441296
VOLTAS,2015-02-16,257.25,258.0,248.45,249.55,1802301
VOLTAS,2015-02-18,248.9,253.35,245.1,250.5,1989970
VOLTAS,2015-02-19,253.45,263.0,249.3,260.1,2377226
VOLTAS,2015-02-20,261.0,265.0,256.55,259.65,2018659
VOLTAS,2015-02-23,260.6,261.8,250.0,253.05,1739544
VOLTAS,2015-02-24,253.0,256.0,250.7,252.75,1993659
VOLTAS,2015-02-25,253.5,256.4,251.05,254.6,1885616
VOLTAS,2015-02-26,255.1,256.5,248.2,251.65,1709508
VOLTAS,2015-02-27,253.55,257.7,249.65,256.2,2712519
VOLTAS,2015-03-02,256.0,275.5,253.35,273.15,4998186
VOLTAS,2015-03-03,276.0,276.9,267.85,271.65,2096411
VOLTAS,2015-03-04,274.9,280.9,263.25,267.1,2884915
VOLTAS,2015-03-05,265.05,270.25,261.9,265.55,1208351
VOLTAS,2015-03-09,264.0,264.9,256.0,257.8,1080396
VOLTAS,2015-03-10,257.05,267.8,255.1,262.0,1693017
VOLTAS,2015-03-11,260.0,271.45,257.4,268.95,1578771
VOLTAS,2015-03-12,269.05,289.55,269.0,287.45,3649799
VOLTAS,2015-03-13,290.0,301.4,284.55,289.0,11904665
VOLTAS,2015-03-16,291.55,291.8,276.65,280.85,2813044
VOLTAS,2015-03-17,281.95,287.35,275.2,280.8,2624359
VOLTAS,2015-03-18,280.95,285.4,278.45,280.45,1822364
VOLTAS,2015-03-19,282.5,289.3,271.65,273.8,2639502
VOLTAS,2015-03-20,276.0,280.9,273.45,275.25,2443487
VOLTAS,2015-03-23,277.8,280.5,272.45,274.3,1339069
VOLTAS,2015-03-24,275.0,281.4,274.55,278.0,1840778
VOLTAS,2015-03-25,279.0,282.75,276.55,281.35,1946125
VOLTAS,2015-03-26,281.0,284.0,272.05,273.3,2849587
VOLTAS,2015-03-27,275.6,277.4,265.05,274.8,1450548
VOLTAS,2015-03-30,278.8,282.4,274.5,279.95,1079416
VOLTAS,2015-03-31,281.4,285.85,276.2,279.85,1344947
VOLTAS,2015-04-01,279.9,285.0,277.2,283.7,961772
VOLTAS,2015-04-06,286.0,288.0,279.0,284.6,1768320
VOLTAS,2015-04-07,286.15,295.5,280.6,293.05,2914809
VOLTAS,2015-04-08,295.0,301.0,291.35,294.4,3337319
VOLTAS,2015-04-09,295.5,299.5,290.65,293.5,2141273
VOLTAS,2015-04-10,294.0,307.65,293.0,306.05,3551955
VOLTAS,2015-04-13,307.85,310.3,302.2,303.35,2534441
VOLTAS,2015-04-15,303.0,309.75,296.5,300.5,2479661
VOLTAS,2015-04-16,300.5,302.0,289.4,292.0,1899870
VOLTAS,2015-04-17,292.3,299.3,290.55,295.15,1637036
VOLTAS,2015-04-20,294.2,295.15,282.35,288.35,1625832
VOLTAS,2015-04-21,288.2,298.5,287.0,291.95,1902639
VOLTAS,2015-04-22,292.1,297.0,284.15,286.6,2322220
VOLTAS,2015-04-23,288.0,291.8,286.55,288.95,1250570
VOLTAS,2015-04-24,289.35,289.95,277.8,279.9,1329835
VOLTAS,2015-04-27,280.8,280.95,258.25,265.45,2752267
VOLTAS,2015-04-28,266.0,278.4,262.55,275.35,1473227
VOLTAS,2015-04-29,276.3,277.4,271.0,273.25,1089030
VOLTAS,2015-04-30,271.95,284.65,268.55,281.1,2613720
VOLTAS,2015-05-04,281.9,286.25,281.0,284.6,867550
VOLTAS,2015-05-05,281.0,292.8,281.0,289.0,1465400
VOLTAS,2015-05-06,287.0,288.3,272.0,276.1,1766138
VOLTAS,2015-05-07,276.0,276.0,261.3,267.05,1521348
VOLTAS,2015-05-08,271.0,282.45,271.0,281.45,1546096
VOLTAS,2015-05-11,282.85,285.5,277.45,281.5,1470409
VOLTAS,2015-05-12,281.0,281.8,273.8,275.25,855977
VOLTAS,2015-05-13,276.9,282.35,270.4,280.1,2121973
VOLTAS,2015-05-14,281.0,284.3,276.8,281.7,1409749
VOLTAS,2015-05-15,284.0,293.95,284.0,290.7,2440949
VOLTAS,2015-05-18,292.75,295.75,291.75,293.9,1393084
VOLTAS,2015-05-19,293.95,298.6,290.75,294.05,1565215
VOLTAS,2015-05-20,296.0,297.9,294.1,295.3,994927
VOLTAS,2015-05-21,295.25,297.25,286.35,288.55,1640867
VOLTAS,2015-05-22,300.05,321.0,300.05,318.9,14060344
VOLTAS,2015-05-25,318.8,326.8,312.8,324.9,4248542
VOLTAS,2015-05-26,325.0,347.8,321.3,344.15,7061301
VOLTAS,2015-05-27,338.0,345.8,334.25,336.85,3963828
VOLTAS,2015-05-28,337.3,342.45,328.55,330.5,3939183
VOLTAS,2015-05-29,330.0,337.7,328.05,332.95,2461954
VOLTAS,2015-06-01,332.0,342.25,329.85,337.95,4668717
VOLTAS,2015-06-02,337.5,338.3,326.6,330.25,1978797
VOLTAS,2015-06-03,329.95,333.65,322.5,330.35,2236756
VOLTAS,2015-06-04,331.5,336.65,325.35,331.1,2142962
VOLTAS,2015-06-05,330.3,336.5,329.35,332.45,1464795
VOLTAS,2015-06-08,332.0,334.2,324.1,326.4,1208877
VOLTAS,2015-06-09,325.5,331.45,325.5,328.4,2064434
VOLTAS,2015-06-10,330.0,348.35,329.4,343.05,4401317
VOLTAS,2015-06-11,346.0,347.85,331.1,333.05,3037870
VOLTAS,2015-06-12,333.05,334.8,325.4,329.8,1608839
VOLTAS,2015-06-15,330.25,336.25,329.55,330.7,1133885
VOLTAS,2015-06-16,331.5,332.65,324.3,330.7,1499546
VOLTAS,2015-06-17,331.9,340.4,331.75,338.55,2823822
VOLTAS,2015-06-18,341.0,344.7,337.85,340.85,1407716
VOLTAS,2015-06-19,342.85,344.25,334.75,337.4,1094754
VOLTAS,2015-06-22,338.5,356.2,336.5,352.3,3173337
VOLTAS,2015-06-23,354.0,359.9,352.25,358.5,2856554
VOLTAS,2015-06-24,358.9,359.0,335.4,338.75,4438388
VOLTAS,2015-06-25,336.7,342.25,331.2,338.75,4670342
VOLTAS,2015-06-26,337.8,340.8,334.95,338.0,1517644
VOLTAS,2015-06-29,332.75,332.75,323.65,328.95,1887833
VOLTAS,2015-06-30,323.0,325.95,313.5,315.3,4053711
VOLTAS,2015-07-01,316.7,323.4,315.0,322.25,2906685
VOLTAS,2015-07-02,323.9,329.0,319.05,320.35,2383139
VOLTAS,2015-07-03,322.8,325.3,315.3,317.0,1978161
VOLTAS,2015-07-06,312.0,322.6,311.1,321.6,1342494
VOLTAS,2015-07-07,321.2,325.35,317.0,318.45,1224161
VOLTAS,2015-07-08,316.0,323.95,313.05,319.35,1710030
VOLTAS,2015-07-09,321.85,324.9,317.55,319.7,1510718
VOLTAS,2015-07-10,321.5,321.5,310.75,312.45,1559726
VOLTAS,2015-07-13,312.9,315.3,305.25,309.55,2008276
VOLTAS,2015-07-14,310.1,316.0,310.0,313.55,1714369
VOLTAS,2015-07-15,314.95,315.4,311.1,312.05,967181
VOLTAS,2015-07-16,313.0,316.9,312.65,314.6,1398621
VOLTAS,2015-07-17,316.55,318.5,313.65,314.75,1491274
VOLTAS,2015-07-20,315.75,317.4,309.35,314.55,1239103
VOLTAS,2015-07-21,315.3,317.25,306.0,308.35,1352194
VOLTAS,2015-07-22,310.3,311.9,306.1,308.2,1535520
VOLTAS,2015-07-23,308.5,317.0,307.0,315.85,2062816
VOLTAS,2015-07-24,315.95,320.4,313.1,317.6,2425511
VOLTAS,2015-07-27,316.0,316.0,303.1,304.75,1287335
VOLTAS,2015-07-28,305.05,309.25,301.0,307.3,1514187
VOLTAS,2015-07-29,309.45,315.2,308.3,311.95,2225133
VOLTAS,2015-07-30,313.3,315.0,306.7,313.1,1553060
VOLTAS,2015-07-31,314.95,323.0,313.1,317.6,2041003
VOLTAS,2015-08-03,318.0,320.95,316.75,318.6,1840369
VOLTAS,2015-08-04,319.0,323.75,314.35,320.0,2946100
VOLTAS,2015-08-05,321.0,328.1,320.4,325.1,2363619
VOLTAS,2015-08-06,326.3,330.4,322.75,327.6,2263421
VOLTAS,2015-08-07,327.9,329.0,316.3,317.6,1792348
VOLTAS,2015-08-10,316.6,319.75,303.0,305.35,2216198
VOLTAS,2015-08-11,306.0,310.0,302.7,305.25,1519542
VOLTAS,2015-08-12,304.2,305.85,281.45,298.55,7136664
VOLTAS,2015-08-13,298.0,307.0,293.0,304.2,2715476
VOLTAS,2015-08-14,302.0,317.0,302.0,315.3,2293045
VOLTAS,2015-08-17,313.55,322.1,311.1,314.55,1978816
VOLTAS,2015-08-18,313.0,318.4,303.75,304.6,1833406
VOLTAS,2015-08-19,303.0,308.75,298.6,306.35,1243817
VOLTAS,2015-08-20,304.9,304.9,293.4,296.6,3189239
VOLTAS,2015-08-21,291.0,294.35,283.15,288.9,2854277
VOLTAS,2015-08-24,280.3,281.0,250.8,264.35,5630357
VOLTAS,2015-08-25,264.5,276.7,245.7,272.45,3855557
VOLTAS,2015-08-26,273.85,274.6,262.25,270.25,2743623
VOLTAS,2015-08-27,274.25,282.65,270.6,280.0,2584747
VOLTAS,2015-08-28,282.2,292.75,280.0,287.05,2196436
VOLTAS,2015-08-31,288.0,288.0,271.7,272.95,2396140
VOLTAS,2015-09-01,271.0,275.0,248.5,255.45,3485736
VOLTAS,2015-09-02,257.05,264.6,255.2,258.05,2315773
VOLTAS,2015-09-03,260.5,267.0,256.5,264.5,2361335
VOLTAS,2015-09-04,265.7,265.7,248.05,253.7,2925080
VOLTAS,2015-09-07,255.3,259.75,248.55,253.6,1771556
VOLTAS,2015-09-08,255.5,264.75,249.2,262.7,1423110
VOLTAS,2015-09-09,266.9,269.25,260.3,262.95,1155101
VOLTAS,2015-09-10,258.0,259.0,253.15,255.0,1052085
VOLTAS,2015-09-11,258.4,259.5,254.1,255.6,1236863
VOLTAS,2015-09-14,257.6,259.0,253.05,257.45,688390
VOLTAS,2015-09-15,260.0,267.8,259.05,263.5,2060302
VOLTAS,2015-09-16,267.75,267.75,256.15,257.25,1602789
VOLTAS,2015-09-18,261.45,261.45,249.55,251.05,1845827
VOLTAS,2015-09-21,247.7,261.0,243.0,259.4,2837740
VOLTAS,2015-09-22,261.5,263.6,254.05,256.6,1870714
VOLTAS,2015-09-23,254.0,260.75,250.3,258.7,1112010
VOLTAS,2015-09-24,259.7,259.7,249.45,250.25,1330858
VOLTAS,2015-09-28,251.4,254.3,247.3,250.85,1149514
VOLTAS,2015-09-29,248.4,263.2,247.35,256.05,2446481
VOLTAS,2015-09-30,259.0,269.9,259.0,268.3,2579443
VOLTAS,2015-10-01,272.0,272.65,266.5,270.15,1884729
VOLTAS,2015-10-05,272.6,275.75,267.2,270.1,1225837
VOLTAS,2015-10-06,271.1,284.4,269.25,282.0,1916509
VOLTAS,2015-10-07,282.0,283.5,272.0,273.15,1498054
VOLTAS,2015-10-08,273.15,274.95,268.7,272.15,1140616
VOLTAS,2015-10-09,272.55,280.95,272.55,278.25,1520435
VOLTAS,2015-10-12,279.05,283.0,270.6,272.6,1124403
VOLTAS,2015-10-13,273.8,277.6,267.15,268.25,1636973
VOLTAS,2015-10-14,268.0,273.3,266.55,271.55,781551
VOLTAS,2015-10-15,271.75,277.25,270.0,276.35,1072560
VOLTAS,2015-10-16,277.7,285.0,274.2,284.75,1297271
VOLTAS,2015-10-19,283.7,286.75,281.5,284.35,953728
VOLTAS,2015-10-20,282.0,288.9,281.25,282.3,848794
VOLTAS,2015-10-21,282.9,289.4,280.95,288.15,1448857
VOLTAS,2015-10-23,292.6,292.6,288.25,289.1,1108251
VOLTAS,2015-10-26,291.2,296.95,287.55,295.4,1442385
VOLTAS,2015-10-27,293.0,296.7,283.7,290.8,3295659
VOLTAS,2015-10-28,288.0,294.85,286.45,292.65,1963391
VOLTAS,2015-10-29,292.3,299.0,289.75,297.15,1836362
VOLTAS,2015-10-30,296.4,296.4,280.0,283.45,2441818
VOLTAS,2015-11-02,281.0,284.9,274.25,278.25,1016176
VOLTAS,2015-11-03,279.65,286.5,278.75,285.7,859479
VOLTAS,2015-11-04,287.2,288.3,276.1,277.45,780470
VOLTAS,2015-11-05,276.75,279.9,271.8,274.0,971838
VOLTAS,2015-11-06,275.0,281.5,267.1,278.65,2720370
VOLTAS,2015-11-09,271.0,278.0,267.8,276.25,1145166
VOLTAS,2015-11-10,274.8,278.1,263.05,264.8,1125563
VOLTAS,2015-11-13,267.8,267.8,256.3,260.0,1944786
VOLTAS,2015-11-16,259.8,263.75,257.65,259.45,892113
VOLTAS,2015-11-17,260.6,266.8,258.05,260.15,1440555
VOLTAS,2015-11-18,260.9,262.45,252.0,253.65,1175273
VOLTAS,2015-11-19,256.0,261.95,256.0,260.0,1535979
VOLTAS,2015-11-20,261.5,275.0,261.5,271.5,2930930
VOLTAS,2015-11-23,271.55,273.7,266.9,271.7,1189891
VOLTAS,2015-11-24,272.1,274.0,268.35,270.0,897624
VOLTAS,2015-11-26,271.0,289.25,270.0,285.1,3304295
VOLTAS,2015-11-27,285.1,285.75,280.0,282.7,1434734
VOLTAS,2015-11-30,283.5,290.75,281.15,289.1,1862628
VOLTAS,2015-12-01,289.6,294.7,288.6,292.55,1434862
VOLTAS,2015-12-02,293.4,295.5,289.85,293.15,2057927
VOLTAS,2015-12-03,291.25,291.5,277.5,281.7,2003904
VOLTAS,2015-12-04,278.1,287.3,278.1,285.8,1116558
VOLTAS,2015-12-07,287.2,295.9,286.05,294.75,1236949
VOLTAS,2015-12-08,294.75,298.7,289.5,291.95,1733289
VOLTAS,2015-12-09,291.95,291.95,285.0,286.95,1159634
VOLTAS,2015-12-10,286.0,295.8,280.5,293.5,1216110
VOLTAS,2015-12-11,295.0,298.9,290.0,298.25,2024088
VOLTAS,2015-12-14,299.7,299.7,290.7,293.0,1704766
VOLTAS,2015-12-15,289.25,302.5,289.25,300.85,1817074
VOLTAS,2015-12-16,302.75,307.4,301.1,306.5,2305867
VOLTAS,2015-12-17,303.1,305.4,296.6,303.3,1769757
VOLTAS,2015-12-18,300.1,306.1,298.8,303.25,844159
VOLTAS,2015-12-21,304.05,309.55,303.2,305.65,1001751
VOLTAS,2015-12-22,305.65,309.95,302.4,303.6,882457
VOLTAS,2015-12-23,304.1,309.45,304.1,307.8,551644
VOLTAS,2015-12-24,308.0,312.7,305.9,311.55,976092
VOLTAS,2015-12-28,309.55,314.75,309.55,312.6,631006
VOLTAS,2015-12-29,312.0,313.0,307.8,311.75,913155
VOLTAS,2015-12-30,311.0,318.5,310.0,316.7,880525
VOLTAS,2015-12-31,316.0,327.0,315.0,324.3,1905851
VOLTAS,2016-01-01,324.0,324.5,316.25,319.25,674414
VOLTAS,2016-01-04,318.5,320.0,303.5,307.3,1083585
VOLTAS,2016-01-05,309.0,309.75,303.15,304.65,1104220
VOLTAS,2016-01-06,303.9,309.85,301.2,305.7,1090119
VOLTAS,2016-01-07,302.15,302.45,286.25,288.15,1851263
VOLTAS,2016-01-08,289.9,299.8,289.9,296.65,1362284
VOLTAS,2016-01-11,291.85,303.1,287.35,298.4,997085
VOLTAS,2016-01-12,298.65,302.9,285.3,287.4,1420695
VOLTAS,2016-01-13,289.95,293.0,276.45,288.7,1878302
VOLTAS,2016-01-14,282.0,293.5,280.15,288.7,1154298
VOLTAS,2016-01-15,290.0,294.0,278.0,280.4,719592
VOLTAS,2016-01-18,280.0,281.0,260.45,271.75,1576868
VOLTAS,2016-01-19,272.7,277.8,266.8,276.85,1336513
VOLTAS,2016-01-20,274.65,274.65,258.4,269.95,1499500
VOLTAS,2016-01-21,274.0,279.6,268.1,275.25,1050330
VOLTAS,2016-01-22,278.75,289.0,276.4,284.2,1495358
VOLTAS,2016-01-25,288.1,288.8,279.4,283.5,674239
VOLTAS,2016-01-27,285.0,288.0,281.5,282.95,761309
VOLTAS,2016-01-28,283.0,287.9,279.55,283.55,2349938
VOLTAS,2016-01-29,283.35,288.2,279.3,286.55,868857
VOLTAS,2016-02-01,289.0,292.5,284.65,286.8,773893
VOLTAS,2016-02-02,288.0,291.2,281.2,283.1,863037
VOLTAS,2016-02-03,279.95,281.2,257.6,277.15,1165348
VOLTAS,2016-02-04,275.35,282.4,269.1,274.15,1253460
VOLTAS,2016-02-05,277.0,281.75,274.05,278.95,823277
VOLTAS,2016-02-08,281.0,289.7,279.1,283.4,932270
VOLTAS,2016-02-09,280.5,283.8,275.45,280.65,767315
VOLTAS,2016-02-10,278.25,282.95,266.5,269.25,1412323
VOLTAS,2016-02-11,266.5,272.2,217.8,240.35,6020747
VOLTAS,2016-02-12,236.0,239.0,211.0,228.6,6579789
VOLTAS,2016-02-15,236.9,243.4,232.75,238.05,2109631
VOLTAS,2016-02-16,240.0,240.0,226.3,232.35,3280486
VOLTAS,2016-02-17,234.0,238.95,226.6,236.0,1502735
VOLTAS,2016-02-18,237.0,244.8,228.6,234.85,1751607
VOLTAS,2016-02-19,234.85,240.35,232.55,237.15,953278
VOLTAS,2016-02-22,239.3,241.0,234.15,238.45,758935
VOLTAS,2016-02-23,240.0,241.45,228.65,230.0,981972
VOLTAS,2016-02-24,227.55,235.8,224.0,232.9,1629980
VOLTAS,2016-02-25,233.5,236.45,217.7,223.55,2374952
VOLTAS,2016-02-26,226.2,228.0,222.25,225.6,1469586
VOLTAS,2016-02-29,226.0,229.0,220.8,223.4,1672583
VOLTAS,2016-03-01,224.5,234.4,223.5,231.9,1475137
VOLTAS,2016-03-02,236.0,245.4,236.0,243.7,1470631
VOLTAS,2016-03-03,245.1,247.65,241.0,244.4,1247044
VOLTAS,2016-03-04,246.0,248.8,242.55,245.7,906957
VOLTAS,2016-03-08,245.0,249.2,238.0,240.6,1152483
VOLTAS,2016-03-09,240.6,245.6,238.25,242.5,2332851
VOLTAS,2016-03-10,244.95,246.0,235.9,237.95,1346241
VOLTAS,2016-03-11,237.95,248.0,236.25,247.25,2810655
VOLTAS,2016-03-14,250.0,252.9,246.25,248.6,2087150
VOLTAS,2016-03-15,249.35,253.2,247.5,248.4,1579664
VOLTAS,2016-03-16,249.8,251.25,241.65,246.9,2017788
VOLTAS,2016-03-17,251.0,255.65,250.0,252.4,1721582
VOLTAS,2016-03-18,253.0,271.65,250.35,269.1,2694361
VOLTAS,2016-03-21,270.9,278.25,267.0,275.8,2120423
VOLTAS,2016-03-22,276.0,278.0,269.6,272.05,1677932
VOLTAS,2016-03-23,272.0,276.3,267.2,269.55,1490099
VOLTAS,2016-03-28,270.5,270.65,262.1,264.8,1016761
VOLTAS,2016-03-29,265.95,272.0,263.65,266.55,1049833
VOLTAS,2016-03-30,268.0,274.95,267.5,273.5,927523
VOLTAS,2016-03-31,273.05,279.9,269.6,278.1,1894855
VOLTAS,2016-04-01,279.0,286.9,275.9,284.85,1364868
VOLTAS,2016-04-04,285.65,289.0,280.5,281.45,1039418
VOLTAS,2016-04-05,280.8,284.9,272.75,274.1,1265871
VOLTAS,2016-04-06,275.6,279.9,272.25,277.0,1052615
VOLTAS,2016-04-07,277.0,280.5,268.95,270.6,1152454
VOLTAS,2016-04-08,270.0,273.45,266.7,271.9,1534935
VOLTAS,2016-04-11,272.45,276.6,270.45,275.4,1787070
VOLTAS,2016-04-12,276.6,281.4,275.3,277.85,1936994
VOLTAS,2016-04-13,280.5,284.9,280.5,283.95,1155338
VOLTAS,2016-04-18,288.25,295.9,286.35,293.55,3167911
VOLTAS,2016-04-20,296.3,304.95,296.0,302.35,4335544
VOLTAS,2016-04-21,305.45,305.7,297.1,298.8,2305881
VOLTAS,2016-04-22,300.6,303.5,296.15,297.55,1311321
VOLTAS,2016-04-25,297.7,301.4,289.5,293.1,1640105
VOLTAS,2016-04-26,292.0,297.95,291.25,296.75,1621305
VOLTAS,2016-04-27,298.45,303.0,297.25,301.9,1548843
VOLTAS,2016-04-28,302.95,303.55,293.45,294.7,1865698
VOLTAS,2016-04-29,295.6,298.0,289.65,293.5,1183505
VOLTAS,2016-05-02,293.5,298.5,289.8,296.35,948244
VOLTAS,2016-05-03,297.0,307.9,294.2,297.5,3002975
VOLTAS,2016-05-04,297.5,298.0,288.65,291.15,1109375
VOLTAS,2016-05-05,290.0,295.85,287.5,289.95,1669854
VOLTAS,2016-05-06,288.3,306.5,288.3,305.4,3573461
VOLTAS,2016-05-09,307.05,312.0,304.95,311.0,2551773
VOLTAS,2016-05-10,311.0,311.0,304.6,307.4,1174925
VOLTAS,2016-05-11,301.6,320.3,300.4,319.3,4045532
VOLTAS,2016-05-12,320.2,328.3,320.2,325.85,3567039
VOLTAS,2016-05-13,325.0,327.75,320.85,324.1,2064604
VOLTAS,2016-05-16,324.55,328.45,320.5,325.05,1689405
VOLTAS,2016-05-17,325.6,344.9,316.05,334.55,4753709
VOLTAS,2016-05-18,348.8,349.0,326.1,331.15,8199727
VOLTAS,2016-05-19,331.75,336.9,318.75,323.05,3049473
VOLTAS,2016-05-20,324.0,333.5,319.9,331.7,2368706
VOLTAS,2016-05-23,333.5,335.7,327.55,328.8,1586884
VOLTAS,2016-05-24,325.55,328.8,324.05,326.25,1266822
VOLTAS,2016-05-25,330.8,339.0,329.1,337.15,2652277
VOLTAS,2016-05-26,338.95,340.9,333.1,338.35,3199161
VOLTAS,2016-05-27,340.45,342.0,334.3,336.8,1918069
VOLTAS,2016-05-30,337.4,342.9,334.4,339.55,1030970
VOLTAS,2016-05-31,340.0,340.8,335.0,335.9,700811
VOLTAS,2016-06-01,336.05,342.25,329.7,333.35,1213913
VOLTAS,2016-06-02,332.0,340.9,332.0,339.3,970908
VOLTAS,2016-06-03,341.0,345.9,332.5,334.1,1592233
VOLTAS,2016-06-06,335.2,336.2,330.9,333.35,424664
VOLTAS,2016-06-07,334.9,340.0,331.9,336.7,714034
VOLTAS,2016-06-08,337.2,339.2,334.25,336.65,591729
VOLTAS,2016-06-09,338.8,341.0,333.45,334.85,765829
VOLTAS,2016-06-10,332.0,332.95,325.5,327.05,1219382
VOLTAS,2016-06-13,323.0,324.0,318.5,322.65,1151014
VOLTAS,2016-06-14,324.0,331.6,321.5,330.05,805228
VOLTAS,2016-06-15,331.9,332.0,326.6,330.35,905002
VOLTAS,2016-06-16,330.1,331.0,321.25,323.45,854803
VOLTAS,2016-06-17,326.95,326.95,316.65,319.8,1072955
VOLTAS,2016-06-20,315.25,322.0,315.25,321.1,1580991
VOLTAS,2016-06-21,323.0,325.4,321.75,323.3,951259
VOLTAS,2016-06-22,325.0,326.5,319.4,322.8,782654
VOLTAS,2016-06-23,321.1,323.9,318.65,321.5,774398
VOLTAS,2016-06-24,311.0,313.65,297.5,309.4,2104610
VOLTAS,2016-06-27,303.25,312.5,302.5,310.75,1023149
VOLTAS,2016-06-28,311.2,316.2,311.15,314.0,801912
VOLTAS,2016-06-29,317.7,322.85,316.2,319.75,1042469
VOLTAS,2016-06-30,323.75,323.9,319.0,322.25,1487910
VOLTAS,2016-07-01,322.5,324.35,316.85,317.7,904694
VOLTAS,2016-07-04,318.1,323.7,317.75,320.8,951754
VOLTAS,2016-07-05,320.4,327.6,320.4,325.2,1148350
VOLTAS,2016-07-07,328.3,328.3,313.8,315.55,1645583
VOLTAS,2016-07-08,316.8,317.45,311.7,314.45,1144337
VOLTAS,2016-07-11,316.0,319.7,315.2,316.4,1094093
VOLTAS,2016-07-12,317.85,320.5,317.2,318.3,685286
VOLTAS,2016-07-13,318.6,326.0,318.6,324.8,1598094
VOLTAS,2016-07-14,325.95,329.2,324.7,325.85,1303895
VOLTAS,2016-07-15,324.0,327.9,323.0,325.5,634496
VOLTAS,2016-07-18,328.0,329.85,322.75,324.4,827884
VOLTAS,2016-07-19,325.3,327.5,317.1,325.4,946520
VOLTAS,2016-07-20,326.0,336.45,326.0,334.55,2464770
VOLTAS,2016-07-21,337.8,339.8,334.05,335.4,1380113
VOLTAS,2016-07-22,334.8,338.5,330.4,334.75,1579757
VOLTAS,2016-07-25,335.5,337.7,328.7,335.95,801718
VOLTAS,2016-07-26,338.0,347.25,337.25,341.9,2035164
VOLTAS,2016-07-27,344.8,349.45,341.15,343.8,1549480
VOLTAS,2016-07-28,343.8,348.5,340.85,346.8,987748
VOLTAS,2016-07-29,346.95,354.9,344.7,349.55,910131
VOLTAS,2016-08-01,350.0,374.9,350.0,371.15,3665912
VOLTAS,2016-08-02,375.0,375.75,358.85,366.05,6290334
VOLTAS,2016-08-03,358.8,360.7,341.8,345.2,2751998
VOLTAS,2016-08-04,350.9,356.5,343.0,347.85,2223022
VOLTAS,2016-08-05,348.9,351.95,345.6,348.85,1923274
VOLTAS,2016-08-08,349.4,355.65,349.05,351.8,1354336
VOLTAS,2016-08-09,351.8,353.25,345.15,347.65,932563
VOLTAS,2016-08-10,348.5,352.6,343.7,348.05,1156783
VOLTAS,2016-08-11,348.7,362.45,345.15,360.25,3161164
VOLTAS,2016-08-12,362.0,367.6,361.2,365.75,3330018
VOLTAS,2016-08-16,366.95,373.35,363.6,371.9,2049020
VOLTAS,2016-08-17,369.25,374.25,363.55,366.35,1960202
VOLTAS,2016-08-18,369.4,369.65,364.45,365.75,674230
VOLTAS,2016-08-19,366.5,384.6,366.5,382.6,2529707
VOLTAS,2016-08-22,382.95,382.95,371.4,372.15,1987988
VOLTAS,2016-08-23,372.15,377.75,369.2,372.4,957444
VOLTAS,2016-08-24,370.0,389.9,370.0,388.2,2252690
VOLTAS,2016-08-25,389.9,390.1,378.0,379.3,2595970
VOLTAS,2016-08-26,381.8,393.5,380.2,391.75,2173621
VOLTAS,2016-08-29,392.5,395.0,386.1,391.35,1466993
VOLTAS,2016-08-30,394.0,396.5,391.1,394.75,1235418
VOLTAS,2016-08-31,395.0,401.8,389.35,390.3,1532132
VOLTAS,2016-09-01,392.8,393.8,385.05,387.4,1005027
VOLTAS,2016-09-02,388.4,391.9,387.25,390.5,1013529
VOLTAS,2016-09-06,394.0,394.95,389.2,391.9,1047007
VOLTAS,2016-09-07,392.6,396.0,389.8,391.3,802751
VOLTAS,2016-09-08,391.8,392.35,385.6,390.15,1303536
VOLTAS,2016-09-09,389.25,393.75,386.4,389.2,803476
VOLTAS,2016-09-12,381.8,389.0,372.6,374.5,737381
VOLTAS,2016-09-14,374.95,378.2,367.9,376.1,1654036
VOLTAS,2016-09-15,376.6,386.45,371.1,384.4,1055417
VOLTAS,2016-09-16,387.0,388.2,374.0,378.7,1287624
VOLTAS,2016-09-19,380.0,394.0,377.5,391.05,1304397
VOLTAS,2016-09-20,392.95,392.95,381.15,382.8,1004593
VOLTAS,2016-09-21,382.5,384.5,377.5,379.1,1363438
VOLTAS,2016-09-22,382.7,385.45,376.2,379.5,1332890
VOLTAS,2016-09-23,379.55,387.3,378.35,382.95,951856
VOLTAS,2016-09-26,380.05,383.5,375.1,378.25,1124060
VOLTAS,2016-09-27,379.0,384.95,378.85,381.45,808207
VOLTAS,2016-09-28,380.05,384.0,378.05,380.9,1096317
VOLTAS,2016-09-29,383.4,385.4,358.25,370.15,2285059
VOLTAS,2016-09-30,368.7,380.65,366.0,379.1,1423665
VOLTAS,2016-10-03,382.2,391.35,380.4,388.75,991323
VOLTAS,2016-10-04,389.9,399.95,386.4,397.15,922916
VOLTAS,2016-10-05,401.3,404.4,393.65,396.15,1788508
VOLTAS,2016-10-06,396.6,399.75,385.0,388.55,990117
VOLTAS,2016-10-07,387.15,391.0,381.6,388.8,673824
VOLTAS,2016-10-10,391.95,395.0,387.4,389.15,656590
VOLTAS,2016-10-13,387.05,388.5,376.25,379.8,1009060
VOLTAS,2016-10-14,379.1,400.8,378.25,397.6,1697163
VOLTAS,2016-10-17,400.0,405.5,390.85,392.75,1698535
VOLTAS,2016-10-18,392.35,402.0,392.35,399.5,1155659
VOLTAS,2016-10-19,400.45,406.4,394.7,401.9,1363962
VOLTAS,2016-10-20,403.0,406.0,395.1,396.35,1135724
VOLTAS,2016-10-21,396.0,398.9,390.2,394.85,717664
VOLTAS,2016-10-24,398.5,401.45,391.6,393.55,1138366
VOLTAS,2016-10-25,389.9,401.4,383.3,397.55,1426081
VOLTAS,2016-10-26,396.75,398.05,380.3,385.35,1122371
VOLTAS,2016-10-27,383.95,387.8,378.05,381.15,1126937
VOLTAS,2016-10-28,383.0,389.0,381.6,386.7,650491
VOLTAS,2016-11-01,386.6,388.0,381.4,385.85,731739
VOLTAS,2016-11-02,378.65,380.0,370.4,372.65,706340
VOLTAS,2016-11-03,369.0,373.25,362.3,364.85,813490
VOLTAS,2016-11-04,366.2,370.5,358.2,360.05,1100762
VOLTAS,2016-11-07,362.15,366.3,356.7,359.35,1185370
VOLTAS,2016-11-08,360.5,361.8,351.3,357.0,1125591
VOLTAS,2016-11-09,339.5,343.0,321.3,338.4,2657301
VOLTAS,2016-11-10,348.0,357.45,344.0,349.65,1186190
VOLTAS,2016-11-11,346.15,348.4,328.1,333.2,1700061
VOLTAS,2016-11-15,333.0,334.95,311.05,322.35,1505551
VOLTAS,2016-11-16,324.0,332.05,315.35,328.4,2298848
VOLTAS,2016-11-17,318.95,319.7,297.5,302.9,6767775
VOLTAS,2016-11-18,302.0,302.55,291.4,292.7,4264362
VOLTAS,2016-11-21,295.0,304.0,291.8,295.65,3918142
VOLTAS,2016-11-22,301.0,305.0,287.15,301.8,2767086
VOLTAS,2016-11-23,304.5,306.45,295.2,300.45,2023122
VOLTAS,2016-11-24,295.5,303.0,293.3,299.85,2248235
VOLTAS,2016-11-25,302.0,302.65,296.2,300.95,811050
VOLTAS,2016-11-28,300.0,305.75,296.65,300.95,1123572
VOLTAS,2016-11-29,300.95,311.75,300.1,307.9,1846523
VOLTAS,2016-11-30,312.0,317.0,309.05,315.85,1192481
VOLTAS,2016-12-01,319.0,319.0,308.35,310.1,824865
VOLTAS,2016-12-02,308.95,310.7,304.0,307.65,1160250
VOLTAS,2016-12-05,309.6,310.65,303.9,304.7,922044
VOLTAS,2016-12-06,307.45,309.9,300.45,305.55,1238205
VOLTAS,2016-12-07,306.0,313.4,300.6,311.4,2245422
VOLTAS,2016-12-08,317.0,330.0,314.5,325.9,2587201
VOLTAS,2016-12-09,324.9,330.75,320.85,326.85,1322050
VOLTAS,2016-12-12,325.0,326.8,317.0,319.1,705940
VOLTAS,2016-12-13,319.5,324.4,315.15,320.1,564836
VOLTAS,2016-12-14,320.95,326.0,320.0,321.9,1068792
VOLTAS,2016-12-15,316.45,325.2,316.45,322.65,562702
VOLTAS,2016-12-16,321.9,326.8,317.0,318.45,530449
VOLTAS,2016-12-19,318.3,320.5,315.15,318.95,1774884
VOLTAS,2016-12-20,318.35,318.9,307.2,308.25,1432895
VOLTAS,2016-12-21,307.6,312.1,304.1,310.0,567396
VOLTAS,2016-12-22,308.95,313.4,306.25,310.65,741648
VOLTAS,2016-12-23,309.75,321.7,300.7,316.2,1094247
VOLTAS,2016-12-26,315.0,315.9,305.5,308.7,701910
VOLTAS,2016-12-27,308.25,319.3,305.9,318.0,592542
VOLTAS,2016-12-28,318.15,322.0,315.65,317.5,626334
VOLTAS,2016-12-29,318.9,336.4,318.35,330.15,1845510
VOLTAS,2016-12-30,329.25,331.0,322.6,328.25,1143623
VOLTAS,2017-01-02,324.9,331.45,324.25,328.4,610013
VOLTAS,2017-01-03,330.0,335.35,326.9,332.7,731310
VOLTAS,2017-01-04,332.7,341.5,332.1,335.8,1356799
VOLTAS,2017-01-05,337.8,346.0,336.9,344.45,827752
VOLTAS,2017-01-06,346.35,347.9,334.6,336.45,1175458
VOLTAS,2017-01-09,336.85,343.5,333.35,341.9,1033270
VOLTAS,2017-01-10,340.4,347.35,337.55,344.4,1405832
VOLTAS,2017-01-11,345.9,349.4,342.3,343.6,710693
VOLTAS,2017-01-12,343.75,345.95,339.35,340.4,630487
VOLTAS,2017-01-13,342.0,345.35,341.1,343.65,688655
VOLTAS,2017-01-16,344.7,347.0,340.15,345.05,547333
VOLTAS,2017-01-17,347.2,348.5,342.1,344.9,496803
VOLTAS,2017-01-18,346.0,352.4,343.2,349.6,775480
VOLTAS,2017-01-19,351.9,355.95,350.15,352.15,945328
VOLTAS,2017-01-20,353.5,354.4,341.6,342.95,860199
VOLTAS,2017-01-23,341.8,344.8,336.4,338.2,552516
VOLTAS,2017-01-24,340.0,340.8,323.0,324.2,2596793
VOLTAS,2017-01-25,324.0,326.7,321.1,326.05,2568025
VOLTAS,2017-01-27,326.1,339.9,326.1,336.75,4456388
VOLTAS,2017-01-30,337.3,341.8,334.45,337.15,1631969
VOLTAS,2017-01-31,337.0,337.6,325.2,326.95,1612843
VOLTAS,2017-02-01,328.9,334.45,320.4,333.65,1862732
VOLTAS,2017-02-02,333.7,333.7,327.1,331.05,1355490
VOLTAS,2017-02-03,330.15,331.5,326.1,330.1,1466321
VOLTAS,2017-02-06,333.0,338.4,331.95,335.6,1812553
VOLTAS,2017-02-07,335.6,338.35,329.1,331.25,869077
VOLTAS,2017-02-08,331.7,336.2,330.05,334.7,1254426
VOLTAS,2017-02-09,336.65,345.0,336.35,342.65,3265744
VOLTAS,2017-02-10,346.15,350.4,344.6,346.65,1535831
VOLTAS,2017-02-13,347.55,348.8,332.75,339.9,1029954
VOLTAS,2017-02-14,342.3,344.95,336.35,342.85,906636
VOLTAS,2017-02-15,353.9,353.9,336.5,339.3,2442401
VOLTAS,2017-02-16,340.5,346.9,337.1,345.05,1585192
VOLTAS,2017-02-17,347.65,350.55,343.0,346.0,893333
VOLTAS,2017-02-20,345.0,351.0,344.2,349.75,1056213
VOLTAS,2017-02-21,350.0,364.5,349.75,362.8,2512131
VOLTAS,2017-02-22,366.4,366.8,352.3,354.75,2758303
VOLTAS,2017-02-23,355.25,363.75,354.35,356.8,1675341
VOLTAS,2017-02-27,358.0,372.0,358.0,366.75,2130688
VOLTAS,2017-02-28,366.8,374.9,364.0,373.5,1641378
VOLTAS,2017-03-01,373.4,381.5,372.3,378.05,2440853
VOLTAS,2017-03-02,381.85,381.95,368.2,369.8,1276606
VOLTAS,2017-03-03,370.0,373.35,366.25,371.75,771776
VOLTAS,2017-03-06,370.25,384.7,368.1,383.95,1948585
VOLTAS,2017-03-07,384.35,389.35,380.6,386.65,2272871
VOLTAS,2017-03-08,387.0,387.95,376.15,385.1,1287449
VOLTAS,2017-03-09,381.55,389.0,381.55,385.75,1197236
VOLTAS,2017-03-10,387.0,387.55,380.0,380.95,1028312
VOLTAS,2017-03-14,388.0,388.0,382.5,384.95,946705
VOLTAS,2017-03-15,385.0,393.5,384.2,389.0,2138757
VOLTAS,2017-03-16,392.85,392.95,387.25,390.1,1007968
VOLTAS,2017-03-17,391.4,393.15,385.1,388.45,1050542
VOLTAS,2017-03-20,389.2,392.3,386.55,390.4,978372
VOLTAS,2017-03-21,392.0,395.0,386.3,388.4,1145026
VOLTAS,2017-03-22,385.0,387.4,381.5,384.35,820270
VOLTAS,2017-03-23,388.9,388.9,382.65,385.95,2244578
VOLTAS,2017-03-24,387.5,392.2,387.0,388.2,699900
VOLTAS,2017-03-27,388.3,391.1,383.75,388.0,1096735
VOLTAS,2017-03-28,391.0,393.0,387.25,391.25,938344
VOLTAS,2017-03-29,394.0,415.6,393.65,413.25,5490967
VOLTAS,2017-03-30,419.0,424.75,412.0,413.35,9005493
VOLTAS,2017-03-31,414.4,416.2,410.0,412.1,1929752
VOLTAS,2017-04-03,415.9,418.0,412.75,413.9,2066051
VOLTAS,2017-04-05,415.0,419.6,414.05,415.05,1669848
VOLTAS,2017-04-06,413.4,415.25,409.45,413.05,1022311
VOLTAS,2017-04-07,413.05,416.75,408.75,410.05,2050518
VOLTAS,2017-04-10,410.4,413.65,407.15,411.75,642976
VOLTAS,2017-04-11,413.55,417.0,410.6,414.25,2274574
VOLTAS,2017-04-12,416.0,416.0,405.8,408.9,1518090
VOLTAS,2017-04-13,410.4,410.4,403.3,404.55,1305236
VOLTAS,2017-04-17,405.25,409.9,401.3,407.45,552471
VOLTAS,2017-04-18,409.7,415.85,406.2,407.8,1579604
VOLTAS,2017-04-19,409.5,415.9,407.85,414.4,1158457
VOLTAS,2017-04-20,415.4,420.4,412.1,418.95,2137845
VOLTAS,2017-04-21,422.0,423.45,410.6,413.8,1146672
VOLTAS,2017-04-24,416.0,418.0,412.0,415.25,1716410
VOLTAS,2017-04-25,419.75,421.3,416.0,417.6,1141951
VOLTAS,2017-04-26,420.0,420.0,406.6,411.75,1317050
VOLTAS,2017-04-27,413.0,415.3,407.85,409.45,895582
VOLTAS,2017-04-28,411.0,413.5,409.0,411.05,528444
VOLTAS,2017-05-02,414.8,419.5,410.2,415.25,1401263
VOLTAS,2017-05-03,415.25,418.8,413.55,415.6,614833
VOLTAS,2017-05-04,416.15,428.45,416.15,425.7,2791727
VOLTAS,2017-05-05,427.9,429.0,417.9,419.9,1670909
VOLTAS,2017-05-08,419.4,426.0,419.3,424.05,1454790
VOLTAS,2017-05-09,426.4,433.65,425.0,428.05,1733135
VOLTAS,2017-05-10,429.0,443.2,429.0,440.7,2301173
VOLTAS,2017-05-11,442.0,446.0,438.65,439.65,1081999
VOLTAS,2017-05-12,439.95,442.95,432.15,433.55,936331
VOLTAS,2017-05-15,436.0,436.4,430.1,431.85,696583
VOLTAS,2017-05-16,432.0,438.2,430.7,432.45,996780
VOLTAS,2017-05-17,435.0,435.0,427.25,430.2,686830
VOLTAS,2017-05-18,425.1,427.0,412.7,414.1,1231618
VOLTAS,2017-05-19,414.35,419.9,410.95,415.75,869457
VOLTAS,2017-05-22,420.0,420.0,413.85,415.65,633783
VOLTAS,2017-05-23,420.0,420.0,403.4,409.85,1795730
VOLTAS,2017-05-24,428.0,450.8,423.1,446.5,17793994
VOLTAS,2017-05-25,451.0,484.0,443.2,474.75,6345884
VOLTAS,2017-05-26,470.1,501.75,470.1,498.5,7060217
VOLTAS,2017-05-29,496.9,499.75,482.25,484.6,3146132
VOLTAS,2017-05-30,481.6,491.0,477.75,485.6,2205065
VOLTAS,2017-05-31,485.6,494.0,483.05,486.35,1405724
VOLTAS,2017-06-01,486.5,512.6,482.4,508.85,4560228
VOLTAS,2017-06-02,513.35,514.0,498.3,500.45,2365246
VOLTAS,2017-06-05,501.0,503.0,493.55,494.95,1025382
VOLTAS,2017-06-06,495.0,498.3,484.4,487.0,1495351
VOLTAS,2017-06-07,490.0,490.0,480.2,483.25,1913739
VOLTAS,2017-06-08,487.5,496.55,484.2,487.65,1991047
VOLTAS,2017-06-09,488.0,494.4,483.1,492.35,1047346
VOLTAS,2017-06-12,494.0,494.0,483.4,486.55,839096
VOLTAS,2017-06-13,487.9,492.95,484.0,491.55,1003567
VOLTAS,2017-06-14,488.7,494.0,482.25,491.45,971911
VOLTAS,2017-06-15,490.0,496.65,486.25,494.4,1103603
VOLTAS,2017-06-16,497.9,501.55,485.25,489.55,2190283
VOLTAS,2017-06-19,489.0,492.0,471.2,474.15,2123153
VOLTAS,2017-06-20,474.5,476.4,466.4,470.85,1711291
VOLTAS,2017-06-21,467.2,474.95,464.5,468.3,1052674
VOLTAS,2017-06-22,468.9,471.45,464.05,465.7,963813
VOLTAS,2017-06-23,464.95,466.0,449.5,454.3,1271328
VOLTAS,2017-06-27,455.25,457.35,442.7,446.05,939495
VOLTAS,2017-06-28,445.45,451.9,440.4,449.85,1006926
VOLTAS,2017-06-29,454.0,460.5,448.8,453.65,2525919
VOLTAS,2017-06-30,452.7,460.0,450.25,457.25,1121500
VOLTAS,2017-07-03,459.5,470.7,453.75,469.0,931791
VOLTAS,2017-07-04,468.95,469.5,460.65,463.35,1039319
VOLTAS,2017-07-05,462.4,479.0,461.7,475.75,1101536
VOLTAS,2017-07-06,479.55,479.55,469.0,470.75,968824
VOLTAS,2017-07-07,470.35,473.2,465.5,466.55,705657
VOLTAS,2017-07-10,463.0,469.75,463.0,467.0,130217
VOLTAS,2017-07-11,471.0,471.95,460.15,463.1,410364
VOLTAS,2017-07-12,463.7,475.0,462.8,473.6,1109015
VOLTAS,2017-07-13,476.0,486.9,472.0,484.75,1565828
VOLTAS,2017-07-14,487.0,488.95,479.95,482.85,1137145
VOLTAS,2017-07-17,485.7,486.75,480.3,483.8,595858
VOLTAS,2017-07-18,483.0,490.95,480.65,485.55,1241061
VOLTAS,2017-07-19,487.95,495.45,484.1,493.75,1122381
VOLTAS,2017-07-20,494.0,494.7,488.45,490.9,537286
VOLTAS,2017-07-21,492.0,501.4,489.3,499.7,1787299
VOLTAS,2017-07-24,500.0,505.3,494.0,502.3,958429
VOLTAS,2017-07-25,502.5,507.5,498.15,504.15,1689402
VOLTAS,2017-07-26,502.0,506.75,498.3,499.05,805173
VOLTAS,2017-07-27,501.0,520.75,498.15,515.9,2315891
VOLTAS,2017-07-28,513.9,516.9,507.4,510.8,1125651
VOLTAS,2017-07-31,509.2,511.65,502.3,504.25,769126
VOLTAS,2017-08-01,507.0,535.0,505.0,533.65,3099028
VOLTAS,2017-08-02,535.5,556.0,522.05,542.35,6316855
VOLTAS,2017-08-03,540.9,550.0,532.95,538.3,2375385
VOLTAS,2017-08-04,537.5,544.7,530.05,541.7,961460
VOLTAS,2017-08-07,545.8,546.3,535.1,536.85,784124
VOLTAS,2017-08-08,536.85,541.8,528.2,537.45,878858
VOLTAS,2017-08-09,533.2,537.4,524.4,527.6,896586
VOLTAS,2017-08-10,522.5,531.8,513.6,520.15,1088376
VOLTAS,2017-08-11,512.0,523.4,505.6,517.2,931742
VOLTAS,2017-08-14,516.1,556.5,516.1,554.2,2649764
VOLTAS,2017-08-16,554.0,555.95,540.4,542.5,1450555
VOLTAS,2017-08-17,544.0,553.3,539.85,543.35,1255237
VOLTAS,2017-08-18,541.8,541.8,530.2,537.7,675709
VOLTAS,2017-08-21,539.9,544.9,529.65,532.6,686697
VOLTAS,2017-08-22,532.6,534.25,522.4,524.9,973052
VOLTAS,2017-08-23,526.0,527.45,515.65,522.0,838053
VOLTAS,2017-08-24,525.0,525.0,517.8,521.0,953036
VOLTAS,2017-08-28,521.0,542.75,521.0,538.2,1969579
VOLTAS,2017-08-29,537.5,537.5,518.4,520.05,1688156
VOLTAS,2017-08-30,525.0,528.9,520.3,523.2,1053566
VOLTAS,2017-08-31,524.0,528.6,518.5,524.75,2169691
VOLTAS,2017-09-01,525.4,532.0,524.8,526.8,1188947
VOLTAS,2017-09-04,526.8,526.9,509.5,519.35,1233474
VOLTAS,2017-09-05,520.9,526.6,518.65,522.7,696199
VOLTAS,2017-09-06,519.0,528.75,516.65,526.25,585624
VOLTAS,2017-09-07,531.0,539.35,527.75,531.55,1207192
VOLTAS,2017-09-08,534.2,543.9,532.9,537.25,1196081
VOLTAS,2017-09-11,539.0,540.8,528.8,534.65,1030439
VOLTAS,2017-09-12,537.4,564.95,536.05,562.5,2593563
VOLTAS,2017-09-13,563.0,565.0,547.45,549.2,1605816
VOLTAS,2017-09-14,549.2,555.0,543.1,545.35,642754
VOLTAS,2017-09-15,542.0,547.0,533.05,544.75,1103473
VOLTAS,2017-09-18,548.0,558.0,547.45,552.05,898840
VOLTAS,2017-09-19,553.0,555.25,546.1,548.35,504747
VOLTAS,2017-09-20,550.0,554.75,545.5,549.15,652333
VOLTAS,2017-09-21,548.1,551.35,532.0,535.1,659982
VOLTAS,2017-09-22,531.0,531.0,512.2,515.25,1159434
VOLTAS,2017-09-25,517.15,517.15,496.55,509.65,1609372
VOLTAS,2017-09-26,507.35,520.75,502.15,518.7,1275397
VOLTAS,2017-09-27,520.05,525.2,509.3,512.55,1204430
VOLTAS,2017-09-28,513.0,514.95,494.55,501.0,1775294
VOLTAS,2017-09-29,502.0,510.85,500.1,506.05,1111845
VOLTAS,2017-10-03,506.65,525.85,506.65,522.95,1799838
VOLTAS,2017-10-04,524.6,526.9,518.55,520.3,629643
VOLTAS,2017-10-05,520.9,526.55,515.5,518.9,606330
VOLTAS,2017-10-06,520.25,534.4,519.0,528.6,1496005
VOLTAS,2017-10-09,528.15,529.3,515.05,520.0,563776
VOLTAS,2017-10-10,523.95,532.8,521.5,528.45,927705
VOLTAS,2017-10-11,531.0,541.0,515.05,522.5,2437073
VOLTAS,2017-10-12,529.0,536.45,521.55,535.45,1801073
VOLTAS,2017-10-13,539.3,540.0,531.05,532.5,796607
VOLTAS,2017-10-16,535.0,537.25,529.6,531.75,524070
VOLTAS,2017-10-17,531.75,542.6,529.3,539.15,1283028
VOLTAS,2017-10-18,539.0,545.9,536.2,537.45,490341
VOLTAS,2017-10-19,538.85,538.85,530.8,533.35,177470
VOLTAS,2017-10-23,535.5,545.0,533.4,543.85,1173130
VOLTAS,2017-10-24,543.85,544.8,531.75,537.95,589586
VOLTAS,2017-10-25,541.2,541.8,528.2,534.3,551428
VOLTAS,2017-10-26,532.0,536.1,529.5,534.15,669708
VOLTAS,2017-10-27,534.15,545.0,529.05,542.4,681482
VOLTAS,2017-10-30,544.0,561.5,543.95,559.8,1743507
VOLTAS,2017-10-31,558.0,572.2,552.05,567.6,1460525
VOLTAS,2017-11-01,570.0,572.7,558.4,561.8,592793
VOLTAS,2017-11-02,562.0,564.95,542.0,545.65,799902
VOLTAS,2017-11-03,548.0,557.0,546.0,548.95,725510
VOLTAS,2017-11-06,550.0,561.95,549.15,552.85,990471
VOLTAS,2017-11-07,556.9,559.0,541.55,547.85,442264
VOLTAS,2017-11-08,550.0,564.65,546.4,556.65,1650772
VOLTAS,2017-11-09,570.0,570.0,550.3,563.75,2117520
VOLTAS,2017-11-10,562.0,592.45,558.9,571.7,3234261
VOLTAS,2017-11-13,564.1,582.5,556.85,576.6,1525340
VOLTAS,2017-11-14,576.9,602.0,572.05,600.0,2462831
VOLTAS,2017-11-15,604.55,604.55,578.1,583.85,1279684
VOLTAS,2017-11-16,586.9,617.85,586.25,614.15,3247516
VOLTAS,2017-11-17,619.0,619.5,603.25,611.5,1133281
VOLTAS,2017-11-20,612.05,633.75,612.05,630.45,2116278
VOLTAS,2017-11-21,630.5,637.2,625.5,629.05,1101658
VOLTAS,2017-11-22,629.15,630.2,615.4,622.85,848723
VOLTAS,2017-11-23,627.0,631.5,615.1,624.8,778441
VOLTAS,2017-11-24,626.0,629.7,618.2,623.55,499364
VOLTAS,2017-11-27,619.9,652.2,617.55,649.1,2129856
VOLTAS,2017-11-28,646.95,648.75,633.3,636.5,870800
VOLTAS,2017-11-29,639.0,653.8,638.15,643.4,1309817
VOLTAS,2017-11-30,637.55,647.05,634.05,636.6,884638
VOLTAS,2017-12-01,633.0,639.45,611.7,616.4,1253644
VOLTAS,2017-12-04,619.1,621.0,604.7,610.4,693106
VOLTAS,2017-12-05,606.0,623.4,606.0,620.95,732058
VOLTAS,2017-12-06,620.3,620.3,598.15,599.8,1233072
VOLTAS,2017-12-07,599.7,620.0,586.55,617.6,2175719
VOLTAS,2017-12-08,617.0,627.85,616.05,625.75,929415
VOLTAS,2017-12-11,624.4,634.55,620.6,625.7,1109817
VOLTAS,2017-12-12,623.4,636.7,620.55,629.35,1360029
VOLTAS,2017-12-13,627.65,632.95,615.05,619.6,541225
VOLTAS,2017-12-14,619.0,624.2,606.45,616.95,713619
VOLTAS,2017-12-15,625.0,643.1,621.25,631.55,1642718
VOLTAS,2017-12-18,628.05,636.0,611.2,629.45,824581
VOLTAS,2017-12-19,631.4,637.25,629.25,633.35,648921
VOLTAS,2017-12-20,632.95,643.4,632.5,637.6,1480668
VOLTAS,2017-12-21,638.9,653.95,638.0,649.6,2116404
VOLTAS,2017-12-22,651.9,667.4,645.55,658.95,2152060
VOLTAS,2017-12-26,658.95,665.1,649.5,654.55,847460
VOLTAS,2017-12-27,654.0,672.7,650.1,668.55,1135117
VOLTAS,2017-12-28,670.1,675.3,652.0,656.15,2279651
VOLTAS,2017-12-29,659.0,670.0,653.2,655.9,893427
VOLTAS,2018-01-01,656.0,660.8,646.8,648.95,511241
VOLTAS,2018-01-02,650.0,658.0,642.1,647.4,751245
VOLTAS,2018-01-03,650.65,652.45,638.2,643.6,798896
VOLTAS,2018-01-04,647.0,650.75,636.6,645.7,1081080
VOLTAS,2018-01-05,649.5,657.95,644.0,646.35,1027065
VOLTAS,2018-01-08,646.1,652.8,636.0,638.65,899786
VOLTAS,2018-01-09,639.65,653.75,634.1,648.6,1307594
VOLTAS,2018-01-10,650.0,654.4,626.65,629.3,1116965
VOLTAS,2018-01-11,633.9,634.65,621.3,625.85,1177079
VOLTAS,2018-01-12,629.0,645.45,629.0,633.95,2080069
VOLTAS,2018-01-15,635.6,639.0,626.55,632.45,1014637
VOLTAS,2018-01-16,635.0,639.95,618.5,623.05,921801
VOLTAS,2018-01-17,625.0,634.0,611.75,628.25,1119332
VOLTAS,2018-01-18,629.2,631.05,595.15,600.45,1400130
VOLTAS,2018-01-19,603.55,620.7,602.05,618.2,1348469
VOLTAS,2018-01-22,615.05,626.85,611.15,624.95,1377160
VOLTAS,2018-01-23,621.6,635.0,617.1,625.55,2197060
VOLTAS,2018-01-24,626.0,629.35,604.5,611.1,1077221
VOLTAS,2018-01-25,611.0,619.8,605.0,615.1,830346
VOLTAS,2018-01-29,618.0,620.45,607.0,615.45,653176
VOLTAS,2018-01-30,612.5,612.5,605.4,609.0,1009788
VOLTAS,2018-01-31,609.7,616.0,600.75,605.0,1409431
VOLTAS,2018-02-01,605.0,610.95,597.05,607.05,1134949
VOLTAS,2018-02-02,600.0,601.4,568.1,572.55,1732350
VOLTAS,2018-02-05,565.0,600.0,555.2,596.1,1338482
VOLTAS,2018-02-06,574.1,594.0,562.45,586.1,874049
VOLTAS,2018-02-07,598.0,614.75,584.8,599.75,4412650
VOLTAS,2018-02-08,606.0,606.5,591.1,600.2,1511438
VOLTAS,2018-02-09,577.0,599.4,577.0,593.7,749611
VOLTAS,2018-02-12,595.25,609.9,590.35,592.5,1056620
VOLTAS,2018-02-14,597.0,606.2,594.0,601.75,807610
VOLTAS,2018-02-15,602.1,611.0,582.0,583.75,1410704
VOLTAS,2018-02-16,588.6,592.85,576.0,584.65,1359810
VOLTAS,2018-02-19,589.0,589.0,571.1,575.25,1107657
VOLTAS,2018-02-20,574.75,575.0,555.55,557.7,1719735
VOLTAS,2018-02-21,561.2,585.8,552.0,582.5,3319408
VOLTAS,2018-02-22,583.0,587.0,573.05,581.05,1992085
VOLTAS,2018-02-23,581.0,590.8,575.0,588.9,1932922
VOLTAS,2018-02-26,594.1,615.4,587.8,613.65,3006640
VOLTAS,2018-02-27,616.45,622.75,603.3,607.2,2434835
VOLTAS,2018-02-28,605.8,614.95,593.6,609.4,1203140
VOLTAS,2018-03-01,615.0,628.5,610.9,619.0,3773902
VOLTAS,2018-03-05,614.9,630.0,614.9,624.7,2560485
VOLTAS,2018-03-06,632.0,638.8,618.5,622.85,2662639
VOLTAS,2018-03-07,620.0,634.75,619.0,626.6,2265236
VOLTAS,2018-03-08,635.0,636.15,627.55,630.95,1668045
VOLTAS,2018-03-09,638.0,640.0,626.05,629.4,1181583
VOLTAS,2018-03-12,634.0,645.0,627.7,638.85,1810263
VOLTAS,2018-03-13,643.5,649.5,637.25,639.75,1700031
VOLTAS,2018-03-14,639.0,645.0,637.0,640.85,984998
VOLTAS,2018-03-15,643.45,644.9,635.55,640.35,1384611
VOLTAS,2018-03-16,641.8,644.85,622.35,627.2,1841603
VOLTAS,2018-03-19,631.7,633.45,616.2,620.9,822733
VOLTAS,2018-03-20,615.9,626.0,613.6,620.7,894158
VOLTAS,2018-03-21,619.35,625.85,612.25,613.35,1031312
VOLTAS,2018-03-22,614.0,618.0,606.0,614.55,897519
VOLTAS,2018-03-23,604.7,605.95,591.05,604.25,1327631
VOLTAS,2018-03-26,605.0,617.2,604.25,613.9,1401802
VOLTAS,2018-03-27,619.0,625.0,618.0,623.2,818027
VOLTAS,2018-03-28,621.65,625.8,617.9,620.9,1345369
VOLTAS,2018-04-02,625.0,639.95,622.0,638.5,1464913
VOLTAS,2018-04-03,637.95,654.5,629.25,647.85,2115452
VOLTAS,2018-04-04,654.0,658.7,613.25,618.0,3786573
VOLTAS,2018-04-05,630.5,635.2,623.0,631.2,1827047
VOLTAS,2018-04-06,633.0,638.25,624.4,631.75,1273774
VOLTAS,2018-04-09,638.0,638.8,632.15,634.6,995515
VOLTAS,2018-04-10,637.2,642.9,629.3,633.55,1024290
VOLTAS,2018-04-11,640.0,640.0,630.65,632.45,606508
VOLTAS,2018-04-12,632.85,641.45,625.45,638.8,1119748
VOLTAS,2018-04-13,642.0,645.5,635.4,638.1,1249604
VOLTAS,2018-04-16,632.55,648.4,631.0,647.1,1047119
VOLTAS,2018-04-17,645.95,648.9,633.8,637.45,851559
VOLTAS,2018-04-18,640.4,645.4,632.1,643.0,1594986
VOLTAS,2018-04-19,646.0,646.0,634.45,640.4,918780
VOLTAS,2018-04-20,635.3,640.9,633.05,635.9,1471042
VOLTAS,2018-04-23,635.0,664.7,632.3,654.6,2856205
VOLTAS,2018-04-24,655.9,655.95,636.15,638.8,1116832
VOLTAS,2018-04-25,639.7,645.5,633.6,637.65,1021947
VOLTAS,2018-04-26,638.9,640.0,624.5,629.85,1157190
VOLTAS,2018-04-27,634.0,637.2,628.05,635.7,798202
VOLTAS,2018-04-30,636.5,647.55,635.0,642.5,826570
VOLTAS,2018-05-02,643.85,643.85,625.0,628.1,564733
VOLTAS,2018-05-03,629.95,630.0,611.6,615.1,1108658
VOLTAS,2018-05-04,613.85,623.85,607.0,614.65,964694
VOLTAS,2018-05-07,618.75,635.0,616.55,627.55,1211109
VOLTAS,2018-05-08,626.0,632.05,618.3,620.2,1364773
VOLTAS,2018-05-09,621.4,625.85,613.0,614.8,676235
VOLTAS,2018-05-10,621.0,621.0,600.1,601.95,870436
VOLTAS,2018-05-11,603.0,620.8,603.0,618.0,1257437
VOLTAS,2018-05-14,614.5,616.0,594.35,596.15,1193579
VOLTAS,2018-05-15,595.0,604.65,581.25,597.75,1420733
VOLTAS,2018-05-16,597.75,597.75,582.25,591.35,1231251
VOLTAS,2018-05-17,596.0,597.25,580.1,583.2,1767964
VOLTAS,2018-05-18,550.6,566.85,531.1,551.75,18285567
VOLTAS,2018-05-21,552.75,555.85,536.2,543.65,2539158
VOLTAS,2018-05-22,545.0,557.9,534.25,550.8,1750504
VOLTAS,2018-05-23,550.5,552.5,543.6,544.8,1117372
VOLTAS,2018-05-24,547.05,550.0,524.4,531.45,2371320
VOLTAS,2018-05-25,533.0,539.9,526.85,537.65,2186624
VOLTAS,2018-05-28,543.1,561.0,540.25,557.5,1313655
VOLTAS,2018-05-29,556.9,558.6,538.8,543.5,1195089
VOLTAS,2018-05-30,538.0,552.0,535.2,548.4,1127560
VOLTAS,2018-05-31,549.8,550.95,537.35,539.95,1347553
VOLTAS,2018-06-01,539.5,544.4,528.25,532.9,860163
VOLTAS,2018-06-04,536.55,541.0,528.8,532.8,598601
VOLTAS,2018-06-05,532.0,535.2,513.5,518.2,1832843
VOLTAS,2018-06-06,509.8,533.0,505.45,530.4,3796941
VOLTAS,2018-06-07,534.0,534.0,520.1,522.95,1701945
VOLTAS,2018-06-08,520.55,532.0,514.5,529.8,2065278
VOLTAS,2018-06-11,532.3,537.95,523.0,524.7,1110895
VOLTAS,2018-06-12,523.0,534.7,520.1,533.25,1434827
VOLTAS,2018-06-13,535.0,539.9,520.4,524.7,1652739
VOLTAS,2018-06-14,526.0,531.4,524.0,526.15,701551
VOLTAS,2018-06-15,526.0,528.65,516.45,519.65,982058
VOLTAS,2018-06-18,518.75,524.4,512.7,521.1,863733
VOLTAS,2018-06-19,519.0,522.45,513.0,516.35,740949
VOLTAS,2018-06-20,517.0,526.7,517.0,523.2,944345
VOLTAS,2018-06-21,525.15,527.95,512.95,517.1,820102
VOLTAS,2018-06-22,516.0,521.4,507.65,517.35,1053470
VOLTAS,2018-06-25,516.5,521.2,509.4,515.1,1066173
VOLTAS,2018-06-26,511.95,532.75,493.05,529.25,4717208
VOLTAS,2018-06-27,530.4,546.65,520.55,535.25,2984948
VOLTAS,2018-06-28,531.9,538.9,502.05,511.5,3326253
VOLTAS,2018-06-29,517.95,525.9,509.05,523.8,2111937
VOLTAS,2018-07-02,521.25,524.95,513.5,514.95,1264522
VOLTAS,2018-07-03,514.0,528.5,511.0,525.95,1295642
VOLTAS,2018-07-04,523.0,534.0,522.05,525.4,1148342
VOLTAS,2018-07-05,528.0,528.65,513.6,517.05,846089
VOLTAS,2018-07-06,517.0,524.9,516.55,520.65,1102650
VOLTAS,2018-07-09,526.0,536.3,523.5,534.65,1129618
VOLTAS,2018-07-10,537.0,544.5,531.0,534.15,1179116
VOLTAS,2018-07-11,532.9,541.85,530.8,539.25,1024214
VOLTAS,2018-07-12,544.0,553.0,538.95,546.3,1528189
VOLTAS,2018-07-13,546.65,549.2,530.95,534.75,948812
VOLTAS,2018-07-16,535.7,538.55,526.1,529.1,778522
VOLTAS,2018-07-17,532.3,547.3,530.0,545.5,938627
VOLTAS,2018-07-18,549.9,549.9,531.4,536.95,937000
VOLTAS,2018-07-19,539.0,542.7,530.05,535.9,464289
VOLTAS,2018-07-20,536.45,557.9,530.15,552.95,1050986
VOLTAS,2018-07-23,565.0,575.0,557.65,573.75,2185529
VOLTAS,2018-07-24,577.9,588.95,576.0,585.2,2274342
VOLTAS,2018-07-25,587.0,587.0,566.0,570.5,1426281
VOLTAS,2018-07-26,574.9,578.9,564.4,568.75,2066139
VOLTAS,2018-07-27,569.9,584.5,563.4,574.2,975792
VOLTAS,2018-07-30,576.95,577.7,566.25,568.0,593437
VOLTAS,2018-07-31,565.1,572.0,561.3,567.95,876299
VOLTAS,2018-08-01,569.0,574.45,566.0,569.45,582499
VOLTAS,2018-08-02,572.3,579.0,561.05,573.05,1466081
VOLTAS,2018-08-03,571.6,583.3,570.05,574.65,1234771
VOLTAS,2018-08-06,582.85,582.85,572.65,577.9,770584
VOLTAS,2018-08-07,580.0,580.55,567.2,575.75,349767
VOLTAS,2018-08-08,579.7,600.0,572.5,592.0,3345450
VOLTAS,2018-08-09,594.95,603.4,590.4,593.15,1651139
VOLTAS,2018-08-10,595.9,627.4,591.2,621.05,5784459
VOLTAS,2018-08-13,619.25,632.0,604.6,620.85,2294997
VOLTAS,2018-08-14,620.15,621.0,610.1,613.75,1550915
VOLTAS,2018-08-16,612.9,616.6,605.3,607.85,1396753
VOLTAS,2018-08-17,608.1,625.5,608.1,616.3,1498617
VOLTAS,2018-08-20,618.0,630.0,616.6,620.7,1598541
VOLTAS,2018-08-21,620.85,623.45,610.1,612.6,697553
VOLTAS,2018-08-23,612.1,616.0,601.0,608.5,882972
VOLTAS,2018-08-24,607.45,627.8,605.0,612.5,2372163
VOLTAS,2018-08-27,614.5,625.0,610.4,623.55,1205346
VOLTAS,2018-08-28,625.9,634.8,615.6,629.55,1961333
VOLTAS,2018-08-29,627.0,636.9,623.0,627.35,1578658
VOLTAS,2018-08-30,629.05,633.0,621.0,623.7,2190793
VOLTAS,2018-08-31,622.1,629.35,612.5,614.8,922393
VOLTAS,2018-09-03,618.4,622.2,598.45,601.7,760491
VOLTAS,2018-09-04,600.0,609.95,596.25,600.7,1347621
VOLTAS,2018-09-05,598.7,604.7,570.0,588.5,1958179
VOLTAS,2018-09-06,589.65,598.5,577.5,596.25,1339924
VOLTAS,2018-09-07,598.0,602.95,586.65,599.35,849399
VOLTAS,2018-09-10,597.7,597.7,580.0,583.3,751831
VOLTAS,2018-09-11,584.0,589.8,572.2,575.6,971831
VOLTAS,2018-09-12,577.9,589.6,565.3,586.0,836403
VOLTAS,2018-09-14,594.8,621.95,590.5,617.25,2262200
VOLTAS,2018-09-17,610.1,611.75,594.65,598.65,1023584
VOLTAS,2018-09-18,599.0,599.85,575.5,578.65,1297992
VOLTAS,2018-09-19,583.5,584.4,564.4,567.85,1721437
VOLTAS,2018-09-21,570.0,575.95,549.85,562.85,1971129
VOLTAS,2018-09-24,568.95,574.85,555.0,568.0,698529
VOLTAS,2018-09-25,568.0,581.4,558.15,577.25,1036491
VOLTAS,2018-09-26,583.0,584.8,565.0,571.55,1144859
VOLTAS,2018-09-27,555.0,559.7,532.0,536.15,4577936
VOLTAS,2018-09-28,540.0,546.75,525.15,532.2,1450754
VOLTAS,2018-10-01,530.2,540.1,515.0,536.4,792956
VOLTAS,2018-10-03,531.0,545.2,522.6,529.7,1463072
VOLTAS,2018-10-04,522.5,531.0,508.5,515.5,1139340
VOLTAS,2018-10-05,515.4,518.0,500.0,506.45,1054183
VOLTAS,2018-10-08,505.0,507.65,472.25,479.15,1968318
VOLTAS,2018-10-09,480.0,487.65,476.0,484.65,1095066
VOLTAS,2018-10-10,489.0,519.0,485.3,515.55,1061550
VOLTAS,2018-10-11,500.0,514.2,486.3,498.3,1226218
VOLTAS,2018-10-12,500.0,518.4,500.0,510.4,733655
VOLTAS,2018-10-15,510.0,511.6,496.5,500.15,777013
VOLTAS,2018-10-16,505.95,516.55,502.35,508.65,677663
VOLTAS,2018-10-17,515.0,516.3,498.2,500.65,605510
VOLTAS,2018-10-19,492.0,510.35,489.45,507.15,1038482
VOLTAS,2018-10-22,509.9,512.3,498.45,500.85,549563
VOLTAS,2018-10-23,498.0,512.8,495.0,509.85,878249
VOLTAS,2018-10-24,512.0,528.0,510.65,524.75,1668478
VOLTAS,2018-10-25,520.0,529.0,514.5,526.7,1668379
VOLTAS,2018-10-26,523.3,530.0,503.55,506.95,941101
VOLTAS,2018-10-29,505.0,527.25,497.5,522.1,1133504
VOLTAS,2018-10-30,520.9,533.25,510.05,519.5,1163301
VOLTAS,2018-10-31,521.0,545.0,518.05,540.25,1775202
VOLTAS,2018-11-01,544.9,558.7,528.85,532.6,1650082
VOLTAS,2018-11-02,535.9,551.0,533.4,548.5,1590806
VOLTAS,2018-11-05,547.45,554.5,533.1,540.2,1997213
VOLTAS,2018-11-06,540.0,549.0,517.2,523.35,4859489
VOLTAS,2018-11-07,525.0,527.85,506.45,513.9,1291110
VOLTAS,2018-11-09,510.0,541.45,505.75,538.9,3357785
VOLTAS,2018-11-12,540.0,546.2,533.2,535.45,1052948
VOLTAS,2018-11-13,533.4,545.0,527.25,543.8,1036671
VOLTAS,2018-11-14,545.0,552.0,537.5,542.35,1078898
VOLTAS,2018-11-15,543.2,558.2,538.1,553.0,1322033
VOLTAS,2018-11-16,552.8,555.5,542.0,552.55,591046
VOLTAS,2018-11-19,552.55,567.8,550.05,561.65,1576273
VOLTAS,2018-11-20,558.2,569.95,543.55,547.0,1277292
VOLTAS,2018-11-21,548.8,563.95,547.55,560.3,709970
VOLTAS,2018-11-22,562.0,562.8,547.5,549.35,731163
VOLTAS,2018-11-26,549.0,562.5,541.15,559.3,858202
VOLTAS,2018-11-27,555.2,557.9,541.9,545.35,833265
VOLTAS,2018-11-28,549.8,551.25,534.0,536.45,1121781
VOLTAS,2018-11-29,538.6,554.95,538.6,552.75,1172042
VOLTAS,2018-11-30,554.0,561.6,547.05,553.95,1247505
VOLTAS,2018-12-03,555.0,562.0,548.4,556.7,909007
VOLTAS,2018-12-04,555.0,559.9,548.1,552.85,475903
VOLTAS,2018-12-05,545.25,554.5,542.1,551.65,768896
VOLTAS,2018-12-06,546.0,546.2,527.2,537.2,1390675
VOLTAS,2018-12-07,538.0,546.9,529.1,543.75,1600611
VOLTAS,2018-12-10,530.3,541.8,530.3,534.65,575162
VOLTAS,2018-12-11,525.9,555.95,525.9,552.75,1089579
VOLTAS,2018-12-12,558.95,570.2,548.05,569.05,2022689
VOLTAS,2018-12-13,571.0,574.9,558.2,568.7,1401052
VOLTAS,2018-12-14,565.1,582.8,561.7,578.75,1188909
VOLTAS,2018-12-17,580.0,590.5,565.2,567.65,2486280
VOLTAS,2018-12-18,566.6,571.1,558.35,561.35,1484453
VOLTAS,2018-12-19,565.0,579.5,560.95,573.2,2383638
VOLTAS,2018-12-20,569.8,582.0,564.75,576.85,1623344
VOLTAS,2018-12-21,580.0,580.0,567.2,569.95,1400954
VOLTAS,2018-12-24,569.0,569.0,551.0,555.2,1516765
VOLTAS,2018-12-26,554.0,554.9,540.6,549.6,1140324
VOLTAS,2018-12-27,555.0,555.75,545.05,551.15,2783701
VOLTAS,2018-12-28,554.0,557.15,549.3,551.3,1101215
VOLTAS,2018-12-31,554.55,561.5,551.15,553.5,1100958
VOLTAS,2019-01-01,555.8,558.15,551.3,555.45,547086
VOLTAS,2019-01-02,555.05,556.4,534.2,537.85,926605
VOLTAS,2019-01-03,536.0,544.1,532.95,536.35,1357716
VOLTAS,2019-01-04,538.0,541.05,527.55,536.15,1551273
VOLTAS,2019-01-07,540.8,545.35,538.5,541.75,877380
VOLTAS,2019-01-08,542.65,542.65,537.85,539.6,718834
VOLTAS,2019-01-09,544.2,544.2,531.25,535.15,769323
VOLTAS,2019-01-10,535.25,542.5,533.5,539.35,1070036
VOLTAS,2019-01-11,539.0,544.0,534.5,542.2,691132
VOLTAS,2019-01-14,541.25,545.4,538.15,540.7,562376
VOLTAS,2019-01-15,541.9,543.75,525.65,531.05,1562999
VOLTAS,2019-01-16,531.2,537.8,530.15,533.3,1219163
VOLTAS,2019-01-17,535.5,540.35,532.5,534.65,509792
VOLTAS,2019-01-18,535.5,537.8,532.25,535.15,371360
VOLTAS,2019-01-21,537.65,542.7,530.4,536.55,711696
VOLTAS,2019-01-22,535.4,544.4,526.1,540.15,1444834
VOLTAS,2019-01-23,539.95,541.95,531.4,532.75,424146
VOLTAS,2019-01-24,532.7,541.9,531.65,538.7,677637
VOLTAS,2019-01-25,543.0,543.0,531.1,532.45,750228
VOLTAS,2019-01-28,538.0,538.0,531.25,534.1,942490
VOLTAS,2019-01-29,533.4,544.5,528.5,541.35,1102180
VOLTAS,2019-01-30,540.6,544.1,532.0,541.6,572806
VOLTAS,2019-01-31,542.5,544.0,531.1,541.1,1406501
VOLTAS,2019-02-01,541.1,557.7,533.0,553.65,1915869
VOLTAS,2019-02-04,555.9,556.0,535.45,544.0,900993
VOLTAS,2019-02-05,543.9,546.5,532.0,533.55,810734
VOLTAS,2019-02-06,532.25,533.8,513.1,528.65,1691734
VOLTAS,2019-02-07,523.75,541.15,523.7,538.1,694326
VOLTAS,2019-02-08,536.25,540.9,530.0,531.6,735498
VOLTAS,2019-02-11,533.7,533.7,519.25,524.45,602314
VOLTAS,2019-02-12,527.0,528.75,520.0,522.3,316796
VOLTAS,2019-02-14,504.0,522.5,501.05,514.95,1431983
VOLTAS,2019-02-15,511.0,534.6,511.0,522.0,3136801
VOLTAS,2019-02-18,524.2,529.8,519.0,522.2,664220
VOLTAS,2019-02-19,519.0,528.8,515.55,524.1,604529
VOLTAS,2019-02-20,526.55,533.4,524.1,529.8,658574
VOLTAS,2019-02-21,530.0,535.95,526.35,533.1,1033996
VOLTAS,2019-02-22,527.5,532.75,524.05,531.25,739498
VOLTAS,2019-02-25,535.0,535.0,527.0,530.1,714560
VOLTAS,2019-02-26,529.9,539.0,525.0,537.45,1199389
VOLTAS,2019-02-27,537.65,557.35,536.8,542.95,1871732
VOLTAS,2019-02-28,545.0,570.5,541.5,566.55,3207480
VOLTAS,2019-03-01,568.3,577.85,563.3,574.95,2529959
VOLTAS,2019-03-05,572.0,600.95,572.0,597.3,2280910
VOLTAS,2019-03-06,605.0,605.0,591.55,598.3,1554217
VOLTAS,2019-03-07,599.0,601.55,591.15,593.75,1348466
VOLTAS,2019-03-08,590.05,596.6,588.1,593.7,949009
VOLTAS,2019-03-11,594.0,627.8,594.0,625.1,2785319
VOLTAS,2019-03-12,626.5,630.9,616.95,622.35,1765103
VOLTAS,2019-03-13,622.6,629.9,615.1,618.8,1225549
VOLTAS,2019-03-14,613.9,615.9,598.1,602.5,1829422
VOLTAS,2019-03-15,603.5,607.0,596.1,600.0,2575864
VOLTAS,2019-03-18,601.0,610.65,600.0,604.25,1547903
VOLTAS,2019-03-19,606.0,614.0,600.05,612.35,1168935
VOLTAS,2019-03-20,613.75,616.0,607.5,614.1,1171383
VOLTAS,2019-03-22,615.0,619.45,608.1,614.9,1486474
VOLTAS,2019-03-25,602.4,612.9,598.25,602.95,1529031
VOLTAS,2019-03-26,606.0,614.8,603.5,612.9,717467
VOLTAS,2019-03-27,617.0,627.0,615.0,623.8,1883340
VOLTAS,2019-03-28,624.95,633.5,622.35,626.3,2122939
VOLTAS,2019-04-01,630.45,641.7,618.8,624.15,1610168
VOLTAS,2019-04-02,624.2,626.9,619.4,622.1,870335
VOLTAS,2019-04-03,622.0,633.45,614.6,616.7,1525542
VOLTAS,2019-04-04,617.8,625.0,600.75,605.1,1598159
VOLTAS,2019-04-05,609.7,613.25,605.0,609.4,1463341
VOLTAS,2019-04-08,612.0,624.5,607.5,612.15,1465527
VOLTAS,2019-04-09,615.95,618.8,607.15,609.25,966423
VOLTAS,2019-04-10,611.8,616.5,606.65,610.2,705154
VOLTAS,2019-04-11,610.0,620.0,609.2,617.05,1217205
VOLTAS,2019-04-12,616.9,625.6,616.0,620.45,1997945
VOLTAS,2019-04-15,623.4,628.25,618.0,621.75,1213990
VOLTAS,2019-04-16,624.95,628.25,622.2,623.85,1235077
VOLTAS,2019-04-18,625.15,626.9,609.5,614.85,986091
VOLTAS,2019-04-22,614.15,616.0,608.3,611.9,642804
VOLTAS,2019-04-23,611.0,625.45,609.4,622.25,1218136
VOLTAS,2019-04-24,622.15,623.9,612.85,616.9,929484
VOLTAS,2019-04-25,617.8,619.6,611.5,615.65,1151814
VOLTAS,2019-04-26,616.7,618.0,600.4,609.0,1200818
VOLTAS,2019-04-30,609.65,610.6,598.55,602.7,1014686
VOLTAS,2019-05-02,601.0,610.65,599.0,600.9,755660
VOLTAS,2019-05-03,606.7,621.4,601.25,603.5,2524534
VOLTAS,2019-05-06,601.7,611.0,597.9,606.05,1523450
VOLTAS,2019-05-07,609.3,611.45,599.7,601.45,702629
VOLTAS,2019-05-08,599.0,599.0,571.55,576.65,3342049
VOLTAS,2019-05-09,574.0,580.7,568.75,574.1,1911454
VOLTAS,2019-05-10,540.0,586.0,537.7,580.05,15335100
VOLTAS,2019-05-13,572.8,576.45,562.0,572.2,2410655
VOLTAS,2019-05-14,570.0,576.5,565.0,572.0,1110700
VOLTAS,2019-05-15,571.1,572.0,556.1,560.0,1201644
VOLTAS,2019-05-16,559.9,561.85,550.2,557.35,1385468
VOLTAS,2019-05-17,555.6,578.0,555.55,575.15,1517474
VOLTAS,2019-05-20,588.0,606.5,585.0,590.0,1591835
VOLTAS,2019-05-21,590.9,595.0,580.0,583.5,665339
VOLTAS,2019-05-22,582.0,592.95,579.5,584.3,801508
VOLTAS,2019-05-23,590.0,600.0,570.55,575.5,1153889
VOLTAS,2019-05-24,583.0,585.0,571.3,582.45,1231440
VOLTAS,2019-05-27,583.1,596.9,582.8,591.65,1807576
VOLTAS,2019-05-28,594.7,604.8,585.3,588.45,1543511
VOLTAS,2019-05-29,590.2,591.8,571.0,572.45,1016164
VOLTAS,2019-05-30,574.9,575.8,564.2,571.65,1765323
VOLTAS,2019-05-31,574.9,591.0,572.0,580.15,1750524
VOLTAS,2019-06-03,586.0,594.9,578.0,591.1,1448669
VOLTAS,2019-06-04,592.4,602.0,591.0,598.6,1706416
VOLTAS,2019-06-06,601.4,606.5,582.75,588.5,1179860
VOLTAS,2019-06-07,586.5,619.0,586.5,617.2,4487140
VOLTAS,2019-06-10,620.3,624.15,614.05,621.6,1742793
VOLTAS,2019-06-11,625.9,625.9,613.75,615.95,1251002
VOLTAS,2019-06-12,616.5,617.0,605.65,608.5,710028
VOLTAS,2019-06-13,606.0,617.5,606.0,613.65,1086238
VOLTAS,2019-06-14,613.65,615.0,604.0,605.0,501830
VOLTAS,2019-06-17,605.35,607.75,593.6,595.5,565022
VOLTAS,2019-06-18,592.5,603.4,592.05,600.4,505767
VOLTAS,2019-06-19,605.0,614.0,600.65,609.6,1529957
VOLTAS,2019-06-20,611.0,625.0,607.8,622.0,861837
VOLTAS,2019-06-21,622.5,625.0,612.2,623.85,850991
VOLTAS,2019-06-24,625.0,635.2,625.0,632.25,2595047
VOLTAS,2019-06-25,633.45,654.8,631.7,651.0,3052271
VOLTAS,2019-06-26,649.95,658.85,645.65,653.75,2290399
VOLTAS,2019-06-27,656.0,658.4,649.0,652.75,1017178
VOLTAS,2019-06-28,653.05,654.75,641.25,643.4,892615
VOLTAS,2019-07-01,645.4,662.5,637.55,655.65,2033669
VOLTAS,2019-07-02,656.5,658.0,639.7,644.85,1367356
VOLTAS,2019-07-03,647.8,647.8,635.5,640.85,1612988
VOLTAS,2019-07-04,640.55,642.0,633.55,634.95,1101415
VOLTAS,2019-07-05,635.0,637.5,612.9,615.65,1266998
VOLTAS,2019-07-08,591.15,610.0,591.15,603.5,1198675
VOLTAS,2019-07-09,606.0,607.0,587.05,596.35,1362713
VOLTAS,2019-07-10,600.3,601.05,589.1,591.3,1255603
VOLTAS,2019-07-11,592.35,595.6,583.2,590.95,1184002
VOLTAS,2019-07-12,591.2,600.0,584.5,588.65,1081772
VOLTAS,2019-07-15,589.2,589.95,580.0,587.2,719927
VOLTAS,2019-07-16,586.1,598.8,585.15,597.0,1354552
VOLTAS,2019-07-17,595.8,598.45,587.0,590.7,1123065
VOLTAS,2019-07-18,589.35,590.0,576.1,580.4,977805
VOLTAS,2019-07-19,582.0,585.5,571.0,578.15,1119667
VOLTAS,2019-07-22,583.4,585.45,568.75,582.45,746249
VOLTAS,2019-07-23,585.0,592.4,581.1,589.3,1471630
VOLTAS,2019-07-24,589.3,592.9,573.45,579.75,1310388
VOLTAS,2019-07-25,581.7,585.0,575.1,579.1,841225
VOLTAS,2019-07-26,575.0,586.0,572.3,582.95,1049787
VOLTAS,2019-07-29,575.0,582.0,566.2,573.0,895924
VOLTAS,2019-07-30,571.2,579.4,562.1,565.2,718830
VOLTAS,2019-07-31,560.0,585.0,557.4,583.0,1174505
VOLTAS,2019-08-01,580.0,612.6,580.0,607.9,4509641
VOLTAS,2019-08-02,602.9,615.35,601.2,611.55,2281570
VOLTAS,2019-08-05,605.25,605.25,596.4,601.65,1309474
VOLTAS,2019-08-06,597.0,620.85,597.0,617.8,1812209
VOLTAS,2019-08-07,617.65,624.4,594.0,606.25,2874311
VOLTAS,2019-08-08,602.5,608.4,590.6,597.8,1087109
VOLTAS,2019-08-09,601.75,616.45,600.2,605.6,1576382
VOLTAS,2019-08-13,606.25,611.0,579.1,585.1,1050836
VOLTAS,2019-08-14,586.2,598.0,586.2,591.75,577925
VOLTAS,2019-08-16,587.2,609.3,585.65,601.55,1585644
VOLTAS,2019-08-19,602.1,614.8,602.0,606.75,1063403
VOLTAS,2019-08-20,607.0,608.7,599.35,604.85,721901
VOLTAS,2019-08-21,605.0,610.3,588.0,592.5,667818
VOLTAS,2019-08-22,588.0,605.8,583.65,597.7,871276
VOLTAS,2019-08-23,593.7,615.15,586.4,612.65,900178
VOLTAS,2019-08-26,616.0,624.6,611.0,614.65,1729430
VOLTAS,2019-08-27,618.0,629.8,608.4,618.25,2144964
VOLTAS,2019-08-28,617.85,627.95,614.1,625.05,1491115
VOLTAS,2019-08-29,627.95,632.5,617.1,630.35,946709
VOLTAS,2019-08-30,634.7,643.95,623.45,640.0,963495
VOLTAS,2019-09-03,633.75,636.0,617.1,619.95,1622523
VOLTAS,2019-09-04,617.9,623.45,606.65,621.6,1033989
VOLTAS,2019-09-05,620.0,632.9,620.0,630.25,851765
VOLTAS,2019-09-06,632.0,633.95,624.05,629.5,720767
VOLTAS,2019-09-09,627.4,642.5,625.4,639.9,971792
VOLTAS,2019-09-11,645.0,645.0,630.0,632.95,1104689
VOLTAS,2019-09-12,633.0,641.3,628.0,635.1,846026
VOLTAS,2019-09-13,636.95,639.5,629.1,637.55,656224
VOLTAS,2019-09-16,632.9,639.3,629.1,634.45,481057
VOLTAS,2019-09-17,634.0,634.75,619.5,620.6,454845
VOLTAS,2019-09-18,622.2,633.85,619.9,630.7,741847
VOLTAS,2019-09-19,631.95,631.95,622.05,625.45,888625
VOLTAS,2019-09-20,625.4,673.0,619.0,667.35,2881448
VOLTAS,2019-09-23,681.0,705.0,665.0,670.65,2238926
VOLTAS,2019-09-24,673.0,674.8,661.75,665.55,1263674
VOLTAS,2019-09-25,663.0,679.0,661.0,668.75,1509527
VOLTAS,2019-09-26,672.95,684.7,664.0,678.0,1855352
VOLTAS,2019-09-27,677.95,686.3,672.8,682.4,1099157
VOLTAS,2019-09-30,685.8,686.0,671.25,679.55,795232
VOLTAS,2019-10-01,680.0,696.6,670.55,674.65,1523100
VOLTAS,2019-10-03,669.95,682.0,664.75,674.4,800102
VOLTAS,2019-10-04,674.9,680.0,652.95,656.05,703425
VOLTAS,2019-10-07,656.05,667.75,649.2,664.3,581861
VOLTAS,2019-10-09,663.0,685.0,657.8,681.6,823317
VOLTAS,2019-10-10,680.8,695.05,671.9,673.85,1835731
VOLTAS,2019-10-11,675.5,683.5,672.05,679.1,540939
VOLTAS,2019-10-14,679.1,686.75,672.0,673.6,424901
VOLTAS,2019-10-15,675.0,681.35,669.0,676.0,930809
VOLTAS,2019-10-16,678.0,679.3,660.8,671.7,1015112
VOLTAS,2019-10-17,672.0,678.7,670.15,676.5,460645
VOLTAS,2019-10-18,677.7,697.0,676.8,691.7,2069844
VOLTAS,2019-10-22,695.0,713.0,690.0,693.45,2026682
VOLTAS,2019-10-23,693.15,709.4,688.35,707.7,1289839
VOLTAS,2019-10-24,713.4,721.25,695.25,707.85,2334184
VOLTAS,2019-10-25,711.4,712.6,693.3,699.3,969161
VOLTAS,2019-10-27,707.9,707.9,702.15,703.9,145127
VOLTAS,2019-10-29,704.0,725.4,702.9,719.75,1350096
VOLTAS,2019-10-30,720.0,722.0,705.8,712.95,665826
VOLTAS,2019-10-31,715.85,719.6,705.0,708.5,1039303
VOLTAS,2019-11-01,709.0,709.65,694.0,695.7,683006
VOLTAS,2019-11-04,696.0,701.05,686.0,687.25,824519
VOLTAS,2019-11-05,689.45,689.45,674.65,679.5,808275
VOLTAS,2019-11-06,678.0,689.65,670.1,673.1,1918668
VOLTAS,2019-11-07,674.5,681.5,657.15,666.65,2729712
VOLTAS,2019-11-08,665.9,701.45,665.5,693.65,2998481
VOLTAS,2019-11-11,695.0,704.15,685.0,687.3,1485485
VOLTAS,2019-11-13,688.0,707.0,686.9,702.0,1885292
VOLTAS,2019-11-14,704.75,715.0,701.1,713.6,1722703
VOLTAS,2019-11-15,716.0,718.85,710.95,713.55,976238
VOLTAS,2019-11-18,713.0,719.4,708.25,714.45,817503
VOLTAS,2019-11-19,712.25,718.5,709.0,713.25,792191
VOLTAS,2019-11-20,713.25,719.55,703.9,708.4,968603
VOLTAS,2019-11-21,708.0,709.05,700.05,703.5,500782
VOLTAS,2019-11-22,707.0,707.0,689.6,693.85,1000521
VOLTAS,2019-11-25,694.9,705.3,689.4,702.15,1185057
VOLTAS,2019-11-26,704.5,708.65,698.55,700.85,1168954
VOLTAS,2019-11-27,701.95,705.95,692.65,701.4,1726476
VOLTAS,2019-11-28,704.9,714.2,697.7,710.4,841453
VOLTAS,2019-11-29,707.55,713.0,698.35,700.6,760393
VOLTAS,2019-12-02,696.55,701.5,688.85,695.1,453626
VOLTAS,2019-12-03,695.0,702.05,688.0,689.5,700715
VOLTAS,2019-12-04,687.8,695.55,684.5,693.35,867371
VOLTAS,2019-12-05,696.0,707.0,690.75,696.45,1140638
VOLTAS,2019-12-06,696.35,696.35,674.6,690.0,2027624
VOLTAS,2019-12-09,688.0,690.8,677.9,679.85,992928
VOLTAS,2019-12-10,680.0,685.8,675.0,679.4,975416
VOLTAS,2019-12-11,682.5,683.2,670.5,680.3,1443699
VOLTAS,2019-12-12,681.2,695.55,681.2,693.2,951573
VOLTAS,2019-12-13,695.0,698.55,672.55,679.55,1896945
VOLTAS,2019-12-16,683.75,690.5,676.25,678.75,1289696
VOLTAS,2019-12-17,681.8,681.8,666.4,669.05,1457025
VOLTAS,2019-12-18,670.95,672.5,648.9,654.15,2308117
VOLTAS,2019-12-19,656.0,662.0,651.1,655.95,1294302
VOLTAS,2019-12-20,655.9,661.9,648.5,651.15,781139
VOLTAS,2019-12-23,651.1,656.6,639.0,654.0,1698997
VOLTAS,2019-12-24,657.0,658.85,650.0,652.35,663359
VOLTAS,2019-12-26,653.0,654.95,645.25,651.2,775166
VOLTAS,2019-12-27,653.25,654.7,646.65,648.45,862426
VOLTAS,2019-12-30,648.0,663.4,648.0,659.5,1729862
VOLTAS,2019-12-31,658.6,662.25,655.0,659.3,877219
VOLTAS,2020-01-01,659.3,663.0,651.35,653.3,820283
VOLTAS,2020-01-02,654.95,660.85,647.6,659.55,1167011
VOLTAS,2020-01-03,657.95,665.0,656.05,663.7,1224987
VOLTAS,2020-01-06,662.95,662.95,646.3,649.9,1162203
VOLTAS,2020-01-07,651.1,660.0,650.25,654.5,1007897
VOLTAS,2020-01-08,649.0,653.45,647.0,651.05,742490
VOLTAS,2020-01-09,655.3,689.15,655.3,684.3,2697590
VOLTAS,2020-01-10,688.45,691.8,682.2,687.5,1308124
VOLTAS,2020-01-13,687.5,696.0,686.1,693.45,815053
VOLTAS,2020-01-14,694.5,701.0,691.5,693.35,781087
VOLTAS,2020-01-15,692.3,697.8,683.65,695.3,622594
VOLTAS,2020-01-16,696.0,712.0,695.55,701.1,1010417
VOLTAS,2020-01-17,700.0,712.8,697.25,705.1,957742
VOLTAS,2020-01-20,707.4,715.0,696.2,700.25,857374
VOLTAS,2020-01-21,697.0,704.95,696.0,702.5,562545
VOLTAS,2020-01-22,703.9,704.5,692.05,695.45,503474
VOLTAS,2020-01-23,695.05,718.0,695.05,713.3,1523850
VOLTAS,2020-01-24,714.85,730.95,708.35,723.45,1865819
VOLTAS,2020-01-27,725.0,725.95,708.9,710.6,1111167
VOLTAS,2020-01-28,713.0,722.5,710.45,716.4,922232
VOLTAS,2020-01-29,716.35,718.4,704.6,707.75,738157
VOLTAS,2020-01-30,705.0,707.1,690.65,698.75,702379
VOLTAS,2020-01-31,703.0,709.0,691.0,694.2,605269
VOLTAS,2020-02-03,685.0,697.7,679.75,690.1,470633
VOLTAS,2020-02-04,699.0,702.6,682.0,700.15,1142197
VOLTAS,2020-02-05,699.0,715.4,688.0,694.35,1228520
VOLTAS,2020-02-06,697.5,697.5,677.15,683.25,1177640
VOLTAS,2020-02-07,684.0,707.9,671.5,701.45,5493326
VOLTAS,2020-02-10,701.95,701.95,667.05,682.0,2694224
VOLTAS,2020-02-11,686.4,706.0,681.0,683.25,1836835
VOLTAS,2020-02-12,687.8,688.5,677.55,682.25,581086
VOLTAS,2020-02-13,681.4,689.0,675.0,685.6,492340
VOLTAS,2020-02-14,688.0,693.0,683.1,687.9,442425
VOLTAS,2020-02-17,689.7,704.95,683.05,694.85,1473125
VOLTAS,2020-02-18,694.75,700.55,684.05,697.1,1369375
VOLTAS,2020-02-19,702.1,737.0,702.1,733.15,3317660
VOLTAS,2020-02-20,736.0,741.0,721.05,725.0,2105332
VOLTAS,2020-02-24,721.3,733.95,715.4,717.65,1618922
VOLTAS,2020-02-25,723.8,731.35,702.0,703.6,1873648
VOLTAS,2020-02-26,700.0,704.85,685.5,691.7,1172920
VOLTAS,2020-02-27,692.0,695.5,680.0,684.9,1033182
VOLTAS,2020-02-28,674.8,686.15,655.75,678.75,2034326
VOLTAS,2020-03-02,685.4,691.85,655.5,664.1,2029657
VOLTAS,2020-03-03,677.0,695.45,665.3,690.85,1720245
VOLTAS,2020-03-04,694.0,694.5,668.05,687.0,1076218
VOLTAS,2020-03-05,691.4,697.0,675.5,689.6,926538
VOLTAS,2020-03-06,669.0,679.0,656.55,673.65,1863719
VOLTAS,2020-03-09,655.75,664.95,635.15,646.1,2114146
VOLTAS,2020-03-11,650.0,655.0,634.25,641.0,1400634
VOLTAS,2020-03-12,620.0,628.7,587.25,621.4,1982451
VOLTAS,2020-03-13,564.0,664.2,559.3,655.65,1944092
VOLTAS,2020-03-16,635.0,635.0,598.05,602.6,1650459
VOLTAS,2020-03-17,613.0,626.55,590.1,595.4,1616406
VOLTAS,2020-03-18,600.0,607.7,570.15,576.1,1338187
VOLTAS,2020-03-19,536.0,566.4,527.0,548.2,1240527
VOLTAS,2020-03-20,555.0,585.7,555.0,564.8,1768226
VOLTAS,2020-03-23,527.0,539.45,475.55,488.7,780947
VOLTAS,2020-03-24,498.25,526.4,472.35,478.35,1601386
VOLTAS,2020-03-25,485.0,504.2,448.75,486.6,2021433
VOLTAS,2020-03-26,489.6,522.4,474.3,504.5,2100154
VOLTAS,2020-03-27,523.0,523.0,474.3,490.55,1873789
VOLTAS,2020-03-30,471.0,486.2,449.7,465.1,1456136
VOLTAS,2020-03-31,471.3,492.5,463.5,476.9,1173010
VOLTAS,2020-04-01,472.55,485.55,464.05,471.25,1766499
VOLTAS,2020-04-03,474.1,478.85,460.5,472.55,845747
VOLTAS,2020-04-07,484.3,501.85,477.8,484.55,1934898
VOLTAS,2020-04-08,481.0,522.9,476.0,482.7,2355743
VOLTAS,2020-04-09,487.0,515.75,481.35,508.9,2806291
VOLTAS,2020-04-13,511.0,511.4,482.5,505.1,1902868
VOLTAS,2020-04-15,508.0,538.7,508.0,515.9,4126544
VOLTAS,2020-04-16,518.95,532.95,509.15,521.3,3313113
VOLTAS,2020-04-17,531.0,545.6,514.45,523.6,3034376
VOLTAS,2020-04-20,522.6,530.8,517.6,521.4,1976078
VOLTAS,2020-04-21,515.0,515.0,491.4,499.15,2136415
VOLTAS,2020-04-22,500.0,507.55,484.45,503.35,2662294
VOLTAS,2020-04-23,507.0,513.0,498.0,508.2,2472824
VOLTAS,2020-04-24,500.0,505.0,485.0,487.15,1697939
VOLTAS,2020-04-27,490.2,499.65,485.0,490.8,1763196
VOLTAS,2020-04-28,494.35,501.7,492.2,496.8,1946282
VOLTAS,2020-04-29,497.0,498.7,489.0,491.4,2104519
VOLTAS,2020-04-30,495.2,517.5,495.2,505.4,2950356
VOLTAS,2020-05-04,496.0,496.5,461.0,465.95,2361916
VOLTAS,2020-05-05,475.0,481.9,432.25,438.4,4163943
VOLTAS,2020-05-06,442.8,463.9,427.45,457.95,7211439
VOLTAS,2020-05-07,460.0,469.0,439.15,442.2,7363997
VOLTAS,2020-05-08,455.0,459.95,445.2,456.4,3964094
VOLTAS,2020-05-11,458.1,472.7,457.6,468.95,2289089
VOLTAS,2020-05-12,467.45,474.2,457.25,460.2,3635078
VOLTAS,2020-05-13,475.0,481.8,452.9,464.15,5154440
VOLTAS,2020-05-14,458.9,472.5,453.45,457.0,2959019
VOLTAS,2020-05-15,460.0,466.0,448.5,462.05,2668582
VOLTAS,2020-05-18,463.5,463.95,438.25,441.55,2151356
VOLTAS,2020-05-19,448.0,453.5,432.05,436.3,2322033
VOLTAS,2020-05-20,437.5,460.0,434.2,454.4,2101099
VOLTAS,2020-05-21,456.0,466.7,454.0,461.35,1951284
VOLTAS,2020-05-22,461.75,466.95,445.0,450.3,2146202
VOLTAS,2020-05-26,456.2,457.35,446.5,449.8,2168193
VOLTAS,2020-05-27,452.9,466.0,448.1,464.55,3177253
VOLTAS,2020-05-28,471.4,489.85,466.0,486.8,4568687
VOLTAS,2020-05-29,485.9,493.6,476.95,480.15,4002702
VOLTAS,2020-06-01,506.0,544.75,506.0,539.8,13522210
VOLTAS,2020-06-02,546.0,561.4,537.0,557.7,6145086
VOLTAS,2020-06-03,560.0,580.0,559.7,567.8,5072386
VOLTAS,2020-06-04,569.05,576.0,553.9,565.95,3964554
VOLTAS,2020-06-05,570.0,582.9,564.5,579.75,2673077
VOLTAS,2020-06-08,582.05,587.5,553.85,560.6,3575837
VOLTAS,2020-06-09,563.0,572.0,544.25,547.85,3370552
VOLTAS,2020-06-10,550.0,559.0,545.2,553.45,2440258
VOLTAS,2020-06-11,555.2,563.7,546.35,555.7,2045520
VOLTAS,2020-06-12,540.0,558.0,536.9,553.65,2597897
VOLTAS,2020-06-15,555.5,565.5,544.1,547.15,2479232
VOLTAS,2020-06-16,557.0,560.75,540.1,549.6,1328332
VOLTAS,2020-06-17,548.0,556.65,543.65,545.7,1447933
VOLTAS,2020-06-18,544.0,548.35,539.2,543.95,1356389
VOLTAS,2020-06-19,546.0,550.6,539.35,548.7,1743955
VOLTAS,2020-06-22,552.0,557.7,548.45,552.15,1920660
VOLTAS,2020-06-23,554.95,565.65,544.9,547.45,3161412
VOLTAS,2020-06-24,551.9,553.5,533.25,537.95,2362752
VOLTAS,2020-06-25,537.0,554.95,533.95,552.1,2386501
VOLTAS,2020-06-26,554.0,557.25,542.05,545.4,1517204
VOLTAS,2020-06-29,547.0,547.0,534.65,536.7,890246
VOLTAS,2020-06-30,539.1,548.9,539.0,546.45,1906339
VOLTAS,2020-07-01,547.9,549.85,539.3,542.45,1093651
VOLTAS,2020-07-02,545.0,564.8,544.05,562.15,3237437
VOLTAS,2020-07-03,567.5,570.0,552.25,559.05,2949682
VOLTAS,2020-07-06,563.0,570.0,557.05,566.5,2351278
VOLTAS,2020-07-07,566.5,576.9,553.85,574.9,3243435
VOLTAS,2020-07-08,576.0,578.5,560.0,562.6,1671080
VOLTAS,2020-07-09,563.0,565.0,556.2,560.75,969170
VOLTAS,2020-07-10,555.0,567.35,555.0,562.6,1528875
VOLTAS,2020-07-13,567.8,567.8,548.5,553.6,1776880
VOLTAS,2020-07-14,550.5,552.0,541.6,547.85,1037680
VOLTAS,2020-07-15,549.0,556.0,541.0,544.3,1492400
VOLTAS,2020-07-16,545.0,552.15,529.6,550.1,1535926
VOLTAS,2020-07-17,555.0,581.0,554.0,576.6,4421603
VOLTAS,2020-07-20,581.85,602.0,580.1,597.45,6125949
VOLTAS,2020-07-21,600.6,609.5,594.6,596.95,2867911
VOLTAS,2020-07-22,600.0,605.45,590.05,595.6,2165035
VOLTAS,2020-07-23,596.6,611.45,593.7,595.6,3225989
VOLTAS,2020-07-24,594.5,599.9,590.0,593.6,1107084
VOLTAS,2020-07-27,597.95,598.0,576.4,589.75,1516271
VOLTAS,2020-07-28,586.65,589.0,573.8,580.85,1990102
VOLTAS,2020-07-29,583.7,598.5,583.7,589.45,2261187
VOLTAS,2020-07-30,591.25,598.85,587.35,595.25,1600973
VOLTAS,2020-07-31,595.25,603.5,590.65,598.4,1600492
VOLTAS,2020-08-03,596.0,600.75,591.5,595.7,829512
VOLTAS,2020-08-04,596.0,615.0,596.0,610.8,4324465
VOLTAS,2020-08-05,610.75,617.25,598.7,605.15,2377095
VOLTAS,2020-08-06,608.05,611.9,601.0,603.0,699794
VOLTAS,2020-08-07,600.0,603.0,592.0,593.9,962440
VOLTAS,2020-08-10,594.6,597.75,585.6,586.85,1450621
VOLTAS,2020-08-11,588.6,617.75,588.05,608.0,4885036
VOLTAS,2020-08-12,607.9,616.0,602.35,604.7,1732635
VOLTAS,2020-08-13,608.0,621.0,606.35,618.55,3252487
VOLTAS,2020-08-14,624.9,631.95,603.55,615.45,6952207
VOLTAS,2020-08-17,624.8,637.8,619.4,629.1,3060814
VOLTAS,2020-08-18,630.1,647.0,628.0,644.75,3147580
VOLTAS,2020-08-19,644.75,653.9,638.3,649.55,1599340
VOLTAS,2020-08-20,642.8,675.0,642.0,669.45,3416323
VOLTAS,2020-08-21,673.0,682.0,656.35,659.3,3590282
VOLTAS,2020-08-24,663.0,673.25,658.5,661.65,1588775
VOLTAS,2020-08-25,666.95,673.5,652.5,654.95,1866852
VOLTAS,2020-08-26,659.0,662.0,645.8,648.8,1709544
VOLTAS,2020-08-27,653.9,668.9,650.4,662.9,2761029
VOLTAS,2020-08-28,670.8,670.8,659.0,661.85,1319829
VOLTAS,2020-08-31,665.3,669.0,630.2,634.75,1523639
VOLTAS,2020-09-01,642.35,649.45,629.75,635.0,1508638
VOLTAS,2020-09-02,630.0,645.15,625.6,642.5,2215210
VOLTAS,2020-09-03,644.95,662.0,644.25,656.95,1765544
VOLTAS,2020-09-04,655.0,662.8,640.25,645.75,1796732
VOLTAS,2020-09-07,653.0,654.55,637.4,646.1,1184624
VOLTAS,2020-09-08,639.85,650.5,634.75,637.75,931344
VOLTAS,2020-09-09,633.0,654.0,632.0,650.3,938048
VOLTAS,2020-09-10,654.9,658.25,643.5,649.15,931052
VOLTAS,2020-09-11,645.0,662.0,643.65,656.45,2298702
VOLTAS,2020-09-14,662.4,699.6,662.4,685.6,7328223
VOLTAS,2020-09-15,692.45,692.5,678.0,679.35,1471023
VOLTAS,2020-09-16,682.0,694.7,680.95,686.8,2536636
VOLTAS,2020-09-17,687.0,698.75,683.05,693.65,1970679
VOLTAS,2020-09-18,697.95,713.5,676.3,679.5,4977464
VOLTAS,2020-09-21,678.7,689.3,661.0,670.5,1981392
VOLTAS,2020-09-22,670.15,673.75,645.2,657.9,1483647
VOLTAS,2020-09-23,661.0,676.6,653.5,666.4,1906520
VOLTAS,2020-09-24,660.0,665.0,647.0,650.05,1025236
VOLTAS,2020-09-25,652.05,674.0,639.4,670.0,1899648
VOLTAS,2020-09-28,670.05,693.0,667.25,689.1,1929822
VOLTAS,2020-09-29,696.85,698.7,677.7,683.6,1354183
VOLTAS,2020-09-30,688.0,688.0,671.25,680.35,1087796
VOLTAS,2020-10-01,688.0,691.25,676.2,678.15,1437719
VOLTAS,2020-10-05,680.3,685.9,663.6,668.9,1173860
VOLTAS,2020-10-06,672.25,680.6,667.2,672.15,1379493
VOLTAS,2020-10-07,670.0,680.0,666.4,677.25,865419
VOLTAS,2020-10-08,684.0,694.3,680.55,692.3,3120591
VOLTAS,2020-10-09,695.4,698.5,679.2,689.45,1543798
VOLTAS,2020-10-12,690.5,692.55,675.3,677.6,1013535
VOLTAS,2020-10-13,680.2,682.0,663.85,666.55,831301
VOLTAS,2020-10-14,663.0,674.95,656.35,672.3,1817988
VOLTAS,2020-10-15,676.5,677.75,664.65,672.4,1253742
VOLTAS,2020-10-16,687.95,704.1,683.0,700.5,8434697
VOLTAS,2020-10-19,706.05,708.05,685.4,688.65,5541814
VOLTAS,2020-10-20,686.5,700.75,680.3,698.25,2012241
VOLTAS,2020-10-21,698.0,710.9,695.3,706.4,2258403
VOLTAS,2020-10-22,700.0,718.5,699.25,709.6,2919672
VOLTAS,2020-10-23,711.0,721.5,703.2,705.6,2260940
VOLTAS,2020-10-26,705.6,708.5,687.05,689.55,1972443
VOLTAS,2020-10-27,693.05,704.8,691.1,701.5,1833977
VOLTAS,2020-10-28,704.4,717.6,700.4,703.0,2602432
VOLTAS,2020-10-29,698.95,707.0,689.6,702.55,1068690
VOLTAS,2020-10-30,705.0,711.85,701.0,705.55,936323
VOLTAS,2020-11-02,707.5,723.7,696.1,720.45,1946398
VOLTAS,2020-11-03,725.7,733.2,706.5,710.0,3240943
VOLTAS,2020-11-04,709.0,727.0,706.5,724.1,1761718
VOLTAS,2020-11-05,729.2,744.4,719.05,741.55,3231294
VOLTAS,2020-11-06,741.55,768.0,733.3,753.35,7249946
VOLTAS,2020-11-09,765.0,803.9,756.8,790.6,4404761
VOLTAS,2020-11-10,800.95,801.0,759.6,764.7,3421267
VOLTAS,2020-11-11,766.95,767.4,744.5,760.7,2547685
VOLTAS,2020-11-12,761.4,763.2,746.35,755.15,2298770
VOLTAS,2020-11-13,755.0,761.8,748.65,758.55,1751357
VOLTAS,2020-11-14,763.2,764.9,755.85,759.7,147263
VOLTAS,2020-11-17,764.0,776.6,755.75,774.7,2420896
VOLTAS,2020-11-18,775.85,781.55,766.65,770.9,2172489
VOLTAS,2020-11-19,767.0,786.0,765.5,774.05,2409458
VOLTAS,2020-11-20,779.8,782.65,765.35,770.3,1123473
VOLTAS,2020-11-23,774.0,782.85,756.9,760.35,1927096
VOLTAS,2020-11-24,765.0,781.65,760.35,778.4,1624446
VOLTAS,2020-11-25,784.0,786.25,748.35,753.35,1721308
VOLTAS,2020-11-26,756.05,772.0,755.0,769.1,1564927
VOLTAS,2020-11-27,773.4,820.8,766.35,806.6,5821482
VOLTAS,2020-12-01,812.15,812.15,790.45,794.5,1395992
VOLTAS,2020-12-02,794.0,810.3,790.1,802.15,1847689
VOLTAS,2020-12-03,806.0,819.0,802.7,808.0,2474465
VOLTAS,2020-12-04,810.0,826.8,809.5,820.55,1672137
VOLTAS,2020-12-07,821.5,829.9,807.0,809.05,1184293
VOLTAS,2020-12-08,817.9,820.0,804.0,809.3,1299313
VOLTAS,2020-12-09,810.0,821.0,806.05,808.1,1327059
VOLTAS,2020-12-10,808.1,815.7,801.2,814.25,1008656
VOLTAS,2020-12-11,814.0,820.9,800.55,804.9,1054806
VOLTAS,2020-12-14,806.1,814.9,804.2,808.05,619636
VOLTAS,2020-12-15,810.0,835.4,805.3,829.45,2713917
VOLTAS,2020-12-16,835.0,844.45,822.2,838.45,1721453
VOLTAS,2020-12-17,839.0,844.95,820.4,823.25,2044709
VOLTAS,2020-12-18,825.0,837.0,819.0,828.8,3405788
VOLTAS,2020-12-21,823.0,828.0,778.55,783.85,1509775
VOLTAS,2020-12-22,778.0,800.8,768.4,798.0,1180855
VOLTAS,2020-12-23,797.5,824.0,793.8,821.3,1349719
VOLTAS,2020-12-24,826.7,828.45,808.1,810.95,1223847
VOLTAS,2020-12-28,818.8,821.2,810.0,816.0,969800
VOLTAS,2020-12-29,818.5,822.5,809.05,814.35,811343
VOLTAS,2020-12-30,820.0,821.0,810.1,819.8,897917
VOLTAS,2020-12-31,815.1,828.0,812.05,825.65,1017539
VOLTAS,2021-01-01,827.0,834.0,820.05,831.45,808694
VOLTAS,2021-01-04,834.0,848.65,832.1,846.0,1512530
VOLTAS,2021-01-05,842.05,854.0,830.55,837.35,1362402
VOLTAS,2021-01-06,837.0,877.7,834.3,869.3,3129336
VOLTAS,2021-01-07,871.1,888.0,869.0,881.5,1624468
VOLTAS,2021-01-08,882.0,909.4,881.5,902.2,1928335
VOLTAS,2021-01-11,900.0,917.9,881.2,914.3,1396688
VOLTAS,2021-01-12,905.0,922.6,898.5,903.2,1251253
VOLTAS,2021-01-13,906.0,912.75,882.05,896.8,1246019
VOLTAS,2021-01-14,900.0,926.9,897.0,912.2,2750870
VOLTAS,2021-01-15,914.7,917.9,881.55,887.55,1837146
VOLTAS,2021-01-18,886.0,903.0,876.45,890.9,1870909
VOLTAS,2021-01-19,893.15,912.0,892.0,909.05,1230079
VOLTAS,2021-01-20,910.5,918.85,900.95,912.65,899024
VOLTAS,2021-01-21,935.05,995.6,935.05,955.25,8498938
VOLTAS,2021-01-22,950.25,969.55,916.95,934.05,3000159
VOLTAS,2021-01-25,943.5,960.0,913.15,940.65,2577271
VOLTAS,2021-01-27,941.0,944.5,907.9,913.5,2090928
VOLTAS,2021-01-28,909.85,942.75,901.6,933.4,3133218
VOLTAS,2021-01-29,940.0,945.85,897.25,908.1,2489069
VOLTAS,2021-02-01,906.05,949.4,903.1,938.3,1777339
VOLTAS,2021-02-02,946.0,998.6,944.85,987.85,3424514
VOLTAS,2021-02-03,997.15,1029.9,990.0,1004.45,3255375
VOLTAS,2021-02-04,1002.8,1022.0,998.05,1003.35,1704896
VOLTAS,2021-02-05,1010.0,1040.85,989.45,1001.2,3672736
VOLTAS,2021-02-08,1005.0,1045.5,1004.15,1040.4,2191241
VOLTAS,2021-02-09,1040.4,1089.8,1040.0,1079.6,4814340
VOLTAS,2021-02-10,1070.1,1096.1,1056.9,1091.05,3676383
VOLTAS,2021-02-11,1080.25,1111.0,1080.25,1103.2,2211263
VOLTAS,2021-02-12,1099.7,1132.0,1060.25,1079.2,7728222
VOLTAS,2021-02-15,1090.0,1095.0,1052.3,1058.0,2114945
VOLTAS,2021-02-16,1065.0,1074.9,1026.0,1037.65,3350162
VOLTAS,2021-02-17,1027.0,1049.0,1019.0,1032.1,2577679
VOLTAS,2021-02-18,1030.0,1030.4,1003.0,1017.25,2117985
VOLTAS,2021-02-19,1014.5,1033.95,992.2,1001.45,2213605
VOLTAS,2021-02-22,1001.45,1015.0,984.9,990.8,1828675
VOLTAS,2021-02-23,994.0,1021.4,979.1,1015.0,2104866
VOLTAS,2021-02-24,1020.0,1024.8,1008.0,1012.9,756165
VOLTAS,2021-02-25,1021.1,1054.7,1017.6,1048.7,3011002
VOLTAS,2021-02-26,1048.0,1054.0,1008.95,1018.15,2392792
VOLTAS,2021-03-01,1023.2,1062.65,1022.0,1043.8,1860778
VOLTAS,2021-03-02,1051.0,1072.5,1044.15,1067.65,2157106
VOLTAS,2021-03-03,1079.95,1081.0,1065.0,1072.95,1405770
VOLTAS,2021-03-04,1062.0,1091.9,1056.25,1072.5,1622921
VOLTAS,2021-03-05,1072.0,1073.85,1029.15,1031.55,1706023
VOLTAS,2021-03-08,1043.0,1057.95,1033.1,1049.55,1281013
VOLTAS,2021-03-09,1055.0,1057.95,1031.2,1040.9,1052726
VOLTAS,2021-03-10,1045.0,1070.0,1042.1,1061.6,1464757
VOLTAS,2021-03-12,1065.0,1084.9,1045.8,1052.95,2306876
VOLTAS,2021-03-15,1060.5,1080.65,1052.0,1058.8,2024792
VOLTAS,2021-03-16,1065.05,1068.0,1025.15,1030.65,1963903
VOLTAS,2021-03-17,1025.2,1028.0,998.05,1000.4,2668629
VOLTAS,2021-03-18,1018.0,1021.9,968.7,987.0,2393287
VOLTAS,2021-03-19,981.3,988.45,962.0,980.25,2822224
VOLTAS,2021-03-22,986.0,1013.3,971.0,999.65,2454881
VOLTAS,2021-03-23,1006.75,1012.0,992.4,1001.3,1436324
VOLTAS,2021-03-24,998.0,1012.0,982.05,984.8,1713520
VOLTAS,2021-03-25,992.0,992.0,953.65,958.6,2392229
VOLTAS,2021-03-26,967.0,987.25,967.0,979.45,1435329
VOLTAS,2021-03-30,995.0,1005.0,982.1,993.25,1582960
VOLTAS,2021-03-31,999.8,1011.0,990.05,1001.95,1451482
VOLTAS,2021-04-01,1012.0,1015.15,1002.1,1005.95,803202
VOLTAS,2021-04-05,1006.8,1007.9,960.6,976.7,1567700
VOLTAS,2021-04-06,981.0,985.65,964.05,974.75,1757333
VOLTAS,2021-04-07,980.0,1018.2,977.8,999.55,3176468
VOLTAS,2021-04-08,1010.1,1016.8,1000.0,1004.25,1155524
VOLTAS,2021-04-09,1005.0,1026.8,1002.55,1006.15,2638817
VOLTAS,2021-04-12,998.0,998.0,940.6,950.3,2490045
VOLTAS,2021-04-13,957.5,969.9,946.0,958.25,2632686
VOLTAS,2021-04-15,958.5,960.85,939.1,947.7,1724373
VOLTAS,2021-04-16,948.1,969.0,943.0,957.05,1473891
VOLTAS,2021-04-19,936.0,960.0,918.0,956.75,1917671
VOLTAS,2021-04-20,967.8,974.35,935.1,941.5,1557074
VOLTAS,2021-04-22,948.9,952.0,933.15,938.55,1212213
VOLTAS,2021-04-23,940.0,956.7,934.05,938.9,1414300
VOLTAS,2021-04-26,947.6,950.05,940.65,946.15,768299
VOLTAS,2021-04-27,948.0,980.9,941.55,976.4,1780973
VOLTAS,2021-04-28,985.0,987.0,955.0,962.15,968227
VOLTAS,2021-04-29,970.0,989.45,964.0,967.1,1409106
VOLTAS,2021-04-30,959.95,977.8,954.95,957.15,1402209
VOLTAS,2021-05-03,952.1,962.25,935.65,958.65,1537101
VOLTAS,2021-05-04,965.0,972.95,955.05,964.1,1382842
VOLTAS,2021-05-05,971.95,994.0,965.0,971.45,2475761
VOLTAS,2021-05-06,974.9,989.3,965.35,984.35,1414622
VOLTAS,2021-05-07,990.7,990.7,963.35,969.6,1349654
VOLTAS,2021-05-10,970.0,978.7,961.0,967.9,1269133
VOLTAS,2021-05-11,961.0,1015.65,961.0,1010.25,4308932
VOLTAS,2021-05-12,1024.0,1024.0,961.6,972.0,6210373
VOLTAS,2021-05-14,979.0,1014.9,963.0,999.35,5310861
VOLTAS,2021-05-17,1002.0,1002.0,953.0,983.65,2982266
VOLTAS,2021-05-18,990.0,1013.25,985.1,1007.75,2184245
VOLTAS,2021-05-19,1009.0,1033.9,1008.45,1020.0,3546439
VOLTAS,2021-05-20,1022.0,1029.75,1000.6,1008.9,1148149
VOLTAS,2021-05-21,1010.0,1016.65,992.9,999.85,1326970
VOLTAS,2021-05-24,1002.0,1011.0,992.25,996.6,1269160
VOLTAS,2021-05-25,998.0,1006.55,985.0,988.2,1013810
VOLTAS,2021-05-26,990.0,995.5,975.1,989.3,1367362
VOLTAS,2021-05-27,995.0,1001.75,985.3,996.35,1095556
VOLTAS,2021-05-28,1001.0,1008.8,997.8,1000.45,833874
VOLTAS,2021-05-31,1007.0,1015.0,998.2,1007.3,1462881
VOLTAS,2021-06-01,1010.35,1019.85,1006.15,1013.2,619320
VOLTAS,2021-06-02,1010.85,1038.9,1008.25,1034.4,1335354
VOLTAS,2021-06-03,1042.0,1118.65,1036.95,1111.55,7137481
VOLTAS,2021-06-04,1113.0,1125.0,1098.0,1104.45,2581739
VOLTAS,2021-06-07,1109.95,1118.9,1093.9,1096.8,1434539
VOLTAS,2021-06-08,1104.0,1104.0,1070.05,1071.6,1399870
VOLTAS,2021-06-09,1078.5,1078.5,1042.85,1046.0,1252919
VOLTAS,2021-06-10,1047.9,1059.65,1045.1,1055.2,736352
VOLTAS,2021-06-11,1062.0,1062.85,1038.6,1046.15,906539
VOLTAS,2021-06-14,1042.0,1046.6,1020.45,1043.05,840209
VOLTAS,2021-06-15,1049.65,1068.0,1046.0,1061.7,1330771
VOLTAS,2021-06-16,1060.95,1060.95,1022.0,1028.15,1371401
VOLTAS,2021-06-17,1023.2,1042.9,1012.75,1030.25,1285561
VOLTAS,2021-06-18,1039.95,1039.95,1002.2,1029.3,1970955
VOLTAS,2021-06-21,1017.5,1022.5,1007.05,1019.15,554484
VOLTAS,2021-06-22,1027.9,1030.3,1018.0,1020.2,680836
VOLTAS,2021-06-23,1027.8,1046.15,1018.75,1030.75,1429584
VOLTAS,2021-06-24,1034.95,1037.0,1019.25,1023.6,831155
VOLTAS,2021-06-25,1025.4,1038.2,1023.6,1029.95,921741
VOLTAS,2021-06-28,1032.5,1061.0,1032.5,1042.55,2182272
VOLTAS,2021-06-29,1048.0,1051.5,984.35,1028.4,2482160
VOLTAS,2021-06-30,1033.0,1035.9,1015.55,1022.45,1197559
VOLTAS,2021-07-01,1024.0,1025.4,1012.0,1013.0,516926
VOLTAS,2021-07-02,1017.0,1017.0,997.2,1013.9,693139
VOLTAS,2021-07-05,1018.2,1024.45,1012.8,1014.6,508998
VOLTAS,2021-07-06,1016.4,1028.2,1009.75,1012.6,623245
VOLTAS,2021-07-07,1012.6,1016.65,1003.15,1005.5,779189
VOLTAS,2021-07-08,1012.0,1024.8,1006.3,1011.7,806471
VOLTAS,2021-07-09,1012.8,1018.55,1003.0,1015.4,455681
VOLTAS,2021-07-12,1019.1,1028.0,1013.75,1017.4,636041
VOLTAS,2021-07-13,1026.0,1037.85,1016.9,1033.5,1640918
VOLTAS,2021-07-14,1039.95,1044.8,1027.0,1030.65,2198061
VOLTAS,2021-07-15,1034.4,1048.75,1032.05,1042.7,1116917
VOLTAS,2021-07-16,1044.0,1061.95,1038.0,1051.05,1298053
VOLTAS,2021-07-19,1044.75,1053.0,1032.0,1039.05,827048
VOLTAS,2021-07-20,1039.05,1040.9,1004.65,1026.75,438676
VOLTAS,2021-07-22,1037.0,1055.9,1026.0,1049.2,922809
VOLTAS,2021-07-23,1056.0,1056.0,1043.1,1045.4,432660
VOLTAS,2021-07-26,1040.25,1047.85,1025.1,1026.95,686849
VOLTAS,2021-07-27,1033.75,1048.0,1018.6,1020.05,876669
VOLTAS,2021-07-28,1020.0,1025.4,1009.0,1016.45,632463
VOLTAS,2021-07-29,1022.0,1033.2,1019.05,1031.25,574940
VOLTAS,2021-07-30,1031.0,1065.0,1026.75,1059.2,1246800
VOLTAS,2021-08-02,1068.9,1079.85,1050.5,1053.5,1268790
VOLTAS,2021-08-03,1054.0,1061.75,1033.0,1035.35,1343934
VOLTAS,2021-08-04,1042.8,1048.4,1028.15,1032.65,944451
VOLTAS,2021-08-05,1038.0,1049.0,1025.2,1045.3,856289
VOLTAS,2021-08-06,1049.0,1073.9,1036.05,1047.9,3538945
VOLTAS,2021-08-09,1052.2,1053.0,1020.0,1024.7,814718
VOLTAS,2021-08-10,1023.0,1028.35,990.85,998.2,1383048
VOLTAS,2021-08-11,996.5,1003.35,955.7,1000.5,3056763
VOLTAS,2021-08-12,1005.1,1008.65,982.0,986.15,988482
VOLTAS,2021-08-13,986.0,999.35,979.25,985.85,681794
VOLTAS,2021-08-16,975.1,991.05,968.0,988.0,1180167
VOLTAS,2021-08-17,990.0,996.45,978.7,989.35,760961
VOLTAS,2021-08-18,989.4,997.2,983.55,988.6,530954
VOLTAS,2021-08-20,985.0,989.8,969.0,977.7,752256
VOLTAS,2021-08-23,981.7,984.05,960.65,972.85,886416
VOLTAS,2021-08-24,975.0,979.95,963.05,973.65,1074080
VOLTAS,2021-08-25,968.95,977.15,955.0,960.2,1684223
VOLTAS,2021-08-26,965.0,973.75,955.0,957.4,1303680
VOLTAS,2021-08-27,957.4,990.45,957.0,985.35,3120205
VOLTAS,2021-08-30,981.2,997.95,981.2,986.35,821765
VOLTAS,2021-08-31,988.55,1001.85,987.1,995.85,1194523
VOLTAS,2021-09-01,1009.0,1049.0,1004.0,1045.8,4136191
VOLTAS,2021-09-02,1050.0,1098.0,1046.25,1085.35,3411153
VOLTAS,2021-09-03,1086.0,1097.0,1081.95,1088.95,1442027
VOLTAS,2021-09-06,1089.6,1137.65,1089.6,1123.2,3228416
VOLTAS,2021-09-07,1126.75,1208.3,1126.0,1187.25,8872964
VOLTAS,2021-09-08,1194.65,1217.9,1178.0,1206.6,4224233
VOLTAS,2021-09-09,1201.1,1219.0,1196.0,1213.1,2068928
VOLTAS,2021-09-13,1206.25,1220.0,1200.45,1213.05,1098804
VOLTAS,2021-09-14,1218.65,1234.0,1213.25,1227.75,2076578
VOLTAS,2021-09-15,1228.5,1248.15,1228.05,1242.15,1946221
VOLTAS,2021-09-16,1248.6,1252.55,1233.45,1248.0,1276950
VOLTAS,2021-09-17,1257.35,1259.0,1234.65,1254.15,1342750
VOLTAS,2021-09-20,1250.0,1251.95,1216.55,1221.1,1405843
VOLTAS,2021-09-21,1229.0,1235.95,1211.65,1224.9,836075
VOLTAS,2021-09-22,1225.0,1245.0,1225.0,1238.6,861920
VOLTAS,2021-09-23,1245.0,1265.0,1241.05,1248.6,625566
VOLTAS,2021-09-24,1249.25,1256.8,1223.25,1228.75,1267241
VOLTAS,2021-09-27,1240.0,1240.0,1204.55,1218.2,739560
VOLTAS,2021-09-28,1220.0,1223.4,1189.55,1208.95,664613
VOLTAS,2021-09-29,1207.0,1223.75,1197.5,1205.2,696580
VOLTAS,2021-09-30,1206.8,1242.8,1206.7,1218.05,1757392
VOLTAS,2021-10-01,1217.75,1220.6,1199.95,1215.25,765614
VOLTAS,2021-10-04,1215.25,1233.0,1206.65,1227.25,526778
VOLTAS,2021-10-05,1225.0,1256.5,1215.0,1250.25,1207112
VOLTAS,2021-10-06,1256.8,1269.5,1223.6,1229.9,1637172
VOLTAS,2021-10-07,1231.0,1291.0,1229.2,1283.0,2199106
VOLTAS,2021-10-08,1293.5,1297.4,1266.15,1281.4,1849583
VOLTAS,2021-10-11,1282.0,1319.15,1274.75,1303.65,987429
VOLTAS,2021-10-12,1300.0,1314.35,1293.0,1298.35,556746
VOLTAS,2021-10-13,1300.7,1324.85,1300.7,1310.9,546360
VOLTAS,2021-10-14,1323.85,1330.4,1310.0,1324.9,698768
VOLTAS,2021-10-18,1335.8,1347.0,1317.65,1337.7,1040171
VOLTAS,2021-10-19,1347.0,1356.9,1292.5,1305.5,761312
VOLTAS,2021-10-20,1300.0,1301.9,1243.55,1247.6,1278748
VOLTAS,2021-10-21,1234.2,1239.8,1161.2,1192.05,3270210
VOLTAS,2021-10-22,1185.15,1200.0,1152.75,1177.05,1383292
VOLTAS,2021-10-25,1178.1,1197.9,1146.45,1189.05,1198644
VOLTAS,2021-10-26,1199.0,1202.7,1173.8,1193.2,693503
VOLTAS,2021-10-27,1195.3,1202.65,1177.0,1180.75,477583
VOLTAS,2021-10-28,1178.0,1189.55,1151.0,1155.3,536155
VOLTAS,2021-10-29,1155.3,1222.85,1143.2,1204.55,2516853
VOLTAS,2021-11-01,1201.0,1249.0,1200.2,1245.4,1590433
VOLTAS,2021-11-02,1249.5,1254.15,1211.0,1221.1,542396
VOLTAS,2021-11-03,1221.2,1223.6,1198.0,1210.4,461077
VOLTAS,2021-11-04,1212.6,1227.0,1212.0,1220.05,50958
VOLTAS,2021-11-08,1224.0,1244.0,1217.8,1239.9,790144
VOLTAS,2021-11-09,1242.8,1269.7,1242.05,1252.05,1989568
VOLTAS,2021-11-10,1251.6,1260.0,1237.6,1247.6,312238
VOLTAS,2021-11-11,1251.0,1266.0,1235.5,1248.9,579476
VOLTAS,2021-11-12,1255.5,1274.9,1253.55,1264.35,569624
VOLTAS,2021-11-15,1276.0,1282.0,1264.3,1267.0,591556
VOLTAS,2021-11-16,1271.0,1271.0,1229.0,1231.65,1089946
VOLTAS,2021-11-17,1231.65,1243.2,1221.0,1235.45,751036
VOLTAS,2021-11-18,1233.0,1261.9,1225.0,1235.2,1489052
VOLTAS,2021-11-22,1234.1,1241.35,1173.0,1185.4,758527
VOLTAS,2021-11-23,1182.0,1213.2,1170.9,1206.3,479994
VOLTAS,2021-11-24,1207.4,1216.35,1184.5,1199.6,227763
VOLTAS,2021-11-25,1192.5,1205.9,1185.0,1201.35,281801
VOLTAS,2021-11-26,1190.0,1197.6,1158.95,1164.3,1002955
VOLTAS,2021-11-29,1159.0,1190.0,1131.25,1177.0,745724
VOLTAS,2021-11-30,1177.0,1242.2,1169.1,1201.0,1468977
VOLTAS,2021-12-01,1202.0,1226.35,1198.0,1222.65,699953
VOLTAS,2021-12-02,1231.0,1239.45,1218.55,1230.4,768558
VOLTAS,2021-12-03,1232.0,1254.95,1229.15,1246.6,584599
VOLTAS,2021-12-06,1250.0,1253.65,1223.55,1226.3,571239
VOLTAS,2021-12-07,1230.0,1259.95,1218.7,1254.45,1350166
VOLTAS,2021-12-08,1258.75,1272.0,1246.45,1253.1,779432
VOLTAS,2021-12-09,1253.0,1265.5,1242.2,1250.75,302045
VOLTAS,2021-12-10,1250.0,1262.15,1244.5,1250.75,454867
VOLTAS,2021-12-13,1242.5,1257.0,1230.7,1233.45,495195
VOLTAS,2021-12-14,1231.7,1237.8,1219.2,1230.85,328231
VOLTAS,2021-12-15,1233.9,1237.3,1206.0,1211.75,381061
VOLTAS,2021-12-16,1220.0,1227.5,1208.5,1217.8,270117
VOLTAS,2021-12-17,1218.0,1219.85,1174.5,1198.25,709756
VOLTAS,2021-12-20,1180.5,1192.0,1146.0,1164.55,556369
VOLTAS,2021-12-21,1175.3,1194.95,1160.0,1174.05,411848
VOLTAS,2021-12-22,1176.55,1196.35,1176.55,1189.45,328821
VOLTAS,2021-12-23,1197.0,1212.95,1187.5,1209.8,409221
VOLTAS,2021-12-24,1209.8,1209.8,1185.0,1196.5,427611
VOLTAS,2021-12-27,1192.0,1206.75,1183.9,1195.75,298790
VOLTAS,2021-12-28,1198.2,1219.95,1198.2,1207.0,355696
VOLTAS,2021-12-29,1207.0,1216.8,1178.45,1201.25,771379
VOLTAS,2021-12-30,1203.2,1216.6,1193.35,1198.8,844604
VOLTAS,2021-12-31,1203.0,1240.0,1199.5,1219.15,1199325
VOLTAS,2022-01-03,1225.0,1241.65,1225.0,1233.2,431395
VOLTAS,2022-01-04,1240.1,1251.55,1222.8,1245.5,877718
VOLTAS,2022-01-05,1245.5,1254.55,1238.95,1249.5,433601
VOLTAS,2022-01-06,1240.0,1256.35,1230.15,1249.8,590712
VOLTAS,2022-01-07,1245.0,1287.5,1245.0,1270.9,2129901
VOLTAS,2022-01-10,1275.0,1281.35,1251.0,1253.75,835334
VOLTAS,2022-01-11,1253.0,1257.1,1238.6,1247.05,621165
VOLTAS,2022-01-12,1252.9,1283.0,1246.0,1275.3,1001889
VOLTAS,2022-01-13,1283.8,1288.15,1256.6,1270.85,591489
VOLTAS,2022-01-14,1272.95,1317.3,1262.65,1303.65,1513277
VOLTAS,2022-01-17,1310.0,1313.15,1283.1,1285.75,535555
VOLTAS,2022-01-18,1286.0,1303.35,1256.85,1262.65,964807
VOLTAS,2022-01-19,1260.2,1274.8,1250.0,1254.95,662199
VOLTAS,2022-01-20,1254.95,1263.8,1247.35,1253.7,522908
VOLTAS,2022-01-21,1230.0,1237.3,1185.0,1192.25,1756285
VOLTAS,2022-01-24,1186.7,1199.9,1160.05,1187.45,1469411
VOLTAS,2022-01-25,1185.0,1203.2,1170.7,1190.9,757354
VOLTAS,2022-01-27,1190.0,1197.75,1155.0,1185.55,1011654
VOLTAS,2022-01-28,1189.9,1204.45,1149.55,1157.15,929704
VOLTAS,2022-01-31,1165.5,1193.8,1157.7,1183.3,849622
VOLTAS,2022-02-01,1195.0,1205.2,1169.7,1183.15,635360
VOLTAS,2022-02-02,1183.15,1217.5,1183.0,1214.7,546576
VOLTAS,2022-02-03,1219.5,1230.9,1204.15,1220.3,628333
VOLTAS,2022-02-04,1220.35,1245.0,1218.85,1234.7,712330
VOLTAS,2022-02-07,1234.8,1239.85,1213.4,1224.2,280046
VOLTAS,2022-02-08,1222.1,1247.85,1190.0,1198.75,1207465
VOLTAS,2022-02-09,1202.4,1236.05,1200.9,1224.05,695568
VOLTAS,2022-02-10,1223.05,1242.65,1213.8,1238.75,379632
VOLTAS,2022-02-11,1228.0,1228.0,1182.95,1192.3,816198
VOLTAS,2022-02-14,1157.0,1185.3,1138.0,1170.25,1128739
VOLTAS,2022-02-15,1160.05,1200.0,1150.05,1194.1,1210341
VOLTAS,2022-02-16,1199.0,1219.0,1174.05,1211.25,1219588
VOLTAS,2022-02-17,1217.3,1224.9,1202.05,1219.45,461866
VOLTAS,2022-02-18,1214.1,1258.0,1213.85,1252.5,1862152
VOLTAS,2022-02-21,1254.0,1265.6,1236.1,1243.65,2071927
VOLTAS,2022-02-22,1210.0,1244.35,1205.0,1239.15,939324
VOLTAS,2022-02-23,1236.55,1263.9,1228.5,1238.95,860375
VOLTAS,2022-02-24,1209.05,1224.95,1182.0,1196.9,1490663
VOLTAS,2022-02-25,1210.25,1256.95,1204.25,1252.3,2202043
VOLTAS,2022-02-28,1235.0,1269.0,1220.7,1263.15,1039455
VOLTAS,2022-03-02,1254.8,1262.6,1220.45,1231.15,882993
VOLTAS,2022-03-03,1238.0,1251.7,1183.55,1197.15,1195271
VOLTAS,2022-03-04,1187.5,1204.0,1152.2,1174.9,1310047
VOLTAS,2022-03-07,1155.0,1163.7,1123.65,1147.95,984612
VOLTAS,2022-03-08,1140.0,1160.85,1100.0,1153.55,1533085
VOLTAS,2022-03-09,1168.0,1187.7,1140.25,1158.4,1912229
VOLTAS,2022-03-10,1193.0,1199.95,1175.45,1178.65,1040850
VOLTAS,2022-03-11,1175.0,1211.1,1170.0,1202.85,801340
VOLTAS,2022-03-14,1210.0,1210.0,1177.75,1191.45,1450003
VOLTAS,2022-03-15,1195.0,1224.5,1193.65,1211.95,1294926
VOLTAS,2022-03-16,1229.8,1289.55,1223.3,1270.75,2210899
VOLTAS,2022-03-17,1303.0,1325.0,1290.1,1296.4,3769942
VOLTAS,2022-03-21,1311.0,1314.75,1282.0,1288.7,1587721
VOLTAS,2022-03-22,1288.0,1288.0,1238.1,1283.25,1856642
VOLTAS,2022-03-23,1296.6,1340.0,1295.15,1304.85,2544861
VOLTAS,2022-03-24,1303.0,1304.0,1266.05,1276.2,1415928
VOLTAS,2022-03-25,1277.0,1294.75,1243.0,1249.0,1504572
VOLTAS,2022-03-28,1255.0,1257.9,1218.0,1231.6,1591299
VOLTAS,2022-03-29,1243.0,1251.95,1228.7,1247.3,887754
VOLTAS,2022-03-30,1258.0,1273.35,1245.0,1268.65,787930
VOLTAS,2022-03-31,1274.0,1274.0,1243.4,1245.4,939480
VOLTAS,2022-04-01,1245.0,1264.7,1243.95,1260.85,440336
VOLTAS,2022-04-04,1258.6,1281.0,1255.0,1276.75,744419
VOLTAS,2022-04-05,1291.0,1324.7,1278.5,1315.0,1996418
VOLTAS,2022-04-06,1319.95,1328.6,1295.5,1322.0,1222732
VOLTAS,2022-04-07,1322.0,1347.65,1291.55,1301.2,2230037
VOLTAS,2022-04-08,1314.0,1322.0,1303.5,1317.6,1031831
VOLTAS,2022-04-11,1322.0,1324.9,1298.3,1303.05,1200934
VOLTAS,2022-04-12,1300.0,1311.9,1268.05,1302.8,1346945
VOLTAS,2022-04-13,1308.0,1317.4,1288.65,1304.3,903271
VOLTAS,2022-04-18,1277.7,1286.9,1240.55,1247.25,1913872
VOLTAS,2022-04-19,1257.95,1271.45,1222.7,1245.45,769663
VOLTAS,2022-04-20,1244.8,1255.6,1224.55,1250.6,861417
VOLTAS,2022-04-21,1252.4,1270.05,1252.0,1265.95,1071430
VOLTAS,2022-04-22,1254.05,1271.45,1249.0,1252.1,876987
VOLTAS,2022-04-25,1245.5,1257.05,1230.5,1242.35,978292
VOLTAS,2022-04-26,1252.0,1265.35,1245.0,1262.55,548103
VOLTAS,2022-04-27,1256.9,1288.0,1250.15,1266.4,1559217
VOLTAS,2022-04-28,1276.3,1294.0,1268.6,1285.65,846958
VOLTAS,2022-04-29,1298.9,1299.0,1249.0,1261.55,1036182
VOLTAS,2022-05-02,1250.0,1266.6,1222.75,1230.95,820568
VOLTAS,2022-05-04,1239.75,1239.75,1136.25,1144.65,2780161
VOLTAS,2022-05-05,1158.0,1172.2,1144.0,1157.45,1575587
VOLTAS,2022-05-06,1096.0,1099.55,1045.0,1069.3,4279051
VOLTAS,2022-05-09,1060.0,1065.6,1030.15,1046.65,1597558
VOLTAS,2022-05-10,1020.0,1034.85,975.5,988.7,3890951
VOLTAS,2022-05-11,990.0,995.0,961.7,977.85,1828775
VOLTAS,2022-05-12,968.0,971.65,935.0,949.4,2387327
VOLTAS,2022-05-13,965.45,965.45,928.35,931.4,2439176
VOLTAS,2022-05-16,932.75,958.6,922.55,951.5,754343
VOLTAS,2022-05-17,955.0,993.9,951.05,988.0,1653820
VOLTAS,2022-05-18,993.0,1030.0,978.25,985.6,1950263
VOLTAS,2022-05-19,960.5,975.95,941.0,945.45,1069959
VOLTAS,2022-05-20,956.2,980.8,956.05,975.15,771890
VOLTAS,2022-05-23,987.05,1004.4,975.75,995.65,711795
VOLTAS,2022-05-24,999.0,1013.85,991.15,1011.6,995063
VOLTAS,2022-05-25,1019.8,1019.8,987.9,995.4,1302256
VOLTAS,2022-05-26,999.0,1003.7,980.4,995.85,1439924
VOLTAS,2022-05-27,1002.0,1025.0,993.65,1008.45,2936842
VOLTAS,2022-05-30,1013.0,1045.0,1012.25,1039.45,1269311
VOLTAS,2022-05-31,1040.5,1046.05,1013.85,1018.05,1389172
VOLTAS,2022-06-01,1008.6,1053.9,1008.6,1048.05,1344690
VOLTAS,2022-06-02,1052.7,1054.5,1038.25,1048.25,628184
VOLTAS,2022-06-03,1055.0,1058.95,1015.0,1017.4,935492
VOLTAS,2022-06-06,1017.4,1023.75,987.3,1012.45,2071173
VOLTAS,2022-06-07,1007.5,1007.95,975.6,999.55,1155472
VOLTAS,2022-06-08,1000.25,1003.55,973.4,991.2,840464
VOLTAS,2022-06-09,980.9,1004.8,958.85,999.6,866374
VOLTAS,2022-06-10,991.95,1001.7,979.7,992.55,676852
VOLTAS,2022-06-13,975.05,984.75,962.55,980.55,651834
VOLTAS,2022-06-14,979.0,990.0,971.1,986.5,891341
VOLTAS,2022-06-15,993.0,1004.4,989.5,994.75,1003208
VOLTAS,2022-06-16,1001.0,1009.8,950.95,955.45,1327668
VOLTAS,2022-06-17,945.0,964.85,933.6,955.3,985036
VOLTAS,2022-06-20,958.95,962.9,933.7,945.95,506347
VOLTAS,2022-06-21,945.05,982.0,945.0,980.4,621504
VOLTAS,2022-06-22,975.0,976.3,944.35,947.9,769151
VOLTAS,2022-06-23,947.9,970.0,946.05,967.0,445504
VOLTAS,2022-06-24,970.05,994.95,970.05,992.15,856644
VOLTAS,2022-06-27,998.05,1004.4,979.55,981.75,549920
VOLTAS,2022-06-28,970.0,989.8,960.1,976.15,992871
VOLTAS,2022-06-29,966.0,982.3,962.1,972.5,560774
VOLTAS,2022-06-30,971.0,983.95,965.1,972.4,1469049
VOLTAS,2022-07-01,949.8,969.65,938.1,956.45,1129398
VOLTAS,2022-07-04,962.8,973.0,946.0,965.65,965699
VOLTAS,2022-07-05,970.0,985.6,952.4,957.65,554040
VOLTAS,2022-07-06,957.65,980.2,953.0,976.1,1548896
VOLTAS,2022-07-07,982.0,988.75,966.1,972.3,1321316
VOLTAS,2022-07-08,980.0,984.0,965.55,968.65,605885
VOLTAS,2022-07-11,967.0,974.35,955.1,964.4,526504
VOLTAS,2022-07-12,965.0,971.8,953.9,956.85,545725
VOLTAS,2022-07-13,963.0,993.95,958.4,984.0,1220919
VOLTAS,2022-07-14,986.85,995.4,977.75,986.45,1093056
VOLTAS,2022-07-15,991.0,995.0,973.0,983.0,670764
VOLTAS,2022-07-18,992.0,1040.0,990.5,1034.7,3058816
VOLTAS,2022-07-19,1030.0,1055.0,1027.8,1052.85,1426312
VOLTAS,2022-07-20,1062.3,1064.95,1027.3,1029.65,562014
VOLTAS,2022-07-21,1021.0,1027.2,1003.0,1011.4,1544353
VOLTAS,2022-07-22,1012.0,1026.0,996.8,1001.8,798056
VOLTAS,2022-07-25,996.5,1005.7,988.0,999.65,519192
VOLTAS,2022-07-26,1003.4,1007.0,974.2,977.4,775518
VOLTAS,2022-07-27,973.0,973.0,932.5,969.05,2489605
VOLTAS,2022-07-28,978.0,985.9,967.5,970.5,1366114
VOLTAS,2022-07-29,973.6,1013.4,973.0,1004.75,1272713
VOLTAS,2022-08-01,1009.95,1011.0,991.25,999.25,1297725
VOLTAS,2022-08-02,1004.45,1005.4,989.0,999.6,1028956
VOLTAS,2022-08-03,970.0,989.95,958.45,982.2,4034577
VOLTAS,2022-08-04,983.0,1008.0,982.45,1000.15,1270775
VOLTAS,2022-08-05,1001.0,1006.75,970.0,972.95,1993658
VOLTAS,2022-08-08,970.7,990.65,968.0,982.3,923346
VOLTAS,2022-08-10,986.0,989.05,972.65,973.95,854456
VOLTAS,2022-08-11,980.0,999.5,977.55,989.55,1549710
VOLTAS,2022-08-12,994.95,1014.95,991.25,1007.4,2036111
VOLTAS,2022-08-16,1024.0,1037.6,1015.45,1020.0,1829450
VOLTAS,2022-08-17,1022.0,1035.85,1018.5,1027.65,985624
VOLTAS,2022-08-18,1030.0,1046.85,1024.3,1045.05,1163107
VOLTAS,2022-08-19,1046.1,1051.3,1009.55,1015.15,1265293
VOLTAS,2022-08-22,1010.0,1013.0,975.0,977.15,1080433
VOLTAS,2022-08-23,973.0,998.0,967.05,994.45,782477
VOLTAS,2022-08-24,991.05,999.95,983.0,995.7,737677
VOLTAS,2022-08-25,1000.0,1015.75,991.5,995.4,761328
VOLTAS,2022-08-26,1004.0,1010.0,995.0,1007.15,536785
VOLTAS,2022-08-29,982.2,989.75,974.2,980.5,805591
VOLTAS,2022-08-30,987.8,1006.7,984.2,1001.2,688283
VOLTAS,2022-09-01,992.0,999.9,977.45,979.95,1349653
VOLTAS,2022-09-02,989.0,989.0,970.0,971.5,887624
VOLTAS,2022-09-05,971.05,990.55,971.05,987.25,796310
VOLTAS,2022-09-06,984.05,994.0,983.25,985.6,803122
VOLTAS,2022-09-07,980.0,988.5,975.3,980.65,825447
VOLTAS,2022-09-08,986.0,991.5,975.0,975.5,1220046
VOLTAS,2022-09-09,981.0,985.0,960.1,966.15,1308759
VOLTAS,2022-09-12,968.0,974.9,964.3,966.9,1402032
VOLTAS,2022-09-13,970.0,982.75,967.5,970.15,1873849
VOLTAS,2022-09-14,965.0,965.0,950.05,955.35,1404466
VOLTAS,2022-09-15,960.0,967.45,951.65,960.2,913099
VOLTAS,2022-09-16,960.0,960.0,882.55,912.9,2715707
VOLTAS,2022-09-19,918.0,919.85,895.0,899.25,1575244
VOLTAS,2022-09-20,904.0,922.8,904.0,910.15,1578826
VOLTAS,2022-09-21,909.0,924.0,901.65,904.4,1227816
VOLTAS,2022-09-22,903.8,905.9,889.3,897.8,1097995
VOLTAS,2022-09-23,900.5,909.65,888.0,900.8,1626446
VOLTAS,2022-09-26,896.7,896.7,868.0,882.4,1908668
VOLTAS,2022-09-27,886.85,907.8,885.7,904.25,1333677
VOLTAS,2022-09-28,900.0,912.85,895.05,900.8,851509
VOLTAS,2022-09-29,905.3,909.5,895.35,901.2,944566
VOLTAS,2022-09-30,900.0,910.65,880.15,906.45,1173265
VOLTAS,2022-10-03,909.0,910.0,887.0,893.15,1136230
VOLTAS,2022-10-04,905.0,927.0,901.05,924.95,1135815
VOLTAS,2022-10-06,929.0,936.0,918.0,922.0,1403635
VOLTAS,2022-10-07,921.0,927.2,905.55,910.35,475052
VOLTAS,2022-10-10,900.0,905.2,888.0,899.9,664753
VOLTAS,2022-10-11,900.0,901.75,870.55,873.6,1747694
VOLTAS,2022-10-12,878.0,878.0,859.4,874.3,1992108
VOLTAS,2022-10-13,870.7,876.55,863.0,873.9,431376
VOLTAS,2022-10-14,884.0,886.0,869.05,871.15,914438
VOLTAS,2022-10-17,872.0,875.15,857.35,869.65,605427
VOLTAS,2022-10-18,874.0,880.8,871.4,874.95,1165692
VOLTAS,2022-10-19,875.2,880.55,870.35,875.2,618344
VOLTAS,2022-10-20,870.5,873.0,858.3,869.15,771471
VOLTAS,2022-10-21,871.2,884.45,858.3,865.8,1046811
VOLTAS,2022-10-24,875.9,876.0,863.8,866.1,90551
VOLTAS,2022-10-25,866.2,875.45,862.05,867.25,855653
VOLTAS,2022-10-27,874.95,875.95,868.1,874.25,442475
VOLTAS,2022-10-28,876.0,881.7,869.05,871.25,595829
VOLTAS,2022-10-31,874.8,878.85,859.4,876.2,1960573
VOLTAS,2022-11-01,880.6,910.45,877.1,908.95,1623970
VOLTAS,2022-11-02,894.0,928.0,888.0,909.25,3102411
VOLTAS,2022-11-03,909.0,910.0,859.0,861.25,3067654
VOLTAS,2022-11-04,861.9,865.9,835.2,845.25,2807836
VOLTAS,2022-11-07,848.0,852.15,827.3,834.55,1790614
VOLTAS,2022-11-09,836.0,843.75,835.0,836.6,960196
VOLTAS,2022-11-10,834.6,834.6,815.5,826.1,1240790
VOLTAS,2022-11-11,830.3,840.0,827.0,829.05,1554731
VOLTAS,2022-11-14,830.0,832.0,820.9,822.9,1195575
VOLTAS,2022-11-15,824.9,825.0,816.2,818.65,1208999
VOLTAS,2022-11-16,822.0,822.45,811.7,817.2,815618
VOLTAS,2022-11-17,815.0,829.55,812.0,824.4,1299792
VOLTAS,2022-11-18,828.5,828.5,806.95,809.95,1352789
VOLTAS,2022-11-21,810.0,813.9,803.6,809.95,887839
VOLTAS,2022-11-22,809.5,823.0,806.95,818.0,1021492
VOLTAS,2022-11-23,822.0,822.0,811.25,813.1,993033
VOLTAS,2022-11-24,814.9,819.75,812.1,818.75,1795690
VOLTAS,2022-11-25,822.0,831.0,817.1,829.4,1976090
VOLTAS,2022-11-28,829.0,844.8,825.0,839.4,2003831
VOLTAS,2022-11-29,842.0,843.0,824.1,825.85,904144
VOLTAS,2022-11-30,825.85,829.15,817.5,819.5,1252601
VOLTAS,2022-12-01,822.2,846.5,820.0,842.35,2199715
VOLTAS,2022-12-02,842.0,856.3,838.55,855.25,1438034
VOLTAS,2022-12-05,861.0,862.4,848.6,858.45,1045757
VOLTAS,2022-12-06,858.5,859.3,848.6,851.15,763196
VOLTAS,2022-12-07,852.5,857.55,840.55,847.9,611505
VOLTAS,2022-12-08,849.0,853.0,843.2,847.9,529232
VOLTAS,2022-12-09,849.1,850.15,828.1,833.6,1243683
VOLTAS,2022-12-12,836.1,842.0,824.4,841.15,536919
VOLTAS,2022-12-13,843.2,844.0,835.5,839.9,537656
VOLTAS,2022-12-14,842.0,853.5,839.8,850.8,776630
VOLTAS,2022-12-15,850.0,855.85,845.0,850.4,1015102
VOLTAS,2022-12-16,845.1,848.3,831.0,835.1,749560
VOLTAS,2022-12-19,835.15,838.65,829.15,836.3,483111
VOLTAS,2022-12-20,833.0,834.95,813.35,827.9,1205458
VOLTAS,2022-12-21,830.95,837.95,810.5,813.7,1158353
VOLTAS,2022-12-22,817.0,817.0,798.3,807.35,787550
VOLTAS,2022-12-23,800.75,803.35,775.2,777.75,980785
VOLTAS,2022-12-26,777.75,789.4,770.0,786.5,454783
VOLTAS,2022-12-27,790.45,799.1,785.3,797.75,469563
VOLTAS,2022-12-28,801.3,802.8,791.5,797.75,878587
VOLTAS,2022-12-29,796.0,803.0,788.0,800.45,625722
VOLTAS,2022-12-30,803.45,811.85,797.0,799.85,813045
VOLTAS,2023-01-02,799.9,804.35,794.0,802.65,319975
VOLTAS,2023-01-03,802.7,811.05,800.6,808.3,543688
VOLTAS,2023-01-04,808.5,810.35,796.5,805.85,939486
VOLTAS,2023-01-05,813.8,813.8,798.15,809.45,1361234
VOLTAS,2023-01-06,807.5,824.75,806.75,814.55,1375341
VOLTAS,2023-01-09,819.0,823.9,814.0,820.1,771070
VOLTAS,2023-01-10,820.0,826.95,811.5,825.95,601404
VOLTAS,2023-01-11,825.95,834.0,822.5,830.95,725055
VOLTAS,2023-01-12,831.0,832.8,805.65,809.25,954974
VOLTAS,2023-01-13,807.55,812.2,800.05,806.35,516864
VOLTAS,2023-01-16,808.8,811.6,804.0,805.5,314496
VOLTAS,2023-01-17,806.4,813.7,805.8,809.95,599833
VOLTAS,2023-01-18,810.0,811.8,800.65,802.2,1274164
VOLTAS,2023-01-19,802.2,803.0,785.4,789.6,1492350
VOLTAS,2023-01-20,790.0,791.0,778.0,780.05,1307972
VOLTAS,2023-01-23,782.8,782.8,769.05,776.75,1468342
VOLTAS,2023-01-24,778.9,783.5,776.0,778.0,1041066
VOLTAS,2023-01-25,777.9,777.9,751.8,756.55,1339618
VOLTAS,2023-01-27,759.0,761.35,737.2,744.95,1474004
VOLTAS,2023-01-30,747.85,778.0,744.9,774.95,2080883
VOLTAS,2023-01-31,778.45,806.0,777.2,802.65,1803266
VOLTAS,2023-02-01,803.5,815.95,784.0,794.6,1322816
VOLTAS,2023-02-02,794.0,824.0,790.6,821.55,1595844
VOLTAS,2023-02-03,825.0,826.4,808.75,813.0,1002242
VOLTAS,2023-02-06,809.0,829.0,805.1,826.7,661820
VOLTAS,2023-02-07,829.0,831.3,806.05,815.2,1587142
VOLTAS,2023-02-08,816.0,832.4,809.3,827.4,1072137
VOLTAS,2023-02-09,824.85,832.0,812.0,824.55,1093769
VOLTAS,2023-02-10,800.0,856.7,796.0,849.85,5082283
VOLTAS,2023-02-13,852.45,855.25,835.7,848.55,1260020
VOLTAS,2023-02-14,848.0,871.4,847.0,856.8,1978175
VOLTAS,2023-02-15,851.05,861.9,848.05,858.75,597974
VOLTAS,2023-02-16,860.0,868.85,853.75,862.85,1047536
VOLTAS,2023-02-17,858.0,863.75,849.05,855.1,497564
VOLTAS,2023-02-20,859.7,882.8,850.35,873.05,1472792
VOLTAS,2023-02-21,877.65,897.9,873.05,895.8,2183174
VOLTAS,2023-02-22,898.1,927.4,895.8,914.2,7876349
VOLTAS,2023-02-23,916.9,920.0,898.6,900.6,2114369
VOLTAS,2023-02-24,905.1,910.55,892.3,895.2,2287301
VOLTAS,2023-02-27,889.0,889.8,865.4,887.3,1436906
VOLTAS,2023-02-28,887.0,905.5,884.0,892.0,1929468
VOLTAS,2023-03-01,898.95,907.7,891.3,899.15,1462796
VOLTAS,2023-03-02,901.0,925.0,901.0,918.8,3006307
VOLTAS,2023-03-03,919.9,934.0,911.1,912.85,1804035
VOLTAS,2023-03-06,918.7,920.85,910.0,913.2,954615
VOLTAS,2023-03-08,907.5,916.0,886.45,909.7,1382635
VOLTAS,2023-03-09,913.0,917.05,888.5,891.1,1465770
VOLTAS,2023-03-10,886.0,898.35,880.4,893.6,762731
VOLTAS,2023-03-13,891.2,902.85,880.2,883.9,846317
VOLTAS,2023-03-14,882.35,890.7,861.9,863.5,1427931
VOLTAS,2023-03-15,873.95,891.9,871.0,873.8,1553772
VOLTAS,2023-03-16,873.7,884.4,863.15,880.55,737474
VOLTAS,2023-03-17,901.8,903.05,878.3,880.55,1358682
VOLTAS,2023-03-20,880.55,887.0,844.0,850.95,1001601
VOLTAS,2023-03-21,852.3,859.3,834.1,836.65,1556594
VOLTAS,2023-03-22,841.75,848.4,835.2,845.1,874627
VOLTAS,2023-03-23,844.8,847.65,831.15,833.05,726755
VOLTAS,2023-03-24,833.0,836.5,816.35,821.7,771881
VOLTAS,2023-03-27,822.0,829.5,812.55,823.05,551684
VOLTAS,2023-03-28,824.45,826.45,807.5,812.35,621964
VOLTAS,2023-03-29,812.35,817.15,805.5,811.55,934381
VOLTAS,2023-03-31,817.0,822.0,812.15,818.25,816550
VOLTAS,2023-04-03,823.45,825.0,817.0,823.2,489967
VOLTAS,2023-04-05,823.15,825.65,815.35,818.15,615779
VOLTAS,2023-04-06,818.1,832.0,816.8,830.7,838420
VOLTAS,2023-04-10,839.0,839.2,818.4,823.25,1252962
VOLTAS,2023-04-11,824.45,829.15,811.75,813.65,1056770
VOLTAS,2023-04-12,813.9,821.9,813.9,816.8,839156
VOLTAS,2023-04-13,816.8,824.6,813.35,823.5,725541
VOLTAS,2023-04-17,823.5,839.55,812.1,835.3,2055636
VOLTAS,2023-04-18,839.0,841.0,828.55,835.15,1098803
VOLTAS,2023-04-19,839.0,853.4,832.2,851.05,1743643
VOLTAS,2023-04-20,854.95,868.3,846.1,867.45,1550109
VOLTAS,2023-04-21,868.5,869.9,855.0,856.95,727956
VOLTAS,2023-04-24,857.0,863.45,845.3,848.05,780453
VOLTAS,2023-04-25,849.1,852.0,841.8,843.55,834942
VOLTAS,2023-04-26,845.0,866.8,845.0,854.6,1980399
VOLTAS,2023-04-27,830.5,847.2,805.0,808.4,4067448
VOLTAS,2023-04-28,806.75,806.75,762.75,799.05,5231996
VOLTAS,2023-05-02,795.95,809.9,793.05,801.55,1819490
VOLTAS,2023-05-03,802.0,818.0,798.55,809.9,1811010
VOLTAS,2023-05-04,813.6,814.9,795.0,801.9,1786337
VOLTAS,2023-05-05,801.0,808.95,795.0,798.45,1238885
VOLTAS,2023-05-08,799.0,807.7,798.5,803.35,589279
VOLTAS,2023-05-09,804.8,808.45,801.1,803.75,940654
VOLTAS,2023-05-10,805.95,808.45,798.7,807.45,1415592
VOLTAS,2023-05-11,809.0,816.0,805.55,813.6,886748
VOLTAS,2023-05-12,815.8,816.95,808.0,809.05,460176
VOLTAS,2023-05-15,809.0,814.35,805.0,810.35,380824
VOLTAS,2023-05-16,812.0,816.0,803.05,804.55,511123
VOLTAS,2023-05-17,807.0,808.1,795.0,803.0,763149
VOLTAS,2023-05-18,805.0,809.05,796.05,797.55,354925
VOLTAS,2023-05-19,800.95,801.0,785.85,797.25,864639
VOLTAS,2023-05-22,797.0,811.95,790.5,809.7,950899
VOLTAS,2023-05-23,809.7,813.0,804.0,805.8,401163
VOLTAS,2023-05-24,805.8,808.95,799.5,803.45,1950756
VOLTAS,2023-05-25,804.0,814.0,801.5,812.25,745354
VOLTAS,2023-05-26,815.05,817.95,809.2,814.55,446811
VOLTAS,2023-05-29,818.0,827.5,815.0,825.75,982588
VOLTAS,2023-05-30,826.0,831.0,819.05,821.85,610358
VOLTAS,2023-05-31,819.15,826.8,817.0,821.35,805009
VOLTAS,2023-06-01,820.05,831.95,819.05,825.4,804182
VOLTAS,2023-06-02,830.0,830.8,817.05,818.9,713546
VOLTAS,2023-06-05,822.0,826.4,821.05,823.25,356474
VOLTAS,2023-06-06,824.0,825.0,791.4,803.3,1881812
VOLTAS,2023-06-07,809.0,809.0,801.15,806.1,520388
VOLTAS,2023-06-08,811.0,811.0,801.55,804.95,958527
VOLTAS,2023-06-09,804.2,805.4,777.0,777.95,2202969
VOLTAS,2023-06-12,780.05,795.7,774.2,790.65,1935001
VOLTAS,2023-06-13,790.7,808.0,790.0,806.4,1116993
VOLTAS,2023-06-14,808.0,827.0,801.0,815.25,2311363
VOLTAS,2023-06-15,815.95,818.2,798.0,800.9,1006762
VOLTAS,2023-06-16,802.0,803.7,794.3,796.2,1078391
VOLTAS,2023-06-19,798.0,799.7,785.55,790.15,1144336
VOLTAS,2023-06-20,790.0,794.8,786.05,789.25,772917
VOLTAS,2023-06-21,790.3,794.0,783.0,786.9,1583443
VOLTAS,2023-06-22,786.0,789.0,778.55,782.1,1942087
VOLTAS,2023-06-23,768.2,777.5,748.5,750.5,4692817
VOLTAS,2023-06-26,753.15,759.0,747.6,757.65,1236917
VOLTAS,2023-06-27,760.9,767.8,757.9,761.1,1446118
VOLTAS,2023-06-28,763.0,766.7,758.8,762.7,1273148
VOLTAS,2023-06-30,759.95,764.0,756.1,759.75,1020924
VOLTAS,2023-07-03,765.0,769.45,759.75,762.6,1172805
VOLTAS,2023-07-04,765.0,766.15,757.05,759.05,2038341
VOLTAS,2023-07-05,762.0,768.95,754.0,766.65,1411230
VOLTAS,2023-07-06,766.65,772.0,763.1,768.85,758437
VOLTAS,2023-07-07,763.0,767.9,757.0,760.25,821832
VOLTAS,2023-07-10,760.25,762.45,753.0,758.05,545734
VOLTAS,2023-07-11,758.05,767.4,756.35,759.3,1237925
VOLTAS,2023-07-12,764.0,764.65,759.0,762.35,508835
VOLTAS,2023-07-13,762.4,764.4,746.25,748.85,1335577
VOLTAS,2023-07-14,750.3,755.3,745.0,754.7,1101003
VOLTAS,2023-07-17,755.2,766.95,752.4,763.95,936969
VOLTAS,2023-07-18,765.1,768.95,757.55,765.75,3655994
VOLTAS,2023-07-19,770.1,792.85,764.1,777.85,5316153
VOLTAS,2023-07-20,780.95,790.9,775.3,777.4,2151073
VOLTAS,2023-07-21,773.0,775.75,762.65,764.35,1015818
VOLTAS,2023-07-24,765.0,769.6,758.75,765.65,1070740
VOLTAS,2023-07-25,766.0,771.4,764.7,767.15,491539
VOLTAS,2023-07-26,768.95,769.55,763.25,765.0,528936
VOLTAS,2023-07-27,766.0,770.0,756.95,758.55,1100247
VOLTAS,2023-07-28,760.0,764.3,758.55,763.05,890328
VOLTAS,2023-07-31,765.0,781.95,761.5,780.1,1281701
VOLTAS,2023-08-01,782.0,800.5,780.25,797.4,2299859
VOLTAS,2023-08-02,798.0,805.25,792.1,801.15,2699801
VOLTAS,2023-08-03,800.95,810.85,795.05,799.55,1430725
VOLTAS,2023-08-04,803.8,821.55,799.0,819.3,2564538
VOLTAS,2023-08-07,823.8,829.3,819.05,826.4,1379529
VOLTAS,2023-08-08,828.85,828.85,810.55,816.1,850243
VOLTAS,2023-08-09,822.7,851.8,819.25,849.45,4647736
VOLTAS,2023-08-10,849.4,857.55,835.15,836.75,2587694
VOLTAS,2023-08-11,840.0,844.35,816.75,828.55,1397414
VOLTAS,2023-08-14,820.5,829.4,794.2,825.4,2279372
VOLTAS,2023-08-16,822.0,828.55,810.35,826.5,1402705
VOLTAS,2023-08-17,825.0,833.0,820.8,825.75,1102613
VOLTAS,2023-08-18,825.7,831.25,808.0,809.95,696312
VOLTAS,2023-08-21,809.95,813.65,800.0,808.05,964038
VOLTAS,2023-08-22,809.9,824.95,806.35,823.0,748032
VOLTAS,2023-08-23,824.0,840.9,823.0,836.35,1010288
VOLTAS,2023-08-24,838.0,841.1,830.05,833.35,453602
VOLTAS,2023-08-25,829.5,834.55,819.0,824.9,617248
VOLTAS,2023-08-28,824.9,830.6,823.55,827.45,742446
VOLTAS,2023-08-29,828.2,851.7,827.45,848.9,1766963
VOLTAS,2023-08-30,853.7,857.5,849.6,855.45,1232177
VOLTAS,2023-08-31,859.0,872.0,853.85,869.9,2053925
VOLTAS,2023-09-01,874.0,879.8,868.55,870.05,870560
VOLTAS,2023-09-04,874.95,875.8,864.55,866.25,813452
VOLTAS,2023-09-05,868.0,871.0,858.05,866.7,910247
VOLTAS,2023-09-06,890.0,908.5,882.0,896.6,5127245
VOLTAS,2023-09-07,900.85,900.85,887.0,896.1,733282
VOLTAS,2023-09-08,897.75,908.5,892.85,904.95,1253958
VOLTAS,2023-09-11,910.0,914.5,904.5,907.15,819842
VOLTAS,2023-09-12,909.2,913.75,873.8,875.35,1850062
VOLTAS,2023-09-13,875.35,890.65,869.25,887.45,640847
VOLTAS,2023-09-14,893.8,894.0,882.4,886.65,430469
VOLTAS,2023-09-15,889.5,906.0,887.1,893.95,961453
VOLTAS,2023-09-18,895.0,897.0,880.0,882.2,1062910
VOLTAS,2023-09-20,875.0,886.0,866.85,871.75,1071977
VOLTAS,2023-09-21,870.0,879.7,864.0,868.7,609935
VOLTAS,2023-09-22,868.35,872.25,851.3,865.55,596978
VOLTAS,2023-09-25,865.0,878.6,854.2,875.75,1502890
VOLTAS,2023-09-26,879.0,879.45,860.35,861.9,764661
VOLTAS,2023-09-27,861.5,872.3,857.7,870.95,453103
VOLTAS,2023-09-28,870.7,882.5,858.75,860.85,813873
VOLTAS,2023-09-29,862.95,870.2,860.0,863.3,1014532
VOLTAS,2023-10-03,861.9,880.2,861.1,874.05,868906
VOLTAS,2023-10-04,873.0,888.0,862.45,872.55,1357213
VOLTAS,2023-10-05,881.8,883.7,872.45,880.1,435857
VOLTAS,2023-10-06,883.85,888.0,879.45,885.1,460025
VOLTAS,2023-10-09,872.0,882.0,848.15,852.9,1129737
VOLTAS,2023-10-10,855.0,858.5,851.1,855.3,779331
VOLTAS,2023-10-11,856.15,870.9,856.15,862.7,507986
VOLTAS,2023-10-12,866.95,867.0,855.65,856.95,577682
VOLTAS,2023-10-13,854.05,854.95,839.1,845.45,951352
VOLTAS,2023-10-16,846.45,854.85,842.0,852.4,889834
VOLTAS,2023-10-17,854.0,857.0,847.25,850.95,390692
VOLTAS,2023-10-18,851.0,856.85,830.15,834.3,1210600
VOLTAS,2023-10-19,833.85,842.3,823.05,838.85,1016728
VOLTAS,2023-10-20,823.05,838.35,812.65,818.6,2857101
VOLTAS,2023-10-23,819.0,832.25,806.7,821.3,2096753
VOLTAS,2023-10-25,823.3,843.75,814.25,817.45,1072916
VOLTAS,2023-10-26,816.45,833.95,811.1,828.9,1495324
VOLTAS,2023-10-27,836.9,837.0,826.4,834.9,689843
VOLTAS,2023-10-30,838.0,840.0,820.35,834.55,802038
VOLTAS,2023-10-31,841.0,841.25,829.6,837.5,444814
VOLTAS,2023-11-01,837.5,839.0,828.05,830.25,347572
VOLTAS,2023-11-02,835.3,839.95,831.4,834.15,164448
VOLTAS,2023-11-03,835.65,840.0,831.95,835.65,408324
VOLTAS,2023-11-06,840.0,840.0,826.7,827.9,834165
VOLTAS,2023-11-07,827.9,829.85,811.25,813.4,1200203
VOLTAS,2023-11-08,820.25,824.95,816.1,820.2,724839
VOLTAS,2023-11-09,820.8,830.5,814.3,827.7,485510
VOLTAS,2023-11-10,826.8,833.5,818.55,829.85,448677
VOLTAS,2023-11-13,827.0,830.8,811.2,814.0,859220
VOLTAS,2023-11-15,819.0,831.35,813.0,824.45,857034
VOLTAS,2023-11-16,824.9,827.6,819.8,821.2,734559
VOLTAS,2023-11-17,822.9,832.2,818.0,824.95,744034
VOLTAS,2023-11-20,826.9,832.7,815.3,828.35,1464739
VOLTAS,2023-11-21,834.9,852.4,831.1,843.65,1332293
VOLTAS,2023-11-22,845.5,852.6,839.1,847.9,577309
VOLTAS,2023-11-23,849.7,852.4,834.1,835.0,693188
VOLTAS,2023-11-24,837.45,839.8,818.8,825.0,669289
VOLTAS,2023-11-28,825.0,825.7,818.0,820.45,1139966
VOLTAS,2023-11-29,823.0,827.15,819.4,820.4,1812824
VOLTAS,2023-11-30,821.0,829.4,811.15,827.95,2063628
VOLTAS,2023-12-01,828.15,841.0,828.15,835.5,1179786
VOLTAS,2023-12-04,844.0,848.45,830.55,837.85,995617
VOLTAS,2023-12-05,841.9,846.95,825.4,832.5,1388896
VOLTAS,2023-12-06,839.0,849.9,833.7,845.05,1717573
VOLTAS,2023-12-07,845.55,869.95,833.1,866.05,2356938
VOLTAS,2023-12-08,872.0,878.6,844.85,855.45,2817604
VOLTAS,2023-12-11,859.9,865.85,850.5,852.65,1333574
VOLTAS,2023-12-12,852.65,861.75,846.75,851.25,993904
VOLTAS,2023-12-13,854.9,856.75,841.5,852.4,1208554
VOLTAS,2023-12-14,856.0,861.4,849.4,852.8,1805824
VOLTAS,2023-12-15,856.9,869.9,854.9,859.85,1631125
VOLTAS,2023-12-18,860.9,872.5,857.7,868.75,1863543
VOLTAS,2023-12-19,871.4,904.5,868.35,897.1,4021526
VOLTAS,2023-12-20,908.0,957.15,908.0,928.05,11662400
VOLTAS,2023-12-21,927.55,948.0,917.55,942.65,3013363
VOLTAS,2023-12-22,950.0,954.45,943.0,947.6,1665456
VOLTAS,2023-12-26,950.0,968.5,948.0,966.0,2231517
VOLTAS,2023-12-27,965.95,992.8,965.35,985.2,2629166
VOLTAS,2023-12-28,992.0,992.0,965.0,971.55,1660995
VOLTAS,2023-12-29,972.25,985.0,969.75,978.35,1746196
VOLTAS,2024-01-01,979.0,982.35,972.5,977.95,764752
VOLTAS,2024-01-02,977.4,998.0,968.0,992.2,1525164
VOLTAS,2024-01-03,992.35,1000.15,983.0,986.9,1252415
VOLTAS,2024-01-04,986.9,1022.95,986.2,1014.1,2398169
VOLTAS,2024-01-05,1010.0,1013.15,998.3,1009.2,871685
VOLTAS,2024-01-08,1009.15,1011.4,985.2,990.05,1283342
VOLTAS,2024-01-09,994.3,1004.3,990.05,993.4,1497125
VOLTAS,2024-01-10,993.0,1025.8,990.0,1012.15,3880133
VOLTAS,2024-01-11,1015.0,1060.0,1011.95,1055.7,3915284
VOLTAS,2024-01-12,1055.0,1061.5,1047.4,1056.9,1135534
VOLTAS,2024-01-15,1056.9,1068.25,1044.6,1060.85,1480681
VOLTAS,2024-01-16,1059.0,1068.05,1047.4,1051.4,1406227
VOLTAS,2024-01-17,1035.0,1061.95,1032.7,1052.7,1388891
VOLTAS,2024-01-18,1050.0,1050.0,1015.9,1036.25,1646283
VOLTAS,2024-01-19,1043.45,1054.4,1038.1,1051.1,748309
VOLTAS,2024-01-23,1034.9,1036.2,992.5,1007.25,1513441
VOLTAS,2024-01-24,1007.0,1036.75,996.4,1031.75,1418343
VOLTAS,2024-01-25,1031.85,1033.5,996.05,1005.2,992236
VOLTAS,2024-01-29,1009.95,1043.0,1006.8,1040.4,1557213
VOLTAS,2024-01-30,1041.95,1056.95,1008.2,1016.9,2008069
VOLTAS,2024-01-31,1001.0,1101.0,990.1,1092.75,9851087
VOLTAS,2024-02-01,1091.0,1091.0,1040.05,1048.75,3878597
VOLTAS,2024-02-02,1055.0,1065.0,1046.35,1058.4,1496441
VOLTAS,2024-02-05,1059.0,1059.95,1013.15,1023.1,1750764
VOLTAS,2024-02-06,1028.2,1044.85,1015.55,1028.45,1008129
VOLTAS,2024-02-07,1037.0,1042.85,1020.15,1038.9,481658
VOLTAS,2024-02-08,1042.0,1070.5,1037.75,1064.65,1639793
VOLTAS,2024-02-09,1072.45,1074.8,1035.3,1057.3,1194907
VOLTAS,2024-02-12,1058.7,1085.0,1052.6,1075.35,2309419
VOLTAS,2024-02-13,1085.0,1105.5,1070.5,1100.15,1597979
VOLTAS,2024-02-14,1090.0,1103.25,1075.0,1086.1,892247
VOLTAS,2024-02-15,1088.9,1094.8,1070.75,1086.85,962590
VOLTAS,2024-02-16,1093.0,1095.0,1064.6,1075.1,943246
VOLTAS,2024-02-19,1075.1,1100.0,1071.35,1097.25,900446
VOLTAS,2024-02-20,1102.0,1113.4,1085.6,1105.75,1091062
VOLTAS,2024-02-21,1110.0,1117.0,1092.5,1107.1,1409303
VOLTAS,2024-02-22,1112.9,1112.9,1086.05,1098.45,1186275
VOLTAS,2024-02-23,1100.95,1107.1,1091.0,1095.05,762239
VOLTAS,2024-02-26,1099.0,1103.7,1066.6,1097.3,2415442
VOLTAS,2024-02-27,1097.3,1124.85,1084.9,1117.25,1815929
VOLTAS,2024-02-28,1128.2,1133.5,1103.0,1110.65,1446728
VOLTAS,2024-02-29,1112.6,1125.35,1086.2,1109.1,1394524
VOLTAS,2024-03-01,1116.8,1116.8,1064.45,1085.35,2092842
VOLTAS,2024-03-04,1104.0,1127.0,1096.35,1110.85,1327430
VOLTAS,2024-03-05,1107.0,1111.4,1067.1,1071.35,1934196
VOLTAS,2024-03-06,1076.3,1077.7,1043.4,1061.95,1443427
VOLTAS,2024-03-07,1062.0,1091.15,1062.0,1082.1,1715695
VOLTAS,2024-03-11,1095.95,1095.95,1063.4,1073.65,1705320
VOLTAS,2024-03-12,1070.0,1078.75,1049.5,1053.95,803495
VOLTAS,2024-03-13,1060.0,1068.5,1023.95,1042.5,1744305
VOLTAS,2024-03-14,1037.1,1077.4,1024.8,1073.65,1259950
VOLTAS,2024-03-15,1073.65,1073.65,1050.05,1065.35,891060
VOLTAS,2024-03-18,1067.0,1067.05,1036.65,1056.6,1479630
VOLTAS,2024-03-19,1056.9,1057.2,1032.0,1046.25,725350
VOLTAS,2024-03-20,1048.3,1055.65,1034.05,1047.85,508050
VOLTAS,2024-03-21,1050.0,1088.85,1050.0,1083.95,1377158
VOLTAS,2024-03-22,1090.0,1090.0,1061.7,1064.95,935122
VOLTAS,2024-03-26,1063.0,1116.0,1059.7,1101.1,1681188
VOLTAS,2024-03-27,1110.0,1110.0,1083.8,1092.85,1538888
VOLTAS,2024-03-28,1099.0,1116.0,1080.1,1103.55,1282825
VOLTAS,2024-04-01,1103.55,1155.7,1101.2,1151.6,2195111
VOLTAS,2024-04-02,1172.1,1214.8,1159.0,1190.4,4378945
VOLTAS,2024-04-03,1194.4,1224.8,1184.0,1219.95,1801659
VOLTAS,2024-04-04,1226.0,1229.0,1212.55,1217.95,745552
VOLTAS,2024-04-05,1217.0,1240.7,1216.05,1232.3,1994497
VOLTAS,2024-04-08,1310.0,1392.0,1304.0,1306.85,10761579
VOLTAS,2024-04-09,1314.95,1353.75,1303.0,1314.1,3312935
VOLTAS,2024-04-10,1323.95,1350.0,1294.6,1342.75,2766610
VOLTAS,2024-04-12,1339.8,1342.75,1303.55,1309.35,2271423
VOLTAS,2024-04-15,1300.0,1311.95,1278.95,1283.9,1840495
VOLTAS,2024-04-16,1276.65,1301.45,1272.35,1297.1,1261801
VOLTAS,2024-04-18,1305.0,1315.0,1285.0,1291.7,1245277
VOLTAS,2024-04-19,1277.0,1310.8,1272.35,1300.55,823264
VOLTAS,2024-04-22,1364.0,1395.0,1332.8,1383.15,8939049
VOLTAS,2024-04-23,1393.0,1406.7,1383.6,1395.65,2294024
VOLTAS,2024-04-24,1405.5,1423.45,1399.2,1414.15,2738926
VOLTAS,2024-04-25,1415.95,1436.85,1404.1,1427.4,1976954
VOLTAS,2024-04-26,1434.0,1461.0,1426.15,1454.75,1633241
VOLTAS,2024-04-29,1465.0,1477.35,1454.0,1467.65,1670290
VOLTAS,2024-04-30,1476.9,1481.7,1460.3,1474.75,1931803
VOLTAS,2024-05-02,1482.0,1500.0,1463.0,1481.95,1529682
VOLTAS,2024-05-03,1491.9,1501.0,1480.0,1491.5,1688779
VOLTAS,2024-05-06,1501.4,1502.3,1445.0,1447.2,1023497
VOLTAS,2024-05-07,1452.1,1462.5,1380.0,1389.2,2353647
VOLTAS,2024-05-08,1280.0,1333.55,1262.0,1318.8,9132726
VOLTAS,2024-05-09,1321.95,1322.4,1274.05,1276.05,1905942
VOLTAS,2024-05-10,1276.05,1300.6,1265.1,1287.55,3013310
VOLTAS,2024-05-13,1281.1,1311.95,1257.5,1301.85,2142147
VOLTAS,2024-05-14,1309.9,1328.5,1292.7,1304.2,1943532
VOLTAS,2024-05-15,1311.95,1317.3,1299.65,1303.45,621432
VOLTAS,2024-05-16,1305.0,1324.6,1298.4,1320.6,1232510
VOLTAS,2024-05-17,1324.0,1325.95,1285.0,1288.3,2672435
VOLTAS,2024-05-21,1296.7,1306.0,1287.9,1295.6,1199576
VOLTAS,2024-05-22,1299.95,1307.0,1287.0,1297.65,681190
VOLTAS,2024-05-23,1309.0,1351.75,1289.65,1347.5,2461035
VOLTAS,2024-05-24,1353.0,1382.45,1330.9,1371.55,1797112
VOLTAS,2024-05-27,1372.8,1437.85,1359.85,1411.15,3161477
VOLTAS,2024-05-28,1416.4,1428.95,1383.6,1389.85,914680
VOLTAS,2024-05-29,1390.0,1409.3,1372.0,1375.3,1288677
VOLTAS,2024-05-30,1374.0,1375.3,1345.7,1350.5,855382
VOLTAS,2024-05-31,1356.0,1386.75,1352.05,1359.7,1737939
VOLTAS,2024-06-03,1410.0,1425.95,1388.0,1406.3,1684565
VOLTAS,2024-06-04,1410.0,1412.35,1239.5,1359.25,986607
VOLTAS,2024-06-05,1360.95,1471.55,1345.0,1459.7,1930010
VOLTAS,2024-06-06,1466.9,1478.2,1440.0,1449.55,1186354
VOLTAS,2024-06-07,1446.0,1459.9,1405.25,1451.5,684903
VOLTAS,2024-06-10,1458.0,1468.45,1425.95,1461.2,2303558
VOLTAS,2024-06-11,1462.0,1476.0,1445.35,1460.75,1079454
VOLTAS,2024-06-12,1461.75,1472.85,1441.45,1447.25,1071432
VOLTAS,2024-06-13,1450.0,1492.0,1446.2,1482.65,2364100
VOLTAS,2024-06-14,1490.0,1511.95,1470.05,1498.5,1792373
VOLTAS,2024-06-18,1499.55,1550.7,1499.55,1536.15,2368835
VOLTAS,2024-06-19,1545.65,1560.0,1472.85,1477.75,2053603
VOLTAS,2024-06-20,1482.8,1504.5,1471.0,1484.05,1249993
VOLTAS,2024-06-21,1488.0,1501.45,1475.15,1487.2,1847089
VOLTAS,2024-06-24,1481.0,1528.0,1469.25,1512.6,2870856
VOLTAS,2024-06-25,1506.1,1524.0,1499.45,1504.5,856073
VOLTAS,2024-06-26,1500.0,1515.7,1491.45,1495.4,1579697
VOLTAS,2024-06-27,1498.55,1511.95,1482.25,1503.05,1004585
VOLTAS,2024-06-28,1490.0,1507.45,1468.65,1472.2,678142
VOLTAS,2024-07-01,1472.2,1488.85,1440.0,1444.25,856095
VOLTAS,2024-07-02,1445.95,1456.0,1416.5,1450.05,1255867
VOLTAS,2024-07-03,1459.7,1473.45,1446.6,1451.85,1022098
VOLTAS,2024-07-04,1455.95,1456.95,1437.45,1444.7,1024620
VOLTAS,2024-07-05,1440.0,1458.95,1440.0,1452.75,353725
VOLTAS,2024-07-08,1452.75,1479.0,1439.05,1459.65,1537206
VOLTAS,2024-07-09,1467.0,1481.6,1456.0,1468.95,1250984
VOLTAS,2024-07-10,1475.0,1490.9,1448.55,1485.05,831731
VOLTAS,2024-07-11,1485.05,1517.0,1481.2,1512.8,1212936
VOLTAS,2024-07-12,1522.0,1528.5,1503.15,1520.0,1401984
VOLTAS,2024-07-15,1520.1,1535.1,1515.05,1530.95,1231226
VOLTAS,2024-07-16,1529.2,1539.8,1514.85,1521.7,690677
VOLTAS,2024-07-18,1521.65,1525.0,1486.55,1493.25,949789
VOLTAS,2024-07-19,1492.45,1510.0,1470.05,1477.55,1413955
VOLTAS,2024-07-22,1470.0,1506.7,1421.15,1483.2,1780537
VOLTAS,2024-07-23,1486.55,1495.9,1433.9,1483.5,639411
VOLTAS,2024-07-24,1483.5,1518.9,1471.1,1499.25,1055665
VOLTAS,2024-07-25,1490.0,1494.95,1451.0,1461.6,817753
VOLTAS,2024-07-26,1464.9,1498.75,1461.6,1490.35,527572
VOLTAS,2024-07-29,1500.0,1533.4,1492.7,1516.2,1349590
VOLTAS,2024-07-30,1516.2,1559.85,1516.2,1539.65,1477725
VOLTAS,2024-07-31,1542.0,1552.25,1533.1,1537.6,623793
VOLTAS,2024-08-01,1540.0,1549.3,1519.95,1536.65,627964
VOLTAS,2024-08-02,1520.0,1531.25,1481.95,1490.75,532217
VOLTAS,2024-08-05,1475.0,1479.95,1432.95,1451.85,1259451
VOLTAS,2024-08-06,1455.9,1500.0,1455.2,1463.3,722961
VOLTAS,2024-08-07,1482.0,1485.95,1465.6,1469.8,710286
VOLTAS,2024-08-08,1470.0,1512.45,1421.85,1436.0,2671985
VOLTAS,2024-08-09,1444.0,1444.0,1418.55,1428.85,1007544
VOLTAS,2024-08-12,1500.0,1598.0,1463.15,1582.55,14020378
VOLTAS,2024-08-13,1582.55,1598.9,1568.8,1573.35,2001384
VOLTAS,2024-08-14,1580.0,1580.35,1546.45,1550.3,1440494
VOLTAS,2024-08-16,1570.0,1592.0,1526.9,1535.15,2624760
VOLTAS,2024-08-19,1552.95,1611.7,1548.05,1607.7,5251306
VOLTAS,2024-08-20,1621.55,1671.95,1592.0,1659.15,4524759
VOLTAS,2024-08-21,1655.0,1682.8,1650.7,1675.95,2331508
VOLTAS,2024-08-22,1676.0,1688.75,1666.05,1683.8,1913769
VOLTAS,2024-08-23,1680.0,1699.0,1670.1,1690.55,1487294
VOLTAS,2024-08-26,1690.1,1725.0,1684.25,1721.05,1964181
VOLTAS,2024-08-27,1718.25,1751.35,1715.55,1743.25,2743023
VOLTAS,2024-08-28,1745.0,1779.45,1723.15,1771.75,1373848
VOLTAS,2024-08-29,1771.75,1818.15,1752.05,1788.4,2791170
VOLTAS,2024-08-30,1785.5,1785.5,1733.85,1743.65,2770926
VOLTAS,2024-09-02,1754.8,1821.05,1750.55,1769.65,1553875
VOLTAS,2024-09-03,1777.0,1828.75,1774.05,1810.95,3184506
VOLTAS,2024-09-04,1790.0,1807.95,1776.8,1780.25,1456218
VOLTAS,2024-09-05,1789.0,1795.0,1778.6,1783.15,817264
VOLTAS,2024-09-06,1783.15,1790.8,1754.9,1778.65,1701203
VOLTAS,2024-09-09,1786.0,1825.15,1770.0,1817.95,1907669
VOLTAS,2024-09-10,1830.0,1837.9,1805.05,1830.1,1680438
VOLTAS,2024-09-11,1822.1,1846.0,1817.1,1828.7,1177262
VOLTAS,2024-09-12,1844.0,1856.85,1835.75,1852.95,829123
VOLTAS,2024-09-13,1864.5,1935.0,1856.1,1921.55,2355060
VOLTAS,2024-09-16,1930.0,1930.0,1907.5,1916.0,961982
VOLTAS,2024-09-17,1919.95,1924.9,1896.05,1904.05,890306
VOLTAS,2024-09-18,1908.0,1908.0,1883.1,1889.4,647579
VOLTAS,2024-09-19,1899.0,1935.0,1882.95,1929.2,1461840
VOLTAS,2024-09-20,1938.85,1944.9,1892.85,1928.4,2434135
VOLTAS,2024-09-23,1930.95,1932.0,1878.7,1882.45,1306087
VOLTAS,2024-09-24,1895.0,1918.2,1885.6,1914.4,1223016
VOLTAS,2024-09-25,1916.95,1921.65,1897.55,1910.85,802399
VOLTAS,2024-09-26,1910.1,1910.85,1840.3,1857.55,2756219
VOLTAS,2024-09-27,1866.85,1878.0,1841.85,1866.7,1172105
VOLTAS,2024-09-30,1862.0,1882.55,1836.0,1845.1,852278
VOLTAS,2024-10-01,1845.0,1864.65,1840.0,1854.55,963764
VOLTAS,2024-10-03,1834.0,1861.2,1823.25,1845.65,845958
VOLTAS,2024-10-04,1845.1,1863.65,1797.25,1809.6,1490213
VOLTAS,2024-10-07,1809.0,1818.5,1752.95,1757.2,1490593
VOLTAS,2024-10-08,1750.0,1806.5,1750.0,1800.9,1992816
VOLTAS,2024-10-09,1809.95,1814.6,1780.85,1786.5,627902
VOLTAS,2024-10-10,1795.45,1812.55,1764.95,1776.7,815772
VOLTAS,2024-10-11,1785.4,1797.6,1757.05,1789.45,667174
VOLTAS,2024-10-14,1796.0,1840.0,1766.15,1794.5,843634
VOLTAS,2024-10-15,1799.05,1816.8,1784.45,1811.1,1669006
VOLTAS,2024-10-16,1840.2,1902.0,1826.9,1881.3,4490374
VOLTAS,2024-10-17,1888.9,1889.0,1828.0,1834.6,1314829
VOLTAS,2024-10-18,1830.0,1870.0,1810.0,1865.3,1635928
VOLTAS,2024-10-21,1874.65,1877.95,1801.45,1813.95,1225404
VOLTAS,2024-10-22,1820.0,1840.5,1789.6,1794.65,984280
VOLTAS,2024-10-23,1793.8,1825.0,1772.05,1795.65,1025421
VOLTAS,2024-10-24,1800.0,1825.75,1771.05,1795.1,1165425
VOLTAS,2024-10-25,1803.0,1803.0,1738.85,1754.85,1313219
VOLTAS,2024-10-28,1752.0,1778.35,1728.55,1762.25,747662
VOLTAS,2024-10-29,1767.0,1775.5,1723.0,1770.6,1524171
VOLTAS,2024-10-30,1780.0,1782.95,1649.9,1697.9,5968136
VOLTAS,2024-10-31,1704.9,1704.9,1617.7,1649.5,2529685
VOLTAS,2024-11-01,1663.0,1667.4,1635.1,1642.85,139205
VOLTAS,2024-11-04,1638.1,1675.5,1618.25,1665.05,1508628
VOLTAS,2024-11-05,1660.55,1704.05,1641.75,1694.7,1162365
VOLTAS,2024-11-06,1696.55,1749.45,1689.05,1737.85,901944
VOLTAS,2024-11-07,1739.0,1780.7,1734.0,1766.95,3509476
VOLTAS,2024-11-08,1775.0,1792.95,1751.05,1766.0,1710362
VOLTAS,2024-11-11,1768.8,1786.0,1738.1,1754.1,1301562
VOLTAS,2024-11-12,1760.0,1783.9,1690.0,1699.6,2230594
VOLTAS,2024-11-13,1700.0,1705.0,1671.85,1685.4,1383751
VOLTAS,2024-11-14,1697.45,1735.8,1685.0,1708.6,1787679
VOLTAS,2024-11-18,1720.0,1744.0,1689.7,1695.95,1849251
VOLTAS,2024-11-19,1709.0,1732.35,1672.1,1686.75,1830677
VOLTAS,2024-11-21,1697.0,1707.25,1660.25,1675.5,2403002
VOLTAS,2024-11-22,1675.5,1680.9,1647.7,1653.4,1776998
VOLTAS,2024-11-25,1698.0,1715.3,1622.1,1644.25,27795722
VOLTAS,2024-11-26,1670.0,1685.05,1642.4,1674.1,1734910
VOLTAS,2024-11-27,1670.0,1675.0,1642.2,1663.1,1253588
VOLTAS,2024-11-28,1663.1,1677.9,1637.1,1647.25,995375
VOLTAS,2024-11-29,1645.1,1666.9,1640.2,1658.25,972035
VOLTAS,2024-12-02,1667.0,1725.0,1656.0,1721.1,1145049
VOLTAS,2024-12-03,1721.35,1725.65,1680.0,1688.15,1171727
VOLTAS,2024-12-04,1690.0,1704.5,1676.55,1688.3,862542
VOLTAS,2024-12-05,1690.0,1692.35,1656.2,1667.9,652937
VOLTAS,2024-12-06,1669.9,1717.85,1663.0,1710.9,1190529
VOLTAS,2024-12-09,1714.1,1767.0,1713.45,1764.35,1382138
VOLTAS,2024-12-10,1761.05,1776.0,1754.5,1766.55,862810
VOLTAS,2024-12-11,1760.0,1805.6,1755.0,1797.2,1087805
VOLTAS,2024-12-12,1796.7,1807.3,1780.0,1787.65,1130165
VOLTAS,2024-12-13,1784.7,1813.85,1756.0,1807.5,819472
VOLTAS,2024-12-16,1820.0,1832.95,1802.05,1808.1,587602
VOLTAS,2024-12-17,1809.9,1811.0,1763.1,1769.65,644058
VOLTAS,2024-12-18,1761.35,1780.8,1737.4,1757.0,639538
VOLTAS,2024-12-19,1747.0,1758.7,1730.65,1738.25,680382
VOLTAS,2024-12-20,1739.55,1755.0,1679.2,1686.5,813116
VOLTAS,2024-12-23,1687.1,1709.0,1684.15,1695.55,649135
VOLTAS,2024-12-24,1700.0,1702.85,1668.55,1675.0,448485
VOLTAS,2024-12-26,1676.75,1716.75,1660.35,1711.3,702995
VOLTAS,2024-12-27,1711.35,1722.15,1701.15,1705.3,777445
VOLTAS,2024-12-30,1690.05,1800.0,1675.0,1771.0,3974159
VOLTAS,2024-12-31,1736.8,1808.8,1731.55,1789.95,1610537
VOLTAS,2025-01-01,1790.0,1832.95,1762.6,1826.95,831427
VOLTAS,2025-01-02,1831.8,1851.45,1815.2,1835.8,1236617
VOLTAS,2025-01-03,1830.0,1859.4,1813.05,1824.7,1036412
VOLTAS,2025-01-06,1826.0,1833.1,1767.75,1776.0,787457
VOLTAS,2025-01-07,1772.0,1805.0,1764.65,1779.7,895288
VOLTAS,2025-01-08,1774.1,1779.5,1707.3,1764.45,1193905
VOLTAS,2025-01-09,1755.1,1761.75,1721.35,1727.9,622759
VOLTAS,2025-01-10,1720.1,1731.35,1655.0,1663.5,668906
VOLTAS,2025-01-13,1645.0,1654.0,1577.15,1591.9,871019
VOLTAS,2025-01-14,1585.2,1651.95,1585.2,1637.65,864485
VOLTAS,2025-01-15,1635.0,1646.75,1604.45,1625.15,757277
VOLTAS,2025-01-16,1633.25,1699.0,1573.65,1587.6,1344773
VOLTAS,2025-01-17,1580.3,1615.6,1578.6,1596.95,1005199
VOLTAS,2025-01-20,1600.0,1600.0,1530.75,1546.35,1419203
VOLTAS,2025-01-21,1552.0,1558.9,1500.45,1504.35,722888
VOLTAS,2025-01-22,1503.7,1511.9,1465.0,1487.05,842352
VOLTAS,2025-01-23,1479.0,1531.95,1464.5,1497.65,1007459
VOLTAS,2025-01-24,1500.0,1500.0,1448.1,1456.6,1381920
VOLTAS,2025-01-27,1450.0,1452.25,1410.0,1418.75,736721
VOLTAS,2025-01-28,1415.15,1452.35,1405.7,1430.95,642824
VOLTAS,2025-01-29,1424.15,1483.55,1418.55,1474.1,454464
VOLTAS,2025-01-30,1430.0,1430.0,1262.4,1269.3,11456156
VOLTAS,2025-01-31,1269.3,1283.6,1239.05,1260.85,5032200
VOLTAS,2025-02-01,1270.0,1331.8,1135.0,1323.95,5371015
VOLTAS,2025-02-03,1315.1,1406.6,1276.65,1401.3,7208353
VOLTAS,2025-02-04,1421.25,1445.0,1371.05,1400.6,4017475
VOLTAS,2025-02-05,1400.0,1437.35,1388.35,1394.5,1625191
VOLTAS,2025-02-06,1400.0,1414.55,1344.75,1351.7,1870141
VOLTAS,2025-02-07,1330.0,1388.0,1322.0,1383.25,1597612
VOLTAS,2025-02-10,1383.25,1389.7,1353.55,1368.4,480296
VOLTAS,2025-02-11,1361.1,1365.45,1287.0,1292.65,1396393
VOLTAS,2025-02-12,1289.8,1312.6,1265.0,1299.15,1480614
VOLTAS,2025-02-13,1300.0,1306.75,1245.55,1248.55,2004213
VOLTAS,2025-02-14,1250.0,1264.0,1202.2,1213.85,1020091
VOLTAS,2025-02-17,1200.0,1244.95,1182.7,1241.6,987187
VOLTAS,2025-02-18,1242.5,1245.95,1202.9,1226.85,628523
VOLTAS,2025-02-19,1225.0,1289.55,1212.9,1284.1,1829398
VOLTAS,2025-02-20,1273.0,1291.1,1255.05,1279.15,1895350
VOLTAS,2025-02-21,1275.0,1299.75,1257.55,1269.0,1639291
VOLTAS,2025-02-24,1260.0,1291.9,1243.75,1277.15,1051867
VOLTAS,2025-02-25,1280.0,1301.6,1263.5,1277.7,1218753
VOLTAS,2025-02-27,1285.1,1321.8,1275.0,1312.65,2636482
VOLTAS,2025-02-28,1310.0,1335.55,1283.1,1320.1,8031830
VOLTAS,2025-03-03,1347.15,1380.0,1322.15,1366.15,5084713
VOLTAS,2025-03-04,1374.9,1425.0,1363.9,1409.55,4297483
VOLTAS,2025-03-05,1410.0,1417.75,1381.85,1387.8,2467014
VOLTAS,2025-03-06,1410.0,1421.55,1388.4,1406.25,1637524
VOLTAS,2025-03-07,1414.8,1417.95,1380.0,1405.45,1234800
VOLTAS,2025-03-10,1404.0,1434.8,1390.65,1397.75,1552435
VOLTAS,2025-03-11,1389.95,1418.0,1372.0,1406.1,1484093
VOLTAS,2025-03-12,1412.25,1452.0,1408.55,1445.45,2355735
VOLTAS,2025-03-13,1451.95,1463.85,1394.6,1402.55,1236849
VOLTAS,2025-03-17,1404.45,1460.75,1402.95,1458.45,1881080
VOLTAS,2025-03-18,1458.45,1458.45,1458.45,1458.45,0
VOLTAS,2025-03-19,1477.0,1531.0,1477.0,1495.2,2604431
VOLTAS,2025-03-20,1510.15,1510.15,1465.55,1469.9,1799802
VOLTAS,2025-03-21,1460.0,1463.95,1412.0,1429.5,3477300
VOLTAS,2025-03-24,1437.85,1456.7,1432.2,1449.1,1634298
VOLTAS,2025-03-25,1453.0,1454.5,1418.0,1422.05,1306047
VOLTAS,2025-03-26,1430.0,1436.0,1416.55,1428.65,1305728
VOLTAS,2025-03-27,1420.0,1435.0,1413.65,1423.4,1682189
VOLTAS,2025-03-28,1430.0,1469.8,1428.0,1458.7,2104275
VOLTAS,2025-04-01,1430.0,1430.0,1347.85,1352.05,3909338
VOLTAS,2025-04-02,1360.0,1364.35,1328.0,1344.8,2806215
VOLTAS,2025-04-03,1330.0,1356.95,1327.15,1352.0,1252993
VOLTAS,2025-04-04,1346.0,1351.0,1295.0,1298.1,1400431
VOLTAS,2025-04-07,1221.1,1306.85,1221.1,1294.95,1402866
VOLTAS,2025-04-08,1333.0,1334.75,1296.35,1320.65,726257
VOLTAS,2025-04-09,1311.0,1313.5,1274.0,1277.75,1599417
VOLTAS,2025-04-11,1300.0,1302.0,1277.4,1284.9,1739781
VOLTAS,2025-04-15,1310.3,1310.3,1277.2,1289.3,2110074
VOLTAS,2025-04-16,1292.0,1297.1,1274.0,1277.1,1650183
VOLTAS,2025-04-17,1280.1,1294.6,1263.1,1284.9,2003289
VOLTAS,2025-04-21,1288.0,1321.0,1283.8,1318.0,1963547
VOLTAS,2025-04-22,1320.0,1357.2,1302.5,1344.6,3045620
VOLTAS,2025-04-23,1354.0,1354.0,1286.0,1299.0,4051558
VOLTAS,2025-04-24,1309.0,1309.0,1274.5,1276.0,2359722
VOLTAS,2025-04-25,1281.0,1284.9,1223.2,1229.4,2212922
VOLTAS,2025-04-28,1230.1,1253.9,1230.0,1246.4,1884572
VOLTAS,2025-04-29,1251.0,1270.9,1245.4,1264.6,1139516
VOLTAS,2025-04-30,1260.1,1262.0,1224.0,1236.1,2072635
VOLTAS,2025-05-02,1232.4,1240.0,1200.0,1203.6,1898086
VOLTAS,2025-05-05,1219.0,1251.0,1214.9,1240.3,1633643
VOLTAS,2025-05-06,1242.0,1248.6,1222.5,1229.6,1012805
VOLTAS,2025-05-07,1202.5,1255.8,1202.5,1244.0,2149507
VOLTAS,2025-05-08,1288.0,1288.0,1212.1,1223.1,7440411
VOLTAS,2025-05-09,1190.0,1240.0,1190.0,1235.6,2021024
VOLTAS,2025-05-12,1262.9,1268.8,1251.4,1265.7,1877453
VOLTAS,2025-05-13,1267.0,1277.1,1255.0,1257.7,1671442
VOLTAS,2025-05-14,1260.0,1266.7,1237.2,1248.5,1201276
VOLTAS,2025-05-15,1250.0,1264.9,1249.4,1262.4,889877
VOLTAS,2025-05-16,1270.0,1270.0,1252.5,1261.4,1030398
VOLTAS,2025-05-19,1267.7,1281.9,1260.0,1270.0,1127571
VOLTAS,2025-05-20,1278.0,1278.0,1237.1,1239.4,1680536
VOLTAS,2025-05-21,1242.0,1271.8,1240.3,1268.6,1054213
VOLTAS,2025-05-22,1268.0,1276.8,1260.9,1272.0,1042997
VOLTAS,2025-05-23,1262.0,1276.7,1253.3,1260.3,1212681
VOLTAS,2025-05-26,1266.0,1268.4,1248.4,1253.8,1133427
VOLTAS,2025-05-27,1252.0,1269.0,1249.3,1261.7,695507
VOLTAS,2025-05-28,1260.0,1263.9,1252.4,1257.8,872186
VOLTAS,2025-05-29,1257.5,1273.5,1256.4,1262.1,979339
VOLTAS,2025-05-30,1260.4,1273.0,1255.0,1262.8,2725042
VOLTAS,2025-06-02,1260.0,1262.5,1244.0,1246.0,1068841
VOLTAS,2025-06-03,1248.1,1259.4,1224.4,1228.1,1436642
VOLTAS,2025-06-04,1230.1,1236.8,1225.1,1229.4,458790
VOLTAS,2025-06-05,1230.0,1251.9,1225.5,1247.5,1012011
VOLTAS,2025-06-06,1252.8,1274.0,1250.0,1271.1,973152
VOLTAS,2025-06-09,1274.8,1301.0,1274.5,1286.5,1637335
VOLTAS,2025-06-10,1295.0,1319.7,1271.5,1317.7,2445395
VOLTAS,2025-06-11,1327.7,1328.0,1297.0,1312.3,2233115
VOLTAS,2025-06-12,1312.3,1319.5,1282.2,1289.9,1234601
VOLTAS,2025-06-13,1262.0,1292.6,1262.0,1277.2,800998
VOLTAS,2025-06-16,1272.8,1316.7,1266.6,1313.6,1362428
VOLTAS,2025-06-17,1313.6,1322.5,1282.3,1294.2,2527321
VOLTAS,2025-06-18,1269.8,1294.7,1261.5,1291.5,2428626
VOLTAS,2025-06-19,1290.0,1296.7,1255.0,1261.0,1278610
VOLTAS,2025-06-20,1251.5,1312.0,1246.5,1293.9,1563026
VOLTAS,2025-06-23,1279.9,1304.0,1264.2,1294.2,1352440
VOLTAS,2025-06-24,1307.0,1329.9,1301.6,1306.2,1990620
VOLTAS,2025-06-25,1307.7,1316.9,1299.2,1311.0,1394524
VOLTAS,2025-06-26,1322.2,1340.9,1305.0,1317.1,2728104
VOLTAS,2025-06-27,1322.9,1329.7,1298.0,1305.3,4533397
VOLTAS,2025-06-30,1310.0,1320.0,1300.0,1314.1,1352048
VOLTAS,2025-07-01,1319.0,1332.5,1312.4,1326.5,1406545
VOLTAS,2025-07-02,1326.0,1343.0,1315.1,1332.8,1408061
VOLTAS,2025-07-03,1337.0,1380.0,1327.3,1367.0,2797627
VOLTAS,2025-07-04,1369.7,1394.2,1353.3,1364.4,1780860
VOLTAS,2025-07-07,1364.0,1368.5,1340.0,1365.7,874270
VOLTAS,2025-07-08,1367.0,1373.0,1350.5,1371.2,616481
VOLTAS,2025-07-09,1360.9,1382.4,1360.9,1366.9,1046247
VOLTAS,2025-07-10,1365.0,1375.0,1361.8,1368.9,812127
VOLTAS,2025-07-11,1370.0,1371.9,1353.3,1369.5,865797
VOLTAS,2025-07-14,1370.0,1379.4,1361.3,1376.8,684695
VOLTAS,2025-07-15,1376.5,1400.0,1375.0,1396.6,1387726
VOLTAS,2025-07-16,1392.1,1399.9,1378.9,1397.3,1646006
VOLTAS,2025-07-17,1400.0,1400.0,1387.0,1390.7,934758
VOLTAS,2025-07-18,1385.1,1395.0,1369.0,1377.0,1041006
VOLTAS,2025-07-21,1370.5,1392.0,1369.8,1385.7,483190
VOLTAS,2025-07-22,1372.2,1378.3,1342.8,1357.4,1649309
VOLTAS,2025-07-23,1356.3,1369.0,1348.0,1367.6,392460
VOLTAS,2025-07-24,1360.0,1365.7,1341.8,1344.0,890104
VOLTAS,2025-07-25,1337.5,1341.4,1307.3,1315.6,925449
VOLTAS,2025-07-28,1303.3,1334.8,1301.2,1320.5,884988
VOLTAS,2025-07-29,1308.6,1340.0,1308.6,1335.1,624288
VOLTAS,2025-07-30,1320.0,1338.6,1315.3,1336.0,533140
VOLTAS,2025-07-31,1320.0,1348.8,1315.0,1327.7,712912
VOLTAS,2025-08-01,1326.8,1326.8,1306.0,1317.4,449595
VOLTAS,2025-08-04,1308.0,1346.0,1308.0,1341.8,366914
VOLTAS,2025-08-05,1340.0,1340.0,1312.1,1317.0,316284
VOLTAS,2025-08-06,1319.0,1324.2,1302.5,1314.2,441055
VOLTAS,2025-08-07,1301.0,1327.4,1289.0,1309.2,595668
VOLTAS,2025-08-08,1312.0,1323.5,1294.0,1304.9,590345
VOLTAS,2025-08-11,1201.0,1250.0,1192.0,1245.2,4002006
VOLTAS,2025-08-12,1229.9,1259.9,1229.0,1245.0,839568
VOLTAS,2025-08-13,1249.9,1284.0,1243.7,1276.1,1199406
VOLTAS,2025-08-14,1270.0,1279.6,1258.0,1274.8,569544
VOLTAS,2025-08-18,1337.9,1402.2,1326.0,1349.2,5466642
VOLTAS,2025-08-19,1345.0,1382.8,1345.0,1378.9,958153
VOLTAS,2025-08-20,1388.8,1388.8,1363.7,1369.8,563772
VOLTAS,2025-08-21,1368.1,1372.0,1344.3,1362.7,1270171
VOLTAS,2025-08-22,1360.0,1386.2,1350.0,1353.2,616349
VOLTAS,2025-08-25,1360.0,1371.8,1348.1,1357.4,578894
VOLTAS,2025-08-26,1353.4,1365.3,1339.0,1347.3,1192978
VOLTAS,2025-08-28,1347.3,1364.6,1334.1,1359.3,957868
VOLTAS,2025-08-29,1351.0,1382.5,1345.9,1374.0,1097616
VOLTAS,2025-09-01,1370.0,1426.1,1367.1,1411.9,1473916
VOLTAS,2025-09-02,1418.9,1445.0,1410.5,1440.6,1403210
VOLTAS,2025-09-03,1436.0,1438.6,1413.0,1430.3,1030877
VOLTAS,2025-09-04,1470.0,1470.0,1398.0,1402.6,1790205
VOLTAS,2025-09-05,1409.9,1437.4,1405.2,1432.8,1254002
VOLTAS,2025-09-08,1430.0,1436.8,1413.1,1419.2,456972
VOLTAS,2025-09-09,1420.0,1428.0,1405.3,1412.3,887526
VOLTAS,2025-09-10,1417.0,1425.2,1384.0,1394.9,1046892
VOLTAS,2025-09-11,1399.0,1399.0,1371.5,1395.3,1235017
VOLTAS,2025-09-12,1396.2,1409.1,1392.4,1403.6,824826
VOLTAS,2025-09-15,1402.5,1421.9,1400.0,1415.8,576808
VOLTAS,2025-09-16,1417.9,1434.0,1413.1,1414.6,620757
VOLTAS,2025-09-17,1417.4,1421.9,1400.3,1411.9,744641
VOLTAS,2025-09-18,1411.1,1430.4,1402.5,1426.2,1125138
VOLTAS,2025-09-19,1426.2,1437.9,1416.0,1419.9,1366319
VOLTAS,2025-09-22,1415.0,1415.0,1370.0,1376.2,1492222
VOLTAS,2025-09-23,1376.2,1386.4,1356.0,1372.7,799766
VOLTAS,2025-09-24,1371.9,1377.0,1355.0,1372.3,1056484
VOLTAS,2025-09-25,1370.0,1382.9,1360.6,1372.4,643040
VOLTAS,2025-09-26,1369.0,1371.6,1332.7,1340.2,1100967
VOLTAS,2025-09-29,1335.0,1383.0,1333.6,1374.5,1315242
VOLTAS,2025-09-30,1375.9,1389.8,1341.1,1353.5,1300920
VOLTAS,2025-10-01,1349.1,1364.3,1342.4,1353.5,1189113
VOLTAS,2025-10-03,1350.0,1366.1,1346.1,1360.4,873058
VOLTAS,2025-10-06,1355.0,1376.0,1332.9,1366.7,1048625
VOLTAS,2025-10-07,1360.0,1377.4,1356.1,1372.2,1282213
VOLTAS,2025-10-08,1367.1,1377.0,1341.4,1367.3,2610499
VOLTAS,2025-10-09,1367.0,1395.0,1366.5,1382.0,1000102
VOLTAS,2025-10-10,1399.0,1437.6,1390.3,1417.3,2611807
VOLTAS,2025-10-13,1410.0,1411.5,1365.7,1378.5,1430691
VOLTAS,2025-10-14,1378.5,1399.7,1378.5,1391.7,1087951
VOLTAS,2025-10-15,1382.0,1416.0,1375.0,1412.1,1045348
VOLTAS,2025-10-16,1410.0,1423.2,1405.1,1415.6,910378
VOLTAS,2025-10-17,1410.0,1437.0,1410.0,1426.6,1075540
VOLTAS,2025-10-20,1420.0,1448.0,1405.1,1444.8,1058298
VOLTAS,2025-10-21,1440.0,1460.0,1432.9,1455.8,200517
VOLTAS,2025-10-23,1450.0,1463.8,1427.7,1431.2,1121329
VOLTAS,2025-10-24,1431.2,1450.0,1431.2,1441.4,539503
VOLTAS,2025-10-27,1433.0,1445.4,1421.0,1436.6,1206234
VOLTAS,2025-10-28,1431.0,1435.9,1404.4,1428.4,1157671
VOLTAS,2025-10-29,1415.0,1425.9,1386.7,1418.8,613025
VOLTAS,2025-10-30,1410.0,1425.2,1400.0,1419.8,941460
VOLTAS,2025-10-31,1419.8,1423.9,1379.0,1383.6,1115615
VOLTAS,2025-11-03,1375.0,1386.8,1352.6,1365.7,658410
VOLTAS,2025-11-04,1360.0,1379.7,1355.0,1359.4,834615
VOLTAS,2025-11-06,1356.0,1372.6,1288.1,1292.4,1703216
VOLTAS,2025-11-07,1292.4,1327.3,1288.2,1321.5,666465
VOLTAS,2025-11-10,1320.0,1374.8,1308.5,1340.7,1057635
VOLTAS,2025-11-11,1330.0,1339.0,1299.0,1303.8,1314969
VOLTAS,2025-11-12,1305.0,1343.0,1304.6,1337.6,960761
VOLTAS,2025-11-13,1329.9,1345.0,1313.6,1336.9,906489
VOLTAS,2025-11-14,1304.0,1385.5,1299.3,1350.9,4110953
VOLTAS,2025-11-17,1354.0,1390.0,1353.1,1373.9,1487978
VOLTAS,2025-11-18,1373.0,1395.8,1364.7,1384.2,768433
VOLTAS,2025-11-19,1390.0,1404.5,1383.6,1401.8,709008
VOLTAS,2025-11-20,1399.5,1418.0,1394.0,1411.8,656309
VOLTAS,2025-11-21,1401.0,1418.0,1382.8,1395.8,1221980
VOLTAS,2025-11-24,1390.5,1404.0,1346.3,1354.6,3415624
VOLTAS,2025-11-25,1355.0,1365.5,1343.6,1356.3,591991
VOLTAS,2025-11-26,1351.1,1392.5,1351.1,1387.0,477248
VOLTAS,2025-11-27,1384.0,1402.9,1365.0,1398.0,625765
VOLTAS,2025-11-28,1385.1,1388.4,1361.3,1376.3,1004263
VOLTAS,2025-12-01,1375.0,1384.7,1356.0,1360.4,512237
VOLTAS,2025-12-02,1355.0,1367.6,1341.9,1352.9,1208807
VOLTAS,2025-12-03,1342.0,1375.0,1330.5,1335.9,845596
VOLTAS,2025-12-04,1329.5,1343.4,1325.6,1329.4,509272
VOLTAS,2025-12-05,1325.0,1330.8,1312.5,1327.0,568640
VOLTAS,2025-12-08,1326.0,1329.9,1309.5,1322.5,335954
VOLTAS,2025-12-09,1315.0,1339.9,1310.0,1335.9,529692
VOLTAS,2025-12-10,1331.1,1345.7,1327.3,1340.9,610249
VOLTAS,2025-12-11,1331.0,1356.0,1327.7,1353.4,454556
VOLTAS,2025-12-12,1355.0,1379.7,1353.6,1377.2,371973
VOLTAS,2025-12-15,1370.1,1391.0,1362.0,1388.9,215764
VOLTAS,2025-12-16,1380.0,1402.3,1375.5,1394.3,569307
VOLTAS,2025-12-17,1390.0,1396.0,1375.7,1380.5,662702
VOLTAS,2025-12-18,1377.1,1425.9,1370.4,1401.7,1063259
VOLTAS,2025-12-19,1397.0,1415.0,1364.5,1375.5,1059210
VOLTAS,2025-12-22,1375.5,1392.7,1372.0,1388.0,201211
VOLTAS,2025-12-23,1388.8,1391.9,1376.2,1385.6,232195
VOLTAS,2025-12-24,1385.6,1420.0,1377.8,1394.7,476963
VOLTAS,2025-12-26,1390.0,1412.4,1377.0,1381.1,281489
VOLTAS,2025-12-29,1384.5,1399.3,1376.0,1380.1,423594
VOLTAS,2025-12-30,1377.0,1378.8,1346.4,1350.7,367193
VOLTAS,2025-12-31,1350.7,1375.0,1343.7,1361.2,326590
VOLTAS,2026-01-01,1361.2,1388.0,1361.2,1384.3,283325
VOLTAS,2026-01-02,1389.0,1447.6,1386.9,1430.2,1109054
VOLTAS,2026-01-05,1429.5,1494.6,1423.2,1476.8,1588073
VOLTAS,2026-01-06,1476.8,1505.0,1472.8,1486.2,1231903
VOLTAS,2026-01-07,1485.0,1517.9,1482.4,1507.6,1046719
VOLTAS,2026-01-08,1507.7,1512.0,1465.1,1469.1,375644
VOLTAS,2026-01-09,1465.0,1482.8,1458.0,1466.8,368916
VOLTAS,2026-01-12,1461.0,1483.3,1457.0,1468.2,802829
VOLTAS,2026-01-13,1470.0,1479.8,1445.5,1460.7,403722
VOLTAS,2026-01-14,1459.0,1459.0,1429.1,1439.9,464407
VOLTAS,2026-01-15,1439.9,1439.9,1439.9,1439.9,0
VOLTAS,2026-01-16,1440.0,1448.5,1407.0,1411.4,432002
VOLTAS,2026-01-19,1405.2,1417.6,1395.0,1398.4,592965
VOLTAS,2026-01-20,1390.5,1402.4,1319.2,1324.3,634651
VOLTAS,2026-01-21,1320.0,1331.3,1274.2,1290.6,868081
VOLTAS,2026-01-22,1304.0,1313.0,1274.9,1293.5,740297
VOLTAS,2026-01-23,1298.0,1363.0,1295.0,1315.4,1639531
VOLTAS,2026-01-27,1320.0,1343.4,1288.0,1330.6,879649
VOLTAS,2026-01-28,1341.0,1379.9,1333.6,1372.9,744898
VOLTAS,2026-01-29,1374.9,1374.9,1332.6,1349.1,712808
VOLTAS,2026-01-30,1341.4,1364.2,1280.0,1327.9,1448958
VOLTAS,2026-02-02,1297.4,1331.7,1270.0,1326.8,804266
VOLTAS,2026-02-03,1351.0,1387.0,1350.1,1366.9,885505
VOLTAS,2026-02-04,1368.4,1427.0,1360.2,1419.5,598049
VOLTAS,2026-02-05,1429.0,1434.2,1404.7,1426.8,392029
VOLTAS,2026-02-06,1420.0,1439.4,1404.1,1435.0,458866
VOLTAS,2026-02-09,1440.0,1506.0,1431.4,1502.9,769229
VOLTAS,2026-02-10,1510.0,1530.0,1459.3,1475.6,1416129
VOLTAS,2026-02-11,1482.8,1509.5,1472.3,1506.5,633002
VOLTAS,2026-02-12,1502.3,1546.8,1488.6,1535.8,1343371
VOLTAS,2026-02-13,1534.0,1534.0,1510.2,1525.4,534253
VOLTAS,2026-02-16,1530.0,1539.8,1517.4,1530.6,300771
VOLTAS,2026-02-17,1540.0,1540.0,1513.2,1529.7,444923
VOLTAS,2026-02-18,1534.9,1552.8,1519.6,1543.4,1073285
VOLTAS,2026-02-19,1551.0,1551.3,1504.0,1512.7,657967
VOLTAS,2026-02-20,1509.9,1550.9,1505.1,1546.9,935468
VOLTAS,2026-02-23,1548.1,1563.0,1529.7,1538.2,555656
VOLTAS,2026-02-24,1534.1,1555.0,1531.0,1538.0,927647
VOLTAS,2026-02-25,1548.0,1566.4,1513.1,1522.4,1200666
VOLTAS,2026-02-26,1533.0,1559.0,1521.0,1544.5,1229111
VOLTAS,2026-02-27,1550.0,1582.5,1534.2,1561.3,1650861
VOLTAS,2026-03-02,1521.0,1539.0,1482.7,1499.1,1419196
VOLTAS,2026-03-04,1470.1,1480.0,1430.0,1438.9,664840
VOLTAS,2026-03-05,1438.9,1498.0,1438.0,1485.3,821653
VOLTAS,2026-03-06,1480.0,1489.4,1460.2,1478.4,686869
VOLTAS,2026-03-09,1462.0,1469.7,1413.0,1436.5,1094929
VOLTAS,2026-03-10,1460.0,1472.0,1434.0,1448.9,415157
VOLTAS,2026-03-11,1455.0,1509.8,1453.2,1471.4,1149992
VOLTAS,2026-03-12,1469.0,1474.8,1420.0,1449.4,799532
VOLTAS,2026-03-13,1440.0,1448.9,1385.2,1414.2,1524789
VOLTAS,2026-03-16,1410.6,1421.6,1361.0,1406.4,814633
VOLTAS,2026-03-17,1419.0,1427.6,1396.5,1420.4,582855
VOLTAS,2026-03-18,1420.0,1448.0,1410.3,1422.6,441894
VOLTAS,2026-03-19,1400.0,1401.9,1341.4,1347.2,1242317
VOLTAS,2026-03-20,1353.0,1378.0,1318.4,1324.5,681533
VOLTAS,2026-03-23,1305.0,1305.0,1223.0,1251.2,1982017
VOLTAS,2026-03-24,1283.4,1309.9,1246.4,1302.1,1335206
VOLTAS,2026-03-25,1317.7,1381.0,1317.7,1368.8,1350940
VOLTAS,2026-03-27,1350.0,1359.0,1317.9,1322.6,1254069
VOLTAS,2026-03-30,1291.0,1313.5,1253.1,1272.8,1622222
VOLTAS,2026-04-01,1300.0,1310.4,1214.4,1249.7,2810600
VOLTAS,2026-04-02,1239.2,1241.4,1186.8,1235.4,2452341
VOLTAS,2026-04-06,1225.0,1256.6,1204.1,1252.0,1213038
VOLTAS,2026-04-07,1235.3,1245.2,1213.0,1220.2,1023903
VOLTAS,2026-04-08,1250.0,1278.0,1246.4,1264.8,1548576
VOLTAS,2026-04-09,1264.8,1291.7,1241.2,1283.9,2040449
VOLTAS,2026-04-10,1299.7,1319.0,1280.5,1315.6,1419604
VOLTAS,2026-04-13,1286.0,1368.0,1271.7,1361.6,2793680
VOLTAS,2026-04-15,1390.0,1412.8,1380.8,1402.2,1396462
VOLTAS,2026-04-16,1409.0,1432.1,1387.2,1408.8,1292882
VOLTAS,2026-04-17,1416.6,1447.8,1393.5,1440.1,1266294
VOLTAS,2026-04-20,1447.0,1476.5,1429.9,1438.0,1789507
VOLTAS,2026-04-21,1445.0,1468.6,1444.4,1457.2,1068169
VOLTAS,2026-04-22,1459.9,1503.5,1455.0,1481.6,865864
VOLTAS,2026-04-23,1476.0,1476.5,1429.6,1445.5,1043970
VOLTAS,2026-04-24,1452.9,1470.0,1431.9,1464.0,715448
VOLTAS,2026-04-27,1481.4,1529.9,1475.0,1515.0,1856047
VOLTAS,2026-04-28,1522.4,1533.7,1499.0,1511.1,1090853
VOLTAS,2026-04-29,1524.0,1537.9,1465.0,1474.8,793781
VOLTAS,2026-04-30,1470.0,1470.0,1418.2,1430.4,1259835
VOLTAS,2026-05-01,1430.4,1430.4,1430.4,1430.4,0
VOLTAS,2026-05-04,1445.2,1463.7,1413.3,1454.2,506557
VOLTAS,2026-05-05,1452.0,1453.0,1360.0,1375.9,2219827
VOLTAS,2026-05-06,1380.0,1385.9,1361.5,1379.6,747279
VOLTAS,2026-05-07,1389.0,1389.0,1352.3,1363.9,957521
VOLTAS,2026-05-08,1363.0,1363.0,1321.0,1324.8,1133112
VOLTAS,2026-05-11,1315.6,1322.5,1299.0,1306.5,632667
VOLTAS,2026-05-12,1316.0,1348.0,1265.6,1269.6,1087483
VOLTAS,2026-05-13,1269.6,1302.7,1255.0,1258.9,1049831
VOLTAS,2026-05-14,1262.9,1300.0,1245.6,1293.5,1154736
VOLTAS,2026-05-15,1280.2,1289.4,1224.6,1230.7,2400991
VOLTAS,2026-05-18,1205.7,1255.4,1198.6,1252.8,1502867
VOLTAS,2026-05-19,1252.8,1310.0,1251.0,1302.6,1272392
VOLTAS,2026-05-20,1294.1,1304.3,1284.3,1295.8,499899
VOLTAS,2026-05-21,1300.2,1311.5,1262.1,1273.5,1117551
VOLTAS,2026-05-22,1274.9,1281.0,1262.6,1268.1,832401
VOLTAS,2026-05-25,1281.0,1295.0,1276.3,1284.0,1052123
VOLTAS,2026-05-26,1285.1,1288.9,1263.6,1271.4,592885
VOLTAS,2026-05-27,1272.0,1284.9,1248.6,1261.8,849420
VOLTAS,2026-05-28,1261.8,1261.8,1261.8,1261.8,0
VOLTAS,2026-05-29,1262.0,1300.0,1232.2,1245.7,2960575
VOLTAS,2026-06-01,1255.0,1257.1,1224.0,1228.4,766252
VOLTAS,2026-06-02,1220.0,1244.3,1204.0,1240.4,1010910
VOLTAS,2026-06-03,1239.8,1241.4,1207.6,1235.0,562073
VOLTAS,2026-06-04,1224.0,1307.9,1218.0,1286.5,3317048
VOLTAS,2026-06-05,1290.7,1310.0,1288.3,1298.3,1415362
VOLTAS,2026-06-08,1280.0,1329.8,1266.0,1276.2,1530639
VOLTAS,2026-06-09,1278.8,1312.0,1278.8,1304.4,883516
VOLTAS,2026-06-10,1300.5,1318.7,1285.0,1290.0,578749
VOLTAS,2026-06-11,1285.0,1297.0,1272.0,1277.3,550616
VOLTAS,2026-06-12,1285.0,1305.0,1273.1,1285.4,548090
VOLTAS,2026-06-15,1310.0,1345.0,1301.0,1326.4,1855063
VOLTAS,2026-06-16,1328.7,1342.8,1318.8,1327.6,907947
VOLTAS,2026-06-17,1326.3,1381.8,1325.3,1352.9,1952284
VOLTAS,2026-06-18,1355.0,1370.4,1344.5,1357.6,1175325
VOLTAS,2026-06-19,1357.6,1366.7,1332.6,1343.4,987277
VOLTAS,2026-06-22,1384.0,1411.9,1349.4,1354.0,3287595
VOLTAS,2026-06-23,1354.0,1357.8,1309.1,1327.4,1505199
VOLTAS,2026-06-24,1325.0,1335.0,1302.1,1310.1,643567
VOLTAS,2026-06-25,1310.9,1330.6,1296.1,1302.4,618266
VOLTAS,2026-06-26,1302.4,1302.4,1302.4,1302.4,0
VOLTAS,2026-06-29,1303.2,1306.8,1280.4,1295.8,783912
VOLTAS,2026-06-30,1299.9,1300.0,1272.0,1277.6,733013
VOLTAS,2026-07-01,1290.0,1301.2,1272.7,1281.1,793050
VOLTAS,2026-07-02,1282.1,1299.4,1278.1,1290.6,494819
VOLTAS,2026-07-03,1295.5,1305.2,1275.0,1280.2,815500
VOLTAS,2026-07-06,1280.9,1302.0,1273.9,1284.5,1270330
VOLTAS,2026-07-07,1284.5,1298.0,1267.3,1288.0,1434744
VOLTAS,2026-07-08,1281.0,1284.0,1247.0,1253.6,1169679
VOLTAS,2026-07-09,1254.1,1276.6,1254.0,1269.4,1077385
VOLTAS,2026-07-10,1275.0,1290.0,1272.3,1286.7,487361
VOLTAS,2026-07-13,1285.0,1354.8,1273.4,1349.5,2093557
VOLTAS,2026-07-14,1346.7,1363.2,1329.1,1358.9,676554
VOLTAS,2026-07-15,1361.9,1384.2,1350.1,1377.4,671247
VOLTAS,2026-07-16,1377.9,1403.0,1369.3,1373.9,865613
VOLTAS,2026-07-17,1373.0,1378.9,1336.0,1342.4,353251
VOLTAS,2026-07-20,1328.5,1361.7,1326.8,1357.4,272364
VOLTAS,2026-07-21,1352.9,1368.7,1352.9,1359.2,273316
VOLTAS,2026-07-22,1357.0,1357.4,1300.0,1308.0,730962
VOLTAS,2026-07-23,1302.0,1321.7,1293.6,1310.2,430980
VOLTAS,2026-07-24,1303.4,1333.2,1291.0,1327.3,569448
VOLTAS,2026-07-27,1327.9,1340.4,1310.2,1319.3,314808
VOLTAS,2026-07-28,1312.0,1318.8,1295.5,1311.1,280794
VOLTAS,2026-07-29,1311.1,1321.7,1300.5,1313.3,322855
VOLTAS,2026-07-30,1316.7,1338.4,1297.5,1333.2,586337
VOLTAS,2026-07-31,1340.0,1353.8,1322.0,1328.9,748114
VOLTAS,2026-08-03,1328.9,1343.6,1315.0,1324.8,259054
VOLTAS,2026-08-04,1331.4,1358.0,1310.1,1327.7,511249
VOLTAS,2026-08-05,1329.0,1329.9,1297.2,1300.5,469461
VOLTAS,2026-08-06,1300.5,1314.9,1268.4,1275.0,598220
VOLTAS,2026-08-07,1275.0,1303.7,1271.9,1285.0,811972
